,,,,,,,,,,,,,,,,,,,,,,,,,,,,,,,,,,,,,,,,,,,,,,,,,,,,,,,,,,,,,,,,,,,,,,,,,,,,,,,,,,,,,,,,,,,,,,,,,,,,,,,,,,,,,,,,,,,,,,,,,,,,,,,,,,,,,,,,,,,,,,,,,,,,,,,,
"""Report"" for : ANDAMAN AND NICOBAR ISLANDS for year 2024-2025",,,,,,,,,,,,,,,,,,,,,,,,,,,,,,,,,,,,,,,,,,,,,,,,,,,,,,,,,,,,,,,,,,,,,,,,,,,,,,,,,,,,,,,,,,,,,,,,,,,,,,,,,,,,,,,,,,,,,,,,,,,,,,,,,,,,,,,,,,,,,,,,,,,,,,,,
Assessment Year,2024-2025,,,,,,,,,,,,,,,,,,,,,,,,,,,,,,,,,,,,,,,,,,,,,,,,,,,,,,,,,,,,,,,,,,,,,,,,,,,,,,,,,,,,,,,,,,,,,,,,,,,,,,,,,,,,,,,,,,,,,,,,,,,,,,,,,,,,,,,,,,,,,,,,,,,,,,,
Top View,DISTRICT,,,,,,,,,,,,,,,,,,,,,,,,,,,,,,,,,,,,,,,,,,,,,,,,,,,,,,,,,,,,,,,,,,,,,,,,,,,,,,,,,,,,,,,,,,,,,,,,,,,,,,,,,,,,,,,,,,,,,,,,,,,,,,,,,,,,,,,,,,,,,,,,,,,,,,,
View,admin,,,,,,,,,,,,,,,,,,,,,,,,,,,,,,,,,,,,,,,,,,,,,,,,,,,,,,,,,,,,,,,,,,,,,,,,,,,,,,,,,,,,,,,,,,,,,,,,,,,,,,,,,,,,,,,,,,,,,,,,,,,,,,,,,,,,,,,,,,,,,,,,,,,,,,,
Computation Type,normal,,,,,,,,,,,,,,,,,,,,,,,,,,,,,,,,,,,,,,,,,,,,,,,,,,,,,,,,,,,,,,,,,,,,,,,,,,,,,,,,,,,,,,,,,,,,,,,,,,,,,,,,,,,,,,,,,,,,,,,,,,,,,,,,,,,,,,,,,,,,,,,,,,,,,,,
,,,,,,,,,,,,,,,,,,,,,,,,,,,,,,,,,,,,,,,,,,,,,,,,,,,,,,,,,,,,,,,,,,,,,,,,,,,,,,,,,,,,,,,,,,,,,,,,,,,,,,,,,,,,,,,,,,,,,,,,,,,,,,,,,,,,,,,,,,,,,,,,,,,,,,,,
S.No,STATE,DISTRICT,ASSESSMENT UNIT,Rainfall (mm),,,,Total Geographical Area (ha),,,,,,Ground Water Recharge (ham),,,,,,,,,,,,,,,,,,,,,,,,,,,,,,,,,,,,Inflows and Outflows (ham),,,,,,,,,,,,,,,,,,,,,,,,,,,,,,,,Annual Ground water Recharge (ham),,,,Environmental Flows (ham),,,,Annual Extractable Ground water Resource (ham),,,,Ground Water Extraction for all uses (ha.m),,,,,,,,,,,,,,,,Stage of Ground Water Extraction (%),,,,Allocation of Ground Water Resource for Domestic Utilisation for projected year 2025 (ham),,,,Net Annual Ground Water Availability for Future Use (ham),,,,Quality Tagging,,,,,,Additional Potential Resources Under Specific Conditions(ham),,,Coastal Areas,,,,In-Storage Unconfined Ground Water Resources(ham),,Total Ground Water Availability in Unconfined Aquifier (ham),,Dynamic Confined Ground Water Resources(ham),,In-Storage Confined Ground Water Resources(ham),,Total Confined Ground Water Resources (ham),,Dynamic Semi Confined Ground Water Resources (ham),,In-Storage Semi Confined Ground Water Resources (ham),,Total Semi-Confined Ground Water Resources (ham),,Total Ground Water Availability in the area (ham),
,,,,,,,,Recharge Worthy Area (ha),,,,Hilly Area,Total,Rainfall Recharge,,,,Canals,,,,Surface Water Irrigation,,,,Ground Water Irrigation,,,,Tanks and Ponds,,,,Water Conservation Structure,,,,Pipelines,,,,Sewages and Flash Flood Channels,,,,C,NC,PQ,Total,Base Flow,,,,Stream Recharges,,,,Lateral Flows,,,,Vertical Flows,,,,Evaporation,,,,Transpiration,,,,Evapotranspiration,,,,C,NC,PQ,Total,,,,,,,,,,,,,Domestic,,,,Industrial,,,,Irrigation,,,,C,NC,PQ,Total,,,,,,,,,,,,,Major Parameter Present,,,Other Parameters Present,,,,,,,,,,,,,,,,,,,,,,,,,,,
,,,,C,NC,PQ,Total,C,NC,PQ,Total,,,C,NC,PQ,Total,C,NC,PQ,Total,C,NC,PQ,Total,C,NC,PQ,Total,C,NC,PQ,Total,C,NC,PQ,Total,C,NC,PQ,Total,C,NC,PQ,Total,,,,,C,NC,PQ,Total,C,NC,PQ,Total,C,NC,PQ,Total,C,NC,PQ,Total,C,NC,PQ,Total,C,NC,PQ,Total,C,NC,PQ,Total,,,,,C,NC,PQ,Total,C,NC,PQ,Total,C,NC,PQ,Total,C,NC,PQ,Total,C,NC,PQ,Total,C,NC,PQ,Total,,,,,C,NC,PQ,Total,C,NC,PQ,Total,C,NC,PQ,Total,C,NC,PQ,C,NC,PQ,Waterlogged and shallow water Table,Flood Prone,Spring Discharge,C,NC,PQ,Total,Fresh,Saline,Fresh,Saline,Fresh,Saline,Fresh,Saline,Fresh,Saline,Fresh,Saline,Fresh,Saline,Fresh,Saline,Fresh,Saline
,,,,,,,,,,,,,,,,,,,,,,,,,,,,,,,,,,,,,,,,,,,,,,,,,,,,,,,,,,,,,,,,,,,,,,,,,,,,,,,,,,,,,,,,,,,,,,,,,,,,,,,,,,,,,,,,,,,,,,,,,,,,,,,,,,,,,,,,,,,,,,,,,,,,,,,,
1,ANDAMAN AND NICOBAR ISLANDS,N & M ANDAMAN,,0,3016,0,3016,0,58040,0,58040,286106,344146,0,16376,0,16376,0,,0,0,0,0,0,0,0,0,0,0,0,152,0,152,0,0,0,0,,,,,,,,,0,16528,0,16528,,,,,,,,,,,,0,,,,0,0,0,0,0,0,0,0,0,0,0,0,0,0,0,0,0,0,16528,0,16528,0,1653,0,1653,0,14875,0,14875,,262,,262,,83,,83,,1,,1,,346,,346,,2,,2,0,269,0,269,0,14522,0,14522,,,,,,,0,0,0,,,,,0,0,14875,0,0,,0,,0,,,,,,,,14875,0
2,ANDAMAN AND NICOBAR ISLANDS,NICOBAR,,0,2805,2805,2805,0,37247,828,38075,156091,194166,0,10996,348,11345,0,,0,0,0,0,0,0,0,0,0,0,0,16,0,16,0,0,0,0,,,,,,,,,0,11012,348,11361,,,,,,,,,,,,0,,,,0,0,0,0,0,0,0,0,0,0,0,0,0,0,0,0,0,0,11012,348,11361,0,1101,35,1136,0,9911,314,10225,,88,3,91,,1,0,1,,0,0,0,,89,3,93,,1,1,1,0,91,3,91,0,9819,310,9819,,,,,,,0,0,0,,,,,0,0,9911,314,0,,0,,0,,,,,,,,9911,314
3,ANDAMAN AND NICOBAR ISLANDS,SOUTH ANDAMAN,,0,3016,0,3016,0,31524,0,31524,215321,246845,0,10777,0,10777,0,,0,0,0,0,0,0,0,0,0,0,0,20,0,20,0,0,0,0,,,,,,,,,0,10798,0,10798,,,,,,,,,,,,0,,,,0,0,0,0,0,0,0,0,0,0,0,0,0,0,0,0,0,0,10798,0,10798,0,1080,0,1080,0,9718,0,9718,,323,,323,,14,,14,,11,,11,,347,,347,,4,,4,0,332,0,332,0,9362,0,9362,,,,,,,0,0,0,,,,,0,0,9718,0,0,,0,,0,,,,,,,,9718,0
4,ANDHRA PRADESH,Alluri Sitharama Raju,,0,1258,0,1258,0,639235,0,639235,586108,1225342,0,46194,0,46194,,,,,0,3292,0,3292,0,16,0,16,,68,,68,,3187,,3187,,,,,,,,,0,52756,0,52756,,,,,,,,,,,,0,,,,0,,,,,,,,,,,,,,,,0,0,52756,0,52756,0,2638,0,2638,0,50118,0,50118,,1580,,1580,,0,,0,,566,,566,,2146,,2146,,4,,4,0,2173,0,2173,0,47784,0,47784,,,,,,,,,,,,,,0,0,50118,0,0,,0,,0,,,,,,,,50118,0
5,ANDHRA PRADESH,Anakapalli,,1206,1176,0,1183,73066,273415,0,346481,82764,429245,6896,28297,0,35193,2016,,,2016,8920,17037,0,25958,968,2253,0,3222,515,1525,0,2040,1332,3124,,4456,,,,,,,,,20660,52237,0,72897,,,,,,,,,,,,0,,,,0,,,,,,,,,,,,,,,,0,20660,52237,0,72897,1033,2612,0,3645,19627,49625,0,69252,1098,3860,,4958,78,411,,489,4410,11866,,16277,5586,16138,,21724,28,33,,31,1954,6209,0,8163,13485,31575,0,45061,,,,,,,,,,,,,,1247986,0,1317239,0,0,,0,,0,,,,,,,,1317239,0
6,ANDHRA PRADESH,Ananthapuramu,,514,515,0,515,243887,702592,0,946479,97832,1044311,10732,31577,0,42309,8480,,0,8480,6520,867,0,7388,3103,5318,0,8421,1810,3681,0,5492,13059,40972,0,54031,,,,,,,,,43705,82415,0,126120,,,,,,,,,,,,0,,,,0,,,,,,,,,,,,,,,,0,43705,82415,0,126120,2185,4121,0,6306,41519,78295,0,119814,851,2616,,3467,61,666,,727,11161,26464,,37625,12073,29746,,41819,29,38,,35,851,2616,0,3467,29526,49382,0,78908,,,,,,,,,,,,,,0,0,119814,0,0,,0,,0,,,,,,,,119814,0
7,ANDHRA PRADESH,Annamayya,,732,752,0,748,112199,553867,0,666066,128462,794528,7353,40177,0,47530,29,,,29,74,955,0,1029,1162,7072,0,8234,1717,6765,0,8481,2565,21525,0,24089,,,,,,,,,12899,76494,0,89393,,,,,,,,,,,,0,,,,0,,,,,,,,,,,,,,,,0,12899,76494,0,89393,645,3825,0,4470,12254,72669,0,84923,612,3213,,3826,0,138,,138,4391,24895,,29286,5004,28246,,33250,41,39,,39,727,3813,0,4540,7188,44299,0,51486,,,,,,,,,,,,,,0,0,84923,0,0,,0,,0,,,,,,,,84923,0
8,ANDHRA PRADESH,Bapatla,,811,797,861,827,238962,17931,123225,380118,2767,382885,20662,1946,9055,31662,9235,,556,9791,29737,386,21326,51449,3523,47,0,3570,933,6,0,939,5871,312,675,6858,,,,,,,,,69962,2697,31611,104269,,,,,,,,,,,,0,,,,0,,,,,,,,,,,,,,,,0,69962,2697,31611,104269,3498,135,1581,5214,66464,2562,30030,99056,2056,126,204,2387,64,0,0,64,15322,189,0,15512,17442,316,204,17963,26,12,1,26,2440,150,243,2590,49017,2222,29788,51239,,,,,,,,,,,,,,722005,246755,791031,276786,0,,0,,0,,,,,,,,791031,276786
9,ANDHRA PRADESH,Chittoor,,1068,905,0,906,3079,597372,0,600451,85448,685899,321,53331,0,53652,,,,,39,432,0,471,141,11067,0,11208,72,7522,,7593,234,9869,,10103,,,,,,,,,806,82220,0,83026,,,,,,,,,,,,0,,,,0,,,,,,,,,,,,,,,,0,806,82220,0,83026,40,4111,0,4151,766,78109,0,78875,39,4248,,4287,4,1409,,1413,442,37363,,37805,485,43020,,43505,63,55,,55,53,6158,0,6211,274,35372,0,35646,,,,,,,,,,,,,,3225231,0,3304106,0,0,,0,,0,,,,,,,,3304106,0
10,ANDHRA PRADESH,East Godavari,,1168,1121,0,1145,127679,126873,0,254553,3082,257635,15046,13253,0,28299,14268,,0,14268,34067,10383,0,44450,4545,2992,0,7536,10555,5056,,15611,911,1809,0,2720,,,,,,,,,79391,33492,0,112883,,,,,,,,,,,,0,,,,0,,,,,,,,,,,,,,,,0,79391,33492,0,112883,3970,1675,0,5644,75421,31818,0,107239,942,1374,,2316,985,328,,1313,17683,14939,,32622,19610,16640,,36251,26,52,,34,1146,1666,0,2811,56168,15646,0,71815,,,,,,,,,,,,,,0,0,107239,0,0,,0,,0,,,,,,,,107239,0
11,ANDHRA PRADESH,Eluru,,1047,1112,967,1079,135041,427670,86479,649190,10632,659822,15989,41487,9781,67257,11520,,,11520,20659,12908,13275,46842,1519,8451,12,9982,1831,20097,2205,24133,2221,7441,1962,11624,,,,,,,,,53738,90384,27235,171357,,,,,,,,,,,,0,,,,0,,,,,,,,,,,,,,,,0,53738,90384,27235,171357,2687,4519,1362,8568,51051,85864,25873,162789,3325,6870,0,10195,103,399,15,517,4824,32185,25,37034,8252,39454,40,47745,16,46,0,35,3819,8054,0,11873,42918,46630,25834,89549,,,,,,,,,,,,,,4299127,767183,4436043,793057,0,,0,,0,,,,,,,,4436043,793057
12,ANDHRA PRADESH,Guntur,,905,995,876,895,155475,574,86284,242333,2971,245304,14676,22,6191,20890,13416,,1064,14480,22337,0,4132,26469,1895,0,0,1895,627,0,133,760,475,0,,475,,,,,,,,,53427,22,11521,64970,,,,,,,,,,,,0,,,,0,,,,,,,,,,,,,,,,0,53427,22,11521,64970,2671,1,576,3248,50755,21,10945,61721,2583,0,5,2589,230,0,0,230,7889,0,40,7929,10702,0,45,10747,21,0,0,21,3065,0,10,3065,39572,21,10895,39593,,,,,,,,,,,,,,425280,368173,476057,379118,0,,0,,0,,,,,,,,476057,379118
13,ANDHRA PRADESH,Kakinada,,1053,1016,1317,1104,169715,56262,62940,288917,13063,301980,15200,3707,5925,24832,14319,,3811,18130,57590,15166,21257,94013,2258,584,114,2955,1732,843,0,2575,1083,2010,243,3336,,,,,,,,,92181,22309,31351,145841,,,,,,,,,,,,0,,,,0,,,,,,,,,,,,,,,,0,92181,22309,31351,145841,4609,1116,1568,7292,87572,21194,29783,138549,1605,298,253,2156,1800,217,2550,4568,10884,3609,1185,15677,14288,4124,3989,22401,16,19,13,17,1896,354,301,2250,73011,17082,25747,90093,,,,,,,,,,,,,,0,0,108766,29783,0,,0,,0,,,,,,,,108766,29783
14,ANDHRA PRADESH,Konaseema,,1258,0,1386,1305,132007,0,75988,207995,101,208096,19457,0,12602,32058,26537,,6482,33019,59403,0,14977,74380,1625,0,0,1625,433,0,0,433,206,,198,404,,,,,,,,,107661,0,34258,141919,,,,,,,,,,,,0,,,,0,,,,,,,,,,,,,,,,0,107661,0,34258,141919,5383,0,1713,7096,102277,0,32545,134822,1310,,0,1310,50,,14,64,9393,,0,9393,10753,,14,10767,11,,0,11,1557,0,0,1557,91277,0,32531,91277,,,,,,,,,,,,,,0,0,102277,32545,0,,0,,0,,,,,,,,102277,32545
15,ANDHRA PRADESH,Krishna,,1020,0,1094,1057,193506,0,194550,388056,0,388056,28925,0,24496,53422,53809,,611,54420,59356,0,32095,91450,8032,0,6,8038,379,0,12,391,8579,0,1118,9697,,,,,,,,,159080,0,58339,217419,,,,,,,,,,,,0,,,,0,,,,,,,,,,,,,,,,0,159080,0,58339,217419,7954,0,2917,10871,151126,0,55422,206548,2033,,221,2254,1035,,0,1035,45310,,402,45712,48378,,622,49000,32,,1,32,2838,0,246,2838,101943,0,54776,101943,,,,,,,,,,,,,,1050914,1220026,1202040,1275448,0,,0,,0,,,,,,,,1202040,1275448
16,ANDHRA PRADESH,Kurnool,,616,608,0,610,208257,543990,0,752247,45494,797741,11039,27696,0,38735,8628,,0,8628,6538,5235,0,11773,1091,1855,0,2946,156,1712,0,1868,742,3381,,4123,,,,,,,,,28193,39879,0,68073,,,,,,,,,,,,0,,,,0,,,,,,,,,,,,,,,,0,28193,39879,0,68073,1410,1994,0,3404,26784,37885,0,64669,1631,3956,,5587,7,64,,71,5268,8807,,14075,6906,12827,,19733,26,34,,31,1854,4495,0,6349,19674,24879,0,44553,,,,,,,,,,,,,,0,0,64669,0,0,,0,,0,,,,,,,,64669,0
17,ANDHRA PRADESH,NTR,,1035,982,0,1032,289250,17069,0,306319,11805,318124,20942,1095,0,22037,14397,,,14397,20635,336,0,20971,6450,269,0,6719,2208,89,,2297,6539,344,,6883,,,,,,,,,71172,2133,0,73305,,,,,,,,,,,,0,,,,0,,,,,,,,,,,,,,,,0,71172,2133,0,73305,3559,107,0,3665,67613,2026,0,69639,2351,89,,2440,1129,89,,1218,20212,894,,21105,23692,1071,,24763,35,53,,36,2459,98,0,2557,43979,959,0,44937,,,,,,,,,,,,,,0,0,69639,0,0,,0,,0,,,,,,,,69639,0
18,ANDHRA PRADESH,Nandyal,,736,694,0,716,367930,338252,0,706182,262433,968615,13044,9750,0,22795,1953,,,1953,49252,4937,0,54189,2057,1306,0,3364,10156,4406,,14562,3839,5676,,9515,,,,,,,,,80301,26076,0,106377,,,,,,,,,,,,0,,,,0,,,,,,,,,,,,,,,,0,80301,26076,0,106377,4015,1304,0,5319,76285,24772,0,101058,369,137,,505,65,63,,128,6799,5360,,12159,7232,5560,,12792,9,22,,13,369,137,0,506,69054,19212,0,88266,,,,,,,,,,,,,,0,0,101058,0,0,,0,,0,,,,,,,,101058,0
19,ANDHRA PRADESH,Palnadu,,774,735,553,751,434051,180401,37205,651656,78467,730124,19439,7693,1084,28215,7303,,63,7366,53936,3643,18,57597,6182,2128,54,8364,2158,377,32,2566,8374,1274,741,10388,,,,,,,,,97391,15114,1992,114497,,,,,,,,,,,,0,,,,0,,,,,,,,,,,,,,,,0,97391,15114,1992,114497,4870,756,100,5725,92521,14358,1892,108772,3520,822,179,4520,60,6,0,66,23722,11970,285,35978,27302,12798,464,40564,30,89,25,38,3916,914,199,4830,65062,5353,1418,70416,,,,,,,,,,,,,,1522220,116087,1629099,117980,0,,0,,0,,,,,,,,1629099,117980
20,ANDHRA PRADESH,Parvathipuram Manyam,,1140,1176,0,1168,63378,231504,0,294881,119995,414876,7539,25469,0,33007,745,,0,745,6339,11938,0,18277,1556,3519,0,5075,22177,7951,0,30128,1161,5509,0,6670,,,,,,,,,39516,54387,0,93903,,,,,,,,,,,,0,,,,0,,,,,,,,,,,,,,,,0,39516,54387,0,93903,1976,2719,0,4695,37540,51668,0,89208,309,1458,,1767,1,12,,13,5960,14767,,20728,6270,16237,,22508,17,31,,25,531,1846,0,2377,31209,36709,0,67917,,,,,,,,,,,,,,0,0,89208,0,0,,0,,0,,,,,,,,89208,0
21,ANDHRA PRADESH,Prakasam,,789,789,828,790,280306,820238,30685,1131229,293771,1425000,17239,46828,2529,66596,955,,155,1110,2510,0,64,2574,1137,2923,74,4133,1951,6104,173,8227,4967,13209,291,18466,,,,,,,,,28758,69064,3285,101107,,,,,,,,,,,,0,,,,0,,,,,,,,,,,,,,,,0,28758,69064,3285,101107,1438,3453,164,5056,27320,65610,3121,96051,1307,3451,112,4870,422,88,0,510,11364,30042,691,42096,13093,33581,803,47477,48,51,26,50,1495,3941,132,5436,16019,38706,2723,54724,,,,,,,,,,,,,,5543723,205122,5636653,208242,0,,0,,0,,,,,,,,5636653,208242
22,ANDHRA PRADESH,Sri Potti Sriramulu Nellore,,1081,1018,0,1040,345599,649727,0,995326,50358,1045685,35500,56289,0,91789,11238,,,11238,45309,13473,0,58783,7284,7426,0,14710,4894,7055,2,11951,247,1633,0,1880,,,,,,,,,104472,85877,2,190351,,,,,,,,,,,,0,,,,0,,,,,,,,,,,,,,,,0,104472,85877,2,190351,5224,4294,0,9518,99249,81583,2,180833,3915,1772,,5687,571,535,,1106,19724,17620,,37344,24210,19927,,44137,24,24,,24,5146,2793,0,7940,76167,60745,2,136912,,,,,,,,,,,,,,1728433,0,1909264,2,0,,0,,0,,,,,,,,1909264,2
23,ANDHRA PRADESH,Sri Sathya Sai,,0,590,0,590,0,763624,0,763624,105065,868689,0,43716,0,43716,8668,,0,8668,0,386,0,386,0,15462,0,15462,,10235,,10235,,46892,,46892,,,,,,,,,8668,116691,0,125359,,,,,,,,,,,,0,,,,0,,,,,,,,,,,,,,,,0,8668,116691,0,125359,433,5835,0,6268,8234,110857,0,119091,,8914,,8914,,137,,137,,59351,,59351,,68401,,68401,,62,,57,0,12703,0,12703,8234,48320,0,56554,,,,,,,,,,,,,,1988549,0,2107640,0,0,,0,,0,,,,,,,,2107640,0
24,ANDHRA PRADESH,Srikakulam,,1122,1186,1215,1170,115520,325360,7510,448389,10898,459287,11610,25966,782,38358,13871,,80,13951,15259,14401,0,29660,1591,5623,0,7214,2244,6104,0,8348,1737,2410,,4147,,,,,,,,,46312,54503,862,101677,,,,,,,,,,,,0,,,,0,,,,,,,,,,,,,,,,0,46312,54503,862,101677,2316,2726,43,5084,43996,51778,819,96593,1851,5070,0,6921,10,360,0,370,7457,20147,0,27604,9319,25576,0,34894,21,49,0,36,2276,6941,0,9217,34858,29758,819,64615,,,,,,,,,,,,,,0,0,95774,819,0,,0,,0,,,,,,,,95774,819
25,ANDHRA PRADESH,Tirupati,,1156,1059,1213,1066,53098,708836,597,762531,60409,822940,5378,76914,115,82408,541,,0,541,198,23414,0,23612,922,16484,0,17406,1557,13818,9083,24458,1969,19755,0,21724,,,,,,,,,10565,150387,9198,170150,,,,,,,,,,,,0,,,,0,,,,,,,,,,,,,,,,0,10565,150387,9198,170150,528,7520,460,8508,10037,142867,8738,161642,174,3643,0,3817,182,1334,0,1515,3617,46734,0,50352,3973,51711,0,55684,40,36,0,36,465,9842,0,10307,5948,91329,8738,97278,,,,,,,,,,,,,,3670550,4430,3823454,13168,0,,0,,0,,,,,,,,3823454,13168
26,ANDHRA PRADESH,Visakhapatnam,,0,1141,0,1141,0,100167,0,100167,0,100167,0,7347,0,7347,,,,,0,3527,0,3527,0,736,0,736,0,471,0,471,0,992,0,992,,,,,,,,,0,13072,0,13072,,,,,,,,,,,,0,,,,0,,,,,,,,,,,,,,,,0,0,13072,0,13072,0,654,0,654,0,12419,0,12419,,2494,,2494,,58,,58,,2893,,2893,,5446,,5446,,44,,44,0,4155,0,4155,0,6033,0,6033,,,,,,,,,,,,,,748566,0,760985,0,0,,0,,0,,,,,,,,760985,0
27,ANDHRA PRADESH,Vizianagaram,,1091,1117,0,1110,114340,286839,0,401179,11741,412920,7443,19691,0,27134,6447,,50,6497,15241,11208,0,26449,2952,5427,0,8379,41094,16787,0,57882,3038,14195,,17233,,,,,,,,,76215,67308,50,143573,,,,,,,,,,,,0,,,,0,,,,,,,,,,,,,,,,0,76215,67308,50,143573,3811,3366,3,7179,72404,63942,48,136394,517,1357,,1874,75,40,,115,11132,24058,,35190,11724,25455,,37179,16,40,,27,517,1357,0,1874,61485,39981,48,101466,,,,,,,,,,,,,,2008522,0,2144868,48,0,,0,,0,,,,,,,,2144868,48
28,ANDHRA PRADESH,West Godavari,,1139,964,1126,1117,52492,16579,158766,227837,0,227837,8958,2535,27764,39257,2371,,2651,5023,36689,169,56325,93184,593,168,0,761,0,269,0,269,66,15,462,543,,,,,,,,,48678,3157,87203,139037,,,,,,,,,,,,0,,,,0,,,,,,,,,,,,,,,,0,48678,3157,87203,139037,2434,158,4360,6952,46244,2999,82842,132085,781,256,0,1038,71,3,80,154,2788,982,321,4091,3640,1241,401,5282,8,41,0,10,899,295,0,1195,42485,1719,82441,44204,,,,,,,,,,,,,,0,0,49243,82842,0,,0,,0,,,,,,,,49243,82842
29,ANDHRA PRADESH,Y.S.R Kadapa,,680,696,0,685,582868,297940,0,880808,241810,1122618,36551,18366,0,54917,15935,,,15935,5133,250,0,5383,5307,3120,0,8427,2348,423,0,2771,13883,6335,,20218,,,,,,,,,79157,28494,0,107651,,,,,,,,,,,,0,,,,0,,,,,,,,,,,,,,,,0,79157,28494,0,107651,3958,1425,0,5383,75199,27069,0,102268,5407,2728,,8135,372,56,,428,19096,11132,,30228,24875,13916,,38791,33,51,,38,5407,2728,0,8135,50647,13825,0,64473,,,,,,,,,,,,,,7656816,0,7759084,0,0,,0,,0,,,,,,,,7759084,0
30,ARUNACHAL PRADESH,ANJAW,,0,0,0,0,0,0,0,0,619000,619000,0,0,0,0,,,,,0,0,0,0,0,0,0,0,,,,,,,,,,,,,,,,,0,0,0,0,,,,,,,,,,,,0,,,,0,0,0,0,0,0,0,0,0,0,0,0,0,0,0,0,0,0,0,0,0,0,0,0,0,0,0,0,0,,,,0,,,,0,,,,0,,,,,,,,,0,0,0,0,0,0,0,0,,,,,,,0,0,0,,,,,0,0,0,0,0,,0,,0,,,,,,,,0,0
31,ARUNACHAL PRADESH,CHANGLANG,,0,2223,0,2223,0,53000,0,53000,413200,466200,0,19742,0,19742,,,,,0,10336,0,10336,0,29,0,29,,,,,,,,,,,,,,,,,0,30108,0,30108,,,,,,,,,,,,0,,,,0,0,0,0,0,0,0,0,0,0,0,0,0,0,0,0,0,0,30108,0,30108,0,3011,0,3011,0,27097,0,27097,,183,,183,,0,,0,,65,,65,,248,,248,,1,,1,0,226,0,226,0,26806,0,26806,,,,,,,1933,1347,0,,,,,0,0,27097,0,0,,0,,0,,,,,,,,27097,0
32,ARUNACHAL PRADESH,DIBANG VALLEY,,0,0,0,0,0,0,0,0,912900,912900,0,0,0,0,,,,,0,0,0,0,0,0,0,0,,,,,,,,,,,,,,,,,0,0,0,0,,,,,,,,,,,,0,,,,0,0,0,0,0,0,0,0,0,0,0,0,0,0,0,0,0,0,0,0,0,0,0,0,0,0,0,0,0,,,,0,,,,0,,,,0,,,,,,,,,0,0,0,0,0,0,0,0,,,,,,,0,0,0,,,,,0,0,0,0,0,,0,,0,,,,,,,,0,0
33,ARUNACHAL PRADESH,EAST KAMENG,,0,2026,0,2026,0,31250,0,31250,382150,413400,0,11145,0,11145,,,,,0,6383,0,6383,0,32,0,32,,,,,,6,,6,,,,,,,,,0,17566,0,17566,,,,,,,,,,,,0,,,,0,0,0,0,0,0,0,0,0,0,0,0,0,0,0,0,0,0,17566,0,17566,0,1757,0,1757,0,15809,0,15809,,15,,15,,0,,0,,94,,94,,109,,109,,1,,1,0,24,0,24,0,15692,0,15692,,,,,,,0,621,0,,,,,0,0,15809,0,0,,0,,0,,,,,,,,15809,0
34,ARUNACHAL PRADESH,EAST SIANG,,0,4399,0,4399,0,110100,0,110100,250200,360300,0,70297,0,70297,,,,,0,9925,0,9925,0,40,0,40,,,,,,5,,5,,,,,,,,,0,80266,0,80266,,,,,,,,,,,,0,,,,0,0,0,0,0,0,255,0,255,0,0,0,0,0,-255,0,-255,0,80012,0,80012,0,8027,0,8027,0,71985,0,71985,,64,,64,,4,,4,,110,,110,,179,,179,,0,,0,0,75,0,75,0,71795,0,71795,,,,,,,3734,749,0,,,,,0,0,71985,0,0,,0,,0,,,,,,,,71985,0
35,ARUNACHAL PRADESH,KURUNG KUMEY,,0,0,0,0,0,0,0,0,604000,604000,0,0,0,0,,,,,0,0,0,0,0,0,0,0,,,,,,,,,,,,,,,,,0,0,0,0,,,,,,,,,,,,0,,,,0,0,0,0,0,0,0,0,0,0,0,0,0,0,0,0,0,0,0,0,0,0,0,0,0,0,0,0,0,,,,0,,,,0,,,,0,,,,,,,,,0,0,0,0,0,0,0,0,,,,,,,0,0,0,,,,,0,0,0,0,0,,0,,0,,,,,,,,0,0
36,ARUNACHAL PRADESH,LOHIT,,0,2998,0,2998,0,200000,0,200000,321200,521200,0,105537,0,105537,,,,,0,17398,0,17398,0,15,0,15,,,,,,,,,,,,,,,,,0,122950,0,122950,,,,,,,,,,,,0,,,,0,0,0,0,0,0,1278,0,1278,0,0,0,0,0,-1278,0,-1278,0,121672,0,121672,0,12295,0,12295,0,109377,0,109377,,231,,231,,8,,8,,34,,34,,274,,274,,0,,0,0,279,0,279,0,109055,0,109055,,,,,,,9791,0,0,,,,,0,0,109377,0,0,,0,,0,,,,,,,,109377,0
37,ARUNACHAL PRADESH,LOWER DIBANG VALLEY,,0,3996,0,3996,0,120000,0,120000,270000,390000,0,77316,0,77316,,,,,0,2236,0,2236,0,74,0,74,,,,,,,,,,,,,,,,,0,79625,0,79625,,,,,,,,,,,,0,,,,0,0,0,0,0,0,0,0,0,0,0,0,0,0,0,0,0,0,79625,0,79625,0,7963,0,7963,0,71663,0,71663,,32,,32,,0,,0,,217,,217,,248,,248,,0,,0,0,34,0,34,0,71412,0,71412,,,,,,,0,1520,0,,,,,0,0,71663,0,0,,0,,0,,,,,,,,71663,0
38,ARUNACHAL PRADESH,LOWER SUBANSIRI,,0,1444,0,1444,0,10135,0,10135,340665,350800,0,2643,0,2643,,,,,0,2591,0,2591,0,7,0,7,,,,,,,,,,,,,,,,,0,5241,0,5241,,,,,,,,,,,,0,,,,0,0,0,0,0,0,232,0,232,0,0,0,0,0,-232,0,-232,0,5010,0,5010,0,524,0,524,0,4486,0,4486,,23,,23,,0,,0,,17,,17,,40,,40,,1,,1,0,43,0,43,0,4426,0,4426,,,,,,,8165,0,0,,,,,0,0,4486,0,0,,0,,0,,,,,,,,4486,0
39,ARUNACHAL PRADESH,PAPUM PARE,,0,3200,0,3200,0,17819,0,17819,328381,346200,0,9018,0,9018,,,,,0,3283,0,3283,0,6,0,6,,,,,,,,,,,,,,,,,0,12307,0,12307,,,,,,,,,,,,0,,,,0,0,325,0,325,0,1158,0,1158,0,0,0,0,0,-1483,0,-1483,0,10824,0,10824,0,1231,0,1231,0,9593,0,9593,,108,,108,,25,,25,,15,,15,,149,,149,,2,,2,0,191,0,191,0,9362,0,9362,,,,,,,6968,386,0,,,,,0,0,9593,0,0,,0,,0,,,,,,,,9593,0
40,ARUNACHAL PRADESH,TAWANG,,0,0,0,0,0,0,0,0,217200,217200,0,0,0,0,,,,,0,0,0,0,0,0,0,0,,,,,,,,,,,,,,,,,0,0,0,0,,,,,,,,,,,,0,,,,0,0,0,0,0,0,0,0,0,0,0,0,0,0,0,0,0,0,0,0,0,0,0,0,0,0,0,0,0,,,,0,,,,0,,,,0,,,,,,,,,0,0,0,0,0,0,0,0,,,,,,,0,0,0,,,,,0,0,0,0,0,,0,,0,,,,,,,,0,0
41,ARUNACHAL PRADESH,TIRAP,,0,2907,0,2907,0,12500,0,12500,223700,236200,0,6396,0,6396,,,,,0,2269,0,2269,0,2,0,2,,1,,1,,0,,0,,,,,,,,,0,8669,0,8669,,,,,,,,,,,,0,,,,0,0,0,0,0,0,0,0,0,0,0,0,0,0,0,0,0,0,8669,0,8669,0,867,0,867,0,7802,0,7802,,49,,49,,0,,0,,6,,6,,56,,56,,1,,1,0,56,0,56,0,7740,0,7740,,,,,,,102,134,0,,,,,0,0,7802,0,0,,0,,0,,,,,,,,7802,0
42,ARUNACHAL PRADESH,UPPER SIANG,,0,0,0,0,0,0,0,0,659000,659000,0,0,0,0,,,,,0,0,0,0,0,0,0,0,,,,,,,,,,,,,,,,,0,0,0,0,,,,,,,,,,,,0,,,,0,0,0,0,0,0,0,0,0,0,0,0,0,0,0,0,0,0,0,0,0,0,0,0,0,0,0,0,0,,,,0,,,,0,,,,0,,,,,,,,,0,0,0,0,0,0,0,0,,,,,,,0,0,0,,,,,0,0,0,0,0,,0,,0,,,,,,,,0,0
43,ARUNACHAL PRADESH,UPPER SUBANSIRI,,0,1735,0,1735,0,700,0,700,702500,703200,0,214,0,214,,,,,0,2480,0,2480,0,6,0,6,,,,,,,,,,,,,,,,,0,2700,0,2700,,,,,,,,,,,,0,,,,0,0,0,0,0,0,0,0,0,0,0,0,0,0,0,0,0,0,2700,0,2700,0,270,0,270,0,2430,0,2430,,4,,4,,1,,1,,17,,17,,21,,21,,1,,1,0,7,0,7,0,2405,0,2405,,,,,,,0,0,0,,,,,0,0,2430,0,0,,0,,0,,,,,,,,2430,0
44,ARUNACHAL PRADESH,WEST KAMENG,,0,2389,0,2389,0,6175,0,6175,736025,742200,0,2596,0,2596,,,,,0,756,0,756,0,1,0,1,,,,,,0,,0,,,,,,,,,0,3352,0,3352,,,,,,,,,,,,0,,,,0,0,0,0,0,0,0,0,0,0,0,0,0,0,0,0,0,0,3352,0,3352,0,335,0,335,0,3017,0,3017,,12,,12,,0,,0,,2,,2,,13,,13,,0,,0,0,13,0,13,0,3002,0,3002,,,,,,,0,4,0,,,,,0,0,3017,0,0,,0,,0,,,,,,,,3017,0
45,ARUNACHAL PRADESH,WEST SIANG,,0,2892,0,2892,0,10459,0,10459,822041,832500,0,5323,0,5323,,,,,0,874,0,874,0,2,0,2,,,,,,1,,1,,,,,,,,,0,6200,0,6200,,,,,,,,,,,,0,,,,0,0,0,0,0,0,0,0,0,0,0,0,0,0,0,0,0,0,6200,0,6200,0,620,0,620,0,5580,0,5580,,2,,2,,1,,1,,4,,4,,8,,8,,0,,0,0,3,0,3,0,5571,0,5571,,,,,,,0,3,0,,,,,0,0,5580,0,0,,0,,0,,,,,,,,5580,0
46,ASSAM,BAKSA,,0,3275,0,3275,0,244873,0,244873,1383,246256,0,125521,0,125521,,,,,0,9555,0,9555,0,971,0,971,,3924,,3924,,,,,,,,,,,,,0,139970,0,139970,,,,,,,,,,,,0,,,,0,0,0,0,0,0,2423,0,2423,0,0,0,0,0,-2423,0,-2423,0,137547,0,137547,0,12987,0,12987,0,124559,0,124559,,2014,,2014,,3,,3,,2464,,2464,,4481,,4481,,4,,4,0,2273,0,2273,0,119819,0,119819,,,,,,,,,,,,,,1800731,0,1925290,0,0,,0,,0,,,,,,,,1925290,0
47,ASSAM,BARPETA,,0,2052,0,2052,0,227056,0,227056,1144,228200,0,79512,0,79512,,,,,0,380,0,380,0,10442,0,10442,,4271,,4271,,,,,,,,,,,,,0,94604,0,94604,,,,,,,,,,,,0,,,,0,0,0,0,0,0,4446,0,4446,0,0,0,0,0,-4446,0,-4446,0,90159,0,90159,0,6019,0,6019,0,84140,0,84140,,4058,,4058,,19,,19,,31337,,31337,,35413,,35413,,42,,42,0,5215,0,5215,0,47569,0,47569,,,,,,,,,,,,,,711442,0,795581,0,0,,0,,0,,,,,,,,795581,0
48,ASSAM,BONGAIGAON,,0,3102,0,3102,0,99730,0,99730,9570,109300,0,46133,0,46133,,,,,0,199,0,199,0,6462,0,6462,,1667,,1667,,,,,,,,,,,,,0,54461,0,54461,,,,,,,,,,,,0,,,,0,0,0,0,0,0,4225,0,4225,0,0,0,0,0,-4225,0,-4225,0,50236,0,50236,0,5446,0,5446,0,44790,0,44790,,1703,,1703,,7,,7,,14361,,14361,,16070,,16070,,36,,36,0,2166,0,2166,0,28257,0,28257,,,,,,,,,,,,,,544471,0,589261,0,0,,0,,0,,,,,,,,589261,0
49,ASSAM,CACHAR,,0,3312,0,3312,0,273358,0,273358,105242,378600,0,85892,0,85892,,,,,0,2610,0,2610,0,0,0,0,,2367,,2367,,,,,,,,,,,,,0,90869,0,90869,,,,,,,,,,,,0,,,,0,0,816,0,816,0,38497,0,38497,0,0,0,0,0,-39313,0,-39313,0,51557,0,51557,0,9087,0,9087,0,42470,0,42470,,1436,,1436,,0,,0,,0,,0,,1436,,1436,,3,,3,0,1817,0,1817,0,40653,0,40653,,,,,,,,,,,,,,388148,0,430618,0,0,,0,,0,,,,,,,,430618,0
50,ASSAM,CHIRANG,,0,3219,0,3219,0,191794,0,191794,506,192300,0,91989,0,91989,,,,,0,262,0,262,0,415,0,415,,105,,105,,,,,,,,,,,,,0,92771,0,92771,,,,,,,,,,,,0,,,,0,0,0,0,0,0,1772,0,1772,0,0,0,0,0,-1772,0,-1772,0,90999,0,90999,0,9277,0,9277,0,81722,0,81722,,956,,956,,6,,6,,1464,,1464,,2426,,2426,,3,,3,0,1086,0,1086,0,79166,0,79166,,,,,,,,,,,,,,1423427,0,1505149,0,0,,0,,0,,,,,,,,1505149,0
51,ASSAM,DARRANG,,0,1951,0,1951,0,157654,0,157654,846,158500,0,47413,0,47413,,,,,0,102,0,102,0,1757,0,1757,,4925,,4925,,,,,,,,,,,,,0,54197,0,54197,,,,,,,,,,,,0,,,,0,0,0,0,0,0,233,0,233,0,0,0,0,0,-233,0,-233,0,53965,0,53965,0,4580,0,4580,0,49385,0,49385,,2150,,2150,,60,,60,,22453,,22453,,24663,,24663,,50,,50,0,2790,0,2790,0,24081,0,24081,,,,,,,,,,,,,,1243817,0,1293202,0,0,,0,,0,,,,,,,,1293202,0
52,ASSAM,DHEMAJI,,0,2859,0,2859,0,315156,0,315156,8544,323700,0,134480,0,134480,,,,,0,16,0,16,0,996,0,996,,290,,290,,,,,,,,,,,,,0,135782,0,135782,,,,,,,,,,,,0,,,,0,0,313,0,313,0,31906,0,31906,0,0,0,0,0,-32219,0,-32219,0,103564,0,103564,0,13578,0,13578,0,89985,0,89985,,1534,,1534,,7,,7,,2781,,2781,,4322,,4322,,5,,5,0,1936,0,1936,0,85262,0,85262,,,,,,,,,,,,,,3659095,0,3749080,0,0,,0,,0,,,,,,,,3749080,0
53,ASSAM,DHUBRI,,0,2753,0,2753,0,214392,0,214392,3208,217600,0,87359,0,87359,,,,,0,564,0,564,0,8635,0,8635,,3128,,3128,,,,,,,,,,,,,0,99686,0,99686,,,,,,,,,,,,0,,,,0,0,0,0,0,0,738,0,738,0,0,0,0,0,-738,0,-738,0,98948,0,98948,0,9388,0,9388,0,89560,0,89560,,4751,,4751,,28,,28,,22758,,22758,,27537,,27537,,31,,31,0,6348,0,6348,0,60425,0,60425,,,,,,,,,,,,,,636625,0,726185,0,0,,0,,0,,,,,,,,726185,0
54,ASSAM,DIBRUGARH,,0,2649,0,2649,0,334688,0,334688,3412,338100,0,135247,0,135247,,,,,0,43,0,43,0,688,0,688,,1611,,1611,,,,,,,,,,,,,0,137589,0,137589,,,,,,,,,,,,0,,,,0,0,0,0,0,0,11411,0,11411,0,0,0,0,0,-11411,0,-11411,0,126178,0,126178,0,13759,0,13759,0,112419,0,112419,,2718,,2718,,84,,84,,2173,,2173,,4975,,4975,,4,,4,0,3109,0,3109,0,107053,0,107053,,,,,,,,,,,,,,3863924,0,3976344,0,0,,0,,0,,,,,,,,3976344,0
55,ASSAM,DIMA HASAO,,0,2792,0,2792,0,234300,0,234300,254500,488800,0,62795,0,62795,,,,,,,,,0,6,0,6,,29,,29,,,,,,,,,,,,,0,62831,0,62831,,,,,,,,,,,,0,,,,0,0,0,0,0,0,0,0,0,0,0,0,0,0,0,0,0,0,62831,0,62831,0,6283,0,6283,0,56548,0,56548,,239,,239,,1,,1,,43,,43,,284,,284,,1,,1,0,280,0,280,0,56223,0,56223,,,,,,,,,,,,,,351450,0,407998,0,0,,0,,0,,,,,,,,407998,0
56,ASSAM,GOALPARA,,0,2583,0,2583,0,171983,0,171983,10417,182400,0,68066,0,68066,,,,,0,437,0,437,0,5166,0,5166,,1403,,1403,,,,,,,,,,,,,0,75072,0,75072,,,,,,,,,,,,0,,,,0,0,0,0,0,0,14370,0,14370,0,0,0,0,0,-14370,0,-14370,0,60702,0,60702,0,7507,0,7507,0,53195,0,53195,,2496,,2496,,44,,44,,14838,,14838,,17377,,17377,,33,,33,0,3258,0,3258,0,35055,0,35055,,,,,,,,,,,,,,957346,0,1010541,0,0,,0,,0,,,,,,,,1010541,0
57,ASSAM,GOLAGHAT,,0,1752,0,1752,0,348140,0,348140,2060,350200,0,105354,0,105354,,,,,0,356,0,356,0,1096,0,1096,,731,,731,,,,,,,,,,,,,0,107537,0,107537,,,,,,,,,,,,0,,,,0,0,0,0,0,0,1653,0,1653,0,0,0,0,0,-1653,0,-1653,0,105884,0,105884,0,6700,0,6700,0,99183,0,99183,,2017,,2017,,122,,122,,3587,,3587,,5726,,5726,,6,,6,0,2330,0,2330,0,93144,0,93144,,,,,,,,,,,,,,819743,0,918926,0,0,,0,,0,,,,,,,,918926,0
58,ASSAM,HAILAKANDI,,0,2838,0,2838,0,104981,0,104981,27719,132700,0,26654,0,26654,,,,,0,57,0,57,0,0,0,0,,1140,,1140,,,,,,,,,,,,,0,27851,0,27851,,,,,,,,,,,,0,,,,0,0,189,0,189,0,6316,0,6316,0,0,0,0,0,-6505,0,-6505,0,21345,0,21345,0,2785,0,2785,0,18560,0,18560,,545,,545,,0,,0,,1,,1,,546,,546,,3,,3,0,701,0,701,0,17859,0,17859,,,,,,,,,,,,,,148582,0,167142,0,0,,0,,0,,,,,,,,167142,0
59,ASSAM,JORHAT,,0,2265,0,2265,0,279408,0,279408,5692,285100,0,112679,0,112679,,,,,0,18255,0,18255,0,2613,0,2613,,741,,741,,,,,,,,,,,,,0,134288,0,134288,,,,,,,,,,,,0,,,,0,0,1107,0,1107,0,58060,0,58060,0,0,0,0,0,-59167,0,-59167,0,75122,0,75122,0,11818,0,11818,0,63304,0,63304,,1400,,1400,,28,,28,,8834,,8834,,10262,,10262,,16,,16,0,1554,0,1554,0,52888,0,52888,,,,,,,,,,,,,,1923048,0,1986352,0,0,,0,,0,,,,,,,,1986352,0
60,ASSAM,KAMRUP,,0,1896,0,1896,0,263024,0,263024,47476,310500,0,81631,0,81631,,,,,0,7554,0,7554,0,4041,0,4041,,897,,897,,,,,,,,,,,,,0,94122,0,94122,,,,,,,,,,,,0,,,,0,0,14,0,14,0,12604,0,12604,0,0,0,0,0,-12619,0,-12619,0,81504,0,81504,0,7792,0,7792,0,73712,0,73712,,3596,,3596,,307,,307,,11056,,11056,,14959,,14959,,20,,20,0,4389,0,4389,0,57960,0,57960,,,,,,,,,,,,,,1455558,0,1529269,0,0,,0,,0,,,,,,,,1529269,0
61,ASSAM,KAMRUP (M),,0,1813,0,1813,0,65912,0,65912,29545,95457,0,19560,0,19560,,,,,0,145,0,145,0,512,0,512,,954,,954,,,,,,,,,,,,,0,21171,0,21171,,,,,,,,,,,,0,,,,0,0,13,0,13,0,3957,0,3957,0,0,0,0,0,-3970,0,-3970,0,17201,0,17201,0,1733,0,1733,0,15468,0,15468,,3622,,3622,,179,,179,,1430,,1430,,5231,,5231,,34,,34,0,3701,0,3701,0,10158,0,10158,,,,,,,,,,,,,,689574,0,705042,0,0,,0,,0,,,,,,,,705042,0
62,ASSAM,KARBI ANGLONG,,0,1122,0,1122,0,656090,0,656090,387310,1043400,0,141672,0,141672,,,,,,,,,0,207,0,207,,588,,588,,,,,,,,,,,,,0,142468,0,142468,,,,,,,,,,,,0,,,,0,0,114,0,114,0,12804,0,12804,0,0,0,0,0,-12918,0,-12918,0,129550,0,129550,0,12694,0,12694,0,116856,0,116856,,1975,,1975,,39,,39,,578,,578,,2593,,2593,,2,,2,0,2419,0,2419,0,113820,0,113820,,,,,,,,,,,,,,1813210,0,1930066,0,0,,0,,0,,,,,,,,1930066,0
63,ASSAM,KARIMGANJ,,0,3751,0,3751,0,167648,0,167648,13252,180900,0,59812,0,59812,,,,,0,81,0,81,0,22,0,22,,1430,,1430,,,,,,,,,,,,,0,61345,0,61345,,,,,,,,,,,,0,,,,0,0,1601,0,1601,0,21349,0,21349,0,0,0,0,0,-22950,0,-22950,0,38395,0,38395,0,6134,0,6134,0,32261,0,32261,,1349,,1349,,4,,4,,61,,61,,1413,,1413,,4,,4,0,1744,0,1744,0,30452,0,30452,,,,,,,,,,,,,,241799,0,274059,0,0,,0,,0,,,,,,,,274059,0
64,ASSAM,KOKRAJHAR,,0,3102,0,3102,0,327030,0,327030,2570,329600,0,161100,0,161100,,,,,0,949,0,949,0,3241,0,3241,,668,,668,,,,,,,,,,,,,0,165958,0,165958,,,,,,,,,,,,0,,,,0,0,0,0,0,0,6014,0,6014,0,0,0,0,0,-6014,0,-6014,0,159944,0,159944,0,15465,0,15465,0,144479,0,144479,,1739,,1739,,5,,5,,7730,,7730,,9474,,9474,,7,,7,0,1844,0,1844,0,134900,0,134900,,,,,,,,,,,,,,1374531,0,1519010,0,0,,0,,0,,,,,,,,1519010,0
65,ASSAM,LAKHIMPUR,,0,3270,0,3270,0,224930,0,224930,2770,227700,0,114775,0,114775,,,,,0,0,0,0,0,2238,0,2238,,1008,,1008,,,,,,,,,,,,,0,118022,0,118022,,,,,,,,,,,,0,,,,0,0,0,0,0,0,35438,0,35438,0,0,0,0,0,-35438,0,-35438,0,82584,0,82584,0,11802,0,11802,0,70782,0,70782,,2468,,2468,,12,,12,,5329,,5329,,7808,,7808,,11,,11,0,3010,0,3010,0,62432,0,62432,,,,,,,,,,,,,,457346,0,528128,0,0,,0,,0,,,,,,,,528128,0
66,ASSAM,MORIGAON,,0,1885,0,1885,0,149066,0,149066,6034,155100,0,41942,0,41942,,,,,0,693,0,693,0,2067,0,2067,,953,,953,,,,,,,,,,,,,0,45655,0,45655,,,,,,,,,,,,0,,,,0,0,0,0,0,0,6684,0,6684,0,0,0,0,0,-6684,0,-6684,0,38971,0,38971,0,4566,0,4566,0,34405,0,34405,,2362,,2362,,15,,15,,5566,,5566,,7943,,7943,,23,,23,0,3111,0,3111,0,25713,0,25713,,,,,,,,,,,,,,1188493,0,1222898,0,0,,0,,0,,,,,,,,1222898,0
67,ASSAM,NAGAON,,0,1885,0,1885,0,377341,0,377341,19959,397300,0,115901,0,115901,,,,,0,15337,0,15337,0,14300,0,14300,,9255,,9255,,,,,,,,,,,,,0,154793,0,154793,,,,,,,,,,,,0,,,,0,0,13,0,13,0,25709,0,25709,0,0,0,0,0,-25723,0,-25723,0,129070,0,129070,0,15479,0,15479,0,113591,0,113591,,1836,,1836,,103,,103,,38380,,38380,,40318,,40318,,35,,35,0,2377,0,2377,0,72731,0,72731,,,,,,,,,,,,,,1187135,0,1300726,0,0,,0,,0,,,,,,,,1300726,0
68,ASSAM,NALBARI,,0,1896,0,1896,0,103630,0,103630,1014,104644,0,30148,0,30148,,,,,,,,,0,3500,0,3500,,3989,,3989,,,,,,,,,,,,,0,37636,0,37636,,,,,,,,,,,,0,,,,0,0,0,0,0,0,0,0,0,0,0,0,0,0,0,0,0,0,37636,0,37636,0,3764,0,3764,0,33873,0,33873,,402,,402,,37,,37,,11059,,11059,,11498,,11498,,34,,34,0,461,0,461,0,22316,0,22316,,,,,,,,,,,,,,587457,0,621330,0,0,,0,,0,,,,,,,,621330,0
69,ASSAM,SIBSAGAR,,0,2412,0,2412,0,264459,0,264459,2341,266800,0,101355,0,101355,,,,,0,19,0,19,0,1026,0,1026,,552,,552,,,,,,,,,,,,,0,102951,0,102951,,,,,,,,,,,,0,,,,0,0,177,0,177,0,6609,0,6609,0,0,0,0,0,-6786,0,-6786,0,96165,0,96165,0,8838,0,8838,0,87327,0,87327,,1774,,1774,,74,,74,,3798,,3798,,5645,,5645,,6,,6,0,1972,0,1972,0,81484,0,81484,,,,,,,,,,,,,,1171838,0,1259165,0,0,,0,,0,,,,,,,,1259165,0
70,ASSAM,SONITPUR,,0,1979,0,1979,0,513224,0,513224,7176,520400,0,169813,0,169813,,,,,0,2030,0,2030,0,3422,0,3422,,733,,733,,,,,,,,,,,,,0,175997,0,175997,,,,,,,,,,,,0,,,,0,0,8,0,8,0,25000,0,25000,0,0,0,0,0,-25008,0,-25008,0,150989,0,150989,0,15813,0,15813,0,135176,0,135176,,4063,,4063,,104,,104,,10060,,10060,,14228,,14228,,11,,11,0,4854,0,4854,0,120157,0,120157,,,,,,,,,,,,,,5905557,0,6040733,0,0,,0,,0,,,,,,,,6040733,0
71,ASSAM,TINSUKIA,,0,2323,0,2323,0,371757,0,371757,7243,379000,0,134968,0,134968,,,,,0,1785,0,1785,0,2284,0,2284,,1227,,1227,,,,,,,,,,,,,0,140263,0,140263,,,,,,,,,,,,0,,,,0,0,0,0,0,0,12189,0,12189,0,0,0,0,0,-12189,0,-12189,0,128074,0,128074,0,14026,0,14026,0,114047,0,114047,,2097,,2097,,69,,69,,8631,,8631,,10796,,10796,,9,,9,0,2503,0,2503,0,102845,0,102845,,,,,,,,,,,,,,1847947,0,1961995,0,0,,0,,0,,,,,,,,1961995,0
72,ASSAM,UDALGURI,,0,1958,0,1958,0,200169,0,200169,1031,201200,0,65869,0,65869,,,,,0,488,0,488,0,1482,0,1482,,413,,413,,,,,,,,,,,,,0,68252,0,68252,,,,,,,,,,,,0,,,,0,0,0,0,0,0,15818,0,15818,0,0,0,0,0,-15818,0,-15818,0,52433,0,52433,0,5635,0,5635,0,46799,0,46799,,1542,,1542,,63,,63,,4113,,4113,,5717,,5717,,12,,12,0,1717,0,1717,0,40906,0,40906,,,,,,,,,,,,,,1502128,0,1548926,0,0,,0,,0,,,,,,,,1548926,0
73,BIHAR,ARARIA,,1632,1632,0,1632,98344,180593,0,278937,0,278937,28251,51167,0,79418,41377,,0,41377,26425,0,0,26425,2005,4686,0,6692,185,431,0,616,0,3,,3,,,,,,,,,98243,56287,0,154531,,,,,,,,,,,,0,,,,0,,,,,,,,,,,,,,,,0,98243,56287,0,154531,9824,3525,0,13349,88419,52763,0,141182,5911,4753,,10664,117,0,,117,5845,13598,,19443,11873,18351,,30225,13,35,,21,8529,6859,0,15388,73927,32306,0,106234,,,,,,,,,,,,,,0,0,141182,0,0,,0,,0,,,,,,,,141182,0
74,BIHAR,ARWAL,,874,874,0,874,21372,42311,0,63683,0,63683,2860,7365,0,10225,2959,,0,2959,4903,0,0,4903,1036,1362,0,2398,165,384,0,549,0,96,,96,,,,,,,,,11922,9208,0,21130,,,,,,,,,,,,0,,,,0,,,,,,,,,,,,,,,,0,11922,9208,0,21130,1134,921,0,2055,10788,8287,0,19075,2580,0,,2580,133,0,,133,3164,4128,,7291,5878,4128,,10005,54,50,,52,3209,0,0,3209,4283,4159,0,8442,,,,,,,,,,,,,,0,0,19075,0,0,,0,,0,,,,,,,,19075,0
75,BIHAR,AURANGABAD,,975,975,0,975,142675,166379,0,309054,21230,330284,21870,27094,0,48964,31950,,0,31950,36974,0,0,36974,4396,4644,0,9040,1149,2657,0,3807,0,397,,397,,,,,,,,,96339,34793,0,131132,,,,,,,,,,,,0,,,,0,,,,,,,,,,,,,,,,0,96339,34793,0,131132,9634,2744,0,12378,86705,32048,0,118754,9451,0,,9451,2683,0,,2683,13964,14761,,28725,26098,14761,,40859,30,46,,34,12905,0,0,12905,57153,17287,0,74441,,,,,,,,,,,,,,0,0,118754,0,0,,0,,0,,,,,,,,118754,0
76,BIHAR,BANKA,,975,975,0,975,47719,219581,0,267300,34654,301954,5327,41001,0,46328,2428,,0,2428,12417,0,0,12417,1545,5174,0,6719,531,1237,0,1768,0,2737,,2737,,,,,,,,,22250,50149,0,72399,,,,,,,,,,,,0,,,,0,,,,,,,,,,,,,,,,0,22250,50149,0,72399,2225,4711,0,6936,20025,45438,0,65463,5195,2110,,7305,105,0,,105,4780,15872,,20652,10080,17982,,28062,50,40,,43,7129,2895,0,10024,8323,26671,0,34994,,,,,,,,,,,,,,0,0,65463,0,0,,0,,0,,,,,,,,65463,0
77,BIHAR,BEGUSARAI,,1091,1091,0,1091,337,188795,0,189131,0,189131,70,46900,0,46970,292,,0,292,878,0,0,878,13,7165,0,7178,140,823,0,962,0,1,,1,,,,,,,,,1392,54889,0,56282,,,,,,,,,,,,0,,,,0,,,,,,,,,,,,,,,,0,1392,54889,0,56282,139,5489,0,5628,1253,49400,0,50653,0,10004,,10004,0,78,,78,42,24150,,24193,42,34233,,34275,3,69,,68,0,13714,0,13714,1211,11457,0,12668,,,,,,,,,,,,,,0,0,50653,0,0,,0,,0,,,,,,,,50653,0
78,BIHAR,BHAGALPUR,,1208,1208,0,1208,11454,248801,0,260255,0,260255,2558,61210,0,63768,1147,,0,1147,3161,0,0,3161,420,8169,0,8589,822,1918,0,2740,0,384,,384,,,,,,,,,8108,71681,0,79789,,,,,,,,,,,,0,,,,0,,,,,,,,,,,,,,,,0,8108,71681,0,79789,811,6865,0,7676,7297,64815,0,72113,1441,5841,,7282,915,306,,1221,1231,24030,,25261,3587,30177,,33764,49,47,,47,1947,7899,0,9846,3204,32581,0,35785,,,,,,,,,,,,,,0,0,72113,0,0,,0,,0,,,,,,,,72113,0
79,BIHAR,BHOJPUR,,1052,1052,0,1052,56637,170893,0,227530,0,227530,10563,37928,0,48491,12961,,0,12961,13682,0,0,13682,2734,7477,0,10212,1183,2760,0,3943,0,145,,145,,,,,,,,,41124,48311,0,89435,,,,,,,,,,,,0,,,,0,,,,,,,,,,,,,,,,0,41124,48311,0,89435,4112,4831,0,8944,37012,43480,0,80492,4580,4382,,8962,742,0,,742,8181,22346,,30528,13503,26728,,40231,36,61,,50,5900,5645,0,11544,22189,15489,0,37678,,,,,,,,,,,,,,0,0,80492,0,0,,0,,0,,,,,,,,80492,0
80,BIHAR,BUXAR,,975,975,0,975,49281,121725,0,171006,0,171006,8325,21845,0,30170,10529,,0,10529,12200,0,0,12200,2394,4578,0,6972,1396,3257,0,4653,0,130,,130,,,,,,,,,34843,29809,0,64652,,,,,,,,,,,,0,,,,0,,,,,,,,,,,,,,,,0,34843,29809,0,64652,3484,2801,0,6285,31359,27008,0,58367,3930,1483,,5412,276,228,,504,7467,14286,,21752,11672,15997,,27668,37,59,,47,5062,1910,0,6972,18782,10584,0,29367,,,,,,,,,,,,,,0,0,58367,0,0,,0,,0,,,,,,,,58367,0
81,BIHAR,DARBHANGA,,1124,1124,0,1124,5913,244516,0,250429,0,250429,1222,59580,0,60802,1982,,0,1982,1860,0,0,1860,227,8988,0,9215,1262,2945,0,4208,0,43,,43,,,,,,,,,6554,71556,0,78110,,,,,,,,,,,,0,,,,0,,,,,,,,,,,,,,,,0,6554,71556,0,78110,655,7032,0,7688,5898,64524,0,70422,433,12742,,13175,61,748,,809,664,26372,,27036,1158,39862,,41020,20,62,,58,542,15964,0,16506,4631,21440,0,26071,,,,,,,,,,,,,,0,0,70422,0,0,,0,,0,,,,,,,,70422,0
82,BIHAR,EAST CHAMPARAN,,1198,1198,0,1198,147948,247939,0,395887,0,395887,32742,61015,0,93757,40999,,0,40999,36837,0,0,36837,6688,11840,0,18528,1062,2476,0,3538,0,78,,78,,,,,,,,,118328,75409,0,193737,,,,,,,,,,,,0,,,,0,,,,,,,,,,,,,,,,0,118328,75409,0,193737,11455,5619,0,17074,106872,69791,0,176663,15230,3732,,18961,7314,18,,7333,19478,34623,,54101,42022,38373,,80395,39,55,,46,22388,5323,0,27711,57692,30306,0,87998,,,,,,,,,,,,,,0,0,176663,0,0,,0,,0,,,,,,,,176663,0
83,BIHAR,GAYA,,1004,1004,0,1004,36320,454658,0,490978,7608,498586,4451,88449,0,92900,3020,,0,3020,9675,0,0,9675,1427,14557,0,15984,3660,8510,0,12171,0,932,,932,,,,,,,,,22233,112448,0,134681,,,,,,,,,,,,0,,,,0,,,,,,,,,,,,,,,,0,22233,112448,0,134681,2157,10919,0,13076,20076,101529,0,121605,5244,10347,,15590,1992,58,,2050,4460,45504,,49964,11695,55908,,67604,58,55,,56,7188,14184,0,21372,7349,42663,0,50011,,,,,,,,,,,,,,0,0,121605,0,0,,0,,0,,,,,,,,121605,0
84,BIHAR,GOPALGANJ,,1136,1136,0,1136,77162,124751,0,201913,0,201913,16028,30740,0,46768,23654,,0,23654,18182,0,0,18182,6140,9541,0,15682,434,974,0,1408,0,9,,9,,,,,,,,,64438,41264,0,105702,,,,,,,,,,,,0,,,,0,,,,,,,,,,,,,,,,0,64438,41264,0,105702,6444,3576,0,10020,57994,37688,0,95683,8663,0,,8663,523,0,,523,17856,27748,,45604,27043,27748,,54790,47,74,,57,10800,0,0,10800,28815,9941,0,38756,,,,,,,,,,,,,,0,0,95683,0,0,,0,,0,,,,,,,,95683,0
85,BIHAR,JAMUI,,1107,1107,0,1107,8353,246761,0,255114,54712,309826,1273,33454,0,34727,1715,,0,1715,2032,0,0,2032,188,4015,0,4203,1996,4658,0,6654,0,541,,541,,,,,,,,,7204,42668,0,49873,,,,,,,,,,,,0,,,,0,,,,,,,,,,,,,,,,0,7204,42668,0,49873,702,4159,0,4860,6503,38510,0,45012,6483,0,,6483,9,6,,15,550,11723,,12273,7043,11729,,18771,108,30,,42,8818,0,0,8818,430,26781,0,27211,,,,,,,,,,,,,,0,0,45012,0,0,,0,,0,,,,,,,,45012,0
86,BIHAR,JEHANABAD,,937,937,0,937,15594,77663,0,93257,0,93257,2615,15286,0,17901,4001,,0,4001,3737,0,0,3737,1138,5828,0,6966,560,1307,0,1867,0,125,,125,,,,,,,,,12052,22545,0,34597,,,,,,,,,,,,0,,,,0,,,,,,,,,,,,,,,,0,12052,22545,0,34597,1195,2255,0,3450,10857,20291,0,31148,2852,802,,3654,5,0,,5,3582,18307,,21889,6439,19109,,25548,59,94,,82,3673,1033,0,4707,3597,2013,0,5609,,,,,,,,,,,,,,0,0,31148,0,0,,0,,0,,,,,,,,31148,0
87,BIHAR,KAIMUR,,1126,1126,0,1126,65809,232231,0,298040,38166,336206,10253,37723,0,47976,3156,,0,3156,16849,0,0,16849,2216,6412,0,8628,1445,3363,0,4808,0,409,,409,,,,,,,,,33919,47907,0,81825,,,,,,,,,,,,0,,,,0,,,,,,,,,,,,,,,,0,33919,47907,0,81825,2950,4222,0,7172,30969,43685,0,74654,5062,775,,5837,59,4,,62,6901,19901,,26803,12022,20680,,32702,39,47,,44,6912,1059,0,7970,17097,22879,0,39976,,,,,,,,,,,,,,0,0,74654,0,0,,0,,0,,,,,,,,74654,0
88,BIHAR,KATIHAR,,1343,1343,0,1343,22051,278940,0,300991,0,300991,5043,81573,0,86616,13435,,0,13435,5855,0,0,5855,1040,11323,0,12363,427,997,0,1424,0,10,,10,,,,,,,,,25800,93902,0,119703,,,,,,,,,,,,0,,,,0,,,,,,,,,,,,,,,,0,25800,93902,0,119703,2580,7700,0,10280,23220,86202,0,109422,1599,8978,,10577,68,93,,160,3054,33040,,36094,4721,42110,,46831,20,49,,43,2248,12620,0,14869,18126,41164,0,59290,,,,,,,,,,,,,,0,0,109422,0,0,,0,,0,,,,,,,,109422,0
89,BIHAR,KHAGARIA,,0,1234,0,1234,0,148572,0,148572,0,148572,0,40717,0,40717,0,,0,0,339,0,0,339,0,6080,0,6080,254,594,0,848,0,1,,1,,,,,,,,,594,47392,0,47986,,,,,,,,,,,,0,,,,0,,,,,,,,,,,,,,,,0,594,47392,0,47986,59,3768,0,3827,534,43624,0,44158,,6064,,6064,,18,,18,,21693,,21693,,27776,,27776,,64,,63,0,8733,0,8733,534,13180,0,13714,,,,,,,,,,,,,,0,0,44158,0,0,,0,,0,,,,,,,,44158,0
90,BIHAR,KISHANGANJ,,0,2091,0,2091,0,191143,0,191143,0,191143,0,62116,0,62116,0,,0,0,441,0,0,441,0,4885,0,4885,165,384,0,549,0,6,,6,,,,,,,,,606,67391,0,67997,,,,,,,,,,,,0,,,,0,,,,,,,,,,,,,,,,0,606,67391,0,67997,61,5271,0,5332,545,62120,0,62665,,6114,,6114,,304,,304,,15637,,15637,,22055,,22055,,36,,35,0,8840,0,8840,545,37339,0,37884,,,,,,,,,,,,,,0,0,62665,0,0,,0,,0,,,,,,,,62665,0
91,BIHAR,LAKHISARAI,,1147,1147,0,1147,24037,90457,0,114494,8280,122774,3834,19142,0,22976,6317,,0,6317,6484,0,0,6484,709,2330,0,3039,857,1988,0,2845,0,1410,,1410,,,,,,,,,18201,24870,0,43070,,,,,,,,,,,,0,,,,0,,,,,,,,,,,,,,,,0,18201,24870,0,43070,1820,2487,0,4307,16381,22383,0,38763,3390,107,,3497,88,0,,88,2082,6794,,8877,5561,6901,,12462,34,31,,32,4545,143,0,4688,9665,15445,0,25110,,,,,,,,,,,,,,0,0,38763,0,0,,0,,0,,,,,,,,38763,0
92,BIHAR,MADHEPURA,,1393,1393,0,1393,107784,71056,0,178840,0,178840,25915,16766,0,42681,26932,,0,26932,28227,0,0,28227,6192,3793,0,9985,243,566,0,809,0,19,,19,,,,,,,,,87509,21143,0,108652,,,,,,,,,,,,0,,,,0,,,,,,,,,,,,,,,,0,87509,21143,0,108652,8751,1863,0,10613,78758,19281,0,98038,7573,0,,7573,149,0,,149,18071,11060,,29130,25792,11060,,36852,33,57,,38,11053,0,0,11053,49485,8221,0,57706,,,,,,,,,,,,,,0,0,98038,0,0,,0,,0,,,,,,,,98038,0
93,BIHAR,MADHUBANI,,1293,1293,0,1293,52483,296162,0,348645,0,348645,11824,75394,0,87218,27341,,0,27341,13320,0,0,13320,1798,10789,0,12586,907,2116,0,3023,0,82,,82,,,,,,,,,55189,88381,0,143570,,,,,,,,,,,,0,,,,0,,,,,,,,,,,,,,,,0,55189,88381,0,143570,5519,7314,0,12833,49670,81066,0,130737,7999,7959,,15958,7957,933,,8889,5124,30193,,35317,21079,39085,,60164,42,48,,46,10837,10782,0,21619,26513,39158,0,65671,,,,,,,,,,,,,,0,0,130737,0,0,,0,,0,,,,,,,,130737,0
94,BIHAR,MUNGER,,1147,1147,0,1147,32937,100205,0,133142,6408,139550,4789,22352,0,27141,665,,0,665,8948,0,0,8948,986,1992,0,2978,255,596,0,851,0,1322,,1322,,,,,,,,,15644,26261,0,41905,,,,,,,,,,,,0,,,,0,,,,,,,,,,,,,,,,0,15644,26261,0,41905,1445,2626,0,4071,14198,23635,0,37834,3115,1419,,4534,15,750,,764,2873,5820,,8694,6003,7989,,13992,42,34,,37,3942,1796,0,5738,7369,15269,0,22638,,,,,,,,,,,,,,0,0,37834,0,0,,0,,0,,,,,,,,37834,0
95,BIHAR,MUZAFFARPUR,,1155,1155,0,1155,41129,263148,0,304277,0,304277,9120,69264,0,78385,15214,,0,15214,10671,0,0,10671,2274,15601,0,17875,391,913,0,1305,0,13,,13,,,,,,,,,37671,85792,0,123462,,,,,,,,,,,,0,,,,0,,,,,,,,,,,,,,,,0,37671,85792,0,123462,3721,8579,0,12300,33950,77213,0,111162,8456,7978,,16434,1377,40,,1417,6952,47667,,54619,16786,55685,,72471,49,72,,65,12829,11185,0,24014,13901,20644,0,34545,,,,,,,,,,,,,,0,0,111162,0,0,,0,,0,,,,,,,,111162,0
96,BIHAR,NALANDA,,1002,1002,0,1002,11911,219735,0,231646,3350,234996,2265,44428,0,46693,1101,,0,1101,3034,0,0,3034,617,10733,0,11350,1879,4445,0,6324,0,268,,268,,,,,,,,,8897,59873,0,68770,,,,,,,,,,,,0,,,,0,,,,,,,,,,,,,,,,0,8897,59873,0,68770,873,5621,0,6494,8024,54252,0,62276,682,8764,,9447,871,1170,,2041,1940,33700,,35639,3493,43634,,47126,44,80,,76,876,11247,0,12122,4338,8557,0,12895,,,,,,,,,,,,,,0,0,62276,0,0,,0,,0,,,,,,,,62276,0
97,BIHAR,NAWADA,,1042,1042,0,1042,21728,223930,0,245658,2999,248657,2874,46032,0,48906,1243,,0,1243,5766,0,0,5766,757,8081,0,8837,1682,3887,0,5569,0,2773,,2773,,,,,,,,,12321,60774,0,73094,,,,,,,,,,,,0,,,,0,,,,,,,,,,,,,,,,0,12321,60774,0,73094,1134,5999,0,7133,11187,54775,0,65961,4571,1516,,6087,84,1,,85,2286,24389,,26674,6941,25905,,32846,62,47,,50,5964,1977,0,7942,3102,28502,0,31604,,,,,,,,,,,,,,0,0,65961,0,0,,0,,0,,,,,,,,65961,0
98,BIHAR,PATNA,,1075,1075,0,1075,20510,299574,0,320084,0,320084,4218,72116,0,76335,8397,,0,8397,6532,0,0,6532,1023,12452,0,13475,1202,2806,0,4008,0,50,,50,,,,,,,,,21373,87425,0,108716,,,,,,,,,,,,0,,,,0,,,,,,,,,,,,,,,,0,21373,87425,0,108716,2129,8639,0,10768,19244,78786,0,98030,4496,12565,,17062,1463,0,,1463,3121,38103,,41223,9080,50668,,59748,47,64,,61,5951,16629,0,22579,9140,25792,0,34933,,,,,,,,,,,,,,0,0,98030,0,0,,0,,0,,,,,,,,98030,0
99,BIHAR,PURNEA,,1598,1598,0,1598,102587,217652,0,320239,0,320239,28348,57033,0,85381,40466,,0,40466,27580,0,0,27580,5172,10380,0,15551,184,428,0,612,0,14,,14,,,,,,,,,101749,67855,0,169605,,,,,,,,,,,,0,,,,0,,,,,,,,,,,,,,,,0,101749,67855,0,169605,10175,5507,0,15682,91574,62348,0,153922,8774,2538,,11312,1049,3,,1052,15247,30485,,45731,25070,33025,,58095,27,53,,38,12334,3567,0,15901,62945,28293,0,91238,,,,,,,,,,,,,,0,0,153922,0,0,,0,,0,,,,,,,,153922,0
100,BIHAR,ROHTAS,,949,949,0,949,96037,279106,0,375143,8783,383926,15801,53073,0,68875,4859,,0,4859,25349,0,0,25349,2514,5553,0,8066,3814,8900,0,12715,0,6219,,6219,,,,,,,,,52337,73746,0,126082,,,,,,,,,,,,0,,,,0,,,,,,,,,,,,,,,,0,52337,73746,0,126082,4548,6863,0,11411,47788,66883,0,114671,7275,2361,,9636,252,0,,252,7713,17061,,24774,15240,19422,,34662,32,29,,30,9265,3007,0,12271,30558,46816,0,77374,,,,,,,,,,,,,,0,0,114671,0,0,,0,,0,,,,,,,,114671,0
101,BIHAR,SAHARSA,,1693,1693,0,1693,22194,143934,0,166128,0,166128,6202,39910,0,46113,10540,,0,10540,5802,0,0,5802,771,5101,0,5872,127,296,0,424,0,1,,1,,,,,,,,,23442,45309,0,68751,,,,,,,,,,,,0,,,,0,,,,,,,,,,,,,,,,0,23442,45309,0,68751,2344,3059,0,5403,21098,42251,0,63349,5612,746,,6359,67,0,,67,2252,14895,,17147,7932,15641,,23573,38,37,,37,7653,1018,0,8671,11125,26338,0,37463,,,,,,,,,,,,,,0,0,63349,0,0,,0,,0,,,,,,,,63349,0
102,BIHAR,SAMASTIPUR,,1192,1192,0,1192,2245,259042,0,261287,0,261287,514,70264,0,70777,890,,0,890,1417,0,0,1417,131,13168,0,13299,676,1578,0,2254,0,7,,7,,,,,,,,,3628,85016,0,88644,,,,,,,,,,,,0,,,,0,,,,,,,,,,,,,,,,0,3628,85016,0,88644,363,8323,0,8686,3265,76693,0,79958,0,14809,,14809,23,246,,270,389,39180,,39570,413,54236,,54649,13,71,,68,0,20063,0,20063,2852,17680,0,20532,,,,,,,,,,,,,,0,0,79958,0,0,,0,,0,,,,,,,,79958,0
103,BIHAR,SARAN,,1124,1124,0,1124,93564,169393,0,262957,0,262957,18634,38910,0,57544,17643,,0,17643,24677,0,0,24677,3848,5464,0,9312,643,1671,0,2314,0,6,,6,,,,,,,,,65446,46051,0,111497,,,,,,,,,,,,0,,,,0,,,,,,,,,,,,,,,,0,65446,46051,0,111497,6457,4244,0,10701,58989,41806,0,100796,11639,1498,,13136,177,0,,177,11994,17160,,29155,23811,18658,,42469,40,45,,42,14993,1929,0,16922,31966,22717,0,54683,,,,,,,,,,,,,,0,0,100796,0,0,,0,,0,,,,,,,,100796,0
104,BIHAR,SHEIKHPURA,,1008,1008,0,1008,3791,62468,0,66259,2550,68809,714,12823,0,13537,308,,0,308,1172,0,0,1172,112,2407,0,2519,329,767,0,1096,0,73,,73,,,,,,,,,2634,16070,0,18704,,,,,,,,,,,,0,,,,0,,,,,,,,,,,,,,,,0,2634,16070,0,18704,263,1468,0,1731,2370,14603,0,16973,594,1518,,2112,2,0,,2,349,7522,,7871,945,9040,,9985,40,62,,59,759,1941,0,2699,1260,5296,0,6556,,,,,,,,,,,,,,0,0,16973,0,0,,0,,0,,,,,,,,16973,0
105,BIHAR,SHEOHAR,,1293,1293,0,1293,12235,32064,0,44299,0,44299,3156,9431,0,12587,0,,0,0,3149,0,0,3149,610,1599,0,2209,38,88,0,126,0,3,,3,,,,,,,,,6954,11121,0,18075,,,,,,,,,,,,0,,,,0,,,,,,,,,,,,,,,,0,6954,11121,0,18075,519,1112,0,1631,6434,10009,0,16443,2384,0,,2384,185,0,,185,1794,4703,,6497,4362,4703,,9065,68,47,,55,3298,0,0,3298,1158,5306,0,6464,,,,,,,,,,,,,,0,0,16443,0,0,,0,,0,,,,,,,,16443,0
106,BIHAR,SITAMARHI,,0,1293,0,1293,0,218520,0,218520,0,218520,0,61674,0,61674,0,,0,0,1602,0,0,1602,0,6241,0,6241,390,910,0,1300,0,26,,26,,,,,,,,,1992,68851,0,70842,,,,,,,,,,,,0,,,,0,,,,,,,,,,,,,,,,0,1992,68851,0,70842,199,4776,0,4976,1792,64074,0,65867,,12133,,12133,,90,,90,,18463,,18463,,30686,,30686,,48,,47,0,16899,0,16899,1792,28623,0,30415,,,,,,,,,,,,,,0,0,65867,0,0,,0,,0,,,,,,,,65867,0
107,BIHAR,SIWAN,,1135,1135,0,1135,67324,154983,0,222307,0,222307,14692,35328,0,50021,23420,,0,23420,17575,0,0,17575,4214,8976,0,13189,652,1522,0,2175,0,19,,19,,,,,,,,,60552,45845,0,106397,,,,,,,,,,,,0,,,,0,,,,,,,,,,,,,,,,0,60552,45845,0,106397,5982,3836,0,9819,54570,42009,0,96579,11108,0,,11108,223,0,,223,13139,27882,,41021,24470,27882,,52352,45,66,,54,14512,0,0,14512,26696,14127,0,40822,,,,,,,,,,,,,,0,0,96579,0,0,,0,,0,,,,,,,,96579,0
108,BIHAR,SUPAUL,,1274,1274,0,1274,38582,202444,0,241026,0,241026,8650,45220,0,53870,38157,,0,38157,10438,0,0,10438,1454,7234,0,8688,81,189,0,271,0,1,,1,,,,,,,,,58780,52645,0,111425,,,,,,,,,,,,0,,,,0,,,,,,,,,,,,,,,,0,58780,52645,0,111425,5878,4099,0,9977,52902,48546,0,101448,7041,923,,7964,63,10,,73,4264,21211,,25475,11368,22144,,33512,21,46,,33,9938,1303,0,11241,38638,26021,0,64659,,,,,,,,,,,,,,0,0,101448,0,0,,0,,0,,,,,,,,101448,0
109,BIHAR,VAISHALI,,1177,1177,0,1177,36303,163215,0,199518,0,199518,8572,43950,0,52523,6831,,0,6831,9306,0,0,9306,2333,8398,0,10732,315,734,0,1049,0,0,,0,,,,,,,,,27356,53083,0,80440,,,,,,,,,,,,0,,,,0,,,,,,,,,,,,,,,,0,27356,53083,0,80440,2235,5308,0,7543,25122,47775,0,72897,4429,7527,,11956,1063,1245,,2309,6985,25148,,32133,12477,33920,,46397,50,71,,64,6945,10609,0,17554,12358,12969,0,25327,,,,,,,,,,,,,,0,0,72897,0,0,,0,,0,,,,,,,,72897,0
110,BIHAR,WEST CHAMPARAN,,1472,1472,0,1472,128470,258711,0,387181,47257,434438,32229,65265,0,97494,42319,,0,42319,32341,0,0,32341,4024,7301,0,11325,520,1214,0,1734,0,135,,135,,,,,,,,,111434,73915,0,185349,,,,,,,,,,,,0,,,,0,,,,,,,,,,,,,,,,0,111434,73915,0,185349,11143,5343,0,16486,100291,68572,0,168863,10881,3808,,14688,4349,135,,4484,12079,22013,,34091,27308,25955,,53264,27,38,,32,15480,5418,0,20898,68382,41328,0,109711,,,,,,,,,,,,,,0,0,168863,0,0,,0,,0,,,,,,,,168863,0
111,CHANDIGARH,CHANDIGARH,,0,1010,0,1010,0,11400,0,11400,0,11400,0,1418,0,1418,,,,,0,1529,0,1529,0,119,0,119,0,110,0,110,0,72,0,72,0,2070,0,2070,0,0,0,0,0,5318,0,5318,,,,,,,,,,,,0,,,,0,0,0,0,0,0,0,0,0,0,0,0,0,0,0,0,0,0,5318,0,5318,0,532,0,532,0,4787,0,4787,,2438,,2438,,218,,218,,551,,551,,3207,,3207,,67,,67,0,3436,0,3436,0,582,0,582,,,,[],[],[],0,0,0,0,0,0,,0,0,4787,0,5,,1218,,1223,,0,,0,,0,,4787,0
112,CHHATTISGARH,BALOD,,1123,1123,0,1123,114082,147388,0,261470,19404,280874,6814,10023,0,16837,788,,0,788,8208,0,0,8208,5805,2876,0,8682,2015,1332,0,3347,1224,1451,,2675,,,,,,,,,24855,15683,0,40537,,,,,,,,,,,,0,,,,0,,,,,,,,,,,,,,,,0,24855,15683,0,40537,2486,1435,0,3920,22369,14248,0,36617,776,1515,,2291,10,75,,85,17430,6783,,24213,18217,8373,,26589,81,59,,73,801,1556,0,2356,4489,5834,0,10324,,,,,,,,,,,,,,48389,0,85006,0,0,,0,,0,,,,,,,,85006,0
113,CHHATTISGARH,BALODA BAZAR,,1390,1400,0,1397,137313,269435,0,406748,0,406748,8623,16824,0,25446,734,,0,734,29869,0,0,29869,3904,3413,0,7317,2238,1502,,3740,566,364,,930,,,,,,,,,45934,22102,0,68036,,,,,,,,,,,,0,,,,0,,,,,,,,,,,,,,,,0,45934,22102,0,68036,4593,2105,0,6699,41340,19997,0,61337,1844,2822,,4666,0,1220,,1220,11938,9066,,21004,13782,13107,,26889,33,66,,44,2269,3375,0,5644,27134,6806,0,33940,,,,,,,,,,,,,,75709,0,137046,0,0,,0,,0,,,,,,,,137046,0
114,CHHATTISGARH,BALRAMPUR,,1317,1317,0,1317,16893,549238,0,566131,147789,713920,1417,46692,0,48109,107,,0,107,1015,0,0,1015,138,3162,0,3300,293,555,,848,10,154,0,163,,,,,,,,,2979,50563,0,53542,,,,,,,,,,,,0,,,,0,,,,,,,,,,,,,,,,0,2979,50563,0,53542,277,4539,0,4816,2702,46024,0,48726,61,2050,,2111,0,19,,19,553,11274,,11827,614,13343,,13957,23,29,,29,64,2137,0,2201,2086,32593,0,34679,,,,,,,,,,,,,,102110,0,150836,0,0,,0,,0,,,,,,,,150836,0
115,CHHATTISGARH,BASTAR,,1363,1363,0,1363,6165,377368,0,383533,229465,612998,368,23651,0,24018,170,,0,170,100,0,0,100,15,1684,0,1699,236,1156,0,1392,12,194,,206,,,,,,,,,900,26685,0,27585,,,,,,,,,,,,0,,,,0,,,,,,,,,,,,,,,,0,900,26685,0,27585,90,1979,0,2069,810,24706,0,25516,34,2298,,2332,0,80,,80,61,7367,,7428,95,9745,,9841,12,39,,39,35,2365,0,2400,714,14894,0,15608,,,,,,,,,,,,,,72233,0,97750,0,0,,0,,0,,,,,,,,97750,0
116,CHHATTISGARH,BEMETARA,,1123,1123,0,1123,57182,228299,0,285481,0,285481,3826,14691,0,18518,551,,,551,8872,0,0,8872,4446,9542,0,13988,1434,1239,,2673,955,2003,,2958,,,,,,,,,20084,27476,0,47560,,,,,,,,,,,,0,,,,0,,,,,,,,,,,,,,,,0,20084,27476,0,47560,2008,2748,0,4756,18076,24728,0,42804,472,2062,,2534,0,256,,256,14383,22343,,36726,14855,24660,,39515,82,100,,92,534,2355,0,2890,3513,634,0,4147,,,,,,,,,,,,,,52093,0,94897,0,0,,0,,0,,,,,,,,94897,0
117,CHHATTISGARH,BIJAPUR,,1528,1528,0,1528,90,437639,0,437729,223519,661248,10,50064,0,50074,2,,0,2,7,0,0,7,0,1338,0,1339,24,791,,815,0,62,0,62,,,,,,,,,43,52256,0,52299,,,,,,,,,,,,0,,,,0,,,,,,,,,,,,,,,,0,43,52256,0,52299,4,5226,0,5230,39,47030,0,47069,0,689,,689,0,2,,2,2,4537,,4539,2,5229,,5231,4,11,,11,0,712,0,712,37,41779,0,41816,,,,,,,,,,,,,,87546,0,134615,0,0,,0,,0,,,,,,,,134615,0
118,CHHATTISGARH,BILASPUR,,1103,1117,0,1114,64153,253442,0,317595,33253,350848,3492,19020,0,22512,1497,,0,1497,14129,0,0,14129,2049,6841,0,8890,1748,1858,,3606,211,730,,940,,,,,,,,,23126,28449,0,51574,,,,,,,,,,,,0,,,,0,,,,,,,,,,,,,,,,0,23126,28449,0,51574,2313,2287,0,4599,20813,26162,0,46975,825,5024,,5850,0,693,,693,6856,15685,,22541,7681,21402,,29083,37,82,,62,942,5587,0,6529,13016,6471,0,19486,,,,,,,,,,,,,,58365,0,105340,0,0,,0,,0,,,,,,,,105340,0
119,CHHATTISGARH,DANTEWADA,,1328,1328,0,1328,60,311806,0,311866,29184,341050,4,24817,0,24821,62,,0,62,2,0,0,2,0,1680,0,1680,0,358,,358,0,21,0,21,,,,,,,,,68,26876,0,26945,,,,,,,,,,,,0,,,,0,,,,,,,,,,,,,,,,0,68,26876,0,26945,7,1817,0,1824,62,25059,0,25121,0,789,,789,0,158,,158,0,3871,,3871,0,4818,,4818,0,19,,19,0,820,0,820,61,20210,0,20272,,,,,,,,,,,,,,58887,0,84008,0,0,,0,,0,,,,,,,,84008,0
120,CHHATTISGARH,DHAMTARI,,1385,1385,0,1385,113324,135382,0,248706,159487,408193,9832,11718,0,21550,1194,,0,1194,23096,0,0,23096,9888,5539,0,15427,6388,910,,7299,266,405,,671,,,,,,,,,50664,18572,0,69237,,,,,,,,,,,,0,,,,0,,,,,,,,,,,,,,,,0,50664,18572,0,69237,5066,1857,0,6924,45598,16715,0,62313,698,1442,,2139,0,104,,104,30960,12879,,43838,31657,14424,,46082,69,86,,74,711,1469,0,2180,13927,2264,0,16191,,,,,,,,,,,,,,46463,0,108776,0,0,,0,,0,,,,,,,,108776,0
121,CHHATTISGARH,DURG,,1123,1123,0,1123,73161,158838,0,231999,0,231999,3760,10842,0,14602,536,,,536,12192,0,0,12192,3559,5726,0,9285,1834,1411,,3245,1024,2344,0,3368,,,,,,,,,22905,20324,0,43228,,,,,,,,,,,,0,,,,0,,,,,,,,,,,,,,,,0,22905,20324,0,43228,2290,2032,0,4323,20614,18291,0,38906,530,4493,,5023,0,438,,438,10780,13314,,24094,11310,18245,,29556,55,100,,76,544,4592,0,5135,9290,1333,0,10623,,,,,,,,,,,,,,43342,0,82247,0,0,,0,,0,,,,,,,,82247,0
122,CHHATTISGARH,GARIABAND,,1385,1385,0,1385,64271,198870,0,263140,319126,582266,4893,17613,0,22507,683,,0,683,3230,0,0,3230,2402,4337,0,6739,1360,1300,,2660,446,860,0,1305,,,,,,,,,13013,24110,0,37124,,,,,,,,,,,,0,,,,0,,,,,,,,,,,,,,,,0,13013,24110,0,37124,1279,1867,0,3145,11735,22244,0,33979,303,1458,,1761,0,26,,26,7375,12213,,19588,7678,13698,,21376,65,62,,63,317,1560,0,1878,4042,8444,0,12486,,,,,,,,,,,,,,48658,0,82637,0,0,,0,,0,,,,,,,,82637,0
123,CHHATTISGARH,GOURELA-PENDRA-MARWAHI,,1230,1230,0,1230,11361,153762,0,165123,65616,230739,801,10704,0,11505,380,,0,380,447,0,0,447,96,903,0,998,223,406,,629,14,78,,92,,,,,,,,,1960,12092,0,14052,,,,,,,,,,,,0,,,,0,,,,,,,,,,,,,,,,0,1960,12092,0,14052,196,1043,0,1239,1764,11048,0,12812,75,1103,,1179,0,2,,2,384,3709,,4093,459,4815,,5274,26,44,,41,84,1240,0,1325,1296,6097,0,7393,,,,,,,,,,,,,,30436,0,43248,0,0,,0,,0,,,,,,,,43248,0
124,CHHATTISGARH,JANJGIR-CHAMPA,,1386,1386,0,1386,118718,96540,0,215258,22300,237558,6487,5980,0,12468,475,,,475,29719,0,0,29719,1009,1928,0,2937,856,1010,,1866,466,693,0,1159,,,,,,,,,39013,9611,0,48623,,,,,,,,,,,,0,,,,0,,,,,,,,,,,,,,,,0,39013,9611,0,48623,3901,621,0,4522,35111,8989,0,44101,1367,1549,,2916,0,235,,235,3789,4396,,8186,5157,6180,,11337,15,69,,26,1433,1627,0,3060,29889,2731,0,32620,,,,,,,,,,,,,,40273,0,84374,0,0,,0,,0,,,,,,,,84374,0
125,CHHATTISGARH,JASHPUR,,1553,1481,0,1483,8442,442563,0,451005,194736,645741,636,28697,0,29333,144,,0,144,535,0,0,535,54,4655,0,4709,150,541,0,690,23,1249,0,1272,,,,,,,,,1542,35142,0,36683,,,,,,,,,,,,0,,,,0,,,,,,,,,,,,,,,,0,1542,35142,0,36683,154,2680,0,2834,1388,32462,0,33849,41,2230,,2271,0,39,,39,215,15204,,15419,256,17473,,17729,18,54,,52,42,2279,0,2320,1132,14940,0,16072,,,,,,,,,,,,,,83670,0,117520,0,0,,0,,0,,,,,,,,117520,0
126,CHHATTISGARH,KABIRDHAM,,1117,1117,0,1117,40198,383765,0,423963,20742,444705,2789,31300,0,34089,742,,0,742,23379,0,0,23379,1865,10397,0,12262,902,1458,0,2360,17,273,0,289,,,,,,,,,29694,43428,0,73122,,,,,,,,,,,,0,,,,0,,,,,,,,,,,,,,,,0,29694,43428,0,73122,2932,4343,0,7275,26762,39085,0,65847,206,2427,,2633,0,88,,88,6374,30035,,36409,6580,32551,,39131,25,83,,59,222,2616,0,2837,20166,7321,0,27488,,,,,,,,,,,,,,76505,0,142352,0,0,,0,,0,,,,,,,,142352,0
127,CHHATTISGARH,KANKER,,1403,1397,0,1398,22097,603939,0,626036,17412,643448,1953,55223,0,57176,500,,0,500,3317,0,0,3317,143,9690,0,9833,357,0,,357,21,1,0,22,,,,,,,,,6290,64914,0,71204,,,,,,,,,,,,0,,,,0,,,,,,,,,,,,,,,,0,6290,64914,0,71204,629,4372,0,5001,5661,60542,0,66203,62,2025,,2087,0,34,,34,571,23370,,23941,633,25429,,26062,11,42,,39,64,2086,0,2150,5026,35052,0,40078,,,,,,,,,,,,,,117478,0,183682,0,0,,0,,0,,,,,,,,183682,0
128,CHHATTISGARH,KHAIRAGARH-CHHUIKHADAN_GANDAI,,1209,1209,0,1209,21813,127225,0,149038,7521,156559,1137,8060,0,9196,373,,0,373,4221,0,0,4221,944,3139,0,4084,678,518,,1196,576,91,0,668,,,,,,,,,7930,11808,0,19737,,,,,,,,,,,,0,,,,0,,,,,,,,,,,,,,,,0,7930,11808,0,19737,793,969,0,1762,7137,10839,0,17976,143,963,,1106,0,12,,12,2791,7466,,10257,2934,8441,,11375,41,78,,63,150,1011,0,1162,4195,2350,0,6545,,,,,,,,,,,,,,27271,0,45247,0,0,,0,,0,,,,,,,,45247,0
129,CHHATTISGARH,KONDAGAON,,1362,1362,0,1362,14149,358092,0,372241,13786,386027,1070,32545,0,33615,125,,0,125,386,0,0,386,361,3805,0,4166,135,533,,668,0,39,0,39,,,,,,,,,2077,36922,0,38999,,,,,,,,,,,,0,,,,0,,,,,,,,,,,,,,,,0,2077,36922,0,38999,189,2782,0,2971,1889,34140,0,36029,52,1558,,1610,0,22,,22,1399,13257,,14656,1451,14838,,16289,77,43,,45,54,1605,0,1659,656,19255,0,19912,,,,,,,,,,,,,,68703,0,104731,0,0,,0,,0,,,,,,,,104731,0
130,CHHATTISGARH,KORBA,,1392,1392,0,1392,5740,425690,0,431430,283114,714544,479,39122,0,39602,245,,0,245,391,0,0,391,181,2591,0,2772,345,6346,,6691,0,203,0,203,,,,,,,,,1640,48262,0,49903,,,,,,,,,,,,0,,,,0,,,,,,,,,,,,,,,,0,1640,48262,0,49903,164,2742,0,2906,1476,45521,0,46997,35,3676,,3711,0,2542,,2542,711,9805,,10516,746,16022,,16768,51,35,,36,36,3843,0,3879,729,29331,0,30060,,,,,,,,,,,,,,79565,0,126562,0,0,,0,,0,,,,,,,,126562,0
131,CHHATTISGARH,KOREA,,1317,1317,0,1317,7134,65513,0,72647,19045,91692,964,9025,0,9989,287,,0,287,2751,0,0,2751,275,889,0,1164,729,140,,868,38,119,0,156,,,,,,,,,5044,10172,0,15216,,,,,,,,,,,,0,,,,0,,,,,,,,,,,,,,,,0,5044,10172,0,15216,504,509,0,1013,4540,9663,0,14203,43,627,,670,0,393,,393,1090,4863,,5954,1134,5883,,7017,25,61,,49,45,639,0,684,3405,3768,0,7173,,,,,,,,,,,,,,13499,0,27702,0,0,,0,,0,,,,,,,,27702,0
132,CHHATTISGARH,MAHASAMUND,,1398,1408,0,1406,67215,392505,0,459720,36580,496300,6586,40976,0,47561,1420,,0,1420,30709,0,0,30709,4658,13626,0,18284,2285,1963,,4247,80,635,,714,,,,,,,,,45737,57199,0,102936,,,,,,,,,,,,0,,,,0,,,,,,,,,,,,,,,,0,45737,57199,0,102936,4574,4256,0,8830,41163,52943,0,94106,352,2612,,2965,0,161,,161,14736,39028,,53764,15088,41801,,56889,37,79,,60,365,2713,0,3078,26062,11042,0,37103,,,,,,,,,,,,,,82921,0,177027,0,0,,0,,0,,,,,,,,177027,0
133,CHHATTISGARH,MANENDRAGARH-CHIRMIRI_BHARATPUR,,1317,1317,0,1317,11656,318184,0,329840,176238,506078,1620,44673,0,46292,116,,0,116,1169,0,0,1169,229,1299,0,1527,357,303,,660,10,163,0,173,,,,,,,,,3500,46438,0,49938,,,,,,,,,,,,0,,,,0,,,,,,,,,,,,,,,,0,3500,46438,0,49938,350,2322,0,2672,3150,44116,0,47266,36,1078,,1113,0,771,,771,894,7124,,8019,930,8973,,9903,30,20,,21,37,1100,0,1136,2219,35121,0,37340,,,,,,,,,,,,,,60860,0,108126,0,0,,0,,0,,,,,,,,108126,0
134,CHHATTISGARH,MOHLA-MANPUR_AMBAGARHCHOWKI,,1209,1209,0,1209,6211,148671,0,154882,84116,238998,451,12017,0,12468,152,,0,152,493,0,0,493,410,1502,0,1912,478,536,0,1013,29,761,0,790,,,,,,,,,2012,14815,0,16827,,,,,,,,,,,,0,,,,0,,,,,,,,,,,,,,,,0,2012,14815,0,16827,201,1482,0,1683,1811,13334,0,15144,30,722,,752,0,32,,32,1639,3395,,5033,1669,4148,,5817,92,31,,38,31,737,0,768,142,9170,0,9312,,,,,,,,,,,,,,29537,0,44681,0,0,,0,,0,,,,,,,,44681,0
135,CHHATTISGARH,MUNGELI,,1351,1351,0,1351,69850,94092,0,163942,111094,275036,4208,5419,0,9627,979,,0,979,8118,0,0,8118,1092,2238,0,3330,1253,615,,1868,80,2844,0,2924,,,,,,,,,15730,11116,0,26846,,,,,,,,,,,,0,,,,0,,,,,,,,,,,,,,,,0,15730,11116,0,26846,1573,758,0,2331,14157,10358,0,24515,457,1514,,1971,0,31,,31,3094,6223,,9317,3551,7768,,11319,25,75,,46,516,1721,0,2237,10546,2383,0,12929,,,,,,,,,,,,,,30257,0,54772,0,0,,0,,0,,,,,,,,54772,0
136,CHHATTISGARH,NARAYANPUR,,1404,1404,0,1404,3261,347782,0,351043,340273,691316,220,26681,0,26901,57,,,57,309,0,0,309,9,394,0,402,53,95,,148,0,229,0,229,,,,,,,,,648,27398,0,28046,,,,,,,,,,,,0,,,,0,,,,,,,,,,,,,,,,0,648,27398,0,28046,65,2740,0,2805,583,24659,0,25241,7,391,,399,0,11,,11,35,2177,,2212,43,2579,,2621,7,10,,10,9,489,0,498,538,21982,0,22520,,,,,,,,,,,,,,69002,0,94243,0,0,,0,,0,,,,,,,,94243,0
137,CHHATTISGARH,RAIGARH,,1466,1466,0,1466,15887,370032,0,385919,134470,520389,1352,34891,0,36243,175,,0,175,1020,0,0,1020,107,2654,0,2761,848,1527,,2376,7,48,0,55,,,,,,,,,3509,39121,0,42630,,,,,,,,,,,,0,,,,0,,,,,,,,,,,,,,,,0,3509,39121,0,42630,312,3218,0,3529,3197,35903,0,39100,116,3078,,3193,0,2791,,2791,425,10718,,11143,541,16586,,17126,17,46,,44,119,3183,0,3302,2653,19212,0,21865,,,,,,,,,,,,,,71009,0,110109,0,0,,0,,0,,,,,,,,110109,0
138,CHHATTISGARH,RAIPUR,,1378,1375,0,1376,108435,180763,0,289198,0,289198,6488,13127,0,19615,1099,,0,1099,17054,0,0,17054,4139,2449,0,6588,2213,2032,,4245,618,1620,0,2238,,,,,,,,,31611,19227,0,50839,,,,,,,,,,,,0,,,,0,,,,,,,,,,,,,,,,0,31611,19227,0,50839,3161,1412,0,4573,28450,17815,0,46265,1048,6508,,7556,0,2176,,2176,12306,5733,,18039,13355,14417,,27771,47,81,,60,1127,7053,0,8180,15017,4066,0,19083,,,,,,,,,,,,,,54207,0,100472,0,0,,0,,0,,,,,,,,100472,0
139,CHHATTISGARH,RAJNANDGAON,,1209,1209,0,1209,36795,222937,0,259732,12728,272460,2760,16931,0,19691,865,,0,865,3763,0,0,3763,2044,6187,0,8231,2106,1194,,3299,217,3293,0,3510,,,,,,,,,11755,27604,0,39359,,,,,,,,,,,,0,,,,0,,,,,,,,,,,,,,,,0,11755,27604,0,39359,1175,1955,0,3130,10579,25649,0,36229,303,3011,,3314,0,242,,242,6682,14168,,20849,6984,17421,,24406,66,68,,67,551,6806,0,7358,3346,7871,0,11217,,,,,,,,,,,,,,47962,0,84190,0,0,,0,,0,,,,,,,,84190,0
140,CHHATTISGARH,SAKTI,,1386,1386,0,1386,69846,84543,0,154389,30999,185388,3686,5518,0,9204,96,,,96,17142,0,0,17142,1621,2795,0,4415,812,633,,1446,410,250,0,660,,,,,,,,,23767,9195,0,32963,,,,,,,,,,,,0,,,,0,,,,,,,,,,,,,,,,0,23767,9195,0,32963,2377,920,0,3296,21391,8276,0,29666,808,1169,,1977,0,11,,11,5986,6328,,12314,6794,7508,,14302,32,91,,48,855,1231,0,2086,14549,705,0,15254,,,,,,,,,,,,,,28561,0,58227,0,0,,0,,0,,,,,,,,58227,0
141,CHHATTISGARH,SARANGARH-BILAIRAGH,,1385,1426,0,1418,41892,185746,0,227638,28300,255938,2996,11489,0,14485,106,,0,106,5392,0,0,5392,184,2437,0,2621,766,1020,,1786,79,234,0,313,,,,,,,,,9521,15181,0,24703,,,,,,,,,,,,0,,,,0,,,,,,,,,,,,,,,,0,9521,15181,0,24703,952,1201,0,2153,8569,13980,0,22550,318,1570,,1887,0,60,,60,682,6336,,7018,999,7966,,8965,12,57,,40,344,1684,0,2028,7543,5900,0,13444,,,,,,,,,,,,,,42423,0,64973,0,0,,0,,0,,,,,,,,64973,0
142,CHHATTISGARH,SUKMA,,1403,1404,0,1404,589,520610,0,521199,42380,563579,50,44059,0,44109,149,,,149,19,0,0,19,0,757,0,757,37,813,,850,0,41,0,41,,,,,,,,,255,45670,0,45925,,,,,,,,,,,,0,,,,0,,,,,,,,,,,,,,,,0,255,45670,0,45925,26,4132,0,4158,230,41537,0,41767,1,625,,626,0,2,,2,0,1757,,1757,1,2384,,2385,0,6,,6,1,636,0,637,229,39143,0,39372,,,,,,,,,,,,,,103840,0,145608,0,0,,0,,0,,,,,,,,145608,0
143,CHHATTISGARH,SURAJPUR,,1229,1243,0,1242,13773,250015,0,263788,14932,278720,1326,28015,0,29342,120,,0,120,1235,0,0,1235,445,8177,0,8622,280,357,0,636,12,890,0,903,,,,,,,,,3419,37439,0,40858,,,,,,,,,,,,0,,,,0,,,,,,,,,,,,,,,,0,3419,37439,0,40858,300,2529,0,2829,3118,34910,0,38028,112,2109,,2222,0,1556,,1556,1690,19002,,20692,1802,22667,,24470,58,65,,64,116,2182,0,2298,1313,12170,0,13483,,,,,,,,,,,,,,48513,0,86541,0,0,,0,,0,,,,,,,,86541,0
144,CHHATTISGARH,SURGUJA,,1389,1367,0,1369,32666,392776,0,425442,93673,519115,2766,32627,0,35392,240,,,240,1151,0,0,1151,453,4758,0,5211,654,327,,981,27,184,0,211,,,,,,,,,5290,37895,0,43186,,,,,,,,,,,,0,,,,0,,,,,,,,,,,,,,,,0,5290,37895,0,43186,529,3048,0,3577,4761,34847,0,39609,203,2161,,2365,0,1193,,1193,1613,14624,,16237,1817,17979,,19795,38,52,,50,210,2226,0,2436,2953,16804,0,19757,,,,,,,,,,,,,,78130,0,117738,0,0,,0,,0,,,,,,,,117738,0
145,DADRA AND NAGAR HAVELI,DADRA NAGAR HAVELI,,2266,2266,0,2266,4235,37365,0,41600,7500,49100,537,4942,0,5479,47,,,47,2068,0,0,2068,54,213,0,267,62,,,62,1898,,,1898,,,,,,,,,4665,5155,0,9820,,,,,,,,,,,,0,,,,0,,,,,,,,,,,,,,,,0,4665,5155,0,9820,467,258,0,724,4199,4897,0,9096,258,1035,,1292,100,898,,998,179,710,,889,537,2642,,3179,13,54,,35,2173,1035,0,3208,1747,2255,0,4002,,,,,,,,,,,,,,0,0,9096,0,0,,0,,0,,0,,0,,0,,9096,0
146,DAMAN AND DIU,DAMAN,,2275,0,0,2195,6840,0,250,7090,110,7200,1876,0,0,1876,12,,0,12,0,0,0,0,62,0,0,62,574,,,574,12,,,12,,,,,,,,,2537,0,0,2537,,,,,,,,,,,,0,,,,0,,,,,,,,,,,,,,,,0,2537,0,0,2537,127,0,0,127,2410,0,0,2410,731,,0,731,507,,0,507,215,,0,215,1453,,0,1453,60,,0,60,1808,0,0,1808,957,0,0,957,,,,,,,,,,,,,,0,0,2410,0,0,,0,,0,,0,,0,,0,,2410,0
147,DAMAN AND DIU,DIU,,923,0,0,848,3676,0,324,4000,0,4000,143,0,0,143,0,,,0,0,0,0,0,12,0,0,12,31,,,31,0,0,0,0,,,,,,,,,187,0,0,187,,,,,,,,,,,,0,,,,0,,,,,,,,,,,,,,,,0,187,0,0,187,9,0,0,9,177,0,0,177,28,,0,28,23,,0,23,42,,0,42,93,,0,93,53,,0,53,35,0,0,35,78,0,0,78,,,,,,,,,,,,,,0,0,177,0,0,,0,,0,,0,,0,,0,,177,0
148,DELHI,CENTRAL,,0,652,0,652,0,7931,0,7931,0,7931,0,461,0,461,0,,0,0,0,0,0,0,0,69,0,69,0,2,0,2,0,53,0,53,0,1982,0,1982,0,0,0,0,0,2567,0,2567,,,,,,,,,,,,0,,,,0,,,,,,,,,,,,,,,,0,0,2567,0,2567,0,257,0,257,0,2310,0,2310,,1498,,1498,,0,,0,,249,,249,,1747,,1747,,76,,76,0,2287,0,2287,0,563,0,563,,,,,,,,,,,,,,0,0,2310,0,0,,0,,0,,,,,,,,2310,0
149,DELHI,EAST,,0,652,0,652,0,3160,0,3160,0,3160,0,147,0,147,0,,0,0,0,0,0,0,0,33,0,33,0,5,0,5,0,53,0,53,0,1431,0,1431,0,0,0,0,0,1668,0,1668,,,,,,,,,,,,0,,,,0,,,,,,,,,,,,,,,,0,0,1668,0,1668,0,167,0,167,0,1501,0,1501,,1329,,1329,,0,,0,,119,,119,,1448,,1448,,96,,96,0,1530,0,1530,0,72,0,72,,,,,,,,,,,,,,0,0,1501,0,0,,0,,0,,,,,,,,1501,0
150,DELHI,NAZUL LAND,,0,652,0,652,0,2579,0,2579,0,2579,0,391,0,391,0,,0,0,0,0,0,0,0,64,0,64,0,0,0,0,0,3,0,3,0,114,0,114,0,0,0,0,0,571,0,571,,,,,,,,,,,,0,,,,0,,,,,,,,,,,,,,,,0,0,571,0,571,0,57,0,57,0,514,0,514,,105,,105,,0,,0,,233,,233,,338,,338,,66,,66,0,105,0,105,0,176,0,176,,,,,,,,,,,,,,0,0,514,0,0,,0,,0,,,,,,,,514,0
151,DELHI,NEW DELHI,,0,652,0,652,0,15809,0,15809,0,15809,0,1119,0,1119,0,,0,0,0,0,0,0,0,190,0,190,0,7,0,7,0,63,0,63,0,1651,0,1651,0,0,0,0,0,3029,0,3029,,,,,,,,,,,,0,,,,0,,,,,,,,,,,,,,,,0,0,3029,0,3029,0,303,0,303,0,2726,0,2726,,2671,,2671,,2,,2,,687,,687,,3360,,3360,,123,,123,0,2842,0,2842,0,9,0,9,,,,,,,,,,,,,,0,0,2726,0,0,,0,,0,,,,,,,,2726,0
152,DELHI,NORTH,,0,652,0,652,0,29114,0,29114,0,29114,0,2300,0,2300,0,,0,0,0,0,0,0,0,137,0,137,0,15,0,15,0,71,0,71,0,2203,0,2203,0,0,0,0,0,4725,0,4725,,,,,,,,,,,,0,,,,0,,,,,,,,,,,,,,,,0,0,4725,0,4725,0,472,0,472,0,4252,0,4252,,3248,,3248,,50,,50,,492,,492,,3790,,3790,,89,,89,0,3535,0,3535,0,462,0,462,,,,,,,,,,,,,,0,0,4252,0,0,,0,,0,,,,,,,,4252,0
153,DELHI,NORTH EAST,,0,652,0,652,0,3567,0,3567,0,3567,0,184,0,184,0,,0,0,0,0,0,0,0,43,0,43,0,2,0,2,0,37,0,37,0,1547,0,1547,0,0,0,0,0,1814,0,1814,,,,,,,,,,,,0,,,,0,,,,,,,,,,,,,,,,0,0,1814,0,1814,0,181,0,181,0,1632,0,1632,,1576,,1576,,0,,0,,155,,155,,1730,,1730,,106,,106,0,1627,0,1627,0,50,0,50,,,,,,,,,,,,,,0,0,1632,0,0,,0,,0,,,,,,,,1632,0
154,DELHI,NORTH WEST,,0,652,0,652,0,15436,0,15436,0,15436,0,1296,0,1296,0,,0,0,0,0,0,0,0,141,0,141,0,1,0,1,0,48,0,48,0,2386,0,2386,0,0,0,0,0,3873,0,3873,,,,,,,,,,,,0,,,,0,,,,,,,,,,,,,,,,0,0,3873,0,3873,0,387,0,387,0,3486,0,3486,,1748,,1748,,1,,1,,511,,511,,2260,,2260,,65,,65,0,2692,0,2692,0,1226,0,1226,,,,,,,,,,,,,,0,0,3486,0,0,,0,,0,,,,,,,,3486,0
155,DELHI,SHAHDARA,,0,652,0,652,0,3459,0,3459,0,3459,0,149,0,149,0,,0,0,0,0,0,0,0,94,0,94,0,2,0,2,0,53,0,53,0,1353,0,1353,0,0,0,0,0,1651,0,1651,,,,,,,,,,,,0,,,,0,,,,,,,,,,,,,,,,0,0,1651,0,1651,0,165,0,165,0,1486,0,1486,,1328,,1328,,1,,1,,338,,338,,1667,,1667,,112,,112,0,1549,0,1549,0,13,0,13,,,,,,,,,,,,,,0,0,1486,0,0,,0,,0,,,,,,,,1486,0
156,DELHI,SOUTH,,0,652,0,652,0,15785,0,15785,0,15785,0,1184,0,1184,0,,0,0,0,0,0,0,0,197,0,197,0,26,0,26,0,65,0,65,0,3055,0,3055,0,0,0,0,0,4527,0,4527,,,,,,,,,,,,0,,,,0,,,,,,,,,,,,,,,,0,0,4527,0,4527,0,453,0,453,0,4075,0,4075,,3504,,3504,,0,,0,,710,,710,,4214,,4214,,103,,103,0,3504,0,3504,0,138,0,138,,,,,,,,,,,,,,0,0,4075,0,0,,0,,0,,,,,,,,4075,0
157,DELHI,SOUTH EAST,,0,652,0,652,0,10352,0,10352,0,10352,0,648,0,648,0,,0,0,0,0,0,0,0,61,0,61,0,3,0,3,0,59,0,59,0,1893,0,1893,0,0,0,0,0,2664,0,2664,,,,,,,,,,,,0,,,,0,,,,,,,,,,,,,,,,0,0,2664,0,2664,0,266,0,266,0,2398,0,2398,,1883,,1883,,13,,13,,220,,220,,2116,,2116,,88,,88,0,1940,0,1940,0,225,0,225,,,,,,,,,,,,,,0,0,2398,0,0,,0,,0,,,,,,,,2398,0
158,DELHI,SOUTH WEST,,0,652,0,652,0,30516,0,30516,0,30516,0,2920,0,2920,0,,0,0,0,0,0,0,0,1102,0,1102,0,26,0,26,0,72,0,72,0,3260,0,3260,0,0,0,0,0,7380,0,7380,,,,,,,,,,,,0,,,,0,,,,,,,,,,,,,,,,0,0,7380,0,7380,0,738,0,738,0,6642,0,6642,,1907,,1907,,0,,0,,3981,,3981,,5888,,5888,,89,,89,0,3220,0,3220,0,138,0,138,,,,,,,,,,,,,,0,0,6642,0,0,,0,,0,,,,,,,,6642,0
159,DELHI,WEST,,0,652,0,652,0,11054,0,11054,0,11054,0,1248,0,1248,0,,0,0,0,0,0,0,0,203,0,203,0,6,0,6,0,66,0,66,0,2312,0,2312,0,0,0,0,0,3835,0,3835,,,,,,,,,,,,0,,,,0,,,,,,,,,,,,,,,,0,0,3835,0,3835,0,300,0,300,0,3535,0,3535,,2539,,2539,,1,,1,,732,,732,,3271,,3271,,93,,93,0,2545,0,2545,0,360,0,360,,,,,,,,,,,,,,0,0,3535,0,0,,0,,0,,,,,,,,3535,0
160,GOA,GOA NORTH,,3408,3343,0,3354,17854,81133,0,98987,47323,146310,2523,12070,0,14593,287,,0,287,689,26,0,716,0,372,0,372,7,29,0,37,319,172,0,492,,,,,,,,,3826,12670,0,16495,,,,,,,,,,,,0,,,,0,,,,,,,,,,,,,,,,0,3826,12670,0,16495,765,2534,0,3299,3060,10136,0,13196,288,1536,,1824,21,84,,106,195,1481,,1675,504,3101,,3605,16,31,,27,342,1820,0,2162,2503,6751,0,9254,,,,,,,,,,,,,,0,0,13196,0,0,,0,,0,,,,,,,,13196,0
161,GOA,SOUTH GOA,,3413,3350,0,3356,10861,111111,0,121972,101916,223888,1926,17777,0,19704,460,,0,460,359,141,0,500,0,213,0,213,12,155,0,167,33,555,0,588,,,,,,,,,2791,18841,0,21631,,,,,,,,,,,,0,,,,0,,,,,,,,,,,,,,,,0,2791,18841,0,21631,558,3768,0,4326,2232,15073,0,17305,203,1995,,2199,32,344,,375,73,853,,926,308,3192,,3500,14,21,,20,241,2365,0,2606,1887,11511,0,13397,,,,,,,,,,,,,,0,0,17305,0,0,,0,,0,,,,,,,,17305,0
162,GUJARAT,AHMEDABAD,,741,0,687,701,184138,0,523588,707726,0,707726,25277,0,76462,101739,2715,,437018,439734,10754,0,0,10754,3703,0,9212,12915,193,,216,409,3131,,1594,4725,0,0,0,0,0,0,0,0,45773,0,524502,570275,,,,,,,,,,,,0,,,,0,,,,,,,,,,,,,,,,0,45773,0,524502,570275,3515,0,52393,55907,42258,0,472110,514368,2663,,2148,4811,3490,,0,3490,24586,,42485,67072,30739,,44634,75372,73,,9,73,2980,0,2792,2980,16338,0,427386,16338,,,,,,,,,,,,,,0,0,42258,472110,0,,0,,0,,,,,,,,42258,472110
163,GUJARAT,AMRELI,,731,0,856,735,723204,0,24643,747847,0,747847,133588,0,1429,135017,31,,0,31,1620,0,0,1620,12863,0,367,13230,373,,3,376,3804,,41,3845,,,,,,,,,152278,0,1840,154119,,,,,,,,,,,,0,,,,0,,,,,,,,,,,,,,,,0,152278,0,1840,154119,7614,0,92,7706,144665,0,1748,146413,1217,,37,1254,74,,0,74,81614,,1359,82974,82905,,1397,84302,57,,80,57,1340,0,41,1340,61636,0,348,61636,,,,,,,,,,,,,,0,0,144665,1748,0,,0,,0,,,,,,,,144665,1748
164,GUJARAT,ANAND,,872,0,831,859,212912,0,91208,304119,0,304119,33540,0,15086,48626,51942,,0,51942,26138,0,0,26138,6588,0,1155,7742,588,,75,663,1034,,38,1073,,,,,,,,,119831,0,16353,136184,,,,,,,,,,,,0,,,,0,,,,,,,,,,,,,,,,0,119831,0,16353,136184,9036,0,835,9871,110795,0,15518,126313,3626,,519,4145,2624,,0,2624,26368,,4260,30628,32618,,4779,37397,29,,31,29,4182,0,598,4182,77621,0,10659,77621,,,,,,,,,,,,,,0,0,110795,15518,0,,0,,0,,,,,,,,110795,15518
165,GUJARAT,ARVALLI,,901,0,0,901,310372,0,0,310372,6518,316890,80036,0,0,80036,1216,,0,1216,1672,0,0,1672,7163,0,0,7163,253,,0,253,639,,0,639,,,,,,,,,90978,0,0,90978,,,,,,,,,,,,0,,,,0,,,,,,,,,,,,,,,,0,90978,0,0,90978,4549,0,0,4549,86429,0,0,86429,2089,,,2089,25,,,25,35908,,,35908,38022,,,38022,44,,,44,2528,0,0,2528,47968,0,0,47968,,,,,,,,,,,,,,0,0,86429,0,0,,0,,0,,,,,,,,86429,0
166,GUJARAT,BANASKANTHA,,761,0,553,686,669984,0,380151,1050135,29809,1079945,100029,0,49788,149817,594,,7092,7686,88,0,0,88,12992,0,4999,17991,343,,183,526,18076,,1288,19364,,,,,,,,,132122,0,63349,195471,,,,,,,,,,,,0,,,,0,,,,,,,,,,,,,,,,0,132122,0,63349,195471,13212,0,6335,19547,118910,0,57014,175924,4343,,867,5210,42,,0,42,140057,,44688,184745,144442,,45555,189997,121,,80,121,5800,0,1158,5800,11587,0,24355,11587,,,,,,,,,,,,,,0,0,118910,57014,0,,0,,0,,,,,,,,118910,57014
167,GUJARAT,BHARUCH,,827,0,771,805,332923,0,213376,546298,4390,550688,41929,0,24593,66522,8433,,1015,9447,9495,0,0,9495,3806,0,905,4711,530,,248,778,5392,,105,5497,,,,,,,,,69584,0,26866,96451,,,,,,,,,,,,0,,,,0,,,,,,,,,,,,,,,,0,69584,0,26866,96451,6027,0,2229,8256,63558,0,24637,88195,1857,,626,2484,1340,,0,1340,14125,,3579,17704,17322,,4205,21527,27,,17,27,2155,0,703,2155,45939,0,20443,45939,,,,,,,,,,,,,,0,0,63558,24637,0,,0,,0,,,,,,,,63558,24637
168,GUJARAT,BHAVNAGAR,,672,0,767,691,585752,0,142396,728148,0,728148,90285,0,13010,103295,379,,0,379,6777,0,0,6777,8985,0,1254,10239,489,,19,508,4931,,235,5166,,,,,,,,,111846,0,14518,126364,,,,,,,,,,,,0,,,,0,,,,,,,,,,,,,,,,0,111846,0,14518,126364,5592,0,746,6338,106254,0,13772,120026,3237,,726,3964,79,,0,79,44385,,5177,49562,47701,,5903,53605,45,,43,45,3913,0,878,3913,57877,0,9021,57877,,,,,,,,,,,,,,0,0,106254,13772,0,,0,,0,,,,,,,,106254,13772
169,GUJARAT,BOTAD,,712,0,721,714,203056,0,45424,248480,0,248480,38612,0,6076,44688,523,,0,523,313,0,0,313,4033,0,850,4882,38,,4,42,1782,,37,1818,,,,,,,,,45301,0,6966,52266,,,,,,,,,,,,0,,,,0,,,,,,,,,,,,,,,,0,45301,0,6966,52266,2265,0,350,2615,43035,0,6616,49651,920,,114,1033,17,,0,17,23708,,3905,27613,24644,,4019,28663,57,,61,57,1112,0,137,1112,18199,0,2573,18199,,,,,,,,,,,,,,0,0,43035,6616,0,,0,,0,,,,,,,,43035,6616
170,GUJARAT,CHHOTA UDEPUR,,1119,0,0,1119,326493,0,0,326493,17298,343791,42927,0,0,42927,8720,,0,8720,1931,0,0,1931,5965,0,0,5965,316,,0,316,3455,,0,3455,,,,,,,,,63315,0,0,63315,,,,,,,,,,,,0,,,,0,,,,,,,,,,,,,,,,0,63315,0,0,63315,6332,0,0,6332,56984,0,0,56984,2265,,,2265,1,,,1,23578,,,23578,25844,,,25844,45,,,45,2662,0,0,2662,30742,0,0,30742,,,,,,,,,,,,,,0,0,56984,0,0,,0,,0,,,,,,,,56984,0
171,GUJARAT,DAHOD,,724,0,0,724,351971,0,0,351971,12158,364129,19313,0,0,19313,859,,0,859,3948,0,0,3948,3123,0,0,3123,225,,0,225,9973,,0,9973,,,,,,,,,37441,0,0,37441,,,,,,,,,,,,0,,,,0,,,,,,,,,,,,,,,,0,37441,0,0,37441,3404,0,0,3404,34037,0,0,34037,2360,,,2360,3,,,3,11501,,,11501,13864,,,13864,41,,,41,3390,0,0,3390,19143,0,0,19143,,,,,,,,,,,,,,0,0,34037,0,0,,0,,0,,,,,,,,34037,0
172,GUJARAT,DANG,,2388,0,0,2388,144922,0,0,144922,35515,180437,32398,0,0,32398,0,,0,0,8,0,0,8,949,0,0,949,98,,0,98,1204,,0,1204,,,,,,,,,34657,0,0,34657,,,,,,,,,,,,0,,,,0,,,,,,,,,,,,,,,,0,34657,0,0,34657,3466,0,0,3466,31191,0,0,31191,503,,,503,1,,,1,3452,,,3452,3956,,,3956,13,,,13,646,0,0,646,27092,0,0,27092,,,,,,,,,,,,,,0,0,31191,0,0,,0,,0,,,,,,,,31191,0
173,GUJARAT,DEVBHUMI DWARKA,,937,0,812,919,360786,0,59851,420637,12245,432882,38179,0,4549,42727,522,,0,522,196,0,0,196,5377,0,620,5997,210,,12,222,1404,,110,1515,,,,,,,,,45888,0,5291,51179,,,,,,,,,,,,0,,,,0,,,,,,,,,,,,,,,,0,45888,0,5291,51179,2294,0,265,2559,43593,0,5026,48620,1600,,100,1700,100,,0,100,28956,,2958,31913,30656,,3058,33714,70,,61,70,1863,0,117,1863,12674,0,1952,12674,,,,,,,,,,,,,,0,0,43593,5026,0,,0,,0,,,,,,,,43593,5026
174,GUJARAT,GANDHINAGAR,,795,0,0,795,215521,0,0,215521,0,215521,45095,0,0,45095,9523,,1781,11304,137,0,0,137,6478,0,0,6478,368,,0,368,1700,0,0,1700,,,,,,,,,63300,0,1781,65082,,,,,,,,,,,,0,,,,0,,,,,,,,,,,,,,,,0,63300,0,1781,65082,5509,0,178,5687,57791,0,1603,59394,1365,,,1365,926,,,926,62018,,,62018,64309,,,64309,111,,,111,1887,0,0,1887,9669,0,1603,9669,,,,,,,,,,,,,,0,0,57791,1603,0,,0,,0,,,,,,,,57791,1603
175,GUJARAT,GIR SOMNATH,,1109,0,1075,1108,315650,0,12939,328588,0,328588,66793,0,4169,70962,1076,,0,1076,224,0,0,224,7204,0,341,7545,335,,42,377,768,,51,820,,,,,,,,,76400,0,4603,81004,,,,,,,,,,,,0,,,,0,,,,,,,,,,,,,,,,0,76400,0,4603,81004,6104,0,312,6416,70296,0,4291,74587,3032,,29,3061,77,,0,77,31370,,1458,32828,34479,,1487,35966,49,,35,49,3472,0,33,3472,35378,0,2800,35378,,,,,,,,,,,,,,0,0,70296,4291,0,,0,,0,,,,,,,,70296,4291
176,GUJARAT,JAMNAGAR,,807,0,821,808,579332,0,63016,642348,99,642447,116935,0,4203,121138,337,,0,337,3592,0,0,3592,11409,0,1235,12644,244,,14,258,5011,,90,5101,,,,,,,,,137527,0,5542,143069,,,,,,,,,,,,0,,,,0,,,,,,,,,,,,,,,,0,137527,0,5542,143069,6876,0,287,7163,130651,0,5255,135906,2454,,96,2549,46,,0,46,54492,,4340,58832,56992,,4436,61428,44,,84,44,2857,0,111,2857,73256,0,1246,73256,,,,,,,,,,,,,,0,0,130651,5255,0,,0,,0,,,,,,,,130651,5255
177,GUJARAT,JUNAGADH,,1192,0,1047,1182,509084,0,38041,547124,8142,555266,143726,0,9179,152905,1065,,0,1065,151,0,0,151,12206,0,1200,13405,227,,22,249,1371,,83,1453,,,,,,,,,158745,0,10483,169229,,,,,,,,,,,,0,,,,0,,,,,,,,,,,,,,,,0,158745,0,10483,169229,7937,0,530,8467,150808,0,9954,160762,3197,,136,3333,79,,0,79,68229,,5580,73809,71505,,5716,77221,47,,57,47,3845,0,156,3845,78655,0,4592,78655,,,,,,,,,,,,,,0,0,150808,9954,0,,0,,0,,,,,,,,150808,9954
178,GUJARAT,KACHCHH,,561,0,560,560,840179,0,1208956,2049136,0,2049136,63154,0,99800,162955,23,,2892,2915,6272,0,0,6272,6485,0,10689,17174,491,,111,602,22162,,527,22689,,,,,,,,,98586,0,114020,212606,,,,,,,,,,,,0,,,,0,,,,,,,,,,,,,,,,0,98586,0,114020,212606,8670,0,10979,19650,89916,0,103040,192956,1107,,2492,3599,1077,,0,1077,44384,,69419,113802,46568,,71911,118478,52,,70,52,1636,0,3682,1636,43128,0,38764,43128,,,,,,,,,,,,,,0,0,89916,103040,0,,0,,0,,,,,,,,89916,103040
179,GUJARAT,KHEDA,,872,0,795,859,286445,0,57320,343764,0,343764,45111,0,8967,54077,18922,,0,18922,14272,0,0,14272,5871,0,1920,7791,687,,12,699,1815,,10,1824,,,,,,,,,86678,0,10909,97587,,,,,,,,,,,,0,,,,0,,,,,,,,,,,,,,,,0,86678,0,10909,97587,7316,0,974,8290,79362,0,9934,89296,2920,,348,3268,631,,0,631,29309,,7221,36529,32860,,7569,40429,41,,76,41,3375,0,403,3375,46047,0,2311,46047,,,,,,,,,,,,,,0,0,79362,9934,0,,0,,0,,,,,,,,79362,9934
180,GUJARAT,MAHESANA,,761,0,760,760,288807,0,151941,440748,2428,443176,51721,0,24111,75832,6875,,174738,181614,5605,0,0,5605,14402,0,6668,21070,431,,46,477,3330,,681,4011,,,,,,,,,82365,0,206244,288609,,,,,,,,,,,,0,,,,0,,,,,,,,,,,,,,,,0,82365,0,206244,288609,7814,0,20624,28439,74551,0,185620,260170,1464,,481,1945,942,,0,942,78663,,32841,111504,81069,,33322,114391,109,,18,109,1651,0,543,1651,6309,0,156937,6309,,,,,,,,,,,,,,0,0,74551,185620,0,,0,,0,,,,,,,,74551,185620
181,GUJARAT,MAHISAGAR,,752,0,0,752,245901,0,0,245901,4096,249997,17689,0,0,17689,4970,,0,4970,4365,0,0,4365,4023,0,0,4023,424,,0,424,2663,,0,2663,,,,,,,,,34133,0,0,34133,,,,,,,,,,,,0,,,,0,,,,,,,,,,,,,,,,0,34133,0,0,34133,3413,0,0,3413,30720,0,0,30720,918,,,918,13,,,13,14594,,,14594,15524,,,15524,51,,,51,1107,0,0,1107,15006,0,0,15006,,,,,,,,,,,,,,0,0,30720,0,0,,0,,0,,,,,,,,30720,0
182,GUJARAT,MORBI,,653,0,564,626,348052,0,151218,499270,0,499270,41583,0,13694,55276,131,,66,197,19025,0,0,19025,8744,0,1824,10568,334,,63,397,2496,,152,2647,,,,,,,,,72314,0,15797,88111,,,,,,,,,,,,0,,,,0,,,,,,,,,,,,,,,,0,72314,0,15797,88111,4694,0,1368,6061,67620,0,14430,82050,1488,,180,1668,192,,0,192,33312,,6289,39601,34992,,6469,41461,52,,45,52,1862,0,223,1862,32254,0,10331,32254,,,,,,,,,,,,,,0,0,67620,14430,0,,0,,0,,,,,,,,67620,14430
183,GUJARAT,NARMADA,,1123,0,0,1123,250995,0,0,250995,29237,280232,27824,0,0,27824,1889,,0,1889,1966,0,0,1966,5549,0,0,5549,65,,0,65,4359,,0,4359,,,,,,,,,41652,0,0,41652,,,,,,,,,,,,0,,,,0,,,,,,,,,,,,,,,,0,41652,0,0,41652,2995,0,0,2995,38657,0,0,38657,553,,,553,5,,,5,25284,,,25284,25842,,,25842,67,,,67,654,0,0,654,12714,0,0,12714,,,,,,,,,,,,,,0,0,38657,0,0,,0,,0,,,,,,,,38657,0
184,GUJARAT,NAVSARI,,1895,0,0,1895,216782,0,0,216782,5828,222610,61639,0,0,61639,2792,,0,2792,12162,0,0,12162,5819,0,0,5819,178,,39,217,696,,69,764,,,,,,,,,83285,0,108,83393,,,,,,,,,,,,0,,,,0,,,,,,,,,,,,,,,,0,83285,0,108,83393,6120,0,11,6131,77165,0,97,77262,2712,,,2712,276,,,276,21010,,,21010,23997,,,23997,31,,,31,2973,0,0,2973,52907,0,97,52907,,,,,,,,,,,,,,0,0,77165,97,0,,0,,0,,,,,,,,77165,97
185,GUJARAT,PANCHMAHAL,,912,0,0,912,325474,0,0,325474,3567,329041,20535,0,0,20535,13083,,0,13083,5447,0,0,5447,3594,0,0,3594,225,,0,225,15307,,0,15307,,,,,,,,,58192,0,0,58192,,,,,,,,,,,,0,,,,0,,,,,,,,,,,,,,,,0,58192,0,0,58192,3894,0,0,3894,54298,0,0,54298,1564,,,1564,375,,,375,12748,,,12748,14687,,,14687,27,,,27,1923,0,0,1923,39252,0,0,39252,,,,,,,,,,,,,,0,0,54298,0,0,,0,,0,,,,,,,,54298,0
186,GUJARAT,PATAN,,813,0,579,627,117108,0,451543,568651,0,568651,25117,0,55983,81100,7080,,7809,14889,527,0,0,527,3717,0,3863,7580,45,,189,234,4522,,5704,10227,,,,,,,,,41008,0,73548,114556,,,,,,,,,,,,0,,,,0,,,,,,,,,,,,,,,,0,41008,0,73548,114556,3398,0,7355,10753,37610,0,66193,103803,938,,543,1482,29,,0,29,43629,,25979,69608,44596,,26522,71118,119,,40,119,1094,0,633,1094,12,0,45810,12,,,,,,,,,,,,,,0,0,37610,66193,0,,0,,0,,,,,,,,37610,66193
187,GUJARAT,PORBANDAR,,854,0,829,844,133858,0,96683,230541,0,230541,19625,0,13174,32799,75,,0,75,0,0,0,0,2596,0,2088,4683,48,,17,65,650,,120,770,,,,,,,,,22994,0,15398,38392,,,,,,,,,,,,0,,,,0,,,,,,,,,,,,,,,,0,22994,0,15398,38392,1548,0,1204,2751,21447,0,14194,35641,527,,367,894,222,,0,222,11376,,8307,19683,12125,,8674,20799,57,,61,57,584,0,407,584,9264,0,5480,9264,,,,,,,,,,,,,,0,0,21447,14194,0,,0,,0,,,,,,,,21447,14194
188,GUJARAT,RAJKOT,,813,0,558,809,764587,0,11672,776259,0,776259,139884,0,0,139884,708,,0,708,2219,0,0,2219,24252,0,0,24252,435,,0,435,10423,,0,10423,0,0,0,0,0,0,0,0,177922,0,0,177922,,,,,,,,,,,,0,,,,0,,,,,,,,,,,,,,,,0,177922,0,0,177922,8896,0,0,8896,169025,0,0,169025,2596,,0,2596,520,,0,520,108251,,1676,109927,111367,,1676,113043,66,,0,66,3273,0,0,3273,56981,0,0,56981,,,,,,,,,,,,,,0,0,169025,0,0,,0,,0,,,,,,,,169025,0
189,GUJARAT,RANA AND KUTCH,,0,0,0,0,0,0,0,0,0,0,,,,,,,,,,,,,,,,,,,,,,,,,,,,,,,,,,,,,,,,,,,,,,,,0,,,,0,,,,,,,,,,,,,,,,0,,,,0,,,,0,0,0,0,0,,,,0,,,,,,,,,,,,,,,,,0,0,0,0,0,0,0,0,,,,,,,,,,,,,,0,0,0,0,0,,0,,0,,,,,,,,0,0
190,GUJARAT,SABARKANTHA,,919,0,0,919,407378,0,0,407378,17542,424920,57339,0,0,57339,5248,,0,5248,4575,0,0,4575,9319,0,0,9319,386,,0,386,8279,,0,8279,,,,,,,,,85146,0,0,85146,,,,,,,,,,,,0,,,,0,,,,,,,,,,,,,,,,0,85146,0,0,85146,8515,0,0,8515,76632,0,0,76632,2084,,,2084,272,,,272,55363,,,55363,57718,,,57718,75,,,75,2765,0,0,2765,20373,0,0,20373,,,,,,,,,,,,,,0,0,76632,0,0,,0,,0,,,,,,,,76632,0
191,GUJARAT,SURAT,,1579,0,1279,1551,381733,0,39507,421240,342,421582,96748,0,8958,105706,10035,,0,10035,28712,0,0,28712,9889,0,632,10520,359,,84,443,596,,3,599,0,0,0,0,0,0,0,0,146339,0,9677,156016,,,,,,,,,,,,0,,,,0,,,,,,,,,,,,,,,,0,146339,0,9677,156016,11591,0,691,12281,134748,0,8986,143735,19560,,176,19736,3078,,0,3078,34100,,2178,36278,56738,,2354,59091,42,,26,42,32630,0,300,32630,78135,0,6509,78135,,,,,,,,,,,,,,0,0,134748,8986,0,,0,,0,,,,,,,,134748,8986
192,GUJARAT,SURENDRANAGAR,,612,0,602,607,444181,0,483426,927607,0,927607,61098,0,43392,104491,225,,107060,107285,7887,0,0,7887,6689,0,4971,11661,85,,51,136,4407,,550,4957,,,,,,,,,80391,0,156025,236417,,,,,,,,,,,,0,,,,0,,,,,,,,,,,,,,,,0,80391,0,156025,236417,4712,0,14271,18982,75680,0,141755,217434,1293,,1568,2860,116,,0,116,37761,,23770,61530,39170,,25338,64507,52,,18,52,1551,0,1881,1551,36252,0,117510,36252,,,,,,,,,,,,,,0,0,75680,141755,0,,0,,0,,,,,,,,75680,141755
193,GUJARAT,TAPI,,1484,0,0,1484,308550,0,0,308550,10022,318572,54150,0,0,54150,3073,,0,3073,11567,0,0,11567,7308,0,0,7308,166,,0,166,951,,0,951,,,,,,,,,77215,0,0,77215,,,,,,,,,,,,0,,,,0,,,,,,,,,,,,,,,,0,77215,0,0,77215,5980,0,0,5980,71235,0,0,71235,510,,,510,61,,,61,25850,,,25850,26421,,,26421,37,,,37,974,0,0,974,44350,0,0,44350,,,,,,,,,,,,,,0,0,71235,0,0,,0,,0,,,,,,,,71235,0
194,GUJARAT,VADODARA,,898,0,0,898,406399,0,0,406399,0,406399,62891,0,0,62891,5850,,20772,26622,13759,0,0,13759,16438,0,0,16438,829,,0,829,7574,,0,7574,0,0,0,0,0,0,0,0,107340,0,20772,128112,,,,,,,,,,,,0,,,,0,,,,,,,,,,,,,,,,0,107340,0,20772,128112,5990,0,2077,8067,101350,0,18695,120045,6681,,,6681,2381,,,2381,58365,,,58365,67426,,,67426,67,,,67,7853,0,0,7853,33976,0,18695,33976,,,,,,,,,,,,,,0,0,101350,18695,0,,0,,0,,,,,,,,101350,18695
195,GUJARAT,VALSAD,,2487,0,0,2487,238388,0,0,238388,62509,300897,56361,0,0,56361,594,,0,594,12526,0,0,12526,4435,0,0,4435,183,,11,194,3009,,0,3009,,,,,,,,,77108,0,11,77119,,,,,,,,,,,,0,,,,0,,,,,,,,,,,,,,,,0,77108,0,11,77119,7711,0,1,7712,69397,0,10,69407,4442,,,4442,718,,,718,16558,,,16558,21718,,,21718,31,,,31,5656,0,0,5656,46465,0,10,46465,,,,,,,,,,,,,,0,0,69397,10,0,,0,,0,,,,,,,,69397,10
196,HARYANA,AMBALA,,1066,0,0,1066,150905,0,0,150905,300,151205,27696,0,0,27696,1397,,0,1397,2384,0,0,2384,11271,0,0,11271,274,,,274,26,,,26,,,,,,,,,43048,0,0,43048,,,,,,,,,,,,0,,,,0,0,0,0,0,0,0,0,0,0,0,0,0,0,0,0,0,43048,0,0,43048,4305,0,0,4305,38743,0,0,38743,7009,,,7009,7575,,,7575,35844,,,35844,50427,,,50427,130,,,130,7009,0,0,7009,730,0,0,730,,,,,,,31,0,0,,,,,0,0,38743,0,0,,0,,0,,,,,,,,38743,0
197,HARYANA,BHIWANI,,426,0,0,347,267495,0,61200,328695,1032,329727,17417,0,0,17417,3600,,0,3600,9006,0,0,9006,13290,0,0,13290,115,,,115,0,,,0,,,,,,,,,43428,0,0,43428,,,,,,,,,,,,0,,,,0,0,0,0,0,0,0,0,0,0,0,0,0,0,0,0,0,43428,0,0,43428,4343,0,0,4343,39085,0,0,39085,2048,,0,2048,1993,,0,1993,39303,,14219,53523,43344,,14219,57563,111,,0,111,2048,0,0,2048,7146,0,0,7146,,,,,,,2051,0,0,,,,,0,0,39085,0,0,,0,,0,,,,,,,,39085,0
198,HARYANA,CHARKHI DADRI,,434,0,0,425,134336,0,2825,137161,189,137350,9657,0,0,9657,179,,0,179,1733,0,0,1733,7303,0,0,7303,268,,,268,0,,,0,,,,,,,,,19140,0,0,19140,,,,,,,,,,,,0,,,,0,0,0,0,0,0,0,0,0,0,0,0,0,0,0,0,0,19140,0,0,19140,1721,0,0,1721,17419,0,0,17419,1254,,0,1254,28,,0,28,23034,,1868,24902,24315,,1868,26183,140,,0,140,1268,0,0,1268,3851,0,0,3851,,,,,,,9791,0,0,,,,,0,0,17419,0,0,,0,,0,,,,,,,,17419,0
199,HARYANA,FARIDABAD,,683,0,0,602,57725,0,7836,65561,8717,74278,7348,0,0,7348,758,,,758,1875,0,0,1875,4601,0,0,4601,76,,,76,295,,,295,0,0,0,0,0,0,0,0,14952,0,0,14952,,,,,,,,,,,,0,,,,0,0,0,0,0,0,0,0,0,0,0,0,0,0,0,0,0,14952,0,0,14952,1310,0,0,1310,13642,0,0,13642,4450,,0,4450,5160,,0,5160,14316,,998,15314,23925,,998,24924,175,,0,175,4503,0,0,4503,432,0,0,432,,,,,,,0,0,0,,,,,0,0,13642,0,0,,0,,0,,,,,,,,13642,0
200,HARYANA,FATEHABAD,,298,0,0,298,251850,0,662,252512,0,252512,15079,0,0,15079,7480,,,7480,8987,0,0,8987,33836,0,0,33836,334,,,334,89,,,89,,,,,,,,,65804,0,0,65804,,,,,,,,,,,,0,,,,0,0,0,0,0,0,0,0,0,0,0,0,0,0,0,0,0,65804,0,0,65804,6580,0,0,6580,59224,0,0,59224,2002,,0,2002,98,,0,98,103258,,0,103258,105359,,0,105359,178,,0,178,2002,0,0,2002,954,0,0,954,,,,,,,4700,0,0,,,,,0,0,59224,0,0,,0,,0,,,,,,,,59224,0
201,HARYANA,GURGAON,,565,0,0,559,121113,0,1133,122246,3789,126035,12774,0,0,12774,228,,0,228,2640,0,0,2640,6867,0,0,6867,204,,,204,2373,0,,2373,16,0,0,16,0,0,0,0,25102,0,0,25102,,,,,,,,,0,0,0,0,,,,0,0,0,0,0,0,0,0,0,0,0,0,0,0,0,0,0,25102,0,0,25102,2510,0,0,2510,22591,0,0,22591,5192,,0,5192,17143,,0,17143,21628,,0,21628,43962,,0,43962,195,,0,195,5192,0,0,5192,0,0,0,0,,,,,,,0,0,0,,,,,0,0,22591,0,0,,0,,0,,,,,,,,22591,0
202,HARYANA,HISAR,,476,0,0,476,406838,0,689,407527,0,407527,36242,0,0,36242,4236,,0,4236,15182,0,0,15182,14960,0,0,14960,1133,,,1133,0,,,0,,,,,,,,,71752,0,0,71752,,,,,,,,,,,,0,,,,0,0,0,0,0,0,0,0,0,0,0,0,0,0,0,0,0,71752,0,0,71752,5666,0,0,5666,66086,0,0,66086,366,,0,366,230,,0,230,47456,,3617,51073,48052,,3617,51669,73,,0,73,366,0,0,366,24897,0,0,24897,,,,,,,0,0,0,,,,,0,0,66086,0,0,,0,,0,,,,,,,,66086,0
203,HARYANA,JHAJJAR,,584,0,0,464,153660,0,39805,193465,0,193465,17007,0,0,17007,4029,,0,4029,20402,0,0,20402,6978,0,0,6978,857,,,857,489,0,0,489,,,,,,,,,49764,0,0,49764,,,,,,,,,,,,0,,,,0,0,0,0,0,0,0,0,0,0,0,0,0,0,0,0,0,49764,0,0,49764,4075,0,0,4075,45688,0,0,45688,451,,0,451,115,,0,115,22096,,702,22798,22661,,702,23363,50,,0,50,451,0,0,451,23027,0,0,23027,,,,,,,30040,0,0,,,,,0,0,45688,0,0,,0,,0,,,,,,,,45688,0
204,HARYANA,JIND,,439,0,0,396,247943,0,27149,275091,0,275091,19508,0,0,19508,7891,,0,7891,22216,0,0,22216,24377,0,0,24377,1031,,,1031,804,,,804,,,,,,,,,75827,0,0,75827,,,,,,,,,,,,0,,,,0,0,0,0,0,0,0,0,0,0,0,0,0,0,0,0,0,75827,0,0,75827,7583,0,0,7583,68244,0,0,68244,1475,,0,1475,810,,0,810,77049,,10800,87849,79334,,10800,90134,116,,0,116,2557,0,0,2557,3754,0,0,3754,,,,,,,9548,0,0,,,,,0,0,68244,0,0,,0,,0,,,,,,,,68244,0
205,HARYANA,KAITHAL,,493,0,0,484,222872,0,4542,227414,0,227414,18591,0,0,18591,155,,0,155,2368,0,0,2368,24834,0,0,24834,542,,,542,0,,,0,,,,,,,,,46490,0,0,46490,,,,,,,,,,,,0,,,,0,0,0,0,0,0,0,0,0,0,0,0,0,0,0,0,0,46490,0,0,46490,4649,0,0,4649,41841,0,0,41841,3401,,0,3401,634,,0,634,78374,,0,78374,82409,,0,82409,197,,0,197,3893,0,0,3893,0,0,0,0,,,,,,,0,0,0,,,,,0,0,41841,0,54579,,2902918,,2957498,,,,,,,,41841,0
206,HARYANA,KARNAL,,650,0,0,649,246866,0,186,247052,0,247052,32752,0,0,32752,20768,,0,20768,1380,0,0,1380,62301,0,0,62301,505,,,505,0,0,0,0,,,,,,,,,117707,0,0,117707,,,,,,,,,,,,0,,,,0,0,0,0,0,0,0,0,0,0,0,0,0,0,0,0,0,117707,0,0,117707,11771,0,0,11771,105936,0,0,105936,8227,,0,8227,3292,,0,3292,172317,,0,172317,183837,,0,183837,174,,0,174,8227,0,0,8227,0,0,0,0,,,,,,,0,0,0,,,,,0,0,105936,0,95687,,3660027,,3755714,,,,,,,,105936,0
207,HARYANA,KURUKSHETRA,,624,0,0,624,168420,0,0,168420,0,168420,19521,0,0,19521,72,,0,72,361,0,0,361,21479,0,0,21479,391,,,391,0,,,0,,,,,,,,,41824,0,0,41824,,,,,,,,,,,,0,,,,0,0,0,0,0,0,0,0,0,0,0,0,0,0,0,0,0,41824,0,0,41824,3973,0,0,3973,37851,0,0,37851,4220,,,4220,12576,,,12576,68571,,,68571,85367,,,85367,226,,,226,4220,0,0,4220,0,0,0,0,,,,,,,0,0,0,,,,,0,0,37851,0,0,,0,,0,,,,,,,,37851,0
208,HARYANA,MAHENDRAGARH,,339,0,0,333,188542,0,3246,191788,2295,194083,10183,0,0,10183,542,,0,542,3830,0,0,3830,7028,0,0,7028,224,,,224,200,0,,200,,,,,,,,,22007,0,0,22007,,,,,,,,,,,,0,,,,0,0,0,0,0,0,0,0,0,0,0,0,0,0,0,0,0,22007,0,0,22007,2201,0,0,2201,19806,0,0,19806,4977,,0,4977,31,,0,31,26059,,0,26059,31067,,0,31067,157,,0,157,4977,0,0,4977,0,0,0,0,,,,,,,0,0,0,,,,,0,0,19806,0,0,,0,,0,,,,,,,,19806,0
209,HARYANA,MEWAT,,538,0,0,435,110702,0,26204,136906,13326,150232,9519,0,0,9519,1690,,0,1690,1754,0,0,1754,3326,0,0,3326,1519,,,1519,1467,0,,1467,,,,,,,,,19277,0,0,19277,,,,,,,,,,,,0,,,,0,0,0,0,0,0,0,0,0,0,0,0,0,0,0,0,0,19277,0,0,19277,1860,0,0,1860,17417,0,0,17417,2079,,0,2079,24,,0,24,10492,,3715,14207,12595,,3715,16310,72,,0,72,2079,0,0,2079,5454,0,0,5454,,,,,,,9532,0,0,,,,,0,0,17417,0,0,,0,,0,,,,,,,,17417,0
210,HARYANA,PALWAL,,500,0,0,442,120020,0,15806,135826,129,135955,10652,0,0,10652,13146,,0,13146,9102,0,0,9102,10703,0,0,10703,500,,,500,122,,,122,,,,,,,,,44226,0,0,44226,,,,,,,,,,,,0,,,,0,0,0,0,0,0,0,0,0,0,0,0,0,0,0,0,0,44226,0,0,44226,3838,0,0,3838,40387,0,0,40387,2283,,0,2283,733,,0,733,34137,,0,34137,37152,,0,37152,92,,0,92,2283,0,0,2283,7188,0,0,7188,,,,,,,5885,0,0,,,,,0,0,40387,0,0,,2200560,,2200560,,,,,,,,40387,0
211,HARYANA,PANCHKULA,,1379,0,0,1379,50672,0,0,50672,37615,88287,12273,0,0,12273,0,,0,0,0,0,0,0,2258,0,0,2258,51,,,51,0,,,0,,,,,,,,,14582,0,0,14582,,,,,,,,,,,,0,,,,0,0,0,0,0,0,0,0,0,0,0,0,0,0,0,0,0,14582,0,0,14582,1136,0,0,1136,13446,0,0,13446,1143,,,1143,90,,,90,7111,,,7111,8345,,,8345,62,,,62,1143,0,0,1143,5101,0,0,5101,,,,,,,3,0,0,,,,,0,0,13446,0,0,,0,,0,,,,,,,,13446,0
212,HARYANA,PANIPAT,,481,0,0,479,129637,0,636,130273,0,130273,12876,0,0,12876,2260,,,2260,2111,0,0,2111,34966,0,0,34966,336,,,336,74,,,74,,,,,,,,,52622,0,0,52622,,,,,,,,,,,,0,,,,0,0,0,0,0,0,0,0,0,0,0,0,0,0,0,0,0,52622,0,0,52622,5262,0,0,5262,47360,0,0,47360,2501,,0,2501,2016,,0,2016,98651,,1605,100256,103169,,1605,104774,218,,0,218,2501,0,0,2501,0,0,0,0,,,,,,,0,0,0,,,,,0,0,47360,0,0,,0,,0,,,,,,,,47360,0
213,HARYANA,REWARI,,550,0,0,542,144018,0,2150,146168,4720,150888,13430,0,0,13430,413,,0,413,5326,0,0,5326,9180,0,0,9180,284,,,284,181,0,,181,,,,,,,,,28813,0,0,28813,,,,,,,,,,,,0,,,,0,0,0,0,0,0,0,0,0,0,0,0,0,0,0,0,0,28813,0,0,28813,2330,0,0,2330,26483,0,0,26483,2225,,0,2225,1452,,0,1452,31591,,110,31701,35268,,110,35378,133,,0,133,2225,0,0,2225,147,0,0,147,,,,,,,0,0,0,,,,,0,0,26483,0,0,,0,,0,,,,,,,,26483,0
214,HARYANA,ROHTAK,,495,0,0,446,150389,0,16518,166907,0,166907,15523,0,0,15523,2967,,0,2967,10456,0,0,10456,4902,0,0,4902,527,,,527,2184,,,2184,,,,,,,,,36559,0,0,36559,,,,,,,,,,,,0,,,,0,0,0,0,0,0,0,0,0,0,0,0,0,0,0,0,0,36559,0,0,36559,3656,0,0,3656,32903,0,0,32903,554,,0,554,166,,0,166,15335,,6569,21904,16055,,6569,22623,49,,0,49,554,0,0,554,16848,0,0,16848,,,,,,,20024,0,0,,,,,0,0,32903,0,0,,0,,0,,,,,,,,32903,0
215,HARYANA,SIRSA,,344,0,0,284,352100,0,74893,426993,0,426993,22114,0,0,22114,2404,,0,2404,11625,0,0,11625,29899,0,0,29899,532,,,532,12,,,12,,,,,,,,,66585,0,0,66585,,,,,,,,,,,,0,,,,0,0,0,0,0,0,0,0,0,0,0,0,0,0,0,0,0,66585,0,0,66585,5711,0,0,5711,60875,0,0,60875,2346,,0,2346,266,,0,266,94616,,54049,148665,97229,,54049,151278,160,,0,160,2346,0,0,2346,3040,0,0,3040,,,,,,,2607,0,0,,,,,0,0,60875,0,0,,0,,0,,,,,,,,60875,0
216,HARYANA,SONIPAT,,488,0,0,452,199641,0,16081,215722,0,215722,19256,0,0,19256,7558,,0,7558,23487,0,0,23487,18065,0,0,18065,688,,,688,39,,,39,,,,,,,,,69093,0,0,69093,,,,,,,,,,,,0,,,,0,0,0,0,0,0,0,0,0,0,0,0,0,0,0,0,0,69093,0,0,69093,6909,0,0,6909,62183,0,0,62183,8951,,0,8951,939,,0,939,57721,,1760,59481,67612,,1760,69371,109,,0,109,8951,0,0,8951,5918,0,0,5918,,,,,,,6357,0,0,,,,,0,0,62183,0,0,,0,,0,,,,,,,,62183,0
217,HARYANA,YAMUNA NAGAR,,901,0,0,901,143277,0,0,143277,28500,171777,24866,0,0,24866,11768,,0,11768,2150,0,0,2150,19768,0,0,19768,225,,,225,0,,,0,,,,,,,,,58778,0,0,58778,,,,,,,,,,,,0,,,,0,0,0,0,0,0,0,0,0,0,0,0,0,0,0,0,0,58778,0,0,58778,5878,0,0,5878,52900,0,0,52900,5073,,,5073,2340,,,2340,63044,,,63044,70457,,,70457,133,,,133,5073,0,0,5073,2761,0,0,2761,,,,,,,34,0,0,,,,,0,0,52900,0,0,,0,,0,,,,,,,,52900,0
218,HIMACHAL PRADESH,BLS,,,,,,0,,,,,,,,,,,,,,,,,,,,,,,,,,,,,,,,,,,,,,,,,,,,,,,,,,,,,,,,,,,,,,,,,,,,,,,,,,,,,,,,,,,,,,,,,,,,,,,,,,,,,,,,,,,,,0,,,,,,,,,,,,,,,,,,,,,,,,,,,,,,0,0,,,,
219,HIMACHAL PRADESH,CHM,,,,,,0,,,,,,,,,,,,,,,,,,,,,,,,,,,,,,,,,,,,,,,,,,,,,,,,,,,,,,,,,,,,,,,,,,,,,,,,,,,,,,,,,,,,,,,,,,,,,,,,,,,,,,,,,,,,,0,,,,,,,,,,,,,,,,,,,,,,,,,,,,,,0,0,,,,
220,HIMACHAL PRADESH,HMP,,,,,,0,,,,,,,,,,,,,,,,,,,,,,,,,,,,,,,,,,,,,,,,,,,,,,,,,,,,,,,,,,,,,,,,,,,,,,,,,,,,,,,,,,,,,,,,,,,,,,,,,,,,,,,,,,,,,0,,,,,,,,,,,,,,,,,,,,,,,,,,,,,,0,0,,,,
221,HIMACHAL PRADESH,KIN,,,,,,0,,,,,,,,,,,,,,,,,,,,,,,,,,,,,,,,,,,,,,,,,,,,,,,,,,,,,,,,,,,,,,,,,,,,,,,,,,,,,,,,,,,,,,,,,,,,,,,,,,,,,,,,,,,,,0,,,,,,,,,,,,,,,,,,,,,,,,,,,,,,0,0,,,,
222,HIMACHAL PRADESH,KNG,,0,2020,0,2020,0,151868,0,151868,0,151868,,38542,,38542,,0,,,,15987,,15987,,2074,,2074,,1,,1,,0,,0,,,,,,,,,,56604,,56604,,,,,,,,,,,,,,,,,,,,,,,,,,,,,,,,,,56604,,56604,,5660,,5660,,50944,,50944,,5830,,5830,,41,,41,,6551,,6551,,12423,,12423,,24,,24,,5830,,5830,,38521,,38521,,,,,,,,,,,,,,0,,50944,,,,,,,,,,,,,,50944,0
223,HIMACHAL PRADESH,KUL,,,,,,0,,,,,,,,,,,,,,,,,,,,,,,,,,,,,,,,,,,,,,,,,,,,,,,,,,,,,,,,,,,,,,,,,,,,,,,,,,,,,,,,,,,,,,,,,,,,,,,,,,,,,,,,,,,,,0,,,,,,,,,,,,,,,,,,,,,,,,,,,,,,0,0,,,,
224,HIMACHAL PRADESH,LAS,,,,,,0,,,,,,,,,,,,,,,,,,,,,,,,,,,,,,,,,,,,,,,,,,,,,,,,,,,,,,,,,,,,,,,,,,,,,,,,,,,,,,,,,,,,,,,,,,,,,,,,,,,,,,,,,,,,,0,,,,,,,,,,,,,,,,,,,,,,,,,,,,,,0,0,,,,
225,HIMACHAL PRADESH,MND,,0,1507,0,1507,0,15960,0,15960,0,15960,,3788,,3788,,,,,,3847,,3847,,100,,100,,,,,,,,,,,,,,,,,,7734,,7734,,,,,,,,,,,,,,,,,,,,,,,,,,,,,,,,,,7734,,7734,,773,,773,,6961,,6961,,962,,962,,0,,0,,315,,315,,1277,,1277,,18,,18,,962,,962,,5684,,5684,,,,,,,,,,,,,,0,,6961,,,,,,,,,,,,,,6961,0
226,HIMACHAL PRADESH,SHM,,,,,,0,,,,,,,,,,,,,,,,,,,,,,,,,,,,,,,,,,,,,,,,,,,,,,,,,,,,,,,,,,,,,,,,,,,,,,,,,,,,,,,,,,,,,,,,,,,,,,,,,,,,,,,,,,,,,0,,,,,,,,,,,,,,,,,,,,,,,,,,,,,,0,0,,,,
227,HIMACHAL PRADESH,SLN,,0,1366,0,1366,0,32566,0,32566,0,32566,,7237,,7237,,,,,,929,,929,,865,,865,,24,,24,,6847,,6847,,,,,,,,,,15903,,15903,,,,,,,,,,,,,,,,,,,,,,,,,,,,,,,,,,15903,,15903,,1590,,1590,,14312,,14312,,1251,,1251,,5953,,5953,,2731,,2731,,9935,,9935,,69,,69,,1251,,1251,,4377,,4377,,,,,,,,,,,,,,0,,14312,,,,,,,,,,,,,,14312,0
228,HIMACHAL PRADESH,SRM,,0,1618,0,1618,0,35259,0,35259,0,35259,,10183,,10183,,0,,,,0,,0,,249,,249,,0,,0,,0,,0,,,,,,,,,,10432,,10432,,,,,,,,,,,,,,,,,,,,,,,,,,,,,,,,,,10432,,10432,,948,,948,,9484,,9484,,1127,,1127,,544,,544,,808,,808,,2479,,2479,,26,,26,,1127,,1127,,7005,,7005,,,,,,,,,,,,,,0,,9484,,,,,,,,,,,,,,9484,0
229,HIMACHAL PRADESH,UNA,,0,1111,0,1111,0,114477,0,114477,0,114477,,14860,,14860,,0,,,,1319,,1319,,2827,,2827,,63,,63,,2567,,2567,,,,,,,,,,21637,,21637,,,,,,,,,,,,,,,,,,,,,,,,,,,,,,,,,,21637,,21637,,2164,,2164,,19473,,19473,,3519,,3519,,166,,166,,8992,,8992,,12678,,12678,,65,,65,,3519,,3519,,6796,,6796,,,,,,,,,,,,,,0,,19473,,,,,,,,,,,,,,19473,0
230,JAMMU AND KASHMIR,Anantnag,,967,967,0,967,27940,32546,0,60487,31902,92389,4757,5541,0,10299,0,,0,0,345,452,0,797,0,0,0,0,,,,,,,,,,,,,,,,,5102,5993,0,11095,,,,,,,,,,,,0,,,,0,,,,,,,,,,,,,,,,0,5102,5993,0,11095,510,599,0,1110,4592,5394,0,9986,652,1308,,1960,0,38,,38,168,201,,369,821,1546,,2367,18,29,,24,652,1308,0,1960,3771,3847,0,7619,,,,,,,,,,,,,,119126,0,129111,0,0,,0,,0,,,,,,,,129111,0
231,JAMMU AND KASHMIR,Bandipora,,0,774,0,774,0,33937,0,33937,17446,51383,0,4641,0,4641,0,,0,0,102,0,0,102,0,0,0,0,,,,,,,,,,,,,,,,,102,4641,0,4743,,,,,,,,,,,,0,,,,0,,,,,,,,,,,,,,,,0,102,4641,0,4743,7,464,0,471,95,4177,0,4272,,661,,661,,1,,1,,11,,11,,673,,673,,16,,16,0,661,0,661,95,3504,0,3599,,,,,,,,,,,,,,87381,0,91653,0,0,,0,,0,,,,,,,,91653,0
232,JAMMU AND KASHMIR,Baramulla,,0,921,0,921,0,57627,0,57627,64043,121670,0,9279,0,9279,0,,0,0,0,1649,0,1649,0,0,0,0,,,,,,,,,,,,,,,,,0,10928,0,10928,,,,,,,,,,,,0,,,,0,,,,,,,,,,,,,,,,0,0,10928,0,10928,0,1093,0,1093,0,9835,0,9835,,1846,,1846,,5,,5,,364,,364,,2216,,2216,,23,,23,0,1846,0,1846,0,7619,0,7619,,,,,,,,,,,,,,146062,0,155897,0,0,,0,,0,,,,,,,,155897,0
233,JAMMU AND KASHMIR,Barmulla,,0,0,0,0,0,0,0,0,0,0,0,0,0,0,0,,0,0,0,0,0,0,0,0,0,0,,,,,,,,,,,,,,,,,0,0,0,0,,,,,,,,,,,,0,,,,0,,,,,,,,,,,,,,,,0,0,0,0,0,0,0,0,0,0,0,0,0,,,,0,,,,0,,,,0,,,,,,,,,0,0,0,0,0,0,0,0,,,,,,,,,,,,,,0,0,0,0,0,,0,,0,,,,,,,,0,0
234,JAMMU AND KASHMIR,Budgam,,0,717,0,717,0,29168,0,29168,31614,60783,0,3681,0,3681,0,,0,0,0,1588,0,1588,0,0,0,0,,,,,,,,,,,,,,,,,0,5269,0,5269,,,,,,,,,,,,0,,,,0,,,,,,,,,,,,,,,,0,0,5269,0,5269,0,527,0,527,0,4742,0,4742,,1213,,1213,,5,,5,,106,,106,,1325,,1325,,28,,28,0,1213,0,1213,0,3418,0,3418,,,,,,,,,,,,,,75416,0,80158,0,0,,0,,0,,,,,,,,80158,0
235,JAMMU AND KASHMIR,Doda,,0,1269,0,1269,0,975,0,975,109013,109988,0,218,0,218,0,,0,0,0,822,0,822,0,0,0,0,,,,,,,,,,,,,,,,,0,1040,0,1040,,,,,,,,,,,,0,,,,0,,,,,,,,,,,,,,,,0,0,1040,0,1040,0,104,0,104,0,936,0,936,,170,,170,,5,,5,,17,,17,,193,,193,,21,,21,0,170,0,170,0,743,0,743,,,,,,,,,,,,,,0,0,936,0,0,,0,,0,,,,,,,,936,0
236,JAMMU AND KASHMIR,Ganderbal,,0,914,0,914,0,4099,0,4099,11072,15171,0,660,0,660,0,,0,0,0,272,0,272,0,0,0,0,0,147,,147,,,,,,,,,,,,,0,1079,0,1079,,,,,,,,,,,,0,,,,0,,,,,,,,,,,,,,,,0,0,1079,0,1079,0,108,0,108,0,971,0,971,,245,,245,,10,,10,,190,,190,,446,,446,,46,,46,0,245,0,245,0,525,0,525,,,,,,,,,,,,,,15534,0,16505,0,0,,0,,0,,,,,,,,16505,0
237,JAMMU AND KASHMIR,Jammu,,1361,1361,0,1361,59123,110299,0,169423,80626,250049,12893,26109,0,39002,2792,,0,2792,3856,0,0,3856,0,0,0,0,0,26,,26,,,,,,,,,,,,,19541,26135,0,45676,,,,,,,,,,,,0,,,,0,,,,,,,,,,,,,,,,0,19541,26135,0,45676,1911,2613,0,4525,17630,23521,0,41151,4101,3631,,7733,0,719,,719,3176,2011,,5187,7278,6362,,13639,41,27,,33,4101,3631,0,7733,10352,17159,0,27511,,,,,,,,,,,,,,1171890,0,1213041,0,0,,0,,0,,,,,,,,1213041,0
238,JAMMU AND KASHMIR,Kathua,,1872,1872,0,1872,21110,61799,0,82909,164903,247813,7462,22500,0,29962,0,,0,0,2862,1198,0,4060,0,0,0,0,,,,,,,,,,,,,,,,,10324,23698,0,34022,,,,,,,,,,,,0,,,,0,,,,,,,,,,,,,,,,0,10324,23698,0,34022,1032,2285,0,3317,9292,21413,0,30705,1751,1962,,3713,0,641,,641,1787,1204,,2991,3538,3808,,7346,38,18,,24,1751,1962,0,3713,5754,17605,0,23359,,,,,,,,,,,,,,686317,0,717022,0,0,,0,,0,,,,,,,,717022,0
239,JAMMU AND KASHMIR,Kishtwar,,0,1269,0,1269,0,3374,0,3374,255454,258828,0,753,0,753,0,,0,0,0,568,0,568,0,0,0,0,,,,,,,,,,,,,,,,,0,1321,0,1321,,,,,,,,,,,,0,,,,0,,,,,,,,,,,,,,,,0,0,1321,0,1321,0,132,0,132,0,1189,0,1189,,151,,151,,4,,4,,32,,32,,186,,186,,16,,16,0,151,0,151,0,1003,0,1003,,,,,,,,,,,,,,2430,0,3618,0,0,,0,,0,,,,,,,,3618,0
240,JAMMU AND KASHMIR,Kulgam,,0,1228,0,1228,0,24824,0,24824,17516,42341,0,5366,0,5366,0,,0,0,0,1426,0,1426,0,0,0,0,,,,,,,,,,,,,,,,,0,6791,0,6791,,,,,,,,,,,,0,,,,0,,,,,,,,,,,,,,,,0,0,6791,0,6791,0,679,0,679,0,6112,0,6112,,1068,,1068,,29,,29,,158,,158,,1255,,1255,,21,,21,0,1068,0,1068,0,4857,0,4857,,,,,,,,,,,,,,49879,0,55991,0,0,,0,,0,,,,,,,,55991,0
241,JAMMU AND KASHMIR,Kupwara,,0,0,0,0,0,0,0,0,0,0,0,0,0,0,0,,0,0,0,0,0,0,0,0,0,0,,,,,,,,,,,,,,,,,0,0,0,0,,,,,,,,,,,,0,,,,0,,,,,,,,,,,,,,,,0,0,0,0,0,0,0,0,0,0,0,0,0,,,,0,,,,0,,,,0,,,,,,,,,0,0,0,0,0,0,0,0,,,,,,,,,,,,,,0,0,0,0,0,,0,,0,,,,,,,,0,0
242,JAMMU AND KASHMIR,Kupwarar,,0,1057,0,1057,0,19705,0,19705,62643,82347,0,3666,0,3666,0,,0,0,0,2541,0,2541,0,0,0,0,,,,,,,,,,,,,,,,,0,6207,0,6207,,,,,,,,,,,,0,,,,0,,,,,,,,,,,,,,,,0,0,6207,0,6207,0,621,0,621,0,5586,0,5586,,1172,,1172,,11,,11,,17,,17,,1199,,1199,,21,,21,0,1172,0,1172,0,4387,0,4387,,,,,,,,,,,,,,40914,0,46500,0,0,,0,,0,,,,,,,,46500,0
243,JAMMU AND KASHMIR,Mirpur,,0,0,0,0,0,0,0,0,0,0,0,0,0,0,0,,0,0,0,0,0,0,0,0,0,0,,,,,,,,,,,,,,,,,0,0,0,0,,,,,,,,,,,,0,,,,0,,,,,,,,,,,,,,,,0,0,0,0,0,0,0,0,0,0,0,0,0,,,,0,,,,0,,,,0,,,,,,,,,0,0,0,0,0,0,0,0,,,,,,,,,,,,,,0,0,0,0,0,,0,,0,,,,,,,,0,0
244,JAMMU AND KASHMIR,Muzaffarabad,,0,0,0,0,0,0,0,0,0,0,0,0,0,0,0,,0,0,0,0,0,0,0,0,0,0,,,,,,,,,,,,,,,,,0,0,0,0,,,,,,,,,,,,0,,,,0,,,,,,,,,,,,,,,,0,0,0,0,0,0,0,0,0,0,0,0,0,,,,0,,,,0,,,,0,,,,,,,,,0,0,0,0,0,0,0,0,,,,,,,,,,,,,,0,0,0,0,0,,0,,0,,,,,,,,0,0
245,JAMMU AND KASHMIR,Poonch,,0,1337,0,1337,0,8118,0,8118,159115,167233,0,1910,0,1910,0,,0,0,0,3226,0,3226,0,0,0,0,,,,,,,,,,,,,,,,,0,5137,0,5137,,,,,,,,,,,,0,,,,0,,,,,,,,,,,,,,,,0,0,5137,0,5137,0,514,0,514,0,4623,0,4623,,445,,445,,5,,5,,333,,333,,782,,782,,17,,17,0,445,0,445,0,3840,0,3840,,,,,,,,,,,,,,28461,0,33084,0,0,,0,,0,,,,,,,,33084,0
246,JAMMU AND KASHMIR,Pulwama,,0,579,0,579,0,38779,0,38779,12085,50865,0,3950,0,3950,0,,0,0,0,1840,0,1840,0,0,0,0,,,,,,,,,,,,,,,,,0,5790,0,5790,,,,,,,,,,,,0,,,,0,,,,,,,,,,,,,,,,0,0,5790,0,5790,0,579,0,579,0,5211,0,5211,,1492,,1492,,15,,15,,482,,482,,1989,,1989,,38,,38,0,1492,0,1492,0,3222,0,3222,,,,,,,,,,,,,,86299,0,91510,0,0,,0,,0,,,,,,,,91510,0
247,JAMMU AND KASHMIR,Rajouri,,1188,1188,0,1188,4457,61090,0,65547,216328,281875,1034,13647,0,14681,0,,0,0,797,2314,0,3110,0,0,0,0,,,,,,,,,,,,,,,,,1830,15961,0,17792,,,,,,,,,,,,0,,,,0,,,,,,,,,,,,,,,,0,1830,15961,0,17792,183,1596,0,1779,1647,14365,0,16013,343,886,,1229,0,5,,5,119,669,,788,462,1559,,2021,28,11,,13,343,886,0,1229,1185,12806,0,13991,,,,,,,,,,,,,,216725,0,232737,0,0,,0,,0,,,,,,,,232737,0
248,JAMMU AND KASHMIR,Ramban,,0,1468,0,1468,0,1553,0,1553,63104,64657,0,401,0,401,0,,0,0,0,338,0,338,0,0,0,0,,,,,,,,,,,,,,,,,0,740,0,740,,,,,,,,,,,,0,,,,0,,,,,,,,,,,,,,,,0,0,740,0,740,0,74,0,74,0,666,0,666,,147,,147,,5,,5,,60,,60,,212,,212,,32,,32,0,147,0,147,0,454,0,454,,,,,,,,,,,,,,1440,0,2106,0,0,,0,,0,,,,,,,,2106,0
249,JAMMU AND KASHMIR,Reasi,,2189,2189,0,2189,1294,26080,0,27374,185951,213325,499,10048,0,10546,0,,0,0,154,13580,0,13734,0,0,0,0,,,,,,,,,,,,,,,,,652,23628,0,24280,,,,,,,,,,,,0,,,,0,,,,,,,,,,,,,,,,0,652,23628,0,24280,65,2363,0,2428,587,21265,0,21852,184,1819,,2003,0,36,,36,0,364,,364,184,2220,,2404,31,10,,11,184,1819,0,2003,403,19046,0,19449,,,,,,,,,,,,,,63136,0,84989,0,0,,0,,0,,,,,,,,84989,0
250,JAMMU AND KASHMIR,Samba,,1044,1044,0,1044,10202,68968,0,79170,25252,104422,1634,13072,0,14707,0,,0,0,1903,585,0,2488,0,0,0,0,,,,,,,,,,,,,,,,,3538,13657,0,17195,,,,,,,,,,,,0,,,,0,,,,,,,,,,,,,,,,0,3538,13657,0,17195,354,1259,0,1613,3184,12398,0,15582,613,1526,,2139,0,156,,156,319,112,,431,932,1795,,2727,29,14,,18,613,1526,0,2139,2251,10604,0,12855,,,,,,,,,,,,,,609731,0,625313,0,0,,0,,0,,,,,,,,625313,0
251,JAMMU AND KASHMIR,Shopian,,0,807,0,807,0,27983,0,27983,1675,29658,0,3974,0,3974,0,,0,0,0,1302,0,1302,0,0,0,0,,,,,,,,,,,,,,,,,0,5276,0,5276,,,,,,,,,,,,0,,,,0,,,,,,,,,,,,,,,,0,0,5276,0,5276,0,528,0,528,0,4748,0,4748,,870,,870,,27,,27,,130,,130,,1026,,1026,,22,,22,0,870,0,870,0,3722,0,3722,,,,,,,,,,,,,,62171,0,66919,0,0,,0,,0,,,,,,,,66919,0
252,JAMMU AND KASHMIR,Srinagar,,0,816,0,816,0,87500,0,87500,0,87500,0,12562,0,12562,0,,0,0,0,158,0,158,0,14,0,14,0,920,0,920,,,,,,,,,,,,,0,13654,0,13654,,,,,,,,,,,,0,,,,0,,,,,,,,,,,,,,,,0,0,13654,0,13654,0,1365,0,1365,0,12288,0,12288,,6575,,6575,,328,,328,,45,,45,,6948,,6948,,57,,57,0,6575,0,6575,0,5340,0,5340,,,,,,,,,,,,,,115395,0,127683,0,0,,0,,0,,,,,,,,127683,0
253,JAMMU AND KASHMIR,Srinagar Hilly Area,,0,0,0,0,0,0,0,0,0,0,0,0,0,0,0,,0,0,0,0,0,0,0,0,0,0,,,,,,,,,,,,,,,,,0,0,0,0,,,,,,,,,,,,0,,,,0,,,,,,,,,,,,,,,,0,0,0,0,0,0,0,0,0,0,0,0,0,,,,0,,,,0,,,,0,,,,,,,,,0,0,0,0,0,0,0,0,,,,,,,,,,,,,,0,0,0,0,0,,0,,0,,,,,,,,0,0
254,JAMMU AND KASHMIR,Udhampur,,1632,1632,0,1632,4828,29814,0,34642,215248,249889,1387,7982,0,9368,0,,0,0,798,2007,0,2805,0,0,0,0,0,34,0,34,,,,,,,,,,,,,2184,10023,0,12207,,,,,,,,,,,,0,,,,0,,,,,,,,,,,,,,,,0,2184,10023,0,12207,218,1002,0,1221,1966,9020,0,10986,307,1465,,1771,0,120,,120,0,465,,465,307,2050,,2356,16,23,,21,307,1465,0,1771,1659,6971,0,8630,,,,,,,,,,,,,,135158,0,146145,0,0,,0,,0,,,,,,,,146145,0
255,JHARKHAND,BOKARO,,0,1212,0,1209,577,261866,0,262443,23495,285938,0,17768,0,17768,0,,0,0,0,826,0,826,0,700,0,700,0,577,0,577,0,674,0,674,,,,,,,,,0,20546,0,20546,,,,,,,,,,,,0,,,,0,,,,,,,,,,,,,,,,0,0,20546,0,20546,0,1961,0,1961,0,18585,0,18585,0,4564,,4564,0,2214,,2214,0,2413,,2413,0,9191,,9191,0,49,,49,0,4595,0,4595,0,9958,0,9958,,,,,,,,,,,,,,121429,0,140014,0,0,,0,,0,,,,,,,,140014,0
256,JHARKHAND,CHATRA,,0,1151,0,1148,779,325308,0,326087,67102,393189,0,20295,0,20295,0,,0,0,0,1932,0,1932,0,1956,0,1956,0,209,0,209,0,1104,0,1104,,,,,,,,,0,25496,0,25496,,,,,,,,,,,,0,,,,0,,,,,,,,,,,,,,,,0,0,25496,0,25496,0,2032,0,2032,0,23464,0,23464,0,2093,,2093,0,1115,,1115,0,6531,,6531,0,9739,,9739,0,42,,42,0,2107,0,2107,0,13710,0,13710,,,,,,,,,,,,,,151379,0,174843,0,0,,0,,0,,,,,,,,174843,0
257,JHARKHAND,DEOGHAR,,0,1310,0,1309,84,190614,0,190698,64407,255105,0,14052,0,14052,0,,0,0,0,855,0,855,0,1666,0,1666,0,382,0,382,0,3,0,3,,,,,,,,,0,16958,0,16958,,,,,,,,,,,,0,,,,0,,,,,,,,,,,,,,,,0,0,16958,0,16958,0,1050,0,1050,0,15908,0,15908,0,3078,,3078,0,88,,88,0,5461,,5461,0,8626,,8626,0,54,,54,0,3099,0,3099,0,7261,0,7261,,,,,,,,,,,,,,87871,0,103779,0,0,,0,,0,,,,,,,,103779,0
258,JHARKHAND,DHANBAD,,0,1394,0,1388,748,196925,0,197673,50178,247851,0,20318,0,20318,,,,,1,456,0,457,0,847,0,847,0,595,0,595,0,5830,0,5830,,,,,,,,,1,28046,0,28047,,,,,,,,,,,,0,,,,0,,,,,,,,,,,,,,,,0,1,28046,0,28047,0,1677,0,1677,1,26369,0,26369,0,6079,,6079,0,10628,,10628,0,2974,,2974,0,19681,,19681,0,75,,75,0,6120,0,6120,1,6847,0,6848,,,,,,,,,,,,,,89342,0,115712,0,0,,0,,0,,,,,,,,115712,0
259,JHARKHAND,DUMKA,,0,1476,0,1423,10078,271289,0,281367,90276,371643,0,27961,0,27961,0,,0,0,97,2586,0,2683,0,1123,0,1123,0,807,0,807,0,0,0,0,,,,,,,,,97,32477,0,32574,,,,,,,,,,,,0,,,,0,,,,,,,,,,,,,,,,0,97,32477,0,32574,10,2591,0,2600,87,29886,0,29974,0,2657,,2657,0,24,,24,0,3742,,3742,0,6423,,6423,0,21,,21,0,2675,0,2675,87,23445,0,23532,,,,,,,,,,,,,,132387,0,162361,0,0,,0,,0,,,,,,,,162361,0
260,JHARKHAND,EAST SINGHBHUM,,0,1441,0,1438,494,250499,0,250993,112342,363335,0,25888,0,25888,0,,0,0,0,460,0,460,0,545,0,545,0,243,0,243,0,1571,0,1571,,,,,,,,,0,28708,0,28708,,,,,,,,,,,,0,,,,0,,,,,,,,,,,,,,,,0,0,28708,0,28708,0,2402,0,2402,0,26306,0,26306,0,5166,,5166,0,758,,758,0,1860,,1860,0,7784,,7784,0,30,,30,0,5201,0,5201,0,18966,0,18966,,,,,,,,,,,,,,138340,0,164646,0,0,,0,,0,,,,,,,,164646,0
261,JHARKHAND,GARHWA,,0,1114,0,1089,6590,285053,0,291643,112832,404475,0,24004,0,24004,0,,0,0,5,1538,0,1543,0,2169,0,2169,0,1143,0,1143,0,190,0,190,,,,,,,,,5,29043,0,29049,,,,,,,,,,,,0,,,,0,,,,,,,,,,,,,,,,0,5,29043,0,29049,1,2437,0,2438,5,26606,0,26611,0,2525,,2525,0,61,,61,0,7327,,7327,0,9913,,9913,0,37,,37,0,2542,0,2542,5,16676,0,16681,,,,,,,,,,,,,,132225,0,158836,0,0,,0,,0,,,,,,,,158836,0
262,JHARKHAND,GIRIDIH,,0,1242,0,1242,180,439899,0,440079,68411,508490,0,34847,0,34847,0,,0,0,13,2608,0,2621,0,2190,0,2190,0,800,0,800,0,289,0,289,,,,,,,,,13,40735,0,40747,,,,,,,,,,,,0,,,,0,,,,,,,,,,,,,,,,0,13,40735,0,40747,1,2869,0,2871,12,37865,0,37877,0,4938,,4938,0,1562,,1562,0,8762,,8762,0,15262,,15262,0,40,,40,0,4972,0,4972,12,22570,0,22581,,,,,,,,,,,,,,189885,0,227762,0,0,,0,,0,,,,,,,,227762,0
263,JHARKHAND,GODDA,,0,1216,0,1180,4948,161454,0,166402,44707,211109,0,20484,0,20484,0,,0,0,74,1625,0,1698,0,560,0,560,0,436,0,436,0,96,0,96,,,,,,,,,74,23200,0,23273,,,,,,,,,,,,0,,,,0,,,,,,,,,,,,,,,,0,74,23200,0,23273,7,1883,0,1890,66,21317,0,21383,0,2629,,2629,0,259,,259,0,1869,,1869,0,4757,,4757,0,22,,22,0,2647,0,2647,66,16542,0,16609,,,,,,,,,,,,,,75510,0,96894,0,0,,0,,0,,,,,,,,96894,0
264,JHARKHAND,GUMLA,,0,1382,0,1369,3786,403329,0,407115,127611,534726,0,32592,0,32592,0,,0,0,13,521,0,534,0,1102,0,1102,0,71,0,71,0,0,0,0,,,,,,,,,13,34285,0,34298,,,,,,,,,,,,0,,,,0,,,,,,,,,,,,,,,,0,13,34285,0,34298,1,2839,0,2841,12,31446,0,31457,0,1962,,1962,0,13,,13,0,3790,,3790,0,5764,,5764,0,18,,18,0,1975,0,1975,12,25668,0,25680,,,,,,,,,,,,,,211111,0,242568,0,0,,0,,0,,,,,,,,242568,0
265,JHARKHAND,HAZARIBAGH,,0,1347,0,1338,2341,350321,0,352662,78384,431046,0,30366,0,30366,0,,0,0,0,1195,0,1195,0,2378,0,2378,0,835,0,835,0,192,0,192,,,,,,,,,0,34965,0,34965,,,,,,,,,,,,0,,,,0,,,,,,,,,,,,,,,,0,0,34965,0,34965,0,2921,0,2921,0,32044,0,32044,0,3565,,3565,0,470,,470,0,7851,,7851,0,11887,,11887,0,37,,37,0,3590,0,3590,0,20133,0,20133,,,,,,,,,,,,,,156542,0,188586,0,0,,0,,0,,,,,,,,188586,0
266,JHARKHAND,JAMTARA,,0,1444,0,1444,0,98346,0,98346,82083,180429,0,6720,0,6720,0,,0,0,16,1364,0,1380,0,661,0,661,0,275,0,275,0,0,0,0,,,,,,,,,16,9021,0,9036,,,,,,,,,,,,0,,,,0,,,,,,,,,,,,,,,,0,16,9021,0,9036,2,720,0,722,14,8300,0,8314,,1601,,1601,,10,,10,,2280,,2280,,3892,,3892,,47,,47,0,1612,0,1612,14,4398,0,4412,,,,,,,,,,,,,,44815,0,53129,0,0,,0,,0,,,,,,,,53129,0
267,JHARKHAND,KHUNTI,,0,1433,0,1409,2712,164293,0,167005,93012,260017,0,11983,0,11983,0,,0,0,0,179,0,179,0,698,0,698,0,520,0,520,0,0,0,0,,,,,,,,,0,13381,0,13381,,,,,,,,,,,,0,,,,0,,,,,,,,,,,,,,,,0,0,13381,0,13381,0,956,0,956,0,12424,0,12424,0,1074,,1074,0,13,,13,0,2385,,2385,0,3471,,3471,0,28,,28,0,1081,0,1081,0,8946,0,8946,,,,,,,,,,,,,,85374,0,97798,0,0,,0,,0,,,,,,,,97798,0
268,JHARKHAND,KODERMA,,0,1130,0,1130,0,90902,0,90902,58768,149670,0,5811,0,5811,0,,0,0,1,164,0,165,0,796,0,796,0,269,0,269,0,0,0,0,,,,,,,,,1,7040,0,7041,,,,,,,,,,,,0,,,,0,,,,,,,,,,,,,,,,0,1,7040,0,7041,0,473,0,473,1,6566,0,6567,,1486,,1486,,99,,99,,2534,,2534,,4119,,4119,,63,,63,0,1496,0,1496,1,2437,0,2438,,,,,,,,,,,,,,43934,0,50501,0,0,,0,,0,,,,,,,,50501,0
269,JHARKHAND,LATEHAR,,0,1284,0,1279,820,237693,0,238513,122748,361261,0,20763,0,20763,0,,0,0,0,1689,0,1689,0,1498,0,1498,0,1194,0,1194,0,32,0,32,,,,,,,,,0,25176,0,25176,,,,,,,,,,,,0,,,,0,,,,,,,,,,,,,,,,0,0,25176,0,25176,0,2228,0,2228,0,22949,0,22949,0,1463,,1463,0,106,,106,0,5109,,5109,0,6678,,6678,0,29,,29,0,1473,0,1473,0,16261,0,16261,,,,,,,,,,,,,,103115,0,126064,0,0,,0,,0,,,,,,,,126064,0
270,JHARKHAND,LOHARDAGA,,0,1253,0,1239,1437,126126,0,127563,21683,149246,0,18975,0,18975,0,,0,0,0,177,0,177,0,539,0,539,0,380,0,380,0,0,0,0,,,,,,,,,0,20070,0,20070,,,,,,,,,,,,0,,,,0,,,,,,,,,,,,,,,,0,0,20070,0,20070,0,1899,0,1899,0,18171,0,18171,0,941,,941,0,8,,8,0,1834,,1834,0,2783,,2783,0,15,,15,0,948,0,948,0,15382,0,15382,,,,,,,,,,,,,,82805,0,100976,0,0,,0,,0,,,,,,,,100976,0
271,JHARKHAND,PAKUR,,0,1675,0,1660,1115,126644,0,127759,52800,180559,0,23810,0,23810,0,,0,0,0,1401,0,1401,0,572,0,572,0,362,0,362,0,0,0,0,,,,,,,,,0,26144,0,26144,,,,,,,,,,,,0,,,,0,,,,,,,,,,,,,,,,0,0,26144,0,26144,0,2614,0,2614,0,23530,0,23530,0,1663,,1663,0,28,,28,0,1912,,1912,0,3603,,3603,0,15,,15,0,1675,0,1675,0,19915,0,19915,,,,,,,,,,,,,,60072,0,83602,0,0,,0,,0,,,,,,,,83602,0
272,JHARKHAND,PALAMAU,,0,1044,0,1024,6722,340622,0,347344,104315,451659,0,24866,0,24866,0,,0,0,19,6202,0,6220,0,1826,0,1826,0,694,0,694,0,372,0,372,,,,,,,,,19,33959,0,33978,,,,,,,,,,,,0,,,,0,,,,,,,,,,,,,,,,0,19,33959,0,33978,2,2562,0,2563,17,31398,0,31415,0,3947,,3947,0,217,,217,0,7303,,7303,0,11467,,11467,0,37,,37,0,3974,0,3974,17,19904,0,19921,,,,,,,,,,,,,,153718,0,185132,0,0,,0,,0,,,,,,,,185132,0
273,JHARKHAND,RAMGARH,,0,1309,0,1308,122,111145,0,111267,28298,139565,0,8771,0,8771,0,,0,0,0,165,0,165,0,432,0,432,0,389,0,389,0,1675,0,1675,,,,,,,,,0,11433,0,11433,,,,,,,,,,,,0,,,,0,,,,,,,,,,,,,,,,0,0,11433,0,11433,0,845,0,845,0,10589,0,10589,0,2084,,2084,0,3027,,3027,0,1457,,1457,0,6568,,6568,0,62,,62,0,2099,0,2099,0,4049,0,4049,,,,,,,,,,,,,,51707,0,62296,0,0,,0,,0,,,,,,,,62296,0
274,JHARKHAND,RANCHI,,0,1328,0,1314,3817,370491,0,374308,123913,498221,0,34660,0,34660,0,,0,0,41,647,0,688,0,2642,0,2642,0,973,0,973,0,1431,0,1431,,,,,,,,,41,40353,0,40393,,,,,,,,,,,,0,,,,0,,,,,,,,,,,,,,,,0,41,40353,0,40393,4,3800,0,3804,36,36553,0,36589,0,6383,,6383,0,1695,,1695,0,8710,,8710,0,16788,,16788,0,46,,46,0,6427,0,6427,36,19721,0,19757,,,,,,,,,,,,,,176061,0,212650,0,0,,0,,0,,,,,,,,212650,0
275,JHARKHAND,SAHEBGANJ,,0,1574,0,1564,709,113700,0,114409,55796,170205,0,26491,0,26491,0,,0,0,3,3146,0,3148,0,640,0,640,0,523,0,523,0,0,0,0,,,,,,,,,3,30800,0,30803,,,,,,,,,,,,0,,,,0,,,,,,,,,,,,,,,,0,3,30800,0,30803,0,2487,0,2487,2,28313,0,28316,0,2354,,2354,0,50,,50,0,2207,,2207,0,4611,,4611,0,16,,16,0,2370,0,2370,2,23686,0,23689,,,,,,,,,,,,,,159806,0,188121,0,0,,0,,0,,,,,,,,188121,0
276,JHARKHAND,SARAIKELA KHARSAWAN,,0,1344,0,1323,3164,199637,0,202801,65416,268217,0,16182,0,16182,0,,0,0,1,744,0,745,0,319,0,319,0,1,0,1,0,252,0,252,,,,,,,,,1,17497,0,17499,,,,,,,,,,,,0,,,,0,,,,,,,,,,,,,,,,0,1,17497,0,17499,0,1551,0,1551,1,15946,0,15948,0,2234,,2234,0,527,,527,0,1100,,1100,0,3860,,3860,0,24,,24,0,2249,0,2249,1,12071,0,12072,,,,,,,,,,,,,,125068,0,141015,0,0,,0,,0,,,,,,,,141015,0
277,JHARKHAND,SIMDEGA,,0,1553,0,1548,1067,307993,0,309060,66169,375229,0,21577,0,21577,0,,0,0,0,138,0,138,0,477,0,477,0,581,0,581,0,0,0,0,,,,,,,,,0,22773,0,22773,,,,,,,,,,,,0,,,,0,,,,,,,,,,,,,,,,0,0,22773,0,22773,0,2277,0,2277,0,20496,0,20496,0,1207,,1207,0,0,,0,0,2034,,2034,0,3241,,3241,0,16,,16,0,1215,0,1215,0,17247,0,17247,,,,,,,,,,,,,,147197,0,167693,0,0,,0,,0,,,,,,,,167693,0
278,JHARKHAND,WEST SINGHBHUM,,0,1338,0,1329,3846,584388,0,588234,133986,722220,0,39810,0,39810,0,,0,0,182,865,0,1046,0,585,0,585,0,838,0,838,0,0,0,0,,,,,,,,,182,42098,0,42279,,,,,,,,,,,,0,,,,0,,,,,,,,,,,,,,,,0,182,42098,0,42279,18,4141,0,4159,163,37956,0,38120,0,3078,,3078,0,30,,30,0,2088,,2088,0,5196,,5196,0,14,,14,0,3099,0,3099,163,32740,0,32903,,,,,,,,,,,,,,257098,0,295217,0,0,,0,,0,,,,,,,,295217,0
279,KARNATAKA,Bagalkot,,706,627,0,661,268498,359882,0,628380,27812,656192,9464,12925,0,22390,1932,,,1932,28833,2985,0,31818,4052,7255,0,11308,268,346,0,614,242,220,,461,,,,,,,,,44792,23731,0,68523,,,,,,,,,,,,0,,,,0,,,,,,,,,,,,,,,,0,44792,23731,0,68523,4479,2373,0,6852,40312,21358,0,61670,2241,2263,,4504,13,16,,28,14334,29781,,44115,16589,32059,,48648,41,150,,79,2645,2670,0,5314,23707,2378,0,26085,,,,,,,,,,,,,,0,0,61670,0,0,,0,,0,,,,,,,,61670,0
280,KARNATAKA,Ballari,,609,669,0,629,253726,122165,0,375891,46726,422617,8770,7638,0,16408,5689,,,5689,45871,0,0,45871,2597,1685,0,4281,87,319,0,406,41,145,0,185,,,,,,,,,63054,9786,0,72840,,,,,,,,,,,,0,,,,0,,,,,,,,,,,,,,,,0,63054,9786,0,72840,6305,979,0,7284,56749,8808,0,65556,1336,669,,2005,31,463,,494,8531,5649,,14180,9898,6781,,16679,17,77,,25,1659,1023,0,2682,46528,1985,0,48513,,,,,,,,,,,,,,0,0,65556,0,0,,0,,0,,,,,,,,65556,0
281,KARNATAKA,Belagavi,,564,1016,0,845,489899,805730,0,1295629,44262,1339891,16464,45123,0,61586,3305,,0,3305,29758,2791,0,32548,6722,10963,0,17685,419,1169,0,1588,1053,1060,0,2113,,,,,,,,,57720,61106,0,118826,,,,,,,,,,,,0,,,,0,,,,,,,,,,,,,,,,0,57720,61106,0,118826,5717,5624,0,11341,52003,55482,0,107485,4461,8420,,12881,58,180,,238,25514,37063,,62578,30033,45664,,75697,58,82,,70,6415,12560,0,18974,21070,13612,0,34682,,,,,,,,,,,,,,0,0,107485,0,0,,0,,0,,,,,,,,107485,0
282,KARNATAKA,Bengaluru (Rural),,0,850,0,850,0,223651,0,223651,6386,230037,0,13645,0,13645,0,,0,0,0,0,0,0,0,1296,0,1296,0,2595,0,2595,0,1142,0,1142,,,,,,,,,0,18679,0,18679,,,,,,,,,,,,0,,,,0,,,,,,,,,,,,,,,,0,0,18679,0,18679,0,1868,0,1868,0,16811,0,16811,,2652,,2652,,1287,,1287,,20735,,20735,,24674,,24674,,147,,147,0,3400,0,3400,0,0,0,0,,,,,,,,,,,,,,0,0,16811,0,0,,0,,0,,,,,,,,16811,0
283,KARNATAKA,Bengaluru (Urban),,0,889,0,889,0,213026,0,213026,6533,219559,0,13365,0,13365,0,,,0,0,0,0,0,0,372,0,372,0,3065,0,3065,0,9159,0,9159,0,8304,0,8304,0,0,0,0,0,34265,0,34265,,,,,,,,,,,,0,,,,0,,,,,,,,,,,,,,,,0,0,34265,0,34265,0,3427,0,3427,0,30839,0,30839,,16224,,16224,,13702,,13702,,24744,,24744,,54670,,54670,,177,,177,0,18261,0,18261,0,0,0,0,,,,,,,,,,,,,,0,0,30839,0,0,,0,,0,,,,,,,,30839,0
284,KARNATAKA,Bengaluru South,,840,891,0,886,23643,250355,0,273998,78812,352810,1664,15335,0,16999,454,,,454,1582,5745,0,7327,0,10156,0,10156,208,2118,0,2326,1891,15416,0,17308,,,,,,,,,5799,48769,0,54569,,,,,,,,,,,,0,,,,0,,,,,,,,,,,,,,,,0,5799,48769,0,54569,580,4877,0,5457,5220,43892,0,49112,159,1957,,2116,0,1021,,1021,6734,34910,,41644,6893,37887,,44781,132,86,,91,161,2383,0,2545,1038,5993,0,7030,,,,,,,,,,,,,,0,0,49112,0,0,,0,,0,,,,,,,,49112,0
285,KARNATAKA,Bidar,,869,849,0,850,22397,522917,0,545314,139,545453,1208,29794,0,31002,642,,0,642,1882,0,0,1882,434,3594,0,4028,27,199,0,226,0,194,0,194,,,,,,,,,4193,33781,0,37975,,,,,,,,,,,,0,,,,0,,,,,,,,,,,,,,,,0,4193,33781,0,37975,401,3378,0,3779,3792,30403,0,34195,437,3997,,4434,0,70,,70,2096,16647,,18743,2533,20714,,23247,67,68,,68,494,4542,0,5036,1285,9144,0,10429,,,,,,,,,,,,,,0,0,34195,0,0,,0,,0,,,,,,,,34195,0
286,KARNATAKA,Chamarajanagara,,1216,1074,0,1105,79195,281745,0,360940,202986,563926,6280,18141,0,24420,483,,0,483,6117,0,0,6117,2233,4549,0,6783,165,357,,522,351,1040,,1390,,,,,,,,,15628,24087,0,39715,,,,,,,,,,,,0,,,,0,,,,,,,,,,,,,,,,0,15628,24087,0,39715,1563,2073,0,3636,14065,22013,0,36079,864,1440,,2304,1,29,,30,9176,20374,,29549,10041,21843,,31883,71,99,,88,979,1634,0,2613,3910,1829,0,5739,,,,,,,,,,,,,,0,0,36079,0,0,,0,,0,,,,,,,,36079,0
287,KARNATAKA,Chikkaballapura,,0,919,0,919,0,373482,0,373482,51623,425105,0,22989,0,22989,0,,,0,0,0,0,0,0,4030,0,4030,0,4015,0,4015,0,3137,,3137,,,,,,,,,0,34171,0,34171,,,,,,,,,,,,0,,,,0,,,,,,,,,,,,,,,,0,0,34171,0,34171,0,3417,0,3417,0,30754,0,30754,,3049,,3049,,121,,121,,47776,,47776,,50946,,50946,,166,,166,0,3677,0,3677,0,0,0,0,,,,,,,,,,,,,,0,0,30754,0,0,,0,,0,,,,,,,,30754,0
288,KARNATAKA,Chikkamagaluru,,923,1256,0,1245,14356,409138,0,423494,297454,720948,848,29749,0,30597,1155,,,1155,2095,11428,0,13522,0,8919,0,8919,18,1636,0,1653,0,11926,0,11926,,,,,,,,,4116,63657,0,67773,,,,,,,,,,,,0,,,,0,,,,,,,,,,,,,,,,0,4116,63657,0,67773,412,6007,0,6418,3704,57651,0,61355,73,2489,,2562,0,203,,203,514,30594,,31108,587,33286,,33873,16,58,,55,92,3088,0,3180,3098,24833,0,27931,,,,,,,,,,,,,,0,0,61355,0,0,,0,,0,,,,,,,,61355,0
289,KARNATAKA,Chitradurga,,517,570,0,569,14440,786021,0,800461,43012,843473,466,30116,0,30582,181,,0,181,1584,0,0,1584,389,4907,0,5295,0,4065,0,4065,75,1759,0,1834,,,,,,,,,2695,40846,0,43541,,,,,,,,,,,,0,,,,0,,,,,,,,,,,,,,,,0,2695,40846,0,43541,135,4085,0,4219,2560,36761,0,39321,199,3780,,3979,0,116,,116,3887,44332,,48219,4087,48228,,52314,160,131,,133,238,4512,0,4750,0,993,0,993,,,,,,,,,,,,,,0,0,39321,0,0,,0,,0,,,,,,,,39321,0
290,KARNATAKA,Dakshina Kannada,,0,4032,0,4032,0,357624,0,357624,128476,486100,0,63853,0,63853,0,,0,0,0,169,0,169,0,6908,0,6908,0,48,0,48,0,2350,0,2350,,,,,,,,,0,73328,0,73328,,,,,,,,,,,,0,,,,0,,,,,,,,,,,,,,,,0,0,73328,0,73328,0,7333,0,7333,0,65995,0,65995,,5225,,5225,,53,,53,,24888,,24888,,30166,,30166,,46,,46,0,6523,0,6523,0,34531,0,34531,,,,,,,,,,,,,,0,0,65995,0,0,,0,,0,,,,,,,,65995,0
291,KARNATAKA,Davanagere,,743,726,0,733,148880,260672,0,409552,38412,447964,6173,12329,0,18502,762,,,762,33693,0,0,33693,0,5090,0,5090,710,2836,0,3546,325,1790,0,2115,,,,,,,,,41662,22046,0,63708,,,,,,,,,,,,0,,,,0,,,,,,,,,,,,,,,,0,41662,22046,0,63708,3708,2205,0,5913,37954,19841,0,57795,2372,1314,,3686,141,88,,229,16484,30800,,47283,18996,32202,,51198,50,162,,89,2650,1466,0,4116,18679,0,0,18679,,,,,,,,,,,,,,0,0,57795,0,0,,0,,0,,,,,,,,57795,0
292,KARNATAKA,Dharwad,,765,772,0,771,70964,345364,0,416328,9157,425485,2673,16990,0,19664,709,,0,709,1293,6866,0,8160,608,2810,0,3417,20,611,0,631,164,324,0,488,,,,,,,,,5467,27602,0,33069,,,,,,,,,,,,0,,,,0,,,,,,,,,,,,,,,,0,5467,27602,0,33069,547,2760,0,3307,4920,24841,0,29762,292,1807,,2099,1,115,,116,2794,11910,,14704,3087,13832,,16919,63,56,,57,330,2045,0,2376,1795,10771,0,12566,,,,,,,,,,,,,,0,0,29762,0,0,,0,,0,,,,,,,,29762,0
293,KARNATAKA,Gadag,,697,721,0,711,177170,258817,0,435987,29528,465515,5730,12078,0,17808,1593,,,1593,10168,386,0,10554,1209,2015,0,3224,205,950,0,1155,381,784,0,1165,,,,,,,,,19286,16214,0,35500,,,,,,,,,,,,0,,,,0,,,,,,,,,,,,,,,,0,19286,16214,0,35500,1573,1375,0,2947,17713,14839,0,32552,381,304,,685,10,21,,31,8690,15141,,23830,9081,15466,,24547,51,104,,75,563,402,0,965,8450,1268,0,9718,,,,,,,,,,,,,,0,0,32552,0,0,,0,,0,,,,,,,,32552,0
294,KARNATAKA,Hassan,,846,955,0,933,117342,478955,0,596297,85569,681866,6252,26621,0,32873,669,,0,669,21377,7648,0,29025,4165,10201,0,14366,859,708,0,1567,389,8491,0,8880,,,,,,,,,33712,53668,0,87380,,,,,,,,,,,,0,,,,0,,,,,,,,,,,,,,,,0,33712,53668,0,87380,3371,4868,0,8239,30340,48801,0,79141,221,952,,1173,15,26,,40,12402,35035,,47437,12638,36013,,48651,42,74,,61,250,1056,0,1306,17673,16840,0,34514,,,,,,,,,,,,,,0,0,79141,0,0,,0,,0,,,,,,,,79141,0
295,KARNATAKA,Haveri,,765,862,0,824,187241,286513,0,473754,8010,481764,8648,16371,0,25019,1283,,,1283,24318,6482,0,30800,1352,1924,0,3276,468,1675,0,2143,321,470,0,791,,,,,,,,,36390,26922,0,63313,,,,,,,,,,,,0,,,,0,,,,,,,,,,,,,,,,0,36390,26922,0,63313,3639,2692,0,6331,32751,24230,0,56981,685,1339,,2024,7,66,,73,15212,19469,,34681,15904,20874,,36778,49,86,,65,1143,1812,0,2954,16461,4963,0,21424,,,,,,,,,,,,,,0,0,56981,0,0,,0,,0,,,,,,,,56981,0
296,KARNATAKA,Kalburgi,,810,851,0,838,351812,744455,0,1096267,1262,1097529,15306,42571,0,57877,211,,,211,3603,0,0,3603,836,6950,0,7787,50,446,0,496,0,4923,0,4923,,,,,,,,,20006,54890,0,74896,,,,,,,,,,,,0,,,,0,,,,,,,,,,,,,,,,0,20006,54890,0,74896,2001,5470,0,7471,18006,49420,0,67425,1601,5764,,7365,2,46,,48,4927,18831,,23758,6530,24641,,31170,36,50,,46,2125,7244,0,9369,11083,23698,0,34782,,,,,,,,,,,,,,0,0,67425,0,0,,0,,0,,,,,,,,67425,0
297,KARNATAKA,Kodagu,,963,2249,0,2215,5287,197296,0,202583,208756,411339,285,18461,0,18746,102,,,102,1188,786,0,1974,301,1275,0,1576,1,75,0,76,336,718,0,1054,,,,,,,,,2213,21315,0,23528,,,,,,,,,,,,0,,,,0,,,,,,,,,,,,,,,,0,2213,21315,0,23528,221,2014,0,2236,1992,19301,0,21293,12,925,,937,2,93,,95,1202,5346,,6548,1216,6364,,7580,61,33,,36,13,1050,0,1063,775,12812,0,13587,,,,,,,,,,,,,,0,0,21293,0,0,,0,,0,,,,,,,,21293,0
298,KARNATAKA,Kolara,,0,822,0,822,0,382763,0,382763,16230,398993,0,21359,0,21359,,,,,0,0,0,0,0,4310,0,4310,0,7058,0,7058,0,3976,0,3976,,,,,,,,,0,36703,0,36703,,,,,,,,,,,,0,,,,0,,,,,,,,,,,,,,,,0,0,36703,0,36703,0,3670,0,3670,0,33033,0,33033,,4190,,4190,,227,,227,,56506,,56506,,60923,,60923,,184,,184,0,4970,0,4970,0,0,0,0,,,,,,,,,,,,,,0,0,33033,0,0,,0,,0,,,,,,,,33033,0
299,KARNATAKA,Koppal,,607,642,0,627,230119,309747,0,539866,17738,557604,7825,11960,0,19785,621,,0,621,31615,5081,0,36696,1381,6624,0,8005,286,293,0,578,234,351,0,586,,,,,,,,,41962,24309,0,66271,,,,,,,,,,,,0,,,,0,,,,,,,,,,,,,,,,0,41962,24309,0,66271,4196,2219,0,6415,37766,22090,0,59856,1441,1391,,2833,168,110,,278,9349,24224,,33573,10958,25725,,36683,29,116,,61,1825,1686,0,3510,26424,248,0,26673,,,,,,,,,,,,,,0,0,59856,0,0,,0,,0,,,,,,,,59856,0
300,KARNATAKA,Mandya,,741,717,0,733,322094,159649,0,481743,13828,495571,13851,7513,0,21364,4036,,,4036,28694,3507,0,32200,4044,5786,0,9830,701,495,0,1197,481,554,0,1036,,,,,,,,,51808,17856,0,69663,,,,,,,,,,,,0,,,,0,,,,,,,,,,,,,,,,0,51808,17856,0,69663,4884,1648,0,6532,46924,16207,0,63131,2737,1236,,3973,41,56,,97,20129,17371,,37500,22907,18663,,41570,49,115,,66,2928,1322,0,4250,23826,756,0,24582,,,,,,,,,,,,,,0,0,63131,0,0,,0,,0,,,,,,,,63131,0
301,KARNATAKA,Mysuru,,788,825,0,811,220978,390667,0,611645,19411,631056,10016,20991,0,31007,4393,,0,4393,25922,1404,0,27325,2875,3775,0,6650,631,837,0,1468,734,1621,0,2355,,,,,,,,,44571,28628,0,73199,,,,,,,,,,,,0,,,,0,,,,,,,,,,,,,,,,0,44571,28628,0,73199,4363,2815,0,7179,40208,25812,0,66020,1161,1860,,3021,30,63,,93,12215,15663,,27878,13405,17586,,30991,33,68,,47,1383,2341,0,3724,26580,7989,0,34569,,,,,,,,,,,,,,0,0,66020,0,0,,0,,0,,,,,,,,66020,0
302,KARNATAKA,Raichur,,580,581,0,580,443588,395079,0,838667,8325,846992,17681,17792,0,35473,1448,,0,1448,34802,0,0,34802,5152,2491,0,7643,335,2003,0,2339,2500,2300,0,4800,,,,,,,,,61918,24587,0,86505,,,,,,,,,,,,0,,,,0,,,,,,,,,,,,,,,,0,61918,24587,0,86505,5883,2138,0,8021,56035,22449,0,78484,1916,1454,,3370,54,129,,183,16135,14812,,30947,18105,16395,,34500,32,73,,44,2755,1978,0,4733,37090,7429,0,44519,,,,,,,,,,,,,,0,0,78484,0,0,,0,,0,,,,,,,,78484,0
303,KARNATAKA,Shivamogga,,793,2070,0,1916,80956,593775,0,674731,172586,847317,3596,59566,0,63162,1347,,,1347,25880,5090,0,30971,1510,8956,0,10466,14,1868,0,1882,30,378,0,409,,,,,,,,,32378,75859,0,108236,,,,,,,,,,,,0,,,,0,,,,,,,,,,,,,,,,0,32378,75859,0,108236,3238,6884,0,10121,29140,68975,0,98115,208,2507,,2714,273,0,,273,5113,33507,,38619,5593,36013,,41606,19,52,,42,230,2753,0,2984,23525,35290,0,58814,,,,,,,,,,,,,,0,0,98115,0,0,,0,,0,,,,,,,,98115,0
304,KARNATAKA,Tumakuru,,796,732,0,745,202147,789450,0,991597,68728,1060325,10299,43169,0,53468,1185,,,1185,10705,0,0,10705,0,13726,0,13726,752,2361,0,3113,801,2003,0,2803,,,,,,,,,23742,61258,0,85000,,,,,,,,,,,,0,,,,0,,,,,,,,,,,,,,,,0,23742,61258,0,85000,2374,6126,0,8500,21368,55132,0,76500,1437,4425,,5862,46,133,,179,7201,56703,,63903,8684,61260,,69944,41,111,,91,1696,5194,0,6890,12424,2092,0,14516,,,,,,,,,,,,,,0,0,76500,0,0,,0,,0,,,,,,,,76500,0
305,KARNATAKA,Udupi,,0,4420,0,4420,0,286998,0,286998,70074,357072,0,44022,0,44022,0,,,0,0,0,0,0,0,4568,0,4568,0,38,0,38,0,6139,0,6139,,,,,,,,,0,54767,0,54767,,,,,,,,,,,,0,,,,0,,,,,,,,,,,,,,,,0,0,54767,0,54767,0,5477,0,5477,0,49290,0,49290,,2125,,2125,,61,,61,,13998,,13998,,16184,,16184,,33,,33,0,2311,0,2311,0,32920,0,32920,,,,,,,,,,,,,,0,0,49290,0,0,,0,,0,,,,,,,,49290,0
306,KARNATAKA,Uttara Kannada,,0,2601,0,2601,0,658548,0,658548,371143,1029691,0,82234,0,82234,0,,0,0,0,0,0,0,0,6684,0,6684,0,1121,0,1121,0,2685,0,2685,,,,,,,,,0,92724,0,92724,,,,,,,,,,,,0,,,,0,,,,,,,,,,,,,,,,0,0,92724,0,92724,0,8952,0,8952,0,83772,0,83772,,3167,,3167,,29,,29,,22384,,22384,,25580,,25580,,31,,31,0,3426,0,3426,0,57933,0,57933,,,,,,,,,,,,,,0,0,83772,0,0,,0,,0,,,,,,,,83772,0
307,KARNATAKA,Vijayanagara,,673,647,0,650,57639,482114,0,539753,27012,566765,2330,20082,0,22411,438,,,438,5702,6394,0,12096,862,6178,0,7041,161,716,0,877,24,498,0,522,,,,,,,,,9517,33868,0,43385,,,,,,,,,,,,0,,,,0,,,,,,,,,,,,,,,,0,9517,33868,0,43385,952,2630,0,3581,8565,31239,0,39804,181,1412,,1593,13,19,,32,4419,26073,,30492,4613,27504,,32117,54,88,,81,228,1677,0,1905,4835,4461,0,9296,,,,,,,,,,,,,,0,0,39804,0,0,,0,,0,,,,,,,,39804,0
308,KARNATAKA,Vijayapura,,612,620,0,613,968712,80129,0,1048841,1463,1050304,62966,5791,0,68757,1071,,,1071,23427,1171,0,24598,6006,911,0,6918,1054,14,0,1068,2856,167,0,3023,,,,,,,,,97380,8054,0,105434,,,,,,,,,,,,0,,,,0,,,,,,,,,,,,,,,,0,97380,8054,0,105434,9322,805,0,10127,88058,7249,0,95307,4941,192,,5133,44,18,,62,32315,5339,,37654,37299,5549,,42848,42,77,,45,5794,225,0,6019,49906,3416,0,53322,,,,,,,,,,,,,,0,0,95307,0,0,,0,,0,,,,,,,,95307,0
309,KARNATAKA,Yadgir,,833,847,0,837,349278,166004,0,515282,12217,527499,15452,7801,0,23253,1208,,,1208,23648,0,0,23648,1019,2381,0,3400,1458,1448,0,2906,2459,3099,0,5558,,,,,,,,,45244,14730,0,59975,,,,,,,,,,,,0,,,,0,,,,,,,,,,,,,,,,0,45244,14730,0,59975,4524,1473,0,5997,40720,13257,0,53977,2077,1062,,3140,125,1047,,1173,6811,9422,,16233,9014,11531,,20545,22,87,,38,2609,1379,0,3989,31175,2379,0,33553,,,,,,,,,,,,,,0,0,53977,0,0,,0,,0,,,,,,,,53977,0
310,KERALA,ALAPPUZHA,,0,2689,0,2689,0,141403,0,141403,0,141403,0,31969,0,31969,0,,0,0,0,5971,0,5971,0,883,0,883,0,149,0,149,0,0,0,0,,,,,,,,,0,38972,0,38972,,0,,0,,,,,,0,,0,,0,,0,0,0,0,0,0,0,0,0,0,0,0,0,0,0,0,0,0,38972,0,38972,0,3259,0,3259,0,35713,0,35713,,9283,,9283,,263,,263,,3737,,3737,,13283,,13283,,37,,37,0,9382,0,9382,0,22331,0,22331,,,,,,,0,0,0,,,,,0,0,35713,0,0,,134,,134,,,,,,,,35713,0
311,KERALA,ERNAKULAM,,0,3146,0,3146,0,226948,0,226948,67500,294447,0,40152,0,40152,0,,0,0,0,3421,0,3421,0,2180,0,2180,0,17,0,17,0,207,0,207,,,,,,,,,0,45977,0,45977,,0,,0,,,,,,0,,0,,0,,0,0,0,0,0,0,0,0,0,0,0,0,0,0,0,0,0,0,45977,0,45977,0,4512,0,4512,0,41464,0,41464,,9449,,9449,,262,,262,,7933,,7933,,17644,,17644,,43,,43,0,10064,0,10064,0,23205,0,23205,,,,,,,0,0,0,,,,,0,0,41464,0,1,,119,,120,,,,,,,,41464,0
312,KERALA,IDUKKI,,0,2922,0,2922,0,108891,0,108891,326914,435805,0,13923,0,13923,0,,0,0,0,7298,0,7298,0,1528,0,1528,0,8,0,8,0,28,0,28,,,,,,,,,0,22784,0,22784,0,0,0,0,,,,,0,0,0,0,0,0,0,0,0,0,0,0,0,0,0,0,0,0,0,0,0,0,0,0,0,22784,0,22784,0,2278,0,2278,0,20506,0,20506,,4058,,4058,,13,,13,,6066,,6066,,10138,,10138,,49,,49,0,4058,0,4058,0,10368,0,10368,,,,,,,0,0,50,,,,,0,0,20506,0,0,,11,,11,,,,,,,,20506,0
313,KERALA,KANNUR,,0,3277,0,3277,0,232396,0,232396,64400,296796,0,38292,0,38292,0,,0,0,0,1366,0,1366,0,2325,0,2325,0,193,0,193,0,331,0,331,,,,,,,,,0,42507,0,42507,,,,,,,,,,,,0,,,,0,,,,,,,,,,,,,,,,0,0,42507,0,42507,0,4251,0,4251,0,38256,0,38256,,8909,,8909,,48,,48,,8413,,8413,,17370,,17370,,45,,45,0,9411,0,9411,0,20384,0,20384,,,,,,,,,,,,,,0,0,38256,0,0,,0,,0,,,,,,,,38256,0
314,KERALA,KASARGOD,,0,3453,0,3453,0,164830,0,164830,31300,196130,0,26449,0,26449,0,,0,0,0,2239,0,2239,0,3957,0,3957,0,7,0,7,0,2055,0,2055,,,,,,,,,0,34709,0,34709,,0,,0,,,,,,0,,0,,,,0,0,0,0,0,0,0,0,0,0,0,0,0,0,0,0,0,0,34709,0,34709,0,3471,0,3471,0,31238,0,31238,,5160,,5160,,5,,5,,16504,,16504,,21669,,21669,,69,,69,0,5671,0,5671,0,9058,0,9058,,,,,,,0,0,1,,,,,0,0,31238,0,1,,41,,42,,,,,,,,31238,0
315,KERALA,KOLLAM,,0,2361,0,2361,0,211200,0,211200,37900,249100,0,32102,0,32102,0,,0,0,0,1091,0,1091,0,1438,0,1438,0,929,0,929,0,266,0,266,,,,,,,,,0,35825,0,35825,,0,,0,,,,,0,0,0,0,0,0,0,0,0,0,0,0,0,0,0,0,0,0,0,0,0,0,0,0,0,35825,0,35825,0,3490,0,3490,0,32336,0,32336,,10273,,10273,,30,,30,,4994,,4994,,15298,,15298,,47,,47,0,10502,0,10502,0,16809,0,16809,,,,,,,0,0,9,,,,,0,0,32336,0,5,,109,,114,,,,,,,,32336,0
316,KERALA,KOTTAYAM,,0,2926,0,2926,0,197088,0,197088,25000,222088,0,35742,0,35742,0,,0,0,0,4836,0,4836,0,1401,0,1401,0,18,0,18,0,186,0,186,,,,,,,,,0,42183,0,42183,,,,,,,,,,,,0,,,,0,0,0,0,0,0,0,0,0,0,0,0,0,0,0,0,0,0,42183,0,42183,0,3958,0,3958,0,38225,0,38225,,7485,,7485,,16,,16,,4898,,4898,,12398,,12398,,32,,32,0,7647,0,7647,0,25664,0,25664,,,,,,,0,0,0,,,,,0,0,38225,0,3,,143,,145,,,,,,,,38225,0
317,KERALA,KOZHIKKODE,,0,3364,0,3364,0,166180,0,166180,68050,234230,0,31090,0,31090,0,,0,0,0,302,0,302,0,1402,0,1402,0,384,0,384,0,0,0,0,,,,,,,,,0,33178,0,33178,,0,,0,,,,,,,,0,,,,0,0,0,0,0,0,0,0,0,0,0,0,0,0,0,0,0,0,33178,0,33178,0,3226,0,3226,0,29953,0,29953,,12677,,12677,,6,,6,,4722,,4722,,17406,,17406,,58,,58,0,13759,0,13759,0,11465,0,11465,,,,,,,0,0,0,,,,,0,0,29953,0,0,,0,,0,,,,,,,,29953,0
318,KERALA,MALAPPURAM,,0,2726,0,2726,0,254181,0,254181,100800,354981,0,39261,0,39261,0,,0,0,0,4817,0,4817,0,2828,0,2828,0,23,0,23,0,715,0,715,,,,,,,,,0,47644,0,47644,,,,,,,,,,,,0,,,,0,0,0,0,0,0,0,0,0,0,0,0,0,0,0,0,0,0,47644,0,47644,0,4635,0,4635,0,43009,0,43009,,18654,,18654,,7,,7,,10467,,10467,,29129,,29129,,68,,68,0,21716,0,21716,0,10819,0,10819,,,,,,,0,0,29,,,,,0,0,43009,0,322,,10708,,11029,,,,,,,,43009,0
319,KERALA,PALAKKAD,,0,2183,0,2183,0,298228,0,298228,149394,447622,0,36109,0,36109,0,,0,0,0,19581,0,19581,0,4835,0,4835,0,862,0,862,0,0,0,0,,,,,,,,,0,61387,0,61387,,,,,,,,,0,0,0,0,,,,0,0,0,0,0,0,0,0,0,0,0,0,0,0,0,0,0,0,61387,0,61387,0,5735,0,5735,0,55652,0,55652,,12315,,12315,,613,,613,,18394,,18394,,31322,,31322,,56,,56,0,13379,0,13379,0,23267,0,23267,,,,,,,0,0,185,,,,,0,0,55652,0,0,,0,,0,,,,,,,,55652,0
320,KERALA,PATHANAMTHITTA,,0,2776,0,2776,0,129665,0,129665,133010,262675,0,22898,0,22898,0,,0,0,0,959,0,959,0,1072,0,1072,0,568,0,568,0,375,0,375,,,,,,,,,0,25872,0,25872,,0,,0,,,,,,0,,0,,0,,0,0,0,0,0,0,0,0,0,0,0,0,0,0,0,0,0,0,25872,0,25872,0,2484,0,2484,0,23387,0,23387,,3508,,3508,,9,,9,,3776,,3776,,7292,,7292,,31,,31,0,3508,0,3508,0,16095,0,16095,,,,,,,0,0,0,,,,,0,0,23387,0,0,,0,,0,,,,,,,,23387,0
321,KERALA,THIRUVANANTHAPURAM,,0,1819,0,1819,0,194297,0,194297,24500,218797,0,22507,0,22507,0,,0,0,0,3149,0,3149,0,1223,0,1223,0,352,0,352,0,452,0,452,,,,,,,,,0,27684,0,27684,,,,,,,,,,,,0,,,,0,0,0,0,0,0,0,0,0,0,0,0,0,0,0,0,0,0,27684,0,27684,0,2546,0,2546,0,25138,0,25138,,10877,,10877,,9,,9,,4892,,4892,,15778,,15778,,63,,63,0,11407,0,11407,0,8830,0,8830,,,,,,,0,0,0,,,,,0,0,25138,0,3,,79,,81,,,,,,,,25138,0
322,KERALA,THRISSUR,,0,2966,0,2966,0,236685,0,236685,65700,302385,0,45239,0,45239,0,,0,0,0,11147,0,11147,0,4337,0,4337,0,604,0,604,0,1529,0,1529,,,,,,,,,0,62856,0,62856,,,,,,,,,,,,0,,,,0,0,0,0,0,0,0,0,0,0,0,0,0,0,0,0,0,0,62856,0,62856,0,5837,0,5837,0,57020,0,57020,,11308,,11308,,52,,52,,21115,,21115,,32475,,32475,,57,,57,0,11913,0,11913,0,23940,0,23940,,,,,,,0,0,5,,,,,0,0,57020,0,2,,103,,105,,,,,,,,57020,0
323,KERALA,WAYANAD,,0,3060,0,3060,0,142762,0,142762,70300,213062,0,22539,0,22539,0,,0,0,0,124,0,124,0,427,0,427,0,258,0,258,0,559,0,559,,,,,,,,,0,23908,0,23908,,,,,,,,,0,0,0,0,0,0,0,0,0,0,0,0,0,0,0,0,0,0,0,0,0,0,0,0,0,23908,0,23908,0,2391,0,2391,0,21517,0,21517,,3562,,3562,,1,,1,,1682,,1682,,5245,,5245,,24,,24,0,3753,0,3753,0,16081,0,16081,,,,,,,0,0,14,,,,,0,0,21517,0,0,,15,,15,,,,,,,,21517,0
324,LADAKH,KARGIL,,0,89,0,89,0,24900,0,24900,668100,693000,0,489,0,489,,,,,0,1072,0,1072,0,0,0,0,,,,,,,,,,,,,,,,,0,1561,0,1561,,,,,,,,,,,,0,,,,0,0,0,0,0,0,0,0,0,0,0,0,0,0,0,0,0,0,1561,0,1561,0,156,0,156,0,1405,0,1405,,455,,455,,18,,18,,7,,7,,480,,480,,34,,34,0,455,0,455,0,925,0,925,,,,,,,0,0,0,,,,,0,0,1405,0,0,,0,,0,,,,,,,,1405,0
325,LADAKH,LEH,,0,62,0,62,0,71400,0,71400,2799200,2870600,0,980,0,980,,,,,0,4201,0,4201,0,0,0,0,,,,,,,,,,,,,,,,,0,5181,0,5181,,,,,,,,,,,,0,,,,0,0,0,0,0,0,0,0,0,0,0,0,0,0,0,0,0,0,5181,0,5181,0,518,0,518,0,4663,0,4663,,1282,,1282,,50,,50,,66,,66,,1397,,1397,,30,,30,0,1282,0,1282,0,3266,0,3266,,,,,,,0,0,0,,,,,0,0,4663,0,0,,0,,0,,,,,,,,4663,0
326,LAKSHDWEEP,AMINI,,0,1806,0,1806,0,571,0,571,0,571,0,301,0,301,0,,0,0,0,0,0,0,0,0,0,0,0,0,0,0,0,0,0,0,,,,,,,,,0,301,0,301,,,,,,,,,,,,0,,,,0,0,0,0,0,0,0,0,0,0,53,0,53,0,-53,0,-53,0,248,0,248,0,120,0,120,0,128,0,128,,65,,65,,0,,0,,0,,0,,65,,65,,51,,51,0,75,0,75,0,52,0,52,,,,,,,0,0,0,,,,,0,0,128,0,0,,0,,0,,,,,,,,128,0
327,LAKSHDWEEP,ANDROTH,,0,1806,0,1806,0,712,0,712,0,712,0,375,0,375,0,,0,0,0,0,0,0,0,0,0,0,0,0,0,0,0,0,0,0,,,,,,,,,0,375,0,375,,,,,,,,,,,,0,,,,0,0,0,0,0,0,0,0,0,0,63,0,63,0,-63,0,-63,0,312,0,312,0,150,0,150,0,162,0,162,,87,,87,,0,,0,,0,,0,,87,,87,,54,,54,0,99,0,99,0,63,0,63,,,,,,,0,0,0,,,,,0,0,162,0,0,,0,,0,,,,,,,,162,0
328,LAKSHDWEEP,KAVARATTI,,0,1806,0,1806,0,634,0,634,0,634,0,334,0,334,0,,0,0,0,0,0,0,0,0,0,0,0,0,0,0,0,0,0,0,,,,,,,,,0,334,0,334,,,,,,,,,,,,0,,,,0,0,0,0,0,0,0,0,0,0,64,0,64,0,-64,0,-64,0,270,0,270,0,134,0,134,0,136,0,136,,102,,102,,0,,0,,0,,0,,102,,102,,75,,75,0,117,0,117,0,20,0,20,,,,,,,0,0,0,,,,,0,0,136,0,0,,0,,0,,,,,,,,136,0
329,LAKSHDWEEP,KILTAN,,0,1806,0,1806,0,267,0,267,0,267,0,141,0,141,0,,0,0,0,0,0,0,0,0,0,0,0,0,0,0,0,0,0,0,,,,,,,,,0,141,0,141,,,,,,,,,,,,0,,,,0,0,0,0,0,0,0,0,0,0,26,0,26,0,-26,0,-26,0,114,0,114,0,56,0,56,0,58,0,58,,26,,26,,0,,0,,0,,0,,26,,26,,44,,44,0,29,0,29,0,29,0,29,,,,,,,0,0,0,,,,,0,0,58,0,0,,0,,0,,,,,,,,58,0
330,LAKSHDWEEP,MINICOY,,0,1968,0,1968,0,437,0,437,0,437,0,251,0,251,0,,0,0,0,0,0,0,0,0,0,0,0,0,0,0,0,0,0,0,,,,,,,,,0,251,0,251,,,,,,,,,,,,0,,,,0,0,0,0,0,0,0,0,0,0,51,0,51,0,-51,0,-51,0,199,0,199,0,100,0,100,0,99,0,99,,58,,58,,0,,0,,0,,0,,58,,58,,58,,58,0,66,0,66,0,33,0,33,,,,,,,0,0,0,,,,,0,0,99,0,0,,0,,0,,,,,,,,99,0
331,MADHYA PRADESH,AGAR MALWA,,962,962,0,962,11375,240201,0,251576,20617,272193,1205,29893,0,31097,822,,,822,575,0,0,575,157,8957,0,9114,397,487,0,883,0,814,0,814,,,,,,,,,3156,40150,0,43306,,,,,,,,,,,,0,,,,0,,,,,,,,,,,,,,,,0,3156,40150,0,43306,158,2008,0,2165,2998,38143,0,41141,98,1617,,1715,0,6,,6,627,35827,,36454,725,37451,,38176,24,98,,93,125,1900,0,2025,2246,3432,0,5678,,,,,,,,,,,,,,0,0,41141,0,0,,0,,0,,,,,,,,41141,0
332,MADHYA PRADESH,ALIRAJPUR,,0,918,0,918,0,305400,0,305400,26400,331800,0,21272,0,21272,0,,0,0,0,0,0,0,0,1905,0,1905,0,487,0,487,0,429,0,429,,,,,,,,,0,24093,0,24093,,,,,,,,,,,,0,,,,0,,,,,,,,,,,,,,,,0,0,24093,0,24093,0,1205,0,1205,0,22888,0,22888,,1972,,1972,,0,,0,,7620,,7620,,9591,,9591,,42,,42,0,2515,0,2515,0,12754,0,12754,,,,,,,,,,,,,,0,0,22888,0,0,,0,,0,,,,,,,,22888,0
333,MADHYA PRADESH,ANUPPUR,,0,1095,0,1095,0,294200,0,294200,78200,372400,0,26948,0,26948,0,,0,0,0,0,0,0,0,428,0,428,0,51,0,51,0,234,0,234,,,,,,,,,0,27661,0,27661,,,,,,,,,,,,0,,,,0,,,,,,,,,,,,,,,,0,0,27661,0,27661,0,1383,0,1383,0,26278,0,26278,,1596,,1596,,3929,,3929,,1713,,1713,,7238,,7238,,28,,28,0,1708,0,1708,0,18928,0,18928,,,,,,,,,,,,,,0,0,26278,0,0,,0,,0,,,,,,,,26278,0
334,MADHYA PRADESH,ASHOKNAGAR,,913,913,0,913,20650,441594,0,462244,5150,467394,1376,28259,0,29635,1078,,0,1078,2913,0,0,2913,293,5353,0,5646,238,166,0,404,71,1410,0,1480,,,,,,,,,5969,35188,0,41157,,,,,,,,,,,,0,,,,0,,,,,,,,,,,,,,,,0,5969,35188,0,41157,298,1759,0,2058,5671,33429,0,39099,90,1786,,1876,0,1,,1,1173,21412,,22585,1263,23199,,24462,22,69,,63,109,2175,0,2284,4389,9841,0,14229,,,,,,,,,,,,,,0,0,39099,0,0,,0,,0,,,,,,,,39099,0
335,MADHYA PRADESH,BALAGHAT,,1472,1472,0,1472,101503,790290,0,891793,31107,922900,7720,60931,0,68652,476,,0,476,574,0,0,574,544,3245,0,3789,909,303,0,1213,46,1143,0,1189,,,,,,,,,10269,65623,0,75892,,,,,,,,,,,,0,,,,0,,,,,,,,,,,,,,,,0,10269,65623,0,75892,617,3750,0,4367,9651,61873,0,71525,490,3452,,3941,0,432,,432,1979,10655,,12634,2468,14539,,17007,26,23,,24,571,3912,0,4483,7102,46875,0,53976,,,,,,,,,,,,,,0,0,71525,0,0,,0,,0,,,,,,,,71525,0
336,MADHYA PRADESH,BARWANI,,715,715,0,715,68712,298119,0,366831,175369,542200,5151,27794,0,32945,1079,,0,1079,9670,0,0,9670,629,7577,0,8206,1281,122,0,1403,386,2369,0,2755,,,,,,,,,18195,37862,0,56057,,,,,,,,,,,,0,,,,0,,,,,,,,,,,,,,,,0,18195,37862,0,56057,910,2179,0,3089,17286,35683,0,52969,610,3272,,3882,3,35,,38,2515,31051,,33566,3128,34359,,37486,18,96,,71,817,4677,0,5494,13951,4663,0,18614,,,,,,,,,,,,,,0,0,52969,0,0,,0,,0,,,,,,,,52969,0
337,MADHYA PRADESH,BETUL,,1081,1081,0,1081,26248,830202,0,856450,147850,1004300,2604,80724,0,83329,222,,0,222,5458,0,0,5458,448,11179,0,11627,564,1936,0,2500,36,1307,0,1343,,,,,,,,,9332,95146,0,104478,,,,,,,,,,,,0,,,,0,,,,,,,,,,,,,,,,0,9332,95146,0,104478,532,4757,0,5289,8800,90389,0,99189,564,3255,,3819,0,169,,169,1793,44516,,46309,2357,47940,,50297,27,53,,51,675,3889,0,4563,6332,41815,0,48147,,,,,,,,,,,,,,0,0,99189,0,0,,0,,0,,,,,,,,99189,0
338,MADHYA PRADESH,BHIND,,951,951,0,951,179891,266009,0,445900,0,445900,31646,49251,0,80897,6027,,0,6027,3861,0,0,3861,0,5377,0,5377,14,38,0,52,18,586,0,604,,,,,,,,,41565,55253,0,96818,,,,,,,,,,,,0,,,,0,,,,,,,,,,,,,,,,0,41565,55253,0,96818,2078,3546,0,5624,39487,51707,0,91194,1281,2380,,3661,148,101,,249,4795,21510,,26305,6224,23990,,30215,16,46,,33,1551,2881,0,4432,32993,27216,0,60209,,,,,,,,,,,,,,0,0,91194,0,0,,0,,0,,,,,,,,91194,0
339,MADHYA PRADESH,BHOPAL,,0,1031,0,1031,0,264800,0,264800,12437,277237,0,29566,0,29566,0,,0,0,0,0,0,0,0,5965,0,5965,0,1490,0,1490,0,380,0,380,0,1235,0,1235,0,0,0,0,0,38635,0,38635,,,,,,,,,,,,0,,,,0,,,,,,,,,,,,,,,,0,0,38635,0,38635,0,1932,0,1932,0,36704,0,36704,,5307,,5307,,851,,851,,23859,,23859,,30018,,30018,,82,,82,0,7162,0,7162,0,6240,0,6240,,,,,,,,,,,,,,0,0,36704,0,0,,0,,0,,,,,,,,36704,0
340,MADHYA PRADESH,BURHANPUR,,884,884,0,884,11289,245761,0,257050,66250,323300,943,24581,0,25524,134,,0,134,1133,0,0,1133,88,4956,0,5044,375,289,0,665,643,4385,,5028,,,,,,,,,3317,34211,0,37528,,,,,,,,,,,,0,,,,0,,,,,,,,,,,,,,,,0,3317,34211,0,37528,166,1711,0,1876,3151,32501,0,35652,155,1633,,1788,0,71,,71,391,22354,,22745,545,24058,,24604,17,74,,69,199,2100,0,2299,2561,7975,0,10537,,,,,,,,,,,,,,0,0,35652,0,0,,0,,0,,,,,,,,35652,0
341,MADHYA PRADESH,CHHATARPUR,,1095,1095,0,1095,116640,673794,0,790434,78302,868736,8600,57300,0,65900,3858,,,3858,1978,0,0,1978,508,12256,0,12764,1274,765,0,2040,28,2221,0,2249,,,,,,,,,16247,72542,0,88788,,,,,,,,,,,,0,,,,0,,,,,,,,,,,,,,,,0,16247,72542,0,88788,820,3627,0,4447,15427,68915,0,84342,629,2578,,3207,0,95,,95,2033,49023,,51056,2662,51695,,54358,17,75,,64,798,3268,0,4066,12596,16529,0,29125,,,,,,,,,,,,,,0,0,84342,0,0,,0,,0,,,,,,,,84342,0
342,MADHYA PRADESH,CHHINDWARA,,1222,1222,0,1222,6380,721898,0,728278,275222,1003500,654,73171,0,73824,563,,0,563,889,0,0,889,132,11065,0,11197,53,393,0,446,60,1281,,1341,,,,,,,,,2351,85910,0,88261,,,,,,,,,,,,0,,,,0,,,,,,,,,,,,,,,,0,2351,85910,0,88261,235,5144,0,5379,2116,80766,0,82881,39,4588,,4627,0,549,,549,558,44261,,44819,597,49397,,49995,28,61,,60,46,5575,0,5620,1512,30610,0,32122,,,,,,,,,,,,,,0,0,82881,0,0,,0,,0,,,,,,,,82881,0
343,MADHYA PRADESH,DAMOH,,1169,1169,0,1169,57667,416952,0,474619,255981,730600,3007,25412,0,28419,1403,,0,1403,3312,0,0,3312,169,4755,0,4924,1411,157,0,1569,53,549,0,602,,,,,,,,,9356,30874,0,40229,,,,,,,,,,,,0,,,,0,,,,,,,,,,,,,,,,0,9356,30874,0,40229,468,1544,0,2011,8888,29330,0,38218,305,2094,,2399,0,308,,308,677,19020,,19697,982,21422,,22404,11,73,,59,372,2874,0,3247,7839,7128,0,14966,,,,,,,,,,,,,,0,0,38218,0,0,,0,,0,,,,,,,,38218,0
344,MADHYA PRADESH,DATIA,,964,964,0,964,132097,134103,0,266200,2900,269100,21788,19699,0,41487,1082,,0,1082,3395,0,0,3395,1452,1897,0,3349,14,14,0,29,26,658,0,684,,,,,,,,,27758,22268,0,50026,,,,,,,,,,,,0,,,,0,,,,,,,,,,,,,,,,0,27758,22268,0,50026,1388,1678,0,3066,26370,20590,0,46960,683,1143,,1825,0,33,,33,5808,8060,,13868,6491,9236,,15727,25,45,,33,870,1457,0,2328,19691,11040,0,30731,,,,,,,,,,,,,,0,0,46960,0,0,,0,,0,,,,,,,,46960,0
345,MADHYA PRADESH,DEWAS,,1069,1069,0,1069,18544,558538,0,577082,125002,702084,1858,65376,0,67234,268,,,268,885,0,0,885,121,15520,0,15641,229,240,0,469,,3475,,3475,,,,,,,,,3360,84612,0,87972,,,,,,,,,,,,0,,,,0,,,,,,,,,,,,,,,,0,3360,84612,0,87972,168,4231,0,4399,3192,80381,0,83574,130,4301,,4431,0,99,,99,482,62082,,62564,613,66482,,67095,19,83,,80,175,5351,0,5526,2535,15237,0,17772,,,,,,,,,,,,,,0,0,83574,0,0,,0,,0,,,,,,,,83574,0
346,MADHYA PRADESH,DHAR,,902,902,0,902,149070,663570,0,812640,2660,815300,13718,71460,0,85178,3624,,0,3624,24737,0,0,24737,1631,18450,0,20081,1601,1311,0,2912,50,1234,,1285,,,,,,,,,45362,92455,0,137816,,,,,,,,,,,,0,,,,0,,,,,,,,,,,,,,,,0,45362,92455,0,137816,2268,4623,0,6891,43093,87832,0,130925,1093,5196,,6289,0,635,,635,6525,73798,,80323,7618,79629,,87247,18,91,,67,1393,7186,0,8578,35176,18623,0,53799,,,,,,,,,,,,,,0,0,130925,0,0,,0,,0,,,,,,,,130925,0
347,MADHYA PRADESH,DINDORI,,0,1377,0,1377,0,456000,0,456000,116500,572500,0,30807,0,30807,,,,,0,0,0,0,0,622,0,622,,,,,0,723,,723,,,,,,,,,0,32152,0,32152,,,,,,,,,,,,0,,,,0,,,,,,,,,,,,,,,,0,0,32152,0,32152,0,1608,0,1608,0,30544,0,30544,,1911,,1911,,0,,0,,2486,,2486,,4398,,4398,,14,,14,0,2452,0,2452,0,25605,0,25605,,,,,,,,,,,,,,0,0,30544,0,0,,0,,0,,,,,,,,30544,0
348,MADHYA PRADESH,GUNA,,1082,1082,0,1082,37209,580305,0,617514,21486,639000,4116,63069,0,67185,2114,,0,2114,3640,0,0,3640,976,12763,0,13739,778,294,0,1072,33,3599,0,3632,,,,,,,,,11657,79724,0,91382,,,,,,,,,,,,0,,,,0,,,,,,,,,,,,,,,,0,11657,79724,0,91382,583,3986,0,4569,11075,75738,0,86813,170,2446,,2616,0,260,,260,3905,51051,,54956,4074,53757,,57832,37,71,,67,221,3113,0,3334,6949,21314,0,28263,,,,,,,,,,,,,,0,0,86813,0,0,,0,,0,,,,,,,,86813,0
349,MADHYA PRADESH,GWALIOR,,879,879,0,879,131133,297167,0,428300,28100,456400,17934,37519,0,55452,3910,,0,3910,15624,0,0,15624,1051,3937,0,4988,331,880,0,1211,2,553,0,555,0,868,0,868,0,0,0,0,38851,43757,0,82607,,,,,,,,,,,,0,,,,0,,,,,,,,,,,,,,,,0,38851,43757,0,82607,1943,2188,0,4130,36908,41569,0,78477,344,5348,,5692,0,293,,293,4204,15746,,19951,4548,21388,,25936,12,51,,33,387,7327,0,7714,32317,19741,0,52057,,,,,,,,,,,,,,0,0,78477,0,0,,0,,0,,,,,,,,78477,0
350,MADHYA PRADESH,HARDA,,1375,1375,0,1375,79150,190940,0,270090,62910,333000,10609,17711,0,28321,7578,,0,7578,7456,0,0,7456,439,3473,0,3913,53,0,0,53,42,119,,160,,,,,,,,,26177,21303,0,47480,,,,,,,,,,,,0,,,,0,,,,,,,,,,,,,,,,0,26177,21303,0,47480,1309,1065,0,2374,24868,20238,0,45106,190,1094,,1284,0,16,,16,1757,13893,,15650,1947,15003,,16951,8,74,,38,241,1385,0,1625,22870,4944,0,27815,,,,,,,,,,,,,,0,0,45106,0,0,,0,,0,,,,,,,,45106,0
351,MADHYA PRADESH,HOSHANGABAD,,1438,1438,0,1438,253623,304729,0,558352,112048,670400,72631,64036,0,136668,17690,,,17690,20742,0,0,20742,2313,8883,0,11196,68,58,,126,45,156,,200,,,,,,,,,113489,73133,0,186622,,,,,,,,,,,,0,,,,0,,,,,,,,,,,,,,,,0,113489,73133,0,186622,5674,3657,0,9331,107814,69477,0,177291,973,1334,,2307,2,16,,19,9251,35533,,44784,10227,36883,,47110,9,53,,27,1095,1484,0,2579,97465,32443,0,129908,,,,,,,,,,,,,,0,0,177291,0,0,,0,,0,,,,,,,,177291,0
352,MADHYA PRADESH,INDORE,,924,924,0,924,5376,376521,0,381897,7903,389800,475,40569,0,41044,53,,0,53,225,0,0,225,141,13825,0,13966,268,1250,0,1518,,558,,558,0,1232,0,1232,0,0,0,0,1161,57435,0,58596,,,,,,,,,,,,0,,,,0,,,,,,,,,,,,,,,,0,1161,57435,0,58596,58,2872,0,2930,1103,54563,0,55667,154,8072,,8226,0,1573,,1573,563,55301,,55864,717,64946,,65663,65,119,,118,188,12327,0,12515,352,2175,0,2527,,,,,,,,,,,,,,0,0,55667,0,0,,0,,0,,,,,,,,55667,0
353,MADHYA PRADESH,JABALPUR,,1227,1227,0,1227,80876,362992,0,443868,78225,522093,13630,39010,0,52640,319,,0,319,2808,0,0,2808,1268,5677,0,6944,163,164,0,327,99,813,,912,0,548,0,548,0,0,0,0,18287,46211,0,64498,,,,,,,,,,,,0,,,,0,,,,,,,,,,,,,,,,0,18287,46211,0,64498,914,2311,0,3225,17373,43900,0,61273,463,5498,,5961,0,339,,339,5071,22706,,27777,5534,28543,,34077,32,65,,56,546,7872,0,8419,11756,14893,0,26649,,,,,,,,,,,,,,0,0,61273,0,0,,0,,0,,,,,,,,61273,0
354,MADHYA PRADESH,JHABUA,,936,936,0,936,17018,294235,0,311253,34747,346000,1842,21778,0,23620,139,,0,139,2064,0,0,2064,125,2276,0,2401,109,1261,0,1369,0,449,0,449,,,,,,,,,4279,25764,0,30043,,,,,,,,,,,,0,,,,0,,,,,,,,,,,,,,,,0,4279,25764,0,30043,214,1288,0,1502,4065,24476,0,28541,132,2802,,2933,0,6,,6,416,9104,,9521,548,11912,,12460,13,49,,44,196,4057,0,4253,3453,11308,0,14760,,,,,,,,,,,,,,0,0,28541,0,0,,0,,0,,,,,,,,28541,0
355,MADHYA PRADESH,KATNI,,1171,1171,0,1171,33404,433244,0,466648,22752,489400,2339,33401,0,35740,463,,0,463,1270,0,0,1270,129,3681,0,3811,378,146,0,523,72,791,0,863,,,,,,,,,4650,38019,0,42669,,,,,,,,,,,,0,,,,0,,,,,,,,,,,,,,,,0,4650,38019,0,42669,232,1901,0,2133,4417,36118,0,40535,242,2640,,2882,0,888,,888,516,14725,,15242,758,18253,,19012,17,51,,47,311,3392,0,3703,3590,17113,0,20703,,,,,,,,,,,,,,0,0,40535,0,0,,0,,0,,,,,,,,40535,0
356,MADHYA PRADESH,KHANDWA,,952,952,0,952,92560,488886,0,581446,171004,752450,7521,47509,0,55029,1495,,0,1495,49405,0,0,49405,651,9822,0,10473,3060,276,0,3336,292,2257,0,2549,,,,,,,,,62424,59864,0,122288,,,,,,,,,,,,0,,,,0,,,,,,,,,,,,,,,,0,62424,59864,0,122288,5920,2993,0,8914,56503,56871,0,113374,564,2595,,3159,0,51,,51,2606,39288,,41894,3170,41934,,45104,6,74,,40,711,3341,0,4052,53186,14241,0,67427,,,,,,,,,,,,,,0,0,113374,0,0,,0,,0,,,,,,,,113374,0
357,MADHYA PRADESH,KHARGONE,,950,950,0,950,161918,494979,0,656897,146103,803000,13338,43675,0,57013,3889,,0,3889,20296,0,0,20296,910,8603,0,9513,2360,916,0,3277,1227,5361,0,6588,,,,,,,,,42020,58555,0,100575,,,,,,,,,,,,0,,,,0,,,,,,,,,,,,,,,,0,42020,58555,0,100575,2101,2928,0,5029,39919,55627,0,95547,1285,3383,,4668,3,75,,78,3639,34412,,38051,4926,37870,,42797,12,68,,45,1644,4387,0,6032,34633,16753,0,51386,,,,,,,,,,,,,,0,0,95547,0,0,,0,,0,,,,,,,,95547,0
358,MADHYA PRADESH,MAIHAR,,1076,1076,0,1076,2000,207985,0,209985,27872,237857,161,17919,0,18080,18,,0,18,1284,0,0,1284,6,2964,0,2970,0,42,0,42,0,279,0,279,,,,,,,,,1469,21204,0,22672,,,,,,,,,,,,0,,,,0,,,,,,,,,,,,,,,,0,1469,21204,0,22672,73,1423,0,1497,1395,19780,0,21176,56,1841,,1897,0,1094,,1094,23,11856,,11879,78,14791,,14869,6,75,,70,69,2298,0,2367,1303,4532,0,5836,,,,,,,,,,,,,,0,0,21176,0,0,,0,,0,,,,,,,,21176,0
359,MADHYA PRADESH,MANDLA,,1445,1445,0,1445,31070,542920,0,573990,180410,754400,2243,37407,0,39650,1814,,0,1814,535,0,0,535,86,1832,0,1918,423,292,0,715,0,601,0,601,,,,,,,,,5100,40133,0,45233,,,,,,,,,,,,0,,,,0,,,,,,,,,,,,,,,,0,5100,40133,0,45233,255,2007,0,2262,4845,38126,0,42971,348,2265,,2613,0,9,,9,343,7330,,7672,690,9604,,10294,14,25,,24,427,2785,0,3213,4075,28002,0,32077,,,,,,,,,,,,,,0,0,42971,0,0,,0,,0,,,,,,,,42971,0
360,MADHYA PRADESH,MANDSAUR,,881,881,0,881,74088,421552,0,495640,57366,553006,7304,40655,0,47959,328,,,328,793,0,0,793,1379,14656,0,16035,2644,0,0,2644,263,3350,,3613,,,,,,,,,12711,58660,0,71371,,,,,,,,,,,,0,,,,0,,,,,,,,,,,,,,,,0,12711,58660,0,71371,636,2933,0,3569,12075,55727,0,67802,366,3175,,3541,0,73,,73,5516,58622,,64138,5881,61871,,67753,49,111,,100,425,3721,0,4146,6134,1488,0,7623,,,,,,,,,,,,,,0,0,67802,0,0,,0,,0,,,,,,,,67802,0
361,MADHYA PRADESH,MAUGANJ,,0,1143,0,1143,0,170990,0,170990,15600,186590,0,12554,0,12554,,,,,0,0,0,0,0,1404,0,1404,0,126,0,126,,154,,154,,,,,,,,,0,14237,0,14237,,,,,,,,,,,,0,,,,0,,,,,,,,,,,,,,,,0,0,14237,0,14237,0,712,0,712,0,13525,0,13525,,1571,,1571,,15,,15,,5615,,5615,,7201,,7201,,53,,53,0,2085,0,2085,0,5810,0,5810,,,,,,,,,,,,,,0,0,13525,0,0,,0,,0,,,,,,,,13525,0
362,MADHYA PRADESH,MORENA,,753,753,0,753,224789,213700,0,438489,58400,496889,32060,21596,0,53656,13920,,0,13920,3874,0,0,3874,1575,2627,0,4202,239,152,0,391,133,1920,,2053,,,,,,,,,51801,26295,0,78096,,,,,,,,,,,,0,,,,0,,,,,,,,,,,,,,,,0,51801,26295,0,78096,2590,1315,0,3905,49211,24980,0,74191,2950,3131,,6081,308,1061,,1369,11796,12021,,23817,15054,16213,,31266,31,65,,42,3798,4111,0,7910,33309,7787,0,41096,,,,,,,,,,,,,,0,0,74191,0,0,,0,,0,,,,,,,,74191,0
363,MADHYA PRADESH,NARSINGHPUR,,1243,1243,0,1243,52769,426331,0,479100,34200,513300,13060,93055,0,106115,2076,,0,2076,372,0,0,372,315,18622,0,18937,0,4,0,4,0,107,,107,,,,,,,,,15823,111788,0,127611,,,,,,,,,,,,0,,,,0,,,,,,,,,,,,,,,,0,15823,111788,0,127611,791,5589,0,6381,15032,106198,0,121230,108,2296,,2404,0,200,,200,1261,76785,,78046,1369,79281,,80649,9,75,,67,126,2693,0,2819,13645,26521,0,40166,,,,,,,,,,,,,,0,0,121230,0,0,,0,,0,,,,,,,,121230,0
364,MADHYA PRADESH,NEEMUCH,,855,855,0,855,17976,357768,0,375744,44300,420044,1135,26626,0,27761,202,,,202,448,0,0,448,284,8772,0,9056,0,753,,753,0,1328,,1328,,,,,,,,,2068,37479,0,39547,,,,,,,,,,,,0,,,,0,,,,,,,,,,,,,,,,0,2068,37479,0,39547,103,1874,0,1977,1964,35605,0,37570,98,1713,,1810,0,91,,91,1135,35088,,36223,1232,36891,,38124,63,104,,101,114,2000,0,2114,715,1754,0,2470,,,,,,,,,,,,,,0,0,37570,0,0,,0,,0,,,,,,,,37570,0
365,MADHYA PRADESH,NIWARI,,978,978,0,978,12830,139732,0,152562,3900,156462,1037,13978,0,15015,301,,0,301,569,0,0,569,198,2761,0,2959,320,109,,429,445,715,,1160,,,,,,,,,2870,17563,0,20433,,,,,,,,,,,,0,,,,0,,,,,,,,,,,,,,,,0,2870,17563,0,20433,144,878,0,1022,2726,16685,0,19411,169,1024,,1193,0,6,,6,793,11042,,11835,962,12072,,13034,35,72,,67,304,1708,0,2012,1630,3929,0,5559,,,,,,,,,,,,,,0,0,19411,0,0,,0,,0,,,,,,,,19411,0
366,MADHYA PRADESH,PANDHURNA,,1222,1222,0,1222,6931,149568,0,156499,21501,178000,395,15145,0,15540,146,,0,146,345,0,0,345,58,3188,0,3246,251,170,0,421,60,245,,305,,,,,,,,,1255,18747,0,20003,,,,,,,,,,,,0,,,,0,,,,,,,,,,,,,,,,0,1255,18747,0,20003,63,937,0,1000,1193,17810,0,19003,44,866,,910,0,41,,41,232,12750,,12982,276,13657,,13933,23,77,,73,47,947,0,994,913,4072,0,4986,,,,,,,,,,,,,,0,0,19003,0,0,,0,,0,,,,,,,,19003,0
367,MADHYA PRADESH,PANNA,,1170,1170,0,1170,32712,629763,0,662475,51025,713500,2181,43290,0,45471,642,,0,642,1850,0,0,1850,174,3894,0,4068,575,311,0,886,31,389,0,420,,,,,,,,,5453,47885,0,53338,,,,,,,,,,,,0,,,,0,,,,,,,,,,,,,,,,0,5453,47885,0,53338,273,2691,0,2963,5181,45194,0,50375,212,2341,,2554,0,377,,377,696,15577,,16273,908,18296,,19204,18,40,,38,264,2910,0,3174,4221,26330,0,30550,,,,,,,,,,,,,,0,0,50375,0,0,,0,,0,,,,,,,,50375,0
368,MADHYA PRADESH,RAISEN,,1155,1155,0,1155,58600,602340,0,660940,185700,846640,14774,67969,0,82743,225,,0,225,91,0,0,91,340,10663,0,11002,1763,650,0,2413,0,571,0,571,,,,,,,,,17192,79853,0,97046,,,,,,,,,,,,0,,,,0,,,,,,,,,,,,,,,,0,17192,79853,0,97046,860,4601,0,5460,16333,75252,0,91585,263,3282,,3545,0,613,,613,1358,42651,,44009,1622,46545,,48167,10,62,,53,328,4429,0,4757,14647,27560,0,42206,,,,,,,,,,,,,,0,0,91585,0,0,,0,,0,,,,,,,,91585,0
369,MADHYA PRADESH,RAJGARH,,0,1000,0,1000,0,615498,0,615498,0,615498,0,73380,0,73380,,,,,0,0,0,0,0,18922,0,18922,0,736,0,736,,1599,,1599,,,,,,,,,0,94636,0,94636,,,,,,,,,,,,0,,,,0,,,,,,,,,,,,,,,,0,0,94636,0,94636,0,4732,0,4732,0,89905,0,89905,,4286,,4286,,2,,2,,75686,,75686,,79974,,79974,,89,,89,0,5904,0,5904,0,10200,0,10200,,,,,,,,,,,,,,0,0,89905,0,0,,0,,0,,,,,,,,89905,0
370,MADHYA PRADESH,RATLAM,,954,954,0,954,8614,452986,0,461600,24500,486100,450,52242,0,52693,1008,,,1008,19,0,0,19,60,25426,0,25486,250,600,0,850,0,4556,0,4556,,,,,,,,,1788,82825,0,84613,,,,,,,,,,,,0,,,,0,,,,,,,,,,,,,,,,0,1788,82825,0,84613,89,4396,0,4485,1699,78430,0,80128,15,4726,,4741,0,42,,42,241,101704,,101945,255,106472,,106727,15,136,,133,19,11783,0,11801,1439,835,0,2275,,,,,,,,,,,,,,0,0,80128,0,0,,0,,0,,,,,,,,80128,0
371,MADHYA PRADESH,REWA,,1143,1143,0,1143,85364,337406,0,422770,22000,444770,4123,28964,0,33087,2227,,0,2227,889,0,0,889,703,3780,0,4484,201,82,0,284,11,384,,395,,,,,,,,,8156,33210,0,41366,,,,,,,,,,,,0,,,,0,,,,,,,,,,,,,,,,0,8156,33210,0,41366,408,1661,0,2068,7748,31550,0,39297,1205,3107,,4312,75,95,,170,2813,15122,,17935,4094,18324,,22418,53,58,,57,1432,3886,0,5317,3428,12447,0,15875,,,,,,,,,,,,,,0,0,39297,0,0,,0,,0,,,,,,,,39297,0
372,MADHYA PRADESH,SAGAR,,1142,1142,0,1142,40053,885365,0,925418,99782,1025200,3293,87025,0,90318,890,,0,890,1061,0,0,1061,336,14325,0,14661,1033,331,0,1364,39,811,0,849,,,,,,,,,6652,102492,0,109144,,,,,,,,,,,,0,,,,0,,,,,,,,,,,,,,,,0,6652,102492,0,109144,333,5492,0,5824,6319,97000,0,103319,161,3755,,3916,0,153,,153,1009,56829,,57839,1170,60738,,61908,19,63,,60,190,4834,0,5023,5121,35184,0,40304,,,,,,,,,,,,,,0,0,103319,0,0,,0,,0,,,,,,,,103319,0
373,MADHYA PRADESH,SATNA,,1076,1076,0,1076,45108,417013,0,462121,52038,514159,2872,40379,0,43251,576,,0,576,4382,0,0,4382,146,7478,0,7624,0,95,0,95,48,1003,0,1051,,,,,,,,,8024,48955,0,56979,,,,,,,,,,,,0,,,,0,,,,,,,,,,,,,,,,0,8024,48955,0,56979,401,2448,0,2849,7623,46507,0,54130,320,2699,,3019,0,544,,544,585,29912,,30497,905,33156,,34060,12,71,,63,369,3167,0,3536,6669,15350,0,22018,,,,,,,,,,,,,,0,0,54130,0,0,,0,,0,,,,,,,,54130,0
374,MADHYA PRADESH,SEHORE,,1218,1218,0,1218,95559,368413,0,463972,193828,657800,9987,41507,0,51495,3248,,0,3248,3071,0,0,3071,758,9289,0,10047,1067,344,0,1412,24,1194,,1217,,,,,,,,,18155,52334,0,70489,,,,,,,,,,,,0,,,,0,,,,,,,,,,,,,,,,0,18155,52334,0,70489,908,2617,0,3524,17247,49718,0,66965,378,2234,,2612,0,142,,142,3095,37154,,40249,3473,39530,,43003,20,80,,64,489,2859,0,3348,13663,9706,0,23369,,,,,,,,,,,,,,0,0,66965,0,0,,0,,0,,,,,,,,66965,0
375,MADHYA PRADESH,SEONI,,1324,1324,0,1324,71956,733064,0,805020,70780,875800,4107,56609,0,60716,609,,0,609,851,0,0,851,222,6528,0,6750,181,243,0,425,38,531,,569,,,,,,,,,6008,63911,0,69919,,,,,,,,,,,,0,,,,0,,,,,,,,,,,,,,,,0,6008,63911,0,69919,300,3196,0,3496,5708,60716,0,66423,287,3141,,3428,0,12,,12,859,25877,,26735,1146,29030,,30176,20,48,,45,354,3877,0,4231,4495,30950,0,35444,,,,,,,,,,,,,,0,0,66423,0,0,,0,,0,,,,,,,,66423,0
376,MADHYA PRADESH,SHAHDOL,,1081,1081,0,1081,5047,492753,0,497800,86300,584100,219,46296,0,46515,457,,0,457,24,0,0,24,6,897,0,903,0,179,0,179,0,182,0,182,,,,,,,,,706,47553,0,48260,,,,,,,,,,,,0,,,,0,,,,,,,,,,,,,,,,0,706,47553,0,48260,35,2378,0,2413,671,45176,0,45847,54,2319,,2374,0,1676,,1676,25,3588,,3613,79,7583,,7663,12,17,,17,66,2571,0,2637,580,37341,0,37920,,,,,,,,,,,,,,0,0,45847,0,0,,0,,0,,,,,,,,45847,0
377,MADHYA PRADESH,SHAJAPUR,,0,962,0,962,0,340617,0,340617,6708,347325,0,41799,0,41799,,,,,0,0,0,0,0,13583,0,13583,0,572,0,572,0,619,0,619,,,,,,,,,0,56573,0,56573,,,,,,,,,,,,0,,,,0,,,,,,,,,,,,,,,,0,0,56573,0,56573,0,2829,0,2829,0,53744,0,53744,,2238,,2238,,55,,55,,54330,,54330,,56623,,56623,,105,,105,0,2657,0,2657,0,2183,0,2183,,,,,,,,,,,,,,0,0,53744,0,0,,0,,0,,,,,,,,53744,0
378,MADHYA PRADESH,SHEOPUR,,799,799,0,799,71150,462330,0,533480,127120,660600,8472,26755,0,35227,12745,,,12745,3259,0,0,3259,193,3473,0,3666,0,395,0,395,15,684,,699,,,,,,,,,24685,31306,0,55991,,,,,,,,,,,,0,,,,0,,,,,,,,,,,,,,,,0,24685,31306,0,55991,2397,2010,0,4407,22288,29296,0,51584,399,1484,,1883,0,45,,45,1652,16065,,17717,2051,17594,,19645,9,60,,38,515,1959,0,2474,20121,11228,0,31349,,,,,,,,,,,,,,0,0,51584,0,0,,0,,0,,,,,,,,51584,0
379,MADHYA PRADESH,SHIVPURI,,995,995,0,995,69421,907628,0,977049,50751,1027800,3283,64848,0,68131,1941,,0,1941,2852,0,0,2852,728,12166,0,12895,1057,321,0,1378,73,4213,0,4286,,,,,,,,,9934,81548,0,91483,,,,,,,,,,,,0,,,,0,,,,,,,,,,,,,,,,0,9934,81548,0,91483,592,5841,0,6433,9343,75708,0,85050,338,4498,,4836,0,43,,43,2913,48665,,51578,3251,53206,,56457,35,70,,66,442,5883,0,6325,5987,21117,0,27104,,,,,,,,,,,,,,0,0,85050,0,0,,0,,0,,,,,,,,85050,0
380,MADHYA PRADESH,SIDHI,,1132,1132,0,1132,48890,311515,0,360405,124995,485400,3074,24965,0,28039,1009,,0,1009,72,0,0,72,40,1998,0,2038,173,167,0,340,0,342,0,342,,,,,,,,,4368,27473,0,31840,,,,,,,,,,,,0,,,,0,,,,,,,,,,,,,,,,0,4368,27473,0,31840,218,1374,0,1592,4149,26099,0,30248,277,2739,,3016,0,88,,88,160,7993,,8153,437,10820,,11257,11,41,,37,314,3060,0,3374,3675,14958,0,18633,,,,,,,,,,,,,,0,0,30248,0,0,,0,,0,,,,,,,,30248,0
381,MADHYA PRADESH,SINGRAULI,,961,961,0,961,6602,444658,0,451260,115940,567200,532,32283,0,32816,121,,0,121,135,0,0,135,41,2555,0,2596,141,215,0,356,9,468,0,477,,,,,,,,,979,35521,0,36500,,,,,,,,,,,,0,,,,0,,,,,,,,,,,,,,,,0,979,35521,0,36500,49,1776,0,1825,930,33745,0,34675,183,2587,,2770,0,2222,,2222,163,10221,,10384,346,15030,,15376,37,45,,44,210,3434,0,3644,557,17869,0,18426,,,,,,,,,,,,,,0,0,34675,0,0,,0,,0,,,,,,,,34675,0
382,MADHYA PRADESH,TIKAMGARH,,978,978,0,978,26862,308676,0,335538,12800,348338,2017,26900,0,28917,477,,,477,1555,0,0,1555,531,6356,0,6888,1392,403,,1795,26,709,0,734,,,,,,,,,5999,34367,0,40366,,,,,,,,,,,,0,,,,0,,,,,,,,,,,,,,,,0,5999,34367,0,40366,300,1718,0,2018,5699,32649,0,38348,257,2996,,3253,0,0,,0,2126,25425,,27550,2382,28421,,30803,42,87,,80,493,5437,0,5930,3080,2902,0,5982,,,,,,,,,,,,,,0,0,38348,0,0,,0,,0,,,,,,,,38348,0
383,MADHYA PRADESH,UJJAIN,,0,968,0,968,0,593933,0,593933,19090,613023,0,71057,0,71057,,,,,0,0,0,0,0,24527,0,24527,0,2355,0,2355,0,1894,0,1894,,,,,,,,,0,99834,0,99834,,,,,,,,,,,,0,,,,0,,,,,,,,,,,,,,,,0,0,99834,0,99834,0,4992,0,4992,0,94842,0,94842,,4001,,4001,,60,,60,,98108,,98108,,102169,,102169,,108,,108,0,4822,0,4822,0,9258,0,9258,,,,,,,,,,,,,,0,0,94842,0,0,,0,,0,,,,,,,,94842,0
384,MADHYA PRADESH,UMARIA,,0,1195,0,1195,0,421900,0,421900,32000,453900,0,34684,0,34684,0,,0,0,0,0,0,0,0,1216,0,1216,0,314,0,314,0,161,0,161,,,,,,,,,0,36375,0,36375,,,,,,,,,,,,0,,,,0,,,,,,,,,,,,,,,,0,0,36375,0,36375,0,1819,0,1819,0,34556,0,34556,,1632,,1632,,529,,529,,4864,,4864,,7025,,7025,,20,,20,0,1995,0,1995,0,27168,0,27168,,,,,,,,,,,,,,0,0,34556,0,0,,0,,0,,,,,,,,34556,0
385,MADHYA PRADESH,VIDISHA,,1088,1088,0,1088,76287,594483,0,670770,66330,737100,10143,67266,0,77409,2190,,0,2190,687,0,0,687,429,13233,0,13662,257,164,0,421,8,649,,657,,,,,,,,,13714,81313,0,95026,,,,,,,,,,,,0,,,,0,,,,,,,,,,,,,,,,0,13714,81313,0,95026,686,4066,0,4751,13028,77247,0,90275,455,3641,,4095,0,16,,16,1717,52931,,54648,2171,56588,,58759,17,73,,65,621,4609,0,5230,10762,19691,0,30453,,,,,,,,,,,,,,0,0,90275,0,0,,0,,0,,,,,,,,90275,0
386,MAHARASHTRA,Ahmednagar,,567,575,565,573,366203,1172429,23843,1562475,0,1562475,23843,78221,1629,103692,3431,0,0,3431,18349,0,0,18349,10463,17362,183,28009,569,2412,0,2981,232,5834,12,6078,,,,,,,,,56887,103829,1824,162540,,,,,,,,,,,,,,,,,,,,,,,,,,,,,,,,,56887,103829,1824,162540,2853,5191,91,8136,54034,98637,1733,154404,1631,4585,11,6228,0,0,0,0,41960,68847,733,111540,43591,73432,745,117769,81,74,43,77,1631,4585,12,6228,13359,31942,1058,45301,,,,,,,,,,,,,,0,0,152671,1733,,,,,,,,,,,,,152671,1733
387,MAHARASHTRA,Akola,,772,781,792,782,48014,390223,75928,514165,0,514165,3206,25749,5153,34108,1771,0,0,1771,1664,0,0,1664,705,4018,208,4931,284,165,0,449,439,2325,46,2810,,,,,,,,,8068,32257,5407,45732,,,,,,,,,,,,,,,,,,,,,,,,,,,,,,,,,8068,32257,5407,45732,664,2170,426,3261,7404,30087,4981,42472,307,1947,121,2376,0,0,0,1,3363,18181,833,22377,3670,20129,954,24753,50,67,19,63,307,1947,121,2376,3734,9989,4321,13723,,,,,,,,,,,,,,0,0,37491,4981,,,,,,,,,,,,,37491,4981
388,MAHARASHTRA,Amravati,,862,904,673,856,48476,626333,164430,839239,0,839239,4019,50735,9583,64336,3024,0,0,3024,7881,0,0,7881,1749,10888,945,13582,40,1282,0,1322,461,3605,0,4066,,,,,,,,,17174,66509,10527,94210,,,,,,,,,,,,,,,,,,,,,,,,,,,,,,,,,17174,66509,10527,94210,1042,5020,857,6920,16132,61488,9670,87290,946,3279,1025,5251,0,0,0,0,8444,46968,4394,59806,9390,50247,5419,65057,58,82,56,77,946,3279,1025,5251,8036,15582,5993,23618,,,,,,,,,,,,,,0,0,77620,9670,,,,,,,,,,,,,77620,9670
389,MAHARASHTRA,Aurangabad,,643,673,0,668,152345,797829,0,950174,0,950174,12279,67289,,79568,605,0,,605,9781,0,,9781,4225,11719,,15944,1086,2951,,4037,1726,7735,,9462,,,,,,,,,29701,89695,,119396,,,,,,,,,,,,,,,,,0,0,,0,0,0,,0,0,0,,0,,,,,29701,89695,,119396,1491,4485,,5976,28210,85210,,113420,732,2730,,3463,0,0,,0,18421,50932,,69352,19153,53662,,72815,68,63,,64,732,2730,,3462,9057,31548,,40605,,,,,,,,,,,,,,0,,113420,,,,,,,,,,,,,,113420,0
390,MAHARASHTRA,Beed,,704,695,0,696,104227,930978,0,1035205,0,1035205,9010,78934,,87944,1432,0,,1432,15298,0,,15298,2274,14333,,16607,39,275,,314,306,9164,,9470,,,,,,,,,28359,102706,,131065,,,,,,,,,,,,,,,,,,,,,,,,,,,,,,,,,28359,102706,,131065,1418,5135,,6553,26941,97571,,124512,952,4037,,4988,21,19,,40,10122,57769,,67892,11095,61824,,72920,41,63,,59,952,4037,,4988,15846,35746,,51592,,,,,,,,,,,,,,0,,124512,,,,,,,,,,,,,,124512,0
391,MAHARASHTRA,Bhandara,,1433,1456,0,1450,106831,289666,0,396497,0,396497,7593,25301,,32894,1539,0,,1539,47540,0,,47540,1635,4736,,6370,373,1373,,1746,1535,2337,,3872,,,,,,,,,60215,33747,,93961,,,,,,,,,,,,,,,,,,,,,,,,,,,,,,,,,60215,33747,,93961,5191,1712,,6903,55024,32035,,87059,1428,2264,,3692,25,146,,171,5892,16360,,22252,7345,18771,,26115,13,59,,30,1428,2347,,3775,47678,13182,,60860,,,,,,,,,,,,,,0,,87059,,,,,,,,,,,,,,87059,0
392,MAHARASHTRA,Buldhana,,760,758,713,757,62489,731498,26628,820615,0,820615,4984,61314,1584,67882,881,0,0,881,2252,0,0,2252,1169,13642,78,14890,929,793,0,1722,574,6364,17,6956,,,,,,,,,10789,82114,1679,94582,,,,,,,,,,,,,,,,,,,,,,,,,,,,,,,,,10789,82114,1679,94582,659,4325,129,5113,10130,77789,1551,89469,685,2569,111,3365,0,0,0,0,4708,55668,412,60788,5393,58238,523,64154,53,75,34,72,685,2569,111,3365,4736,22593,1158,27329,,,,,,,,,,,,,,0,0,87919,1551,,,,,,,,,,,,,87919,1551
393,MAHARASHTRA,Chandrapur,,1285,1291,0,1290,84979,962678,0,1047657,0,1047657,6748,92893,,99641,778,0,,778,9733,0,,9733,487,3431,,3918,0,624,,624,121,1801,,1922,,,,,,,,,17867,98748,,116615,,,,,,,,,,,,,,,,,0,0,,0,0,0,,0,0,0,,0,,,,,17867,98748,,116615,1071,5378,,6449,16796,93370,,110166,2882,14951,,17833,1,23,,24,1736,13209,,14945,4619,28183,,32803,28,30,,30,2882,14951,,17833,12177,65187,,77364,,,,,,,,,,,,,,0,,110166,,,,,,,,,,,,,,110166,0
394,MAHARASHTRA,Dhule,,653,643,0,643,49061,593071,0,642132,0,642132,4029,47032,,51061,675,0,,675,10794,0,,10794,1860,6540,,8400,133,455,,587,560,5959,,6520,,,,,,,,,18051,59986,,78037,,,,,,,,,,,,,,,,,0,0,,0,0,0,,0,0,0,,0,,,,,18051,59986,,78037,1060,2999,,4060,16991,56987,,73978,328,1428,,1756,6,97,,103,7687,26235,,33922,8021,27760,,35782,47,49,,48,328,1428,,1756,8969,29227,,38196,,,,,,,,,,,,,,0,,73978,,,,,,,,,,,,,,73978,0
395,MAHARASHTRA,Gadchiroli,,1212,1305,0,1303,22680,863969,0,886649,0,886649,1828,90834,,92662,348,0,,348,3564,0,,3564,266,8260,,8526,140,1082,,1222,3,1338,,1342,,,,,,,,,6151,101514,,107664,,,,,,,,,,,,,,,,,,,,,,,,,,,,,,,,,6151,101514,,107664,391,5886,,6277,5760,95627,,101387,510,4210,,4719,0,1,,2,689,21123,,21812,1199,25334,,26533,21,26,,26,510,4210,,4719,4561,70293,,74855,,,,,,,,,,,,,,0,,101387,,,,,,,,,,,,,,101387,0
396,MAHARASHTRA,Gondia,,1463,1502,0,1495,81246,378459,0,459705,0,459705,6924,36366,,43290,2001,0,,2001,12741,0,,12741,1066,1661,,2727,1002,787,,1789,1978,1862,,3840,,,,,,,,,25710,40676,,66387,,,,,,,,,,,,,,,,,,,,,,,,,,,,,,,,,25710,40676,,66387,1646,2618,,4264,24064,38059,,62123,3428,2602,,6030,109,210,,319,4286,5895,,10181,7823,8707,,16530,33,23,,27,3428,2602,,6030,16241,29352,,45593,,,,,,,,,,,,,,0,,62123,,,,,,,,,,,,,,62123,0
397,MAHARASHTRA,Hingoli,,1004,945,0,967,169191,297050,0,466241,0,466241,19431,32137,,51568,625,0,,625,35863,0,,35863,4365,4662,,9027,20,43,,63,981,5071,,6052,,,,,,,,,61284,41914,,103198,,,,,,,,,,,,,,,,,,,,,,,,,,,,,,,,,61284,41914,,103198,3114,2096,,5210,58169,39818,,97988,769,1390,,2159,1,2,,3,17707,18649,,36357,18478,20041,,38518,32,50,,39,769,1390,,2159,39691,19863,,59554,,,,,,,,,,,,,,0,,97988,,,,,,,,,,,,,,97988,0
398,MAHARASHTRA,Jalgaon,,673,690,0,687,167090,970793,0,1137883,0,1137883,11989,76794,,88783,1394,0,,1394,17045,0,,17045,6230,16072,,22302,951,1304,,2254,3646,8844,,12489,,,,,,,,,41254,103014,,144267,,,,,,,,,,,,,,,,,,,,,,,,,,,,,,,,,41254,103014,,144267,2425,5501,,7925,38829,97513,,136342,1282,3606,,4888,153,163,,316,26845,74407,,101253,28280,78176,,106456,73,80,,78,1282,3606,,4888,11584,25384,,36967,,,,,,,,,,,,,,0,,136342,,,,,,,,,,,,,,136342,0
399,MAHARASHTRA,Jalna,,857,860,0,860,54299,717501,0,771800,0,771800,4122,65207,,69329,345,0,,345,8895,0,,8895,1311,9356,,10667,1071,158,,1228,427,6862,,7289,,,,,,,,,16170,81583,,97753,,,,,,,,,,,,,,,,,,,,,,,,,,,,,,,,,16170,81583,,97753,826,4103,,4929,15344,77480,,92824,150,985,,1135,78,90,,167,5500,39193,,44693,5727,40268,,45995,37,52,,50,1356,3906,,5262,9039,34880,,43919,,,,,,,,,,,,,,0,,92824,,,,,,,,,,,,,,92824,0
400,MAHARASHTRA,Kolhapur,,1644,1675,0,1674,18530,543646,0,562176,0,562176,2218,51638,,53857,673,0,,673,7915,46728,,54643,1110,21283,,22393,0,696,,696,34,3428,,3462,,,,,,,,,11950,123773,,135723,,,,,,,,,,,,,,,,,,,,,,,,,,,,,,,,,11950,123773,,135723,1153,6825,,7978,10797,116948,,127745,82,2061,,2143,0,0,,0,2466,49728,,52194,2548,51789,,54337,24,44,,43,82,2061,,2143,8249,65159,,73408,,,,,,,,,,,,,,0,,127745,,,,,,,,,,,,,,127745,0
401,MAHARASHTRA,Latur,,694,728,0,726,44924,618624,0,663548,0,663548,2621,44860,,47481,619,0,,619,1298,0,,1298,923,7006,,7929,0,2259,,2259,851,13128,,13979,,,,,,,,,6311,67254,,73565,,,,,,,,,,,,,,,,,,,,,,,,,,,,,,,,,6311,67254,,73565,316,3494,,3809,5996,63760,,69756,352,1847,,2200,193,0,,193,3758,28353,,32111,4303,30201,,34503,72,47,,49,352,1847,,2200,1956,33560,,35515,,,,,,,,,,,,,,0,,69756,,,,,,,,,,,,,,69756,0
402,MAHARASHTRA,Mumbai,,0,2205,0,2205,0,7004,0,7004,0,7004,,1365,,1365,,,,,,0,,0,,0,,0,,190,,190,,,,,,,,,,,,,,1555,,1555,,,,,,,,,,,,,,,,,,,,,,,,,,,,,,,,,,1555,,1555,,78,,78,,1478,,1478,,619,,619,,61,,61,,0,,0,,680,,680,,46,,46,,619,,619,,798,,798,,,,,,,,,,,,,,0,,1478,,,,,,,,,,,,,,1478,0
403,MAHARASHTRA,Mumbai Sub,,0,2142,0,2142,0,36494,0,36494,0,36494,,7596,,7596,,,,,,0,,0,,0,,0,,240,,240,,,,,,,,,,,,,,7836,,7836,,,,,,,,,,,,,,,,,,,,,,,,,,,,,,,,,,7836,,7836,,573,,573,,7264,,7264,,1788,,1788,,82,,82,,0,,0,,1870,,1870,,26,,26,,1788,,1788,,5394,,5394,,,,,,,,,,,,,,0,,7264,,,,,,,,,,,,,,7264,0
404,MAHARASHTRA,Nagpur,,1178,1160,0,1165,226924,572118,0,799042,0,799042,15451,48505,,63956,2034,0,,2034,15261,0,,15261,3016,9477,,12494,1023,376,,1398,14064,39904,,53968,,,,,,,,,50848,98262,,149110,,,,,,,,,,,,,,,,,,,,,,,,,,,,,,,,,50848,98262,,149110,3073,5744,,8817,47775,92518,,140293,3970,6283,,10252,959,567,,1526,12689,39626,,52314,17618,46475,,64093,37,50,,46,3970,6283,,10253,30267,46043,,76311,,,,,,,,,,,,,,0,,140293,,,,,,,,,,,,,,140293,0
405,MAHARASHTRA,Nanded,,1009,1026,0,1024,124500,893271,0,1017771,0,1017771,13096,93270,,106366,1603,0,,1603,6337,0,,6337,2373,6330,,8702,83,191,,273,275,1431,,1706,,,,,,,,,23767,101222,,124989,,,,,,,,,,,,,,,,,,,,,,,,,,,,,,,,,23767,101222,,124989,1188,5144,,6332,22579,96078,,118657,1157,2229,,3386,0,1,,1,9500,25365,,34865,10657,27596,,38252,47,29,,32,1157,2229,,3386,11945,68482,,80428,,,,,,,,,,,,,,0,,118657,,,,,,,,,,,,,,118657,0
406,MAHARASHTRA,Nandurbar,,852,943,0,939,18153,397125,0,415278,0,415278,1521,38563,,40084,235,0,,235,4057,0,,4057,426,4097,,4523,204,238,,442,101,2592,,2693,,,,,,,,,6543,45490,,52033,,,,,,,,,,,,,,,,,,,,,,,,,,,,,,,,,6543,45490,,52033,383,2275,,2658,6160,43215,,49375,822,2170,,2992,0,0,,0,1898,15729,,17627,2720,17899,,20619,44,41,,42,822,2170,,2992,3440,25316,,28756,,,,,,,,,,,,,,0,,49375,,,,,,,,,,,,,,49375,0
407,MAHARASHTRA,Nashik,,744,1015,0,982,165024,1183832,0,1348856,0,1348856,13467,122979,,136446,2478,0,,2478,23220,0,,23220,5474,22868,,28342,528,3002,,3530,552,6568,,7120,,,,,,,,,45719,155417,,201136,,,,,,,,,,,,,,,,,,,,,,,,,,,,,,,,,45719,155417,,201136,2869,8223,,11092,42850,147194,,190045,807,2787,,3594,20,1183,,1202,19663,84984,,104646,20489,88953,,109442,48,60,,58,807,2787,,3594,23172,63143,,86314,,,,,,,,,,,,,,0,,190045,,,,,,,,,,,,,,190045,0
408,MAHARASHTRA,Osmanabad,,771,768,0,769,40245,631383,0,671628,0,671628,3844,59828,,63672,29,0,,29,26,0,,26,891,11228,,12119,597,767,,1364,10,12773,,12783,,,,,,,,,5396,84597,,89993,,,,,,,,,,,,,,,,,,,,,,,,,,,,,,,,,5396,84597,,89993,306,4230,,4536,5090,80367,,85457,344,1972,,2316,0,1,,1,3563,45054,,48617,3907,47026,,50934,77,59,,60,344,1972,,2316,1353,33340,,34693,,,,,,,,,,,,,,0,,85457,,,,,,,,,,,,,,85457,0
409,MAHARASHTRA,Palghar,,2196,2525,0,2504,17880,258206,0,276086,0,276086,1150,17183,,18332,379,0,,379,1723,0,,1723,140,831,,971,263,6,,269,29,615,,644,,,,,,,,,3684,18635,,22319,,,,,,,,,,,,,,,,,,,,,,,,,,,,,,,,,3684,18635,,22319,221,1181,,1402,3463,17454,,20917,146,871,,1017,5,39,,44,562,3325,,3887,713,4235,,4948,21,24,,24,146,871,,1017,2750,13219,,15969,,,,,,,,,,,,,,0,,20917,,,,,,,,,,,,,,20917,0
410,MAHARASHTRA,Parbhani,,884,864,0,872,253138,368262,0,621400,0,621400,24650,34117,,58767,354,0,,354,15031,0,,15031,4241,4732,,8973,7,92,,99,803,2722,,3526,,,,,,,,,45086,41663,,86750,,,,,,,,,,,,,,,,,,,,,,,,,,,,,,,,,45086,41663,,86750,2439,2091,,4531,42647,39572,,82219,847,1103,,1950,0,0,,0,16964,19248,,36212,17812,20351,,38162,42,51,,46,847,1103,,1950,24836,19221,,44057,,,,,,,,,,,,,,0,,82219,,,,,,,,,,,,,,82219,0
411,MAHARASHTRA,Pune,,534,745,467,683,337817,910189,27722,1275728,0,1275728,19749,75749,1487,96985,11153,0,0,11153,38278,0,0,38278,11496,15504,2353,29353,261,567,0,828,1075,21111,0,22186,,,,,,,,,82012,112931,3839,198782,,,,,,,,,,,,,,,,,,,,,,,,,,,,,,,,,82012,112931,3839,198782,5342,6947,239,12528,76669,105984,3601,186254,2847,5215,353,8415,0,0,0,0,45587,61848,9411,116846,48434,67063,9764,125261,63,63,271,63,2847,5215,353,8415,29075,44282,200,73357,,,,,,,,,,,,,,0,0,182653,3601,,,,,,,,,,,,,182653,3601
412,MAHARASHTRA,Raigad,,2880,2965,0,2962,15294,359465,0,374759,0,374759,1112,30562,,31674,268,0,,268,3784,0,,3784,72,1002,,1074,219,119,,339,0,0,,0,,,,,,,,,5454,31684,,37138,,,,,,,,,,,,,,,,,,,,,,,,,,,,,,,,,5454,31684,,37138,309,1584,,1894,5145,30099,,35244,114,2050,,2164,0,39,,39,287,4009,,4296,401,6098,,6499,8,20,,18,114,2050,,2164,4743,24031,,28774,,,,,,,,,,,,,,0,,35244,,,,,,,,,,,,,,35244,0
413,MAHARASHTRA,Ratnagiri,,3584,3472,0,3473,6247,505060,0,511307,0,511307,473,38454,,38927,142,0,,142,548,0,,548,47,1345,,1392,76,33,,109,60,169,,229,,,,,,,,,1347,40001,,41347,,,,,,,,,,,,,,,,,,,,,,,,,,,,,,,,,1347,40001,,41347,71,2230,,2301,1276,37771,,39046,82,1254,,1335,0,0,,0,255,5348,,5603,337,6601,,6938,26,17,,18,82,1254,,1335,939,31169,,32108,,,,,,,,,,,,,,0,,39046,,,,,,,,,,,,,,39046,0
414,MAHARASHTRA,Sangli,,596,694,709,654,353157,446293,43308,842758,0,842758,23022,30850,3188,57060,3673,0,0,3673,51508,0,0,51508,10812,6553,0,17365,638,977,0,1616,5387,7954,0,13341,,,,,,,,,95039,46335,3188,144562,,,,,,,,,,,,,,,,,,,,,,,,,,,,,,,,,95039,46335,3188,144562,6072,2551,319,8942,88967,43784,2869,135621,1714,1660,39,3413,0,0,0,0,43284,23376,0,66660,44998,25036,39,70073,51,57,1,53,1714,1660,39,3413,43969,18962,2830,62931,,,,,,,,,,,,,,0,0,132751,2869,,,,,,,,,,,,,132751,2869
415,MAHARASHTRA,Satara,,1166,1203,0,1200,74326,803181,0,877507,0,877507,7412,58051,,65463,2905,0,,2905,24551,9798,,34349,3466,11590,,15056,611,943,,1554,22,1829,,1851,,,,,,,,,38967,82212,,121178,,,,,,,,,,,,,,,,,,,,,,,,,,,,,,,,,38967,82212,,121178,3120,4545,,7664,35847,77667,,113514,1191,3776,,4967,0,0,,0,14609,46151,,60760,15800,49927,,65726,44,64,,58,1191,3776,,4967,20047,28005,,48052,,,,,,,,,,,,,,0,,113514,,,,,,,,,,,,,,113514,0
416,MAHARASHTRA,Sindhudurg,,3528,3464,0,3465,2261,277045,0,279306,0,279306,186,20740,,20927,41,0,,41,188,0,,188,68,1842,,1910,101,82,,182,14,212,,227,,,,,,,,,597,22876,,23474,,,,,,,,,,,,,,,,,,,,,,,,,,,,,,,,,597,22876,,23474,38,1144,,1181,560,21732,,22292,64,2205,,2269,0,7,,7,271,7367,,7638,335,9580,,9915,60,44,,44,64,2205,,2269,225,12152,,12377,,,,,,,,,,,,,,0,,22292,,,,,,,,,,,,,,22292,0
417,MAHARASHTRA,Solapur,,641,667,0,664,197286,1286604,0,1483890,0,1483890,12078,83028,,95106,2254,0,,2254,12438,0,,12438,5774,18235,,24009,10,252,,262,2019,11652,,13671,,,,,,,,,34574,113167,,147742,,,,,,,,,,,,,,,,,,,,,,,,,,,,,,,,,34574,113167,,147742,1729,5658,,7387,32845,107509,,140354,1128,3725,,4853,2,1,,3,23051,73036,,96087,24181,76762,,100943,74,71,,72,1128,3725,,4853,10388,31929,,42317,,,,,,,,,,,,,,0,,140354,,,,,,,,,,,,,,140354,0
418,MAHARASHTRA,Thane,,2607,2523,0,2527,10493,222954,0,233447,0,233447,678,14081,,14759,46,0,,46,1294,0,,1294,22,574,,596,123,92,,216,11,357,,368,,,,,,,,,2174,15105,,17279,,,,,,,,,,,,,,,,,,,,,,,,,,,,,,,,,2174,15105,,17279,122,837,,959,2051,14268,,16319,49,689,,739,0,0,,0,89,2295,,2384,138,2985,,3123,7,21,,19,49,690,,739,1913,11283,,13197,,,,,,,,,,,,,,0,,16319,,,,,,,,,,,,,,16319,0
419,MAHARASHTRA,Wardha,,953,959,0,957,204128,377088,0,581216,0,581216,17833,34667,,52500,1331,0,,1331,8694,0,,8694,3465,6280,,9745,54,248,,301,6185,15173,,21358,,,,,,,,,37562,56367,,93929,,,,,,,,,,,,,,,,,,,,,,,,,,,,,,,,,37562,56367,,93929,2083,2818,,4901,35479,53549,,89028,1162,2294,,3455,45,74,,119,13862,25131,,38994,15069,27499,,42568,42,51,,48,1162,2294,,3456,20592,26390,,46982,,,,,,,,,,,,,,0,,89028,,,,,,,,,,,,,,89028,0
420,MAHARASHTRA,Washim,,905,912,0,911,27347,453849,0,481196,0,481196,2244,40363,,42607,201,0,,201,3782,0,,3782,554,7481,,8036,466,93,,559,2052,6156,,8208,,,,,,,,,9300,54093,,63393,,,,,,,,,,,,,,,,,,,,,,,,,,,,,,,,,9300,54093,,63393,466,2822,,3288,8834,51272,,60105,648,1497,,2145,5,4,,9,2218,29926,,32144,2871,31427,,34298,32,61,,57,648,1497,,2145,5963,19845,,25808,,,,,,,,,,,,,,0,,60105,,,,,,,,,,,,,,60105,0
421,MAHARASHTRA,Yawatmal,,997,1011,0,1009,193776,950291,0,1144067,0,1144067,16732,87358,,104090,528,0,,528,7223,0,,7223,1731,7591,,9323,62,667,,728,69,4131,,4199,,,,,,,,,26345,99747,,126092,,,,,,,,,,,,,,,,,,,,,,,,,,,,,,,,,26345,99747,,126092,1583,5106,,6689,24762,94641,,119403,1608,6065,,7672,14,42,,56,6902,30473,,37374,8523,36580,,45103,34,39,,38,1608,6065,,7672,16243,58062,,74305,,,,,,,,,,,,,,0,,119403,,,,,,,,,,,,,,119403,0
422,MANIPUR,BISHNUPUR,,0,1988,0,1988,0,49600,0,49600,0,49600,0,9464,0,9464,,,,,0,0,0,0,0,84,0,84,,135,,135,0,0,,0,,,,,,,,,0,9683,0,9683,,,,,,,,,,,,0,,,,0,,,,,,,,,,,,,,,,0,0,9683,0,9683,0,968,0,968,0,8714,0,8714,,263,,263,,6,,6,,327,,327,,596,,596,,7,,7,0,290,0,290,0,8091,0,8091,,,,,,,,,,,,,,190080,0,198794,0,0,,0,,0,,,,,,,,198794,0
423,MANIPUR,CHANDEL,,0,0,0,0,0,0,0,0,331300,331300,0,0,0,0,,,,,0,0,0,0,0,0,0,0,,0,,0,,,,,,,,,,,,,0,0,0,0,,,,,,,,,,,,0,,,,0,,,,,,,,,,,,,,,,0,0,0,0,0,0,0,0,0,0,0,0,0,,,,0,,,,0,,,,0,,,,,,,,,0,0,0,0,0,0,0,0,,,,,,,,,,,,,,0,0,0,0,0,,0,,0,,,,,,,,0,0
424,MANIPUR,CHURACHANPUR,,0,2133,0,2133,0,32100,0,32100,424900,457000,0,6574,0,6574,,,,,0,0,0,0,0,69,0,69,,0,,0,0,0,,0,,,,,,,,,0,6643,0,6643,,,,,,,,,,,,0,,,,0,,,,,,,,,,,,,,,,0,0,6643,0,6643,0,664,0,664,0,5979,0,5979,,175,,175,,18,,18,,270,,270,,463,,463,,8,,8,0,176,0,176,0,5515,0,5515,,,,,,,,,,,,,,154080,0,160059,0,0,,0,,0,,,,,,,,160059,0
425,MANIPUR,IMPHAL EAST,,0,1717,0,1717,0,70900,0,70900,0,70900,0,11688,0,11688,,,,,0,191,0,191,0,146,0,146,,663,,663,0,0,,0,,,,,,,,,0,12688,0,12688,,,,,,,,,,,,0,,,,0,,,,,,,,,,,,,,,,0,0,12688,0,12688,0,1269,0,1269,0,11419,0,11419,,459,,459,,30,,30,,573,,573,,1062,,1062,,9,,9,0,462,0,462,0,10354,0,10354,,,,,,,,,,,,,,178544,0,189963,0,0,,0,,0,,,,,,,,189963,0
426,MANIPUR,IMPHAL WEST,,0,1710,0,1710,0,51900,0,51900,0,51900,0,8520,0,8520,,,,,0,0,0,0,0,73,0,73,,153,,153,0,0,,0,,,,,,,,,0,8745,0,8745,,,,,,,,,,,,0,,,,0,,,,,,,,,,,,,,,,0,0,8745,0,8745,0,875,0,875,0,7871,0,7871,,521,,521,,24,,24,,285,,285,,830,,830,,11,,11,0,524,0,524,0,7037,0,7037,,,,,,,,,,,,,,188560,0,196431,0,0,,0,,0,,,,,,,,196431,0
427,MANIPUR,SENAPATI,,0,0,0,0,0,0,0,0,327100,327100,0,0,0,0,,,,,0,0,0,0,0,0,0,0,,0,,0,,,,,,,,,,,,,0,0,0,0,,,,,,,,,,,,0,,,,0,,,,,,,,,,,,,,,,0,0,0,0,0,0,0,0,0,0,0,0,0,,,,0,,,,0,,,,0,,,,,,,,,0,0,0,0,0,0,0,0,,,,,,,,,,,,,,0,0,0,0,0,,0,,0,,,,,,,,0,0
428,MANIPUR,TAMENGLONG,,0,0,0,0,0,0,0,0,439100,439100,0,0,0,0,,,,,0,0,0,0,0,0,0,0,,0,,0,,,,,,,,,,,,,0,0,0,0,,,,,,,,,,,,0,,,,0,,,,,,,,,,,,,,,,0,0,0,0,0,0,0,0,0,0,0,0,0,,,,0,,,,0,,,,0,,,,,,,,,0,0,0,0,0,0,0,0,,,,,,,,,,,,,,0,0,0,0,0,,0,,0,,,,,,,,0,0
429,MANIPUR,THOUBAL,,0,1277,0,1277,0,51400,0,51400,0,51400,0,6300,0,6300,,,,,0,0,0,0,0,61,0,61,,53,,53,0,0,,0,,,,,,,,,0,6415,0,6415,,,,,,,,,,,,0,,,,0,,,,,,,,,,,,,,,,0,0,6415,0,6415,0,641,0,641,0,5773,0,5773,,425,,425,,0,,0,,240,,240,,665,,665,,12,,12,0,427,0,427,0,5106,0,5106,,,,,,,,,,,,,,220800,0,226573,0,0,,0,,0,,,,,,,,226573,0
430,MANIPUR,UKHRUL,,0,0,0,0,0,0,0,0,454400,454400,0,0,0,0,,,,,0,0,0,0,0,0,0,0,,0,,0,,,,,,,,,,,,,0,0,0,0,,,,,,,,,,,,0,,,,0,,,,,,,,,,,,,,,,0,0,0,0,0,0,0,0,0,0,0,0,0,,,,0,,,,0,,,,0,,,,,,,,,0,0,0,0,0,0,0,0,,,,,,,,,,,,,,0,0,0,0,0,,0,,0,,,,,,,,0,0
431,MEGHALAYA,EAST GARO HILLS,,0,2975,0,2975,0,50215,0,50215,94085,144300,0,7740,0,7740,,,,,0,727,0,727,0,0,0,0,,24,,24,,1,,1,,,,,,,,,0,8493,0,8493,,,,,,,,,,,,0,,,,0,0,0,0,0,0,0,0,0,0,0,0,0,0,0,0,0,0,8493,0,8493,0,849,0,849,0,7643,0,7643,,346,,346,,0,,0,,0,,0,,346,,346,,5,,5,0,488,0,488,0,7155,0,7155,,,,,,,0,0,73,,,,,27214,0,34857,0,0,,0,,0,,,,,,,,34857,0
432,MEGHALAYA,EAST JAINTIA HILLS,,0,2320,0,2320,0,82735,0,82735,121265,204000,0,16774,0,16774,,,,,0,1,0,1,0,0,0,0,,21,,21,,0,,0,,,,,,,,,0,16796,0,16796,,,,,,,,,,,,0,,,,0,0,0,0,0,0,0,0,0,0,0,0,0,0,0,0,0,0,16796,0,16796,0,1680,0,1680,0,15116,0,15116,,195,,195,,39,,39,,0,,0,,234,,234,,2,,2,0,294,0,294,0,14783,0,14783,,,,,,,0,0,14,,,,,21592,0,36708,0,0,,0,,0,,,,,,,,36708,0
433,MEGHALAYA,EAST KHASI HILLS,,0,4032,0,4032,0,86732,0,86732,188068,274800,0,21764,0,21764,,,,,0,10,0,10,0,0,0,0,,42,,42,,2,,2,,,,,,,,,0,21817,0,21817,,,,,,,,,,,,0,,,,0,0,0,0,0,0,0,0,0,0,0,0,0,0,0,0,0,0,21817,0,21817,0,2182,0,2182,0,19636,0,19636,,663,,663,,35,,35,,0,,0,,698,,698,,4,,4,0,879,0,879,0,18721,0,18721,,,,,,,0,0,201,,,,,17362,0,36998,0,0,,0,,0,,,,,,,,36998,0
434,MEGHALAYA,NORTH GARO HILLS,,0,2803,0,2803,0,37031,0,37031,78969,116000,0,7338,0,7338,,,,,0,2496,0,2496,0,0,0,0,,25,,25,,0,,0,,,,,,,,,0,9860,0,9860,,,,,,,,,,,,0,,,,0,0,0,0,0,0,1131,0,1131,0,0,0,0,0,-1131,0,-1131,0,8730,0,8730,0,986,0,986,0,7744,0,7744,,416,,416,,81,,81,,2,,2,,499,,499,,6,,6,0,571,0,571,0,7090,0,7090,,,,,,,0,0,6,,,,,37827,0,45571,0,0,,0,,0,,,,,,,,45571,0
435,MEGHALAYA,RI BHOI,,0,2030,0,2030,0,68878,0,68878,175922,244800,0,6373,0,6373,,,,,0,57,0,57,0,0,0,0,,53,,53,,0,,0,,,,,,,,,0,6484,0,6484,,,,,,,,,,,,0,,,,0,0,0,0,0,0,0,0,0,0,0,0,0,0,0,0,0,0,6484,0,6484,0,648,0,648,0,5835,0,5835,,322,,322,,33,,33,,0,,0,,355,,355,,6,,6,0,487,0,487,0,5315,0,5315,,,,,,,0,0,33,,,,,10115,0,15951,0,0,,0,,0,,,,,,,,15951,0
436,MEGHALAYA,SOUTH GARO HILLS,,0,4210,0,4210,0,65957,0,65957,122743,188700,0,23405,0,23405,,,,,0,28,0,28,0,0,0,0,,41,,41,,0,,0,,,,,,,,,0,23474,0,23474,,,,,,,,,,,,0,,,,0,0,0,0,0,0,0,0,0,0,0,0,0,0,0,0,0,0,23474,0,23474,0,2347,0,2347,0,21126,0,21126,,257,,257,,0,,0,,0,,0,,257,,257,,1,,1,0,357,0,357,0,20769,0,20769,,,,,,,0,0,7,,,,,31525,0,52652,0,0,,0,,0,,,,,,,,52652,0
437,MEGHALAYA,SOUTH WEST GARO HILLS,,0,1634,0,1634,0,42520,0,42520,44080,86600,0,7713,0,7713,,,,,0,63,0,63,0,179,0,179,,34,,34,,1,,1,,,,,,,,,0,7990,0,7990,,,,,,,,,,,,0,,,,0,0,25,0,25,0,3290,0,3290,0,0,0,0,0,-3315,0,-3315,0,4675,0,4675,0,799,0,799,0,3876,0,3876,,255,,255,,0,,0,,512,,512,,766,,766,,20,,20,0,289,0,289,0,3075,0,3075,,,,,,,0,0,5,,,,,52551,0,56427,0,0,,0,,0,,,,,,,,56427,0
438,MEGHALAYA,SOUTH WEST KHASI HILLS,,0,3918,0,3918,0,48537,0,48537,85563,134100,0,14094,0,14094,,,,,0,218,0,218,0,0,0,0,,21,,21,,0,,0,,,,,,,,,0,14333,0,14333,,,,,,,,,,,,0,,,,0,0,0,0,0,0,0,0,0,0,0,0,0,0,0,0,0,0,14333,0,14333,0,1433,0,1433,0,12900,0,12900,,138,,138,,0,,0,,0,,0,,138,,138,,1,,1,0,196,0,196,0,12703,0,12703,,,,,,,0,0,50,,,,,9707,0,22607,0,0,,0,,0,,,,,,,,22607,0
439,MEGHALAYA,WEST GARO HILLS,,0,2678,0,2678,0,127784,0,127784,153316,281100,0,27800,0,27800,,,,,0,72,0,72,0,1187,0,1187,,65,,65,,0,,0,,,,,,,,,0,29125,0,29125,,,,,,,,,,,,0,,,,0,0,0,0,0,0,7166,0,7166,0,0,0,0,0,-7166,0,-7166,0,21959,0,21959,0,2913,0,2913,0,19047,0,19047,,1007,,1007,,5,,5,,2662,,2662,,3674,,3674,,19,,19,0,1417,0,1417,0,14963,0,14963,,,,,,,0,0,15,,,,,88200,0,107246,0,0,,0,,0,,,,,,,,107246,0
440,MEGHALAYA,WEST JAINTIA HILLS,,0,2320,0,2320,0,79186,0,79186,98714,177900,0,11075,0,11075,,,,,0,60,0,60,0,0,0,0,,29,,29,,0,,0,,,,,,,,,0,11163,0,11163,,,,,,,,,,,,0,,,,0,0,0,0,0,0,0,0,0,0,0,0,0,0,0,0,0,0,11163,0,11163,0,1116,0,1116,0,10047,0,10047,,608,,608,,3,,3,,0,,0,,611,,611,,6,,6,0,953,0,953,0,9091,0,9091,,,,,,,0,0,30,,,,,13664,0,23711,0,0,,0,,0,,,,,,,,23711,0
441,MEGHALAYA,WEST KHASI HILLS,,0,4062,0,4062,0,123970,0,123970,266630,390600,0,31887,0,31887,,,,,0,2044,0,2044,0,0,0,0,,34,,34,,0,,0,,,,,,,,,0,33965,0,33965,,,,,,,,,,,,0,,,,0,0,0,0,0,0,0,0,0,0,0,0,0,0,0,0,0,0,33965,0,33965,0,3397,0,3397,0,30569,0,30569,,463,,463,,0,,0,,0,,0,,463,,463,,2,,2,0,674,0,674,0,29895,0,29895,,,,,,,0,0,16,,,,,18306,0,48875,0,0,,0,,0,,,,,,,,48875,0
442,MIZORAM,AIZAWL,,0,2204,0,2204,0,21734,0,21734,335866,357600,0,1523,0,1523,0,,0,0,0,0,0,0,0,0,0,0,0,0,0,0,,,,,,,,,,,,,0,1523,0,1523,,,,,,,,,,,,0,,,,0,0,0,0,0,0,0,0,0,0,0,0,0,0,0,0,0,0,1523,0,1523,0,152,0,152,0,1371,0,1371,,201,,201,,0,,0,,0,,0,,201,,201,,15,,15,0,210,0,210,0,1161,0,1161,,,,,,,0,0,0,,,,,0,0,1371,0,0,,0,,0,,,,,,,,1371,0
443,MIZORAM,CHAMPHAI,,0,1728,0,1728,0,28673,0,28673,289827,318500,0,1582,0,1582,0,,0,0,0,0,0,0,0,0,0,0,0,0,0,0,,,,,,,,,,,,,0,1582,0,1582,,,,,,,,,,,,0,,,,0,0,0,0,0,0,0,0,0,0,0,0,0,0,0,0,0,0,1582,0,1582,0,158,0,158,0,1424,0,1424,,45,,45,,0,,0,,0,,0,,45,,45,,3,,3,0,46,0,46,0,1378,0,1378,,,,,,,0,0,0,,,,,0,0,1424,0,0,,0,,0,,,,,,,,1424,0
444,MIZORAM,KOLASIB,,0,2205,0,2205,0,39515,0,39515,98685,138200,0,2776,0,2776,0,,0,0,0,0,0,0,0,0,0,0,0,0,0,0,,,,,,,,,,,,,0,2776,0,2776,,,,,,,,,,,,0,,,,0,0,0,0,0,0,0,0,0,0,0,0,0,0,0,0,0,0,2776,0,2776,0,278,0,278,0,2499,0,2499,,32,,32,,0,,0,,0,,0,,32,,32,,1,,1,0,33,0,33,0,2465,0,2465,,,,,,,0,0,0,,,,,0,0,2499,0,0,,0,,0,,,,,,,,2499,0
445,MIZORAM,LAWNGTLAI,,0,2022,0,2022,0,52075,0,52075,203625,255700,0,3377,0,3377,0,,0,0,0,0,0,0,0,0,0,0,0,0,0,0,,,,,,,,,,,,,0,3377,0,3377,,,,,,,,,,,,0,,,,0,0,0,0,0,0,0,0,0,0,0,0,0,0,0,0,0,0,3377,0,3377,0,338,0,338,0,3040,0,3040,,104,,104,,0,,0,,0,,0,,104,,104,,3,,3,0,113,0,113,0,2926,0,2926,,,,,,,0,0,0,,,,,0,0,3040,0,0,,0,,0,,,,,,,,3040,0
446,MIZORAM,LUNGLEI,,0,2092,0,2092,0,74487,0,74487,381213,455700,0,4941,0,4941,0,,0,0,0,0,0,0,0,0,0,0,0,0,0,0,,,,,,,,,,,,,0,4941,0,4941,,,,,,,,,,,,0,,,,0,0,0,0,0,0,0,0,0,0,0,0,0,0,0,0,0,0,4941,0,4941,0,494,0,494,0,4447,0,4447,,191,,191,,0,,0,,0,,0,,191,,191,,4,,4,0,195,0,195,0,4252,0,4252,,,,,,,0,0,0,,,,,0,0,4447,0,0,,0,,0,,,,,,,,4447,0
447,MIZORAM,MAMIT,,0,2242,0,2242,0,71631,0,71631,228769,300400,0,5176,0,5176,0,,0,0,0,0,0,0,0,0,0,0,0,0,0,0,,,,,,,,,,,,,0,5176,0,5176,,,,,,,,,,,,0,,,,0,0,0,0,0,0,0,0,0,0,0,0,0,0,0,0,0,0,5176,0,5176,0,518,0,518,0,4659,0,4659,,103,,103,,0,,0,,0,,0,,103,,103,,2,,2,0,113,0,113,0,4546,0,4546,,,,,,,0,0,0,,,,,0,0,4659,0,0,,0,,0,,,,,,,,4659,0
448,MIZORAM,SAIHA,,0,2262,0,2262,0,10660,0,10660,129240,139900,0,773,0,773,0,,0,0,0,0,0,0,0,0,0,0,0,0,0,0,,,,,,,,,,,,,0,773,0,773,,,,,,,,,,,,0,,,,0,0,0,0,0,0,0,0,0,0,0,0,0,0,0,0,0,0,773,0,773,0,77,0,77,0,695,0,695,,40,,40,,0,,0,,0,,0,,40,,40,,6,,6,0,42,0,42,0,654,0,654,,,,,,,0,0,0,,,,,0,0,695,0,0,,0,,0,,,,,,,,695,0
449,MIZORAM,SERCHHIP,,0,1747,0,1747,0,16166,0,16166,125934,142100,0,912,0,912,0,,0,0,0,0,0,0,0,0,0,0,0,0,0,0,,,,,,,,,,,,,0,912,0,912,,,,,,,,,,,,0,,,,0,0,0,0,0,0,0,0,0,0,0,0,0,0,0,0,0,0,912,0,912,0,91,0,91,0,820,0,820,,48,,48,,0,,0,,0,,0,,48,,48,,6,,6,0,50,0,50,0,771,0,771,,,,,,,0,0,0,,,,,0,0,820,0,0,,0,,0,,,,,,,,820,0
450,NAGALAND,Dimapur,,0,1745,0,1745,0,63046,0,63046,29654,92700,0,20582,0,20582,0,,0,0,0,1968,0,1968,0,181,0,181,0,0,0,0,,4,,4,,,,,,,,,0,22735,0,22735,0,0,0,0,,,,,0,0,0,0,0,0,0,0,0,0,0,0,0,26,0,26,0,0,0,0,0,-26,0,-26,0,22709,0,22709,0,1711,0,1711,0,20998,0,20998,,823,,823,,3,,3,,583,,583,,1409,,1409,,7,,7,0,1078,0,1078,0,19334,0,19334,,,,,,,0,0,0,,,,,197281,0,218279,0,0,,0,,0,,,,,,,,218279,0
451,NAGALAND,Kiphire,,0,1074,0,1074,0,3576,0,3576,109424,113000,0,191,0,191,0,,0,0,0,389,0,389,0,0,0,0,0,0,0,0,,1,,1,,,,,,,,,0,580,0,580,0,0,0,0,,,,,0,0,0,0,0,0,0,0,0,0,0,0,0,0,0,0,0,0,0,0,0,0,0,0,0,580,0,580,0,58,0,58,0,522,0,522,,9,,9,,0,,0,,0,,0,,9,,9,,2,,2,0,9,0,9,0,513,0,513,,,,,,,0,0,0,,,,,0,0,522,0,0,,0,,0,,,,,,,,522,0
452,NAGALAND,Kohima,,0,1779,0,1779,0,28264,0,28264,118036,146300,0,2434,0,2434,0,,0,0,0,636,0,636,0,0,0,0,0,0,0,0,,11,,11,,,,,,,,,0,3081,0,3081,0,0,0,0,,,,,0,0,0,0,0,0,0,0,0,0,0,0,0,0,0,0,0,0,0,0,0,0,0,0,0,3081,0,3081,0,308,0,308,0,2773,0,2773,,216,,216,,0,,0,,0,,0,,216,,216,,8,,8,0,279,0,279,0,2494,0,2494,,,,,,,0,0,0,,,,,0,0,2773,0,0,,0,,0,,,,,,,,2773,0
453,NAGALAND,Longleng,,0,1880,0,1880,0,12890,0,12890,43310,56200,0,1244,0,1244,0,,0,0,0,300,0,300,0,0,0,0,0,0,0,0,,0,,0,,,,,,,,,0,1544,0,1544,0,0,0,0,,,,,0,0,0,0,0,0,0,0,0,0,0,0,0,0,0,0,0,0,0,0,0,0,0,0,0,1544,0,1544,0,154,0,154,0,1390,0,1390,,7,,7,,0,,0,,0,,0,,7,,7,,0,,0,0,9,0,9,0,1381,0,1381,,,,,,,0,0,0,,,,,0,0,1390,0,0,,0,,0,,,,,,,,1390,0
454,NAGALAND,Mokokchung,,0,2080,0,2080,0,55043,0,55043,106457,161500,0,5516,0,5516,0,,0,0,0,719,0,719,0,9,0,9,0,0,0,0,,1,,1,,,,,,,,,0,6245,0,6245,0,0,0,0,,,,,0,0,0,0,0,0,0,0,0,0,0,0,0,0,0,0,0,0,0,0,0,0,0,0,0,6245,0,6245,0,625,0,625,0,5620,0,5620,,62,,62,,0,,0,,33,,33,,95,,95,,2,,2,0,62,0,62,0,5525,0,5525,,,,,,,0,0,0,,,,,0,0,5620,0,0,,0,,0,,,,,,,,5620,0
455,NAGALAND,Mon,,0,1469,0,1469,0,61512,0,61512,117088,178600,0,3981,0,3981,0,,0,0,0,447,0,447,0,2,0,2,0,0,0,0,,1,,1,,,,,,,,,0,4430,0,4430,0,0,0,0,,,,,0,0,0,0,0,0,0,0,0,0,0,0,0,0,0,0,0,0,0,0,0,0,0,0,0,4430,0,4430,0,443,0,443,0,3987,0,3987,,139,,139,,0,,0,,7,,7,,147,,147,,4,,4,0,139,0,139,0,3841,0,3841,,,,,,,0,0,0,,,,,0,0,3987,0,0,,0,,0,,,,,,,,3987,0
456,NAGALAND,Peren,,0,1394,0,1394,0,63838,0,63838,101262,165100,0,4213,0,4213,0,,0,0,0,261,0,261,0,29,0,29,0,0,0,0,,0,,0,,,,,,,,,0,4504,0,4504,0,0,0,0,,,,,0,0,0,0,0,0,0,0,0,0,0,0,0,0,0,0,0,0,0,0,0,0,0,0,0,4504,0,4504,0,450,0,450,0,4053,0,4053,,79,,79,,0,,0,,92,,92,,171,,171,,4,,4,0,83,0,83,0,3877,0,3877,,,,,,,0,0,0,,,,,0,0,4053,0,0,,0,,0,,,,,,,,4053,0
457,NAGALAND,Phek,,0,1295,0,1295,0,11309,0,11309,191291,202600,0,711,0,711,0,,0,0,0,468,0,468,0,0,0,0,0,0,0,0,,2,,2,,,,,,,,,0,1181,0,1181,0,0,0,0,,,,,0,0,0,0,0,0,0,0,0,0,0,0,0,0,0,0,0,0,0,0,0,0,0,0,0,1181,0,1181,0,118,0,118,0,1063,0,1063,,38,,38,,0,,0,,0,,0,,38,,38,,4,,4,0,42,0,42,0,1021,0,1021,,,,,,,0,0,0,,,,,0,0,1063,0,0,,0,,0,,,,,,,,1063,0
458,NAGALAND,Tuensang,,0,2080,0,2080,0,10123,0,10123,243477,253600,0,1070,0,1070,0,,0,0,0,383,0,383,0,0,0,0,0,0,0,0,,0,,0,,,,,,,,,0,1454,0,1454,0,0,0,0,,,,,0,0,0,0,0,0,0,0,0,0,0,0,0,0,0,0,0,0,0,0,0,0,0,0,0,1454,0,1454,0,145,0,145,0,1308,0,1308,,47,,47,,0,,0,,0,,0,,47,,47,,4,,4,0,50,0,50,0,1258,0,1258,,,,,,,0,0,0,,,,,0,0,1308,0,0,,0,,0,,,,,,,,1308,0
459,NAGALAND,Wokha,,0,2167,0,2167,0,66921,0,66921,95879,162800,0,7240,0,7240,0,,0,0,0,390,0,390,0,3,0,3,0,0,0,0,,0,,0,,,,,,,,,0,7634,0,7634,0,0,0,0,,,,,0,0,0,0,0,0,0,0,0,0,0,0,0,0,0,0,0,0,0,0,0,0,0,0,0,7634,0,7634,0,763,0,763,0,6870,0,6870,,169,,169,,1,,1,,9,,9,,178,,178,,3,,3,0,175,0,175,0,6686,0,6686,,,,,,,0,0,0,,,,,0,0,6870,0,0,,0,,0,,,,,,,,6870,0
460,NAGALAND,Zunheboto,,0,2080,0,2080,0,8985,0,8985,116515,125500,0,949,0,949,0,,0,0,0,947,0,947,0,0,0,0,0,0,0,0,,0,,0,,,,,,,,,0,1896,0,1896,0,0,0,0,,,,,0,0,0,0,0,0,0,0,0,0,0,0,0,0,0,0,0,0,0,0,0,0,0,0,0,1896,0,1896,0,190,0,190,0,1706,0,1706,,58,,58,,1,,1,,0,,0,,59,,59,,3,,3,0,58,0,58,0,1647,0,1647,,,,,,,0,0,0,,,,,0,0,1706,0,0,,0,,0,,,,,,,,1706,0
461,ODISHA,ANGUL,,1120,1296,0,1291,14443,494142,0,508585,130761,639346,1035,41713,0,42748,356,,0,356,2563,0,0,2563,525,5579,0,6104,63,6442,0,6505,6,75,0,82,,,,,,,,,4550,53809,0,58358,,,,,,,,,,,,0,,,,0,0,0,0,0,0,0,0,0,0,0,0,0,0,0,0,0,4550,53809,0,58358,455,3239,0,3694,4095,50570,0,54664,119,4485,,4605,71,1229,,1299,2078,21754,,23832,2268,27468,,29736,55,54,,54,130,6233,0,6362,1818,21354,0,23173,,,,,,,0,0,0,,,,,0,0,54664,0,0,,0,,0,,,,,,,,54664,0
462,ODISHA,BALASORE,,1752,1702,1760,1715,23826,273272,59379,356477,25584,382061,6095,68303,16800,91199,1476,,0,1476,9398,0,0,9398,1922,28446,0,30368,2085,24582,5933,32600,5,768,17,790,,,,,,,,,20981,122099,22750,165830,,,,,,,,,,,,0,,,,0,0,0,0,0,0,0,0,0,0,0,0,0,0,0,0,0,20981,122099,22750,165830,2098,8818,1613,12529,18883,113281,21137,153301,616,5965,1192,7774,11,1160,0,1171,4295,66765,0,71060,4922,73890,1192,80005,26,65,6,60,737,7092,1372,7829,13863,38265,19765,52127,,,,,,,0,0,0,,,,,0,0,132164,21137,0,,0,,0,,,,,,,,132164,21137
463,ODISHA,BARGARH,,1228,1262,0,1259,39279,485898,0,525177,59368,584545,3075,37244,0,40319,3198,,0,3198,1931,0,0,1931,517,9183,0,9701,558,3290,0,3847,92,7610,0,7702,,,,,,,,,9370,57327,0,66697,,,,,,,,,,,,0,,,,0,0,0,0,0,0,0,0,0,0,0,0,0,0,0,0,0,9370,57327,0,66697,937,3462,0,4399,8433,53865,0,62298,536,3872,,4408,0,455,,455,1669,28451,,30120,2205,32778,,34983,26,61,,56,564,4426,0,4990,6200,20965,0,27165,,,,,,,0,0,0,,,,,0,0,62298,0,0,,0,,0,,,,,,,,62298,0
464,ODISHA,BHADRAK,,1421,1540,1559,1512,79363,53236,119637,252236,0,252236,12656,9721,21208,43585,12552,,0,12552,4463,0,0,4463,7716,3704,966,12386,6724,2110,12722,21555,71,36,19,127,,,,,,,,,44181,15572,34915,94668,,,,,,,,,,,,0,,,,0,0,0,0,0,0,0,0,0,0,0,0,0,0,0,0,0,44181,15572,34915,94668,3797,1557,3491,8845,40385,14015,31423,85823,1972,840,1714,4526,73,349,0,422,20006,9902,2523,32430,22051,11091,4237,37379,55,79,13,61,2386,938,1985,3324,17920,2826,26916,20745,,,,,,,0,0,0,,,,,0,0,54399,31423,0,,0,,0,,,,,,,,54399,31423
465,ODISHA,BOLANGIR,,1364,1225,0,1227,6599,623178,0,629777,26419,656196,555,44799,0,45353,322,,0,322,688,0,0,688,196,6497,0,6693,14,2718,0,2732,132,5240,0,5372,,,,,,,,,1907,59254,0,61161,,,,,,,,,,,,0,,,,0,0,0,0,0,0,0,0,0,0,0,0,0,0,0,0,0,1907,59254,0,61161,191,4557,0,4747,1716,54697,0,56413,58,5771,,5829,62,307,,369,720,22543,,23263,841,28621,,29462,49,52,,52,83,8224,0,8307,873,23623,0,24496,,,,,,,0,0,0,,,,,0,0,56413,0,0,,0,,0,,,,,,,,56413,0
466,ODISHA,BOUDH,,1225,1336,0,1312,46716,167382,0,214098,96900,310998,3690,14466,0,18156,865,,0,865,2025,0,0,2025,436,2885,0,3320,324,855,0,1179,12,70,0,81,,,,,,,,,7352,18275,0,25627,,,,,,,,,,,,0,,,,0,0,0,0,0,0,0,0,0,0,0,0,0,0,0,0,0,7352,18275,0,25627,735,1379,0,2114,6617,16897,0,23513,414,1058,,1472,44,29,,73,1412,7954,,9366,1870,9040,,10911,28,54,,46,503,1312,0,1815,4657,7602,0,12259,,,,,,,0,0,0,,,,,0,0,23513,0,0,,0,,0,,,,,,,,23513,0
467,ODISHA,CUTTACK,,1538,1587,0,1578,62005,278064,0,340069,32790,372859,14958,33926,0,48884,3996,,0,3996,6174,0,0,6174,2132,4037,0,6169,745,10965,0,11710,7,258,0,265,,,,,,,,,28013,49185,0,77199,,,,,,,,,,,,0,,,,0,0,0,0,0,0,0,0,0,0,0,0,0,0,0,0,0,28013,49185,0,77199,2801,4435,0,7236,25212,44750,0,69962,1491,5749,,7240,329,723,,1052,9245,15592,,24837,11065,22064,,33129,44,49,,47,1690,6789,0,8479,13948,21646,0,35594,,,,,,,0,0,0,,,,,0,0,69962,0,0,,0,,0,,,,,,,,69962,0
468,ODISHA,DEOGARH,,1315,1318,0,1318,20573,197956,0,218529,77735,296264,2164,19125,0,21288,528,,0,528,6744,0,0,6744,0,4240,0,4240,27,172,0,199,7,185,0,193,,,,,,,,,9470,23722,0,33192,,,,,,,,,,,,0,,,,0,0,0,0,0,0,0,0,0,0,0,0,0,0,0,0,0,9470,23722,0,33192,947,2372,0,3319,8523,21350,0,29873,56,934,,990,285,57,,343,2113,13962,,16075,2455,14953,,17408,29,70,,58,66,1093,0,1159,6059,6237,0,12296,,,,,,,0,0,0,,,,,0,0,29873,0,0,,0,,0,,,,,,,,29873,0
469,ODISHA,DHENKANAL,,1408,1433,0,1428,79290,318585,0,397875,49706,447581,6424,27760,0,34184,2083,,0,2083,4762,0,0,4762,842,2387,0,3229,757,2986,0,3744,21,72,0,92,,,,,,,,,14888,33205,0,48093,,,,,,,,,,,,0,,,,0,0,0,0,0,0,0,0,0,0,0,0,0,0,0,0,0,14888,33205,0,48093,1347,2160,0,3508,13541,31045,0,44586,838,2998,,3836,62,369,,431,2998,9942,,12939,3898,13308,,17207,29,43,,39,932,3420,0,4352,9549,17314,0,26863,,,,,,,0,0,0,,,,,0,0,44586,0,0,,0,,0,,,,,,,,44586,0
470,ODISHA,GAJAPATI,,1182,1389,0,1380,6500,135958,0,142458,290763,433221,615,17072,0,17687,215,,0,215,1162,0,0,1162,265,1625,0,1890,107,928,0,1035,18,235,0,252,,,,,,,,,2382,19860,0,22241,,,,,,,,,,,,0,,,,0,0,0,0,0,0,0,0,0,0,0,0,0,0,0,0,0,2382,19860,0,22241,238,1873,0,2111,2143,17987,0,20131,214,1530,,1744,31,148,,179,704,4722,,5426,948,6400,,7348,44,36,,37,229,1730,0,1959,1180,11387,0,12567,,,,,,,0,0,0,,,,,0,0,20131,0,0,,0,,0,,,,,,,,20131,0
471,ODISHA,GANJAM,,1280,1304,1208,1296,123400,466320,20700,610420,213017,823437,13228,47318,2060,62605,6613,,0,6613,16967,0,0,16968,4084,7055,0,11139,1838,6240,455,8532,57,794,0,851,,,,,,,,,42787,61407,2514,106708,,,,,,,,,,,,0,,,,0,0,0,0,0,0,0,0,0,0,0,0,0,0,0,0,0,42787,61407,2514,106708,4279,4930,236,9445,38508,56476,2278,97263,4327,7166,252,11745,866,1207,0,2073,10302,18545,0,28847,15496,26918,252,42665,40,48,11,45,6553,8468,269,15021,21458,28413,2009,49872,,,,,,,0,0,0,,,,,0,0,94984,2278,0,,0,,0,,,,,,,,94984,2278
472,ODISHA,JAGATSINGHPUR,,1400,1437,1598,1475,54718,76304,57966,188988,0,188988,9191,12044,10270,31506,7242,,2732,9974,7535,0,737,8272,3507,3405,511,7423,1979,5787,509,8275,0,224,0,224,,,,,,,,,29456,21459,14759,65673,,,,,,,,,,,,0,,,,0,0,0,0,0,0,0,0,0,0,0,0,0,0,0,0,0,29456,21459,14759,65673,2946,1871,1476,6292,26510,19588,13283,59381,1228,1211,750,3190,168,513,230,911,12241,11756,1715,25711,13637,13480,2695,29811,51,69,20,59,1314,1309,825,2622,12788,6011,10513,18799,,,,,,,0,0,0,,,,,0,0,46098,13283,0,,0,,0,,,,,,,,46098,13283
473,ODISHA,JAJPUR,,1526,1660,1615,1645,24000,222846,19367,266213,20246,286459,3851,34625,3804,42280,2978,,0,2978,3249,0,0,3249,1874,6816,334,9024,271,3025,227,3523,9,100,0,110,,,,,,,,,12232,44566,4365,61163,,,,,,,,,,,,0,,,,0,0,0,0,0,0,0,0,0,0,0,0,0,0,0,0,0,12232,44566,4365,61163,1128,3117,267,4512,11104,41449,4098,56651,749,4173,490,5413,73,594,57,725,5976,22891,1061,29928,6798,27659,1609,36066,61,67,39,66,831,4773,527,5603,4225,13191,2452,17415,,,,,,,0,0,0,,,,,0,0,52553,4098,0,,0,,0,,,,,,,,52553,4098
474,ODISHA,JHARSUGUDA,,0,1314,0,1314,0,211842,0,211842,385,212227,0,16977,0,16977,0,,0,0,0,0,0,0,0,1752,0,1752,0,1068,0,1068,0,837,0,837,,,,,,,,,0,20635,0,20635,,,,,,,,,,,,0,,,,0,0,0,0,0,0,0,0,0,0,0,0,0,0,0,0,0,0,20635,0,20635,0,1541,0,1541,0,19094,0,19094,,2555,,2555,,1098,,1098,,6375,,6375,,10029,,10029,,53,,53,0,3502,0,3502,0,8119,0,8119,,,,,,,0,0,0,,,,,0,0,19094,0,0,,0,,0,,,,,,,,19094,0
475,ODISHA,KALAHANDI,,1416,1493,0,1480,97301,460836,0,558137,233298,791435,8936,37985,0,46921,3616,,0,3616,7499,0,0,7499,1005,4432,0,5437,1160,2234,2,3396,2,311,0,314,,,,,,,,,22217,44962,2,67181,,,,,,,,,,,,0,,,,0,0,0,0,0,0,0,0,0,0,0,0,0,0,0,0,0,22217,44962,2,67181,2222,3147,0,5369,19996,41815,1,61812,1195,3973,,5167,192,701,,893,3515,18336,,21850,4901,23009,,27910,25,55,,45,1462,4892,0,6354,14827,17887,1,32714,,,,,,,0,0,0,,,,,0,0,61811,1,0,,0,,0,,,,,,,,61811,1
476,ODISHA,KANDHAMAL,,1338,1651,0,1649,2973,444398,0,447371,356636,804007,191,30912,0,31103,176,,0,176,1057,0,0,1057,185,2708,0,2893,4,452,1,457,7,1150,0,1157,,,,,,,,,1619,35221,1,36841,,,,,,,,,,,,0,,,,0,0,0,0,0,0,0,0,0,0,0,0,0,0,0,0,0,1619,35221,1,36841,162,2760,0,2922,1457,32461,1,33919,11,2344,,2355,9,221,,230,550,7937,,8487,570,10502,,11072,39,32,,33,12,2676,0,2688,886,21627,1,22513,,,,,,,0,0,0,,,,,0,0,33918,1,0,,0,,0,,,,,,,,33918,1
477,ODISHA,KENDRAPARA,,1567,1633,1525,1540,17287,24455,184602,226344,0,226344,2917,5700,31434,40051,1931,,1863,3795,4660,0,10157,14817,1494,1031,470,2995,68,89,768,925,0,0,0,0,,,,,,,,,11070,6820,44692,62583,,,,,,,,,,,,0,,,,0,0,0,0,0,0,0,0,0,0,0,0,0,0,0,0,0,11070,6820,44692,62583,1107,341,3898,5346,9963,6479,40795,57237,700,495,3134,4329,71,133,261,464,5397,3834,1743,10974,6168,4462,5137,15767,62,69,13,65,798,561,3543,1359,3697,1951,35249,5649,,,,,,,0,0,0,,,,,0,0,16442,40795,0,,0,,0,,,,,,,,16442,40795
478,ODISHA,KEONJHAR,,1304,1389,0,1386,23675,661115,0,684790,149192,833982,2468,64592,0,67061,2392,,0,2392,3348,0,0,3348,1060,9148,0,10208,271,8810,0,9081,1,136,0,137,,,,,,,,,9540,82686,0,92226,,,,,,,,,,,,0,,,,0,0,0,0,0,0,0,0,0,0,0,0,0,0,0,0,0,9540,82686,0,92226,954,7106,0,8060,8586,75580,0,84166,286,6132,,6418,75,667,,743,3465,28099,,31563,3826,34898,,38724,45,46,,46,339,7494,0,7832,4708,39320,0,44028,,,,,,,0,0,0,,,,,0,0,84166,0,0,,0,,0,,,,,,,,84166,0
479,ODISHA,KHURDA,,1414,1431,0,1429,29107,231610,0,260717,28260,288977,4167,24830,0,28998,3644,,0,3644,5567,0,0,5567,2361,4473,0,6834,743,1340,0,2083,28,235,0,263,,,,,,,,,16510,30879,0,47389,,,,,,,,,,,,0,,,,0,0,0,0,0,0,0,0,0,0,0,0,0,0,0,0,0,16510,30879,0,47389,1651,2584,0,4235,14859,28295,0,43154,1029,6395,,7423,0,2210,,2210,5428,12612,,18040,6457,21217,,27673,43,75,,64,2456,8387,0,10843,8336,7424,0,15760,,,,,,,0,0,0,,,,,0,0,43154,0,0,,0,,0,,,,,,,,43154,0
480,ODISHA,KORAPUT,,1613,1512,0,1519,45444,555162,0,600606,255565,856171,3991,41208,0,45199,893,,0,893,4638,0,0,4638,310,1969,0,2279,153,1872,0,2025,46,1059,0,1105,,,,,,,,,10031,46108,0,56138,,,,,,,,,,,,0,,,,0,0,0,0,0,0,0,0,0,0,0,0,0,0,0,0,0,10031,46108,0,56138,1003,3597,0,4600,9028,42511,0,51538,589,4076,,4664,254,491,,745,1126,7289,,8415,1969,11855,,13824,22,28,,27,712,5093,0,5805,6935,29639,0,36574,,,,,,,0,0,0,,,,,0,0,51538,0,0,,0,,0,,,,,,,,51538,0
481,ODISHA,MALKANGIRI,,1349,1493,0,1476,39846,300053,0,339899,185047,524946,2659,25029,0,27688,1766,,0,1766,4232,0,0,4232,144,1199,0,1343,60,1736,0,1796,3,14,0,16,,,,,,,,,8864,27978,0,36842,,,,,,,,,,,,0,,,,0,0,0,0,0,0,0,0,0,0,0,0,0,0,0,0,0,8864,27978,0,36842,774,2280,0,3053,8090,25699,0,33789,214,1952,,2167,0,0,,0,1032,3927,,4959,1246,5879,,7126,15,23,,21,274,2515,0,2789,6784,19257,0,26040,,,,,,,0,0,0,,,,,0,0,33789,0,0,,0,,0,,,,,,,,33789,0
482,ODISHA,MAYURBHANJ,,1602,1519,0,1523,39319,794697,0,834016,218556,1052572,5169,95699,0,100868,4092,,0,4092,14315,0,0,14315,3071,20251,0,23322,164,3154,0,3319,43,872,0,915,,,,,,,,,26854,119977,0,146831,,,,,,,,,,,,0,,,,0,0,0,0,0,0,0,0,0,0,0,0,0,0,0,0,0,26854,119977,0,146831,2685,8362,0,11048,24169,111615,0,135784,330,7777,,8107,0,301,,301,6886,46655,,53541,7216,54732,,61948,30,49,,46,378,9208,0,9586,16906,55451,0,72357,,,,,,,0,0,0,,,,,0,0,135784,0,0,,0,,0,,,,,,,,135784,0
483,ODISHA,NABARANGAPUR,,1406,1572,0,1571,4250,530214,0,534464,31117,565581,382,51504,0,51886,209,,0,209,1256,0,0,1256,77,4604,0,4681,7,1156,0,1162,4,527,0,531,,,,,,,,,1934,57791,0,59725,,,,,,,,,,,,0,,,,0,0,0,0,0,0,0,0,0,0,0,0,0,0,0,0,0,1934,57791,0,59725,193,5263,0,5457,1741,52528,0,54269,200,3817,,4017,18,208,,225,251,16542,,16793,469,20567,,21035,27,39,,39,245,4698,0,4942,1228,31081,0,32309,,,,,,,0,0,0,,,,,0,0,54269,0,0,,0,,0,,,,,,,,54269,0
484,ODISHA,NAYAGARH,,1361,1412,0,1410,10348,247497,0,257845,133196,391041,1127,25053,0,26180,538,,,538,3861,0,0,3861,936,4759,0,5695,82,1526,0,1608,17,324,0,341,,,,,,,,,6561,31662,0,38223,,,,,,,,,,,,0,,,,0,0,0,0,0,0,0,0,0,0,0,0,0,0,0,0,0,6561,31662,0,38223,656,2125,0,2781,5905,29537,0,35442,488,3030,,3518,0,53,,53,2128,11403,,13532,2617,14486,,17103,44,49,,48,1286,80990,0,82276,3282,14857,0,18139,,,,,,,0,0,0,,,,,0,0,35442,0,0,,0,,0,,,,,,,,35442,0
485,ODISHA,NUAPADA,,1089,1124,0,1121,30178,278126,0,308304,77004,385308,1817,21632,0,23450,1157,,0,1157,2196,0,0,2196,724,4689,0,5413,118,867,0,985,63,236,0,300,,,,,,,,,6076,27425,0,33501,,,,,,,,,,,,0,,,,0,0,0,0,0,0,0,0,0,0,0,0,0,0,0,0,0,6076,27425,0,33501,608,2121,0,2728,5468,25304,0,30773,375,1609,,1985,49,91,,139,2611,15143,,17754,3035,16843,,19878,55,67,,65,444,1916,0,2360,2365,8154,0,10519,,,,,,,0,0,0,,,,,0,0,30773,0,0,,0,,0,,,,,,,,30773,0
486,ODISHA,PURI,,1556,1505,1503,1521,81983,123612,53016,258611,0,258611,15395,21624,9158,46177,3713,,0,3713,10330,0,0,10330,5267,6733,0,12000,941,1551,634,3127,377,114,7,498,,,,,,,,,36024,30022,9799,75845,,,,,,,,,,,,0,,,,0,0,0,0,0,0,0,0,0,0,0,0,0,0,0,0,0,36024,30022,9799,75845,3375,2131,824,6330,32649,27891,8975,69515,3190,1985,821,5996,0,0,0,0,12130,15899,788,28817,15321,17884,1609,34813,47,64,18,55,4047,2269,930,6316,17117,9723,7257,26840,,,,,,,0,0,0,,,,,0,0,60540,8975,0,,0,,0,,,,,,,,60540,8975
487,ODISHA,RAYAGADA,,1191,1341,0,1337,8569,357404,0,365973,362225,728198,653,27249,0,27902,403,,0,403,1595,0,0,1595,182,2486,0,2668,0,2390,0,2391,0,131,0,131,,,,,,,,,2834,32257,0,35090,,,,,,,,,,,,0,,,,0,0,0,0,0,0,0,0,0,0,0,0,0,0,0,0,0,2834,32257,0,35090,283,2612,0,2896,2550,29644,0,32194,58,3065,,3122,7,835,,842,854,7382,,8236,919,11282,,12201,36,38,,38,70,3652,0,3723,1619,17775,0,19393,,,,,,,0,0,0,,,,,0,0,32194,0,0,,0,,0,,,,,,,,32194,0
488,ODISHA,SAMBALPUR,,1453,1420,0,1424,55351,511741,0,567092,95188,662280,5124,40872,0,45996,1101,,0,1101,9288,0,0,9288,655,6052,0,6707,237,2070,0,2307,40,332,0,372,,,,,,,,,16444,49326,0,65770,,,,,,,,,,,,0,,,,0,0,0,0,0,0,0,0,0,0,0,0,0,0,0,0,0,16444,49326,0,65770,1644,3948,0,5592,14800,45379,0,60178,388,2913,,3301,393,800,,1193,1610,15156,,16765,2391,18869,,21259,16,42,,35,432,3326,0,3758,12365,26097,0,38462,,,,,,,0,0,0,,,,,0,0,60178,0,0,,0,,0,,,,,,,,60178,0
489,ODISHA,SUBARNAPUR,,1285,1352,0,1335,56853,175201,0,232054,4655,236709,4147,15272,0,19419,654,,0,654,3118,0,0,3118,506,2965,0,3471,323,879,0,1202,13,190,0,203,,,,,,,,,8761,19307,0,28068,,,,,,,,,,,,0,,,,0,0,0,0,0,0,0,0,0,0,0,0,0,0,0,0,0,8761,19307,0,28068,782,1467,0,2249,7979,17840,0,25819,740,1213,,1953,0,88,,88,1713,9907,,11619,2453,11208,,13660,31,63,,53,829,1415,0,2244,5437,6518,0,11956,,,,,,,0,0,0,,,,,0,0,25819,0,0,,0,,0,,,,,,,,25819,0
490,ODISHA,SUNDARGARH,,1191,1281,0,1280,12122,808226,0,820348,154721,975069,1085,70274,0,71359,401,,0,401,3125,0,0,3125,0,8285,0,8285,116,4273,0,4389,1,606,0,607,,,,,,,,,4728,83439,0,88166,,,,,,,,,,,,0,,,,0,0,0,0,0,0,0,0,0,0,0,0,0,0,0,0,0,4728,83439,0,88166,473,5941,0,6414,4255,77497,0,81752,64,6349,,6413,0,2612,,2612,1626,27054,,28681,1690,36016,,37705,40,46,,46,76,8068,0,8144,2553,39763,0,42316,,,,,,,0,0,0,,,,,0,0,81752,0,0,,0,,0,,,,,,,,81752,0
491,PUDUCHERRY,KARAIKAL,,0,1261,0,780,0,9958,6142,16100,0,16100,0,1422,0,1422,2163,,,2163,0,0,0,0,0,0,0,0,0,419,,419,,420,,420,,,,,,,,,2163,2261,0,4424,,,,,,,,,,,,0,,,,0,,,,,,,,,,,,,,,,0,2163,2261,0,4424,216,226,0,442,1947,2035,0,3982,,947,0,947,,18,0,18,,529,0,529,,1493,0,1493,,73,0,38,0,1155,0,1155,1947,334,0,2281,,,,,,,,,,,,,,0,0,3982,0,0,,0,,0,,,,,,,,3982,0
492,PUDUCHERRY,PUDUCHERRY,,0,1579,0,1481,0,30200,2000,32200,0,32200,0,5161,0,5161,122,,,122,0,0,0,0,0,6200,0,6200,0,2279,0,2279,0,910,0,910,,,,,,,,,122,14549,0,14672,,,,,,,,,,,,0,,,,0,,,,,,,,,,,,,,,,0,122,14549,0,14672,12,1201,0,1214,110,13348,0,13458,,4322,0,4322,,547,0,547,,6889,0,6889,,11758,0,11758,,88,0,87,0,5499,0,5499,110,1049,0,1159,,,,,,,,,,,,,,0,0,13458,0,0,,0,,0,,,,,,,,13458,0
493,PUNJAB,Amritsar,,646,0,0,646,267640,0,0,267640,0,267640,34775,0,0,34775,41640,,,41640,10425,0,0,10425,52242,0,0,52242,280,,,280,,,,,0,0,0,0,0,0,0,0,139361,0,0,139361,-357,,,-357,,,,,,,,0,,,,0,0,0,0,0,0,0,0,0,0,0,0,0,-357,0,0,-357,139005,0,0,139005,13936,0,0,13936,124712,0,0,124712,9661,,,9661,1288,,,1288,188995,,,188995,199944,,,199944,160,,,160,9976,0,0,9976,0,0,0,0,,,,,,,44,73,0,,,,,0,0,124712,0,28643,,8092503,,8121146,,,,,,,,124712,0
494,PUNJAB,Barnala,,519,0,0,518,141155,0,146,141301,0,141301,14096,0,0,14096,23528,,,23528,3443,0,0,3443,13111,0,0,13111,148,,,148,,,,,,,,,,,,,54326,0,0,54326,,,,,,,,,,,,0,,,,0,0,0,0,0,0,0,0,0,0,0,0,0,0,0,0,0,54326,0,0,54326,5433,0,0,5433,48893,0,0,48893,2522,,0,2522,44,,0,44,104684,,0,104684,107249,,0,107249,219,,0,219,2604,0,0,2604,0,0,0,0,,,,,,,0,0,0,,,,,0,0,48893,0,39379,,4500695,,4540074,,,,,,,,48893,0
495,PUNJAB,Bathinda,,377,0,400,378,323841,0,13583,337424,0,337424,22504,0,974,23478,29050,,38,29088,41711,0,8353,50064,43350,0,4942,48292,345,,,345,,,,,,,,,,,,,136960,0,14307,151267,,,,,,,,,,,,0,,,,0,0,0,0,0,0,0,0,0,0,0,0,0,0,0,0,0,136960,0,14307,151267,13696,0,1431,15127,123264,0,12876,136140,2488,,0,2488,348,,0,348,154990,,10546,165535,157825,,10546,168371,128,,82,128,2569,0,0,2569,15825,0,2602,15825,,,,,,,179,0,0,,,,,0,0,123264,12876,23437,,13107642,,13131079,,,,,,,,123264,12876
496,PUNJAB,Faridkot,,398,0,400,399,92275,0,55323,147598,0,147598,6085,0,4333,10418,7917,,3227,11143,15723,0,15723,31447,17004,0,9730,26734,93,,,93,,,,,,,,,,,,,46823,0,33013,79836,,,,,,,,,,,,0,,,,0,0,0,0,0,0,0,0,0,0,0,0,0,0,0,0,0,46823,0,33013,79836,3776,0,2253,6028,43047,0,30761,73808,966,,0,966,66,,0,66,50285,,28357,78642,51318,,28357,79675,119,,92,119,998,0,0,998,1157,0,2610,1157,,,,,,,4772,0,0,,,,,0,0,43047,30761,13053,,5970196,,5983249,,,,,,,,43047,30761
497,PUNJAB,Fatehgarh Sahib,,685,0,0,685,114246,0,0,114246,0,114246,16196,0,0,16196,12616,,,12616,2212,0,0,2212,8576,0,0,8576,130,,,130,,,,,,,,,,,,,39730,0,0,39730,,,,,,,,,,,,0,,,,0,0,0,0,0,0,0,0,0,0,0,0,0,0,0,0,0,39730,0,0,39730,3973,0,0,3973,35757,0,0,35757,2537,,,2537,2596,,,2596,59993,,,59993,65125,,,65125,182,,,182,2619,0,0,2619,0,0,0,0,,,,,,,0,0,0,,,,,0,0,35757,0,25082,,3824648,,3849731,,,,,,,,35757,0
498,PUNJAB,Fazilka,,366,0,371,369,95725,0,178229,273954,0,273954,6695,0,11968,18663,29071,,7981,37052,22881,0,22881,45762,14655,0,10964,25619,239,,,239,,,,,,,,,,,,,73541,0,53794,127335,,,,,,,,,,,,0,,,,0,0,0,0,0,0,0,0,0,0,0,0,0,0,0,0,0,73541,0,53794,127335,7354,0,5379,12734,66187,0,48415,114601,1861,,0,1861,44,,0,44,41236,,30783,72019,43141,,30783,73924,65,,64,65,1922,0,0,1922,28857,0,22842,28857,,,,,,,52759,307,0,,,,,0,0,66187,48415,10842,,9694905,,9705747,,,,,,,,66187,48415
499,PUNJAB,Firozpur,,431,0,401,429,231231,0,20722,251953,0,251953,18751,0,1660,20410,55977,,1637,57614,17604,0,14405,32009,44247,0,8952,53199,137,,,137,,,,,,,,,,,,,136715,0,26653,163369,1242,,,1242,,,,,,,,0,,,,0,0,0,0,0,0,0,0,0,0,0,0,0,1242,0,0,1242,137958,0,26653,164611,13672,0,2665,16337,125529,0,23988,149517,3489,,0,3489,138,,0,138,133025,,20746,153771,136652,,20746,157398,109,,86,109,3603,0,0,3603,12316,0,3242,12316,,,,,,,800,2,0,,,,,0,0,125529,23988,23347,,9110339,,9133686,,,,,,,,125529,23988
500,PUNJAB,Gurdaspur,,820,0,0,820,261425,0,0,261425,0,261425,42809,0,0,42809,50007,,0,50007,8178,0,0,8179,54500,0,0,54500,295,,,295,,,,,,,,,,,,,155789,0,0,155789,-1722,,,-1722,,,,,,,,0,,,,0,0,0,0,0,0,0,0,0,0,0,0,0,-1722,0,0,-1722,154067,0,0,154067,15579,0,0,15579,136766,0,0,136766,7088,,,7088,119,,,119,158465,,,158465,165673,,,165673,121,,,121,7319,0,0,7319,5057,0,0,5057,,,,,,,3996,53,0,,,,,0,0,136766,0,31075,,9136127,,9167202,,,,,,,,136766,0
501,PUNJAB,Hoshiarpur,,840,0,0,840,336871,0,0,336871,0,336871,54349,0,0,54349,2271,,0,2271,7897,0,0,7897,21350,0,0,21350,207,,,207,1104,4791,,5895,,,,,,,,,87178,4791,0,91969,-1490,,,-1490,,,,,,,,0,,,,0,0,0,0,0,0,0,0,0,0,0,0,0,-1490,0,0,-1490,85689,4791,0,90480,8098,479,0,8577,76101,4312,0,80413,6694,,,6694,132,,,132,93537,,,93537,100363,,,100363,132,,,125,6911,0,0,6911,4169,4312,0,8481,,,,,,,723,0,0,,,,,0,0,80413,0,97458,,12144640,,12242097,,,,,,,,80413,0
502,PUNJAB,Jalandhar,,625,0,0,625,262999,0,0,262999,0,262999,33152,0,0,33152,19025,,,19025,4839,0,0,4839,38551,0,0,38551,212,,,212,,,,,0,0,0,0,0,0,0,0,95779,0,0,95779,-2,,,-2,,,,,,,,0,,,,0,0,0,0,0,0,0,0,0,0,0,0,0,-2,0,0,-2,95777,0,0,95777,9578,0,0,9578,86197,0,0,86197,16252,,,16252,2750,,,2750,223358,,,223358,242359,,,242359,281,,,281,16781,0,0,16781,0,0,0,0,,,,,,,0,18,0,,,,,0,0,86197,0,36514,,8274309,,8310823,,,,,,,,86197,0
503,PUNJAB,Kapurthala,,620,0,0,620,162875,0,0,162875,0,162875,20789,0,0,20789,4185,,,4185,5343,0,0,5343,32043,0,0,32043,93,,,93,,,,,,,,,,,,,62453,0,0,62453,213,,,213,,,,,,,,0,,,,0,0,0,0,0,0,0,0,0,0,0,0,0,213,0,0,213,62666,0,0,62666,6245,0,0,6245,56634,0,0,56634,3458,,,3458,2499,,,2499,131639,,,131639,137596,,,137596,243,,,243,3570,0,0,3570,0,0,0,0,,,,,,,0,55,0,,,,,0,0,56634,0,27919,,5519472,,5547391,,,,,,,,56634,0
504,PUNJAB,Ludhiana,,581,0,0,581,370715,0,0,370715,0,370715,41145,0,0,41145,50273,,0,50273,4777,0,0,4777,39723,0,0,39723,430,,,430,,,,,0,0,0,0,0,0,0,0,136348,0,0,136348,142,,,142,,,,,,,,0,,,,0,0,0,0,0,0,0,0,0,0,0,0,0,142,0,0,142,136490,0,0,136490,13266,0,0,13266,123365,0,0,123365,20180,,,20180,7247,,,7247,212709,,,212709,240137,,,240137,195,,,195,20837,0,0,20837,0,0,0,0,,,,,,,121,0,0,,,,,0,0,123365,0,70042,,11948507,,12018549,,,,,,,,123365,0
505,PUNJAB,Malerkotla,,570,0,0,570,74529,0,0,74529,0,74529,8765,0,0,8765,4460,,,4460,1334,0,0,1334,6993,0,0,6993,42,,,42,,,,,,,,,,,,,21593,0,0,21593,,,,,,,,,,,,0,,,,0,0,0,0,0,0,0,0,0,0,0,0,0,0,0,0,0,21593,0,0,21593,2159,0,0,2159,19434,0,0,19434,2003,,,2003,541,,,541,56132,,,56132,58677,,,58677,302,,,302,2068,0,0,2068,0,0,0,0,,,,,,,0,0,0,,,,,0,0,19434,0,20585,,2402722,,2423307,,,,,,,,19434,0
506,PUNJAB,Mansa,,405,0,404,405,189109,0,27753,216862,0,216862,14378,0,2017,16395,11472,,2346,13819,24362,0,22837,47198,29184,0,13749,42933,436,,,436,,,,,,,,,,,,,79831,0,40950,120781,,,,,,,,,,,,0,,,,0,0,0,0,0,0,0,0,0,0,0,0,0,0,0,0,0,79831,0,40950,120781,7983,0,4095,12078,71848,0,36855,108703,284,,0,284,54,,0,54,77767,,34367,112134,78106,,34367,112473,109,,93,109,293,0,0,293,6849,0,3911,6849,,,,,,,791,0,0,,,,,0,0,71848,36855,13327,,7763998,,7777325,,,,,,,,71848,36855
507,PUNJAB,Moga,,454,0,0,454,223096,0,0,223096,0,223096,20099,0,0,20099,27253,,147,27401,8841,0,0,8841,21532,0,0,21532,192,,,192,,,,,,,,,,,,,77917,0,147,78064,-26,,,-26,,,,,,,,0,,,,0,0,0,0,0,0,0,0,0,0,0,0,0,-26,0,0,-26,77891,0,147,78038,7792,0,15,7806,70073,0,133,70205,2761,,,2761,122,,,122,160446,,,160446,163330,,,163330,233,,,233,2851,0,0,2851,0,0,133,0,,,,,,,0,1,0,,,,,0,0,70073,133,27359,,7281737,,7309096,,,,,,,,70073,133
508,PUNJAB,Muktsar,,394,0,396,394,199984,0,63444,263428,0,263428,13941,0,4418,18359,46884,,3543,50426,31968,0,31968,63937,12845,0,20925,33770,211,,,211,,,,,,,,,,,,,105849,0,60854,166703,,,,,,,,,,,,0,,,,0,0,0,0,0,0,0,0,0,0,0,0,0,0,0,0,0,105849,0,60854,166703,9585,0,6085,15670,96264,0,54769,151033,0,,0,0,73,,0,73,26701,,43860,70561,26774,,43860,70634,28,,80,28,0,0,0,0,69490,0,11907,69490,,,,,,,65632,9,0,,,,,0,0,96264,54769,17610,,11775156,,11792766,,,,,,,,96264,54769
509,PUNJAB,Pathankot,,1157,0,0,1157,78136,0,0,78136,16941,95077,15808,0,0,15808,17596,,0,17596,6692,0,0,6692,5075,0,0,5075,17,,,17,1028,1888,,2916,,,,,,,,,46217,1888,0,48105,,,,,,,,,,,,0,,,,0,0,0,0,0,0,0,0,0,0,0,0,0,0,0,0,0,46217,1888,0,48105,4622,189,0,4810,41595,1699,0,43294,2853,,,2853,173,,,173,14747,,,14747,17774,,,17774,43,,,41,2946,0,0,2946,23729,1699,0,25428,,,,,,,4170,1,0,,,,,0,0,43294,0,17669,,4022078,,4039747,,,,,,,,43294,0
510,PUNJAB,Patiala,,668,0,0,658,326823,0,5024,331847,0,331847,44976,0,0,44976,26591,,7,26598,3476,0,876,4352,24790,0,0,24790,358,,,358,,,,,,,,,,,,,100191,0,883,101074,,,,,,,,,,,,0,,,,0,0,0,0,0,0,0,0,0,0,0,0,0,0,0,0,0,100191,0,883,101074,9545,0,88,9634,90646,0,795,91441,8003,,0,8003,678,,0,678,180346,,0,180346,189027,,0,189027,209,,0,209,8263,0,0,8263,0,0,795,0,,,,,,,252,17,0,,,,,0,0,90646,795,159026,,10787234,,10946260,,,,,,,,90646,795
511,PUNJAB,Rupnagar,,840,0,0,840,137653,0,0,137653,0,137653,23796,0,0,23796,4343,,0,4343,3007,0,0,3007,9075,0,0,9075,111,,,111,2,79,,81,,,,,,,,,40334,79,0,40413,1486,,,1486,,,,,,,,0,,,,0,0,0,0,0,0,0,0,0,0,0,0,0,1486,0,0,1486,41820,79,0,41899,4033,8,0,4041,39272,71,0,39343,2890,,,2890,657,,,657,32963,,,32963,36509,,,36509,93,,,93,2984,0,0,2984,7652,71,0,7723,,,,,,,1102,23,0,,,,,0,0,39343,0,14157,,5562920,,5577077,,,,,,,,39343,0
512,PUNJAB,SAS Nagar,,744,0,0,743,109350,0,33,109383,0,109383,15835,0,0,15835,84,,0,84,1846,0,0,1846,3299,0,0,3299,74,,,74,1512,1,,1513,,,,,,,,,22649,1,0,22650,,,,,,,,,,,,0,,,,0,0,0,0,0,0,0,0,0,0,0,0,0,0,0,0,0,22649,1,0,22650,2265,0,0,2265,20384,1,0,20385,4170,,0,4170,3495,,0,3495,16165,,0,16165,23831,,0,23831,117,,0,117,4306,0,0,4306,888,1,0,889,,,,,,,0,7,0,,,,,0,0,20385,0,19069,,3811918,,3830987,,,,,,,,20385,0
513,PUNJAB,SBS Nagar,,760,0,807,761,122922,0,3039,125961,0,125961,17682,0,507,18189,4673,,,4673,13841,0,0,13841,15635,0,116,15751,122,,,122,0,1528,,1528,,,,,,,,,51954,1528,623,54104,97,,,97,,,,,,,,0,,,,0,0,0,0,0,0,0,0,0,0,0,0,0,97,0,0,97,52050,1528,623,54201,4449,153,62,4664,47698,1375,560,49634,2598,,0,2598,415,,0,415,53524,,331,53855,56538,,331,56869,119,,59,115,2683,0,0,2683,2379,1375,230,3755,,,,,,,0,3,0,,,,,0,0,49073,560,17186,,4225884,,4243070,,,,,,,,49073,560
514,PUNJAB,Sangrur,,496,0,0,496,285796,0,0,285796,0,285796,29526,0,0,29526,8806,,0,8806,7970,0,0,7970,23637,0,0,23637,314,,,314,,,,,,,,,,,,,70253,0,0,70253,,,,,,,,,,,,0,,,,0,0,0,0,0,0,0,0,0,0,0,0,0,0,0,0,0,70253,0,0,70253,7025,0,0,7025,63228,0,0,63228,4993,,,4993,1554,,,1554,189450,,,189450,195998,,,195998,310,,,310,5156,0,0,5156,0,0,0,0,,,,,,,0,0,0,,,,,0,0,63228,0,41719,,9022722,,9064440,,,,,,,,63228,0
515,PUNJAB,Tarn Taran,,545,0,0,545,241835,0,0,241835,0,241835,27049,0,0,27049,8375,,0,8375,4764,0,0,4764,27359,0,0,27359,295,,,295,,,,,,,,,,,,,67841,0,0,67841,2268,,,2268,,,,,,,,0,,,,0,0,0,0,0,0,0,0,0,0,0,0,0,2268,0,0,2268,70109,0,0,70109,6784,0,0,6784,65593,0,0,65593,4737,,,4737,138,,,138,127942,,,127942,132817,,,132817,202,,,202,4891,0,0,4891,0,0,0,0,,,,,,,0,18,0,,,,,0,0,65593,0,60397,,8112078,,8172475,,,,,,,,65593,0
516,RAJASTHAN,AJMER,,0,534,0,534,0,746676,0,746676,140992,887668,0,29269,0,29269,,,,,0,438,0,438,0,7528,0,7528,0,77,0,77,,,,,0,0,0,0,0,0,0,0,0,37312,0,37312,,,,,,,,,,,,0,,,,0,0,0,0,0,0,0,0,0,0,0,0,0,0,0,0,0,0,37312,0,37312,0,3731,0,3731,0,33581,0,33581,,1274,,1274,,176,,176,,44940,,44940,,46390,,46390,,138,,138,0,1274,0,1274,0,0,0,0,,,,,,,0,0,0,,,,,0,0,33581,0,0,,0,,0,,,,,,,,33581,0
517,RAJASTHAN,ALWAR,,0,675,607,671,0,682521,37640,720161,151885,872046,0,72292,3898,76190,0,,0,0,0,0,0,0,0,5999,503,6502,0,29,0,29,,,,,,,,,,,,,0,78321,4401,82722,,,,,,,,,,,,0,,,,0,0,0,0,0,0,0,0,0,0,0,0,0,0,0,0,0,0,78321,4401,82722,0,7832,440,8272,0,70489,3961,74450,,14106,0,14106,,3413,0,3413,,110872,2635,113507,,128391,2635,131026,,182,67,182,0,14106,0,14106,0,0,1326,0,,,,,,,0,0,0,,,,,0,0,70489,3961,0,,0,,0,,,,,,,,70489,3961
518,RAJASTHAN,BANSWARA,,945,965,0,957,165543,232453,0,397996,55612,453608,4583,5552,0,10135,1466,,0,1466,3738,3416,0,7154,1818,1269,0,3088,35,1348,,1383,0,0,0,0,,,,,,,,,11640,11585,0,23225,,,,,,,,,,,,0,,,,0,,,,,,,,,,,,,,,,0,11640,11585,0,23225,1164,1159,0,2323,10476,10427,0,20903,1313,1230,,2544,0,4,,4,4963,7044,,12007,6277,8278,,14554,60,79,,70,1313,1230,0,2544,4199,2332,0,6532,,,,,,,,,,,,,,0,0,20903,0,0,,0,,0,,,,,,,,20903,0
519,RAJASTHAN,BARAN,,925,937,0,935,87123,602098,0,689221,6310,695531,5568,34132,0,39701,30,,,30,6656,0,0,6656,2906,14600,0,17506,,996,,996,0,0,0,0,,,,,,,,,15161,49728,0,64889,,,,,,,,,,,,0,,,,0,0,0,0,0,0,0,0,0,0,0,0,0,0,0,0,0,15161,49728,0,64889,1516,4973,0,6489,13645,44756,0,58400,1951,7207,,9157,0,103,,103,11790,57736,,69526,13741,65045,,78786,101,145,,135,1951,7207,0,9157,2326,235,0,2560,,,,,,,0,0,0,,,,,0,0,58400,0,0,,0,,0,,,,,,,,58400,0
520,RAJASTHAN,BARMER,,0,339,320,329,0,1416817,1441041,2857858,0,2857858,0,35868,29445,65313,,,368,368,,,,,0,2715,648,3363,,,,,,,,,,,,,,,,,0,38583,30461,69044,,,,,,,,,,,,0,,,,0,,,,,,,,,,,,,,,,0,0,38583,30461,69044,0,3700,2772,6472,0,34883,27689,62572,,7441,1769,9210,,438,852,1290,,39039,5139,44177,,46918,7760,54678,,134,28,134,0,7441,1769,7441,0,1498,20439,1498,,,,,,,,,,,,,,0,0,34883,27689,0,,0,,0,,,,,,,,34883,27689
521,RAJASTHAN,BHARATPUR,,0,665,654,662,0,351675,123477,475152,25890,501042,0,34519,12289,46808,0,,0,0,0,205,0,205,0,6776,662,7439,0,1073,0,1073,,,,,,,,,,,,,0,42573,12951,55524,,,,,,,,,,,,0,,,,0,0,0,0,0,0,0,0,0,0,0,0,0,0,0,0,0,0,42573,12951,55524,0,4257,1295,5552,0,38315,11656,49971,,6636,1396,8032,,72,0,72,,38013,2801,40814,,44721,4197,48918,,117,36,117,0,6636,1396,6636,0,0,7459,0,,,,,,,0,0,0,,,,,0,0,38315,11656,0,,0,,0,,,,,,,,38315,11656
522,RAJASTHAN,BHILWARA,,639,659,0,658,63193,872292,0,935485,110015,1045500,2060,29404,0,31465,272,,0,272,1297,62,0,1359,793,11199,0,11992,45,181,0,226,0,0,0,0,,,,,,,,,4467,40846,0,45314,,,,,,,,,,,,0,,,,0,,,,,,,,,,,,,,,,0,4467,40846,0,45314,447,4085,0,4531,4021,36762,0,40782,376,4538,,4913,447,289,,736,3526,54366,,57892,4349,59193,,63541,108,161,,156,376,4538,0,4913,891,0,0,891,,,,,,,,,,,,,,0,0,40782,0,0,,0,,0,,,,,,,,40782,0
523,RAJASTHAN,BIKANER,,324,349,330,338,45001,1315254,1677922,3038177,0,3038177,923,27851,31335,60109,513,,91,604,583,0,0,583,0,1457,0,1457,0,0,0,0,,,,,0,0,0,0,0,0,0,0,2019,29309,31425,62753,,,,,,,,,,,,0,,,,0,0,0,0,0,0,0,0,0,0,0,0,0,0,0,0,0,2019,29309,31425,62753,202,2931,3143,6275,1817,26378,28283,56478,13,10405,0,10418,0,71,11,82,0,29146,0,29146,13,39622,11,39646,1,150,0,141,13,10405,0,10418,1805,2799,28283,4603,,,,,,,0,0,0,,,,,0,0,28195,28283,0,,0,,0,,,,,,,,28195,28283
524,RAJASTHAN,BUNDI,,729,720,0,723,150555,273463,0,424018,125982,550000,6254,12254,0,18508,305,,0,305,5960,610,0,6570,2072,4587,0,6658,1228,1103,0,2331,1391,284,,1675,,,,,,,,,17209,18838,0,36047,,,,,,,,,,,,0,,,,0,0,0,0,0,0,0,0,0,0,0,0,0,0,0,0,0,17209,18838,0,36047,1721,1596,0,3317,15488,17242,0,32730,1028,2892,,3920,0,66,,66,8324,19080,,27404,9352,22039,,31390,60,128,,96,1028,2892,0,3920,6136,294,0,6430,,,,,,,0,0,0,,,,,0,0,32730,0,0,,0,,0,,,,,,,,32730,0
525,RAJASTHAN,CHITTAURGARH,,783,811,0,808,63932,519457,0,583389,204611,788000,2546,20828,0,23375,362,,0,362,0,1,0,1,1034,8913,0,9947,0,1098,0,1098,16,,,16,,,,,,,,,3958,30840,0,34798,,,,,,,,,,,,0,,,,0,0,0,0,0,0,0,0,0,0,0,0,0,0,0,0,0,3958,30840,0,34798,396,3084,0,3480,3562,27756,0,31318,389,1928,,2317,0,107,,107,5228,43041,,48269,5617,45076,,50693,158,162,,162,389,1928,0,2317,98,0,0,98,,,,,,,0,0,0,,,,,0,0,31318,0,0,,0,,0,,,,,,,,31318,0
526,RAJASTHAN,CHURU,,0,409,95,213,0,519180,860121,1379301,0,1379301,0,16252,5486,21738,0,,0,0,0,0,0,0,0,558,0,558,0,0,0,0,,,,,,,,,,,,,0,16811,5486,22297,,,,,,,,,,,,0,,,,0,0,0,0,0,0,0,0,0,0,0,0,0,0,0,0,0,0,16811,5486,22297,0,1269,549,1818,0,15542,4937,20479,,3790,0,3790,,5,0,5,,16235,0,16235,,20029,0,20029,,129,0,129,0,3790,0,3790,0,1651,4937,1651,,,,,,,0,0,0,,,,,0,0,15542,4937,0,,0,,0,,,,,,,,15542,4937
527,RAJASTHAN,DAUSA,,0,676,0,676,0,308562,0,308562,33455,342017,0,24125,0,24125,0,,0,0,0,0,0,0,0,2343,0,2343,,563,,563,,951,,951,,,,,,,,,0,27982,0,27982,,,,,,,,,,,,0,,,,0,0,0,0,0,0,0,0,0,0,0,0,0,0,0,0,0,0,27982,0,27982,0,2798,0,2798,0,25184,0,25184,,11726,,11726,,3,,3,,46860,,46860,,58589,,58589,,233,,233,0,11727,0,11727,0,0,0,0,,,,,,,0,0,0,,,,,0,0,25184,0,0,,0,,0,,,,,,,,25184,0
528,RAJASTHAN,DHAULPUR,,764,719,0,721,8111,240415,0,248526,52379,300905,772,21094,0,21867,28,,0,28,189,670,0,859,770,4914,0,5684,51,186,0,237,,,,,,,,,,,,,1810,26864,0,28674,,,,,,,,,,,,0,,,,0,0,0,0,0,0,0,0,0,0,0,0,0,0,0,0,0,1810,26864,0,28674,181,2686,0,2867,1629,24178,0,25807,382,4433,,4815,0,16,,16,3078,27712,,30791,3460,32161,,35621,212,133,,138,382,4433,0,4815,0,1291,0,1291,,,,,,,0,0,0,,,,,0,0,25807,0,0,,0,,0,,,,,,,,25807,0
529,RAJASTHAN,DUNGARPUR,,806,777,0,779,24128,239285,0,263413,113664,377077,697,8193,0,8890,99,,0,99,273,6319,0,6592,170,2717,0,2887,468,3762,0,4230,,,,,,,,,,,,,1707,20990,0,22697,,,,,,,,,,,,0,,,,0,0,0,0,0,0,0,0,0,0,0,0,0,0,0,0,0,1707,20990,0,22697,171,2099,0,2270,1536,18891,0,20427,96,806,,902,0,1,,1,681,10918,,11599,777,11725,,12502,51,62,,61,96,806,0,902,759,7166,0,7925,,,,,,,0,0,0,,,,,0,0,20427,0,0,,0,,0,,,,,,,,20427,0
530,RAJASTHAN,GANGANAGAR,,261,0,250,251,151118,0,963041,1114159,0,1114159,6026,0,38201,44228,23426,,,23426,15812,0,62752,78564,2839,0,0,2839,0,0,259,259,,,,,,,,,,,,,48103,0,101212,149316,,,,,,,,,,,,0,,,,0,0,0,0,0,0,0,0,0,0,0,0,0,0,0,0,0,48103,0,101212,149316,4810,0,8890,13700,43293,0,92323,135616,44,,38,82,39,,0,39,17396,,17006,34402,17478,,17044,34523,40,,18,40,44,0,38,44,25815,0,75278,25815,,,,,,,0,0,0,,,,,0,0,43293,92323,0,,0,,0,,,,,,,,43293,92323
531,RAJASTHAN,HANUMANGARH,,311,0,324,322,127850,0,830110,957960,0,957960,6618,0,36935,43553,3132,,,3132,13115,0,36660,49775,0,0,0,0,0,0,470,470,,,,,,,,,,,,,22866,0,74065,96930,,,,,,,,,,,,0,,,,0,0,0,0,0,0,0,0,0,0,0,0,0,0,0,0,0,22866,0,74065,96930,2287,0,6221,8507,20579,0,67844,88423,1590,,327,1916,200,,0,200,11659,,34950,46609,13449,,35276,48725,65,,52,65,1590,0,327,1590,7130,0,33470,7130,,,,,,,0,0,0,,,,,0,0,20579,67844,0,,0,,0,,,,,,,,20579,67844
532,RAJASTHAN,JAIPUR,,0,611,596,610,0,999466,34006,1033472,72672,1106144,0,68045,1549,69595,,,,,0,0,0,0,0,9955,0,9955,0,824,0,824,0,66,,66,0,0,0,0,0,0,0,0,0,78891,1549,80440,,,,,,,,,,,,0,,,,0,0,0,0,0,0,0,0,0,0,0,0,0,0,0,0,0,0,78891,1549,80440,0,7513,155,7668,0,71378,1394,72772,,42974,0,42974,,1663,0,1663,,110263,0,110263,,154900,0,154900,,217,0,217,0,42974,0,42974,0,0,1394,0,,,,,,,0,0,0,,,,,0,0,71378,1394,0,,0,,0,,,,,,,,71378,1394
533,RAJASTHAN,JAISALMER,,0,203,217,213,0,1209004,2605496,3814500,0,3814500,0,9344,23742,33086,0,,20490,20490,0,0,0,0,0,1339,0,1339,,,,,,,,,0,0,0,0,0,0,0,0,0,10683,44232,54915,,,,,,,,,,,,0,,,,0,0,0,0,0,0,0,0,0,0,0,0,0,0,0,0,0,0,10683,44232,54915,0,1068,4423,5491,0,9614,39809,49423,,4163,836,4999,,7,0,7,,26773,4580,31353,,30943,5416,36359,,322,14,322,0,4163,836,4163,0,0,34393,0,,,,,,,0,0,0,,,,,0,0,9614,39809,0,,0,,0,,,,,,,,9614,39809
534,RAJASTHAN,JALOR,,456,490,462,478,202500,620310,202343,1025153,38847,1064000,7721,31772,10252,49745,503,,179,681,3920,0,529,4449,1597,3139,530,5266,,,,,,,,,,,,,,,,,13741,34911,11490,60142,,,,,,,,,,,,0,,,,0,0,0,0,0,0,0,0,0,0,0,0,0,0,0,0,0,13741,34911,11490,60142,1065,2931,1149,5145,12676,31980,10341,54997,236,4159,193,4588,0,3,0,3,13124,62030,2623,77777,13360,66192,2816,82368,105,207,27,178,236,4159,193,4395,315,0,7525,315,,,,,,,0,0,0,,,,,0,0,44656,10341,0,,0,,0,,,,,,,,44656,10341
535,RAJASTHAN,JHALAWAR,,965,980,0,979,32062,577564,0,609626,24096,633722,1738,38945,0,40683,9,,,9,734,0,0,734,1763,11288,0,13051,2904,1709,,4613,0,0,0,0,,,,,,,,,7148,51942,0,59091,,,,,,,,,,,,0,,,,0,0,0,0,0,0,0,0,0,0,0,0,0,0,0,0,0,7148,51942,0,59091,567,4988,0,5555,6582,46954,0,53536,1037,3164,,4201,0,0,,0,6625,45884,,52508,7662,49048,,56710,116,104,,106,1037,3164,0,4201,1351,5566,0,6917,,,,,,,0,0,0,,,,,0,0,53536,0,0,,0,,0,,,,,,,,53536,0
536,RAJASTHAN,JHUNJHUNU,,0,507,496,507,0,527369,11978,539347,49237,588584,0,22871,475,23346,0,,0,0,0,0,0,0,0,1765,5,1770,0,0,0,0,0,294,0,294,,,,,,,,,0,24929,480,25409,,,,,,,,,,,,0,,,,0,0,0,0,0,0,0,0,0,0,0,0,0,0,0,0,0,0,24929,480,25409,0,2493,48,2541,0,22436,432,22868,,15195,63,15258,,564,0,564,,35294,98,35392,,51053,161,51213,,228,37,228,0,15195,63,15195,0,0,271,0,,,,,,,0,0,0,,,,,0,0,22436,432,0,,0,,0,,,,,,,,22436,432
537,RAJASTHAN,JODHPUR,,0,326,349,330,0,1853131,365841,2218972,6028,2225000,0,37628,9773,47402,0,,0,0,0,0,0,0,0,4042,22,4063,0,60,0,60,0,0,0,0,,,,,,,,,0,41730,9795,51525,,,,,,,,,,,,0,,,,0,0,0,0,0,0,0,0,0,0,0,0,0,0,0,0,0,0,41730,9795,51525,0,3651,980,4631,0,38079,8816,46894,,15817,221,16038,,678,130,807,,80593,294,80887,,97088,645,97733,,255,7,255,0,15817,221,15817,0,185,8171,185,,,,,,,0,0,0,,,,,0,0,38079,8816,0,,0,,0,,,,,,,,38079,8816
538,RAJASTHAN,KARAULI,,711,716,0,716,29455,360787,0,390242,177048,567290,2558,28058,0,30615,,,,,0,0,0,0,839,3232,0,4071,58,233,,291,1,1348,,1349,,,,,,,,,3456,32870,0,36326,,,,,,,,,,,,0,,,,0,0,0,0,0,0,0,0,0,0,0,0,0,0,0,0,0,3456,32870,0,36326,346,3287,0,3633,3110,29583,0,32693,416,5165,,5582,0,0,,0,4947,38345,,43292,5364,43510,,48874,172,147,,149,416,5165,0,5582,0,2076,0,2076,,,,,,,0,0,0,,,,,0,0,32693,0,0,,0,,0,,,,,,,,32693,0
539,RAJASTHAN,KOTA,,795,851,0,827,215015,297302,0,512317,8077,520394,13653,15297,0,28950,51,,,51,12459,0,0,12459,4630,5695,0,10324,132,549,,681,0,0,0,0,0,0,0,0,0,0,0,0,30924,21541,0,52465,,,,,,,,,,,,0,,,,0,0,0,0,0,0,0,0,0,0,0,0,0,0,0,0,0,30924,21541,0,52465,3092,2154,0,5247,27832,19387,0,47219,5054,4942,,9995,0,181,,181,19635,22595,,42231,24689,27718,,52407,89,143,,111,5054,4942,0,9995,3963,5,0,3968,,,,,,,0,0,0,,,,,0,0,47219,0,0,,0,,0,,,,,,,,47219,0
540,RAJASTHAN,NAGAUR,,0,443,451,443,0,1640364,131462,1771826,0,1771826,0,60053,5885,65938,0,,0,0,0,0,0,0,0,4687,279,4966,0,0,0,0,0,0,0,0,,,,,,,,,0,64740,6164,70904,,,,,,,,,,,,0,,,,0,,,,,,,,,,,,,,,,0,0,64740,6164,70904,0,6081,616,6697,0,58659,5547,64207,,14938,643,15581,,1148,10,1157,,93745,2728,96473,,109831,3381,113211,,187,61,187,0,14938,643,14938,0,240,2495,240,,,,,,,,,,,,,,0,0,58659,5547,0,,0,,0,,,,,,,,58659,5547
541,RAJASTHAN,PALI,,616,569,500,550,55040,681214,318885,1055139,180561,1235700,2495,27075,10950,40521,,,,,323,872,1300,2496,92,4000,249,4341,,,,,,240,,240,,,,,,,,,2912,32188,12499,47598,,,,,,,,,,,,0,,,,0,0,0,0,0,0,0,0,0,0,0,0,0,0,0,0,0,2912,32188,12499,47598,291,3219,1232,4742,2621,28969,11266,42856,110,4556,249,4914,0,21,1,22,1025,44301,3641,48968,1135,48878,3891,53904,43,169,35,158,110,4556,249,4666,1485,470,7990,1955,,,,,,,0,0,0,,,,,0,0,31589,11266,0,,0,,0,,,,,,,,31589,11266
542,RAJASTHAN,PRATAPGARH,,875,1061,0,1039,34500,260539,0,295039,140941,435980,912,14737,0,15650,206,,0,206,67,1392,0,1459,206,5073,0,5278,0,856,0,856,,,,,,,,,,,,,1391,22058,0,23448,,,,,,,,,,,,0,,,,0,,,,,,,,,,,,,,,,0,1391,22058,0,23448,139,2206,0,2345,1251,19852,0,21103,139,559,,698,0,19,,19,1093,25449,,26543,1232,26027,,27260,98,131,,129,139,559,0,698,19,948,0,967,,,,,,,0,0,0,,,,,0,0,21103,0,0,,0,,0,,,,,,,,21103,0
543,RAJASTHAN,RAJSAMAND,,645,644,0,644,25734,328275,0,354009,109537,463546,501,8303,0,8805,0,,0,0,168,417,0,585,159,1011,0,1170,741,600,0,1341,78,531,,609,,,,,,,,,1648,10863,0,12511,,,,,,,,,,,,0,,,,0,,,,,,,,,,,,,,,,0,1648,10863,0,12511,165,1086,0,1251,1483,9777,0,11260,251,2376,,2627,0,392,,392,912,9656,,10568,1163,12424,,13587,78,127,,121,251,2376,0,2627,380,260,0,640,,,,,,,0,0,0,,,,,0,0,11260,0,0,,0,,0,,,,,,,,11260,0
544,RAJASTHAN,SAWAI MADHOPUR,,684,790,0,777,50498,382352,0,432850,69215,502065,4287,29149,0,33436,,,,,0,0,0,0,1466,10004,0,11470,255,1069,,1325,2,137,,139,,,,,,,,,6010,40359,0,46369,,,,,,,,,,,,0,,,,0,0,0,0,0,0,0,0,0,0,0,0,0,0,0,0,0,6010,40359,0,46369,601,4036,0,4637,5409,36323,0,41732,1327,6524,,7850,0,0,,0,7898,47729,,55628,9225,54253,,63478,171,149,,152,1327,6524,0,7850,0,0,0,0,,,,,,,0,0,0,,,,,0,0,41732,0,0,,0,,0,,,,,,,,41732,0
545,RAJASTHAN,SIKAR,,0,521,476,521,0,726346,9346,735692,52393,788085,0,33667,354,34021,0,,0,0,0,0,0,0,0,2589,0,2589,0,2314,0,2314,0,0,0,0,,,,,,,,,0,38570,354,38925,,,,,,,,,,,,0,,,,0,0,0,0,0,0,0,0,0,0,0,0,0,0,0,0,0,0,38570,354,38925,0,3643,35,3678,0,34927,319,35246,,14829,0,14829,,221,0,221,,51782,133,51915,,66832,133,66965,,191,42,191,0,14829,0,14829,0,790,185,790,,,,,,,0,0,0,,,,,0,0,34927,319,0,,0,,0,,,,,,,,34927,319
546,RAJASTHAN,SIROHI,,0,669,0,669,0,407570,0,407570,106030,513600,0,25978,0,25978,,,,,0,0,0,0,0,4532,0,4532,,,,,0,504,0,504,,,,,,,,,0,31013,0,31013,,,,,,,,,,,,0,,,,0,0,0,0,0,0,0,0,0,0,0,0,0,0,0,0,0,0,31013,0,31013,0,3101,0,3101,0,27912,0,27912,,1986,,1986,,348,,348,,30964,,30964,,33298,,33298,,119,,119,0,1986,0,1986,0,602,0,602,,,,,,,0,0,0,,,,,0,0,27912,0,0,,0,,0,,,,,,,,27912,0
547,RAJASTHAN,TONK,,647,627,640,633,141089,417585,29500,588174,131832,720006,9904,24317,0,34220,115,,,115,2786,1235,0,4021,1688,5662,0,7350,1100,2828,0,3928,,,,,,,,,,,,,15683,34042,0,49725,,,,,,,,,,,,0,,,,0,0,0,0,0,0,0,0,0,0,0,0,0,0,0,0,0,15683,34042,0,49725,1563,3168,0,4731,14120,30874,0,44994,5458,5674,0,11132,9,27,0,36,6751,23216,82,30048,12218,28916,82,41216,87,94,0,91,5458,5674,0,11132,1903,4320,0,6222,,,,,,,0,0,0,,,,,0,0,44994,0,0,,0,,0,,,,,,,,44994,0
548,RAJASTHAN,UDAIPUR,,719,725,0,725,69678,707414,0,777092,398968,1176060,1901,19461,0,21362,746,,0,765,600,1267,0,1866,678,5307,0,5985,343,1620,0,1963,156,706,0,862,0,26,0,26,0,413,0,413,4443,28800,0,33243,,,,,,,,,,,,0,,,,0,0,0,0,0,0,0,0,0,0,0,0,0,0,0,0,0,4443,28800,0,33243,412,2880,0,3292,4031,25920,0,29951,383,3590,,3973,101,1959,,2060,2712,21229,,23941,3196,26778,,29974,79,103,,100,383,3590,0,3973,931,1013,0,1944,,,,,,,0,0,0,,,,,0,0,29951,0,0,,0,,0,,,,,,,,29951,0
549,SIKKIM,Gangtok,,0,2756,0,2756,0,35500,0,35500,31697,67197,0,6676,0,6676,,,,,0,0,0,0,0,137,0,137,,3,,3,,0,,0,,,,,,,,,0,6817,0,6817,,,,,,,,,,,,0,,,,0,,,,,,,,,,,,,,,,0,0,6817,0,6817,0,682,0,682,0,6135,0,6135,,119,,119,,6,,6,,285,,285,,410,,410,,7,,7,0,142,0,142,0,5702,0,5702,,,,,,,,,,,,,,0,0,6135,0,0,,0,,0,,,,,,,,6135,0
550,SIKKIM,Gyalsingh,,0,2042,0,2042,0,30200,0,30200,58995,89195,0,3687,0,3687,,,,,0,0,0,0,0,102,0,102,,2,,2,,,,,,,,,,,,,0,3792,0,3792,,,,,,,,,,,,0,,,,0,,,,,,,,,,,,,,,,0,0,3792,0,3792,0,379,0,379,0,3412,0,3412,,31,,31,,0,,0,,206,,206,,238,,238,,7,,7,0,36,0,36,0,3171,0,3171,,,,,,,,,,,,,,0,0,3412,0,0,,0,,0,,,,,,,,3412,0
551,SIKKIM,Mangan,,0,2739,0,2739,0,20000,0,20000,403642,423642,0,3667,0,3667,,,,,0,0,0,0,0,41,0,41,,9,,9,,,,,,,,,,,,,0,3717,0,3717,,,,,,,,,,,,0,,,,0,,,,,,,,,,,,,,,,0,0,3717,0,3717,0,372,0,372,0,3345,0,3345,,21,,21,,0,,0,,84,,84,,105,,105,,3,,3,0,23,0,23,0,3238,0,3238,,,,,,,,,,,,,,0,0,3345,0,0,,0,,0,,,,,,,,3345,0
552,SIKKIM,Namchi,,0,2204,0,2204,0,28000,0,28000,45130,73130,0,3478,0,3478,,,,,0,0,0,0,0,67,0,67,,1,,1,,,,,,,,,,,,,0,3546,0,3546,,,,,,,,,,,,0,,,,0,,,,,,,,,,,,,,,,0,0,3546,0,3546,0,355,0,355,0,3191,0,3191,,61,,61,,16,,16,,136,,136,,214,,214,,7,,7,0,70,0,70,0,2969,0,2969,,,,,,,,,,,,,,0,0,3191,0,0,,0,,0,,,,,,,,3191,0
553,SIKKIM,Pakyong,,0,2756,0,2756,0,26100,0,26100,2356,28456,0,4964,0,4964,,,,,0,0,0,0,0,58,0,58,,1,,1,,,,,,,,,,,,,0,5023,0,5023,,,,,,,,,,,,0,,,,0,,,,,,,,,,,,,,,,0,0,5023,0,5023,0,502,0,502,0,4521,0,4521,,38,,38,,61,,61,,121,,121,,220,,220,,5,,5,0,46,0,46,0,4293,0,4293,,,,,,,,,,,,,,0,0,4521,0,0,,0,,0,,,,,,,,4521,0
554,SIKKIM,Soreng,,0,2042,0,2042,0,9800,0,9800,19188,28988,0,1240,0,1240,,,,,0,0,0,0,0,31,0,31,,1,,1,,,,,,,,,,,,,0,1271,0,1271,,,,,,,,,,,,0,,,,0,,,,,,,,,,,,,,,,0,0,1271,0,1271,0,127,0,127,0,1144,0,1144,,27,,27,,0,,0,,63,,63,,90,,90,,8,,8,0,31,0,31,0,1050,0,1050,,,,,,,,,,,,,,0,0,1144,0,0,,0,,0,,,,,,,,1144,0
555,TAMILNADU,ARIYALUR,,0,988,0,988,0,192659,0,192659,739,193398,0,19448,0,19448,9667,,0,9667,0,2100,0,2100,0,6070,0,6070,0,393,0,393,0,3364,0,3364,,,,,,,,,9667,31376,0,41042,,,,,,,,,,,,0,,,,0,,,,,,,,,,,,,,,,0,9667,31376,0,41042,967,2735,0,3701,8700,28641,0,37341,,1933,,1933,,84,,84,,16088,,16088,,18106,,18106,,63,,48,0,2045,0,2045,8700,10594,0,19294,,,,,,,,,,,,,,0,0,37341,0,0,,0,,0,,,,,,,,37341,0
556,TAMILNADU,CHENGALPATTU,,0,1274,0,1274,0,242415,0,242415,20175,262590,0,22925,0,22925,83,,,83,0,27205,0,27205,0,9626,0,9626,0,4273,0,4273,0,4980,0,4980,,,,,,,,,83,69010,0,69092,,,,,,,,,,,,0,,,,0,,,,,,,,,,,,,,,,0,83,69010,0,69092,8,6242,0,6250,74,62768,0,62842,,763,,763,,536,,536,,39066,,39066,,40365,,40365,,64,,64,0,1620,0,1620,74,21710,0,21784,,,,,,,,,,,,,,0,0,62842,0,0,,0,,0,,,,,,,,62842,0
557,TAMILNADU,CHENNAI,,0,1453,0,1453,0,44628,0,44628,0,44628,0,7644,0,7644,138,,0,138,0,14,0,14,0,40,0,40,0,298,0,298,0,1664,0,1664,,,,,,,,,138,9659,0,9796,,,,,,,,,,,,0,,,,0,,,,,,,,,,,,,,,,0,138,9659,0,9796,14,865,0,879,124,8793,0,8917,,9340,,9340,,1345,,1345,,169,,169,,10854,,10854,,123,,122,0,9577,0,9577,124,681,0,805,,,,,,,,,,,,,,0,0,8917,0,0,,0,,0,,,,,,,,8917,0
558,TAMILNADU,COIMBATORE,,1028,967,0,972,29883,330568,0,360451,6647,367098,2483,27928,0,30411,13168,,,13168,1481,914,0,2395,0,12649,0,12649,330,0,0,330,3327,20,0,3347,,,,,,,,,20790,41510,0,62300,,,,,,,,,,,,0,,,,0,,,,,,,,,,,,,,,,0,20790,41510,0,62300,2079,3936,0,6015,18711,37574,0,56285,0,1525,,1525,0,1627,,1627,0,48544,,48544,0,51696,,51696,0,138,,92,0,1892,0,1892,18711,2666,0,21377,,,,,,,,,,,,,,144962,0,201247,0,0,,0,,0,,,,,,,,201247,0
559,TAMILNADU,CUDDALORE,,0,1273,0,1273,0,363278,0,363278,1396,364674,0,58683,0,58683,3345,,0,3345,0,33627,0,33627,0,14089,0,14089,0,2137,0,2137,0,5917,0,5917,,,,,,,,,3345,114453,0,117797,,,,,,,,,,,,0,,,,0,,,,,,,,,,,,,,,,0,3345,114453,0,117797,334,10519,0,10854,3010,103933,0,106944,,1780,,1780,,84,,84,,65822,,65822,,67686,,67686,,65,,63,0,3620,0,3620,3010,42991,0,46001,,,,,,,,,,,,,,0,0,106944,0,0,,0,,0,,,,,,,,106944,0
560,TAMILNADU,DHARMAPURI,,0,869,0,869,0,285600,0,285600,57399,342999,0,25096,0,25096,150,,,150,0,0,0,0,0,16861,0,16861,0,232,0,232,0,10658,0,10658,,,,,,,,,150,52847,0,52997,,,,,,,,,,,,0,,,,0,,,,,,,,,,,,,,,,0,150,52847,0,52997,15,5040,0,5055,135,47807,0,47942,,763,,763,,48,,48,,42153,,42153,,42964,,42964,,90,,90,0,1716,0,1716,135,7714,0,7849,,,,,,,,,,,,,,0,0,47942,0,0,,0,,0,,,,,,,,47942,0
561,TAMILNADU,DINDIGUL,,0,854,0,854,0,487741,0,487741,138923,626664,0,25198,0,25198,5832,,,5832,0,3675,0,3675,0,21288,0,21288,0,267,0,267,0,3260,0,3260,,,,,,,,,5832,53688,0,59521,,,,,,,,,,,,0,,,,0,,,,,,,,,,,,,,,,0,5832,53688,0,59521,583,5303,0,5886,5249,48385,0,53635,,1743,,1743,,430,,430,,60822,,60822,,62994,,62994,,130,,117,0,5026,0,5026,5249,3865,0,9114,,,,,,,,,,,,,,0,0,53635,0,0,,0,,0,,,,,,,,53635,0
562,TAMILNADU,ERODE,,0,713,0,713,0,346340,0,346340,1425,347765,0,17692,0,17692,14508,,0,14508,0,35349,0,35349,0,21344,0,21344,0,359,0,359,0,1862,0,1862,,,,,,,,,14508,76606,0,91114,,,,,,,,,,,,0,,,,0,,,,,,,,,,,,,,,,0,14508,76606,0,91114,1451,7489,0,8939,13057,69117,0,82175,,925,,925,,1198,,1198,,60982,,60982,,63104,,63104,,91,,77,0,4262,0,4262,13057,12798,0,25855,,,,,,,,,,,,,,0,0,82175,0,0,,0,,0,,,,,,,,82175,0
563,TAMILNADU,KALLAKURICHCHI,,0,1048,0,1048,0,257923,0,257923,57622,315545,0,25911,0,25911,1151,,,1151,0,9294,0,9294,0,16763,0,16763,0,2724,0,2724,0,8872,0,8872,,,,,,,,,1151,63564,0,64715,,,,,,,,,,,,0,,,,0,,,,,,,,,,,,,,,,0,1151,63564,0,64715,115,5581,0,5696,1036,57983,0,59019,,630,,630,,37,,37,,47166,,47166,,47833,,47833,,82,,81,0,1736,0,1736,1036,12272,0,13308,,,,,,,,,,,,,,0,0,59019,0,0,,0,,0,,,,,,,,59019,0
564,TAMILNADU,KANCHEEPURAM,,0,1245,0,1245,0,166794,0,166794,3685,170479,0,18510,0,18510,51,,,51,0,21673,0,21673,0,6107,0,6107,0,2812,0,2812,0,9993,0,9993,,,,,,,,,51,59096,0,59147,,,,,,,,,,,,0,,,,0,,,,,,,,,,,,,,,,0,51,59096,0,59147,5,5599,0,5604,46,53497,0,53543,,324,,324,,1214,,1214,,24650,,24650,,26188,,26188,,49,,49,0,1059,0,1059,46,26836,0,26882,,,,,,,,,,,,,,0,0,53543,0,0,,0,,0,,,,,,,,53543,0
565,TAMILNADU,KANNIYAKUMARI,,0,1293,0,1293,0,113045,0,113045,4772,117817,0,10839,0,10839,11851,,,11851,0,7278,0,7278,0,823,0,823,0,942,0,942,0,4172,0,4172,,,,,,,,,11851,24054,0,35905,,,,,,,,,,,,0,,,,0,,,,,,,,,,,,,,,,0,11851,24054,0,35905,1185,2405,0,3590,10666,21649,0,32315,,1051,,1051,,141,,141,,3256,,3256,,4449,,4449,,21,,14,0,1278,0,1278,10666,17066,0,27732,,,,,,,,,,,,,,76945,0,109260,0,0,,0,,0,,,,,,,,109260,0
566,TAMILNADU,KARUR,,0,645,0,645,0,283370,0,283370,6187,289557,0,13487,0,13487,6738,,,6738,0,2424,0,2424,0,8541,0,8541,0,59,0,59,0,1100,0,1100,,,,,,,,,6738,25611,0,32349,,,,,,,,,,,,0,,,,0,,,,,,,,,,,,,,,,0,6738,25611,0,32349,674,2476,0,3150,6064,23135,0,29199,,525,,525,,452,,452,,29133,,29133,,30110,,30110,,130,,103,0,1259,0,1259,6064,11,0,6075,,,,,,,,,,,,,,0,0,29199,0,0,,0,,0,,,,,,,,29199,0
567,TAMILNADU,KRISHNAGIRI,,0,793,0,793,0,310361,0,310361,97195,407556,0,20711,0,20711,101,,,101,0,5852,0,5852,0,18285,0,18285,0,439,0,439,0,10433,0,10433,,,,,,,,,101,55719,0,55821,,,,,,,,,,,,0,,,,0,,,,,,,,,,,,,,,,0,101,55719,0,55821,10,5339,0,5349,91,50380,0,50471,,465,,465,,764,,764,,45395,,45395,,46623,,46623,,93,,92,0,2321,0,2321,91,7317,0,7408,,,,,,,,,,,,,,4809721,0,4860192,0,0,,0,,0,,,,,,,,4860192,0
568,TAMILNADU,MADURAI,,0,867,0,867,0,325647,0,325647,36021,361668,0,26193,0,26193,9421,,,9421,0,8732,0,8732,0,17472,0,17472,0,4964,0,4964,0,11374,0,11374,,,,,,,,,9421,68736,0,75950,,,,,,,,,,,,0,,,,0,,,,,,,,,,,,,,,,0,9421,68736,0,75950,721,6666,0,7388,8700,62070,0,70769,,4570,,4570,,3359,,3359,,41950,,41950,,49879,,49879,,80,,70,0,6292,0,6292,8700,13974,0,22674,,,,,,,,,,,,,,0,0,70769,0,0,,0,,0,,,,,,,,70769,0
569,TAMILNADU,MAYILADUTHURAI,,0,1360,935,1327,0,107324,8932,116256,1102,117358,0,13769,400,14169,116,,0,116,0,26605,589,27194,0,4620,51,4671,0,18,0,18,0,336,0,336,,,,,,,,,116,45348,1040,46505,,,,,,,,,,,,0,,,,0,,,,,,,,,,,,,,,,0,116,45348,1040,46505,12,4535,104,4650,104,40813,936,41854,,1410,0,1410,,0,0,0,,46309,7207,53515,,47719,7207,54925,,117,770,117,0,6703,0,6703,104,2729,0,2834,,,,,,,,,,,,,,0,0,40918,936,0,,0,,0,,,,,,,,40918,936
570,TAMILNADU,NAGAPATTINAM,,0,0,1363,1363,0,0,150694,150694,3531,154225,0,0,24215,24215,,,0,0,0,0,46619,46619,0,0,923,923,0,0,0,0,0,0,0,0,,,,,,,,,0,0,71758,71758,,,,,,,,,,,,0,,,,0,,,,,,,,,,,,,,,,0,0,0,71758,71758,0,0,7176,7176,0,0,64582,64582,,,610,610,,,3081,3081,,,27808,27808,,,31499,31499,,,49,0,0,0,610,0,0,0,47395,0,,,,,,,,,,,,,,0,0,0,64582,0,,0,,0,,,,,,,,0,64582
571,TAMILNADU,NAMAKKAL,,0,707,0,707,0,292810,0,292810,1401,294212,0,25473,0,25473,7512,,0,7512,0,3843,0,3843,0,20828,0,20828,0,512,0,512,0,0,0,0,,,,,,,,,7512,50655,0,58167,0,0,0,0,,,,,0,0,0,0,0,0,0,0,0,0,0,0,0,0,0,0,0,0,0,0,0,0,0,0,7512,50655,0,58167,751,4983,0,5734,6761,45673,0,52434,,1044,,1044,,589,,589,,59114,,59114,,60747,,60747,,133,,116,0,2121,0,2121,6761,2221,0,8982,,,,,,,0,0,0,,,,,0,0,52434,0,0,,0,,0,,,,,,,,52434,0
572,TAMILNADU,PERAMBALUR,,0,894,0,894,0,159454,0,159454,9242,168696,0,10719,0,10719,6924,,,6924,0,0,0,0,0,8856,0,8856,0,87,0,87,0,2298,0,2298,,,,,,,,,6924,21960,0,28884,,,,,,,,,,,,0,,,,0,,,,,,,,,,,,,,,,0,6924,21960,0,28884,692,2196,0,2888,6231,19764,0,25995,,505,,505,,42,,42,,26970,,26970,,27517,,27517,,139,,106,0,946,0,946,6231,1719,0,7950,,,,,,,,,,,,,,0,0,25995,0,0,,0,,0,,,,,,,,25995,0
573,TAMILNADU,PUDUKKOTTAI,,0,834,874,835,0,428031,15296,443327,7467,450794,0,32431,1712,34143,12218,,0,12218,0,24269,2614,26883,0,14030,6,14036,0,5734,451,6186,0,18211,1760,19971,,,,,,,,,12218,94676,6543,113437,,,,,,,,,,,,0,,,,0,,,,,,,,,,,,,,,,0,12218,94676,6543,113437,1222,9468,654,11344,10997,85208,5889,102094,,1067,2,1069,,602,0,602,,45772,19,45791,,47441,21,47462,,56,0,49,0,2203,45,2203,10997,36703,5825,47699,,,,,,,,,,,,,,0,0,96205,5889,0,,0,,0,,,,,,,,96205,5889
574,TAMILNADU,RAMANATHAPURAM,,0,785,722,771,0,313721,95236,408957,0,408957,0,16377,5403,21780,0,,0,0,0,25133,5964,31097,0,788,395,1183,0,6442,658,7100,0,12205,0,12205,,,,,,,,,0,60945,12419,73364,,,,,,,,,,,,0,,,,0,,,,,,,,,,,,,,,,0,0,60945,12419,73364,0,6095,1242,7336,0,54850,11177,66028,,264,68,332,,69,7,76,,5698,1596,7294,,6030,1672,7702,,11,15,11,0,1372,433,1372,0,47712,9140,47712,,,,,,,,,,,,,,0,0,54850,11177,0,,0,,0,,,,,,,,54850,11177
575,TAMILNADU,RANIPET,,0,1040,0,1040,0,175599,0,175599,2,175601,0,15092,0,15092,17,,,17,0,1405,0,1405,0,9249,0,9249,0,2849,0,2849,0,4345,0,4345,,,,,,,,,17,32939,0,32956,,,,,,,,,,,,0,,,,0,,,,,,,,,,,,,,,,0,17,32939,0,32956,2,2833,0,2834,15,30107,0,30122,,1454,,1454,,1245,,1245,,22763,,22763,,25463,,25463,,85,,85,0,2341,0,2341,15,4932,0,4947,,,,,,,,,,,,,,0,0,30122,0,0,,0,,0,,,,,,,,30122,0
576,TAMILNADU,SALEM,,0,883,0,883,0,394848,0,394848,22578,417427,0,20771,0,20771,9843,,0,9843,0,1339,0,1339,0,18141,0,18141,0,1172,0,1172,0,1481,0,1481,,,,,,,,,9843,42904,0,52747,,,,,,,,,,,,0,,,,0,,,,,,,,,,,,,,,,0,9843,42904,0,52747,984,4232,0,5216,8859,38672,0,47531,,1062,,1062,,344,,344,,68714,,68714,,70120,,70120,,181,,148,0,2615,0,2615,8859,873,0,9732,,,,,,,,,,,,,,0,0,47531,0,0,,0,,0,,,,,,,,47531,0
577,TAMILNADU,SIVAGANGAI,,0,885,0,885,0,403262,0,403262,15639,418900,0,36304,0,36304,1691,,,1691,0,32059,0,32059,0,3414,0,3414,0,4537,0,4537,0,0,0,0,,,,,,,,,1691,76314,0,78006,,,,,,,,,,,,0,,,,0,,,,,,,,,,,,,,,,0,1691,76314,0,78006,169,7408,0,7577,1522,68906,0,70428,,1431,,1431,,260,,260,,16647,,16647,,18338,,18338,,27,,26,0,5161,0,5161,1522,46837,0,48360,,,,,,,,,,,,,,0,0,70428,0,0,,0,,0,,,,,,,,70428,0
578,TAMILNADU,TENKASI,,0,811,0,811,0,244244,0,244244,43999,288244,0,13957,0,13957,15919,,,15919,0,16144,0,16144,0,10941,0,10941,0,2219,0,2219,,363,,363,,,,,,,,,15919,43624,0,59542,,,,,,,,,,,,0,,,,0,,,,,,,,,,,,,,,,0,15919,43624,0,59542,1592,4285,0,5877,14327,39339,0,53666,,896,,896,,187,,187,,39827,,39827,,40910,,40910,,104,,76,0,2500,0,2500,14327,6978,0,21305,,,,,,,,,,,,,,65504,0,119169,0,0,,0,,0,,,,,,,,119169,0
579,TAMILNADU,THANJAVUR,,0,1033,0,1033,0,339470,0,339470,188,339658,0,63022,0,63022,4335,,0,4335,0,26419,0,26419,0,19024,0,19024,,1864,,1864,0,1313,0,1313,,,,,,,,,4335,111642,0,115977,,,,,,,,,,,,0,,,,0,,,,,,,,,,,,,,,,0,4335,111642,0,115977,434,10973,0,11406,3901,100669,0,104571,,8726,,8726,,768,,768,,95958,,95958,,105453,,105453,,105,,101,0,9067,0,9067,3901,9719,0,13621,,,,,,,,,,,,,,0,0,104571,0,0,,0,,0,,,,,,,,104571,0
580,TAMILNADU,THE NILGIRIS,,0,1802,0,1802,0,111972,0,111972,142512,254485,0,7435,0,7435,164,,,164,0,0,0,0,0,222,0,222,0,0,0,0,0,141,0,141,,,,,,,,,164,7798,0,7962,,,,,,,,,,,,0,,,,0,,,,,,,,,,,,,,,,0,164,7798,0,7962,16,780,0,796,148,7018,0,7166,,210,,210,,52,,52,,654,,654,,916,,916,,13,,13,0,9940,0,9940,148,4219,0,4366,,,,,,,,,,,,,,0,0,7166,0,0,,0,,0,,,,,,,,7166,0
581,TAMILNADU,THENI,,0,760,0,760,0,189417,0,189417,68237,257654,0,7569,0,7569,5895,,,5895,0,7919,0,7919,0,6796,0,6796,0,177,0,177,0,1619,0,1619,,,,,,,,,5895,24079,0,29974,,,,,,,,,,,,0,,,,0,,,,,,,,,,,,,,,,0,5895,24079,0,29974,589,2408,0,2997,5305,21671,0,26977,,701,,701,,127,,127,,21732,,21732,,22560,,22560,,104,,84,0,1006,0,1006,5305,2610,0,7915,,,,,,,,,,,,,,0,0,26977,0,0,,0,,0,,,,,,,,26977,0
582,TAMILNADU,THIRUVARUR,,0,1198,1266,1210,0,169945,37312,207257,2452,209709,0,18723,5671,24393,2884,,0,2884,0,28553,29680,58233,0,1589,22,1611,0,145,3,148,0,1428,0,1428,,,,,,,,,2884,50438,35375,88697,,,,,,,,,,,,0,,,,0,,,,,,,,,,,,,,,,0,2884,50438,35375,88697,288,5044,3538,8870,2595,45394,31838,79827,,2826,20,2847,,779,7,786,,22192,221,22413,,25798,248,26045,,57,1,54,0,9503,20,9503,2595,20273,31590,22868,,,,,,,,,,,,,,0,0,47990,31838,0,,0,,0,,,,,,,,47990,31838
583,TAMILNADU,THOOTHUKUDI,,0,621,0,621,0,459712,0,459712,3890,463602,0,23606,0,23606,20312,,,20312,0,11971,0,11971,0,5798,0,5798,0,5082,0,5082,0,19105,0,19105,,,,,,,,,20312,65562,0,85874,,,,,,,,,,,,0,,,,0,,,,,,,,,,,,,,,,0,20312,65562,0,85874,2031,6339,0,8370,18281,59223,0,77504,,465,,465,,421,,421,,20499,,20499,,21385,,21385,,36,,28,0,1765,0,1765,18281,37130,0,55411,,,,,,,,,,,,,,0,0,77504,0,0,,0,,0,,,,,,,,77504,0
584,TAMILNADU,TIRUCHIRAPPALLI,,0,751,0,751,0,403610,0,403610,17167,420777,0,22600,0,22600,15032,,0,15032,0,12625,0,12625,0,18254,0,18254,0,1832,0,1832,0,559,0,559,,,,,,,,,15032,55870,0,70902,,,,,,,,,,,,0,,,,0,,,,,,,,,,,,,,,,0,15032,55870,0,70902,1503,5156,0,6659,13528,50714,0,64243,,1159,,1159,,648,,648,,52610,,52610,,54417,,54417,,107,,85,0,3025,0,3025,13528,10034,0,23562,,,,,,,,,,,,,,0,0,64243,0,0,,0,,0,,,,,,,,64243,0
585,TAMILNADU,TIRUNELVELI,,0,965,0,965,0,303848,0,303848,83758,387606,0,21872,0,21872,31391,,0,31391,0,20166,0,20166,0,12246,0,12246,0,1594,0,1594,0,424,0,424,,,,,,,,,31391,56302,0,87693,,,,,,,,,,,,0,,,,0,,,,,,,,,,,,,,,,0,31391,56302,0,87693,3139,5553,0,8692,28252,50749,0,79001,,740,,740,,126,,126,,31514,,31514,,32381,,32381,,64,,41,0,1340,0,1340,28252,18468,0,46720,,,,,,,,,,,,,,85507,0,164508,0,0,,0,,0,,,,,,,,164508,0
586,TAMILNADU,TIRUPATHUR,,0,801,0,801,0,110881,0,110881,5300,116181,0,5699,0,5699,0,,,0,0,0,0,0,0,4066,0,4066,0,124,0,124,0,890,0,890,,,,,,,,,0,10779,0,10779,,,,,,,,,,,,0,,,,0,,,,,,,,,,,,,,,,0,0,10779,0,10779,0,1066,0,1066,0,9713,0,9713,,492,,492,,31,,31,,13354,,13354,,13877,,13877,,143,,143,0,2236,0,2236,0,158,0,158,,,,,,,,,,,,,,0,0,9713,0,0,,0,,0,,,,,,,,9713,0
587,TAMILNADU,TIRUPPUR,,0,632,0,632,0,471391,0,471391,1238,472629,0,18724,0,18724,17449,,,17449,0,8958,0,8958,0,18570,0,18570,0,380,0,380,0,6153,0,6153,,,,,,,,,17449,52785,0,70234,,,,,,,,,,,,0,,,,0,,,,,,,,,,,,,,,,0,17449,52785,0,70234,1745,5081,0,6826,15704,47704,0,63408,,597,,597,,842,,842,,53056,,53056,,54495,,54495,,114,,86,0,3582,0,3582,15704,2642,0,18346,,,,,,,,,,,,,,213061,0,276469,0,0,,0,,0,,,,,,,,276469,0
588,TAMILNADU,TIRUVALLUR,,0,1236,1301,1238,0,297300,6919,304219,19736,323955,0,51660,1091,52751,1598,,1,1598,0,5473,12,5485,0,11764,80,11844,0,7281,116,7397,0,4296,64,4360,,,,,,,,,1598,80473,1365,83435,,,,,,,,,,,,0,,,,0,,,,,,,,,,,,,,,,0,1598,80473,1365,83435,160,6665,137,6961,1438,73807,1228,76474,,2093,45,2138,,1324,2,1325,,38258,504,38762,,41675,550,42226,,56,45,55,0,7372,70,7372,1438,27580,653,29018,,,,,,,,,,,,,,0,0,75245,1228,0,,0,,0,,,,,,,,75245,1228
589,TAMILNADU,TIRUVANNAMALAI,,0,1073,0,1073,0,478395,0,478395,1010,479405,0,29087,0,29087,980,,,980,0,13557,0,13557,0,30677,0,30677,0,18551,0,18551,0,19451,0,19451,,,,,,,,,980,111323,0,112303,,,,,,,,,,,,0,,,,0,,,,,,,,,,,,,,,,0,980,111323,0,112303,98,10647,0,10745,882,100676,0,101558,,7581,,7581,,3010,,3010,,76693,,76693,,87284,,87284,,87,,86,0,8421,0,8421,882,17746,0,18628,,,,,,,,,,,,,,2198870,0,2300428,0,0,,0,,0,,,,,,,,2300428,0
590,TAMILNADU,VELLORE,,0,971,0,971,0,131693,0,131693,331,132024,0,7848,0,7848,9,,,9,0,2,0,2,0,7479,0,7479,0,841,0,841,0,4014,0,4014,,,,,,,,,9,20185,0,20194,,,,,,,,,,,,0,,,,0,,,,,,,,,,,,,,,,0,9,20185,0,20194,1,2019,0,2019,8,18166,0,18174,,1168,,1168,,283,,283,,20676,,20676,,22128,,22128,,122,,122,0,2909,0,2909,8,657,0,665,,,,,,,,,,,,,,0,0,18174,0,0,,0,,0,,,,,,,,18174,0
591,TAMILNADU,VILLUPURAM,,0,1063,0,1043,0,369944,7284,377228,1941,379169,0,44076,0,44076,248,,,248,0,11633,0,11633,0,28391,0,28391,0,6298,0,6298,0,13803,0,13803,,,,,,,,,248,104201,0,104449,,,,,,,,,,,,0,,,,0,,,,,,,,,,,,,,,,0,248,104201,0,104449,25,9951,0,9976,223,94250,0,94473,,1130,0,1130,,53,0,53,,79432,0,79432,,80616,0,80616,,86,0,85,0,3527,0,3527,223,15497,0,15719,,,,,,,,,,,,,,0,0,94473,0,0,,0,,0,,,,,,,,94473,0
592,TAMILNADU,VIRUDHUNAGAR,,0,778,0,778,0,400189,0,400189,32752,432941,0,13063,0,13063,5271,,,5271,0,18346,0,18346,0,8236,0,8236,0,2715,0,2715,0,10273,0,10273,,,,,,,,,5271,52633,0,57903,,,,,,,,,,,,0,,,,0,,,,,,,,,,,,,,,,0,5271,52633,0,57903,527,5186,0,5713,4744,47446,0,52190,,434,,434,,1857,,1857,,31278,,31278,,33570,,33570,,71,,64,0,1816,0,1816,4744,14212,0,18955,,,,,,,,,,,,,,0,0,52190,0,0,,0,,0,,,,,,,,52190,0
593,TELANGANA,Adilabad,,1436,1259,0,1267,17593,363356,0,380949,34352,415300,1150,30023,,31173,76,0,,76,2043,94,,2137,293,3772,,4065,119,254,,373,3435,15086,,18522,,,,,,,,,7116,49229,,56345,,,,,,,,,,,,,,,,,,,,,,,,,,,,,,,,,7116,49229,,56345,697,4628,,5325,6419,44601,0,51020,160,3009,,3169,6,305,,311,1280,15857,,17137,1446,19171,,20617,23,43,,40,199,3646,,3845,4934,25467,,30401,,,,,,,,,,,,,,0,0,51101,0,0,,0,,0,,,,,,,,51101,0
594,TELANGANA,Bhadradri Kothagudem,,1341,1165,0,1188,92482,618361,0,710843,37391,748235,9783,56882,,66665,603,0,,603,6697,26164,,32861,352,7364,,7716,113,1526,,1639,131,2173,,2304,,,,,,,,,17679,94109,,111788,,,,,,,,,,,,,,,,,,,,,,,,,,,,,,,,,17679,94109,,111788,1704,8976,,10680,15975,85132,0,101107,743,3641,,4384,209,3404,,3613,1175,24134,,25309,2127,31179,,33306,13,37,,33,770,4101,,4871,13986,56391,,70377,,,,,,,,,,,,,,0,0,104138,0,0,,0,,0,,,,,,,,104138,0
595,TELANGANA,Hanumakonda,,1050,927,0,989,81338,79147,0,160485,6937,167422,7392,6572,,13964,584,0,,584,19844,1417,,21261,6828,3124,,9951,1546,3388,,4933,328,2364,,2693,,,,,,,,,36522,16865,,53387,,,,,,,,,,,,,,,,,,,,,,,,,,,,,,,,,36522,16865,,53387,3594,1612,,5206,32928,15253,0,48181,724,979,,1704,549,435,,984,16994,9641,,26635,18268,11055,,29322,55,72,,61,724,979,,1704,14812,5205,,20017,,,,,,,,,,,,,,0,0,48633,0,0,,0,,0,,,,,,,,48633,0
596,TELANGANA,Hyderabad,,0,828,0,828,0,21782,0,21782,0,21782,,1267,,1267,,,,,,,,,,0,,0,,400,,400,,69,,69,,4764,,4764,,282,,282,,6783,,6783,,,,,,,,,,,,,,,,,,,,,,,,,,,,,,,,,,6783,,6783,,617,,617,0,6166,0,6166,,5646,,5646,,416,,416,,0,,0,,6062,,6062,,98,,98,,5962,,5962,,1058,,1058,,,,,,,,,,,,,,71828,0,77994,0,0,,0,,0,,,,,,,,77994,0
597,TELANGANA,Jagtial,,1021,992,0,1014,202851,63864,0,266715,31764,298479,15913,4898,,20811,4827,0,,4827,37494,2890,,40384,7608,2348,,9956,705,225,,930,226,411,,637,,,,,,,,,66774,10772,,77546,,,,,,,,,,,,,,,,,,,,,,,,,,,,,,,,,66774,10772,,77546,6509,983,,7491,60265,9790,0,70055,214,87,,300,470,125,,596,18410,5832,,24242,19094,6044,,25138,32,62,,36,1761,456,,2217,39625,3401,,43025,,,,,,,,,,,,,,0,0,70070,0,0,,0,,0,,,,,,,,70070,0
598,TELANGANA,Jangaon,,871,908,0,894,83172,127541,0,210713,4657,215370,6326,11375,,17701,201,0,,201,5772,3999,,9770,2783,5242,,8025,2048,2119,,4167,452,863,,1314,,,,,,,,,17581,23597,,41178,,,,,,,,,,,,,,,,,,,,,,,,,,,,,,,,,17581,23597,,41178,1453,2025,,3479,16127,21572,0,37699,549,965,,1514,134,331,,465,7166,13268,,20434,7849,14564,,22413,49,68,,59,623,1234,,1857,8159,6925,,15084,,,,,,,,,,,,,,0,0,37699,0,0,,0,,0,,,,,,,,37699,0
599,TELANGANA,Jayashankar Bhupalapally,,1035,1086,0,1067,89252,141269,0,230520,5781,236301,9159,17326,,26485,177,0,,177,2653,3400,,6053,2312,2482,,4795,11051,3206,,14258,148,246,,394,,,,,,,,,25501,26661,,52162,,,,,,,,,,,,,,,,,,,,,,,,,,,,,,,,,25501,26661,,52162,2358,2592,,4950,23143,24069,0,47212,608,782,,1389,79,1020,,1098,8402,9321,,17722,9088,11122,,20210,39,46,,43,638,797,,1434,14178,13244,,27422,,,,,,,,,,,,,,0,0,47324,0,0,,0,,0,,,,,,,,47324,0
600,TELANGANA,Jogulamba Gadwal,,583,565,0,578,189010,71359,0,260369,672,261041,9008,3957,,12965,4333,0,,4333,22955,2184,,25139,1884,510,,2394,1679,379,,2058,708,1371,,2079,,,,,,,,,40568,8401,,48969,,,,,,,,,,,,,,,,,,,,,,,,,,,,,,,,,40568,8401,,48969,3813,818,,4630,36755,7583,0,44339,279,110,,388,119,25,,143,8138,4632,,12770,8535,4766,,13302,23,63,,30,501,179,,680,28240,3143,,31383,,,,,,,,,,,,,,0,0,59781,0,0,,0,,0,,,,,,,,59781,0
601,TELANGANA,Kamareddy,,1031,997,0,1000,30836,317995,0,348832,17846,366677,2900,30905,,33804,146,0,,146,7647,15164,,22811,1787,8766,,10553,244,1711,,1956,182,2584,,2765,,,,,,,,,12906,59130,,72036,,,,,,,,,,,,,,,,,0,0,,0,0,0,,0,0,0,,0,,,,,12906,59130,,72036,1264,5577,,6841,11643,53552,0,65195,217,806,,1023,75,562,,637,4098,27296,,31394,4391,28664,,33054,38,54,,51,320,1982,,2303,7167,29886,,37052,,,,,,,,,,,,,,129927,0,207920,0,0,,0,,0,,,,,,,,207920,0
602,TELANGANA,Karimnagar,,905,906,0,905,153428,53268,0,206696,4286,210982,12028,4850,,16878,717,0,,717,61205,2973,,64178,7025,2563,,9588,1184,698,,1881,415,149,,565,,,,,,,,,82574,11233,,93807,,,,,,,,,,,,,,,,,,,,,,,,,,,,,,,,,82574,11233,,93807,8089,1068,,9156,74485,10166,0,84651,1978,1132,,3110,971,614,,1584,17459,6050,,23508,20407,7795,,28202,27,77,,33,1999,1392,,3391,54100,2787,,56886,,,,,,,,,,,,,,0,0,84855,0,0,,0,,0,,,,,,,,84855,0
603,TELANGANA,Khammam,,1026,1051,0,1037,241020,187139,0,428159,7969,436128,20876,16064,,36939,1928,0,,1928,53064,8982,,62046,7464,6625,,14089,1466,1080,,2546,280,379,,659,,,,,,,,,85077,33130,,118207,,,,,,,,,,,,,,,,,,,,,,,,,,,,,,,,,85077,33130,,118207,8264,2996,,11260,76813,30133,0,106947,2001,1987,,3989,916,449,,1365,20442,19890,,40332,23360,22326,,45686,30,74,,43,2265,2354,,4619,53215,9386,,62601,,,,,,,,,,,,,,0,0,106947,0,0,,0,,0,,,,,,,,106947,0
604,TELANGANA,Komarambheem Asifabad,,1083,1151,0,1135,87242,289574,0,376816,52728,429544,8768,24609,,33377,7764,0,,7764,5650,5422,,11072,886,3900,,4786,679,1854,,2533,1360,1683,,3042,,,,,,,,,25108,37467,,62575,,,,,,,,,,,,,,,,,,,,,,,,,,,,,,,,,25108,37467,,62575,2362,3422,,5784,22746,34046,0,56791,100,277,,376,169,274,,442,2979,8098,,11077,3248,8648,,11896,14,25,,21,262,575,,837,19399,25149,,44548,,,,,,,,,,,,,,0,0,58669,0,0,,0,,0,,,,,,,,58669,0
605,TELANGANA,Mahabubabad,,1539,1561,0,1548,197161,137298,0,334459,9112,343571,25697,10766,,36463,664,0,,664,17064,1576,,18639,9410,1939,,11349,1465,795,,2260,1658,108,,1766,,,,,,,,,55958,15183,,71141,,,,,,,,,,,,,,,,,,,,,,,,,,,,,,,,,55958,15183,,71141,5410,1482,,6891,50548,13702,0,64250,1061,325,,1385,1500,72,,1572,25807,7499,,33306,28368,7896,,36264,56,58,,56,1345,449,,1794,22272,6076,,28347,,,,,,,,,,,,,,0,0,64250,0,0,,0,,0,,,,,,,,64250,0
606,TELANGANA,Mahabubnagar,,0,649,0,649,0,254263,0,254263,11087,265351,,12663,,12663,,0,,0,,1468,,1468,,6839,,6839,,6546,,6546,,8841,,8841,,,,,,,,,,36357,,36357,,,,,,,,,,,,,,,,,,,,,,,,,,,,,,,,,,36357,,36357,,3298,,3298,0,33058,0,33058,,558,,558,,780,,780,,23841,,23841,,25180,,25180,,76,,76,,955,,955,,9347,,9347,,,,,,,,,,,,,,0,0,33058,0,0,,0,,0,,,,,,,,33058,0
607,TELANGANA,Mancherial,,1115,1023,0,1046,99403,298922,0,398325,12201,410526,7467,27897,,35363,3267,0,,3267,2211,1535,,3746,2779,13437,,16215,7330,20757,,28087,0,10362,,10362,,,,,,,,,23053,73988,,97041,,,,,,,,,,,,,,,,,,,,,,,,,,,,,,,,,23053,73988,,97041,2141,6641,,8782,20912,67347,0,88258,71,417,,488,190,1932,,2122,6444,27859,,34303,6705,30208,,36913,32,45,,42,73,433,,506,14313,33370,,47683,,,,,,,,,,,,,,0,0,92140,0,0,,0,,0,,,,,,,,92140,0
608,TELANGANA,Medak,,809,843,0,841,17414,237143,0,254557,20573,275130,1293,19810,,21103,1208,0,,1208,1674,4533,,6207,648,7347,,7994,690,9184,,9875,473,7941,,8413,,,,,,,,,5986,48815,,54801,,,,,,,,,,,,,,,,,,,,,,,,,,,,,,,,,5986,48815,,54801,572,4731,,5303,5413,44084,0,49497,288,1083,,1370,1,1331,,1332,1964,29760,,31724,2253,32173,,34426,42,73,,70,293,1645,,1937,3217,13272,,16488,,,,,,,,,,,,,,0,0,49497,0,0,,0,,0,,,,,,,,49497,0
609,TELANGANA,Medchal Malkajgiri,,0,768,0,768,0,103807,0,103807,4906,108713,,6696,,6696,,,,,,1,,1,,1572,,1572,,1840,,1840,,689,,689,,,,,,,,,,10797,,10797,,,,,,,,,,,,,,,,,,,,,,,,,,,,,,,,,,10797,,10797,,1060,,1060,0,9737,0,9737,,1337,,1337,,1715,,1715,,4126,,4126,,7178,,7178,,74,,74,,5288,,5288,,3250,,3250,,,,,,,,,,,,,,215570,0,225307,0,0,,0,,0,,,,,,,,225307,0
610,TELANGANA,Mulug,,1254,1403,0,1375,53442,230289,0,283731,18911,302641,4375,24841,,29216,551,0,,551,10221,7923,,18144,1461,3795,,5256,703,1410,,2113,2486,2637,,5123,,,,,,,,,19798,40606,,60403,,,,,,,,,,,,,,,,,,,,,,,,,,,,,,,,,19798,40606,,60403,1980,3774,,5753,17818,36832,0,54650,152,397,,548,48,57,,104,4192,8960,,13152,4391,9414,,13805,25,26,,25,176,683,,858,13415,24571,,37986,,,,,,,,,,,,,,0,0,54655,0,0,,0,,0,,,,,,,,54655,0
611,TELANGANA,Nagarkurnool,,638,677,0,663,213412,399809,0,613222,22619,635841,12412,22913,,35325,15313,0,,15313,15866,4403,,20269,5276,5765,,11041,4693,3029,,7722,3456,3359,,6815,,,,,,,,,57017,39469,,96486,,,,,,,,,,,,,,,,,,,,,,,,,,,,,,,,,57017,39469,,96486,5308,3701,,9009,51709,35768,0,87476,707,862,,1569,284,131,,415,15275,17800,,33075,16266,18793,,35059,31,53,,40,719,877,,1596,35437,17938,,53375,,,,,,,,,,,,,,244402,0,332294,0,0,,0,,0,,,,,,,,332294,0
612,TELANGANA,Nalgonda,,716,679,0,697,345271,359402,0,704673,7430,712103,20841,22001,,42843,2040,0,,2040,62627,2102,,64729,13331,7656,,20988,562,528,,1090,2146,8035,,10181,,,,,,,,,101547,40323,,141870,,,,,,,,,,,,,,,,,,,,,,,,,,,,,,,,,101547,40323,,141870,9915,3708,,13623,91632,36616,0,128247,3915,1365,,5280,1515,2868,,4383,30397,23095,,53491,35826,27328,,63154,39,75,,49,3915,1365,,5280,56791,12462,,69253,,,,,,,,,,,,,,372219,0,506083,0,0,,0,,0,,,,,,,,506083,0
613,TELANGANA,Narayanpet,,583,623,0,610,74243,157568,0,231811,0,231811,3876,9845,,13721,299,0,,299,12130,0,,12130,1473,2979,,4451,548,1123,,1671,27,1421,,1449,,,,,,,,,18352,15368,,33721,,,,,,,,,,,,,,,,,,,,,,,,,,,,,,,,,18352,15368,,33721,1725,1460,,3185,16628,13908,0,30535,5,220,,225,139,329,,468,3650,7413,,11063,3793,7962,,11755,23,57,,38,275,1030,,1305,12640,5469,,18108,,,,,,,,,,,,,,0,0,31424,0,0,,0,,0,,,,,,,,31424,0
614,TELANGANA,Nirmal,,1063,1053,0,1055,62503,263935,0,326437,36392,362829,5928,23494,,29422,1558,0,,1558,12352,11265,,23617,1694,5368,,7063,1202,3092,,4293,1825,7410,,9235,,,,,,,,,24560,50629,,75189,,,,,,,,,,,,,,,,,,,,,,,,,,,,,,,,,24560,50629,,75189,2364,4664,,7028,22195,45966,0,68161,243,912,,1155,59,583,,642,5291,18482,,23772,5592,19977,,25569,25,43,,38,304,1227,,1531,16742,25829,,42572,,,,,,,,,,,,,,0,0,69236,0,0,,0,,0,,,,,,,,69236,0
615,TELANGANA,Nizamabad,,981,996,0,988,227378,185613,0,412991,14719,427710,19420,18115,,37535,291,0,,291,43109,5839,,48949,11452,8629,,20081,1629,1793,,3422,188,226,,415,,,,,,,,,76090,34602,,110692,,,,,,,,,,,,,,,,,,,,,,,,,,,,,,,,,76090,34602,,110692,7135,3411,,10545,68955,31191,0,100147,995,676,,1670,297,109,,406,30533,19485,,50018,31824,20270,,52094,46,65,,52,1588,939,,2527,32062,7680,,39741,,,,,,,,,,,,,,356953,0,457169,0,0,,0,,0,,,,,,,,457169,0
616,TELANGANA,Peddapalle,,995,1040,0,1014,113953,80111,0,194064,22755,216819,9567,6787,,16354,1240,0,,1240,24402,0,,24402,5397,2096,,7492,528,240,,767,644,1299,,1943,,,,,,,,,41778,10421,,52199,,,,,,,,,,,,,,,,,,,,,,,,,,,,,,,,,41778,10421,,52199,4072,894,,4966,37707,9527,0,47233,866,387,,1253,684,979,,1663,14010,5264,,19274,15560,6630,,22190,41,70,,47,1042,893,,1935,22050,3126,,25176,,,,,,,,,,,,,,0,0,58589,0,0,,0,,0,,,,,,,,58589,0
617,TELANGANA,Rajanna Siricilla,,0,888,0,888,0,173139,0,173139,17243,190382,,14551,,14551,,,,,,10815,,10815,,11485,,11485,,6118,,6118,,2659,,2659,,,,,,,,,,45628,,45628,,,,,,,,,,,,,,,,,,,,,,,,,,,,,,,,,,45628,,45628,,4219,,4219,0,41408,0,41408,,118,,118,,1094,,1094,,27564,,27564,,28776,,28776,,69,,69,,249,,249,,13249,,13249,,,,,,,,,,,,,,0,0,41408,0,0,,0,,0,,,,,,,,41408,0
618,TELANGANA,Rangareddy,,0,713,0,713,0,482698,0,482698,22176,504873,,31035,,31035,,,,,,,,,,8783,,8783,,14870,,14870,,1272,,1272,,,,,,,,,,55960,,55960,,,,,,,,,,,,,,,,,,,,,,,,,,,,,,,,,,55960,,55960,,5383,,5383,0,50577,0,50577,,4195,,4195,,1167,,1167,,28316,,28316,,33678,,33678,,67,,67,,5749,,5749,,18548,,18548,,,,,,,,,,,,,,571039,0,621616,0,0,,0,,0,,,,,,,,621616,0
619,TELANGANA,Sangareddy,,852,862,0,862,4977,406084,0,411061,37913,448974,373,32060,,32433,51,0,,51,2871,0,,2871,67,5188,,5256,0,1809,,1809,387,3490,,3877,,,,,,,,,3749,42547,,46296,,,,,,,,,,,,,,,,,,,,,,,,,,,,,,,,,3749,42547,,46296,375,4044,,4419,3374,38503,0,41877,7,2164,,2171,0,1712,,1712,157,16116,,16273,164,19991,,20156,5,52,,48,24,2962,,2985,3193,19280,,22473,,,,,,,,,,,,,,0,0,41877,0,0,,0,,0,,,,,,,,41877,0
620,TELANGANA,Siddipet,,0,773,0,773,0,340727,0,340727,24451,365179,,25363,,25363,,0,,0,,6983,,6983,,11616,,11616,,8502,,8502,,2739,,2739,,,,,,,,,,55203,,55203,,,,,,,,,,,,,,,,,,,,,,,,,,,,,,,,,,55203,,55203,,5508,,5508,0,49696,0,49696,,1187,,1187,,1015,,1015,,31965,,31965,,34168,,34168,,69,,69,,1211,,1211,,15814,,15814,,,,,,,,,,,,,,109105,0,159822,0,0,,0,,0,,,,,,,,159822,0
621,TELANGANA,Suryapet,,771,790,0,780,186807,173943,0,360750,834,361584,12023,12165,,24188,5968,0,,5968,59941,2343,,62285,5435,5763,,11199,2859,3337,,6196,347,4241,,4589,,,,,,,,,86574,27850,,114424,,,,,,,,,,,,,,,,,,,,,,,,,,,,,,,,,86574,27850,,114424,8587,2566,,11153,77987,25284,0,103271,1329,1065,,2394,1003,191,,1194,13322,14063,,27386,15655,15320,,30974,20,61,,30,1881,1280,,3162,61781,9860,,71641,,,,,,,,,,,,,,257688,0,361315,0,0,,0,,0,,,,,,,,361315,0
622,TELANGANA,Vikarabad,,0,744,0,744,0,367296,0,367296,103,367399,0,20705,0,20705,,,,,0,0,0,0,0,5729,0,5729,,5220,,5220,,4736,,4736,,,,,,,,,0,36390,0,36390,,,,,,,,,,,,0,,,,0,,,,,,,,,,,,,,,,0,0,36390,0,36390,0,3639,0,3639,0,32751,0,32751,,591,,591,,157,,157,,19118,,19118,,19866,,19866,,61,,61,0,2003,0,2003,0,12252,0,12252,,,,,,,,,,,,,,156184,0,188935,0,0,,0,,0,,,,,,,,188935,0
623,TELANGANA,Wanaparthy,,632,632,0,632,75539,136675,0,212214,6811,219025,3742,7484,,11226,811,0,,811,20734,25469,,46203,1860,9183,,11043,45,893,,938,393,234,,627,,,,,,,,,27585,43264,,70848,,,,,,,,,,,,,,,,,,,,,,,,,,,,,,,,,27585,43264,,70848,2739,3960,,6699,24845,39304,0,64149,139,360,,500,175,333,,508,5152,22197,,27349,5466,22891,,28357,22,58,,44,259,958,,1217,19071,16477,,35548,,,,,,,,,,,,,,95402,0,160813,0,0,,0,,0,,,,,,,,160813,0
624,TELANGANA,Warangal,,1023,933,0,1014,153294,18044,0,171337,5273,176610,12158,1409,,13567,916,0,,916,28913,783,,29696,7981,886,,8867,2262,83,,2345,451,147,,598,,,,,,,,,52681,3309,,55989,,,,,,,,,,,,,,,,,,,,,,,,,,,,,,,,,52681,3309,,55989,5085,301,,5387,47595,3007,0,50603,780,127,,907,1016,271,,1287,24927,2278,,27205,26723,2676,,29399,56,89,,58,961,543,,1504,21173,472,,21644,,,,,,,,,,,,,,0,0,50779,0,0,,0,,0,,,,,,,,50779,0
625,TELANGANA,Yadadri Bhuvanagiri,,755,743,0,744,45295,297987,0,343282,2165,345447,2963,20899,,23861,7444,0,,7444,9759,10027,,19786,3507,11868,,15375,919,3905,,4823,0,5172,,5172,,,,,,,,,24591,51871,,76462,,,,,,,,,,,,,,,,,,,,,,,,,,,,,,,,,24591,51871,,76462,2437,4887,,7324,22154,46984,0,69137,27,2676,,2703,691,3768,,4459,8470,32497,,40967,9187,38941,,48128,41,83,,70,27,2678,,2704,13565,11532,,25096,,,,,,,,,,,,,,246367,0,346473,26175,0,,0,,0,,,,,,,,346473,26175
626,TRIPURA,DHALAI,,0,2424,0,2424,0,99581,0,99581,131908,231489,0,20083,0,20083,0,,0,0,0,1790,0,1790,0,62,0,62,,454,,454,,,,,,,,,,,,,0,22388,0,22388,,,,,,,,,,,,0,,,,0,0,0,0,0,0,1769,0,1769,0,0,0,0,0,-1769,0,-1769,0,20619,0,20619,0,2239,0,2239,0,18380,0,18380,,972,,972,,0,,0,,378,,378,,1351,,1351,,7,,7,0,1256,0,1256,0,16745,0,16745,,,,,,,6288,0,0,,,,,129495,0,147874,0,0,,0,,0,,,,,,,,147874,0
627,TRIPURA,GOMATI,,0,2175,0,2175,0,109828,0,109828,51877,161705,0,19075,0,19075,0,,0,0,0,5927,0,5927,0,141,0,141,,1196,,1196,,,,,,,,,,,,,0,26339,0,26339,,,,,,,,,,,,0,,,,0,0,0,0,0,0,1620,0,1620,0,0,0,0,0,-1620,0,-1620,0,24720,0,24720,0,2522,0,2522,0,22197,0,22197,,915,,915,,1,,1,,387,,387,,1303,,1303,,6,,6,0,1081,0,1081,0,20728,0,20728,,,,,,,3008,0,0,,,,,140757,0,162955,0,0,,0,,0,,,,,,,,162955,0
628,TRIPURA,KHOWAI,,0,2224,0,2224,0,49560,0,49560,51685,101245,0,9202,0,9202,0,,0,0,0,2915,0,2915,0,44,0,44,,457,,457,,,,,,,,,,,,,0,12619,0,12619,,,,,,,,,,,,0,,,,0,0,0,0,0,0,196,0,196,0,0,0,0,0,-196,0,-196,0,12423,0,12423,0,1262,0,1262,0,11161,0,11161,,668,,668,,24,,24,,133,,133,,825,,825,,7,,7,0,770,0,770,0,10233,0,10233,,,,,,,2429,0,0,,,,,63515,0,74676,0,0,,0,,0,,,,,,,,74676,0
629,TRIPURA,NORTH TRIPURA,,0,2541,0,2541,0,54382,0,54382,81410,135792,0,12079,0,12079,0,,0,0,0,1199,0,1199,0,5,0,5,,496,,496,,,,,,,,,,,,,0,13780,0,13780,,,,,,,,,,,,0,,,,0,0,49,0,49,0,3305,0,3305,0,0,0,0,0,-3354,0,-3354,0,10425,0,10425,0,1378,0,1378,0,9047,0,9047,,1020,,1020,,11,,11,,72,,72,,1104,,1104,,12,,12,0,1247,0,1247,0,7717,0,7717,,,,,,,8257,0,0,,,,,72336,0,81383,0,0,,0,,0,,,,,,,,81383,0
630,TRIPURA,SEPAHIJALA,,0,2036,0,2036,0,87170,0,87170,17222,104392,0,14128,0,14128,0,,0,0,0,7526,0,7526,0,236,0,236,,980,,980,,,,,,,,,,,,,0,22870,0,22870,,,,,,,,,,,,0,,,,0,0,73,0,73,0,2530,0,2530,0,0,0,0,0,-2603,0,-2603,0,20268,0,20268,0,2287,0,2287,0,17981,0,17981,,1038,,1038,,4,,4,,579,,579,,1621,,1621,,9,,9,0,1197,0,1197,0,16201,0,16201,,,,,,,3629,0,0,,,,,115878,0,133859,0,0,,0,,0,,,,,,,,133859,0
631,TRIPURA,SOUTH TRIPURA,,0,2449,0,2449,0,98103,0,98103,53098,151201,0,20147,0,20147,0,,0,0,0,5805,0,5805,0,478,0,478,,782,,782,,,,,,,,,,,,,0,27213,0,27213,,,,,,,,,,,,0,,,,0,0,2,0,2,0,2453,0,2453,0,0,0,0,0,-2455,0,-2455,0,24758,0,24758,0,2721,0,2721,0,22036,0,22036,,968,,968,,6,,6,,1319,,1319,,2292,,2292,,10,,10,0,1143,0,1143,0,19569,0,19569,,,,,,,7051,0,0,,,,,126825,0,148861,0,0,,0,,0,,,,,,,,148861,0
632,TRIPURA,UNAKOTI,,0,2392,0,2392,0,42878,0,42878,22825,65703,0,8838,0,8838,0,,0,0,0,1088,0,1088,0,15,0,15,,464,,464,,,,,,,,,,,,,0,10405,0,10405,,,,,,,,,,,,0,,,,0,0,0,0,0,0,1140,0,1140,0,0,0,0,0,-1140,0,-1140,0,9265,0,9265,0,1040,0,1040,0,8224,0,8224,,680,,680,,8,,8,,166,,166,,854,,854,,10,,10,0,832,0,832,0,7219,0,7219,,,,,,,2113,0,0,,,,,53588,0,61812,0,0,,0,,0,,,,,,,,61812,0
633,TRIPURA,WEST TRIPURA,,0,2046,0,2046,0,78282,0,78282,19360,97642,0,13271,0,13271,0,,0,0,0,3546,0,3546,0,243,0,243,,512,,512,,,,,,,,,,,,,0,17572,0,17572,,,,,,,,,,,,0,,,,0,0,0,0,0,0,763,0,763,0,0,0,0,0,-763,0,-763,0,16809,0,16809,0,1665,0,1665,0,15144,0,15144,,2266,,2266,,213,,213,,668,,668,,3148,,3148,,21,,21,0,2677,0,2677,0,11586,0,11586,,,,,,,2537,0,0,,,,,101084,0,116229,0,0,,0,,0,,,,,,,,116229,0
634,UTTAR PRADESH,AGRA,,615,615,0,615,380520,14197,0,394717,0,394717,42508,1409,0,43917,19914,,0,19914,11748,0,0,11748,14092,0,0,14092,457,16,,473,553,0,,553,0,1119,0,1119,0,1400,0,1400,89271,3945,0,93216,,,,,,,,,,,,0,,,,0,,,,,,,,,,,,,,,,0,89271,3945,0,93216,6879,394,0,7273,82393,3550,0,85943,7123,4115,,11239,43,153,,196,84301,0,,84301,91468,4268,,95736,111,120,,111,8005,5496,0,13500,5594,0,0,5594,,,,,,,,,,,,,,0,0,85943,0,0,,0,,0,,,,,,,,85943,0
635,UTTAR PRADESH,ALIGARH,,667,0,0,667,380843,0,0,380843,0,380843,49138,0,0,49138,26940,,0,26940,5332,0,0,5332,17176,0,0,17176,368,,,368,301,,,301,526,0,0,526,500,0,0,500,100280,0,0,100280,,,,,,,,,,,,0,,,,0,,,,,,,,,,,,,,,,0,100280,0,0,100280,7700,0,0,7700,92580,0,0,92580,12059,,,12059,544,,,544,61691,,,61691,74294,,,74294,80,,,80,13090,0,0,13090,20216,0,0,20216,,,,,,,,,,,,,,0,0,92580,0,0,,0,,0,,,,,,,,92580,0
636,UTTAR PRADESH,AMBEDKAR NAGAR,,1013,0,0,1013,245898,0,0,245898,0,245898,53130,0,0,53130,8632,,0,8632,4350,0,0,4350,13199,0,0,13199,1275,,,1275,1,,,1,,,,,,,,,80588,0,0,80588,,,,,,,,,,,,0,,,,0,,,,,,,,,,,,,,,,0,80588,0,0,80588,8059,0,0,8059,72529,0,0,72529,6484,,,6484,46,,,46,39204,,,39204,45735,,,45735,63,,,63,6671,0,0,6671,26608,0,0,26608,,,,,,,,,,,,,,0,0,72529,0,0,,0,,0,,,,,,,,72529,0
637,UTTAR PRADESH,AMETHI,,853,0,0,853,232992,0,0,232992,0,232992,41796,0,0,41796,21728,,0,21728,10587,0,0,10587,14294,0,0,14294,1269,0,0,1269,76,,,76,,,,,,,,,89750,0,0,89750,,,,,,,,,,,,0,,,,0,,,,,,,,,,,,,,,,0,89750,0,0,89750,8975,0,0,8975,80775,0,0,80775,5084,,,5084,546,,,546,47582,,,47582,53213,,,53213,66,,,66,5308,0,0,5308,27338,0,0,27338,,,,,,,,,,,,,,0,0,80775,0,0,,0,,0,,,,,,,,80775,0
638,UTTAR PRADESH,AMROHA,,903,0,0,903,214903,0,0,214903,0,214903,39343,0,0,39343,3500,,0,3500,0,0,0,0,11295,0,0,11295,231,,,231,10,,,10,,,,,,,,,54379,0,0,54379,,,,,,,,,,,,0,,,,0,,,,,,,,,,,,,,,,0,54379,0,0,54379,4754,0,0,4754,49625,0,0,49625,4978,,,4978,813,,,813,40399,,,40399,46189,,,46189,93,,,93,5188,0,0,5188,5385,0,0,5385,,,,,,,,,,,,,,0,0,49625,0,0,,0,,0,,,,,,,,49625,0
639,UTTAR PRADESH,AURAIYA,,625,0,0,625,209427,0,0,209427,0,209427,27582,0,0,27582,18535,,0,18535,9261,0,0,9261,12559,0,0,12559,291,0,0,291,263,,,263,,,,,,,,,68490,0,0,68490,,,,,,,,,,,,0,,,,0,,,,,,,,,,,,,,,,0,68490,0,0,68490,6849,0,0,6849,61641,0,0,61641,2980,,,2980,7,,,7,35851,,,35851,38838,,,38838,63,,,63,3097,0,0,3097,22686,0,0,22686,,,,,,,,,,,,,,0,0,61641,0,0,,0,,0,,,,,,,,61641,0
640,UTTAR PRADESH,AYODHYA,,953,0,0,953,252201,0,0,252201,0,252201,49898,0,0,49898,25938,,,25938,2709,0,0,2709,13539,0,0,13539,2318,,,2318,,,,,,,,,,,,,94402,0,0,94402,,,,,,,,,,,,0,,,,0,,,,,,,,,,,,,,,,0,94402,0,0,94402,8879,0,0,8879,85523,0,0,85523,7402,,,7402,531,,,531,45045,,,45045,52979,,,52979,62,,,62,7823,0,0,7823,32124,0,0,32124,,,,,,,,,,,,,,0,0,85523,0,0,,0,,0,,,,,,,,85523,0
641,UTTAR PRADESH,AZAMGARH,,900,0,0,900,417119,0,0,417119,0,417119,79183,0,0,79183,27171,,0,27171,12277,0,0,12277,18247,0,0,18247,3459,,,3459,0,,,0,,,,,,,,,140339,0,0,140339,,,,,,,,,,,,0,,,,0,,,,,,,,,,,,,,,,0,140339,0,0,140339,13810,0,0,13810,126528,0,0,126528,14095,,,14095,32,,,32,60803,,,60803,74931,,,74931,59,,,59,14837,0,0,14837,50856,0,0,50856,,,,,,,,,,,,,,0,0,126528,0,0,,0,,0,,,,,,,,126528,0
642,UTTAR PRADESH,BAGPAT,,675,0,0,675,135139,0,0,135139,0,135139,15570,0,0,15570,12833,,0,12833,317,0,0,317,5570,0,0,5570,1015,0,0,1015,0,,,0,,,,,,,,,35304,0,0,35304,,,,,,,,,,,,0,,,,0,,,,,,,,,,,,,,,,0,35304,0,0,35304,3223,0,0,3223,32081,0,0,32081,2562,,,2562,125,,,125,28081,,,28081,30769,,,30769,96,,,96,2647,0,0,2647,3741,0,0,3741,,,,,,,,,,,,,,0,0,32081,0,0,,0,,0,,,,,,,,32081,0
643,UTTAR PRADESH,BAHRAICH,,1159,0,0,1159,438725,0,0,438725,0,438725,90351,0,0,90351,28332,,0,28332,2424,0,0,2424,25953,0,0,25953,2497,0,0,2497,4822,,,4822,,,,,,,,,154379,0,0,154379,,,,,,,,,,,,0,,,,0,,,,,,,,,,,,,,,,0,154379,0,0,154379,10005,0,0,10005,144373,0,0,144373,10034,,,10034,163,,,163,74096,,,74096,84293,,,84293,58,,,58,10471,0,0,10471,59644,0,0,59644,,,,,,,,,,,,,,0,0,144373,0,0,,0,,0,,,,,,,,144373,0
644,UTTAR PRADESH,BALLIA,,922,0,0,922,292700,0,0,292700,0,292700,56521,0,0,56521,14541,,0,14541,6546,0,0,6546,15732,0,0,15732,1826,0,0,1826,,,,,,,,,,,,,95165,0,0,95165,,,,,,,,,,,,0,,,,0,,,,,,,,,,,,,,,,0,95165,0,0,95165,8989,0,0,8989,86175,0,0,86175,8410,,,8410,16,,,16,44968,,,44968,53395,,,53395,62,,,62,9026,0,0,9026,32165,0,0,32165,,,,,,,,,,,,,,0,0,86175,0,0,,0,,0,,,,,,,,86175,0
645,UTTAR PRADESH,BALRAMPUR,,1065,0,0,1065,334857,0,0,334857,0,334857,72376,0,0,72376,10571,,0,10571,891,0,0,891,16870,0,0,16870,2598,,,2598,6361,,,6361,,,,,,,,,109666,0,0,109666,,,,,,,,,,,,0,,,,0,,,,,,,,,,,,,,,,0,109666,0,0,109666,9556,0,0,9556,100111,0,0,100111,6399,,,6399,458,,,458,48164,,,48164,55021,,,55021,55,,,55,6750,0,0,6750,44739,0,0,44739,,,,,,,,,,,,,,0,0,100111,0,0,,0,,0,,,,,,,,100111,0
646,UTTAR PRADESH,BANDA,,943,0,0,943,440460,0,0,440460,0,440460,51999,0,0,51999,0,,,0,7345,0,0,7345,11251,0,0,11251,696,,,696,1245,,,1245,,,,,,,,,72535,0,0,72535,,,,,,,,,,,,0,,,,0,,,,,,,,,,,,,,,,0,72535,0,0,72535,6264,0,0,6264,66272,0,0,66272,4096,,,4096,2,,,2,40253,,,40253,44352,,,44352,67,,,67,4257,0,0,4257,21759,0,0,21759,,,,,,,,,,,,,,0,0,66272,0,0,,0,,0,,,,,,,,66272,0
647,UTTAR PRADESH,BARABANKI,,978,0,0,978,389132,0,0,389132,0,389132,79371,0,0,79371,64088,,0,64088,28404,0,0,28404,36745,0,0,36745,2643,,,2643,,,,,,,,,,,,,211252,0,0,211252,,,,,,,,,,,,0,,,,0,,,,,,,,,,,,,,,,0,211252,0,0,211252,20375,0,0,20375,190876,0,0,190876,9273,,,9273,535,,,535,108835,,,108835,118643,,,118643,62,,,62,9671,0,0,9671,71836,0,0,71836,,,,,,,,,,,,,,0,0,190876,0,0,,0,,0,,,,,,,,190876,0
648,UTTAR PRADESH,BAREILLY,,878,0,0,878,412000,0,0,412000,0,412000,67394,0,0,67394,18443,,0,18443,6664,0,0,6664,22079,0,0,22079,1735,,,1735,191,,,191,1112,0,0,1112,88,0,0,88,117704,0,0,117704,,,,,,,,,,,,0,,,,0,,,,,,,,,,,,,,,,0,117704,0,0,117704,8008,0,0,8008,109696,0,0,109696,13745,,,13745,1811,,,1811,63027,,,63027,78584,,,78584,72,,,72,14210,0,0,14210,32744,0,0,32744,,,,,,,,,,,,,,0,0,109696,0,0,,0,,0,,,,,,,,109696,0
649,UTTAR PRADESH,BASTI,,1111,0,0,1111,293807,0,0,293807,0,293807,68653,0,0,68653,695,,0,695,0,0,0,0,13597,0,0,13597,1132,0,0,1132,77,,,77,,,,,,,,,84153,0,0,84153,,,,,,,,,,,,0,,,,0,,,,,,,,,,,,,,,,0,84153,0,0,84153,8087,0,0,8087,76066,0,0,76066,6665,,,6665,87,,,87,42490,,,42490,49243,,,49243,65,,,65,6902,0,0,6902,26587,0,0,26587,,,,,,,,,,,,,,0,0,76066,0,0,,0,,0,,,,,,,,76066,0
650,UTTAR PRADESH,BIJNOR,,1054,0,0,1054,458903,0,0,458903,0,458903,101011,0,0,101011,20821,,0,20821,3386,0,0,3386,25763,0,0,25763,598,,,598,361,,,361,,,,,,,,,151939,0,0,151939,,,,,,,,,,,,0,,,,0,,,,,,,,,,,,,,,,0,151939,0,0,151939,14826,0,0,14826,137114,0,0,137114,8117,,,8117,1033,,,1033,86029,,,86029,95179,,,95179,69,,,69,9877,0,0,9877,40174,0,0,40174,,,,,,,,,,,,,,0,0,137114,0,0,,0,,0,,,,,,,,137114,0
651,UTTAR PRADESH,BUDAUN,,785,0,0,785,423788,0,0,423788,0,423788,64558,0,0,64558,0,,0,0,80,0,0,80,14368,0,0,14368,1101,,,1101,25,,,25,,,,,,,,,80132,0,0,80132,,,,,,,,,,,,0,,,,0,,,,,,,,,,,,,,,,0,80132,0,0,80132,6123,0,0,6123,74009,0,0,74009,8050,,,8050,31,,,31,50674,,,50674,58756,,,58756,79,,,79,10206,0,0,10206,13836,0,0,13836,,,,,,,,,,,,,,0,0,74009,0,0,,0,,0,,,,,,,,74009,0
652,UTTAR PRADESH,BULANDSHAHAR,,673,0,0,673,360947,0,0,360947,0,360947,47205,0,0,47205,68899,,,68899,6117,0,0,6117,38791,0,0,38791,599,0,0,599,45,,,45,,,,,,,,,161655,0,0,161655,,,,,,,,,,,,0,,,,0,,,,,,,,,,,,,,,,0,161655,0,0,161655,13894,0,0,13894,147761,0,0,147761,6282,,,6282,712,,,712,130627,,,130627,137622,,,137622,93,,,93,7339,0,0,7339,15064,0,0,15064,,,,,,,,,,,,,,0,0,147761,0,0,,0,,0,,,,,,,,147761,0
653,UTTAR PRADESH,CHANDAULI,,949,0,0,949,188369,0,0,188369,0,188369,30170,0,0,30170,5504,,0,5504,11451,0,0,11451,7914,0,0,7914,332,,,332,1187,,,1187,,,,,,,,,56558,0,0,56558,,,,,,,,,,,,0,,,,0,,,,,,,,,,,,,,,,0,56558,0,0,56558,4992,0,0,4992,51567,0,0,51567,4760,,,4760,108,,,108,26290,,,26290,31158,,,31158,60,,,60,5796,0,0,5796,19372,0,0,19372,,,,,,,,,,,,,,0,0,51567,0,0,,0,,0,,,,,,,,51567,0
654,UTTAR PRADESH,CHITRAKOOT,,943,0,0,943,300665,0,0,300665,0,300665,32544,0,0,32544,0,,0,0,1934,0,0,1934,7412,0,0,7412,462,,,462,1310,,,1310,,,,,,,,,43663,0,0,43663,,,,,,,,,,,,0,,,,0,,,,,,,,,,,,,,,,0,43663,0,0,43663,4366,0,0,4366,39296,0,0,39296,2683,,,2683,127,,,127,29087,,,29087,31897,,,31897,81,,,81,3676,0,0,3676,6651,0,0,6651,,,,,,,,,,,,,,0,0,39296,0,0,,0,,0,,,,,,,,39296,0
655,UTTAR PRADESH,DEORIA,,1019,0,0,1019,253800,0,0,253800,0,253800,50803,0,0,50803,13194,,0,13194,56357,0,0,56357,22949,0,0,22949,2033,,,2033,,,,,,,,,,,,,145336,0,0,145336,,,,,,,,,,,,0,,,,0,,,,,,,,,,,,,,,,0,145336,0,0,145336,13308,0,0,13308,132028,0,0,132028,6691,,,6691,35,,,35,76494,,,76494,83221,,,83221,63,,,63,7914,0,0,7914,47585,0,0,47585,,,,,,,,,,,,,,0,0,132028,0,0,,0,,0,,,,,,,,132028,0
656,UTTAR PRADESH,ETAH,,658,0,0,658,242757,0,0,242757,0,242757,31843,0,0,31843,13485,,,13485,26028,0,0,26028,15156,0,0,15156,645,0,0,645,272,,,272,,,,,,,,,87429,0,0,87429,,,,,,,,,,,,0,,,,0,,,,,,,,,,,,,,,,0,87429,0,0,87429,7593,0,0,7593,79837,0,0,79837,4727,,,4727,47,,,47,52045,,,52045,56819,,,56819,71,,,71,5645,0,0,5645,22099,0,0,22099,,,,,,,,,,,,,,0,0,79837,0,0,,0,,0,,,,,,,,79837,0
657,UTTAR PRADESH,ETAWAH,,587,0,0,587,240301,0,0,240301,0,240301,28368,0,0,28368,21977,,0,21977,12012,0,0,12012,10015,0,0,10015,150,,,150,14,,,14,,,,,,,,,72536,0,0,72536,,,,,,,,,,,,0,,,,0,,,,,,,,,,,,,,,,0,72536,0,0,72536,6636,0,0,6636,65900,0,0,65900,3331,,,3331,156,,,156,31488,,,31488,34974,,,34974,53,,,53,4101,0,0,4101,30156,0,0,30156,,,,,,,,,,,,,,0,0,65900,0,0,,0,,0,,,,,,,,65900,0
658,UTTAR PRADESH,FARRUKHABAD,,753,0,0,753,220623,0,0,220623,0,220623,33198,0,0,33198,4996,,0,4996,540,0,0,540,10816,0,0,10816,414,,,414,34,,,34,,,,,,,,,49999,0,0,49999,,,,,,,,,,,,0,,,,0,,,,,,,,,,,,,,,,0,49999,0,0,49999,3929,0,0,3929,46069,0,0,46069,4100,,,4100,15,,,15,30162,,,30162,34278,,,34278,74,,,74,4244,0,0,4244,11648,0,0,11648,,,,,,,,,,,,,,0,0,46069,0,0,,0,,0,,,,,,,,46069,0
659,UTTAR PRADESH,FATEHPUR,,747,0,0,747,425255,0,0,425255,0,425255,64085,0,0,64085,29338,,0,29338,6722,0,0,6722,18030,0,0,18030,1378,,,1378,607,,,607,,,,,,,,,120160,0,0,120160,,,,,,,,,,,,0,,,,0,,,,,,,,,,,,,,,,0,120160,0,0,120160,10467,0,0,10467,109694,0,0,109694,7602,,,7602,22,,,22,71207,,,71207,78831,,,78831,72,,,72,9954,0,0,9954,28693,0,0,28693,,,,,,,,,,,,,,0,0,109694,0,0,,0,,0,,,,,,,,109694,0
660,UTTAR PRADESH,FIROZABAD,,657,0,0,657,241953,0,0,241953,0,241953,29526,0,0,29526,21738,,0,21738,34620,0,0,34620,0,0,0,0,597,,,597,895,,,895,,,,,,,,,87376,0,0,87376,,,,,,,,,,,,0,,,,0,,,,,,,,,,,,,,,,0,87376,0,0,87376,8421,0,0,8421,78955,0,0,78955,6921,,,6921,104,,,104,71027,,,71027,78052,,,78052,99,,,99,7151,0,0,7151,12027,0,0,12027,,,,,,,,,,,,,,0,0,78955,0,0,,0,,0,,,,,,,,78955,0
661,UTTAR PRADESH,G.B.NAGAR,,537,0,0,537,144273,0,0,144273,0,144273,16287,0,0,16287,17715,,0,17715,3764,0,0,3764,13479,0,0,13479,281,,,281,0,,,0,,,,,,,,,51527,0,0,51527,,,,,,,,,,,,0,,,,0,,,,,,,,,,,,,,,,0,51527,0,0,51527,5153,0,0,5153,46374,0,0,46374,1565,,,1565,2415,,,2415,44808,,,44808,48789,,,48789,105,,,105,1759,0,0,1759,3989,0,0,3989,,,,,,,,,,,,,,0,0,46374,0,0,,0,,0,,,,,,,,46374,0
662,UTTAR PRADESH,GHAZIABAD,,730,0,0,730,116914,0,0,116914,0,116914,15534,0,0,15534,13361,,0,13361,1136,0,0,1136,10464,0,0,10464,78,,,78,0,,,0,767,0,0,767,825,0,0,825,42164,0,0,42164,,,,,,,,,,,,0,,,,0,,,,,,,,,,,,,,,,0,42164,0,0,42164,4216,0,0,4216,37948,0,0,37948,7333,,,7333,2744,,,2744,36884,,,36884,46961,,,46961,124,,,124,10631,0,0,10631,1581,0,0,1581,,,,,,,,,,,,,,0,0,37948,0,0,,0,,0,,,,,,,,37948,0
663,UTTAR PRADESH,GHAZIPUR,,854,0,0,854,330052,0,0,330052,0,330052,58154,0,0,58154,16085,,0,16085,12537,0,0,12537,17826,0,0,17826,501,0,0,501,154,,,154,,,,,,,,,105257,0,0,105257,,,,,,,,,,,,0,,,,0,,,,,,,,,,,,,,,,0,105257,0,0,105257,10191,0,0,10191,95066,0,0,95066,7121,,,7121,58,,,58,50861,,,50861,58040,,,58040,61,,,61,8915,0,0,8915,35233,0,0,35233,,,,,,,,,,,,,,0,0,95066,0,0,,0,,0,,,,,,,,95066,0
664,UTTAR PRADESH,GONDA,,1047,0,0,1047,399609,0,0,399609,0,399609,85204,0,0,85204,19922,,0,19922,81,0,0,81,21330,0,0,21330,3120,,,3120,0,,,0,,,,,,,,,129658,0,0,129658,,,,,,,,,,,,0,,,,0,,,,,,,,,,,,,,,,0,129658,0,0,129658,12043,0,0,12043,117614,0,0,117614,10125,,,10125,496,,,496,61164,,,61164,71786,,,71786,61,,,61,13610,0,0,13610,42344,0,0,42344,,,,,,,,,,,,,,0,0,117614,0,0,,0,,0,,,,,,,,117614,0
665,UTTAR PRADESH,GORAKHPUR,,1338,0,0,1338,321087,0,0,321087,0,321087,81307,0,0,81307,8355,,0,8355,60024,0,0,60024,28348,0,0,28348,3427,,,3427,,,,,,,,,,,,,181461,0,0,181461,,,,,,,,,,,,0,,,,0,,,,,,,,,,,,,,,,0,181461,0,0,181461,15943,0,0,15943,165518,0,0,165518,9665,,,9665,929,,,929,93487,,,93487,104081,,,104081,63,,,63,11921,0,0,11921,59181,0,0,59181,,,,,,,,,,,,,,0,0,165518,0,0,,0,,0,,,,,,,,165518,0
666,UTTAR PRADESH,HAMIRPUR,,736,0,0,736,381540,0,0,381540,0,381540,33425,0,0,33425,0,,0,0,4573,0,0,4573,5963,0,0,5963,604,,,604,1735,,,1735,,,,,,,,,46300,0,0,46300,,,,,,,,,,,,0,,,,0,,,,,,,,,,,,,,,,0,46300,0,0,46300,4630,0,0,4630,41670,0,0,41670,2233,,,2233,96,,,96,25198,,,25198,27526,,,27526,66,,,66,2268,0,0,2268,14108,0,0,14108,,,,,,,,,,,,,,0,0,41670,0,0,,0,,0,,,,,,,,41670,0
667,UTTAR PRADESH,HAPUR,,788,0,0,788,114481,0,0,114481,0,114481,20806,0,0,20806,16607,,0,16607,2068,0,0,2068,12430,0,0,12430,866,,,866,5,,,5,,,,,,,,,52783,0,0,52783,,,,,,,,,,,,0,,,,0,,,,,,,,,,,,,,,,0,52783,0,0,52783,5278,0,0,5278,47505,0,0,47505,3,,,3,1053,,,1053,43563,,,43563,44619,,,44619,94,,,94,4,0,0,4,2885,0,0,2885,,,,,,,,,,,,,,0,0,47505,0,0,,0,,0,,,,,,,,47505,0
668,UTTAR PRADESH,HARDOI,,816,0,0,816,594843,0,0,594843,0,594843,98957,0,0,98957,36245,,,36245,10182,0,0,10182,32284,0,0,32284,2497,0,0,2497,,,,,,,,,,,,,180166,0,0,180166,,,,,,,,,,,,0,,,,0,,,,,,,,,,,,,,,,0,180166,0,0,180166,15079,0,0,15079,165087,0,0,165087,8877,,,8877,707,,,707,92019,,,92019,101603,,,101603,62,,,62,11109,0,0,11109,61252,0,0,61252,,,,,,,,,,,,,,0,0,165087,0,0,,0,,0,,,,,,,,165087,0
669,UTTAR PRADESH,HATHRAS,,619,0,0,619,183799,0,0,183799,0,183799,22642,0,0,22642,22306,,0,22306,15764,0,0,15764,11360,0,0,11360,305,,,305,93,,,93,,,,,,,,,72470,0,0,72470,,,,,,,,,,,,0,,,,0,,,,,,,,,,,,,,,,0,72470,0,0,72470,5913,0,0,5913,66556,0,0,66556,4266,,,4266,85,,,85,56523,,,56523,60874,,,60874,91,,,91,4391,0,0,4391,9797,0,0,9797,,,,,,,,,,,,,,0,0,66556,0,0,,0,,0,,,,,,,,66556,0
670,UTTAR PRADESH,JALAUN,,687,0,0,687,456583,0,0,456583,0,456583,65747,0,0,65747,2755,,0,2755,20910,0,0,20910,15181,0,0,15181,48,,,48,0,0,,0,,,,,,,,,104641,0,0,104641,,,,,,,,,,,,0,,,,0,,,,,,,,,,,,,,,,0,104641,0,0,104641,9854,0,0,9854,94787,0,0,94787,4419,,,4419,16,,,16,49481,,,49481,53916,,,53916,57,,,57,4509,0,0,4509,40780,0,0,40780,,,,,,,,,,,,,,0,0,94787,0,0,,0,,0,,,,,,,,94787,0
671,UTTAR PRADESH,JAUNPUR,,902,0,0,902,399094,0,0,399094,0,399094,71487,0,0,71487,23985,,0,23985,15635,0,0,15635,21583,0,0,21583,1455,,,1455,98,,,98,,,,,,,,,134243,0,0,134243,,,,,,,,,,,,0,,,,0,,,,,,,,,,,,,,,,0,134243,0,0,134243,11489,0,0,11489,122753,0,0,122753,14021,,,14021,105,,,105,72114,,,72114,86240,,,86240,70,,,70,17940,0,0,17940,32594,0,0,32594,,,,,,,,,,,,,,0,0,122753,0,0,,0,,0,,,,,,,,122753,0
672,UTTAR PRADESH,JHANSI,,765,0,0,765,461937,0,0,461937,40463,502400,32106,0,0,32106,2923,,,2923,25959,0,0,25959,12172,0,0,12172,418,,,418,1,,,1,,,,,,,,,73579,0,0,73579,,,,,,,,,,,,0,,,,0,,,,,,,,,,,,,,,,0,73579,0,0,73579,6748,0,0,6748,66831,0,0,66831,3296,,,3296,61,,,61,40822,,,40822,44179,,,44179,66,,,66,3439,0,0,3439,22509,0,0,22509,,,,,,,,,,,,,,0,0,66831,0,0,,0,,0,,,,,,,,66831,0
673,UTTAR PRADESH,KANNAUJ,,715,0,0,715,214346,0,0,214346,0,214346,27631,0,0,27631,21758,,0,21758,1508,0,0,1508,11621,0,0,11621,560,,,560,46,,,46,,,,,,,,,63123,0,0,63123,,,,,,,,,,,,0,,,,0,,,,,,,,,,,,,,,,0,63123,0,0,63123,5442,0,0,5442,57680,0,0,57680,4533,,,4533,11,,,11,41094,,,41094,45638,,,45638,79,,,79,4685,0,0,4685,17651,0,0,17651,,,,,,,,,,,,,,0,0,57680,0,0,,0,,0,,,,,,,,57680,0
674,UTTAR PRADESH,KANPUR DEHAT,,727,0,0,727,323737,0,0,323737,0,323737,47013,0,0,47013,14387,,0,14387,8586,0,0,8586,15546,0,0,15546,440,,,440,,,,,,,,,,,,,85972,0,0,85972,,,,,,,,,,,,0,,,,0,,,,,,,,,,,,,,,,0,85972,0,0,85972,8597,0,0,8597,77375,0,0,77375,4132,,,4132,363,,,363,50708,,,50708,55203,,,55203,71,,,71,4203,0,0,4203,22100,0,0,22100,,,,,,,,,,,,,,0,0,77375,0,0,,0,,0,,,,,,,,77375,0
675,UTTAR PRADESH,KANPUR NAGAR,,710,0,0,710,309483,0,0,309483,0,309483,44943,0,0,44943,17912,,0,17912,6861,0,0,6861,17396,0,0,17396,699,,,699,117,,,117,1221,0,0,1221,150,0,0,150,89299,0,0,89299,0,0,0,0,,,,,0,0,0,0,0,0,0,0,0,0,0,0,0,0,0,0,0,0,0,0,0,0,0,0,89299,0,0,89299,8230,0,0,8230,81069,0,0,81069,8152,,,8152,455,,,455,55101,,,55101,63708,,,63708,79,,,79,9295,0,0,9295,16691,0,0,16691,,,,,,,,,,,,,,0,0,81069,0,0,,0,,0,,,,,,,,81069,0
676,UTTAR PRADESH,KASGANJ,,725,0,0,725,199388,0,0,199388,0,199388,26173,0,0,26173,13608,,0,13608,19043,0,0,19043,12968,0,0,12968,296,0,0,296,21,,,21,,,,,,,,,72109,0,0,72109,,,,,,,,,,,,0,,,,0,,,,,,,,,,,,,,,,0,72109,0,0,72109,4482,0,0,4482,67626,0,0,67626,4142,,,4142,8,,,8,42788,,,42788,46938,,,46938,69,,,69,4325,0,0,4325,20505,0,0,20505,,,,,,,,,,,,,,0,0,67626,0,0,,0,,0,,,,,,,,67626,0
677,UTTAR PRADESH,KAUSHAMBI,,846,0,0,846,178001,0,0,178001,0,178001,31767,0,0,31767,6728,,,6728,2241,0,0,2241,9949,0,0,9949,752,,,752,317,,,317,,,,,,,,,51754,0,0,51754,,,,,,,,,,,,0,,,,0,,,,,,,,,,,,,,,,0,51754,0,0,51754,5175,0,0,5175,46578,0,0,46578,4723,,,4723,1,,,1,33058,,,33058,37782,,,37782,81,,,81,4996,0,0,4996,9936,0,0,9936,,,,,,,,,,,,,,0,0,46578,0,0,,0,,0,,,,,,,,46578,0
678,UTTAR PRADESH,KUSHI NAGAR,,1112,0,0,1112,287378,0,0,287378,0,287378,54405,0,0,54405,39647,,0,39647,61688,0,0,61688,23067,0,0,23067,875,,,875,,,,,,,,,,,,,179683,0,0,179683,,,,,,,,,,,,0,,,,0,,,,,,,,,,,,,,,,0,179683,0,0,179683,15957,0,0,15957,163726,0,0,163726,8968,,,8968,71,,,71,75094,,,75094,84133,,,84133,51,,,51,9455,0,0,9455,79106,0,0,79106,,,,,,,,,,,,,,0,0,163726,0,0,,0,,0,,,,,,,,163726,0
679,UTTAR PRADESH,LAKHIMPUR KHERI,,1130,0,0,1130,655505,0,0,655505,0,655505,143274,0,0,143274,42161,,0,42161,4804,0,0,4804,38092,0,0,38092,3468,,,3468,,,,,,,,,,,,,231799,0,0,231799,,,,,,,,,,,,0,,,,0,,,,,,,,,,,,,,,,0,231799,0,0,231799,16077,0,0,16077,215722,0,0,215722,12696,,,12696,1088,,,1088,117770,,,117770,131554,,,131554,61,,,61,13690,0,0,13690,83175,0,0,83175,,,,,,,,,,,,,,0,0,215722,0,0,,0,,0,,,,,,,,215722,0
680,UTTAR PRADESH,LALITPUR,,910,0,0,910,381942,0,0,381942,121981,503923,16695,0,0,16695,1949,,0,1949,13004,0,0,13004,8299,0,0,8299,913,,,913,84,,,84,,,,,,,,,40944,0,0,40944,,,,,,,,,,,,0,,,,0,,,,,,,,,,,,,,,,0,40944,0,0,40944,3146,0,0,3146,37798,0,0,37798,3589,,,3589,6,,,6,27786,,,27786,31382,,,31382,83,,,83,3776,0,0,3776,6229,0,0,6229,,,,,,,,,,,,,,0,0,37798,0,0,,0,,0,,,,,,,,37798,0
681,UTTAR PRADESH,LUCKNOW,,880,880,0,880,202510,41686,0,244196,0,244196,31165,4540,0,35706,22897,,0,22897,4932,0,0,4932,8963,0,0,8963,820,142,0,962,,52,,52,0,1456,0,1456,0,1000,0,1000,68778,7190,0,75967,,,,,,,,,,,,0,,,,0,,,,,,,,,,,,,,,,0,68778,7190,0,75967,4785,719,0,5504,63993,6471,0,70463,4775,8230,,13005,1348,55,,1403,33585,0,,33585,39709,8285,,47993,62,128,,68,5103,8770,0,13873,23956,0,0,23956,,,,,,,,,,,,,,0,0,70463,0,0,,0,,0,,,,,,,,70463,0
682,UTTAR PRADESH,MAHOBA,,810,0,0,810,229341,0,0,229341,0,229341,9016,0,0,9016,9106,,0,9106,5577,0,0,5577,6144,0,0,6144,394,,,394,1790,,,1790,,,,,,,,,32028,0,0,32028,,,,,,,,,,,,0,,,,0,,,,,,,,,,,,,,,,0,32028,0,0,32028,3203,0,0,3203,28825,0,0,28825,1186,,,1186,1,,,1,24407,,,24407,25594,,,25594,89,,,89,1403,0,0,1403,3389,0,0,3389,,,,,,,,,,,,,,0,0,28825,0,0,,0,,0,,,,,,,,28825,0
683,UTTAR PRADESH,MAHRAJGANJ,,1389,0,0,1389,247760,0,0,247760,0,247760,62946,0,0,62946,18098,,0,18098,7240,0,0,7240,16607,0,0,16607,573,,,573,,,,,,,,,,,,,105464,0,0,105464,,,,,,,,,,,,0,,,,0,,,,,,,,,,,,,,,,0,105464,0,0,105464,7560,0,0,7560,97904,0,0,97904,7360,,,7360,23,,,23,55403,,,55403,62786,,,62786,64,,,64,8359,0,0,8359,34119,0,0,34119,,,,,,,,,,,,,,0,0,97904,0,0,,0,,0,,,,,,,,97904,0
684,UTTAR PRADESH,MAINPURI,,660,0,0,660,276072,0,0,276072,0,276072,37592,0,0,37592,22298,,,22298,16686,0,0,16686,16515,0,0,16515,1080,,,1080,105,,,105,,,,,,,,,94277,0,0,94277,,,,,,,,,,,,0,,,,0,,,,,,,,,,,,,,,,0,94277,0,0,94277,9428,0,0,9428,84849,0,0,84849,5108,,,5108,14,,,14,56524,,,56524,61646,,,61646,73,,,73,6162,0,0,6162,23487,0,0,23487,,,,,,,,,,,,,,0,0,84849,0,0,,0,,0,,,,,,,,84849,0
685,UTTAR PRADESH,MATHURA,,557,0,0,557,336078,0,0,336078,0,336078,34914,0,0,34914,36893,,0,36893,40840,0,0,40840,23235,0,0,23235,302,0,0,302,178,,,178,,,,,,,,,136362,0,0,136362,,,,,,,,,,,,0,,,,0,,,,,,,,,,,,,,,,0,136362,0,0,136362,11369,0,0,11369,124993,0,0,124993,6714,,,6714,1159,,,1159,80797,,,80797,88670,,,88670,71,,,71,7537,0,0,7537,35500,0,0,35500,,,,,,,,,,,,,,0,0,124993,0,0,,0,,0,,,,,,,,124993,0
686,UTTAR PRADESH,MAUNATH BHANJAN,,897,0,0,897,171624,0,0,171624,0,171624,31228,0,0,31228,7108,,0,7108,3421,0,0,3421,6898,0,0,6898,2103,,,2103,,,,,,,,,,,,,50759,0,0,50759,,,,,,,,,,,,0,,,,0,,,,,,,,,,,,,,,,0,50759,0,0,50759,4801,0,0,4801,45958,0,0,45958,6640,,,6640,4,,,4,23109,,,23109,29753,,,29753,65,,,65,7034,0,0,7034,15811,0,0,15811,,,,,,,,,,,,,,0,0,45958,0,0,,0,,0,,,,,,,,45958,0
687,UTTAR PRADESH,MEERUT,,857,0,0,857,281049,0,0,281049,0,281049,47294,0,0,47294,16954,,0,16954,8611,0,0,8611,14105,0,0,14105,437,0,0,437,71,,,71,0,0,0,0,0,0,0,0,87473,0,0,87473,,,,,,,,,,,,0,,,,0,,,,,,,,,,,,,,,,0,87473,0,0,87473,7051,0,0,7051,80422,0,0,80422,9729,,,9729,1550,,,1550,52163,,,52163,63442,,,63442,79,,,79,9993,0,0,9993,18822,0,0,18822,,,,,,,,,,,,,,0,0,80422,0,0,,0,,0,,,,,,,,80422,0
688,UTTAR PRADESH,MIRZAPUR,,973,0,0,973,295437,0,0,295437,156648,452085,26499,0,0,26499,4108,,,4108,21100,0,0,21100,7981,0,0,7981,16,,,16,1914,,,1914,,,,,,,,,61618,0,0,61618,,,,,,,,,,,,0,,,,0,,,,,,,,,,,,,,,,0,61618,0,0,61618,5866,0,0,5866,55752,0,0,55752,7034,,,7034,93,,,93,28018,,,28018,35145,,,35145,63,,,63,7750,0,0,7750,19891,0,0,19891,,,,,,,,,,,,,,0,0,55752,0,0,,0,,0,,,,,,,,55752,0
689,UTTAR PRADESH,MORADABAD,,903,0,0,903,224944,0,0,224944,0,224944,41956,0,0,41956,9176,,0,9176,3746,0,0,3746,12988,0,0,12988,2052,0,0,2052,183,,,183,450,0,0,450,600,0,0,600,71151,0,0,71151,,,,,,,,,,,,0,,,,0,,,,,,,,,,,,,,,,0,71151,0,0,71151,7115,0,0,7115,64036,0,0,64036,10462,,,10462,967,,,967,43841,,,43841,55271,,,55271,86,,,86,11318,0,0,11318,11740,0,0,11740,,,,,,,,,,,,,,0,0,64036,0,0,,0,,0,,,,,,,,64036,0
690,UTTAR PRADESH,MUZAFFARNAGAR,,869,0,0,869,275666,0,0,275666,0,275666,46557,0,0,46557,29654,,0,29654,14035,0,0,14035,19908,0,0,19908,343,,,343,24,,,24,,,,,,,,,110520,0,0,110520,,,,,,,,,,,,0,,,,0,,,,,,,,,,,,,,,,0,110520,0,0,110520,8576,0,0,8576,101944,0,0,101944,6856,,,6856,2655,,,2655,71716,,,71716,81226,,,81226,80,,,80,7243,0,0,7243,21626,0,0,21626,,,,,,,,,,,,,,0,0,101944,0,0,,0,,0,,,,,,,,101944,0
691,UTTAR PRADESH,PILIBHIT,,1201,0,0,1201,336959,0,0,336959,0,336959,64276,0,0,64276,14759,,0,14759,6760,0,0,6760,19041,0,0,19041,1498,,,1498,,,,,,,,,,,,,106333,0,0,106333,,,,,,,,,,,,0,,,,0,,,,,,,,,,,,,,,,0,106333,0,0,106333,7820,0,0,7820,98513,0,0,98513,5581,,,5581,407,,,407,55434,,,55434,61422,,,61422,62,,,62,6056,0,0,6056,36616,0,0,36616,,,,,,,,,,,,,,0,0,98513,0,0,,0,,0,,,,,,,,98513,0
692,UTTAR PRADESH,PRATAPGARH,,838,0,0,838,371743,0,0,371743,0,371743,65653,0,0,65653,32294,,0,32294,16389,0,0,16389,27247,0,0,27247,952,,,952,1028,,,1028,,,,,,,,,143562,0,0,143562,,,,,,,,,,,,0,,,,0,,,,,,,,,,,,,,,,0,143562,0,0,143562,13114,0,0,13114,130448,0,0,130448,8449,,,8449,6,,,6,91157,,,91157,99612,,,99612,76,,,76,8885,0,0,8885,30401,0,0,30401,,,,,,,,,,,,,,0,0,130448,0,0,,0,,0,,,,,,,,130448,0
693,UTTAR PRADESH,PRAYAGRAJ,,843,0,0,843,499630,0,0,499630,47370,547000,73512,0,0,73512,16630,,,16630,30637,0,0,30637,19624,0,0,19624,2061,,,2061,112,,,112,227,0,0,227,25,0,0,25,142827,0,0,142827,,,,,,,,,,,,0,,,,0,,,,,,,,,,,,,,,,0,142827,0,0,142827,13709,0,0,13709,129119,0,0,129119,17554,,,17554,1649,,,1649,75537,,,75537,94740,,,94740,73,,,73,21863,0,0,21863,33198,0,0,33198,,,,,,,,,,,,,,0,0,129119,0,0,,0,,0,,,,,,,,129119,0
694,UTTAR PRADESH,RAIBARELI,,748,0,0,748,392458,0,0,392458,0,392458,58606,0,0,58606,23445,,0,23445,23637,0,0,23637,18531,0,0,18531,2056,,,2056,329,,,329,,,,,,,,,126603,0,0,126603,,,,,,,,,,,,0,,,,0,,,,,,,,,,,,,,,,0,126603,0,0,126603,10152,0,0,10152,116451,0,0,116451,7353,,,7353,70,,,70,61824,,,61824,69246,,,69246,59,,,59,9592,0,0,9592,44966,0,0,44966,,,,,,,,,,,,,,0,0,116451,0,0,,0,,0,,,,,,,,116451,0
695,UTTAR PRADESH,RAMPUR,,1052,0,0,1052,229790,0,0,229790,0,229790,50713,0,0,50713,18744,,0,18744,168,0,0,168,13130,0,0,13130,545,,,545,50,,,50,,,,,,,,,83350,0,0,83350,,,,,,,,,,,,0,,,,0,,,,,,,,,,,,,,,,0,83350,0,0,83350,8045,0,0,8045,75305,0,0,75305,5368,,,5368,543,,,543,47199,,,47199,53110,,,53110,71,,,71,5579,0,0,5579,21984,0,0,21984,,,,,,,,,,,,,,0,0,75305,0,0,,0,,0,,,,,,,,75305,0
696,UTTAR PRADESH,SAHARANPUR,,1103,0,0,1103,368941,0,0,368941,0,368941,85462,0,0,85462,15261,,0,15261,8543,0,0,8543,34117,0,0,34117,379,,,379,5,,,5,,,,,,,,,143766,0,0,143766,,,,,,,,,,,,0,,,,0,,,,,,,,,,,,,,,,0,143766,0,0,143766,8917,0,0,8917,134850,0,0,134850,7484,,,7484,1531,,,1531,121361,,,121361,130376,,,130376,97,,,97,7921,0,0,7921,21012,0,0,21012,,,,,,,,,,,,,,0,0,134850,0,0,,0,,0,,,,,,,,134850,0
697,UTTAR PRADESH,SAMBHAL,,785,0,0,785,241520,0,0,241520,0,241520,38807,0,0,38807,412,,0,412,42,0,0,42,7806,0,0,7806,748,,,748,131,,,131,,,,,,,,,47946,0,0,47946,,,,,,,,,,,,0,,,,0,,,,,,,,,,,,,,,,0,47946,0,0,47946,3349,0,0,3349,44597,0,0,44597,5953,,,5953,2113,,,2113,30510,,,30510,38576,,,38576,87,,,87,8028,0,0,8028,4254,0,0,4254,,,,,,,,,,,,,,0,0,44597,0,0,,0,,0,,,,,,,,44597,0
698,UTTAR PRADESH,SANT KABIR NAGAR,,1254,0,0,1254,164699,0,0,164699,0,164699,43464,0,0,43464,1505,,0,1505,601,0,0,601,7454,0,0,7454,1052,0,0,1052,,,,,,,,,,,,,54076,0,0,54076,,,,,,,,,,,,0,,,,0,,,,,,,,,,,,,,,,0,54076,0,0,54076,5408,0,0,5408,48669,0,0,48669,4464,,,4464,160,,,160,24848,,,24848,29471,,,29471,61,,,61,5676,0,0,5676,17986,0,0,17986,,,,,,,,,,,,,,0,0,48669,0,0,,0,,0,,,,,,,,48669,0
699,UTTAR PRADESH,SANT RAVIDAS NAGAR,,950,0,0,950,98305,0,0,98305,3195,101500,19509,0,0,19509,51072,,,51072,1762,0,0,1762,13935,0,0,13935,913,,,913,531,,,531,,,,,,,,,87722,0,0,87722,,,,,,,,,,,,0,,,,0,,,,,,,,,,,,,,,,0,87722,0,0,87722,8474,0,0,8474,79248,0,0,79248,3566,,,3566,214,,,214,55345,,,55345,59125,,,59125,75,,,75,4235,0,0,4235,19455,0,0,19455,,,,,,,,,,,,,,0,0,79248,0,0,,0,,0,,,,,,,,79248,0
700,UTTAR PRADESH,SHAHJAHANPUR,,898,0,0,898,458131,0,0,458131,0,458131,90823,0,0,90823,15238,,0,15238,1368,0,0,1368,22643,0,0,22643,2255,0,0,2255,16,,,16,,,,,,,,,132344,0,0,132344,,,,,,,,,,,,0,,,,0,,,,,,,,,,,,,,,,0,132344,0,0,132344,11208,0,0,11208,121135,0,0,121135,8696,,,8696,1633,,,1633,64734,,,64734,75063,,,75063,62,,,62,9328,0,0,9328,45440,0,0,45440,,,,,,,,,,,,,,0,0,121135,0,0,,0,,0,,,,,,,,121135,0
701,UTTAR PRADESH,SHAMLI,,869,0,0,869,136126,0,0,136126,0,136126,24853,0,0,24853,11199,,0,11199,1136,0,0,1136,10278,0,0,10278,197,,,197,24,,,24,,,,,,,,,47686,0,0,47686,,,,,,,,,,,,0,,,,0,,,,,,,,,,,,,,,,0,47686,0,0,47686,3754,0,0,3754,43932,0,0,43932,3050,,,3050,129,,,129,40977,,,40977,44156,,,44156,101,,,101,3154,0,0,3154,944,0,0,944,,,,,,,,,,,,,,0,0,43932,0,0,,0,,0,,,,,,,,43932,0
702,UTTAR PRADESH,SHRAWASTI,,1185,0,0,1185,185782,0,0,185782,0,185782,46239,0,0,46239,1912,,0,1912,0,0,0,0,9811,0,0,9811,649,,,649,1134,,,1134,,,,,,,,,59745,0,0,59745,,,,,,,,,,,,0,,,,0,,,,,,,,,,,,,,,,0,59745,0,0,59745,5975,0,0,5975,53771,0,0,53771,3383,,,3383,0,,,0,28031,,,28031,31414,,,31414,58,,,58,3632,0,0,3632,22107,0,0,22107,,,,,,,,,,,,,,0,0,53771,0,0,,0,,0,,,,,,,,53771,0
703,UTTAR PRADESH,SIDDHARTH NAGAR,,1159,0,0,1159,289503,0,0,289503,0,289503,69426,0,0,69426,6129,,0,6129,5333,0,0,5333,14405,0,0,14405,578,0,0,578,,,,,,,,,,,,,95871,0,0,95871,,,,,,,,,,,,0,,,,0,,,,,,,,,,,,,,,,0,95871,0,0,95871,8252,0,0,8252,87619,0,0,87619,7658,,,7658,1,,,1,48319,,,48319,55978,,,55978,64,,,64,8561,0,0,8561,30738,0,0,30738,,,,,,,,,,,,,,0,0,87619,0,0,,0,,0,,,,,,,,87619,0
704,UTTAR PRADESH,SITAPUR,,991,0,0,991,574695,0,0,574695,0,574695,99403,0,0,99403,68888,,0,68888,3491,0,0,3491,34825,0,0,34825,2253,,,2253,,,,,,,,,,,,,208860,0,0,208860,,,,,,,,,,,,0,,,,0,,,,,,,,,,,,,,,,0,208860,0,0,208860,17370,0,0,17370,191490,0,0,191490,11680,,,11680,562,,,562,98958,,,98958,111200,,,111200,58,,,58,12815,0,0,12815,79156,0,0,79156,,,,,,,,,,,,,,0,0,191490,0,0,,0,,0,,,,,,,,191490,0
705,UTTAR PRADESH,SONBHADRA,,973,0,0,973,241459,0,0,241459,439499,680958,15318,0,0,15318,2275,,0,2275,23815,0,0,23815,6551,0,0,6551,339,,,339,11713,,,11713,,,,,,,,,60010,0,0,60010,,,,,,,,,,,,0,,,,0,,,,,,,,,,,,,,,,0,60010,0,0,60010,5782,0,0,5782,54228,0,0,54228,4485,,,4485,386,,,386,21820,,,21820,26691,,,26691,49,,,49,6110,0,0,6110,25913,0,0,25913,,,,,,,,,,,,,,0,0,54228,0,0,,0,,0,,,,,,,,54228,0
706,UTTAR PRADESH,SULTANPUR,,888,0,0,888,265381,0,0,265381,0,265381,49607,0,0,49607,21874,,0,21874,6309,0,0,6309,15473,0,0,15473,1900,,,1900,34,,,34,,,,,,,,,95197,0,0,95197,,,,,,,,,,,,0,,,,0,,,,,,,,,,,,,,,,0,95197,0,0,95197,9120,0,0,9120,86077,0,0,86077,6365,,,6365,0,,,0,47227,,,47227,53591,,,53591,62,,,62,7899,0,0,7899,30951,0,0,30951,,,,,,,,,,,,,,0,0,86077,0,0,,0,,0,,,,,,,,86077,0
707,UTTAR PRADESH,UNNAO,,766,0,0,766,460234,0,0,460234,0,460234,68309,0,0,68309,63366,,0,63366,15100,0,0,15100,27308,0,0,27308,2954,,,2954,20,,,20,,,,,,,,,177056,0,0,177056,,,,,,,,,,,,0,,,,0,,,,,,,,,,,,,,,,0,177056,0,0,177056,16109,0,0,16109,160947,0,0,160947,8939,,,8939,723,,,723,89165,,,89165,98827,,,98827,61,,,61,11868,0,0,11868,59190,0,0,59190,,,,,,,,,,,,,,0,0,160947,0,0,,0,,0,,,,,,,,160947,0
708,UTTAR PRADESH,VARANASI,,926,0,0,926,160532,0,0,160532,0,160532,29442,0,0,29442,12646,,0,12646,0,0,0,0,8084,0,0,8084,319,,,319,1274,,,1274,954,0,0,954,100,0,0,100,52819,0,0,52819,,,,,,,,,,,,0,,,,0,,,,,,,,,,,,,,,,0,52819,0,0,52819,5282,0,0,5282,47537,0,0,47537,10780,,,10780,254,,,254,31392,,,31392,42426,,,42426,89,,,89,11286,0,0,11286,7750,0,0,7750,,,,,,,,,,,,,,0,0,47537,0,0,,0,,0,,,,,,,,47537,0
709,UTTARAKHAND,DEHRADUN,,2184,0,0,2184,140842,0,0,140842,46651,187493,53918,0,0,53918,625,,0,625,81,0,0,81,2052,0,0,2052,0,0,0,0,0,0,0,0,,,,,,,,,56677,0,0,56677,,,,,,,,,,,,0,,,,0,,,,,,,,,,,,,,,,0,56677,0,0,56677,5668,0,0,5668,51009,0,0,51009,8007,,,8007,712,,,712,11712,,,11712,20431,,,20431,40,,,40,9418,0,0,9418,29167,0,0,29167,,,,,,,,,,,,,,0,0,51009,0,0,,0,,0,,,,,,,,51009,0
710,UTTARAKHAND,HARIDWAR,,1020,0,0,1020,159432,0,0,159432,69877,229310,31939,0,0,31939,7865,,0,7865,494,0,0,494,6863,0,0,6863,0,0,0,0,182,0,0,182,,,,,,,,,47343,0,0,47343,,,,,,,,,,,,0,,,,0,,,,,,,,,,,,,,,,0,47343,0,0,47343,3920,0,0,3920,43423,0,0,43423,2550,,,2550,3592,,,3592,22360,,,22360,28502,,,28502,66,,,66,8478,0,0,8478,12706,0,0,12706,,,,,,,,,,,,,,0,0,43423,0,0,,0,,0,,,,,,,,43423,0
711,UTTARAKHAND,NAINITAL,,1711,0,0,1711,62524,0,0,62524,174023,236547,21747,0,0,21747,2215,,0,2215,2166,0,0,2166,2756,0,0,2756,0,0,0,0,17,0,0,17,,,,,,,,,28901,0,0,28901,,,,,,,,,,,,0,,,,0,,,,,,,,,,,,,,,,0,28901,0,0,28901,2890,0,0,2890,26011,0,0,26011,4004,,,4004,2041,,,2041,8060,,,8060,14105,,,14105,54,,,54,5038,0,0,5038,10872,0,0,10872,,,,,,,,,,,,,,0,0,26011,0,0,,0,,0,,,,,,,,26011,0
712,UTTARAKHAND,UDHAMSINGH NAGAR,,1465,0,0,1465,267066,0,0,267066,0,267066,60593,0,0,60593,6181,,0,6181,2740,0,0,2740,9949,0,0,9949,0,0,0,0,129,0,0,129,,,,,,,,,79592,0,0,79592,,,,,,,,,,,,0,,,,0,,,,,,,,,,,,,,,,0,79592,0,0,79592,4835,0,0,4835,74756,0,0,74756,3227,,,3227,6613,,,6613,32367,,,32367,42207,,,42207,56,,,56,9388,0,0,9388,26389,0,0,26389,,,,,,,,,,,,,,0,0,74756,0,0,,0,,0,,,,,,,,74756,0
713,WEST BENGAL,ALIPURDUAR,,0,3468,0,3468,0,237597,0,237597,0,237597,0,124234,0,124234,0,,0,0,0,161,0,161,0,4215,0,4215,0,474,0,474,,,,,,,,,,,,,0,129084,0,129084,,,,,,,,,,,,0,,,,0,,,,,,,,,,,,,,,,0,0,129084,0,129084,0,12908,0,12908,0,116176,0,116176,,3451,,3451,,164,,164,,9366,,9366,,12981,,12981,,11,,11,0,4764,0,4764,0,101882,0,101882,,,,,,,22839,131,0,,,,,2809857,0,2926033,0,0,,0,,0,,,,,,,,2926033,0
714,WEST BENGAL,BANKURA,,1331,1331,0,1331,282638,405363,0,688001,0,688001,50732,64700,0,115432,1753,,0,1753,2479,5862,0,8342,6269,15946,0,22215,5915,6401,0,12316,177,459,0,637,,,,,,,,,67326,93369,0,160694,,,,,,,,,,,,0,,,,0,,,,,,,,,,,,,,,,0,67326,93369,0,160694,6187,7471,0,13658,61139,85898,0,147037,2543,6257,,8799,32,372,,404,14647,35587,,50235,17222,42215,,59438,28,49,,40,2910,7338,0,10248,43549,43947,0,87496,,,,,,,1585,0,0,,,,,802948,0,949984,0,0,,0,,0,,,,,,,,949984,0
715,WEST BENGAL,BIRBHUM,,1393,1393,0,1393,382688,72121,0,454809,0,454809,81412,6754,0,88167,1434,,0,1434,1009,545,0,1554,9760,216,0,9976,9517,1815,0,11332,23,2,0,25,,,,,,,,,103156,9332,0,112488,,,,,,,,,,,,0,,,,0,,,,,,,,,,,,,,,,0,103156,9332,0,112488,8460,933,0,9394,94695,8399,0,103094,7073,1560,,8633,100,1230,,1329,24022,479,,24502,31195,3269,,34464,33,39,,33,8874,1938,0,10812,61700,4752,0,66452,,,,,,,410,0,0,,,,,430676,0,533771,0,0,,0,,0,,,,,,,,533771,0
716,WEST BENGAL,DAKSHIN DINAJPUR,,0,1585,0,1585,0,224036,0,224036,0,224036,0,78790,0,78790,0,,0,0,0,2923,0,2923,0,25492,0,25492,0,6034,0,6034,0,29,0,29,,,,,,,,,0,113267,0,113267,,,,,,,,,,,,0,,,,0,,,,,,,,,,,,,,,,0,0,113267,0,113267,0,11097,0,11097,0,102170,0,102170,,3962,,3962,,193,,193,,58068,,58068,,62223,,62223,,61,,61,0,4547,0,4547,0,39363,0,39363,,,,,,,0,0,0,,,,,583588,0,685758,0,0,,0,,0,,,,,,,,685758,0
717,WEST BENGAL,DARJILING,,3119,3119,0,3119,4570,103902,0,108472,114759,223231,2102,39338,0,41440,51,,0,51,7,580,0,587,0,0,0,0,0,280,0,280,0,5,0,5,,,,,,,,,2160,40203,0,42363,,,,,,,,,,,,0,,,,0,,,,,,,,,,,,,,,,0,2160,40203,0,42363,216,4020,0,4236,1944,36183,0,38127,20,539,,558,0,632,,632,0,2133,,2133,20,3304,,3323,1,9,,9,22,901,0,923,1922,32516,0,34439,,,,,,,4002,30,0,,,,,646177,0,684304,0,0,,0,,0,,,,,,,,684304,0
718,WEST BENGAL,HAORA,,1600,1600,1600,1600,14185,46421,71749,132355,0,132355,4843,15827,0,20670,60,,0,60,42,434,0,476,0,515,0,515,248,932,0,1180,0,4,0,4,,,,,,,,,5193,17711,0,22904,,,,,,,,,,,,0,,,,0,,,,,,,,,,,,,,,,0,5193,17711,0,22904,359,1355,0,1714,4834,16356,0,21190,58,2644,0,2702,0,409,0,409,0,1248,0,1248,58,4301,0,4359,1,26,0,21,58,4558,0,4616,4776,10809,0,15585,,,,,,,0,0,0,,,,,175754,0,196944,0,329,,104870,,105199,,,,,,,,196944,0
719,WEST BENGAL,HUGLI,,1476,1476,0,1476,185330,115041,0,300371,0,300371,60282,36384,0,96666,427,,0,427,1816,1732,0,3548,9704,10690,0,20394,4466,2898,0,7364,50,8,0,58,,,,,,,,,76746,51711,0,128457,,,,,,,,,,,,0,,,,0,,,,,,,,,,,,,,,,0,76746,51711,0,128457,7675,4376,0,12051,69072,47335,0,116406,4739,5850,,10589,558,1387,,1945,24476,25700,,50176,29773,32938,,62711,43,70,,54,6395,6857,0,13252,37643,13868,0,51510,,,,,,,941,0,0,,,,,881428,0,997834,0,0,,0,,0,,,,,,,,997834,0
720,WEST BENGAL,JALPAIGURI,,3468,3468,0,3468,19391,320828,0,340219,0,340219,10139,170865,0,181004,164,,0,164,24,506,0,530,0,5715,0,5715,0,945,0,945,2,17,0,20,,,,,,,,,10329,178049,0,188378,,,,,,,,,,,,0,,,,0,,,,,,,,,,,,,,,,0,10329,178049,0,188378,1033,17805,0,18838,9296,160244,0,169541,166,6369,,6535,0,1118,,1118,0,12701,,12701,166,20188,,20354,2,13,,12,242,18123,0,18365,9054,128303,0,137357,,,,,,,36330,176,0,,,,,4966984,0,5136525,0,0,,0,,0,,,,,,,,5136525,0
721,WEST BENGAL,JHARGRAM,,1536,1536,0,1536,172784,129276,0,302060,0,302060,51625,36589,0,88214,622,,0,622,1354,1306,0,2660,4288,4889,0,9177,153,1264,0,1418,28,71,0,98,,,,,,,,,58070,44119,0,102188,,,,,,,,,,,,0,,,,0,,,,,,,,,,,,,,,,0,58070,44119,0,102188,4934,3099,0,8034,53135,41020,0,94155,1470,1381,,2851,323,4,,326,9566,10864,,20430,11359,12249,,23607,21,30,,25,1682,1644,0,3326,41564,28508,0,70072,,,,,,,0,0,0,,,,,429355,0,523510,0,0,,0,,0,,,,,,,,523510,0
722,WEST BENGAL,KALIMPONG,,0,3119,0,3119,0,21071,0,21071,84289,105360,0,3715,0,3715,0,,0,0,0,288,0,288,0,0,0,0,0,0,0,0,0,3,0,3,,,,,,,,,0,4005,0,4005,,,,,,,,,,,,0,,,,0,,,,,,,,,,,,,,,,0,0,4005,0,4005,0,400,0,400,0,3604,0,3604,,63,,63,,2,,2,,0,,0,,65,,65,,2,,2,0,64,0,64,0,3538,0,3538,,,,,,,0,0,0,,,,,114209,0,117813,0,0,,0,,0,,,,,,,,117813,0
723,WEST BENGAL,KOCH BIHAR,,0,3284,0,3284,0,339637,0,339637,0,339637,0,166580,0,166580,0,,0,0,0,484,0,484,0,35558,0,35558,0,4540,0,4540,0,40,0,40,,,,,,,,,0,207202,0,207202,,,,,,,,,,,,0,,,,0,,,,,,,,,,,,,,,,0,0,207202,0,207202,0,20720,0,20720,0,186482,0,186482,,7044,,7044,,102,,102,,79019,,79019,,86165,,86165,,46,,46,0,8709,0,8709,0,98652,0,98652,,,,,,,26878,271,0,,,,,5210566,0,5397047,0,0,,0,,0,,,,,,,,5397047,0
724,WEST BENGAL,KOLKATTA,,0,0,1624,1624,0,0,18700,18700,0,18700,0,0,0,0,0,,0,0,0,0,0,0,0,0,0,0,0,0,0,0,,,,,0,0,0,0,0,0,0,0,0,0,0,0,,,,,,,,,,,,0,,,,0,,,,,,,,,,,,,,,,0,0,0,0,0,0,0,0,0,0,0,0,0,,,0,0,,,0,0,,,0,0,,,0,0,,,0,0,0,0,0,0,0,0,0,0,,,,,,,0,0,0,,,,,0,0,0,0,173,,12574,,12747,,,,,,,,0,0
725,WEST BENGAL,MALDA,,0,1450,0,1450,0,323886,0,323886,0,323886,0,94427,0,94427,0,,0,0,0,2842,0,2842,0,12491,0,12491,0,8055,0,8055,0,28,0,28,,,,,,,,,0,117843,0,117843,,,,,,,,,,,,0,,,,0,,,,,,,,,,,,,,,,0,0,117843,0,117843,0,11042,0,11042,0,106802,0,106802,,8031,,8031,,332,,332,,27806,,27806,,36168,,36168,,34,,34,0,12131,0,12131,0,66533,0,66533,,,,,,,12468,21,0,,,,,1888410,0,1995212,0,0,,0,,0,,,,,,,,1995212,0
726,WEST BENGAL,MURSHIDABAD,,1433,1433,0,1433,197437,315901,0,513338,0,513338,49963,93255,0,143218,354,,0,354,446,1049,0,1495,9453,28772,0,38224,6627,5412,0,12039,87,24,0,112,,,,,,,,,66930,128512,0,195442,,,,,,,,,,,,0,,,,0,,,,,,,,,,,,,,,,0,66930,128512,0,195442,5100,9372,0,14471,61830,119140,0,180970,3545,10798,,14343,121,311,,433,26503,64402,,90905,30170,75510,,105680,49,63,,58,182501,19864,0,202365,31110,37963,0,69073,,,,,,,2869,56,0,,,,,1279952,0,1460922,0,0,,0,,0,,,,,,,,1460922,0
727,WEST BENGAL,NADIA,,0,1444,0,1444,0,391270,0,391270,0,391270,0,125289,0,125289,0,,0,0,0,1424,0,1424,0,60948,0,60948,0,7015,0,7015,0,236,0,236,,,,,,,,,0,194912,0,194912,,,,,,,,,,,,0,,,,0,,,,,,,,,,,,,,,,0,0,194912,0,194912,0,18418,0,18418,0,176494,0,176494,,8761,,8761,,477,,477,,135236,,135236,,144474,,144474,,82,,82,0,12020,0,12020,0,28761,0,28761,,,,,,,0,8,0,,,,,2554579,0,2731073,0,0,,0,,0,,,,,,,,2731073,0
728,WEST BENGAL,NORTH 24 PARGANAS,,0,1624,1624,1624,0,294213,93020,387233,0,387233,0,94917,0,94917,0,,0,0,0,432,0,432,0,37535,0,37535,0,18530,0,18530,0,18,0,18,,,,,,,,,0,151432,0,151432,,,,,,,,,,,,0,,,,0,,,,,,,,,,,,,,,,0,0,151432,0,151432,0,12448,0,12448,0,138985,0,138985,,11940,0,11940,,2214,0,2214,,83556,0,83556,,97710,0,97710,,70,0,70,0,17216,0,17216,0,39553,0,39553,,,,,,,0,165,0,,,,,1347177,0,1486162,0,1246,,181843,,183090,,,,,,,,1486162,0
729,WEST BENGAL,PASCHIM BARDDHAMAN,,1348,1348,0,1348,15440,143725,0,159165,0,159165,975,18572,0,19547,123,,0,123,57,186,0,242,0,384,0,384,0,3873,0,3873,,,,,,,,,,,,,1154,23014,0,24168,,,,,,,,,,,,0,,,,0,,,,,,,,,,,,,,,,0,1154,23014,0,24168,115,2097,0,2212,1039,20917,0,21956,36,4965,,5001,0,4247,,4247,0,2603,,2603,36,11815,,11851,3,56,,54,36,6584,0,6620,1003,8246,0,9249,,,,,,,3046,8,0,,,,,289264,0,311220,0,0,,0,,0,,,,,,,,311220,0
730,WEST BENGAL,PASCHIM MEDINIPUR,,1536,1536,0,1536,146094,485583,0,631677,0,631677,42323,145620,0,187943,822,,0,822,300,1294,0,1595,5228,37292,0,42520,1814,5913,0,7728,130,22,0,152,,,,,,,,,50617,190142,0,240759,,,,,,,,,,,,0,,,,0,,,,,,,,,,,,,,,,0,50617,190142,0,240759,4310,18116,0,22426,46307,172025,0,218333,2269,9725,,11994,856,404,,1260,12330,90856,,103186,15455,100985,,116440,33,59,,53,2612,11779,0,14391,30509,69251,0,99760,,,,,,,4096,21,0,,,,,1223799,0,1442132,0,0,,0,,0,,,,,,,,1442132,0
731,WEST BENGAL,PURBA BARDDHAMAN,,1348,1348,0,1348,460666,82603,0,543269,0,543269,125146,23929,0,149074,3110,,0,3110,1515,392,0,1907,25688,8547,0,34235,10773,3155,0,13928,44,9,0,53,,,,,,,,,166276,36032,0,202308,,,,,,,,,,,,0,,,,0,,,,,,,,,,,,,,,,0,166276,36032,0,202308,15254,3441,0,18695,151022,32591,0,183613,8502,2975,,11477,611,239,,850,63497,20443,,83940,72610,23657,,96268,48,73,,52,9935,3681,0,13616,76979,9774,0,86753,,,,,,,6166,0,0,,,,,1155903,0,1339516,0,0,,0,,0,,,,,,,,1339516,0
732,WEST BENGAL,PURBA MEDINIPUR,,0,1670,1670,1670,0,164955,216040,380995,0,380995,0,56117,0,56117,0,,0,0,0,149,0,149,0,6286,0,6286,0,4507,0,4507,0,11,0,11,,,,,,,,,0,67069,0,67069,,,,,,,,,,,,0,,,,0,,,,,,,,,,,,,,,,0,0,67069,0,67069,0,6707,0,6707,0,60362,0,60362,,4897,0,4897,,21,0,21,,17103,0,17103,,22021,0,22021,,36,0,36,0,6779,0,6779,0,36459,0,36459,,,,,,,0,0,0,,,,,342286,0,402648,0,3803,,274244,,278047,,,,,,,,402648,0
733,WEST BENGAL,PURULIYA,,0,1363,0,1363,0,619313,0,619313,0,619313,0,39247,0,39247,0,,0,0,0,5100,0,5100,0,898,0,898,0,13302,0,13302,0,501,0,501,,,,,,,,,0,59048,0,59048,,,,,,,,,,,,0,,,,0,,,,,,,,,,,,,,,,0,0,59048,0,59048,0,5905,0,5905,0,53143,0,53143,,7317,,7317,,140,,140,,2001,,2001,,9458,,9458,,18,,18,0,9387,0,9387,0,41614,0,41614,,,,,,,152,0,0,,,,,132774,0,185917,0,0,,0,,0,,,,,,,,185917,0
734,WEST BENGAL,SOUTH 24 PARGANAS,,0,0,1624,1624,0,0,551301,551301,0,551301,0,0,0,0,0,,0,0,0,0,0,0,0,0,0,0,0,0,0,0,,,,,,,,,,,,,0,0,0,0,,,,,,,,,,,,0,,,,0,,,,,,,,,,,,,,,,0,0,0,0,0,0,0,0,0,0,0,0,0,,,0,0,,,0,0,,,0,0,,,0,0,,,0,0,0,0,0,0,0,0,0,0,,,,,,,0,0,0,,,,,0,0,0,0,6216,,422766,,428982,,,,,,,,0,0
735,WEST BENGAL,UTTAR DINAJPUR,,1922,1922,0,1922,18645,300638,0,319283,0,319283,5235,89816,0,95051,417,,0,417,19,534,0,554,0,19541,0,19541,0,5638,0,5638,15,173,0,188,,,,,,,,,5686,115703,0,121389,,,,,,,,,,,,0,,,,0,,,,,,,,,,,,,,,,0,5686,115703,0,121389,569,9793,0,10362,5117,105910,0,111027,469,7808,,8277,0,312,,312,0,43425,,43425,469,51545,,52014,9,49,,47,644,10660,0,11304,4473,51513,0,55986,,,,,,,9474,195,0,,,,,2382416,0,2493443,0,0,,0,,0,,,,,,,,2493443,0
Total,,,,888,1189,540,1055,71897444,157402028,17580742,246880214,45695650,292575864,9494961,17422724,979595,27897279,3495032,0,820417,4315469,4578191,1274054,478123,6330368,3025958,2815966,134851,5976775,449593,836135,36309,1322037,399520,1005438,19117,1424075,5272,44807,0,50078,2288,3095,0,5383,21450940,23402219,2468412,47319282,1850,0,0,1850,,,,,0,0,0,0,0,0,0,0,0,4840,0,4840,0,388534,0,388534,0,258,0,258,1850,-393632,0,-391781,21452790,23008588,2468412,46927501,1802931,1884502,219724,3907157,19651709,21124086,2248687,43024483,1223193,1565847,29027,2818067,216400,206299,7307,430006,11280028,10229775,707098,22216901,12719621,12001922,743432,25464974,65,57,33,61,1631537,2008938,33954,3642136,8562856,10086137,1681718,18648993,,,,,,,433205,6433,743,,,,,124731261,2927777,165598161,5202640,997270,,185864907,,186862177,,,,,,,,165598161,5202640