S.No,STATE,DISTRICT,ASSESSMENT UNIT,Rainfall (mm)_C,Rainfall (mm)_NC,Rainfall (mm)_PQ,Rainfall (mm)_Total,Total Geographical Area (ha)_Recharge Worthy Area (ha)_C,Total Geographical Area (ha)_Recharge Worthy Area (ha)_NC,Total Geographical Area (ha)_Recharge Worthy Area (ha)_PQ,Total Geographical Area (ha)_Recharge Worthy Area (ha)_Total,Total Geographical Area (ha)_Hilly Area_Total,Total Geographical Area (ha)_Total_Total,Ground Water Recharge (ham)_Rainfall Recharge_C,Ground Water Recharge (ham)_Rainfall Recharge_NC,Ground Water Recharge (ham)_Rainfall Recharge_PQ,Ground Water Recharge (ham)_Rainfall Recharge_Total,Ground Water Recharge (ham)_Canals_C,Ground Water Recharge (ham)_Canals_NC,Ground Water Recharge (ham)_Canals_PQ,Ground Water Recharge (ham)_Canals_Total,Ground Water Recharge (ham)_Surface Water Irrigation_C,Ground Water Recharge (ham)_Surface Water Irrigation_NC,Ground Water Recharge (ham)_Surface Water Irrigation_PQ,Ground Water Recharge (ham)_Surface Water Irrigation_Total,Ground Water Recharge (ham)_Ground Water Irrigation_C,Ground Water Recharge (ham)_Ground Water Irrigation_NC,Ground Water Recharge (ham)_Ground Water Irrigation_PQ,Ground Water Recharge (ham)_Ground Water Irrigation_Total,Ground Water Recharge (ham)_Tanks and Ponds_C,Ground Water Recharge (ham)_Tanks and Ponds_NC,Ground Water Recharge (ham)_Tanks and Ponds_PQ,Ground Water Recharge (ham)_Tanks and Ponds_Total,Ground Water Recharge (ham)_Water Conservation Structure_C,Ground Water Recharge (ham)_Water Conservation Structure_NC,Ground Water Recharge (ham)_Water Conservation Structure_PQ,Ground Water Recharge (ham)_Water Conservation Structure_Total,Ground Water Recharge (ham)_Pipelines_C,Ground Water Recharge (ham)_Pipelines_NC,Ground Water Recharge (ham)_Pipelines_PQ,Ground Water Recharge (ham)_Pipelines_Total,Ground Water Recharge (ham)_Sewages and Flash Flood Channels_C,Ground Water Recharge (ham)_Sewages and Flash Flood Channels_NC,Ground Water Recharge (ham)_Sewages and Flash Flood Channels_PQ,Ground Water Recharge (ham)_Sewages and Flash Flood Channels_Total,Ground Water Recharge (ham)_C_Total,Ground Water Recharge (ham)_NC_Total,Ground Water Recharge (ham)_PQ_Total,Ground Water Recharge (ham)_Total_Total,Inflows and Outflows (ham)_Base Flow_C,Inflows and Outflows (ham)_Base Flow_NC,Inflows and Outflows (ham)_Base Flow_PQ,Inflows and Outflows (ham)_Base Flow_Total,Inflows and Outflows (ham)_Stream Recharges_C,Inflows and Outflows (ham)_Stream Recharges_NC,Inflows and Outflows (ham)_Stream Recharges_PQ,Inflows and Outflows (ham)_Stream Recharges_Total,Inflows and Outflows (ham)_Lateral Flows_C,Inflows and Outflows (ham)_Lateral Flows_NC,Inflows and Outflows (ham)_Lateral Flows_PQ,Inflows and Outflows (ham)_Lateral Flows_Total,Inflows and Outflows (ham)_Vertical Flows_C,Inflows and Outflows (ham)_Vertical Flows_NC,Inflows and Outflows (ham)_Vertical Flows_PQ,Inflows and Outflows (ham)_Vertical Flows_Total,Inflows and Outflows (ham)_Evaporation_C,Inflows and Outflows (ham)_Evaporation_NC,Inflows and Outflows (ham)_Evaporation_PQ,Inflows and Outflows (ham)_Evaporation_Total,Inflows and Outflows (ham)_Transpiration_C,Inflows and Outflows (ham)_Transpiration_NC,Inflows and Outflows (ham)_Transpiration_PQ,Inflows and Outflows (ham)_Transpiration_Total,Inflows and Outflows (ham)_Evapotranspiration_C,Inflows and Outflows (ham)_Evapotranspiration_NC,Inflows and Outflows (ham)_Evapotranspiration_PQ,Inflows and Outflows (ham)_Evapotranspiration_Total,Inflows and Outflows (ham)_C_Total,Inflows and Outflows (ham)_NC_Total,Inflows and Outflows (ham)_PQ_Total,Inflows and Outflows (ham)_Total_Total,Annual Ground water Recharge (ham)_Total_C,Annual Ground water Recharge (ham)_Total_NC,Annual Ground water Recharge (ham)_Total_PQ,Annual Ground water Recharge (ham)_Total_Total,Environmental Flows (ham)_Total_C,Environmental Flows (ham)_Total_NC,Environmental Flows (ham)_Total_PQ,Environmental Flows (ham)_Total_Total,Annual Extractable Ground water Resource (ham)_Total_C,Annual Extractable Ground water Resource (ham)_Total_NC,Annual Extractable Ground water Resource (ham)_Total_PQ,Annual Extractable Ground water Resource (ham)_Total_Total,Ground Water Extraction for all uses (ha.m)_Domestic_C,Ground Water Extraction for all uses (ha.m)_Domestic_NC,Ground Water Extraction for all uses (ha.m)_Domestic_PQ,Ground Water Extraction for all uses (ha.m)_Domestic_Total,Ground Water Extraction for all uses (ha.m)_Industrial_C,Ground Water Extraction for all uses (ha.m)_Industrial_NC,Ground Water Extraction for all uses (ha.m)_Industrial_PQ,Ground Water Extraction for all uses (ha.m)_Industrial_Total,Ground Water Extraction for all uses (ha.m)_Irrigation_C,Ground Water Extraction for all uses (ha.m)_Irrigation_NC,Ground Water Extraction for all uses (ha.m)_Irrigation_PQ,Ground Water Extraction for all uses (ha.m)_Irrigation_Total,Ground Water Extraction for all uses (ha.m)_C_Total,Ground Water Extraction for all uses (ha.m)_NC_Total,Ground Water Extraction for all uses (ha.m)_PQ_Total,Ground Water Extraction for all uses (ha.m)_Total_Total,Stage of Ground Water Extraction (%)_Total_C,Stage of Ground Water Extraction (%)_Total_NC,Stage of Ground Water Extraction (%)_Total_PQ,Stage of Ground Water Extraction (%)_Total_Total,Allocation of Ground Water Resource for Domestic Utilisation for projected year 2025 (ham)_Total_C,Allocation of Ground Water Resource for Domestic Utilisation for projected year 2025 (ham)_Total_NC,Allocation of Ground Water Resource for Domestic Utilisation for projected year 2025 (ham)_Total_PQ,Allocation of Ground Water Resource for Domestic Utilisation for projected year 2025 (ham)_Total_Total,Net Annual Ground Water Availability for Future Use (ham)_Total_C,Net Annual Ground Water Availability for Future Use (ham)_Total_NC,Net Annual Ground Water Availability for Future Use (ham)_Total_PQ,Net Annual Ground Water Availability for Future Use (ham)_Total_Total,Quality Tagging_Major Parameter Present_C,Quality Tagging_Major Parameter Present_NC,Quality Tagging_Major Parameter Present_PQ,Quality Tagging_Other Parameters Present_C,Quality Tagging_Other Parameters Present_NC,Quality Tagging_Other Parameters Present_PQ,Additional Potential Resources Under Specific Conditions(ham)_Other Parameters Present_Waterlogged and shallow water Table,Additional Potential Resources Under Specific Conditions(ham)_Other Parameters Present_Flood Prone,Additional Potential Resources Under Specific Conditions(ham)_Other Parameters Present_Spring Discharge,Coastal Areas_Other Parameters Present_C,Coastal Areas_Other Parameters Present_NC,Coastal Areas_Other Parameters Present_PQ,Coastal Areas_Other Parameters Present_Total,In-Storage Unconfined Ground Water Resources(ham)_Other Parameters Present_Fresh,In-Storage Unconfined Ground Water Resources(ham)_Other Parameters Present_Saline,Total Ground Water Availability in Unconfined Aquifier (ham)_Other Parameters Present_Fresh,Total Ground Water Availability in Unconfined Aquifier (ham)_Other Parameters Present_Saline,Dynamic Confined Ground Water Resources(ham)_Other Parameters Present_Fresh,Dynamic Confined Ground Water Resources(ham)_Other Parameters Present_Saline,In-Storage Confined Ground Water Resources(ham)_Other Parameters Present_Fresh,In-Storage Confined Ground Water Resources(ham)_Other Parameters Present_Saline,Total Confined Ground Water Resources (ham)_Other Parameters Present_Fresh,Total Confined Ground Water Resources (ham)_Other Parameters Present_Saline,Dynamic Semi Confined Ground Water Resources (ham)_Other Parameters Present_Fresh,Dynamic Semi Confined Ground Water Resources (ham)_Other Parameters Present_Saline,In-Storage Semi Confined Ground Water Resources (ham)_Other Parameters Present_Fresh,In-Storage Semi Confined Ground Water Resources (ham)_Other Parameters Present_Saline,Total Semi-Confined Ground Water Resources (ham)_Other Parameters Present_Fresh,Total Semi-Confined Ground Water Resources (ham)_Other Parameters Present_Saline,Total Ground Water Availability in the area (ham)_Other Parameters Present_Fresh,Total Ground Water Availability in the area (ham)_Other Parameters Present_Saline
1,ANDAMAN AND NICOBAR ISLANDS,N & M ANDAMAN,,0.0,3015.7,0.0,3015.7,0.0,58040.0,0.0,58040.0,286106.0,344146.0,0.0,16376.36,0.0,16376.36,0.0,,0.0,0.0,0.0,0.0,0.0,0.0,0.0,0.0,0.0,0.0,0.0,12.06,0.0,12.06,0.0,0.0,0.0,0.0,,,,,,,,,0.0,16388.420000000002,0.0,16388.420000000002,,,,,,,,,,,,0.0,,,,0.0,0.0,0.0,0.0,0.0,0.0,0.0,0.0,0.0,0.0,0.0,0.0,0.0,0.0,0.0,0.0,0.0,0.0,16388.420000000002,0.0,16388.420000000002,0.0,1638.86,0.0,1638.86,0.0,14749.56,0.0,14749.56,,254.90632749999997,,254.90632749999997,,83.244524676865,,83.244524676865,,0.804,,0.804,,338.96,,338.96,,2.2981024518697506,,2.2981024518697506,0.0,269.19,0.0,269.19,0.0,14396.32,0.0,14396.32,,,,,,,0.0,0.0,0.0,,,,,0.0,0.0,14749.56,0.0,0.0,,0.0,,0.0,,,,,,,,14749.56,0.0
2,ANDAMAN AND NICOBAR ISLANDS,NICOBAR,,0.0,2805.2,2805.1999999999994,2805.2,0.0,121615.0,828.0,122443.0,71723.0,194166.0,0.0,34663.159999999996,348.4,35011.56,0.0,,0.0,0.0,0.0,0.0,0.0,0.0,0.0,0.0,0.0,0.0,0.0,1.2,0.0,1.2,0.0,0.0,0.0,0.0,,,,,,,,,0.0,34664.36,348.4,35012.76,,,,,,,,,,,,0.0,,,,0.0,0.0,0.0,0.0,0.0,0.0,0.0,0.0,0.0,0.0,0.0,0.0,0.0,0.0,0.0,0.0,0.0,0.0,34664.36,348.4,35012.76,0.0,3466.4399999999996,34.84,3501.2799999999997,0.0,31197.920000000006,313.56,31511.480000000003,,85.876835,3.0654525,88.94228749999999,,0.9457227945205459,0.0,0.9457227945205459,,0.253,0.0,0.253,,87.04,3.0700000000000003,90.11,,0.27899295850492595,0.9790789641535911,0.2789929585049259,0.0,90.68,3.24,90.68,0.0,31106.070000000003,310.32,31106.070000000003,,,,,,,0.0,0.0,0.0,,,,,0.0,0.0,31197.92,313.56,0.0,,0.0,,0.0,,,,,,,,31197.92,313.56
3,ANDAMAN AND NICOBAR ISLANDS,SOUTH ANDAMAN,,0.0,3015.7,0.0,3015.7,0.0,31524.0,0.0,31524.0,215321.0,246845.0,0.0,10777.26,0.0,10777.26,0.0,,0.0,0.0,0.0,0.0,0.0,0.0,0.0,0.0,0.0,0.0,0.0,12.88,0.0,12.88,0.0,0.0,0.0,0.0,,,,,,,,,0.0,10790.140000000001,0.0,10790.140000000001,,,,,,,,,,,,0.0,,,,0.0,0.0,0.0,0.0,0.0,0.0,0.0,0.0,0.0,0.0,0.0,0.0,0.0,0.0,0.0,0.0,0.0,0.0,10790.140000000001,0.0,10790.140000000001,0.0,1079.0000000000002,0.0,1079.0000000000002,0.0,9711.140000000001,0.0,9711.140000000001,,314.04125500000004,,314.04125500000004,,13.6100975,,13.6100975,,10.647,,10.647,,338.28,,338.28,,3.483422131696175,,3.483422131696175,0.0,331.62,0.0,331.62,0.0,9355.28,0.0,9355.28,,,,,,,0.0,0.0,0.0,,,,,0.0,0.0,9711.140000000001,0.0,0.0,,0.0,,0.0,,,,,,,,9711.140000000001,0.0
4,ANDHRA PRADESH,Alluri Sitharama Raju,,0.0,1306.5188450740598,0.0,1306.5188450740598,0.0,639234.6759947998,0.0,639234.6759947998,586107.7108381618,1225342.3868329613,0.0,43318.79,0.0,43318.79,,,,,0.0,46953.07000000001,0.0,46953.07000000001,0.0,10.649999999999999,0.0,10.649999999999999,,68.13,,68.13,,3170.2019999999993,,3170.2019999999993,,,,,,,,,0.0,93520.37,0.0,93520.37,,,,,,,,,,,,0.0,,,,0.0,,,,,,,,,,,,,,,,0.0,0.0,93520.37,0.0,93520.37,0.0,4676.5199999999995,0.0,4676.5199999999995,0.0,88843.84999999996,0.0,88843.84999999996,,1629.760806,,1629.760806,,0.0,,0.0,,577.316,,577.316,,2208.25,,2208.25,,2.485540642374234,,2.485540642374234,0.0,1810.5600000000002,0.0,1810.5600000000002,0.0,86679.17,0.0,86679.17,,,,,,,,,,,,,,0.0,0.0,88843.84999999996,0.0,0.0,,0.0,,0.0,,,,,,,,88843.84999999996,0.0
5,ANDHRA PRADESH,Anakapalli,,1127.8227373387253,1162.753521332215,0.0,1156.4609392393227,62316.0,283606.65992,0.0,345922.65992,83322.41,429245.06992,6052.500000000001,31069.120000000006,0.0,37121.619999999995,1895.75,,15.18,1910.9299999999998,17671.25,13219.77,0.0,30891.02,844.2500000000001,2721.54,0.0,3565.790000000001,413.49,1700.5299999999995,0.0,2114.0199999999995,1072.288,3468.4280000000003,,4540.716,,,,,,,,,27962.78,52179.50999999999,15.18,80157.47,,,,,,,,,,,,0.0,,,,0.0,,,,,,,,,,,,,,,,0.0,27962.78,52179.50999999999,15.18,80157.47,1398.17,2609.38,0.76,4008.2899999999995,26564.609999999997,49570.12999999999,14.42,76149.16,999.1202040000001,3899.4267599999994,,4898.546964000001,37.296,435.25739999999996,,472.5534,3415.8018913999995,11538.0714437,,14953.873335099997,4452.290000000001,15872.889999999998,,20325.179999999997,16.76023099906229,32.02107801613593,,26.696328115128516,1175.7000000000003,4588.3600000000015,0.0,5764.0599999999995,22245.73,33517.17,14.42,55762.899999999994,,,,,,,,,,,,,,1219351.8800000001,0.0,1295486.5199999998,14.42,0.0,,0.0,,0.0,,,,,,,,1295486.5199999998,14.42
6,ANDHRA PRADESH,Ananthapuramu,,513.726716720963,515.4758717065273,0.0,515.0271560668946,242803.0,703676.3300000001,0.0,946479.3300000001,97831.67,1044311.0,10637.450000000003,31553.83,0.0,42191.28,3375.71,,0.0,3375.71,9444.979999999998,1041.12,0.0,10486.100000000002,2757.43,4900.489999999999,0.0,7657.92,1425.4299999999998,4081.0399999999995,0.0,5506.469999999999,13058.940000000002,41034.50000000001,0.0,54093.44000000002,,,,,,,,,40699.770000000004,82610.95999999996,0.0,123310.72999999998,,,,,,,,,,,,0.0,,,,0.0,,,,,,,,,,,,,,,,0.0,40699.770000000004,82610.95999999996,0.0,123310.72999999998,2035.07,4130.71,0.0,6165.779999999999,38664.7,78480.25,0.0,117144.95,887.46138,2701.4668019999995,,3588.9281819999997,61.2,454.392,,515.592,10803.0061642,24077.770568400003,,34880.77673260001,11751.680000000002,27233.879999999997,,38985.55999999999,30.393821754727192,34.70157141446414,,33.27976152621175,1333.49,3400.36,0.0,4733.850000000002,26556.760000000002,50940.159999999996,0.0,77496.92,,,,,,,,,,,,,,0.0,0.0,117144.95,0.0,0.0,,0.0,,0.0,,,,,,,,117144.95,0.0
7,ANDHRA PRADESH,Annamayya,,764.4086622875425,744.3968663957232,0.0,747.7678588908607,112199.0,553867.0,0.0,666066.0,128462.0,794528.0,7479.21,39777.71,0.0,47256.919999999984,28.889999999999997,,,28.889999999999997,73.71,972.3,0.0,1046.01,1680.7500000000002,9637.820000000002,0.0,11318.570000000002,1775.3400000000001,6152.500000000002,0.0,7927.84,2346.15,19127.252000000004,0.0,21473.402000000006,,,,,,,,,13384.050000000003,75667.81000000003,0.0,89051.86,,,,,,,,,,,,0.0,,,,0.0,,,,,,,,,,,,,,,,0.0,13384.050000000003,75667.81000000003,0.0,89051.86,669.24,3783.4799999999996,0.0,4452.719999999999,12714.810000000003,71884.32999999999,0.0,84599.14,794.14,2578.571375,,3372.7113750000008,0.0,137.74800000000002,,137.74800000000002,5269.797499289153,32648.089035669058,,37917.88653495822,6063.959999999999,35364.44,,41428.4,47.69210078640575,49.196313021210614,,48.97023775891812,794.15,4219.759999999999,0.0,5013.91,6650.849999999999,35214.94,0.0,41865.79,,,,,,,,,,,,,,0.0,0.0,84599.13999999998,0.0,0.0,,0.0,,0.0,,,,,,,,84599.13999999998,0.0
8,ANDHRA PRADESH,Bapatla,,894.7267975447967,924.7060543444571,906.3694832867789,899.8830518417965,242261.0,19358.0,118499.0,380118.0,2767.0,382885.0,22478.389999999996,2430.29,8761.370000000003,33670.049999999996,5854.35,,555.88,6410.230000000002,35593.469999999994,1170.86,19537.44,56301.77,2495.53,30.29,0.0,2525.82,373.58000000000004,5.63,1.7000000000000002,380.91,4417.497999999999,275.354,515.268,5208.119999999999,,,,,,,,,71212.79000000001,3912.4300000000007,29371.71,104496.93000000001,,,,,,,,,,,,0.0,,,,0.0,,,,,,,,,,,,,,,,0.0,71212.79000000001,3912.4300000000007,29371.71,104496.93000000001,3560.6699999999996,195.62,1468.6399999999999,5224.93,67652.12,3716.81,27903.069999999996,99272.00000000001,2561.1977912499997,128.7681675,194.729325,2884.69528375,55.2368,0.0,0.0,55.2368,10762.360902834009,138.26,0.0,10900.620902834009,13378.85,267.03999999999996,194.71,13840.6,19.77595084972947,7.184655659019428,0.6978085207111621,19.12021099377558,2685.7100000000005,135.03,204.23000000000002,2820.7400000000002,54369.869999999995,3443.51,27704.75,57813.38,,,,,,,,,,,,,,705720.09,231223.0,777089.05,259126.07,0.0,,0.0,,0.0,,,,,,,,777089.05,259126.07
9,ANDHRA PRADESH,Chittoor,,0.0,905.3953366299111,0.0,905.3953366299111,0.0,600450.95,0.0,600450.95,85448.05,685899.0,0.0,59508.280000000006,0.0,59508.280000000006,,,,,0.0,1212.7699999999998,0.0,1212.7699999999998,0.0,14108.86,0.0,14108.86,,7234.200000000001,,7234.200000000001,,11101.24,,11101.24,,,,,,,,,0.0,93165.21,0.0,93165.21,,,,,,,,,,,,0.0,,,,0.0,,,,,,,,,,,,,,,,0.0,0.0,93165.21,0.0,93165.21,0.0,4658.55,0.0,4658.55,0.0,88506.66,0.0,88506.66,,4042.456957,,4042.456957,,1330.2462,,1330.2462,,44292.6203784,,44292.6203784,,49665.36,,49665.36,,56.11482796887828,,56.11482796887828,0.0,5847.329999999998,0.0,5847.329999999998,0.0,37894.670000000006,0.0,37894.670000000006,,,,,,,,,,,,,,3099934.18,0.0,3188440.8200000003,0.0,0.0,,0.0,,0.0,,,,,,,,3188440.8200000003,0.0
10,ANDHRA PRADESH,East Godavari,,1073.0734551545643,1081.333692063694,0.0,1077.1904954157549,127679.43216,126873.37999999999,0.0,254552.81216,3081.9200000000005,257634.73215999999,13594.059999999998,12943.550000000001,0.0,26537.610000000004,14309.669999999998,,0.0,14309.669999999998,40469.02999999999,8305.05,0.0,48774.079999999994,3408.8399999999997,2584.5899999999997,0.0,5993.429999999999,8060.169999999999,6773.709999999999,0.0,14833.880000000003,1180.682,549.2320000000001,0.0,1729.9140000000004,,,,,,,,,81022.54000000001,31156.18,0.0,112178.7,,,,,,,,,,,,0.0,,,,0.0,,,,,,,,,,,,,,,,0.0,81022.54000000001,31156.18,0.0,112178.7,4051.1800000000003,1557.8,0.0,5608.969999999999,76971.36,29598.380000000005,0.0,106569.74000000002,654.508437,1428.0301245,,2082.5385614999996,849.3609600000002,305.76239999999996,,1155.12336,13597.130289473684,14801.259732072316,,28398.390021546013,15100.95,16535.06,,31636.01,19.618920595920354,55.86474665167485,,29.68573443080559,691.42,1507.8200000000002,0.0,2199.24,62067.869999999995,14667.29,0.0,76735.16,,,,,,,,,,,,,,0.0,0.0,106569.73999999999,0.0,0.0,,0.0,,0.0,,,,,,,,106569.73999999999,0.0
11,ANDHRA PRADESH,Eluru,,908.8084265189468,1054.548222592449,874.6405567303109,998.3616952426995,135041.41,427669.6555,96474.0,659185.0655000001,10631.8045,669816.8700000001,13480.650000000003,39011.9,10462.11,62954.65999999999,10984.38,,303.03,11287.41,35205.74,21628.660000000007,3033.75,59868.15000000001,1625.38,9372.22,0.0,10997.599999999999,3494.0699999999993,21578.19,2205.0,27277.260000000002,2218.946,7438.892000000002,2285.21,11943.048000000003,,,,,,,,,67009.14,99029.85000000002,18289.16,184328.14999999997,,,,,,,,,,,,0.0,,,,0.0,,,,,,,,,,,,,,,,0.0,67009.14,99029.85000000002,18289.16,184328.14999999997,3350.5699999999997,4951.6100000000015,914.5300000000001,9216.71,63658.57,94078.24,17374.63,175111.43999999997,3321.677850000001,6763.689785999999,0.0,10085.367636,62.999999999999986,397.79999999999995,15.120000000000001,475.91999999999996,5096.3086978,35320.86975736801,0.0,40417.178455168,8480.380000000001,42482.63999999999,15.120000000000001,50978.090000000004,13.321662739203852,45.15671211536269,0.08702343589474999,32.30886309923474,3730.160000000001,7728.3099999999995,0.0,11458.47,55133.380000000005,52599.28,17359.510000000002,107732.66,,,,,,,,,,,,,,4697144.92,249369.85999999996,4854881.73,266744.50000000006,0.0,,0.0,,0.0,,,,,,,,4854881.73,266744.50000000006
12,ANDHRA PRADESH,Guntur,,888.5730274417607,995.1196864111497,875.8965633124342,884.3118604084483,155474.6592,574.0,86284.2008,242332.85999999996,2971.0,245303.85999999996,14636.360000000002,30.860000000000003,6717.33,21384.55,16673.02,,1323.66,17996.68,24306.478212863687,0.0,4738.516638092579,29045.0,1282.34,0.0,2.62,1284.96,613.6800000000001,0.0,133.24,746.92,434.532,0.0,,434.532,,,,,,,,,57946.44,30.860000000000003,12915.369999999999,70892.67000000001,,,,,,,,,,,,0.0,,,,0.0,,,,,,,,,,,,,,,,0.0,57946.44,30.860000000000003,12915.369999999999,70892.67000000001,2897.38,1.5399999999999998,645.8,3544.7200000000003,55049.05999999999,29.32,12269.570000000002,67347.95,2539.9236723,0.0,5.24025,2545.1639222999997,209.64849999999998,0.0,0.0,209.64849999999998,7902.718238624806,0.0,40.346,7943.0642386248055,10652.249999999998,0.0,45.56,10697.810000000001,19.350466656469703,0.0,0.37132515646432596,19.340165778296317,2788.24,0.0,8.81,2788.24,44148.41999999999,29.32,12220.429999999998,44177.73999999999,,,,,,,,,,,,,,408615.8400000001,359284.63999999996,463694.2199999999,371554.20999999996,0.0,,0.0,,0.0,,,,,,,,463694.2199999999,371554.20999999996
13,ANDHRA PRADESH,Kakinada,,1106.2366670954648,1118.369984246407,1240.4671926669962,1138.1521086050323,169714.76799999995,54862.40399999999,63547.00003,288124.17203,13855.046,301979.21803000005,15909.130000000001,3830.57,5676.54,25416.240000000005,14318.960000000003,,3726.4,18045.36,47335.20999999999,13959.099999999999,14115.54,75409.84999999999,2180.93,392.91,69.93,2643.7700000000004,1649.87,897.2600000000001,0.0,2547.13,1219.9759999999997,877.1999999999999,163.48200000000003,2260.6579999999994,,,,,,,,,82614.18,19957.1,23751.87,125574.23,,,,,,,,,,,,0.0,,,,0.0,,,,,,,,,,,,,,,,0.0,82614.18,19957.1,23751.87,125574.23,4093.2699999999995,997.8999999999999,1187.7899999999997,6278.919999999999,78520.91,18959.199999999997,22564.08,120044.19,1772.8212059999998,312.741636,288.872388,2374.43523,2293.6032,284.058,404.28720000000004,2981.9483999999998,10143.730571833265,2316.8838332658843,504.68573613921495,12965.300141238364,14209.869999999999,2913.63,1197.75,18321.25,18.096924755456854,15.367895269842613,5.308215535488262,17.566147596673822,1862.26,329.18999999999994,304.04999999999995,2191.45,64380.0,16130.189999999999,21374.990000000005,80510.19,,,,,,,,,,,,,,0.0,0.0,97480.11,22564.08,0.0,,0.0,,0.0,,,,,,,,97480.11,22564.08
14,ANDHRA PRADESH,Konaseema,,1239.5903714370681,0.0,1359.6347944687952,1278.4764741745034,131173.20964,834.0,75988.07199999999,207995.28164,100.61999999999999,208095.90163999997,18336.08,0.0,11920.29,30256.370000000003,28556.47,,8300.33,36856.799999999996,61193.619999999995,584.41,12298.45,74076.48,3651.2500000000005,164.01,8.07,3823.3300000000004,328.83000000000004,0.0,0.0,328.83000000000004,548.25,0.692,446.086,995.028,,,,,,,,,112614.68000000002,749.12,32973.25,146337.05000000002,,,,,,,,,,,,0.0,,,,0.0,,,,,,,,,,,,,,,,0.0,112614.68000000002,749.12,32973.25,146337.05000000002,5630.7300000000005,37.46,1648.7500000000002,7316.93,106983.95,711.6600000000001,31324.5,139020.11,1266.1213440000001,0.0,0.0,1266.1213440000001,996.2640000000001,30.3876,612.6156000000001,1639.2672000000002,14529.567722,458.26812,232.841859,15220.677700999999,16791.75,488.65999999999997,845.3699999999998,18125.78,15.6955786358608,68.66481184835453,2.6987501795719,16.045602973045977,1327.73,0.0,0.0,1327.73,90130.57000000002,319.24,30479.129999999997,90449.81000000003,,,,,,,,,,,,,,0.0,0.0,107695.60999999999,31324.5,0.0,,0.0,,0.0,,,,,,,,107695.60999999999,31324.5
15,ANDHRA PRADESH,Krishna,,1019.9986212313829,0.0,1080.9061783603188,1050.5343306120765,193506.0,0.0,194550.0,388056.0,0.0,388056.0,27896.73,0.0,24928.64,52825.369999999995,51390.01999999999,,611.3399999999999,52001.359999999986,100378.76000000001,0.0,52642.520000000004,153021.28,11268.56,0.0,1.68,11270.239999999998,228.33999999999997,0.0,12.0,240.33999999999995,9006.796,0.0,1118.102,10124.898,,,,,,,,,200169.13999999998,0.0,79314.27000000002,279483.41000000003,,,,,,,,,,,,0.0,,,,0.0,,,,,,,,,,,,,,,,0.0,200169.13999999998,0.0,79314.27000000002,279483.41000000003,10008.6,0.0,3965.8199999999997,13974.419999999996,190160.53999999998,0.0,75348.44999999998,265508.98999999993,2061.21450285,,756.3886901999999,2817.6031930499994,994.5400000000002,,0.0,994.5400000000002,45685.30819959514,,231.675,45916.983199595146,48741.049999999996,,988.0600000000002,49729.10999999999,25.631526919307234,,1.311320936263454,25.63152691930724,2736.0699999999997,0.0,798.95,2736.0699999999997,140744.63,0.0,74317.80000000002,140744.63,,,,,,,,,,,,,,1033854.6299999999,1284961.3800000001,1224015.22,1360309.82,0.0,,0.0,,0.0,,,,,,,,1224015.22,1360309.82
16,ANDHRA PRADESH,Kurnool,,615.7416971515968,606.8133548941146,0.0,609.2770435912328,208573.0,547290.0,0.0,755863.0,41877.0,797740.0,10874.569999999996,27580.23,0.0,38454.8,8627.640000000001,,0.0,8627.640000000001,12458.530000000002,8454.48,0.0,20913.010000000002,961.36,1836.58,0.0,2797.9400000000005,155.68000000000004,1692.5500000000002,0.0,1848.23,1233.5140000000001,3213.27,,4446.784,,,,,,,,,34311.25,42776.969999999994,0.0,77088.22000000003,,,,,,,,,,,,0.0,,,,0.0,,,,,,,,,,,,,,,,0.0,34311.25,42776.969999999994,0.0,77088.22000000003,1715.4999999999998,2139.02,0.0,3854.5199999999995,32595.75,40637.95,0.0,73233.7,1599.3561240000001,3678.5073030000003,,5277.863427,10.5,49.349999999999994,,59.85,3959.6986336032387,7919.836294412956,,11879.534928016197,5569.570000000001,11647.74,,17217.31,17.086798125522503,28.66222336510577,,23.510091665449107,1656.07,3808.9,0.0,5464.970000000001,26969.440000000002,28919.05000000001,0.0,55888.49000000001,,,,,,,,,,,,,,0.0,0.0,73233.7,0.0,0.0,,0.0,,0.0,,,,,,,,73233.7,0.0
17,ANDHRA PRADESH,NTR,,1036.3076804203904,982.050002929287,0.0,1033.2843316227263,289255.0,17069.0,0.0,306324.0,11800.0,318124.0,20185.129999999997,1142.8400000000001,0.0,21327.97,12622.379999999997,,,12622.379999999997,22791.469999999994,193.82000000000002,0.0,22985.289999999994,6383.97,311.28000000000003,0.0,6695.25,2164.6099999999997,400.93000000000006,,2565.54,6263.471999999999,343.62800000000004,,6607.099999999999,,,,,,,,,70410.9,2392.5100000000007,0.0,72803.41,,,,,,,,,,,,0.0,,,,0.0,,,,,,,,,,,,,,,,0.0,70410.9,2392.5100000000007,0.0,72803.41,3520.66,119.62000000000002,0.0,3640.2799999999997,66890.24,2272.89,0.0,69163.13,1463.8752000000002,87.38496,,1551.26016,1058.64,79.2,,1137.84,19569.45395,1009.6589999999999,,20579.112950000002,22092.04,1176.2700000000002,,23268.31,33.0272996479008,51.75217454430264,,33.642650354314505,1519.17,90.69,0.0,1609.86,44855.07000000001,1147.3500000000001,0.0,46002.420000000006,,,,,,,,,,,,,,0.0,0.0,69163.13,0.0,0.0,,0.0,,0.0,,,,,,,,69163.13,0.0
18,ANDHRA PRADESH,Nandyal,,732.5156633055201,583.6723502004423,0.0,661.221650792572,367930.0,338252.0,0.0,706182.0,262433.0,968615.0,12998.660000000003,9479.789999999999,0.0,22478.450000000004,3124.56,,,3124.56,50505.48,2846.3399999999997,0.0,53351.82000000001,2543.3700000000003,992.4399999999999,0.0,3535.8099999999995,10155.619999999999,4406.2300000000005,,14561.850000000002,3812.724,5580.152,,9392.876,,,,,,,,,83140.51,23305.029999999995,0.0,106445.54000000001,,,,,,,,,,,,0.0,,,,0.0,,,,,,,,,,,,,,,,0.0,83140.51,23305.029999999995,0.0,106445.54000000001,4157.200000000001,1165.3799999999999,0.0,5322.579999999999,78983.31000000001,22139.649999999998,0.0,101122.96,366.212,136.896,,503.10799999999995,65.1,63.300000000000004,,128.39999999999998,8779.7115,4542.593,,13322.3045,9210.53,4742.560000000001,,13953.089999999997,11.661362381495533,21.421115509956127,,13.798142380325887,366.51,137.04999999999998,0.0,503.56,69772.78,17397.09,0.0,87169.87,,,,,,,,,,,,,,0.0,0.0,101122.95999999999,0.0,0.0,,0.0,,0.0,,,,,,,,101122.95999999999,0.0
19,ANDHRA PRADESH,Palnadu,,761.0773624949964,732.2983006187209,539.0860030897369,740.4363415451692,434050.9626999999,180400.93399999998,37204.5273,651656.4248999999,78467.4301,730123.8550000001,19217.94,7552.78,1182.12,27952.840000000004,7271.500000000001,,61.05000000000001,7332.550000000001,55749.20000000001,790.06,18.82,56558.08,4419.74,1327.6499999999999,34.89,5782.28,2119.2400000000002,398.11000000000007,32.16,2549.5099999999998,922.9080000000001,532.438,46.286,1501.632,,,,,,,,,89700.42000000001,10601.060000000001,1375.3600000000001,101676.84000000001,,,,,,,,,,,,0.0,,,,0.0,,,,,,,,,,,,,,,,0.0,89700.42000000001,10601.060000000001,1375.3600000000001,101676.84000000001,4485.01,530.03,68.74000000000001,5083.78,85215.41,10071.03,1306.62,96593.06000000003,3460.5499620000005,807.89854455,175.56135,4444.009856550001,65.7052,15.927399999999999,4.9272,86.5598,17017.602576,7201.738299999999,175.477,24394.817876,20543.97,8025.589999999998,355.98,28925.54,24.108280415478845,79.68986290379434,27.24434035909446,29.98281812186497,3562.2000000000003,831.6199999999999,180.73000000000002,4393.82,64679.06999999999,3983.0400000000004,963.9200000000001,68662.10999999999,,,,,,,,,,,,,,1450969.7499999998,116984.22,1546256.19,118290.84,0.0,,0.0,,0.0,,,,,,,,1546256.19,118290.84
20,ANDHRA PRADESH,Parvathipuram Manyam,,1140.6782616217397,1158.5196199990821,0.0,1154.9873752093267,65692.14009,266118.67249,0.0,331810.81257999997,34090.179019999996,365900.99159999995,7612.320000000001,26743.73,0.0,34356.05,745.42,,0.0,745.42,6520.3600000000015,11579.96,0.0,18100.32,1240.6299999999999,3288.4700000000007,0.0,4529.099999999999,21235.739999999998,8892.5,0.0,30128.240000000005,1160.794,5460.504,0.0,6621.297999999999,,,,,,,,,38515.14,55965.49,0.0,94480.63000000002,,,,,,,,,,,,0.0,,,,0.0,,,,,,,,,,,,,,,,0.0,38515.14,55965.49,0.0,94480.63000000002,1925.9000000000003,2798.599999999999,0.0,4724.5,36589.24,53166.89000000001,0.0,89756.13,308.315602125,1457.6462324999998,,1765.9618346249995,1.44,11.52,,12.959999999999999,4710.694691902834,13116.415334008097,,17827.110025910933,5020.380000000001,14585.49,,19605.87,13.720919046145811,27.433408273457406,,21.843488572869614,517.35,1812.73,0.0,2330.08,31372.260000000002,39815.06999999999,0.0,71187.32999999999,,,,,,,,,,,,,,0.0,0.0,89756.13,0.0,0.0,,0.0,,0.0,,,,,,,,89756.13,0.0
21,ANDHRA PRADESH,Prakasam,,844.747772640041,790.1238437107172,886.3011698171676,806.6821449758647,264708.0,732667.0,25816.0,1023191.0,270984.0,1294175.0,17400.570000000003,42837.23,3149.33,63387.12999999999,930.24,,114.69,1044.93,2487.7600000000007,0.0,44.98,2532.7400000000002,602.77,1705.61,39.099999999999994,2347.48,1850.7,5136.219999999998,20.990000000000002,7007.91,4668.68,10688.166000000001,234.79000000000002,15591.635999999997,,,,,,,,,27940.730000000003,60367.25999999999,3603.88,91911.86999999998,,,,,,,,,,,,0.0,,,,0.0,,,,,,,,,,,,,,,,0.0,27940.730000000003,60367.25999999999,3603.88,91911.86999999998,1397.1499999999996,3018.559999999999,180.21,4595.92,26543.58,57348.700000000004,3423.6699999999996,87315.94999999998,1148.573688,2711.029714896,89.9012352,3949.504638096,415.0376,54.75,0.0,469.7876,5584.704494973976,18041.313765699997,362.64096,23988.65922067398,7148.340000000002,20807.389999999992,452.56,28408.29,26.93057982382181,36.282234819621,13.218563705029984,33.32336419990016,1257.3500000000001,2958.39,98.21000000000001,4215.74,19597.57,39068.51000000002,3036.04,58666.080000000016,,,,,,,,,,,,,,4408570.66,136787.03999999998,4492462.94,140210.71000000002,0.0,,0.0,,0.0,,,,,,,,4492462.94,140210.71000000002
22,ANDHRA PRADESH,Sri Potti Sriramulu Nellore,,1064.5526339524024,1026.5095128900605,0.0,1039.8275616954215,348039.4225697386,646138.1841348213,0.0,994177.6067045596,50957.0,1045134.6067045596,34719.82,53138.31,0.0,87858.13,15887.5,,,15887.5,90365.15,30057.61,0.0,120422.75999999998,11008.349999999999,8930.339999999998,0.0,19938.690000000002,5589.779999999999,7054.970000000001,2.04,12646.789999999997,246.98600000000002,1632.7339999999997,0.0,1879.7199999999998,,,,,,,,,157817.45,100813.93999999999,2.04,258633.43,,,,,,,,,,,,0.0,,,,0.0,,,,,,,,,,,,,,,,0.0,157817.45,100813.93999999999,2.04,258633.43,7890.859999999999,5040.81,0.09,12931.769999999997,149926.59,95773.13000000002,1.9499999999999997,245701.67,3895.02813375,1806.3912149999994,,5701.41934875,478.50000000000006,508.7500000000001,,987.2500000000001,27767.59732496965,29567.128073654392,,57334.72539862405,32141.4,31882.560000000005,,64023.96000000001,21.43809180212796,33.289671121743645,,26.05780747328487,5875.870000000002,3806.71,0.0,9682.58,117283.2,62190.41,1.9500000000000002,179473.61,,,,,,,,,,,,,,1676088.8300000003,0.0,1921788.5500000003,1.9500000000000002,0.0,,0.0,,0.0,,,,,,,,1921788.5500000003,1.9500000000000002
23,ANDHRA PRADESH,Sri Sathya Sai,,0.0,589.840800708202,0.0,589.840800708202,0.0,763624.0,0.0,763624.0,105065.0,868689.0,0.0,43841.95,0.0,43841.95,8667.51,,0.0,8667.51,0.0,317.11,0.0,317.11,0.0,13862.570000000005,0.0,13862.570000000005,,10026.82,,10026.82,0.0,41314.126000000004,0.0,41314.126000000004,,,,,,,,,8667.51,109362.66000000002,0.0,118030.17000000003,,,,,,,,,,,,0.0,,,,0.0,,,,,,,,,,,,,,,,0.0,8667.51,109362.66000000002,0.0,118030.17000000003,433.39,5468.280000000001,0.0,5901.67,8234.119999999999,103894.37999999999,0.0,112128.5,,8856.864000000001,,8856.864000000001,,121.32,,121.32,,54079.0371401457,,54079.0371401457,,63057.16,,63057.16,,60.69352355728963,,56.236514356296574,0.0,11119.93,0.0,11119.93,8234.119999999999,47887.85,0.0,56121.97,,,,,,,,,,,,,,1765708.5799999998,0.0,1877837.0899999999,0.0,0.0,,0.0,,0.0,,,,,,,,1877837.0899999999,0.0
24,ANDHRA PRADESH,Srikakulam,,1136.628578832368,1179.3380672900835,1215.1406239896544,1170.6077213775147,97604.36451999999,341575.03672,7510.051439999999,446689.45267999993,10898.0,457587.45267999993,9262.429999999998,27690.530000000002,734.96,37687.91999999999,13871.189999999999,,80.05000000000001,13951.239999999998,7754.299999999999,17841.06,534.8199999999999,26130.18,959.6999999999999,1663.9699999999998,0.0,2623.67,2244.13,6468.13,0.0,8712.27,420.20199999999994,1029.438,,1449.6399999999999,,,,,,,,,34511.88,54693.18000000001,1349.8300000000004,90554.89,,,,,,,,,,,,0.0,,,,0.0,,,,,,,,,,,,,,,,0.0,34511.88,54693.18000000001,1349.8300000000004,90554.89,1725.64,2734.73,67.48,4527.84,32786.23999999999,51958.450000000004,1282.35,86027.04,831.168,3880.814402200001,0.0,4711.9824022,17.28,241.92000000000002,0.0,259.2,5876.064019433198,17401.495607997575,0.0,23277.559627430765,6724.569999999999,21523.780000000002,0.0,28248.350000000002,20.510342143533386,41.424984771485676,0.0,33.333474935125736,967.1599999999999,14283.460000000003,0.0,15250.62,26974.359999999997,33383.98,1282.35,60358.34,,,,,,,,,,,,,,0.0,0.0,84744.69,1282.35,0.0,,0.0,,0.0,,,,,,,,84744.69,1282.35
25,ANDHRA PRADESH,Tirupati,,1233.2122147726845,1132.1895149336194,1279.1080054175725,1139.338931905756,53098.0,708833.2749123068,595.704545454545,762526.9794577614,60409.6,822936.5794577614,5193.610000000001,76543.53000000001,114.19,81851.33000000002,541.42,,0.0,541.42,4409.63,29067.200000000004,0.0,33476.83,901.9499999999999,12144.779999999999,0.0,13046.73,1556.6499999999999,13818.33,9082.89,24457.869999999995,1632.9099999999999,14074.507999999998,0.0,15707.417999999998,,,,,,,,,14236.16,145648.90999999995,9197.08,169082.15,,,,,,,,,,,,0.0,,,,0.0,,,,,,,,,,,,,,,,0.0,14236.16,145648.90999999995,9197.08,169082.15,711.8299999999999,7282.470000000001,459.85,8454.15,13524.33,138366.44000000006,8737.230000000001,160628.00000000003,173.27128800000003,3615.050101999999,0.0,3788.3213899999996,162.09999999999997,1276.95,0.0,1439.05,2535.7948392000003,37192.044818999995,0.0,39727.8396582,2871.14,42084.759999999995,0.0,44955.899999999994,21.22944352881067,30.415438888215938,0.0,29.59751932260268,413.09,8233.75,0.0,8646.84,10418.43,96314.07,8737.230000000001,106732.5,,,,,,,,,,,,,,3574915.1999999993,4425.25,3726805.95,13162.48,0.0,,0.0,,0.0,,,,,,,,3726805.95,13162.48
26,ANDHRA PRADESH,Visakhapatnam,,0.0,1799.9882381224486,0.0,1799.9882381224481,0.0,100167.25385235802,0.0,100167.25385235802,0.0,100167.25385235802,0.0,9351.649999999998,0.0,9351.649999999998,,,,,0.0,2016.8699999999997,0.0,2016.8699999999997,0.0,887.8499999999999,0.0,887.8499999999999,0.0,462.9399999999999,0.0,462.9399999999999,0.0,965.3379999999994,0.0,965.3379999999994,,,,,,,,,0.0,13684.69,0.0,13684.69,,,,,,,,,,,,0.0,,,,0.0,,,,,,,,,,,,,,,,0.0,0.0,13684.69,0.0,13684.69,0.0,684.3999999999999,0.0,684.3999999999999,0.0,13000.289999999999,0.0,13000.289999999999,,2407.96182448,,2407.96182448,,50.51539999999999,,50.51539999999999,,2878.647039255362,,2878.647039255362,,5337.18,,5337.18,,41.05431494220514,,41.05431494220514,0.0,3184.22,0.0,3184.22,0.0,7077.33,0.0,7077.33,,,,,,,0.0,0.0,0.0,,,,,736419.1399999999,0.0,749419.4299999998,0.0,0.0,,0.0,,0.0,,,,,,,,749419.4299999998,0.0
27,ANDHRA PRADESH,Vizianagaram,,1126.5769297901754,1142.958836531033,0.0,1138.445587559374,110461.64666000001,290485.0782800001,0.0,400946.72494,12947.21,413893.93494000006,9917.879999999997,24592.570000000003,0.0,34510.45,464.09,,409.58,873.6700000000001,6372.230000000001,6592.540000000001,0.0,12964.769999999999,1645.19,3758.2300000000005,0.0,5403.419999999999,41094.44,16787.250000000004,0.0,57881.69000000001,4078.4139999999998,13396.148000000005,0.0,17474.561999999998,,,,,,,,,63572.150000000016,65126.66999999999,409.58,129108.40000000001,,,,,,,,,,,,0.0,,,,0.0,,,,,,,,,,,,,,,,0.0,63572.150000000016,65126.66999999999,409.58,129108.40000000001,3178.8,3256.7399999999993,20.490000000000002,6455.929999999999,60393.35,61869.929999999986,389.0899999999999,122652.36999999997,563.9795180000001,1475.247406,,2039.226924,40.199999999999996,91.32000000000001,,131.52,6514.6846000000005,19605.4736,,26120.158199999998,7118.85,21172.049999999996,,28290.9,11.787473289691663,34.22025853269916,,23.139326869032146,1256.57,2929.2,0.0,4185.77,53218.09,41351.45999999999,389.09,94569.54999999999,,,,,,,,,,,,,,0.0,0.0,122263.27999999998,389.09,0.0,,0.0,,0.0,,,,,,,,122263.27999999998,389.09
28,ANDHRA PRADESH,West Godavari,,1254.5017108410736,1189.9,1210.4044707663854,1219.4698593292387,52492.31,16579.0,148770.69,217842.0,0.0,217842.0,9571.800000000001,3269.0499999999997,27468.049999999996,40308.90000000001,2371.2799999999997,,2348.42,4719.700000000001,41358.380000000005,1401.59,65007.57,107767.54000000001,1390.6499999999999,473.05999999999995,0.0,1863.7099999999998,0.0,269.41999999999996,0.0,269.41999999999996,66.30799999999999,14.908,138.14799999999997,219.36400000000003,,,,,,,,,54758.23,5427.98,94962.05,155148.25999999998,,,,,,,,,,,,0.0,,,,0.0,,,,,,,,,,,,,,,,0.0,54758.23,5427.98,94962.05,155148.25999999998,2737.9399999999996,271.41,4748.22,7757.57,52020.28999999999,5156.57,90213.83000000002,147390.69,298.250604,148.79019599999998,202.57500000000002,649.6158000000001,101.52000000000001,0.0,85.68,187.20000000000002,4157.554979765277,1576.9199999999998,257.6,5992.074979765277,4557.16,1725.7100000000003,545.09,6827.969999999999,8.76035100919276,33.466238216488875,0.6042199959806606,10.988501292306015,856.0699999999999,262.12,201.65,1118.1899999999998,46905.3,3317.52,89669.76,50222.82,,,,,,,,,,,,,,0.0,0.0,57176.85999999999,90213.83000000002,0.0,,0.0,,0.0,,,,,,,,57176.85999999999,90213.83000000002
29,ANDHRA PRADESH,Y.S.R Kadapa,,654.5875424147598,696.3725129220649,0.0,668.7271164881063,582525.992,297940.0,0.0,880465.992,241810.0,1122275.992,35544.079999999994,19537.68,0.0,55081.75999999999,15934.57,,,15934.57,7943.000000000002,513.0999999999999,0.0,8456.1,5234.020000000001,2965.85,0.0,8199.870000000003,2617.95,228.23,0.0,2846.18,9305.362,7188.5019999999995,0.0,16493.864,,,,,,,,,76578.99999999999,30433.399999999998,0.0,107012.39999999998,,,,,,,,,,,,0.0,,,,0.0,,,,,,,,,,,,,,,,0.0,76578.99999999999,30433.399999999998,0.0,107012.39999999998,3829.0299999999993,1521.77,0.0,5350.789999999999,72749.97,28911.630000000005,0.0,101661.6,2350.1237,1913.9614,,4264.0851,322.272,68.03999999999999,,390.312,19007.981606249996,10752.078539999999,,29760.06014625,21680.339999999993,12734.149999999998,,34414.49,29.80116692831625,44.04507805336467,,33.85200508353203,2350.129999999999,1913.96,0.0,4264.089999999999,51781.46000000001,17088.48,0.0,68869.94,,,,,,,,,,,,,,7433232.930000002,0.0,7534894.519999998,0.0,0.0,,0.0,,0.0,,,,,,,,7534894.519999998,0.0
30,ARUNACHAL PRADESH,ANJAW,,0.0,0.0,0.0,0.0,0.0,0.0,0.0,0.0,619000.0,619000.0,0.0,0.0,0.0,0.0,,,,,0.0,0.0,0.0,0.0,0.0,0.0,0.0,0.0,,,,,,,,,,,,,,,,,0.0,0.0,0.0,0.0,,,,,,,,,,,,0.0,,,,0.0,0.0,0.0,0.0,0.0,0.0,0.0,0.0,0.0,0.0,0.0,0.0,0.0,0.0,0.0,0.0,0.0,0.0,0.0,0.0,0.0,0.0,0.0,0.0,0.0,0.0,0.0,0.0,0.0,,,,0.0,,,,0.0,,,,0.0,,,,,,,,,0.0,0.0,0.0,0.0,0.0,0.0,0.0,0.0,,,,,,,0.0,0.0,0.0,,,,,0.0,0.0,0.0,0.0,0.0,,0.0,,0.0,,,,,,,,0.0,0.0
31,ARUNACHAL PRADESH,CHANGLANG,,0.0,2599.4999999999995,0.0,2599.4999999999995,0.0,53000.0,0.0,53000.0,413199.99999999994,466199.99999999994,0.0,24248.13,0.0,24248.13,,,,,0.0,52903.36799999999,0.0,52903.4,0.0,69.38000000000001,0.0,69.38000000000001,,,,,,,,,,,,,,,,,0.0,77220.91,0.0,77220.91,,,,,,,,,,,,0.0,,,,0.0,0.0,0.0,0.0,0.0,0.0,0.0,0.0,0.0,0.0,0.0,0.0,0.0,0.0,0.0,0.0,0.0,0.0,77220.91,0.0,77220.91,0.0,7722.08,0.0,7722.08,0.0,69498.83,0.0,69498.83,,177.521358025,,177.521358025,,0.0,,0.0,,154.16,,154.16,,331.68,,331.68,,0.4772454442758245,,0.4772454442758245,0.0,188.4,0.0,188.4,0.0,69156.28,0.0,69156.28,,,,,,,1933.4399688,0.0,0.0,,,,,0.0,0.0,69498.83,0.0,0.0,,0.0,,0.0,,,,,,,,69498.83,0.0
32,ARUNACHAL PRADESH,DIBANG VALLEY,,0.0,0.0,0.0,0.0,0.0,0.0,0.0,0.0,912900.0,912900.0,0.0,0.0,0.0,0.0,,,,,0.0,0.0,0.0,0.0,0.0,0.0,0.0,0.0,,,,,,,,,,,,,,,,,0.0,0.0,0.0,0.0,,,,,,,,,,,,0.0,,,,0.0,0.0,0.0,0.0,0.0,0.0,0.0,0.0,0.0,0.0,0.0,0.0,0.0,0.0,0.0,0.0,0.0,0.0,0.0,0.0,0.0,0.0,0.0,0.0,0.0,0.0,0.0,0.0,0.0,,,,0.0,,,,0.0,,,,0.0,,,,,,,,,0.0,0.0,0.0,0.0,0.0,0.0,0.0,0.0,,,,,,,0.0,0.0,0.0,,,,,0.0,0.0,0.0,0.0,0.0,,0.0,,0.0,,,,,,,,0.0,0.0
33,ARUNACHAL PRADESH,EAST KAMENG,,0.0,2136.1,0.0,2136.1,0.0,31249.999999999996,0.0,31249.999999999996,382150.0,413400.0,0.0,11748.55,0.0,11748.55,,,,,0.0,3951.2959999999994,0.0,3951.2999999999997,0.0,74.05,0.0,74.05,,,,,,,,,,,,,,,,,0.0,15773.900000000001,0.0,15773.900000000001,,,,,,,,,,,,0.0,,,,0.0,0.0,0.0,0.0,0.0,0.0,0.0,0.0,0.0,0.0,0.0,0.0,0.0,0.0,0.0,0.0,0.0,0.0,15773.900000000001,0.0,15773.900000000001,0.0,1577.3899999999999,0.0,1577.3899999999999,0.0,14196.509999999998,0.0,14196.509999999998,,13.996811950000001,,13.996811950000001,,0.0,,0.0,,166.1,,166.1,,180.08999999999997,,180.08999999999997,,1.2685512143477515,,1.2685512143477515,0.0,16.259999999999998,0.0,16.259999999999998,0.0,14014.149999999998,0.0,14014.149999999998,,,,,,,0.0,0.0,0.0,,,,,0.0,0.0,14196.509999999998,0.0,0.0,,0.0,,0.0,,,,,,,,14196.509999999998,0.0
34,ARUNACHAL PRADESH,EAST SIANG,,0.0,4418.799999999999,0.0,4418.799999999999,0.0,110100.0,0.0,110100.0,250200.0,360300.0,0.0,72649.1,0.0,72649.1,,,,,0.0,12575.496,0.0,12575.48,0.0,79.35,0.0,79.35,,,,,,,,,,,,,,,,,0.0,85303.93000000001,0.0,85303.93000000001,,,,,,,,,,,,0.0,,,,0.0,0.0,0.0,0.0,0.0,0.0,1178.4299999999998,0.0,1178.4299999999998,0.0,0.0,0.0,0.0,0.0,-1178.4299999999998,0.0,-1178.4299999999998,0.0,84125.50000000001,0.0,84125.50000000001,0.0,7651.209999999999,0.0,7651.209999999999,0.0,76474.29,0.0,76474.29,,62.934040949999996,,62.934040949999996,,0.0,,0.0,,178.0,,178.0,,240.93,,240.93,,0.3150470569913104,,0.3150470569913104,0.0,65.66,0.0,65.66,0.0,76230.64,0.0,76230.64,,,,,,,3733.8136030719998,0.0,0.0,,,,,0.0,0.0,76474.29,0.0,0.0,,0.0,,0.0,,,,,,,,76474.29,0.0
35,ARUNACHAL PRADESH,KURUNG KUMEY,,0.0,0.0,0.0,0.0,0.0,0.0,0.0,0.0,604000.0,604000.0,0.0,0.0,0.0,0.0,,,,,0.0,0.0,0.0,0.0,0.0,0.0,0.0,0.0,,,,,,,,,,,,,,,,,0.0,0.0,0.0,0.0,,,,,,,,,,,,0.0,,,,0.0,0.0,0.0,0.0,0.0,0.0,0.0,0.0,0.0,0.0,0.0,0.0,0.0,0.0,0.0,0.0,0.0,0.0,0.0,0.0,0.0,0.0,0.0,0.0,0.0,0.0,0.0,0.0,0.0,,,,0.0,,,,0.0,,,,0.0,,,,,,,,,0.0,0.0,0.0,0.0,0.0,0.0,0.0,0.0,,,,,,,0.0,0.0,0.0,,,,,0.0,0.0,0.0,0.0,0.0,,0.0,,0.0,,,,,,,,0.0,0.0
36,ARUNACHAL PRADESH,LOHIT,,0.0,3003.5,0.0,3003.5,0.0,200000.0,0.0,200000.0,321199.99999999994,521200.0,0.0,104497.01,0.0,104497.01,,,,,0.0,7720.05,0.0,7720.05,0.0,62.2,0.0,62.2,,,,,,,,,,,,,,,,,0.0,112279.25000000001,0.0,112279.25000000001,,,,,,,,,,,,0.0,,,,0.0,0.0,0.0,0.0,0.0,0.0,280.21,0.0,280.21,0.0,0.0,0.0,0.0,0.0,-280.21,0.0,-280.21,0.0,111999.04000000001,0.0,111999.04000000001,0.0,10281.34,0.0,10281.34,0.0,101717.70000000001,0.0,101717.70000000001,,224.74990339999997,,224.74990339999997,,8.4,,8.4,,139.5,,139.5,,372.65,,372.65,,0.3663570843619153,,0.3663570843619153,0.0,237.07,0.0,237.07,0.0,101332.72999999998,0.0,101332.72999999998,,,,,,,9791.131590444,0.0,0.0,,,,,0.0,0.0,101717.70000000001,0.0,0.0,,0.0,,0.0,,,,,,,,101717.70000000001,0.0
37,ARUNACHAL PRADESH,LOWER DIBANG VALLEY,,0.0,3507.0,0.0,3507.0,0.0,120000.0,0.0,120000.0,270000.0,390000.0,0.0,74067.84,0.0,74067.84,,,,,0.0,11360.403999999999,0.0,11360.4,0.0,51.19,0.0,51.19,,,,,,,,,,,,,,,,,0.0,85479.42000000001,0.0,85479.42000000001,,,,,,,,,,,,0.0,,,,0.0,0.0,0.0,0.0,0.0,0.0,0.0,0.0,0.0,0.0,0.0,0.0,0.0,0.0,0.0,0.0,0.0,0.0,85479.42000000001,0.0,85479.42000000001,0.0,8547.94,0.0,8547.94,0.0,76931.48,0.0,76931.48,,31.206928774999994,,31.206928774999994,,0.0,,0.0,,114.84,,114.84,,146.05,,146.05,,0.18984426141288327,,0.18984426141288327,0.0,31.9,0.0,31.9,0.0,76784.73999999999,0.0,76784.73999999999,,,,,,,0.0,0.0,0.0,,,,,0.0,0.0,76931.48,0.0,0.0,,0.0,,0.0,,,,,,,,76931.48,0.0
38,ARUNACHAL PRADESH,LOWER SUBANSIRI,,0.0,2136.9,0.0,2136.9,0.0,10135.0,0.0,10135.0,340665.0,350799.99999999994,0.0,3917.7400000000002,0.0,3917.7400000000002,,,,,0.0,1144.044,0.0,1144.0500000000002,0.0,34.269999999999996,0.0,34.269999999999996,,,,,,,,,,,,,,,,,0.0,5096.0599999999995,0.0,5096.0599999999995,,,,,,,,,,,,0.0,,,,0.0,0.0,0.0,0.0,0.0,0.0,165.66,0.0,165.66,0.0,0.0,0.0,0.0,0.0,-165.66,0.0,-165.66,0.0,4930.4,0.0,4930.4,0.0,509.61,0.0,509.61,0.0,4420.790000000001,0.0,4420.790000000001,,21.61543505,,21.61543505,,0.0,,0.0,,76.85,,76.85,,98.46,,98.46,,2.2272037350790237,,2.2272037350790237,0.0,26.71,0.0,26.71,0.0,4317.24,0.0,4317.24,,,,,,,8164.97333716,0.0,0.0,,,,,0.0,0.0,4420.79,0.0,0.0,,0.0,,0.0,,,,,,,,4420.79,0.0
39,ARUNACHAL PRADESH,PAPUM PARE,,0.0,3336.8,0.0,3336.8,0.0,17819.0,0.0,17819.0,328381.0,346200.00000000006,0.0,10464.699999999999,0.0,10464.699999999999,,,,,0.0,13127.616,0.0,13127.599999999999,0.0,44.92,0.0,44.92,,,,,,,,,,,,,,,,,0.0,23637.219999999998,0.0,23637.219999999998,,,,,,,,,,,,0.0,,,,0.0,0.0,85.59,0.0,85.59,0.0,2427.05,0.0,2427.05,0.0,0.0,0.0,0.0,0.0,-2512.6400000000003,0.0,-2512.6400000000003,0.0,21124.579999999998,0.0,21124.579999999998,0.0,2363.71,0.0,2363.71,0.0,18760.870000000003,0.0,18760.870000000003,,102.08382415,,102.08382415,,29.4,,29.4,,100.76,,100.76,,232.25,,232.25,,1.2379489863742992,,1.2379489863742992,0.0,123.13999999999999,0.0,123.13999999999999,0.0,18507.559999999998,0.0,18507.559999999998,,,,,,,6968.291028328001,0.0,0.0,,,,,0.0,0.0,18760.870000000003,0.0,0.0,,0.0,,0.0,,,,,,,,18760.870000000003,0.0
40,ARUNACHAL PRADESH,TAWANG,,0.0,0.0,0.0,0.0,0.0,0.0,0.0,0.0,217200.0,217200.0,0.0,0.0,0.0,0.0,,,,,0.0,0.0,0.0,0.0,0.0,0.0,0.0,0.0,,,,,,,,,,,,,,,,,0.0,0.0,0.0,0.0,,,,,,,,,,,,0.0,,,,0.0,0.0,0.0,0.0,0.0,0.0,0.0,0.0,0.0,0.0,0.0,0.0,0.0,0.0,0.0,0.0,0.0,0.0,0.0,0.0,0.0,0.0,0.0,0.0,0.0,0.0,0.0,0.0,0.0,,,,0.0,,,,0.0,,,,0.0,,,,,,,,,0.0,0.0,0.0,0.0,0.0,0.0,0.0,0.0,,,,,,,0.0,0.0,0.0,,,,,0.0,0.0,0.0,0.0,0.0,,0.0,,0.0,,,,,,,,0.0,0.0
41,ARUNACHAL PRADESH,TIRAP,,0.0,3459.4,0.0,3459.4,0.0,12500.0,0.0,12500.0,223700.0,236200.0,0.0,7610.68,0.0,7610.68,,,,,0.0,427.10976,0.0,427.12,0.0,7.470000000000001,0.0,7.470000000000001,,,,,,,,,,,,,,,,,0.0,8045.26,0.0,8045.26,,,,,,,,,,,,0.0,,,,0.0,0.0,0.0,0.0,0.0,0.0,0.0,0.0,0.0,0.0,0.0,0.0,0.0,0.0,0.0,0.0,0.0,0.0,8045.26,0.0,8045.26,0.0,804.52,0.0,804.52,0.0,7240.74,0.0,7240.74,,48.30932315,,48.30932315,,0.0,,0.0,,16.599999999999998,,16.599999999999998,,64.92,,64.92,,0.8965934421067461,,0.8965934421067461,0.0,50.06,0.0,50.06,0.0,7174.07,0.0,7174.07,,,,,,,101.640041512,0.0,0.0,,,,,0.0,0.0,7240.74,0.0,0.0,,0.0,,0.0,,,,,,,,7240.74,0.0
42,ARUNACHAL PRADESH,UPPER SIANG,,0.0,0.0,0.0,0.0,0.0,0.0,0.0,0.0,658999.9999999999,658999.9999999999,0.0,0.0,0.0,0.0,,,,,0.0,0.0,0.0,0.0,0.0,0.0,0.0,0.0,,,,,,,,,,,,,,,,,0.0,0.0,0.0,0.0,,,,,,,,,,,,0.0,,,,0.0,0.0,0.0,0.0,0.0,0.0,0.0,0.0,0.0,0.0,0.0,0.0,0.0,0.0,0.0,0.0,0.0,0.0,0.0,0.0,0.0,0.0,0.0,0.0,0.0,0.0,0.0,0.0,0.0,,,,0.0,,,,0.0,,,,0.0,,,,,,,,,0.0,0.0,0.0,0.0,0.0,0.0,0.0,0.0,,,,,,,0.0,0.0,0.0,,,,,0.0,0.0,0.0,0.0,0.0,,0.0,,0.0,,,,,,,,0.0,0.0
43,ARUNACHAL PRADESH,UPPER SUBANSIRI,,0.0,1746.5,0.0,1746.5,0.0,700.0,0.0,700.0,702500.0,703200.0,0.0,215.17000000000002,0.0,215.17000000000002,,,,,0.0,13983.858,0.0,13983.86,0.0,8.620000000000001,0.0,8.620000000000001,,,,,,,,,,,,,,,,,0.0,14207.65,0.0,14207.65,,,,,,,,,,,,0.0,,,,0.0,0.0,0.0,0.0,0.0,0.0,0.0,0.0,0.0,0.0,0.0,0.0,0.0,0.0,0.0,0.0,0.0,0.0,14207.65,0.0,14207.65,0.0,1420.76,0.0,1420.76,0.0,12786.89,0.0,12786.89,,3.5111977999999997,,3.5111977999999997,,0.0,,0.0,,19.36,,19.36,,22.869999999999997,,22.869999999999997,,0.17885506170773346,,0.17885506170773346,0.0,4.39,0.0,4.39,0.0,12763.14,0.0,12763.14,,,,,,,0.0,0.0,0.0,,,,,0.0,0.0,12786.89,0.0,0.0,,0.0,,0.0,,,,,,,,12786.89,0.0
44,ARUNACHAL PRADESH,WEST KAMENG,,0.0,2521.4,0.0,2521.4,0.0,6175.000000000001,0.0,6175.000000000001,736025.0,742200.0,0.0,2740.2700000000004,0.0,2740.2700000000004,,,,,0.0,16120.619999999999,0.0,16120.599999999999,0.0,2.08,0.0,2.08,,,,,,,,,,,,,,,,,0.0,18862.95,0.0,18862.95,,,,,,,,,,,,0.0,,,,0.0,0.0,0.0,0.0,0.0,0.0,0.0,0.0,0.0,0.0,0.0,0.0,0.0,0.0,0.0,0.0,0.0,0.0,18862.95,0.0,18862.95,0.0,1886.31,0.0,1886.31,0.0,16976.64,0.0,16976.64,,11.280804974999999,,11.280804974999999,,0.0,,0.0,,4.640000000000001,,4.640000000000001,,15.91,,15.91,,0.09371701349619242,,0.09371701349619242,0.0,11.73,0.0,11.73,0.0,16960.29,0.0,16960.29,,,,,,,0.0,0.0,0.0,,,,,0.0,0.0,16976.64,0.0,0.0,,0.0,,0.0,,,,,,,,16976.64,0.0
45,ARUNACHAL PRADESH,WEST SIANG,,0.0,2912.8999999999996,0.0,2912.8999999999996,0.0,10459.0,0.0,10459.0,822041.0,832500.0,0.0,5362.0199999999995,0.0,5362.0199999999995,,,,,0.0,13856.928,0.0,13856.92,0.0,10.469999999999999,0.0,10.469999999999999,,,,,,,,,,,,,,,,,0.0,19229.410000000003,0.0,19229.410000000003,,,,,,,,,,,,0.0,,,,0.0,0.0,0.0,0.0,0.0,0.0,0.0,0.0,0.0,0.0,0.0,0.0,0.0,0.0,0.0,0.0,0.0,0.0,19229.410000000003,0.0,19229.410000000003,0.0,1922.95,0.0,1922.95,0.0,17306.460000000003,0.0,17306.460000000003,,2.3360675250000003,,2.3360675250000003,,1.1800000000000002,,1.1800000000000002,,23.5,,23.5,,27.020000000000003,,27.020000000000003,,0.1561266717745859,,0.1561266717745859,0.0,2.4,0.0,2.4,0.0,17279.379999999997,0.0,17279.379999999997,,,,,,,0.0,0.0,0.0,,,,,0.0,0.0,17306.460000000003,0.0,0.0,,0.0,,0.0,,,,,,,,17306.460000000003,0.0
46,ASSAM,BAKSA,,0.0,3274.5999999999995,0.0,3274.5999999999995,0.0,244873.01,0.0,244873.01,1382.9899999999966,246256.0,0.0,141127.56,0.0,141127.56,,,,,0.0,16750.4848,0.0,16750.49,0.0,270.63,0.0,270.63,,633.1,,633.1,,,,,,,,,,,,,0.0,158781.78999999998,0.0,158781.78999999998,,,,,,,,,,,,0.0,,,,0.0,0.0,0.0,0.0,0.0,0.0,2422.7400000000002,0.0,2422.7400000000002,0.0,0.0,0.0,0.0,0.0,-2422.7400000000002,0.0,-2422.7400000000002,0.0,156359.05,0.0,156359.05,0.0,15878.179999999998,0.0,15878.179999999998,0.0,140480.87,0.0,140480.87,,1976.5068228362807,,1976.5068228362807,,3.1630499999999997,,3.1630499999999997,,2555.2799999999997,,2555.2799999999997,,4534.950000000001,,4534.950000000001,,3.2281619554320815,,3.2281619554320815,0.0,2042.5900000000001,0.0,2042.5900000000001,0.0,135879.84,0.0,135879.84,,,,,,,18167.56735138,125.4675744,0.0,,,,,1945875.6600000001,0.0,2086356.53,0.0,0.0,,0.0,,0.0,,,,,,,,2086356.53,0.0
47,ASSAM,BARPETA,,0.0,2051.4,0.0,2051.4,0.0,227056.25,0.0,227056.25,1143.7499999999982,228200.0,0.0,81977.83,0.0,81977.83,,,,,0.0,809.3639999999999,0.0,809.36,0.0,7083.96,0.0,7083.96,,1289.49,,1289.49,,,,,,,,,,,,,0.0,91160.63999999998,0.0,91160.63999999998,,,,,,,,,,,,0.0,,,,0.0,0.0,0.0,0.0,0.0,0.0,4445.8,0.0,4445.8,0.0,0.0,0.0,0.0,0.0,-4445.8,0.0,-4445.8,0.0,86714.83999999998,0.0,86714.83999999998,0.0,9116.07,0.0,9116.07,0.0,77598.76999999999,0.0,77598.76999999999,,3923.7361174056095,,3923.7361174056095,,13.116707999999997,,13.116707999999997,,24373.44,,24373.44,,28310.31,,28310.31,,36.48293652077218,,36.48293652077218,0.0,4218.969999999999,0.0,4218.969999999999,0.0,48993.23,0.0,48993.23,,,,,,,10111.741090677,783.4795199999999,0.0,,,,,817402.5,0.0,895001.2699999999,0.0,0.0,,0.0,,0.0,,,,,,,,895001.2699999999,0.0
48,ASSAM,BONGAIGAON,,0.0,3102.4,0.0,3102.4,0.0,99730.0,0.0,99730.0,9569.999999999996,109300.0,0.0,48706.84,0.0,48706.84,,,,,0.0,87.6,0.0,87.6,0.0,4569.25,0.0,4569.25,,812.3500000000001,,812.3500000000001,,,,,,,,,,,,,0.0,54176.04,0.0,54176.04,,,,,,,,,,,,0.0,,,,0.0,0.0,0.0,0.0,0.0,0.0,4224.61,0.0,4224.61,0.0,0.0,0.0,0.0,0.0,-4224.61,0.0,-4224.61,0.0,49951.43,0.0,49951.43,0.0,5417.62,0.0,5417.62,0.0,44533.81,0.0,44533.81,,1648.3368804979796,,1648.3368804979796,,5.498459999999999,,5.498459999999999,,10153.919999999998,,10153.919999999998,,11807.740000000002,,11807.740000000002,,26.514102431388654,,26.514102431388654,0.0,1766.2200000000003,0.0,1766.2200000000003,0.0,32608.18,0.0,32608.18,,,,,,,12260.466062018999,154.47888,0.0,,,,,579297.9,0.0,623831.71,0.0,0.0,,0.0,,0.0,,,,,,,,623831.71,0.0
49,ASSAM,CACHAR,,0.0,3311.8999999999996,0.0,3311.8999999999996,0.0,273358.0,0.0,273358.0,105242.00000000001,378599.99999999994,0.0,84778.43,0.0,84778.43,,,,,0.0,2339.9078953499998,0.0,2339.9,0.0,0.0,0.0,0.0,,2807.91,,2807.91,,,,,,,,,,,,,0.0,89926.24,0.0,89926.24,,,,,,,,,,,,0.0,,,,0.0,0.0,816.1899999999999,0.0,816.1899999999999,0.0,38496.74999999999,0.0,38496.74999999999,0.0,0.0,0.0,0.0,0.0,-39312.94,0.0,-39312.94,0.0,50613.3,0.0,50613.3,0.0,8992.630000000001,0.0,8992.630000000001,0.0,41620.670000000006,0.0,41620.670000000006,,1390.761512179487,,1390.761512179487,,30.766436250000005,,30.766436250000005,,1.68,,1.68,,1423.1899999999998,,1423.1899999999998,,3.4194307780244757,,3.4194307780244757,0.0,1487.81,0.0,1487.81,0.0,40100.420000000006,0.0,40100.420000000006,,,,,,,21749.7228072675,827.9841599999999,0.0,,,,,400653.6800000001,0.0,442274.36,0.0,0.0,,0.0,,0.0,,,,,,,,442274.36,0.0
50,ASSAM,CHIRANG,,0.0,3218.699999999999,0.0,3218.699999999999,0.0,191794.0,0.0,191794.0,506.0,192299.99999999997,0.0,108649.62,0.0,108649.62,,,,,0.0,992.76192,0.0,992.76,0.0,249.2,0.0,249.2,,134.6,,134.6,,,,,,,,,,,,,0.0,110026.18000000001,0.0,110026.18000000001,,,,,,,,,,,,0.0,,,,0.0,0.0,0.0,0.0,0.0,0.0,1771.51,0.0,1771.51,0.0,0.0,0.0,0.0,0.0,-1771.51,0.0,-1771.51,0.0,108254.67000000001,0.0,108254.67000000001,0.0,11002.62,0.0,11002.62,0.0,97252.04999999999,0.0,97252.04999999999,,936.8441555057111,,936.8441555057111,,4.81734,,4.81734,,1518.72,,1518.72,,2460.3999999999996,,2460.3999999999996,,2.529920963105662,,2.529920963105662,0.0,970.07,0.0,970.07,0.0,94758.42000000001,0.0,94758.42000000001,,,,,,,22734.217770692005,0.0,0.0,,,,,1531099.1700000002,0.0,1628351.22,0.0,0.0,,0.0,,0.0,,,,,,,,1628351.22,0.0
51,ASSAM,DARRANG,,0.0,1951.1999999999996,0.0,1951.1999999999996,0.0,157654.0,0.0,157654.0,846.0,158500.0,0.0,53320.229999999996,0.0,53320.229999999996,,,,,0.0,96.14246399999999,0.0,96.13000000000001,0.0,687.47,0.0,687.47,,1768.6400000000003,,1768.6400000000003,,,,,,,,,,,,,0.0,55872.469999999994,0.0,55872.469999999994,,,,,,,,,,,,0.0,,,,0.0,0.0,0.0,0.0,0.0,0.0,232.66,0.0,232.66,0.0,0.0,0.0,0.0,0.0,-232.66,0.0,-232.66,0.0,55639.80999999999,0.0,55639.80999999999,0.0,5235.9,0.0,5235.9,0.0,50403.909999999996,0.0,50403.909999999996,,2076.8065430973206,,2076.8065430973206,,56.515820624999996,,56.515820624999996,,15523.199999999999,,15523.199999999999,,17656.550000000003,,17656.550000000003,,35.030119687143326,,35.030119687143326,0.0,2240.2200000000003,0.0,2240.2200000000003,0.0,32583.949999999997,0.0,32583.949999999997,,,,,,,2696.8852404689997,369.49823999999995,0.0,,,,,1316099.54,0.0,1366503.4500000002,0.0,0.0,,0.0,,0.0,,,,,,,,1366503.4500000002,0.0
52,ASSAM,DHEMAJI,,0.0,2859.3000000000006,0.0,2859.3000000000006,0.0,315155.99,0.0,315155.99,8544.010000000002,323700.0,0.0,135871.5,0.0,135871.5,,,,,,,,,0.0,0.0,0.0,0.0,,369.64,,369.64,,,,,,,,,,,,,0.0,136241.14,0.0,136241.14,,,,,,,,,,,,0.0,,,,0.0,0.0,312.98,0.0,312.98,0.0,31905.539999999997,0.0,31905.539999999997,0.0,0.0,0.0,0.0,0.0,-32218.519999999997,0.0,-32218.519999999997,0.0,104022.62000000002,0.0,104022.62000000002,0.0,13624.119999999999,0.0,13624.119999999999,0.0,90398.5,0.0,90398.5,,1486.173678817875,,1486.173678817875,,7.0710749999999996,,7.0710749999999996,,3089.5199999999995,,3089.5199999999995,,4582.780000000001,,4582.780000000001,,5.069531020979331,,5.069531020979331,0.0,1588.4599999999998,0.0,1588.4599999999998,0.0,85713.43000000001,0.0,85713.43000000001,,,,,,,60315.756747857995,499.47839999999997,0.0,,,,,3684100.59,0.0,3774499.0900000003,0.0,0.0,,0.0,,0.0,,,,,,,,3774499.0900000003,0.0
53,ASSAM,DHUBRI,,0.0,2752.8,0.0,2752.8,0.0,214392.01000000004,0.0,214392.01000000004,3207.989999999997,217600.0,0.0,100385.43000000001,0.0,100385.43000000001,,,,,0.0,452.1345,0.0,452.13,0.0,8172.550000000001,0.0,8172.550000000001,,899.27,,899.27,,,,,,,,,,,,,0.0,109909.38,0.0,109909.38,,,,,,,,,,,,0.0,,,,0.0,0.0,0.0,0.0,0.0,0.0,738.0500000000001,0.0,738.0500000000001,0.0,0.0,0.0,0.0,0.0,-738.0500000000001,0.0,-738.0500000000001,0.0,109171.33,0.0,109171.33,0.0,10839.710000000001,0.0,10839.710000000001,0.0,98331.62,0.0,98331.62,,4578.256851713571,,4578.256851713571,,2.7324,,2.7324,,23600.64,,23600.64,,28181.64,,28181.64,,28.65979427573755,,28.65979427573755,0.0,4986.54,0.0,4986.54,0.0,69741.69000000002,0.0,69741.69000000002,,,,,,,1606.925501487,301.20768,0.0,,,,,732522.37,0.0,830853.9900000002,0.0,0.0,,0.0,,0.0,,,,,,,,830853.9900000002,0.0
54,ASSAM,DIBRUGARH,,0.0,2649.3999999999996,0.0,2649.3999999999996,0.0,334688.0,0.0,334688.0,3412.0000000000073,338100.0,0.0,147056.87999999998,0.0,147056.87999999998,,,,,0.0,5.5,0.0,5.5,0.0,1877.6799999999998,0.0,1877.6799999999998,,1372.02,,1372.02,,,,,,,,,,,,,0.0,150312.08,0.0,150312.08,,,,,,,,,,,,0.0,,,,0.0,0.0,0.0,0.0,0.0,0.0,11411.080000000002,0.0,11411.080000000002,0.0,0.0,0.0,0.0,0.0,-11411.080000000002,0.0,-11411.080000000002,0.0,138901.0,0.0,138901.0,0.0,14125.480000000001,0.0,14125.480000000001,0.0,124775.51999999999,0.0,124775.51999999999,,2662.2075913353433,,2662.2075913353433,,82.52898166071428,,82.52898166071428,,5633.039999999999,,5633.039999999999,,8377.759999999998,,8377.759999999998,,6.71426574699909,,6.71426574699909,0.0,2761.88,0.0,2761.88,0.0,116298.08,0.0,116298.08,,,,,,,74771.16243405899,1227.9815999999996,0.0,,,,,3970725.7100000004,0.0,4095501.23,0.0,0.0,,0.0,,0.0,,,,,,,,4095501.23,0.0
55,ASSAM,DIMA HASAO,,0.0,2791.8,0.0,2791.8,0.0,234300.0,0.0,234300.0,254500.0,488800.0,0.0,62795.409999999996,0.0,62795.409999999996,,,,,,,,,0.0,63.00999999999999,0.0,63.00999999999999,,100.86000000000001,,100.86000000000001,,,,,,,,,,,,,0.0,62959.27999999999,0.0,62959.27999999999,,,,,,,,,,,,0.0,,,,0.0,0.0,0.0,0.0,0.0,0.0,0.0,0.0,0.0,0.0,0.0,0.0,0.0,0.0,0.0,0.0,0.0,0.0,62959.27999999999,0.0,62959.27999999999,0.0,6295.92,0.0,6295.92,0.0,56663.36,0.0,56663.36,,233.60466973279222,,233.60466973279222,,1.188,,1.188,,336.0,,336.0,,570.79,,570.79,,1.0073352515629146,,1.0073352515629146,0.0,243.95,0.0,243.95,0.0,56082.23,0.0,56082.23,,,,,,,0.0,0.0,0.0,,,,,351450.0,0.0,408113.36,0.0,0.0,,0.0,,0.0,,,,,,,,408113.36,0.0
56,ASSAM,GOALPARA,,0.0,2583.1999999999994,0.0,2583.1999999999994,0.0,171983.0,0.0,171983.0,10417.0,182400.0,0.0,76778.16,0.0,76778.16,,,,,0.0,368.17999999999995,0.0,368.17999999999995,0.0,3229.4799999999996,0.0,3229.4799999999996,,764.02,,764.02,,,,,,,,,,,,,0.0,81139.84,0.0,81139.84,,,,,,,,,,,,0.0,,,,0.0,0.0,0.0,0.0,0.0,0.0,14370.129999999997,0.0,14370.129999999997,0.0,0.0,0.0,0.0,0.0,-14370.129999999997,0.0,-14370.129999999997,0.0,66769.70999999999,0.0,66769.70999999999,0.0,8113.98,0.0,8113.98,0.0,58655.729999999996,0.0,58655.729999999996,,2410.1058381913244,,2410.1058381913244,,41.84915624999999,,41.84915624999999,,9972.48,,9972.48,,12424.43,,12424.43,,21.181954431391446,,21.181954431391446,0.0,2604.68,0.0,2604.68,0.0,46036.719999999994,0.0,46036.719999999994,,,,,,,32905.477107285,742.1328,0.0,,,,,1007752.0,0.0,1066407.73,0.0,0.0,,0.0,,0.0,,,,,,,,1066407.73,0.0
57,ASSAM,GOLAGHAT,,0.0,1751.6999999999996,0.0,1751.6999999999996,0.0,348140.0,0.0,348140.0,2060.0,350200.0,0.0,107331.28,0.0,107331.28,,,,,0.0,345.770976,0.0,345.77,0.0,1171.63,0.0,1171.63,,760.96,,760.96,,,,,,,,,,,,,0.0,109609.64000000001,0.0,109609.64000000001,,,,,,,,,,,,0.0,,,,0.0,0.0,0.0,0.0,0.0,0.0,1653.0500000000004,0.0,1653.0500000000004,0.0,0.0,0.0,0.0,0.0,-1653.0500000000004,0.0,-1653.0500000000004,0.0,107956.59000000001,0.0,107956.59000000001,0.0,10960.970000000001,0.0,10960.970000000001,0.0,96995.62000000001,0.0,96995.62000000001,,1973.0361629555648,,1973.0361629555648,,129.64908137499998,,129.64908137499998,,3833.76,,3833.76,,5936.469999999999,,5936.469999999999,,6.1203485270778195,,6.1203485270778195,0.0,2052.65,0.0,2052.65,0.0,90979.54000000001,0.0,90979.54000000001,,,,,,,7609.247648157,0.0,0.0,,,,,1044420.0,0.0,1141415.62,0.0,0.0,,0.0,,0.0,,,,,,,,1141415.62,0.0
58,ASSAM,HAILAKANDI,,0.0,2838.3,0.0,2838.3,0.0,104981.0,0.0,104981.0,27719.0,132700.0,0.0,28604.879999999997,0.0,28604.879999999997,,,,,0.0,38.753550000000004,0.0,38.760000000000005,0.0,0.0,0.0,0.0,,1779.91,,1779.91,,,,,,,,,,,,,0.0,30423.55,0.0,30423.55,,,,,,,,,,,,0.0,,,,0.0,0.0,188.99,0.0,188.99,0.0,6316.23,0.0,6316.23,0.0,0.0,0.0,0.0,0.0,-6505.22,0.0,-6505.22,0.0,23918.329999999998,0.0,23918.329999999998,0.0,3042.3599999999997,0.0,3042.3599999999997,0.0,20875.97,0.0,20875.97,,527.2231712711484,,527.2231712711484,,0.0,,0.0,,5.039999999999999,,5.039999999999999,,532.27,,532.27,,2.5496779311332594,,2.5496779311332594,0.0,566.95,0.0,566.95,0.0,20303.97,0.0,20303.97,,,,,,,3067.6013640472497,99.4896,0.0,,,,,154461.46,0.0,175337.43,0.0,0.0,,0.0,,0.0,,,,,,,,175337.43,0.0
59,ASSAM,JORHAT,,0.0,2265.2999999999997,0.0,2265.2999999999997,0.0,279408.0,0.0,279408.0,5692.0,285100.0,0.0,111645.23000000001,0.0,111645.23000000001,,,,,0.0,14148.696,0.0,14148.689999999999,0.0,1774.5800000000002,0.0,1774.5800000000002,,898.9599999999999,,898.9599999999999,,,,,,,,,,,,,0.0,128467.45999999999,0.0,128467.45999999999,,,,,,,,,,,,0.0,,,,0.0,0.0,1106.71,0.0,1106.71,0.0,58060.01,0.0,58060.01,0.0,0.0,0.0,0.0,0.0,-59166.72,0.0,-59166.72,0.0,69300.73999999999,0.0,69300.73999999999,0.0,12846.75,0.0,12846.75,0.0,56453.990000000005,0.0,56453.990000000005,,1376.524995408141,,1376.524995408141,,22.3839,,22.3839,,5722.080000000001,,5722.080000000001,,7121.010000000001,,7121.010000000001,,12.613829421091408,,12.613829421091408,0.0,1416.15,0.0,1416.15,0.0,49293.35,0.0,49293.35,,,,,,,115311.30453202501,0.0,0.0,,,,,1993259.9400000002,0.0,2049713.9300000002,0.0,0.0,,0.0,,0.0,,,,,,,,2049713.9300000002,0.0
60,ASSAM,KAMRUP,,0.0,1896.1999999999998,0.0,1896.1999999999998,0.0,263024.0,0.0,263024.0,47476.0,310500.0,0.0,88868.11000000002,0.0,88868.11000000002,,,,,0.0,2723.8688639999996,0.0,2723.8599999999997,0.0,0.0,0.0,0.0,,1538.9,,1538.9,,,,,,,,,,,,,0.0,93130.87000000001,0.0,93130.87000000001,,,,,,,,,,,,0.0,,,,0.0,0.0,14.35,0.0,14.35,0.0,12604.400000000001,0.0,12604.400000000001,0.0,0.0,0.0,0.0,0.0,-12618.75,0.0,-12618.75,0.0,80512.12000000001,0.0,80512.12000000001,0.0,9054.41,0.0,9054.41,0.0,71457.71,0.0,71457.71,,3495.4373682673863,,3495.4373682673863,,239.5819379128746,,239.5819379128746,,20233.920000000002,,20233.920000000002,,23968.96,,23968.96,,33.54286052547723,,33.54286052547723,0.0,3696.96,0.0,3696.96,0.0,47287.25,0.0,47287.25,,,,,,,46023.52213135499,752.7599999999999,0.0,,,,,1542743.15,0.0,1614200.8599999999,0.0,0.0,,0.0,,0.0,,,,,,,,1614200.8599999999,0.0
61,ASSAM,KAMRUP (M),,0.0,1813.4,0.0,1813.4,0.0,45870.0,0.0,45870.0,23387.0,69257.0,0.0,14327.739999999998,0.0,14327.739999999998,,,,,0.0,139.15845,0.0,139.16,0.0,0.0,0.0,0.0,,9131.64,,9131.64,,,,,,,,,,,,,0.0,23598.54,0.0,23598.54,,,,,,,,,,,,0.0,,,,0.0,0.0,0.0,0.0,0.0,0.0,3007.91,0.0,3007.91,0.0,0.0,0.0,0.0,0.0,-3007.91,0.0,-3007.91,0.0,20590.63,0.0,20590.63,0.0,2359.87,0.0,2359.87,0.0,18230.760000000002,0.0,18230.760000000002,,431.9783465372602,,431.9783465372602,,71.90104409714286,,71.90104409714286,,1533.84,,1533.84,,2037.6999999999998,,2037.6999999999998,,11.177263043339936,,11.177263043339936,0.0,435.6,0.0,435.6,0.0,16189.440000000002,0.0,16189.440000000002,,,,,,,8322.318229286999,22.813919999999996,0.0,,,,,547611.83,0.0,565842.59,0.0,0.0,,0.0,,0.0,,,,,,,,565842.59,0.0
62,ASSAM,KARBI ANGLONG,,0.0,1122.2000000000003,0.0,1122.2000000000003,0.0,656090.0,0.0,656090.0,387310.0,1043400.0,0.0,131911.36000000002,0.0,131911.36000000002,,,,,,,,,0.0,0.0,0.0,0.0,,599.59,,599.59,,,,,,,,,,,,,0.0,132510.95,0.0,132510.95,,,,,,,,,,,,0.0,,,,0.0,0.0,113.89,0.0,113.89,0.0,12804.06,0.0,12804.06,0.0,0.0,0.0,0.0,0.0,-12917.949999999999,0.0,-12917.949999999999,0.0,119593.00000000001,0.0,119593.00000000001,0.0,13251.099999999999,0.0,13251.099999999999,0.0,106341.9,0.0,106341.9,,1919.2129472702427,,1919.2129472702427,,8.1708,,8.1708,,1058.3999999999999,,1058.3999999999999,,2985.77,,2985.77,,2.807707968354901,,2.807707968354901,0.0,2032.0300000000002,0.0,2032.0300000000002,0.0,103243.29999999999,0.0,103243.29999999999,,,,,,,31329.308314376998,50.00832,0.0,,,,,2297780.43,0.0,2404122.33,0.0,0.0,,0.0,,0.0,,,,,,,,2404122.33,0.0
63,ASSAM,KARIMGANJ,,0.0,3751.0,0.0,3751.0,0.0,167648.0,0.0,167648.0,13252.0,180900.0,0.0,60369.38,0.0,60369.38,,,,,,,,,0.0,28.73,0.0,28.73,,1349.1599999999999,,1349.1599999999999,,,,,,,,,,,,,0.0,61747.270000000004,0.0,61747.270000000004,,,,,,,,,,,,0.0,,,,0.0,0.0,1600.98,0.0,1600.98,0.0,21348.940000000002,0.0,21348.940000000002,0.0,0.0,0.0,0.0,0.0,-22949.920000000002,0.0,-22949.920000000002,0.0,38797.350000000006,0.0,38797.350000000006,0.0,6174.73,0.0,6174.73,0.0,32622.620000000003,0.0,32622.620000000003,,1303.334161195888,,1303.334161195888,,2.6433,,2.6433,,85.67999999999999,,85.67999999999999,,1391.66,,1391.66,,4.265935721900939,,4.265935721900939,0.0,1404.17,0.0,1404.17,0.0,31130.13,0.0,31130.13,,,,,,,11164.054681329748,924.7392,0.0,,,,,247288.01,0.0,279910.63,0.0,0.0,,0.0,,0.0,,,,,,,,279910.63,0.0
64,ASSAM,KOKRAJHAR,,0.0,3102.3999999999996,0.0,3102.3999999999996,0.0,327030.0,0.0,327030.0,2570.0,329600.0,0.0,178565.7,0.0,178565.7,,,,,0.0,2033.61408,0.0,2033.61,0.0,1874.88,0.0,1874.88,,701.9100000000001,,701.9100000000001,,,,,,,,,,,,,0.0,183176.1,0.0,183176.1,,,,,,,,,,,,0.0,,,,0.0,0.0,0.0,0.0,0.0,0.0,6014.13,0.0,6014.13,0.0,0.0,0.0,0.0,0.0,-6014.13,0.0,-6014.13,0.0,177161.97,0.0,177161.97,0.0,18317.64,0.0,18317.64,0.0,158844.33000000002,0.0,158844.33000000002,,1721.7998326232437,,1721.7998326232437,,0.0,,0.0,,6328.56,,6328.56,,8050.379999999999,,8050.379999999999,,5.068094026396786,,5.068094026396786,0.0,1750.75,0.0,1750.75,0.0,150764.99,0.0,150764.99,,,,,,,36866.945403489,100.53936,0.0,,,,,1569744.0000000002,0.0,1728588.33,0.0,0.0,,0.0,,0.0,,,,,,,,1728588.33,0.0
65,ASSAM,LAKHIMPUR,,0.0,3270.3000000000006,0.0,3270.3000000000006,0.0,224930.0,0.0,224930.0,2770.0,227700.0,0.0,118313.30000000002,0.0,118313.30000000002,,,,,0.0,0.0,0.0,0.0,0.0,0.0,0.0,0.0,,993.5500000000001,,993.5500000000001,,,,,,,,,,,,,0.0,119306.84999999999,0.0,119306.84999999999,,,,,,,,,,,,0.0,,,,0.0,0.0,0.0,0.0,0.0,0.0,35437.57,0.0,35437.57,0.0,0.0,0.0,0.0,0.0,-35437.57,0.0,-35437.57,0.0,83869.28,0.0,83869.28,0.0,11930.69,0.0,11930.69,0.0,71938.59,0.0,71938.59,,2399.609081073634,,2399.609081073634,,10.494100979999999,,10.494100979999999,,4480.5599999999995,,4480.5599999999995,,6890.6900000000005,,6890.6900000000005,,9.578572501907532,,9.578572501907532,0.0,2537.1800000000003,0.0,2537.1800000000003,0.0,64910.33,0.0,64910.33,,,,,,,67788.10070957699,0.0,0.0,,,,,494293.03,0.0,566231.62,0.0,0.0,,0.0,,0.0,,,,,,,,566231.62,0.0
66,ASSAM,MORIGAON,,0.0,1884.8000000000002,0.0,1884.8000000000002,0.0,149066.0,0.0,149066.0,6034.0,155100.0,0.0,48827.6,0.0,48827.6,,,,,0.0,208.765,0.0,208.77,0.0,3604.42,0.0,3604.42,,1091.14,,1091.14,,,,,,,,,,,,,0.0,53731.92999999999,0.0,53731.92999999999,,,,,,,,,,,,0.0,,,,0.0,0.0,0.0,0.0,0.0,0.0,6683.800000000001,0.0,6683.800000000001,0.0,0.0,0.0,0.0,0.0,-6683.8,0.0,-6683.8,0.0,47048.12999999999,0.0,47048.12999999999,0.0,4109.17,0.0,4109.17,0.0,42938.96,0.0,42938.96,,2278.9051613861884,,2278.9051613861884,,5.017815000000001,,5.017815000000001,,10822.56,,10822.56,,13106.49,,13106.49,,30.523538530043577,,30.523538530043577,0.0,2470.27,0.0,2470.27,0.0,29641.1,0.0,29641.1,,,,,,,20477.273804673,948.8923199999999,0.0,,,,,1208267.1600000001,0.0,1251206.12,0.0,0.0,,0.0,,0.0,,,,,,,,1251206.12,0.0
67,ASSAM,NAGAON,,0.0,1884.8000000000002,0.0,1884.8000000000002,0.0,377341.0,0.0,377341.0,19959.0,397300.0,0.0,122206.11,0.0,122206.11,,,,,0.0,15463.5732,0.0,15463.57,0.0,0.0,0.0,0.0,,3474.7999999999997,,3474.7999999999997,,,,,,,,,,,,,0.0,141144.47999999998,0.0,141144.47999999998,,,,,,,,,,,,0.0,,,,0.0,0.0,13.250000000000002,0.0,13.250000000000002,0.0,25709.469999999998,0.0,25709.469999999998,0.0,0.0,0.0,0.0,0.0,-25722.719999999994,0.0,-25722.719999999994,0.0,115421.75999999998,0.0,115421.75999999998,0.0,13808.219999999998,0.0,13808.219999999998,0.0,101613.54,0.0,101613.54,,1774.2450028865205,,1774.2450028865205,,94.578903375,,94.578903375,,27137.039999999997,,27137.039999999997,,29005.86,,29005.86,,28.54527064011351,,28.54527064011351,0.0,1912.3099999999997,0.0,1912.3099999999997,0.0,72469.59999999999,0.0,72469.59999999999,,,,,,,73563.120849141,852.1329599999997,0.0,,,,,1303650.2199999997,0.0,1405263.76,0.0,0.0,,0.0,,0.0,,,,,,,,1405263.76,0.0
68,ASSAM,NALBARI,,0.0,1896.2,0.0,1896.2,0.0,103630.0,0.0,103630.0,1014.0,104644.0,0.0,34584.57,0.0,34584.57,,,,,,,,,0.0,0.0,0.0,0.0,,198.87,,198.87,,,,,,,,,,,,,0.0,34783.44,0.0,34783.44,,,,,,,,,,,,0.0,,,,0.0,0.0,0.0,0.0,0.0,0.0,0.0,0.0,0.0,0.0,0.0,0.0,0.0,0.0,0.0,0.0,0.0,0.0,34783.44,0.0,34783.44,0.0,3478.35,0.0,3478.35,0.0,31305.09,0.0,31305.09,,394.15236332493294,,394.15236332493294,,12.8076498,,12.8076498,,7479.360000000001,,7479.360000000001,,7886.34,,7886.34,,25.19187774256519,,25.19187774256519,0.0,409.00000000000006,0.0,409.00000000000006,0.0,23403.890000000003,0.0,23403.890000000003,,,,,,,0.0,214.90703999999997,0.0,,,,,611930.09,0.0,643235.1799999999,0.0,0.0,,0.0,,0.0,,,,,,,,643235.1799999999,0.0
69,ASSAM,SIBSAGAR,,0.0,2412.4,0.0,2412.4,0.0,264459.0,0.0,264459.0,2341.0,266800.0,0.0,107033.65000000001,0.0,107033.65000000001,,,,,0.0,19.450000000000003,0.0,19.450000000000003,0.0,428.38,0.0,428.38,,342.71,,342.71,,,,,,,,,,,,,0.0,107824.18,0.0,107824.18,,,,,,,,,,,,0.0,,,,0.0,0.0,177.16,0.0,177.16,0.0,6609.04,0.0,6609.04,0.0,0.0,0.0,0.0,0.0,-6786.2,0.0,-6786.2,0.0,101037.98,0.0,101037.98,0.0,9918.11,0.0,9918.11,0.0,91119.87000000001,0.0,91119.87000000001,,1744.645138498864,,1744.645138498864,,72.05845515,,72.05845515,,2721.6,,2721.6,,4538.3,,4538.3,,4.980582171594406,,4.980582171594406,0.0,1795.6,0.0,1795.6,0.0,86530.64000000001,0.0,86530.64000000001,,,,,,,55459.16584863599,47.4336,0.0,,,,,1238162.46,0.0,1329282.3300000003,0.0,0.0,,0.0,,0.0,,,,,,,,1329282.3300000003,0.0
70,ASSAM,SONITPUR,,0.0,1978.7,0.0,1978.7,0.0,513224.0,0.0,513224.0,7176.0,520400.0,0.0,163977.25000000003,0.0,163977.25000000003,,,,,0.0,1855.3971999999999,0.0,1855.3899999999999,0.0,361.71000000000004,0.0,361.71000000000004,,817.6999999999999,,817.6999999999999,,,,,,,,,,,,,0.0,167012.05000000002,0.0,167012.05000000002,,,,,,,,,,,,0.0,,,,0.0,0.0,8.26,0.0,8.26,0.0,24999.71,0.0,24999.71,0.0,0.0,0.0,0.0,0.0,-25007.97,0.0,-25007.97,0.0,142004.08000000002,0.0,142004.08000000002,0.0,15537.669999999996,0.0,15537.669999999996,0.0,126466.40999999999,0.0,126466.40999999999,,3959.2817138275077,,3959.2817138275077,,100.63985414999999,,100.63985414999999,,8942.64,,8942.64,,13002.54,,13002.54,,10.281417808886962,,10.281417808886962,0.0,4160.16,0.0,4160.16,0.0,113263.00000000001,0.0,113263.00000000001,,,,,,,70904.625681129,23.855040000000002,0.0,,,,,6002113.909999999,0.0,6128580.32,0.0,0.0,,0.0,,0.0,,,,,,,,6128580.32,0.0
71,ASSAM,TINSUKIA,,0.0,2322.6,0.0,2322.6,0.0,371757.0,0.0,371757.0,7243.0,379000.0,0.0,147953.49,0.0,147953.49,,,,,0.0,1782.0,0.0,1782.0,0.0,1316.5500000000002,0.0,1316.5500000000002,,1253.3500000000001,,1253.3500000000001,,,,,,,,,,,,,0.0,152305.39,0.0,152305.39,,,,,,,,,,,,0.0,,,,0.0,0.0,0.0,0.0,0.0,0.0,12189.11,0.0,12189.11,0.0,0.0,0.0,0.0,0.0,-12189.11,0.0,-12189.11,0.0,140116.28000000003,0.0,140116.28000000003,0.0,15230.550000000001,0.0,15230.550000000001,0.0,124885.73,0.0,124885.73,,2043.3402272774447,,2043.3402272774447,,41.03680255714285,,41.03680255714285,,4331.039999999999,,4331.039999999999,,6415.410000000001,,6415.410000000001,,5.137024061916443,,5.137024061916443,0.0,2146.3799999999997,0.0,2146.3799999999997,0.0,118367.27999999998,0.0,118367.27999999998,,,,,,,63077.507026029,351.04319999999996,0.0,,,,,1979761.0999999999,0.0,2104646.83,0.0,0.0,,0.0,,0.0,,,,,,,,2104646.83,0.0
72,ASSAM,UDALGURI,,0.0,1957.8,0.0,1957.8,0.0,200169.01,0.0,200169.01,1030.9899999999982,201200.0,0.0,70997.56,0.0,70997.56,,,,,0.0,2826.9647999999997,0.0,2826.9700000000003,0.0,0.0,0.0,0.0,,373.60999999999996,,373.60999999999996,,,,,,,,,,,,,0.0,74198.14,0.0,74198.14,,,,,,,,,,,,0.0,,,,0.0,0.0,0.0,0.0,0.0,0.0,15818.26,0.0,15818.26,0.0,0.0,0.0,0.0,0.0,-15818.259999999998,0.0,-15818.259999999998,0.0,58379.880000000005,0.0,58379.880000000005,0.0,7419.8099999999995,0.0,7419.8099999999995,0.0,50960.07,0.0,50960.07,,1515.6324453786744,,1515.6324453786744,,62.6773653,,62.6773653,,4569.599999999999,,4569.599999999999,,6147.879999999999,,6147.879999999999,,12.064112156831808,,12.064112156831808,0.0,1560.71,0.0,1560.71,0.0,44767.13,0.0,44767.13,,,,,,,65958.39639542,13.102559999999999,0.0,,,,,1519843.37,0.0,1570803.44,0.0,0.0,,0.0,,0.0,,,,,,,,1570803.44,0.0
73,BIHAR,ARARIA,,1632.2,1632.2,0.0,1632.1999999999996,98344.0,180593.0,0.0,278937.0,0.0,278937.0,27926.89,51432.77,0.0,79359.65999999999,41376.840000000004,,0.0,41376.840000000004,20180.18,0.0,0.0,20180.18,1681.0100000000002,7497.0199999999995,0.0,9178.02,254.95999999999998,594.9200000000001,0.0,849.88,0.0,2.88,,2.88,,,,,,,,,91419.87999999999,59527.59000000001,0.0,150947.47000000003,,,,,,,,,,,,0.0,,,,0.0,,,,,,,,,,,,,,,,0.0,91419.87999999999,59527.59000000001,0.0,150947.47000000003,9141.98,4625.74,0.0,13767.720000000001,82277.90000000001,54901.85,0.0,137179.75000000003,5149.05281,4140.497584999999,,9289.550395,114.0,0.0,,114.0,4830.4809000000005,21543.1371,,26373.618,10093.54,25683.62,,35777.159999999996,12.267619859038696,46.78097368303618,,26.080496574749546,5504.120000000001,4426.0,0.0,9930.119999999999,71829.29,28932.73,0.0,100762.01999999999,,,,,,,,,,,,,,0.0,0.0,137179.75,0.0,0.0,,0.0,,0.0,,,,,,,,137179.75,0.0
74,BIHAR,ARWAL,,874.4000000000001,874.4000000000001,0.0,874.4000000000002,21371.8,42311.2,0.0,63683.0,0.0,63683.0,3183.6699999999996,7767.700000000001,0.0,10951.37,2958.6,,0.0,2958.6,4385.4800000000005,0.0,0.0,4385.4800000000005,206.56,1562.1999999999998,0.0,1768.75,162.51,379.13,0.0,541.64,0.0,73.44,,73.44,,,,,,,,,10896.819999999998,9782.470000000001,0.0,20679.29,,,,,,,,,,,,0.0,,,,0.0,,,,,,,,,,,,,,,,0.0,10896.819999999998,9782.470000000001,0.0,20679.29,783.68,889.9399999999999,0.0,1673.6200000000003,10113.14,8892.53,0.0,19005.670000000002,2532.8674950000004,0.0,,2532.8674950000004,129.0,0.0,,129.0,649.467,4911.849,,5561.316,3311.34,4911.84,,8223.18,32.74294630549958,55.23557412794784,,43.26698295824351,2707.5299999999997,0.0,0.0,2707.5299999999997,6627.13,3980.69,0.0,10607.82,,,,,,,,,,,,,,0.0,0.0,19005.67,0.0,0.0,,0.0,,0.0,,,,,,,,19005.67,0.0
75,BIHAR,AURANGABAD,,974.9,974.9,0.0,974.9000000000001,142675.0,166379.0,0.0,309054.0,21230.0,330284.0,22679.26,30808.210000000003,0.0,53487.469999999994,31950.079999999998,,0.0,31950.079999999998,38868.369999999995,0.0,0.0,38868.369999999995,2865.06,3225.6499999999996,0.0,6090.709999999999,1668.3899999999999,3892.96,0.0,5561.349999999999,0.0,374.4,,374.4,,,,,,,,,98031.16,38301.22,0.0,136332.38,,,,,,,,,,,,0.0,,,,0.0,,,,,,,,,,,,,,,,0.0,98031.16,38301.22,0.0,136332.38,9803.140000000001,3708.0399999999995,0.0,13511.18,88228.02,34593.18,0.0,122821.20000000001,8583.463005,0.0,,8583.463005,2630.1000000000004,0.0,,2630.1000000000004,9242.135999999999,10405.295999999998,,19647.432,20455.719999999998,10405.309999999998,,30861.030000000002,23.185060709738238,30.079079171096723,,25.126794071381813,9175.33,0.0,0.0,9175.33,67180.42,24272.170000000002,0.0,91452.59,,,,,,,,,,,,,,0.0,0.0,122821.20000000001,0.0,0.0,,0.0,,0.0,,,,,,,,122821.20000000001,0.0
76,BIHAR,BANKA,,974.9,974.9000000000001,0.0,974.9,47719.2,219580.8,0.0,267300.0,34654.0,301954.0,5055.530000000001,37805.48,0.0,42861.01000000001,2428.39,,0.0,2428.39,11228.38,0.0,0.0,11228.38,886.6799999999998,2807.0299999999997,0.0,3693.71,950.78,2218.52,0.0,3169.2999999999997,0.0,1873.44,,1873.44,,,,,,,,,20549.760000000002,44704.469999999994,0.0,65254.23,,,,,,,,,,,,0.0,,,,0.0,,,,,,,,,,,,,,,,0.0,20549.760000000002,44704.469999999994,0.0,65254.23,2054.98,3953.22,0.0,6008.200000000001,18494.78,40751.25,0.0,59246.03,3939.71218,2668.20475,,6607.916929999999,94.12299999999998,0.0,,94.12299999999998,2720.1420000000007,8611.128,,11331.270000000002,6753.989999999998,11279.320000000002,,18033.31,36.51835815294909,27.678463850802125,,30.43800571953935,4211.370000000001,2852.2,0.0,7063.57,11469.15,29287.93,0.0,40757.08,,,,,,,,,,,,,,0.0,0.0,59246.03,0.0,0.0,,0.0,,0.0,,,,,,,,59246.03,0.0
77,BIHAR,BEGUSARAI,,1090.7,1090.7000000000003,0.0,1090.7000000000005,336.5,188794.5,0.0,189131.0,0.0,189131.0,57.35,46899.52,0.0,46956.869999999995,291.95,,0.0,291.95,163.66,0.0,0.0,163.66,0.0,6494.560000000001,0.0,6494.560000000001,139.66999999999996,822.75,0.0,962.4199999999998,0.0,0.0,,0.0,,,,,,,,,652.6299999999997,54216.83000000001,0.0,54869.459999999985,,,,,,,,,,,,0.0,,,,0.0,,,,,,,,,,,,,,,,0.0,652.6299999999997,54216.83000000001,0.0,54869.459999999985,65.24000000000004,5421.669999999999,0.0,5486.91,587.3900000000004,48795.159999999996,0.0,49382.549999999996,0.0,9122.8772695,,9122.8772695,0.0,73.2,,73.2,0.0,22021.7283,,22021.7283,0.0,31217.809999999998,,31217.809999999998,0.0,63.97726741750617,,63.216277814734156,0.0,9751.950000000003,0.0,9751.950000000003,587.3900000000004,16948.27,0.0,17535.66,,,,,,,,,,,,,,0.0,0.0,49382.54999999999,0.0,0.0,,0.0,,0.0,,,,,,,,49382.54999999999,0.0
78,BIHAR,BHAGALPUR,,1207.8999999999999,1207.8999999999999,0.0,1207.9,11453.66,248801.34,0.0,260255.0,0.0,260255.0,2723.64,62269.21,0.0,64992.85,1147.4299999999998,,0.0,1147.4299999999998,1900.1299999999997,0.0,0.0,1900.1299999999997,109.72999999999999,5944.400000000001,0.0,6054.13,821.83,1917.69,0.0,2739.52,0.0,198.72,,198.72,,,,,,,,,6702.759999999998,70330.02,0.0,77032.78,,,,,,,,,,,,0.0,,,,0.0,,,,,,,,,,,,,,,,0.0,6702.759999999998,70330.02,0.0,77032.78,670.2800000000001,7033.009999999999,0.0,7703.3,6032.48,63297.01,0.0,69329.48999999999,1319.12606,5345.034888,,6664.160948000001,804.84,300.0,,1104.84,318.9599999999999,17280.27,,17599.23,2442.92,22925.300000000003,,25368.22,40.49611436755696,36.21861443376236,,36.59080717310917,1410.09,5713.629999999999,0.0,7123.719999999999,3498.6,40003.11000000001,0.0,43501.71000000001,,,,,,,,,,,,,,0.0,0.0,69329.48999999999,0.0,0.0,,0.0,,0.0,,,,,,,,69329.48999999999,0.0
79,BIHAR,BHOJPUR,,1051.5,1051.5,0.0,1051.5,56636.8,170893.2,0.0,227530.0,0.0,227530.0,10076.94,37139.42,0.0,47216.36000000001,12961.29,,0.0,12961.29,17699.56,0.0,0.0,17699.56,2659.19,6919.189999999999,0.0,9578.380000000001,489.20000000000005,1141.46,0.0,1630.6599999999999,0.0,96.48,,96.48,,,,,,,,,43886.18,45296.55,0.0,89182.73,,,,,,,,,,,,0.0,,,,0.0,,,,,,,,,,,,,,,,0.0,43886.18,45296.55,0.0,89182.73,4375.9,4529.67,0.0,8905.559999999998,39510.28,40766.88,0.0,80277.16,4360.52433,4171.952847,,8532.477176999999,715.4499999999999,0.0,,715.4499999999999,7960.481999999998,20713.086,,28673.568,13036.44,24885.07,,37921.51,32.99505850123057,61.04237066952389,,47.238230649913376,4661.22,4459.62,0.0,9120.84,26173.15,16038.84,0.0,42211.990000000005,,,,,,,,,,,,,,0.0,0.0,80277.16,0.0,0.0,,0.0,,0.0,,,,,,,,80277.16,0.0
80,BIHAR,BUXAR,,975.4,975.4000000000001,0.0,975.4000000000001,49281.0,121725.0,0.0,171006.0,0.0,171006.0,8325.29,24951.51,0.0,33276.8,10528.769999999999,,0.0,10528.769999999999,13470.289999999999,0.0,0.0,13470.289999999999,1532.7400000000002,4634.42,0.0,6167.160000000001,430.53999999999996,1004.58,0.0,1435.1199999999997,0.0,90.72,,90.72,,,,,,,,,34287.630000000005,30681.230000000003,0.0,64968.86,,,,,,,,,,,,0.0,,,,0.0,,,,,,,,,,,,,,,,0.0,34287.630000000005,30681.230000000003,0.0,64968.86,3428.78,2888.8599999999997,0.0,6317.639999999999,30858.850000000002,27792.37,0.0,58651.219999999994,3741.329861999999,1411.5940649999998,,5152.923927,262.95,224.0,,486.95,4789.799999999999,14482.529999999999,,19272.33,8794.08,16118.119999999999,,24912.199999999997,28.497756721329537,57.99476618942537,,42.47516078949423,3999.32,1508.9299999999998,0.0,5508.25,21806.79,11576.909999999998,0.0,33383.7,,,,,,,,,,,,,,0.0,0.0,58651.22,0.0,0.0,,0.0,,0.0,,,,,,,,58651.22,0.0
81,BIHAR,DARBHANGA,,1123.6,1123.6,0.0,1123.6,5912.8099999999995,244516.19,0.0,250429.0,0.0,250429.0,1255.42,59249.16,0.0,60504.58,1981.92,,0.0,1981.92,1213.31,0.0,0.0,1213.31,51.019999999999996,7474.139999999998,0.0,7525.159999999998,1253.5700000000002,2924.9599999999996,0.0,4178.530000000001,0.0,37.44,,37.44,,,,,,,,,5755.240000000001,69685.70000000001,0.0,75440.94,,,,,,,,,,,,0.0,,,,0.0,,,,,,,,,,,,,,,,0.0,5755.240000000001,69685.70000000001,0.0,75440.94,575.53,6761.289999999999,0.0,7336.83,5179.710000000001,62924.40999999999,0.0,68104.12,422.0349,12425.17305,,12847.207949999998,60.0,733.6,,793.6,149.175,21857.495,,22006.67,631.2,35016.3,,35647.50000000001,12.186010413710418,55.64819757547191,,52.34264828618299,451.14,13281.949999999999,0.0,13733.089999999998,4519.400000000001,27051.340000000007,0.0,31570.74000000001,,,,,,,,,,,,,,0.0,0.0,68104.12,0.0,0.0,,0.0,,0.0,,,,,,,,68104.12,0.0
82,BIHAR,EAST CHAMPARAN,,1197.7000000000003,1197.7,0.0,1197.7,147947.81999999998,247939.18000000002,0.0,395887.0,0.0,395887.0,33860.61,66824.84000000001,0.0,100685.45,40998.95,,0.0,40998.95,30918.899999999998,0.0,0.0,30918.899999999998,2183.9300000000003,15402.529999999999,0.0,17586.46,637.44,1487.41,0.0,2124.85,0.0,7.199999999999999,,7.199999999999999,,,,,,,,,108599.82999999999,83721.98,0.0,192321.81,,,,,,,,,,,,0.0,,,,0.0,,,,,,,,,,,,,,,,0.0,108599.82999999999,83721.98,0.0,192321.81,10859.980000000003,8128.829999999999,0.0,18988.8,97739.85,75593.15000000001,0.0,173333.00000000003,12851.156044999998,3805.2220899999993,,16656.378135,7158.6900000000005,18.0,,7176.6900000000005,6348.933,44776.875,,51125.808,26358.780000000002,48600.09999999999,,74958.88,26.96830412569694,64.29167193059158,,43.245590856905494,14173.099999999999,4067.62,0.0,18240.72,70059.14000000001,28197.61,0.0,98256.75000000001,,,,,,,,,,,,,,0.0,0.0,173333.0,0.0,0.0,,0.0,,0.0,,,,,,,,173333.0,0.0
83,BIHAR,GAYA,,1003.9000000000002,1003.9,0.0,1003.9,36320.0,454658.0,0.0,490978.0,7608.0,498586.0,5228.18,86665.04,0.0,91893.22,3019.78,,0.0,3019.78,7452.849999999999,0.0,0.0,7452.849999999999,1284.7200000000003,11376.359999999999,0.0,12661.079999999998,2678.0699999999993,6248.910000000001,0.0,8926.98,0.0,404.64,,404.64,,,,,,,,,19663.589999999997,104694.95,0.0,124358.53999999998,,,,,,,,,,,,0.0,,,,0.0,,,,,,,,,,,,,,,,0.0,19663.589999999997,104694.95,0.0,124358.53999999998,1966.3799999999997,9983.6,0.0,11949.970000000003,17697.21,94711.34999999999,0.0,112408.56000000003,5449.948224999999,8665.14088,,14115.089105,308.02,56.6575,,364.6775,4014.3870000000006,35549.1747,,39563.5617,9772.3,44270.97000000001,,54043.270000000004,55.21943854426771,46.74304610799024,,48.07753964644685,5825.73,9262.65,0.0,15088.380000000001,7549.129999999999,49842.88000000001,0.0,57392.01000000001,,,,,,,,,,,,,,0.0,0.0,112408.56,0.0,0.0,,0.0,,0.0,,,,,,,,112408.56,0.0
84,BIHAR,GOPALGANJ,,1135.5,1135.5,0.0,1135.5,77162.0,124751.0,0.0,201913.0,0.0,201913.0,16643.87,31500.18,0.0,48144.04999999999,23653.860000000004,,0.0,23653.860000000004,15833.650000000001,0.0,0.0,15833.650000000001,2861.37,9581.82,0.0,12443.189999999999,418.04,975.4199999999998,0.0,1393.4599999999998,0.0,8.64,,8.64,,,,,,,,,59410.78999999999,42066.06,0.0,101476.85,,,,,,,,,,,,0.0,,,,0.0,,,,,,,,,,,,,,,,0.0,59410.78999999999,42066.06,0.0,101476.85,5845.869999999999,3818.3999999999996,0.0,9664.27,53564.92,38247.66,0.0,91812.58000000002,8485.389695,0.0,,8485.389695,511.208,0.0,,511.208,8322.7305,27874.0112,,36196.7417,17319.370000000003,27874.02,,45193.38999999999,32.33341896151437,72.87771330324522,,49.22352688487785,9070.51,0.0,0.0,9070.51,35660.420000000006,12227.71,0.0,47888.130000000005,,,,,,,,,,,,,,0.0,0.0,91812.58000000002,0.0,0.0,,0.0,,0.0,,,,,,,,91812.58000000002,0.0
85,BIHAR,JAMUI,,1107.3,1107.3,0.0,1107.3000000000002,8352.9,246761.1,0.0,255114.0,54712.0,309826.0,1449.62,32920.78,0.0,34370.4,1715.14,,0.0,1715.14,1617.4099999999999,0.0,0.0,1617.4099999999999,311.23999999999995,2460.26,0.0,2771.5,1736.5200000000002,4051.9500000000003,0.0,5788.469999999999,0.0,324.0,,324.0,,,,,,,,,6829.93,39756.990000000005,0.0,46586.92,,,,,,,,,,,,0.0,,,,0.0,,,,,,,,,,,,,,,,0.0,6829.93,39756.990000000005,0.0,46586.92,683.0100000000001,3114.8500000000004,0.0,3797.8599999999997,6146.92,36642.14000000001,0.0,42789.06,4973.13376,933.0746849999999,,5906.208445,2.4479999999999995,6.0,,8.448,904.896,7152.147,,8057.042999999999,5880.49,8091.23,,13971.72,95.66563417125975,22.081761600168544,,32.65255184385916,5316.04,997.41,0.0,6313.450000000001,1301.6000000000001,28486.57,0.0,29788.17,,,,,,,,,,,,,,0.0,0.0,42789.060000000005,0.0,0.0,,0.0,,0.0,,,,,,,,42789.060000000005,0.0
86,BIHAR,JEHANABAD,,936.6000000000001,936.5999999999999,0.0,936.6,15594.0,77663.0,0.0,93257.0,0.0,93257.0,2305.5499999999997,15285.5,0.0,17591.050000000003,4001.4,,0.0,4001.4,3199.8799999999997,0.0,0.0,3199.8799999999997,793.45,5575.49,0.0,6368.9400000000005,159.61,372.54,0.0,532.1500000000001,0.0,79.20000000000002,,79.20000000000002,,,,,,,,,10459.890000000001,21312.729999999996,0.0,31772.62,,,,,,,,,,,,0.0,,,,0.0,,,,,,,,,,,,,,,,0.0,10459.890000000001,21312.729999999996,0.0,31772.62,1045.98,2131.27,0.0,3177.25,9413.91,19181.46,0.0,28595.370000000003,2715.0451999999996,763.7610399999999,,3478.80624,0.0,0.0,,0.0,2495.367,17534.277000000002,,20029.644,5210.41,18298.04,,23508.45,55.34799036744562,95.39440689082063,,82.21068655520106,2902.26,816.4300000000001,0.0,3718.6900000000005,4016.29,2441.46,0.0,6457.75,,,,,,,,,,,,,,0.0,0.0,28595.37,0.0,0.0,,0.0,,0.0,,,,,,,,28595.37,0.0
87,BIHAR,KAIMUR,,1126.3,1126.3,0.0,1126.3,65809.0,232231.0,0.0,298040.0,38166.0,336206.0,12087.119999999999,36055.66999999999,0.0,48142.78999999999,3155.97,,0.0,3155.97,17891.22,0.0,0.0,17891.22,2283.5600000000004,4686.17,0.0,6969.73,1073.8999999999999,2505.7699999999995,0.0,3579.67,0.0,279.36,,279.36,,,,,,,,,36491.770000000004,43526.969999999994,0.0,80018.74000000002,,,,,,,,,,,,0.0,,,,0.0,,,,,,,,,,,,,,,,0.0,36491.770000000004,43526.969999999994,0.0,80018.74000000002,3564.65,4352.71,0.0,7917.35,32927.12,39174.259999999995,0.0,72101.38,4596.981914999999,704.11712,,5301.099034999999,29.04,3.63,,32.669999999999995,7181.550000000001,14737.347000000002,,21918.897,11807.540000000003,15445.11,,27252.65,35.85961966913596,39.42667966159413,,37.79768154229503,4913.959999999999,752.67,0.0,5666.63,20956.5,23731.870000000003,0.0,44688.37,,,,,,,,,,,,,,0.0,0.0,72101.38,0.0,0.0,,0.0,,0.0,,,,,,,,72101.38,0.0
88,BIHAR,KATIHAR,,1342.7000000000003,1342.7,0.0,1342.6999999999998,22050.7,278940.3,0.0,300991.0,0.0,300991.0,5693.070000000001,83386.80000000002,0.0,89079.87,13435.44,,0.0,13435.44,4532.860000000001,0.0,0.0,4532.860000000001,0.0,17725.780000000002,0.0,17725.780000000002,481.17999999999995,1122.83,0.0,1604.01,0.0,1.44,,1.44,,,,,,,,,24142.550000000003,102236.84999999999,0.0,126379.40000000001,,,,,,,,,,,,0.0,,,,0.0,,,,,,,,,,,,,,,,0.0,24142.550000000003,102236.84999999999,0.0,126379.40000000001,2414.2400000000007,9555.42,0.0,11969.66,21728.309999999994,92681.43000000001,0.0,114409.73999999999,1204.904785,8189.000752499999,,9393.9055375,29.94,90.84,,120.78,0.0,51373.99080000001,,51373.99080000001,1234.8400000000001,59653.85,,60888.689999999995,5.683092702561775,64.36440395880814,,53.219848240193535,1287.99,8753.679999999998,0.0,10041.67,20410.379999999997,32524.69,0.0,52935.06999999999,,,,,,,,,,,,,,0.0,0.0,114409.74,0.0,0.0,,0.0,,0.0,,,,,,,,114409.74,0.0
89,BIHAR,KHAGARIA,,0.0,1233.9000000000003,0.0,1233.9000000000003,0.0,148572.0,0.0,148572.0,0.0,148572.0,0.0,41861.0,0.0,41861.0,0.0,,0.0,0.0,0.0,0.0,0.0,0.0,0.0,5932.15,0.0,5932.15,254.39999999999998,593.65,0.0,848.05,0.0,0.0,,0.0,,,,,,,,,254.39999999999998,48386.80000000001,0.0,48641.200000000004,,,,,,,,,,,,0.0,,,,0.0,,,,,,,,,,,,,,,,0.0,254.39999999999998,48386.80000000001,0.0,48641.200000000004,25.439999999999998,4838.68,0.0,4864.129999999999,228.95999999999998,43548.12,0.0,43777.08,,5290.434757,,5290.434757,,17.788,,17.788,,20747.496,,20747.496,,26055.719999999998,,26055.719999999998,,59.83202030305785,,59.519090811904306,0.0,5655.240000000001,0.0,5655.240000000001,228.95999999999998,17127.6,0.0,17356.559999999998,,,,,,,,,,,,,,0.0,0.0,43777.079999999994,0.0,0.0,,0.0,,0.0,,,,,,,,43777.079999999994,0.0
90,BIHAR,KISHANGANJ,,0.0,2090.6,0.0,2090.6,0.0,191143.0,0.0,191143.0,0.0,191143.0,0.0,67321.71,0.0,67321.71,0.0,,0.0,0.0,0.0,0.0,0.0,0.0,0.0,6038.5,0.0,6038.5,235.29000000000002,549.1099999999999,0.0,784.3999999999999,0.0,2.88,,2.88,,,,,,,,,235.29000000000002,73912.20000000001,0.0,74147.49,,,,,,,,,,,,0.0,,,,0.0,,,,,,,,,,,,,,,,0.0,235.29000000000002,73912.20000000001,0.0,74147.49,23.54,5491.749999999999,0.0,5515.289999999999,211.74999999999997,68420.45,0.0,68632.2,,5317.980285,,5317.980285,,298.5,,298.5,,19352.9862,,19352.9862,,24969.480000000003,,24969.480000000003,,36.494176814095795,,36.38158182310928,0.0,5684.67,0.0,5684.67,211.74999999999997,43084.28,0.0,43296.03,,,,,,,,,,,,,,0.0,0.0,68632.2,0.0,0.0,,0.0,,0.0,,,,,,,,68632.2,0.0
91,BIHAR,LAKHISARAI,,1146.8,1146.8,0.0,1146.8,24037.0,90457.0,0.0,114494.0,8280.0,122774.0,3880.92,19385.739999999998,0.0,23266.66,6316.62,,0.0,6316.62,4932.39,0.0,0.0,4932.39,984.45,2717.45,0.0,3701.8999999999996,623.2500000000001,1454.2699999999998,0.0,2077.52,0.0,1327.6799999999998,,1327.6799999999998,,,,,,,,,16737.63,24885.14,0.0,41622.770000000004,,,,,,,,,,,,0.0,,,,0.0,,,,,,,,,,,,,,,,0.0,16737.63,24885.14,0.0,41622.770000000004,1532.0100000000002,2405.21,0.0,3937.2200000000003,15205.62,22479.93,0.0,37685.55,3123.880605,98.278075,,3222.15868,4.2,0.0,,4.2,2812.7609999999995,7764.155999999998,,10576.917,5940.83,7862.42,,13803.27,39.06996229025847,34.97528684475441,,36.62748719336722,3339.28,105.05,0.0,3444.3300000000004,9049.39,14729.12,0.0,23778.510000000002,,,,,,,,,,,,,,0.0,0.0,37685.55,0.0,0.0,,0.0,,0.0,,,,,,,,37685.55,0.0
92,BIHAR,MADHEPURA,,1392.7,1392.6999999999998,0.0,1392.7,107784.0,71056.0,0.0,178840.0,0.0,178840.0,26537.379999999997,20416.120000000003,0.0,46953.49999999999,26931.529999999995,,0.0,26931.529999999995,22117.28,0.0,0.0,22117.28,1061.15,8326.570000000002,0.0,9387.72,127.14000000000003,296.7800000000001,0.0,423.92,0.0,0.0,,0.0,,,,,,,,,76774.49,29039.469999999998,0.0,105813.95999999998,,,,,,,,,,,,0.0,,,,0.0,,,,,,,,,,,,,,,,0.0,76774.49,29039.469999999998,0.0,105813.95999999998,7677.47,2903.96,0.0,10581.419999999998,69097.02,26135.51,0.0,95232.53,6542.16802,0.0,,6542.16802,124.2,0.0,,124.2,3659.1749999999993,28712.34,,32371.514999999992,10325.51,28712.33,,39037.84,14.943495392420687,109.85945940982214,,40.992127374963154,6993.29,0.0,0.0,6993.29,58320.39,4065.08,0.0,62385.47,,,,,,,,,,,,,,0.0,0.0,95232.53,0.0,0.0,,0.0,,0.0,,,,,,,,95232.53,0.0
93,BIHAR,MADHUBANI,,1293.3,1293.3,0.0,1293.2999999999995,52482.81999999999,296162.18,0.0,348645.0,0.0,348645.0,12694.199999999999,72704.09,0.0,85398.29,27340.86,,0.0,27340.86,10769.469999999998,0.0,0.0,10769.469999999998,1370.48,8896.779999999999,0.0,10267.26,1004.3700000000001,2343.7699999999995,0.0,3348.139999999999,0.0,23.04,,23.04,,,,,,,,,53179.380000000005,83967.68,0.0,137147.06,,,,,,,,,,,,0.0,,,,0.0,,,,,,,,,,,,,,,,0.0,53179.380000000005,83967.68,0.0,137147.06,5317.960000000002,8145.04,0.0,13462.989999999998,47861.41999999999,75822.64,0.0,123684.06,7309.523579999999,7272.851664999999,,14582.375245,8496.6,636.0,,9132.6,3806.9865000000004,24713.594100000006,,28520.580599999998,19613.1,32622.44,,52235.54,40.97893459909882,43.024669148950764,,42.233041185743744,7813.57,7774.35,0.0,15587.920000000002,28449.370000000003,42698.689999999995,0.0,71148.06,,,,,,,,,,,,,,0.0,0.0,123684.06,0.0,0.0,,0.0,,0.0,,,,,,,,123684.06,0.0
94,BIHAR,MUNGER,,1146.7999999999997,1146.8,0.0,1146.8,32937.0,100205.0,0.0,133142.0,6408.0,139550.0,5219.39,22544.239999999998,0.0,27763.63,665.38,,0.0,665.38,6758.66,0.0,0.0,6758.66,222.54000000000002,1842.8600000000001,0.0,2065.4,151.82,354.34,0.0,506.15999999999997,0.0,979.2000000000002,,979.2000000000002,,,,,,,,,13017.789999999999,25720.639999999996,0.0,38738.42999999999,,,,,,,,,,,,0.0,,,,0.0,,,,,,,,,,,,,,,,0.0,13017.789999999999,25720.639999999996,0.0,38738.42999999999,1301.8000000000002,2572.05,0.0,3873.85,11715.99,23148.59,0.0,34864.58,3010.899235,1371.7202240000001,,4382.619459,0.18,735.0,,735.18,646.9199999999998,5357.16,,6004.079999999999,3658.0,7463.890000000001,,11121.89,31.222286806321957,32.24338933818432,,31.900255216038737,3218.4999999999995,1466.31,0.0,4684.81,7850.4,15703.819999999998,0.0,23554.219999999998,,,,,,,,,,,,,,0.0,0.0,34864.58,0.0,0.0,,0.0,,0.0,,,,,,,,34864.58,0.0
95,BIHAR,MUZAFFARPUR,,1154.4999999999998,1154.4999999999998,0.0,1154.5,39129.350000000006,265147.65,0.0,304277.0,0.0,304277.0,8169.54,68360.97000000002,0.0,76530.51000000001,14269.48,,0.0,14269.48,8280.659999999998,0.0,0.0,8280.659999999998,651.7299999999999,17439.149999999998,0.0,18090.879999999997,362.21,845.18,0.0,1207.3899999999999,0.0,1.44,,1.44,,,,,,,,,31733.620000000003,86646.73999999999,0.0,118380.36,,,,,,,,,,,,0.0,,,,0.0,,,,,,,,,,,,,,,,0.0,31733.620000000003,86646.73999999999,0.0,118380.36,3134.5600000000004,8349.160000000002,0.0,11483.72,28599.059999999994,78297.58000000002,0.0,106896.63999999998,7222.6897149999995,8020.148649999999,,15242.838365000003,1240.0,39.349999999999994,,1279.35,1999.5209999999997,53502.429599999996,,55501.9506,10462.23,61561.91000000001,,72024.15000000001,36.58242613568419,78.62555905303842,,67.37737500449033,7720.7300000000005,8573.17,0.0,16293.899999999998,17638.8,17293.9,0.0,34932.7,,,,,,,,,,,,,,0.0,0.0,106896.64,0.0,0.0,,0.0,,0.0,,,,,,,,106896.64,0.0
96,BIHAR,NALANDA,,1002.1999999999999,1002.2000000000002,0.0,1002.2,11911.0,219735.0,0.0,231646.0,3350.0,234996.0,2198.02,43525.45999999999,0.0,45723.479999999996,1101.49,,0.0,1101.49,3387.43,0.0,0.0,3387.43,300.03999999999996,9684.449999999999,0.0,9984.489999999998,462.64000000000004,1079.5800000000002,0.0,1542.2200000000003,0.0,154.08,,154.08,,,,,,,,,7449.62,54443.57000000001,0.0,61893.18999999999,,,,,,,,,,,,0.0,,,,0.0,,,,,,,,,,,,,,,,0.0,7449.62,54443.57000000001,0.0,61893.18999999999,698.09,5309.049999999999,0.0,6007.14,6751.530000000001,49134.520000000004,0.0,55886.049999999996,848.262555,8174.764548,,9023.027102999999,956.9,895.11,,1852.01,943.6320000000001,30456.513000000003,,31400.145000000004,2748.79,39526.39999999999,,42275.189999999995,40.71358640189705,80.44527554151335,,75.64533546385904,906.75,8738.490000000002,0.0,9645.24,4100.96,10808.080000000002,0.0,14909.04,,,,,,,,,,,,,,0.0,0.0,55886.05,0.0,0.0,,0.0,,0.0,,,,,,,,55886.05,0.0
97,BIHAR,NAWADA,,1041.8,1041.8000000000002,0.0,1041.8,21728.0,223930.0,0.0,245658.0,2999.0,248657.0,3269.67,44344.320000000014,0.0,47613.99000000001,1242.56,,0.0,1242.56,5516.82,0.0,0.0,5516.82,346.5999999999999,7792.68,0.0,8139.28,957.2100000000002,2233.5099999999998,0.0,3190.72,0.0,2413.44,,2413.44,,,,,,,,,11332.85,56783.95000000001,0.0,68116.8,,,,,,,,,,,,0.0,,,,0.0,,,,,,,,,,,,,,,,0.0,11332.85,56783.95000000001,0.0,68116.8,1133.29,5248.44,0.0,6381.720000000001,10199.56,51535.51,0.0,61735.07000000001,4305.976029000001,1427.585445,,5733.561473999998,64.5,0.9,,65.4,1050.3,23614.200000000008,,24664.500000000004,5420.780000000001,25042.69,,30463.469999999998,53.14719458486445,48.593076890089954,,49.34548547527361,4602.88,1526.0300000000002,0.0,6128.909999999999,4547.5,26394.370000000003,0.0,30941.870000000003,,,,,,,,,,,,,,0.0,0.0,61735.07,0.0,0.0,,0.0,,0.0,,,,,,,,61735.07,0.0
98,BIHAR,PATNA,,1074.8,1074.7999999999997,0.0,1074.8,20510.0,299574.0,0.0,320084.0,0.0,320084.0,4395.2,73485.04999999999,0.0,77880.24999999997,8396.89,,0.0,8396.89,6006.09,0.0,0.0,6006.09,460.01,13156.270000000002,0.0,13616.279999999999,641.5400000000001,1496.87,0.0,2138.41,0.0,18.72,,18.72,,,,,,,,,19899.73,88156.90999999999,0.0,108010.68,,,,,,,,,,,,0.0,,,,0.0,,,,,,,,,,,,,,,,0.0,19899.73,88156.90999999999,0.0,108010.68,1365.9599999999998,8815.67,0.0,10181.64,18533.770000000004,79341.23999999999,0.0,97875.01,4186.51715,11699.248859,,15885.766008999999,420.12,0.0,,420.12,1411.254,40362.68700000001,,41773.941000000006,6017.89,52061.94000000001,,58079.829999999994,32.4698644690206,65.61775439859525,,59.3408164147314,4475.1900000000005,12505.960000000003,0.0,16981.15,12227.210000000001,27227.460000000003,0.0,39454.670000000006,,,,,,,,,,,,,,0.0,0.0,97875.01,0.0,0.0,,0.0,,0.0,,,,,,,,97875.01,0.0
99,BIHAR,PURNEA,,1598.1999999999998,1598.1999999999996,0.0,1598.1999999999996,102587.0,217652.0,0.0,320239.0,0.0,320239.0,28856.0,67820.73999999999,0.0,96676.73999999999,40465.77,,0.0,40465.77,21050.84,0.0,0.0,21050.84,192.49,13684.06,0.0,13876.550000000001,225.0,525.1400000000001,0.0,750.1400000000001,0.0,10.08,,10.08,,,,,,,,,90790.10000000002,82040.02000000002,0.0,172830.12,,,,,,,,,,,,0.0,,,,0.0,,,,,,,,,,,,,,,,0.0,90790.10000000002,82040.02000000002,0.0,172830.12,9079.02,6822.519999999999,0.0,15901.539999999997,81711.07999999999,75217.5,0.0,156928.57999999996,7792.296231999999,2253.829375,,10046.125607,1028.7,2.6,,1031.3,559.629,39782.826,,40342.45500000001,9380.619999999999,42039.280000000006,,51419.9,11.480230098537433,55.890291488018086,,32.7664342594574,8329.6,2409.24,0.0,10738.840000000002,71793.15999999999,35331.56,0.0,107124.71999999999,,,,,,,,,,,,,,0.0,0.0,156928.58,0.0,0.0,,0.0,,0.0,,,,,,,,156928.58,0.0
100,BIHAR,ROHTAS,,949.1,949.1,0.0,949.1,96037.0,279106.0,0.0,375143.0,8783.0,383926.0,17689.94,53402.43,0.0,71092.37,4858.710000000001,,0.0,4858.710000000001,27836.409999999996,0.0,0.0,27836.409999999996,6767.58,4792.48,0.0,11560.06,1697.74,3961.500000000001,0.0,5659.240000000001,0.0,4839.84,,4839.84,,,,,,,,,58850.380000000005,66996.25,0.0,125846.62999999998,,,,,,,,,,,,0.0,,,,0.0,,,,,,,,,,,,,,,,0.0,58850.380000000005,66996.25,0.0,125846.62999999998,5885.079999999999,6699.6500000000015,0.0,12584.719999999998,52965.3,60296.6,0.0,113261.90000000002,6993.832233,2269.6663599999997,,9263.498593,194.4,0.0,,194.4,21147.6456,14975.784,,36123.4296,28335.88,17245.45,,45581.33000000001,53.49895120012537,28.60103223067304,,40.24418626210579,7476.08,2426.17,0.0,9902.25,25275.279999999995,42970.65999999999,0.0,68245.93999999999,,,,,,,,,,,,,,0.0,0.0,113261.9,0.0,0.0,,0.0,,0.0,,,,,,,,113261.9,0.0
101,BIHAR,SAHARSA,,1692.8999999999996,1692.8999999999999,0.0,1692.8999999999999,22194.0,143934.0,0.0,166128.0,0.0,166128.0,6981.12,48674.78,0.0,55655.9,10539.850000000002,,0.0,10539.850000000002,4554.23,0.0,0.0,4554.23,771.3800000000001,5657.1900000000005,0.0,6428.570000000001,135.69,316.60999999999996,0.0,452.3,0.0,0.0,,0.0,,,,,,,,,22982.27,54648.58,0.0,77630.84999999999,,,,,,,,,,,,0.0,,,,0.0,,,,,,,,,,,,,,,,0.0,22982.27,54648.58,0.0,77630.84999999999,2231.3199999999997,5464.87,0.0,7696.19,20750.95,49183.71,0.0,69934.66,5102.263459999999,678.52113,,5780.784589999999,63.0,0.0,,63.0,2229.3954,16356.816399999998,,18586.2118,7394.669999999999,17035.35,,24430.019999999997,35.635332358277566,34.6361630710656,,34.93263569165846,5454.079999999999,725.31,0.0,6179.3899999999985,13004.459999999997,32101.57,0.0,45106.03,,,,,,,,,,,,,,0.0,0.0,69934.66,0.0,0.0,,0.0,,0.0,,,,,,,,69934.66,0.0
102,BIHAR,SAMASTIPUR,,1192.3,1192.3,0.0,1192.3,2244.66,259042.34,0.0,261287.0,0.0,261287.0,513.85,70565.26999999999,0.0,71079.12,889.5400000000001,,0.0,889.5400000000001,569.51,0.0,0.0,569.51,0.0,13808.929999999998,0.0,13808.929999999998,664.13,1549.7199999999996,0.0,2213.8500000000004,0.0,28.8,,28.8,,,,,,,,,2637.0299999999997,85952.72,0.0,88589.75000000001,,,,,,,,,,,,0.0,,,,0.0,,,,,,,,,,,,,,,,0.0,2637.0299999999997,85952.72,0.0,88589.75000000001,263.69,8595.27,0.0,8858.96,2373.34,77357.45,0.0,79730.79000000001,0.0,13532.457636000003,,13532.457636000003,23.0,241.3,,264.3,0.0,41098.05,,41098.05,23.0,54871.82000000001,,54894.82000000001,0.9690984014089847,70.93281901096793,,68.85021457833291,0.0,14465.580000000002,0.0,14465.580000000002,2350.34,21835.77,0.0,24186.11,,,,,,,,,,,,,,0.0,0.0,79730.79,0.0,0.0,,0.0,,0.0,,,,,,,,79730.79,0.0
103,BIHAR,SARAN,,1123.7999999999997,1123.8,0.0,1123.8000000000004,93564.1,169392.9,0.0,262957.0,0.0,262957.0,18801.38,37245.0,0.0,56046.38000000001,17643.339999999997,,0.0,17643.339999999997,19199.339999999997,0.0,0.0,19199.339999999997,1964.24,10087.990000000002,0.0,12052.23,450.68000000000006,1051.75,0.0,1502.43,0.0,4.32,,4.32,,,,,,,,,58058.979999999996,48389.060000000005,0.0,106448.04,,,,,,,,,,,,0.0,,,,0.0,,,,,,,,,,,,,,,,0.0,58058.979999999996,48389.060000000005,0.0,106448.04,5065.29,4506.590000000001,0.0,9571.87,52993.69,43882.47000000001,0.0,96876.16,11081.27225,1425.80972,,12507.08197,170.35000000000002,0.0,,170.35000000000002,6215.939999999999,31923.989999999998,,38139.93,17467.55,33349.8,,50817.35,32.961565801513345,75.99800102409914,,52.455991236646874,11845.379999999997,1524.13,0.0,13369.51,34762.05000000001,13125.890000000001,0.0,47887.94000000001,,,,,,,,,,,,,,0.0,0.0,96876.16,0.0,0.0,,0.0,,0.0,,,,,,,,96876.16,0.0
104,BIHAR,SHEIKHPURA,,1008.4000000000001,1008.4000000000001,0.0,1008.4,3791.4,62467.6,0.0,66259.0,2550.0,68809.0,791.6600000000001,12626.31,0.0,13417.97,307.78,,0.0,307.78,857.64,0.0,0.0,857.64,2.16,2152.2200000000003,0.0,2154.38,268.84,627.34,0.0,896.1800000000001,0.0,31.68,,31.68,,,,,,,,,2228.0799999999995,15437.550000000001,0.0,17665.629999999997,,,,,,,,,,,,0.0,,,,0.0,,,,,,,,,,,,,,,,0.0,2228.0799999999995,15437.550000000001,0.0,17665.629999999997,222.82,1381.04,0.0,1603.8600000000001,2005.26,14056.51,0.0,16061.770000000002,568.852865,1454.6368360000001,,2023.489701,2.4,0.0,,2.4,6.75,6725.7,,6732.450000000001,578.0,8180.330000000001,,8758.33,28.824192374056235,58.196024475492145,,54.52904630062564,608.08,1554.94,0.0,2163.02,1388.0300000000002,5818.85,0.0,7206.880000000001,,,,,,,,,,,,,,0.0,0.0,16061.769999999999,0.0,0.0,,0.0,,0.0,,,,,,,,16061.769999999999,0.0
105,BIHAR,SHEOHAR,,1293.1000000000001,1293.1000000000001,0.0,1293.1000000000001,12235.0,32064.0,0.0,44299.0,0.0,44299.0,3516.13,9430.65,0.0,12946.78,0.0,,0.0,0.0,2510.62,0.0,0.0,2510.62,461.28999999999996,2244.5,0.0,2705.79,29.759999999999998,69.43,0.0,99.19,0.0,2.88,,2.88,,,,,,,,,6517.799999999999,11747.46,0.0,18265.260000000002,,,,,,,,,,,,0.0,,,,0.0,,,,,,,,,,,,,,,,0.0,6517.799999999999,11747.46,0.0,18265.260000000002,651.79,1174.75,0.0,1826.53,5866.01,10572.71,0.0,16438.72,2142.7478300000002,0.0,,2142.7478300000002,7.0,0.0,,7.0,1356.75,6601.5,,7958.250000000001,3506.5,6601.5,,10108.0,59.776577264614275,62.43905299587335,,61.48897237741138,2290.5,0.0,0.0,2290.5,2211.75,3971.21,0.0,6182.96,,,,,,,,,,,,,,0.0,0.0,16438.72,0.0,0.0,,0.0,,0.0,,,,,,,,16438.72,0.0
106,BIHAR,SITAMARHI,,0.0,1293.1000000000004,0.0,1293.1000000000004,0.0,218520.0,0.0,218520.0,0.0,218520.0,0.0,61252.630000000005,0.0,61252.630000000005,0.0,,0.0,0.0,0.0,0.0,0.0,0.0,0.0,6987.08,0.0,6987.08,358.13,835.7699999999999,0.0,1193.8999999999999,0.0,21.6,,21.6,,,,,,,,,358.13,69097.08,0.0,69455.21,,,,,,,,,,,,0.0,,,,0.0,,,,,,,,,,,,,,,,0.0,358.13,69097.08,0.0,69455.21,35.83,6367.49,0.0,6403.320000000001,322.3,62729.590000000004,0.0,63051.89,,10852.211609000002,,10852.211609000002,,88.0,,88.0,,20928.82,,20928.82,,31869.050000000007,,31869.050000000007,,50.80385508657079,,50.54416291089768,0.0,11600.499999999998,0.0,11600.499999999998,322.3,30112.250000000004,0.0,30434.550000000003,,,,,,,,,,,,,,0.0,0.0,63051.89000000001,0.0,0.0,,0.0,,0.0,,,,,,,,63051.89000000001,0.0
107,BIHAR,SIWAN,,1135.4,1135.4,0.0,1135.4,67324.1,154982.90000000002,0.0,222307.0,0.0,222307.0,14911.799999999997,36135.84999999999,0.0,51047.65,23419.690000000002,,0.0,23419.690000000002,15005.950000000003,0.0,0.0,15005.950000000003,4378.21,8670.22,0.0,13048.429999999997,608.5500000000001,1420.01,0.0,2028.5599999999997,0.0,0.0,,0.0,,,,,,,,,58324.200000000004,46226.08,0.0,104550.28,,,,,,,,,,,,0.0,,,,0.0,,,,,,,,,,,,,,,,0.0,58324.200000000004,46226.08,0.0,104550.28,5832.4400000000005,4185.52,0.0,10017.949999999999,52491.76,42040.55999999999,0.0,94532.32,10452.009038,0.0,,10452.009038,19.2,0.0,,19.2,13691.008499999998,27128.429500000002,,40819.437999999995,24162.230000000003,27128.410000000003,,51290.640000000014,46.03051983778026,64.5291356727884,,54.257252969143266,11172.74,0.0,0.0,11172.74,27608.82,14912.149999999998,0.0,42520.97,,,,,,,,,,,,,,0.0,0.0,94532.31999999999,0.0,0.0,,0.0,,0.0,,,,,,,,94532.31999999999,0.0
108,BIHAR,SUPAUL,,1273.7999999999997,1273.7999999999995,0.0,1273.7999999999997,38581.7,202444.30000000002,0.0,241026.0,0.0,241026.0,8649.59,48442.80999999999,0.0,57092.4,38157.25000000001,,0.0,38157.25000000001,8338.619999999999,0.0,0.0,8338.619999999999,833.08,8199.77,0.0,9032.85,115.95,270.59000000000003,0.0,386.54,0.0,0.0,,0.0,,,,,,,,,56094.490000000005,56913.170000000006,0.0,113007.66,,,,,,,,,,,,0.0,,,,0.0,,,,,,,,,,,,,,,,0.0,56094.490000000005,56913.170000000006,0.0,113007.66,5609.47,5362.24,0.0,10971.7,50485.020000000004,51550.93000000001,0.0,102035.95,6234.885908,817.36859,,7052.254497999999,61.3,10.0,,71.3,2435.9400000000005,23975.865,,26411.805000000004,8732.15,24803.230000000003,,33535.38,17.296516867775825,48.114030144558015,,32.866239790975634,6664.820000000001,873.73,0.0,7538.55,41322.939999999995,26691.339999999997,0.0,68014.28,,,,,,,,,,,,,,0.0,0.0,102035.95000000001,0.0,0.0,,0.0,,0.0,,,,,,,,102035.95000000001,0.0
109,BIHAR,VAISHALI,,1176.5,1176.5,0.0,1176.5,36302.79,163215.21,0.0,199518.0,0.0,199518.0,7349.33,43950.2,0.0,51299.53,6830.73,,0.0,6830.73,7859.719999999999,0.0,0.0,7859.719999999999,2869.9799999999996,9212.31,0.0,12082.29,314.74,734.4899999999999,0.0,1049.23,0.0,18.72,,18.72,,,,,,,,,25224.5,53915.72000000001,0.0,79140.22,,,,,,,,,,,,0.0,,,,0.0,,,,,,,,,,,,,,,,0.0,25224.5,53915.72000000001,0.0,79140.22,2522.4400000000005,5391.57,0.0,7914.020000000001,22702.060000000005,48524.15,0.0,71226.21,1967.22882,9071.671236999999,,11038.900056999999,1042.5900000000001,1220.7,,2263.29,8591.445,27577.799999999996,,36169.244999999995,11601.26,37870.13999999999,,49471.409999999996,51.102234775170174,78.043901850934,,69.45674913771207,2102.88,9697.19,0.0,11800.070000000002,11305.19,12352.5,0.0,23657.690000000002,,,,,,,,,,,,,,0.0,0.0,71226.21,0.0,0.0,,0.0,,0.0,,,,,,,,71226.21,0.0
110,BIHAR,WEST CHAMPARAN,,1472.0,1472.0,0.0,1472.0,128470.0,258711.0,0.0,387181.0,47257.0,434438.0,32040.150000000005,73791.44,0.0,105831.58999999998,42319.439999999995,,0.0,42319.439999999995,24538.290000000005,0.0,0.0,24538.290000000005,839.1800000000001,8191.259999999999,0.0,9030.44,264.61,617.6299999999999,0.0,882.2399999999998,0.0,14.399999999999999,,14.399999999999999,,,,,,,,,100001.67000000001,82614.73,0.0,182616.4,,,,,,,,,,,,0.0,,,,0.0,,,,,,,,,,,,,,,,0.0,100001.67000000001,82614.73,0.0,182616.4,9602.24,6927.28,0.0,16529.53,90399.43,75687.45000000001,0.0,166086.87999999998,9576.931174,3351.590965,,12928.522139,4264.0,132.0,,4396.0,2574.585,25130.313,,27704.898,16415.510000000002,28613.890000000003,,45029.4,18.158864497265085,37.80532968147295,,27.11195489974886,10237.300000000001,3582.7000000000003,0.0,13820.0,73323.56,46864.329999999994,0.0,120187.88999999998,,,,,,,,,,,,,,0.0,0.0,166086.88,0.0,0.0,,0.0,,0.0,,,,,,,,166086.88,0.0
111,CHANDIGARH,CHANDIGARH,,0.0,1078.0,0.0,1078.0,0.0,11400.0,0.0,11400.0,0.0,11400.0,0.0,1278.08,0.0,1278.08,,,,,0.0,1528.839,0.0,1528.8400000000001,0.0,178.82,0.0,178.82,0.0,110.47,0.0,110.47,0.0,70.809,0.0,70.809,0.0,2212.4474999999998,0.0,2212.4474999999998,0.0,0.0,0.0,0.0,0.0,5379.46,0.0,5379.46,,,,,,,,,,,,0.0,,,,0.0,,,,,,,,,,,,,,,,0.0,0.0,5379.46,0.0,5379.46,0.0,537.94,0.0,537.94,0.0,4841.52,0.0,4841.52,,2606.948580375,,2606.948580375,,217.659741,,217.659741,,826.1999999999999,,826.1999999999999,,3650.8100000000004,,3650.8100000000004,,75.40627736743832,,75.40627736743832,0.0,2606.95,0.0,2606.95,0.0,1190.71,0.0,1190.71,,,,,,,0.0,0.0,0.0,,,,,0.0,0.0,4841.52,0.0,4.9,,1218.26,,1223.16,,0.0,,0.0,,0.0,,4841.52,0.0
112,CHHATTISGARH,BALOD,,1122.9,1122.9,0.0,1122.9,105541.0,155929.0,0.0,261470.0,19404.0,280874.0,5890.71,9961.95,0.0,15852.66,241.76000000000002,,0.0,241.76000000000002,7213.186238,0.0,0.0,7213.209999999999,5022.080000000001,5251.86,0.0,10273.94,2014.5300000000002,1332.3400000000001,0.0,3346.87,1184.7759999999998,672.24,,1857.0159999999998,,,,,,,,,21567.07,17218.39,0.0,38785.46,,,,,,,,,,,,0.0,,,,0.0,,,,,,,,,,,,,,,,0.0,21567.07,17218.39,0.0,38785.46,2156.7200000000003,1330.82,0.0,3487.54,19410.35,15887.570000000002,0.0,35297.92,753.76734,1473.99191,,2227.75925,15.303259999999998,46.675509999999996,,61.97877,11292.280772378052,11801.17282053829,,23093.453592916343,12061.34,13321.84,,25383.18,62.138704351029226,83.85070844691793,,71.91126275995866,800.6300000000001,1555.5900000000001,0.0,2356.2200000000003,7302.15,2890.45,0.0,10192.599999999999,,,,,,,,,,,,,,48664.36,0.0,83962.28,0.0,0.0,,0.0,,0.0,,,,,,,,83962.28,0.0
113,CHHATTISGARH,BALODA BAZAR,,1389.9367175722618,1400.1206569302428,0.0,1396.6826873149962,137313.0,269435.0,0.0,406748.0,0.0,406748.0,9251.21,16254.29,0.0,25505.5,688.8100000000001,,0.0,688.8100000000001,20264.22,0.0,0.0,20264.21,3269.68,3591.24,0.0,6860.92,2237.81,1501.9099999999999,,3739.72,566.192,363.52,0.0,929.712,,,,,,,,,36277.92,21710.960000000003,0.0,57988.88,,,,,,,,,,,,0.0,,,,0.0,,,,,,,,,,,,,,,,0.0,36277.92,21710.960000000003,0.0,57988.88,3627.8,1911.5400000000002,0.0,5539.339999999999,32650.120000000003,19799.42,0.0,52449.53999999999,1726.07478,2652.7254649999995,,4378.800244999999,0.0,1183.960905,,1183.960905,8372.212332665667,11533.800138938255,,19906.01247160392,10098.289999999999,15370.490000000002,,25468.78,30.928799036573213,77.63101141346567,,48.5586336886844,2269.12,3375.0699999999997,0.0,5644.1900000000005,22008.79,4932.43,0.0,26941.22,,,,,,,,,,,,,,76449.13,0.0,128898.67000000001,0.0,0.0,,0.0,,0.0,,,,,,,,128898.67000000001,0.0
114,CHHATTISGARH,BALRAMPUR,,1317.0,1317.0,0.0,1317.0,16893.0,549238.0,0.0,566131.0,147789.0,713920.0,1358.43,43829.53,0.0,45187.96,106.92999999999999,,0.0,106.92999999999999,1014.9857999999999,0.0,0.0,1014.9899999999999,133.02,1667.04,0.0,1800.06,292.91,554.89,,847.8,9.639999999999999,153.8,0.0,163.44,,,,,,,,,2915.9199999999996,46205.26,0.0,49121.18,,,,,,,,,,,,0.0,,,,0.0,,,,,,,,,,,,,,,,0.0,2915.9199999999996,46205.26,0.0,49121.18,291.59999999999997,3976.12,0.0,4267.72,2624.3199999999997,42229.14,0.0,44853.46000000001,58.90224,1980.5013149999997,,2039.4035549999999,0.0,7.114999999999998,,7.114999999999998,580.9199047679022,7280.637106868946,,7861.557011636848,639.82,9268.25,,9908.07,24.380410925496896,21.947522492762104,,22.08986776048046,63.67,2136.98,0.0,2200.6499999999996,1979.7299999999998,32804.41,0.0,34784.14000000001,,,,,,,,,,,,,,103265.29,0.0,148118.75,0.0,0.0,,0.0,,0.0,,,,,,,,148118.75,0.0
115,CHHATTISGARH,BASTAR,,1362.6,1362.6000000000001,0.0,1362.6000000000001,6165.0,377368.0,0.0,383533.0,229465.0,612998.0,350.30000000000007,22897.940000000002,0.0,23248.239999999998,62.57999999999999,,0.0,62.57999999999999,99.864,0.0,0.0,99.86999999999999,18.19,1259.12,0.0,1277.31,235.95000000000002,1156.1699999999998,0.0,1392.12,11.76,194.14,0.0,205.9,,,,,,,,,778.65,25507.39,0.0,26286.04,,,,,,,,,,,,0.0,,,,0.0,,,,,,,,,,,,,,,,0.0,778.65,25507.39,0.0,26286.04,77.86,2219.5,0.0,2297.36,700.79,23287.89,0.0,23988.68,33.0252,2233.27513,,2266.30033,0.0,69.462025,,69.462025,61.096024887525054,4940.347362172985,,5001.443387060512,94.13,7243.1,,7337.23,13.431983903879907,31.10243134951256,,30.586218166235074,35.02000000000001,2365.31,0.0,2400.3299999999995,604.6700000000001,15912.749999999998,0.0,16517.42,,,,,,,,,,,,,,72428.21,0.0,96416.89,0.0,0.0,,0.0,,0.0,,,,,,,,96416.89,0.0
116,CHHATTISGARH,BEMETARA,,1122.9,1122.9,0.0,1122.8999999999999,55638.0,229843.0,0.0,285481.0,0.0,285481.0,2826.55,14370.45,0.0,17197.0,550.68,,,550.68,8872.314599999998,0.0,0.0,8872.33,4354.62,13259.67,0.0,17614.29,1434.1799999999998,1238.99,,2673.17,954.732,2003.1999999999998,0.0,2957.9320000000002,,,,,,,,,18993.1,30872.309999999998,0.0,49865.41,,,,,,,,,,,,0.0,,,,0.0,,,,,,,,,,,,,,,,0.0,18993.1,30872.309999999998,0.0,49865.41,1899.3199999999997,2800.71,0.0,4700.030000000001,17093.78,28071.6,0.0,45165.38,447.01185,1949.2949099999998,,2396.3067599999995,0.0,102.06977499999999,,102.06977499999999,9786.523607543893,29798.94339296327,,39585.46700050717,10233.529999999999,31850.3,,42083.83,59.86698085502445,113.46093560751794,,93.17718571171106,534.46,2355.06,0.0,2889.52,6772.81,45.36,0.0,6818.17,,,,,,,,,,,,,,52375.44,0.0,97540.81999999999,0.0,0.0,,0.0,,0.0,,,,,,,,97540.81999999999,0.0
117,CHHATTISGARH,BIJAPUR,,1528.1,1528.1,0.0,1528.1,90.0,437639.0,0.0,437729.0,223519.0,661248.0,10.159999999999998,50064.08,0.0,50074.24,0.44000000000000006,,0.0,0.44000000000000006,7.371,0.0,0.0,7.369999999999999,62.43,917.84,0.0,980.2700000000001,23.85,791.29,,815.14,0.0,61.727999999999994,0.0,61.727999999999994,,,,,,,,,104.25,51834.93,0.0,51939.18,,,,,,,,,,,,0.0,,,,0.0,,,,,,,,,,,,,,,,0.0,104.25,51834.93,0.0,51939.18,10.43,5183.49,0.0,5193.92,93.82000000000001,46651.44,0.0,46745.26,0.1314,671.766805,,671.898205,0.0,1.71825,,1.71825,1.5399999999999998,3058.3024803731514,,3059.8424803731514,1.67,3731.7799999999997,,3733.45,1.7800042634832658,7.9992814798428515,,7.986799089362215,0.15000000000000002,711.73,0.0,711.88,92.13,42879.7,0.0,42971.829999999994,,,,,,,,,,,,,,87545.79999999999,0.0,134291.06,0.0,0.0,,0.0,,0.0,,,,,,,,134291.06,0.0
118,CHHATTISGARH,BILASPUR,,1103.2636540769722,1117.287990151593,0.0,1114.4551268124499,64153.0,253442.0,0.0,317595.0,33253.0,350848.0,3513.79,16844.27,0.0,20358.059999999998,771.0100000000001,,0.0,771.0100000000001,12776.604,0.0,0.0,12776.6,2038.59,7034.8099999999995,0.0,9073.4,1747.97,1858.08,,3606.05,210.72199999999998,729.564,,940.286,,,,,,,,,21058.68,26466.719999999998,0.0,47525.4,,,,,,,,,,,,0.0,,,,0.0,,,,,,,,,,,,,,,,0.0,21058.68,26466.719999999998,0.0,47525.4,2105.87,2176.55,0.0,4282.42,18952.81,24290.17,0.0,43242.979999999996,780.10647,4772.787085,,5552.893555000001,0.0,591.2481099999999,,591.2481099999999,5030.039535535053,16319.467154826136,,21349.506690361188,5810.16,21683.480000000003,,27493.640000000003,30.65592912080055,89.26853949560667,,63.57942953977733,941.8000000000001,5587.320000000001,0.0,6529.120000000001,12980.960000000001,4364.7,0.0,17345.66,,,,,,,,,,,,,,58308.96,0.0,101551.93999999999,0.0,0.0,,0.0,,0.0,,,,,,,,101551.93999999999,0.0
119,CHHATTISGARH,DANTEWADA,,1327.8999999999999,1327.8999999999999,0.0,1327.8999999999999,60.0,311806.0,0.0,311866.0,29184.0,341050.0,4.24,25621.629999999997,0.0,25625.87,41.97,,0.0,41.97,2.1734999999999998,0.0,0.0,2.18,0.0,1244.8400000000001,0.0,1244.8400000000001,0.0,358.28,,358.28,0.0,21.248,0.0,21.248,,,,,,,,,48.39,27245.989999999998,0.0,27294.38,,,,,,,,,,,,0.0,,,,0.0,,,,,,,,,,,,,,,,0.0,48.39,27245.989999999998,0.0,27294.38,4.84,2724.5999999999995,0.0,2729.4399999999996,43.550000000000004,24521.39,0.0,24564.94,0.11606999999999999,768.431215,,768.547285,0.0,186.9963,,186.9963,0.0,2801.461284459683,,2801.461284459683,0.11,3756.91,,3757.02,0.2525832376578645,15.320950402893146,,15.294236419873203,0.12,819.88,0.0,820.0,43.44,20713.04,0.0,20756.48,,,,,,,,,,,,,,58287.67,0.0,82852.61,0.0,0.0,,0.0,,0.0,,,,,,,,82852.61,0.0
120,CHHATTISGARH,DHAMTARI,,1385.3,1385.3,0.0,1385.3,89779.0,158927.0,0.0,248706.0,159487.0,408193.0,7449.400000000001,11954.17,0.0,19403.57,604.3599999999999,,0.0,604.3599999999999,21652.912972278,0.0,0.0,21652.91,11218.45,10137.119999999999,0.0,21355.57,6388.22,910.4000000000001,,7298.62,266.05600000000004,404.906,0.0,670.962,,,,,,,,,47579.38,23406.59,0.0,70985.97,,,,,,,,,,,,0.0,,,,0.0,,,,,,,,,,,,,,,,0.0,47579.38,23406.59,0.0,70985.97,4757.95,1905.29,0.0,6663.24,42821.43,21501.3,0.0,64322.73,681.76671,1410.07165,,2091.8383599999997,0.0,62.295399999999994,,62.295399999999994,25310.641165540736,22850.87607570089,,48161.51724124162,25992.4,24323.24,,50315.64,60.69951423854831,113.1245087506337,,78.22373210838532,711.02,1469.03,0.0,2180.05,16799.78,3173.67,0.0,19973.449999999997,,,,,,,,,,,,,,46645.75,0.0,110968.48000000001,0.0,0.0,,0.0,,0.0,,,,,,,,110968.48000000001,0.0
121,CHHATTISGARH,DURG,,1122.9,1122.9,0.0,1122.9,73161.0,158838.0,0.0,231999.0,0.0,231999.0,4024.5200000000004,10633.79,0.0,14658.310000000001,330.36,,,330.36,12191.688,0.0,0.0,12191.69,5340.23,5857.3099999999995,0.0,11197.54,1833.59,1411.1100000000001,,3244.7000000000003,1024.0,2344.4,0.0,3368.4,,,,,,,,,24744.39,20246.61,0.0,44991.0,,,,,,,,,,,,0.0,,,,0.0,,,,,,,,,,,,,,,,0.0,24744.39,20246.61,0.0,44991.0,2474.4300000000003,1764.8600000000001,0.0,4239.29,22269.96,18481.75,0.0,40751.71,516.16329,4385.71298,,4901.87627,0.0,421.73468,,421.73468,12284.273057092592,13439.64299710266,,25723.91605419525,12800.45,18247.09,,31047.54,57.47854957979269,98.73031504051293,,76.187085155445,543.5,4591.6900000000005,0.0,5135.19,9442.17,1262.05,0.0,10704.22,,,,,,,,,,,,,,43334.43,0.0,84086.14,0.0,0.0,,0.0,,0.0,,,,,,,,84086.14,0.0
122,CHHATTISGARH,GARIABAND,,1385.3,1385.2999999999997,0.0,1385.3,50169.0,212971.0,0.0,263140.0,319126.0,582266.0,4853.02,16233.48,0.0,21086.5,288.67,,0.0,288.67,3155.188,0.0,0.0,3155.1800000000003,2297.01,3870.5800000000004,0.0,6167.59,3953.42,1300.4099999999999,,5253.83,445.524,859.6,0.0,1305.124,,,,,,,,,14992.82,22264.07,0.0,37256.89,,,,,,,,,,,,0.0,,,,0.0,,,,,,,,,,,,,,,,0.0,14992.82,22264.07,0.0,37256.89,1486.21,2077.45,0.0,3563.6600000000003,13506.609999999999,20186.620000000003,0.0,33693.229999999996,293.38334999999995,1404.5659899999998,,1697.94934,0.0,11.496410000000001,,11.496410000000001,7502.337641221151,12330.79949669581,,19833.13713791696,7795.709999999999,13746.849999999999,,21542.56,57.717739684495214,68.09881991140665,,63.937354774238045,317.11,1560.44,0.0,1877.55,5717.82,6283.889999999999,0.0,12001.71,,,,,,,,,,,,,,48969.7,0.0,82662.93000000001,0.0,0.0,,0.0,,0.0,,,,,,,,82662.93000000001,0.0
123,CHHATTISGARH,GOURELA-PENDRA-MARWAHI,,1229.8,1229.8,0.0,1229.8,11361.0,153762.0,0.0,165123.0,65616.0,230739.0,956.3199999999999,11066.920000000002,0.0,12023.24,555.0799999999999,,0.0,555.0799999999999,446.7477599999999,0.0,0.0,446.75,87.52000000000001,763.12,0.0,850.64,222.76,406.46999999999997,,629.23,14.068,78.068,,92.136,,,,,,,,,2282.49,12314.57,0.0,14597.06,,,,,,,,,,,,0.0,,,,0.0,,,,,,,,,,,,,,,,0.0,2282.49,12314.57,0.0,14597.06,228.25,1049.34,0.0,1277.5900000000001,2054.24,11265.23,0.0,13319.47,71.29326,1045.887425,,1117.1806849999998,0.0,1.6823499999999998,,1.6823499999999998,383.79,3336.8900000000003,,3720.6800000000003,455.08000000000004,4384.469999999999,,4839.549999999999,22.15320507827713,38.92037712501209,,36.334403696243164,84.29,1240.24,0.0,1324.53,1586.1599999999999,6686.41,0.0,8272.57,,,,,,,,,,,,,,30299.370000000003,0.0,43618.84,0.0,0.0,,0.0,,0.0,,,,,,,,43618.84,0.0
124,CHHATTISGARH,JANJGIR-CHAMPA,,1386.0,1386.0,0.0,1386.0,118718.0,96540.0,0.0,215258.0,22300.0,237558.0,6487.2699999999995,5567.85,0.0,12055.12,258.91,,,258.91,19267.1794,0.0,0.0,19267.18,1689.65,1604.34,0.0,3293.99,856.09,1009.54,,1865.6299999999999,466.19999999999993,692.8000000000001,0.0,1159.0,,,,,,,,,29025.300000000003,8874.53,0.0,37899.83,,,,,,,,,,,,0.0,,,,0.0,,,,,,,,,,,,,,,,0.0,29025.300000000003,8874.53,0.0,37899.83,2902.55,563.44,0.0,3465.99,26122.75,8311.09,0.0,34433.84,1318.06902,1492.424775,,2810.493795,0.0,238.93151500000002,,238.93151500000002,3789.3174829008767,3600.8396982843033,,7390.157181185181,5107.36,5332.17,,10439.529999999999,19.55138720081155,64.15728863482407,,30.317646826493938,1433.42,1626.75,0.0,3060.17,20900.04,2844.6100000000006,0.0,23744.65,,,,,,,,,,,,,,40183.520000000004,0.0,74617.36,0.0,0.0,,0.0,,0.0,,,,,,,,74617.36,0.0
125,CHHATTISGARH,JASHPUR,,1480.8930348258707,1481.3918922277733,0.0,1481.382554517134,8442.0,442563.0,0.0,451005.0,194736.0,645741.0,610.71,26941.2,0.0,27551.91,122.54999999999998,,0.0,122.54999999999998,535.2816,0.0,0.0,535.29,58.92,2913.0800000000004,0.0,2972.0,149.84000000000003,540.61,0.0,690.45,23.36,1248.5600000000002,0.0,1271.92,,,,,,,,,1500.67,31643.449999999997,0.0,33144.119999999995,,,,,,,,,,,,0.0,,,,0.0,,,,,,,,,,,,,,,,0.0,1500.67,31643.449999999997,0.0,33144.119999999995,150.05,2622.59,0.0,2772.6400000000003,1350.6200000000001,29020.860000000004,0.0,30371.48,39.89523,2177.196895,,2217.092125,0.0,20.6206,,20.6206,214.99954175766874,10631.65099817401,,10846.650539931677,254.91000000000003,12829.460000000001,,13084.369999999999,18.873554367623758,44.207718172376694,,43.081107670749006,41.67,2278.7999999999997,0.0,2320.47,1093.9299999999998,16089.79,0.0,17183.72,,,,,,,,,,,,,,83580.59999999999,0.0,113952.08,0.0,0.0,,0.0,,0.0,,,,,,,,113952.08,0.0
126,CHHATTISGARH,KABIRDHAM,,1263.5319916413753,1213.4030278946752,0.0,1218.1559994622173,40198.0,383765.0,0.0,423963.0,20742.0,444705.0,3290.54,32505.100000000002,0.0,35795.64,545.24,,0.0,545.24,2713.122,0.0,0.0,2713.12,2120.2799999999997,7460.969999999999,0.0,9581.25,901.73,1458.48,0.0,2360.21,16.72,272.64,0.0,289.35999999999996,,,,,,,,,9587.63,41697.19,0.0,51284.82,,,,,,,,,,,,0.0,,,,0.0,,,,,,,,,,,,,,,,0.0,9587.63,41697.19,0.0,51284.82,958.75,3679.66,0.0,4638.41,8628.88,38017.53,0.0,46646.41,197.01021,2322.048605,,2519.058815,0.0,61.95993499999999,,61.95993499999999,5655.8603,22279.8203,,27935.6806,5852.880000000001,24663.84,,30516.72,67.82896505687877,64.87491428296369,,65.42136897566179,221.6,2615.62,0.0,2837.22,2889.2299999999996,13060.130000000001,0.0,15949.36,,,,,,,,,,,,,,78072.93000000001,0.0,124719.34,0.0,0.0,,0.0,,0.0,,,,,,,,124719.34,0.0
127,CHHATTISGARH,KANKER,,1402.9209756980586,1397.3076138484184,0.0,1397.5057469538492,22097.0,603939.0,0.0,626036.0,17412.0,643448.0,1969.7699999999998,57762.36999999999,0.0,59732.14,434.39000000000004,,0.0,434.39000000000004,851.0383199999999,0.0,0.0,851.04,249.24,7878.85,0.0,8128.089999999999,356.84000000000003,0.0,,356.84000000000003,20.654000000000003,1.078,0.0,21.732,,,,,,,,,3881.9299999999994,65642.34000000001,0.0,69524.26999999999,,,,,,,,,,,,0.0,,,,0.0,,,,,,,,,,,,,,,,0.0,3881.9299999999994,65642.34000000001,0.0,69524.26999999999,388.21000000000004,5342.99,0.0,5731.21,3493.7200000000003,60299.35,0.0,63793.07,60.20091,1966.9638300000001,,2027.16474,0.0,31.621999999999996,,31.621999999999996,571.25,18842.5,,19413.75,631.47,20841.11,,21472.559999999998,18.07443069278591,34.562744042846234,,33.659706297251404,63.989999999999995,2086.08,0.0,2150.0699999999997,2858.4700000000003,39339.12,0.0,42197.590000000004,,,,,,,,,,,,,,117396.87,0.0,181189.94,0.0,0.0,,0.0,,0.0,,,,,,,,181189.94,0.0
128,CHHATTISGARH,KHAIRAGARH-CHHUIKHADAN_GANDAI,,1208.7,1208.7,0.0,1208.7000000000003,21813.0,127225.0,0.0,149038.0,7521.0,156559.0,1136.72,7187.59,0.0,8324.31,686.1099999999999,,0.0,686.1099999999999,4220.547062622856,0.0,0.0,4220.54,2210.3100000000004,4270.72,0.0,6481.03,678.47,517.6600000000001,,1196.13,576.3199999999999,91.2,0.0,667.52,,,,,,,,,9508.47,12067.17,0.0,21575.64,,,,,,,,,,,,0.0,,,,0.0,,,,,,,,,,,,,,,,0.0,9508.47,12067.17,0.0,21575.64,950.85,603.35,0.0,1554.2,8557.619999999999,11463.82,0.0,20021.440000000002,137.61740999999998,927.8124799999999,,1065.42989,0.0,11.419325,,11.419325,4971.186900000001,9607.313700000002,,14578.500600000001,5108.82,10546.56,,15655.380000000001,59.69907521016358,91.99865315400974,,78.19307702143303,150.45999999999998,1011.1199999999999,0.0,1161.58,3435.96,833.95,0.0,4269.91,,,,,,,,,,,,,,27407.14,0.0,47428.58,0.0,0.0,,0.0,,0.0,,,,,,,,47428.58,0.0
129,CHHATTISGARH,KONDAGAON,,1362.4,1362.4,0.0,1362.4000000000003,14149.0,358092.0,0.0,372241.0,13786.0,386027.0,1056.89,29483.26,0.0,30540.15,320.55,,0.0,320.55,389.399706,0.0,0.0,389.40999999999997,372.66,2015.73,0.0,2388.39,135.35,533.04,,668.39,0.0,39.028,0.0,39.028,,,,,,,,,2274.8599999999997,32071.05,0.0,34345.91,,,,,,,,,,,,0.0,,,,0.0,,,,,,,,,,,,,,,,0.0,2274.8599999999997,32071.05,0.0,34345.91,227.48,1603.56,0.0,1831.05,2047.3799999999999,30467.49,0.0,32514.869999999995,50.95035,1513.529805,,1564.480155,0.0,20.638999999999996,,20.638999999999996,1595.9,8802.3248,,10398.2248,1646.85,10336.47,,11983.32,80.43694868563726,33.92622759538117,,36.85489131588102,53.699999999999996,1605.0800000000002,0.0,1658.7800000000002,650.0300000000001,20039.47,0.0,20689.5,,,,,,,,,,,,,,68740.59,0.0,101255.46000000002,0.0,0.0,,0.0,,0.0,,,,,,,,101255.46000000002,0.0
130,CHHATTISGARH,KORBA,,1392.0,1392.0,0.0,1392.0,5740.0,425690.0,0.0,431430.0,283114.0,714544.0,479.21,38607.130000000005,0.0,39086.340000000004,78.36000000000001,,0.0,78.36000000000001,428.931,0.0,0.0,428.94000000000005,171.47,2022.2800000000002,0.0,2193.75,344.78,6346.24,,6691.0199999999995,0.0,202.76,0.0,202.76,,,,,,,,,1502.76,47178.41,0.0,48681.17,,,,,,,,,,,,0.0,,,,0.0,,,,,,,,,,,,,,,,0.0,1502.76,47178.41,0.0,48681.17,150.29,2687.37,0.0,2837.67,1352.4699999999998,44491.04,0.0,45843.51,33.62307,3547.7295549999994,,3581.352625,0.0,2768.3328500000007,,2768.3328500000007,728.8457,8579.794399999999,,9308.6401,762.46,14895.86,,15658.32,56.375372466672104,33.480583955780766,,34.156023393496696,36.14,3843.0699999999997,0.0,3879.21,601.26,29299.84,0.0,29901.1,,,,,,,,,,,,,,79252.62,0.0,125096.13,0.0,0.0,,0.0,,0.0,,,,,,,,125096.13,0.0
131,CHHATTISGARH,KOREA,,1819.2598822539949,1724.7050051134888,0.0,1733.9903781298608,7134.0,65513.0,0.0,72647.0,19045.0,91692.0,1307.09,11061.0,0.0,12368.09,238.25000000000003,,0.0,238.25000000000003,2751.36372,0.0,0.0,2751.37,219.9,864.02,0.0,1083.91,728.54,139.68,,868.22,37.6,118.6,0.0,156.2,,,,,,,,,5282.75,12183.3,0.0,17466.05,,,,,,,,,,,,0.0,,,,0.0,,,,,,,,,,,,,,,,0.0,5282.75,12183.3,0.0,17466.05,528.27,609.17,0.0,1137.44,4754.48,11574.130000000001,0.0,16328.61,42.398399999999995,613.264605,,655.663005,0.0,151.88649999999998,,151.88649999999998,1129.6112,4438.1952,,5567.8063999999995,1172.01,5203.35,,6375.360000000001,24.650645286130136,44.95672676909625,,39.04410724489102,44.540000000000006,639.09,0.0,683.6300000000001,3580.33,6344.96,0.0,9925.29,,,,,,,,,,,,,,13437.61,0.0,29766.22,0.0,0.0,,0.0,,0.0,,,,,,,,29766.22,0.0
132,CHHATTISGARH,MAHASAMUND,,1398.128813559322,1407.5755432855478,0.0,1406.2419211694075,64900.0,394820.0,0.0,459720.0,36580.0,496300.0,5761.660000000001,37019.770000000004,0.0,42781.43,211.47999999999996,,0.0,211.47999999999996,10176.124799999998,0.0,0.0,10176.13,2203.3499999999995,10106.37,0.0,12309.720000000001,2284.57,1962.63,,4247.200000000001,79.67999999999999,634.5600000000001,,714.24,,,,,,,,,20716.87,49723.33,0.0,70440.20000000001,,,,,,,,,,,,0.0,,,,0.0,,,,,,,,,,,,,,,,0.0,20716.87,49723.33,0.0,70440.20000000001,2071.69,2880.8399999999997,0.0,4952.530000000001,18645.180000000004,46842.490000000005,0.0,65487.67,341.15382,2529.3445150000002,,2870.498335,0.0,87.77135500000001,,87.77135500000001,6605.394700000001,29691.109300000004,,36296.504,6946.549999999999,32308.22,,39254.770000000004,37.25654565952164,68.97203799371042,,59.94223034656754,365.32,2712.63,0.0,3077.95,11674.46,14350.99,0.0,26025.449999999997,,,,,,,,,,,,,,84596.99,0.0,150084.65999999997,0.0,0.0,,0.0,,0.0,,,,,,,,150084.65999999997,0.0
133,CHHATTISGARH,MANENDRAGARH-CHIRMIRI_BHARATPUR,,1317.0,1317.0,0.0,1317.0,11656.0,318184.0,0.0,329840.0,176238.0,506078.0,1532.65,46819.840000000004,0.0,48352.49,115.82,,0.0,115.82,1056.17958,0.0,0.0,1056.1799999999998,180.94,988.96,0.0,1169.9,356.87,303.09999999999997,,659.97,10.0,163.39999999999998,0.0,173.39999999999998,,,,,,,,,3252.46,48275.299999999996,0.0,51527.76,,,,,,,,,,,,0.0,,,,0.0,,,,,,,,,,,,,,,,0.0,3252.46,48275.299999999996,0.0,51527.76,325.25,4071.52,0.0,4396.77,2927.21,44203.78,0.0,47130.990000000005,34.82976,1055.1960199999999,,1090.02578,0.0,424.78392999999994,,424.78392999999994,927.8094,5071.135700000001,,5998.945100000001,962.63,6551.13,,7513.76,32.885580467407536,14.820293649095168,,15.942291897539176,36.55,1099.6100000000001,0.0,1136.16,1962.8700000000001,37608.24,0.0,39571.11,,,,,,,,,,,,,,60215.490000000005,0.0,107346.48,0.0,0.0,,0.0,,0.0,,,,,,,,107346.48,0.0
134,CHHATTISGARH,MOHLA-MANPUR_AMBAGARHCHOWKI,,1208.7,1208.6999999999998,0.0,1208.7,6211.0,148671.0,0.0,154882.0,84116.0,238998.0,485.02,12016.939999999999,0.0,12501.960000000001,236.28000000000003,,0.0,236.28000000000003,493.14535714285637,0.0,0.0,493.14,729.2099999999999,1407.6200000000001,0.0,2136.83,477.79999999999995,535.55,0.0,1013.35,28.799999999999997,760.8,0.0,789.6,,,,,,,,,2450.25,14720.91,0.0,17171.16,,,,,,,,,,,,0.0,,,,0.0,,,,,,,,,,,,,,,,0.0,2450.25,14720.91,0.0,17171.16,245.03,1472.0800000000002,0.0,1717.1100000000001,2205.22,13248.83,0.0,15454.05,29.221169999999997,704.51132,,733.7324899999999,0.0,37.6205,,37.6205,1638.6765,3163.1884,,4801.8649000000005,1667.9,3905.3,,5573.219999999999,75.63417708890724,29.476565100465475,,36.06316790744174,30.57,737.25,0.0,767.82,535.97,9310.8,0.0,9846.769999999999,,,,,,,,,,,,,,29742.55,0.0,45196.6,0.0,0.0,,0.0,,0.0,,,,,,,,45196.6,0.0
135,CHHATTISGARH,MUNGELI,,1351.0,1351.0,0.0,1351.0,65809.0,98133.0,0.0,163942.0,111094.0,275036.0,3588.33,4938.549999999999,0.0,8526.88,417.38,,0.0,417.38,2765.7108,0.0,0.0,2765.71,902.2699999999999,1473.78,0.0,2376.05,1253.49,614.94,,1868.43,80.0,2843.744,0.0,2923.744,,,,,,,,,9007.18,9871.01,0.0,18878.190000000002,,,,,,,,,,,,0.0,,,,0.0,,,,,,,,,,,,,,,,0.0,9007.18,9871.01,0.0,18878.190000000002,900.72,889.5899999999999,0.0,1790.3100000000002,8106.460000000001,8981.42,0.0,17087.88,433.13381999999996,1434.9537,,1868.0875199999998,0.0,28.090664999999998,,28.090664999999998,2852.23,4800.615000000001,,7652.845,3285.3599999999997,6263.68,,9549.039999999999,40.52767792599975,69.74041966637793,,55.88194673651734,516.09,1720.8899999999999,0.0,2236.98,4738.139999999999,2431.81,0.0,7169.949999999999,,,,,,,,,,,,,,30188.06,0.0,47275.94,0.0,0.0,,0.0,,0.0,,,,,,,,47275.94,0.0
136,CHHATTISGARH,NARAYANPUR,,1404.1,1404.0999999999997,0.0,1404.1,3261.0,347782.0,0.0,351043.0,340273.0,691316.0,177.26000000000002,25387.95,0.0,25565.210000000003,0.13,,0.0,0.13,308.88,0.0,0.0,308.88,8.45,142.8,0.0,151.25,53.31,94.93,,148.23999999999998,0.0,228.8,0.0,228.8,,,,,,,,,548.03,25854.48,0.0,26402.51,,,,,,,,,,,,0.0,,,,0.0,,,,,,,,,,,,,,,,0.0,548.03,25854.48,0.0,26402.51,54.81,2585.44,0.0,2640.25,493.22,23269.039999999997,0.0,23762.26,7.09779,379.58211499999993,,386.6799049999999,0.0,12.737499999999997,,12.737499999999997,35.2,595.0,,630.2,42.29,987.3199999999999,,1029.6100000000001,8.57426706135193,4.2430628852758865,,4.332963278745373,7.56,404.46000000000004,0.0,412.02,450.47,22256.84,0.0,22707.31,,,,,,,,,,,,,,66996.26000000001,0.0,90758.52,0.0,0.0,,0.0,,0.0,,,,,,,,90758.52,0.0
137,CHHATTISGARH,RAIGARH,,1466.0,1466.0,0.0,1466.0,15887.0,370032.0,0.0,385919.0,134470.0,520389.0,1417.54,36511.61,0.0,37929.149999999994,154.88,,0.0,154.88,957.5615999999998,0.0,0.0,957.5600000000001,97.86,2223.9600000000005,0.0,2321.82,848.43,1527.48,,2375.91,7.140000000000001,47.64,0.0,54.779999999999994,,,,,,,,,3483.41,40310.689999999995,0.0,43794.1,,,,,,,,,,,,0.0,,,,0.0,,,,,,,,,,,,,,,,0.0,3483.41,40310.689999999995,0.0,43794.1,348.34000000000003,3529.5199999999995,0.0,3877.86,3135.07,36781.170000000006,0.0,39916.24,112.24407,2984.346945,,3096.591015,0.0,3156.5393000000004,,3156.5393000000004,424.9327,9661.744200000001,,10086.6769,537.18,15802.61,,16339.79,17.134545640129247,42.9638589528283,,40.93519329475923,119.22999999999999,3183.05,0.0,3302.28,2590.9199999999996,20779.86,0.0,23370.78,,,,,,,,,,,,,,71100.06,0.0,111016.3,0.0,0.0,,0.0,,0.0,,,,,,,,111016.3,0.0
138,CHHATTISGARH,RAIPUR,,1378.2569290358279,1375.1823990529035,0.0,1376.3351963014957,108435.0,180763.0,0.0,289198.0,0.0,289198.0,6663.84,12319.68,0.0,18983.52,1446.7200000000003,,0.0,1446.7200000000003,14664.870162,0.0,0.0,14664.87,6627.470000000001,1572.98,0.0,8200.449999999999,2213.43,2031.6599999999999,,4245.09,617.52,1620.24,0.0,2237.7599999999998,,,,,,,,,32233.850000000002,17544.56,0.0,49778.41,,,,,,,,,,,,0.0,,,,0.0,,,,,,,,,,,,,,,,0.0,32233.850000000002,17544.56,0.0,49778.41,3223.4,1469.18,0.0,4692.58,29010.450000000004,16075.380000000001,0.0,45085.83,1003.5455999999999,5021.92477,,6025.47037,0.0,1727.452105,,1727.452105,16264.267199999998,3739.8648,,20004.131999999998,17267.82,10489.24,,27757.07,59.52275817851842,65.25033933879013,,61.564952890963745,1126.62,5688.6900000000005,0.0,6815.3099999999995,11783.31,4919.37,0.0,16702.68,,,,,,,,,,,,,,54687.189999999995,0.0,99773.02,0.0,0.0,,0.0,,0.0,,,,,,,,99773.02,0.0
139,CHHATTISGARH,RAJNANDGAON,,1208.7,1208.6999999999998,0.0,1208.6999999999998,36795.0,222937.0,0.0,259732.0,12728.0,272460.0,2760.16,16828.62,0.0,19588.78,527.05,,0.0,527.05,3762.573910714286,0.0,0.0,3762.5699999999997,2970.91,6458.93,0.0,9429.84,2105.66,1193.53,,3299.1899999999996,216.84,1811.6799999999998,0.0,2028.52,,,,,,,,,12343.19,26292.76,0.0,38635.95,,,,,,,,,,,,0.0,,,,0.0,,,,,,,,,,,,,,,,0.0,12343.19,26292.76,0.0,38635.95,1234.32,2229.97,0.0,3464.29,11108.869999999999,24062.79,0.0,35171.66,288.90699,2840.0971199999994,,3129.00411,0.0,193.46564999999998,,193.46564999999998,6676.300499999999,14514.9249,,21191.225400000003,6965.2,17548.51,,24513.71,62.699446478354695,72.92799380287988,,69.69733586643336,348.11,3732.52,0.0,4080.63,4084.47,5621.85,0.0,9706.32,,,,,,,,,,,,,,47875.71,0.0,83047.37,0.0,0.0,,0.0,,0.0,,,,,,,,83047.37,0.0
140,CHHATTISGARH,SAKTI,,1386.0,1386.0,0.0,1386.0,69846.0,84543.0,0.0,154389.0,30999.0,185388.0,3807.93,5322.93,0.0,9130.86,93.60999999999999,,,93.60999999999999,17141.609999999997,0.0,0.0,17141.61,2662.77,2572.63,0.0,5235.4,812.4000000000001,633.45,,1445.85,410.20000000000005,249.60000000000002,0.0,659.8,,,,,,,,,24928.52,8778.61,0.0,33707.130000000005,,,,,,,,,,,,0.0,,,,0.0,,,,,,,,,,,,,,,,0.0,24928.52,8778.61,0.0,33707.130000000005,2492.8500000000004,739.8199999999999,0.0,3232.67,22435.67,8038.789999999999,0.0,30474.460000000003,776.6747399999999,1125.150095,,1901.824835,0.0,5.25355,,5.25355,5986.286555301409,5782.260145187608,,11768.546700489016,6762.969999999999,6912.67,,13675.64,30.14382900087227,85.99142408248008,,44.875741850716956,855.25,1231.2200000000003,0.0,2086.4700000000003,15594.13,1020.05,0.0,16614.18,,,,,,,,,,,,,,28795.78,0.0,59270.24,0.0,0.0,,0.0,,0.0,,,,,,,,59270.24,0.0
141,CHHATTISGARH,SARANGARH-BILAIRAGH,,1384.8541965052993,1425.9763763418862,0.0,1418.4087015348932,41892.0,185746.0,0.0,227638.0,28300.0,255938.0,2995.75,12131.06,0.0,15126.810000000001,72.5,,0.0,72.5,5611.4316,0.0,0.0,5611.43,225.95000000000002,2297.04,0.0,2522.9900000000002,765.6600000000001,1020.36,,1786.02,78.72,234.39999999999998,0.0,313.12,,,,,,,,,9750.01,15682.86,0.0,25432.87,,,,,,,,,,,,0.0,,,,0.0,,,,,,,,,,,,,,,,0.0,9750.01,15682.86,0.0,25432.87,975.0,1011.73,0.0,1986.7199999999998,8775.01,14671.130000000001,0.0,23446.14,303.69168,1506.27616,,1809.96784,0.0,25.096204999999998,,25.096204999999998,681.546241008772,5966.074718421052,,6647.620959429824,985.24,7497.43,,8482.67,11.22779347260003,51.10328924902172,,36.17938816368068,344.34000000000003,1683.6599999999999,0.0,2028.0,7749.110000000001,6996.32,0.0,14745.43,,,,,,,,,,,,,,42551.08,0.0,65997.22,0.0,0.0,,0.0,,0.0,,,,,,,,65997.22,0.0
142,CHHATTISGARH,SUKMA,,1403.3989813242783,1403.8471658247056,0.0,1403.8466593374123,589.0,520610.0,0.0,521199.0,42380.0,563579.0,56.17999999999999,43819.21,0.0,43875.39,148.85,,,148.85,37.452,0.0,0.0,37.45,0.0,482.55,0.0,482.55,36.97,812.9300000000001,,849.9,0.0,40.708,0.0,40.708,,,,,,,,,279.45,45155.41,0.0,45434.86,,,,,,,,,,,,0.0,,,,0.0,,,,,,,,,,,,,,,,0.0,279.45,45155.41,0.0,45434.86,27.939999999999998,4100.26,0.0,4128.200000000001,251.51,41055.15,0.0,41306.66,1.0468199999999999,615.499865,,616.546685,0.0,0.841,,0.841,0.0,1082.865,,1082.865,1.04,1699.21,,1700.25,0.4135024452308059,4.138847379683183,,4.116164318296371,1.0899999999999999,635.51,0.0,636.6,250.42000000000002,39335.93,0.0,39586.35,,,,,,,,,,,,,,103662.06,0.0,144968.72,0.0,0.0,,0.0,,0.0,,,,,,,,144968.72,0.0
143,CHHATTISGARH,SURAJPUR,,1228.710542365498,1242.5265764054159,0.0,1241.805208349129,13773.0,250015.0,0.0,263788.0,14932.0,278720.0,1324.67,26780.979999999996,0.0,28105.65,120.49000000000001,,0.0,120.49000000000001,1234.659,0.0,0.0,1234.65,1107.8,8680.390000000001,0.0,9788.19,279.70000000000005,356.53000000000003,0.0,636.23,12.399999999999999,890.1,0.0,902.5000000000001,,,,,,,,,4079.71,36708.0,0.0,40787.71000000001,,,,,,,,,,,,0.0,,,,0.0,,,,,,,,,,,,,,,,0.0,4079.71,36708.0,0.0,40787.71000000001,349.52,2881.29,0.0,3230.81,3730.19,33826.71,0.0,37556.90000000001,109.11456000000001,2045.25049,,2154.36505,0.0,781.113665,,781.113665,2489.4235000000003,19506.4572,,21995.880699999998,2598.55,22332.829999999998,,24931.370000000003,69.6626713384573,66.02128909373687,,66.38292830345421,115.91000000000001,2182.14,0.0,2298.05,1124.8400000000001,11357.0,0.0,12481.84,,,,,,,,,,,,,,48452.54,0.0,86009.44,0.0,0.0,,0.0,,0.0,,,,,,,,86009.44,0.0
144,CHHATTISGARH,SURGUJA,,1389.229706728709,1367.4850023932215,0.0,1369.1545895797785,32666.0,392776.0,0.0,425442.0,93673.0,519115.0,2870.66,32366.690000000002,0.0,35237.35,222.88,,,222.88,1165.4089199999999,0.0,0.0,1165.3899999999999,600.8599999999999,3353.08,0.0,3953.94,653.5400000000001,327.02,,980.56,26.8,183.79999999999998,0.0,210.60000000000005,,,,,,,,,5540.130000000001,36230.59,0.0,41770.72,,,,,,,,,,,,0.0,,,,0.0,,,,,,,,,,,,,,,,0.0,5540.130000000001,36230.59,0.0,41770.72,554.02,3073.5999999999995,0.0,3627.62,4986.110000000001,33156.99,0.0,38143.100000000006,197.23577999999998,2099.6708949999997,,2296.906675,0.0,986.0908750000001,,986.0908750000001,1632.3105,11325.8253,,12958.1358,1829.5600000000002,14411.599999999999,,16241.159999999998,36.69313352493226,43.46474152207423,,42.579549118975635,209.72000000000003,2226.29,0.0,2436.0099999999998,3144.0699999999997,18618.769999999997,0.0,21762.839999999997,,,,,,,,,,,,,,78100.68,0.0,116243.78,0.0,0.0,,0.0,,0.0,,,,,,,,116243.78,0.0
145,DADRA AND NAGAR HAVELI,DADRA NAGAR HAVELI,,2265.7000000000003,2265.7000000000003,0.0,2265.7000000000003,4235.0,37365.0,0.0,41600.0,7500.0,49100.0,638.09,5502.22,0.0,6140.3099999999995,47.01,,,47.01,2067.6627999999982,0.0,0.0,2067.66,53.69,212.89,0.0,266.58,0.0,3.5,0.0,3.5,33.128,192.186,,225.314,,,,,,,,,2839.5699999999997,5910.79,0.0,8750.36,,,,,,,,,,,,0.0,,,,0.0,,,,,,,,,,,,,,,,0.0,2839.5699999999997,5910.79,0.0,8750.36,283.95,295.54,0.0,579.49,2555.62,5615.25,0.0,8170.87,257.85,1034.5500000000002,,1292.4,5426.98,3139.0,,8565.98,178.98,709.64,,888.6199999999999,5863.8099999999995,4883.1900000000005,,10747.0,229.44764871146725,86.96300253773208,,131.5282215969658,763.68,1034.55,0.0,1798.23,0.0,732.06,0.0,732.06,,,,[],[],[],,,,,,,,0.0,0.0,8170.87,0.0,0.0,,0.0,,0.0,,0.0,,0.0,,0.0,,8170.87,0.0
146,DAMAN AND DIU,DAMAN,,2236.2,0.0,0.0,2157.3495063469672,6840.0,0.0,250.0,7090.0,110.0,7200.0,2822.95,0.0,0.0,2822.95,12.280000000000001,,0.0,12.280000000000001,0.0,0.0,0.0,0.0,62.38,0.0,0.0,62.38,26.46,,,26.46,12.0,,,12.0,,,,,,,,,2936.0699999999997,0.0,0.0,2936.0699999999997,,,,,,,,,,,,0.0,,,,0.0,,,,,,,,,,,,,,,,0.0,2936.0699999999997,0.0,0.0,2936.0699999999997,146.81,0.0,0.0,146.81,2789.2599999999998,0.0,0.0,2789.2599999999998,0.0,,0.0,0.0,4215.38,,0.0,4215.38,215.10000000000002,,0.0,215.10000000000002,4430.48,,0.0,4430.48,158.8406960986068,,0.0,158.8406960986068,1412.67,0.0,0.0,1412.67,0.0,0.0,0.0,0.0,,,Partly Saline,[],[],[],,,,,,,,0.0,0.0,2789.26,0.0,0.0,,0.0,,0.0,,0.0,,0.0,,0.0,,2789.26,0.0
147,DAMAN AND DIU,DIU,,905.33,0.0,0.0,831.99827,3676.0,0.0,324.0,4000.0,0.0,4000.0,549.48,0.0,0.0,549.48,0.0,,,0.0,0.0,0.0,0.0,0.0,12.239999999999998,0.0,0.0,12.239999999999998,24.98,,,24.98,0.0,0.0,0.0,0.0,,,,,,,,,586.7,0.0,0.0,586.7,,,,,,,,,,,,0.0,,,,0.0,,,,,,,,,,,,,,,,0.0,586.7,0.0,0.0,586.7,29.33,0.0,0.0,29.33,557.37,0.0,0.0,557.37,0.0,,0.0,0.0,1239.8899999999999,,0.0,1239.8899999999999,42.2,,0.0,42.2,1282.09,,0.0,1282.09,230.02493855069343,,0.0,230.02493855069343,175.69,0.0,0.0,175.69,0.0,0.0,0.0,0.0,,,Partly Saline,[],[],[],,,,,,,,0.0,0.0,557.37,0.0,0.0,,0.0,,0.0,,0.0,,0.0,,0.0,,557.37,0.0
148,DELHI,CENTRAL,,0.0,524.25,0.0,524.25,0.0,7930.5,0.0,7930.5,0.0,7930.5,0.0,353.61,0.0,353.61,0.0,,0.0,0.0,0.0,0.0,0.0,0.0,0.0,67.78,0.0,67.78,0.0,2.3,0.0,2.3,0.0,45.552,0.0,45.552,0.0,1982.268083813955,0.0,1982.268083813955,0.0,0.0,0.0,0.0,0.0,2451.5,0.0,2451.5,,,,,,,,,,,,0.0,,,,0.0,,,,,,,,,,,,,,,,0.0,0.0,2451.5,0.0,2451.5,0.0,245.15,0.0,245.15,0.0,2206.35,0.0,2206.35,,1496.1792868083053,,1496.1792868083053,,0.0,,0.0,,244.786,,244.786,,1740.96,,1740.96,,78.90679176014686,,78.90679176014686,0.0,2087.35,0.0,2087.35,0.0,487.11,0.0,487.11,,,,,,,,,,,,,,0.0,0.0,2206.3500000000004,0.0,0.0,,0.0,,0.0,,,,,,,,2206.3500000000004,0.0
149,DELHI,EAST,,0.0,586.87,0.0,586.87,0.0,3159.9,0.0,3159.9,0.0,3159.9,0.0,125.34,0.0,125.34,0.0,,0.0,0.0,0.0,0.0,0.0,0.0,0.0,30.680000000000003,0.0,30.680000000000003,0.0,4.76,0.0,4.76,0.0,44.544000000000004,0.0,44.544000000000004,0.0,1430.688759940876,0.0,1430.688759940876,0.0,0.0,0.0,0.0,0.0,1636.0300000000002,0.0,1636.0300000000002,,,,,,,,,,,,0.0,,,,0.0,,,,,,,,,,,,,,,,0.0,0.0,1636.0300000000002,0.0,1636.0300000000002,0.0,163.62,0.0,163.62,0.0,1472.4099999999999,0.0,1472.4099999999999,,1282.1548552115232,,1282.1548552115232,,0.2,,0.2,,110.55000000000001,,110.55000000000001,,1392.9099999999999,,1392.9099999999999,,94.60068866687948,,94.60068866687948,0.0,1439.42,0.0,1439.42,0.0,79.5,0.0,79.5,,,,,,,,,,,,,,0.0,0.0,1472.4099999999999,0.0,0.0,,0.0,,0.0,,,,,,,,1472.4099999999999,0.0
150,DELHI,NAZUL LAND,,0.0,586.87,0.0,586.87,0.0,2579.0,0.0,2579.0,0.0,2579.0,0.0,333.57,0.0,333.57,0.0,,0.0,0.0,0.0,0.0,0.0,0.0,0.0,62.7,0.0,62.7,0.0,0.06999999999999999,0.0,0.06999999999999999,0.0,0.0,0.0,0.0,0.0,113.55217867059986,0.0,113.55217867059986,0.0,0.0,0.0,0.0,0.0,509.89,0.0,509.89,,,,,,,,,,,,0.0,,,,0.0,,,,,,,,,,,,,,,,0.0,0.0,509.89,0.0,509.89,0.0,50.989999999999995,0.0,50.989999999999995,0.0,458.9,0.0,458.9,,86.03766075048908,,86.03766075048908,,0.0,,0.0,,228.0,,228.0,,314.03999999999996,,314.03999999999996,,68.43320984964045,,68.43320984964045,0.0,86.04,0.0,86.04,0.0,144.86,0.0,144.86,,,,,,,,,,,,,,0.0,0.0,458.9,0.0,0.0,,0.0,,0.0,,,,,,,,458.9,0.0
151,DELHI,NEW DELHI,,0.0,638.85,0.0,638.85,0.0,15809.0,0.0,15809.0,0.0,15809.0,0.0,1013.75,0.0,1013.75,0.0,,0.0,0.0,0.0,0.0,0.0,0.0,0.0,190.10000000000002,0.0,190.10000000000002,0.0,6.620000000000001,0.0,6.620000000000001,0.0,51.84,0.0,51.84,0.0,1650.718357250994,0.0,1650.718357250994,0.0,0.0,0.0,0.0,0.0,2913.04,0.0,2913.04,,,,,,,,,,,,0.0,,,,0.0,,,,,,,,,,,,,,,,0.0,0.0,2913.04,0.0,2913.04,0.0,291.3,0.0,291.3,0.0,2621.74,0.0,2621.74,,2923.4410723951614,,2923.4410723951614,,2.2,,2.2,,686.8693166666668,,686.8693166666668,,3612.52,,3612.52,,137.7909327393258,,137.7909327393258,0.0,2923.45,0.0,2923.45,0.0,0.0,0.0,0.0,,,,,,,,,,,,,,0.0,0.0,2621.7400000000002,0.0,0.0,,0.0,,0.0,,,,,,,,2621.7400000000002,0.0
152,DELHI,NORTH,,0.0,670.8099999999998,0.0,670.81,0.0,29114.0,0.0,29114.0,0.0,29114.0,0.0,2265.74,0.0,2265.74,0.0,,0.0,0.0,0.0,0.0,0.0,0.0,0.0,136.01,0.0,136.01,0.0,14.59,0.0,14.59,0.0,56.496,0.0,56.496,0.0,2202.8692532189357,0.0,2202.8692532189357,0.0,0.0,0.0,0.0,0.0,4675.709999999999,0.0,4675.709999999999,,,,,,,,,,,,0.0,,,,0.0,,,,,,,,,,,,,,,,0.0,0.0,4675.709999999999,0.0,4675.709999999999,0.0,467.57,0.0,467.57,0.0,4208.139999999999,0.0,4208.139999999999,,4052.920836043476,,4052.920836043476,,50.308,,50.308,,489.7733,,489.7733,,4592.99,,4592.99,,109.14537063880955,,109.14537063880955,0.0,4084.62,0.0,4084.62,0.0,208.08,0.0,208.08,,,,,,,,,,,,,,0.0,0.0,4208.14,0.0,0.0,,0.0,,0.0,,,,,,,,4208.14,0.0
153,DELHI,NORTH EAST,,0.0,509.6000000000001,0.0,509.6000000000001,0.0,3567.2,0.0,3567.2,0.0,3567.2,0.0,144.98000000000002,0.0,144.98000000000002,0.0,,0.0,0.0,0.0,0.0,0.0,0.0,0.0,49.02,0.0,49.02,0.0,2.4000000000000004,0.0,2.4000000000000004,0.0,31.584,0.0,31.584,0.0,1547.2571575530105,0.0,1547.2571575530105,0.0,0.0,0.0,0.0,0.0,1775.23,0.0,1775.23,,,,,,,,,,,,0.0,,,,0.0,,,,,,,,,,,,,,,,0.0,0.0,1775.23,0.0,1775.23,0.0,177.51999999999998,0.0,177.51999999999998,0.0,1597.71,0.0,1597.71,,1513.6229837274911,,1513.6229837274911,,0.0,,0.0,,176.7645,,176.7645,,1690.38,,1690.38,,105.80017650261937,,105.80017650261937,0.0,1513.62,0.0,1513.62,0.0,107.5,0.0,107.5,,,,,,,,,,,,,,0.0,0.0,1597.71,0.0,0.0,,0.0,,0.0,,,,,,,,1597.71,0.0
154,DELHI,NORTH WEST,,0.0,670.8100000000001,0.0,670.8100000000001,0.0,15436.0,0.0,15436.0,0.0,15436.0,0.0,1153.44,0.0,1153.44,0.0,,0.0,0.0,0.0,0.0,0.0,0.0,0.0,138.59,0.0,138.59,0.0,0.8,0.0,0.8,0.0,34.464,0.0,34.464,0.0,2386.295628685567,0.0,2386.295628685567,0.0,0.0,0.0,0.0,0.0,3713.58,0.0,3713.58,,,,,,,,,,,,0.0,,,,0.0,,,,,,,,,,,,,,,,0.0,0.0,3713.58,0.0,3713.58,0.0,259.42,0.0,259.42,0.0,3454.1600000000003,0.0,3454.1600000000003,,1778.7407439309204,,1778.7407439309204,,0.56,,0.56,,499.00412500000004,,499.00412500000004,,2278.3,,2278.3,,65.95814901452161,,65.95814901452161,0.0,2378.75,0.0,2378.75,0.0,1175.8600000000001,0.0,1175.8600000000001,,,,,,,,,,,,,,0.0,0.0,3454.16,0.0,0.0,,0.0,,0.0,,,,,,,,3454.16,0.0
155,DELHI,SHAHDARA,,0.0,509.6,0.0,509.6,0.0,3458.5,0.0,3458.5,0.0,3458.5,0.0,114.34,0.0,114.34,0.0,,0.0,0.0,0.0,0.0,0.0,0.0,0.0,94.18,0.0,94.18,0.0,1.8499999999999999,0.0,1.8499999999999999,0.0,45.12,0.0,45.12,0.0,1352.6224275800569,0.0,1352.6224275800569,0.0,0.0,0.0,0.0,0.0,1608.1100000000001,0.0,1608.1100000000001,,,,,,,,,,,,0.0,,,,0.0,,,,,,,,,,,,,,,,0.0,0.0,1608.1100000000001,0.0,1608.1100000000001,0.0,160.81,0.0,160.81,0.0,1447.3000000000002,0.0,1447.3000000000002,,1329.9953735033614,,1329.9953735033614,,0.5,,0.5,,338.61,,338.61,,1669.1000000000001,,1669.1000000000001,,115.32508809507358,,115.32508809507358,0.0,1375.51,0.0,1375.51,0.0,4.27,0.0,4.27,,,,,,,,,,,,,,0.0,0.0,1447.3000000000002,0.0,0.0,,0.0,,0.0,,,,,,,,1447.3000000000002,0.0
156,DELHI,SOUTH,,0.0,661.8099999999998,0.0,661.81,0.0,15785.0,0.0,15785.0,0.0,15785.0,0.0,1134.78,0.0,1134.78,0.0,,0.0,0.0,0.0,0.0,0.0,0.0,0.0,204.0,0.0,204.0,0.0,26.15,0.0,26.15,0.0,54.815999999999995,0.0,54.815999999999995,0.0,3054.7057075406537,0.0,3054.7057075406537,0.0,0.0,0.0,0.0,0.0,4474.46,0.0,4474.46,,,,,,,,,,,,0.0,,,,0.0,,,,,,,,,,,,,,,,0.0,0.0,4474.46,0.0,4474.46,0.0,447.44000000000005,0.0,447.44000000000005,0.0,4027.0199999999995,0.0,4027.0199999999995,,3807.965879532403,,3807.965879532403,,0.0,,0.0,,733.1265000000001,,733.1265000000001,,4541.099999999999,,4541.099999999999,,112.7657672422784,,112.7657672422784,0.0,3807.9700000000003,0.0,3807.9700000000003,0.0,1.75,0.0,1.75,,,,,,,,,,,,,,0.0,0.0,4027.0199999999995,0.0,0.0,,0.0,,0.0,,,,,,,,4027.0199999999995,0.0
157,DELHI,SOUTH EAST,,0.0,661.81,0.0,661.81,0.0,10352.0,0.0,10352.0,0.0,10352.0,0.0,621.53,0.0,621.53,0.0,,0.0,0.0,0.0,0.0,0.0,0.0,0.0,60.55,0.0,60.55,0.0,3.07,0.0,3.07,0.0,48.24,0.0,48.24,0.0,1892.6136565052734,0.0,1892.6136565052734,0.0,0.0,0.0,0.0,0.0,2625.98,0.0,2625.98,,,,,,,,,,,,0.0,,,,0.0,,,,,,,,,,,,,,,,0.0,0.0,2625.98,0.0,2625.98,0.0,262.59999999999997,0.0,262.59999999999997,0.0,2363.38,0.0,2363.38,,2075.350152727961,,2075.350152727961,,12.739999999999998,,12.739999999999998,,220.1652,,220.1652,,2308.26,,2308.26,,97.66774704025592,,97.66774704025592,0.0,2075.35,0.0,2075.35,0.0,55.12,0.0,55.12,,,,,,,,,,,,,,0.0,0.0,2363.38,0.0,0.0,,0.0,,0.0,,,,,,,,2363.38,0.0
158,DELHI,SOUTH WEST,,0.0,763.3399999999999,0.0,763.3399999999999,0.0,30516.0,0.0,30516.0,0.0,30516.0,0.0,3259.4000000000005,0.0,3259.4000000000005,0.0,,0.0,0.0,0.0,0.0,0.0,0.0,0.0,1110.72,0.0,1110.72,0.0,25.369999999999997,0.0,25.369999999999997,0.0,60.576,0.0,60.576,0.0,3260.024724791327,0.0,3260.024724791327,0.0,0.0,0.0,0.0,0.0,7716.09,0.0,7716.09,,,,,,,,,,,,0.0,,,,0.0,,,,,,,,,,,,,,,,0.0,0.0,7716.09,0.0,7716.09,0.0,771.6099999999999,0.0,771.6099999999999,0.0,6944.48,0.0,6944.48,,2496.59925262839,,2496.59925262839,,0.0,,0.0,,4002.81,,4002.81,,6499.41,,6499.41,,93.59102481395296,,93.59102481395296,0.0,3020.21,0.0,3020.21,0.0,360.84,0.0,360.84,,,,,,,,,,,,,,0.0,0.0,6944.48,0.0,0.0,,0.0,,0.0,,,,,,,,6944.48,0.0
159,DELHI,WEST,,0.0,728.2400000000001,0.0,728.2400000000001,0.0,11054.0,0.0,11054.0,0.0,11054.0,0.0,1484.22,0.0,1484.22,0.0,,0.0,0.0,0.0,0.0,0.0,0.0,0.0,203.32999999999998,0.0,203.32999999999998,0.0,6.22,0.0,6.22,0.0,47.135999999999996,0.0,47.135999999999996,0.0,2312.0149839262926,0.0,2312.0149839262926,0.0,0.0,0.0,0.0,0.0,4052.9300000000003,0.0,4052.9300000000003,,,,,,,,,,,,0.0,,,,0.0,,,,,,,,,,,,,,,,0.0,0.0,4052.9300000000003,0.0,4052.9300000000003,0.0,405.29,0.0,405.29,0.0,3647.64,0.0,3647.64,,2778.001649020854,,2778.001649020854,,0.6,,0.6,,731.9770000000001,,731.9770000000001,,3510.58,,3510.58,,96.24250200129399,,96.24250200129399,0.0,2778.0,0.0,2778.0,0.0,245.10999999999999,0.0,245.10999999999999,,,,,,,,,,,,,,0.0,0.0,3647.64,0.0,0.0,,0.0,,0.0,,,,,,,,3647.64,0.0
160,GOA,GOA NORTH,,3407.864405735409,3342.6927218271235,0.0,3354.447550688474,17854.0,81133.0,0.0,98987.0,47323.0,146310.0,2523.0,12253.59,0.0,14776.59,286.73,,0.0,286.73,428.98,26.27,0.0,455.25,0.0,345.17,0.0,345.17,7.2700000000000005,29.490000000000002,0.0,36.76,399.0,215.5,0.0,614.5,,,,,,,,,3644.9800000000005,12870.019999999999,0.0,16515.0,,,,,,,,,,,,0.0,,,,0.0,,,,,,,,,,,,,,,,0.0,3644.9800000000005,12870.019999999999,0.0,16515.0,728.99,2573.9999999999995,0.0,3302.99,2915.99,10296.02,0.0,13212.01,281.2477935,1393.136307,,1674.3841005,20.00358,76.09294,,96.09652,183.60000000000002,1374.8400000000001,,1558.44,484.84999999999997,2844.08,,3328.9300000000003,16.627286101804188,27.623100965227337,,25.196241904146305,294.8,1460.29,0.0,1755.09,2417.58,7384.79,0.0,9802.369999999999,,,,,,,,,,,,,,0.0,0.0,13212.01,0.0,0.0,,0.0,,0.0,,,,,,,,13212.01,0.0
161,GOA,SOUTH GOA,,3412.9789982506213,3350.3588546588553,0.0,3355.9348670186596,10861.0,111111.0,0.0,121972.0,101915.7,223887.7,1981.34,19192.89,0.0,21174.230000000003,459.62,,0.0,459.62,219.63,140.98000000000002,0.0,360.61,0.0,213.31,0.0,213.31,12.389999999999999,154.51,0.0,166.89999999999998,41.25,693.5,0.0,734.75,,,,,,,,,2714.23,20395.190000000002,0.0,23109.420000000002,,,,,,,,,,,,0.0,,,,0.0,,,,,,,,,,,,,,,,0.0,2714.23,20395.190000000002,0.0,23109.420000000002,542.83,4079.04,0.0,4621.87,2171.4,16316.149999999998,0.0,18487.55,198.227485,1946.2492039999997,,2144.476689,31.75431,343.68323,,375.43754,73.17000000000002,853.2,,926.3699999999999,303.15,3143.14,,3446.29,13.96103896103896,19.263980779779548,,18.641139577715816,207.77999999999997,2040.08,0.0,2247.86,1858.6899999999998,13079.189999999999,0.0,14937.88,,,,,,,,,,,,,,0.0,0.0,18487.55,0.0,0.0,,0.0,,0.0,,,,,,,,18487.55,0.0
162,GUJARAT,AHMEDABAD,,704.9962135907825,0.0,604.540646626096,630.6774962904509,184138.41779761555,0.0,523587.62406988454,707726.0418675,0.0,707726.0418675,23822.27,0.0,69627.96,93450.23,2715.34,,437018.41000000003,439733.74999999994,10753.56,0.0,0.0,10753.56,5334.849999999999,0.0,6066.84,11401.69,192.98000000000002,,215.74,408.72,3131.1839999999997,,1593.82,4725.004,,,,,,,,,45950.2,0.0,514522.77,560472.97,,,,,,,,,,,,0.0,,,,0.0,,,,,,,,,,,,,,,,0.0,45950.2,0.0,514522.77,560472.97,3521.59,0.0,50745.18,54266.770000000004,42428.61000000001,0.0,463777.58999999997,506206.19999999995,1020.9872882188146,,2075.183100323667,3096.1703885424818,3350.9449999999997,,0.0,3350.9449999999997,32678.100000000002,,31196.100000000002,63874.200000000004,37050.03,,33271.29,70321.32,87.32322364555424,,7.173975353142873,87.32322364555431,1101.83,0.0,2239.5,1101.83,12073.559999999998,0.0,431393.81000000006,12073.559999999998,,,,,,,,,,,,,,0.0,0.0,42428.61,463777.58999999997,0.0,,0.0,,0.0,,,,,,,,42428.61,463777.58999999997
163,GUJARAT,AMRELI,,726.2895739566235,0.0,870.2262964694781,731.0325548677686,723203.7847804805,0.0,24642.93082871956,747846.7156092,0.0,747846.7156092,138927.37,0.0,1529.8500000000001,140457.22,31.189999999999998,,0.0,31.189999999999998,1619.81,0.0,0.0,1619.81,11594.880000000001,0.0,324.44,11919.32,372.91999999999996,,3.3499999999999996,376.27,3803.776,,40.82,3844.5959999999995,,,,,,,,,156349.95,0.0,1898.46,158248.41,,,,,,,,,,,,0.0,,,,0.0,,,,,,,,,,,,,,,,0.0,156349.95,0.0,1898.46,158248.41,7817.53,0.0,94.92000000000002,7912.449999999999,148532.41999999998,0.0,1803.5400000000002,150335.96,1198.2987069146063,,36.841831864987384,1235.1405387795937,54.77100000000001,,0.0,54.77100000000001,73577.7,,1201.6000000000001,74779.3,74830.77,,1238.44,76069.21,50.380092103797956,,68.66717677456558,50.380092103797956,1230.14,0.0,37.82,1230.14,73669.81,0.0,564.13,73669.81,,,,,,,,,,,,,,0.0,0.0,148532.42,1803.54,0.0,,0.0,,0.0,,,,,,,,148532.42,1803.54
164,GUJARAT,ANAND,,856.9179432647841,0.0,837.5921668006699,851.1219996907266,212911.55886292248,0.0,91207.58485797752,304119.1437209,0.0,304119.1437209,31512.489999999998,0.0,16504.95,48017.439999999995,51942.00000000001,,0.0,51942.00000000001,26138.48,0.0,0.0,26138.48,5075.27,0.0,839.84,5915.11,588.26,,74.69,662.95,1034.344,,38.384,1072.728,,,,,,,,,116290.84,0.0,17457.86,133748.69999999998,,,,,,,,,,,,0.0,,,,0.0,,,,,,,,,,,,,,,,0.0,116290.84,0.0,17457.86,133748.69999999998,8790.390000000001,0.0,889.83,9680.22,107500.45,0.0,16568.03,124068.48,3548.5487167821348,,507.7599082712469,4056.3086250533815,375.32614500000005,,0.0,375.32614500000005,20627.0,,3306.8000000000006,23933.8,24550.86,,3814.5599999999995,28365.420000000002,22.837913701756598,,23.023618378286372,22.837913701756598,3689.85,0.0,527.98,3689.85,82808.29,0.0,12839.24,82808.29,,,,,,,,,,,,,,0.0,0.0,107500.45000000001,16568.030000000002,0.0,,0.0,,0.0,,,,,,,,107500.45000000001,16568.030000000002
165,GUJARAT,ARVALLI,,861.602305762834,0.0,0.0,861.602305762834,310371.55839049997,0.0,0.0,310371.55839049997,6518.06,316889.61839049996,79638.71,0.0,0.0,79638.71,1215.75,,0.0,1215.75,1671.9699999999998,0.0,0.0,1671.9699999999998,6806.02,0.0,0.0,6806.02,252.70999999999998,,0.0,252.70999999999998,638.9639999999999,,0.0,638.9639999999999,,,,,,,,,90224.12,0.0,0.0,90224.12,,,,,,,,,,,,0.0,,,,0.0,,,,,,,,,,,,,,,,0.0,90224.12,0.0,0.0,90224.12,4511.2,0.0,0.0,4511.2,85712.92000000001,0.0,0.0,85712.92000000001,2032.8394465474664,,,2032.8394465474664,25.3895,,,25.3895,33871.9,,,33871.9,35930.13,,,35930.13,41.91915291183639,,,41.91915291183639,2144.33,0.0,0.0,2144.33,49671.299999999996,0.0,0.0,49671.299999999996,,,,,,,,,,,,,,0.0,0.0,85712.92000000001,0.0,0.0,,0.0,,0.0,,,,,,,,85712.92000000001,0.0
166,GUJARAT,BANASKANTHA,,746.044941868003,0.0,527.7611284981733,667.0257223847437,669984.1173371309,0.0,380151.340270169,1050135.4576073,29809.160000000003,1079944.6176073,97992.88,0.0,47480.06,145472.94,593.59,,7091.9,7685.49,87.97999999999999,0.0,0.0,87.97999999999999,12141.72,0.0,4720.29,16862.01,342.73999999999995,,182.94,525.68,18076.4,,1287.6000000000001,19364.000000000004,,,,,,,,,129235.31,0.0,60762.79,189998.1,,,,,,,,,,,,0.0,,,,0.0,,,,,,,,,,,,,,,,0.0,129235.31,0.0,60762.79,189998.1,12509.500000000002,0.0,6076.29,18585.79,116725.81000000001,0.0,54686.5,171412.31000000003,4185.035334285376,,835.3888164159396,5020.424150701316,143.904155,,0.0,143.904155,130515.09999999999,,43651.899999999994,174167.00000000003,134844.05,,44487.28999999999,179331.34,115.52205120701238,,81.34967496548508,115.52205120701235,4557.4400000000005,0.0,909.7299999999999,4557.4400000000005,14499.029999999999,0.0,19035.97,14499.029999999999,,,,,,,,,,,,,,0.0,0.0,116725.81000000001,54686.5,0.0,,0.0,,0.0,,,,,,,,116725.81000000001,54686.5
167,GUJARAT,BHARUCH,,818.1819083370158,0.0,773.0984391695181,800.5729960788109,332922.5546340981,0.0,213375.74515520202,546298.2997893001,4390.0,550688.2997893001,40835.840000000004,0.0,24325.280000000002,65161.119999999995,8432.5,,1014.77,9447.27,9495.130000000001,0.0,0.0,9495.130000000001,4589.2699999999995,0.0,1346.69,5935.960000000001,529.98,,248.42,778.4,5391.5380000000005,,105.46,5496.9980000000005,,,,,,,,,69274.26999999999,0.0,27040.62,96314.89,,,,,,,,,,,,0.0,,,,0.0,,,,,,,,,,,,,,,,0.0,69274.26999999999,0.0,27040.62,96314.89,6392.299999999999,0.0,2573.17,8965.47,62881.97,0.0,24467.45,87349.42,1816.1688014061,,615.843854927109,2432.012656333209,668.92343,,0.0,668.92343,16951.200000000004,,5244.700000000001,22195.900000000005,19436.28,,5860.539999999999,25296.820000000003,30.909146135211728,,23.95239389474587,30.909146135211742,1891.72,0.0,635.76,1891.72,43370.15,0.0,18963.579999999998,43370.15,,,,,,,,,,,,,,0.0,0.0,62881.969999999994,24467.45,0.0,,0.0,,0.0,,,,,,,,62881.969999999994,24467.45
168,GUJARAT,BHAVNAGAR,,644.9332777294259,0.0,746.0807521465279,664.7135582686403,585752.2326168802,0.0,142395.76093801972,728147.9935549,0.0,728147.9935549,90842.40000000001,0.0,13433.23,104275.63000000002,379.19000000000005,,0.0,379.19000000000005,6777.039999999999,0.0,0.0,6777.039999999999,8560.55,0.0,1161.7800000000002,9722.329999999998,488.5100000000001,,19.23,507.73,4931.1759999999995,,234.676,5165.852,,,,,,,,,111978.84999999999,0.0,14848.92,126827.77,,,,,,,,,,,,0.0,,,,0.0,,,,,,,,,,,,,,,,0.0,111978.84999999999,0.0,14848.92,126827.77,5598.9400000000005,0.0,762.12,6361.0599999999995,106379.91,0.0,14086.800000000001,120466.70999999999,3150.664610395132,,706.7530199532939,3857.4176303484255,31.048400000000004,,0.0,31.048400000000004,42332.100000000006,,4792.700000000001,47124.799999999996,45513.82,,5499.4400000000005,51013.26,42.78422495375301,,39.039668341993924,42.78422495375302,3322.21,0.0,745.23,3322.21,60694.539999999986,0.0,9838.86,60694.539999999986,,,,,,,,,,,,,,0.0,0.0,106379.91,14086.800000000001,0.0,,0.0,,0.0,,,,,,,,106379.91,14086.800000000001
169,GUJARAT,BOTAD,,698.2205559393706,0.0,702.1695779553269,698.9424632048072,203056.10549596814,0.0,45423.75749893186,248479.8629949,0.0,248479.8629949,40474.71,0.0,6459.93,46934.64,522.85,,0.0,522.85,312.7,0.0,0.0,312.7,3648.8199999999997,0.0,743.73,4392.55,38.45,,3.78,42.23,1781.64,,36.64,1818.2800000000002,,,,,,,,,46779.17,0.0,7244.080000000001,54023.25,,,,,,,,,,,,0.0,,,,0.0,,,,,,,,,,,,,,,,0.0,46779.17,0.0,7244.080000000001,54023.25,2338.95,0.0,364.04,2702.98,44440.22,0.0,6880.039999999999,51320.26,895.1116420214505,,110.5771643502393,1005.6888063716897,16.67445,,0.0,16.67445,21423.8,,3419.6,24843.4,22335.57,,3530.17,25865.739999999998,50.259809694911496,,51.31031214934798,50.259809694911496,943.85,0.0,116.6,943.85,22055.9,0.0,3343.85,22055.9,,,,,,,,,,,,,,0.0,0.0,44440.22,6880.039999999999,0.0,,0.0,,0.0,,,,,,,,44440.22,6880.039999999999
170,GUJARAT,CHHOTA UDEPUR,,1067.5142760629724,0.0,0.0,1067.5142760629724,326493.2852432,0.0,0.0,326493.2852432,17298.0,343791.2852432,40295.86,0.0,0.0,40295.86,8720.48,,0.0,8720.48,1931.3199999999997,0.0,0.0,1931.3199999999997,4986.84,0.0,0.0,4986.84,316.22999999999996,,0.0,316.22999999999996,3454.728,,0.0,3454.728,,,,,,,,,59705.45,0.0,0.0,59705.45,,,,,,,,,,,,0.0,,,,0.0,,,,,,,,,,,,,,,,0.0,59705.45,0.0,0.0,59705.45,4914.82,0.0,0.0,4914.82,54790.630000000005,0.0,0.0,54790.630000000005,2211.148646867064,,,2211.148646867064,0.18,,,0.18,19679.5,,,19679.5,21890.84,,,21890.84,39.95361980689033,,,39.95361980689033,2312.0200000000004,0.0,0.0,2312.0200000000004,32798.92,0.0,0.0,32798.92,,,,,,,,,,,,,,0.0,0.0,54790.630000000005,0.0,0.0,,0.0,,0.0,,,,,,,,54790.630000000005,0.0
171,GUJARAT,DAHOD,,625.4372556369306,0.0,0.0,625.4372556369306,351971.34179060004,0.0,0.0,351971.34179060004,12158.0,364129.34179060004,16490.55,0.0,0.0,16490.55,858.56,,0.0,858.56,3947.95,0.0,0.0,3947.95,2727.7599999999998,0.0,0.0,2727.7599999999998,225.08999999999997,,0.0,225.08999999999997,9973.224000000002,,0.0,9973.224000000002,,,,,,,,,34223.130000000005,0.0,0.0,34223.130000000005,,,,,,,,,,,,0.0,,,,0.0,,,,,,,,,,,,,,,,0.0,34223.130000000005,0.0,0.0,34223.130000000005,3099.2799999999997,0.0,0.0,3099.2799999999997,31123.850000000002,0.0,0.0,31123.850000000002,2260.8354799791323,,,2260.8354799791323,1.8895050000000002,,,1.8895050000000002,10029.6,,,10029.6,12292.310000000001,,,12292.310000000001,39.4948247083828,,,39.4948247083828,2524.79,0.0,0.0,2524.79,18567.6,0.0,0.0,18567.6,,,,,,,,,,,,,,0.0,0.0,31123.850000000002,0.0,0.0,,0.0,,0.0,,,,,,,,31123.850000000002,0.0
172,GUJARAT,DANG,,2103.183675364864,0.0,0.0,2103.183675364864,144921.7961807,0.0,0.0,144921.7961807,35515.0,180436.7961807,28529.01,0.0,0.0,28529.01,0.0,,0.0,0.0,7.650000000000001,0.0,0.0,7.650000000000001,603.88,0.0,0.0,603.88,98.28,,0.0,98.28,1204.008,,0.0,1204.008,,,,,,,,,30442.819999999996,0.0,0.0,30442.819999999996,,,,,,,,,,,,0.0,,,,0.0,,,,,,,,,,,,,,,,0.0,30442.819999999996,0.0,0.0,30442.819999999996,3044.29,0.0,0.0,3044.29,27398.53,0.0,0.0,27398.53,486.2887466394945,,,486.2887466394945,62.75750000000001,,,62.75750000000001,2189.5999999999995,,,2189.5999999999995,2738.65,,,2738.65,9.995609253489148,,,9.995609253489148,522.8100000000001,0.0,0.0,522.8100000000001,24623.36,0.0,0.0,24623.36,,,,,,,,,,,,,,0.0,0.0,27398.53,0.0,0.0,,0.0,,0.0,,,,,,,,27398.53,0.0
173,GUJARAT,DEVBHUMI DWARKA,,936.6406284795746,0.0,802.7279577826696,917.5865380562414,360785.62323287915,0.0,59851.3569656209,420636.98019850004,12245.0,432881.98019850004,41008.340000000004,0.0,4855.15,45863.49,522.4200000000001,,0.0,522.4200000000001,195.52,0.0,0.0,195.52,4446.740000000001,0.0,505.15,4951.889999999999,209.75,,12.190000000000001,221.94,1404.472,,110.412,1514.884,,,,,,,,,47787.23,0.0,5482.91,53270.14,,,,,,,,,,,,0.0,,,,0.0,,,,,,,,,,,,,,,,0.0,47787.23,0.0,5482.91,53270.14,2389.36,0.0,274.14000000000004,2663.5,45397.87,0.0,5208.77,50606.64,1564.009184258408,,98.09531118389843,1662.1044954423064,107.722555,,0.0,107.722555,23978.5,,2417.3,26395.800000000003,25650.24,,2515.3900000000003,28165.63,56.50097680794275,,48.29143924573364,56.50097680794276,1630.77,0.0,102.28,1630.77,19680.87,0.0,2689.2,19680.87,,,,,,,,,,,,,,0.0,0.0,45397.87,5208.7699999999995,0.0,,0.0,,0.0,,,,,,,,45397.87,5208.7699999999995
174,GUJARAT,GANDHINAGAR,,762.3674313660691,0.0,0.0,762.3674313660691,215520.63809380002,0.0,0.0,215520.63809380002,0.0,215520.63809380002,44687.02,0.0,0.0,44687.02,9522.83,,1781.26,11304.09,136.5,0.0,0.0,136.5,6541.610000000001,0.0,0.0,6541.610000000001,368.47,,0.0,368.47,1699.6040000000003,0.0,0.0,1699.6040000000003,,,,,,,,,62956.05,0.0,1781.26,64737.31,,,,,,,,,,,,0.0,,,,0.0,,,,,,,,,,,,,,,,0.0,62956.05,0.0,1781.26,64737.31,5345.77,0.0,178.13,5523.889999999999,57610.28,0.0,1603.13,59213.41,1365.0,,,1365.0,898.5445559999998,,,898.5445559999998,50911.8,,,50911.8,53175.34,,,53175.34,92.30182529923479,,,92.30182529923478,1807.1100000000001,0.0,0.0,1807.1100000000001,7083.719999999999,0.0,1603.13,7083.719999999999,,,,,,,,,,,,,,0.0,0.0,57610.28,1603.13,0.0,,0.0,,0.0,,,,,,,,57610.28,1603.13
175,GUJARAT,GIR SOMNATH,,1091.0536652984738,0.0,1052.9518409286677,1089.553363671452,315649.8155469033,0.0,12938.53086829669,328588.3464152,0.0,328588.3464152,67039.0,0.0,4273.26,71312.26000000001,1075.8999999999999,,0.0,1075.8999999999999,223.95,0.0,0.0,223.95,6565.72,0.0,354.38,6920.1,334.94,,42.019999999999996,376.96999999999997,768.42,,51.352000000000004,819.7719999999999,,,,,,,,,76007.93,0.0,4721.0,80728.93,,,,,,,,,,,,0.0,,,,0.0,,,,,,,,,,,,,,,,0.0,76007.93,0.0,4721.0,80728.93,6039.17,0.0,319.52,6358.6900000000005,69968.76,0.0,4401.48,74370.24,2969.897882740145,,28.297812445746153,2998.195695185892,400.56495,,0.0,400.56495,28708.600000000006,,1494.4999999999998,30203.100000000006,32079.049999999996,,1522.8000000000002,33601.85,45.847675448300066,,34.597453583794554,45.847675448300066,3081.92,0.0,29.369999999999997,3081.92,37777.69,0.0,2877.6099999999997,37777.69,,,,,,,,,,,,,,0.0,0.0,69968.76,4401.48,0.0,,0.0,,0.0,,,,,,,,69968.76,4401.48
176,GUJARAT,JAMNAGAR,,784.8547807101819,0.0,827.1569691266433,789.0047444527421,579332.2086783141,0.0,63016.18533288585,642348.3940112,99.0,642447.3940112,128719.54000000001,0.0,5130.1,133849.64,336.74000000000007,,0.0,336.74000000000007,3592.1,0.0,0.0,3592.1,10206.060000000001,0.0,1196.4,11402.460000000001,243.82999999999998,,14.11,257.94,5011.26,,90.112,5101.372,,,,,,,,,148109.51,0.0,6430.71,154540.22,,,,,,,,,,,,0.0,,,,0.0,,,,,,,,,,,,,,,,0.0,148109.51,0.0,6430.71,154540.22,7405.490000000001,0.0,335.78999999999996,7741.28,140704.02,0.0,6094.919999999999,146798.94,2398.1844373394165,,93.52947776263488,2491.7139151020515,43.07522,,0.0,43.07522,48804.0,,4258.9,53062.899999999994,51245.270000000004,,4352.43,55597.7,36.420615416673954,,71.41078143765628,36.420615416673954,2500.55,0.0,97.52,2500.55,89356.38,0.0,2456.1200000000003,89356.38,,,,,,,,,,,,,,0.0,0.0,140704.02,6094.92,0.0,,0.0,,0.0,,,,,,,,140704.02,6094.92
177,GUJARAT,JUNAGADH,,1131.6354903115073,0.0,1006.7327954266989,1122.9512308131184,509083.68539174146,0.0,38040.56400895857,547124.2494007,8142.0,555266.2494007,148258.46000000002,0.0,9449.98,157708.44,1064.58,,0.0,1064.58,150.60000000000002,0.0,0.0,150.60000000000002,11074.019999999999,0.0,1079.54,12153.56,226.98000000000002,,22.05,249.03000000000003,1370.9180000000001,,82.53200000000001,1453.45,,,,,,,,,162145.58000000002,0.0,10634.09,172779.66999999998,,,,,,,,,,,,0.0,,,,0.0,,,,,,,,,,,,,,,,0.0,162145.58000000002,0.0,10634.09,172779.66999999998,8107.269999999999,0.0,536.61,8643.859999999999,154038.31,0.0,10097.48,164135.78999999998,3131.481555935818,,133.18403703864,3264.6655929744584,70.4785,,0.0,70.4785,61887.100000000006,,5018.0,66905.1,65089.06,,5151.18,70240.24,42.25511173162053,,51.01451055114742,42.255111731620545,3412.46,0.0,138.21,3412.46,88668.27,0.0,5282.48,88668.27,,,,,,,,,,,,,,0.0,0.0,154038.31,10097.48,0.0,,0.0,,0.0,,,,,,,,154038.31,10097.48
178,GUJARAT,KACHCHH,,537.233658641445,0.0,533.9793428979207,535.313665909889,840179.3932216847,0.0,1208956.387411015,2049135.7806327,0.0,2049135.7806327,64718.36000000001,0.0,96877.18000000002,161595.53999999998,22.79,,2891.9300000000003,2914.7200000000003,6271.549999999999,0.0,0.0,6271.549999999999,7220.289999999999,0.0,7685.120000000001,14905.41,490.82,,110.72000000000001,601.54,22162.04,,527.342,22689.381999999998,,,,,,,,,100885.86,0.0,108092.29,208978.15000000002,,,,,,,,,,,,0.0,,,,0.0,,,,,,,,,,,,,,,,0.0,100885.86,0.0,108092.29,208978.15000000002,8875.029999999999,0.0,10310.150000000001,19185.18,92010.83,0.0,97782.14000000001,189792.97,1058.1599501178537,,2381.7248515061474,3439.8848016240004,1049.83365,,0.0,1049.83365,47619.5,,51981.3,99600.79999999999,49727.509999999995,,54363.02,104090.53,54.045279235063944,,55.596062839287406,54.04527923506397,1193.74,0.0,2686.89,1193.74,45494.59,0.0,48586.45,45494.59,,,,,,,,,,,,,,0.0,0.0,92010.83,97782.14000000001,0.0,,0.0,,0.0,,,,,,,,92010.83,97782.14000000001
179,GUJARAT,KHEDA,,776.3560811708858,0.0,711.3309724706156,765.5137153415325,286444.62416776834,0.0,57319.67856403167,343764.3027318,0.0,343764.3027318,41353.66,0.0,8410.240000000002,49763.899999999994,18921.830000000005,,0.0,18921.830000000005,14272.210000000001,0.0,0.0,14272.210000000001,5507.78,0.0,1743.4799999999998,7251.259999999999,686.6899999999999,,12.41,699.0999999999999,1814.8839999999998,,9.6,1824.484,,,,,,,,,82557.08000000002,0.0,10175.73,92732.81,,,,,,,,,,,,0.0,,,,0.0,,,,,,,,,,,,,,,,0.0,82557.08000000002,0.0,10175.73,92732.81,7696.03,0.0,894.98,8591.01,74861.04999999999,0.0,9280.75,84141.80000000002,2856.4652616997114,,340.8593235852234,3197.3245852849345,401.07504499999993,,0.0,401.07504499999993,26939.000000000004,,6490.4,33429.40000000001,30196.52,,6831.26,37027.780000000006,40.33675723223226,,73.60676669450207,40.336757232232245,2972.2499999999995,0.0,354.67999999999995,2972.2499999999995,44548.740000000005,0.0,2435.67,44548.740000000005,,,,,,,,,,,,,,0.0,0.0,74861.04999999999,9280.75,0.0,,0.0,,0.0,,,,,,,,74861.04999999999,9280.75
180,GUJARAT,MAHESANA,,707.7929731823257,0.0,710.412176997718,708.6959022484344,288807.09175789414,0.0,151940.89301780832,440747.9847763,2428.0,443175.9847763,48242.82000000001,0.0,22624.519999999997,70867.34,6875.46,,174738.08,181613.53999999998,5605.38,0.0,0.0,5605.38,13930.97,0.0,4672.610000000001,18603.58,431.41999999999996,,45.86000000000001,477.2799999999999,3329.5879999999993,,681.24,4010.8279999999995,,,,,,,,,78415.63,0.0,202762.31,281177.94,,,,,,,,,,,,0.0,,,,0.0,,,,,,,,,,,,,,,,0.0,78415.63,0.0,202762.31,281177.94,7397.83,0.0,20276.23,27674.069999999996,71017.8,0.0,182486.08,253503.88,1436.6011735830627,,472.3485360636198,1908.9497096466823,722.89964,,0.0,722.89964,74678.5,,23681.200000000004,98359.70000000001,76838.01999999999,,24153.550000000003,100991.57,108.19543832672933,,13.235831467254929,108.19543832672933,1484.4399999999998,0.0,488.07,1484.4399999999998,4786.050000000001,0.0,162969.65,4786.050000000001,,,,,,,,,,,,,,0.0,0.0,71017.8,182486.08,0.0,,0.0,,0.0,,,,,,,,71017.8,182486.08
181,GUJARAT,MAHISAGAR,,675.5244624183096,0.0,0.0,675.5244624183096,245901.05541709997,0.0,0.0,245901.05541709997,4096.0,249997.05541709997,15894.3,0.0,0.0,15894.3,4970.2300000000005,,0.0,4970.2300000000005,4364.75,0.0,0.0,4364.75,3459.7,0.0,0.0,3459.7,423.83000000000004,,0.0,423.83000000000004,2662.772,,0.0,2662.772,,,,,,,,,31775.560000000005,0.0,0.0,31775.560000000005,,,,,,,,,,,,0.0,,,,0.0,,,,,,,,,,,,,,,,0.0,31775.560000000005,0.0,0.0,31775.560000000005,3177.55,0.0,0.0,3177.55,28598.010000000002,0.0,0.0,28598.010000000002,893.4343368568258,,,893.4343368568258,17.235,,,17.235,12580.900000000001,,,12580.900000000001,13491.57,,,13491.57,47.176604246239506,,,47.176604246239506,941.6,0.0,0.0,941.6,15058.27,0.0,0.0,15058.27,,,,,,,,,,,,,,0.0,0.0,28598.010000000002,0.0,0.0,,0.0,,0.0,,,,,,,,28598.010000000002,0.0
182,GUJARAT,MORBI,,657.0496054200937,0.0,566.4710649511863,629.6153885044208,348052.0734933345,0.0,151217.64783996547,499269.7213333,0.0,499269.7213333,43746.95,0.0,13834.319999999998,57581.270000000004,131.32,,65.65,196.96999999999997,19025.3,0.0,0.0,19025.3,7881.41,0.0,1712.9499999999998,9594.36,334.32,,62.49999999999999,396.82,2495.832,,151.624,2647.4559999999997,,,,,,,,,73615.16,0.0,15827.060000000001,89442.22,,,,,,,,,,,,0.0,,,,0.0,,,,,,,,,,,,,,,,0.0,73615.16,0.0,15827.060000000001,89442.22,4744.539999999999,0.0,1374.1,6118.65,68870.62,0.0,14452.96,83323.58000000002,1442.8837451882803,,174.51770810381333,1617.401453292094,126.432594,,0.0,126.432594,30045.300000000003,,5906.7,35952.0,31614.6,,6081.2300000000005,37695.83,45.90433482376085,,42.07601764621227,45.90433482376083,1538.01,0.0,185.49,1538.01,37160.899999999994,0.0,10558.1,37160.899999999994,,,,,,,,,,,,,,0.0,0.0,68870.62,14452.96,0.0,,0.0,,0.0,,,,,,,,68870.62,14452.96
183,GUJARAT,NARMADA,,1123.961118377939,0.0,0.0,1123.961118377939,250995.3840286,0.0,0.0,250995.3840286,29237.0,280232.3840286,27832.0,0.0,0.0,27832.0,1889.27,,0.0,1889.27,1966.0100000000002,0.0,0.0,1966.0100000000002,4426.95,0.0,0.0,4426.95,64.69999999999999,,0.0,64.69999999999999,4358.96,,0.0,4358.96,,,,,,,,,40537.89,0.0,0.0,40537.89,,,,,,,,,,,,0.0,,,,0.0,,,,,,,,,,,,,,,,0.0,40537.89,0.0,0.0,40537.89,2700.29,0.0,0.0,2700.29,37837.600000000006,0.0,0.0,37837.600000000006,539.1246119531704,,,539.1246119531704,37.08500000000001,,,37.08500000000001,20534.000000000004,,,20534.000000000004,21110.190000000002,,,21110.190000000002,55.79156711842188,,,55.79156711842188,564.93,0.0,0.0,564.93,16701.61,0.0,0.0,16701.61,,,,,,,,,,,,,,0.0,0.0,37837.600000000006,0.0,0.0,,0.0,,0.0,,,,,,,,37837.600000000006,0.0
184,GUJARAT,NAVSARI,,1865.2429691086713,0.0,0.0,1865.2429691086713,216782.1528127,0.0,0.0,216782.1528127,5828.0,222610.1528127,60214.28,0.0,0.0,60214.28,2792.0299999999997,,0.0,2792.0299999999997,12162.25,0.0,0.0,12162.25,5038.469999999999,0.0,0.0,5038.469999999999,177.95999999999998,,39.03,216.98999999999998,695.604,,68.824,764.4279999999999,,,,,,,,,81080.59,0.0,107.85,81188.44,,,,,,,,,,,,0.0,,,,0.0,,,,,,,,,,,,,,,,0.0,81080.59,0.0,107.85,81188.44,5388.160000000001,0.0,10.79,5398.950000000001,75692.43000000001,0.0,97.06,75789.49,2671.914466811139,,,2671.914466811139,140.24457,,,140.24457,17732.200000000004,,,17732.200000000004,20544.35,,,20544.35,27.141881955698864,,,27.141881955698864,2739.64,0.0,0.0,2739.64,55080.36000000001,0.0,97.06,55080.36000000001,,,,,,,,,,,,,,0.0,0.0,75692.43000000001,97.06,0.0,,0.0,,0.0,,,,,,,,75692.43000000001,97.06
185,GUJARAT,PANCHMAHAL,,869.939326395507,0.0,0.0,869.939326395507,325474.4081905,0.0,0.0,325474.4081905,3567.0,329041.4081905,19574.95,0.0,0.0,19574.95,13082.64,,0.0,13082.64,5446.820000000001,0.0,0.0,5446.820000000001,2769.79,0.0,0.0,2769.79,225.28,,0.0,225.28,15307.399999999998,,0.0,15307.399999999998,,,,,,,,,56406.88,0.0,0.0,56406.88,,,,,,,,,,,,0.0,,,,0.0,,,,,,,,,,,,,,,,0.0,56406.88,0.0,0.0,56406.88,3755.11,0.0,0.0,3755.11,52651.76999999999,0.0,0.0,52651.76999999999,1518.976264916414,,,1518.976264916414,96.42036,,,96.42036,9869.800000000001,,,9869.800000000001,11485.2,,,11485.2,21.813511682513244,,,21.813511682513244,1610.2700000000002,0.0,0.0,1610.2700000000002,41075.29,0.0,0.0,41075.29,,,,,,,,,,,,,,0.0,0.0,52651.76999999999,0.0,0.0,,0.0,,0.0,,,,,,,,52651.76999999999,0.0
186,GUJARAT,PATAN,,812.607851927547,0.0,549.8881285189722,603.992653654704,117107.99367722118,0.0,451542.77316027886,568650.7668375,0.0,568650.7668375,24565.31,0.0,55001.24,79566.54999999999,7080.27,,7808.67,14888.939999999999,526.74,0.0,0.0,526.74,2978.02,0.0,7446.52,10424.54,44.92,,188.95000000000002,233.87,4522.400000000001,,5704.352000000001,10226.752,,,,,,,,,39717.66,0.0,76149.74,115867.4,,,,,,,,,,,,0.0,,,,0.0,,,,,,,,,,,,,,,,0.0,39717.66,0.0,76149.74,115867.4,3314.25,0.0,6748.85,10063.1,36403.41,0.0,69400.89000000001,105804.29999999999,916.8896999457055,,531.1168023831328,1448.0065023288385,51.84857,,0.0,51.84857,34975.275,,41418.825000000004,76394.1,35944.0,,41949.93999999999,77893.93999999999,98.73800284094264,,60.445824253838786,98.73800284094271,956.37,0.0,553.98,956.37,4011.79,0.0,37190.299999999996,4011.79,,,,,,,,,,,,,,0.0,0.0,36403.41,69400.89000000001,0.0,,0.0,,0.0,,,,,,,,36403.41,69400.89000000001
187,GUJARAT,PORBANDAR,,853.0802235723312,0.0,822.8905833325857,840.419499486967,133858.1144973844,0.0,96682.56949331559,230540.6839907,0.0,230540.6839907,19759.9,0.0,13161.64,32921.54,74.66,,0.0,74.66,0.0,0.0,0.0,0.0,2276.48,0.0,1810.22,4086.7,48.29,,16.9,65.19,650.204,,119.548,769.752,,,,,,,,,22809.53,0.0,15108.300000000001,37917.83,,,,,,,,,,,,0.0,,,,0.0,,,,,,,,,,,,,,,,0.0,22809.53,0.0,15108.300000000001,37917.83,1523.74,0.0,1172.82,2696.55,21285.79,0.0,13935.48,35221.270000000004,518.5807612902886,,361.12125988001867,879.7020211703074,108.80269999999999,,0.0,108.80269999999999,10037.5,,7241.3,17278.800000000003,10664.89,,7602.43,18267.32,50.103331847208864,,54.55448969106196,50.10333184720886,533.3299999999999,0.0,371.39,533.3299999999999,10606.15,0.0,6322.78,10606.15,,,,,,,,,,,,,,0.0,0.0,21285.79,13935.48,0.0,,0.0,,0.0,,,,,,,,21285.79,13935.48
188,GUJARAT,RAJKOT,,794.3252421380727,0.0,575.6,791.0363518793248,764586.5087459704,0.0,11672.315738029456,776258.8244839999,0.0,776258.8244839999,143424.47999999998,0.0,0.0,143424.47999999998,708.0700000000002,,0.0,708.0700000000002,2218.7,0.0,0.0,2218.7,23617.730000000003,0.0,0.0,23617.730000000003,435.39000000000004,,0.0,435.39000000000004,10422.696,,0.0,10422.696,,,,,,,,,180827.08999999997,0.0,0.0,180827.08999999997,,,,,,,,,,,,0.0,,,,0.0,,,,,,,,,,,,,,,,0.0,180827.08999999997,0.0,0.0,180827.08999999997,9041.349999999999,0.0,0.0,9041.349999999999,171785.74,0.0,0.0,171785.74,2515.465257609655,,0.0,2515.465257609655,75.97909500000002,,0.0,75.97909500000002,105382.8,,1567.5,106950.3,107974.24999999999,,1567.5,109541.74999999999,62.85402385553073,,0.0,62.85402385553073,2687.8199999999997,0.0,0.0,2687.8199999999997,63639.14000000001,0.0,0.0,63639.14000000001,,,,,,,,,,,,,,0.0,0.0,171785.74,0.0,0.0,,0.0,,0.0,,,,,,,,171785.74,0.0
189,GUJARAT,RANA AND KUTCH,,0.0,0.0,0.0,0.0,0.0,,,,,,,,,,,,,,,,,,,,,,,,,,,,,,,,,,,,,,,,,,,,,,,,,0.0,,,,0.0,,,,,,,,,,,,,,,,0.0,,,,0.0,,,,,,,,,,,,0.0,,,,0.0,,,,,,,,,,,,,,,,,0.0,0.0,0.0,0.0,,,,,,,,,,,,,,,,,,,,,,,,,,,,,,0.0,0.0,,,,
190,GUJARAT,SABARKANTHA,,892.7942135447548,0.0,0.0,892.7942135447548,407378.4033349,0.0,0.0,407378.4033349,17542.0,424920.4033349,55291.99,0.0,0.0,55291.99,5248.400000000001,,0.0,5248.400000000001,4574.96,0.0,0.0,4574.96,8507.06,0.0,0.0,8507.06,385.78,,0.0,385.78,8279.064,,0.0,8279.064,,,,,,,,,82287.23,0.0,0.0,82287.23,,,,,,,,,,,,0.0,,,,0.0,,,,,,,,,,,,,,,,0.0,82287.23,0.0,0.0,82287.23,8228.72,0.0,0.0,8228.72,74058.51,0.0,0.0,74058.51,2027.6818754744093,,,2027.6818754744093,283.060815,,,283.060815,50497.16,,,50497.16,52807.92,,,52807.92,71.30567439177483,,,71.30567439177483,2345.1499999999996,0.0,0.0,2345.1499999999996,22467.11,0.0,0.0,22467.11,,,,,,,,,,,,,,0.0,0.0,74058.51,0.0,0.0,,0.0,,0.0,,,,,,,,74058.51,0.0
191,GUJARAT,SURAT,,1537.6705563379664,0.0,1328.0438645751442,1518.0100761124663,381733.0653565435,0.0,39507.31723355656,421240.38259010005,342.0,421582.38259010005,95279.28000000001,0.0,9677.2,104956.48000000001,10035.36,,0.0,10035.36,28712.0,0.0,0.0,28712.0,8612.69,0.0,551.2800000000001,9163.970000000001,359.21999999999997,,84.17,443.38999999999993,595.7639999999999,,2.76,598.5239999999999,,,,,,,,,143594.28,0.0,10315.41,153909.69,,,,,,,,,,,,0.0,,,,0.0,,,,,,,,,,,,,,,,0.0,143594.28,0.0,10315.41,153909.69,11258.32,0.0,729.41,11987.730000000001,132335.96,0.0,9586.0,141921.96,18559.733493100295,,166.8325508117128,18726.566043912007,4539.061722999999,,0.0,4539.061722999999,29698.9,,1901.0,31599.899999999998,52797.68000000001,,2067.83,54865.51000000001,39.89669927962136,,21.57135405800125,39.89669927962136,22068.21,0.0,198.45,22068.21,80658.02,0.0,7486.55,80658.02,,,,,,,,,,,,,,0.0,0.0,132335.96,9586.0,0.0,,0.0,,0.0,,,,,,,,132335.96,9586.0
192,GUJARAT,SURENDRANAGAR,,605.9451413429464,0.0,567.9663651631165,586.1523605261618,444181.2525799377,0.0,483425.9549578622,927607.2075378,0.0,927607.2075378,63492.91,0.0,43597.79,107090.70000000001,224.86999999999998,,107060.43000000001,107285.3,7886.83,0.0,0.0,7886.83,6233.62,0.0,3817.9699999999993,10051.59,85.07000000000001,,51.050000000000004,136.11999999999998,4407.352,,549.716,4957.067999999999,,,,,,,,,82330.67000000001,0.0,155076.96,237407.63,,,,,,,,,,,,0.0,,,,0.0,,,,,,,,,,,,,,,,0.0,82330.67000000001,0.0,155076.96,237407.63,4783.400000000001,0.0,14077.04,18860.440000000002,77547.27,0.0,140999.91999999998,218547.19,1258.913168277045,,1527.1074824019056,2786.0206506789505,255.27681499999994,,0.0,255.27681499999994,35473.200000000004,,19148.800000000003,54622.0,36987.39,,20675.9,57663.29000000001,47.696572683990034,,14.663767185116136,47.696572683990034,1324.4799999999998,0.0,1606.6599999999999,1324.4799999999998,40494.30999999999,0.0,121565.37,40494.30999999999,,,,,,,,,,,,,,0.0,0.0,77547.27,140999.91999999998,0.0,,0.0,,0.0,,,,,,,,77547.27,140999.91999999998
193,GUJARAT,TAPI,,1322.3051646954707,0.0,0.0,1322.3051646954707,308550.35837279994,0.0,0.0,308550.35837279994,10022.0,318572.35837279994,49059.81999999999,0.0,0.0,49059.81999999999,3073.2799999999997,,0.0,3073.2799999999997,11567.470000000001,0.0,0.0,11567.470000000001,5758.5,0.0,0.0,5758.5,165.51,,0.0,165.51,950.6319999999998,,0.0,950.6319999999998,,,,,,,,,70575.2,0.0,0.0,70575.2,,,,,,,,,,,,0.0,,,,0.0,,,,,,,,,,,,,,,,0.0,70575.2,0.0,0.0,70575.2,6912.879999999999,0.0,0.0,6912.879999999999,63662.32,0.0,0.0,63662.32,499.4998209564259,,,499.4998209564259,29.991355999999996,,,29.991355999999996,20404.399999999998,,,20404.399999999998,20933.89,,,20933.89,32.88270047337264,,,32.88270047337264,864.0799999999999,0.0,0.0,864.0799999999999,42363.840000000004,0.0,0.0,42363.840000000004,,,,,,,,,,,,,,0.0,0.0,63662.32,0.0,0.0,,0.0,,0.0,,,,,,,,63662.32,0.0
194,GUJARAT,VADODARA,,797.9388675136862,0.0,0.0,797.9388675136862,406398.8860795999,0.0,0.0,406398.8860795999,0.0,406398.8860795999,60987.69,0.0,0.0,60987.69,5850.129999999999,,20771.74,26621.879999999997,13758.64,0.0,0.0,13758.64,15272.279999999999,0.0,0.0,15272.279999999999,828.7200000000001,,0.0,828.7200000000001,7573.9039999999995,,0.0,7573.9039999999995,,,,,,,,,104271.36000000002,0.0,20771.74,125043.1,,,,,,,,,,,,0.0,,,,0.0,,,,,,,,,,,,,,,,0.0,104271.36000000002,0.0,20771.74,125043.1,6338.710000000001,0.0,2077.17,8415.880000000001,97932.65000000001,0.0,18694.57,116627.22000000002,6522.307820161876,,,6522.307820161876,2095.0099200000004,,,2095.0099200000004,54410.1,,,54410.1,63027.420000000006,,,63027.420000000006,64.35792353214174,,,64.35792353214173,6819.849999999999,0.0,0.0,6819.849999999999,34607.67,0.0,18694.57,34607.67,,,,,,,,,,,,,,0.0,0.0,97932.65000000001,18694.57,0.0,,0.0,,0.0,,,,,,,,97932.65000000001,18694.57
195,GUJARAT,VALSAD,,2469.0480485042767,0.0,0.0,2469.0480485042767,238387.728139,0.0,0.0,238387.728139,62509.0,300896.728139,56040.73000000001,0.0,0.0,56040.73000000001,594.5,,0.0,594.5,12526.14,0.0,0.0,12526.14,3570.84,0.0,0.0,3570.84,182.74,,11.17,193.91000000000003,3008.7799999999997,,0.0,3008.7799999999997,,,,,,,,,75923.75,0.0,11.17,75934.92,,,,,,,,,,,,0.0,,,,0.0,,,,,,,,,,,,,,,,0.0,75923.75,0.0,11.17,75934.92,7592.3600000000015,0.0,1.12,7593.480000000001,68331.39,0.0,10.05,68341.44,4298.99323074722,,,4298.99323074722,307.80614699999995,,,307.80614699999995,13538.9,,,13538.9,18145.69,,,18145.69,26.55542350301962,,,26.55542350301962,4608.56,0.0,0.0,4608.56,49876.14,0.0,10.05,49876.14,,,,,,,,,,,,,,0.0,0.0,68331.39,10.05,0.0,,0.0,,0.0,,,,,,,,68331.39,10.05
196,HARYANA,AMBALA,,1065.56151208585,0.0,0.0,1065.56151208585,150904.89216542628,0.0,0.0,150904.89216542628,300.0,151204.89216542628,29138.919999999995,0.0,0.0,29138.919999999995,1396.9099999999999,,0.0,1396.9099999999999,2383.6439473381297,0.0,0.0,2383.65,10705.210000000001,0.0,0.0,10705.210000000001,235.58999999999997,,,235.58999999999997,25.675999999999995,,,25.675999999999995,,,,,,,,,43885.95,0.0,0.0,43885.95,,,,,,,,,,,,0.0,,,,0.0,0.0,0.0,0.0,0.0,0.0,0.0,0.0,0.0,0.0,0.0,0.0,0.0,0.0,0.0,0.0,0.0,43885.95,0.0,0.0,43885.95,4388.6,0.0,0.0,4388.6,39497.35,0.0,0.0,39497.35,7003.160000000001,,,7003.160000000001,7575.0,,,7575.0,34025.58,,,34025.58,48603.74,,,48603.74,123.05569867345531,,,123.05569867345531,7003.160000000001,0.0,0.0,7003.160000000001,2215.66,0.0,0.0,2215.66,,,,,,,4223.475,0.0,0.0,,,,,0.0,0.0,39497.34999999999,0.0,0.0,,0.0,,0.0,,,,,,,,39497.34999999999,0.0
197,HARYANA,BHIWANI,,440.9810312117626,0.0,0.0,358.8744986535213,267495.394498802,0.0,61200.0,328695.394498802,1032.0,329727.394498802,20541.38,0.0,0.0,20541.38,3999.86,,0.0,3999.86,7884.548529476371,0.0,0.0,7884.539999999999,13211.599999999999,0.0,0.0,13211.599999999999,366.51,,,366.51,0.0,,,0.0,,,,,,,,,46003.89,0.0,0.0,46003.89,,,,,,,,,,,,0.0,,,,0.0,0.0,0.0,0.0,0.0,0.0,0.0,0.0,0.0,0.0,0.0,0.0,0.0,0.0,0.0,0.0,0.0,46003.89,0.0,0.0,46003.89,4078.61,0.0,0.0,4078.61,41925.28,0.0,0.0,41925.28,750.0,,0.0,750.0,1912.0,,0.0,1912.0,42053.54,,8256.7,50310.24,44715.54,,8256.7,52972.240000000005,106.65531631512061,,0.0,106.65531631512064,780.08,0.0,0.0,780.08,8654.64,0.0,0.0,8654.64,,,,,,,687.5235,0.0,0.0,,,,,0.0,0.0,41925.28,0.0,0.0,,0.0,,0.0,,,,,,,,41925.28,0.0
198,HARYANA,CHARKHI DADRI,,542.395918192482,0.0,0.0,531.2245797896056,134335.6886869746,0.0,2825.0,137160.6886869746,189.0,137349.6886869746,11505.4,0.0,0.0,11505.4,179.35,,0.0,179.35,1732.977988727391,0.0,0.0,1732.98,7034.89,0.0,0.0,7034.89,267.93999999999994,,,267.93999999999994,0.0,,,0.0,,,,,,,,,20720.559999999998,0.0,0.0,20720.559999999998,,,,,,,,,,,,0.0,,,,0.0,0.0,0.0,0.0,0.0,0.0,0.0,0.0,0.0,0.0,0.0,0.0,0.0,0.0,0.0,0.0,0.0,20720.559999999998,0.0,0.0,20720.559999999998,2072.06,0.0,0.0,2072.06,18648.5,0.0,0.0,18648.5,1253.5,,0.0,1253.5,28.0,,0.0,28.0,22190.08,,1868.1299999999999,24058.210000000003,23471.579999999998,,1868.13,25339.71,125.8630989087594,,0.0,125.8630989087594,1265.99,0.0,0.0,1265.99,4903.34,0.0,0.0,4903.34,,,,,,,9790.5,0.0,0.0,,,,,0.0,0.0,18648.5,0.0,0.0,,0.0,,0.0,,,,,,,,18648.5,0.0
199,HARYANA,FARIDABAD,,683.2010658368391,0.0,0.0,601.5438395675418,57725.4180947312,0.0,7836.0,65561.4180947312,8717.0,74278.4180947312,6736.709999999999,0.0,0.0,6736.709999999999,757.6800000000001,,,757.6800000000001,613.3158676675827,0.0,0.0,613.31,4546.46,0.0,0.0,4546.46,73.83,,,73.83,295.176,,,295.176,55.41795,0.0,0.0,55.41795,0.0,0.0,0.0,0.0,13078.57,0.0,0.0,13078.57,,,,,,,,,,,,0.0,,,,0.0,0.0,0.0,0.0,0.0,0.0,0.0,0.0,0.0,0.0,0.0,0.0,0.0,0.0,0.0,0.0,0.0,13078.57,0.0,0.0,13078.57,1307.87,0.0,0.0,1307.87,11770.7,0.0,0.0,11770.7,4384.008,,0.0,4384.008,5076.0,,0.0,5076.0,14134.05,,988.85,15122.9,23594.05,,988.8499999999999,24582.9,200.44729710212644,,0.0,200.4472971021265,4409.5,0.0,0.0,4409.5,0.0,0.0,0.0,0.0,,,,,,,0.0,0.0,0.0,,,,,0.0,0.0,11770.7,0.0,0.0,,0.0,,0.0,,,,,,,,11770.7,0.0
200,HARYANA,FATEHABAD,,289.81890247001184,0.0,0.0,289.05909769590755,251850.3820935636,0.0,662.0,252512.3820935636,0.0,252512.3820935636,14905.39,0.0,0.0,14905.39,10409.83,,,10409.83,9056.64191835007,0.0,0.0,9056.64,36678.530000000006,0.0,0.0,36678.530000000006,333.53999999999996,,,333.53999999999996,88.71999999999998,,,88.71999999999998,,,,,,,,,71472.65,0.0,0.0,71472.65,,,,,,,,,,,,0.0,,,,0.0,0.0,0.0,0.0,0.0,0.0,0.0,0.0,0.0,0.0,0.0,0.0,0.0,0.0,0.0,0.0,0.0,71472.65,0.0,0.0,71472.65,6772.4800000000005,0.0,0.0,6772.4800000000005,64700.17,0.0,0.0,64700.17,1859.58,,0.0,1859.58,131.0,,0.0,131.0,116059.669,,0.0,116059.669,118050.26000000001,,0.0,118050.26000000001,182.4574185817441,,0.0,182.4574185817441,1859.58,0.0,0.0,1859.58,284.33,0.0,0.0,284.33,,,,,,,4700.43,0.0,0.0,,,,,0.0,0.0,64700.17,0.0,0.0,,0.0,,0.0,,,,,,,,64700.17,0.0
201,HARYANA,GURGAON,,564.7243768788898,0.0,0.0,559.4903868972614,121112.69042921941,0.0,1133.0,122245.69042921941,3789.0,126034.69042921941,12863.900000000001,0.0,0.0,12863.900000000001,227.87,,0.0,227.87,0.0,0.0,0.0,0.0,6652.21,0.0,0.0,6652.21,197.59,,,197.59,2372.64,0.0,,2372.64,15.8619241725,0.0,0.0,15.8619241725,0.0,0.0,0.0,0.0,22330.07,0.0,0.0,22330.07,,,,,,,,,0.0,0.0,0.0,0.0,,,,0.0,0.0,0.0,0.0,0.0,0.0,0.0,0.0,0.0,0.0,0.0,0.0,0.0,0.0,0.0,0.0,0.0,22330.07,0.0,0.0,22330.07,2145.93,0.0,0.0,2145.93,20184.14,0.0,0.0,20184.14,5124.379999999999,,0.0,5124.379999999999,17117.170000000002,,0.0,17117.170000000002,20951.93,,0.0,20951.93,43193.490000000005,,0.0,43193.490000000005,213.99717798231683,,0.0,213.99717798231683,5124.379999999999,0.0,0.0,5124.379999999999,0.0,0.0,0.0,0.0,,,,,,,0.0,0.0,0.0,,,,,0.0,0.0,20184.14,0.0,0.0,,0.0,,0.0,,,,,,,,20184.14,0.0
202,HARYANA,HISAR,,317.80747814589625,0.0,0.0,317.2701660342989,406838.29692163103,0.0,689.0,407527.29692163103,0.0,407527.29692163103,24448.9,0.0,0.0,24448.9,4235.74,,0.0,4235.74,15181.712158802378,0.0,0.0,15181.710000000001,15252.25,0.0,0.0,15252.25,1129.2600000000002,,,1129.2600000000002,0.0,,,0.0,,,,,,,,,60247.850000000006,0.0,0.0,60247.850000000006,,,,,,,,,,,,0.0,,,,0.0,0.0,0.0,0.0,0.0,0.0,0.0,0.0,0.0,0.0,0.0,0.0,0.0,0.0,0.0,0.0,0.0,60247.850000000006,0.0,0.0,60247.850000000006,4862.150000000001,0.0,0.0,4862.150000000001,55385.7,0.0,0.0,55385.7,366.2,,0.0,366.2,230.22,,0.0,230.22,48236.825,,1218.49,49455.315,48833.25,,1218.49,50051.740000000005,88.16941918220769,,0.0,88.1694191822077,366.2,0.0,0.0,366.2,14673.999999999996,0.0,0.0,14673.999999999996,,,,,,,0.0,0.0,0.0,,,,,0.0,0.0,55385.7,0.0,0.0,,0.0,,0.0,,,,,,,,55385.7,0.0
203,HARYANA,JHAJJAR,,456.41971731869097,0.0,0.0,362.5122569118629,153659.7872401574,0.0,39805.0,193464.78724015743,0.0,193464.78724015743,14806.880000000001,0.0,0.0,14806.880000000001,4029.18,,0.0,4029.18,11090.938844928885,0.0,0.0,11090.95,5598.259999999999,0.0,0.0,5598.259999999999,846.3299999999999,,,846.3299999999999,489.325,0.0,0.0,489.325,,,,,,,,,36860.939999999995,0.0,0.0,36860.939999999995,,,,,,,,,,,,0.0,,,,0.0,0.0,0.0,0.0,0.0,0.0,0.0,0.0,0.0,0.0,0.0,0.0,0.0,0.0,0.0,0.0,0.0,36860.939999999995,0.0,0.0,36860.939999999995,3467.56,0.0,0.0,3467.56,33393.38,0.0,0.0,33393.38,367.38,,0.0,367.38,115.0,,0.0,115.0,17595.93,,5166.47,22762.4,18078.31,,5166.47,23244.780000000002,54.137406875254925,,0.0,54.137406875254925,367.38,0.0,0.0,367.38,15315.07,0.0,0.0,15315.07,,,,,,,82895.37,0.0,0.0,,,,,0.0,0.0,33393.38,0.0,0.0,,0.0,,0.0,,,,,,,,33393.38,0.0
204,HARYANA,JIND,,550.8975278086168,0.0,0.0,536.7511770809102,268027.4501800258,0.0,7064.0,275091.4501800258,0.0,275091.4501800258,27084.379999999997,0.0,0.0,27084.379999999997,8536.55,,0.0,8536.55,22428.33314589115,0.0,0.0,22428.35,25405.57,0.0,0.0,25405.57,854.24,,,854.24,643.7960000000002,,,643.7960000000002,,,,,,,,,84952.89000000001,0.0,0.0,84952.89000000001,,,,,,,,,,,,0.0,,,,0.0,0.0,0.0,0.0,0.0,0.0,0.0,0.0,0.0,0.0,0.0,0.0,0.0,0.0,0.0,0.0,0.0,84952.89000000001,0.0,0.0,84952.89000000001,6438.12,0.0,0.0,6438.12,78514.77,0.0,0.0,78514.77,1729.7399999999998,,0.0,1729.7399999999998,612.26,,0.0,612.26,80311.67000000001,,7418.34,87730.01,82653.67,,7418.34,90072.01000000001,105.27149223006064,,0.0,105.27149223006067,2470.73,0.0,0.0,2470.73,7705.77,0.0,0.0,7705.77,,,,,,,21462.745670399996,0.0,0.0,,,,,0.0,0.0,78514.76999999999,0.0,0.0,,0.0,,0.0,,,,,,,,78514.76999999999,0.0
205,HARYANA,KAITHAL,,493.4044820655019,0.0,0.0,483.5500243526243,222872.1533544723,0.0,4542.0,227414.1533544723,0.0,227414.1533544723,18613.97,0.0,0.0,18613.97,175.44000000000003,,0.0,175.44000000000003,2767.2569000416947,0.0,0.0,2767.2400000000002,25161.899999999998,0.0,0.0,25161.899999999998,514.9300000000001,,,514.9300000000001,0.0,,,0.0,,,,,,,,,47233.479999999996,0.0,0.0,47233.479999999996,,,,,,,,,,,,0.0,,,,0.0,0.0,0.0,0.0,0.0,0.0,0.0,0.0,0.0,0.0,0.0,0.0,0.0,0.0,0.0,0.0,0.0,47233.479999999996,0.0,0.0,47233.479999999996,4471.870000000001,0.0,0.0,4471.870000000001,42761.61,0.0,0.0,42761.61,2695.09,,0.0,2695.09,633.75,,0.0,633.75,79545.65,,0.0,79545.65,82874.48999999999,,0.0,82874.48999999999,193.8058225590664,,0.0,193.8058225590664,3073.65,0.0,0.0,3073.65,0.0,0.0,0.0,0.0,,,,,,,0.0,0.0,0.0,,,,,0.0,0.0,42761.61,0.0,54579.41,,2902918.26,,2957497.6799999997,,,,,,,,42761.61,0.0
206,HARYANA,KARNAL,,644.8020290503625,0.0,0.0,644.3165712381216,246865.69919867272,0.0,186.0,247051.69919867272,0.0,247051.69919867272,31824.44,0.0,0.0,31824.44,18762.91,,0.0,18762.91,1353.4680378232163,0.0,0.0,1353.47,42377.92,0.0,0.0,42377.92,484.36000000000007,,,484.36000000000007,0.0,0.0,0.0,0.0,,,,,,,,,94803.09999999998,0.0,0.0,94803.09999999998,,,,,,,,,,,,0.0,,,,0.0,0.0,0.0,0.0,0.0,0.0,0.0,0.0,0.0,0.0,0.0,0.0,0.0,0.0,0.0,0.0,0.0,94803.09999999998,0.0,0.0,94803.09999999998,8804.789999999999,0.0,0.0,8804.789999999999,85998.31,0.0,0.0,85998.31,8629.27,,0.0,8629.27,7558.9,,0.0,7558.9,132525.442,,0.0,132525.442,148713.61,,0.0,148713.61,172.9262005264987,,0.0,172.9262005264987,8629.27,0.0,0.0,8629.27,524.28,0.0,0.0,524.28,,,,,,,0.0,0.0,0.0,,,,,0.0,0.0,85998.31,0.0,95686.98,,3660026.9699999997,,3755713.99,,,,,,,,85998.31,0.0
207,HARYANA,KURUKSHETRA,,624.2399999999999,0.0,0.0,624.2399999999999,168420.28138039692,0.0,0.0,168420.28138039692,0.0,168420.28138039692,18959.39,0.0,0.0,18959.39,93.88,,0.0,93.88,875.0201093685661,0.0,0.0,875.02,20906.489999999998,0.0,0.0,20906.489999999998,395.89,,,395.89,0.0,,,0.0,,,,,,,,,41230.67,0.0,0.0,41230.67,,,,,,,,,,,,0.0,,,,0.0,0.0,0.0,0.0,0.0,0.0,0.0,0.0,0.0,0.0,0.0,0.0,0.0,0.0,0.0,0.0,0.0,41230.67,0.0,0.0,41230.67,3906.58,0.0,0.0,3906.58,37324.09,0.0,0.0,37324.09,4635.75,,,4635.75,12575.879999999997,,,12575.879999999997,67254.48000000001,,,67254.48000000001,84466.11,,,84466.11,226.3045395078621,,,226.3045395078621,4635.75,0.0,0.0,4635.75,0.0,0.0,0.0,0.0,,,,,,,0.0,0.0,0.0,,,,,0.0,0.0,37324.09,0.0,0.0,,0.0,,0.0,,,,,,,,37324.09,0.0
208,HARYANA,MAHENDRAGARH,,338.64685533912075,0.0,0.0,332.91527126166005,188541.7636574411,0.0,3246.0,191787.7636574411,2295.0,194082.7636574411,10439.53,0.0,0.0,10439.53,541.54,,0.0,541.54,3830.1136859999992,0.0,0.0,3830.09,7036.42,0.0,0.0,7036.42,224.02000000000004,,,224.02000000000004,200.4,0.0,,200.4,,,,,,,,,22272.0,0.0,0.0,22272.0,,,,,,,,,,,,0.0,,,,0.0,0.0,0.0,0.0,0.0,0.0,0.0,0.0,0.0,0.0,0.0,0.0,0.0,0.0,0.0,0.0,0.0,22272.0,0.0,0.0,22272.0,2227.21,0.0,0.0,2227.21,20044.789999999997,0.0,0.0,20044.789999999997,3256.0,,0.0,3256.0,31.08,,0.0,31.08,26081.160000000003,,0.0,26081.160000000003,29368.239999999998,,0.0,29368.239999999998,146.51308394849735,,0.0,146.51308394849735,3256.0,0.0,0.0,3256.0,65.6,0.0,0.0,65.6,,,,,,,0.0,0.0,0.0,,,,,0.0,0.0,20044.789999999997,0.0,0.0,,0.0,,0.0,,,,,,,,20044.789999999997,0.0
209,HARYANA,MEWAT,,537.9379164138426,0.0,0.0,434.97601244936635,110702.22083456958,0.0,26204.0,136906.22083456957,13326.0,150232.22083456957,8845.0,0.0,0.0,8845.0,1690.1699999999998,,0.0,1690.1699999999998,858.8006710348029,0.0,0.0,858.7900000000001,3409.51,0.0,0.0,3409.51,1500.19,,,1500.19,1467.468,0.0,,1467.468,,,,,,,,,17771.12,0.0,0.0,17771.12,,,,,,,,,,,,0.0,,,,0.0,0.0,0.0,0.0,0.0,0.0,0.0,0.0,0.0,0.0,0.0,0.0,0.0,0.0,0.0,0.0,0.0,17771.12,0.0,0.0,17771.12,1777.13,0.0,0.0,1777.13,15993.99,0.0,0.0,15993.99,2062.3824999999997,,0.0,2062.3824999999997,19.91,,0.0,19.91,10747.5686964,,3241.7999999999997,13989.368696399999,12829.87,,3241.8,16071.67,80.21681894261533,,0.0,80.21681894261532,2062.38,0.0,0.0,2062.38,3950.2999999999997,0.0,0.0,3950.2999999999997,,,,,,,9531.85,0.0,0.0,,,,,0.0,0.0,15993.99,0.0,0.0,,0.0,,0.0,,,,,,,,15993.99,0.0
210,HARYANA,PALWAL,,499.74629213654384,0.0,0.0,441.5911527600985,120020.1707942799,0.0,15806.0,135826.1707942799,129.0,135955.1707942799,10391.869999999999,0.0,0.0,10391.869999999999,13146.349999999999,,0.0,13146.349999999999,5021.4382080863215,0.0,0.0,5021.4400000000005,9444.6,0.0,0.0,9444.6,491.81,,,491.81,121.716,,,121.716,,,,,,,,,38617.79,0.0,0.0,38617.79,,,,,,,,,,,,0.0,,,,0.0,0.0,0.0,0.0,0.0,0.0,0.0,0.0,0.0,0.0,0.0,0.0,0.0,0.0,0.0,0.0,0.0,38617.79,0.0,0.0,38617.79,3555.9,0.0,0.0,3555.9,35061.89,0.0,0.0,35061.89,2222.246,,0.0,2222.246,702.12,,0.0,702.12,30158.920000000002,,0.0,30158.920000000002,33083.299999999996,,0.0,33083.299999999996,94.35686439036799,,0.0,94.35686439036799,2222.25,0.0,0.0,2222.25,6807.299999999999,0.0,0.0,6807.299999999999,,,,,,,5885.049999999999,0.0,0.0,,,,,0.0,0.0,35061.89,0.0,0.0,,2200560.0,,2200560.0,,,,,,,,35061.89,0.0
211,HARYANA,PANCHKULA,,1379.0,0.0,0.0,1379.0,50671.513058537996,0.0,0.0,50671.513058537996,37615.240000000005,88286.75305853799,11871.71,0.0,0.0,11871.71,0.0,,0.0,0.0,0.0,0.0,0.0,0.0,2269.96,0.0,0.0,2269.96,73.79,,,73.79,0.0,,,0.0,,,,,,,,,14215.46,0.0,0.0,14215.46,,,,,,,,,,,,0.0,,,,0.0,0.0,0.0,0.0,0.0,0.0,0.0,0.0,0.0,0.0,0.0,0.0,0.0,0.0,0.0,0.0,0.0,14215.46,0.0,0.0,14215.46,911.26,0.0,0.0,911.26,13304.2,0.0,0.0,13304.2,1143.1799999999998,,,1143.1799999999998,90.0,,,90.0,7149.5,,,7149.5,8382.68,,,8382.68,63.007771981780195,,,63.007771981780195,1143.1799999999998,0.0,0.0,1143.1799999999998,4921.52,0.0,0.0,4921.52,,,,,,,0.0,0.0,0.0,,,,,0.0,0.0,13304.2,0.0,0.0,,0.0,,0.0,,,,,,,,13304.2,0.0
212,HARYANA,PANIPAT,,451.59900437869777,0.0,0.0,449.39427611408695,129637.18214,0.0,636.0,130273.18214,0.0,130273.18214,11459.99,0.0,0.0,11459.99,2688.21,,0.0,2688.21,1991.0871580157238,0.0,0.0,1991.1000000000001,16998.659999999996,0.0,0.0,16998.659999999996,290.99,,,290.99,73.76,,,73.76,,,,,,,,,33502.71,0.0,0.0,33502.71,,,,,,,,,,,,0.0,,,,0.0,0.0,0.0,0.0,0.0,0.0,0.0,0.0,0.0,0.0,0.0,0.0,0.0,0.0,0.0,0.0,0.0,33502.71,0.0,0.0,33502.71,3350.28,0.0,0.0,3350.28,30152.429999999997,0.0,0.0,30152.429999999997,2249.8,,0.0,2249.8,2440.0,,0.0,2440.0,55060.3535,,1605.12,56665.47350000001,59750.16,,1605.12,61355.28,198.16034727549325,,0.0,198.16034727549322,2249.7999999999997,0.0,0.0,2249.7999999999997,0.0,0.0,0.0,0.0,,,,,,,0.0,0.0,0.0,,,,,0.0,0.0,30152.429999999997,0.0,0.0,,0.0,,0.0,,,,,,,,30152.429999999997,0.0
213,HARYANA,REWARI,,550.0000000000001,0.0,0.0,541.9099833499162,144017.8079473088,0.0,2150.0,146167.8079473088,4720.0,150887.8079473088,13026.74,0.0,0.0,13026.74,413.06000000000006,,0.0,413.06000000000006,5326.391035291237,0.0,0.0,5326.379999999999,9179.88,0.0,0.0,9179.88,283.53,,,283.53,180.6,0.0,,180.6,,,,,,,,,28410.2,0.0,0.0,28410.2,,,,,,,,,,,,0.0,,,,0.0,0.0,0.0,0.0,0.0,0.0,0.0,0.0,0.0,0.0,0.0,0.0,0.0,0.0,0.0,0.0,0.0,28410.2,0.0,0.0,28410.2,2000.8600000000001,0.0,0.0,2000.8600000000001,26409.34,0.0,0.0,26409.34,2032.5600000000002,,0.0,2032.5600000000002,1452.0,,0.0,1452.0,31590.680000000004,,110.4,31701.08,35075.24,,110.4,35185.64,132.8137696739108,,0.0,132.8137696739108,2032.5600000000002,0.0,0.0,2032.5600000000002,359.53,0.0,0.0,359.53,,,,,,,0.0,0.0,0.0,,,,,0.0,0.0,26409.34,0.0,0.0,,0.0,,0.0,,,,,,,,26409.34,0.0
214,HARYANA,ROHTAK,,483.52368567802574,0.0,0.0,435.6716540269536,150389.1085271402,0.0,16518.0,166907.10852714023,0.0,166907.10852714023,14824.789999999999,0.0,0.0,14824.789999999999,2967.35,,0.0,2967.35,8031.906683791436,0.0,0.0,8031.9,5092.91,0.0,0.0,5092.91,487.12,,,487.12,2184.0,,,2184.0,,,,,,,,,33588.06,0.0,0.0,33588.06,,,,,,,,,,,,0.0,,,,0.0,0.0,0.0,0.0,0.0,0.0,0.0,0.0,0.0,0.0,0.0,0.0,0.0,0.0,0.0,0.0,0.0,33588.06,0.0,0.0,33588.06,3358.8199999999997,0.0,0.0,3358.8199999999997,30229.239999999998,0.0,0.0,30229.239999999998,471.18,,0.0,471.18,166.06,,0.0,166.06,16044.35,,5894.35,21938.699999999997,16681.589999999997,,5894.35,22575.940000000002,55.18362353800492,,0.0,55.183623538004944,471.18,0.0,0.0,471.18,13547.649999999998,0.0,0.0,13547.649999999998,,,,,,,76327.20000000001,0.0,0.0,,,,,0.0,0.0,30229.239999999998,0.0,0.0,,0.0,,0.0,,,,,,,,30229.239999999998,0.0
215,HARYANA,SIRSA,,343.99,0.0,0.0,283.6553849385974,352099.7477581738,0.0,74893.0,426992.7477581738,0.0,426992.7477581738,21273.100000000002,0.0,0.0,21273.100000000002,2476.69,,0.0,2476.69,10862.08445224186,0.0,0.0,10862.08,25415.71,0.0,0.0,25415.71,529.55,,,529.55,5.6000000000000005,,,5.6000000000000005,,,,,,,,,60562.729999999996,0.0,0.0,60562.729999999996,,,,,,,,,,,,0.0,,,,0.0,0.0,0.0,0.0,0.0,0.0,0.0,0.0,0.0,0.0,0.0,0.0,0.0,0.0,0.0,0.0,0.0,60562.729999999996,0.0,0.0,60562.729999999996,4546.83,0.0,0.0,4546.83,56015.9,0.0,0.0,56015.9,2456.13,,0.0,2456.13,266.07,,0.0,266.07,80452.79000000001,,37287.020000000004,117739.81,83174.99,,37287.020000000004,120462.01000000001,148.48460883427742,,0.0,148.48460883427742,2456.13,0.0,0.0,2456.13,2245.61,0.0,0.0,2245.61,,,,,,,3119.757,0.0,0.0,,,,,0.0,0.0,56015.9,0.0,0.0,,0.0,,0.0,,,,,,,,56015.9,0.0
216,HARYANA,SONIPAT,,540.8252395266178,0.0,0.0,500.5094742645384,199641.3264966241,0.0,16081.0,215722.3264966241,0.0,215722.3264966241,21225.74,0.0,0.0,21225.74,7558.030000000001,,0.0,7558.030000000001,14970.78242099309,0.0,0.0,14970.779999999999,15790.73,0.0,0.0,15790.73,672.81,,,672.81,39.120000000000005,,,39.120000000000005,,,,,,,,,60257.21,0.0,0.0,60257.21,,,,,,,,,,,,0.0,,,,0.0,0.0,0.0,0.0,0.0,0.0,0.0,0.0,0.0,0.0,0.0,0.0,0.0,0.0,0.0,0.0,0.0,60257.21,0.0,0.0,60257.21,5712.5599999999995,0.0,0.0,5712.5599999999995,54544.65,0.0,0.0,54544.65,2813.01,,0.0,2813.01,939.29,,0.0,939.29,51059.46,,7235.9,58295.36,54811.759999999995,,7235.9,62047.659999999996,100.48970888987279,,0.0,100.48970888987279,2813.01,0.0,0.0,2813.01,10433.17,0.0,0.0,10433.17,,,,,,,43373.759999999995,0.0,0.0,,,,,0.0,0.0,54544.65,0.0,0.0,,0.0,,0.0,,,,,,,,54544.65,0.0
217,HARYANA,YAMUNA NAGAR,,900.9999999999999,0.0,0.0,900.9999999999999,143277.2635817391,0.0,0.0,143277.2635817391,28500.0,171777.2635817391,25963.16,0.0,0.0,25963.16,11768.009999999998,,0.0,11768.009999999998,2150.061389496673,0.0,0.0,2150.0699999999997,22777.21,0.0,0.0,22777.21,196.17999999999998,,,196.17999999999998,0.0,0.0,,0.0,,,,,,,,,62854.63,0.0,0.0,62854.63,,,,,,,,,,,,0.0,,,,0.0,0.0,0.0,0.0,0.0,0.0,0.0,0.0,0.0,0.0,0.0,0.0,0.0,0.0,0.0,0.0,0.0,62854.63,0.0,0.0,62854.63,5661.93,0.0,0.0,5661.93,57192.7,0.0,0.0,57192.7,4928.26,,,4928.26,2340.0,,,2340.0,71959.70499999999,,,71959.70499999999,79227.95999999999,,,79227.95999999999,138.52809886576435,,,138.52809886576435,4928.26,0.0,0.0,4928.26,3456.7599999999998,0.0,0.0,3456.7599999999998,,,,,,,312.375,0.0,0.0,,,,,0.0,0.0,57192.7,0.0,0.0,,0.0,,0.0,,,,,,,,57192.7,0.0
218,HIMACHAL PRADESH,BLS,,0.0,1589.5,0.0,1589.5,0.0,10700.0,0.0,10700.0,28800.0,39500.0,0.0,3032.24,0.0,3032.24,,,,,0.0,0.0,0.0,0.0,0.0,83.02,0.0,83.02,,,,,,,,,,,,,,,,,0.0,3115.26,0.0,3115.26,,,,,,,,,,,,0.0,,,,0.0,,,,,,,,,,,,,,,,0.0,0.0,3115.26,0.0,3115.26,0.0,311.52,0.0,311.52,0.0,2803.74,0.0,2803.74,,632.73,,632.73,,0.0,,0.0,,262.91999999999996,,262.91999999999996,,895.6500000000001,,895.6500000000001,,31.944830833101506,,31.944830833101506,0.0,632.73,0.0,632.73,0.0,1908.09,0.0,1908.09,,,,,,,,,,,,,,0.0,0.0,2803.74,0.0,0.0,,0.0,,0.0,,,,,,,,2803.74,0.0
219,HIMACHAL PRADESH,KNG,,0.0,1110.7,0.0,1110.7,0.0,2900.0,0.0,2900.0,3678.64077669903,6578.640776699029,0.0,590.02,0.0,590.02,0.0,,0.0,0.0,0.0,80.07825,0.0,80.08,0.0,74.91,0.0,74.91,0.0,20.95,0.0,20.95,0.0,0.0,0.0,0.0,,,,,,,,,0.0,765.96,0.0,765.96,,,,,,,,,,,,0.0,,,,0.0,,,,,,,,,,,,,,,,0.0,0.0,765.96,0.0,765.96,0.0,38.3,0.0,38.3,0.0,727.66,0.0,727.66,,103.94,,103.94,,6.139999999999999,,6.139999999999999,,299.62,,299.62,,409.7,,409.7,,56.30376824341039,,56.30376824341039,0.0,103.94,0.0,103.94,0.0,317.96,0.0,317.96,,,,,,,,,,,,,,0.0,0.0,727.66,0.0,0.0,,0.0,,0.0,,,,,,,,727.66,0.0
220,HIMACHAL PRADESH,LAS,,0.0,1573.1999999999998,0.0,1573.1999999999998,0.0,8200.0,0.0,8200.0,0.0,8200.0,0.0,1666.89,0.0,1666.89,0.0,,0.0,0.0,0.0,0.0,0.0,0.0,0.0,25.45,0.0,25.45,0.0,0.0,0.0,0.0,0.0,0.0,0.0,0.0,,,,,,,,,0.0,1692.34,0.0,1692.34,,,,,,,,,,,,0.0,,,,0.0,,,,,,,,,,,,,,,,0.0,0.0,1692.34,0.0,1692.34,0.0,169.23000000000002,0.0,169.23000000000002,0.0,1523.1100000000001,0.0,1523.1100000000001,,202.85070000000002,,202.85070000000002,,118.924,,118.924,,101.79999999999998,,101.79999999999998,,423.58,,423.58,,27.810204121829674,,27.810204121829674,0.0,202.85,0.0,202.85,0.0,1099.53,0.0,1099.53,,,,,,,,,,,,,,0.0,0.0,1523.11,0.0,0.0,,0.0,,0.0,,,,,,,,1523.11,0.0
221,JAMMU AND KASHMIR,Anantnag,,1235.1,1235.1,0.0,1235.1,27940.0,37771.0,0.0,65711.0,291689.0,357400.0,7591.92,10263.22,0.0,17855.14,,,,,3450.02,6324.5,0.0,9774.52,0.0,0.0,0.0,0.0,0.0,,,0.0,,,,,,,,,,,,,11041.939999999999,16587.72,0.0,27629.66,,,,,,,,,,,,0.0,,,,0.0,0.0,0.0,0.0,0.0,0.0,0.0,0.0,0.0,0.0,0.0,0.0,0.0,0.0,0.0,0.0,0.0,11041.939999999999,16587.72,0.0,27629.66,1104.19,1658.77,0.0,2762.96,9937.75,14928.95,0.0,24866.699999999997,1734.48,3363.84,,5098.320000000001,0.0,34.82949936,,34.82949936,210.40000000000003,210.40000000000003,,420.80000000000007,1944.8799999999999,3609.0699999999997,,5553.95,19.570627154033858,24.1749754671293,,22.334889631515242,1734.48,3363.84,0.0,5098.32,7992.87,11319.88,0.0,19312.75,,,,,,,0.0,0.0,0.0,0.0,0.0,0.0,,0.0,0.0,24866.7,0.0,0.0,,0.0,,0.0,,0.0,,0.0,,0.0,,24866.7,0.0
222,JAMMU AND KASHMIR,Baramulla,,0.0,1535.1,0.0,1535.1,0.0,112500.0,0.0,112500.0,311800.0,424300.0,0.0,37993.72,0.0,37993.72,,,,,0.0,26379.010000000002,0.0,26379.010000000002,0.0,0.0,0.0,0.0,,,,,,,,,,,,,,,,,0.0,64372.73,0.0,64372.73,,,,,,,,,,,,0.0,,,,0.0,0.0,0.0,0.0,0.0,0.0,0.0,0.0,0.0,0.0,0.0,0.0,0.0,0.0,0.0,0.0,0.0,0.0,64372.73,0.0,64372.73,0.0,6437.27,0.0,6437.27,0.0,57935.46000000001,0.0,57935.46000000001,,7295.328000000001,,7295.328000000001,,20.896120000000003,,20.896120000000003,,714.816,,714.816,,8031.049999999999,,8031.049999999999,,13.862063061206381,,13.862063061206381,0.0,7295.33,0.0,7295.33,0.0,49904.41,0.0,49904.41,,,,[],[],[],0.0,0.0,0.0,0.0,0.0,0.0,,0.0,0.0,57935.46,0.0,64.67,,100761.84,,100826.51,,0.0,,0.0,,0.0,,57935.46,0.0
223,JAMMU AND KASHMIR,Budgam,,0.0,721.8000000000001,0.0,721.8000000000001,0.0,58000.0,0.0,58000.0,78100.0,136100.0,0.0,9210.17,0.0,9210.17,,,,,0.0,22229.61,0.0,22229.61,0.0,0.0,0.0,0.0,,,,,,,,,,,,,,,,,0.0,31439.78,0.0,31439.78,,,,,,,,,,,,0.0,,,,0.0,0.0,0.0,0.0,0.0,0.0,0.0,0.0,0.0,0.0,0.0,0.0,0.0,0.0,0.0,0.0,0.0,0.0,31439.78,0.0,31439.78,0.0,3143.9800000000005,0.0,3143.9800000000005,0.0,28295.800000000003,0.0,28295.800000000003,,5686.992,,5686.992,,29.296800000000005,,29.296800000000005,,188.9642,,188.9642,,5905.25,,5905.25,,20.869705044564917,,20.869705044564917,0.0,5686.99,0.0,5686.99,0.0,22390.55,0.0,22390.55,,,,[],[],[],0.0,0.0,0.0,0.0,0.0,0.0,,0.0,0.0,28295.8,0.0,95.54,,72276.01,,72371.55,,0.0,,0.0,,0.0,,28295.8,0.0
224,JAMMU AND KASHMIR,Ganderbal,,0.0,721.8000000000001,0.0,721.8000000000001,0.0,2400.0,0.0,2400.0,23500.0,25900.0,0.0,381.11,0.0,381.11,,,,,0.0,816.72,0.0,816.72,0.0,0.0,0.0,0.0,,,,,,,,,,,,,,,,,0.0,1197.83,0.0,1197.83,,,,,,,,,,,,0.0,,,,0.0,0.0,0.0,0.0,0.0,0.0,0.0,0.0,0.0,0.0,0.0,0.0,0.0,0.0,0.0,0.0,0.0,0.0,1197.83,0.0,1197.83,0.0,119.78999999999999,0.0,119.78999999999999,0.0,1078.04,0.0,1078.04,,126.144,,126.144,,10.426,,10.426,,420.48,,420.48,,557.06,,557.06,,51.67340729472004,,51.67340729472004,0.0,553.82,0.0,553.82,0.0,93.3,0.0,93.3,,,,[],[],[],0.0,0.0,0.0,0.0,0.0,0.0,,0.0,0.0,1078.04,0.0,3.32,,4993.59,,4996.91,,0.0,,0.0,,0.0,,1078.04,0.0
225,JAMMU AND KASHMIR,Kathua,,1338.6999999999998,1338.6999999999998,0.0,1338.6999999999998,20808.0,56692.0,0.0,77500.0,172700.0,250200.0,5209.21,19200.51,0.0,24409.72,41.480000000000004,,,41.480000000000004,11449.43,11979.599999999999,0.0,23429.03,0.0,0.0,0.0,0.0,,,,,,,,,,,,,,,,,16700.12,31180.11,0.0,47880.229999999996,,,,,,,,,,,,0.0,,,,0.0,0.0,0.0,0.0,0.0,0.0,0.0,0.0,0.0,0.0,0.0,0.0,0.0,0.0,0.0,0.0,0.0,16700.12,31180.11,0.0,47880.229999999996,1670.02,3118.02,0.0,4788.04,15030.1,28062.089999999997,0.0,43092.19,6349.248000000001,934.4295649999999,,7283.677565,1292.976,0.0,,1292.976,2701.5840000000003,1874.88,,4576.464,10343.8,2809.31,,13153.11,68.8205667294296,10.011050495526172,,30.523187612418862,6349.25,1001.02,0.0,7350.27,4686.3,25186.19,0.0,29872.489999999998,,,,[],[],[],4457.652442635047,0.0,0.0,0.0,0.0,0.0,,0.0,0.0,43092.19,0.0,4.59,,1714.05,,1718.64,,0.0,,0.0,,0.0,,43092.19,0.0
226,JAMMU AND KASHMIR,Kulgam,,0.0,1235.1,0.0,1235.1,0.0,14400.0,0.0,14400.0,26600.0,41000.0,0.0,3912.8,0.0,3912.8,,,,,0.0,9908.779999999999,0.0,9908.779999999999,0.0,0.0,0.0,0.0,,,,,,,,,,,,,,,,,0.0,13821.580000000002,0.0,13821.580000000002,,,,,,,,,,,,0.0,,,,0.0,0.0,0.0,0.0,0.0,0.0,0.0,0.0,0.0,0.0,0.0,0.0,0.0,0.0,0.0,0.0,0.0,0.0,13821.580000000002,0.0,13821.580000000002,0.0,1382.16,0.0,1382.16,0.0,12439.42,0.0,12439.42,,1776.8103275,,1776.8103275,,29.160000000000004,,29.160000000000004,,147.28,,147.28,,1953.25,,1953.25,,15.70209865090173,,15.70209865090173,0.0,1776.81,0.0,1776.81,0.0,10486.17,0.0,10486.17,,,,[],[],[],0.0,0.0,0.0,0.0,0.0,0.0,,0.0,0.0,12439.42,0.0,0.0,,0.0,,0.0,,0.0,,0.0,,0.0,,12439.42,0.0
227,JAMMU AND KASHMIR,Kupwarar,,0.0,1069.1,0.0,1069.1,0.0,60000.0,0.0,60000.0,177900.0,237900.0,0.0,14112.119999999999,0.0,14112.119999999999,,,,,0.0,22870.61,0.0,22870.61,0.0,0.0,0.0,0.0,,,,,,,,,,,,,,,,,0.0,36982.73,0.0,36982.73,,,,,,,,,,,,0.0,,,,0.0,0.0,0.0,0.0,0.0,0.0,0.0,0.0,0.0,0.0,0.0,0.0,0.0,0.0,0.0,0.0,0.0,0.0,36982.73,0.0,36982.73,0.0,3698.2699999999995,0.0,3698.2699999999995,0.0,33284.46,0.0,33284.46,,5939.280000000001,,5939.280000000001,,35.0,,35.0,,31.536000000000005,,31.536000000000005,,6005.81,,6005.81,,18.0438859455734,,18.0438859455734,0.0,5939.28,0.0,5939.28,0.0,27278.65,0.0,27278.65,,,,[],[],[],0.0,0.0,0.0,0.0,0.0,0.0,,0.0,0.0,33284.46,0.0,0.0,,0.0,,0.0,,0.0,,0.0,,0.0,,33284.46,0.0
228,JAMMU AND KASHMIR,Ramban,,0.0,1350.1999999999998,0.0,1350.1999999999998,0.0,1831.0,0.0,1831.0,131069.0,132900.0,0.0,543.89,0.0,543.89,,,,,0.0,1015.18,0.0,1015.18,0.0,0.0,0.0,0.0,,,,,,,,,,,,,,,,,0.0,1559.0700000000002,0.0,1559.0700000000002,,,,,,,,,,,,0.0,,,,0.0,0.0,0.0,0.0,0.0,0.0,0.0,0.0,0.0,0.0,0.0,0.0,0.0,0.0,0.0,0.0,0.0,0.0,1559.0700000000002,0.0,1559.0700000000002,0.0,155.9,0.0,155.9,0.0,1403.17,0.0,1403.17,,381.07554625,,381.07554625,,17.5,,17.5,,59.5,,59.5,,458.08000000000004,,458.08000000000004,,32.64607994754734,,32.64607994754734,0.0,409.66,0.0,409.66,0.0,916.51,0.0,916.51,,,,[],[],[],0.0,0.0,0.0,0.0,0.0,0.0,,0.0,0.0,1403.17,0.0,0.0,,0.0,,0.0,,0.0,,0.0,,0.0,,1403.17,0.0
229,JAMMU AND KASHMIR,Reasi,,2198.3,2198.3,0.0,2198.3,1294.0,5706.0,0.0,7000.0,164900.0,171900.0,625.81,2759.57,0.0,3385.38,11.27,,,11.27,307.23,3395.07,0.0,3702.3,0.0,0.0,0.0,0.0,,,,,,,,,,,,,,,,,944.31,6154.639999999999,0.0,7098.95,,,,,,,,,,,,0.0,,,,0.0,0.0,0.0,0.0,0.0,0.0,0.0,0.0,0.0,0.0,0.0,0.0,0.0,0.0,0.0,0.0,0.0,944.31,6154.639999999999,0.0,7098.95,94.43,615.47,0.0,709.9000000000001,849.8800000000001,5539.17,0.0,6389.05,470.53664749999996,676.7723237499999,,1147.30897125,0.0,73.584,,73.584,0.0,178.704,,178.704,470.53999999999996,929.0600000000001,,1399.6,55.365463359533095,16.772548955890503,,21.906230190716926,518.5,676.77,0.0,1195.27,331.38,4610.11,0.0,4941.49,,,,[],[],[],0.0,0.0,0.0,0.0,0.0,0.0,,0.0,0.0,6389.05,0.0,0.0,,0.0,,0.0,,0.0,,0.0,,0.0,,6389.05,0.0
230,JAMMU AND KASHMIR,Udhampur,,2198.3,2198.3,0.0,2198.3,4827.0,17020.0,0.0,21847.0,241853.0,263700.0,2103.25,7061.93,0.0,9165.18,16.8,,0.0,16.8,480.0,8027.5,0.0,8507.5,0.0,0.0,0.0,0.0,0.0,34.13,0.0,34.13,0.0,0.0,0.0,0.0,,,,,,,,,2600.05,15123.56,0.0,17723.61,,,,,,,,,,,,0.0,,,,0.0,0.0,0.0,0.0,0.0,0.0,0.0,0.0,0.0,0.0,0.0,0.0,0.0,0.0,0.0,0.0,0.0,2600.05,15123.56,0.0,17723.61,130.0,1512.35,0.0,1642.35,2470.0499999999997,13611.21,0.0,16081.259999999998,893.35356,1965.7440000000001,,2859.09756,0.0,120.313,,120.313,0.0,872.4960000000001,,872.4960000000001,893.3599999999999,2958.55,,3851.91,36.167688913179894,21.73612779466337,,23.952787281593608,958.0,1965.74,0.0,2923.74,1512.04,10652.66,0.0,12164.7,,,,[],[],[],0.0,0.0,0.0,0.0,0.0,0.0,,0.0,0.0,16081.259999999998,0.0,0.0,,0.0,,0.0,,0.0,,0.0,,0.0,,16081.259999999998,0.0
231,JHARKHAND,BOKARO,,0.0,1211.5,0.0,1208.8364292436834,577.0,261866.0,0.0,262443.0,23495.0,285938.0,0.0,19997.570000000003,0.0,19997.570000000003,0.0,,0.0,0.0,0.0,826.49,0.0,826.49,0.0,693.98,0.0,693.98,0.0,330.62,0.0,330.62,0.0,672.102,0.0,672.102,,,,,,,,,0.0,22520.76,0.0,22520.76,,,,,,,,,,,,0.0,,,,0.0,,,,,,,,,,,,,,,,0.0,0.0,22520.76,0.0,22520.76,0.0,1756.14,0.0,1756.14,0.0,20764.62,0.0,20764.62,0.0,4384.1225655,,4384.1225655,0.0,2057.9241,,2057.9241,0.0,2393.0,,2393.0,0.0,8835.070000000002,,8835.070000000002,0.0,42.54867173105023,,42.54867173105023,0.0,4406.129999999999,0.0,4406.129999999999,0.0,12501.03,0.0,12501.03,,,,,,,,,,,,,,121362.70000000001,0.0,142127.32000000004,0.0,0.0,,0.0,,0.0,,,,,,,,142127.32000000004,0.0
232,JHARKHAND,CHATRA,,0.0,1151.0,0.0,1148.250338099955,779.0,325308.0,0.0,326087.0,67102.0,393189.0,0.0,23394.809999999998,0.0,23394.809999999998,0.0,,0.0,0.0,0.2,1931.97,0.0,1932.1699999999998,0.0,1833.4599999999998,0.0,1833.4599999999998,0.0,63.9,0.0,63.9,0.0,224.0,0.0,224.0,,,,,,,,,0.2,27448.16,0.0,27448.360000000004,,,,,,,,,,,,0.0,,,,0.0,,,,,,,,,,,,,,,,0.0,0.2,27448.16,0.0,27448.360000000004,0.02,2102.72,0.0,2102.74,0.18,25345.440000000002,0.0,25345.620000000003,0.0,1930.7704117499995,,1930.7704117499995,0.0,869.9447711250002,,869.9447711250002,0.0,6112.0,,6112.0,0.0,8912.73,,8912.73,0.0,35.16502376758896,,35.164774031962914,0.0,1940.46,0.0,1940.46,0.18,16423.01,0.0,16423.19,,,,,,,,,,,,,,147678.86000000002,0.0,173024.47999999998,0.0,0.0,,0.0,,0.0,,,,,,,,173024.47999999998,0.0
233,JHARKHAND,DEOGHAR,,0.0,1309.6000000000001,0.0,1309.0231381556177,84.0,190614.0,0.0,190698.0,64407.0,255105.0,0.0,13600.919999999998,0.0,13600.919999999998,0.0,,0.0,0.0,0.0,854.64,0.0,854.64,0.0,1626.03,0.0,1626.03,0.0,369.71000000000004,0.0,369.71000000000004,0.0,2.55,0.0,2.55,,,,,,,,,0.0,16453.85,0.0,16453.85,,,,,,,,,,,,0.0,,,,0.0,,,,,,,,,,,,,,,,0.0,0.0,16453.85,0.0,16453.85,0.0,1008.03,0.0,1008.03,0.0,15445.820000000002,0.0,15445.820000000002,0.0,2873.248902,,2873.248902,0.0,35.555600000000005,,35.555600000000005,0.0,5334.0,,5334.0,0.0,8242.789999999999,,8242.789999999999,0.0,53.365829719626404,,53.365829719626404,0.0,2887.67,0.0,2887.67,0.0,7188.619999999999,0.0,7188.619999999999,,,,,,,,,,,,,,86642.81,0.0,102088.63,0.0,0.0,,0.0,,0.0,,,,,,,,102088.63,0.0
234,JHARKHAND,DHANBAD,,0.0,1393.6,0.0,1388.3265797554548,748.0,196925.0,0.0,197673.0,50178.0,247851.0,0.0,20193.64,0.0,20193.64,,,,,0.8999999999999999,456.18,0.0,457.08,0.0,843.59,0.0,843.59,0.0,585.1100000000001,0.0,585.1100000000001,0.0,5669.608,0.0,5669.608,,,,,,,,,0.8999999999999999,27748.1,0.0,27749.0,,,,,,,,,,,,0.0,,,,0.0,,,,,,,,,,,,,,,,0.0,0.8999999999999999,27748.1,0.0,27749.0,0.09,2320.63,0.0,2320.72,0.81,25427.47,0.0,25428.28,0.0,5891.168711250001,,5891.168711250001,0.0,10049.827099999999,,10049.827099999999,0.0,2962.0,,2962.0,0.0,18902.97,,18902.97,0.0,74.3407425119369,,74.33837443979697,0.0,5920.740000000001,0.0,5920.740000000001,0.81,6640.23,0.0,6641.04,,,,,,,,,,,,,,89112.62999999999,0.0,114540.91,0.0,0.0,,0.0,,0.0,,,,,,,,114540.91,0.0
235,JHARKHAND,DUMKA,,0.0,1475.5,0.0,1422.6505578123945,10078.0,271289.0,0.0,281367.0,90276.0,371643.0,0.0,23170.939999999995,0.0,23170.939999999995,0.0,,0.0,0.0,97.01,2585.7400000000002,0.0,2682.7499999999995,0.0,1125.1599999999999,0.0,1125.1599999999999,0.0,663.6500000000001,0.0,663.6500000000001,0.0,0.014,0.0,0.014,,,,,,,,,97.01,27545.510000000002,0.0,27642.520000000004,,,,,,,,,,,,0.0,,,,0.0,,,,,,,,,,,,,,,,0.0,97.01,27545.510000000002,0.0,27642.520000000004,9.7,2327.79,0.0,2337.49,87.30999999999999,25217.72,0.0,25305.030000000002,0.0,2453.33704275,,2453.33704275,0.0,23.615625,,23.615625,0.0,3749.75,,3749.75,0.0,6226.699999999999,,6226.699999999999,0.0,24.691764362519685,,24.606570314281385,0.0,2465.65,0.0,2465.65,87.31,18978.7,0.0,19066.010000000002,,,,,,,,,,,,,,131602.99000000002,0.0,156908.01999999996,0.0,0.0,,0.0,,0.0,,,,,,,,156908.01999999996,0.0
236,JHARKHAND,EAST SINGHBHUM,,0.0,1441.2,0.0,1438.3634555545375,494.0,250499.0,0.0,250993.0,112342.0,363335.0,0.0,24469.02,0.0,24469.02,0.0,,0.0,0.0,0.0,460.39,0.0,460.39,0.0,545.35,0.0,545.35,0.0,242.66000000000005,0.0,242.66000000000005,0.0,1571.308,0.0,1571.308,,,,,,,,,0.0,27288.72,0.0,27288.72,,,,,,,,,,,,0.0,,,,0.0,,,,,,,,,,,,,,,,0.0,0.0,27288.72,0.0,27288.72,0.0,2251.1,0.0,2251.1,0.0,25037.62,0.0,25037.62,0.0,4995.33574275,,4995.33574275,0.0,758.044075,,758.044075,0.0,1860.0,,1860.0,0.0,7613.399999999999,,7613.399999999999,0.0,30.407842278938652,,30.407842278938652,0.0,5020.410000000001,0.0,5020.410000000001,0.0,18355.49,0.0,18355.49,,,,,,,,,,,,,,136960.19999999998,0.0,161997.82,0.0,0.0,,0.0,,0.0,,,,,,,,161997.82,0.0
237,JHARKHAND,GARHWA,,0.0,1113.8999999999999,0.0,1088.730182791975,6590.0,285053.0,0.0,291643.0,112832.0,404475.0,0.0,25694.32,0.0,25694.32,0.0,,0.0,0.0,5.21,1537.5100000000002,0.0,1542.7200000000003,0.0,2228.42,0.0,2228.42,0.0,970.25,0.0,970.25,0.0,1.2,0.0,1.2,,,,,,,,,5.21,30431.690000000002,0.0,30436.9,,,,,,,,,,,,0.0,,,,0.0,,,,,,,,,,,,,,,,0.0,5.21,30431.690000000002,0.0,30436.9,0.52,2687.7599999999998,0.0,2688.2799999999997,4.6899999999999995,27743.930000000008,0.0,27748.620000000003,0.0,2328.12663975,,2328.12663975,0.0,60.52900000000001,,60.52900000000001,0.0,7531.875,,7531.875,0.0,9920.52,,9920.52,0.0,35.757443159638875,,35.75139952905766,0.0,2339.790000000001,0.0,2339.790000000001,4.69,17811.75,0.0,17816.44,,,,,,,,,,,,,,130462.23,0.0,158210.85,0.0,0.0,,0.0,,0.0,,,,,,,,158210.85,0.0
238,JHARKHAND,GIRIDIH,,0.0,1242.1000000000001,0.0,1241.5919593981992,180.0,439899.0,0.0,440079.0,68411.0,508490.0,0.0,36186.799999999996,0.0,36186.799999999996,0.0,,0.0,0.0,12.809999999999999,2607.94,0.0,2620.7500000000005,0.0,2255.72,0.0,2255.72,0.0,583.1599999999999,0.0,583.1599999999999,0.0,96.474,0.0,96.474,,,,,,,,,12.809999999999999,41730.12,0.0,41742.92999999999,,,,,,,,,,,,0.0,,,,0.0,,,,,,,,,,,,,,,,0.0,12.809999999999999,41730.12,0.0,41742.92999999999,1.2999999999999998,3204.82,0.0,3206.1200000000003,11.510000000000002,38525.3,0.0,38536.810000000005,0.0,4567.279218749999,,4567.279218749999,0.0,955.95735,,955.95735,0.0,9022.875,,9022.875,0.0,14546.1,,14546.1,0.0,37.75726600441787,,37.745988835090394,0.0,4590.2,0.0,4590.2,11.510000000000002,23956.29,0.0,23967.8,,,,,,,,,,,,,,184161.44999999995,0.0,222698.25999999998,0.0,0.0,,0.0,,0.0,,,,,,,,222698.25999999998,0.0
239,JHARKHAND,GODDA,,0.0,1216.3999999999999,0.0,1180.230078965397,4948.0,161454.0,0.0,166402.0,44707.0,211109.0,0.0,20272.609999999997,0.0,20272.609999999997,0.0,,0.0,0.0,73.70999999999998,1624.6799999999998,0.0,1698.3899999999999,0.0,559.58,0.0,559.58,0.0,435.58000000000004,0.0,435.58000000000004,0.0,96.03,0.0,96.03,,,,,,,,,73.70999999999998,22988.49,0.0,23062.2,,,,,,,,,,,,0.0,,,,0.0,,,,,,,,,,,,,,,,0.0,73.70999999999998,22988.49,0.0,23062.2,7.370000000000001,1678.9099999999999,0.0,1686.2800000000002,66.33999999999999,21309.579999999998,0.0,21375.920000000002,0.0,2422.25371575,,2422.25371575,0.0,258.59942500000005,,258.59942500000005,0.0,1869.0,,1869.0,0.0,4549.84,,4549.84,0.0,21.351148169039465,,21.284885048222485,0.0,2434.4300000000003,0.0,2434.4300000000003,66.33999999999999,16747.57,0.0,16813.91,,,,,,,,,,,,,,74861.73,0.0,96237.65,0.0,0.0,,0.0,,0.0,,,,,,,,96237.65,0.0
240,JHARKHAND,GUMLA,,0.0,1382.0000000000002,0.0,1369.14797538779,3786.0,403329.0,0.0,407115.0,127611.0,534726.0,0.0,32531.06,0.0,32531.06,0.0,,0.0,0.0,12.879999999999997,520.93,0.0,533.81,0.0,1101.53,0.0,1101.53,0.0,70.63,0.0,70.63,0.0,0.0,0.0,0.0,,,,,,,,,12.879999999999997,34224.18,0.0,34237.060000000005,,,,,,,,,,,,0.0,,,,0.0,,,,,,,,,,,,,,,,0.0,12.879999999999997,34224.18,0.0,34237.060000000005,1.2800000000000002,2821.8300000000004,0.0,2823.1100000000006,11.6,31402.35,0.0,31413.95,0.0,1801.03689225,,1801.03689225,0.0,12.53865,,12.53865,0.0,3789.5,,3789.5,0.0,5603.049999999999,,5603.049999999999,0.0,17.84277291349214,,17.83618424298759,0.0,1810.09,0.0,1810.09,11.6,25790.25,0.0,25801.85,,,,,,,,,,,,,,210483.37000000002,0.0,241897.31999999998,0.0,0.0,,0.0,,0.0,,,,,,,,241897.31999999998,0.0
241,JHARKHAND,HAZARIBAGH,,0.0,1347.2,0.0,1338.2571731573005,2341.0,350321.0,0.0,352662.0,78384.0,431046.0,0.0,30235.440000000006,0.0,30235.440000000006,0.0,,0.0,0.0,0.0,1195.04,0.0,1195.04,0.0,2377.67,0.0,2377.67,0.0,838.4500000000002,0.0,838.4500000000002,0.0,192.05200000000002,0.0,192.05200000000002,,,,,,,,,0.0,34838.659999999996,0.0,34838.659999999996,,,,,,,,,,,,0.0,,,,0.0,,,,,,,,,,,,,,,,0.0,0.0,34838.659999999996,0.0,34838.659999999996,0.0,3199.8,0.0,3199.8,0.0,31638.86,0.0,31638.86,0.0,3323.5859385,,3323.5859385,0.0,470.25293875,,470.25293875,0.0,7851.375,,7851.375,0.0,11645.2,,11645.2,0.0,36.806635890167975,,36.806635890167975,0.0,3340.24,0.0,3340.24,0.0,19977.0,0.0,19977.0,,,,,,,,,,,,,,155196.78000000003,0.0,186835.64,0.0,0.0,,0.0,,0.0,,,,,,,,186835.64,0.0
242,JHARKHAND,JAMTARA,,0.0,1443.8000000000002,0.0,1443.8000000000002,0.0,98346.0,0.0,98346.0,82083.0,180429.0,0.0,6834.42,0.0,6834.42,0.0,,0.0,0.0,15.600000000000001,1364.0099999999998,0.0,1379.6099999999997,0.0,661.27,0.0,661.27,0.0,275.0,0.0,275.0,0.0,0.168,0.0,0.168,,,,,,,,,15.600000000000001,9134.86,0.0,9150.460000000001,,,,,,,,,,,,0.0,,,,0.0,,,,,,,,,,,,,,,,0.0,15.600000000000001,9134.86,0.0,9150.460000000001,1.56,726.17,0.0,727.73,14.04,8408.69,0.0,8422.73,,1482.955434,,1482.955434,,10.15625,,10.15625,,2280.25,,2280.25,,3773.33,,3773.33,,44.87417183889523,,44.79937027543326,0.0,1490.39,0.0,1490.39,14.04,4627.92,0.0,4641.96,,,,,,,,,,,,,,44925.840000000004,0.0,53348.57000000001,0.0,0.0,,0.0,,0.0,,,,,,,,53348.57000000001,0.0
243,JHARKHAND,KHUNTI,,0.0,1432.5,0.0,1409.2375827071046,2712.0,164293.0,0.0,167005.0,93012.0,260017.0,0.0,12100.12,0.0,12100.12,0.0,,0.0,0.0,0.0,178.74999999999997,0.0,178.74999999999997,0.0,698.2900000000001,0.0,698.2900000000001,0.0,520.42,0.0,520.42,0.0,0.026,0.0,0.026,,,,,,,,,0.0,13497.609999999999,0.0,13497.609999999999,,,,,,,,,,,,0.0,,,,0.0,,,,,,,,,,,,,,,,0.0,0.0,13497.609999999999,0.0,13497.609999999999,0.0,962.1700000000001,0.0,962.1700000000001,0.0,12535.439999999999,0.0,12535.439999999999,0.0,993.201354,,993.201354,0.0,12.593750000000002,,12.593750000000002,0.0,2385.0,,2385.0,0.0,3390.8,,3390.8,0.0,27.04970866599019,,27.04970866599019,0.0,998.18,0.0,998.18,0.0,9139.67,0.0,9139.67,,,,,,,,,,,,,,85259.75999999998,0.0,97795.20000000001,0.0,0.0,,0.0,,0.0,,,,,,,,97795.20000000001,0.0
244,JHARKHAND,KODERMA,,0.0,1129.6,0.0,1129.6,0.0,90902.0,0.0,90902.0,58768.0,149670.0,0.0,5389.220000000001,0.0,5389.220000000001,0.0,,0.0,0.0,1.12,163.94,0.0,165.06,0.0,772.9099999999999,0.0,772.9099999999999,0.0,59.98,0.0,59.98,0.0,0.0,0.0,0.0,,,,,,,,,1.12,6386.0599999999995,0.0,6387.18,,,,,,,,,,,,0.0,,,,0.0,,,,,,,,,,,,,,,,0.0,1.12,6386.0599999999995,0.0,6387.18,0.11,502.65,0.0,502.76,1.01,5883.41,0.0,5884.42,,1390.6265669999998,,1390.6265669999998,,50.30745,,50.30745,,2468.875,,2468.875,,3909.8199999999997,,3909.8199999999997,,66.45499803685277,,66.44359172186893,0.0,1397.61,0.0,1397.61,1.01,1966.6099999999997,0.0,1967.6199999999997,,,,,,,,,,,,,,43595.40000000001,0.0,49479.82,0.0,0.0,,0.0,,0.0,,,,,,,,49479.82,0.0
245,JHARKHAND,LATEHAR,,0.0,1283.8729091727569,0.0,1279.4589955264496,820.0,237693.0,0.0,238513.0,122748.0,361261.0,0.0,20195.15,0.0,20195.15,0.0,,0.0,0.0,0.0,1689.4699999999998,0.0,1689.4699999999998,0.0,1497.97,0.0,1497.97,0.0,1193.95,0.0,1193.95,0.0,32.0,0.0,32.0,,,,,,,,,0.0,24608.54,0.0,24608.54,,,,,,,,,,,,0.0,,,,0.0,,,,,,,,,,,,,,,,0.0,0.0,24608.54,0.0,24608.54,0.0,2121.88,0.0,2121.88,0.0,22486.659999999996,0.0,22486.659999999996,0.0,1351.16238375,,1351.16238375,0.0,105.73747499999999,,105.73747499999999,0.0,5109.0,,5109.0,0.0,6565.909999999998,,6565.909999999998,0.0,29.19913406437416,,29.19913406437416,0.0,1357.9599999999998,0.0,1357.9599999999998,0.0,15913.949999999997,0.0,15913.949999999997,,,,,,,,,,,,,,100245.43,0.0,122732.09,0.0,0.0,,0.0,,0.0,,,,,,,,122732.09,0.0
246,JHARKHAND,LOHARDAGA,,0.0,1252.7,0.0,1238.588306954211,1437.0,126126.0,0.0,127563.0,21683.0,149246.0,0.0,18749.229999999996,0.0,18749.229999999996,0.0,,0.0,0.0,0.0,176.92,0.0,176.92,0.0,539.02,0.0,539.02,0.0,379.59000000000003,0.0,379.59000000000003,0.0,0.02,0.0,0.02,,,,,,,,,0.0,19844.79,0.0,19844.79,,,,,,,,,,,,0.0,,,,0.0,,,,,,,,,,,,,,,,0.0,0.0,19844.79,0.0,19844.79,0.0,1855.75,0.0,1855.75,0.0,17989.04,0.0,17989.04,0.0,874.40146425,,874.40146425,0.0,8.170013749999999,,8.170013749999999,0.0,1833.5,,1833.5,0.0,2716.0699999999997,,2716.0699999999997,0.0,15.09847106905093,,15.09847106905093,0.0,878.78,0.0,878.78,0.0,15268.58,0.0,15268.58,,,,,,,,,,,,,,84014.39,0.0,102003.43000000002,0.0,0.0,,0.0,,0.0,,,,,,,,102003.43000000002,0.0
247,JHARKHAND,PAKUR,,0.0,1674.8,0.0,1660.183401560751,1115.0,126644.0,0.0,127759.0,52800.0,180559.0,0.0,24281.050000000003,0.0,24281.050000000003,0.0,,0.0,0.0,0.0,1400.6499999999999,0.0,1400.6499999999999,0.0,571.6999999999999,0.0,571.6999999999999,0.0,361.82000000000005,0.0,361.82000000000005,0.0,0.014,0.0,0.014,,,,,,,,,0.0,26615.25,0.0,26615.25,,,,,,,,,,,,0.0,,,,0.0,,,,,,,,,,,,,,,,0.0,0.0,26615.25,0.0,26615.25,0.0,2661.53,0.0,2661.53,0.0,23953.719999999998,0.0,23953.719999999998,0.0,1525.58077275,,1525.58077275,0.0,28.456749999999996,,28.456749999999996,0.0,1911.5,,1911.5,0.0,3465.53,,3465.53,0.0,14.467606701589567,,14.467606701589567,0.0,1533.24,0.0,1533.24,0.0,20480.54,0.0,20480.54,,,,,,,,,,,,,,60575.86,0.0,84529.58,0.0,0.0,,0.0,,0.0,,,,,,,,84529.58,0.0
248,JHARKHAND,PALAMAU,,0.0,1044.1000000000001,0.0,1023.8939788797275,6722.0,340622.0,0.0,347344.0,104315.0,451659.0,0.0,25382.690000000002,0.0,25382.690000000002,0.0,,0.0,0.0,18.6,6201.820000000001,0.0,6220.42,0.0,1773.6399999999999,0.0,1773.6399999999999,0.0,652.98,0.0,652.98,0.0,228.088,0.0,228.088,,,,,,,,,18.6,34239.17,0.0,34257.77,,,,,,,,,,,,0.0,,,,0.0,,,,,,,,,,,,,,,,0.0,18.6,34239.17,0.0,34257.77,1.8599999999999999,2886.6599999999994,0.0,2888.52,16.740000000000002,31352.51,0.0,31369.25,0.0,3663.161480249999,,3663.161480249999,0.0,217.35559999999998,,217.35559999999998,0.0,7094.5,,7094.5,0.0,10975.0,,10975.0,0.0,35.00517183472711,,34.98649154825187,0.0,3681.5499999999993,0.0,3681.5499999999993,16.740000000000002,20359.120000000003,0.0,20375.860000000004,,,,,,,,,,,,,,151829.87,0.0,183199.12,0.0,0.0,,0.0,,0.0,,,,,,,,183199.12,0.0
249,JHARKHAND,RAMGARH,,0.0,1309.2,0.0,1307.764512389118,122.0,111145.0,0.0,111267.0,28298.0,139565.0,0.0,8561.17,0.0,8561.17,0.0,,0.0,0.0,0.0,165.39,0.0,165.39,0.0,431.9200000000001,0.0,431.9200000000001,0.0,191.76,0.0,191.76,0.0,1674.744,0.0,1674.744,,,,,,,,,0.0,11024.989999999998,0.0,11024.989999999998,,,,,,,,,,,,0.0,,,,0.0,,,,,,,,,,,,,,,,0.0,0.0,11024.989999999998,0.0,11024.989999999998,0.0,734.36,0.0,734.36,0.0,10290.63,0.0,10290.63,0.0,1996.01445375,,1996.01445375,0.0,2958.2302250000002,,2958.2302250000002,0.0,1457.0,,1457.0,0.0,6411.24,,6411.24,0.0,62.30172496727606,,62.30172496727606,0.0,2006.0399999999997,0.0,2006.0399999999997,0.0,3909.66,0.0,3909.66,,,,,,,,,,,,,,52474.479999999996,0.0,62765.11,0.0,0.0,,0.0,,0.0,,,,,,,,62765.11,0.0
250,JHARKHAND,RANCHI,,0.0,1327.6,0.0,1314.0618196779121,3817.0,370491.0,0.0,374308.0,123913.0,498221.0,0.0,34325.01999999999,0.0,34325.01999999999,0.0,,0.0,0.0,40.53,647.4199999999998,0.0,687.9499999999998,0.0,2899.5600000000004,0.0,2899.5600000000004,0.0,997.0600000000001,0.0,997.0600000000001,0.0,1430.84,0.0,1430.84,,,,,,,,,40.53,40299.880000000005,0.0,40340.41,,,,,,,,,,,,0.0,,,,0.0,,,,,,,,,,,,,,,,0.0,40.53,40299.880000000005,0.0,40340.41,4.05,3296.88,0.0,3300.9299999999994,36.480000000000004,37003.0,0.0,37039.48,0.0,6107.66138025,,6107.66138025,0.0,1694.9850666666664,,1694.9850666666664,0.0,9584.625,,9584.625,0.0,17387.250000000007,,17387.250000000007,0.0,46.98875766829719,,46.94247867410667,0.0,6138.3,0.0,6138.3,36.48,19585.089999999997,0.0,19621.569999999996,,,,,,,,,,,,,,174033.22,0.0,211072.7,0.0,0.0,,0.0,,0.0,,,,,,,,211072.7,0.0
251,JHARKHAND,SAHEBGANJ,,0.0,1574.0,0.0,1564.2458198218671,709.0,113700.0,0.0,114409.0,55796.0,170205.0,0.0,26413.78,0.0,26413.78,0.0,,0.0,0.0,2.65,3145.7300000000005,0.0,3148.3800000000006,0.0,640.05,0.0,640.05,0.0,522.8000000000001,0.0,522.8000000000001,0.0,0.088,0.0,0.088,,,,,,,,,2.65,30722.419999999995,0.0,30725.07,,,,,,,,,,,,0.0,,,,0.0,,,,,,,,,,,,,,,,0.0,2.65,30722.419999999995,0.0,30725.07,0.26,2931.2200000000007,0.0,2931.4800000000005,2.39,27791.2,0.0,27793.59,0.0,2189.558277,,2189.558277,0.0,50.291875,,50.291875,0.0,2207.0,,2207.0,0.0,4446.84,,4446.84,0.0,16.000892368807392,,15.999516435264391,0.0,2200.55,0.0,2200.55,2.39,23333.36,0.0,23335.75,,,,,,,,,,,,,,158095.13,0.0,185888.72000000003,0.0,0.0,,0.0,,0.0,,,,,,,,185888.72000000003,0.0
252,JHARKHAND,SARAIKELA KHARSAWAN,,0.0,1306.1,0.0,1285.7228795716,3164.0,199637.0,0.0,202801.0,65416.0,268217.0,0.0,16496.62,0.0,16496.62,0.0,,0.0,0.0,1.34,743.8199999999999,0.0,745.1600000000001,0.0,318.85,0.0,318.85,0.0,0.9800000000000001,0.0,0.9800000000000001,0.0,251.76399999999998,0.0,251.76399999999998,,,,,,,,,1.34,17812.019999999997,0.0,17813.36,,,,,,,,,,,,0.0,,,,0.0,,,,,,,,,,,,,,,,0.0,1.34,17812.019999999997,0.0,17813.36,0.14,1542.62,0.0,1542.76,1.2000000000000002,16269.4,0.0,16270.599999999999,0.0,2099.895516,,2099.895516,0.0,527.18308125,,527.18308125,0.0,1099.5,,1099.5,0.0,3726.6,,3726.6,0.0,22.905577341512288,,22.90388799429646,0.0,2110.44,0.0,2110.44,1.2000000000000002,12532.25,0.0,12533.45,,,,,,,,,,,,,,122811.38000000002,0.0,139081.99,0.0,0.0,,0.0,,0.0,,,,,,,,139081.99,0.0
253,JHARKHAND,SIMDEGA,,0.0,1553.1,0.0,1547.7380712483011,1067.0,307993.0,0.0,309060.0,66169.0,375229.0,0.0,24814.44,0.0,24814.44,0.0,,0.0,0.0,0.0,137.85000000000002,0.0,137.85000000000002,0.0,477.49,0.0,477.49,0.0,580.8,0.0,580.8,0.0,0.0,0.0,0.0,,,,,,,,,0.0,26010.579999999998,0.0,26010.579999999998,,,,,,,,,,,,0.0,,,,0.0,,,,,,,,,,,,,,,,0.0,0.0,26010.579999999998,0.0,26010.579999999998,0.0,2059.51,0.0,2059.51,0.0,23951.07,0.0,23951.07,0.0,1114.4897955000001,,1114.4897955000001,0.0,0.0,,0.0,0.0,2034.0,,2034.0,0.0,3148.4700000000003,,3148.4700000000003,0.0,13.145425235699282,,13.145425235699282,0.0,1120.1,0.0,1120.1,0.0,20796.99,0.0,20796.99,,,,,,,,,,,,,,146105.77000000002,0.0,170056.84,0.0,0.0,,0.0,,0.0,,,,,,,,170056.84,0.0
254,JHARKHAND,WEST SINGHBHUM,,0.0,1337.9999999999998,0.0,1329.251869154112,3846.0,584388.0,0.0,588234.0,133986.0,722220.0,0.0,49004.130000000005,0.0,49004.130000000005,0.0,,0.0,0.0,181.55,864.8500000000001,0.0,1046.4,0.0,567.16,0.0,567.16,0.0,837.6500000000001,0.0,837.6500000000001,0.0,0.392,0.0,0.392,,,,,,,,,181.55,51274.17,0.0,51455.719999999994,,,,,,,,,,,,0.0,,,,0.0,,,,,,,,,,,,,,,,0.0,181.55,51274.17,0.0,51455.719999999994,18.160000000000004,4371.15,0.0,4389.31,163.39,46903.020000000004,0.0,47066.41,0.0,2865.27571425,,2865.27571425,0.0,29.838275000000003,,29.838275000000003,0.0,2025.5,,2025.5,0.0,4920.63,,4920.63,0.0,10.491072856289424,,10.454653329200166,0.0,2879.6600000000003,0.0,2879.6600000000003,163.39000000000001,41968.01,0.0,42131.4,,,,,,,,,,,,,,260796.43999999997,0.0,307862.8500000001,0.0,0.0,,0.0,,0.0,,,,,,,,307862.8500000001,0.0
255,KARNATAKA,Bagalkot,,726.4756719230683,649.6766038590426,0.0,682.4917733059615,268498.0,359882.0,0.0,628380.0,27812.0,656192.0,9993.93,13385.82,0.0,23379.75,1932.27,,,1932.27,29465.87,2868.44,0.0,32334.309999999998,4454.04,8587.76,0.0,13041.8,144.91,126.16,0.0,271.07000000000005,519.85,598.156,0.0,1118.0059999999996,,,,,,,,,46510.89,25566.32,0.0,72077.21,,,,,,,,,,,,0.0,,,,0.0,,,,,,,,,,,,,,,,0.0,46510.89,25566.32,0.0,72077.21,4651.110000000001,2556.63,0.0,7207.74,41859.78,23009.689999999995,0.0,64869.469999999994,2187.465075,2208.278835,,4395.74391,12.774999999999999,15.5125,,28.2875,14563.279999999999,34026.16,,48589.44,16763.510000000002,36249.96,,53013.48,40.0468182107025,157.54214854698176,,81.72331298529187,2289.87,2311.64,0.0,4601.509999999999,25406.42,1860.3400000000001,0.0,27266.76,,,,,,,,,,,,,,0.0,0.0,64869.469999999994,0.0,0.0,,0.0,,0.0,,,,,,,,64869.469999999994,0.0
256,KARNATAKA,Ballari,,582.9988519111166,693.2093889411861,0.0,618.8174010550931,253726.0,122165.0,0.0,375891.0,46726.0,422617.0,8365.37,7704.460000000001,0.0,16069.83,1525.2299999999998,,0.0,1525.2299999999998,46817.16,2598.3599999999997,0.0,49415.520000000004,0.0,1317.4,0.0,1317.4,72.83,257.34,0.0,330.16999999999996,52.339999999999996,70.638,0.0,122.97799999999998,,,,,,,,,56832.93,11948.2,0.0,68781.13,,,,,,,,,,,,0.0,,,,0.0,,,,,,,,,,,,,,,,0.0,56832.93,11948.2,0.0,68781.13,5683.299999999999,1194.81,0.0,6878.109999999999,51149.630000000005,10753.39,0.0,61903.020000000004,1297.994166,637.813629,,1935.8077949999997,14.690000000000001,358.90999999999997,,373.59999999999997,9107.5,5578.599999999999,,14686.099999999999,10420.169999999998,6575.32,,16995.49,20.371936219284475,61.146484968926075,,27.4550256191055,1380.2800000000002,728.6800000000001,0.0,2108.96,40690.79,4396.2,0.0,45086.99,,,,,,,,,,,,,,0.0,0.0,61903.020000000004,0.0,0.0,,0.0,,0.0,,,,,,,,61903.020000000004,0.0
257,KARNATAKA,Belagavi,,586.2299646590419,1060.6257218430928,0.0,881.2487496938824,489899.0,805730.0,0.0,1295629.0,44262.0,1339891.0,17046.19,50986.38,0.0,68032.57,3305.0699999999993,,0.0,3305.0699999999993,31605.070000000003,2931.0099999999998,0.0,34536.08,7000.28,11167.369999999999,0.0,18167.649999999998,402.92,832.89,0.0,1235.8100000000002,320.136,334.122,0.0,654.26,,,,,,,,,59679.62,66251.76,0.0,125931.38,,,,,,,,,,,,0.0,,,,0.0,,,,,,,,,,,,,,,,0.0,59679.62,66251.76,0.0,125931.38,5967.970000000001,5822.480000000001,0.0,11790.460000000001,53711.65,60429.28,0.0,114140.93000000001,4272.1741455,8091.39042675,,12363.56457225,58.10825,166.70000000000002,,224.80825000000004,26230.44,38464.13,,64694.57000000001,30560.719999999998,46722.25,,77282.97,56.897749370946514,77.31723760402242,,67.70837595243003,4773.2,9155.52,0.0,13928.72,23020.43,17915.320000000003,0.0,40935.75,,,,,,,,,,,,,,0.0,0.0,114140.93000000001,0.0,0.0,,0.0,,0.0,,,,,,,,114140.93000000001,0.0
258,KARNATAKA,Bengaluru (Rural),,0.0,834.6499277892789,0.0,834.6499277892789,0.0,223651.0,0.0,223651.0,6386.0,230037.0,0.0,12799.75,0.0,12799.75,0.0,,,0.0,0.0,0.0,0.0,0.0,0.0,6075.82,0.0,6075.82,0.0,1207.96,0.0,1207.96,0.0,592.6800000000001,0.0,592.6800000000001,,,,,,,,,0.0,20676.21,0.0,20676.21,,,,,,,,,,,,0.0,,,,0.0,,,,,,,,,,,,,,,,0.0,0.0,20676.21,0.0,20676.21,0.0,1865.3500000000001,0.0,1865.3500000000001,0.0,18810.86,0.0,18810.86,,2581.2840149999997,,2581.2840149999997,,820.2788549999999,,820.2788549999999,,25567.5,,25567.5,,28969.06,,28969.06,,154.00178407579452,,154.00178407579452,0.0,2771.15,0.0,2771.15,0.0,0.0,0.0,0.0,,,,,,,,,,,,,,0.0,0.0,18810.86,0.0,0.0,,0.0,,0.0,,,,,,,,18810.86,0.0
259,KARNATAKA,Bengaluru (Urban),,0.0,779.3917690798306,0.0,779.3917690798306,0.0,213026.0,0.0,213026.0,6533.0,219559.0,0.0,13303.289999999999,0.0,13303.289999999999,0.0,,,0.0,0.0,0.0,0.0,0.0,0.0,3927.9700000000003,0.0,3927.9700000000003,0.0,1903.45,0.0,1903.45,0.0,4514.334,0.0,4514.334,0.0,68.8025,0.0,68.8025,0.0,0.0,0.0,0.0,0.0,23717.85,0.0,23717.85,,,,,,,,,,,,0.0,,,,0.0,,,,,,,,,,,,,,,,0.0,0.0,23717.85,0.0,23717.85,0.0,2371.7799999999997,0.0,2371.7799999999997,0.0,21346.069999999996,0.0,21346.069999999996,,3536.0341155,,3536.0341155,,8025.9,,8025.9,,20636.4,,20636.4,,32198.34,,32198.34,,150.83966275759428,,150.83966275759428,0.0,3659.66,0.0,3659.66,0.0,0.0,0.0,0.0,,,,,,,,,,,,,,0.0,0.0,21346.069999999996,0.0,0.0,,0.0,,0.0,,,,,,,,21346.069999999996,0.0
260,KARNATAKA,Bengaluru South,,839.7975595313624,890.6644229194542,0.0,886.2751746363111,23643.0,250355.0,0.0,273998.0,78812.0,352810.0,1465.91,15488.59,0.0,16954.5,417.38,,,417.38,880.0699999999999,6853.68,0.0,7733.75,696.07,5736.62,0.0,6432.6900000000005,57.60999999999999,1520.03,0.0,1577.64,1482.6,10662.3,0.0,12144.9,,,,,,,,,4999.64,40261.22,0.0,45260.86,,,,,,,,,,,,0.0,,,,0.0,,,,,,,,,,,,,,,,0.0,4999.64,40261.22,0.0,45260.86,499.95000000000005,4026.1300000000006,0.0,4526.080000000001,4499.69,36235.090000000004,0.0,40734.780000000006,248.58405299999998,2844.022695,,3092.6067479999997,0.0,722.88,,722.88,4514.2,30682.223972602736,,35196.42397260274,4762.78,34249.12,,39011.899999999994,105.84684722725343,94.51920776242034,,95.77049391208197,250.04000000000002,3045.85,0.0,3295.89,641.6600000000001,3582.87,0.0,4224.53,,,,,,,,,,,,,,0.0,0.0,40734.780000000006,0.0,0.0,,0.0,,0.0,,,,,,,,40734.780000000006,0.0
261,KARNATAKA,Bidar,,868.4776086082958,852.2181837653012,0.0,852.8859867892627,22397.0,522917.0,0.0,545314.0,139.0,545453.0,1241.9099999999999,29983.43,0.0,31225.339999999997,642.25,,0.0,642.25,1834.43,496.59000000000003,0.0,2331.02,400.91,2582.25,0.0,2983.1500000000005,25.150000000000002,345.68999999999994,0.0,370.84,0.0,74.032,0.0,74.032,,,,,,,,,4144.66,33481.98,0.0,37626.64,,,,,,,,,,,,0.0,,,,0.0,,,,,,,,,,,,,,,,0.0,4144.66,33481.98,0.0,37626.64,395.68999999999994,3348.2,0.0,3743.8900000000003,3748.97,30133.78,0.0,33882.74999999999,429.02319,3835.9561485000004,,4264.979338499999,0.0,0.0,,0.0,2082.27,13518.130000000001,,15600.4,2511.28,17354.09,,19865.370000000003,66.98586545104389,57.59015297782091,,58.629745224339835,443.47,3972.56,0.0,4416.03,1264.9500000000003,12643.09,0.0,13908.04,,,,,,,,,,,,,,0.0,0.0,33882.75,0.0,0.0,,0.0,,0.0,,,,,,,,33882.75,0.0
262,KARNATAKA,Chamarajanagara,,1275.212154807753,1153.9590700811016,0.0,1180.5635972737853,79195.0,281745.0,0.0,360940.0,202986.0,563926.0,6597.910000000001,19629.53,0.0,26227.439999999995,201.45,,,201.45,5550.759999999999,1281.28,0.0,6832.04,1407.27,3494.3999999999996,0.0,4901.67,204.25999999999996,471.49,0.0,675.7500000000001,275.032,806.288,0.0,1081.3200000000002,,,,,,,,,14236.689999999999,25683.01,0.0,39919.700000000004,,,,,,,,,,,,0.0,,,,0.0,,,,,,,,,,,,,,,,0.0,14236.689999999999,25683.01,0.0,39919.700000000004,1423.67,2254.67,0.0,3678.34,12813.019999999999,23428.34,0.0,36241.36,585.0771149999999,2107.92892875,,2693.00604375,1.33444,25.689429999999998,,27.02387,9471.570246575342,22793.12,,32264.690246575345,10057.99,24926.72,,34984.71,78.4981994877086,106.39558756616987,,96.53255286225462,671.38,2501.9399999999996,0.0,3173.3199999999997,2668.7300000000005,1208.23,0.0,3876.9600000000005,,,,,,,,,,,,,,0.0,0.0,36241.36,0.0,0.0,,0.0,,0.0,,,,,,,,36241.36,0.0
263,KARNATAKA,Chikkaballapura,,0.0,877.0975503504853,0.0,877.0975503504853,0.0,373482.0,0.0,373482.0,51623.0,425105.0,0.0,22009.480000000003,0.0,22009.480000000003,0.0,,,0.0,0.0,0.0,0.0,0.0,0.0,6931.719999999999,0.0,6931.719999999999,0.0,3541.12,0.0,3541.12,0.0,2355.84,,2355.84,,,,,,,,,0.0,34838.14,0.0,34838.14,,,,,,,,,,,,0.0,,,,0.0,,,,,,,,,,,,,,,,0.0,0.0,34838.14,0.0,34838.14,0.0,3483.8199999999997,0.0,3483.8199999999997,0.0,31354.320000000003,0.0,31354.320000000003,,3008.4216149999993,,3008.4216149999993,,95.51998,,95.51998,,45125.53999999999,,45125.53999999999,,48229.520000000004,,48229.520000000004,,153.82097267617348,,153.82097267617348,0.0,3173.6800000000003,0.0,3173.6800000000003,0.0,0.0,0.0,0.0,,,,,,,,,,,,,,0.0,0.0,31354.320000000003,0.0,0.0,,0.0,,0.0,,,,,,,,31354.320000000003,0.0
264,KARNATAKA,Chikkamagaluru,,1203.2,1486.6450048150014,0.0,1477.0365180616493,14356.0,409138.0,0.0,423494.0,297454.0,720948.0,1105.48,33906.509999999995,0.0,35011.99,1155.0,,,1155.0,2094.6800000000003,11427.57,0.0,13522.25,0.0,8870.829999999998,0.0,8870.829999999998,17.59,1635.58,0.0,1653.17,0.0,9616.188,0.0,9616.188,,,,,,,,,4372.75,65456.689999999995,0.0,69829.43999999999,,,,,,,,,,,,0.0,,,,0.0,,,,,,,,,,,,,,,,0.0,4372.75,65456.689999999995,0.0,69829.43999999999,437.27,6545.679999999999,0.0,6982.95,3935.48,58911.009999999995,0.0,62846.490000000005,70.256733,2405.757924,,2476.014657,0.0,0.152354,,0.152354,495.65999999999997,30464.550000000003,,30960.21,565.9200000000001,32870.44,,33436.36,14.37994857044122,55.796768719463486,,53.20322582852279,75.1,2550.44,0.0,2625.5399999999995,3364.72,28013.870000000003,0.0,31378.590000000004,,,,,,,,,,,,,,0.0,0.0,62846.49,0.0,0.0,,0.0,,0.0,,,,,,,,62846.49,0.0
265,KARNATAKA,Chitradurga,,517.0,567.6271244661402,0.0,566.713831154797,14440.0,786021.0,0.0,800461.0,43012.0,843473.0,418.07,29881.94,0.0,30300.01,498.49,,,498.49,3268.41,0.0,0.0,3268.41,0.0,5368.93,0.0,5368.93,0.0,5957.500000000001,0.0,5957.500000000001,40.44,1043.04,0.0,1083.48,,,,,,,,,4225.41,42251.41,0.0,46476.82,,,,,,,,,,,,0.0,,,,0.0,,,,,,,,,,,,,,,,0.0,4225.41,42251.41,0.0,46476.82,422.53999999999996,4225.15,0.0,4647.69,3802.87,38026.26,0.0,41829.130000000005,194.133645,3684.05523,,3878.188875,0.0,95.60999999999999,,95.60999999999999,4411.5,46932.0,,51343.5,4605.63,50711.65,,55317.28,121.10932006616058,133.35955205692068,,132.24582964073122,204.02,3869.85,0.0,4073.87,0.0,937.46,0.0,937.46,,,,,,,,,,,,,,0.0,0.0,41829.130000000005,0.0,0.0,,0.0,,0.0,,,,,,,,41829.130000000005,0.0
266,KARNATAKA,Dakshina Kannada,,0.0,4074.7798201128508,0.0,4074.7798201128503,0.0,330867.0,0.0,330867.0,153627.0,484494.0,0.0,62356.450000000004,0.0,62356.450000000004,0.0,,,0.0,0.0,168.52000000000004,0.0,168.52000000000004,0.0,7798.85,0.0,7798.85,0.0,582.83,0.0,582.83,0.0,2422.846,0.0,2422.846,,,,,,,,,0.0,73329.5,0.0,73329.5,,,,,,,,,,,,0.0,,,,0.0,,,,,,,,,,,,,,,,0.0,0.0,73329.5,0.0,73329.5,0.0,7332.959999999999,0.0,7332.959999999999,0.0,65996.54,0.0,65996.54,,5139.79668375,,5139.79668375,,40.159124999999996,,40.159124999999996,,24371.360000000004,,24371.360000000004,,29551.309999999998,,29551.309999999998,,44.77705952463569,,44.77705952463569,0.0,5501.600000000001,0.0,5501.600000000001,0.0,36083.43,0.0,36083.43,,,,,,,,,,,,,,0.0,0.0,65996.54000000001,0.0,0.0,,0.0,,0.0,,,,,,,,65996.54000000001,0.0
267,KARNATAKA,Davanagere,,743.280655561526,726.4463885649399,0.0,732.5659672031878,148880.0,260672.0,0.0,409552.0,38412.0,447964.0,6196.9400000000005,12328.96,0.0,18525.9,571.79,,,571.79,34250.369999999995,0.0,0.0,34250.369999999995,0.0,7402.490000000001,0.0,7402.490000000001,32.7,468.27000000000004,0.0,500.9700000000001,320.742,1035.83,0.0,1356.5720000000001,,,,,,,,,41372.55,21235.56,0.0,62608.11,,,,,,,,,,,,0.0,,,,0.0,,,,,,,,,,,,,,,,0.0,41372.55,21235.56,0.0,62608.11,4137.25,2123.5799999999995,0.0,6260.82,37235.3,19111.98,0.0,56347.28,2330.697645,1291.0976369999998,,3621.795282,140.63969999999966,87.40799999999996,,228.04769999999962,16205.05,30040.75,,46245.799999999996,18676.4,31419.26,,50095.67,50.157780385816686,164.39563038471158,,88.9052142357182,2402.04,1330.22,0.0,3732.2599999999998,18487.559999999998,0.0,0.0,18487.559999999998,,,,,,,,,,,,,,0.0,0.0,56347.28,0.0,0.0,,0.0,,0.0,,,,,,,,56347.28,0.0
268,KARNATAKA,Dharwad,,675.1777935291134,737.8747304872539,0.0,727.1879031917142,70964.0,345364.0,0.0,416328.0,9157.0,425485.0,2594.52,15962.240000000002,0.0,18556.760000000002,708.7099999999999,,,708.7099999999999,1402.2400000000002,7302.07,0.0,8704.310000000001,685.48,2906.3199999999997,0.0,3591.8,14.510000000000002,475.9800000000001,0.0,490.49000000000007,91.52799999999999,172.064,0.0,263.592,,,,,,,,,5496.9800000000005,26818.68,0.0,32315.659999999996,,,,,,,,,,,,0.0,,,,0.0,,,,,,,,,,,,,,,,0.0,5496.9800000000005,26818.68,0.0,32315.659999999996,549.7,2681.87,0.0,3231.57,4947.28,24136.810000000005,0.0,29084.089999999997,296.04639,1414.312512,,1710.3589019999997,0.9125000000000001,75.25000000000001,,76.16250000000002,2948.7,11620.99,,14569.689999999999,3245.66,13110.550000000001,,16356.210000000001,65.60493847124076,54.31765838153425,,56.237654332660924,306.2,1462.83,0.0,1769.03,1691.47,10977.739999999998,0.0,12669.209999999997,,,,,,,,,,,,,,0.0,0.0,29084.089999999997,0.0,0.0,,0.0,,0.0,,,,,,,,29084.089999999997,0.0
269,KARNATAKA,Gadag,,603.1034058249139,698.8739237376216,0.0,659.9561058701292,177170.0,258817.0,0.0,435987.0,29528.0,465515.0,5687.86,10544.990000000002,0.0,16232.849999999999,1593.17,,,1593.17,6282.119999999999,6211.429999999999,0.0,12493.55,1423.68,2210.35,0.0,3634.0299999999997,197.59,942.0,0.0,1139.5900000000001,123.524,171.47,0.0,294.99399999999997,,,,,,,,,15307.96,20080.25,0.0,35388.21,,,,,,,,,,,,0.0,,,,0.0,,,,,,,,,,,,,,,,0.0,15307.96,20080.25,0.0,35388.21,1254.2099999999998,1847.38,0.0,3101.5899999999997,14053.75,18232.870000000003,0.0,32286.620000000003,365.23900199999997,295.579482,,660.8184839999999,9.397533333333337,18.28318004385965,,27.68071337719299,8525.0,14880.269999999999,,23405.269999999997,8899.64,15194.14,,24093.780000000002,63.32573156630792,83.33378124233869,,74.62465875957285,411.7,320.48,0.0,732.18,5107.64,3659.0299999999997,0.0,8766.67,,,,,,,,,,,,,,0.0,0.0,32286.620000000003,0.0,0.0,,0.0,,0.0,,,,,,,,32286.620000000003,0.0
270,KARNATAKA,Hassan,,841.4843960389289,953.9406186384942,0.0,931.8109784218267,117342.0,478955.0,0.0,596297.0,85569.0,681866.0,5943.53,26112.339999999997,0.0,32055.87,999.82,,0.0,999.82,26271.47,1869.93,0.0,28141.4,3847.81,10200.91,0.0,14048.72,8.73,423.11,0.0,431.84000000000003,137.7,3482.4600000000005,0.0,3620.1600000000003,,,,,,,,,37209.06,42088.75,0.0,79297.81000000001,,,,,,,,,,,,0.0,,,,0.0,,,,,,,,,,,,,,,,0.0,37209.06,42088.75,0.0,79297.81000000001,3720.91,4208.88,0.0,7929.789999999999,33488.149999999994,37879.87,0.0,71368.02,685.9789559999999,2352.280095,,3038.2590509999995,0.0,0.0,,0.0,11097.25,36785.46287671233,,47882.71287671233,11783.22,39137.75000000001,,50920.97,35.18623751983911,103.32070833400434,,71.34984268864402,709.49,2433.21,0.0,3142.7,21681.42,6595.419999999999,0.0,28276.839999999997,,,,,,,,,,,,,,0.0,0.0,71368.02,0.0,0.0,,0.0,,0.0,,,,,,,,71368.02,0.0
271,KARNATAKA,Haveri,,721.4282049337484,807.3228154394392,0.0,773.3748323813625,187241.0,286513.0,0.0,473754.0,8010.0,481764.0,7564.5199999999995,14119.98,0.0,21684.500000000004,1283.16,,,1283.16,27316.399999999998,7509.15,0.0,34825.55,2537.7,3034.55,0.0,5572.24,437.95,1597.0400000000002,0.0,2034.99,56.336,347.04,0.0,403.374,,,,,,,,,39196.03,26607.780000000002,0.0,65803.81,,,,,,,,,,,,0.0,,,,0.0,,,,,,,,,,,,,,,,0.0,39196.03,26607.780000000002,0.0,65803.81,3919.6100000000006,2660.7799999999997,0.0,6580.38,35276.42,23947.0,0.0,59223.42,650.82004119,1296.35021403,,1947.17025522,7.066399999999996,65.94929499999998,,73.01569499999997,14954.240000000002,19144.92,,34099.16,15612.119999999999,20507.21,,36119.33,44.25653170021221,85.635820770869,,60.98825430885282,767.22,1417.46,0.0,2184.68,19547.910000000003,5730.879999999999,0.0,25278.79,,,,,,,,,,,,,,0.0,0.0,59223.42,0.0,0.0,,0.0,,0.0,,,,,,,,59223.42,0.0
272,KARNATAKA,Kalburgi,,800.4272986708811,836.8029049438852,0.0,825.1293119285722,351812.0,744455.0,0.0,1096267.0,1262.0,1097529.0,16752.469999999998,40657.84,0.0,57410.31,211.14999999999998,,,211.14999999999998,3866.6800000000003,0.0,0.0,3866.6800000000003,808.3699999999999,5392.549999999998,0.0,6200.92,50.220000000000006,449.18999999999994,0.0,499.4100000000001,0.0,3801.3999999999996,0.0,3801.3999999999996,,,,,,,,,21688.889999999996,50300.98000000001,0.0,71989.87,,,,,,,,,,,,0.0,,,,0.0,,,,,,,,,,,,,,,,0.0,21688.889999999996,50300.98000000001,0.0,71989.87,2168.8999999999996,4534.87,0.0,6703.770000000001,19519.989999999998,45766.11,0.0,65286.09999999999,1549.0847835,5593.442755500001,,7142.527539000001,1.7999999999999998,45.9,,47.699999999999996,4769.677260273973,14845.388356164383,,19615.06561643835,6320.57,20484.75,,26805.319999999996,32.37998585040259,44.75964856965121,,41.05823444806781,1681.67,5971.549999999999,0.0,7653.219999999998,13246.41,25193.8,0.0,38440.21,,,,,,,,,,,,,,0.0,0.0,65286.1,0.0,0.0,,0.0,,0.0,,,,,,,,65286.1,0.0
273,KARNATAKA,Kodagu,,2325.56,2248.915628091801,0.0,2250.9158886974715,5287.0,197296.0,0.0,202583.0,208756.0,411339.0,688.54,18399.04,0.0,19087.58,70.28,,0.0,70.28,1188.0,796.77,0.0,1984.7700000000002,477.12,1971.6100000000001,0.0,2448.7300000000005,0.25,53.230000000000004,0.0,53.480000000000004,333.44,699.6,0.0,1033.04,,,,,,,,,2757.63,21920.22,0.0,24677.85,,,,,,,,,,,,0.0,,,,0.0,,,,,,,,,,,,,,,,0.0,2757.63,21920.22,0.0,24677.85,275.76,2192.03,0.0,2467.79,2481.87,19728.190000000002,0.0,22210.059999999998,11.9761245,910.6039986236747,,922.5801231236746,1.6425,93.24217,,94.88467,1529.92,6423.77,,7953.6900000000005,1543.54,7427.629999999999,,8971.17,62.192620886670134,37.64983001481635,,40.392371745056074,12.2,944.03,0.0,956.23,938.11,12267.13,0.0,13205.24,,,,,,,,,,,,,,0.0,0.0,22210.06,0.0,0.0,,0.0,,0.0,,,,,,,,22210.06,0.0
274,KARNATAKA,Kolara,,0.0,822.0379211156774,0.0,822.0379211156774,0.0,382763.0,0.0,382763.0,16230.0,398993.0,0.0,21359.11,0.0,21359.11,,,,,0.0,0.0,0.0,0.0,0.0,14969.37,0.0,14969.37,0.0,8081.030000000001,0.0,8081.030000000001,0.0,1072.896,0.0,1072.896,,,,,,,,,0.0,45482.41,0.0,45482.41,,,,,,,,,,,,0.0,,,,0.0,,,,,,,,,,,,,,,,0.0,0.0,45482.41,0.0,45482.41,0.0,4548.24,0.0,4548.24,0.0,40934.17,0.0,40934.17,,4097.326188,,4097.326188,,150.38000000000002,,150.38000000000002,,66486.47,,66486.47,,70734.18,,70734.18,,172.7998393518178,,172.7998393518178,0.0,4297.599999999999,0.0,4297.599999999999,0.0,0.0,0.0,0.0,,,,,,,,,,,,,,0.0,0.0,40934.17,0.0,0.0,,0.0,,0.0,,,,,,,,40934.17,0.0
275,KARNATAKA,Koppal,,607.2701576575598,642.3034392262072,0.0,627.3704304401463,230119.0,309747.0,0.0,539866.0,17738.0,557604.0,7825.68,11516.63,0.0,19342.31,0.0,,0.0,0.0,30610.34,4014.7599999999998,0.0,34625.1,1964.55,8903.05,0.0,10867.599999999999,179.07,127.06,0.0,306.13,3.474,32.148,0.0,35.622,,,,,,,,,40583.10999999999,24593.64,0.0,65176.75,,,,,,,,,,,,0.0,,,,0.0,,,,,,,,,,,,,,,,0.0,40583.10999999999,24593.64,0.0,65176.75,4058.32,2014.69,0.0,6073.009999999999,36524.79,22578.950000000004,0.0,59103.74,1397.5020719999998,1355.935653,,2753.4377250000002,16.8801,33.8815,,50.7616,9146.060547945206,24600.028219178083,,33746.08876712329,10560.439999999999,25989.83,,36550.270000000004,28.91307520180129,115.10645977780187,,61.84087504445574,1495.46,1431.38,0.0,2926.8399999999997,25866.380000000005,402.77000000000004,0.0,26269.150000000005,,,,,,,,,,,,,,0.0,0.0,59103.74,0.0,0.0,,0.0,,0.0,,,,,,,,59103.74,0.0
276,KARNATAKA,Mandya,,739.3429110644902,715.5326942045643,0.0,731.452236344836,322094.0,159649.0,0.0,481743.0,13828.0,495571.0,14634.869999999999,7344.2699999999995,0.0,21979.14,4036.2200000000003,,,4036.2200000000003,31082.46,3706.5299999999997,0.0,34788.990000000005,5188.889999999999,5610.2,0.0,10799.09,647.52,482.3299999999999,0.0,1129.85,272.408,391.86199999999997,0.0,664.2700000000001,,,,,,,,,55862.37,17535.19,0.0,73397.56000000001,,,,,,,,,,,,0.0,,,,0.0,,,,,,,,,,,,,,,,0.0,55862.37,17535.19,0.0,73397.56000000001,5586.23,1615.9700000000003,0.0,7202.19,50276.14,15919.22,0.0,66195.36000000002,2706.4412009999996,1222.506837,,3928.9480379999995,18.16,48.6875,,66.8475,19385.4170464,16834.5720045589,,36219.9890509589,22110.0,18105.789999999997,,40215.79,43.977123144298666,113.73540914693055,,60.75318572177867,2757.74,1245.6899999999998,0.0,4003.43,28114.829999999998,726.6500000000001,0.0,28841.48,,,,,,,,,,,,,,0.0,0.0,66195.36,0.0,0.0,,0.0,,0.0,,,,,,,,66195.36,0.0
277,KARNATAKA,Mysuru,,784.4005240340667,809.1176833466866,0.0,800.1877510647516,220978.0,390667.0,0.0,611645.0,19411.0,631056.0,11030.699999999999,20830.219999999998,0.0,31860.92,4191.029999999999,,,4191.029999999999,16373.93,0.0,0.0,16373.93,2889.0200000000004,3808.8799999999997,0.0,6697.889999999999,725.5799999999999,838.78,0.0,1564.3599999999997,417.662,1273.3200000000002,0.0,1690.982,,,,,,,,,35627.95,26751.199999999997,0.0,62379.149999999994,,,,,,,,,,,,0.0,,,,0.0,,,,,,,,,,,,,,,,0.0,35627.95,26751.199999999997,0.0,62379.149999999994,3321.4900000000002,2675.12,0.0,5996.61,32306.46,24076.08,0.0,56382.54,1282.98361035,2955.6725449999994,,4238.65615535,28.032645,57.946535,,85.97918,11564.126709259259,15288.474507166944,,26852.601216426207,12875.150000000001,18302.1,,31177.25,39.853174875860745,76.0177736575057,,55.29593026493662,1333.15,3180.96,0.0,4514.110000000001,19381.14,6005.54,0.0,25386.68,,,,,,,,,,,,,,0.0,0.0,56382.54,0.0,0.0,,0.0,,0.0,,,,,,,,56382.54,0.0
278,KARNATAKA,Raichur,,625.4764804277844,495.3040733625427,0.0,564.1549017667322,443588.0,395079.0,0.0,838667.0,8325.0,846992.0,19147.81,16071.880000000001,0.0,35219.69,1447.95,,,1447.95,33210.270000000004,0.0,0.0,33210.270000000004,3359.3500000000004,2757.13,0.0,6116.48,81.62,158.40000000000003,0.0,240.01999999999998,454.77199999999993,619.4439999999998,0.0,1074.216,,,,,,,,,57701.770000000004,19606.829999999998,0.0,77308.6,,,,,,,,,,,,0.0,,,,0.0,,,,,,,,,,,,,,,,0.0,57701.770000000004,19606.829999999998,0.0,77308.6,5770.18,1721.37,0.0,7491.549999999999,51931.59,17885.46,0.0,69817.05,1837.289988,1402.759167,,3240.0491549999997,15.28,157.56,,172.84,14486.044657534245,13328.407808219177,,27814.452465753424,16338.6,14888.71,,31227.309999999998,31.46177500053436,83.24476977388336,,44.727340957545465,2052.32,1536.75,0.0,3589.0699999999997,35377.97,4629.88,0.0,40007.85,,,,,,,,,,,,,,0.0,0.0,69817.04999999999,0.0,0.0,,0.0,,0.0,,,,,,,,69817.04999999999,0.0
279,KARNATAKA,Shivamogga,,793.1825617619447,2069.5111601195736,0.0,1916.3738979978687,80956.0,593775.0,0.0,674731.0,172586.0,847317.0,3595.92,59632.600000000006,0.0,63228.520000000004,1347.48,,,1347.48,24164.62,4753.0,0.0,28917.62,1417.1,9333.510000000002,0.0,10750.61,11.31,1594.96,0.0,1606.27,26.700000000000003,618.7800000000001,0.0,645.4800000000001,,,,,,,,,30563.129999999997,75932.86,0.0,106495.98999999999,,,,,,,,,,,,0.0,,,,0.0,,,,,,,,,,,,,,,,0.0,30563.129999999997,75932.86,0.0,106495.98999999999,3056.3199999999997,6865.08,0.0,9921.4,27506.809999999998,69067.78,0.0,96574.59000000001,204.73154775,2473.9420410000002,,2678.6735887500004,253.83,0.0,,253.83,4790.099999999999,31510.104109589043,,36300.20410958904,5248.66,33984.04,,39232.700000000004,19.08131113713295,49.203897968053994,,40.624247019842386,210.55,2539.42,0.0,2749.9700000000003,22252.33,36833.56,0.0,59085.89,,,,,,,,,,,,,,0.0,0.0,96574.59,0.0,0.0,,0.0,,0.0,,,,,,,,96574.59,0.0
280,KARNATAKA,Tumakuru,,796.0283372990942,717.321064285262,0.0,733.3663317859978,202147.0,789450.0,0.0,991597.0,68728.0,1060325.0,10299.419999999998,42237.12,0.0,52536.54,1185.01,,,1185.01,11640.91,0.0,0.0,11640.91,0.0,9144.42,0.0,9144.42,334.46,5492.349999999999,0.0,5826.8099999999995,796.5899999999999,1887.15,0.0,2683.74,,,,,,,,,24256.379999999997,58761.04,0.0,83017.42,,,,,,,,,,,,0.0,,,,0.0,,,,,,,,,,,,,,,,0.0,24256.379999999997,58761.04,0.0,83017.42,2425.6400000000003,5876.1,0.0,8301.740000000002,21830.739999999998,52884.939999999995,0.0,74715.68000000001,1401.818562,4321.071918000001,,5722.890480000001,22.800000000000004,48.22800003,,71.02800002999999,7117.0448,55657.479073232185,,62774.52387323219,8541.67,60026.78999999999,,68568.45999999999,39.12680009930951,113.50450619779468,,91.7725168264546,1467.8200000000002,4516.38,0.0,5984.199999999999,13223.07,1228.9299999999998,0.0,14452.0,,,,,,,,,,,,,,0.0,0.0,74715.68,0.0,0.0,,0.0,,0.0,,,,,,,,74715.68,0.0
281,KARNATAKA,Udupi,,0.0,4419.643069581371,0.0,4419.64306958137,0.0,286998.0,0.0,286998.0,70074.0,357072.0,0.0,45333.31999999999,0.0,45333.31999999999,0.0,,,0.0,0.0,0.0,0.0,0.0,0.0,5350.599999999999,0.0,5350.599999999999,0.0,573.4499999999999,0.0,573.4499999999999,0.0,1118.1159999999998,0.0,1118.1159999999998,,,,,,,,,0.0,52375.49,0.0,52375.49,,,,,,,,,,,,0.0,,,,0.0,,,,,,,,,,,,,,,,0.0,0.0,52375.49,0.0,52375.49,0.0,5237.570000000001,0.0,5237.570000000001,0.0,47137.91999999999,0.0,47137.91999999999,,2095.8978899999997,,2095.8978899999997,,35.92100000000001,,35.92100000000001,,13778.539999999999,,13778.539999999999,,15910.350000000002,,15910.350000000002,,33.752762107449804,,33.752762107449804,0.0,2144.62,0.0,2144.62,0.0,31178.850000000002,0.0,31178.850000000002,,,,,,,,,,,,,,0.0,0.0,47137.920000000006,0.0,0.0,,0.0,,0.0,,,,,,,,47137.920000000006,0.0
282,KARNATAKA,Uttara Kannada,,0.0,2600.682383060916,0.0,2600.682383060916,0.0,658548.0,0.0,658548.0,371143.0,1029691.0,0.0,81894.01,0.0,81894.01,,,,,0.0,0.0,0.0,0.0,0.0,8447.810000000001,0.0,8447.810000000001,0.0,1011.73,0.0,1011.73,0.0,1558.6299999999999,0.0,1558.6299999999999,,,,,,,,,0.0,92912.18000000001,0.0,92912.18000000001,,,,,,,,,,,,0.0,,,,0.0,,,,,,,,,,,,,,,,0.0,0.0,92912.18000000001,0.0,92912.18000000001,0.0,9010.57,0.0,9010.57,0.0,83901.61000000002,0.0,83901.61000000002,,3126.8320679999997,,3126.8320679999997,,0.0,,0.0,,23813.64875047771,,23813.64875047771,,26940.47,,26940.47,,32.10959837361881,,32.10959837361881,0.0,3194.9700000000003,0.0,3194.9700000000003,0.0,56892.98999999999,0.0,56892.98999999999,,,,,,,,,,,,,,0.0,0.0,83901.61000000002,0.0,0.0,,0.0,,0.0,,,,,,,,83901.61000000002,0.0
283,KARNATAKA,Vijayanagara,,680.7827582019119,690.3371511717146,0.0,689.3168591930012,57639.0,482114.0,0.0,539753.0,27012.0,566765.0,2202.31,22721.45,0.0,24923.760000000002,438.21000000000004,,0.0,438.21000000000004,5603.62,4375.54,0.0,9979.16,0.0,4802.12,0.0,4802.12,120.53999999999999,525.41,0.0,645.95,9.6,117.19999999999999,0.0,126.8,,,,,,,,,8374.279999999999,32541.72,0.0,40916.0,,,,,,,,,,,,0.0,,,,0.0,,,,,,,,,,,,,,,,0.0,8374.279999999999,32541.72,0.0,40916.0,837.4200000000001,3111.7200000000003,0.0,3949.13,7536.86,29430.0,0.0,36966.86,305.487261,1903.8953339999998,,2209.382595,12.986874628199999,17.976999948,,30.9638745762,4009.067808219178,24613.7301369863,,28622.79794520548,4327.53,26535.57,,30863.1,57.41820864391802,90.16503567787971,,83.48856245837487,325.97,2000.6599999999999,0.0,2326.63,4263.2699999999995,3754.52,0.0,8017.789999999999,,,,,,,,,,,,,,0.0,0.0,36966.86,0.0,0.0,,0.0,,0.0,,,,,,,,36966.86,0.0
284,KARNATAKA,Vijayapura,,612.0418353459864,620.3726719980247,0.0,612.6782934205157,968711.9437730255,80129.2180123979,0.0,1048841.1617854233,1462.87,1050304.0364782591,66969.18,5590.07,0.0,72559.25000000001,1070.66,,0.0,1070.66,23012.3,1150.5900000000001,0.0,24162.890000000003,5465.89,855.82,0.0,6321.71,844.0600000000002,3.69,0.0,847.7500000000001,922.2680000000003,112.608,0.0,1034.876,,,,,,,,,98284.39000000001,7712.780000000001,0.0,105997.17000000003,,,,,,,,,,,,0.0,,,,0.0,0.0,0.0,0.0,0.0,0.0,0.0,0.0,0.0,0.0,0.0,0.0,0.0,0.0,0.0,0.0,0.0,98284.39000000001,7712.780000000001,0.0,105997.17000000003,9828.450000000003,771.27,0.0,10599.720000000001,88455.94000000002,6941.51,0.0,95397.45,4825.033622999999,187.46378099999998,,5012.497404,18.25,0.0,,18.25,28818.16,4790.3,,33608.46,33661.44,4977.759999999999,,38639.19,38.05447096034477,71.71004579695195,,40.50337823495283,5041.58,195.88,0.0,5237.459999999999,54577.94999999999,3088.83,0.0,57666.77999999999,,,,,,,,,,,,,,0.0,0.0,95397.45000000001,0.0,0.0,,0.0,,0.0,,,,,,,,95397.45000000001,0.0
285,KARNATAKA,Yadgir,,761.973995785592,816.7931919110383,0.0,779.6346278930761,349278.0,166004.0,0.0,515282.0,12217.0,527499.0,14699.81,8011.969999999999,0.0,22711.78,1208.32,,,1208.32,24557.4,0.0,0.0,24557.4,1372.8400000000001,773.65,0.0,2146.4900000000002,246.72000000000003,597.15,0.0,843.87,1618.8960000000002,3501.046,0.0,5119.942,,,,,,,,,43703.99,12883.810000000001,0.0,56587.799999999996,,,,,,,,,,,,0.0,,,,0.0,,,,,,,,,,,,,,,,0.0,43703.99,12883.810000000001,0.0,56587.799999999996,4370.41,1026.27,0.0,5396.680000000001,39333.58,11857.539999999999,0.0,51191.119999999995,1997.5680945,860.3888039999999,,2857.9568985,323.31,558.8000000000001,,882.11,6775.95,8929.4,,15705.349999999999,9096.82,10348.58,,19445.399999999998,23.127363438568267,87.27425756101181,,37.985885051938695,2132.2,905.4300000000001,0.0,3037.63,30102.13,2456.97,0.0,32559.100000000002,,,,,,,,,,,,,,0.0,0.0,51191.12,0.0,0.0,,0.0,,0.0,,,,,,,,51191.12,0.0
286,KERALA,ALAPPUZHA,,0.0,2607.18,0.0,2607.18,0.0,141403.0,0.0,141403.0,0.0,141403.0,0.0,31454.13,0.0,31454.13,0.0,,0.0,0.0,0.0,5881.259999999999,0.0,5881.259999999999,0.0,883.47,0.0,883.47,0.0,127.18000000000002,0.0,127.18000000000002,0.0,313.486,0.0,313.486,,,,,,,,,0.0,38659.51999999999,0.0,38659.51999999999,,0.0,,0.0,,,,,,0.0,,0.0,,0.0,,0.0,0.0,0.0,0.0,0.0,0.0,0.0,0.0,0.0,0.0,0.0,0.0,0.0,0.0,0.0,0.0,0.0,0.0,38659.51999999999,0.0,38659.51999999999,0.0,2615.69,0.0,2615.69,0.0,36043.83000000001,0.0,36043.83000000001,,10178.12031975,,10178.12031975,,261.51965,,261.51965,,3737.237,,3737.237,,14176.88,,14176.88,,39.332335104232804,,39.332335104232804,0.0,10454.89,0.0,10454.89,0.0,21590.18,0.0,21590.18,,,,,,,0.0,0.0,0.0,,,,,0.0,0.0,36043.83000000001,0.0,0.0,,202.28,,202.28,,,,,,,,36043.83000000001,0.0
287,KERALA,ERNAKULAM,,0.0,3017.9699999999993,0.0,3017.9699999999993,0.0,226947.5,0.0,226947.5,67499.5,294447.0,0.0,43079.799999999996,0.0,43079.799999999996,0.0,,0.0,0.0,0.0,5227.2,0.0,5227.2,0.0,1885.1200000000001,0.0,1885.1200000000001,0.0,319.32,0.0,319.32,0.0,752.306,0.0,752.306,,,,,,,,,0.0,51263.73000000001,0.0,51263.73000000001,,0.0,,0.0,,,,,,0.0,,0.0,,0.0,,0.0,0.0,0.0,0.0,0.0,0.0,0.0,0.0,0.0,0.0,0.0,0.0,0.0,0.0,0.0,0.0,0.0,0.0,51263.73000000001,0.0,51263.73000000001,0.0,5016.04,0.0,5016.04,0.0,46247.69,0.0,46247.69,,14790.763992375,,14790.763992375,,213.80135,,213.80135,,7946.467500000001,,7946.467500000001,,22951.01,,22951.01,,49.626284037105414,,49.626284037105414,0.0,19055.839999999997,0.0,19055.839999999997,0.0,19031.6,0.0,19031.6,,,,,,,0.0,0.0,0.0,,,,,0.0,0.0,46247.69,0.0,0.6799999999999999,,119.22,,119.91999999999999,,,,,,,,46247.69,0.0
288,KERALA,IDUKKI,,0.0,3638.0999999999995,0.0,3638.0999999999995,0.0,108891.0,0.0,108891.0,326914.0,435805.0,0.0,18782.760000000002,0.0,18782.760000000002,0.0,,0.0,0.0,0.0,467.52000000000004,0.0,467.52000000000004,0.0,1579.1599999999999,0.0,1579.1599999999999,0.0,7.960000000000001,0.0,7.960000000000001,0.0,114.53799999999998,0.0,114.53799999999998,,,,,,,,,0.0,20951.96,0.0,20951.96,0.0,0.0,0.0,0.0,,,,,0.0,0.0,0.0,0.0,0.0,0.0,0.0,0.0,0.0,0.0,0.0,0.0,0.0,0.0,0.0,0.0,0.0,0.0,0.0,0.0,0.0,0.0,0.0,0.0,0.0,20951.96,0.0,20951.96,0.0,2095.1800000000003,0.0,2095.1800000000003,0.0,18856.780000000002,0.0,18856.780000000002,,4141.901338500001,,4141.901338500001,,13.261500000000002,,13.261500000000002,,6066.22,,6066.22,,10221.390000000001,,10221.390000000001,,54.20538395208514,,54.20538395208514,0.0,4141.91,0.0,4141.91,0.0,8635.39,0.0,8635.39,,,,,,,0.0,0.0,50.256719999999994,,,,,0.0,0.0,18856.780000000002,0.0,0.08,,10.78,,10.86,,,,,,,,18856.780000000002,0.0
289,KERALA,KANNUR,,0.0,3143.1467758481217,0.0,3143.1467758481217,0.0,232396.0,0.0,232396.0,64400.0,296796.0,0.0,39660.14,0.0,39660.14,0.0,,0.0,0.0,0.0,1109.31,0.0,1109.31,0.0,2474.15,0.0,2474.15,0.0,247.23,0.0,247.23,0.0,790.434,0.0,790.434,,,,,,,,,0.0,44281.270000000004,0.0,44281.270000000004,0.0,0.0,0.0,0.0,,,,,0.0,0.0,0.0,0.0,0.0,0.0,0.0,0.0,0.0,0.0,0.0,0.0,0.0,0.0,0.0,0.0,0.0,0.0,0.0,0.0,0.0,0.0,0.0,0.0,0.0,44281.270000000004,0.0,44281.270000000004,0.0,4428.13,0.0,4428.13,0.0,39853.14,0.0,39853.14,,11628.569556374998,,11628.569556374998,,43.365,,43.365,,8153.015000000001,,8153.015000000001,,19824.949999999997,,19824.949999999997,,49.745013818233645,,49.745013818233645,0.0,14322.080000000002,0.0,14322.080000000002,0.0,17484.7,0.0,17484.7,,,,,,,0.0,0.0,17.634239999999995,,,,,0.0,0.0,39853.14,0.0,4.999999999999999,,81.99000000000001,,87.00000000000001,,,,,,,,39853.14,0.0
290,KERALA,KASARGOD,,0.0,3326.075104289268,0.0,3326.075104289268,0.0,164830.0,0.0,164830.0,31300.0,196130.0,0.0,29619.349999999995,0.0,29619.349999999995,0.0,,0.0,0.0,0.0,193.18,0.0,193.18,0.0,4084.620000000001,0.0,4084.620000000001,0.0,16.14,0.0,16.14,0.0,995.672,0.0,995.672,,,,,,,,,0.0,34908.97,0.0,34908.97,,0.0,,0.0,,,,,,0.0,,0.0,,,,0.0,0.0,0.0,0.0,0.0,0.0,0.0,0.0,0.0,0.0,0.0,0.0,0.0,0.0,0.0,0.0,0.0,0.0,34908.97,0.0,34908.97,0.0,3490.9,0.0,3490.9,0.0,31418.070000000003,0.0,31418.070000000003,,7462.243102875,,7462.243102875,,22.7563,,22.7563,,15371.64,,15371.64,,22856.64,,22856.64,,72.74998114142592,,72.74998114142592,0.0,11401.69,0.0,11401.69,0.0,5529.400000000001,0.0,5529.400000000001,,,,,,,0.0,0.0,1.3932,,,,,0.0,0.0,31418.070000000003,0.0,1.29,,40.769999999999996,,42.06,,,,,,,,31418.070000000003,0.0
291,KERALA,KOLLAM,,0.0,2302.7846204545453,0.0,2302.7846204545453,0.0,211200.0,0.0,211200.0,37900.0,249100.0,0.0,32273.37,0.0,32273.37,0.0,,0.0,0.0,0.0,797.84,0.0,797.84,0.0,1458.9899999999998,0.0,1458.9899999999998,0.0,633.0899999999999,0.0,633.0899999999999,0.0,655.0300000000001,0.0,655.0300000000001,,,,,,,,,0.0,35818.32,0.0,35818.32,,0.0,,0.0,,,,,0.0,0.0,0.0,0.0,0.0,0.0,0.0,0.0,0.0,0.0,0.0,0.0,0.0,0.0,0.0,0.0,0.0,0.0,0.0,0.0,0.0,0.0,0.0,0.0,0.0,35818.32,0.0,35818.32,0.0,3483.55,0.0,3483.55,0.0,32334.77,0.0,32334.77,,11926.813474499997,,11926.813474499997,,22.2817,,22.2817,,4843.892,,4843.892,,16793.000000000004,,16793.000000000004,,51.93480578337191,,51.93480578337191,0.0,12609.600000000002,0.0,12609.600000000002,0.0,14858.980000000001,0.0,14858.980000000001,,,,,,,0.0,0.0,9.1368,,,,,0.0,0.0,32334.77,0.0,5.310000000000001,,108.66000000000001,,113.97000000000001,,,,,,,,32334.77,0.0
292,KERALA,KOTTAYAM,,0.0,2843.71,0.0,2843.71,0.0,197088.0,0.0,197088.0,25000.0,222088.0,0.0,34477.54000000001,0.0,34477.54000000001,0.0,,0.0,0.0,0.0,3841.810000000001,0.0,3841.810000000001,0.0,1528.06,0.0,1528.06,0.0,622.3800000000001,0.0,622.3800000000001,0.0,343.1,0.0,343.1,,,,,,,,,0.0,40812.89,0.0,40812.89,,,,,,,,,,,,0.0,,,,0.0,,,,,,,,,,,,,,,,0.0,0.0,40812.89,0.0,40812.89,0.0,3781.4,0.0,3781.4,0.0,37031.49,0.0,37031.49,,8805.407510625,,8805.407510625,,10.183000000000002,,10.183000000000002,,4928.4715,,4928.4715,,13744.060000000001,,13744.060000000001,,37.11452064175652,,37.11452064175652,0.0,9194.25,0.0,9194.25,0.0,22898.59,0.0,22898.59,,,,,,,0.0,0.0,0.0,,,,,0.0,0.0,37031.49,0.0,2.62,,143.85000000000002,,146.45000000000002,,,,,,,,37031.49,0.0
293,KERALA,KOZHIKKODE,,0.0,3214.890000000001,0.0,3214.890000000001,0.0,166180.0,0.0,166180.0,68050.0,234230.0,0.0,32158.469999999994,0.0,32158.469999999994,0.0,,0.0,0.0,0.0,223.42,0.0,223.42,0.0,1129.9,0.0,1129.9,0.0,64.68,0.0,64.68,0.0,454.588,0.0,454.588,,,,,,,,,0.0,34031.09,0.0,34031.09,,0.0,,0.0,,,,,,,,0.0,,,,0.0,0.0,0.0,0.0,0.0,0.0,0.0,0.0,0.0,0.0,0.0,0.0,0.0,0.0,0.0,0.0,0.0,0.0,34031.09,0.0,34031.09,0.0,3403.1200000000003,0.0,3403.1200000000003,0.0,30627.969999999994,0.0,30627.969999999994,,14561.727337349997,,14561.727337349997,,7.089,,7.089,,4328.7055,,4328.7055,,18897.530000000002,,18897.530000000002,,61.70023674438758,,61.70023674438758,0.0,20923.94,0.0,20923.94,0.0,6781.839999999999,0.0,6781.839999999999,,,,,,,0.0,0.0,0.0,,,,,25300.970000000005,0.0,55928.939999999995,0.0,0.0,,0.0,,0.0,,,,,,,,55928.939999999995,0.0
294,KERALA,MALAPPURAM,,0.0,2850.4,0.0,2850.4,0.0,254181.0,0.0,254181.0,100800.0,354981.0,0.0,44927.479999999996,0.0,44927.479999999996,0.0,,0.0,0.0,0.0,4736.56,0.0,4736.56,0.0,3154.2999999999997,0.0,3154.2999999999997,0.0,15.200000000000005,0.0,15.200000000000005,0.0,828.504,0.0,828.504,,,,,,,,,0.0,53662.079999999994,0.0,53662.079999999994,,,,,,,,,,,,0.0,,,,0.0,0.0,0.0,0.0,0.0,0.0,0.0,0.0,0.0,0.0,0.0,0.0,0.0,0.0,0.0,0.0,0.0,0.0,53662.079999999994,0.0,53662.079999999994,0.0,5228.0199999999995,0.0,5228.0199999999995,0.0,48434.05999999999,0.0,48434.05999999999,,25432.30700925,,25432.30700925,,5.846500000000001,,5.846500000000001,,9214.831,,9214.831,,34652.96000000001,,34652.96000000001,,71.54667603748274,,71.54667603748274,0.0,55023.799999999996,0.0,55023.799999999996,0.0,13781.099999999999,0.0,13781.099999999999,,,,,,,0.0,0.0,29.065679999999997,,,,,0.0,0.0,48434.05999999999,0.0,2.13,,112.55,,114.68,,,,,,,,48434.05999999999,0.0
295,KERALA,PALAKKAD,,0.0,2079.4917165390234,0.0,2079.4917165390234,0.0,298228.0,0.0,298228.0,149394.0,447622.0,0.0,33158.920000000006,0.0,33158.920000000006,0.0,,0.0,0.0,0.0,19510.69,0.0,19510.69,0.0,4693.39,0.0,4693.39,0.0,3028.26,0.0,3028.26,0.0,1795.508,0.0,1795.508,,,,,,,,,0.0,62186.78999999999,0.0,62186.78999999999,,,,,,,,,0.0,0.0,0.0,0.0,,,,0.0,0.0,0.0,0.0,0.0,0.0,0.0,0.0,0.0,0.0,0.0,0.0,0.0,0.0,0.0,0.0,0.0,0.0,62186.78999999999,0.0,62186.78999999999,0.0,5418.610000000001,0.0,5418.610000000001,0.0,56768.17999999999,0.0,56768.17999999999,,15452.407504125,,15452.407504125,,612.7676,,612.7676,,17855.799,,17855.799,,33921.03,,33921.03,,59.753597878248,,59.753597878248,0.0,22322.489999999998,0.0,22322.489999999998,0.0,18220.22,0.0,18220.22,,,,,,,0.0,0.0,185.27399999999997,,,,,0.0,0.0,56768.17999999999,0.0,0.0,,0.0,,0.0,,,,,,,,56768.17999999999,0.0
296,KERALA,PATHANAMTHITTA,,0.0,2825.0608802683837,0.0,2825.0608802683837,0.0,129665.0,0.0,129665.0,133010.0,262675.0,0.0,20663.14,0.0,20663.14,0.0,,0.0,0.0,0.0,959.0000000000002,0.0,959.0000000000002,0.0,1071.95,0.0,1071.95,0.0,16.669999999999998,0.0,16.669999999999998,0.0,359.372,0.0,359.372,,,,,,,,,0.0,23070.140000000003,0.0,23070.140000000003,,0.0,,0.0,,,,,,0.0,,0.0,,0.0,,0.0,0.0,0.0,0.0,0.0,0.0,0.0,0.0,0.0,0.0,0.0,0.0,0.0,0.0,0.0,0.0,0.0,0.0,23070.140000000003,0.0,23070.140000000003,0.0,2199.76,0.0,2199.76,0.0,20870.379999999997,0.0,20870.379999999997,,4072.61745825,,4072.61745825,,3.8544,,3.8544,,3776.149,,3776.149,,7852.62,,7852.62,,37.625668531191096,,37.625668531191096,0.0,4195.9800000000005,0.0,4195.9800000000005,0.0,12894.39,0.0,12894.39,,,,,,,0.0,0.0,0.0,,,,,0.0,0.0,20870.38,0.0,0.0,,0.0,,0.0,,,,,,,,20870.38,0.0
297,KERALA,THIRUVANANTHAPURAM,,0.0,1762.3352772816872,0.0,1762.3352772816872,0.0,194297.0,0.0,194297.0,24500.0,218797.0,0.0,25293.990000000005,0.0,25293.990000000005,0.0,,0.0,0.0,0.0,1192.68,0.0,1192.68,0.0,1120.9500000000003,0.0,1120.9500000000003,0.0,408.63000000000005,0.0,408.63000000000005,0.0,524.45,0.0,524.45,,,,,,,,,0.0,28540.710000000006,0.0,28540.710000000006,,0.0,,0.0,,,,,,0.0,,0.0,,0.0,,0.0,0.0,0.0,0.0,0.0,0.0,0.0,0.0,0.0,0.0,0.0,0.0,0.0,0.0,0.0,0.0,0.0,0.0,28540.710000000006,0.0,28540.710000000006,0.0,2759.07,0.0,2759.07,0.0,25781.64,0.0,25781.64,,12562.216986599997,,12562.216986599997,,7.0931,,7.0931,,4892.458,,4892.458,,17461.79,,17461.79,,67.72955483049178,,67.72955483049178,0.0,13568.35,0.0,13568.35,0.0,7313.720000000001,0.0,7313.720000000001,,,,,,,0.0,0.0,155.8404,,,,,0.0,0.0,25781.640000000003,0.0,2.4500000000000006,,76.53,,78.97999999999999,,,,,,,,25781.640000000003,0.0
298,KERALA,THRISSUR,,0.0,2990.4770043729004,0.0,2990.4770043729004,0.0,236685.0,0.0,236685.0,65700.0,302385.0,0.0,46419.56000000001,0.0,46419.56000000001,0.0,,0.0,0.0,0.0,9791.8,0.0,9791.8,0.0,4102.16,0.0,4102.16,0.0,478.25,0.0,478.25,0.0,1105.8000000000002,0.0,1105.8000000000002,,,,,,,,,0.0,61897.58000000001,0.0,61897.58000000001,,0.0,,0.0,,,,,,0.0,,0.0,,0.0,,0.0,0.0,0.0,0.0,0.0,0.0,0.0,0.0,0.0,0.0,0.0,0.0,0.0,0.0,0.0,0.0,0.0,0.0,61897.58000000001,0.0,61897.58000000001,0.0,6017.07,0.0,6017.07,0.0,55880.51000000001,0.0,55880.51000000001,,14114.017151099999,,14114.017151099999,,39.11115,,39.11115,,19901.977,,19901.977,,34055.11,,34055.11,,60.94273298507833,,60.94273298507833,0.0,17127.38,0.0,17127.38,0.0,18812.01,0.0,18812.01,,,,,,,0.0,0.0,4.83552,,,,,0.0,0.0,55880.51000000001,0.0,2.27,,102.82,,105.08000000000001,,,,,,,,55880.51000000001,0.0
299,KERALA,WAYANAD,,0.0,2936.8898595564647,0.0,2936.8898595564647,0.0,142762.0,0.0,142762.0,70300.0,213062.0,0.0,21523.9,0.0,21523.9,0.0,,0.0,0.0,0.0,124.01,0.0,124.01,0.0,331.1,0.0,331.1,0.0,173.43,0.0,173.43,0.0,490.29599999999994,0.0,490.29599999999994,,,,,,,,,0.0,22642.73,0.0,22642.73,,,,,,,,,0.0,0.0,0.0,0.0,0.0,0.0,0.0,0.0,0.0,0.0,0.0,0.0,0.0,0.0,0.0,0.0,0.0,0.0,0.0,0.0,0.0,0.0,0.0,0.0,0.0,22642.73,0.0,22642.73,0.0,2264.2700000000004,0.0,2264.2700000000004,0.0,20378.46,0.0,20378.46,,4154.739884999999,,4154.739884999999,,158.659,,158.659,,1324.38,,1324.38,,5637.78,,5637.78,,27.66538786542261,,27.66538786542261,0.0,5047.469999999999,0.0,5047.469999999999,0.0,13847.950000000003,0.0,13847.950000000003,,,,,,,0.0,0.0,13.582079999999998,,,,,0.0,0.0,20378.46,0.0,0.03,,15.020000000000001,,15.049999999999999,,,,,,,,20378.46,0.0
300,LADAKH,KARGIL,,0.0,382.22,0.0,382.22,0.0,24900.0,0.0,24900.0,668100.0,693000.0,0.0,2093.8,0.0,2093.8,,,,,0.0,1071.6599999999999,0.0,1071.6599999999999,0.0,0.0,0.0,0.0,,,,,,,,,,,,,,,,,0.0,3165.46,0.0,3165.46,,,,,,,,,,,,0.0,,,,0.0,0.0,0.0,0.0,0.0,0.0,0.0,0.0,0.0,0.0,0.0,0.0,0.0,0.0,0.0,0.0,0.0,0.0,3165.46,0.0,3165.46,0.0,316.57,0.0,316.57,0.0,2848.8899999999994,0.0,2848.8899999999994,,710.7,,710.7,,3.45,,3.45,,0.0,,0.0,,714.15,,714.15,,25.067657929930608,,25.067657929930608,0.0,710.7,0.0,710.7,0.0,2134.7400000000002,0.0,2134.7400000000002,,,,,,,0.0,0.0,0.0,,,,,0.0,0.0,2848.8899999999994,0.0,0.0,,0.0,,0.0,,,,,,,,2848.8899999999994,0.0
301,LADAKH,LEH,,0.0,96.7,0.0,96.7,0.0,71400.0,0.0,71400.0,2799200.0,2870600.0,0.0,1518.98,0.0,1518.98,,,,,0.0,4200.85,0.0,4200.85,0.0,0.0,0.0,0.0,,,,,,,,,,,,,,,,,0.0,5719.83,0.0,5719.83,,,,,,,,,,,,0.0,,,,0.0,0.0,0.0,0.0,0.0,0.0,0.0,0.0,0.0,0.0,0.0,0.0,0.0,0.0,0.0,0.0,0.0,0.0,5719.83,0.0,5719.83,0.0,571.9599999999999,0.0,571.9599999999999,0.0,5147.870000000001,0.0,5147.870000000001,,2231.0,,2231.0,,17.25,,17.25,,0.0,,0.0,,2248.25,,2248.25,,43.67340278600663,,43.67340278600663,0.0,2231.0,0.0,2231.0,0.0,2899.62,0.0,2899.62,,,,,,,0.0,0.0,4.150678404833837,,,,,0.0,0.0,5147.870000000001,0.0,0.0,,0.0,,0.0,,,,,,,,5147.870000000001,0.0
302,LAKSHDWEEP,AMINI,,0.0,1805.54,0.0,1805.54,0.0,571.0,0.0,571.0,0.0,571.0,0.0,300.70000000000005,0.0,300.70000000000005,0.0,,0.0,0.0,0.0,0.0,0.0,0.0,0.0,0.0,0.0,0.0,0.0,0.0,0.0,0.0,,0.186,,0.186,,,,,,,,,0.0,300.89,0.0,300.89,,,,,,,,,,,,0.0,,,,0.0,0.0,0.0,0.0,0.0,0.0,0.0,0.0,0.0,0.0,61.78,0.0,61.78,0.0,-61.78,0.0,-61.78,0.0,239.10999999999999,0.0,239.10999999999999,0.0,120.35000000000001,0.0,120.35000000000001,0.0,118.75999999999999,0.0,118.75999999999999,,66.73346099999999,,66.73346099999999,,0.0,,0.0,,0.0,,0.0,,66.74,,66.74,,56.1973728528124,,56.1973728528124,0.0,67.03,0.0,67.03,0.0,51.73,0.0,51.73,,,,,,,0.0,0.0,0.0,,,,,0.0,0.0,118.76,0.0,0.0,,0.0,,0.0,,,,,,,,118.76,0.0
303,LAKSHDWEEP,ANDROTH,,0.0,1805.54,0.0,1805.54,0.0,712.0,0.0,712.0,0.0,712.0,0.0,374.95,0.0,374.95,0.0,,0.0,0.0,0.0,0.0,0.0,0.0,0.0,0.0,0.0,0.0,0.0,0.0,0.0,0.0,,0.106,,0.106,,,,,,,,,0.0,375.05,0.0,375.05,,,,,,,,,,,,0.0,,,,0.0,0.0,0.0,0.0,0.0,0.0,0.0,0.0,0.0,0.0,76.89,0.0,76.89,0.0,-76.89,0.0,-76.89,0.0,298.16,0.0,298.16,0.0,150.01,0.0,150.01,0.0,148.14999999999998,0.0,148.14999999999998,,79.10791,,79.10791,,0.0,,0.0,,0.0,,0.0,,79.10000000000001,,79.10000000000001,,53.39183260209249,,53.39183260209249,0.0,79.47,0.0,79.47,0.0,68.69,0.0,68.69,,,,,,,0.0,0.0,0.0,,,,,0.0,0.0,148.15,0.0,0.0,,0.0,,0.0,,,,,,,,148.15,0.0
304,LAKSHDWEEP,KAVARATTI,,0.0,1805.5399999999997,0.0,1805.5399999999997,0.0,634.0,0.0,634.0,0.0,634.0,0.0,333.87,0.0,333.87,0.0,,0.0,0.0,0.0,0.0,0.0,0.0,0.0,0.0,0.0,0.0,0.0,0.0,0.0,0.0,,0.585,,0.585,,,,,,,,,0.0,334.45,0.0,334.45,,,,,,,,,,,,0.0,,,,0.0,0.0,0.0,0.0,0.0,0.0,0.0,0.0,0.0,0.0,67.17,0.0,67.17,0.0,-67.17,0.0,-67.17,0.0,267.28,0.0,267.28,0.0,133.78,0.0,133.78,0.0,133.5,0.0,133.5,,98.140105,,98.140105,,0.0,,0.0,,0.0,,0.0,,98.15,,98.15,,73.52059925093634,,73.52059925093634,0.0,98.59,0.0,98.59,0.0,34.900000000000006,0.0,34.900000000000006,,,,,,,0.0,0.0,0.0,,,,,0.0,0.0,133.5,0.0,0.0,,0.0,,0.0,,,,,,,,133.5,0.0
305,LAKSHDWEEP,KILTAN,,0.0,1805.5400000000002,0.0,1805.5400000000002,0.0,267.0,0.0,267.0,0.0,267.0,0.0,140.60000000000002,0.0,140.60000000000002,0.0,,0.0,0.0,0.0,0.0,0.0,0.0,0.0,0.0,0.0,0.0,0.0,0.0,0.0,0.0,,0.10300000000000001,,0.10300000000000001,,,,,,,,,0.0,140.7,0.0,140.7,,,,,,,,,,,,0.0,,,,0.0,0.0,0.0,0.0,0.0,0.0,0.0,0.0,0.0,0.0,28.94,0.0,28.94,0.0,-28.94,0.0,-28.94,0.0,111.75999999999999,0.0,111.75999999999999,0.0,56.28,0.0,56.28,0.0,55.48,0.0,55.48,,33.9724115,,33.9724115,,0.0,,0.0,,0.0,,0.0,,33.97,,33.97,,61.22927180966114,,61.22927180966114,0.0,34.13,0.0,34.13,0.0,21.36,0.0,21.36,,,,,,,0.0,0.0,0.0,,,,,0.0,0.0,55.48,0.0,0.0,,0.0,,0.0,,,,,,,,55.48,0.0
306,LAKSHDWEEP,MINICOY,,0.0,1805.54,0.0,1805.54,0.0,437.0,0.0,437.0,0.0,437.0,0.0,230.14000000000001,0.0,230.14000000000001,0.0,,0.0,0.0,0.0,0.0,0.0,0.0,0.0,0.0,0.0,0.0,0.0,0.0,0.0,0.0,,0.222,,0.222,,,,,,,,,0.0,230.36,0.0,230.36,,,,,,,,,,,,0.0,,,,0.0,0.0,0.0,0.0,0.0,0.0,0.0,0.0,0.0,0.0,47.3,0.0,47.3,0.0,-47.3,0.0,-47.3,0.0,183.06,0.0,183.06,0.0,92.14,0.0,92.14,0.0,90.91999999999999,0.0,90.91999999999999,,59.553107999999995,,59.553107999999995,,0.0,,0.0,,0.0,,0.0,,59.55,,59.55,,65.49714034315882,,65.49714034315882,0.0,59.83,0.0,59.83,0.0,31.09,0.0,31.09,,,,,,,0.0,0.0,0.0,,,,,0.0,0.0,90.92,0.0,0.0,,0.0,,0.0,,,,,,,,90.92,0.0
307,MADHYA PRADESH,AGAR MALWA,,1036.1,1036.1,0.0,1036.1,11375.0,240201.0,0.0,251576.0,20617.0,272193.0,1162.62,30594.39,0.0,31757.010000000002,822.45,,,822.45,575.2080000000001,0.0,0.0,575.21,136.71,8529.960000000001,0.0,8666.67,396.75,486.57,0.0,883.3199999999999,0.0,844.142,0.0,844.142,,,,,,,,,3093.74,40455.06,0.0,43548.8,,,,,,,,,,,,0.0,,,,0.0,,,,,,,,,,,,,,,,0.0,3093.74,40455.06,0.0,43548.8,154.69,2990.9,0.0,3145.59,2939.05,37464.16,0.0,40403.21,94.90145999999999,1571.74986,,1666.65132,0.0,3.6719,,3.6719,546.8148,34119.839199999995,,34666.653999999995,641.71,35695.25,,36336.96,21.833925928446266,95.27839407049296,,89.9358244060311,101.86,1664.46,0.0,1766.3200000000002,2290.38,4223.37,0.0,6513.75,,,,,,,,,,,,,,0.0,0.0,40403.21000000001,0.0,0.0,,0.0,,0.0,,,,,,,,40403.21000000001,0.0
308,MADHYA PRADESH,ALIRAJPUR,,0.0,836.2,0.0,836.2,0.0,305400.0,0.0,305400.0,26400.0,331800.0,0.0,18876.869999999995,0.0,18876.869999999995,0.0,,0.0,0.0,0.0,0.0,0.0,0.0,0.0,1680.5900000000001,0.0,1680.5900000000001,0.0,486.63,0.0,486.63,0.0,445.99,0.0,445.99,,,,,,,,,0.0,21490.070000000003,0.0,21490.070000000003,,,,,,,,,,,,0.0,,,,0.0,,,,,,,,,,,,,,,,0.0,0.0,21490.070000000003,0.0,21490.070000000003,0.0,1559.87,0.0,1559.87,0.0,19930.2,0.0,19930.2,,1910.8188,,1910.8188,,0.0,,0.0,,6722.33,,6722.33,,8633.15,,8633.15,,43.31692607199125,,43.31692607199125,0.0,2049.42,0.0,2049.42,0.0,11158.44,0.0,11158.44,,,,,,,,,,,,,,0.0,0.0,19930.2,0.0,0.0,,0.0,,0.0,,,,,,,,19930.2,0.0
309,MADHYA PRADESH,ANUPPUR,,0.0,1423.6000000000001,0.0,1423.6000000000001,0.0,294200.0,0.0,294200.0,78200.0,372400.0,0.0,28225.42,0.0,28225.42,0.0,,0.0,0.0,0.0,0.0,0.0,0.0,0.0,370.89,0.0,370.89,0.0,46.48,0.0,46.48,0.0,183.566,0.0,183.566,,,,,,,,,0.0,28826.36,0.0,28826.36,,,,,,,,,,,,0.0,,,,0.0,,,,,,,,,,,,,,,,0.0,0.0,28826.36,0.0,28826.36,0.0,1832.62,0.0,1832.62,0.0,26993.74,0.0,26993.74,,1562.46645,,1562.46645,,3303.31913,,3303.31913,,1483.548,,1483.548,,6349.330000000001,,6349.330000000001,,23.521490538176632,,23.521490538176632,0.0,1623.03,0.0,1623.03,0.0,20583.85,0.0,20583.85,,,,,,,,,,,,,,0.0,0.0,26993.74,0.0,0.0,,0.0,,0.0,,,,,,,,26993.74,0.0
310,MADHYA PRADESH,ASHOKNAGAR,,926.0,926.0,0.0,926.0,20650.0,441594.0,0.0,462244.0,5150.0,467394.0,1008.53,28219.96,0.0,29228.489999999998,1078.16,,0.0,1078.16,2912.6447999999996,0.0,0.0,2912.64,176.82,5168.530000000001,0.0,5345.35,238.4,165.91,0.0,404.30999999999995,87.2,436.88199999999995,0.0,524.082,,,,,,,,,5501.75,33991.3,0.0,39493.05,,,,,,,,,,,,0.0,,,,0.0,,,,,,,,,,,,,,,,0.0,5501.75,33991.3,0.0,39493.05,515.5,2153.21,0.0,2668.71,4986.25,31838.090000000004,0.0,36824.34,87.1182,1737.0948600000002,,1824.21306,0.0,1.4052499999999999,,1.4052499999999999,707.2632000000001,20674.1316,,21381.394800000002,794.38,22412.65,,23207.03,15.931411381298572,70.3957115517922,,63.02089867734222,92.05000000000001,1835.8,0.0,1927.85,4186.9400000000005,9326.73,0.0,13513.67,,,,,,,,,,,,,,0.0,0.0,36824.340000000004,0.0,0.0,,0.0,,0.0,,,,,,,,36824.340000000004,0.0
311,MADHYA PRADESH,BALAGHAT,,1471.6000000000001,1471.6,0.0,1471.6,101503.0,790290.0,0.0,891793.0,31107.0,922900.0,7990.37,62044.57,0.0,70034.94,476.37,,0.0,476.37,573.5507999999999,0.0,0.0,573.54,495.61,3305.1,0.0,3800.7100000000005,909.4000000000001,303.28000000000003,0.0,1212.68,45.540000000000006,1010.2199999999999,0.0,1055.76,,,,,,,,,10490.82,66663.17,0.0,77153.99,,,,,,,,,,,,0.0,,,,0.0,,,,,,,,,,,,,,,,0.0,10490.82,66663.17,0.0,77153.99,741.71,4463.240000000001,0.0,5204.94,9749.11,62199.93,0.0,71949.04000000001,478.34417999999994,3372.8343299999997,,3851.1785099999997,0.0,400.93395999999996,,400.93395999999996,1805.3442,10851.877799999998,,12657.222,2283.71,14625.65,,16909.360000000004,23.42480493091164,23.51393321503738,,23.5018563138577,499.1000000000001,3519.2700000000004,0.0,4018.3700000000003,7444.64,47427.85,0.0,54872.49,,,,,,,,,,,,,,0.0,0.0,71949.04000000001,0.0,0.0,,0.0,,0.0,,,,,,,,71949.04000000001,0.0
312,MADHYA PRADESH,BARWANI,,719.1999999999999,719.2,0.0,719.2000000000002,68712.0,298119.0,0.0,366831.0,175369.0,542200.0,4643.41,28100.0,0.0,32743.410000000003,1078.61,,0.0,1078.61,9670.007318400001,0.0,0.0,9670.01,626.86,7717.470000000001,0.0,8344.33,1280.67,121.93,0.0,1402.6,309.67400000000004,2293.168,0.0,2602.842,,,,,,,,,17609.22,38232.56,0.0,55841.78,,,,,,,,,,,,0.0,,,,0.0,,,,,,,,,,,,,,,,0.0,17609.22,38232.56,0.0,55841.78,880.47,2925.13,0.0,3805.6000000000004,16728.75,35307.43,0.0,52036.18000000001,588.28437,3139.5686699999997,,3727.85304,2.8350000000000004,35.153,,37.988,2507.4432,30869.8452,,33377.2884,3098.5699999999997,34044.58,,37143.14,18.522423970709106,96.4232740814044,,71.37945175837272,641.12,3498.79,0.0,4139.910000000001,13577.339999999998,5462.210000000001,0.0,19039.55,,,,,,,,,,,,,,0.0,0.0,52036.18,0.0,0.0,,0.0,,0.0,,,,,,,,52036.18,0.0
313,MADHYA PRADESH,BETUL,,1081.3,1081.3,0.0,1081.3,26248.0,830202.0,0.0,856450.0,147850.0,1004300.0,2433.85,85074.85999999999,0.0,87508.71,221.91,,0.0,221.91,3097.02528,0.0,0.0,3097.01,401.85,10804.08,0.0,11205.930000000002,564.27,1345.47,0.0,1909.7400000000002,32.46,922.9739999999999,0.0,955.4340000000001,,,,,,,,,6751.349999999999,98147.37,0.0,104898.72,,,,,,,,,,,,0.0,,,,0.0,,,,,,,,,,,,,,,,0.0,6751.349999999999,98147.37,0.0,104898.72,529.2099999999999,6619.2,0.0,7148.41,6222.1399999999985,91528.17000000001,0.0,97750.31,549.9768899999999,3176.5449147,,3726.5218047,0.0,168.93003,,168.93003,1607.4948,43025.3064,,44632.8012,2157.5099999999998,46370.79,,48528.3,34.67472605888007,50.662861499361334,,49.645162250636346,578.52,3339.0000000000005,0.0,3917.5199999999995,4036.0899999999997,44994.91,0.0,49031.0,,,,,,,,,,,,,,0.0,0.0,97750.31000000001,0.0,0.0,,0.0,,0.0,,,,,,,,97750.31000000001,0.0
314,MADHYA PRADESH,BHIND,,951.0,951.0,0.0,951.0,179891.0,266009.0,0.0,445900.0,0.0,445900.0,32476.190000000002,50094.07000000001,0.0,82570.26,6027.16,,0.0,6027.16,3860.505539999999,0.0,0.0,3860.51,0.0,5279.54,0.0,5279.54,0.0,1.15,0.0,1.15,6.6,294.992,0.0,301.59200000000004,,,,,,,,,42370.45999999999,55669.759999999995,0.0,98040.22,,,,,,,,,,,,0.0,,,,0.0,,,,,,,,,,,,,,,,0.0,42370.45999999999,55669.759999999995,0.0,98040.22,3169.3500000000004,4917.280000000001,0.0,8086.629999999999,39201.11,50752.48,0.0,89953.59,1246.6136999999999,2315.8812,,3562.4948999999997,148.38344999999998,100.50019499999999,,248.88364499999997,4444.0648,21118.176,,25562.2408,5839.039999999999,23534.579999999998,,29373.620000000003,14.895088429893946,46.371290624615774,,32.65419423504943,1315.0900000000001,2443.08,0.0,3758.17,33293.58,27090.7,0.0,60384.28,,,,,,,,,,,,,,0.0,0.0,89953.59,0.0,0.0,,0.0,,0.0,,,,,,,,89953.59,0.0
315,MADHYA PRADESH,BHOPAL,,0.0,1126.6488515861026,0.0,1126.6488515861026,0.0,264800.0,0.0,264800.0,12437.0,277237.0,0.0,31677.21,0.0,31677.21,0.0,,0.0,0.0,0.0,0.0,0.0,0.0,0.0,5979.09,0.0,5979.09,0.0,1490.14,0.0,1490.14,0.0,369.378,0.0,369.378,0.0,1234.6125,0.0,1234.6125,0.0,0.0,0.0,0.0,0.0,40750.43,0.0,40750.43,,,,,,,,,,,,0.0,,,,0.0,,,,,,,,,,,,,,,,0.0,0.0,40750.43,0.0,40750.43,0.0,2801.68,0.0,2801.68,0.0,37948.75,0.0,37948.75,,5110.129848749999,,5110.129848749999,,686.406695,,686.406695,,23916.384,,23916.384,,29712.91,,29712.91,,78.29746697849073,,78.29746697849073,0.0,5584.57,0.0,5584.57,0.0,7761.4,0.0,7761.4,,,,,,,,,,,,,,0.0,0.0,37948.75,0.0,0.0,,0.0,,0.0,,,,,,,,37948.75,0.0
316,MADHYA PRADESH,BURHANPUR,,883.8000000000001,883.8000000000001,0.0,883.8000000000001,11289.0,245761.0,0.0,257050.0,66250.0,323300.0,1186.16,26922.53,0.0,28108.690000000002,83.95,,0.0,83.95,1240.8889199999999,0.0,0.0,1240.8899999999999,86.56,4779.23,0.0,4865.790000000001,396.19,238.15999999999997,0.0,634.35,60.257999999999996,1687.462,0.0,1747.72,,,,,,,,,3054.01,33627.4,0.0,36681.41,,,,,,,,,,,,0.0,,,,0.0,,,,,,,,,,,,,,,,0.0,3054.01,33627.4,0.0,36681.41,152.7,2565.86,0.0,2718.56,2901.3100000000004,31061.54,0.0,33962.850000000006,149.67774,1579.0557,,1728.7334399999997,0.0,35.41898,,35.41898,386.6562,21553.829999999998,,21940.4862,536.33,23168.3,,23704.629999999997,18.48578745463256,74.58838164495386,,69.79576213421427,160.9,1698.24,0.0,1859.14,2353.76,7774.0599999999995,0.0,10127.82,,,,,,,,,,,,,,0.0,0.0,33962.85,0.0,0.0,,0.0,,0.0,,,,,,,,33962.85,0.0
317,MADHYA PRADESH,CHHATARPUR,,1092.7,1092.7,0.0,1092.7,116640.0,673794.0,0.0,790434.0,78302.0,868736.0,8365.05,56311.880000000005,0.0,64676.93,3858.06,,,3858.06,1977.588,0.0,0.0,1977.5899999999997,465.61999999999995,11969.04,0.0,12434.66,1274.13,765.45,0.0,2039.58,28.379999999999995,1746.1860000000001,0.0,1774.566,,,,,,,,,15968.83,70792.56,0.0,86761.39000000001,,,,,,,,,,,,0.0,,,,0.0,,,,,,,,,,,,,,,,0.0,15968.83,70792.56,0.0,86761.39000000001,1234.2800000000002,4627.35,0.0,5861.63,14734.55,66165.21,0.0,80899.76,609.3570975,2495.9090549999996,,3105.2661524999994,0.0,79.67949999999999,,79.67949999999999,1862.4884,47876.1624,,49738.650799999996,2471.8199999999997,50451.76,,52923.58,16.775673502075055,76.25119001360382,,65.41871076008137,652.3000000000001,2671.8200000000006,0.0,3324.12,12219.8,15578.669999999998,0.0,27798.469999999998,,,,,,,,,,,,,,0.0,0.0,80899.76000000001,0.0,0.0,,0.0,,0.0,,,,,,,,80899.76000000001,0.0
318,MADHYA PRADESH,CHHINDWARA,,1139.25,1139.25,0.0,1139.25,13311.0,871466.0,0.0,884777.0,296723.0,1181500.0,1081.81,86235.51999999999,0.0,87317.33,708.57,,0.0,708.57,1234.683,0.0,0.0,1234.68,181.39,13747.130000000001,0.0,13928.520000000002,304.11999999999995,563.26,0.0,867.38,119.64,632.6199999999999,,752.26,,,,,,,,,3630.21,101178.53000000001,0.0,104808.74,,,,,,,,,,,,0.0,,,,0.0,,,,,,,,,,,,,,,,0.0,3630.21,101178.53000000001,0.0,104808.74,296.44,6907.109999999999,0.0,7203.549999999999,3333.77,94271.42,0.0,97605.19,81.62349,5318.471939999999,,5400.095429999999,0.0,580.557025,,580.557025,753.72,54988.606,,55742.326,835.3399999999999,60887.64,,61722.979999999996,25.05691754380176,64.5875918703675,,63.23739547046626,84.19,5590.789999999999,0.0,5674.98,2495.87,33169.670000000006,0.0,35665.54000000001,,,,,,,,,,,,,,0.0,0.0,97605.19,0.0,0.0,,0.0,,0.0,,,,,,,,97605.19,0.0
319,MADHYA PRADESH,DAMOH,,1176.0,1176.0,0.0,1176.0,57667.0,416952.0,0.0,474619.0,255981.0,730600.0,3030.7,24946.609999999997,0.0,27977.309999999998,1403.3799999999999,,0.0,1403.3799999999999,3311.6040000000003,0.0,0.0,3311.6000000000004,145.94,4543.46,0.0,4689.42,1411.2199999999998,157.39,0.0,1568.61,21.9,406.6,0.0,428.5,,,,,,,,,9324.74,30054.04,0.0,39378.780000000006,,,,,,,,,,,,0.0,,,,0.0,,,,,,,,,,,,,,,,0.0,9324.74,30054.04,0.0,39378.780000000006,700.42,2102.19,0.0,2802.61,8624.320000000002,27951.85,0.0,36576.17,296.54352,2035.3969499999998,,2331.94047,0.0,299.3657,,299.3657,583.8048000000001,18173.862,,18757.6668,880.3199999999999,20508.62,,21388.93,10.207413454046229,73.37124376382958,,58.47777391673322,313.59000000000003,2421.59,0.0,2735.1800000000003,7726.960000000001,7057.030000000001,0.0,14783.990000000002,,,,,,,,,,,,,,0.0,0.0,36576.17,0.0,0.0,,0.0,,0.0,,,,,,,,36576.17,0.0
320,MADHYA PRADESH,DATIA,,963.8,963.8000000000001,0.0,963.8,132097.0,134103.0,0.0,266200.0,2900.0,269100.0,16056.050000000001,18866.77,0.0,34922.82,1081.8400000000001,,0.0,1081.8400000000001,3437.6885999999995,0.0,0.0,3437.69,1186.1999999999998,1958.0099999999998,0.0,3144.21,14.23,12.11,0.0,26.340000000000003,41.4,421.562,0.0,462.962,,,,,,,,,21817.41,21258.449999999997,0.0,43075.86,,,,,,,,,,,,0.0,,,,0.0,,,,,,,,,,,,,,,,0.0,21817.41,21258.449999999997,0.0,43075.86,1090.87,1862.67,0.0,2953.54,20726.54,19395.78,0.0,40122.31999999999,660.54999,1106.00694,,1766.55693,0.0,33.36099999999999,,33.36099999999999,4498.639999999999,8166.2016,,12664.8416,5159.1900000000005,9305.58,,14464.77,24.891708891112554,47.97734352524106,,36.05167896572283,708.4,1186.14,0.0,1894.54,15519.5,10010.07,0.0,25529.57,,,,,,,,,,,,,,0.0,0.0,40122.32,0.0,0.0,,0.0,,0.0,,,,,,,,40122.32,0.0
321,MADHYA PRADESH,DEWAS,,1069.0,1069.0,0.0,1069.0,18544.0,558538.0,0.0,577082.0,125002.0,702084.0,1691.3600000000001,64385.53999999999,0.0,66076.9,267.81,,,267.81,884.87964,0.0,0.0,884.88,111.26999999999998,14978.07,0.0,15089.339999999998,228.59,240.3,0.0,468.89,,3761.8979999999997,,3761.8979999999997,,,,,,,,,3183.9100000000003,83365.80999999998,0.0,86549.72,,,,,,,,,,,,0.0,,,,0.0,,,,,,,,,,,,,,,,0.0,3183.9100000000003,83365.80999999998,0.0,86549.72,318.39,5286.75,0.0,5605.14,2865.52,78079.06,0.0,80944.57999999999,125.71038,4175.00505,,4300.71543,0.0,95.482175,,95.482175,445.11999999999995,59912.28999999999,,60357.41,570.8299999999999,64182.8,,64753.630000000005,19.92064267567492,82.20232159557249,,79.99748716961656,137.06,4442.53,0.0,4579.59,2283.34,15731.74,0.0,18015.08,,,,,,,,,,,,,,0.0,0.0,80944.58,0.0,0.0,,0.0,,0.0,,,,,,,,80944.58,0.0
322,MADHYA PRADESH,DHAR,,902.3,902.3,0.0,902.3,149070.0,663570.0,0.0,812640.0,2660.0,815300.0,13046.87,73299.22,0.0,86346.09,3624.05,,0.0,3624.05,24737.154600399997,0.0,0.0,24737.15,1467.9099999999999,17604.219999999998,0.0,19072.12,1600.8300000000004,1225.69,0.0,2826.5200000000004,50.050000000000004,1804.428,,1854.4779999999998,,,,,,,,,44526.869999999995,93933.56999999999,0.0,138460.44,,,,,,,,,,,,0.0,,,,0.0,,,,,,,,,,,,,,,,0.0,44526.869999999995,93933.56999999999,0.0,138460.44,2548.71,8145.06,0.0,10693.76,41978.159999999996,85788.51,0.0,127766.66999999998,1058.77302,5010.597359999999,,6069.370379999999,0.0,635.013495,,635.013495,5871.529999999999,70982.06280000001,,76853.59279999998,6930.31,76627.65999999997,,83557.97,16.509322943168545,89.32158863698645,,65.398879066035,1135.0,5513.39,0.0,6648.400000000001,34971.60999999999,20175.49,0.0,55147.09999999999,,,,,,,,,,,,,,0.0,0.0,127766.66999999998,0.0,0.0,,0.0,,0.0,,,,,,,,127766.66999999998,0.0
323,MADHYA PRADESH,DINDORI,,0.0,1376.7,0.0,1376.7,0.0,456000.0,0.0,456000.0,116500.0,572500.0,0.0,34101.68,0.0,34101.68,,,,,0.0,0.0,0.0,0.0,0.0,579.02,0.0,579.02,,,,,0.0,327.50399999999996,0.0,327.50399999999996,,,,,,,,,0.0,35008.2,0.0,35008.2,,,,,,,,,,,,0.0,,,,0.0,,,,,,,,,,,,,,,,0.0,0.0,35008.2,0.0,35008.2,0.0,1750.3999999999999,0.0,1750.3999999999999,0.0,33257.8,0.0,33257.8,,1848.4081800000001,,1848.4081800000001,,0.0,,0.0,,2316.1771999999996,,2316.1771999999996,,4164.57,,4164.57,,12.522085044711314,,12.522085044711314,0.0,1986.4199999999998,0.0,1986.4199999999998,0.0,28955.23,0.0,28955.23,,,,,,,,,,,,,,0.0,0.0,33257.8,0.0,0.0,,0.0,,0.0,,,,,,,,33257.8,0.0
324,MADHYA PRADESH,GUNA,,1082.0,1082.0,0.0,1082.0,37209.0,580305.0,0.0,617514.0,21486.0,639000.0,3805.8900000000003,58684.59999999999,0.0,62490.490000000005,2114.4500000000003,,0.0,2114.4500000000003,3640.0643999999998,0.0,0.0,3640.0600000000004,302.61999999999995,11599.589999999998,0.0,11902.21,777.8100000000001,293.91,0.0,1071.72,33.120000000000005,429.66200000000003,0.0,462.782,,,,,,,,,10673.949999999999,71007.76,0.0,81681.70999999999,,,,,,,,,,,,0.0,,,,0.0,,,,,,,,,,,,,,,,0.0,10673.949999999999,71007.76,0.0,81681.70999999999,816.74,3550.38,0.0,4367.12,9857.210000000001,67457.38,0.0,77314.59000000001,163.78571999999997,2369.05878,,2532.8444999999997,0.0,78.23775,,78.23775,1210.5288,46398.263399999996,,47608.792199999996,1374.3200000000002,48845.57,,50219.89,13.94228184242803,72.4095273193237,,64.95525618127186,177.01,2538.97,0.0,2715.98,8469.67,18441.9,0.0,26911.57,,,,,,,,,,,,,,0.0,0.0,77314.59,0.0,0.0,,0.0,,0.0,,,,,,,,77314.59,0.0
325,MADHYA PRADESH,GWALIOR,,870.0,870.0,0.0,870.0,131133.0,297167.0,0.0,428300.0,28100.0,456400.0,17582.48,38610.54,0.0,56193.02,3909.5299999999997,,0.0,3909.5299999999997,15623.8344,0.0,0.0,15623.83,837.4899999999999,3675.54,0.0,4513.03,330.77,853.8,0.0,1184.5700000000002,4.8,356.18,0.0,360.98,0.0,459.9,0.0,459.9,0.0,0.0,0.0,0.0,38288.9,43955.97,0.0,82244.87000000001,,,,,,,,,,,,0.0,,,,0.0,,,,,,,,,,,,,,,,0.0,38288.9,43955.97,0.0,82244.87000000001,2075.56,4395.59,0.0,6471.15,36213.340000000004,39560.38,0.0,75773.72,339.19595999999996,5145.17724,,5484.3732,0.0,270.77743999999996,,270.77743999999996,3349.9728,14702.1748,,18052.147600000004,3689.16,20118.129999999997,,23807.29,10.187295620895503,50.85423850832576,,31.418927300916465,350.68,5652.540000000001,0.0,6003.22,32512.7,18934.879999999997,0.0,51447.58,,,,,,,,,,,,,,0.0,0.0,75773.72,0.0,0.0,,0.0,,0.0,,,,,,,,75773.72,0.0
326,MADHYA PRADESH,HARDA,,1374.5,1374.5,0.0,1374.5,79150.0,190940.0,0.0,270090.0,62910.0,333000.0,10774.97,17406.760000000002,0.0,28181.730000000003,7578.09,,0.0,7578.09,7456.05,0.0,0.0,7456.05,423.78999999999996,3180.06,0.0,3603.85,52.56999999999999,0.46,0.0,53.03,41.62,42.556,0.0,84.176,,,,,,,,,26327.09,20629.829999999998,0.0,46956.92,,,,,,,,,,,,0.0,,,,0.0,,,,,,,,,,,,,,,,0.0,26327.09,20629.829999999998,0.0,46956.92,1631.23,1378.0900000000001,0.0,3009.31,24695.86,19251.739999999998,0.0,43947.600000000006,184.43304,1059.56142,,1243.99446,0.0,16.1695,,16.1695,1412.6399999999999,12992.4,,14405.039999999999,1597.06,14068.130000000001,,15665.189999999999,6.466913887590875,73.07458962150955,,35.64515468421483,197.31,1133.54,0.0,1330.85,23085.92,5109.63,0.0,28195.55,,,,,,,,,,,,,,0.0,0.0,43947.6,0.0,0.0,,0.0,,0.0,,,,,,,,43947.6,0.0
327,MADHYA PRADESH,HOSHANGABAD,,1324.5,1324.5,0.0,1324.5,253623.0,304729.0,0.0,558352.0,112048.0,670400.0,70765.41,59690.33,0.0,130455.73999999999,17689.760000000002,,,17689.760000000002,20742.264000000003,0.0,0.0,20742.26,2038.89,7977.42,0.0,10016.31,67.67,57.97,,125.64,9.6,234.32600000000002,0.0,243.926,,,,,,,,,111313.59,67960.06999999999,0.0,179273.66,,,,,,,,,,,,0.0,,,,0.0,,,,,,,,,,,,,,,,0.0,111313.59,67960.06999999999,0.0,179273.66,10447.96,5129.34,0.0,15577.28,100865.62999999999,62830.73,0.0,163696.36,949.55553,1301.86302,,2251.41855,2.4016999999999995,16.233374999999995,,18.635074999999997,8155.511999999999,31909.68,,40065.191999999995,9107.45,33227.78,,42335.229999999996,9.029289759058662,52.884599621872916,,25.862047268491494,993.5799999999999,1362.22,0.0,2355.8,91714.16,29542.590000000004,0.0,121256.75,,,,,,,,,,,,,,0.0,0.0,163696.36,0.0,0.0,,0.0,,0.0,,,,,,,,163696.36,0.0
328,MADHYA PRADESH,INDORE,,976.8,976.8000000000001,0.0,976.8,5376.0,376521.0,0.0,381897.0,7903.0,389800.0,506.52,41117.08,0.0,41623.6,53.17,,0.0,53.17,224.856,0.0,0.0,224.84999999999997,117.87,13487.529999999999,0.0,13605.4,267.55,1250.47,0.0,1518.02,,492.092,,492.092,0.0,1231.875,0.0,1231.875,0.0,0.0,0.0,0.0,1169.96,57579.06,0.0,58749.020000000004,,,,,,,,,,,,0.0,,,,0.0,,,,,,,,,,,,,,,,0.0,1169.96,57579.06,0.0,58749.020000000004,87.19,5225.469999999999,0.0,5312.66,1082.77,52353.590000000004,0.0,53436.36,149.54196,7720.9684612500005,,7870.510421249999,0.0,1500.834471,,1500.834471,471.49,53950.079600000005,,54421.5696,621.03,63171.899999999994,,63792.93000000001,57.35567110281961,120.66393154700563,,119.38112925356444,158.26,8808.04,0.0,8966.300000000001,453.02,2094.04,0.0,2547.06,,,,,,,,,,,,,,0.0,0.0,53436.35999999999,0.0,0.0,,0.0,,0.0,,,,,,,,53436.35999999999,0.0
329,MADHYA PRADESH,JABALPUR,,1279.45,1279.45,0.0,1279.45,80876.0,362992.0,0.0,443868.0,78225.0,522093.0,13895.82,40832.71000000001,0.0,54728.53,291.37,,0.0,291.37,2938.0434,0.0,0.0,2938.0499999999997,1290.99,5766.8099999999995,0.0,7057.800000000001,163.31,163.55,0.0,326.86,101.58,737.5239999999999,,839.1039999999999,0.0,547.5,0.0,547.5,0.0,0.0,0.0,0.0,18681.120000000003,48048.08,0.0,66729.2,,,,,,,,,,,,0.0,,,,0.0,,,,,,,,,,,,,,,,0.0,18681.120000000003,48048.08,0.0,66729.2,1195.71,4236.66,0.0,5432.369999999999,17485.41,43811.42,0.0,61296.83,548.3453400000001,5285.996293124999,,5834.341633124999,0.0,318.94393499999995,,318.94393499999995,4499.7876,20796.11,,25295.8976,5048.14,26401.03,,31449.170000000002,28.87058410411881,60.26061241566697,,51.30635629933881,573.98,5892.199999999999,0.0,6466.179999999999,12411.64,17292.53,0.0,29704.17,,,,,,,,,,,,,,0.0,0.0,61296.83,0.0,0.0,,0.0,,0.0,,,,,,,,61296.83,0.0
330,MADHYA PRADESH,JHABUA,,835.1,835.1,0.0,835.1,17018.0,294235.0,0.0,311253.0,34747.0,346000.0,1834.98,18317.38,0.0,20152.36,138.7,,0.0,138.7,2064.42,0.0,0.0,2064.42,84.76,1945.7800000000002,0.0,2030.54,108.61,1157.73,0.0,1266.34,0.0,430.98,0.0,430.98,,,,,,,,,4231.47,21851.87,0.0,26083.34,,,,,,,,,,,,0.0,,,,0.0,,,,,,,,,,,,,,,,0.0,4231.47,21851.87,0.0,26083.34,423.15,1379.71,0.0,1802.8600000000001,3808.3199999999997,20472.16,0.0,24280.480000000003,125.87025,2684.33994,,2810.21019,0.0,0.43873,,0.43873,282.528,7783.106,,8065.634,408.39,10467.890000000001,,10876.28,10.723626165868415,51.132318231197885,,44.79433685001285,142.35,3005.5000000000005,0.0,3147.8500000000004,3383.45,9683.11,0.0,13066.560000000001,,,,,,,,,,,,,,0.0,0.0,24280.48,0.0,0.0,,0.0,,0.0,,,,,,,,24280.48,0.0
331,MADHYA PRADESH,KATNI,,1171.3999999999999,1171.3999999999999,0.0,1171.3999999999999,33404.0,433244.0,0.0,466648.0,22752.0,489400.0,2126.55,32221.050000000003,0.0,34347.600000000006,462.65999999999997,,0.0,462.65999999999997,1270.161,0.0,0.0,1270.17,114.92,3388.75,0.0,3503.67,377.59999999999997,145.67000000000002,0.0,523.27,71.58,746.4359999999999,0.0,818.016,,,,,,,,,4423.4800000000005,36501.93,0.0,40925.409999999996,,,,,,,,,,,,0.0,,,,0.0,,,,,,,,,,,,,,,,0.0,4423.4800000000005,36501.93,0.0,40925.409999999996,353.06,2543.1600000000003,0.0,2896.2200000000003,4070.42,33958.770000000004,0.0,38029.19,233.95331999999996,2552.8392,,2786.79252,0.0,1116.1846,,1116.1846,459.6804,13555.047599999998,,14014.728,693.63,17224.05,,17917.68,17.0407476378359,50.72047662503676,,47.11559725568701,251.51999999999998,2744.59,0.0,2996.11,3359.23,16542.96,0.0,19902.19,,,,,,,,,,,,,,0.0,0.0,38029.189999999995,0.0,0.0,,0.0,,0.0,,,,,,,,38029.189999999995,0.0
332,MADHYA PRADESH,KHANDWA,,951.6500000000002,951.6500000000002,0.0,951.6500000000002,92560.0,488886.0,0.0,581446.0,171004.0,752450.0,7699.97,49249.56,0.0,56949.53,1143.21,,0.0,1143.21,40331.92563648001,0.0,0.0,40331.92,646.25,9489.15,0.0,10135.400000000001,3060.0199999999995,276.35,0.0,3336.37,228.606,1767.3300000000002,0.0,1995.9360000000001,,,,,,,,,53109.97,60782.399999999994,0.0,113892.36999999998,,,,,,,,,,,,0.0,,,,0.0,,,,,,,,,,,,,,,,0.0,53109.97,60782.399999999994,0.0,113892.36999999998,5029.76,3666.3599999999997,0.0,8696.11,48080.21,57116.04,0.0,105196.25000000001,546.81672,2478.3766815,,3025.1934014999997,0.0,69.6404,,69.6404,2584.9820799999998,37956.583999999995,,40541.566080000004,3131.8,40504.6,,43636.399999999994,6.51369867144923,70.91633103415433,,41.48094632650878,584.26,2659.6600000000003,0.0,3243.92,44910.97,16430.160000000003,0.0,61341.130000000005,,,,,,,,,,,,,,0.0,0.0,105196.25,0.0,0.0,,0.0,,0.0,,,,,,,,105196.25,0.0
333,MADHYA PRADESH,KHARGONE,,782.9,782.9,0.0,782.9,156918.0,499979.0,0.0,656897.0,146103.0,803000.0,11021.37,43234.619999999995,0.0,54255.99,3888.8700000000003,,0.0,3888.8700000000003,20296.083287879996,0.0,0.0,20296.09,887.07,8544.45,0.0,9431.52,2360.4,916.31,0.0,3276.7100000000005,1222.48,5130.860000000001,0.0,6353.34,,,,,,,,,39676.28,57826.26,0.0,97502.54,,,,,,,,,,,,0.0,,,,0.0,,,,,,,,,,,,,,,,0.0,39676.28,57826.26,0.0,97502.54,2233.13,3121.5700000000006,0.0,5354.700000000001,37443.15,54704.69,0.0,92147.84000000001,1244.0776799999999,3274.0091565000002,,4518.0868365,3.024,75.2336,,78.2576,3548.21544,34177.736000000004,,37725.95144,4795.32,37526.939999999995,,42322.26,12.806935313935924,68.59912742399233,,45.92865117619686,1335.96,3530.65,0.0,4866.610000000001,32555.949999999997,16921.09,0.0,49477.03999999999,,,,,,,,,,,,,,0.0,0.0,92147.84,0.0,0.0,,0.0,,0.0,,,,,,,,92147.84,0.0
334,MADHYA PRADESH,MANDLA,,1427.7,1427.7,0.0,1427.7,31070.0,542920.0,0.0,573990.0,180410.0,754400.0,2883.7799999999997,41111.59,0.0,43995.369999999995,1814.45,,0.0,1814.45,534.5999999999999,0.0,0.0,534.6,77.93,1674.14,0.0,1752.0700000000002,422.73,292.2,0.0,714.9300000000001,0.0,422.71399999999994,0.0,422.71399999999994,,,,,,,,,5733.49,43500.630000000005,0.0,49234.12,,,,,,,,,,,,0.0,,,,0.0,,,,,,,,,,,,,,,,0.0,5733.49,43500.630000000005,0.0,49234.12,286.66999999999996,2175.02,0.0,2461.69,5446.820000000001,41325.60999999999,0.0,46772.43,337.67172,2200.293,,2537.96472,0.0,0.073,,0.073,311.715,6696.54,,7008.255,649.3700000000001,8896.91,,9546.28,11.922002195776619,21.52880501945404,,20.410057805420845,357.97,2332.52,0.0,2690.4900000000002,4777.16,32296.48,0.0,37073.64,,,,,,,,,,,,,,0.0,0.0,46772.43,0.0,0.0,,0.0,,0.0,,,,,,,,46772.43,0.0
335,MADHYA PRADESH,MANDSAUR,,753.7,753.6999999999999,0.0,753.6999999999999,74088.0,421552.0,0.0,495640.0,57366.0,553006.0,6716.490000000001,40379.909999999996,0.0,47096.4,327.59999999999997,,,327.59999999999997,793.1519999999999,0.0,0.0,793.1499999999999,1359.3200000000002,14370.39,0.0,15729.71,2643.73,0.0,0.0,2643.73,239.39999999999998,3065.412,,3304.812,,,,,,,,,12079.69,57815.7,0.0,69895.39000000001,,,,,,,,,,,,0.0,,,,0.0,,,,,,,,,,,,,,,,0.0,12079.69,57815.7,0.0,69895.39000000001,932.3399999999999,5781.57,0.0,6713.910000000001,11147.350000000002,52034.13,0.0,63181.479999999996,0.0,3105.12435,,3105.12435,0.0,43.648889999999994,,43.648889999999994,5437.242000000001,57481.4916,,62918.73360000001,5437.26,60630.29,,66067.54999999999,48.77625624027234,116.52023393107562,,104.56790502533335,0.0,3244.75,0.0,3244.75,5710.09,890.97,0.0,6601.06,,,,,,,,,,,,,,0.0,0.0,63181.479999999996,0.0,0.0,,0.0,,0.0,,,,,,,,63181.479999999996,0.0
336,MADHYA PRADESH,MORENA,,753.0,753.0,0.0,753.0,224789.0,213700.0,0.0,438489.0,58400.0,496889.0,29238.389999999996,20945.480000000003,0.0,50183.87,10037.27,,0.0,10037.27,4177.608,0.0,0.0,4177.61,1661.2299999999998,2494.45,0.0,4155.68,239.26999999999998,151.69,0.0,390.96000000000004,51.03999999999999,814.868,,865.9080000000001,,,,,,,,,45404.810000000005,24406.5,0.0,69811.31,,,,,,,,,,,,0.0,,,,0.0,,,,,,,,,,,,,,,,0.0,45404.810000000005,24406.5,0.0,69811.31,3541.89,1653.8799999999999,0.0,5195.77,41862.92,22752.620000000003,0.0,64615.53999999999,2855.0789099999997,3025.9558500000003,,5881.03476,0.0,86.3371,,86.3371,8806.9296,11156.248800000001,,19963.1784,11662.0,14268.520000000002,,25930.520000000004,27.857588529419353,62.71154706578847,,40.130470162440815,3071.8500000000004,3276.57,0.0,6348.420000000001,29984.15,8233.48,0.0,38217.630000000005,,,,,,,,,,,,,,0.0,0.0,64615.54,0.0,0.0,,0.0,,0.0,,,,,,,,64615.54,0.0
337,MADHYA PRADESH,NARSINGHPUR,,1191.0,1191.0,0.0,1191.0,52769.0,426331.0,0.0,479100.0,34200.0,513300.0,12108.539999999999,92643.07999999999,0.0,104751.62,2076.27,,0.0,2076.27,371.70000000000005,0.0,0.0,371.7,283.87,16366.48,0.0,16650.35,0.0,3.6400000000000006,0.0,3.6400000000000006,0.0,74.83599999999998,,74.83599999999998,,,,,,,,,14840.380000000001,109088.02,0.0,123928.4,,,,,,,,,,,,0.0,,,,0.0,,,,,,,,,,,,,,,,0.0,14840.380000000001,109088.02,0.0,123928.4,936.4000000000001,10229.67,0.0,11166.07,13903.98,98858.34999999999,0.0,112762.33,105.03678,2242.5490499999996,,2347.58583,0.0,199.655,,199.655,1135.5120000000002,71812.44,,72947.95199999999,1240.56,74254.64,,75495.2,8.92233734513427,75.11215795125045,,66.95072725084698,109.75,2343.21,0.0,2452.96,12658.710000000001,24503.049999999996,0.0,37161.759999999995,,,,,,,,,,,,,,0.0,0.0,112762.33,0.0,0.0,,0.0,,0.0,,,,,,,,112762.33,0.0
338,MADHYA PRADESH,NEEMUCH,,854.8500000000001,854.85,0.0,854.8500000000001,17976.0,357768.0,0.0,375744.0,44300.0,420044.0,1174.44,27744.11,0.0,28918.549999999996,201.60000000000002,,,201.60000000000002,447.5519999999999,0.0,0.0,447.56000000000006,252.54,8265.71,0.0,8518.25,0.0,753.4399999999999,,753.4399999999999,0.0,1325.732,,1325.732,,,,,,,,,2076.1400000000003,38089.0,0.0,40165.14,,,,,,,,,,,,0.0,,,,0.0,,,,,,,,,,,,,,,,0.0,2076.1400000000003,38089.0,0.0,40165.14,207.61999999999998,3808.89,0.0,4016.51,1868.52,34280.11,0.0,36148.63,95.37669,1673.6741025000001,,1769.0507925,0.0,29.849999999999998,,29.849999999999998,1010.1672000000001,33062.8176,,34072.984800000006,1105.55,34766.33,,35871.88,59.167148331299636,101.41837351163691,,99.2344108199951,99.6,1746.6,0.0,1846.1999999999998,758.74,2087.76,0.0,2846.5,,,,,,,,,,,,,,0.0,0.0,36148.63,0.0,0.0,,0.0,,0.0,,,,,,,,36148.63,0.0
339,MADHYA PRADESH,NIWARI,,943.6,943.6000000000001,0.0,943.5999999999999,12830.0,139732.0,0.0,152562.0,3900.0,156462.0,1274.3600000000001,13185.14,0.0,14459.5,301.2,,0.0,301.2,569.268,0.0,0.0,569.27,196.62,2683.39,0.0,2880.01,319.73,109.26,,428.99,444.72,559.982,,1004.702,,,,,,,,,3105.8999999999996,16537.77,0.0,19643.67,,,,,,,,,,,,0.0,,,,0.0,,,,,,,,,,,,,,,,0.0,3105.8999999999996,16537.77,0.0,19643.67,155.29000000000002,1368.27,0.0,1523.5500000000002,2950.61,15169.500000000002,0.0,18120.11,159.64661999999998,970.7311874999999,,1130.3778074999998,0.0,5.788169999999999,,5.788169999999999,786.5423999999999,10733.580000000002,,11520.1224,946.18,11710.11,,12656.289999999999,32.06726744639244,77.1950954217344,,69.84665104130163,193.82999999999998,1145.48,0.0,1339.31,1970.25,3284.6500000000005,0.0,5254.900000000001,,,,,,,,,,,,,,0.0,0.0,18120.11,0.0,0.0,,0.0,,0.0,,,,,,,,18120.11,0.0
340,MADHYA PRADESH,PANNA,,1182.8999999999999,1182.9293505652124,0.0,1182.9279012792936,32712.0,629763.0,0.0,662475.0,51025.0,713500.0,2176.8100000000004,44853.34,0.0,47030.149999999994,641.86,,0.0,641.86,1850.3640000000003,0.0,0.0,1850.36,163.71,3779.06,0.0,3942.77,575.0,311.03,0.0,886.03,33.36,276.992,0.0,310.352,,,,,,,,,5441.1,49220.42999999999,0.0,54661.53,,,,,,,,,,,,0.0,,,,0.0,,,,,,,,,,,,,,,,0.0,5441.1,49220.42999999999,0.0,54661.53,455.71999999999997,3604.3200000000006,0.0,4060.04,4985.38,45616.11,0.0,50601.49,206.03301,2271.7871925,,2477.8202025,0.0,210.9408,,210.9408,654.8256000000001,15116.166000000001,,15770.991600000001,860.8799999999999,17598.87,,18459.75,17.268091900717696,38.58038311464963,,36.48064513515313,219.15,2416.42,0.0,2635.5699999999997,4111.38,27872.61,0.0,31983.99,,,,,,,,,,,,,,0.0,0.0,50601.49,0.0,0.0,,0.0,,0.0,,,,,,,,50601.49,0.0
341,MADHYA PRADESH,RAISEN,,1207.3,1207.3,0.0,1207.3,58600.0,602340.0,0.0,660940.0,185700.0,846640.0,14945.33,64530.270000000004,0.0,79475.59999999999,225.28,,0.0,225.28,91.09799999999998,0.0,0.0,91.09,332.43,10324.57,0.0,10657.0,1762.99,649.9300000000001,0.0,2412.9199999999996,0.0,535.9939999999999,0.0,535.9939999999999,,,,,,,,,17357.12,76040.78000000001,0.0,93397.90000000001,,,,,,,,,,,,0.0,,,,0.0,,,,,,,,,,,,,,,,0.0,17357.12,76040.78000000001,0.0,93397.90000000001,1735.71,4848.27,0.0,6583.98,15621.41,71192.51,0.0,86813.91999999998,255.51167999999998,3162.2899199999997,,3417.8016,0.0,548.17525,,548.17525,1329.696,41298.255,,42627.951,1585.2,45008.72,,46593.92,10.147611515221739,63.221145033375,,53.671024185983086,271.93,3455.59,0.0,3727.52,14019.79,25890.49,0.0,39910.28,,,,,,,,,,,,,,0.0,0.0,86813.92000000001,0.0,0.0,,0.0,,0.0,,,,,,,,86813.92000000001,0.0
342,MADHYA PRADESH,RAJGARH,,0.0,972.0,0.0,972.0,0.0,615498.0,0.0,615498.0,0.0,615498.0,0.0,71614.53,0.0,71614.53,,,,,0.0,0.0,0.0,0.0,0.0,18387.85,0.0,18387.85,0.0,735.8800000000001,0.0,735.8800000000001,,1124.996,,1124.996,,,,,,,,,0.0,91863.23999999999,0.0,91863.23999999999,,,,,,,,,,,,0.0,,,,0.0,,,,,,,,,,,,,,,,0.0,0.0,91863.23999999999,0.0,91863.23999999999,0.0,5339.0199999999995,0.0,5339.0199999999995,0.0,86524.22000000002,0.0,86524.22000000002,,4120.758749999999,,4120.758749999999,,11.569130000000001,,11.569130000000001,,73551.3744,,73551.3744,,77683.72,,77683.72,,89.7826296498252,,89.7826296498252,0.0,4534.900000000001,0.0,4534.900000000001,0.0,9937.220000000001,0.0,9937.220000000001,,,,,,,,,,,,,,0.0,0.0,86524.22000000002,0.0,0.0,,0.0,,0.0,,,,,,,,86524.22000000002,0.0
343,MADHYA PRADESH,RATLAM,,992.85,992.85,0.0,992.85,8614.0,452986.0,0.0,461600.0,24500.0,486100.0,506.19,54201.170000000006,0.0,54707.36,1008.0,,,1008.0,19.44,0.0,0.0,19.44,54.5,24805.07,0.0,24859.57,250.18,600.23,0.0,850.41,0.0,3571.614,0.0,3571.614,,,,,,,,,1838.31,83178.11,0.0,85016.42,,,,,,,,,,,,0.0,,,,0.0,,,,,,,,,,,,,,,,0.0,1838.31,83178.11,0.0,85016.42,91.91,8021.84,0.0,8113.75,1746.4,75156.27,0.0,76902.67,14.464949999999998,4435.6544699999995,,4450.11942,0.0,37.378226500000004,,37.378226500000004,218.0,99220.312,,99438.312,232.46999999999997,103693.34000000001,,103925.81000000001,13.311383417315618,137.97031172515614,,135.13940413252234,15.46,6050.639999999999,0.0,6066.099999999999,1512.93,864.92,0.0,2377.85,,,,,,,,,,,,,,0.0,0.0,76902.66999999998,0.0,0.0,,0.0,,0.0,,,,,,,,76902.66999999998,0.0
344,MADHYA PRADESH,REWA,,1141.45,1141.4499999999998,0.0,1141.45,85364.0,508396.0,0.0,593760.0,37600.0,631360.0,3820.0599999999995,41429.62,0.0,45249.68,2227.3500000000004,,0.0,2227.3500000000004,889.41834,0.0,0.0,889.4200000000001,567.47,4775.6,0.0,5343.07,201.31,207.85999999999999,0.0,409.1700000000001,11.219999999999999,452.1940000000001,,463.41399999999993,,,,,,,,,7716.829999999999,46865.24,0.0,54582.07,,,,,,,,,,,,0.0,,,,0.0,,,,,,,,,,,,,,,,0.0,7716.829999999999,46865.24,0.0,54582.07,577.84,4183.27,0.0,4761.11,7138.989999999999,42681.969999999994,0.0,49820.96,1163.64993,4504.9816574999995,,5668.6315875,75.168,110.55852000000002,,185.72651999999997,2269.8576000000003,19102.337,,21372.194599999995,3508.67,23717.88,,27226.55,49.14798872109361,55.56885026628341,,54.648786374248914,1263.8400000000001,4921.21,0.0,6185.05,3530.1299999999997,18547.86,0.0,22077.99,,,,,,,,,,,,,,0.0,0.0,49820.95999999999,0.0,0.0,,0.0,,0.0,,,,,,,,49820.95999999999,0.0
345,MADHYA PRADESH,SAGAR,,1205.0,1205.0,0.0,1205.0,40053.0,885365.0,0.0,925418.0,99782.0,1025200.0,3407.17,89027.47,0.0,92434.64000000001,889.6200000000001,,0.0,889.6200000000001,1061.2092862911795,0.0,0.0,1061.21,296.84999999999997,14094.769999999999,0.0,14391.619999999999,1033.16,330.79,0.0,1363.95,38.58,619.268,0.0,657.8460000000001,,,,,,,,,6726.589999999999,104072.31,0.0,110798.89999999998,,,,,,,,,,,,0.0,,,,0.0,,,,,,,,,,,,,,,,0.0,6726.589999999999,104072.31,0.0,110798.89999999998,445.1,7982.460000000001,0.0,8427.56,6281.490000000001,96089.85,0.0,102371.34,157.4779725,3650.4343500000004,,3807.9123224999994,0.0,80.77632499999999,,80.77632499999999,893.6784,55913.266800000005,,56806.9452,1051.17,59644.490000000005,,60695.66,16.734405371973846,62.0715819620907,,59.289699636636584,164.89,3924.87,0.0,4089.7599999999998,5222.9000000000015,36170.93,0.0,41393.83,,,,,,,,,,,,,,0.0,0.0,102371.34000000001,0.0,0.0,,0.0,,0.0,,,,,,,,102371.34000000001,0.0
346,MADHYA PRADESH,SATNA,,1075.5,1075.5,0.0,1075.5,47108.0,624998.0,0.0,672106.0,79910.0,752016.0,2980.34,54270.85,0.0,57251.19000000001,594.0699999999999,,0.0,594.0699999999999,5665.8915,0.0,0.0,5665.900000000001,122.41999999999999,9732.15,0.0,9854.570000000002,0.0,136.58,0.0,136.58,48.0,920.2719999999999,0.0,968.2719999999999,,,,,,,,,9410.730000000001,65059.83999999999,0.0,74470.57,,,,,,,,,,,,0.0,,,,0.0,,,,,,,,,,,,,,,,0.0,9410.730000000001,65059.83999999999,0.0,74470.57,796.06,4656.24,0.0,5452.290000000001,8614.67,60403.6,0.0,69018.26999999999,363.76775999999995,4403.196479999999,,4766.964239999999,0.0,1084.309515,,1084.309515,489.7368,38928.645,,39418.381799999996,853.52,44416.17,,45269.689999999995,9.907750383938097,73.53232257680006,,65.59087905274937,387.45,4689.86,0.0,5077.3099999999995,7737.469999999999,17732.61,0.0,25470.08,,,,,,,,,,,,,,0.0,0.0,69018.27,0.0,0.0,,0.0,,0.0,,,,,,,,69018.27,0.0
347,MADHYA PRADESH,SEHORE,,1176.5,1176.5,0.0,1176.5,95559.0,368413.0,0.0,463972.0,193828.0,657800.0,9999.109999999999,45599.66,0.0,55598.77,3247.5400000000004,,0.0,3247.5400000000004,3124.3319999999994,0.0,0.0,3124.33,870.0999999999999,9026.04,0.0,9896.140000000001,1067.19,344.39,0.0,1411.5800000000002,23.64,665.932,,689.572,,,,,,,,,18331.91,55636.030000000006,0.0,73967.94,,,,,,,,,,,,0.0,,,,0.0,,,,,,,,,,,,,,,,0.0,18331.91,55636.030000000006,0.0,73967.94,1833.19,4640.160000000001,0.0,6473.35,16498.72,50995.869999999995,0.0,67494.59,365.55260999999996,2161.5524475,,2527.1050575,0.0,117.4685,,117.4685,2951.0448,36104.230800000005,,39055.2756,3316.59,38383.280000000006,,41699.87,20.102104890561208,75.26742851921148,,61.782536941108916,393.95,2321.02,0.0,2714.97,13153.73,12453.130000000001,0.0,25606.86,,,,,,,,,,,,,,0.0,0.0,67494.59,0.0,0.0,,0.0,,0.0,,,,,,,,67494.59,0.0
348,MADHYA PRADESH,SEONI,,1323.6,1323.6,0.0,1323.6000000000001,71956.0,733064.0,0.0,805020.0,70780.0,875800.0,4551.81,59051.75,0.0,63603.56,608.95,,0.0,608.95,897.0773999999999,0.0,0.0,897.0799999999999,204.14,6098.26,0.0,6302.4,181.42,243.47,0.0,424.89,37.68,553.9459999999999,,591.626,,,,,,,,,6481.080000000001,65947.42000000001,0.0,72428.5,,,,,,,,,,,,0.0,,,,0.0,,,,,,,,,,,,,,,,0.0,6481.080000000001,65947.42000000001,0.0,72428.5,490.5,3544.48,0.0,4034.9800000000005,5990.58,62402.94,0.0,68393.52,278.32053,3050.2101,,3328.53063,0.0,4.90925,,4.90925,789.9136000000001,24174.90148,,24964.81508,1068.22,27230.02,,28298.24,17.831662376597926,43.63579664676055,,41.37561570160448,295.4,3237.3199999999997,0.0,3532.72,4905.28,34985.8,0.0,39891.08,,,,,,,,,,,,,,0.0,0.0,68393.51999999999,0.0,0.0,,0.0,,0.0,,,,,,,,68393.51999999999,0.0
349,MADHYA PRADESH,SHAHDOL,,1131.4,1131.4,0.0,1131.4,5047.0,492753.0,0.0,497800.0,86300.0,584100.0,255.95,54253.32,0.0,54509.27,456.58,,0.0,456.58,0.0,0.0,0.0,0.0,5.0,776.1400000000001,0.0,781.1400000000001,0.0,154.4,0.0,154.4,0.0,69.384,0.0,69.384,,,,,,,,,717.53,55253.26,0.0,55970.79,,,,,,,,,,,,0.0,,,,0.0,,,,,,,,,,,,,,,,0.0,717.53,55253.26,0.0,55970.79,35.87,2762.66,0.0,2798.5299999999997,681.6600000000001,52490.600000000006,0.0,53172.26,52.89288,2254.55682,,2307.4496999999997,0.0,1673.306,,1673.306,20.0,3104.5679999999998,,3124.5679999999998,72.89,7032.4400000000005,,7105.33,10.693014112607457,13.397522604047198,,13.362851231074247,55.94,2384.5299999999997,0.0,2440.47,605.72,45328.189999999995,0.0,45933.909999999996,,,,,,,,,,,,,,0.0,0.0,53172.26000000001,0.0,0.0,,0.0,,0.0,,,,,,,,53172.26000000001,0.0
350,MADHYA PRADESH,SHAJAPUR,,0.0,1036.0999999999997,0.0,1036.0999999999997,0.0,340617.0,0.0,340617.0,6708.0,347325.0,0.0,41301.490000000005,0.0,41301.490000000005,,,,,0.0,0.0,0.0,0.0,0.0,13195.71,0.0,13195.71,0.0,571.79,0.0,571.79,0.0,635.056,0.0,635.056,,,,,,,,,0.0,55704.05,0.0,55704.05,,,,,,,,,,,,0.0,,,,0.0,,,,,,,,,,,,,,,,0.0,0.0,55704.05,0.0,55704.05,0.0,4235.84,0.0,4235.84,0.0,51468.21,0.0,51468.21,,2182.06563,,2182.06563,,54.547132999999995,,54.547132999999995,,52782.8292,,52782.8292,,55019.46,,55019.46,,106.89989024292859,,106.89989024292859,0.0,2288.5299999999997,0.0,2288.5299999999997,0.0,2116.74,0.0,2116.74,,,,,,,,,,,,,,0.0,0.0,51468.21,0.0,0.0,,0.0,,0.0,,,,,,,,51468.21,0.0
351,MADHYA PRADESH,SHEOPUR,,799.2,799.2,0.0,799.2,71150.0,462330.0,0.0,533480.0,127120.0,660600.0,8511.2,26855.85,0.0,35367.05,12744.8,,,12744.8,3259.2948000000006,0.0,0.0,3259.29,191.20000000000002,3459.3100000000004,0.0,3650.51,0.0,395.05,0.0,395.05,29.5,385.318,0.0,414.818,,,,,,,,,24735.99,31095.53,0.0,55831.520000000004,,,,,,,,,,,,0.0,,,,0.0,,,,,,,,,,,,,,,,0.0,24735.99,31095.53,0.0,55831.520000000004,2473.61,2683.34,0.0,5156.95,22262.38,28412.19,0.0,50674.57000000001,385.69623,1432.1198399999998,,1817.8160699999999,0.0,44.7855,,44.7855,1631.68,15999.66,,17631.34,2017.37,17476.58,,19493.949999999997,9.061789440302428,61.51085150423111,,38.46890067345415,415.28999999999996,1553.23,0.0,1968.5099999999998,20215.41,10814.51,0.0,31029.92,,,,,,,,,,,,,,0.0,0.0,50674.57,0.0,0.0,,0.0,,0.0,,,,,,,,50674.57,0.0
352,MADHYA PRADESH,SHIVPURI,,994.8999999999999,994.9000000000001,0.0,994.8999999999999,69421.0,907628.0,0.0,977049.0,50751.0,1027800.0,3127.42,63414.45,0.0,66541.87,1941.44,,0.0,1941.44,2851.83,0.0,0.0,2851.83,604.74,11467.43,0.0,12072.17,1056.6100000000001,321.36,0.0,1377.9700000000003,80.86,561.636,0.0,642.4960000000001,,,,,,,,,9662.900000000001,75764.88,0.0,85427.78,,,,,,,,,,,,0.0,,,,0.0,,,,,,,,,,,,,,,,0.0,9662.900000000001,75764.88,0.0,85427.78,732.63,6375.1900000000005,0.0,7107.83,8930.27,69389.69,0.0,78319.96,326.46987,4342.2444,,4668.7142699999995,0.0,42.9897,,42.9897,2418.9804,45869.6884,,48288.6688,2745.45,50254.94,,53000.39,30.74319141526516,72.42421748821764,,67.67162547069738,353.03999999999996,4695.8099999999995,0.0,5048.85,6158.26,18781.18,0.0,24939.440000000002,,,,,,,,,,,,,,0.0,0.0,78319.96,0.0,0.0,,0.0,,0.0,,,,,,,,78319.96,0.0
353,MADHYA PRADESH,SIDHI,,1154.1499999999996,1154.15,0.0,1154.1499999999996,48890.0,311515.0,0.0,360405.0,124995.0,485400.0,2511.73,25221.46,0.0,27733.190000000002,1008.65,,0.0,1008.65,71.87400000000001,0.0,0.0,71.88,34.56,1853.5500000000002,0.0,1888.1100000000001,172.59,167.39000000000001,0.0,339.98,0.0,327.902,0.0,327.902,,,,,,,,,3799.41,27570.29,0.0,31369.7,,,,,,,,,,,,0.0,,,,0.0,,,,,,,,,,,,,,,,0.0,3799.41,27570.29,0.0,31369.7,293.16999999999996,1864.2599999999998,0.0,2157.43,3506.24,25706.030000000002,0.0,29212.270000000004,267.21942,2641.15971,,2908.37913,0.0,88.261015,,88.261015,138.208,7414.200000000001,,7552.408,405.40999999999997,10143.64,,10549.050000000001,11.56252852058045,39.460157791771024,,36.111709223555714,290.1,2867.42,0.0,3157.5199999999995,3077.96,15336.13,0.0,18414.09,,,,,,,,,,,,,,0.0,0.0,29212.269999999997,0.0,0.0,,0.0,,0.0,,,,,,,,29212.269999999997,0.0
354,MADHYA PRADESH,SINGRAULI,,1120.7,1120.7,0.0,1120.7,6602.0,444658.0,0.0,451260.0,115940.0,567200.0,675.25,33289.96,0.0,33965.21,120.77,,0.0,120.77,138.29399999999998,0.0,0.0,138.29,33.370000000000005,2211.5699999999997,0.0,2244.9399999999996,141.2,214.58,0.0,355.78,9.06,489.26200000000006,0.0,498.322,,,,,,,,,1117.94,36205.380000000005,0.0,37323.32,,,,,,,,,,,,0.0,,,,0.0,,,,,,,,,,,,,,,,0.0,1117.94,36205.380000000005,0.0,37323.32,55.900000000000006,1810.27,0.0,1866.17,1062.04,34395.11,0.0,35457.15,175.5504,2481.7452299999995,,2657.2956299999996,0.0,2219.6942099999997,,2219.6942099999997,133.47719999999998,8846.28,,8979.7572,309.03999999999996,13547.73,,13856.769999999999,29.09871567925878,39.388535172587034,,39.08032653498659,194.31,2751.44,0.0,2945.75,734.24,20577.68,0.0,21311.920000000002,,,,,,,,,,,,,,0.0,0.0,35457.15,0.0,0.0,,0.0,,0.0,,,,,,,,35457.15,0.0
355,MADHYA PRADESH,TIKAMGARH,,943.6000000000001,943.6,0.0,943.6,26862.0,308676.0,0.0,335538.0,12800.0,348338.0,2074.17,26679.62,0.0,28753.79,477.01,,,477.01,1555.092,0.0,0.0,1555.09,612.94,6172.77,0.0,6785.71,1392.3899999999999,402.76,,1795.15,25.86,550.922,0.0,576.782,,,,,,,,,6137.46,33806.07,0.0,39943.53,,,,,,,,,,,,0.0,,,,0.0,,,,,,,,,,,,,,,,0.0,6137.46,33806.07,0.0,39943.53,442.8,3071.9,0.0,3514.7,5694.660000000001,30734.17,0.0,36428.83,241.88111999999995,2832.1424924999997,,3074.023612499999,0.0,0.0,,0.0,2043.1224000000002,24691.062600000005,,26734.185000000005,2284.9900000000002,27523.199999999997,,29808.19,40.12513477538606,89.55244276972503,,81.82582311866726,301.03,3445.49,0.0,3746.52,3350.53,2597.62,0.0,5948.15,,,,,,,,,,,,,,0.0,0.0,36428.83,0.0,0.0,,0.0,,0.0,,,,,,,,36428.83,0.0
356,MADHYA PRADESH,UJJAIN,,0.0,936.2930941705545,0.0,936.2930941705545,0.0,593933.0,0.0,593933.0,19090.0,613023.0,0.0,72131.6,0.0,72131.6,,,,,0.0,0.0,0.0,0.0,0.0,23871.52,0.0,23871.52,0.0,2355.3799999999997,0.0,2355.3799999999997,0.0,1339.6899999999998,0.0,1339.6899999999998,,,,,,,,,0.0,99698.18,0.0,99698.18,,,,,,,,,,,,0.0,,,,0.0,,,,,,,,,,,,,,,,0.0,0.0,99698.18,0.0,99698.18,0.0,8325.119999999999,0.0,8325.119999999999,0.0,91373.06,0.0,91373.06,,3895.5776939999996,,3895.5776939999996,,57.76977,,57.76977,,95485.92559999999,,95485.92559999999,,99439.26999999999,,99439.26999999999,,108.82777702749584,,108.82777702749584,0.0,4104.22,0.0,4104.22,0.0,8999.189999999999,0.0,8999.189999999999,,,,,,,,,,,,,,0.0,0.0,91373.06,0.0,0.0,,0.0,,0.0,,,,,,,,91373.06,0.0
357,MADHYA PRADESH,UMARIA,,0.0,1243.0,0.0,1243.0,0.0,421900.0,0.0,421900.0,32000.0,453900.0,0.0,35123.97,0.0,35123.97,0.0,,0.0,0.0,0.0,0.0,0.0,0.0,0.0,1073.75,0.0,1073.75,0.0,310.58,0.0,310.58,0.0,65.292,0.0,65.292,,,,,,,,,0.0,36573.58,0.0,36573.58,,,,,,,,,,,,0.0,,,,0.0,,,,,,,,,,,,,,,,0.0,0.0,36573.58,0.0,36573.58,0.0,2334.2299999999996,0.0,2334.2299999999996,0.0,34239.350000000006,0.0,34239.350000000006,,1571.36223,,1571.36223,,540.0693299999999,,540.0693299999999,,4294.9439999999995,,4294.9439999999995,,6406.360000000001,,6406.360000000001,,18.71051874524487,,18.71051874524487,0.0,1714.96,0.0,1714.96,0.0,27689.39,0.0,27689.39,,,,,,,,,,,,,,0.0,0.0,34239.35,0.0,0.0,,0.0,,0.0,,,,,,,,34239.35,0.0
358,MADHYA PRADESH,VIDISHA,,1071.4,1071.4,0.0,1071.4,76287.0,594483.0,0.0,670770.0,66330.0,737100.0,9466.12,64597.22,0.0,74063.34,2190.09,,0.0,2190.09,687.258,0.0,0.0,687.27,389.03999999999996,12535.75,0.0,12924.789999999999,256.75,164.27000000000004,0.0,421.02,7.8,599.532,,607.332,,,,,,,,,12997.07,77896.78,0.0,90893.85,,,,,,,,,,,,0.0,,,,0.0,,,,,,,,,,,,,,,,0.0,12997.07,77896.78,0.0,90893.85,649.8499999999999,4800.150000000001,0.0,5450.0,12347.22,73096.63,0.0,85443.85,437.55761999999993,3532.159019999999,,3969.7166399999996,0.0,13.932572,,13.932572,1556.1702,49489.83,,51046.000199999995,1993.7199999999998,53035.91,,55029.630000000005,16.147116516916356,72.55588937547462,,64.40443636376403,480.16999999999996,3780.3700000000003,0.0,4260.54,10310.89,19812.510000000002,0.0,30123.4,,,,,,,,,,,,,,0.0,0.0,85443.85,0.0,0.0,,0.0,,0.0,,,,,,,,85443.85,0.0
359,MAHARASHTRA,Ahmednagar,,566.0942505299108,575.3870307023897,522.9222106649444,572.4084595273524,366203.14,1172429.26,23842.6,1562475.0,0.0,1562475.0,24095.23,77260.95000000001,1144.01,102500.19000000002,3430.8199999999997,0.0,0.0,3430.8199999999997,18349.49505,0.0,0.0,18349.49505,11132.420000000002,17626.81,199.03000000000003,28958.259999999995,609.3100000000001,2347.37,0.0,2956.68,209.32,5546.068,11.780000000000001,5767.168000000001,,,,,,,,,57826.62,102781.17,1354.8200000000002,161962.61000000004,,,,,,,,,,,,,,,,,,,,,,,,,,,,,,,,,57826.62,102781.17,1354.8200000000002,161962.61000000004,2914.9900000000002,5186.0,67.74000000000001,8168.730000000001,54911.63,97595.17,1287.08,153793.87999999998,1629.9424999999999,4566.794499999999,11.4975,6208.2345000000005,0.0,0.0,0.0,0.0,44652.081999999995,69936.27029,796.1370000000002,115384.48929,46282.03,74503.06999999999,807.63,121592.73000000001,84.28456776824873,76.33889054140691,62.749013270348385,79.1998127296619,1629.9299999999998,4566.83,11.5,6208.26,12432.340000000002,30200.43,766.25,42632.770000000004,,,,,,,,,,,,,,0.0,0.0,152506.8,1287.08,,,,,,,,,,,,,152506.8,1287.08
360,MAHARASHTRA,Akola,,771.7301625848288,781.3032189427088,792.3685051537633,782.0432955075285,48014.32,390222.54000000004,75928.01000000001,514164.87,0.0,514164.87,3206.09,25654.765262224657,5153.016329267575,34013.87159149223,1770.52,0.0,0.0,1770.52,1663.5526878000003,0.0,0.0,1663.5526878000003,704.86,4017.814784219359,208.16221157619967,4930.836995795558,284.09000000000003,164.52341216670033,0.0,448.6134121667003,120.86200000000002,1440.0769093094598,5.826603829160531,1566.7655131386205,,,,,,,,,7749.98,31277.134140553964,5367.014053853101,44394.128194407065,,,,,,,,,,,,,,,,,,,,,,,,,,,,,,,,,7749.98,31277.134140553964,5367.014053853101,44394.128194407065,643.84,2097.9178384127495,423.68848554318595,3165.4463239559354,7106.139999999999,29179.216302141216,4943.325568309916,41228.68187045113,307.269855,1947.3062053646345,120.97226454641773,2375.5483249110525,0.1548,0.4342047335152479,0.0,0.589004733515248,3362.59521,18181.43330552938,832.9760009436495,22377.00451647303,3670.04,20129.156044496223,953.9963283433952,24753.192372839618,51.6460413107538,68.98456708386344,19.298674852798722,65.5889826362042,307.26000000000005,1947.3215512575907,121.0219762089202,2375.6035274665114,3436.1,9102.56025764499,4283.449239966521,12538.66025764499,,,,,,,,,,,,,,0.0,0.0,36285.35630214122,4943.325568309916,,,,,,,,,,,,,36285.35630214122,4943.325568309916
361,MAHARASHTRA,Amravati,,861.8842210578431,903.7674671460709,700.393565651037,861.5016729441791,48476.0,626333.0,164430.0,839239.0,0.0,839239.0,3953.4700000000007,50950.2059058971,9947.095464130793,64850.7713700279,3023.9399999999996,0.0,0.0,3023.9399999999996,7880.537539439999,0.0,0.0,7880.537539439999,1998.21,13824.139753771213,2072.021297537887,17894.3710513091,40.08,1281.2963515680374,0.0,1321.3763515680373,342.878,3292.9415097403794,0.0,3635.8195097403786,,,,,,,,,17239.09,69348.60887056447,12019.11676166868,98606.81563223313,,,,,,,,,,,,,,,,,,,,,,,,,,,,,,,,,17239.09,69348.60887056447,12019.11676166868,98606.81563223313,1102.9899999999998,5170.286961423922,1004.908659091519,7278.185620515441,16136.1,64178.32190914053,11014.20810257716,91328.63001171769,940.759475,3306.2365380018055,1026.050395269607,5273.0464082714125,0.0,0.0,0.0,0.0,9769.392868,59732.83235571846,9424.089731988468,78926.31495570691,10710.21,63039.07149376187,10450.169620997935,84199.45111475982,66.37421681819026,98.224867242569,94.8789919681357,91.82570171169787,940.75,3306.2556360863464,1025.9856579382683,5272.991294024614,7275.87,11527.50204686483,5559.556016169974,18803.37204686483,,,,,,,,,,,,,,0.0,0.0,80314.42190914054,11014.20810257716,,,,,,,,,,,,,80314.42190914054,11014.20810257716
362,MAHARASHTRA,Aurangabad,,594.0591938035379,632.6902371310143,0.0,626.4963754849111,152345.0,797829.0,0.0,950174.0,0.0,950174.0,10408.140000000001,57648.31000000001,,68056.45,604.6400000000001,0.0,,604.6400000000001,9780.790704000001,0.0,,9780.790704000001,4224.57,11718.93,,15943.5,1085.6699999999998,2950.9399999999996,,4036.61,1726.4859999999999,6843.637999999999,,8570.124,,,,,,,,,27830.289999999994,79161.84,,106992.13,,,,,,,,,,,,,,,,,0.0,0.0,,0.0,0.0,0.0,,0.0,0.0,0.0,,0.0,,,,,27830.289999999994,79161.84,,106992.13,1397.5900000000001,3958.11,,5355.7,26432.7,75203.73,,101636.43000000001,732.3825,2730.1537499999995,,3462.53625,0.0,0.0,,0.0,18420.680800000002,50931.69849999999,,69352.37929999999,19153.100000000002,53661.840000000004,,72814.94,72.45986978250426,71.35529048891591,,71.64255966094046,732.35,2730.1300000000006,,3462.4800000000005,7279.599999999999,21541.900000000005,,28821.500000000004,,,,,,,,,,,,,,0.0,,101636.43000000001,,,,,,,,,,,,,,101636.43000000001,0.0
363,MAHARASHTRA,Beed,,703.6892532645091,694.890938346556,0.0,695.7767744553012,104227.0,930978.0,0.0,1035205.0,0.0,1035205.0,9011.09,79102.18999999999,,88113.27999999997,1432.31,0.0,,1432.31,15298.34796,0.0,,15298.34796,2280.4800000000005,14433.15,,16713.63,38.980000000000004,275.29,,314.27000000000004,207.93199999999996,7925.745999999999,,8133.678000000001,,,,,,,,,28269.159999999996,101736.31,,130005.47,,,,,,,,,,,,,,,,,,,,,,,,,,,,,,,,,28269.159999999996,101736.31,,130005.47,1413.4699999999998,5086.779999999999,,6500.249999999999,26855.690000000002,96649.53,,123505.22000000002,891.7395,3882.78,,4774.5195,21.137500000000003,18.5165,,39.654,10157.76,58172.757999999994,,68330.518,11070.630000000001,62074.12999999999,,73144.76,41.2226608215987,64.22600296142153,,59.224023081777425,891.73,3882.7200000000003,,4774.45,15785.060000000001,34575.4,,50360.46000000001,,,,,,,,,,,,,,0.0,,123505.21999999997,,,,,,,,,,,,,,123505.21999999997,0.0
364,MAHARASHTRA,Bhandara,,1433.474078685026,1456.0212720857817,0.0,1449.9462217873026,106831.0,289666.0,0.0,396497.0,0.0,396497.0,7583.544150964432,25085.250784995114,,32668.79493595955,1539.4563998216076,0.0,,1539.4563998216076,47539.79408769689,0.0,,47539.79408769689,1626.29,4777.550379335815,,6403.840379335815,373.05,1364.6254770698142,,1737.6754770698144,1488.184,2332.173747899326,,3820.3577478993266,,,,,,,,,60150.32196677445,33559.59639090625,,93709.9183576807,,,,,,,,,,,,,,,,,,,,,,,,,,,,,,,,,60150.32196677445,33559.59639090625,,93709.9183576807,5186.569186085406,1703.0413182068303,,6889.610504292235,54963.75278068905,31856.555072699422,,86820.30785338847,1415.3479044715132,2233.7136008986918,,3649.061505370205,24.5285,147.1327,,171.66120000000004,5905.950652941242,16508.358221825438,,22414.308874766684,7345.859506076486,18889.171027855307,,26235.03053393179,13.364916211939185,59.29445599107807,,30.217619797241795,1415.362501951165,2233.695656029863,,3649.058157981028,47617.89327461255,12967.384044844117,,60585.27731945667,,,,,,,,,,,,,,0.0,,86820.30785338845,,,,,,,,,,,,,,86820.30785338845,0.0
365,MAHARASHTRA,Buldhana,,759.5321896653811,757.5801444433204,742.502666366231,757.239544122396,62489.0,731498.0,26628.0,820615.0,0.0,820615.0,4949.39,61073.96466179239,1904.3063768115942,67927.661038604,881.1,0.0,0.0,881.1,2251.85265,0.0,0.0,2251.85265,1245.66,14579.490335121147,78.48130434782607,15903.631639468977,928.7299999999999,793.4899999999999,0.0,1722.22,549.0919999999999,5566.748964293248,17.248,6133.088964293248,,,,,,,,,10805.82,82013.71596120679,2000.0276811594204,94819.56364236622,,,,,,,,,,,,,,,,,,,,,,,,,,,,,,,,,10805.82,82013.71596120679,2000.0276811594204,94819.56364236622,616.1999999999999,4236.846596120679,157.1253623188406,5010.1719584395205,10189.619999999999,77776.86936508612,1842.90231884058,89809.3916839267,685.2516350000001,2569.1497994269585,110.96267666666665,3365.3641110936255,0.0,0.0,0.0,0.0,5015.9288400000005,59421.20522007816,411.7121688405797,64848.846228918745,5701.23,61990.41872866042,522.723188405797,68214.37191706622,55.95135049197124,79.7028978341571,28.364128855980624,76.95163148744143,685.2800000000001,2569.1446471982117,110.94927536231884,3365.37392256053,4488.39,18800.290636425692,1450.1791304347826,23288.68063642569,,,,,,,,,,,,,,0.0,0.0,87966.48936508612,1842.9023188405795,,,,,,,,,,,,,87966.48936508612,1842.9023188405795
366,MAHARASHTRA,Chandrapur,,1294.698054813542,1285.5399176775618,0.0,1286.2827651320997,84979.0,962678.0,0.0,1047657.0,0.0,1047657.0,6673.379999999999,93549.18999999999,,100222.56999999999,778.22,0.0,,778.22,9732.689102880706,0.0,,9732.689102880706,486.83000000000004,3440.7500000000005,,3927.58,0.0,623.6,,623.6,93.41,1596.8579999999995,,1690.2679999999998,,,,,,,,,17764.51,99210.38000000002,,116974.89000000001,,,,,,,,,,,,,,,,,,,,,,,,,,,,,,,,,17764.51,99210.38000000002,,116974.89000000001,888.25,5183.95,,6072.2,16876.26,94026.43000000001,,110902.69,2818.5570000000002,14744.929,,17563.486,1.224,22.736000000000004,,23.960000000000004,1734.846,13197.753,,14932.599,4554.67,27965.479999999996,,32520.149999999998,26.988621886602843,29.74214803220753,,29.323139051000474,2818.5499999999997,14744.92,,17563.469999999994,12321.589999999998,66060.96,,78382.55,,,,,,,,,,,,,,0.0,,110902.68999999999,,,,,,,,,,,,,,110902.68999999999,0.0
367,MAHARASHTRA,Dhule,,653.0618287438087,629.8136613828699,0.0,631.5898979493312,49061.0,593071.0,0.0,642132.0,0.0,642132.0,3503.7599999999998,41365.47,,44869.23,674.89,0.0,,674.89,12117.881566531814,0.0,,12117.881566531814,2008.2399999999998,6227.629999999999,,8235.869999999999,132.64000000000001,454.77,,587.41,555.3979999999999,5864.402000000001,,6419.8,,,,,,,,,18992.76,53912.27,,72905.03,,,,,,,,,,,,,,,,,,,,,,,,,,,,,,,,,18992.76,53912.27,,72905.03,1285.7399999999998,2711.8500000000004,,3997.59,17707.019999999997,51200.42,,68907.44,328.33961999999997,1428.1175749999998,,1756.457195,5.8586100000000005,95.24000000000001,,101.09861000000001,8304.965,25511.606999999996,,33816.572,8639.170000000002,27034.97,,35674.14,48.78951963684462,52.80224263785337,,51.77110047913549,328.32,1428.1399999999999,,1756.46,9067.85,24408.07,,33475.92,,,,,,,,,,,,,,0.0,,68907.44,,,,,,,,,,,,,,68907.44,0.0
368,MAHARASHTRA,Gadchiroli,,1349.683556668053,1420.1789799277497,0.0,1418.3757685379708,22679.71,863969.39,0.0,886649.1,0.0,886649.1,1856.88,92885.29270128299,,94742.17270128298,348.19000000000005,0.0,,348.19000000000005,3564.1300799999995,0.0,,3564.1300799999995,265.58,7998.974332877017,,8264.554332877018,140.23,1081.6375995670307,,1221.8675995670308,3.3600000000000003,881.3638081563784,,884.7238081563785,,,,,,,,,6178.360000000001,102847.26044188341,,109025.62044188342,,,,,,,,,,,,,,,,,,,,,,,,,,,,,,,,,6178.360000000001,102847.26044188341,,109025.62044188342,392.24,5769.94911050269,,6162.18911050269,5786.119999999999,97077.31133138073,,102863.43133138074,462.8539999999999,3444.7581745248476,,3907.6121745248474,0.19328,1.3539999999999999,,1.5472799999999998,686.6234999999999,20468.43832726211,,21155.061827262107,1149.67,23914.614171786958,,25064.284171786952,19.869446191921362,24.634607040313075,,24.366564334258744,462.87,3444.738174524848,,3907.6081745248475,4636.45,73162.69715959378,,77799.14715959378,,,,,,,,,,,,,,0.0,,102863.43133138072,,,,,,,,,,,,,,102863.43133138072,0.0
369,MAHARASHTRA,Gondia,,1463.0552660525482,1502.0603759040912,0.0,1495.1668026379975,81245.97999999998,378458.77,0.0,459704.75,0.0,459704.75,6969.64,36820.33,,43789.97,2000.6499999999999,0.0,,2000.6499999999999,12740.558346395608,0.0,,12740.558346395608,1064.0900000000001,1677.44,,2741.53,1001.5300000000002,787.26,,1788.7900000000002,1978.28,1861.864,,3840.144,,,,,,,,,25754.7,41146.909999999996,,66901.61,,,,,,,,,,,,,,,,,,,,,,,,,,,,,,,,,25754.7,41146.909999999996,,66901.61,1755.3700000000003,2779.3,,4534.67,23999.329999999998,38367.61,,62366.94,3366.744045,2569.757369,,5936.501413999999,108.703,210.006,,318.70900000000006,4279.22106,5874.358679999999,,10153.57974,7754.630000000001,8654.14,,16408.77,32.31186037276875,22.55584853995336,,26.310045033474466,3366.7400000000002,2569.7400000000002,,5936.48,16244.7,29713.47,,45958.17,,,,,,,,,,,,,,0.0,,62366.94,,,,,,,,,,,,,,62366.94,0.0
370,MAHARASHTRA,Hingoli,,1003.7873172922909,945.2800720417438,0.0,966.5113651523568,169191.0,297050.0,0.0,466241.0,0.0,466241.0,22834.76,37163.04,,59997.80000000001,619.6099999999999,0.0,,619.6099999999999,35665.488827999994,0.0,,35665.488827999994,4344.099999999999,4665.58,,9009.68,19.56,43.349999999999994,,62.91,980.738,4847.602,,5828.34,,,,,,,,,64464.26,46719.61,,111183.87,,,,,,,,,,,,,,,,,0.0,0.0,,0.0,0.0,0.0,,0.0,0.0,0.0,,0.0,,,,,64464.26,46719.61,,111183.87,3223.2,2355.46,,5578.66,61241.06000000001,44364.15,,105605.20999999999,769.39,1389.7479999999998,,2159.138,1.02,1.512,,2.532,17624.767659999998,18662.318440000003,,36287.0861,18395.19,20053.58,,38448.770000000004,30.037347492025766,45.202218457921546,,36.40802380867384,769.39,1389.7500000000002,,2159.14,42845.87,24404.320000000003,,67250.19,,,,,,,,,,,,,,0.0,,105605.21000000002,,,,,,,,,,,,,,105605.21000000002,0.0
371,MAHARASHTRA,Jalgaon,,673.453349093303,689.6229968180652,0.0,687.248599416636,167090.0,970793.0,0.0,1137883.0,0.0,1137883.0,12094.609999999997,77552.06,,89646.67000000001,1393.9299999999998,0.0,,1393.9299999999998,17050.2846273,0.0,,17050.2846273,6261.9800000000005,16072.16,,22334.140000000003,950.6199999999999,1303.72,,2254.3399999999997,2317.4840000000004,7495.027999999999,,9812.512,,,,,,,,,40068.87,102422.98,,142491.85000000003,,,,,,,,,,,,,,,,,,,,,,,,,,,,,,,,,40068.87,102422.98,,142491.85000000003,2370.3399999999997,5136.870000000001,,7507.21,37698.53,97286.10999999999,,134984.64,1281.8404999999998,3605.9709999999995,,4887.8115,66.509,108.75890000000001,,175.2679,26842.49176,74406.22729000001,,101248.71905000001,28190.81,78120.95,,106311.76000000001,74.77960015947572,80.30020935157137,,78.75841280904257,1281.81,3605.98,,4887.789999999999,10609.66,24426.680000000004,,35036.340000000004,,,,,,,,,,,,,,0.0,,134984.63999999998,,,,,,,,,,,,,,134984.63999999998,0.0
372,MAHARASHTRA,Jalna,,681.6342488983312,685.1178033366273,0.0,684.8727203420575,54299.44,717500.56,0.0,771800.0,0.0,771800.0,3496.18,54917.32,,58413.5,344.7,0.0,,344.7,8632.0626012,0.0,,8632.0626012,1298.5600000000002,9130.24,,10428.8,1070.56,154.01999999999998,,1224.58,316.19200000000006,4832.456,,5148.647999999999,,,,,,,,,15158.270000000002,69034.0,,84192.26999999999,,,,,,,,,,,,,,,,,0.0,0.0,,0.0,0.0,0.0,,0.0,0.0,0.0,,0.0,,,,,15158.270000000002,69034.0,,84192.26999999999,774.7,3451.71,,4226.41,14383.57,65582.29000000001,,79965.86,174.84898,1176.29097,,1351.13995,14.962557500000003,53.875404399999994,,68.8379619,5380.561999999999,37063.2255,,42443.7875,5570.389999999999,38293.380000000005,,43863.770000000004,38.72745083452856,58.38981834882557,,54.853121069416375,1319.5399999999997,4374.700000000001,,5694.240000000001,8264.83,24673.019999999997,,32937.85,,,,,,,,,,,,,,0.0,,79965.86000000002,,,,,,,,,,,,,,79965.86000000002,0.0
373,MAHARASHTRA,Kolhapur,,1643.8254565030034,1675.127811280175,0.0,1674.0960662319274,18529.67,543646.3300000001,0.0,562176.0,0.0,562176.0,2218.04,52143.53,,54361.56999999999,672.5999999999999,0.0,,672.5999999999999,7915.32,46727.625,,54642.94500000001,1108.18,21273.53,,22381.71,0.0,692.96,,692.96,34.284,3373.9979999999996,,3408.282,,,,,,,,,11948.430000000002,124211.64000000004,,136160.07,,,,,,,,,,,,,,,,,,,,,,,,,,,,,,,,,11948.430000000002,124211.64000000004,,136160.07,1152.73,7221.58,,8374.31,10795.7,116990.06000000003,,127785.76000000002,79.92,1999.6199999999997,,2079.54,0.0,0.0,,0.0,2462.62,49704.598999999995,,52167.21899999999,2542.54,51704.20999999999,,54246.74999999999,23.551413988902986,44.19538719785252,,42.45132634496988,79.92,1999.62,,2079.54,8253.160000000002,65285.85,,73539.01,,,,,,,,,,,,,,0.0,,127785.76000000002,,,,,,,,,,,,,,127785.76000000002,0.0
374,MAHARASHTRA,Latur,,694.1213961356959,703.4042581600455,0.0,702.7757832138744,44924.0,618624.0,0.0,663548.0,0.0,663548.0,2692.28,43021.85999999999,,45714.14000000001,618.73,0.0,,618.73,1297.7700195000002,0.0,,1297.7700195000002,980.72,7306.259999999998,,8286.98,0.0,2259.1800000000003,,2259.1800000000003,35.768,10792.304000000002,,10828.072000000002,,,,,,,,,5625.2699999999995,63379.58,,69004.85,,,,,,,,,,,,,,,,,0.0,0.0,,0.0,0.0,0.0,,0.0,0.0,0.0,,0.0,,,,,5625.2699999999995,63379.58,,69004.85,281.22,3178.5199999999995,,3459.74,5344.049999999999,60201.060000000005,,65545.10999999999,352.17320000000007,1847.4614249999997,,2199.634625,192.5365,0.0,,192.5365,3990.3170000000005,29590.412,,33580.72900000001,4535.04,31437.840000000004,,35972.88,84.86148146068993,52.22140606826524,,54.882629688164386,352.18,1847.44,,2199.62,1617.5500000000002,28763.22,,30380.77,,,,,,,,,,,,,,0.0,,65545.11,,,,,,,,,,,,,,65545.11,0.0
375,MAHARASHTRA,Nagpur,,1180.1305124182547,1159.748406272832,0.0,1165.5368242220059,226924.0,572118.0,0.0,799042.0,0.0,799042.0,15511.636298854934,53185.20142085466,,68696.8377197096,2033.512807672069,0.0,,2033.512807672069,15260.570164199677,0.0,,15260.570164199677,2249.066006208984,6468.025020164776,,8717.09102637376,1022.8739903647281,375.52969673347513,,1398.4036870982031,1445.1418554731954,2917.451532016318,,4362.593387489513,,,,,,,,,37522.810934486384,62946.19167754938,,100469.00261203578,,,,,,,,,,,,,,,,,,,,,,,,,,,,,,,,,37522.810934486384,62946.19167754938,,100469.00261203578,2041.7900899914707,3487.803643303118,,5529.593733294589,35481.02084449491,59458.38803424626,,94939.40887874117,3968.1111824353775,6279.351999209558,,10247.463181644936,280.17830583906294,74.13971431140332,,354.3180201504664,9527.696371110553,26332.221956196146,,35859.9183273067,13775.982878497727,32685.675339946218,,46461.65821844395,38.82634307190502,54.97235364187849,,48.9382215111386,3968.1168189925947,6279.375438116969,,10247.492257109563,21705.02796599719,26772.682589688753,,48477.710555685946,,,,,,,,,,,,,,0.0,,94939.40887874117,,,,,,,,,,,,,,94939.40887874117,0.0
376,MAHARASHTRA,Nanded,,1020.5756626527314,1025.8106364986052,0.0,1025.1702644013242,124499.6,893271.4,0.0,1017771.0,0.0,1017771.0,13132.62,92614.32999999999,,105746.95,1602.7599999999998,0.0,,1602.7599999999998,6337.131300000001,0.0,,6337.131300000001,2372.7,6329.759999999999,,8702.46,82.80999999999999,190.49999999999997,,273.31000000000006,275.48799999999994,1304.372,,1579.8600000000004,,,,,,,,,23803.5,100438.95999999999,,124242.46000000002,,,,,,,,,,,,,,,,,,,,,,,,,,,,,,,,,23803.5,100438.95999999999,,124242.46000000002,1193.5800000000004,5021.949999999999,,6215.53,22609.919999999995,95417.01000000001,,118026.93,1134.2159831999998,2209.83648,,3344.0524632,0.0,1.2125,,1.2125,9499.91169,25365.33229,,34865.24398000001,10634.120000000003,27576.370000000003,,38210.48999999999,47.03298375226452,28.900895133896988,,32.37438269384791,1134.23,2209.84,,3344.0699999999997,11999.020000000002,67840.64,,79839.66,,,,,,,,,,,,,,0.0,,118026.93000000001,,,,,,,,,,,,,,118026.93000000001,0.0
377,MAHARASHTRA,Nandurbar,,851.3381810169118,937.8563525338369,0.0,934.074393538786,18153.0,397125.0,0.0,415278.0,0.0,415278.0,1748.3700000000001,42309.08963963964,,44057.459639639645,234.68999999999994,0.0,,234.68999999999994,4056.568011394127,0.0,,4056.568011394127,486.88000000000005,3921.6054054054057,,4408.485405405405,203.83,237.78522522522522,,441.6152252252253,100.86800000000001,2591.787981981982,,2692.6559819819818,,,,,,,,,6831.21,49060.26225225226,,55891.47225225226,,,,,,,,,,,,,,,,,0.0,0.0,,0.0,0.0,0.0,,0.0,0.0,0.0,,0.0,,,,,6831.21,49060.26225225226,,55891.47225225226,398.11999999999995,2509.385135135135,,2907.505135135135,6433.090000000001,46550.87711711712,,52983.96711711711,821.998425,2169.6841006306304,,2991.682525630631,0.0,0.0,,0.0,2140.3478800000003,15043.581945945947,,17183.929825945947,2962.37,17213.273783783785,,20175.643783783788,46.04894382015485,36.977335014498216,,38.07877152570896,822.0,2169.6783783783785,,2991.6783783783785,3489.5299999999997,29337.603333333333,,32827.13333333333,,,,,,,,,,,,,,0.0,,52983.96711711712,,,,,,,,,,,,,,52983.96711711712,0.0
378,MAHARASHTRA,Nashik,,740.9207976415552,1014.3293937399901,0.0,980.8795813341083,165024.0,1183832.0,0.0,1348856.0,0.0,1348856.0,13403.029999999999,122993.32999999999,,136396.36000000002,2478.11,0.0,,2478.11,23219.88583351929,0.0,,23219.88583351929,5475.890000000002,22867.87,,28343.760000000002,527.65,3002.2800000000007,,3529.93,264.25600000000003,3980.2479999999996,,4244.504,,,,,,,,,45368.79,152843.63,,198212.42,,,,,,,,,,,,,,,,,,,,,,,,,,,,,,,,,45368.79,152843.63,,198212.42,2855.7000000000003,7996.1900000000005,,10851.889999999998,42513.09,144847.44,,187360.53,807.00604,2786.63,,3593.63604,19.807499999999997,1182.561,,1202.3685,19662.687853000003,84983.718589,,104646.40644199999,20489.469999999998,88952.89,,109442.35999999999,48.19567337965789,61.41143398875396,,58.41270837566481,807.0,2786.61,,3593.61,22887.77,61490.73,,84378.5,,,,,,,,,,,,,,0.0,,187360.53,,,,,,,,,,,,,,187360.53,0.0
379,MAHARASHTRA,Osmanabad,,771.4737284134675,768.4482097237334,0.0,768.6295035346948,40245.0,631383.0,0.0,671628.0,0.0,671628.0,3839.76,59908.060000000005,,63747.81999999999,9.48,0.0,,9.48,16.8807,0.0,,16.8807,888.39,11144.640000000001,,12033.03,596.74,767.35,,1364.09,9.91,8731.913999999999,,8741.823999999999,,,,,,,,,5361.160000000001,80551.99,,85913.15000000001,,,,,,,,,,,,,,,,,,,,,,,,,,,,,,,,,5361.160000000001,80551.99,,85913.15000000001,304.55,4027.6200000000003,,4332.170000000001,5056.61,76524.37,,81580.98,344.08799999999997,1971.7859999999998,,2315.874,0.0,0.7919999999999999,,0.7919999999999999,3553.5494999999996,44719.151,,48272.700500000006,3897.65,46691.740000000005,,50589.39000000001,77.08029687873893,61.01551701765072,,62.011255564716194,344.07,1971.78,,2315.8500000000004,1328.73,29832.63,,31161.36,,,,,,,,,,,,,,0.0,,81580.98,,,,,,,,,,,,,,81580.98,0.0
380,MAHARASHTRA,Palghar,,2187.290962527964,2517.8635123893323,0.0,2496.454831067131,17880.0,258206.0,0.0,276086.0,0.0,276086.0,1163.65,17142.600000000002,,18306.250000000004,378.79,0.0,,378.79,1723.3218719999998,0.0,,1723.3218719999998,139.83999999999997,831.13,,970.97,262.82,6.43,,269.25,29.239999999999995,278.178,,307.418,,,,,,,,,3697.67,18258.399999999998,,21956.07,,,,,,,,,,,,,,,,,,,,,,,,,,,,,,,,,3697.67,18258.399999999998,,21956.07,241.31,1157.27,,1398.5800000000004,3456.36,17101.13,,20557.49,131.99714,841.1948100000002,,973.1919499999999,5.1,38.7,,43.800000000000004,561.948,3324.580999999999,,3886.5290000000005,699.03,4204.48,,4903.509999999999,20.22445578585564,24.585977651769205,,23.852668783980917,132.01000000000002,841.2,,973.2099999999998,2757.33,12896.65,,15653.98,,,,,,,,,,,,,,0.0,,20557.49,,,,,,,,,,,,,,20557.49,0.0
381,MAHARASHTRA,Parbhani,,920.896657159336,856.2388625489461,0.0,882.5783295783714,253138.0,368262.0,0.0,621400.0,0.0,621400.0,25543.17,33157.03,,58700.200000000004,354.12,0.0,,354.12,15031.1916,0.0,,15031.1916,4241.099999999999,4732.150000000001,,8973.25,6.89,91.9,,98.78999999999999,679.0400000000001,2720.9559999999997,,3399.996,,,,,,,,,45855.509999999995,40702.03999999999,,86557.55,,,,,,,,,,,,,,,,,0.0,0.0,,0.0,0.0,0.0,,0.0,0.0,0.0,,0.0,,,,,45855.509999999995,40702.03999999999,,86557.55,2403.25,2087.8800000000006,,4491.129999999999,43452.259999999995,38614.159999999996,,82066.42,847.1400000000001,1103.0429600000002,,1950.1829600000003,0.0,0.0,,0.0,16964.43738,19247.89156,,36212.32894,17811.559999999998,20350.93,,38162.49,40.99110149851815,52.703282940765774,,46.50195536737194,847.1300000000001,1103.04,,1950.17,25640.710000000006,18263.24,,43903.95000000001,,,,,,,,,,,,,,0.0,,82066.41999999998,,,,,,,,,,,,,,82066.41999999998,0.0
382,MAHARASHTRA,Pune,,534.2110092254063,741.7014624051122,466.5589403934331,680.7784320710459,337817.1,910189.3099999999,27721.61,1275728.02,0.0,1275728.02,20105.78,75309.02921375577,1486.6425861612197,96901.45179991699,11360.44,0.0,0.0,11360.44,38278.448082,0.0,0.0,38278.448082,12188.93,15947.953668101389,2449.990678451867,30586.874346553257,261.0,557.2099999999999,0.0,818.21,1013.862,8248.12765280648,0.0,9261.98965280648,,,,,,,,,83208.45000000001,100062.34217998496,3936.633264613087,187207.4254445981,,,,,,,,,,,,,,,,,,,,,,,,,,,,,,,,,83208.45000000001,100062.34217998496,3936.633264613087,187207.4254445981,5465.77,5171.141737898113,243.42352640832345,10880.335264306435,77742.68,94891.20044208688,3693.2097382047637,176327.09018029168,2919.7982,5231.742668071201,353.2551577755835,8504.796025846783,0.0,0.0,0.0,0.0,48383.3454317095,63710.389874708955,9799.764740191711,121893.50004661019,51303.159999999996,68942.0475386431,10153.001450591266,130398.2089892344,65.99098461745851,72.65378372014504,274.9099609903701,69.65330746821826,2919.8,5231.7746396307475,353.25915777558345,8504.833797406329,28300.030000000006,31796.9,214.61999999999998,60096.93000000001,,,,,,,,,,,,,,0.0,0.0,172633.88044208687,3693.2097382047637,,,,,,,,,,,,,172633.88044208687,3693.2097382047637
383,MAHARASHTRA,Raigad,,2786.806852360403,2932.9855507490297,0.0,2927.019964830731,15294.0,359465.0,0.0,374759.0,0.0,374759.0,1091.8200000000002,30526.85,,31618.67,267.6,0.0,,267.6,3783.8448,0.0,,3783.8448,72.91,1015.24,,1088.15,219.34999999999997,119.16,,338.51,18.08,423.40799999999996,,441.488,,,,,,,,,5453.6,32084.680000000004,,37538.280000000006,,,,,,,,,,,,,,,,,,,,,,,,,,,,,,,,,5453.6,32084.680000000004,,37538.280000000006,300.25,1614.85,,1915.1,5153.35,30469.83,,35623.18,94.67445000000002,1943.1384900000003,,2037.8129400000003,0.0,0.0,,0.0,291.55699999999996,4060.9970000000003,,4352.554,386.24,6004.129999999999,,6390.370000000001,7.494930482113577,19.7051640918246,,17.93879715398794,94.68,1943.1299999999999,,2037.8099999999995,4767.110000000001,24465.7,,29232.81,,,,,,,,,,,,,,0.0,,35623.18,,,,,,,,,,,,,,35623.18,0.0
384,MAHARASHTRA,Ratnagiri,,3583.672338722587,3453.9943299805964,0.0,3455.5786981206984,6247.0,505060.0,0.0,511307.0,0.0,511307.0,494.6499999999999,38183.530000000006,,38678.18,141.94,0.0,,141.94,547.509636,0.0,,547.509636,47.339999999999996,1290.45,,1337.7900000000002,76.05000000000001,32.88,,108.93,60.400000000000006,153.254,,213.654,,,,,,,,,1367.9,39660.079999999994,,41027.979999999996,,,,,,,,,,,,,,,,,,,,,,,,,,,,,,,,,1367.9,39660.079999999994,,41027.979999999996,88.75,2212.69,,2301.4399999999996,1279.15,37447.39,,38726.53999999999,76.19139000000001,1237.02369,,1313.21508,0.0,0.0,,0.0,254.80800000000005,5131.9254,,5386.7334,330.98,6368.930000000001,,6699.910000000001,25.874995113942852,17.007673966062793,,17.300564419129625,76.19,1237.06,,1313.25,948.1700000000001,31078.460000000003,,32026.630000000005,,,,,,,,,,,,,,0.0,,38726.54,,,,,,,,,,,,,,38726.54,0.0
385,MAHARASHTRA,Sangli,,567.930163898609,701.4326772558769,760.3779997446196,648.5176255325016,353157.3599999999,446292.96,43307.92,842758.24,0.0,842758.24,22550.799999999996,30581.089999999997,3600.730000000001,56732.62000000001,3678.85,0.0,0.0,3678.85,51518.61407999999,0.0,0.0,51518.61407999999,11029.529999999999,6618.82,0.0,17648.350000000002,319.25999999999993,693.44,0.0,1012.6999999999999,5334.338,7900.716,0.0,13235.054,,,,,,,,,94431.29000000001,45793.99999999999,3600.730000000001,143826.02000000002,,,,,,,,,,,,,,,,,,,,,,,,,,,,,,,,,94431.29000000001,45793.99999999999,3600.730000000001,143826.02000000002,6188.889999999999,2768.5200000000004,360.08000000000004,9317.49,88242.4,43025.48000000001,3240.65,134508.53,1725.968555,1581.6808499999997,38.8725,3346.5219049999996,0.0,0.0,0.0,0.0,44163.196,23660.686,0.0,67823.88199999998,45889.18,25242.36,38.87,71170.41,52.0035493141619,58.66839835371969,1.1994507274775121,54.188077083289535,1725.9399999999998,1581.67,38.87,3346.48,42573.2,17822.21,3201.79,60395.409999999996,,,,,,,,,,,,,,0.0,0.0,131267.88,3240.65,,,,,,,,,,,,,131267.88,3240.65
386,MAHARASHTRA,Satara,,735.5207202752747,936.0281757386641,0.0,919.0449869915567,74325.75,803181.25,0.0,877507.0,0.0,877507.0,5380.289999999999,50841.03,,56221.31999999999,2904.9700000000003,0.0,,2904.9700000000003,24550.873919999995,10743.98,,35294.85392000001,3530.6500000000005,11496.88,,15027.529999999999,603.2099999999999,837.3899999999999,,1440.6,21.959999999999997,1399.4540000000002,,1421.4140000000002,,,,,,,,,36991.95999999999,75318.68,,112310.64000000001,,,,,,,,,,,,,,,,,,,,,,,,,,,,,,,,,36991.95999999999,75318.68,,112310.64000000001,2895.22,3972.62,,6867.84,34096.74,71346.06,,105442.8,1150.9470000000001,3698.9314,,4849.8784000000005,0.0,0.0,,0.0,14864.464000000002,45776.13079999999,,60640.5948,16015.42,49475.100000000006,,65490.520000000004,46.970531493626666,69.34524485304445,,62.109997078985,1150.96,3698.9399999999996,,4849.900000000001,18081.300000000003,21914.9,,39996.200000000004,,,,,,,,,,,,,,0.0,,105442.79999999999,,,,,,,,,,,,,,105442.79999999999,0.0
387,MAHARASHTRA,Sindhudurg,,3528.2304632480445,3462.586298915981,0.0,3463.117590179928,2260.56,277044.94,0.0,279305.5,0.0,279305.5,186.43,20642.609999999997,,20829.039999999997,40.66,0.0,,40.66,187.75907999999998,0.0,,187.75907999999998,66.55,1771.25,,1837.7999999999997,100.56,81.83,,182.39000000000004,14.304,165.364,,179.668,,,,,,,,,596.26,22661.05,,23257.31,,,,,,,,,,,,,,,,,,,,,,,,,,,,,,,,,596.26,22661.05,,23257.31,37.46,1133.0600000000002,,1170.5200000000002,558.8,21527.989999999998,,22086.79,62.17848,2157.015315,,2219.193795,0.0,0.0,,0.0,266.21893,7085.083500000001,,7351.30243,328.38,9242.08,,9570.46,58.76521116678597,42.93052904613947,,43.331149524217864,62.17,2157.0200000000004,,2219.19,230.42000000000002,12285.91,,12516.33,,,,,,,,,,,,,,0.0,,22086.789999999997,,,,,,,,,,,,,,22086.789999999997,0.0
388,MAHARASHTRA,Solapur,,640.584204758574,667.0703416746722,0.0,663.5489593568257,197286.0,1286604.0,0.0,1483890.0,0.0,1483890.0,12384.939999999999,82875.18,,95260.12,2254.47,0.0,,2254.47,12438.343056262976,0.0,,12438.343056262976,6810.549999999999,18901.43,,25711.98,10.21,252.21000000000004,,262.42,1170.3700000000001,9177.906,,10348.276,,,,,,,,,35068.94,111206.8,,146275.74,,,,,,,,,,,,,,,,,,,,,,,,,,,,,,,,,35068.94,111206.8,,146275.74,1753.4500000000003,5560.38,,7313.83,33315.490000000005,105646.42,,138961.90999999997,1127.93188,3725.0772100000004,,4853.00909,2.061,0.5874,,2.6484,27198.34064,75700.14567999999,,102898.48632,28328.339999999997,79425.81999999999,,107754.16,85.03053684637383,75.18079647185394,,77.54222721895519,1127.9199999999998,3725.09,,4853.009999999999,9888.349999999999,28288.41,,38176.759999999995,,,,,,,,,,,,,,0.0,,138961.91,,,,,,,,,,,,,,138961.91,0.0
389,MAHARASHTRA,Thane,,2606.931630610883,2522.761296500623,0.0,2526.544593419491,10493.0,222954.0,0.0,233447.0,0.0,233447.0,680.5799999999999,14119.739999999998,,14800.32,45.82,0.0,,45.82,1293.6131999999998,0.0,,1293.6131999999998,22.16,577.26,,599.42,123.4,92.27000000000001,,215.67000000000002,11.071999999999997,354.32000000000005,,365.392,,,,,,,,,2176.64,15143.609999999999,,17320.25,,,,,,,,,,,,,,,,,,,,,,,,,,,,,,,,,2176.64,15143.609999999999,,17320.25,125.6,838.83,,964.43,2051.04,14304.779999999999,,16355.82,48.399,672.4216700000002,,720.8206700000002,0.0,0.0,,0.0,88.632,2309.031,,2397.6629999999996,137.0,2981.4600000000005,,3118.46,6.67953818550589,20.84240372798464,,19.066362921577763,48.39999999999999,672.4200000000001,,720.8199999999999,1914.0399999999995,11323.32,,13237.359999999999,,,,,,,,,,,,,,0.0,,16355.82,,,,,,,,,,,,,,16355.82,0.0
390,MAHARASHTRA,Wardha,,1049.7998482814705,1041.6827340567718,0.0,1044.5335335744371,204128.0,377088.0,0.0,581216.0,0.0,581216.0,21016.37,40243.4,,61259.77,1330.7699999999998,0.0,,1330.7699999999998,8694.12084,0.0,,8694.12084,3460.6899999999996,6271.4800000000005,,9732.170000000002,53.66,247.54,,301.20000000000005,481.896,1961.7939999999999,,2443.6899999999996,,,,,,,,,35037.53,48724.19,,83761.72,,,,,,,,,,,,,,,,,,,,,,,,,,,,,,,,,35037.53,48724.19,,83761.72,1918.8799999999999,2474.2599999999998,,4393.14,33118.65,46249.93,,79368.58000000002,1152.6483899999998,2292.11402,,3444.76241,44.997749999999996,73.8019,,118.79965,13845.077850000001,25095.71896,,38940.79681,15042.79,27461.64,,42504.43,45.42090332788323,59.376608786218696,,53.553219674586586,1152.6500000000003,2292.15,,3444.8,18075.85,18788.28,,36864.13,,,,,,,,,,,,,,0.0,,79368.58,,,,,,,,,,,,,,79368.58,0.0
391,MAHARASHTRA,Washim,,904.8854531073969,911.4934058784715,0.0,911.1178608519158,27347.489999999998,453848.92999999993,0.0,481196.42,0.0,481196.42,2425.0099999999998,40596.909999999996,,43021.92,201.13,0.0,,201.13,3781.8761759999998,0.0,,3781.8761759999998,537.31,7322.2300000000005,,7859.54,456.74,92.82,,549.5600000000001,735.4979999999999,2583.448,,3318.946,,,,,,,,,8137.55,50595.42,,58732.97,,,,,,,,,,,,,,,,,0.0,0.0,,0.0,0.0,0.0,,0.0,0.0,0.0,,0.0,,,,,8137.55,50595.42,,58732.97,417.28999999999996,2643.92,,3061.2100000000005,7720.26,47951.49999999999,,55671.76,618.049616,1451.1394950000001,,2069.189111,4.8674,3.644,,8.5114,2149.2437600000003,29288.950525,,31438.194284999998,2772.21,30743.760000000002,,33515.97,35.90824661345602,64.11428213924488,,60.20282096344718,618.05,1451.15,,2069.2000000000003,4948.049999999999,17207.74,,22155.79,,,,,,,,,,,,,,0.0,,55671.759999999995,,,,,,,,,,,,,,55671.759999999995,0.0
392,MAHARASHTRA,Yawatmal,,997.3505881155987,1011.1831876014104,0.0,1008.8402984658229,193775.67999999993,950290.99,0.0,1144066.67,0.0,1144066.67,16346.249999999996,84088.70999999999,,100434.96,528.35,0.0,,528.35,7223.349261,0.0,,7223.349261,1727.05,7586.680000000001,,9313.73,61.57999999999999,588.1199999999999,,649.7,156.45600000000002,22579.603999999996,,22736.059999999998,,,,,,,,,26042.96,114843.06999999999,,140886.03,,,,,,,,,,,,,,,,,,,,,,,,,,,,,,,,,26042.96,114843.06999999999,,140886.03,1719.0799999999997,5860.599999999999,,7579.679999999999,24323.879999999997,108982.47000000002,,133306.35,1589.73704,6038.316168,,7628.053208000001,12.401,10.807399999999998,,23.208400000000005,6884.50003,30453.639586,,37338.139616,8486.6,36502.76,,44989.36,34.88999287942549,33.49415736310619,,33.748849923503265,1589.73,6038.320000000001,,7628.049999999999,15840.56,72479.71,,88320.27,,,,,,,,,,,,,,0.0,,133306.35000000003,,,,,,,,,,,,,,133306.35000000003,0.0
393,MANIPUR,BISHNUPUR,,0.0,1987.59,0.0,1987.59,0.0,49600.0,0.0,49600.0,0.0,49600.0,0.0,11830.130000000001,0.0,11830.130000000001,,,,,0.0,0.18300385487999998,0.0,0.18000000000000002,0.0,83.56,0.0,83.56,,0.0,,0.0,0.0,0.0,,0.0,,,,,,,,,0.0,11913.869999999999,0.0,11913.869999999999,,,,,,,,,,,,0.0,,,,0.0,,,,,,,,,,,,,,,,0.0,0.0,11913.869999999999,0.0,11913.869999999999,0.0,1191.38,0.0,1191.38,0.0,10722.490000000002,0.0,10722.490000000002,,282.957855,,282.957855,,0.0,,0.0,,327.0,,327.0,,609.96,,609.96,,5.688604046261642,,5.688604046261642,0.0,290.92999999999995,0.0,290.92999999999995,0.0,10104.55,0.0,10104.55,,,,,,,,,,,,,,190080.0,0.0,200802.49,0.0,0.0,,0.0,,0.0,,,,,,,,200802.49,0.0
394,MANIPUR,CHANDEL,,0.0,0.0,0.0,0.0,0.0,0.0,0.0,0.0,331300.0,331300.0,0.0,0.0,0.0,0.0,,,,,0.0,0.0,0.0,0.0,0.0,0.0,0.0,0.0,,0.0,,0.0,,,,,,,,,,,,,0.0,0.0,0.0,0.0,,,,,,,,,,,,0.0,,,,0.0,,,,,,,,,,,,,,,,0.0,0.0,0.0,0.0,0.0,0.0,0.0,0.0,0.0,0.0,0.0,0.0,0.0,,,,0.0,,,,0.0,,,,0.0,,,,,,,,,0.0,0.0,0.0,0.0,0.0,0.0,0.0,0.0,,,,,,,,,,,,,,0.0,0.0,0.0,0.0,0.0,,0.0,,0.0,,,,,,,,0.0,0.0
395,MANIPUR,CHURACHANPUR,,0.0,2133.46,0.0,2133.46,0.0,32100.0,0.0,32100.0,424900.0,457000.0,0.0,8218.09,0.0,8218.09,,,,,0.0,0.0,0.0,0.0,0.0,69.0,0.0,69.0,,0.0,,0.0,0.0,0.0,,0.0,,,,,,,,,0.0,8287.09,0.0,8287.09,,,,,,,,,,,,0.0,,,,0.0,,,,,,,,,,,,,,,,0.0,0.0,8287.09,0.0,8287.09,0.0,828.71,0.0,828.71,0.0,7458.38,0.0,7458.38,,191.10816,,191.10816,,0.0,,0.0,,270.0,,270.0,,461.11,,461.11,,6.182441763492877,,6.182441763492877,0.0,192.05,0.0,192.05,0.0,6996.33,0.0,6996.33,,,,,,,,,,,,,,154080.0,0.0,161538.38,0.0,0.0,,0.0,,0.0,,,,,,,,161538.38,0.0
396,MANIPUR,IMPHAL EAST,,0.0,1717.14,0.0,1717.14,0.0,70900.0,0.0,70900.0,0.0,70900.0,0.0,14609.43,0.0,14609.43,,,,,0.0,190.54385415912003,0.0,190.55,0.0,146.44,0.0,146.44,,0.79,,0.79,0.0,0.0,,0.0,,,,,,,,,0.0,14947.21,0.0,14947.21,,,,,,,,,,,,0.0,,,,0.0,,,,,,,,,,,,,,,,0.0,0.0,14947.21,0.0,14947.21,0.0,1494.72,0.0,1494.72,0.0,13452.490000000002,0.0,13452.490000000002,,500.32083,,500.32083,,12.0,,12.0,,573.0,,573.0,,1085.32,,1085.32,,8.067800087567429,,8.067800087567429,0.0,502.75,0.0,502.75,0.0,12364.74,0.0,12364.74,,,,,,,,,,,,,,178544.4,0.0,191996.89,0.0,0.0,,0.0,,0.0,,,,,,,,191996.89,0.0
397,MANIPUR,IMPHAL WEST,,0.0,1384.88,0.0,1384.88,0.0,51900.0,0.0,51900.0,0.0,51900.0,0.0,8625.039999999999,0.0,8625.039999999999,,,,,0.0,0.049314727440000004,0.0,0.04,0.0,72.83000000000001,0.0,72.83000000000001,,1.47,,1.47,0.0,0.0,,0.0,,,,,,,,,0.0,8699.38,0.0,8699.38,,,,,,,,,,,,0.0,,,,0.0,,,,,,,,,,,,,,,,0.0,0.0,8699.38,0.0,8699.38,0.0,869.9300000000001,0.0,869.9300000000001,0.0,7829.450000000001,0.0,7829.450000000001,,568.277625,,568.277625,,12.0,,12.0,,285.0,,285.0,,865.28,,865.28,,11.05160643467932,,11.05160643467932,0.0,571.06,0.0,571.06,0.0,6961.389999999999,0.0,6961.389999999999,,,,,,,,,,,,,,188560.0,0.0,196389.45,0.0,0.0,,0.0,,0.0,,,,,,,,196389.45,0.0
398,MANIPUR,SENAPATI,,0.0,0.0,0.0,0.0,0.0,0.0,0.0,0.0,327100.0,327100.0,0.0,0.0,0.0,0.0,,,,,0.0,0.0,0.0,0.0,0.0,0.0,0.0,0.0,,0.0,,0.0,,,,,,,,,,,,,0.0,0.0,0.0,0.0,,,,,,,,,,,,0.0,,,,0.0,,,,,,,,,,,,,,,,0.0,0.0,0.0,0.0,0.0,0.0,0.0,0.0,0.0,0.0,0.0,0.0,0.0,,,,0.0,,,,0.0,,,,0.0,,,,,,,,,0.0,0.0,0.0,0.0,0.0,0.0,0.0,0.0,,,,,,,,,,,,,,0.0,0.0,0.0,0.0,0.0,,0.0,,0.0,,,,,,,,0.0,0.0
399,MANIPUR,TAMENGLONG,,0.0,0.0,0.0,0.0,0.0,0.0,0.0,0.0,439100.0,439100.0,0.0,0.0,0.0,0.0,,,,,0.0,0.0,0.0,0.0,0.0,0.0,0.0,0.0,,0.0,,0.0,,,,,,,,,,,,,0.0,0.0,0.0,0.0,,,,,,,,,,,,0.0,,,,0.0,,,,,,,,,,,,,,,,0.0,0.0,0.0,0.0,0.0,0.0,0.0,0.0,0.0,0.0,0.0,0.0,0.0,,,,0.0,,,,0.0,,,,0.0,,,,,,,,,0.0,0.0,0.0,0.0,0.0,0.0,0.0,0.0,,,,,,,,,,,,,,0.0,0.0,0.0,0.0,0.0,,0.0,,0.0,,,,,,,,0.0,0.0
400,MANIPUR,THOUBAL,,0.0,1276.78,0.0,1276.78,0.0,51400.0,0.0,51400.0,0.0,51400.0,0.0,7875.17,0.0,7875.17,,,,,0.0,0.057724656,0.0,0.06,0.0,61.33,0.0,61.33,,0.9,,0.9,0.0,0.0,,0.0,,,,,,,,,0.0,7937.459999999999,0.0,7937.459999999999,,,,,,,,,,,,0.0,,,,0.0,,,,,,,,,,,,,,,,0.0,0.0,7937.459999999999,0.0,7937.459999999999,0.0,793.75,0.0,793.75,0.0,7143.709999999999,0.0,7143.709999999999,,463.133535,,463.133535,,0.0,,0.0,,240.0,,240.0,,703.13,,703.13,,9.842644788212288,,9.842644788212288,0.0,465.39,0.0,465.39,0.0,6438.33,0.0,6438.33,,,,,,,,,,,,,,220800.0,0.0,227943.71000000002,0.0,0.0,,0.0,,0.0,,,,,,,,227943.71000000002,0.0
401,MANIPUR,UKHRUL,,0.0,0.0,0.0,0.0,0.0,0.0,0.0,0.0,454400.0,454400.0,0.0,0.0,0.0,0.0,,,,,0.0,0.0,0.0,0.0,0.0,0.0,0.0,0.0,,0.0,,0.0,,,,,,,,,,,,,0.0,0.0,0.0,0.0,,,,,,,,,,,,0.0,,,,0.0,,,,,,,,,,,,,,,,0.0,0.0,0.0,0.0,0.0,0.0,0.0,0.0,0.0,0.0,0.0,0.0,0.0,,,,0.0,,,,0.0,,,,0.0,,,,,,,,,0.0,0.0,0.0,0.0,0.0,0.0,0.0,0.0,,,,,,,,,,,,,,0.0,0.0,0.0,0.0,0.0,,0.0,,0.0,,,,,,,,0.0,0.0
402,MEGHALAYA,EAST GARO HILLS,,0.0,2975.0,0.0,2975.0,0.0,50215.0,0.0,50215.0,94085.0,144300.0,0.0,7740.35,0.0,7740.35,,,,,0.0,727.3144737770017,0.0,727.3199999999999,0.0,0.0,0.0,0.0,,48.72999999999999,,48.72999999999999,,468.216,,468.216,,,,,,,,,0.0,8984.62,0.0,8984.62,,,,,,,,,,,,0.0,,,,0.0,0.0,0.0,0.0,0.0,0.0,0.0,0.0,0.0,0.0,0.0,0.0,0.0,0.0,0.0,0.0,0.0,0.0,8984.62,0.0,8984.62,0.0,898.46,0.0,898.46,0.0,8086.16,0.0,8086.16,,332.0270630523502,,332.0270630523502,,0.0,,0.0,,0.0,,0.0,,332.02000000000004,,332.02000000000004,,4.106028077604203,,4.106028077604203,0.0,368.38,0.0,368.38,0.0,7717.78,0.0,7717.78,,,,,,,0.0,0.0,60.389441567999995,,,,,26655.96,0.0,34742.12,0.0,0.0,,0.0,,0.0,,,,,,,,34742.12,0.0
403,MEGHALAYA,EAST JAINTIA HILLS,,0.0,2320.0,0.0,2320.0,0.0,82735.0,0.0,82735.0,121265.0,204000.0,0.0,16773.68,0.0,16773.68,,,,,0.0,0.8203418991127648,0.0,0.8200000000000001,0.0,0.0,0.0,0.0,,42.69,,42.69,,136.406,,136.406,,,,,,,,,0.0,16953.590000000004,0.0,16953.590000000004,,,,,,,,,,,,0.0,,,,0.0,0.0,0.0,0.0,0.0,0.0,0.0,0.0,0.0,0.0,0.0,0.0,0.0,0.0,0.0,0.0,0.0,0.0,16953.590000000004,0.0,16953.590000000004,0.0,1695.37,0.0,1695.37,0.0,15258.220000000001,0.0,15258.220000000001,,186.02002692737358,,186.02002692737358,,0.0,,0.0,,0.0,,0.0,,186.01999999999998,,186.01999999999998,,1.2191461389336369,,1.2191461389336369,0.0,211.46,0.0,211.46,0.0,15046.759999999998,0.0,15046.759999999998,,,,,,,0.0,0.0,13.812003648000001,,,,,21591.5,0.0,36849.72,0.0,0.0,,0.0,,0.0,,,,,,,,36849.72,0.0
404,MEGHALAYA,EAST KHASI HILLS,,0.0,4032.0,0.0,4032.0,0.0,90322.0,0.0,90322.0,184478.0,274800.0,0.0,22346.120000000003,0.0,22346.120000000003,,,,,0.0,9.936,0.0,9.93,0.0,0.0,0.0,0.0,,86.46,,86.46,,671.204,,671.204,,,,,,,,,0.0,23113.710000000003,0.0,23113.710000000003,,,,,,,,,,,,0.0,,,,0.0,0.0,0.0,0.0,0.0,0.0,0.0,0.0,0.0,0.0,0.0,0.0,0.0,0.0,0.0,0.0,0.0,0.0,23113.710000000003,0.0,23113.710000000003,0.0,2311.38,0.0,2311.38,0.0,20802.329999999998,0.0,20802.329999999998,,589.5588229723846,,589.5588229723846,,2.1,,2.1,,0.0,,0.0,,591.64,,591.64,,2.8441044825267174,,2.8441044825267174,0.0,673.59,0.0,673.59,0.0,20126.66,0.0,20126.66,,,,,,,0.0,0.0,122.3006479763657,,,,,16611.9,0.0,37414.23,0.0,0.0,,0.0,,0.0,,,,,,,,37414.23,0.0
405,MEGHALAYA,NORTH GARO HILLS,,0.0,2803.0,0.0,2803.0,0.0,37031.0,0.0,37031.0,78969.0,116000.0,0.0,7338.23,0.0,7338.23,,,,,0.0,2496.230339447336,0.0,2496.24,0.0,0.0,0.0,0.0,,52.75,,52.75,,81.206,,81.206,,,,,,,,,0.0,9968.42,0.0,9968.42,,,,,,,,,,,,0.0,,,,0.0,0.0,0.0,0.0,0.0,0.0,620.77,0.0,620.77,0.0,0.0,0.0,0.0,0.0,-620.77,0.0,-620.77,0.0,9347.65,0.0,9347.65,0.0,996.84,0.0,996.84,0.0,8350.810000000001,0.0,8350.810000000001,,399.57597869334757,,399.57597869334757,,0.0,,0.0,,0.0,,0.0,,399.59000000000003,,399.59000000000003,,4.785044804036973,,4.785044804036973,0.0,439.32000000000005,0.0,439.32000000000005,0.0,7911.47,0.0,7911.47,,,,,,,0.0,0.0,2.64278448,,,,,37915.98,0.0,46266.79,0.0,0.0,,0.0,,0.0,,,,,,,,46266.79,0.0
406,MEGHALAYA,RI BHOI,,0.0,2030.0,0.0,2030.0,0.0,68878.0,0.0,68878.0,175922.0,244800.0,0.0,6373.2,0.0,6373.2,,,,,0.0,57.29162108108109,0.0,57.300000000000004,0.0,0.0,0.0,0.0,,110.22,,110.22,,80.206,,80.206,,,,,,,,,0.0,6620.92,0.0,6620.92,,,,,,,,,,,,0.0,,,,0.0,0.0,0.0,0.0,0.0,0.0,0.0,0.0,0.0,0.0,0.0,0.0,0.0,0.0,0.0,0.0,0.0,0.0,6620.92,0.0,6620.92,0.0,662.1000000000001,0.0,662.1000000000001,0.0,5958.82,0.0,5958.82,,307.32245935168845,,307.32245935168845,,22.4916,,22.4916,,0.0,,0.0,,329.81000000000006,,329.81000000000006,,5.534820652411049,,5.534820652411049,0.0,349.65,0.0,349.65,0.0,5586.68,0.0,5586.68,,,,,,,0.0,0.0,27.237919679999997,,,,,10010.210000000001,0.0,15969.029999999999,0.0,0.0,,0.0,,0.0,,,,,,,,15969.029999999999,0.0
407,MEGHALAYA,SOUTH GARO HILLS,,0.0,4210.0,0.0,4210.0,0.0,65957.0,0.0,65957.0,122743.0,188700.0,0.0,23405.14,0.0,23405.14,,,,,0.0,27.816000000000003,0.0,27.8,0.0,0.0,0.0,0.0,,56.64,,56.64,,11.808000000000002,,11.808000000000002,,,,,,,,,0.0,23501.379999999997,0.0,23501.379999999997,,,,,,,,,,,,0.0,,,,0.0,0.0,0.0,0.0,0.0,0.0,0.0,0.0,0.0,0.0,0.0,0.0,0.0,0.0,0.0,0.0,0.0,0.0,23501.379999999997,0.0,23501.379999999997,0.0,2350.15,0.0,2350.15,0.0,21151.230000000003,0.0,21151.230000000003,,246.46139571323442,,246.46139571323442,,0.0,,0.0,,0.0,,0.0,,246.47,,246.47,,1.1652750218308816,,1.1652750218308816,0.0,272.04999999999995,0.0,272.04999999999995,0.0,20879.17,0.0,20879.17,,,,,,,0.0,0.0,6.314869440000001,,,,,30878.510000000002,0.0,52029.74,0.0,0.0,,0.0,,0.0,,,,,,,,52029.74,0.0
408,MEGHALAYA,SOUTH WEST GARO HILLS,,0.0,1634.0,0.0,1634.0,0.0,42520.0,0.0,42520.0,44080.0,86600.0,0.0,6541.92,0.0,6541.92,,,,,0.0,62.80159014176327,0.0,62.8,0.0,149.7,0.0,149.7,,79.16,,79.16,,97.014,,97.014,,,,,,,,,0.0,6930.589999999999,0.0,6930.589999999999,,,,,,,,,,,,0.0,,,,0.0,0.0,0.0,0.0,0.0,0.0,2840.8900000000003,0.0,2840.8900000000003,0.0,0.0,0.0,0.0,0.0,-2840.8900000000003,0.0,-2840.8900000000003,0.0,4089.699999999999,0.0,4089.699999999999,0.0,693.06,0.0,693.06,0.0,3396.64,0.0,3396.64,,249.59374954350778,,249.59374954350778,,0.0,,0.0,,511.92,,511.92,,761.51,,761.51,,22.419508690941637,,22.419508690941637,0.0,258.33000000000004,0.0,258.33000000000004,0.0,2626.4,0.0,2626.4,,,,,,,0.0,0.0,1.1413324800000002,,,,,51656.15,0.0,55052.79,0.0,0.0,,0.0,,0.0,,,,,,,,55052.79,0.0
409,MEGHALAYA,SOUTH WEST KHASI HILLS,,0.0,3918.0,0.0,3918.0,0.0,48537.0,0.0,48537.0,85563.0,134100.0,0.0,14093.95,0.0,14093.95,,,,,0.0,217.75999999999996,0.0,217.76,0.0,0.0,0.0,0.0,,44.739999999999995,,44.739999999999995,,1.4,,1.4,,,,,,,,,0.0,14357.85,0.0,14357.85,,,,,,,,,,,,0.0,,,,0.0,0.0,0.0,0.0,0.0,0.0,0.0,0.0,0.0,0.0,0.0,0.0,0.0,0.0,0.0,0.0,0.0,0.0,14357.85,0.0,14357.85,0.0,1435.78,0.0,1435.78,0.0,12922.07,0.0,12922.07,,132.30912195790043,,132.30912195790043,,0.0,,0.0,,0.0,,0.0,,132.32,,132.32,,1.023984547367411,,1.023984547367411,0.0,147.29000000000002,0.0,147.29000000000002,0.0,12774.77,0.0,12774.77,,,,,,,0.0,0.0,52.4085192,,,,,9707.4,0.0,22629.47,0.0,0.0,,0.0,,0.0,,,,,,,,22629.47,0.0
410,MEGHALAYA,WEST GARO HILLS,,0.0,2678.0,0.0,2678.0,0.0,127784.0,0.0,127784.0,153316.0,281100.0,0.0,28663.010000000002,0.0,28663.010000000002,,,,,0.0,72.0,0.0,72.0,0.0,860.49,0.0,860.49,,136.27,,136.27,,4.2,,4.2,,,,,,,,,0.0,29735.97,0.0,29735.97,,,,,,,,,,,,0.0,,,,0.0,0.0,0.0,0.0,0.0,0.0,10594.09,0.0,10594.09,0.0,0.0,0.0,0.0,0.0,-10594.09,0.0,-10594.09,0.0,19141.88,0.0,19141.88,0.0,2973.61,0.0,2973.61,0.0,16168.27,0.0,16168.27,,966.6910800946243,,966.6910800946243,,0.6,,0.6,,1933.2000000000003,,1933.2000000000003,,2900.49,,2900.49,,17.939396113498844,,17.939396113498844,0.0,1071.79,0.0,1071.79,0.0,13162.68,0.0,13162.68,,,,,,,0.0,0.0,9.44265312,,,,,87793.37,0.0,103961.64000000001,0.0,0.0,,0.0,,0.0,,,,,,,,103961.64000000001,0.0
411,MEGHALAYA,WEST JAINTIA HILLS,,0.0,2320.0,0.0,2320.0,0.0,79186.0,0.0,79186.0,98714.0,177900.0,0.0,11074.58,0.0,11074.58,,,,,0.0,60.080303529067216,0.0,60.09,0.0,0.0,0.0,0.0,,57.3,,57.3,,64.4,,64.4,,,,,,,,,0.0,11256.369999999999,0.0,11256.369999999999,,,,,,,,,,,,0.0,,,,0.0,0.0,0.0,0.0,0.0,0.0,0.0,0.0,0.0,0.0,0.0,0.0,0.0,0.0,0.0,0.0,0.0,0.0,11256.369999999999,0.0,11256.369999999999,0.0,1125.64,0.0,1125.64,0.0,10130.73,0.0,10130.73,,578.8645445588583,,578.8645445588583,,0.0,,0.0,,0.0,,0.0,,578.87,,578.87,,5.714000866670023,,5.714000866670023,0.0,667.29,0.0,667.29,0.0,9463.43,0.0,9463.43,,,,,,,0.0,0.0,27.858507119999995,,,,,13714.53,0.0,23845.260000000002,0.0,0.0,,0.0,,0.0,,,,,,,,23845.260000000002,0.0
412,MEGHALAYA,WEST KHASI HILLS,,0.0,4062.0,0.0,4062.0,0.0,123970.0,0.0,123970.0,266630.0,390600.0,0.0,29585.9,0.0,29585.9,,,,,0.0,2044.0079999999998,0.0,2044.0,0.0,0.0,0.0,0.0,,70.75999999999999,,70.75999999999999,,5.202,,5.202,,,,,,,,,0.0,31705.86,0.0,31705.86,,,,,,,,,,,,0.0,,,,0.0,0.0,0.0,0.0,0.0,0.0,0.0,0.0,0.0,0.0,0.0,0.0,0.0,0.0,0.0,0.0,0.0,0.0,31705.86,0.0,31705.86,0.0,3170.59,0.0,3170.59,0.0,28535.270000000004,0.0,28535.270000000004,,443.18262469863015,,443.18262469863015,,0.0,,0.0,,0.0,,0.0,,443.19000000000005,,443.19000000000005,,1.5531305643857585,,1.5531305643857585,0.0,497.18000000000006,0.0,497.18000000000006,0.0,28038.08,0.0,28038.08,,,,,,,0.0,0.0,14.991001919999999,,,,,18567.550000000003,0.0,47102.82000000001,0.0,0.0,,0.0,,0.0,,,,,,,,47102.82000000001,0.0
413,MIZORAM,AIZAWL,,0.0,2352.0,0.0,2352.0,0.0,21734.0,0.0,21734.0,335866.0,357600.0,0.0,1635.7900000000002,0.0,1635.7900000000002,0.0,,0.0,0.0,0.0,0.0,0.0,0.0,0.0,0.0,0.0,0.0,0.0,0.0,0.0,0.0,,,,,,,,,,,,,0.0,1635.7900000000002,0.0,1635.7900000000002,,,,,,,,,,,,0.0,,,,0.0,0.0,0.0,0.0,0.0,0.0,0.0,0.0,0.0,0.0,0.0,0.0,0.0,0.0,0.0,0.0,0.0,0.0,1635.7900000000002,0.0,1635.7900000000002,0.0,163.58,0.0,163.58,0.0,1472.21,0.0,1472.21,,193.31355752500002,,193.31355752500002,,0.0,,0.0,,0.0,,0.0,,193.32,,193.32,,13.131278825711004,,13.131278825711004,0.0,210.20999999999998,0.0,210.20999999999998,0.0,1261.99,0.0,1261.99,,,,,,,0.0,0.0,0.0,,,,,0.0,0.0,1472.21,0.0,0.0,,0.0,,0.0,,,,,,,,1472.21,0.0
414,MIZORAM,CHAMPHAI,,0.0,1863.0,0.0,1863.0,0.0,28673.0,0.0,28673.0,289827.0,318500.0,0.0,1709.3700000000003,0.0,1709.3700000000003,0.0,,0.0,0.0,0.0,0.0,0.0,0.0,0.0,0.0,0.0,0.0,0.0,0.0,0.0,0.0,,,,,,,,,,,,,0.0,1709.3700000000003,0.0,1709.3700000000003,,,,,,,,,,,,0.0,,,,0.0,0.0,0.0,0.0,0.0,0.0,0.0,0.0,0.0,0.0,0.0,0.0,0.0,0.0,0.0,0.0,0.0,0.0,1709.3700000000003,0.0,1709.3700000000003,0.0,170.92000000000002,0.0,170.92000000000002,0.0,1538.4499999999998,0.0,1538.4499999999998,,43.3963985125,,43.3963985125,,0.0,,0.0,,0.0,,0.0,,43.39999999999999,,43.39999999999999,,2.821021157658682,,2.821021157658682,0.0,45.71999999999999,0.0,45.71999999999999,0.0,1492.7200000000003,0.0,1492.7200000000003,,,,,,,0.0,0.0,0.0,,,,,0.0,0.0,1538.45,0.0,0.0,,0.0,,0.0,,,,,,,,1538.45,0.0
415,MIZORAM,KOLASIB,,0.0,2199.048027331393,0.0,2199.048027331393,0.0,39515.0,0.0,39515.0,98685.0,138200.0,0.0,2780.66,0.0,2780.66,0.0,,0.0,0.0,0.0,0.0,0.0,0.0,0.0,0.0,0.0,0.0,0.0,0.0,0.0,0.0,,,,,,,,,,,,,0.0,2780.66,0.0,2780.66,,,,,,,,,,,,0.0,,,,0.0,0.0,0.0,0.0,0.0,0.0,0.0,0.0,0.0,0.0,0.0,0.0,0.0,0.0,0.0,0.0,0.0,0.0,2780.66,0.0,2780.66,0.0,278.05999999999995,0.0,278.05999999999995,0.0,2502.6000000000004,0.0,2502.6000000000004,,30.427536975000002,,30.427536975000002,,0.0,,0.0,,0.0,,0.0,,30.43,,30.43,,1.2159354271557576,,1.2159354271557576,0.0,33.36,0.0,33.36,0.0,2469.24,0.0,2469.24,,,,,,,0.0,0.0,0.0,,,,,0.0,0.0,2502.6000000000004,0.0,0.0,,0.0,,0.0,,,,,,,,2502.6000000000004,0.0
416,MIZORAM,LAWNGTLAI,,0.0,1949.0,0.0,1949.0,0.0,52075.0,0.0,52075.0,203625.0,255700.0,0.0,3247.8099999999995,0.0,3247.8099999999995,0.0,,0.0,0.0,0.0,0.0,0.0,0.0,0.0,0.0,0.0,0.0,0.0,0.0,0.0,0.0,,,,,,,,,,,,,0.0,3247.8099999999995,0.0,3247.8099999999995,,,,,,,,,,,,0.0,,,,0.0,0.0,0.0,0.0,0.0,0.0,0.0,0.0,0.0,0.0,0.0,0.0,0.0,0.0,0.0,0.0,0.0,0.0,3247.8099999999995,0.0,3247.8099999999995,0.0,324.78999999999996,0.0,324.78999999999996,0.0,2923.02,0.0,2923.02,,99.4582149,,99.4582149,,0.0,,0.0,,0.0,,0.0,,99.47,,99.47,,3.4029873213320467,,3.4029873213320467,0.0,113.37,0.0,113.37,0.0,2809.6400000000003,0.0,2809.6400000000003,,,,,,,0.0,0.0,0.0,,,,,0.0,0.0,2923.02,0.0,0.0,,0.0,,0.0,,,,,,,,2923.02,0.0
417,MIZORAM,LUNGLEI,,0.0,2299.0,0.0,2299.0,0.0,74487.0,0.0,74487.0,381213.0,455700.0,0.0,5479.86,0.0,5479.86,0.0,,0.0,0.0,0.0,0.0,0.0,0.0,0.0,0.0,0.0,0.0,0.0,0.0,0.0,0.0,,,,,,,,,,,,,0.0,5479.86,0.0,5479.86,,,,,,,,,,,,0.0,,,,0.0,0.0,0.0,0.0,0.0,0.0,0.0,0.0,0.0,0.0,0.0,0.0,0.0,0.0,0.0,0.0,0.0,0.0,5479.86,0.0,5479.86,0.0,547.99,0.0,547.99,0.0,4931.870000000001,0.0,4931.870000000001,,187.45621454999997,,187.45621454999997,,0.0,,0.0,,0.0,,0.0,,187.46,,187.46,,3.800992321371001,,3.800992321371001,0.0,194.72,0.0,194.72,0.0,4737.15,0.0,4737.15,,,,,,,0.0,0.0,0.0,,,,,0.0,0.0,4931.870000000001,0.0,0.0,,0.0,,0.0,,,,,,,,4931.870000000001,0.0
418,MIZORAM,MAMIT,,0.0,2447.0,0.0,2447.0,0.0,71631.0,0.0,71631.0,228769.0,300400.0,0.0,5609.01,0.0,5609.01,0.0,,0.0,0.0,0.0,0.0,0.0,0.0,0.0,0.0,0.0,0.0,0.0,0.0,0.0,0.0,,,,,,,,,,,,,0.0,5609.01,0.0,5609.01,,,,,,,,,,,,0.0,,,,0.0,0.0,0.0,0.0,0.0,0.0,0.0,0.0,0.0,0.0,0.0,0.0,0.0,0.0,0.0,0.0,0.0,0.0,5609.01,0.0,5609.01,0.0,560.89,0.0,560.89,0.0,5048.12,0.0,5048.12,,97.79074525000001,,97.79074525000001,,0.0,,0.0,,0.0,,0.0,,97.79,,97.79,,1.9371568029286153,,1.9371568029286153,0.0,112.89999999999999,0.0,112.89999999999999,0.0,4935.21,0.0,4935.21,,,,,,,0.0,0.0,0.0,,,,,0.0,0.0,5048.12,0.0,0.0,,0.0,,0.0,,,,,,,,5048.12,0.0
419,MIZORAM,SAIHA,,0.0,2371.0,0.0,2371.0,0.0,10660.0,0.0,10660.0,129240.0,139900.0,0.0,808.8,0.0,808.8,0.0,,0.0,0.0,0.0,0.0,0.0,0.0,0.0,0.0,0.0,0.0,0.0,0.0,0.0,0.0,,,,,,,,,,,,,0.0,808.8,0.0,808.8,,,,,,,,,,,,0.0,,,,0.0,0.0,0.0,0.0,0.0,0.0,0.0,0.0,0.0,0.0,0.0,0.0,0.0,0.0,0.0,0.0,0.0,0.0,808.8,0.0,808.8,0.0,80.88,0.0,80.88,0.0,727.9200000000001,0.0,727.9200000000001,,39.1932255,,39.1932255,,0.0,,0.0,,0.0,,0.0,,39.19,,39.19,,5.383833388284426,,5.383833388284426,0.0,41.84,0.0,41.84,0.0,686.08,0.0,686.08,,,,,,,0.0,0.0,0.0,,,,,0.0,0.0,727.92,0.0,0.0,,0.0,,0.0,,,,,,,,727.92,0.0
420,MIZORAM,SERCHHIP,,0.0,1743.0,0.0,1743.0,0.0,16166.0,0.0,16166.0,125934.0,142100.0,0.0,901.6800000000001,0.0,901.6800000000001,0.0,,0.0,0.0,0.0,0.0,0.0,0.0,0.0,0.0,0.0,0.0,0.0,0.0,0.0,0.0,,,,,,,,,,,,,0.0,901.6800000000001,0.0,901.6800000000001,,,,,,,,,,,,0.0,,,,0.0,0.0,0.0,0.0,0.0,0.0,0.0,0.0,0.0,0.0,0.0,0.0,0.0,0.0,0.0,0.0,0.0,0.0,901.6800000000001,0.0,901.6800000000001,0.0,90.18,0.0,90.18,0.0,811.5,0.0,811.5,,46.780772500000005,,46.780772500000005,,0.0,,0.0,,0.0,,0.0,,46.78,,46.78,,5.764633394947628,,5.764633394947628,0.0,49.83,0.0,49.83,0.0,761.67,0.0,761.67,,,,,,,0.0,0.0,0.0,,,,,0.0,0.0,811.5,0.0,0.0,,0.0,,0.0,,,,,,,,811.5,0.0
421,NAGALAND,Dimapur,,0.0,1744.96,0.0,1744.96,0.0,63045.67,0.0,63045.67,29654.33,92700.0,0.0,20471.980000000003,0.0,20471.980000000003,0.0,,0.0,0.0,0.0,1372.56,0.0,1372.56,0.0,67.06,0.0,67.06,0.0,0.0,0.0,0.0,0.0,0.0,0.0,0.0,,,,,,,,,0.0,21911.600000000002,0.0,21911.600000000002,0.0,0.0,0.0,0.0,,,,,0.0,0.0,0.0,0.0,0.0,0.0,0.0,0.0,0.0,0.0,0.0,0.0,0.0,0.0,0.0,0.0,0.0,0.0,0.0,0.0,0.0,0.0,0.0,0.0,0.0,21911.600000000002,0.0,21911.600000000002,0.0,2191.17,0.0,2191.17,0.0,19720.43,0.0,19720.43,,866.2745110582462,,866.2745110582462,,1.2312,,1.2312,,227.0,,227.0,,1094.5,,1094.5,,5.550081818702736,,5.550081818702736,0.0,937.33,0.0,937.33,0.0,18554.870000000003,0.0,18554.870000000003,,,,,,,0.0,0.0,0.0,,,,,0.0,0.0,19720.43,0.0,0.0,,0.0,,0.0,,,,,,,,19720.43,0.0
422,NAGALAND,Kiphire,,0.0,1074.0999999999997,0.0,1074.0999999999997,0.0,3576.2,0.0,3576.2,109423.8,113000.0,0.0,184.39000000000001,0.0,184.39000000000001,0.0,,0.0,0.0,0.0,327.09000000000003,0.0,327.09000000000003,0.0,0.0,0.0,0.0,0.0,0.0,0.0,0.0,0.0,0.0,0.0,0.0,,,,,,,,,0.0,511.48,0.0,511.48,0.0,0.0,0.0,0.0,,,,,0.0,0.0,0.0,0.0,0.0,0.0,0.0,0.0,0.0,0.0,0.0,0.0,0.0,0.0,0.0,0.0,0.0,0.0,0.0,0.0,0.0,0.0,0.0,0.0,0.0,511.48,0.0,511.48,0.0,51.150000000000006,0.0,51.150000000000006,0.0,460.33,0.0,460.33,,11.068027210926054,,11.068027210926054,,0.0,,0.0,,0.0,,0.0,,11.07,,11.07,,2.4047965589902898,,2.4047965589902898,0.0,11.370000000000001,0.0,11.370000000000001,0.0,448.95,0.0,448.95,,,,,,,0.0,0.0,0.0,,,,,0.0,0.0,460.33,0.0,0.0,,0.0,,0.0,,,,,,,,460.33,0.0
423,NAGALAND,Kohima,,0.0,1779.3000000000002,0.0,1779.3000000000002,0.0,28263.57,0.0,28263.57,118036.43000000001,146300.0,0.0,2413.88,0.0,2413.88,0.0,,0.0,0.0,0.0,1928.6700000000003,0.0,1928.6700000000003,0.0,0.0,0.0,0.0,0.0,0.0,0.0,0.0,0.0,0.0,0.0,0.0,,,,,,,,,0.0,4342.55,0.0,4342.55,0.0,0.0,0.0,0.0,,,,,0.0,0.0,0.0,0.0,0.0,0.0,0.0,0.0,0.0,0.0,0.0,0.0,0.0,0.0,0.0,0.0,0.0,0.0,0.0,0.0,0.0,0.0,0.0,0.0,0.0,4342.55,0.0,4342.55,0.0,434.24,0.0,434.24,0.0,3908.3099999999995,0.0,3908.3099999999995,,227.74159190342667,,227.74159190342667,,0.6,,0.6,,0.0,,0.0,,228.34,,228.34,,5.842422939838448,,5.842422939838448,0.0,245.17,0.0,245.17,0.0,3662.54,0.0,3662.54,,,,,,,0.0,0.0,0.0,,,,,0.0,0.0,3908.31,0.0,0.0,,0.0,,0.0,,,,,,,,3908.31,0.0
424,NAGALAND,Longleng,,0.0,1879.5,0.0,1879.5,0.0,12889.619999999999,0.0,12889.619999999999,43310.38,56200.0,0.0,1162.85,0.0,1162.85,0.0,,0.0,0.0,0.0,340.05,0.0,340.05,0.0,0.0,0.0,0.0,0.0,0.0,0.0,0.0,0.0,0.0,0.0,0.0,,,,,,,,,0.0,1502.9,0.0,1502.9,0.0,0.0,0.0,0.0,,,,,0.0,0.0,0.0,0.0,0.0,0.0,0.0,0.0,0.0,0.0,0.0,0.0,0.0,0.0,0.0,0.0,0.0,0.0,0.0,0.0,0.0,0.0,0.0,0.0,0.0,1502.9,0.0,1502.9,0.0,150.3,0.0,150.3,0.0,1352.6,0.0,1352.6,,11.767642079085118,,11.767642079085118,,0.0,,0.0,,0.0,,0.0,,11.77,,11.77,,0.8701759574153481,,0.8701759574153481,0.0,17.060000000000002,0.0,17.060000000000002,0.0,1335.54,0.0,1335.54,,,,,,,0.0,0.0,0.0,,,,,0.0,0.0,1352.6,0.0,0.0,,0.0,,0.0,,,,,,,,1352.6,0.0
425,NAGALAND,Mokokchung,,0.0,2080.4,0.0,2080.4,0.0,55042.96,0.0,55042.96,106457.04000000001,161500.0,0.0,5496.54,0.0,5496.54,0.0,,0.0,0.0,0.0,768.67,0.0,768.67,0.0,0.0,0.0,0.0,0.0,0.0,0.0,0.0,0.0,0.0,0.0,0.0,,,,,,,,,0.0,6265.21,0.0,6265.21,0.0,0.0,0.0,0.0,,,,,0.0,0.0,0.0,0.0,0.0,0.0,0.0,0.0,0.0,0.0,0.0,0.0,0.0,0.0,0.0,0.0,0.0,0.0,0.0,0.0,0.0,0.0,0.0,0.0,0.0,6265.21,0.0,6265.21,0.0,626.5200000000001,0.0,626.5200000000001,0.0,5638.6900000000005,0.0,5638.6900000000005,,70.71062780386468,,70.71062780386468,,0.0,,0.0,,0.0,,0.0,,70.71,,70.71,,1.2540146736210005,,1.2540146736210005,0.0,70.72,0.0,70.72,0.0,5567.98,0.0,5567.98,,,,,,,0.0,0.0,0.0,,,,,0.0,0.0,5638.6900000000005,0.0,0.0,,0.0,,0.0,,,,,,,,5638.6900000000005,0.0
426,NAGALAND,Mon,,0.0,1469.1,0.0,1469.1,0.0,61512.44,0.0,61512.44,117087.56,178600.0,0.0,4337.66,0.0,4337.66,0.0,,0.0,0.0,0.0,288.54,0.0,288.54,0.0,0.0,0.0,0.0,0.0,0.0,0.0,0.0,0.0,0.0,0.0,0.0,,,,,,,,,0.0,4626.2,0.0,4626.2,0.0,0.0,0.0,0.0,,,,,0.0,0.0,0.0,0.0,0.0,0.0,0.0,0.0,0.0,0.0,0.0,0.0,0.0,0.0,0.0,0.0,0.0,0.0,0.0,0.0,0.0,0.0,0.0,0.0,0.0,4626.2,0.0,4626.2,0.0,462.61,0.0,462.61,0.0,4163.59,0.0,4163.59,,153.11505831893254,,153.11505831893254,,0.0,,0.0,,0.0,,0.0,,153.12,,153.12,,3.6775955365441844,,3.6775955365441844,0.0,153.10999999999999,0.0,153.10999999999999,0.0,4010.4700000000003,0.0,4010.4700000000003,,,,,,,0.0,0.0,0.0,,,,,0.0,0.0,4163.59,0.0,0.0,,0.0,,0.0,,,,,,,,4163.59,0.0
427,NAGALAND,Peren,,0.0,1394.1999999999996,0.0,1394.1999999999998,0.0,63838.44,0.0,63838.44,101261.56,165100.0,0.0,4272.17,0.0,4272.17,0.0,,0.0,0.0,0.0,1704.5700000000002,0.0,1704.5700000000002,0.0,0.0,0.0,0.0,0.0,0.0,0.0,0.0,0.0,0.0,0.0,0.0,,,,,,,,,0.0,5976.74,0.0,5976.74,0.0,0.0,0.0,0.0,,,,,0.0,0.0,0.0,0.0,0.0,0.0,0.0,0.0,0.0,0.0,0.0,0.0,0.0,0.0,0.0,0.0,0.0,0.0,0.0,0.0,0.0,0.0,0.0,0.0,0.0,5976.74,0.0,5976.74,0.0,597.6700000000001,0.0,597.6700000000001,0.0,5379.07,0.0,5379.07,,85.32424111181169,,85.32424111181169,,0.0,,0.0,,0.0,,0.0,,85.33,,85.33,,1.5863336970889022,,1.5863336970889022,0.0,86.69,0.0,86.69,0.0,5292.370000000001,0.0,5292.370000000001,,,,,,,0.0,0.0,0.0,,,,,0.0,0.0,5379.07,0.0,0.0,,0.0,,0.0,,,,,,,,5379.07,0.0
428,NAGALAND,Phek,,0.0,1295.1,0.0,1295.1,0.0,11309.0,0.0,11309.0,191291.0,202600.0,0.0,703.0000000000001,0.0,703.0000000000001,0.0,,0.0,0.0,0.0,1156.26,0.0,1156.26,0.0,0.0,0.0,0.0,0.0,0.0,0.0,0.0,0.0,0.0,0.0,0.0,,,,,,,,,0.0,1859.2599999999998,0.0,1859.2599999999998,0.0,0.0,0.0,0.0,,,,,0.0,0.0,0.0,0.0,0.0,0.0,0.0,0.0,0.0,0.0,0.0,0.0,0.0,0.0,0.0,0.0,0.0,0.0,0.0,0.0,0.0,0.0,0.0,0.0,0.0,1859.2599999999998,0.0,1859.2599999999998,0.0,185.93,0.0,185.93,0.0,1673.33,0.0,1673.33,,40.35738177738615,,40.35738177738615,,0.0,,0.0,,0.0,,0.0,,40.349999999999994,,40.349999999999994,,2.411359385178058,,2.411359385178058,0.0,41.64,0.0,41.64,0.0,1631.69,0.0,1631.69,,,,,,,0.0,0.0,0.0,,,,,0.0,0.0,1673.3300000000002,0.0,0.0,,0.0,,0.0,,,,,,,,1673.3300000000002,0.0
429,NAGALAND,Tuensang,,0.0,2079.4999999999995,0.0,2079.4999999999995,0.0,10123.43,0.0,10123.43,243476.56999999998,253600.0,0.0,1010.48,0.0,1010.48,0.0,,0.0,0.0,0.0,1871.3400000000001,0.0,1871.3400000000001,0.0,0.0,0.0,0.0,0.0,0.0,0.0,0.0,0.0,0.0,0.0,0.0,,,,,,,,,0.0,2881.8199999999997,0.0,2881.8199999999997,0.0,0.0,0.0,0.0,,,,,0.0,0.0,0.0,0.0,0.0,0.0,0.0,0.0,0.0,0.0,0.0,0.0,0.0,0.0,0.0,0.0,0.0,0.0,0.0,0.0,0.0,0.0,0.0,0.0,0.0,2881.8199999999997,0.0,2881.8199999999997,0.0,288.18,0.0,288.18,0.0,2593.64,0.0,2593.64,,96.85295478464688,,96.85295478464688,,0.0,,0.0,,0.0,,0.0,,96.85,,96.85,,3.73413426689903,,3.73413426689903,0.0,98.6,0.0,98.6,0.0,2495.04,0.0,2495.04,,,,,,,0.0,0.0,0.0,,,,,0.0,0.0,2593.64,0.0,0.0,,0.0,,0.0,,,,,,,,2593.64,0.0
430,NAGALAND,Wokha,,0.0,2166.76,0.0,2166.76,0.0,66920.62000000001,0.0,66920.62000000001,95879.38,162800.0,0.0,6960.049999999999,0.0,6960.049999999999,0.0,,0.0,0.0,0.0,1714.13,0.0,1714.13,0.0,0.0,0.0,0.0,0.0,0.0,0.0,0.0,0.0,0.0,0.0,0.0,,,,,,,,,0.0,8674.18,0.0,8674.18,0.0,0.0,0.0,0.0,,,,,0.0,0.0,0.0,0.0,0.0,0.0,0.0,0.0,0.0,0.0,0.0,0.0,0.0,0.0,0.0,0.0,0.0,0.0,0.0,0.0,0.0,0.0,0.0,0.0,0.0,8674.18,0.0,8674.18,0.0,867.4100000000001,0.0,867.4100000000001,0.0,7806.77,0.0,7806.77,,183.05847983715196,,183.05847983715196,,0.54,,0.54,,0.0,,0.0,,183.59,,183.59,,2.3516768138423445,,2.3516768138423445,0.0,185.19,0.0,185.19,0.0,7621.05,0.0,7621.05,,,,,,,0.0,0.0,0.0,,,,,0.0,0.0,7806.77,0.0,0.0,,0.0,,0.0,,,,,,,,7806.77,0.0
431,NAGALAND,Zunheboto,,0.0,2080.4,0.0,2080.4,0.0,8985.47,0.0,8985.47,116514.53,125500.0,0.0,897.2900000000001,0.0,897.2900000000001,0.0,,0.0,0.0,0.0,857.4,0.0,857.4,0.0,0.0,0.0,0.0,0.0,0.0,0.0,0.0,0.0,0.0,0.0,0.0,,,,,,,,,0.0,1754.6900000000003,0.0,1754.6900000000003,0.0,0.0,0.0,0.0,,,,,0.0,0.0,0.0,0.0,0.0,0.0,0.0,0.0,0.0,0.0,0.0,0.0,0.0,0.0,0.0,0.0,0.0,0.0,0.0,0.0,0.0,0.0,0.0,0.0,0.0,1754.6900000000003,0.0,1754.6900000000003,0.0,175.48,0.0,175.48,0.0,1579.21,0.0,1579.21,,64.47981917382302,,64.47981917382302,,0.0,,0.0,,0.0,,0.0,,64.49,,64.49,,4.083687413326916,,4.083687413326916,0.0,64.47,0.0,64.47,0.0,1514.72,0.0,1514.72,,,,,,,0.0,0.0,0.0,,,,,0.0,0.0,1579.21,0.0,0.0,,0.0,,0.0,,,,,,,,1579.21,0.0
432,ODISHA,ANGUL,,1120.1887474901337,1295.8483287799863,0.0,1290.8598778178673,14443.0,494142.0,0.0,508585.0,130761.0,639346.0,969.31,40679.86,0.0,41649.170000000006,356.39,,0.0,356.39,2563.38264168876,0.0,0.0,2563.38,408.52,5339.52,0.0,5748.040000000001,58.54,6314.22,0.0,6372.76,6.16,74.188,0.0,80.34800000000001,,,,,,,,,4362.3,52407.78,0.0,56770.08,,,,,,,,,,,,0.0,,,,0.0,0.0,0.0,0.0,0.0,0.0,0.0,0.0,0.0,0.0,0.0,0.0,0.0,0.0,0.0,0.0,0.0,4362.3,52407.78,0.0,56770.08,436.24000000000007,3349.5600000000004,0.0,3785.7999999999997,3926.06,49058.22,0.0,52984.280000000006,117.854485,4363.9259475,,4481.7804325,57.46000000000001,1120.4700000000003,,1177.9300000000003,1618.38,20846.47,,22464.85,1793.69,26330.86,,28124.55,45.686769942384984,53.67267707633909,,53.08093268418481,120.67999999999999,4795.43,0.0,4916.109999999999,2129.54,22295.86,0.0,24425.4,,,,,,,0.0,0.0,0.0,,,,,0.0,0.0,52984.28,0.0,0.0,,0.0,,0.0,,,,,,,,52984.28,0.0
433,ODISHA,BALASORE,,1752.1646310752958,1702.4098345238442,1760.0853113053438,1715.3424218112248,23826.0,273272.0,59379.0,356477.0,25584.0,382061.0,6827.87,67024.36,19420.15,93272.38,1476.14,,0.0,1476.14,9398.162634955745,0.0,0.0,9398.150000000001,1761.73,27209.080000000005,0.0,28970.81,2089.62,24174.309999999998,5791.210000000001,32055.14,4.8,732.0,16.8,753.6,,,,,,,,,21558.31,119139.75,25228.159999999996,165926.22,,,,,,,,,,,,0.0,,,,0.0,0.0,0.0,0.0,0.0,0.0,0.0,0.0,0.0,0.0,0.0,0.0,0.0,0.0,0.0,0.0,0.0,21558.31,119139.75,25228.159999999996,165926.22,2155.83,9400.49,1755.3200000000002,13311.64,19402.48,109739.26,23472.84,152614.58,600.5171625,5816.96193,1167.1904299999999,7584.6695225,8.84,1018.81,0.0,1027.6499999999999,3933.64,63608.27000000001,0.0,67541.91000000002,4543.01,70444.06,1167.21,76154.28000000001,23.414584115020347,64.192213433916,4.972598117654276,58.06571136489257,631.1800000000001,6103.160000000001,1212.88,6734.340000000002,14828.82,39008.99999999999,22259.940000000002,53837.81999999999,,,,,,,0.0,0.0,0.0,,,,,0.0,0.0,129141.74000000002,23472.840000000004,0.0,,0.0,,0.0,,,,,,,,129141.74000000002,23472.840000000004
434,ODISHA,BARGARH,,1227.8290547111687,1261.926858414729,0.0,1259.3766179592785,39279.0,485898.0,0.0,525177.0,59368.0,584545.0,2730.4199999999996,37942.33,0.0,40672.75,3247.4900000000002,,0.0,3247.4900000000002,1931.1256354973812,0.0,0.0,1931.13,480.64,8822.21,0.0,9302.86,474.58,3069.2100000000005,0.0,3543.790000000001,79.71,7396.892,0.0,7476.601999999999,,,,,,,,,8943.949999999999,57230.65,0.0,66174.6,,,,,,,,,,,,0.0,,,,0.0,0.0,0.0,0.0,0.0,0.0,0.0,0.0,0.0,0.0,0.0,0.0,0.0,0.0,0.0,0.0,0.0,8943.949999999999,57230.65,0.0,66174.6,894.39,3450.99,0.0,4345.38,8049.56,53779.659999999996,0.0,61829.22000000001,531.5047875,3805.32748375,,4336.83227125,0.0,360.23,,360.23,1550.45,27371.11,,28921.559999999998,2081.9399999999996,31536.670000000002,,33618.61,25.864022381347546,58.64051576376645,,54.37333674919398,539.61,3950.5099999999998,0.0,4490.12,5959.5199999999995,22336.04,0.0,28295.56,,,,,,,0.0,0.0,0.0,,,,,0.0,0.0,61829.219999999994,0.0,0.0,,0.0,,0.0,,,,,,,,61829.219999999994,0.0
435,ODISHA,BHADRAK,,1421.1224571903783,1540.3309510481627,1559.4347863119267,1511.8845034412218,79363.0,53236.0,119637.0,252236.0,0.0,252236.0,12797.369999999999,9721.2,21208.05,43726.619999999995,12551.859999999999,,0.0,12551.859999999999,4463.034537394383,0.0,0.0,4463.030000000001,7628.3,3516.48,922.02,12066.8,6639.610000000001,2067.0600000000004,12514.619999999999,21221.289999999997,66.00399999999999,33.936,19.352,119.292,,,,,,,,,44146.189999999995,15338.68,34664.05,94148.92,,,,,,,,,,,,0.0,,,,0.0,0.0,0.0,0.0,0.0,0.0,0.0,0.0,0.0,0.0,0.0,0.0,0.0,0.0,0.0,0.0,0.0,44146.189999999995,15338.68,34664.05,94148.92,4414.629999999999,1533.8700000000001,3466.3999999999996,9414.890000000001,39731.56,13804.810000000001,31197.649999999994,84734.02,1926.4159069999998,825.63803,1676.89249,4428.946427,61.88000000000001,276.25,0.0,338.13,19789.32,9394.39,2396.39,31580.100000000002,21777.62,10496.28,4073.29,36347.19,54.811892611314526,76.03349846901189,13.056400081416392,60.28406483293506,2032.66,850.96,1745.8400000000001,2883.62,17847.71,3283.2,27055.410000000003,21130.91,,,,,,,0.0,0.0,0.0,,,,,0.0,0.0,53536.369999999995,31197.65,0.0,,0.0,,0.0,,,,,,,,53536.369999999995,31197.65
436,ODISHA,BOLANGIR,,1363.9746749507503,1225.4771906421602,0.0,1226.9284105167385,6599.0,623178.0,0.0,629777.0,26419.0,656196.0,554.62,45043.920000000006,0.0,45598.54,322.46,,0.0,322.46,687.6965997622467,0.0,0.0,687.7,149.07,6216.219999999999,0.0,6365.29,21.86,2875.9800000000005,0.0,2897.8400000000006,128.4,5179.200000000001,0.0,5307.600000000001,,,,,,,,,1864.1100000000001,59315.32,0.0,61179.43,,,,,,,,,,,,0.0,,,,0.0,0.0,0.0,0.0,0.0,0.0,0.0,0.0,0.0,0.0,0.0,0.0,0.0,0.0,0.0,0.0,0.0,1864.1100000000001,59315.32,0.0,61179.43,186.42000000000002,4564.430000000001,0.0,4750.85,1677.69,54750.89,0.0,56428.58,56.76188,5573.95505875,,5630.71693875,26.519999999999996,229.84000000000003,,256.36000000000007,550.09,21572.39,,22122.480000000003,633.37,27376.17,,28009.54,37.752504932377256,50.001324179387765,,49.637151953850335,62.68,6181.8499999999985,0.0,6244.529999999999,1038.4,26766.829999999998,0.0,27805.23,,,,,,,0.0,0.0,0.0,,,,,0.0,0.0,56428.58,0.0,0.0,,0.0,,0.0,,,,,,,,56428.58,0.0
437,ODISHA,BOUDH,,1225.09382053258,1336.4350912284474,0.0,1312.140521443451,46716.0,167382.0,0.0,214098.0,96900.0,310998.0,3689.9300000000003,14761.039999999999,0.0,18450.97,865.3199999999999,,0.0,865.3199999999999,2025.389150164537,0.0,0.0,2025.3899999999999,407.52,2888.33,0.0,3295.85,315.05,820.4,0.0,1135.45,11.56,61.98400000000001,0.0,73.544,,,,,,,,,7314.77,18531.75,0.0,25846.519999999997,,,,,,,,,,,,0.0,,,,0.0,0.0,0.0,0.0,0.0,0.0,0.0,0.0,0.0,0.0,0.0,0.0,0.0,0.0,0.0,0.0,0.0,7314.77,18531.75,0.0,25846.519999999997,731.48,1392.92,0.0,2124.3999999999996,6583.289999999999,17138.83,0.0,23722.120000000003,402.67091999999997,1026.91582,,1429.58674,30.94,19.89,,50.830000000000005,1314.79,7935.410000000001,,9250.2,1748.3999999999999,8982.21,,10730.61,26.558149496680233,52.40853663873204,,45.23461646766815,425.26,1091.67,0.0,1516.93,4812.299999999999,8091.86,0.0,12904.16,,,,,,,0.0,0.0,0.0,,,,,0.0,0.0,23722.120000000003,0.0,0.0,,0.0,,0.0,,,,,,,,23722.120000000003,0.0
438,ODISHA,CUTTACK,,1538.1919325860817,1586.8059879380285,0.0,1577.9421558860113,62005.0,278064.0,0.0,340069.0,32790.0,372859.0,13803.74,34402.759999999995,0.0,48206.5,3996.44,,0.0,3996.44,6174.298012116913,0.0,0.0,6174.28,1996.1699999999998,3857.3999999999996,0.0,5853.57,719.3499999999999,10589.449999999999,0.0,11308.800000000001,6.496,254.272,0.0,260.768,,,,,,,,,26696.480000000003,49103.89000000001,0.0,75800.37,,,,,,,,,,,,0.0,,,,0.0,0.0,0.0,0.0,0.0,0.0,0.0,0.0,0.0,0.0,0.0,0.0,0.0,0.0,0.0,0.0,0.0,26696.480000000003,49103.89000000001,0.0,75800.37,2669.6600000000003,4240.26,0.0,6909.9,24026.820000000003,44863.63,0.0,68890.45,1463.0619849999998,5620.5586785,,7083.620663500001,256.36,618.8,,875.1599999999999,8637.59,14866.27,,23503.86,10357.01,21105.63,,31462.64,43.10603733660967,47.04396411971123,,45.670539240199474,1513.84,5886.780000000001,0.0,7400.620000000001,13619.029999999999,23491.780000000002,0.0,37110.81,,,,,,,0.0,0.0,0.0,,,,,0.0,0.0,68890.45,0.0,0.0,,0.0,,0.0,,,,,,,,68890.45,0.0
439,ODISHA,DEOGARH,,1314.546541583629,1318.021047101376,0.0,1317.6939463412177,20573.0,197956.0,0.0,218529.0,77735.0,296264.0,2163.53,19224.47,0.0,21388.0,527.69,,0.0,527.69,6744.462205613227,0.0,0.0,6744.45,0.0,4319.110000000001,0.0,4319.110000000001,24.52,152.11,0.0,176.63,6.92,181.702,0.0,188.622,,,,,,,,,9467.11,23877.39,0.0,33344.5,,,,,,,,,,,,0.0,,,,0.0,0.0,0.0,0.0,0.0,0.0,0.0,0.0,0.0,0.0,0.0,0.0,0.0,0.0,0.0,0.0,0.0,9467.11,23877.39,0.0,33344.5,946.7,2000.54,0.0,2947.24,8520.41,21876.850000000002,0.0,30397.260000000002,55.12642449999999,911.9143575,,967.040782,245.31,39.78,,285.09000000000003,1979.72,14226.890000000001,,16206.61,2280.15,15178.599999999999,,17458.75,26.761036147321548,69.38201797790813,,57.43527541627107,57.620000000000005,952.35,0.0,1009.97,6237.76,6657.8099999999995,0.0,12895.57,,,,,,,0.0,0.0,0.0,,,,,0.0,0.0,30397.26,0.0,0.0,,0.0,,0.0,,,,,,,,30397.26,0.0
440,ODISHA,DHENKANAL,,1408.3531021566403,1433.1072956667765,0.0,1428.1741885265474,79290.0,318585.0,0.0,397875.0,49706.0,447581.0,6770.46,27706.09,0.0,34476.55,2082.8900000000003,,0.0,2082.8900000000003,4761.531275834609,0.0,0.0,4761.5199999999995,837.4600000000002,2480.62,0.0,3318.08,713.9799999999999,2873.6800000000003,0.0,3587.6600000000003,19.346000000000004,67.824,0.0,87.17,,,,,,,,,15185.670000000002,33128.21,0.0,48313.880000000005,,,,,,,,,,,,0.0,,,,0.0,0.0,0.0,0.0,0.0,0.0,0.0,0.0,0.0,0.0,0.0,0.0,0.0,0.0,0.0,0.0,0.0,15185.670000000002,33128.21,0.0,48313.880000000005,1379.34,2160.87,0.0,3540.21,13806.33,30967.339999999997,0.0,44773.67,824.6846499999999,2938.6637275000003,,3763.3483774999995,46.410000000000004,293.93000000000006,,340.34000000000003,2985.2000000000003,10309.390000000001,,13294.590000000002,3856.3100000000004,13541.99,,17398.3,27.9314633215344,43.72991028612726,,38.85832901345813,848.96,3046.54,0.0,3895.5,9925.750000000002,17317.48,0.0,27243.230000000003,,,,,,,0.0,0.0,0.0,,,,,0.0,0.0,44773.67,0.0,0.0,,0.0,,0.0,,,,,,,,44773.67,0.0
441,ODISHA,GAJAPATI,,1182.26,1389.3601985907412,0.0,1379.910737761305,6500.0,135958.0,0.0,142458.0,290763.0,433221.0,614.78,17115.03,0.0,17729.809999999998,215.17,,0.0,215.17,1161.5529411459684,0.0,0.0,1161.55,253.52999999999997,1599.55,0.0,1853.0800000000002,104.86,869.83,0.0,974.6900000000002,16.968,227.62599999999998,0.0,244.594,,,,,,,,,2366.85,19812.02,0.0,22178.87,,,,,,,,,,,,0.0,,,,0.0,0.0,0.0,0.0,0.0,0.0,0.0,0.0,0.0,0.0,0.0,0.0,0.0,0.0,0.0,0.0,0.0,2366.85,19812.02,0.0,22178.87,236.68,1981.1999999999998,0.0,2217.88,2130.17,17830.82,0.0,19960.989999999998,211.157345375,1503.6289975,,1714.786342875,19.89,99.45,,119.34,674.08,4662.030000000001,,5336.110000000001,905.13,6265.09,,7170.219999999999,42.490974898717006,35.13629771373386,,35.92116423083224,215.26,1555.7800000000002,0.0,1771.04,1220.94,11513.57,0.0,12734.51,,,,,,,0.0,0.0,0.0,,,,,0.0,0.0,19960.989999999998,0.0,0.0,,0.0,,0.0,,,,,,,,19960.989999999998,0.0
442,ODISHA,GANJAM,,1279.5041167747165,1304.338893184937,1207.7502415458937,1296.0429715278005,123400.0,466320.0,20700.0,610420.0,213017.0,823437.0,13065.460000000003,48415.72,2059.98,63541.159999999996,6612.829999999999,,0.0,6612.829999999999,16967.496,0.0,0.0,16967.5,3858.57,6068.869999999999,0.0,9927.439999999999,1847.2299999999998,6125.69,410.49,8383.41,55.050000000000004,730.9780000000001,0.0,786.0279999999999,,,,,,,,,42406.62,61341.26000000001,2470.47,106218.34999999999,,,,,,,,,,,,0.0,,,,0.0,0.0,0.0,0.0,0.0,0.0,0.0,0.0,0.0,0.0,0.0,0.0,0.0,0.0,0.0,0.0,0.0,42406.62,61341.26000000001,2470.47,106218.34999999999,4240.66,4929.62,231.64000000000001,9401.92,38165.96,56411.63999999999,2238.83,96816.43000000001,4185.089999999998,7033.470977499999,249.166155,11467.7271325,660.7900000000001,939.2500000000001,0.0,1600.04,9708.429999999995,16125.740000000002,0.0,25834.170000000002,14554.330000000002,24098.469999999994,249.17000000000002,38901.98,38.134321788316086,42.71896722024036,11.129473876980388,40.86888438700073,4728.080000000001,7364.76,254.13,12092.84,23068.649999999998,31981.889999999996,1984.71,55050.53999999999,,,,,,,0.0,0.0,0.0,,,,,0.0,0.0,94577.6,2238.83,0.0,,0.0,,0.0,,,,,,,,94577.6,2238.83
443,ODISHA,JAGATSINGHPUR,,1399.6060232464638,1436.607063718809,1597.5307040333992,1475.2522517831824,54718.0,76304.0,57966.0,188988.0,0.0,188988.0,8697.779999999999,11989.57,10282.81,30970.16,7242.149999999999,,2732.23,9974.380000000001,7535.342600345846,0.0,736.5091354847697,8271.86,3367.43,3185.96,488.83,7042.219999999999,1839.3900000000003,5571.759999999999,490.45,7901.599999999999,0.0,152.11399999999998,0.0,152.11399999999998,,,,,,,,,28682.1,20899.409999999996,14730.830000000002,64312.34000000001,,,,,,,,,,,,0.0,,,,0.0,0.0,0.0,0.0,0.0,0.0,0.0,0.0,0.0,0.0,0.0,0.0,0.0,0.0,0.0,0.0,0.0,28682.1,20899.409999999996,14730.830000000002,64312.34000000001,2868.22,1983.7200000000003,1433.76,6285.7,25813.88,18915.690000000002,13297.070000000002,58026.64000000001,1215.603665,1196.49117,738.8114649999998,3150.9062999999996,128.18,422.11,183.43,733.72,11739.85,11006.88,1646.22,24392.949999999997,13083.65,12625.47,2568.46,28277.58,50.68455420107322,66.74601878123399,19.315984649249796,57.47678772677671,1238.86,1222.4,758.2299999999999,2461.26,12706.96,6264.3,10709.19,18971.26,,,,,,,0.0,0.0,0.0,,,,,0.0,0.0,44729.57000000001,13297.070000000002,0.0,,0.0,,0.0,,,,,,,,44729.57000000001,13297.070000000002
444,ODISHA,JAJPUR,,1540.6404166666666,1667.2296071277924,1615.287333608716,1652.0383633406332,24000.0,222846.0,19367.0,266213.0,20246.0,286459.0,3964.96,35317.22,3984.4799999999996,43266.659999999996,2978.0099999999998,,0.0,2978.0099999999998,3248.570644975277,0.0,0.0,3248.57,1728.8999999999999,7201.099999999999,328.06000000000006,9258.060000000001,233.42000000000002,2889.0399999999995,178.46,3300.9200000000005,6.826,93.78999999999999,0.0,100.61599999999999,,,,,,,,,12160.679999999998,45501.14000000001,4491.0,62152.82,,,,,,,,,,,,0.0,,,,0.0,0.0,0.0,0.0,0.0,0.0,0.0,0.0,0.0,0.0,0.0,0.0,0.0,0.0,0.0,0.0,0.0,12160.679999999998,45501.14000000001,4491.0,62152.82,1119.75,3256.0,273.17999999999995,4648.929999999999,11040.93,42245.13999999999,4217.82,57503.89,738.0010737499999,4096.21514625,484.73715500000003,5318.953374999999,55.25,532.6100000000001,44.2,632.06,5530.64,24185.010000000002,1046.77,30762.420000000002,6323.9,28813.84,1575.71,36713.45,57.27687794415869,68.20628361037507,37.35839841434675,65.94169920956827,759.28,4251.16,494.61,5010.4400000000005,4695.75,13276.369999999999,2632.24,17972.12,,,,,,,0.0,0.0,0.0,,,,,0.0,0.0,53286.06999999999,4217.82,0.0,,0.0,,0.0,,,,,,,,53286.06999999999,4217.82
445,ODISHA,JHARSUGUDA,,0.0,1314.0807746339256,0.0,1314.0807746339256,0.0,211842.0,0.0,211842.0,385.0,212227.0,0.0,17228.440000000002,0.0,17228.440000000002,0.0,,0.0,0.0,0.0,0.0,0.0,0.0,0.0,1783.27,0.0,1783.27,0.0,1040.77,0.0,1040.77,0.0,830.012,0.0,830.012,,,,,,,,,0.0,20882.480000000003,0.0,20882.480000000003,,,,,,,,,,,,0.0,,,,0.0,0.0,0.0,0.0,0.0,0.0,0.0,0.0,0.0,0.0,0.0,0.0,0.0,0.0,0.0,0.0,0.0,0.0,20882.480000000003,0.0,20882.480000000003,0.0,1555.6200000000001,0.0,1555.6200000000001,0.0,19326.86,0.0,19326.86,,2480.16113,,2480.16113,,961.35,,961.35,,6500.27,,6500.27,,9941.78,,9941.78,,51.44022360590391,,51.44022360590391,0.0,2717.15,0.0,2717.15,0.0,9148.1,0.0,9148.1,,,,,,,0.0,0.0,0.0,,,,,0.0,0.0,19326.86,0.0,0.0,,0.0,,0.0,,,,,,,,19326.86,0.0
446,ODISHA,KALAHANDI,,1416.454340243163,1492.9660571005734,0.0,1479.627635598428,97301.0,460836.0,0.0,558137.0,233298.0,791435.0,8442.35,38718.42,0.0,47160.77,3615.58,,0.0,3615.58,7498.943349277425,0.0,0.0,7498.949999999999,892.25,4022.05,0.0,4914.300000000001,1136.99,2119.4999999999995,1.05,3257.54,2.3680000000000003,297.49000000000007,0.0,299.858,,,,,,,,,21588.48,45157.479999999996,1.05,66747.01,,,,,,,,,,,,0.0,,,,0.0,0.0,0.0,0.0,0.0,0.0,0.0,0.0,0.0,0.0,0.0,0.0,0.0,0.0,0.0,0.0,0.0,21588.48,45157.479999999996,1.05,66747.01,2158.83,3140.8600000000006,0.09999999999999999,5299.79,19429.649999999998,42016.619999999995,0.9499999999999998,61447.22,1161.5812924999998,3859.98404375,,5021.56533625,143.65,607.7499999999998,,751.4,3121.1800000000003,16795.9,,19917.079999999998,4426.400000000001,21263.590000000004,,25689.989999999998,22.781676458402497,50.6075691000371,,41.80886813796833,1229.78,4094.1600000000003,0.0,5323.94,14935.05,20518.86,0.9499999999999998,35453.91,,,,,,,0.0,0.0,0.0,,,,,0.0,0.0,61446.26999999999,0.9499999999999998,0.0,,0.0,,0.0,,,,,,,,61446.26999999999,0.9499999999999998
447,ODISHA,KANDHAMAL,,1338.2534981500169,1650.8518043960594,0.0,1648.7744351332562,2973.0,444398.0,0.0,447371.0,356636.0,804007.0,190.98000000000002,30913.52,0.0,31104.5,175.79999999999998,,0.0,175.79999999999998,1056.714,0.0,0.0,1056.71,163.89999999999998,2471.7799999999997,0.0,2635.68,2.4400000000000004,412.06000000000006,0.8999999999999999,415.40000000000003,6.3919999999999995,1121.44,0.0,1127.832,,,,,,,,,1596.23,34918.81,0.8999999999999999,36515.939999999995,,,,,,,,,,,,0.0,,,,0.0,0.0,0.0,0.0,0.0,0.0,0.0,0.0,0.0,0.0,0.0,0.0,0.0,0.0,0.0,0.0,0.0,1596.23,34918.81,0.8999999999999999,36515.939999999995,159.62,2760.64,0.09,2920.35,1436.6100000000001,32158.170000000002,0.8099999999999998,33595.590000000004,10.73611,2299.5153299999997,,2310.25144,8.84,163.54,,172.38000000000002,481.63000000000005,7191.110000000001,,7672.740000000002,501.19,9654.17,,10155.360000000002,34.886990902193354,30.020893601843635,,30.22898200256111,11.11,2385.3799999999997,0.0,2396.49,935.05,22418.129999999997,0.8099999999999998,23353.179999999997,,,,,,,0.0,0.0,0.0,,,,,0.0,0.0,33594.78,0.8099999999999998,0.0,,0.0,,0.0,,,,,,,,33594.78,0.8099999999999998
448,ODISHA,KENDRAPARA,,1567.0347654306706,1632.8428080147207,1525.3814107647809,1540.1731879351785,17287.0,24455.0,184602.0,226344.0,0.0,226344.0,3250.7299999999996,5680.79,31703.86,40635.380000000005,1931.07,,1863.49,3794.56,4659.6706067799305,0.0,10157.006482007788,14816.689999999999,1513.47,1030.14,442.44000000000005,2986.05,67.95,79.08999999999999,743.2,890.24,0.0,0.0,0.0,0.0,,,,,,,,,11422.89,6790.02,44910.01,63122.92,,,,,,,,,,,,0.0,,,,0.0,0.0,0.0,0.0,0.0,0.0,0.0,0.0,0.0,0.0,0.0,0.0,0.0,0.0,0.0,0.0,0.0,11422.89,6790.02,44910.01,63122.92,1142.2800000000002,339.5199999999999,4023.91,5505.71,10280.61,6450.5,40886.1,57617.21000000001,685.85242875,485.98399499999994,3076.2966499999998,4248.13307375,53.040000000000006,99.45000000000002,201.11,353.6,5481.84,3844.0200000000004,1632.4800000000002,10958.340000000002,6220.74,4429.45,4909.889999999999,15560.079999999998,60.509444478489115,68.66832028524921,12.008702223983212,63.65501153240874,710.9100000000001,502.8299999999999,3181.31,1213.74,4034.81,2004.21,35871.2,6039.02,,,,,,,0.0,0.0,0.0,,,,,0.0,0.0,16731.11,40886.1,0.0,,0.0,,0.0,,,,,,,,16731.11,40886.1
449,ODISHA,KEONJHAR,,1304.0540574445617,1389.2525636235753,0.0,1386.3070261101943,23675.0,661115.0,0.0,684790.0,149192.0,833982.0,2693.3500000000004,64566.92999999999,0.0,67260.27999999998,2392.0099999999993,,0.0,2392.0099999999993,3347.7612337518567,0.0,0.0,3347.76,988.33,8839.71,0.0,9828.04,267.48999999999995,8615.349999999999,0.0,8882.839999999998,0.892,129.212,0.0,130.10399999999998,,,,,,,,,9689.84,82151.20000000001,0.0,91841.04,,,,,,,,,,,,0.0,,,,0.0,0.0,0.0,0.0,0.0,0.0,0.0,0.0,0.0,0.0,0.0,0.0,0.0,0.0,0.0,0.0,0.0,9689.84,82151.20000000001,0.0,91841.04,968.98,7309.9,0.0,8278.869999999999,8720.86,74841.3,0.0,83562.16,279.391805,5965.05995,,6244.451755,59.67000000000001,559.13,,618.8,3239.12,27120.19,,30359.309999999998,3578.18,33644.39,,37222.57000000001,41.03012776262891,44.954309986598304,,44.54476763166487,292.68,6312.23,0.0,6604.909999999999,5129.38,40849.73,0.0,45979.11,,,,,,,0.0,0.0,0.0,,,,,0.0,0.0,83562.16,0.0,0.0,,0.0,,0.0,,,,,,,,83562.16,0.0
450,ODISHA,KHURDA,,1413.667458686914,1430.9367962523206,0.0,1429.0088107027927,29107.0,231610.0,0.0,260717.0,28260.0,288977.0,4370.33,24770.409999999996,0.0,29140.739999999998,3644.4300000000003,,0.0,3644.4300000000003,5566.635277752058,0.0,0.0,5566.659999999999,2309.41,4126.34,0.0,6435.75,681.79,1266.8,0.0,1948.59,27.52,222.27599999999998,0.0,249.796,,,,,,,,,16600.140000000003,30385.829999999998,0.0,46985.97,,,,,,,,,,,,0.0,,,,0.0,0.0,0.0,0.0,0.0,0.0,0.0,0.0,0.0,0.0,0.0,0.0,0.0,0.0,0.0,0.0,0.0,16600.140000000003,30385.829999999998,0.0,46985.97,1660.0,2476.2200000000003,0.0,4136.21,14940.140000000001,27909.609999999997,0.0,42849.74999999999,987.42282,6190.690321,,7178.113141,0.0,2130.44,,2130.44,5305.87,11602.24,,16908.109999999997,6293.280000000001,19923.37,,26216.62,42.12330004939713,71.38534003162353,,61.18266734345008,1281.8999999999999,6701.69,0.0,7983.59,8352.39,8705.56,0.0,17057.949999999997,,,,,,,0.0,0.0,0.0,,,,,0.0,0.0,42849.75,0.0,0.0,,0.0,,0.0,,,,,,,,42849.75,0.0
451,ODISHA,KORAPUT,,1612.9389331925006,1511.7071117619723,0.0,1519.3666737595029,45444.0,555162.0,0.0,600606.0,255565.0,856171.0,3871.8300000000004,42159.56999999999,0.0,46031.399999999994,892.59,,0.0,892.59,4638.208500689095,0.0,0.0,4638.219999999999,300.06,1671.2900000000002,0.0,1971.3500000000001,144.94,1722.3700000000003,0.0,1867.31,42.36,1027.504,0.0,1069.864,,,,,,,,,9890.0,46580.75,0.0,56470.75,,,,,,,,,,,,0.0,,,,0.0,0.0,0.0,0.0,0.0,0.0,0.0,0.0,0.0,0.0,0.0,0.0,0.0,0.0,0.0,0.0,0.0,9890.0,46580.75,0.0,56470.75,989.01,3402.2000000000007,0.0,4391.21,8900.99,43178.55,0.0,52079.54000000001,573.35806,3962.8420475,,4536.2001075,207.74,395.59,,603.3299999999999,1059.14,6087.680000000001,,7146.8200000000015,1840.2400000000002,10446.14,,12286.38,20.674554178804833,24.192892072568437,,23.59156782106754,604.8900000000001,4222.31,0.0,4827.2,7029.2300000000005,32472.95,0.0,39502.18,,,,,,,0.0,0.0,0.0,,,,,0.0,0.0,52079.53999999999,0.0,0.0,,0.0,,0.0,,,,,,,,52079.53999999999,0.0
452,ODISHA,MALKANGIRI,,1348.5314086733927,1493.3699754043453,0.0,1476.3907035325199,39846.0,300053.0,0.0,339899.0,185047.0,524946.0,2670.41,25097.01,0.0,27767.42,1765.7400000000002,,0.0,1765.7400000000002,4231.920237002994,0.0,0.0,4231.93,139.54000000000002,860.0100000000001,0.0,999.5500000000002,57.61999999999999,1689.63,0.0,1747.25,2.3400000000000003,12.34,0.0,14.68,,,,,,,,,8867.58,27658.99,0.0,36526.57,,,,,,,,,,,,0.0,,,,0.0,0.0,0.0,0.0,0.0,0.0,0.0,0.0,0.0,0.0,0.0,0.0,0.0,0.0,0.0,0.0,0.0,8867.58,27658.99,0.0,36526.57,773.53,2346.6,0.0,3120.13,8094.05,25312.390000000003,0.0,33406.439999999995,207.29226000000003,1890.3649299999997,,2097.65719,0.0,0.0,,0.0,711.1300000000001,2803.8199999999997,,3514.9500000000003,918.4100000000001,4694.18,,5612.59,11.346730005374319,18.5449892325458,,16.800922217392817,222.49,2034.2900000000002,0.0,2256.78,7160.45,20474.280000000002,0.0,27634.730000000003,,,,,,,0.0,0.0,0.0,,,,,0.0,0.0,33406.44,0.0,0.0,,0.0,,0.0,,,,,,,,33406.44,0.0
453,ODISHA,MAYURBHANJ,,1601.7830410234237,1518.7643447628463,0.0,1522.6781930802288,39319.0,794697.0,0.0,834016.0,218556.0,1052572.0,5168.559999999999,97514.39,0.0,102682.94999999997,4091.9999999999995,,0.0,4091.9999999999995,14315.085,0.0,0.0,14315.07,2831.44,19280.29,0.0,22111.729999999996,136.59,3016.0099999999998,0.0,3152.6000000000004,39.95,853.3780000000002,0.0,893.3280000000001,,,,,,,,,26583.58,120664.06999999999,0.0,147247.65000000002,,,,,,,,,,,,0.0,,,,0.0,0.0,0.0,0.0,0.0,0.0,0.0,0.0,0.0,0.0,0.0,0.0,0.0,0.0,0.0,0.0,0.0,26583.58,120664.06999999999,0.0,147247.65000000002,2658.4,8167.01,0.0,10825.409999999996,23925.180000000004,112497.06000000001,0.0,136422.24,323.45788999999996,7597.919935000001,,7921.377824999999,0.0,223.20999999999998,,223.20999999999998,6345.18,44367.85,,50713.03,6668.64,52189.00000000001,,58857.63999999999,27.872893746253947,46.39143458504605,,43.14372788483754,335.66,7961.42,0.0,8297.08,17244.329999999998,59944.56,0.0,77188.89,,,,,,,0.0,0.0,0.0,,,,,0.0,0.0,136422.24,0.0,0.0,,0.0,,0.0,,,,,,,,136422.24,0.0
454,ODISHA,NABARANGAPUR,,1405.76,1572.1373965229131,0.0,1570.8143814363546,4250.0,530214.0,0.0,534464.0,31117.0,565581.0,382.36,51691.490000000005,0.0,52073.850000000006,209.08,,0.0,209.08,1255.5489295037669,0.0,0.0,1255.54,65.29,4376.8099999999995,0.0,4442.099999999999,5.67,1121.52,0.0,1127.19,3.99,503.972,0.0,507.962,,,,,,,,,1921.92,57693.80000000001,0.0,59615.72000000001,,,,,,,,,,,,0.0,,,,0.0,0.0,0.0,0.0,0.0,0.0,0.0,0.0,0.0,0.0,0.0,0.0,0.0,0.0,0.0,0.0,0.0,1921.92,57693.80000000001,0.0,59615.72000000001,192.19,5251.22,0.0,5443.41,1729.73,52442.579999999994,0.0,54172.31,194.7415525,3711.010115,,3905.7516675,11.05,148.07,,159.12,213.03000000000003,15882.44,,16095.470000000001,418.82,19741.51,,20160.329999999998,24.213027466714458,37.644048023571685,,37.21519351860756,205.99,3935.87,0.0,4141.86,1299.66,32476.220000000005,0.0,33775.880000000005,,,,,,,0.0,0.0,0.0,,,,,0.0,0.0,54172.31,0.0,0.0,,0.0,,0.0,,,,,,,,54172.31,0.0
455,ODISHA,NAYAGARH,,1360.8275686122922,1411.6697928863784,0.0,1409.6293603133668,10348.0,247497.0,0.0,257845.0,133196.0,391041.0,1126.54,25932.71,0.0,27059.249999999996,538.1600000000001,,,538.1600000000001,3860.8991313720617,0.0,0.0,3860.89,840.0800000000002,4293.009999999999,0.0,5133.089999999999,75.7,1478.0299999999997,0.0,1553.73,16.128,345.312,0.0,361.44000000000005,,,,,,,,,6457.49,32049.050000000003,0.0,38506.54000000001,,,,,,,,,,,,0.0,,,,0.0,0.0,0.0,0.0,0.0,0.0,0.0,0.0,0.0,0.0,0.0,0.0,0.0,0.0,0.0,0.0,0.0,6457.49,32049.050000000003,0.0,38506.54000000001,645.74,2313.06,0.0,2958.7999999999997,5811.75,29735.989999999994,0.0,35547.740000000005,462.50683,2931.3785099999996,,3393.8853400000003,0.0,44.2,,44.2,1908.8099999999997,10300.28,,12209.089999999998,2371.32,13275.850000000002,,15647.17,40.80216802168022,44.64573064491885,,44.017341186809624,641.54,7509.8,0.0,8151.340000000001,3438.66,16409.3,0.0,19847.96,,,,,,,0.0,0.0,0.0,,,,,0.0,0.0,35547.74,0.0,0.0,,0.0,,0.0,,,,,,,,35547.74,0.0
456,ODISHA,NUAPADA,,1088.5506007687718,1124.044630994585,0.0,1120.5703366482433,30178.0,278126.0,0.0,308304.0,77004.0,385308.0,1817.4600000000003,21828.14,0.0,23645.6,1157.3999999999999,,,1157.3999999999999,2195.9369076482544,0.0,0.0,2195.94,684.45,4448.33,0.0,5132.78,101.66000000000001,814.22,0.0,915.8800000000001,58.099999999999994,222.852,0.0,280.952,,,,,,,,,6015.01,27313.53,0.0,33328.54,,,,,,,,,,,,0.0,,,,0.0,0.0,0.0,0.0,0.0,0.0,0.0,0.0,0.0,0.0,0.0,0.0,0.0,0.0,0.0,0.0,0.0,6015.01,27313.53,0.0,33328.54,601.51,2098.04,0.0,2699.55,5413.500000000001,25215.489999999998,0.0,30628.989999999998,366.38773,1569.089375,,1935.477105,30.94,70.72,,101.66000000000001,2476.79,14244.15,,16720.940000000002,2874.12,15883.970000000001,,18758.090000000004,53.09171515655306,62.992906344473184,,61.24292704395413,383.7,1647.09,0.0,2030.79,2522.0799999999995,9253.53,0.0,11775.61,,,,,,,0.0,0.0,0.0,,,,,0.0,0.0,30628.989999999998,0.0,0.0,,0.0,,0.0,,,,,,,,30628.989999999998,0.0
457,ODISHA,PURI,,1556.0100956295817,1504.6178739119177,1503.2239497510186,1520.6241081005833,81983.0,123612.0,53016.0,258611.0,0.0,258611.0,15757.459999999997,21787.359999999997,9167.81,46712.630000000005,3712.94,,0.0,3712.94,10330.2,0.0,0.0,10330.2,5043.510000000001,6486.149999999999,0.0,11529.66,929.5200000000001,1528.81,610.7299999999999,3069.06,330.094,103.584,6.664,440.3419999999999,,,,,,,,,36103.729999999996,29905.899999999998,9785.220000000001,75794.84999999999,,,,,,,,,,,,0.0,,,,0.0,0.0,0.0,0.0,0.0,0.0,0.0,0.0,0.0,0.0,0.0,0.0,0.0,0.0,0.0,0.0,0.0,36103.729999999996,29905.899999999998,9785.220000000001,75794.84999999999,3003.24,2170.34,741.4900000000001,5915.0599999999995,33100.49,27735.56,9043.73,69879.78,3098.0897049999994,1945.6018399999998,805.4918550000001,5849.183399999999,0.0,0.0,0.0,0.0,11618.100000000002,15195.309999999998,709.1,27522.51,14716.189999999999,17140.93,1514.6100000000001,33371.75,44.45913036332695,61.80127605139395,16.747625150242214,52.36556285294657,3317.92,2018.4799999999998,833.5899999999999,5336.4,18164.48,10521.749999999998,7501.029999999999,28686.229999999996,,,,,,,0.0,0.0,0.0,,,,,0.0,0.0,60836.05,9043.73,0.0,,0.0,,0.0,,,,,,,,60836.05,9043.73
458,ODISHA,RAYAGADA,,1190.6238767650837,1340.945092304507,0.0,1337.425426930402,8569.0,357404.0,0.0,365973.0,362225.0,728198.0,652.97,28482.41,0.0,29135.379999999997,403.38000000000005,,0.0,403.38000000000005,1594.683889565264,0.0,0.0,1594.6799999999998,143.84,2217.5099999999998,0.0,2361.35,0.26,2306.15,0.0,2306.41,0.0,126.39800000000001,0.0,126.39800000000001,,,,,,,,,2795.1299999999997,33132.47,0.0,35927.6,,,,,,,,,,,,0.0,,,,0.0,0.0,0.0,0.0,0.0,0.0,0.0,0.0,0.0,0.0,0.0,0.0,0.0,0.0,0.0,0.0,0.0,2795.1299999999997,33132.47,0.0,35927.6,279.51,2469.7099999999996,0.0,2749.22,2515.6200000000003,30662.76,0.0,33178.38,55.982605,2990.1708119999994,,3046.1534169999995,4.42,713.83,,718.2500000000001,667.35,6624.4800000000005,,7291.83,727.74,10328.470000000001,,11056.21,28.928852529396327,33.6840845377259,,33.323537797806885,59.25,3140.3000000000006,0.0,3199.5499999999997,1784.62,20184.17,0.0,21968.789999999997,,,,,,,0.0,0.0,0.0,,,,,0.0,0.0,33178.38,0.0,0.0,,0.0,,0.0,,,,,,,,33178.38,0.0
459,ODISHA,SAMBALPUR,,1453.123923325685,1420.3917922347437,0.0,1423.586611043711,55351.0,511741.0,0.0,567092.0,95188.0,662280.0,5086.01,41333.34,0.0,46419.35,1100.8000000000002,,0.0,1100.8000000000002,9287.54857774634,0.0,0.0,9287.55,613.67,4766.320000000001,0.0,5379.99,212.20000000000002,1986.3700000000001,0.0,2198.57,37.92,324.738,0.0,362.65799999999996,,,,,,,,,16338.149999999998,48410.77000000001,0.0,64748.92,,,,,,,,,,,,0.0,,,,0.0,0.0,0.0,0.0,0.0,0.0,0.0,0.0,0.0,0.0,0.0,0.0,0.0,0.0,0.0,0.0,0.0,16338.149999999998,48410.77000000001,0.0,64748.92,1633.8100000000002,3874.1,0.0,5507.91,14704.34,44536.670000000006,0.0,59241.009999999995,381.16110499999996,2857.400748,,3238.5618529999997,375.7,691.73,,1067.43,1508.3899999999999,11857.429999999998,,13365.82,2265.24,15406.539999999999,,17671.78,15.405247702379024,34.59293207148176,,29.830315181999765,392.5300000000001,2963.9400000000005,0.0,3356.47,12427.729999999998,29023.58,0.0,41451.31,,,,,,,0.0,0.0,0.0,,,,,0.0,0.0,59241.01000000001,0.0,0.0,,0.0,,0.0,,,,,,,,59241.01000000001,0.0
460,ODISHA,SUBARNAPUR,,1284.5654554728862,1351.7417792706665,0.0,1335.2836465219302,56853.0,175201.0,0.0,232054.0,4655.0,236709.0,3844.99,15284.580000000002,0.0,19129.57,654.0300000000001,,0.0,654.0300000000001,3117.7872926554965,0.0,0.0,3117.78,465.35999999999996,2646.03,0.0,3111.39,287.19,821.1500000000001,0.0,1108.34,11.416,182.124,0.0,193.54000000000002,,,,,,,,,8380.77,18933.88,0.0,27314.649999999998,,,,,,,,,,,,0.0,,,,0.0,0.0,0.0,0.0,0.0,0.0,0.0,0.0,0.0,0.0,0.0,0.0,0.0,0.0,0.0,0.0,0.0,8380.77,18933.88,0.0,27314.649999999998,744.15,1274.52,0.0,2018.67,7636.620000000001,17659.36,0.0,25295.980000000003,727.6187399999999,1185.82368,,1913.4424199999999,0.0,59.67000000000001,,59.67000000000001,1576.21,8789.91,,10366.12,2303.8500000000004,10035.41,,12339.26,30.16845148770006,56.82771063050982,,48.77952939557984,750.63,1237.42,0.0,1988.05,5309.769999999999,7631.07,0.0,12940.839999999998,,,,,,,0.0,0.0,0.0,,,,,0.0,0.0,25295.980000000003,0.0,0.0,,0.0,,0.0,,,,,,,,25295.980000000003,0.0
461,ODISHA,SUNDARGARH,,1191.1894365616236,1281.251407056937,0.0,1279.9205923217953,12122.0,808226.0,0.0,820348.0,154721.0,975069.0,1085.02,70609.51000000001,0.0,71694.53,390.50000000000006,,0.0,390.50000000000006,3124.9086748400678,0.0,0.0,3124.91,0.0,7205.950000000001,0.0,7205.950000000001,103.13,3951.8500000000004,0.0,4054.9800000000005,0.794,591.592,0.0,592.386,,,,,,,,,4704.360000000001,82358.91,0.0,87063.26999999999,,,,,,,,,,,,0.0,,,,0.0,0.0,0.0,0.0,0.0,0.0,0.0,0.0,0.0,0.0,0.0,0.0,0.0,0.0,0.0,0.0,0.0,4704.360000000001,82358.91,0.0,87063.26999999999,470.45000000000005,5796.16,0.0,6266.61,4233.910000000001,76562.75,0.0,80796.66,62.04561999999999,6168.671020749999,,6230.716640749999,0.0,2236.52,,2236.52,1301.06,23537.76,,24838.82,1363.12,31942.929999999997,,33306.05000000001,32.19529938047808,41.72124172655762,,41.22206289220372,65.14,6605.879999999999,0.0,6671.02,2867.7,44182.61,0.0,47050.31,,,,,,,0.0,0.0,0.0,,,,,0.0,0.0,80796.66,0.0,0.0,,0.0,,0.0,,,,,,,,80796.66,0.0
462,PUDUCHERRY,KARAIKAL,,0.0,1284.5,0.0,794.4752173913043,0.0,9958.0,6142.0,16100.0,0.0,16100.0,0.0,1300.43,0.0,1300.43,2163.1000000000004,,,2163.1000000000004,0.0,0.0,0.0,0.0,0.0,0.0,0.0,0.0,0.0,419.07000000000005,,419.07000000000005,,420.0,,420.0,,,,,,,,,2163.1000000000004,2139.5,0.0,4302.599999999999,,,,,,,,,,,,0.0,,,,0.0,,,,,,,,,,,,,,,,0.0,2163.1000000000004,2139.5,0.0,4302.599999999999,216.32,213.96,0.0,430.27,1946.7800000000002,1925.54,0.0,3872.32,,552.362895,368.2370025,920.5998975,,17.58,0.0,17.58,,528.78,0.0,528.78,,1098.72,368.24,1466.96,,57.0603570946332,0.0,28.373688124948348,0.0,584.03,389.35,584.03,1946.78,795.16,0.0,2741.94,,,,,,,,,,,,,,0.0,0.0,3872.3199999999997,0.0,0.0,,0.0,,0.0,,,,,,,,3872.3199999999997,0.0
463,PUDUCHERRY,PUDUCHERRY,,0.0,1575.8807947019868,0.0,1478.0,0.0,30200.0,2000.0,32200.0,0.0,32200.0,0.0,5233.760000000001,0.0,5233.760000000001,122.28999999999999,,,122.28999999999999,0.0,0.0,0.0,0.0,0.0,6199.639999999999,0.0,6199.639999999999,0.0,2278.62,0.0,2278.62,0.0,1670.0,0.0,1670.0,,,,,,,,,122.28999999999999,15382.019999999999,0.0,15504.31,,,,,,,,,,,,0.0,,,,0.0,,,,,,,,,,,,,,,,0.0,122.28999999999999,15382.019999999999,0.0,15504.31,12.24,1265.51,0.0,1277.7499999999998,110.05000000000001,14116.510000000002,0.0,14226.56,,4184.4444975,0.0,4184.4444975,,547.2,0.0,547.2,,6888.5,0.0,6888.5,,11620.15,0.0,11620.15,,82.31602570323685,0.0,81.67926751090917,0.0,4484.28,0.0,4484.28,110.05000000000001,2291.4300000000003,0.0,2401.4800000000005,,,,,,,,,,,,,,0.0,0.0,14226.56,0.0,0.0,,0.0,,0.0,,,,,,,,14226.56,0.0
464,PUNJAB,Amritsar,,646.2683642205948,0.0,0.0,646.2683642205948,267640.0,0.0,0.0,267640.0,0.0,267640.0,34445.05,0.0,0.0,34445.05,38071.56,,,38071.56,11649.156386389193,0.0,0.0,11649.160000000002,63583.89,0.0,0.0,63583.89,273.51000000000005,,,273.51000000000005,,,,,0.04161000000000001,,,0.04161000000000001,0.0,,,0.0,148023.20999999996,0.0,0.0,148023.20999999996,,,,,,,,,,,,0.0,,,,0.0,,,,,,,,,,,,,,,,0.0,148023.20999999996,0.0,0.0,148023.20999999996,14802.3,0.0,0.0,14802.3,133220.91,0.0,0.0,133220.91,6391.806999999999,,,6391.806999999999,438.40819999999997,,,438.40819999999997,230451.3851936034,,,230451.3851936034,237281.58999999997,,,237281.58999999997,178.11137155571146,,,178.11137155571146,6453.16,0.0,0.0,6453.16,0.0,0.0,0.0,0.0,,,,,,,33.2577,0.0,0.0,,,,,0.0,0.0,133220.91,0.0,28642.9,,8092502.800000001,,8121145.679999999,,,,,,,,133220.91,0.0
465,PUNJAB,Barnala,,518.5225369954919,0.0,0.0,518.5225369954919,141301.0,0.0,0.0,141301.0,0.0,141301.0,13486.15,0.0,0.0,13486.15,22988.670000000002,,,22988.670000000002,5152.378867181131,0.0,0.0,5152.38,13645.28,0.0,0.0,13645.28,147.61,,,147.61,,,,,,,,,,,,,55420.09,0.0,0.0,55420.09,,,,,,,,,,,,0.0,,,,0.0,,,,,,,,,,,,,,,,0.0,55420.09,0.0,0.0,55420.09,5542.0,0.0,0.0,5542.0,49878.090000000004,0.0,0.0,49878.090000000004,2515.4522500000003,,,2515.4522500000003,43.93692,,,43.93692,108961.74419,,,108961.74419,111521.14,,,111521.14,223.58743087395686,,,223.58743087395686,2539.61,0.0,0.0,2539.61,0.0,0.0,0.0,0.0,,,,,,,0.0,0.0,0.0,,,,,0.0,0.0,49878.090000000004,0.0,39378.84,,4500694.78,,4540073.62,,,,,,,,49878.090000000004,0.0
466,PUNJAB,Bathinda,,376.82766072560327,0.0,0.0,361.22739046422305,323455.0,0.0,13969.0,337424.0,0.0,337424.0,21805.46,0.0,0.0,21805.46,27099.65,,,27099.65,46637.645354251974,0.0,0.0,46637.65000000001,24810.739999999998,0.0,0.0,24810.739999999998,345.23,,,345.23,,,,,,,,,,,,,120698.73000000001,0.0,0.0,120698.73000000001,,,,,,,,,,,,0.0,,,,0.0,,,,,,,,,,,,,,,,0.0,120698.73000000001,0.0,0.0,120698.73000000001,12069.890000000001,0.0,0.0,12069.890000000001,108628.84,0.0,0.0,108628.84,5858.7464,,0.0,5858.7464,347.68980000000005,,0.0,347.68980000000005,107855.456595,,3885.194,111740.65059499998,114061.9,,3885.19,117947.09,105.00148947553892,,0.0,105.00148947553892,5914.999999999999,0.0,0.0,5914.999999999999,21623.42,0.0,0.0,21623.42,,,,,,,0.0,0.0,0.0,,,,,0.0,0.0,108628.84,0.0,22114.329999999998,,11495829.850000001,,11517944.160000002,,,,,,,,108628.84,0.0
467,PUNJAB,Faridkot,,398.53205437192713,0.0,0.0,308.09159338202414,114103.0,0.0,33495.0,147598.0,0.0,147598.0,9411.849999999999,0.0,0.0,9411.849999999999,13428.41,,,13428.41,16933.627232191437,0.0,0.0,16933.629999999997,23286.800000000003,0.0,0.0,23286.800000000003,93.28,,,93.28,,,,,,,,,,,,,63153.969999999994,0.0,0.0,63153.969999999994,,,,,,,,,,,,0.0,,,,0.0,,,,,,,,,,,,,,,,0.0,63153.969999999994,0.0,0.0,63153.969999999994,6315.400000000001,0.0,0.0,6315.400000000001,56838.57,0.0,0.0,56838.57,2607.05265,,0.0,2607.05265,66.46275999999999,,0.0,66.46275999999999,70534.8266,,23160.0595,93694.8861,73208.32999999999,,23160.06,96368.38999999998,128.8004430794089,,0.0,128.8004430794089,2632.09,0.0,0.0,2632.09,0.0,0.0,0.0,0.0,,,,,,,643.8048,0.0,0.0,,,,,0.0,0.0,56838.57,0.0,11188.48,,5117310.449999999,,5128498.93,,,,,,,,56838.57,0.0
468,PUNJAB,Fatehgarh Sahib,,685.0991369500902,0.0,0.0,685.0991369500902,114246.0,0.0,0.0,114246.0,0.0,114246.0,16196.41,0.0,0.0,16196.41,8567.74,,,8567.74,2428.3227169111965,0.0,0.0,2428.32,12025.949999999999,0.0,0.0,12025.949999999999,129.9,,,129.9,,,,,,,,,,,,,39348.32,0.0,0.0,39348.32,,,,,,,,,,,,0.0,,,,0.0,,,,,,,,,,,,,,,,0.0,39348.32,0.0,0.0,39348.32,3934.83,0.0,0.0,3934.83,35413.490000000005,0.0,0.0,35413.490000000005,2530.3004499999997,,,2530.3004499999997,2588.58804,,,2588.58804,71237.867475,,,71237.867475,76356.76999999999,,,76356.76999999999,215.61492527282678,,,215.61492527282678,2554.5899999999997,0.0,0.0,2554.5899999999997,0.0,0.0,0.0,0.0,,,,,,,0.0,0.0,0.0,,,,,0.0,0.0,35413.490000000005,0.0,25082.4,,3824648.1899999995,,3849730.6100000003,,,,,,,,35413.490000000005,0.0
469,PUNJAB,Fazilka,,366.5921915352203,0.0,0.0,206.74320141337597,154499.0,0.0,119455.0,273954.0,0.0,273954.0,9621.93,0.0,0.0,9621.93,23086.95,,,23086.95,28255.973625112383,0.0,0.0,28255.97,16876.0,0.0,0.0,16876.0,238.95000000000002,,,238.95000000000002,,,,,,,,,,,,,78079.79999999999,0.0,0.0,78079.79999999999,,,,,,,,,,,,0.0,,,,0.0,,,,,,,,,,,,,,,,0.0,78079.79999999999,0.0,0.0,78079.79999999999,7807.99,0.0,0.0,7807.99,70271.81,0.0,0.0,70271.81,5069.5142,,0.0,5069.5142,44.12912,,0.0,44.12912,48438.83823,,41960.93359,90399.77182,53552.490000000005,,41960.91999999999,95513.41,76.20764286561,,0.0,76.20764286561,5118.19,0.0,0.0,5118.19,31435.32,0.0,0.0,31435.32,,,,,,,5507.618399999999,0.0,0.0,,,,,0.0,0.0,70271.81,0.0,10842.139999999998,,9694905.26,,9705747.41,,,,,,,,70271.81,0.0
470,PUNJAB,Firozpur,,430.1854347780982,0.0,0.0,411.4586331577715,240985.0,0.0,10968.0,251953.0,0.0,251953.0,20924.449999999997,0.0,0.0,20924.449999999997,55108.5,,,55108.5,19334.221056162616,0.0,0.0,19334.22,51671.31,0.0,0.0,51671.31,137.01,,,137.01,,,,,,,,,,,,,147175.49,0.0,0.0,147175.49,,,,,,,,,,,,0.0,,,,0.0,,,,,,,,,,,,,,,,0.0,147175.49,0.0,0.0,147175.49,14717.550000000001,0.0,0.0,14717.550000000001,132457.94,0.0,0.0,132457.94,3480.6253999999994,,0.0,3480.6253999999994,134.21326,,0.0,134.21326,171085.47012999997,,5961.00022,177046.47035,174700.31,,5961.0,180661.31,131.89115729868666,,0.0,131.89115729868666,3514.0499999999997,0.0,0.0,3514.0499999999997,6579.1,0.0,0.0,6579.1,,,,,,,144.79199999999997,0.0,0.0,,,,,0.0,0.0,132457.94,0.0,21860.9,,8636273.79,,8658134.690000001,,,,,,,,132457.94,0.0
471,PUNJAB,Gurdaspur,,819.7245864014536,0.0,0.0,819.7245864014536,261425.0,0.0,0.0,261425.0,0.0,261425.0,42181.259999999995,0.0,0.0,42181.259999999995,47390.07999999999,,0.0,47390.07999999999,8839.671519295262,0.0,0.0,8839.69,71710.40999999999,0.0,0.0,71710.40999999999,295.29,,,295.29,,,,,,,,,,,,,170416.73,0.0,0.0,170416.73,,,,,,,,,,,,0.0,,,,0.0,,,,,,,,,,,,,,,,0.0,170416.73,0.0,0.0,170416.73,16873.559999999998,0.0,0.0,16873.559999999998,153543.16999999998,0.0,0.0,153543.16999999998,7070.61575,,,7070.61575,110.515,,,110.515,210840.39037000004,,,210840.39037000004,218021.5,,,218021.5,141.9936165184033,,,141.9936165184033,7138.49,0.0,0.0,7138.49,4117.53,0.0,0.0,4117.53,,,,,,,1156.8288,0.0,0.0,,,,,0.0,0.0,153543.16999999998,0.0,31075.0,,9136126.55,,9167201.51,,,,,,,,153543.16999999998,0.0
472,PUNJAB,Hoshiarpur,,840.1326828370504,0.0,0.0,840.1326828370504,336871.0,0.0,0.0,336871.0,0.0,336871.0,53704.8,0.0,0.0,53704.8,1528.5299999999997,,0.0,1528.5299999999997,8532.67380329765,0.0,0.0,8532.689999999999,20598.19,0.0,0.0,20598.19,207.26999999999998,,,207.26999999999998,1005.3499999999999,2061.852,,3067.202,,,,,,,,,85576.84,2061.86,0.0,87638.7,,,,,,,,,,,,0.0,,,,0.0,,,,,,,,,,,,,,,,0.0,85576.84,2061.86,0.0,87638.7,7675.83,206.17999999999998,0.0,7882.019999999999,77901.01000000001,1855.6799999999998,0.0,79756.69,6676.974200000001,,,6676.974200000001,131.51477200000002,,,131.51477200000002,86971.066769,,,86971.066769,93779.58,,,93779.58,120.38300915482351,,,117.58208621746967,6741.100000000001,0.0,0.0,6741.100000000001,7887.01,1855.6799999999998,0.0,9742.69,,,,,,,500.4156,0.0,0.0,,,,,0.0,0.0,79756.69,0.0,93145.86,,11328071.69,,11421217.56,,,,,,,,79756.69,0.0
473,PUNJAB,Jalandhar,,625.0923083357732,0.0,0.0,625.0923083357732,262999.0,0.0,0.0,262999.0,0.0,262999.0,33048.16,0.0,0.0,33048.16,15012.770000000002,,,15012.770000000002,5323.226692045728,0.0,0.0,5323.23,26532.04,0.0,0.0,26532.04,211.54999999999998,,,211.54999999999998,,,,,0.045259999999999995,,,0.045259999999999995,0.0,,,0.0,80127.79,0.0,0.0,80127.79,,,,,,,,,,,,0.0,,,,0.0,,,,,,,,,,,,,,,,0.0,80127.79,0.0,0.0,80127.79,8012.790000000001,0.0,0.0,8012.790000000001,72115.0,0.0,0.0,72115.0,13512.394899999998,,,13512.394899999998,2750.6515700000004,,,2750.6515700000004,173831.11778549998,,,173831.11778549998,190094.14,,,190094.14,263.5986133259378,,,263.5986133259378,13642.140000000001,0.0,0.0,13642.140000000001,0.0,0.0,0.0,0.0,,,,,,,0.2109,0.0,0.0,,,,,0.0,0.0,72115.0,0.0,36514.409999999996,,8274308.54,,8310822.9399999995,,,,,,,,72115.0,0.0
474,PUNJAB,Kapurthala,,620.4522854950116,0.0,0.0,620.4522854950116,162875.0,0.0,0.0,162875.0,0.0,162875.0,20788.59,0.0,0.0,20788.59,3870.1000000000004,,,3870.1000000000004,5372.11728,0.0,0.0,5372.120000000001,36894.6,0.0,0.0,36894.6,93.34,,,93.34,,,,,,,,,,,,,67018.75,0.0,0.0,67018.75,,,,,,,,,,,,0.0,,,,0.0,,,,,,,,,,,,,,,,0.0,67018.75,0.0,0.0,67018.75,6701.88,0.0,0.0,6701.88,60316.87,0.0,0.0,60316.87,3449.31205,,,3449.31205,1822.7186900000002,,,1822.7186900000002,137922.588115,,,137922.588115,143194.61,,,143194.61,237.4039136977764,,,237.4039136977764,3482.43,0.0,0.0,3482.43,0.0,0.0,0.0,0.0,,,,,,,0.1392,0.0,0.0,,,,,0.0,0.0,60316.87,0.0,27919.4,,5519471.68,,5547391.1,,,,,,,,60316.87,0.0
475,PUNJAB,Ludhiana,,581.0825404960684,0.0,0.0,581.0825404960684,370715.0,0.0,0.0,370715.0,0.0,370715.0,43261.899999999994,0.0,0.0,43261.899999999994,45759.0,,0.0,45759.0,5490.602099147946,0.0,0.0,5490.6,64387.76,0.0,0.0,64387.76,430.47999999999996,,,430.47999999999996,,,,,0.014235,,,0.014235,0.0,,,0.0,159329.75000000003,0.0,0.0,159329.75000000003,,,,,,,,,,,,0.0,,,,0.0,,,,,,,,,,,,,,,,0.0,159329.75000000003,0.0,0.0,159329.75000000003,15933.0,0.0,0.0,15933.0,143396.75,0.0,0.0,143396.75,15013.5085,,,15013.5085,8200.97219,,,8200.97219,293750.93505499995,,,293750.93505499995,316965.38999999996,,,316965.38999999996,221.04084646269874,,,221.04084646269874,15157.640000000001,0.0,0.0,15157.640000000001,0.0,0.0,0.0,0.0,,,,,,,55.8576,0.0,0.0,,,,,0.0,0.0,143396.75,0.0,70041.9,,11948506.989999998,,12018548.89,,,,,,,,143396.75,0.0
476,PUNJAB,Malerkotla,,570.2195923734386,0.0,0.0,570.2195923734386,74529.0,0.0,0.0,74529.0,0.0,74529.0,8764.68,0.0,0.0,8764.68,4261.5,,,4261.5,1507.9075985589297,0.0,0.0,1507.91,6998.070000000001,0.0,0.0,6998.070000000001,42.28,,,42.28,,,,,,,,,,,,,21574.44,0.0,0.0,21574.44,,,,,,,,,,,,0.0,,,,0.0,,,,,,,,,,,,,,,,0.0,21574.44,0.0,0.0,21574.44,2157.45,0.0,0.0,2157.45,19416.989999999998,0.0,0.0,19416.989999999998,1998.20345,,,1998.20345,541.9751699999999,,,541.9751699999999,56174.26335,,,56174.26335,58714.44,,,58714.44,302.3869302090592,,,302.3869302090592,2017.3899999999999,0.0,0.0,2017.3899999999999,0.0,0.0,0.0,0.0,,,,,,,0.0,0.0,0.0,,,,,0.0,0.0,19416.99,0.0,20584.71,,2402721.83,,2423306.55,,,,,,,,19416.99,0.0
477,PUNJAB,Mansa,,404.52059999611777,0.0,0.0,384.3861580175411,206068.0,0.0,10794.0,216862.0,0.0,216862.0,15542.870000000003,0.0,0.0,15542.870000000003,11845.31,,,11845.31,28147.1495548382,0.0,0.0,28147.14,15612.980000000001,0.0,0.0,15612.980000000001,435.87,,,435.87,,,,,,,,,,,,,71584.17,0.0,0.0,71584.17,,,,,,,,,,,,0.0,,,,0.0,,,,,,,,,,,,,,,,0.0,71584.17,0.0,0.0,71584.17,7158.41,0.0,0.0,7158.41,64425.76,0.0,0.0,64425.76,3243.2001999999998,,0.0,3243.2001999999998,54.429919999999996,,0.0,54.429919999999996,60442.221685,,19052.19225,79494.41393499999,63739.81999999999,,19052.190000000002,82792.01,98.9353016557352,,0.0,98.9353016557352,3274.33,0.0,0.0,3274.33,14864.11,0.0,0.0,14864.11,,,,,,,75.882,0.0,0.0,,,,,0.0,0.0,64425.76,0.0,12606.85,,7376338.7299999995,,7388945.57,,,,,,,,64425.76,0.0
478,PUNJAB,Moga,,454.25174812636715,0.0,0.0,454.25174812636715,223096.0,0.0,0.0,223096.0,0.0,223096.0,20098.9,0.0,0.0,20098.9,26306.71,,0.0,26306.71,10335.3800054569,0.0,0.0,10335.369999999999,26300.839999999997,0.0,0.0,26300.839999999997,191.66,,,191.66,,,,,,,,,,,,,83233.48,0.0,0.0,83233.48,,,,,,,,,,,,0.0,,,,0.0,,,,,,,,,,,,,,,,0.0,83233.48,0.0,0.0,83233.48,8323.35,0.0,0.0,8323.35,74910.13,0.0,0.0,74910.13,4157.3646,,,4157.3646,122.01075999999999,,,122.01075999999999,173419.45626,,,173419.45626,177698.81999999998,,,177698.81999999998,237.2160080352283,,,237.2160080352283,4197.280000000001,0.0,0.0,4197.280000000001,0.0,0.0,0.0,0.0,,,,,,,1119.78,0.0,0.0,,,,,0.0,0.0,74910.13,0.0,27359.13,,7281736.680000001,,7309095.81,,,,,,,,74910.13,0.0
479,PUNJAB,Muktsar,,393.31058341232614,0.0,0.0,184.28539107460102,123429.0,0.0,139999.0,263428.0,0.0,263428.0,7969.550000000001,0.0,0.0,7969.550000000001,43248.8,,0.0,43248.8,35226.839942482344,0.0,0.0,35226.82,6055.110000000001,0.0,0.0,6055.110000000001,210.58,,,210.58,,,,,,,,,,,,,92710.86000000002,0.0,0.0,92710.86000000002,,,,,,,,,,,,0.0,,,,0.0,,,,,,,,,,,,,,,,0.0,92710.86000000002,0.0,0.0,92710.86000000002,9271.07,0.0,0.0,9271.07,83439.79,0.0,0.0,83439.79,3808.0340499999998,,0.0,3808.0340499999998,73.156125,,0.0,73.156125,16255.696201,,30648.493593,46904.189794,20136.86,,30648.489999999998,50785.34999999999,24.133402061534433,,0.0,24.133402061534426,3844.59,0.0,0.0,3844.59,63266.38,0.0,0.0,63266.38,,,,,,,7153.079999999999,0.0,0.0,,,,,0.0,0.0,83439.79,0.0,14690.04,,9389338.17,,9404028.209999999,,,,,,,,83439.79,0.0
480,PUNJAB,Pathankot,,1156.9724070850825,0.0,0.0,1156.9724070850825,78136.0,0.0,0.0,78136.0,16941.0,95077.0,15464.94,0.0,0.0,15464.94,17033.149999999998,,0.0,17033.149999999998,7024.8129972793295,0.0,0.0,7024.799999999999,6883.7,0.0,0.0,6883.7,17.159999999999997,,,17.159999999999997,450.912,636.4080000000001,,1087.32,,,,,,,,,46874.670000000006,636.4000000000001,0.0,47511.06999999999,,,,,,,,,,,,0.0,,,,0.0,,,,,,,,,,,,,,,,0.0,46874.670000000006,636.4000000000001,0.0,47511.06999999999,4416.5,63.66,0.0,4480.16,42458.16999999999,572.74,0.0,43030.909999999996,2845.978,,,2845.978,88.87328,,,88.87328,19213.84968,,,19213.84968,22148.71,,,22148.71,52.165955339102,,,51.4716281854137,2873.2999999999997,0.0,0.0,2873.2999999999997,20282.14,572.74,0.0,20854.88,,,,,,,880.7649000000001,0.0,0.0,,,,,0.0,0.0,43030.90999999999,0.0,14030.759999999998,,3327989.8299999996,,3342020.57,,,,,,,,43030.90999999999,0.0
481,PUNJAB,Patiala,,669.1679056914783,0.0,0.0,669.1679056914783,331847.0,0.0,0.0,331847.0,0.0,331847.0,44096.9,0.0,0.0,44096.9,21988.299999999996,,0.0,21988.299999999996,3852.155233088952,0.0,0.0,3852.1600000000003,22404.18,0.0,0.0,22404.18,358.19000000000005,,,358.19000000000005,,,,,,,,,,,,,92699.73,0.0,0.0,92699.73,,,,,,,,,,,,0.0,,,,0.0,,,,,,,,,,,,,,,,0.0,92699.73,0.0,0.0,92699.73,9269.98,0.0,0.0,9269.98,83429.75000000001,0.0,0.0,83429.75000000001,7982.5573,,,7982.5573,677.8701800000001,,,677.8701800000001,170481.95415499998,,,170481.95415499998,179142.4,,,179142.4,214.72244612982774,,,214.72244612982774,8059.219999999999,0.0,0.0,8059.219999999999,0.0,0.0,0.0,0.0,,,,,,,24.327899999999996,0.0,0.0,,,,,0.0,0.0,83429.75,0.0,159026.05,,10787234.11,,10946260.14,,,,,,,,83429.75,0.0
482,PUNJAB,Rupnagar,,839.7394535535004,0.0,0.0,839.7394535535004,137653.0,0.0,0.0,137653.0,0.0,137653.0,23088.34,0.0,0.0,23088.34,5022.82,,0.0,5022.82,3386.3298226418065,0.0,0.0,3386.3199999999997,11135.81,0.0,0.0,11135.81,111.17,,,111.17,,9.36,,9.36,,,,,,,,,42744.46,9.36,0.0,42753.82,,,,,,,,,,,,0.0,,,,0.0,,,,,,,,,,,,,,,,0.0,42744.46,9.36,0.0,42753.82,3909.1900000000005,0.92,0.0,3910.11,38835.270000000004,8.44,0.0,38843.71,2882.6823999999997,,,2882.6823999999997,656.9499099999999,,,656.9499099999999,34744.536790000006,,,34744.536790000006,38284.16,,,38284.16,98.58090339013994,,,98.5594836332575,2910.36,0.0,0.0,2910.36,6426.66,8.44,0.0,6435.099999999999,,,,,,,206.9706,0.0,0.0,,,,,0.0,0.0,38843.71000000001,0.0,12761.09,,4766823.78,,4779584.86,,,,,,,,38843.71000000001,0.0
483,PUNJAB,SAS Nagar,,743.7141877622665,0.0,0.0,743.7141877622665,109383.0,0.0,0.0,109383.0,0.0,109383.0,15839.810000000001,0.0,0.0,15839.810000000001,101.06,,0.0,101.06,1845.9,0.0,0.0,1845.9,4456.64,0.0,0.0,4456.64,74.19999999999999,,,74.19999999999999,253.92999999999998,,,253.92999999999998,,,,,,,,,22571.54,0.0,0.0,22571.54,,,,,,,,,,,,0.0,,,,0.0,,,,,,,,,,,,,,,,0.0,22571.54,0.0,0.0,22571.54,2257.15,0.0,0.0,2257.15,20314.39,0.0,0.0,20314.39,4160.04005,,,4160.04005,3490.0252600000003,,,3490.0252600000003,18758.47190796455,,,18758.47190796455,26408.54,,,26408.54,129.999177922645,,,129.999177922645,4199.99,0.0,0.0,4199.99,919.18,0.0,0.0,919.18,,,,,,,0.0,0.0,0.0,,,,,0.0,0.0,20314.39,0.0,18883.690000000002,,3662013.9600000004,,3680897.6499999994,,,,,,,,20314.39,0.0
484,PUNJAB,SBS Nagar,,761.2923762116845,0.0,0.0,761.2923762116845,125961.0,0.0,0.0,125961.0,0.0,125961.0,18587.43,0.0,0.0,18587.43,5072.65,,,5072.65,13888.792572633312,0.0,0.0,13888.79,16027.16,0.0,0.0,16027.16,122.25999999999999,,,122.25999999999999,,744.876,,744.876,,,,,,,,,53698.29,744.88,0.0,54443.17,,,,,,,,,,,,0.0,,,,0.0,,,,,,,,,,,,,,,,0.0,53698.29,744.88,0.0,54443.17,5211.66,74.48,0.0,5286.139999999999,48486.630000000005,670.4,0.0,49157.03,2591.6715499999996,,,2591.6715499999996,269.44518,,,269.44518,57719.21875000001,,,57719.21875000001,60580.33,,,60580.33,124.94233977490288,,,123.23838523198005,2616.5600000000004,0.0,0.0,2616.5600000000004,1529.18,670.4,0.0,2199.58,,,,,,,0.0,0.0,0.0,,,,,0.0,0.0,49157.03,0.0,17185.57,,4225883.98,,4243069.55,,,,,,,,49157.03,0.0
485,PUNJAB,Sangrur,,495.8245356827947,0.0,0.0,495.8245356827947,285796.0,0.0,0.0,285796.0,0.0,285796.0,29036.989999999998,0.0,0.0,29036.989999999998,8460.88,,0.0,8460.88,8812.503391569722,0.0,0.0,8812.500000000002,24064.420000000002,0.0,0.0,24064.420000000002,314.49,,,314.49,,,,,,,,,,,,,70689.27999999998,0.0,0.0,70689.27999999998,,,,,,,,,,,,0.0,,,,0.0,,,,,,,,,,,,,,,,0.0,70689.27999999998,0.0,0.0,70689.27999999998,7068.929999999999,0.0,0.0,7068.929999999999,63620.350000000006,0.0,0.0,63620.350000000006,4980.673199999999,,,4980.673199999999,1554.641413,,,1554.641413,192859.49018000002,,,192859.49018000002,199394.81,,,199394.81,313.41356971472175,,,313.41356971472175,5028.49,0.0,0.0,5028.49,0.0,0.0,0.0,0.0,,,,,,,0.0075,0.0,0.0,,,,,0.0,0.0,63620.350000000006,0.0,41718.619999999995,,9022721.5,,9064440.12,,,,,,,,63620.350000000006,0.0
486,PUNJAB,Tarn Taran,,544.853681228937,0.0,0.0,544.853681228937,241835.0,0.0,0.0,241835.0,0.0,241835.0,26685.91,0.0,0.0,26685.91,8625.220000000003,,0.0,8625.220000000003,5238.069336348913,0.0,0.0,5238.049999999999,27387.52,0.0,0.0,27387.52,295.44,,,295.44,,,,,,,,,,,,,68232.14,0.0,0.0,68232.14,,,,,,,,,,,,0.0,,,,0.0,,,,,,,,,,,,,,,,0.0,68232.14,0.0,0.0,68232.14,6823.21,0.0,0.0,6823.21,61408.93,0.0,0.0,61408.93,4725.0345,,,4725.0345,102.0582,,,102.0582,126574.22149,,,126574.22149,131401.31000000003,,,131401.31000000003,213.97752737264764,,,213.97752737264764,4770.39,0.0,0.0,4770.39,0.0,0.0,0.0,0.0,,,,,,,0.0,0.0,0.0,,,,,0.0,0.0,61408.93,0.0,60397.04000000001,,8112077.750000001,,8172474.790000001,,,,,,,,61408.93,0.0
487,RAJASTHAN,AJMER,,0.0,517.4849674423714,0.0,517.4849674423714,0.0,746676.0,0.0,746676.0,140992.0,887668.0,0.0,28457.920000000002,0.0,28457.920000000002,,,,,0.0,438.23010000000005,0.0,438.24,0.0,8992.46,0.0,8992.46,0.0,70.39,0.0,70.39,,,,,0.0,0.0,0.0,0.0,0.0,0.0,0.0,0.0,0.0,37959.01,0.0,37959.01,,,,,,,,,,,,0.0,,,,0.0,0.0,0.0,0.0,0.0,0.0,0.0,0.0,0.0,0.0,0.0,0.0,0.0,0.0,0.0,0.0,0.0,0.0,37959.01,0.0,37959.01,0.0,3795.8999999999996,0.0,3795.8999999999996,0.0,34163.11,0.0,34163.11,,1184.3418,,1184.3418,,176.0,,176.0,,47462.829999999994,,47462.829999999994,,48823.19000000001,,48823.19000000001,,142.91201825594922,,142.91201825594922,0.0,1184.3500000000001,0.0,1184.3500000000001,0.0,0.0,0.0,0.0,,,,,,,0.0,0.0,0.0,,,,,0.0,0.0,34163.11,0.0,0.0,,0.0,,0.0,,,,,,,,34163.11,0.0
488,RAJASTHAN,ALWAR,,0.0,690.09419534344,614.585247077577,686.1476378198764,0.0,682521.0,37640.0,720161.0,151885.0,872046.0,0.0,73880.02,3387.3100000000004,77267.33,0.0,,0.0,0.0,0.0,0.47,0.0,0.47,0.0,5786.04,629.11,6415.150000000001,0.0,9.25,0.0,9.25,,,,,,,,,,,,,0.0,79675.78,4016.42,83692.2,,,,,,,,,,,,0.0,,,,0.0,0.0,0.0,0.0,0.0,0.0,0.0,0.0,0.0,0.0,0.0,0.0,0.0,0.0,0.0,0.0,0.0,0.0,79675.78,4016.42,83692.2,0.0,7967.580000000001,292.74,8260.320000000002,0.0,71708.2,3723.6800000000003,75431.88,,14469.747181533512,0.0,14469.747181533512,,3413.3472002752283,0.0,3413.3472002752283,,113255.20651911049,2947.316554021301,116202.52307313179,,131138.28000000003,2947.31,134085.59000000003,,182.87766252674035,79.15046405706182,182.87766252674032,0.0,14469.730000000001,0.0,14469.730000000001,0.0,0.0,792.11,0.0,,,,,,,0.0,0.0,0.0,,,,,0.0,0.0,71708.2,3723.6800000000003,0.0,,0.0,,0.0,,,,,,,,71708.2,3723.6800000000003
489,RAJASTHAN,BANSWARA,,953.113717583951,955.6590944405967,0.0,954.6003669132353,165543.0,232453.0,0.0,397996.0,55612.0,453608.0,4629.23,5514.2,0.0,10143.43,1477.2399999999998,,0.0,1477.2399999999998,3784.71,3463.5299999999997,0.0,7248.24,1690.6100000000001,1226.18,0.0,2916.7900000000004,34.980000000000004,1347.73,,1382.71,0.0,0.0,0.0,0.0,,,,,,,,,11616.769999999999,11551.64,0.0,23168.409999999996,0.0,0.0,0.0,0.0,,,,,0.0,0.0,0.0,0.0,0.0,0.0,0.0,0.0,0.0,0.0,0.0,0.0,0.0,0.0,0.0,0.0,0.0,0.0,0.0,0.0,0.0,0.0,0.0,0.0,11616.769999999999,11551.64,0.0,23168.409999999996,1161.67,1155.18,0.0,2316.85,10455.1,10396.46,0.0,20851.56,1244.4498474114441,1172.732265031704,,2417.182112443148,0.0,4.0200000000000005,,4.0200000000000005,4793.32521070807,6804.8423905241,,11598.16760123217,6037.79,7981.599999999999,,14019.380000000001,57.749710667521114,76.77228595117954,,67.23420214123068,1244.4499999999998,1172.7400000000002,0.0,2417.1899999999996,4417.3099999999995,2582.3599999999997,0.0,6999.669999999999,,,,,,,0.0,0.0,0.0,,,,,0.0,0.0,20851.559999999998,0.0,0.0,,0.0,,0.0,,,,,,,,20851.559999999998,0.0
490,RAJASTHAN,BARAN,,923.9534572960068,945.3781887001783,0.0,942.669932750163,87123.0,602098.0,0.0,689221.0,6310.0,695531.0,5578.500000000001,34181.85,0.0,39760.35,30.049999999999997,,,30.049999999999997,6966.72,0.0,0.0,6966.72,2768.9,14460.039999999997,0.0,17228.94,,996.34,,996.34,0.0,0.0,0.0,0.0,,,,,,,,,15344.170000000002,49638.23,0.0,64982.4,,,,,,,,,,,,0.0,,,,0.0,0.0,0.0,0.0,0.0,0.0,0.0,0.0,0.0,0.0,0.0,0.0,0.0,0.0,0.0,0.0,0.0,15344.170000000002,49638.23,0.0,64982.4,1534.4300000000003,4520.29,0.0,6054.71,13809.74,45117.94,0.0,58927.68000000001,1789.6100000000001,6575.04,,8364.65,0.0,102.57,,102.57,11279.76,56131.979999999996,,67411.74,13069.369999999997,62809.58,,75878.95,94.63878393076189,139.2119852989742,,128.76622666970766,1789.61,6575.04,0.0,8364.649999999998,2608.2,683.5699999999999,0.0,3291.7699999999995,,,,,,,0.0,0.0,0.0,,,,,0.0,0.0,58927.68,0.0,0.0,,0.0,,0.0,,,,,,,,58927.68,0.0
491,RAJASTHAN,BARMER,,0.0,330.9701791621642,315.5967006351658,323.2182849567753,0.0,1416817.0,1441041.0,2857858.0,0.0,2857858.0,0.0,35616.44,30489.010000000002,66105.45,,,367.72,367.72,,,,,0.0,2737.7599999999998,0.0,2737.7599999999998,,,,,,,,,,,,,,,,,0.0,38354.200000000004,30856.730000000003,69210.93000000001,,,,,,,,,,,,0.0,,,,0.0,,,,,,,,,,,,,,,,0.0,0.0,38354.200000000004,30856.730000000003,69210.93000000001,0.0,3835.4299999999994,2898.2099999999996,6733.65,0.0,34518.77,27958.519999999997,62477.29,,7406.284999999999,1549.805,8956.089999999998,,438.0,852.0,1290.0,,37805.314999999995,5017.794999999999,42823.10999999999,,45649.65,7419.61,53069.22,,132.24587666362387,26.537921177515837,132.24576078463977,0.0,7406.289999999999,1549.8100000000002,7406.289999999999,0.0,1436.98,21539.960000000003,1436.98,,,,,,,,,,,,,,0.0,0.0,34518.77,27958.519999999997,0.0,,0.0,,0.0,,,,,,,,34518.77,27958.519999999997
492,RAJASTHAN,BHARATPUR,,0.0,646.9784654865999,638.0992788130584,644.6710452655151,0.0,351675.0,123477.0,475152.0,25890.0,501042.0,0.0,32374.760000000002,11516.28,43891.03999999999,0.0,,0.0,0.0,0.0,177.96,0.0,177.96,0.0,6255.87,1574.9300000000003,7830.8,0.0,860.5899999999999,0.0,860.5899999999999,,,,,,,,,,,,,0.0,39669.18,13091.21,52760.39,,,,,,,,,,,,0.0,,,,0.0,0.0,0.0,0.0,0.0,0.0,0.0,0.0,0.0,0.0,0.0,0.0,0.0,0.0,0.0,0.0,0.0,0.0,39669.18,13091.21,52760.39,0.0,3402.45,1206.22,4608.66,0.0,36266.729999999996,11884.99,48151.72,,6391.834750735878,1365.432633450048,7757.267384185925,,71.8466,0.0,71.8466,,37331.90499218007,9822.502982481856,47154.407974661925,,43795.62,11187.92,54983.54,,120.75977073201804,94.13487095908368,120.75977073201803,0.0,6391.829999999999,1365.43,6391.829999999999,0.0,0.0,1996.5,0.0,,,,,,,0.0,0.0,0.0,,,,,0.0,0.0,36266.729999999996,11884.99,0.0,,0.0,,0.0,,,,,,,,36266.729999999996,11884.99
493,RAJASTHAN,BHILWARA,,636.5504725206905,653.2471823655382,0.0,652.1193019770494,63193.0,872292.0,0.0,935485.0,110015.0,1045500.0,2057.54,29262.489999999998,0.0,31320.03,272.06,,0.0,272.06,1274.15,59.13000000000001,0.0,1333.28,879.3899999999999,10840.28,0.0,11719.67,162.38,301.96999999999997,0.0,464.34999999999997,0.0,0.0,0.0,0.0,,,,,,,,,4645.52,40463.869999999995,0.0,45109.39,0.0,0.0,0.0,0.0,,,,,0.0,0.0,0.0,0.0,0.0,0.0,0.0,0.0,0.0,0.0,0.0,0.0,0.0,0.0,0.0,0.0,0.0,0.0,0.0,0.0,0.0,0.0,0.0,0.0,4645.52,40463.869999999995,0.0,45109.39,448.44,4046.37,0.0,4494.81,4197.08,36417.49999999999,0.0,40614.58,409.5810200919874,4962.895399999999,,5372.476420091987,447.0379000000001,288.83520000000004,,735.8730999999999,4078.905,56134.39000000001,,60213.295,4935.53,61386.14,,66321.65,117.594375137,168.5622022379351,,163.29517626428733,409.59999999999997,4962.89,0.0,5372.49,695.27,0.0,0.0,695.27,,,,,,,0.0,0.0,0.0,,,,,0.0,0.0,40614.579999999994,0.0,0.0,,0.0,,0.0,,,,,,,,40614.579999999994,0.0
494,RAJASTHAN,BIKANER,,312.5864651896624,332.27786845734744,311.9451949971453,320.7568896084724,45001.0,1315254.0,1677922.0,3038177.0,0.0,3038177.0,1079.8,27332.94,29208.090000000004,57620.829999999994,508.44999999999993,,90.75999999999999,599.2099999999999,538.24,0.0,0.0,538.24,0.0,1423.14,0.0,1423.14,0.0,0.0,0.0,0.0,,,,,0.0,0.0,0.0,0.0,0.0,0.0,0.0,0.0,2126.49,28756.08,29298.850000000002,60181.42,,,,,,,,,,,,0.0,,,,0.0,0.0,0.0,0.0,0.0,0.0,0.0,0.0,0.0,0.0,0.0,0.0,0.0,0.0,0.0,0.0,0.0,2126.49,28756.08,29298.850000000002,60181.42,136.45,2875.6099999999997,2929.9,5941.96,1990.0399999999997,25880.469999999998,26368.95,54239.46000000001,12.8,9693.140000000001,0.0,9705.94,0.0,71.0,11.0,82.0,0.0,28462.850000000002,0.0,28462.850000000002,12.8,38226.99,11.0,38250.79,0.6432031516954434,147.70593424307984,0.04171573005371848,137.2052036363884,12.8,9693.140000000001,0.0,9705.94,1977.24,2995.78,26368.95,4973.02,,,,,,,0.0,0.0,0.0,,,,,0.0,0.0,27870.51,26368.95,0.0,,0.0,,0.0,,,,,,,,27870.51,26368.95
495,RAJASTHAN,BUNDI,,709.5636538772825,687.4277405087184,0.0,695.2874833432306,150555.0,273463.0,0.0,424018.0,125982.0,550000.0,5994.83,11773.72,0.0,17768.550000000003,152.14,,0.0,152.14,5908.93,466.06,0.0,6374.99,2205.16,4233.71,0.0,6438.87,1228.1799999999998,1103.17,0.0,2331.35,,,,,,,,,,,,,15489.240000000002,17576.66,0.0,33065.899999999994,,,,,,,,,,,,0.0,,,,0.0,0.0,0.0,0.0,0.0,0.0,0.0,0.0,0.0,0.0,0.0,0.0,0.0,0.0,0.0,0.0,0.0,15489.240000000002,17576.66,0.0,33065.899999999994,1484.36,1159.39,0.0,2643.75,14004.880000000001,16417.27,0.0,30422.15,952.6489029551699,2770.742604060849,,3723.391507016019,0.0,66.0,,66.0,8863.15275,18429.00395,,27292.1567,9815.800000000001,21265.75,,31081.54,70.08842631996846,129.53280295688626,,102.1674667963967,952.65,2770.74,0.0,3723.39,4189.08,557.61,0.0,4746.69,,,,,,,0.0,0.0,0.0,,,,,0.0,0.0,30422.15,0.0,0.0,,0.0,,0.0,,,,,,,,30422.15,0.0
496,RAJASTHAN,CHITTAURGARH,,777.9537367828317,811.3231495773472,0.0,807.6662871771665,63932.0,519457.0,0.0,583389.0,204611.0,788000.0,2562.65,20942.42,0.0,23505.070000000003,361.63,,0.0,361.63,0.18999999999999997,0.9800000000000001,0.0,1.1700000000000002,993.69,8593.919999999998,0.0,9587.61,0.0,1097.8,0.0,1097.8,,,,,,,,,,,,,3918.1600000000003,30635.120000000003,0.0,34553.28,,,,,,,,,,,,0.0,,,,0.0,0.0,0.0,0.0,0.0,0.0,0.0,0.0,0.0,0.0,0.0,0.0,0.0,0.0,0.0,0.0,0.0,3918.1600000000003,30635.120000000003,0.0,34553.28,391.8,3063.5099999999998,0.0,3455.3099999999995,3526.3599999999997,27571.61,0.0,31097.97,383.26189999999997,1644.9462999999998,,2028.2082,0.0,107.2294,,107.2294,5023.803000000001,41488.528999999995,,46512.332,5407.07,43240.700000000004,,48647.77999999999,153.33289851291417,156.83052241055202,,156.4339408649503,383.26000000000005,1644.94,0.0,2028.2,123.58,0.0,0.0,123.58,,,,,,,0.0,0.0,0.0,,,,,0.0,0.0,31097.97,0.0,0.0,,0.0,,0.0,,,,,,,,31097.97,0.0
497,RAJASTHAN,CHURU,,0.0,396.0742922493162,92.29636295358443,206.64082100281232,0.0,519180.0,860121.0,1379301.0,0.0,1379301.0,0.0,15459.11,5312.2300000000005,20771.34,0.0,,0.0,0.0,0.0,0.0,0.0,0.0,0.0,534.6199999999999,0.0,534.6199999999999,0.0,0.0,0.0,0.0,,,,,,,,,,,,,0.0,15993.73,5312.2300000000005,21305.960000000003,,,,,,,,,,,,0.0,,,,0.0,0.0,0.0,0.0,0.0,0.0,0.0,0.0,0.0,0.0,0.0,0.0,0.0,0.0,0.0,0.0,0.0,0.0,15993.73,5312.2300000000005,21305.960000000003,0.0,1204.22,531.22,1735.44,0.0,14789.509999999998,4781.01,19570.519999999997,,3185.9542,0.0,3185.9542,,4.760000000000001,0.0,4.760000000000001,,15419.6928,0.0,15419.6928,,18610.399999999998,0.0,18610.399999999998,,125.83513584966641,0.0,125.83513584966643,0.0,3185.95,0.0,3185.95,0.0,1988.3,4781.01,1988.3,,,,,,,0.0,0.0,0.0,,,,,0.0,0.0,14789.509999999998,4781.01,0.0,,0.0,,0.0,,,,,,,,14789.509999999998,4781.01
498,RAJASTHAN,DAUSA,,0.0,689.4253619693936,0.0,689.4253619693936,0.0,308562.0,0.0,308562.0,33455.0,342017.0,0.0,24561.940000000002,0.0,24561.940000000002,0.0,,0.0,0.0,0.0,0.0,0.0,0.0,0.0,2376.1,0.0,2376.1,,989.4100000000001,,989.4100000000001,,0.0,,0.0,,,,,,,,,0.0,27927.45,0.0,27927.45,,,,,,,,,,,,0.0,,,,0.0,0.0,0.0,0.0,0.0,0.0,0.0,0.0,0.0,0.0,0.0,0.0,0.0,0.0,0.0,0.0,0.0,0.0,27927.45,0.0,27927.45,0.0,2792.76,0.0,2792.76,0.0,25134.689999999995,0.0,25134.689999999995,,11095.146472008704,,11095.146472008704,,3.1891999999999996,,3.1891999999999996,,47521.68000000001,,47521.68000000001,,58620.009999999995,,58620.009999999995,,233.22352493704918,,233.22352493704918,0.0,11095.14,0.0,11095.14,0.0,0.0,0.0,0.0,,,,,,,0.0,0.0,0.0,,,,,0.0,0.0,25134.690000000002,0.0,0.0,,0.0,,0.0,,,,,,,,25134.690000000002,0.0
499,RAJASTHAN,DHAULPUR,,759.44,703.1157176548884,0.0,704.9539408351642,8111.0,240415.0,0.0,248526.0,52379.00000000001,300905.0,763.83,20278.21,0.0,21042.039999999997,27.55,,0.0,27.55,188.03,653.0600000000001,0.0,841.09,517.09,4844.38,0.0,5361.47,51.42,185.98000000000002,0.0,237.40000000000003,,,,,,,,,,,,,1547.92,25961.63,0.0,27509.550000000003,,,,,,,,,,,,0.0,,,,0.0,0.0,0.0,0.0,0.0,0.0,0.0,0.0,0.0,0.0,0.0,0.0,0.0,0.0,0.0,0.0,0.0,1547.92,25961.63,0.0,27509.550000000003,154.79000000000002,2315.25,0.0,2470.04,1393.13,23646.379999999997,0.0,25039.509999999995,438.56,4177.003,,4615.563,0.0,15.73,,15.73,2095.83,27321.8478280543,,29417.6778280543,2534.39,31514.579999999998,,34048.97,181.92056735552316,133.27443777863675,,135.9809756660574,438.56,4177.0,0.0,4615.56,0.0,606.35,0.0,606.35,,,,,,,0.0,0.0,0.0,,,,,0.0,0.0,25039.51,0.0,0.0,,0.0,,0.0,,,,,,,,25039.51,0.0
500,RAJASTHAN,DUNGARPUR,,829.0138179708224,792.501896942976,0.0,795.846301473352,24128.0,239285.0,0.0,263413.0,113664.0,377077.0,720.6,8342.53,0.0,9063.13,106.97,,0.0,106.97,273.02,5158.36,0.0,5431.38,180.69,3262.54,0.0,3443.23,510.54999999999995,3911.1700000000005,0.0,4421.72,,,,,,,,,,,,,1791.83,20674.590000000004,0.0,22466.42,,,,,,,,,,,,0.0,,,,0.0,0.0,0.0,0.0,0.0,0.0,0.0,0.0,0.0,0.0,0.0,0.0,0.0,0.0,0.0,0.0,0.0,1791.83,20674.590000000004,0.0,22466.42,179.18999999999997,2045.6399999999999,0.0,2224.83,1612.64,18628.95,0.0,20241.589999999997,94.549996,790.696485,,885.246481,0.0,1.1105000000000003,,1.1105000000000003,624.049289,10603.703392999998,,11227.752682,718.6,11395.519999999999,,12114.119999999999,44.56047226907431,61.171026815789396,,59.84767006939673,94.55,790.7,0.0,885.25,894.04,7233.43,0.0,8127.47,,,,,,,0.0,0.0,0.0,,,,,0.0,0.0,20241.59,0.0,0.0,,0.0,,0.0,,,,,,,,20241.59,0.0
501,RAJASTHAN,GANGANAGAR,,248.25731865164974,0.0,238.95391538885679,240.21577450794726,151118.0,0.0,963041.0,1114159.0,0.0,1114159.0,5775.179999999999,0.0,37008.630000000005,42783.81,24273.189999999995,,,24273.189999999995,15142.51,0.0,62752.10999999999,77894.62000000001,2775.88,0.0,0.0,2775.88,0.0,0.0,258.71999999999997,258.71999999999997,,,,,,,,,,,,,47966.76,0.0,100019.45999999999,147986.22,,,,,,,,,,,,0.0,,,,0.0,0.0,0.0,0.0,0.0,0.0,0.0,0.0,0.0,0.0,0.0,0.0,0.0,0.0,0.0,0.0,0.0,47966.76,0.0,100019.45999999999,147986.22,4796.66,0.0,10001.960000000001,14798.609999999999,43170.1,0.0,90017.5,133187.6,38.57,,34.125,72.695,39.0,,0.0,39.0,16989.1816,,16667.7675,33656.949100000005,17066.75,,16701.88,33768.630000000005,39.533728205401424,,18.554036715083182,39.533728205401424,38.57,0.0,34.12,38.57,26103.35,0.0,73315.62,26103.35,,,,,,,0.0,0.0,0.0,,,,,0.0,0.0,43170.1,90017.5,0.0,,0.0,,0.0,,,,,,,,43170.1,90017.5
502,RAJASTHAN,HANUMANGARH,,304.1771651153696,0.0,325.48977030754963,322.64537537057913,127850.0,0.0,830110.0,957960.0,0.0,957960.0,6242.75,0.0,40038.03,46280.78,3132.13,,,3132.13,13115.38,0.0,36659.53,49774.91,0.0,0.0,0.0,0.0,0.0,0.0,470.18999999999994,470.18999999999994,,,,,,,,,,,,,22490.260000000006,0.0,77167.75,99658.01000000001,,,,,,,,,,,,0.0,,,,0.0,0.0,0.0,0.0,0.0,0.0,0.0,0.0,0.0,0.0,0.0,0.0,0.0,0.0,0.0,0.0,0.0,22490.260000000006,0.0,77167.75,99658.01000000001,2249.04,0.0,6838.780000000001,9087.83,20241.22,0.0,70328.97,90570.19,914.9,,253.75,1168.65,200.0,,0.0,200.0,11247.75502,,34963.364550000006,46211.119569999995,12362.66,,35217.12,47579.78,61.07665447043211,,50.074841135879,61.0766544704321,914.9,0.0,253.75,914.9,7878.560000000001,0.0,36415.090000000004,7878.560000000001,,,,,,,0.0,0.0,0.0,,,,,0.0,0.0,20241.22,70328.97,0.0,,0.0,,0.0,,,,,,,,20241.22,70328.97
503,RAJASTHAN,JAIPUR,,0.0,575.7376842734021,550.5699999999999,574.9095512698942,0.0,999466.0,34006.0,1033472.0,72672.0,1106144.0,0.0,62613.31,1715.49,64328.8,,,,,0.0,0.0,0.0,0.0,0.0,8423.080000000002,0.0,8423.080000000002,0.0,1550.73,0.0,1550.73,0.0,0.0,0.0,0.0,0.0,0.0,0.0,0.0,0.0,0.0,0.0,0.0,0.0,72587.12000000001,1715.49,74302.61000000002,,,,,,,,,,,,0.0,,,,0.0,0.0,0.0,0.0,0.0,0.0,0.0,0.0,0.0,0.0,0.0,0.0,0.0,0.0,0.0,0.0,0.0,0.0,72587.12000000001,1715.49,74302.61000000002,0.0,7258.72,171.55,7430.270000000001,0.0,65328.399999999994,1543.94,66872.34,,38927.03429157631,0.0,38927.03429157631,,1662.6283170833328,0.0,1662.6283170833328,,107004.97365402606,0.0,107004.97365402606,,147594.63,0.0,147594.63,,225.92720776874992,0.0,225.92720776874992,0.0,38927.030000000006,0.0,38927.030000000006,0.0,0.0,1543.94,0.0,,,,,,,0.0,0.0,0.0,,,,,0.0,0.0,65328.399999999994,1543.94,0.0,,0.0,,0.0,,,,,,,,65328.399999999994,1543.94
504,RAJASTHAN,JAISALMER,,0.0,193.51083342156022,209.51876047785143,204.4450554463233,0.0,1209004.0,2605496.0,3814500.0,0.0,3814500.0,0.0,9026.85,23182.56,32209.409999999996,0.0,,20264.8,20264.8,0.0,0.0,0.0,0.0,0.0,1520.92,315.76,1836.6800000000003,,,,,,,,,0.0,0.0,0.0,0.0,0.0,0.0,0.0,0.0,0.0,10547.77,43763.12,54310.89,,,,,,,,,,,,0.0,,,,0.0,0.0,0.0,0.0,0.0,0.0,0.0,0.0,0.0,0.0,0.0,0.0,0.0,0.0,0.0,0.0,0.0,0.0,10547.77,43763.12,54310.89,0.0,1054.78,4376.32,5431.1,0.0,9492.99,39386.8,48879.79,,3941.0965,803.7679999999999,4744.8645,,5.84,0.0,5.84,,30418.32,8420.16,38838.479999999996,,34365.259999999995,9223.93,43589.19,,362.0067017873188,23.418835752079374,362.006701787319,0.0,3941.1,803.76,3941.1,0.0,0.0,30162.870000000003,0.0,,,,,,,0.0,0.0,0.0,,,,,0.0,0.0,9492.99,39386.8,0.0,,0.0,,0.0,,,,,,,,9492.99,39386.8
505,RAJASTHAN,JALOR,,451.71,495.003842933372,447.65271598226775,477.10585865719554,202500.0,620310.0,202343.0,1025153.0,38847.0,1064000.0,8284.08,30382.230000000003,10264.57,48930.88,502.69000000000005,,178.56,681.25,4007.91,0.0,1825.87,5833.78,1645.67,3126.2599999999998,520.61,5292.5199999999995,,,,,,,,,,,,,,,,,14440.35,33508.490000000005,12789.6,60738.44000000001,,,,,,,,,,,,0.0,,,,0.0,0.0,0.0,0.0,0.0,0.0,0.0,0.0,0.0,0.0,0.0,0.0,0.0,0.0,0.0,0.0,0.0,14440.35,33508.490000000005,12789.6,60738.44000000001,1444.03,2722.83,1234.94,5401.8,12996.32,30785.66,11554.660000000002,55336.64,163.56,4244.64,111.48,4519.68,0.0,2.582,0.0,2.582,13371.015000000001,61665.425,2662.28,77698.72,13534.57,65912.65999999999,2773.76,82220.98999999999,104.14155699459539,214.10182533036482,24.005552738029504,181.46102574620883,163.56,4244.64,111.48,4408.2,272.41,0.0,8780.9,272.41,,,,,,,0.0,0.0,0.0,,,,,0.0,0.0,43781.979999999996,11554.66,0.0,,0.0,,0.0,,,,,,,,43781.979999999996,11554.66
506,RAJASTHAN,JHALAWAR,,964.518903998503,961.0361224037509,0.0,961.2192919921395,32062.0,577564.0,0.0,609626.0,24096.0,633722.0,2140.1000000000004,37577.02,0.0,39717.12,4.33,,,4.33,738.8100000000001,0.0,0.0,738.8100000000001,1711.9099999999999,11746.33,0.0,13458.229999999998,0.0,1709.2299999999998,,1709.2299999999998,0.0,0.0,0.0,0.0,,,,,,,,,4595.15,51032.58,0.0,55627.73000000001,,,,,,,,,,,,0.0,,,,0.0,0.0,0.0,0.0,0.0,0.0,0.0,0.0,0.0,0.0,0.0,0.0,0.0,0.0,0.0,0.0,0.0,4595.15,51032.58,0.0,55627.73000000001,407.86999999999995,4924.460000000001,0.0,5332.330000000001,4187.28,46108.12,0.0,50295.4,901.8011970826067,3055.023526595381,,3956.824723677988,0.0,0.41,,0.41,6847.641336,47835.789470157346,,54683.43080615734,7749.4400000000005,50891.21,,58640.649999999994,185.0709768632621,110.37363917678707,,116.59247167733031,901.8,3055.0200000000004,0.0,3956.8199999999997,0.08,4500.380000000001,0.0,4500.460000000001,,,,,,,0.0,0.0,0.0,,,,,0.0,0.0,50295.40000000001,0.0,0.0,,0.0,,0.0,,,,,,,,50295.40000000001,0.0
507,RAJASTHAN,JHUNJHUNU,,0.0,503.6966456883132,495.0,503.5035076490646,0.0,527369.0,11978.0,539347.0,49237.0,588584.0,0.0,22781.25,387.01,23168.260000000002,0.0,,0.0,0.0,0.0,0.0,0.0,0.0,0.0,1769.8400000000001,4.9,1774.7400000000002,0.0,0.0,0.0,0.0,0.0,0.0,0.0,0.0,,,,,,,,,0.0,24551.09,391.91,24943.000000000004,,,,,,,,,,,,0.0,,,,0.0,,,,,,,,,,,,,,,,0.0,0.0,24551.09,391.91,24943.000000000004,0.0,2455.1099999999997,39.19,2494.2999999999997,0.0,22095.980000000003,352.71999999999997,22448.699999999997,,11912.0202,62.83840000000001,11974.858600000001,,564.1575,0.0,564.1575,,35396.64,97.92000000000002,35494.56,,47872.82,160.76,48033.58,,216.65850530277447,45.577228396461784,216.65850530277459,0.0,11912.02,62.84,11912.02,0.0,0.0,191.96,0.0,,,,,,,,,,,,,,0.0,0.0,22095.980000000003,352.72,0.0,,0.0,,0.0,,,,,,,,22095.980000000003,352.72
508,RAJASTHAN,JODHPUR,,0.0,313.3179317004572,336.43215530790695,317.1287642295622,0.0,1853131.0,365841.0,2218972.0,6028.0,2225000.0,0.0,36216.53,8840.17,45056.7,0.0,,0.0,0.0,0.0,0.0,0.0,0.0,0.0,3946.1899999999996,33.97,3980.1600000000003,0.0,42.57,0.0,42.57,0.0,0.0,0.0,0.0,0.0,0.0,0.0,0.0,0.0,0.0,0.0,0.0,0.0,40205.28999999999,8874.14,49079.43000000001,,,,,,,,,,,,0.0,,,,0.0,0.0,0.0,0.0,0.0,0.0,0.0,0.0,0.0,0.0,0.0,0.0,0.0,0.0,0.0,0.0,0.0,0.0,40205.28999999999,8874.14,49079.43000000001,0.0,3471.6800000000003,825.91,4297.59,0.0,36733.61,8048.23,44781.840000000004,,15154.960000000001,218.92,15373.88,,677.58,129.5,807.08,,78476.56,575.515,79052.075,,94309.11000000002,923.93,95233.05,,256.7379301952626,11.4799154596725,256.7379574182881,0.0,15154.960000000001,218.92,15154.960000000001,0.0,298.22,7124.3,298.22,,,,,,,0.0,0.0,0.0,,,,,0.0,0.0,36733.61000000001,8048.23,0.0,,0.0,,0.0,,,,,,,,36733.61000000001,8048.23
509,RAJASTHAN,KARAULI,,673.3164427092173,686.6036295376497,0.0,685.6007285479268,29455.0,360787.0,0.0,390242.0,177048.0,567290.0,2430.57,25854.25,0.0,28284.82,,,,,0.0,0.0,0.0,0.0,516.24,4721.01,0.0,5237.25,58.17,237.36,,295.53,,,,,,,,,,,,,3004.98,30812.62,0.0,33817.600000000006,,,,,,,,,,,,0.0,,,,0.0,0.0,0.0,0.0,0.0,0.0,0.0,0.0,0.0,0.0,0.0,0.0,0.0,0.0,0.0,0.0,0.0,3004.98,30812.62,0.0,33817.600000000006,300.49,2954.09,0.0,3254.58,2704.4900000000002,27858.530000000002,0.0,30563.020000000004,372.5600999999999,4464.291400000001,,4836.851500000001,0.0,0.06999999999999999,,0.06999999999999999,5003.769833333333,38462.6203,,43466.390133333334,5376.32,42927.0,,48303.32,198.79237860003175,154.08925022246328,,158.04498377450918,372.55999999999995,4464.299999999999,0.0,4836.860000000001,0.0,1681.37,0.0,1681.37,,,,,,,0.0,0.0,0.0,,,,,0.0,0.0,30563.019999999997,0.0,0.0,,0.0,,0.0,,,,,,,,30563.019999999997,0.0
510,RAJASTHAN,KOTA,,795.339795223589,848.7785021964198,0.0,826.3507405180776,215015.0,297302.0,0.0,512317.0,8077.0,520394.0,13710.2,15329.09,0.0,29039.29,49.019999999999996,,,49.019999999999996,12448.760000000002,0.0,0.0,12448.760000000002,4395.150000000001,5448.700000000001,0.0,9843.84,63.169999999999995,131.09,,194.26,0.0,0.0,0.0,0.0,0.0,0.0,0.0,0.0,0.0,0.0,0.0,0.0,30666.3,20908.879999999997,0.0,51575.17999999999,,,,,,,,,,,,0.0,,,,0.0,0.0,0.0,0.0,0.0,0.0,0.0,0.0,0.0,0.0,0.0,0.0,0.0,0.0,0.0,0.0,0.0,30666.3,20908.879999999997,0.0,51575.17999999999,3066.62,2090.8900000000003,0.0,5157.51,27599.68,18817.989999999998,0.0,46417.67,4105.443,4467.316,,8572.759,0.0,180.92999999999998,,180.92999999999998,18639.08,21551.76,,40190.84,22744.52,26200.01,,48944.54,82.40863662187388,139.22852546951083,,105.4437674273612,4105.4400000000005,4467.320000000001,0.0,8572.76,5610.09,70.21,0.0,5680.3,,,,,,,0.0,0.0,0.0,,,,,0.0,0.0,46417.67,0.0,0.0,,0.0,,0.0,,,,,,,,46417.67,0.0
511,RAJASTHAN,NAGAUR,,0.0,429.84044326747,436.84449293331915,430.36011414777755,0.0,1640364.0,131462.0,1771826.0,0.0,1771826.0,0.0,58268.44,5412.36,63680.79999999999,0.0,,0.0,0.0,0.0,0.0,0.0,0.0,0.0,4407.95,0.0,4407.95,0.0,0.0,0.0,0.0,0.0,0.0,0.0,0.0,,,,,,,,,0.0,62676.39,5412.36,68088.75,,,,,,,,,,,,0.0,,,,0.0,,,,,,,,,,,,,,,,0.0,0.0,62676.39,5412.36,68088.75,0.0,6032.620000000002,541.25,6573.8600000000015,0.0,56643.77,4871.11,61514.88,,13604.415999999997,665.6,14270.016,,1147.65,9.6,1157.25,,88158.52,1859.7425000000003,90018.2625,,102910.62000000002,2534.94,105445.55000000002,,181.6803860336274,52.04029471722051,181.68036837943524,0.0,13604.419999999998,665.6000000000001,13604.419999999998,0.0,466.56,2475.89,466.56,,,,,,,0.0,0.0,0.0,,,,,0.0,0.0,56643.77,4871.110000000001,0.0,,0.0,,0.0,,,,,,,,56643.77,4871.110000000001
512,RAJASTHAN,PALI,,592.75,556.1572233541882,485.45002737664055,536.6968510594339,55040.0,681214.0,318885.0,1055139.0,180561.0,1235700.0,2408.55,25247.08,10593.45,38249.08,,,,,243.54,774.2099999999999,1267.27,2285.0199999999995,121.71,3114.64,228.60000000000002,3464.9500000000003,,,,,,240.092,,240.092,,,,,,,,,2774.4500000000003,29376.03,12089.320000000002,44239.799999999996,,,,,,,,,,,,0.0,,,,0.0,0.0,0.0,0.0,0.0,0.0,0.0,0.0,0.0,0.0,0.0,0.0,0.0,0.0,0.0,0.0,0.0,2774.4500000000003,29376.03,12089.320000000002,44239.799999999996,277.45000000000005,2937.62,1208.95,4424.0199999999995,2497.0,26438.409999999996,10880.369999999999,39815.78,103.054,4262.99907,244.39312999999999,4610.4462,0.07,17.509999999999998,0.37,17.95,936.25,40697.39,3404.16,45037.8,1039.3700000000001,44977.9,3648.91,49666.18,41.62474969963957,170.12331679552594,33.53663524310295,159.0344494859413,103.05,4263.0,244.4,4366.05,1457.6299999999999,463.11,7863.87,1920.7399999999998,,,,,,,0.0,0.0,0.0,,,,,0.0,0.0,28935.410000000003,10880.369999999999,0.0,,0.0,,0.0,,,,,,,,28935.410000000003,10880.369999999999
513,RAJASTHAN,PRATAPGARH,,895.07,1060.2076857975198,0.0,1040.8975262592403,34500.0,260539.0,0.0,295039.0,140941.0,435980.0,938.01,14712.43,0.0,15650.44,205.65,,0.0,205.65,42.08,1202.79,0.0,1244.87,204.07,4609.5,0.0,4813.5599999999995,0.0,849.7200000000001,0.0,849.7200000000001,,,,,,,,,,,,,1389.8100000000002,21374.43,0.0,22764.24,,,,,,,,,,,,0.0,,,,0.0,0.0,0.0,0.0,0.0,0.0,0.0,0.0,0.0,0.0,0.0,0.0,0.0,0.0,0.0,0.0,0.0,1389.8100000000002,21374.43,0.0,22764.24,138.42,2137.4500000000003,0.0,2275.87,1251.39,19236.98,0.0,20488.37,117.8371,525.9886999999999,,643.8258,0.0,19.0,,19.0,1085.1100000000001,24580.210000000003,,25665.320000000003,1202.95,25125.21,,26328.16,96.1291044358673,130.60891054625,,128.50295069837182,117.84,525.99,0.0,643.83,48.44,925.74,0.0,974.1800000000001,,,,,,,0.0,0.0,0.0,,,,,0.0,0.0,20488.37,0.0,0.0,,0.0,,0.0,,,,,,,,20488.37,0.0
514,RAJASTHAN,RAJSAMAND,,624.8373591357738,621.3036426167085,0.0,621.5605193088312,25734.0,328275.0,0.0,354009.0,109537.0,463546.0,489.74,8060.459999999999,0.0,8550.2,0.0,,0.0,0.0,138.54,388.2,0.0,526.74,163.82,1030.97,0.0,1194.79,737.6700000000001,575.62,0.0,1313.2900000000002,,,,,,,,,,,,,1529.77,10055.25,0.0,11585.02,,,,,,,,,0.0,0.0,0.0,0.0,,,,0.0,0.0,0.0,0.0,0.0,0.0,0.0,0.0,0.0,0.0,0.0,0.0,0.0,0.0,0.0,0.0,0.0,1529.77,10055.25,0.0,11585.02,152.98000000000002,1005.56,0.0,1158.54,1376.79,9049.69,0.0,10426.48,216.05,2200.759998264,,2416.8099982639997,0.0,391.642,,391.642,900.060000253,9157.201000344,,10057.261000596998,1116.11,11749.61,,12865.72,81.06610303677394,129.83439211729905,,123.39466435460483,216.05,2200.76,0.0,2416.81,352.46,202.45,0.0,554.91,,,,,,,0.0,0.0,0.0,,,,,0.0,0.0,10426.48,0.0,0.0,,0.0,,0.0,,,,,,,,10426.48,0.0
515,RAJASTHAN,SAWAI MADHOPUR,,652.8898197948433,764.6900473124242,0.0,751.6469887720918,50498.0,382352.0,0.0,432850.0,69215.0,502065.0,3543.55,28184.55,0.0,31728.1,,,,,0.0,0.0,0.0,0.0,1946.01,9229.189999999999,0.0,11175.2,255.37,1069.38,,1324.7500000000002,,,,,,,,,,,,,5744.93,38483.119999999995,0.0,44228.049999999996,,,,,,,,,,,,0.0,,,,0.0,0.0,0.0,0.0,0.0,0.0,0.0,0.0,0.0,0.0,0.0,0.0,0.0,0.0,0.0,0.0,0.0,5744.93,38483.119999999995,0.0,44228.049999999996,574.5,3848.3100000000004,0.0,4422.8,5170.43,34634.81,0.0,39805.24,1289.3400000000001,6547.039999999999,,7836.38,0.0002,0.217624,,0.21782400000000002,8201.773000000001,48157.02,,56358.793000000005,9491.12,54704.31,,64195.43,183.5653901126212,157.94603752698512,,161.27381721602484,1289.34,6547.04,0.0,7836.38,0.0,0.0,0.0,0.0,,,,,,,0.0,0.0,0.0,,,,,0.0,0.0,39805.24,0.0,0.0,,0.0,,0.0,,,,,,,,39805.24,0.0
516,RAJASTHAN,SIKAR,,0.0,505.4241964848708,467.94100898780226,504.9480218488171,0.0,726346.0,9346.0,735692.0,52393.0,788085.0,0.0,33058.31,354.93000000000006,33413.240000000005,0.0,,0.0,0.0,0.0,0.0,0.0,0.0,0.0,2568.4300000000003,0.0,2568.4300000000003,0.0,1272.71,0.0,1272.71,,,,,,,,,,,,,0.0,36899.45,354.93000000000006,37254.38,,,,,,,,,,,,0.0,,,,0.0,0.0,0.0,0.0,0.0,0.0,0.0,0.0,0.0,0.0,0.0,0.0,0.0,0.0,0.0,0.0,0.0,0.0,36899.45,354.93000000000006,37254.38,0.0,3689.93,35.5,3725.42,0.0,33209.52,319.43,33528.950000000004,,12208.948331165473,0.0,12208.948331165473,,221.33599999999998,0.0,221.33599999999998,,51368.58361488185,112.13393962997716,51480.717554511844,,63798.89,112.13,63911.020000000004,,192.110244291396,35.103152490373475,192.11024429139596,0.0,12208.94,0.0,12208.94,0.0,900.19,207.3,900.19,,,,,,,0.0,0.0,0.0,,,,,0.0,0.0,33209.520000000004,319.43,0.0,,0.0,,0.0,,,,,,,,33209.520000000004,319.43
517,RAJASTHAN,SIROHI,,0.0,658.4213650906593,0.0,658.4213650906593,0.0,407570.0,0.0,407570.0,106030.0,513600.0,0.0,25608.25,0.0,25608.25,,,,,0.0,0.0,0.0,0.0,0.0,3824.0999999999995,0.0,3824.0999999999995,,,,,0.0,345.008,0.0,345.008,,,,,,,,,0.0,29777.35,0.0,29777.35,,,,,,,,,,,,0.0,,,,0.0,0.0,0.0,0.0,0.0,0.0,0.0,0.0,0.0,0.0,0.0,0.0,0.0,0.0,0.0,0.0,0.0,0.0,29777.35,0.0,29777.35,0.0,2977.72,0.0,2977.72,0.0,26799.630000000005,0.0,26799.630000000005,,1840.6399999999999,,1840.6399999999999,,340.77,,340.77,,29160.36,,29160.36,,31341.77,,31341.77,,116.94851757281721,,116.94851757281721,0.0,1840.64,0.0,1840.64,0.0,889.75,0.0,889.75,,,,,,,0.0,0.0,0.0,,,,,0.0,0.0,26799.630000000005,0.0,0.0,,0.0,,0.0,,,,,,,,26799.630000000005,0.0
518,RAJASTHAN,TONK,,665.0008751511,635.6569211150238,655.5450621468925,643.6933343047195,141089.0,417585.0,29500.0,588174.0,131832.0,720006.0,8465.33,20725.76,0.0,29191.09,114.57000000000001,,,114.57000000000001,2321.55,1234.19,0.0,3555.7400000000002,1687.69,5660.3,0.0,7347.99,1099.56,2828.2799999999997,0.0,3927.84,,,,,,,,,,,,,13780.54,30448.53,0.0,44229.07000000001,,,,,,,,,,,,0.0,,,,0.0,0.0,0.0,0.0,0.0,0.0,0.0,0.0,0.0,0.0,0.0,0.0,0.0,0.0,0.0,0.0,0.0,13780.54,30448.53,0.0,44229.07000000001,1372.6499999999999,2824.8899999999994,0.0,4197.53,12407.890000000001,27623.64,0.0,40031.53,5313.3777017545635,5515.550005937276,0.0,10828.92770769184,9.0,27.0,0.0,36.0,6750.770592106541,23208.615955128626,82.29126618889173,30041.67781342406,12073.16,28751.189999999995,82.28999999999999,40906.64,97.30228104859084,104.08182991090239,0.0,101.98048887964062,5313.389999999999,5515.56,0.0,10828.949999999997,671.5,2572.91,0.0,3244.41,,,,,,,0.0,0.0,0.0,,,,,0.0,0.0,40031.53,0.0,0.0,,0.0,,0.0,,,,,,,,40031.53,0.0
519,RAJASTHAN,UDAIPUR,,723.4951809753437,721.8552198429774,0.0,722.0022670546088,69678.0,707414.0,0.0,777092.0,398968.0,1176060.0,1944.4600000000003,19473.64,0.0,21418.099999999995,745.5200000000001,,0.0,765.4600000000002,574.26,1040.04,0.0,1614.3000000000002,702.72,5352.12,0.0,6054.83,342.53999999999996,1620.03,0.0,1962.5700000000002,0.0,0.0,0.0,0.0,0.0,25.7325,0.0,25.7325,0.0,413.0,0.0,413.0,4329.4400000000005,27924.560000000005,0.0,32254.000000000004,,,,,,,,,,,,0.0,,,,0.0,,,,,,,,,,,,,,,,0.0,4329.4400000000005,27924.560000000005,0.0,32254.000000000004,432.96999999999997,2792.4700000000007,0.0,3225.43,3896.4700000000003,25132.09,0.0,29028.56000000001,287.55499999999995,3162.04825,,3449.60325,100.844,1958.947,,2059.7909999999997,2810.9055000000003,21408.375500000002,,24219.280999999995,3199.3100000000004,26529.359999999997,,29728.67,82.10790792691847,105.55970474401451,,102.41179720936896,287.57,3162.039999999999,0.0,3449.6100000000006,870.74,711.5900000000001,0.0,1582.3300000000002,,,,,,,0.0,0.0,0.0,,,,,0.0,0.0,29028.56,0.0,0.0,,0.0,,0.0,,,,,,,,29028.56,0.0
520,SIKKIM,Mangan,,0.0,2041.7,0.0,2041.7,0.0,9800.0,0.0,9800.0,19188.0,28988.0,0.0,1192.73,0.0,1192.73,,,,,0.0,0.0,0.0,0.0,0.0,30.75,0.0,30.75,,,,,,,,,,,,,,,,,0.0,1223.48,0.0,1223.48,,,,,,,,,,,,0.0,,,,0.0,0.0,0.0,0.0,0.0,0.0,0.0,0.0,0.0,0.0,0.0,0.0,0.0,0.0,0.0,0.0,0.0,0.0,1223.48,0.0,1223.48,0.0,122.35,0.0,122.35,0.0,1101.1299999999999,0.0,1101.1299999999999,,16.461573,,16.461573,,0.0,,0.0,,62.8,,62.8,,79.26,,79.26,,7.198060174547965,,7.198060174547965,0.0,17.01,0.0,17.01,0.0,1021.32,0.0,1021.32,,,,,,,0.0,0.0,0.003936191999988,,,,,0.0,0.0,1101.13,0.0,0.0,,0.0,,0.0,,0.0,,0.0,,0.0,,1101.13,0.0
521,SIKKIM,Pakyong,,0.0,2041.7,0.0,2041.7,0.0,30200.0,0.0,30200.0,58995.0,89195.0,0.0,3675.5699999999997,0.0,3675.5699999999997,,,,,0.0,0.0,0.0,0.0,0.0,102.30999999999999,0.0,102.30999999999999,,,,,,,,,,,,,,,,,0.0,3777.88,0.0,3777.88,,,,,,,,,,,,0.0,,,,0.0,0.0,0.0,0.0,0.0,0.0,0.0,0.0,0.0,0.0,0.0,0.0,0.0,0.0,0.0,0.0,0.0,0.0,3777.88,0.0,3777.88,0.0,377.78999999999996,0.0,377.78999999999996,0.0,3400.09,0.0,3400.09,,19.19973,,19.19973,,0.0,,0.0,,206.1,,206.1,,225.29999999999998,,225.29999999999998,,6.626295186303892,,6.626295186303892,0.0,19.84,0.0,19.84,0.0,3174.15,0.0,3174.15,,,,,,,0.0,0.0,0.003936191999988,,,,,0.0,0.0,3400.09,0.0,0.0,,0.0,,0.0,,0.0,,0.0,,0.0,,3400.09,0.0
522,SIKKIM,Soreng,,0.0,2738.8,0.0,2738.8,0.0,20000.0,0.0,20000.0,403642.0,423642.0,0.0,3834.3199999999997,0.0,3834.3199999999997,,,,,0.0,0.0,0.0,0.0,0.0,40.96,0.0,40.96,,,,,,,,,,,,,,,,,0.0,3875.2799999999997,0.0,3875.2799999999997,,,,,,,,,,,,0.0,,,,0.0,0.0,0.0,0.0,0.0,0.0,0.0,0.0,0.0,0.0,0.0,0.0,0.0,0.0,0.0,0.0,0.0,0.0,3875.2799999999997,0.0,3875.2799999999997,0.0,387.53,0.0,387.53,0.0,3487.75,0.0,3487.75,,11.963313,,11.963313,,0.0,,0.0,,83.60000000000001,,83.60000000000001,,95.56,,95.56,,2.739875277757867,,2.739875277757867,0.0,12.21,0.0,12.21,0.0,3391.94,0.0,3391.94,,,,,,,0.0,0.0,0.002988478080408,,,,,0.0,0.0,3487.75,0.0,0.0,,0.0,,0.0,,0.0,,0.0,,0.0,,3487.75,0.0
523,TAMILNADU,ARIYALUR,,0.0,981.9692432911784,0.0,981.9692432911784,0.0,192658.65000000002,0.0,192658.65000000002,739.49,193398.14,0.0,18132.879999999997,0.0,18132.879999999997,9666.57,,0.0,9666.57,0.0,4133.42,0.0,4133.42,0.0,6688.670000000001,0.0,6688.670000000001,0.0,481.5799999999999,0.0,481.5799999999999,0.0,0.0,0.0,0.0,,,,,,,,,9666.57,29436.55,0.0,39103.119999999995,,,,,,,,,,,,0.0,,,,0.0,0.0,0.0,0.0,0.0,0.0,0.0,0.0,0.0,0.0,0.0,0.0,0.0,0.0,0.0,0.0,0.0,9666.57,29436.55,0.0,39103.119999999995,966.6600000000001,2615.2,0.0,3581.87,8699.91,26821.35,0.0,35521.259999999995,,1122.7207871249998,,1122.7207871249998,,70.24,,70.24,,17284.989999999998,,17284.989999999998,,18477.96,,18477.96,,68.89272911318781,,52.01943849964782,0.0,1246.8600000000001,0.0,1246.8600000000001,8699.91,8367.279999999999,0.0,17067.19,,,,,,,0.0,0.0,0.0,,,,,0.0,0.0,35521.259999999995,0.0,0.0,,0.0,,0.0,,,,,,,,35521.259999999995,0.0
524,TAMILNADU,CHENGALPATTU,,0.0,1185.0136510287655,0.0,1185.0136510287655,0.0,242414.87999999995,0.0,242414.87999999995,20175.27,262590.14999999997,0.0,19073.999999999996,0.0,19073.999999999996,82.63,,,82.63,0.0,26690.36,0.0,26690.36,0.0,9479.83,0.0,9479.83,0.0,3207.83,0.0,3207.83,0.0,124.50999999999999,0.0,124.50999999999999,,,,,,,,,82.63,58576.59000000001,0.0,58659.22000000001,,,,,,,,,,,,0.0,,,,0.0,0.0,0.0,0.0,0.0,0.0,0.0,0.0,0.0,0.0,0.0,0.0,0.0,0.0,0.0,0.0,0.0,82.63,58576.59000000001,0.0,58659.22000000001,8.27,5581.95,0.0,5590.23,74.35999999999999,52994.64,0.0,53068.999999999985,,747.7485947499999,,747.7485947499999,,339.19999999999993,,339.19999999999993,,36987.69544,,36987.69544,,38074.66,,38074.66,,71.84624709215876,,71.74557651359554,0.0,1458.4699999999998,0.0,1458.4699999999998,74.35999999999999,14413.810000000001,0.0,14488.170000000002,,,,,,,0.0,0.0,0.0,,,,,0.0,0.0,53068.99999999999,0.0,0.0,,0.0,,0.0,,,,,,,,53068.99999999999,0.0
525,TAMILNADU,CHENNAI,,0.0,1312.369706301501,0.0,1312.369706301501,0.0,44628.481400000004,0.0,44628.481400000004,0.0,44628.481400000004,0.0,7914.34,0.0,7914.34,137.62,,0.0,137.62,0.0,93.0,0.0,93.0,0.0,72.35000000000001,0.0,72.35000000000001,0.0,262.45000000000005,0.0,262.45000000000005,0.0,1663.898,0.0,1663.898,0.0,0.0,0.0,0.0,0.0,0.0,0.0,0.0,137.62,10006.03,0.0,10143.65,,,,,,,,,,,,0.0,,,,0.0,0.0,0.0,0.0,0.0,0.0,0.0,0.0,0.0,0.0,0.0,0.0,0.0,0.0,0.0,0.0,0.0,137.62,10006.03,0.0,10143.65,13.77,909.3299999999999,0.0,923.0999999999999,123.85,9096.699999999997,0.0,9220.55,,10305.307395000003,,10305.307395000003,,1189.5000000000002,,1189.5000000000002,,258.5,,258.5,,11753.260000000002,,11753.260000000002,,129.20355733397832,,127.46810114364114,0.0,10467.440000000002,0.0,10467.440000000002,123.85,752.5,0.0,876.35,,,,,,,0.0,0.0,0.0,,,,,0.0,0.0,9220.549999999997,0.0,0.0,,0.0,,0.0,,,,,,,,9220.549999999997,0.0
526,TAMILNADU,COIMBATORE,,0.0,1003.3284587885096,0.0,1003.3284587885096,0.0,367477.73,0.0,367477.73,6647.185000000002,374124.915,0.0,24544.21,0.0,24544.21,1522.1,,0.0,1522.1,0.0,12499.369999999999,0.0,12499.369999999999,0.0,14865.060000000001,0.0,14865.060000000001,0.0,1526.77,0.0,1526.77,0.0,2046.05,0.0,2046.05,0.0,0.0,0.0,0.0,0.0,0.0,0.0,0.0,1522.1,55481.479999999996,0.0,57003.58,,,,,,,,,,,,0.0,,,,0.0,0.0,0.0,0.0,0.0,0.0,0.0,0.0,0.0,0.0,0.0,0.0,0.0,0.0,0.0,0.0,0.0,1522.1,55481.479999999996,0.0,57003.58,152.2,5207.19,0.0,5359.389999999999,1369.9,50274.29,0.0,51644.19,,2215.957115999999,,2215.957115999999,,1233.6599999999999,,1233.6599999999999,,42528.579999999994,,42528.579999999994,,45978.189999999995,,45978.189999999995,,91.45467792782354,,89.02877555055079,0.0,5887.660000000001,0.0,5887.660000000001,1369.9,8640.77,0.0,10010.67,,,,,,,0.0,0.0,0.0,,,,,0.0,0.0,51644.19,0.0,0.0,,0.0,,0.0,,,,,,,,51644.19,0.0
527,TAMILNADU,CUDDALORE,,0.0,1265.157018010836,0.0,1265.157018010836,0.0,363673.1525,0.0,363673.1525,1000.8475000000008,364674.00000000006,0.0,56549.55,0.0,56549.55,0.0,,0.0,0.0,0.0,32457.48,0.0,32457.48,0.0,13876.61,0.0,13876.61,0.0,2798.3199999999997,0.0,2798.3199999999997,0.0,5916.554000000001,0.0,5916.554000000001,,,,,,,,,0.0,111598.5,0.0,111598.5,,,,,,,,,,,,0.0,,,,0.0,0.0,0.0,0.0,0.0,0.0,0.0,0.0,0.0,0.0,0.0,0.0,0.0,0.0,0.0,0.0,0.0,0.0,111598.5,0.0,111598.5,0.0,10486.36,0.0,10486.36,0.0,101112.14000000001,0.0,101112.14000000001,,2466.6545524999997,,2466.6545524999997,,68.28500000000001,,68.28500000000001,,62317.56800000001,,62317.56800000001,,64852.49999999999,,64852.49999999999,,64.13918249579129,,64.13918249579129,0.0,4285.85,0.0,4285.85,0.0,41518.53999999999,0.0,41518.53999999999,,,,,,,0.0,0.0,0.0,,,,,0.0,0.0,101112.13999999998,0.0,0.0,,0.0,,0.0,,,,,,,,101112.13999999998,0.0
528,TAMILNADU,DHARMAPURI,,0.0,865.4700140579494,0.0,865.4700140579494,0.0,281286.58125,0.0,281286.58125,57346.04875,338632.63000000006,0.0,24628.13,0.0,24628.13,77.53999999999999,,,77.53999999999999,0.0,0.0,0.0,0.0,0.0,17154.229999999996,0.0,17154.229999999996,0.0,321.7,0.0,321.7,0.0,6942.66,0.0,6942.66,,,,,,,,,77.53999999999999,49046.71,0.0,49124.25,,,,,,,,,,,,0.0,,,,0.0,0.0,0.0,0.0,0.0,0.0,0.0,0.0,0.0,0.0,0.0,0.0,0.0,0.0,0.0,0.0,0.0,77.53999999999999,49046.71,0.0,49124.25,7.7700000000000005,4904.68,0.0,4912.460000000001,69.77,44142.03,0.0,44211.799999999996,,756.6551256250001,,756.6551256250001,,31.900000000000002,,31.900000000000002,,42885.560000000005,,42885.560000000005,,43674.11,,43674.11,,98.93996719226553,,98.78383146580778,0.0,1771.38,0.0,1771.38,69.77,6093.820000000001,0.0,6163.590000000001,,,,,,,0.0,0.0,0.0,,,,,0.0,0.0,44211.799999999996,0.0,0.0,,0.0,,0.0,,,,,,,,44211.799999999996,0.0
529,TAMILNADU,DINDIGUL,,0.0,900.2844907603644,0.0,900.2844907603644,0.0,487741.1000000001,0.0,487741.1000000001,138923.05,626664.15,0.0,26457.1,0.0,26457.1,5832.49,,,5832.49,0.0,4091.2300000000005,0.0,4091.2300000000005,0.0,21549.04,0.0,21549.04,0.0,497.77,0.0,497.77,0.0,3204.12,0.0,3204.12,,,,,,,,,5832.49,55799.299999999996,0.0,61631.79000000001,,,,,,,,,,,,0.0,,,,0.0,0.0,0.0,0.0,0.0,0.0,0.0,0.0,0.0,0.0,0.0,0.0,0.0,0.0,0.0,0.0,0.0,5832.49,55799.299999999996,0.0,61631.79000000001,583.26,5497.56,0.0,6080.8099999999995,5249.2300000000005,50301.74,0.0,55550.97,,1828.9715241000001,,1828.9715241000001,,310.31,,310.31,,61568.75089999999,,61568.75089999999,,63708.04,,63708.04,,126.65176194700223,,114.68393801224353,0.0,4081.05,0.0,4081.05,5249.2300000000005,4728.83,0.0,9978.060000000001,,,,,,,0.0,0.0,0.0,,,,,0.0,0.0,55550.97,0.0,0.0,,0.0,,0.0,,,,,,,,55550.97,0.0
530,TAMILNADU,ERODE,,0.0,720.3787155021004,0.0,720.3787155021004,0.0,344881.685,0.0,344881.685,1360.88,346242.565,0.0,17482.42,0.0,17482.42,,,0.0,0.0,0.0,36352.01,0.0,36352.01,0.0,18440.2,0.0,18440.2,0.0,538.88,0.0,538.88,0.0,1826.886,0.0,1826.886,,,,,,,,,0.0,74640.42,0.0,74640.42,,,,,,,,,,,,0.0,,,,0.0,0.0,0.0,0.0,0.0,0.0,0.0,0.0,0.0,0.0,0.0,0.0,0.0,0.0,0.0,0.0,0.0,0.0,74640.42,0.0,74640.42,0.0,7239.77,0.0,7239.77,0.0,67400.65,0.0,67400.65,,944.8994582,,944.8994582,,411.51199999999994,,411.51199999999994,,52686.28,,52686.28,,54042.71000000001,,54042.71000000001,,80.1812890528504,,80.1812890528504,0.0,18347.45,0.0,18347.45,0.0,13057.27,0.0,13057.27,,,,,,,0.0,0.0,0.0,,,,,0.0,0.0,67400.65,0.0,0.0,,0.0,,0.0,,,,,,,,67400.65,0.0
531,TAMILNADU,KALLAKURICHCHI,,0.0,1215.2738910750577,0.0,1215.2738910750577,0.0,257922.99625000003,0.0,257922.99625000003,57622.310000000005,315545.30624999997,0.0,30482.370000000003,0.0,30482.370000000003,627.6700000000001,,0.0,627.6700000000001,0.0,10353.52,0.0,10353.52,0.0,18703.18,0.0,18703.18,0.0,1292.2399999999998,0.0,1292.2399999999998,0.0,8872.0,0.0,8872.0,,,,,,,,,627.6700000000001,69703.31999999999,0.0,70330.99,,,,,,,,,,,,0.0,,,,0.0,0.0,0.0,0.0,0.0,0.0,0.0,0.0,0.0,0.0,0.0,0.0,0.0,0.0,0.0,0.0,0.0,627.6700000000001,69703.31999999999,0.0,70330.99,62.79,6840.41,0.0,6903.200000000001,564.8799999999999,62862.909999999996,0.0,63427.78999999999,,925.984550375,,925.984550375,,35.3,,35.3,,49324.493,,49324.493,,50285.78,,50285.78,,79.9927652092466,,79.28035960262845,0.0,1753.7800000000002,0.0,1753.7800000000002,564.8799999999999,12858.04,0.0,13422.92,,,,,,,0.0,0.0,0.0,,,,,0.0,0.0,63427.78999999999,0.0,0.0,,0.0,,0.0,,,,,,,,63427.78999999999,0.0
532,TAMILNADU,KANCHEEPURAM,,0.0,1260.6888400928472,0.0,1260.6888400928472,0.0,166794.04,0.0,166794.04,3685.0,170479.03999999998,0.0,16417.96,0.0,16417.96,51.040000000000006,,,51.040000000000006,0.0,19723.260000000002,0.0,19723.260000000002,0.0,6100.389999999999,0.0,6100.389999999999,0.0,3573.5399999999995,0.0,3573.5399999999995,0.0,10106.896,0.0,10106.896,,,,,,,,,51.040000000000006,55922.04,0.0,55973.08,,,,,,,,,,,,0.0,,,,0.0,0.0,0.0,0.0,0.0,0.0,0.0,0.0,0.0,0.0,0.0,0.0,0.0,0.0,0.0,0.0,0.0,51.040000000000006,55922.04,0.0,55973.08,5.12,5236.42,0.0,5241.539999999999,45.92,50685.62,0.0,50731.54000000001,,301.947835725,,301.947835725,,857.46,,857.46,,24487.29,,24487.29,,25646.71,,25646.71,,50.59957834194392,,50.55377778794019,0.0,939.3499999999999,0.0,939.3499999999999,45.92,24730.02,0.0,24775.94,,,,,,,0.0,0.0,0.0,,,,,0.0,0.0,50731.54,0.0,0.0,,0.0,,0.0,,,,,,,,50731.54,0.0
533,TAMILNADU,KANNIYAKUMARI,,0.0,1302.3353833210801,0.0,1302.3353833210801,0.0,113044.97,0.0,113044.97,4772.030000000001,117817.0,0.0,9422.22,0.0,9422.22,11766.24,,0.0,11766.24,0.0,10811.65,0.0,10811.65,0.0,939.07,0.0,939.07,0.0,1355.47,0.0,1355.47,0.0,0.0,0.0,0.0,,,,,,,,,11766.24,22528.420000000002,0.0,34294.66,,,,,,,,,,,,0.0,,,,0.0,0.0,0.0,0.0,0.0,0.0,0.0,0.0,0.0,0.0,0.0,0.0,0.0,0.0,0.0,0.0,0.0,11766.24,22528.420000000002,0.0,34294.66,1176.63,2252.88,0.0,3429.5,10589.61,20275.54,0.0,30865.15,,981.62905325,,981.62905325,,101.3637,,101.3637,,3716.0000000000005,,3716.0000000000005,,4798.94,,4798.94,,23.6686174572909,,15.54808578607264,0.0,1187.47,0.0,1187.47,10589.61,15270.75,0.0,25860.36,,,,,,,0.0,0.0,0.0,,,,,0.0,0.0,30865.15,0.0,0.0,,0.0,,0.0,,,,,,,,30865.15,0.0
534,TAMILNADU,KARUR,,0.0,648.7941706186325,0.0,648.7941706186324,0.0,283369.52,0.0,283369.52,6187.115,289556.635,0.0,13283.06,0.0,13283.06,6737.95,,,6737.95,0.0,4797.97,0.0,4797.97,0.0,8696.56,0.0,8696.56,0.0,418.62,0.0,418.62,0.0,0.0,0.0,0.0,,,,,,,,,6737.95,27196.209999999995,0.0,33934.159999999996,,,,,,,,,,,,0.0,,,,0.0,0.0,0.0,0.0,0.0,0.0,0.0,0.0,0.0,0.0,0.0,0.0,0.0,0.0,0.0,0.0,0.0,6737.95,27196.209999999995,0.0,33934.159999999996,673.8,2604.38,0.0,3278.1799999999994,6064.15,24591.829999999998,0.0,30655.98,,427.521298875,,427.521298875,,328.36154091300705,,328.36154091300705,,29629.06,,29629.06,,30384.92,,30384.92,,123.55696993676355,,99.11580057137303,0.0,1077.8100000000002,0.0,1077.8100000000002,6064.15,1557.68,0.0,7621.83,,,,,,,0.0,0.0,0.0,,,,,0.0,0.0,30655.979999999996,0.0,0.0,,0.0,,0.0,,,,,,,,30655.979999999996,0.0
535,TAMILNADU,KRISHNAGIRI,,0.0,804.7290327030701,0.0,804.7290327030701,0.0,310326.06499999994,0.0,310326.06499999994,97194.86,407520.925,0.0,21840.59,0.0,21840.59,99.12,,,99.12,0.0,5635.54,0.0,5635.54,0.0,15068.690000000002,0.0,15068.690000000002,0.0,21.639999999999997,0.0,21.639999999999997,0.0,6634.437,0.0,6634.437,,,,,,,,,99.12,49200.89,0.0,49300.009999999995,,,,,,,,,,,,0.0,,,,0.0,0.0,0.0,0.0,0.0,0.0,0.0,0.0,0.0,0.0,0.0,0.0,0.0,0.0,0.0,0.0,0.0,99.12,49200.89,0.0,49300.009999999995,9.909999999999998,4674.129999999999,0.0,4684.039999999999,89.21000000000001,44526.76000000001,0.0,44615.97,,424.42426900000004,,424.42426900000004,,348.5,,348.5,,37671.75000000001,,37671.75000000001,,38444.68,,38444.68,,86.34061854040131,,86.16797976150691,0.0,2084.61,0.0,2084.61,89.21000000000001,9358.41,0.0,9447.619999999999,,,,,,,0.0,0.0,0.0,,,,,730577.29,0.0,775193.2599999999,0.0,0.0,,0.0,,0.0,,,,,,,,775193.2599999999,0.0
536,TAMILNADU,MADURAI,,0.0,829.4034843346425,0.0,829.4034843346425,0.0,325646.735,0.0,325646.735,36021.25,361667.98500000004,0.0,25585.25,0.0,25585.25,6346.09,,,6346.09,0.0,14553.269999999999,0.0,14553.269999999999,0.0,16254.970000000001,0.0,16254.970000000001,0.0,3276.629999999999,0.0,3276.629999999999,0.0,11373.836000000001,0.0,11373.836000000001,0.0,0.0,0.0,0.0,0.0,0.0,0.0,0.0,6346.09,71043.99,0.0,75805.72,,,,,,,,,,,,0.0,,,,0.0,0.0,0.0,0.0,0.0,0.0,0.0,0.0,0.0,0.0,0.0,0.0,0.0,0.0,0.0,0.0,0.0,6346.09,71043.99,0.0,75805.72,476.18999999999994,6678.429999999999,0.0,7154.619999999999,5869.900000000001,64365.55999999999,0.0,70235.46,,2938.105797,,2938.105797,,4067.922,,4067.922,,38935.350000000006,,38935.350000000006,,45941.399999999994,,45941.399999999994,,71.37574814854403,,65.41054903036158,0.0,4388.96,0.0,4388.96,5869.900000000001,18674.19,0.0,24544.09,,,,,,,0.0,0.0,0.0,,,,,0.0,0.0,70235.45999999999,0.0,0.0,,0.0,,0.0,,,,,,,,70235.45999999999,0.0
537,TAMILNADU,MAYILADUTHURAI,,0.0,1428.002162616635,0.0,1318.2834228891181,0.0,107323.645,8932.385,116256.03000000001,1102.21,117358.24,0.0,7191.95,0.0,7191.95,116.08999999999997,,0.0,116.08999999999997,0.0,26684.3,473.41,27157.710000000003,0.0,169.39,0.0,169.39,0.0,17.72,0.0,17.72,0.0,336.106,0.0,336.106,,,,,,,,,116.08999999999997,34399.479999999996,473.41,34988.98,,,,,,,,,,,,0.0,,,,0.0,0.0,0.0,0.0,0.0,0.0,0.0,0.0,0.0,0.0,0.0,0.0,0.0,0.0,0.0,0.0,0.0,116.08999999999997,34399.479999999996,473.41,34988.98,11.600000000000001,3439.96,47.35,3498.91,104.49000000000001,30959.520000000004,426.06,31490.070000000003,,1301.410322,0.0,1301.410322,,0.0,0.0,0.0,,41449.07060000001,5797.9215,47246.9921,,42750.52,5797.92,48548.439999999995,,138.08521579145926,1360.8224193775525,137.62073859749592,0.0,2989.4100000000003,0.0,2989.4100000000003,104.49000000000001,1900.03,0.0,2004.52,,,,,,,0.0,0.0,0.0,,,,,0.0,0.0,31064.01,426.06,0.0,,0.0,,0.0,,,,,,,,31064.01,426.06
538,TAMILNADU,NAGAPATTINAM,,0.0,0.0,0.0,0.0,0.0,0.0,153843.69,153843.69,0.0,153843.69,0.0,0.0,0.0,0.0,,,0.0,0.0,0.0,0.0,0.0,0.0,0.0,0.0,0.0,0.0,0.0,0.0,0.0,0.0,0.0,0.0,0.0,0.0,,,,,,,,,0.0,0.0,0.0,0.0,,,,,,,,,,,,0.0,,,,0.0,0.0,0.0,0.0,0.0,0.0,0.0,0.0,0.0,0.0,0.0,0.0,0.0,0.0,0.0,0.0,0.0,0.0,0.0,0.0,0.0,0.0,0.0,0.0,0.0,0.0,0.0,0.0,0.0,,,0.0,0.0,,,0.0,0.0,,,0.0,0.0,,,0.0,0.0,,,0.0,0.0,0.0,0.0,0.0,0.0,0.0,0.0,0.0,0.0,,,,,,,0.0,0.0,0.0,,,,,0.0,0.0,0.0,0.0,0.0,,0.0,,0.0,,,,,,,,0.0,0.0
539,TAMILNADU,NAMAKKAL,,0.0,746.1234020555264,0.0,746.1234020555264,0.0,292455.015,0.0,292455.015,1401.3899999999985,293856.405,0.0,22320.39,0.0,22320.39,7512.09,,0.0,7512.09,483.42,4823.32,0.0,5306.74,0.0,19914.5,0.0,19914.5,0.0,675.77,0.0,675.77,0.0,0.0,0.0,0.0,,,,,,,,,7995.51,47733.979999999996,0.0,55729.48999999999,,,,,,,,,,,,0.0,,,,0.0,0.0,0.0,0.0,0.0,0.0,0.0,0.0,0.0,0.0,0.0,0.0,0.0,0.0,0.0,0.0,0.0,7995.51,47733.979999999996,0.0,55729.48999999999,799.5400000000002,4742.799999999999,0.0,5542.340000000001,7195.97,42991.18,0.0,50187.15,,6098.848978000001,,6098.848978000001,,82.6,,82.6,,53637.56999999999,,53637.56999999999,,59818.99,,59818.99,,139.14247061839197,,119.19184492444779,0.0,6613.39,0.0,6613.39,7195.97,2436.1400000000003,0.0,9632.11,,,,,,,0.0,0.0,0.0,,,,,0.0,0.0,50187.15,0.0,0.0,,0.0,,0.0,,,,,,,,50187.15,0.0
540,TAMILNADU,PERAMBALUR,,0.0,829.0160385044517,0.0,829.0160385044517,0.0,159453.77000000002,0.0,159453.77000000002,9242.385,168696.155,0.0,9885.380000000001,0.0,9885.380000000001,6923.69,,,6923.69,0.0,1251.7599999999998,0.0,1251.7599999999998,0.0,7188.51,0.0,7188.51,0.0,99.00999999999999,0.0,99.00999999999999,0.0,0.0,0.0,0.0,,,,,,,,,6923.69,18424.66,0.0,25348.35,,,,,,,,,,,,0.0,,,,0.0,0.0,0.0,0.0,0.0,0.0,0.0,0.0,0.0,0.0,0.0,0.0,0.0,0.0,0.0,0.0,0.0,6923.69,18424.66,0.0,25348.35,692.3799999999999,1842.46,0.0,2534.84,6231.3099999999995,16582.2,0.0,22813.510000000002,,480.4209438749999,,480.4209438749999,,33.099999999999994,,33.099999999999994,,24443.07,,24443.07,,24956.59,,24956.59,,150.50228558333635,,109.39390738207315,0.0,854.8,0.0,854.8,6231.3099999999995,1282.31,0.0,7513.619999999999,,,,,,,0.0,0.0,0.0,,,,,0.0,0.0,22813.509999999995,0.0,0.0,,0.0,,0.0,,,,,,,,22813.509999999995,0.0
541,TAMILNADU,PUDUKKOTTAI,,0.0,940.1745937644298,1044.0,943.6418657226914,0.0,428006.895,14787.204999999998,442794.1,7682.095,450476.195,0.0,39546.13999999999,0.0,39546.13999999999,12218.490000000002,,0.0,12218.490000000002,0.0,27721.4,2626.05,30347.450000000004,0.0,13232.449999999999,14.1,13246.55,0.0,6552.69,0.0,6552.69,0.0,0.0,0.0,0.0,,,,,,,,,12218.490000000002,87052.68000000001,2640.16,101911.33,,,,,,,,,,,,0.0,,,,0.0,0.0,0.0,0.0,0.0,0.0,0.0,0.0,0.0,0.0,0.0,0.0,0.0,0.0,0.0,0.0,0.0,12218.490000000002,87052.68000000001,2640.16,101911.33,1221.86,8395.359999999999,264.01,9881.23,10996.630000000001,78657.31999999999,2376.15,92030.10000000002,,852.5037497249999,1.7000000000000002,854.203749725,,503.9000000000001,0.0,503.9000000000001,,42882.28999999999,45.6,42927.88999999999,,44238.72,47.3,44286.02,,56.24234336994955,1.9906150705973946,49.343860476866865,0.0,1925.9500000000003,132.21,1925.9500000000003,10996.630000000001,33545.44,2198.34,44542.07000000001,,,,,,,0.0,0.0,0.0,,,,,0.0,0.0,89653.95,2376.15,0.0,,0.0,,0.0,,,,,,,,89653.95,2376.15
542,TAMILNADU,RAMANATHAPURAM,,0.0,850.8458077323667,0.0,651.989079738451,0.0,312250.58,95236.455,407487.03500000003,1470.0,408957.03500000003,0.0,30001.070000000003,0.0,30001.070000000003,0.0,,0.0,0.0,0.0,23052.27,6353.280000000001,29405.55,0.0,1226.9,10.36,1237.26,0.0,11187.719999999998,0.0,11187.719999999998,0.0,12204.87,0.0,12204.87,,,,,,,,,0.0,77672.84999999999,6363.64,84036.48999999999,,,,,,,,,,,,0.0,,,,0.0,0.0,0.0,0.0,0.0,0.0,0.0,0.0,0.0,0.0,0.0,0.0,0.0,0.0,0.0,0.0,0.0,0.0,77672.84999999999,6363.64,84036.48999999999,0.0,7767.3099999999995,636.3699999999999,8403.68,0.0,69905.54000000001,5727.2699999999995,75632.81000000001,,664.6373655,63.226748,727.8641135,,89.67999999999999,0.0,89.67999999999999,,3816.152,29.600000000000005,3845.7520000000004,,4570.39,92.84,4663.23,,6.537951069400222,1.6210166449285615,6.53795106940022,0.0,1425.46,384.37,1425.46,0.0,64574.36000000001,5313.29,64574.36000000001,,,,,,,0.0,0.0,0.0,,,,,0.0,0.0,69905.54000000001,5727.2699999999995,0.0,,0.0,,0.0,,,,,,,,69905.54000000001,5727.2699999999995
543,TAMILNADU,RANIPET,,0.0,1114.1043298555492,0.0,1114.1043298555492,0.0,175584.01,0.0,175584.01,17.0,175601.01,0.0,19572.55,0.0,19572.55,11.599999999999998,,0.0,11.599999999999998,0.0,1507.78,0.0,1507.78,0.0,10106.27,0.0,10106.27,0.0,414.94000000000005,0.0,414.94000000000005,0.0,2755.934,0.0,2755.934,,,,,,,,,11.599999999999998,34357.469999999994,0.0,34369.07,,,,,,,,,,,,0.0,,,,0.0,0.0,0.0,0.0,0.0,0.0,0.0,0.0,0.0,0.0,0.0,0.0,0.0,0.0,0.0,0.0,0.0,11.599999999999998,34357.469999999994,0.0,34369.07,1.17,3311.07,0.0,3312.24,10.43,31046.399999999998,0.0,31056.83,,860.3145200000001,,860.3145200000001,,1040.26,,1040.26,,24936.896,,24936.896,,26837.479999999996,,26837.479999999996,,86.44313028241599,,86.4140995716562,0.0,1528.23,0.0,1528.23,10.43,4931.889999999999,0.0,4942.32,,,,,,,0.0,0.0,0.0,,,,,348268.57,0.0,379325.39999999997,0.0,0.0,,0.0,,0.0,,,,,,,,379325.39999999997,0.0
544,TAMILNADU,RESERVE FOREST,,0.0,0.0,0.0,0.0,0.0,0.0,0.0,0.0,0.0,0.0,,,,,,,,,,,,,,,,,,,,,,,,,,,,,,,,,,,,,,,,,,,,,,,,0.0,,,,0.0,0.0,0.0,0.0,0.0,0.0,0.0,0.0,0.0,0.0,0.0,0.0,0.0,0.0,0.0,0.0,0.0,0.0,0.0,0.0,0.0,,,,0.0,0.0,0.0,0.0,0.0,,,,0.0,,,,0.0,,,,0.0,,,,,,,,,0.0,0.0,0.0,0.0,0.0,0.0,0.0,0.0,,,,,,,0.0,0.0,0.0,,,,,0.0,0.0,0.0,0.0,0.0,,0.0,,0.0,,,,,,,,0.0,0.0
545,TAMILNADU,SALEM,,0.0,885.3241408797297,0.0,885.3241408797297,0.0,391534.96499999997,0.0,391534.96499999997,11122.959999999997,402657.925,0.0,25294.99,0.0,25294.99,10420.650000000001,,0.0,10420.650000000001,0.0,1958.69,0.0,1958.69,0.0,18612.59,0.0,18612.59,0.0,1171.75,0.0,1171.75,0.0,1484.872,0.0,1484.872,,,,,,,,,10420.650000000001,48522.880000000005,0.0,58943.530000000006,0.0,0.0,0.0,0.0,,,,,0.0,0.0,0.0,0.0,0.0,0.0,0.0,0.0,0.0,0.0,0.0,0.0,0.0,0.0,0.0,0.0,0.0,0.0,0.0,0.0,0.0,0.0,0.0,0.0,10420.650000000001,48522.880000000005,0.0,58943.530000000006,1042.0899999999997,4737.68,0.0,5779.7699999999995,9378.559999999998,43785.2,0.0,53163.76,,1384.339018875,,1384.339018875,,128.29999999999998,,128.29999999999998,,70598.13,,70598.13,,72110.81,,72110.81,,164.6922019312462,,135.63903305560027,0.0,2943.1599999999994,0.0,2943.1599999999994,9378.559999999998,1320.46,0.0,10699.019999999997,,,,,,,0.0,0.0,0.0,,,,,0.0,0.0,53163.759999999995,0.0,0.0,,0.0,,0.0,,,,,,,,53163.759999999995,0.0
546,TAMILNADU,SIVAGANGAI,,0.0,875.4883410392513,0.0,875.4883410392513,0.0,403261.49999999994,0.0,403261.49999999994,15638.615000000002,418900.115,0.0,30615.559999999998,0.0,30615.559999999998,1691.4899999999998,,,1691.4899999999998,0.0,24160.98,0.0,24160.98,0.0,3215.76,0.0,3215.76,0.0,7517.83,0.0,7517.83,0.0,0.0,0.0,0.0,,,,,,,,,1691.4899999999998,65510.13,0.0,67201.62,,,,,,,,,,,,0.0,,,,0.0,0.0,0.0,0.0,0.0,0.0,0.0,0.0,0.0,0.0,0.0,0.0,0.0,0.0,0.0,0.0,0.0,1691.4899999999998,65510.13,0.0,67201.62,169.17000000000002,6551.05,0.0,6720.2,1522.3200000000002,58959.079999999994,0.0,60481.39999999999,,1428.59353675,,1428.59353675,,233.39999999999998,,233.39999999999998,,15655.55,,15655.55,,17317.56,,17317.56,,29.3721679510603,,28.632868948139432,0.0,2857.6499999999996,0.0,2857.6499999999996,1522.3200000000002,40212.46000000001,0.0,41734.780000000006,,,,,,,0.0,0.0,0.0,,,,,40469.66,0.0,100951.06,0.0,0.0,,0.0,,0.0,,,,,,,,100951.06,0.0
547,TAMILNADU,TENKASI,,819.363756941443,775.0920162028063,0.0,782.0239638005329,38243.12999999999,206001.35000000003,0.0,244244.47999999998,43999.43,288243.91,2005.41,11504.89,0.0,13510.300000000001,12900.3,,,12900.3,16503.93,2489.57,0.0,18993.499999999996,0.0,10736.04,0.0,10736.04,1005.42,0.0,0.0,1005.42,0.0,3454.046,0.0,3454.046,,,,,,,,,32415.059999999998,28184.64,0.0,60599.700000000004,,,,,,,,,,,,0.0,,,,0.0,0.0,0.0,0.0,0.0,0.0,0.0,0.0,0.0,0.0,0.0,0.0,0.0,0.0,0.0,0.0,0.0,32415.059999999998,28184.64,0.0,60599.700000000004,3241.5099999999998,2818.5099999999998,0.0,6060.0,29173.550000000003,25366.13,0.0,54539.68,0.0,860.5699999999999,,860.5699999999999,0.0,179.54,,179.54,0.0,39124.174999999996,,39124.174999999996,0.0,40164.299999999996,,40164.299999999996,0.0,158.33830387213183,,73.64234626972508,0.0,860.5699999999999,0.0,860.5699999999999,29173.550000000003,3926.75,0.0,33100.3,,,,,,,0.0,0.0,0.0,,,,,62948.83000000001,0.0,117488.50999999998,0.0,0.0,,0.0,,0.0,,,,,,,,117488.50999999998,0.0
548,TAMILNADU,THANJAVUR,,0.0,991.7342186973744,0.0,991.7342186973742,0.0,339469.96499999997,0.0,339469.96499999997,188.11,339658.07499999995,0.0,64594.58,0.0,64594.58,4509.33,,,4509.33,0.0,24984.0,0.0,24984.0,0.0,5040.37,0.0,5040.37,,78.77999999999999,,78.77999999999999,,3309.24,,3309.24,,,,,,,,,4509.33,98006.97999999998,0.0,102516.31,,,,,,,,,,,,0.0,,,,0.0,0.0,0.0,0.0,0.0,0.0,0.0,0.0,0.0,0.0,0.0,0.0,0.0,0.0,0.0,0.0,0.0,4509.33,98006.97999999998,0.0,102516.31,450.9599999999999,9800.74,0.0,10251.7,4058.3700000000003,88206.24,0.0,92264.61,,18402.82436975,,18402.82436975,,684.1999999999999,,684.1999999999999,,75804.07375,,75804.07375,,94891.09,,94891.09,,107.57865883411422,,102.84668195096688,0.0,18926.36,0.0,18926.36,4058.3700000000003,7242.33,0.0,11300.7,,,,,,,0.0,0.0,0.0,,,,,0.0,0.0,92264.61,0.0,0.0,,0.0,,0.0,,,,,,,,92264.61,0.0
549,TAMILNADU,THE NILGIRIS,,0.0,1261.177570612074,0.0,1261.177570612074,0.0,111908.26999999999,0.0,111908.26999999999,142576.71000000002,254484.98000000004,0.0,9370.38,0.0,9370.38,164.35,,,164.35,0.0,0.0,0.0,0.0,0.0,218.93,0.0,218.93,0.0,0.0,0.0,0.0,0.0,140.796,0.0,140.796,,,,,,,,,164.35,9730.11,0.0,9894.46,,,,,,,,,,,,0.0,,,,0.0,0.0,0.0,0.0,0.0,0.0,0.0,0.0,0.0,0.0,0.0,0.0,0.0,0.0,0.0,0.0,0.0,164.35,9730.11,0.0,9894.46,16.439999999999998,959.67,0.0,976.11,147.91,8770.439999999999,0.0,8918.349999999999,,188.979228,,188.979228,,52.4,,52.4,,625.5,,625.5,,866.86,,866.86,,9.88388267863414,,9.719959409532034,0.0,2762.5800000000004,0.0,2762.5800000000004,147.91,6820.54,0.0,6968.45,,,,,,,0.0,0.0,0.0,,,,,0.0,0.0,8918.349999999999,0.0,0.0,,0.0,,0.0,,,,,,,,8918.349999999999,0.0
550,TAMILNADU,THENI,,0.0,1269.4177876705144,0.0,1269.4177876705144,0.0,189417.31,0.0,189417.31,68236.81,257654.12,0.0,10616.85,0.0,10616.85,2721.6900000000005,,,2721.6900000000005,0.0,6829.09,0.0,6829.09,0.0,7963.530000000001,0.0,7963.530000000001,0.0,782.5400000000001,0.0,782.5400000000001,0.0,1618.98,0.0,1618.98,,,,,,,,,2721.6900000000005,27810.96,0.0,30532.65,,,,,,,,,,,,0.0,,,,0.0,0.0,0.0,0.0,0.0,0.0,0.0,0.0,0.0,0.0,0.0,0.0,0.0,0.0,0.0,0.0,0.0,2721.6900000000005,27810.96,0.0,30532.65,272.16999999999996,2781.1400000000003,0.0,3053.3199999999997,2449.52,25029.82,0.0,27479.339999999997,,646.2732399999999,,646.2732399999999,,91.68950000000001,,91.68950000000001,,20129.2065,,20129.2065,,20867.11,,20867.11,,83.36899745982991,,75.93744973496453,0.0,876.8399999999999,0.0,876.8399999999999,2449.52,5483.67,0.0,7933.1900000000005,,,,,,,0.0,0.0,0.0,,,,,0.0,0.0,27479.34,0.0,0.0,,0.0,,0.0,,,,,,,,27479.34,0.0
551,TAMILNADU,THIRUVARUR,,0.0,1040.1279156728167,0.0,852.8762651169659,0.0,169945.2,37312.0,207257.19999999995,2452.0,209709.19999999995,0.0,8091.660000000001,0.0,8091.660000000001,3138.12,,0.0,3138.12,0.0,15984.66,0.0,15984.66,0.0,354.64,0.0,354.64,0.0,218.12,0.0,218.12,0.0,0.0,0.0,0.0,,,,,,,,,3138.12,24649.079999999998,0.0,27787.2,,,,,,,,,,,,0.0,,,,0.0,0.0,0.0,0.0,0.0,0.0,0.0,0.0,0.0,0.0,0.0,0.0,0.0,0.0,0.0,0.0,0.0,3138.12,24649.079999999998,0.0,27787.2,313.81,2464.9,0.0,2778.7099999999996,2824.3100000000004,22184.18,0.0,25008.49,,1282.910211,0.0,1282.910211,,19.95,0.0,19.95,,12706.800000000001,0.0,12706.800000000001,,14009.65,0.0,14009.65,,63.151534111245034,0.0,56.01957575207459,0.0,3605.92,0.0,3605.92,2824.3100000000004,9997.7,0.0,12822.010000000002,,,,,,,0.0,0.0,0.0,,,,,0.0,0.0,25008.49,0.0,0.0,,0.0,,0.0,,,,,,,,25008.49,0.0
552,TAMILNADU,THOOTHUKUDI,,0.0,673.010338167263,0.0,673.010338167263,0.0,459711.56,0.0,459711.56,3890.0600000000004,463601.61999999994,0.0,23082.789999999997,0.0,23082.789999999997,8066.71,,0.0,8066.71,0.0,0.0,0.0,0.0,0.0,3706.68,0.0,3706.68,50.95,3546.03,0.0,3596.98,80.2,18810.056,0.0,18890.256,,,,,,,,,8197.86,49145.560000000005,0.0,57343.420000000006,,,,,,,,,,,,0.0,,,,0.0,0.0,0.0,0.0,0.0,0.0,0.0,0.0,0.0,0.0,0.0,0.0,0.0,0.0,0.0,0.0,0.0,8197.86,49145.560000000005,0.0,57343.420000000006,819.8100000000001,4865.84,0.0,5685.650000000001,7378.050000000001,44279.72,0.0,51657.77,,446.77422649999994,,446.77422649999994,,389.39765,,389.39765,,19248.449999999997,,19248.449999999997,,20084.6,,20084.6,,45.358462067962485,,38.880114259674784,0.0,1501.6399999999999,0.0,1501.6399999999999,7378.050000000001,23518.5,0.0,30896.550000000003,,,,,,,0.0,0.0,0.0,,,,,0.0,0.0,51657.77,0.0,0.0,,0.0,,0.0,,,,,,,,51657.77,0.0
553,TAMILNADU,TIRUCHIRAPPALLI,,0.0,752.518494206304,0.0,752.518494206304,0.0,403609.805,0.0,403609.805,17167.47,420777.27499999997,0.0,20361.79,0.0,20361.79,15031.499999999996,,0.0,15031.499999999996,0.0,23539.58,0.0,23539.58,0.0,18313.989999999998,0.0,18313.989999999998,0.0,2872.35,0.0,2872.35,0.0,0.0,0.0,0.0,0.0,0.0,0.0,0.0,0.0,0.0,0.0,0.0,15031.499999999996,65087.71,0.0,80119.21,,,,,,,,,,,,0.0,,,,0.0,0.0,0.0,0.0,0.0,0.0,0.0,0.0,0.0,0.0,0.0,0.0,0.0,0.0,0.0,0.0,0.0,15031.499999999996,65087.71,0.0,80119.21,1503.1599999999999,6508.79,0.0,8011.9400000000005,13528.339999999998,58578.92,0.0,72107.26,,719.0346259999999,,719.0346259999999,,272.97999999999996,,272.97999999999996,,52325.683000000005,,52325.683000000005,,53317.69000000001,,53317.69000000001,,91.0185609430833,,73.94219389282024,0.0,9838.009999999998,0.0,9838.009999999998,13528.339999999998,16101.62,0.0,29629.96,,,,,,,0.0,0.0,0.0,,,,,0.0,0.0,72107.26000000001,0.0,0.0,,0.0,,0.0,,,,,,,,72107.26000000001,0.0
554,TAMILNADU,TIRUNELVELI,,0.0,1686.8051625445457,0.0,1674.1687246642678,2280.27,302107.03,0.0,304387.30000000005,83758.23,388145.53,0.0,34080.06,0.0,34080.06,7907.749999999999,,,7907.749999999999,0.0,26735.73,0.0,26735.73,0.0,10635.68,0.0,10635.68,0.0,516.29,0.0,516.29,0.0,3599.424,0.0,3599.424,,,,,,,,,7907.749999999999,75567.18,0.0,83474.93000000001,,,,,,,,,,,,0.0,,,,0.0,0.0,0.0,0.0,0.0,0.0,0.0,0.0,0.0,0.0,0.0,0.0,0.0,0.0,0.0,0.0,0.0,7907.749999999999,75567.18,0.0,83474.93000000001,787.5500000000001,7445.509999999999,0.0,8233.05,7120.200000000001,68121.67000000001,0.0,75241.87000000001,0.0,719.4674819500001,,719.4674819500001,0.0,87.2356625,,87.2356625,0.0,32059.8,,32059.8,0.0,32866.520000000004,,32866.520000000004,0.0,48.2467913660954,,43.68115784469472,0.0,1213.4500000000003,0.0,1213.4500000000003,7120.200000000001,35259.25,0.0,42379.45,,,,,,,0.0,0.0,0.0,,,,,81087.37000000001,0.0,156329.24,0.0,0.0,,0.0,,0.0,,,,,,,,156329.24,0.0
555,TAMILNADU,TIRUPATHUR,,0.0,844.1466484679961,0.0,844.1466484679959,0.0,120836.665,0.0,120836.665,5300.084999999999,126136.75,0.0,5138.280000000001,0.0,5138.280000000001,671.14,,0.0,671.14,0.0,1857.9,0.0,1857.9,0.0,4547.8099999999995,0.0,4547.8099999999995,0.0,0.0,0.0,0.0,0.0,8.27,0.0,8.27,,,,,,,,,671.14,11552.27,0.0,12223.41,,,,,,,,,,,,0.0,,,,0.0,0.0,0.0,0.0,0.0,0.0,0.0,0.0,0.0,0.0,0.0,0.0,0.0,0.0,0.0,0.0,0.0,671.14,11552.27,0.0,12223.41,67.11,1155.22,0.0,1222.33,604.03,10397.05,0.0,11001.08,,819.99684,,819.99684,,89.685,,89.685,,15570.484999999999,,15570.484999999999,,16480.16,,16480.16,,158.50803833779773,,149.80492824340882,0.0,1901.42,0.0,1901.42,604.03,176.29999999999998,0.0,780.3299999999999,,,,,,,0.0,0.0,0.0,,,,,0.0,0.0,11001.080000000002,0.0,0.0,,0.0,,0.0,,,,,,,,11001.080000000002,0.0
556,TAMILNADU,TIRUPPUR,,0.0,629.385518646129,0.0,629.385518646129,0.0,471390.87,0.0,471390.87,1238.369999999999,472629.23500000004,0.0,20790.030000000002,0.0,20790.030000000002,,,,,0.0,20750.91,0.0,20750.91,0.0,16400.149999999998,0.0,16400.149999999998,0.0,369.86,0.0,369.86,0.0,2231.932,0.0,2231.932,,,,,,,,,0.0,60542.909999999996,0.0,60542.909999999996,,,,,,,,,,,,0.0,,,,0.0,0.0,0.0,0.0,0.0,0.0,0.0,0.0,0.0,0.0,0.0,0.0,0.0,0.0,0.0,0.0,0.0,0.0,60542.909999999996,0.0,60542.909999999996,0.0,5759.86,0.0,5759.86,0.0,54783.049999999996,0.0,54783.049999999996,,528.296736,,528.296736,,283.09,,283.09,,46857.71000000001,,46857.71000000001,,47669.009999999995,,47669.009999999995,,87.01415857642098,,87.01415857642098,0.0,3104.6600000000003,0.0,3104.6600000000003,0.0,9102.849999999999,0.0,9102.849999999999,,,,,,,0.0,0.0,0.0,,,,,0.0,0.0,54783.049999999996,0.0,0.0,,0.0,,0.0,,,,,,,,54783.049999999996,0.0
557,TAMILNADU,TIRUVALLUR,,0.0,1169.3432790331644,1301.3,1172.3443289940187,0.0,297300.18000000005,6918.755,304218.93500000006,19736.01,323954.94499999995,0.0,51284.479999999996,1212.53,52497.009999999995,290.53999999999996,,0.0,290.53999999999996,0.0,8894.64,21.84,8916.48,0.0,12196.65,80.3,12276.949999999999,0.0,7172.37,1720.05,8892.419999999998,0.0,6280.136,63.85,6343.986,,,,,,,,,290.53999999999996,85828.27,3098.5699999999997,89217.38,,,,,,,,,,,,0.0,,,,0.0,0.0,0.0,0.0,0.0,0.0,0.0,0.0,0.0,0.0,0.0,0.0,0.0,0.0,0.0,0.0,0.0,290.53999999999996,85828.27,3098.5699999999997,89217.38,29.07,7533.209999999999,309.85,7872.13,261.46999999999997,78295.06,2788.72,81345.25000000001,,1955.6997297500002,45.477706999999995,2001.1774367500002,,1141.4600000000003,1.6,1143.0600000000002,,40020.76027666667,504.2400583333333,40525.000335000004,,43117.93,551.3199999999999,43669.25,,55.07107344958929,19.769643420637426,54.8877731742988,0.0,7141.07,69.75,7141.07,261.46999999999997,30490.390000000003,2213.13,30751.860000000004,,,,,,,0.0,0.0,0.0,,,,,0.0,0.0,78556.53,2788.72,0.0,,0.0,,0.0,,,,,,,,78556.53,2788.72
558,TAMILNADU,TIRUVANNAMALAI,,0.0,1036.6092806068566,0.0,1036.6092806068566,0.0,477344.55499999993,0.0,477344.55499999993,1010.2049999999999,478354.7599999999,0.0,27398.270000000004,0.0,27398.270000000004,225.43,,0.0,225.43,0.0,18078.86,0.0,18078.86,0.0,32398.36,0.0,32398.36,0.0,25443.280000000002,0.0,25443.280000000002,0.0,19451.31,0.0,19451.31,,,,,,,,,225.43,122770.09000000001,0.0,122995.51999999999,,,,,,,,,,,,0.0,,,,0.0,0.0,0.0,0.0,0.0,0.0,0.0,0.0,0.0,0.0,0.0,0.0,0.0,0.0,0.0,0.0,0.0,225.43,122770.09000000001,0.0,122995.51999999999,22.56,12096.3,0.0,12118.850000000002,202.86999999999998,110673.79,0.0,110876.65999999999,,7711.4388585,,7711.4388585,,210.09999999999997,,210.09999999999997,,80995.90999999999,,80995.90999999999,,88917.42000000001,,88917.42000000001,,80.34189486056276,,80.19489403811409,0.0,7833.23,0.0,7833.23,202.86999999999998,25139.27,0.0,25342.14,,,,,,,0.0,0.0,0.0,,,,,2134898.22,0.0,2245774.88,0.0,0.0,,0.0,,0.0,,,,,,,,2245774.88,0.0
559,TAMILNADU,VELLORE,,0.0,887.2765241433754,0.0,887.2765241433754,0.0,133311.31,0.0,133311.31,331.0,133642.31,0.0,6408.3,0.0,6408.3,6.119999999999999,,0.0,6.119999999999999,0.0,4943.33,0.0,4943.33,0.0,5804.37,0.0,5804.37,0.0,1323.32,0.0,1323.32,0.0,2076.14,0.0,2076.14,,,,,,,,,6.119999999999999,20555.47,0.0,20561.59,,,,,,,,,,,,0.0,,,,0.0,0.0,0.0,0.0,0.0,0.0,0.0,0.0,0.0,0.0,0.0,0.0,0.0,0.0,0.0,0.0,0.0,6.119999999999999,20555.47,0.0,20561.59,0.62,1929.6799999999998,0.0,1930.3000000000002,5.5,18625.79,0.0,18631.29,,2390.941773425,,2390.941773425,,371.56,,371.56,,18198.449999999997,,18198.449999999997,,20960.94,,20960.94,,112.53718634216318,,112.50396510386558,0.0,2931.12,0.0,2931.12,5.5,1670.7199999999998,0.0,1676.2199999999998,,,,,,,0.0,0.0,0.0,,,,,0.0,0.0,18631.29,0.0,0.0,,0.0,,0.0,,,,,,,,18631.29,0.0
560,TAMILNADU,VILLUPURAM,,0.0,1090.1862727851303,0.0,1076.126484319918,0.0,372363.73500000004,4865.0,377228.73500000004,1940.6949999999988,379169.43000000005,0.0,43486.22,0.0,43486.22,,,,,0.0,11141.79,0.0,11141.79,0.0,29561.140000000003,0.0,29561.140000000003,0.0,7396.679999999999,0.0,7396.679999999999,0.0,13856.078,0.0,13856.078,,,,,,,,,0.0,105441.88999999998,0.0,105441.88999999998,,,,,,,,,,,,0.0,,,,0.0,0.0,0.0,0.0,0.0,0.0,0.0,0.0,0.0,0.0,0.0,0.0,0.0,0.0,0.0,0.0,0.0,0.0,105441.88999999998,0.0,105441.88999999998,0.0,10336.3,0.0,10336.3,0.0,95105.59,0.0,95105.59,,2083.2107895,0.0,2083.2107895,,20.130000000000003,0.0,20.130000000000003,,81784.2,0.0,81784.2,,83887.57,0.0,83887.57,,88.20466809574496,0.0,88.20466809574496,0.0,3736.06,0.0,3736.06,0.0,14965.050000000001,0.0,14965.050000000001,,,,,,,0.0,0.0,0.0,,,,,0.0,0.0,95105.59,0.0,0.0,,0.0,,0.0,,,,,,,,95105.59,0.0
561,TAMILNADU,VIRUDHUNAGAR,,0.0,871.2042072798897,0.0,871.2042072798897,0.0,400189.0399999999,0.0,400189.0399999999,32752.1,432941.14,0.0,22107.45,0.0,22107.45,5280.1399999999985,,,5280.1399999999985,0.0,15151.510000000002,0.0,15151.510000000002,0.0,12044.34,0.0,12044.34,0.0,3131.66,0.0,3131.66,0.0,10272.928000000002,0.0,10272.928000000002,,,,,,,,,5280.1399999999985,62707.87999999999,0.0,67988.02,,,,,,,,,,,,0.0,,,,0.0,0.0,0.0,0.0,0.0,0.0,0.0,0.0,0.0,0.0,0.0,0.0,0.0,0.0,0.0,0.0,0.0,5280.1399999999985,62707.87999999999,0.0,67988.02,527.9999999999999,5846.570000000001,0.0,6374.569999999999,4752.139999999999,56861.310000000005,0.0,61613.45,,487.37780000000004,,487.37780000000004,,65.35999999999999,,65.35999999999999,,34412.340000000004,,34412.340000000004,,34965.12,,34965.12,,61.4919353775001,,56.74916759246561,0.0,487.38,0.0,487.38,4752.139999999999,22683.36,0.0,27435.5,,,,,,,0.0,0.0,0.0,,,,,0.0,0.0,61613.450000000004,0.0,0.0,,0.0,,0.0,,,,,,,,61613.450000000004,0.0
562,TELANGANA,Adilabad,,1216.582439675998,1204.2242283050234,0.0,1204.7949401822036,17592.5,363356.0,0.0,380948.5,34351.49999999999,415300.0,1015.52,24985.799999999996,,26001.32,76.00000000000003,0.0,,76.00000000000003,0.0,0.0,,0.0,0.0,0.0,,0.0,,13.089999999999998,,13.089999999999998,16195.539999999999,31610.525999999998,,47806.066000000006,,,,,,,,,17287.079999999998,56609.61999999999,,73896.70000000001,,,,,,,,,,,,,,,,,,,,,,,,,,,,,,,,,17287.079999999998,56609.61999999999,,73896.70000000001,1695.8899999999994,5478.680000000001,,7174.57,15591.16,51130.92,0.0,66722.08,128.1309875,2705.5479875,,2833.678975,6.1,239.56,,245.66,1078.8500000000001,14712.889999999998,,15791.74,1213.09,17657.979999999996,,18871.07,7.780626970667994,34.53483723742893,,28.283096090529554,165.87000000000003,3284.2200000000003,,3450.0900000000006,14366.22,33532.590000000004,,47898.810000000005,,,,,,,,,,,,,,0.0,0.0,66870.63,0.0,0.0,,0.0,,0.0,,,,,,,,66870.63,0.0
563,TELANGANA,Bhadradri Kothagudem,,1329.5056226212157,1100.6650858246392,0.0,1130.4376816467113,92482.096046449,618361.2791775564,0.0,710843.3752240054,37391.20922231608,748234.5844463215,9775.469999999998,51353.132542094456,,61128.60254209444,699.4899999999998,0.0,,699.4899999999998,4986.579999999998,25196.654659137577,,30183.23465913758,304.42,5615.8180790554425,,5920.238079055442,124.75999999999996,1655.6976735112935,,1780.4576735112937,766.7639999999999,7185.204000000001,,7951.967999999999,,,,,,,,,16657.48,91006.46295379878,,107663.94295379877,,,,,,,,,,,,,,,,,,,,,,,,,,,,,,,,,16657.48,91006.46295379878,,107663.94295379877,1624.0799999999997,8363.830019507188,,9987.910019507188,15033.419999999998,82642.72,0.0,97676.14000000001,591.44232,3533.1704799999998,,4124.612800000001,90.0,2989.2,,3079.2,986.0939999999998,19597.582200000004,,20583.6762,1667.5499999999997,26119.95,,27787.500000000004,11.092286385932143,31.60586921630847,,28.448605770047834,592.3099999999998,3564.7347556468167,,4157.044755646817,13393.399999999998,58688.962499999994,,72082.36249999999,,,,,,,,,,,,,,0.0,0.0,101403.50293429158,0.0,0.0,,0.0,,0.0,,,,,,,,101403.50293429158,0.0
564,TELANGANA,Hanumakonda,,976.1855568834101,846.4027437492713,0.0,912.1799507336542,81337.77061122,79147.0716,0.0,160484.84221121998,6936.771092779999,167421.61330400003,6710.360000000002,6710.120000000001,,13420.480000000003,584.02,0.0,,584.02,20504.6,1195.76,,21700.359999999993,6071.35,3060.09,,9131.44,1532.5699999999997,661.48,,2194.05,328.05600000000004,2051.9440000000004,,2380.0000000000005,,,,,,,,,35731.03,13679.420000000004,,49410.45,,,,,,,,,,,,,,,,,,,,,,,,,,,,,,,,,35731.03,13679.420000000004,,49410.45,3521.55,1208.6400000000003,,4730.19,32209.489999999994,12470.81,0.0,44680.3,605.4760000000001,740.12,,1345.596,772.1700000000003,282.11000000000007,,1054.2800000000002,15122.579999999998,9397.04,,24519.620000000003,16500.25,10419.270000000002,,26919.52,51.22791450594221,83.54926424185761,,60.24919259718489,605.47,740.12,,1345.59,15996.15,3001.8799999999997,,18998.03,,,,,,,,,,,,,,0.0,0.0,45054.1,0.0,0.0,,0.0,,0.0,,,,,,,,45054.1,0.0
565,TELANGANA,Hyderabad,,0.0,628.6886649527133,0.0,628.6886649527133,0.0,21782.0,0.0,21782.0,0.0,21782.0,,1054.12,,1054.12,,,,,,,,,,0.0,,0.0,,480.12000000000006,,480.12000000000006,,10.067999999999998,,10.067999999999998,,4909.432499999999,,4909.432499999999,,0.0,,0.0,,6453.739999999998,,6453.739999999998,,,,,,,,,,,,,,,,,,,,,,,,,,,,,,,,,,6453.739999999998,,6453.739999999998,,645.38,,645.38,0.0,5808.3499999999985,0.0,5808.3499999999985,,5247.28430822636,,5247.28430822636,,190.39999999999998,,190.39999999999998,,0.0,,0.0,,5437.689999999999,,5437.689999999999,,93.61849750789811,,93.61849750789811,,5734.139999999999,,5734.139999999999,,1100.06,,1100.06,,,,,,,,,,,,,,70906.52,0.0,76714.88000000002,0.0,0.0,,0.0,,0.0,,,,,,,,76714.88000000002,0.0
566,TELANGANA,Jagtial,,1039.419613778324,1007.7136277530011,0.0,1031.8277394564363,202851.38,63863.94,0.0,266715.32,31763.899999999998,298479.22,14836.58,4889.65,,19726.230000000007,4827.260000000001,0.0,,4827.260000000001,18748.54,2386.35,,21134.89,6277.829999999999,2409.47,,8687.300000000001,703.56,213.64,,917.2,32.222,13.168,,45.39000000000001,,,,,,,,,45425.78,9912.279999999999,,55338.05999999998,,,,,,,,,,,,,,,,,,,,,,,,,,,,,,,,,45425.78,9912.279999999999,,55338.05999999998,4504.09,849.98,,5354.07,40921.69000000001,9062.32,0.0,49984.01,214.46892,89.7842,,304.25311999999997,495.6799999999999,169.8,,665.4799999999999,15148.499999999996,5973.284,,21121.783999999992,15858.729999999998,6232.9800000000005,,22091.71,38.75384912011208,68.77907643958721,,44.19755437789005,1278.3600000000004,331.28,,1609.6400000000006,23999.050000000007,2593.97,,26593.020000000008,,,,,,,,,,,,,,0.0,0.0,50136.97,0.0,0.0,,0.0,,0.0,,,,,,,,50136.97,0.0
567,TELANGANA,Jangaon,,840.7761812869717,907.0014481617676,0.0,880.8612105090812,83172.0,127541.0,0.0,210713.0,2680.0,213393.0,6182.26,10843.26,,17025.520000000004,347.12,0.0,,347.12,7055.779999999999,4751.17,,11806.949999999999,2060.46,3589.1099999999997,,5649.57,1416.4499999999998,2077.82,,3494.27,442.64599999999996,851.0199999999999,,1293.666,,,,,,,,,17504.739999999998,22112.35,,39617.090000000004,,,,,,,,,,,,,,,,,,,,,,,,,,,,,,,,,17504.739999999998,22112.35,,39617.090000000004,1433.2900000000002,1819.0200000000002,,3252.3100000000004,16071.439999999999,20293.37,0.0,36364.810000000005,620.33832,1396.4918400000001,,2016.83016,264.59999999999997,568.2600000000001,,832.86,6617.0650000000005,11063.405,,17680.47,7502.11,13028.34,,20530.449999999997,46.67976236105788,64.19998255587909,,56.45691535305697,647.8999999999999,1585.7599999999998,,2233.6600000000003,8550.12,7295.7300000000005,,15845.850000000002,,,,,,,,,,,,,,0.0,0.0,36364.78,0.0,0.0,,0.0,,0.0,,,,,,,,36364.78,0.0
568,TELANGANA,Jayashankar Bhupalapally,,1098.4575512982744,1056.48646840995,0.0,1072.7365987488388,89251.54000000001,141268.69,0.0,230520.23,5781.0768,236301.30680000002,8379.963521574378,12572.71852815335,,20952.682049727726,176.9008836055519,0.0,,176.9008836055519,695.3723163635735,1646.5673692827233,,2341.9396856462968,3041.108896957975,2509.419758080753,,5550.528655038727,12964.705297566285,1890.7346239184255,,14855.439921484709,527.2097017823262,201.7017136556629,,728.911415437989,,,,,,,,,25785.260617850086,18821.151993090913,,44606.412610941,,,,,,,,,,,,,,,,,,,,,,,,,,,,,,,,,25785.260617850086,18821.151993090913,,44606.412610941,2428.4900781722267,1690.187199346115,,4118.677277518342,23356.8,17130.949999999997,0.0,40487.75,307.19664,320.59728,,627.79392,5.7,1103.0,,1108.7,7799.950000000001,6080.590000000002,,13880.539999999999,8112.889999999999,7504.169999999999,,15617.06,34.734595492533224,43.80475105000015,,38.57230890825002,318.92182326523016,317.58534233192256,,636.5071655971528,15418.71031764698,10796.17531442538,,26214.885632072357,,,,,,,,,,,,,,0.0,0.0,40581.75533342266,0.0,0.0,,0.0,,0.0,,,,,,,,40581.75533342266,0.0
569,TELANGANA,Jogulamba Gadwal,,539.4934480996626,531.0954389664282,0.0,537.1918232964841,189010.13999999998,71358.76,0.0,260368.90000000002,672.1,261041.0,7951.519999999998,3621.7200000000003,,11573.24,4670.32,0.0,,4670.32,27638.52999999999,0.0,,27638.52999999999,2718.24,1227.4299999999998,,3945.67,2065.28,428.0099999999999,,2493.29,574.63,1012.404,,1587.034,,,,,,,,,45618.54,6289.530000000001,,51908.07,,,,,,,,,,,,,,,,,,,,,,,,,,,,,,,,,45618.54,6289.530000000001,,51908.07,4535.77,527.73,,5063.5,41082.76000000001,5761.7699999999995,0.0,46844.53,127.38208,73.88038,,201.26245999999998,90.33600000000001,17.732499999999998,,108.0685,7314.237,3739.7475,,11053.9845,7532.060000000001,3831.37,,11363.43,18.3338704605046,66.49640648620128,,24.25775218579416,414.93000000000006,301.87000000000006,,716.8000000000002,33263.12999999999,1744.28,,35007.40999999999,,,,,,,,,,,,,,0.0,0.0,46846.18999999999,0.0,0.0,,0.0,,0.0,,,,,,,,46846.18999999999,0.0
570,TELANGANA,Kamareddy,,1107.1632093298517,1027.1788367263919,0.0,1034.2493466748401,30836.240659651965,317995.36845969403,0.0,348831.609119346,17845.742778,366677.351897346,3232.54,32270.879999999994,,35503.42,142.01999999999998,0.0,,142.01999999999998,9910.300000000001,9429.61,,19339.910000000003,1670.2100000000005,8236.739999999998,,9906.95,289.73,1852.17,,2141.9,195.288,3120.6739999999995,,3315.962,,,,,,,,,15440.03,54909.97999999999,,70350.01000000001,,,,,,,,,,,,,,,,,0.0,0.0,,0.0,0.0,0.0,,0.0,0.0,0.0,,0.0,,,,,15440.03,54909.97999999999,,70350.01000000001,1538.35,5005.08,,6543.429999999999,13901.69,49904.84999999999,0.0,63806.54000000001,215.41752000000002,857.0190099999998,,1072.4365300000002,71.97999999999998,605.2739999999999,,677.254,3825.1225000000004,25582.428000000004,,29407.5505,4112.51,27044.72,,31157.230000000003,29.582806119256006,54.19256845777516,,48.83077816161164,282.00000000000006,1764.2499999999998,,2046.2499999999995,9722.580000000002,28076.96,,37799.54,,,,,,,,,,,,,,114511.20000000003,0.0,184320.95999999996,0.0,0.0,,0.0,,0.0,,,,,,,,184320.95999999996,0.0
571,TELANGANA,Karimnagar,,885.0110104787805,919.6546867009738,0.0,893.9390830485836,153428.15999999997,53267.96,0.0,206696.12,4285.8,210981.92,11925.330000000002,4650.57259493671,,16575.90259493671,1923.67,0.0,,1923.67,59551.439999999995,0.0,,59551.439999999995,7331.700000000001,2567.7806329113923,,9899.480632911393,5236.66,1524.5599999999997,,6761.219999999999,86.63799999999999,28.759645569620254,,115.39764556962024,,,,,,,,,86055.32,8771.643227848102,,94826.9632278481,,,,,,,,,,,,,,,,,,,,,,,,,,,,,,,,,86055.32,8771.643227848102,,94826.9632278481,8423.65,660.5164556962025,,9084.166455696202,77631.68000000001,8111.150000000001,0.0,85742.83,304.956,84.672,,389.62799999999993,579.786,265.19399999999996,,844.9799999999999,16783.17,5814.33,,22597.5,17668.0,6164.169999999999,,23832.17,22.75875003606775,75.99625207276401,,27.794942154346895,483.87,460.7409493670886,,944.6109493670888,59793.98000000001,2043.81,,61837.79000000001,,,,,,,,,,,,,,0.0,0.0,86119.5367721519,0.0,0.0,,0.0,,0.0,,,,,,,,86119.5367721519,0.0
572,TELANGANA,Khammam,,1030.1552414676403,1043.2000315009434,0.0,1035.856844893908,241019.52480000004,187139.1566,0.0,428158.6814,7969.378599999998,436128.06,21427.73,15511.31,,36939.04,2345.37,0.0,,2345.37,74395.18000000001,10689.640000000001,,85084.82,6551.860000000001,5954.300000000001,,12506.159999999998,1673.97,1279.45,,2953.4200000000005,320.13,490.68199999999985,,810.8119999999999,,,,,,,,,106714.16000000003,33925.27,,140639.43000000002,,,,,,,,,,,,,,,,,,,,,,,,,,,,,,,,,106714.16000000003,33925.27,,140639.43000000002,10563.91,2944.82,,13508.73,96150.24,30980.469999999998,0.0,127130.71,1940.2375200000001,1956.9596400000005,,3897.1971599999997,872.9,387.095,,1259.995,18280.41,17740.34,,36020.75,21093.530000000002,20084.41,,41177.94,21.938093966276114,64.82926178976626,,32.39023836176169,2113.1099999999997,2189.63,,4302.74,74890.49,11560.33,,86450.82,,,,,,,,,,,,,,0.0,0.0,127130.7,0.0,0.0,,0.0,,0.0,,,,,,,,127130.7,0.0
573,TELANGANA,Komarambheem Asifabad,,1161.9783647784325,1198.0130098006034,0.0,1189.6701196339857,87242.0,289574.0,0.0,376816.0,52728.0,429544.0,8597.185183418695,23859.833529411764,,32457.01871283046,9919.787114596671,0.0,,9919.787114596671,4011.945391805377,6385.5599999999995,,10397.505391805376,674.9340454545454,1816.7399999999998,,2491.6740454545456,330.5798729193342,2924.33,,3254.909872919334,995.1600000000002,6894.195999999998,,7889.355999999998,,,,,,,,,24529.611608194617,41880.593529411766,,66410.20513760638,,,,,,,,,,,,,,,,,,,,,,,,,,,,,,,,,24529.611608194617,41880.593529411766,,66410.20513760638,2410.3870025608194,4075.477058823531,,6485.86406138435,22119.249999999996,37805.03999999999,0.0,59924.29,124.41369,300.6427599999999,,425.05645000000004,48.962500000000006,484.75,,533.7125,2158.05,5601.638000000001,,7759.688,2331.41,6386.9400000000005,,8718.35,10.540185584954283,16.89441407812292,,14.548941672900922,267.1390131241998,593.5782352941177,,860.7172484183176,19656.19443181818,31212.38529411764,,50868.57972593582,,,,,,,,,,,,,,0.0,0.0,64344.96107622204,0.0,0.0,,0.0,,0.0,,,,,,,,64344.96107622204,0.0
574,TELANGANA,Mahabubabad,,984.0132229336834,1156.9099241688384,0.0,1054.9887029352835,197161.1572432728,137298.27413415306,0.0,334459.4313774259,9111.798700782085,343571.230078208,17068.07,14065.77,,31133.840000000004,729.7199999999999,0.0,,729.7199999999999,12494.67,0.0,,12494.67,8530.850000000002,1570.4899999999998,,10101.34,2446.13,1336.6100000000004,,3782.74,3524.5739999999996,1620.0420000000004,,5144.616,,,,,,,,,44793.93,18592.89,,63386.81999999999,,,,,,,,,,,,,,,,,,,,,,,,,,,,,,,,,44793.93,18592.89,,63386.81999999999,4479.450000000001,1859.4400000000003,,6338.890000000001,40314.439999999995,16733.42,0.0,57047.859999999986,933.3713199999999,290.0073,,1223.37862,1140.8999999999999,340.004,,1480.9039999999998,21784.142,4667.195,,26451.336999999992,23858.47,5297.23,,29155.700000000004,59.180953524345135,31.65658902961857,,51.10743856123615,1197.38,395.94999999999993,,1593.33,16396.49,11330.6,,27727.090000000004,,,,,,,,,,,,,,0.0,0.0,57924.67,0.0,0.0,,0.0,,0.0,,,,,,,,57924.67,0.0
575,TELANGANA,Mahabubnagar,,0.0,636.8346812779743,0.0,636.8346812779743,0.0,254263.42661270744,0.0,254263.42661270744,11087.171562120599,265350.598174828,,16377.47,,16377.47,,,,,,,,,,6976.4299999999985,,6976.4299999999985,,3582.4300000000003,,3582.4300000000003,,10266.071999999996,,10266.071999999996,,,,,,,,,,37202.43000000001,,37202.43000000001,,,,,,,,,,,,,,,,,,,,,,,,,,,,,,,,,,37202.43000000001,,37202.43000000001,,3572.919999999999,,3572.919999999999,0.0,33629.46999999999,0.0,33629.46999999999,,108.00000000000003,,108.00000000000003,,678.9599999999999,,678.9599999999999,,18996.768500000002,,18996.768500000002,,19783.780000000002,,19783.780000000002,,58.828699946802644,,58.828699946802644,,1746.5299999999997,,1746.5299999999997,,13230.59,,13230.59,,,,,,,,,,,,,,0.0,0.0,33629.51,0.0,0.0,,0.0,,0.0,,,,,,,,33629.51,0.0
576,TELANGANA,Mancherial,,1167.1679908690207,1092.4399830056002,0.0,1111.0885634171982,99403.136,298922.0,0.0,398325.136,12200.864,410526.0,6499.150000000001,28165.12948550219,,34664.27948550219,2067.9700000000007,0.0,,2067.9700000000007,14315.589999999997,0.0,,14315.589999999997,2507.73,24036.638193238214,,26544.36819323821,377.27000000000004,8630.812073352761,,9008.082073352763,5162.66,9340.938097533923,,14503.598097533924,,,,,,,,,30930.359999999997,70173.51784962708,,101103.87784962708,,,,,,,,,,,,,,,,,,,,,,,,,,,,,,,,,30930.359999999997,70173.51784962708,,101103.87784962708,3046.3700000000003,6771.575743908526,,9817.945743908527,27884.0,63401.98999999999,0.0,91285.98999999998,171.6,390.45000000000005,,562.0500000000001,273.6,2170.4399999999996,,2444.0400000000004,5808.03,12029.14,,17837.17,6253.2300000000005,14590.03,,20843.260000000002,22.425871467508248,23.011943315974786,,22.832923211984674,171.59999999999997,510.31898555902825,,681.9189855590282,21630.760000000002,46209.587308031114,,67840.34730803111,,,,,,,,,,,,,,0.0,0.0,93172.40210571857,0.0,0.0,,0.0,,0.0,,,,,,,,93172.40210571857,0.0
577,TELANGANA,Medak,,894.6488690724174,912.6352785100388,0.0,911.4048276121943,17414.245,237142.63424299998,0.0,254556.879243,20572.626640000002,275129.50588300003,1412.57,20828.63,,22241.199999999997,67.69,0.0,,67.69,1725.27,0.0,,1725.27,397.78,4789.1900000000005,,5186.97,787.75,11902.47,,12690.219999999998,285.16,9832.116000000002,,10117.276000000002,,,,,,,,,4676.24,47352.45999999999,,52028.700000000004,,,,,,,,,,,,,,,,,,,,,,,,,,,,,,,,,4676.24,47352.45999999999,,52028.700000000004,457.27,4681.81,,5139.08,4218.990000000001,42670.729999999996,0.0,46889.719999999994,33.876,639.66,,673.5359999999998,0.8639999999999999,949.5739999999997,,950.4379999999998,1198.8,19243.675,,20442.475000000002,1233.48,20832.59,,22066.07,29.236381219201746,48.82173330524226,,47.05950472726219,88.97,1287.21,,1376.18,2930.41,21569.390000000003,,24499.800000000003,,,,,,,,,,,,,,0.0,0.0,47331.06000000001,0.0,0.0,,0.0,,0.0,,,,,,,,47331.06000000001,0.0
578,TELANGANA,Medchal Malkajgiri,,0.0,740.2188880017395,0.0,740.2188880017395,0.0,103806.88899999998,0.0,103806.88899999998,4906.210999999999,108713.09999999999,,5410.480000000002,,5410.480000000002,,,,,,1544.06,,1544.06,,1100.7999999999997,,1100.7999999999997,,1117.5299999999997,,1117.5299999999997,,688.784,,688.784,,,,,,,,,,9861.68,,9861.68,,,,,,,,,,,,,,,,,,,,,,,,,,,,,,,,,,9861.68,,9861.68,,982.5300000000001,,982.5300000000001,0.0,8879.21,0.0,8879.21,,957.5296579999998,,957.5296579999998,,1309.686,,1309.686,,3028.8019999999997,,3028.8019999999997,,5296.13,,5296.13,,59.64640998467207,,59.64640998467207,,3595.7100000000014,,3595.7100000000014,,3943.3500000000004,,3943.3500000000004,,,,,,,,,,,,,,211407.56999999995,0.0,220286.72,0.0,0.0,,0.0,,0.0,,,,,,,,220286.72,0.0
579,TELANGANA,Mulug,,1226.1757679923692,1350.6929543930864,0.0,1327.2397833083066,53441.530068000015,230289.35378399998,0.0,283730.883852,18910.50882,302641.392672,4966.350000000001,24695.5480691611,,29661.8980691611,329.76,0.0,,329.76,10094.160000000002,0.0,,10094.160000000002,1712.01,3565.133269152794,,5277.143269152793,592.88,1123.138114696204,,1716.018114696204,590.278,10148.846888583708,,10739.12488858371,,,,,,,,,18285.480000000003,39533.48097696387,,57818.96097696388,,,,,,,,,,,,,,,,,,,,,,,,,,,,,,,,,18285.480000000003,39533.48097696387,,57818.96097696388,1811.5100000000002,3919.513755588322,,5731.023755588323,16473.97,35613.96,0.0,52087.92999999999,149.67935999999997,393.35759999999993,,543.03696,37.62,44.64,,82.26,4171.706,7340.961,,11512.667000000001,4358.95,7779.019999999999,,12137.97,26.459620844277364,21.84261452531535,,23.302845784042486,163.60999999999999,658.8985696052214,,822.5085696052215,12128.63,25650.91309704354,,37779.54309704354,,,,,,,,,,,,,,0.0,0.0,52088.617221375556,0.0,0.0,,0.0,,0.0,,,,,,,,52088.617221375556,0.0
580,TELANGANA,Nagarkurnool,,624.7419764354307,689.7284907773785,0.0,667.1936798414811,214043.7565270041,403221.57988583745,0.0,617265.3364128416,22734.9443,640000.2807128415,12485.74,22846.690000000002,,35332.43,16279.849999999999,0.0,,16279.849999999999,10490.71,7095.949999999999,,17586.659999999996,6091.950000000001,5681.030000000001,,11772.98,5224.21,3905.8200000000006,,9130.029999999999,3484.2999999999997,2424.75,,5909.05,,,,,,,,,54056.79,41954.200000000004,,96010.98999999999,,,,,,,,,,,,,,,,,,,,,,,,,,,,,,,,,54056.79,41954.200000000004,,96010.98999999999,5298.76,4031.1500000000005,,9329.91,48758.03999999999,37923.1,0.0,86681.14000000001,448.54825212500003,436.66910300000006,,885.2173551250003,235.903,116.70200000000003,,352.605,16510.48,16280.09,,32790.57,17194.95,16833.49,,34028.44,35.265876150887124,44.38848617333499,,39.25702869159311,971.64,773.88,,1745.5199999999995,31077.28,21663.190000000006,,52740.47,,,,,,,,,,,,,,163937.88,0.0,250637.86,0.0,0.0,,0.0,,0.0,,,,,,,,250637.86,0.0
581,TELANGANA,Nalgonda,,708.3553614407233,686.1767600069002,0.0,697.0436839498605,345271.0,359402.0,0.0,704673.0,7430.0,712103.0,20931.88,21557.170000000006,,42489.049999999996,2624.71,0.0,,2624.71,75165.43999999999,6868.469999999999,,82033.91,11207.03,8704.17,,19911.200000000004,598.1599999999999,564.17,,1162.3299999999997,2100.848,3298.015999999999,,5398.8640000000005,,,,,,,,,112628.16999999998,40992.159999999996,,153620.33000000002,,,,,,,,,,,,,,,,,,,,,,,,,,,,,,,,,112628.16999999998,40992.159999999996,,153620.33000000002,10867.519999999997,3862.499999999999,,14730.02,101760.63,37129.63000000002,0.0,138890.26,3842.82,1330.7100000000003,,5173.530000000002,1516.7800000000002,2580.5199999999995,,4097.3,27462.570000000003,20684.639999999996,,48147.21,32822.16999999999,24595.870000000003,,57418.03999999999,32.25429127158508,66.24324023697513,,41.340580685787465,3842.8199999999997,1330.7099999999998,,5173.530000000001,69672.81,13715.909999999998,,83388.72,,,,,,,,,,,,,,338997.17000000004,0.0,477986.12,0.0,0.0,,0.0,,0.0,,,,,,,,477986.12,0.0
582,TELANGANA,Narayanpet,,513.2741144186299,560.0517828003227,0.0,545.0700645993959,74243.26467017402,157567.71773775798,0.0,231810.982407932,0.0,231810.982407932,3566.5000000000005,8905.749304607327,,12472.249304607327,368.18000000000006,0.0,,368.18000000000006,11547.92,0.0,,11547.92,1324.4700000000003,2540.317972813022,,3864.787972813022,660.9099999999999,1365.2687242021993,,2026.1787242021994,44.879999999999995,1571.8787718062654,,1616.7587718062653,,,,,,,,,17512.85,14383.22277342881,,31896.072773428812,,,,,,,,,,,,,,,,,,,,,,,,,,,,,,,,,17512.85,14383.22277342881,,31896.072773428812,1742.81,1380.2364630477089,,3123.0464630477086,15770.05,13003.050000000001,0.0,28773.1,0.0,127.626,,127.626,118.80000000000001,257.66999999999996,,376.46999999999997,3489.4619999999995,7349.810000000001,,10839.271999999999,3608.2599999999998,7735.089999999999,,11343.349999999999,22.88046011268195,59.48673580429206,,39.42345454608645,224.72,892.8436559459406,,1117.5636559459404,12013.33,4817.472104703636,,16830.802104703638,,,,,,,,,,,,,,0.0,0.0,30871.246310381102,0.0,0.0,,0.0,,0.0,,,,,,,,30871.246310381102,0.0
583,TELANGANA,Nirmal,,1166.0644631162497,1125.213330905307,0.0,1133.0350648759986,62502.674,263934.534,0.0,326437.20800000004,36391.791999999994,362829.0,5716.029999999999,23157.790000000005,,28873.820000000003,1335.11,0.0,,1335.11,9812.979999999998,8847.099999999999,,18660.079999999998,1669.8699999999997,3858.4,,5528.269999999999,1265.8099999999997,3132.3,,4398.11,1342.05,7131.125999999998,,8473.175999999998,,,,,,,,,21141.91,46126.85,,67268.76,,,,,,,,,,,,,,,,,,,,,,,,,,,,,,,,,21141.91,46126.85,,67268.76,2107.6499999999996,4147.49,,6255.14,19034.239999999998,41979.369999999995,0.0,61013.61,224.05092,766.81116,,990.86208,32.085,657.915,,689.9999999999999,4206.240000000001,13536.140000000003,,17742.380000000005,4462.37,14960.95,,19423.319999999996,23.44390950203423,35.63881497030566,,31.83440547117274,280.62,1040.8100000000002,,1321.43,14515.359999999999,26818.67,,41334.03,,,,,,,,,,,,,,0.0,0.0,62503.46,0.0,0.0,,0.0,,0.0,,,,,,,,62503.46,0.0
584,TELANGANA,Nizamabad,,1039.4171808321435,1029.3693882110654,0.0,1034.9013451599662,227378.16,185612.87,0.0,412991.0300000001,14718.800000000003,427709.83,21403.547716186025,18237.264828972657,,39640.81254515869,1179.384313036619,0.0,,1179.384313036619,31341.483066237877,0.0,,31341.483066237877,16096.432661222685,8670.92681361606,,24767.359474838748,5696.8067636255555,3972.967223857068,,9669.773987482627,54.49716284483756,51.47703438957092,,105.97419723440852,,,,,,,,,75772.11967013402,30932.362695235002,,106704.48236536904,,,,,,,,,,,,,,,,,,,,,,,,,,,,,,,,,75772.11967013402,30932.362695235002,,106704.48236536904,6908.196050878661,2866.6897956445027,,9774.885846523162,68863.91,28065.71,0.0,96929.62,1656.69976,1107.27616,,2763.97592,270.16,93.3,,363.46000000000004,32540.199999999997,17541.23,,50081.42999999999,34467.07,18741.790000000005,,53208.86000000001,50.050991876586735,66.77825004248959,,54.89432435616689,2765.064412736221,1432.8463890684377,,4197.910801804658,29577.276488689782,7303.719900667036,,36880.99638935682,,,,,,,,,,,,,,335931.00628862565,0.0,433261.45280747156,0.0,0.0,,0.0,,0.0,,,,,,,,433261.45280747156,0.0
585,TELANGANA,Peddapalle,,984.4725216670638,1060.5755655383364,0.0,1015.8884787090292,113952.91,80111.28,0.0,194064.19,22754.5,216818.69,10082.67,7420.09,,17502.760000000002,1132.59,0.0,,1132.59,48061.5,0.0,,48061.5,4825.92,1984.9,,6810.82,709.43,475.08000000000004,,1184.51,2435.324,2859.6159999999995,,5294.94,,,,,,,,,67247.48,12739.690000000002,,79987.17,,,,,,,,,,,,,,,,,,,,,,,,,,,,,,,,,67247.48,12739.690000000002,,79987.17,6722.88,1078.7600000000002,,7801.64,60524.6,11660.950000000003,0.0,72185.55,708.2950799999999,242.86187999999999,,951.15696,149.76,646.0,,795.76,12338.869999999999,5156.15,,17495.02,13196.970000000001,6045.030000000001,,19242.0,21.804307669939167,51.83994442991351,,26.6563044819912,849.6700000000001,722.4499999999999,,1572.1200000000001,47229.579999999994,5426.81,,52656.38999999999,,,,,,,,,,,,,,0.0,0.0,89407.14,0.0,0.0,,0.0,,0.0,,,,,,,,89407.14,0.0
586,TELANGANA,Rajanna Siricilla,,0.0,908.902112252362,0.0,908.902112252362,0.0,173139.23,0.0,173139.23,17242.769999999997,190382.0,,14191.489999999998,,14191.489999999998,,,,,,12519.63,,12519.63,,11874.58,,11874.58,,6118.430000000001,,6118.430000000001,,2074.81,,2074.81,,,,,,,,,,46779.04000000001,,46779.04000000001,,,,,,,,,,,,,,,,,,,,,,,,,,,,,,,,,,46779.04000000001,,46779.04000000001,,4290.1900000000005,,4290.1900000000005,0.0,42488.85,0.0,42488.85,,58.962764500000006,,58.962764500000006,,1066.2299999999998,,1066.2299999999998,,27056.88835000001,,27056.88835000001,,28182.059999999998,,28182.059999999998,,66.32813079196072,,66.32813079196072,,226.62999999999997,,226.62999999999997,,14276.929999999998,,14276.929999999998,,,,,,,,,,,,,,0.0,0.0,42488.85,0.0,0.0,,0.0,,0.0,,,,,,,,42488.85,0.0
587,TELANGANA,Rangareddy,,0.0,697.659092225104,0.0,697.659092225104,0.0,482697.84585594415,0.0,482697.84585594415,22175.574485999998,504873.42034194415,,32614.18,,32614.18,,,,,,,,,,10294.439999999999,,10294.439999999999,,24765.13,,24765.13,,4057.7479999999996,,4057.7479999999996,,,,,,,,,,71731.78000000001,,71731.78000000001,,,,,,,,,,,,,,,,,,,,,,,,,,,,,,,,,,71731.78000000001,,71731.78000000001,,6863.73,,6863.73,0.0,64868.03999999999,0.0,64868.03999999999,,2895.987,,2895.987,,1008.1075,,1008.1075,,30103.034399999997,,30103.034399999997,,34006.46,,34006.46,,52.42405967561221,,52.42405967561221,,4354.450000000001,,4354.450000000001,,30850.739999999998,,30850.739999999998,,,,,,,,,,,,,,526858.21,0.0,591726.26,0.0,0.0,,0.0,,0.0,,,,,,,,591726.26,0.0
588,TELANGANA,Sangareddy,,869.4,888.9202107481694,0.0,888.6838659254605,4977.0,406083.787286,0.0,411060.787286,37913.292874000006,448974.08016,361.26,33476.85,,33838.11,50.839999999999996,0.0,,50.839999999999996,377.61,0.0,,377.61,66.56,4942.820000000001,,5009.380000000001,0.0,1808.5499999999997,,1808.5499999999997,387.0,3371.230000000001,,3758.230000000001,,,,,,,,,1243.26,43599.46,,44842.719999999994,,,,,,,,,,,,,,,,,,,,,,,,,,,,,,,,,1243.26,43599.46,,44842.719999999994,95.9,3977.98,,4073.8799999999997,1147.35,39621.549999999996,0.0,40768.899999999994,7.288832,2155.42604,,2162.7148719999996,0.0,1483.19,,1483.19,154.88,15534.650000000001,,15689.53,162.17000000000002,19173.139999999996,,19335.31,14.134309495794659,48.39068638152722,,47.42661685745753,21.12,2791.0400000000004,,2812.16,971.3599999999999,21018.090000000007,,21989.450000000008,,,,,,,,,,,,,,0.0,0.0,40768.84000000001,0.0,0.0,,0.0,,0.0,,,,,,,,40768.84000000001,0.0
589,TELANGANA,Siddipet,,0.0,782.3619636016413,0.0,782.3619636016413,0.0,340727.36174538004,0.0,340727.36174538004,24451.483159699997,365178.84490508004,,25769.190000000002,,25769.190000000002,,,,,,6083.960000000001,,6083.960000000001,,13467.799999999996,,13467.799999999996,,6983.48,,6983.48,,15018.638,,15018.638,,,,,,,,,,67323.12999999999,,67323.12999999999,,,,,,,,,,,,,,,,,,,,,,,,,,,,,,,,,,67323.12999999999,,67323.12999999999,,6309.299999999998,,6309.299999999998,0.0,61013.810000000005,0.0,61013.810000000005,,328.07087999999993,,328.07087999999993,,823.2999999999998,,823.2999999999998,,37104.884000000005,,37104.884000000005,,38256.530000000006,,38256.530000000006,,62.70142775873201,,62.70142775873201,,341.0799999999999,,341.0799999999999,,22968.08,,22968.08,,,,,,,,,,,,,,91736.39000000001,0.0,152750.22,0.0,0.0,,0.0,,0.0,,,,,,,,152750.22,0.0
590,TELANGANA,Suryapet,,1436.1707927968437,812.1589516105853,0.0,1135.290704948025,186807.0,173943.0,0.0,360750.0,834.0,361584.0,15835.54,13411.95,,29247.49000000001,31703.659999999996,0.0,,31703.659999999996,77548.41,0.0,,77548.41,5032.59,4694.99,,9727.58,2812.2700000000004,2139.0400000000004,,4951.31,0.0,3236.81,,3236.81,,,,,,,,,132932.43,23482.800000000003,,156415.22999999998,,,,,,,,,,,,,,,,,,,,,,,,,,,,,,,,,132932.43,23482.800000000003,,156415.22999999998,13293.250000000002,2273.1,,15566.349999999999,119639.21,21209.7,0.0,140848.91,902.8118159999999,648.3872399999999,,1551.1990560000002,928.3999999999999,111.6,,1040.0,11372.582999999999,11341.663,,22714.246,13203.800000000001,12101.639999999998,,25305.44,11.036348367729945,57.05710123198347,,17.96637261871604,1188.8400000000001,838.9199999999998,,2027.76,106149.32,9117.170000000002,,115266.49,,,,,,,,,,,,,,277435.08999999997,0.0,420627.76,0.0,0.0,,0.0,,0.0,,,,,,,,420627.76,0.0
591,TELANGANA,Vikarabad,,0.0,901.3486353661742,0.0,901.3486353661742,0.0,367296.2206900041,0.0,367296.2206900041,102.825,367399.0456900041,,23742.200677168395,,23742.200677168395,,,,,,0.0,,0.0,,4538.566226822737,,4538.566226822737,,4411.985173580544,,4411.985173580544,,20891.53626257064,,20891.53626257064,,,,,,,,,,53584.240340142314,,53584.240340142314,,,,,,,,,,,,,,,,,,,,,,,,,,,,,,,,,,53584.240340142314,,53584.240340142314,,5358.566034700384,,5358.566034700384,0.0,48225.619999999995,0.0,48225.619999999995,,511.02000000000004,,511.02000000000004,,339.24,,339.24,,17061.969,,17061.969,,17912.36,,17912.36,,37.14282989000453,,37.14282989000453,,1697.1102820790293,,1697.1102820790293,,30144.024238948165,,30144.024238948165,,,,,,,,,,,,,,138833.31683587382,0.0,187058.98114131577,0.0,0.0,,0.0,,0.0,,,,,,,,187058.98114131577,0.0
592,TELANGANA,Wanaparthy,,566.0854359237246,585.6189208375043,0.0,578.5900258538445,74907.6,133262.6,0.0,208170.2,6719.0,214889.2,3739.3100000000004,6798.140000000001,,10537.45,911.2500000000002,0.0,,911.2500000000002,21890.43,29094.93,,50985.36,1785.5400000000002,4660.339999999999,,6445.879999999999,53.94,705.04,,758.9800000000001,159.664,178.844,,338.508,,,,,,,,,28540.14,41437.27999999999,,69977.41999999998,,,,,,,,,,,,,,,,,,,,,,,,,,,,,,,,,28540.14,41437.27999999999,,69977.41999999998,2788.49,3974.04,,6762.53,25751.64,37463.25000000001,0.0,63214.89,73.59534249999999,159.50090500000002,,233.0962475,109.67,147.08000000000004,,256.75,6495.5,14335.199999999999,,20830.699999999997,6678.76,14641.810000000001,,21320.57,25.935280238462482,39.083128132236254,,33.727132958706406,339.67,833.5000000000001,,1173.17,18806.81,22213.120000000003,,41019.93000000001,,,,,,,,,,,,,,0.0,0.0,63265.92000000001,0.0,0.0,,0.0,,0.0,,,,,,,,63265.92000000001,0.0
593,TELANGANA,Warangal,,998.1460233520551,902.881194626822,0.0,988.1136106378407,153293.7641965496,18043.6784607448,0.0,171337.4426572944,5272.9629941256,176610.40565142,12124.429999999998,1587.62,,13712.05,1326.28,0.0,,1326.28,25110.53,874.6899999999999,,25985.22,7406.04,845.9799999999998,,8252.019999999999,2452.5500000000006,129.93999999999997,,2582.4900000000007,647.1500000000001,8.628,,655.778,,,,,,,,,49067.03999999999,3446.85,,52513.889999999985,,,,,,,,,,,,,,,,,,,,,,,,,,,,,,,,,49067.03999999999,3446.85,,52513.889999999985,4732.68,276.13000000000005,,5008.8099999999995,44334.32000000001,3170.7000000000003,0.0,47505.020000000004,799.8091407999999,101.36119973999999,,901.17034054,978.48,253.26,,1231.74,22730.567655000003,2145.74512,,24876.312775,24508.82,2500.38,,27009.2,55.28182229929318,78.85892705080897,,56.8554649592822,862.9000000000001,555.1700000000001,,1418.0700000000002,20166.2,686.7699999999999,,20852.97,,,,,,,,,,,,,,0.0,0.0,47721.22000000001,0.0,0.0,,0.0,,0.0,,,,,,,,47721.22000000001,0.0
594,TELANGANA,Yadadri Bhuvanagiri,,674.8801094106882,732.4311262076684,0.0,724.8374235101214,45295.14078104067,297986.8537528409,0.0,343281.99453388155,2165.154,345447.1485338815,2706.92,21155.62982159295,,23862.549821592955,6993.979999999998,0.0,,6993.979999999998,5110.459999999999,6533.879999999999,,11644.339999999995,1098.4899999999998,16975.64980716224,,18074.13980716224,846.51,5152.719912229663,,5999.229912229663,0.0,25995.635674913698,,25995.635674913698,,,,,,,,,16756.35,75813.5792157997,,92569.92921579971,,,,,,,,,,,,,,,,,,,,,,,,,,,,,,,,,16756.35,75813.5792157997,,92569.92921579971,1638.23,7239.579921520666,,8877.809921520666,15118.12,68574.02000000002,0.0,83692.14,273.59788000000003,2287.23672,,2560.8346,508.32,3416.262,,3924.582000000001,2554.8100000000004,30681.400400000002,,33236.2104,3336.7200000000003,36384.92,,39721.63999999999,22.070998245813634,53.05933646590938,,47.46161348007112,313.09,2587.0599021479343,,2900.149902147934,11854.32,34459.89982188947,,46314.21982188947,,,,,,,,,,,,,,228801.91621925318,0.0,313167.88551353227,0.0,0.0,,0.0,,0.0,,,,,,,,313167.88551353227,0.0
595,TRIPURA,DHALAI,,0.0,2198.4134385316906,0.0,2198.41343853169,0.0,99581.0,0.0,99581.0,131908.0,231489.0,0.0,18178.120000000003,0.0,18178.120000000003,,,,,0.0,930.62,0.0,930.62,0.0,56.540000000000006,0.0,56.540000000000006,,519.5200000000001,,519.5200000000001,,,,,,,,,,,,,0.0,19684.79,0.0,19684.79,,,,,,,,,,,,0.0,,,,0.0,0.0,87.36,0.0,87.36,0.0,2346.99,0.0,2346.99,0.0,0.0,0.0,0.0,0.0,-2434.35,0.0,-2434.35,0.0,17250.440000000002,0.0,17250.440000000002,0.0,1862.38,0.0,1862.38,0.0,15388.060000000001,0.0,15388.060000000001,,939.9107699999998,,939.9107699999998,,0.0,,0.0,,135.3006,,135.3006,,1075.2200000000003,,1075.2200000000003,,6.98736552885809,,6.98736552885809,0.0,1012.2,0.0,1012.2,0.0,14240.539999999999,0.0,14240.539999999999,,,,,,,4383.015874409675,0.0,0.0,,,,,129395.67000000001,0.0,144783.73,0.0,0.0,,0.0,,0.0,,,,,,,,144783.73,0.0
596,TRIPURA,GOMATI,,0.0,1861.479935154804,0.0,1861.479935154804,0.0,109828.0,0.0,109828.0,51877.0,161705.0,0.0,18035.4,0.0,18035.4,,,,,0.0,3309.9700000000003,0.0,3309.9700000000003,0.0,68.63,0.0,68.63,,546.89,,546.89,,,,,,,,,,,,,0.0,21960.89,0.0,21960.89,,,,,,,,,,,,0.0,,,,0.0,0.0,36.8,0.0,36.8,0.0,1844.1299999999999,0.0,1844.1299999999999,0.0,0.0,0.0,0.0,0.0,-1880.93,0.0,-1880.93,0.0,20079.96,0.0,20079.96,0.0,2196.09,0.0,2196.09,0.0,17883.870000000003,0.0,17883.870000000003,,893.267055,,893.267055,,0.96,,0.96,,164.18999999999997,,164.18999999999997,,1058.41,,1058.41,,5.918238054738711,,5.918238054738711,0.0,935.36,0.0,935.36,0.0,16783.37,0.0,16783.37,,,,,,,4894.937581583217,0.0,0.0,,,,,142862.75,0.0,160746.62,0.0,0.0,,0.0,,0.0,,,,,,,,160746.62,0.0
597,TRIPURA,KHOWAI,,0.0,2116.4198217037206,0.0,2116.4198217037206,0.0,49560.0,0.0,49560.0,51685.0,101245.0,0.0,9140.789999999999,0.0,9140.789999999999,,,,,0.0,1762.49,0.0,1762.49,0.0,136.99,0.0,136.99,,487.09,,487.09,,,,,,,,,,,,,0.0,11527.36,0.0,11527.36,,,,,,,,,,,,0.0,,,,0.0,0.0,0.0,0.0,0.0,0.0,290.84000000000003,0.0,290.84000000000003,0.0,0.0,0.0,0.0,0.0,-290.84000000000003,0.0,-290.84000000000003,0.0,11236.52,0.0,11236.52,0.0,1152.74,0.0,1152.74,0.0,10083.779999999999,0.0,10083.779999999999,,653.490963,,653.490963,,2.4000000000000004,,2.4000000000000004,,327.714,,327.714,,983.59,,983.59,,9.754179484280698,,9.754179484280698,0.0,679.5100000000001,0.0,679.5100000000001,0.0,9074.17,0.0,9074.17,,,,,,,985.3323892593385,0.0,0.0,,,,,63558.8,0.0,73642.58,0.0,0.0,,0.0,,0.0,,,,,,,,73642.58,0.0
598,TRIPURA,NORTH TRIPURA,,0.0,2414.5493685522056,0.0,2414.5493685522056,0.0,54382.0,0.0,54382.0,81410.0,135792.0,0.0,10849.31,0.0,10849.31,,,,,0.0,581.88,0.0,581.88,0.0,13.53,0.0,13.53,,692.5700000000002,,692.5700000000002,,,,,,,,,,,,,0.0,12137.29,0.0,12137.29,,,,,,,,,,,,0.0,,,,0.0,0.0,142.37,0.0,142.37,0.0,2282.54,0.0,2282.54,0.0,0.0,0.0,0.0,0.0,-2424.91,0.0,-2424.91,0.0,9712.380000000001,0.0,9712.380000000001,0.0,1213.71,0.0,1213.71,0.0,8498.670000000002,0.0,8498.670000000002,,993.961503,,993.961503,,3.21,,3.21,,32.400000000000006,,32.400000000000006,,1029.5800000000002,,1029.5800000000002,,12.114601461169807,,12.114601461169807,0.0,1052.88,0.0,1052.88,0.0,7410.170000000001,0.0,7410.170000000001,,,,,,,3918.9925136774777,0.0,0.0,,,,,71557.66,0.0,80056.33,0.0,0.0,,0.0,,0.0,,,,,,,,80056.33,0.0
599,TRIPURA,SEPAHIJALA,,0.0,1976.0265329398146,0.0,1976.0265329398146,0.0,87170.0,0.0,87170.0,17222.0,104392.0,0.0,14827.44,0.0,14827.44,,,,,0.0,2966.5299999999997,0.0,2966.5299999999997,0.0,318.15999999999997,0.0,318.15999999999997,,857.8100000000002,,857.8100000000002,,,,,,,,,,,,,0.0,18969.94,0.0,18969.94,,,,,,,,,,,,0.0,,,,0.0,0.0,13.27,0.0,13.27,0.0,1902.46,0.0,1902.46,0.0,0.0,0.0,0.0,0.0,-1915.73,0.0,-1915.73,0.0,17054.21,0.0,17054.21,0.0,1897.0,0.0,1897.0,0.0,15157.21,0.0,15157.21,,1015.622793,,1015.622793,,1.679275,,1.679275,,761.202,,761.202,,1778.47,,1778.47,,11.733491849753353,,11.733491849753353,0.0,1056.06,0.0,1056.06,0.0,13338.3,0.0,13338.3,,,,,,,4970.716819274426,0.0,0.0,,,,,116632.54,0.0,131789.75,0.0,0.0,,0.0,,0.0,,,,,,,,131789.75,0.0
600,TRIPURA,SOUTH TRIPURA,,0.0,2382.3774402938902,0.0,2382.3774402938902,0.0,98103.0,0.0,98103.0,53098.0,151201.0,0.0,20907.45,0.0,20907.45,,,,,0.0,2923.87,0.0,2923.87,0.0,123.43,0.0,123.43,,1236.5399999999997,,1236.5399999999997,,,,,,,,,,,,,0.0,25191.29,0.0,25191.29,,,,,,,,,,,,0.0,,,,0.0,0.0,53.28,0.0,53.28,0.0,2604.8199999999997,0.0,2604.8199999999997,0.0,0.0,0.0,0.0,0.0,-2658.1,0.0,-2658.1,0.0,22533.190000000002,0.0,22533.190000000002,0.0,2519.13,0.0,2519.13,0.0,20014.059999999998,0.0,20014.059999999998,,944.373114,,944.373114,,2.5650000000000004,,2.5650000000000004,,295.29600000000005,,295.29600000000005,,1242.1999999999998,,1242.1999999999998,,6.206636734375734,,6.206636734375734,0.0,988.86,0.0,988.86,0.0,18727.38,0.0,18727.38,,,,,,,6330.920510005951,0.0,0.0,,,,,127594.22000000002,0.0,147608.28,0.0,0.0,,0.0,,0.0,,,,,,,,147608.28,0.0
601,TRIPURA,UNAKOTI,,0.0,2307.9363636363632,0.0,2307.9363636363632,0.0,42878.0,0.0,42878.0,22825.0,65703.0,0.0,8179.990000000001,0.0,8179.990000000001,,,,,0.0,1119.53,0.0,1119.53,0.0,6.71,0.0,6.71,,425.98,,425.98,,,,,,,,,,,,,0.0,9732.210000000001,0.0,9732.210000000001,,,,,,,,,,,,0.0,,,,0.0,0.0,0.0,0.0,0.0,0.0,528.52,0.0,528.52,0.0,0.0,0.0,0.0,0.0,-528.52,0.0,-528.52,0.0,9203.69,0.0,9203.69,0.0,973.23,0.0,973.23,0.0,8230.460000000001,0.0,8230.460000000001,,662.732982,,662.732982,,1.1732000000000002,,1.1732000000000002,,16.049999999999997,,16.049999999999997,,679.96,,679.96,,8.261506647259083,,8.261506647259083,0.0,702.01,0.0,702.01,0.0,7511.22,0.0,7511.22,,,,,,,1509.60647315979,0.0,0.0,,,,,53357.94,0.0,61588.399999999994,0.0,0.0,,0.0,,0.0,,,,,,,,61588.399999999994,0.0
602,TRIPURA,WEST TRIPURA,,0.0,1929.0083787665328,0.0,1929.0083787665328,0.0,78282.0,0.0,78282.0,19360.0,97642.0,0.0,12902.169999999998,0.0,12902.169999999998,,,,,0.0,2246.3500000000004,0.0,2246.3500000000004,0.0,323.21,0.0,323.21,,1124.11,,1124.11,,,,,,,,,,,,,0.0,16595.84,0.0,16595.84,,,,,,,,,,,,0.0,,,,0.0,0.0,9.14,0.0,9.14,0.0,985.5500000000002,0.0,985.5500000000002,0.0,0.0,0.0,0.0,0.0,-994.69,0.0,-994.69,0.0,15601.15,0.0,15601.15,0.0,1451.99,0.0,1451.99,0.0,14149.16,0.0,14149.16,,2211.479985375,,2211.479985375,,16.65754,,16.65754,,773.193,,773.193,,3001.32,,3001.32,,21.212001277814373,,21.212001277814373,0.0,2315.6799999999994,0.0,2315.6799999999994,0.0,11043.65,0.0,11043.65,,,,,,,4288.832776983759,0.0,0.0,,,,,99951.66,0.0,114100.82,0.0,0.0,,0.0,,0.0,,,,,,,,114100.82,0.0
603,UTTAR PRADESH,AGRA,,614.65,0.0,0.0,614.65,394717.0,0.0,0.0,394717.0,0.0,394717.0,38513.49,0.0,0.0,38513.49,19914.07,,0.0,19914.07,13319.430000000002,0.0,0.0,13319.430000000002,14046.699999999999,0.0,0.0,14046.699999999999,454.72,,,454.72,524.732,,,524.732,1119.18125,0.0,0.0,1119.18125,1400.0,0.0,0.0,1400.0,89292.32,0.0,0.0,89292.32,,,,,,,,,,,,0.0,,,,0.0,,,,,,,,,,,,,,,,0.0,89292.32,0.0,0.0,89292.32,8337.829999999998,0.0,0.0,8337.829999999998,80954.49,0.0,0.0,80954.49,10897.88839958,,,10897.88839958,164.01233000000002,,,164.01233000000002,83152.89000000001,,,83152.89000000001,94214.77999999998,,,94214.77999999998,116.3799314899025,,,116.3799314899025,11662.910000000002,0.0,0.0,11662.910000000002,4955.08,0.0,0.0,4955.08,,,,,,,,,,,,,,0.0,0.0,80954.49,0.0,0.0,,0.0,,0.0,,,,,,,,80954.49,0.0
604,UTTAR PRADESH,ALIGARH,,667.4699999999999,0.0,0.0,667.4699999999999,380843.0,0.0,0.0,380843.0,0.0,380843.0,48842.25,0.0,0.0,48842.25,26939.66,,0.0,26939.66,5315.450000000001,0.0,0.0,5315.450000000001,15831.54,0.0,0.0,15831.54,435.4500000000001,,,435.4500000000001,54.322,,,54.322,525.75,0.0,0.0,525.75,500.0,0.0,0.0,500.0,98444.42000000001,0.0,0.0,98444.42000000001,,,,,,,,,,,,0.0,,,,0.0,,,,,,,,,,,,,,,,0.0,98444.42000000001,0.0,0.0,98444.42000000001,8219.289999999999,0.0,0.0,8219.289999999999,90225.12999999999,0.0,0.0,90225.12999999999,11667.781424249999,,,11667.781424249999,512.9164483999999,,,512.9164483999999,60372.560000000005,,,60372.560000000005,72553.24,,,72553.24,80.41356105555072,,,80.41356105555072,12629.69,0.0,0.0,12629.69,19961.74,0.0,0.0,19961.74,,,,,,,,,,,,,,0.0,0.0,90225.12999999999,0.0,0.0,,0.0,,0.0,,,,,,,,90225.12999999999,0.0
605,UTTAR PRADESH,AMBEDKAR NAGAR,,1013.3,0.0,0.0,1013.3,245898.0,0.0,0.0,245898.0,0.0,245898.0,52269.6,0.0,0.0,52269.6,8422.779999999999,,0.0,8422.779999999999,4350.000000000001,0.0,0.0,4350.000000000001,13114.27,0.0,0.0,13114.27,1232.1799999999998,,,1232.1799999999998,1.224,,,1.224,,,,,,,,,79390.04000000001,0.0,0.0,79390.04000000001,,,,,,,,,,,,0.0,,,,0.0,,,,,,,,,,,,,,,,0.0,79390.04000000001,0.0,0.0,79390.04000000001,7595.04,0.0,0.0,7595.04,71795.0,0.0,0.0,71795.0,6304.173419999999,,,6304.173419999999,17.7025,,,17.7025,38897.45,,,38897.45,45219.33000000001,,,45219.33000000001,62.98395431436731,,,62.98395431436731,6670.829999999999,0.0,0.0,6670.829999999999,26209.009999999995,0.0,0.0,26209.009999999995,,,,,,,,,,,,,,0.0,0.0,71795.0,0.0,0.0,,0.0,,0.0,,,,,,,,71795.0,0.0
606,UTTAR PRADESH,AMETHI,,853.0,0.0,0.0,853.0,232992.0,0.0,0.0,232992.0,0.0,232992.0,39813.79,0.0,0.0,39813.79,21727.77,,0.0,21727.77,10586.949999999999,0.0,0.0,10586.949999999999,14054.51,0.0,0.0,14054.51,1199.9699999999998,0.0,0.0,1199.9699999999998,33.532,,,33.532,,,,,,,,,87416.54000000001,0.0,0.0,87416.54000000001,,,,,,,,,,,,0.0,,,,0.0,,,,,,,,,,,,,,,,0.0,87416.54000000001,0.0,0.0,87416.54000000001,7595.250000000001,0.0,0.0,7595.250000000001,79821.29,0.0,0.0,79821.29,4942.254029999999,,,4942.254029999999,133.043345965,,,133.043345965,46499.69,,,46499.69,51575.00000000001,,,51575.00000000001,64.61308756097529,,,64.61308756097529,5243.71,0.0,0.0,5243.71,27944.83,0.0,0.0,27944.83,,,,,,,,,,,,,,0.0,0.0,79821.29,0.0,0.0,,0.0,,0.0,,,,,,,,79821.29,0.0
607,UTTAR PRADESH,AMROHA,,1805.1799999999998,0.0,0.0,1805.1799999999998,214903.0,0.0,0.0,214903.0,0.0,214903.0,60707.479999999996,0.0,0.0,60707.479999999996,3499.84,,0.0,3499.84,0.0,0.0,0.0,0.0,16318.779999999999,0.0,0.0,16318.779999999999,150.07,,,150.07,0.0,,,0.0,,,,,,,,,80676.17,0.0,0.0,80676.17,,,,,,,,,,,,0.0,,,,0.0,,,,,,,,,,,,,,,,0.0,80676.17,0.0,0.0,80676.17,7309.670000000001,0.0,0.0,7309.670000000001,73366.5,0.0,0.0,73366.5,4812.36075,,,4812.36075,836.5799999999999,,,836.5799999999999,61661.15,,,61661.15,67310.09999999999,,,67310.09999999999,91.74500623581606,,,91.74500623581606,5188.0199999999995,0.0,0.0,5188.0199999999995,9285.09,0.0,0.0,9285.09,,,,,,,,,,,,,,0.0,0.0,73366.5,0.0,0.0,,0.0,,0.0,,,,,,,,73366.5,0.0
608,UTTAR PRADESH,AURAIYA,,624.88,0.0,0.0,624.88,209427.0,0.0,0.0,209427.0,0.0,209427.0,27581.71,0.0,0.0,27581.71,18534.57,,0.0,18534.57,9261.449999999999,0.0,0.0,9261.449999999999,10709.75,0.0,0.0,10709.75,261.21000000000004,0.0,0.0,261.21000000000004,79.474,,,79.474,,,,,,,,,66428.18,0.0,0.0,66428.18,,,,,,,,,,,,0.0,,,,0.0,,,,,,,,,,,,,,,,0.0,66428.18,0.0,0.0,66428.18,6642.82,0.0,0.0,6642.82,59785.35999999999,0.0,0.0,59785.35999999999,2912.67372,,,2912.67372,8.1395,,,8.1395,30632.69,,,30632.69,33553.51,,,33553.51,56.12328837695383,,,56.12328837695383,3041.69,0.0,0.0,3041.69,26102.83,0.0,0.0,26102.83,,,,,,,,,,,,,,0.0,0.0,59785.35999999999,0.0,0.0,,0.0,,0.0,,,,,,,,59785.35999999999,0.0
609,UTTAR PRADESH,AYODHYA,,952.71,0.0,0.0,952.71,252201.0,0.0,0.0,252201.0,0.0,252201.0,49138.439999999995,0.0,0.0,49138.439999999995,25938.17,,,25938.17,2709.1400000000003,0.0,0.0,2709.1400000000003,13714.550000000003,0.0,0.0,13714.550000000003,2311.06,,,2311.06,,,,,,,,,,,,,93811.35000000002,0.0,0.0,93811.35000000002,,,,,,,,,,,,0.0,,,,0.0,,,,,,,,,,,,,,,,0.0,93811.35000000002,0.0,0.0,93811.35000000002,9381.15,0.0,0.0,9381.15,84430.2,0.0,0.0,84430.2,7117.68177,,,7117.68177,52.583000000000006,,,52.583000000000006,45657.59,,,45657.59,52827.85,,,52827.85,62.56985059848253,,,62.56985059848253,7822.509999999999,0.0,0.0,7822.509999999999,30897.51,0.0,0.0,30897.51,,,,,,,,,,,,,,0.0,0.0,84430.20000000001,0.0,0.0,,0.0,,0.0,,,,,,,,84430.20000000001,0.0
610,UTTAR PRADESH,AZAMGARH,,900.2599999999999,0.0,0.0,900.2599999999999,417119.0,0.0,0.0,417119.0,0.0,417119.0,73038.92,0.0,0.0,73038.92,27171.16,,0.0,27171.16,12277.380000000001,0.0,0.0,12277.380000000001,18509.969999999998,0.0,0.0,18509.969999999998,3323.0899999999992,,,3323.0899999999992,,,,,,,,,,,,,134320.51000000004,0.0,0.0,134320.51000000004,,,,,,,,,,,,0.0,,,,0.0,,,,,,,,,,,,,,,,0.0,134320.51000000004,0.0,0.0,134320.51000000004,11287.489999999998,0.0,0.0,11287.489999999998,123033.01999999999,0.0,0.0,123033.01999999999,13572.222780000002,,,13572.222780000002,7.098,,,7.098,61649.020000000004,,,61649.020000000004,75228.33000000002,,,75228.33000000002,61.14482924990382,,,61.14482924990382,14836.82,0.0,0.0,14836.82,46540.09,0.0,0.0,46540.09,,,,,,,,,,,,,,0.0,0.0,123033.01999999999,0.0,0.0,,0.0,,0.0,,,,,,,,123033.01999999999,0.0
611,UTTAR PRADESH,BAGPAT,,674.7574509803925,0.0,0.0,674.7574509803925,135138.96,0.0,0.0,135138.96,0.0,135138.96,17341.03,0.0,0.0,17341.03,12833.06,,0.0,12833.06,1002.49,0.0,0.0,1002.49,5909.58,0.0,0.0,5909.58,175.98,0.0,0.0,175.98,16.267999999999997,,,16.267999999999997,,,,,,,,,37278.42,0.0,0.0,37278.42,,,,,,,,,,,,0.0,,,,0.0,,,,,,,,,,,,,,,,0.0,37278.42,0.0,0.0,37278.42,3727.84,0.0,0.0,3727.84,33550.58,0.0,0.0,33550.58,2517.99411,,,2517.99411,43.225111408000004,,,43.225111408000004,30024.02,,,30024.02,32585.21,,,32585.21,97.12264288724664,,,97.12264288724664,2597.17,0.0,0.0,2597.17,3880.84,0.0,0.0,3880.84,,,,,,,,,,,,,,0.0,0.0,33550.58,0.0,0.0,,0.0,,0.0,,,,,,,,33550.58,0.0
612,UTTAR PRADESH,BAHRAICH,,1158.8,0.0,0.0,1158.8,438725.0,0.0,0.0,438725.0,0.0,438725.0,84608.04000000001,0.0,0.0,84608.04000000001,28332.47,,0.0,28332.47,2424.0,0.0,0.0,2424.0,24706.45,0.0,0.0,24706.45,2423.25,0.0,0.0,2423.25,1287.86,,,1287.86,,,,,,,,,143782.02000000002,0.0,0.0,143782.02000000002,,,,,,,,,,,,0.0,,,,0.0,,,,,,,,,,,,,,,,0.0,143782.02000000002,0.0,0.0,143782.02000000002,9524.659999999998,0.0,0.0,9524.659999999998,134257.36,0.0,0.0,134257.36,9692.090279999999,,,9692.090279999999,131.39999999999998,,,131.39999999999998,70723.9,,,70723.9,80547.40999999999,,,80547.40999999999,59.99478166411137,,,59.99478166411137,10470.830000000002,0.0,0.0,10470.830000000002,52931.189999999995,0.0,0.0,52931.189999999995,,,,,,,,,,,,,,0.0,0.0,134257.36,0.0,0.0,,0.0,,0.0,,,,,,,,134257.36,0.0
613,UTTAR PRADESH,BALLIA,,922.03,0.0,0.0,922.03,292700.0,0.0,0.0,292700.0,0.0,292700.0,51941.479999999996,0.0,0.0,51941.479999999996,14540.930000000002,,0.0,14540.930000000002,6545.5,0.0,0.0,6545.5,15780.649999999998,0.0,0.0,15780.649999999998,1756.02,0.0,0.0,1756.02,,,,,,,,,,,,,90564.58,0.0,0.0,90564.58,,,,,,,,,,,,0.0,,,,0.0,,,,,,,,,,,,,,,,0.0,90564.58,0.0,0.0,90564.58,7052.250000000001,0.0,0.0,7052.250000000001,83512.33000000002,0.0,0.0,83512.33000000002,8125.4891099999995,,,8125.4891099999995,9.0155,,,9.0155,45071.15,,,45071.15,53205.63,,,53205.63,63.70990966244145,,,63.70990966244145,8772.289999999999,0.0,0.0,8772.289999999999,29659.88,0.0,0.0,29659.88,,,,,,,,,,,,,,0.0,0.0,83512.33000000002,0.0,0.0,,0.0,,0.0,,,,,,,,83512.33000000002,0.0
614,UTTAR PRADESH,BALRAMPUR,,1065.2,0.0,0.0,1065.2000000000003,334857.0,0.0,0.0,334857.0,0.0,334857.0,60188.99999999999,0.0,0.0,60188.99999999999,10570.720000000001,,0.0,10570.720000000001,891.1500000000001,0.0,0.0,891.1500000000001,15263.759999999998,0.0,0.0,15263.759999999998,2456.2900000000004,,,2456.2900000000004,1695.6,,,1695.6,,,,,,,,,91066.52000000002,0.0,0.0,91066.52000000002,,,,,,,,,,,,0.0,,,,0.0,,,,,,,,,,,,,,,,0.0,91066.52000000002,0.0,0.0,91066.52000000002,6954.6,0.0,0.0,6954.6,84111.92,0.0,0.0,84111.92,6157.909889999999,,,6157.909889999999,284.68021699999997,,,284.68021699999997,43674.41,,,43674.41,50117.01000000001,,,50117.01000000001,59.5837189306819,,,59.5837189306819,6750.0199999999995,0.0,0.0,6750.0199999999995,33402.799999999996,0.0,0.0,33402.799999999996,,,,,,,,,,,,,,0.0,0.0,84111.92,0.0,0.0,,0.0,,0.0,,,,,,,,84111.92,0.0
615,UTTAR PRADESH,BANDA,,943.2,0.0,0.0,943.2,440460.0,0.0,0.0,440460.0,0.0,440460.0,49841.90000000001,0.0,0.0,49841.90000000001,0.16,,,0.16,6853.9400000000005,0.0,0.0,6853.9400000000005,11177.640000000001,0.0,0.0,11177.640000000001,4014.6800000000003,,,4014.6800000000003,745.52,,,745.52,,,,,,,,,72633.84,0.0,0.0,72633.84,,,,,,,,,,,,0.0,,,,0.0,,,,,,,,,,,,,,,,0.0,72633.84,0.0,0.0,72633.84,6197.71,0.0,0.0,6197.71,66436.12999999999,0.0,0.0,66436.12999999999,3962.619726,,,3962.619726,0.0,,,0.0,39960.0175,,,39960.0175,43922.63,,,43922.63,66.11256555732552,,,66.11256555732552,4256.96,0.0,0.0,4256.96,22219.16,0.0,0.0,22219.16,,,,,,,,,,,,,,0.0,0.0,66436.12999999999,0.0,0.0,,0.0,,0.0,,,,,,,,66436.12999999999,0.0
616,UTTAR PRADESH,BARABANKI,,978.3900000000001,0.0,0.0,978.3900000000001,389132.0,0.0,0.0,389132.0,0.0,389132.0,70951.66,0.0,0.0,70951.66,64088.44,,0.0,64088.44,28404.319999999996,0.0,0.0,28404.319999999996,35893.65,0.0,0.0,35893.65,2541.8,,,2541.8,,,,,,,,,,,,,201879.84999999998,0.0,0.0,201879.84999999998,,,,,,,,,,,,0.0,,,,0.0,,,,,,,,,,,,,,,,0.0,201879.84999999998,0.0,0.0,201879.84999999998,19115.120000000003,0.0,0.0,19115.120000000003,182764.72999999998,0.0,0.0,182764.72999999998,8968.363169999997,,,8968.363169999997,40.059400000000004,,,40.059400000000004,106367.98000000001,,,106367.98000000001,115376.40000000001,,,115376.40000000001,63.12837274456621,,,63.12837274456621,9670.509999999998,0.0,0.0,9670.509999999998,66686.18000000001,0.0,0.0,66686.18000000001,,,,,,,,,,,,,,0.0,0.0,182764.72999999998,0.0,0.0,,0.0,,0.0,,,,,,,,182764.72999999998,0.0
617,UTTAR PRADESH,BAREILLY,,877.8599999999999,0.0,0.0,877.8599999999999,412000.0,0.0,0.0,412000.0,0.0,412000.0,71801.69,0.0,0.0,71801.69,18442.660000000003,,0.0,18442.660000000003,6646.449999999999,0.0,0.0,6646.449999999999,23736.0,0.0,0.0,23736.0,1616.29,,,1616.29,1.4160000000000004,,,1.4160000000000004,1036.6,0.0,0.0,1036.6,87.5,0.0,0.0,87.5,123368.59999999999,0.0,0.0,123368.59999999999,,,,,,,,,,,,0.0,,,,0.0,,,,,,,,,,,,,,,,0.0,123368.59999999999,0.0,0.0,123368.59999999999,9753.42,0.0,0.0,9753.42,113615.18,0.0,0.0,113615.18,13333.521676875,,,13333.521676875,446.4417375,,,446.4417375,67591.01999999999,,,67591.01999999999,81371.01000000001,,,81371.01000000001,71.61983988407185,,,71.61983988407185,14209.899999999998,0.0,0.0,14209.899999999998,33754.48,0.0,0.0,33754.48,,,,,,,,,,,,,,0.0,0.0,113615.18,0.0,0.0,,0.0,,0.0,,,,,,,,113615.18,0.0
618,UTTAR PRADESH,BASTI,,1110.7800000000002,0.0,0.0,1110.7800000000002,293807.0,0.0,0.0,293807.0,0.0,293807.0,67120.30000000002,0.0,0.0,67120.30000000002,695.04,,0.0,695.04,0.0,0.0,0.0,0.0,13702.11,0.0,0.0,13702.11,1065.82,0.0,0.0,1065.82,76.804,,,76.804,,,,,,,,,82660.08000000002,0.0,0.0,82660.08000000002,,,,,,,,,,,,0.0,,,,0.0,,,,,,,,,,,,,,,,0.0,82660.08000000002,0.0,0.0,82660.08000000002,7219.820000000001,0.0,0.0,7219.820000000001,75440.26,0.0,0.0,75440.26,6484.197990000001,,,6484.197990000001,209.08100000000002,,,209.08100000000002,42819.040499999996,,,42819.040499999996,49512.33,,,49512.33,65.63117624462058,,,65.63117624462058,6902.139999999999,0.0,0.0,6902.139999999999,25509.99,0.0,0.0,25509.99,,,,,,,,,,,,,,0.0,0.0,75440.26,0.0,0.0,,0.0,,0.0,,,,,,,,75440.26,0.0
619,UTTAR PRADESH,BIJNOR,,1053.5,0.0,0.0,1053.5,458903.0,0.0,0.0,458903.0,0.0,458903.0,94425.33,0.0,0.0,94425.33,20820.74,,0.0,20820.74,3385.4999999999995,0.0,0.0,3385.4999999999995,26129.34,0.0,0.0,26129.34,518.7700000000001,,,518.7700000000001,38.704,,,38.704,,,,,,,,,145318.38,0.0,0.0,145318.38,,,,,,,,,,,,0.0,,,,0.0,,,,,,,,,,,,,,,,0.0,145318.38,0.0,0.0,145318.38,11877.85,0.0,0.0,11877.85,133440.52999999997,0.0,0.0,133440.52999999997,7897.14219,,,7897.14219,790.1885000000001,,,790.1885000000001,87196.22,,,87196.22,95883.56000000001,,,95883.56000000001,71.85490045640559,,,71.85490045640559,8345.529999999999,0.0,0.0,8345.529999999999,37108.59,0.0,0.0,37108.59,,,,,,,,,,,,,,0.0,0.0,133440.52999999997,0.0,0.0,,0.0,,0.0,,,,,,,,133440.52999999997,0.0
620,UTTAR PRADESH,BUDAUN,,784.54,0.0,0.0,784.54,423788.0,0.0,0.0,423788.0,0.0,423788.0,67591.48,0.0,0.0,67591.48,0.0,,0.0,0.0,80.0,0.0,0.0,80.0,15625.789999999997,0.0,0.0,15625.789999999997,964.6,,,964.6,12.27,,,12.27,,,,,,,,,84274.15000000001,0.0,0.0,84274.15000000001,,,,,,,,,,,,0.0,,,,0.0,,,,,,,,,,,,,,,,0.0,84274.15000000001,0.0,0.0,84274.15000000001,7675.58,0.0,0.0,7675.58,76598.57,0.0,0.0,76598.57,8506.11768,,,8506.11768,59.236000000000004,,,59.236000000000004,55094.37,,,55094.37,63659.74,,,63659.74,83.10826168164756,,,83.10826168164756,9105.51,0.0,0.0,9105.51,14193.96,0.0,0.0,14193.96,,,,,,,,,,,,,,0.0,0.0,76598.57,0.0,0.0,,0.0,,0.0,,,,,,,,76598.57,0.0
621,UTTAR PRADESH,BULANDSHAHAR,,673.1300000000002,0.0,0.0,673.1300000000002,360947.0,0.0,0.0,360947.0,0.0,360947.0,46742.66,0.0,0.0,46742.66,67208.81,,,67208.81,6116.96,0.0,0.0,6116.96,38940.329999999994,0.0,0.0,38940.329999999994,529.4599999999999,0.0,0.0,529.4599999999999,44.97,,,44.97,,,,,,,,,159583.14999999997,0.0,0.0,159583.14999999997,,,,,,,,,,,,0.0,,,,0.0,,,,,,,,,,,,,,,,0.0,159583.14999999997,0.0,0.0,159583.14999999997,14520.380000000001,0.0,0.0,14520.380000000001,145062.77000000002,0.0,0.0,145062.77000000002,6678.1706699999995,,,6678.1706699999995,0.0,,,0.0,131950.57,,,131950.57,138628.72999999998,,,138628.72999999998,95.56465108173514,,,95.56465108173514,6972.130000000001,0.0,0.0,6972.130000000001,14719.37,0.0,0.0,14719.37,,,,,,,,,,,,,,0.0,0.0,145062.77000000002,0.0,0.0,,0.0,,0.0,,,,,,,,145062.77000000002,0.0
622,UTTAR PRADESH,CHANDAULI,,949.0600000000003,0.0,0.0,949.0600000000003,188469.0,0.0,0.0,188469.0,0.0,188469.0,31038.999999999996,0.0,0.0,31038.999999999996,5385.139999999999,,0.0,5385.139999999999,11451.350000000002,0.0,0.0,11451.350000000002,6941.43,0.0,0.0,6941.43,297.96000000000004,,,297.96000000000004,1081.728,,,1081.728,,,,,,,,,56196.64,0.0,0.0,56196.64,,,,,,,,,,,,0.0,,,,0.0,,,,,,,,,,,,,,,,0.0,56196.64,0.0,0.0,56196.64,5521.14,0.0,0.0,5521.14,50675.5,0.0,0.0,50675.5,4632.209159999999,,,4632.209159999999,0.0,,,0.0,23197.45,,,23197.45,27829.660000000003,,,27829.660000000003,54.917386113605204,,,54.917386113605204,4896.29,0.0,0.0,4896.29,22581.760000000002,0.0,0.0,22581.760000000002,,,,,,,,,,,,,,0.0,0.0,50675.5,0.0,0.0,,0.0,,0.0,,,,,,,,50675.5,0.0
623,UTTAR PRADESH,CHITRAKOOT,,943.2,0.0,0.0,943.2,300665.0,0.0,0.0,300665.0,0.0,300665.0,31017.140000000003,0.0,0.0,31017.140000000003,0.0,,0.0,0.0,1934.03,0.0,0.0,1934.03,7868.99,0.0,0.0,7868.99,2129.08,,,2129.08,1310.2920000000001,,,1310.2920000000001,,,,,,,,,44259.53,0.0,0.0,44259.53,,,,,,,,,,,,0.0,,,,0.0,,,,,,,,,,,,,,,,0.0,44259.53,0.0,0.0,44259.53,4029.85,0.0,0.0,4029.85,40229.68,0.0,0.0,40229.68,2579.94921,,,2579.94921,0.0,,,0.0,30537.93,,,30537.93,33117.869999999995,,,33117.869999999995,82.32198217833201,,,82.32198217833201,2834.09,0.0,0.0,2834.09,6857.669999999999,0.0,0.0,6857.669999999999,,,,,,,,,,,,,,0.0,0.0,40229.68,0.0,0.0,,0.0,,0.0,,,,,,,,40229.68,0.0
624,UTTAR PRADESH,DEORIA,,1086.19,0.0,0.0,1086.19,253800.0,0.0,0.0,253800.0,0.0,253800.0,51053.75000000001,0.0,0.0,51053.75000000001,13193.990000000002,,0.0,13193.990000000002,56357.2,0.0,0.0,56357.2,22846.100000000002,0.0,0.0,22846.100000000002,1955.9399999999998,,,1955.9399999999998,,,,,,,,,,,,,145406.97999999998,0.0,0.0,145406.97999999998,,,,,,,,,,,,0.0,,,,0.0,,,,,,,,,,,,,,,,0.0,145406.97999999998,0.0,0.0,145406.97999999998,11791.72,0.0,0.0,11791.72,133615.26,0.0,0.0,133615.26,7127.652840000002,,,7127.652840000002,0.0,,,0.0,76152.64,,,76152.64,83280.31000000001,,,83280.31000000001,62.328442125547646,,,62.328442125547646,7468.53,0.0,0.0,7468.53,49994.07,0.0,0.0,49994.07,,,,,,,,,,,,,,0.0,0.0,133615.25999999998,0.0,0.0,,0.0,,0.0,,,,,,,,133615.25999999998,0.0
625,UTTAR PRADESH,ETAH,,658.23,0.0,0.0,658.23,242757.0,0.0,0.0,242757.0,0.0,242757.0,27551.440000000002,0.0,0.0,27551.440000000002,13484.990000000002,,,13484.990000000002,26028.440000000002,0.0,0.0,26028.440000000002,14680.03,0.0,0.0,14680.03,606.97,0.0,0.0,606.97,,,,,,,,,,,,,82351.87000000001,0.0,0.0,82351.87000000001,,,,,,,,,,,,0.0,,,,0.0,,,,,,,,,,,,,,,,0.0,82351.87000000001,0.0,0.0,82351.87000000001,6833.9,0.0,0.0,6833.9,75517.97,0.0,0.0,75517.97,4606.85334,,,4606.85334,25.769,,,25.769,50452.98464968154,,,50452.98464968154,55085.61,,,55085.61,72.94371127825602,,,72.94371127825602,4840.12,0.0,0.0,4840.12,20199.11,0.0,0.0,20199.11,,,,,,,,,,,,,,0.0,0.0,75517.97,0.0,0.0,,0.0,,0.0,,,,,,,,75517.97,0.0
626,UTTAR PRADESH,ETAWAH,,587.4799999999999,0.0,0.0,587.4799999999999,240301.0,0.0,0.0,240301.0,0.0,240301.0,27782.969999999998,0.0,0.0,27782.969999999998,21977.41,,0.0,21977.41,12012.460000000001,0.0,0.0,12012.460000000001,9223.77,0.0,0.0,9223.77,128.17000000000002,,,128.17000000000002,13.562,,,13.562,,,,,,,,,71138.37,0.0,0.0,71138.37,,,,,,,,,,,,0.0,,,,0.0,,,,,,,,,,,,,,,,0.0,71138.37,0.0,0.0,71138.37,6528.27,0.0,0.0,6528.27,64610.100000000006,0.0,0.0,64610.100000000006,3235.18626,,,3235.18626,160.7675,,,160.7675,29222.44714285714,,,29222.44714285714,32618.39,,,32618.39,50.48497061604918,,,50.48497061604918,3431.0400000000004,0.0,0.0,3431.0400000000004,31795.860000000004,0.0,0.0,31795.860000000004,,,,,,,,,,,,,,0.0,0.0,64610.100000000006,0.0,0.0,,0.0,,0.0,,,,,,,,64610.100000000006,0.0
627,UTTAR PRADESH,FARRUKHABAD,,753.48,0.0,0.0,753.48,220623.0,0.0,0.0,220623.0,0.0,220623.0,29432.36,0.0,0.0,29432.36,4995.9,,0.0,4995.9,540.1700000000001,0.0,0.0,540.1700000000001,9264.17,0.0,0.0,9264.17,380.45000000000005,,,380.45000000000005,34.199999999999996,,,34.199999999999996,,,,,,,,,44647.25000000001,0.0,0.0,44647.25000000001,,,,,,,,,,,,0.0,,,,0.0,,,,,,,,,,,,,,,,0.0,44647.25000000001,0.0,0.0,44647.25000000001,4464.7300000000005,0.0,0.0,4464.7300000000005,40182.52,0.0,0.0,40182.52,3974.17986,,,3974.17986,0.0,,,0.0,25807.91,,,25807.91,29782.09,,,29782.09,74.11702899668812,,,74.11702899668812,4244.469999999999,0.0,0.0,4244.469999999999,10130.14,0.0,0.0,10130.14,,,,,,,,,,,,,,0.0,0.0,40182.52,0.0,0.0,,0.0,,0.0,,,,,,,,40182.52,0.0
628,UTTAR PRADESH,FATEHPUR,,746.9,0.0,0.0,746.9,425255.0,0.0,0.0,425255.0,0.0,425255.0,60823.6,0.0,0.0,60823.6,29337.569999999996,,0.0,29337.569999999996,6721.79,0.0,0.0,6721.79,17226.5,0.0,0.0,17226.5,1073.35,,,1073.35,365.37,,,365.37,,,,,,,,,115548.18,0.0,0.0,115548.18,,,,,,,,,,,,0.0,,,,0.0,,,,,,,,,,,,,,,,0.0,115548.18,0.0,0.0,115548.18,11554.829999999998,0.0,0.0,11554.829999999998,103993.35,0.0,0.0,103993.35,7339.346999999999,,,7339.346999999999,2.0202500000000003,,,2.0202500000000003,67962.87999999999,,,67962.87999999999,75304.26000000001,,,75304.26000000001,72.41257253468612,,,72.41257253468612,7940.09,0.0,0.0,7940.09,30474.159999999996,0.0,0.0,30474.159999999996,,,,,,,,,,,,,,0.0,0.0,103993.35,0.0,0.0,,0.0,,0.0,,,,,,,,103993.35,0.0
629,UTTAR PRADESH,FIROZABAD,,656.9199999999998,0.0,0.0,656.92,241953.0,0.0,0.0,241953.0,0.0,241953.0,31833.98,0.0,0.0,31833.98,18253.170000000002,,0.0,18253.170000000002,16197.95,0.0,0.0,16197.95,13857.24,0.0,0.0,13857.24,309.66999999999996,0.0,0.0,309.66999999999996,153.752,,,153.752,,,,,,,,,80605.76,0.0,0.0,80605.76,,,,,,,,,,,,0.0,,,,0.0,,,,,,,,,,,,,,,,0.0,80605.76,0.0,0.0,80605.76,8060.59,0.0,0.0,8060.59,72545.17,0.0,0.0,72545.17,6714.68016,,,6714.68016,0.01022,,,0.01022,69234.6,,,69234.6,75949.29000000001,,,75949.29000000001,104.69241439505899,,,104.69241439505899,7151.210000000001,0.0,0.0,7151.210000000001,9145.73,0.0,0.0,9145.73,,,,,,,,,,,,,,0.0,0.0,72545.17,0.0,0.0,,0.0,,0.0,,,,,,,,72545.17,0.0
630,UTTAR PRADESH,G.B.NAGAR,,537.1600000000001,0.0,0.0,537.1600000000001,144273.0,0.0,0.0,144273.0,0.0,144273.0,16287.189999999999,0.0,0.0,16287.189999999999,17715.010000000002,,0.0,17715.010000000002,3764.3700000000003,0.0,0.0,3764.3700000000003,14389.81,0.0,0.0,14389.81,264.06,,,264.06,,,,,,,,,,,,,52420.44,0.0,0.0,52420.44,,,,,,,,,,,,0.0,,,,0.0,,,,,,,,,,,,,,,,0.0,52420.44,0.0,0.0,52420.44,5242.049999999999,0.0,0.0,5242.049999999999,47178.38999999999,0.0,0.0,47178.38999999999,1552.1384099999998,,,1552.1384099999998,0.0,,,0.0,47888.36,,,47888.36,49440.49,,,49440.49,104.79477998295408,,,104.79477998295408,1602.73,0.0,0.0,1602.73,2539.6000000000004,0.0,0.0,2539.6000000000004,,,,,,,,,,,,,,0.0,0.0,47178.39,0.0,0.0,,0.0,,0.0,,,,,,,,47178.39,0.0
631,UTTAR PRADESH,GHAZIABAD,,729.8299999999999,0.0,0.0,729.8299999999999,116914.0,0.0,0.0,116914.0,0.0,116914.0,15053.509999999998,0.0,0.0,15053.509999999998,13360.71,,0.0,13360.71,1136.24,0.0,0.0,1136.24,10463.93,0.0,0.0,10463.93,69.41,,,69.41,,,,,766.5,0.0,0.0,766.5,824.9999999999998,0.0,0.0,824.9999999999998,41675.3,0.0,0.0,41675.3,,,,,,,,,,,,0.0,,,,0.0,,,,,,,,,,,,,,,,0.0,41675.3,0.0,0.0,41675.3,4167.54,0.0,0.0,4167.54,37507.759999999995,0.0,0.0,37507.759999999995,7063.4841975,,,7063.4841975,2246.0982999999937,,,2246.0982999999937,36881.78,,,36881.78,46191.34,,,46191.34,123.15142253229732,,,123.15142253229732,7937.73,0.0,0.0,7937.73,1685.94,0.0,0.0,1685.94,,,,,,,,,,,,,,0.0,0.0,37507.759999999995,0.0,0.0,,0.0,,0.0,,,,,,,,37507.759999999995,0.0
632,UTTAR PRADESH,GHAZIPUR,,853.7699999999999,0.0,0.0,853.7699999999999,330052.0,0.0,0.0,330052.0,0.0,330052.0,58333.57,0.0,0.0,58333.57,15969.150000000003,,0.0,15969.150000000003,12537.38,0.0,0.0,12537.38,17250.399999999998,0.0,0.0,17250.399999999998,424.73,0.0,0.0,424.73,135.36,,,135.36,,,,,,,,,104650.59999999999,0.0,0.0,104650.59999999999,,,,,,,,,,,,0.0,,,,0.0,,,,,,,,,,,,,,,,0.0,104650.59999999999,0.0,0.0,104650.59999999999,9718.46,0.0,0.0,9718.46,94932.14000000001,0.0,0.0,94932.14000000001,6905.93286,,,6905.93286,54.29800000000001,,,54.29800000000001,49221.36000000001,,,49221.36000000001,56181.549999999996,,,56181.549999999996,59.18074742653013,,,59.18074742653013,7362.55,0.0,0.0,7362.55,38293.99,0.0,0.0,38293.99,,,,,,,,,,,,,,0.0,0.0,94932.14000000001,0.0,0.0,,0.0,,0.0,,,,,,,,94932.14000000001,0.0
633,UTTAR PRADESH,GONDA,,1047.0,0.0,0.0,1047.0,399609.0,0.0,0.0,399609.0,0.0,399609.0,78901.95,0.0,0.0,78901.95,18156.22,,0.0,18156.22,81.35,0.0,0.0,81.35,19685.24,0.0,0.0,19685.24,2909.51,0.0,0.0,2909.51,0.0,,,0.0,,,,,,,,,119734.27000000002,0.0,0.0,119734.27000000002,,,,,,,,,,,,0.0,,,,0.0,,,,,,,,,,,,,,,,0.0,119734.27000000002,0.0,0.0,119734.27000000002,8862.720000000001,0.0,0.0,8862.720000000001,110871.55,0.0,0.0,110871.55,9753.15405,,,9753.15405,488.510679665,,,488.510679665,56400.31,,,56400.31,66641.95,,,66641.95,60.10734945078335,,,60.10734945078335,10644.32,0.0,0.0,10644.32,43338.44,0.0,0.0,43338.44,,,,,,,,,,,,,,0.0,0.0,110871.55,0.0,0.0,,0.0,,0.0,,,,,,,,110871.55,0.0
634,UTTAR PRADESH,GORAKHPUR,,1338.3,0.0,0.0,1338.3,321087.0,0.0,0.0,321087.0,0.0,321087.0,72028.45999999999,0.0,0.0,72028.45999999999,8354.91,,0.0,8354.91,60024.29,0.0,0.0,60024.29,26156.690000000002,0.0,0.0,26156.690000000002,3204.28,,,3204.28,,,,,,,,,,,,,169768.62,0.0,0.0,169768.62,,,,,,,,,,,,0.0,,,,0.0,,,,,,,,,,,,,,,,0.0,169768.62,0.0,0.0,169768.62,14376.460000000003,0.0,0.0,14376.460000000003,155392.16000000003,0.0,0.0,155392.16000000003,9412.256459999999,,,9412.256459999999,2111.939909999993,,,2111.939909999993,87020.01500000001,,,87020.01500000001,98544.26000000002,,,98544.26000000002,63.41649411398876,,,63.41649411398876,9998.109999999999,0.0,0.0,9998.109999999999,56262.049999999996,0.0,0.0,56262.049999999996,,,,,,,,,,,,,,0.0,0.0,155392.16000000003,0.0,0.0,,0.0,,0.0,,,,,,,,155392.16000000003,0.0
635,UTTAR PRADESH,HAMIRPUR,,735.88,0.0,0.0,735.88,381540.0,0.0,0.0,381540.0,0.0,381540.0,32613.029999999995,0.0,0.0,32613.029999999995,0.0,,0.0,0.0,4573.27,0.0,0.0,4573.27,5963.900000000001,0.0,0.0,5963.900000000001,507.0,,,507.0,1624.92,,,1624.92,,,,,,,,,45282.12,0.0,0.0,45282.12,,,,,,,,,,,,0.0,,,,0.0,,,,,,,,,,,,,,,,0.0,45282.12,0.0,0.0,45282.12,4528.2300000000005,0.0,0.0,4528.2300000000005,40753.89,0.0,0.0,40753.89,2193.80403,,,2193.80403,343.46500000000003,,,343.46500000000003,25205.230000000003,,,25205.230000000003,27742.5,,,27742.5,68.07325631982616,,,68.07325631982616,2268.15,0.0,0.0,2268.15,12937.050000000001,0.0,0.0,12937.050000000001,,,,,,,,,,,,,,0.0,0.0,40753.89000000001,0.0,0.0,,0.0,,0.0,,,,,,,,40753.89000000001,0.0
636,UTTAR PRADESH,HAPUR,,788.3200000000002,0.0,0.0,788.3200000000002,114481.0,0.0,0.0,114481.0,0.0,114481.0,18410.72,0.0,0.0,18410.72,16607.04,,0.0,16607.04,2433.41,0.0,0.0,2433.41,12805.599999999999,0.0,0.0,12805.599999999999,226.31,,,226.31,4.375,,,4.375,,,,,,,,,50487.45,0.0,0.0,50487.45,,,,,,,,,,,,0.0,,,,0.0,,,,,,,,,,,,,,,,0.0,50487.45,0.0,0.0,50487.45,4531.13,0.0,0.0,4531.13,45956.32000000001,0.0,0.0,45956.32000000001,3.39012,,,3.39012,0.0,,,0.0,45031.95,,,45031.95,45035.34,,,45035.34,97.9959666048108,,,97.9959666048108,3.56,0.0,0.0,3.56,1638.42,0.0,0.0,1638.42,,,,,,,,,,,,,,0.0,0.0,45956.32000000001,0.0,0.0,,0.0,,0.0,,,,,,,,45956.32000000001,0.0
637,UTTAR PRADESH,HARDOI,,816.35,0.0,0.0,816.35,594843.0,0.0,0.0,594843.0,0.0,594843.0,94473.68,0.0,0.0,94473.68,36244.68000000001,,,36244.68000000001,10458.5,0.0,0.0,10458.5,31323.999999999996,0.0,0.0,31323.999999999996,1999.0600000000004,0.0,0.0,1999.0600000000004,,,,,,,,,,,,,174499.91999999995,0.0,0.0,174499.91999999995,,,,,,,,,,,,0.0,,,,0.0,,,,,,,,,,,,,,,,0.0,174499.91999999995,0.0,0.0,174499.91999999995,16188.219999999998,0.0,0.0,16188.219999999998,158311.7,0.0,0.0,158311.7,8613.99708,,,8613.99708,76.41275,,,76.41275,89451.45000000001,,,89451.45000000001,98141.86,,,98141.86,61.992802806109715,,,61.992802806109715,9183.179999999998,0.0,0.0,9183.179999999998,59600.66,0.0,0.0,59600.66,,,,,,,,,,,,,,0.0,0.0,158311.7,0.0,0.0,,0.0,,0.0,,,,,,,,158311.7,0.0
638,UTTAR PRADESH,HATHRAS,,618.98,0.0,0.0,618.98,183799.0,0.0,0.0,183799.0,0.0,183799.0,19295.319999999996,0.0,0.0,19295.319999999996,22306.13,,0.0,22306.13,15763.88,0.0,0.0,15763.88,13141.8,0.0,0.0,13141.8,266.46000000000004,,,266.46000000000004,67.476,,,67.476,,,,,,,,,70841.08,0.0,0.0,70841.08,,,,,,,,,,,,0.0,,,,0.0,,,,,,,,,,,,,,,,0.0,70841.08,0.0,0.0,70841.08,5580.579999999999,0.0,0.0,5580.579999999999,65260.50000000001,0.0,0.0,65260.50000000001,4146.1364699999995,,,4146.1364699999995,28.639725,,,28.639725,57057.7,,,57057.7,61232.49999999999,,,61232.49999999999,93.82781314884193,,,93.82781314884193,4390.96,0.0,0.0,4390.96,8780.51,0.0,0.0,8780.51,,,,,,,,,,,,,,0.0,0.0,65260.50000000001,0.0,0.0,,0.0,,0.0,,,,,,,,65260.50000000001,0.0
639,UTTAR PRADESH,JALAUN,,687.1999999999999,0.0,0.0,687.1999999999999,456583.0,0.0,0.0,456583.0,0.0,456583.0,66164.27,0.0,0.0,66164.27,2754.55,,0.0,2754.55,20910.350000000002,0.0,0.0,20910.350000000002,14805.35,0.0,0.0,14805.35,17.6,,,17.6,0.0,,0.0,0.0,,,,,,,,,104652.12,0.0,0.0,104652.12,,,,,,,,,,,,0.0,,,,0.0,,,,,,,,,,,,,,,,0.0,104652.12,0.0,0.0,104652.12,10465.23,0.0,0.0,10465.23,94186.89000000001,0.0,0.0,94186.89000000001,4316.0366699999995,,,4316.0366699999995,7.300000000000001,,,7.300000000000001,47635.335,,,47635.335,51958.67999999999,,,51958.67999999999,55.16551188811945,,,55.16551188811945,4509.25,0.0,0.0,4509.25,42035.01,0.0,0.0,42035.01,,,,,,,,,,,,,,0.0,0.0,94186.88999999998,0.0,0.0,,0.0,,0.0,,,,,,,,94186.88999999998,0.0
640,UTTAR PRADESH,JAUNPUR,,901.7200000000001,0.0,0.0,901.7200000000001,399094.0,0.0,0.0,399094.0,0.0,399094.0,72000.74999999999,0.0,0.0,72000.74999999999,23984.539999999997,,0.0,23984.539999999997,11032.17,0.0,0.0,11032.17,21088.069999999996,0.0,0.0,21088.069999999996,1342.8,,,1342.8,85.16799999999999,,,85.16799999999999,,,,,,,,,129533.48,0.0,0.0,129533.48,,,,,,,,,,,,0.0,,,,0.0,,,,,,,,,,,,,,,,0.0,129533.48,0.0,0.0,129533.48,11710.069999999998,0.0,0.0,11710.069999999998,117823.41000000002,0.0,0.0,117823.41000000002,13572.02349,,,13572.02349,0.0,,,0.0,70450.69,,,70450.69,84022.70999999999,,,84022.70999999999,71.31240727118659,,,71.31240727118659,14572.660000000003,0.0,0.0,14572.660000000003,32800.06999999999,0.0,0.0,32800.06999999999,,,,,,,,,,,,,,0.0,0.0,117823.41000000002,0.0,0.0,,0.0,,0.0,,,,,,,,117823.41000000002,0.0
641,UTTAR PRADESH,JHANSI,,764.9900000000001,0.0,0.0,764.9900000000001,461937.0,0.0,0.0,461937.0,40462.99999999999,502400.0,29482.6,0.0,0.0,29482.6,2923.0099999999998,,,2923.0099999999998,25959.15,0.0,0.0,25959.15,12058.849999999999,0.0,0.0,12058.849999999999,417.63000000000005,,,417.63000000000005,315.972,,,315.972,,,,,,,,,71157.2,0.0,0.0,71157.2,,,,,,,,,,,,0.0,,,,0.0,,,,,,,,,,,,,,,,0.0,71157.2,0.0,0.0,71157.2,6499.530000000001,0.0,0.0,6499.530000000001,64657.67,0.0,0.0,64657.67,3189.4678199999994,,,3189.4678199999994,40.15,,,40.15,40441.47000000001,,,40441.47000000001,43671.07,,,43671.07,67.5419791650395,,,67.5419791650395,3439.34,0.0,0.0,3439.34,20736.739999999998,0.0,0.0,20736.739999999998,,,,,,,,,,,,,,0.0,0.0,64657.66999999999,0.0,0.0,,0.0,,0.0,,,,,,,,64657.66999999999,0.0
642,UTTAR PRADESH,KANNAUJ,,714.62,0.0,0.0,714.62,214346.0,0.0,0.0,214346.0,0.0,214346.0,26726.35,0.0,0.0,26726.35,21757.93,,0.0,21757.93,1508.47,0.0,0.0,1508.47,10589.26,0.0,0.0,10589.26,312.74,,,312.74,45.699999999999996,,,45.699999999999996,,,,,,,,,60940.450000000004,0.0,0.0,60940.450000000004,,,,,,,,,,,,0.0,,,,0.0,,,,,,,,,,,,,,,,0.0,60940.450000000004,0.0,0.0,60940.450000000004,6094.0599999999995,0.0,0.0,6094.0599999999995,54846.39,0.0,0.0,54846.39,4396.48632,,,4396.48632,15.793700000000001,,,15.793700000000001,36787.926235869396,,,36787.926235869396,41200.25,,,41200.25,75.1193469615776,,,75.1193469615776,4685.36,0.0,0.0,4685.36,18773.43,0.0,0.0,18773.43,,,,,,,,,,,,,,0.0,0.0,54846.39,0.0,0.0,,0.0,,0.0,,,,,,,,54846.39,0.0
643,UTTAR PRADESH,KANPUR DEHAT,,670.38,0.0,0.0,670.38,323737.0,0.0,0.0,323737.0,0.0,323737.0,42249.14,0.0,0.0,42249.14,14387.25,,0.0,14387.25,8503.53,0.0,0.0,8503.53,15044.64,0.0,0.0,15044.64,389.9100000000001,0.0,0.0,389.9100000000001,,,,,,,,,,,,,80574.47,0.0,0.0,80574.47,,,,,,,,,,,,0.0,,,,0.0,,,,,,,,,,,,,,,,0.0,80574.47,0.0,0.0,80574.47,7362.04,0.0,0.0,7362.04,73212.43000000001,0.0,0.0,73212.43000000001,4049.64945,,,4049.64945,402.8187449999999,,,402.8187449999999,49810.86,,,49810.86,54263.34,,,54263.34,74.11766007493536,,,74.11766007493536,4202.93,0.0,0.0,4202.93,18795.8,0.0,0.0,18795.8,,,,,,,,,,,,,,0.0,0.0,73212.43000000001,0.0,0.0,,0.0,,0.0,,,,,,,,73212.43000000001,0.0
644,UTTAR PRADESH,KANPUR NAGAR,,709.6,0.0,0.0,709.6,309483.0,0.0,0.0,309483.0,0.0,309483.0,43596.28999999999,0.0,0.0,43596.28999999999,17911.96,,0.0,17911.96,6860.71,0.0,0.0,6860.71,17030.84,0.0,0.0,17030.84,621.07,0.0,0.0,621.07,105.50399999999999,,,105.50399999999999,1220.56,0.0,0.0,1220.56,150.0,0.0,0.0,150.0,87496.94,0.0,0.0,87496.94,,,,,,,,,,,,0.0,,,,0.0,,,,,,,,,,,,,,,,0.0,87496.94,0.0,0.0,87496.94,7705.5,0.0,0.0,7705.5,79791.44,0.0,0.0,79791.44,7992.26572695,,,7992.26572695,385.66503016499996,,,385.66503016499996,53988.75334776335,,,53988.75334776335,62366.66,,,62366.66,78.16209357795773,,,78.16209357795773,8284.77,0.0,0.0,8284.77,17132.27,0.0,0.0,17132.27,,,,,,,,,,,,,,0.0,0.0,79791.44,0.0,0.0,,0.0,,0.0,,,,,,,,79791.44,0.0
645,UTTAR PRADESH,KASGANJ,,724.77,0.0,0.0,724.77,199388.0,0.0,0.0,199388.0,0.0,199388.0,29446.340000000004,0.0,0.0,29446.340000000004,13607.77,,0.0,13607.77,19043.35,0.0,0.0,19043.35,12969.71,0.0,0.0,12969.71,264.51,0.0,0.0,264.51,8.772,,,8.772,,,,,,,,,75340.45,0.0,0.0,75340.45,,,,,,,,,,,,0.0,,,,0.0,,,,,,,,,,,,,,,,0.0,75340.45,0.0,0.0,75340.45,6298.9,0.0,0.0,6298.9,69041.55,0.0,0.0,69041.55,4000.1335499999996,,,4000.1335499999996,3.6500000000000004,,,3.6500000000000004,42702.47,,,42702.47,46706.229999999996,,,46706.229999999996,67.64945167076925,,,67.64945167076925,4325.080000000001,0.0,0.0,4325.080000000001,22010.37,0.0,0.0,22010.37,,,,,,,,,,,,,,0.0,0.0,69041.55,0.0,0.0,,0.0,,0.0,,,,,,,,69041.55,0.0
646,UTTAR PRADESH,KAUSHAMBI,,846.45,0.0,0.0,846.45,178001.0,0.0,0.0,178001.0,0.0,178001.0,30112.159999999996,0.0,0.0,30112.159999999996,6728.199999999999,,,6728.199999999999,2310.83,0.0,0.0,2310.83,9633.279999999999,0.0,0.0,9633.279999999999,758.0200000000001,,,758.0200000000001,170.30800000000002,,,170.30800000000002,,,,,,,,,49712.81,0.0,0.0,49712.81,,,,,,,,,,,,0.0,,,,0.0,,,,,,,,,,,,,,,,0.0,49712.81,0.0,0.0,49712.81,4971.299999999999,0.0,0.0,4971.299999999999,44741.51,0.0,0.0,44741.51,4540.426259999999,,,4540.426259999999,0.0,,,0.0,32025.0,,,32025.0,36565.42,,,36565.42,81.72594085447719,,,81.72594085447719,4995.9,0.0,0.0,4995.9,9145.560000000001,0.0,0.0,9145.560000000001,,,,,,,,,,,,,,0.0,0.0,44741.51,0.0,0.0,,0.0,,0.0,,,,,,,,44741.51,0.0
647,UTTAR PRADESH,KUSHI NAGAR,,1112.0,0.0,0.0,1112.0,287378.0,0.0,0.0,287378.0,0.0,287378.0,48981.670000000006,0.0,0.0,48981.670000000006,39647.280000000006,,0.0,39647.280000000006,61688.399999999994,0.0,0.0,61688.399999999994,21194.929999999997,0.0,0.0,21194.929999999997,814.48,,,814.48,,,,,,,,,,,,,172326.75999999998,0.0,0.0,172326.75999999998,,,,,,,,,,,,0.0,,,,0.0,,,,,,,,,,,,,,,,0.0,172326.75999999998,0.0,0.0,172326.75999999998,17232.7,0.0,0.0,17232.7,155094.06000000003,0.0,0.0,155094.06000000003,8689.644059999999,,,8689.644059999999,1237.53893,,,1237.53893,69450.174,,,69450.174,79377.31999999999,,,79377.31999999999,51.18011611792224,,,51.18011611792224,9454.67,0.0,0.0,9454.67,74951.72,0.0,0.0,74951.72,,,,,,,,,,,,,,0.0,0.0,155094.06000000003,0.0,0.0,,0.0,,0.0,,,,,,,,155094.06000000003,0.0
648,UTTAR PRADESH,LAKHIMPUR KHERI,,1130.0,0.0,0.0,1130.0,655505.0,0.0,0.0,655505.0,0.0,655505.0,142854.03,0.0,0.0,142854.03,42161.18,,0.0,42161.18,4955.5599999999995,0.0,0.0,4955.5599999999995,37219.6,0.0,0.0,37219.6,3291.26,,,3291.26,,,,,,,,,,,,,230481.63,0.0,0.0,230481.63,,,,,,,,,,,,0.0,,,,0.0,,,,,,,,,,,,,,,,0.0,230481.63,0.0,0.0,230481.63,20451.809999999994,0.0,0.0,20451.809999999994,210029.82000000004,0.0,0.0,210029.82000000004,12140.67891,,,12140.67891,225.55175,,,225.55175,115315.84000000001,,,115315.84000000001,127682.08000000002,,,127682.08000000002,60.792357961359954,,,60.792357961359954,13690.090000000002,0.0,0.0,13690.090000000002,80798.31999999998,0.0,0.0,80798.31999999998,,,,,,,,,,,,,,0.0,0.0,210029.82000000004,0.0,0.0,,0.0,,0.0,,,,,,,,210029.82000000004,0.0
649,UTTAR PRADESH,LALITPUR,,909.89,0.0,0.0,909.89,381942.0,0.0,0.0,381942.0,121981.0,503923.0,16090.560000000001,0.0,0.0,16090.560000000001,1948.5600000000002,,0.0,1948.5600000000002,13004.07,0.0,0.0,13004.07,8279.300000000001,0.0,0.0,8279.300000000001,631.4200000000001,,,631.4200000000001,898.6199999999999,,,898.6199999999999,,,,,,,,,40852.509999999995,0.0,0.0,40852.509999999995,,,,,,,,,,,,0.0,,,,0.0,,,,,,,,,,,,,,,,0.0,40852.509999999995,0.0,0.0,40852.509999999995,4085.2699999999995,0.0,0.0,4085.2699999999995,36767.240000000005,0.0,0.0,36767.240000000005,3456.0389999999998,,,3456.0389999999998,0.0,,,0.0,27664.81,,,27664.81,31120.85,,,31120.85,84.64287773572342,,,84.64287773572342,3775.9,0.0,0.0,3775.9,5326.53,0.0,0.0,5326.53,,,,,,,,,,,,,,0.0,0.0,36767.240000000005,0.0,0.0,,0.0,,0.0,,,,,,,,36767.240000000005,0.0
650,UTTAR PRADESH,LUCKNOW,,879.8300000000002,0.0,0.0,879.8300000000002,245286.0,0.0,0.0,245286.0,0.0,245286.0,38505.63,0.0,0.0,38505.63,22896.579999999998,,0.0,22896.579999999998,4932.349999999999,0.0,0.0,4932.349999999999,8133.610000000001,0.0,0.0,8133.610000000001,755.6,0.0,0.0,755.6,0.0,0.0,,0.0,3883.6000000000004,0.0,0.0,3883.6000000000004,100.0,0.0,0.0,100.0,79207.37,0.0,0.0,79207.37,,,,,,,,,,,,0.0,,,,0.0,,,,,,,,,,,,,,,,0.0,79207.37,0.0,0.0,79207.37,5717.83,0.0,0.0,5717.83,73489.54000000001,0.0,0.0,73489.54000000001,12469.8662415,,,12469.8662415,6110.327775,,,6110.327775,29879.960000000003,,,29879.960000000003,48460.159999999996,,,48460.159999999996,65.94157481459266,,,65.94157481459266,13872.830000000002,0.0,0.0,13872.830000000002,24854.339999999997,0.0,0.0,24854.339999999997,,,,,,,,,,,,,,0.0,0.0,73489.54,0.0,0.0,,0.0,,0.0,,,,,,,,73489.54,0.0
651,UTTAR PRADESH,MAHOBA,,809.7,0.0,0.0,809.7,229341.0,0.0,0.0,229341.0,0.0,229341.0,9564.34,0.0,0.0,9564.34,9106.16,,0.0,9106.16,5577.27,0.0,0.0,5577.27,6143.91,0.0,0.0,6143.91,363.05,,,363.05,0.0,,,0.0,,,,,,,,,30754.73,0.0,0.0,30754.73,,,,,,,,,,,,0.0,,,,0.0,,,,,,,,,,,,,,,,0.0,30754.73,0.0,0.0,30754.73,2797.19,0.0,0.0,2797.19,27957.54,0.0,0.0,27957.54,1157.3614545,,,1157.3614545,2.0075,,,2.0075,24406.699999999997,,,24406.699999999997,25566.08,,,25566.08,91.44610005029054,,,91.44610005029054,1212.54,0.0,0.0,1212.54,3346.5600000000004,0.0,0.0,3346.5600000000004,,,,,,,,,,,,,,0.0,0.0,27957.54,0.0,0.0,,0.0,,0.0,,,,,,,,27957.54,0.0
652,UTTAR PRADESH,MAHRAJGANJ,,1389.1,0.0,0.0,1389.1,247760.0,0.0,0.0,247760.0,0.0,247760.0,68656.19,0.0,0.0,68656.19,18097.73,,0.0,18097.73,7239.51,0.0,0.0,7239.51,17009.839999999997,0.0,0.0,17009.839999999997,391.71000000000004,,,391.71000000000004,,,,,,,,,,,,,111394.96999999999,0.0,0.0,111394.96999999999,,,,,,,,,,,,0.0,,,,0.0,,,,,,,,,,,,,,,,0.0,111394.96999999999,0.0,0.0,111394.96999999999,9141.220000000001,0.0,0.0,9141.220000000001,102253.75,0.0,0.0,102253.75,7102.50507,,,7102.50507,7.7015,,,7.7015,56831.28999999999,,,56831.28999999999,63941.509999999995,,,63941.509999999995,62.53219075095045,,,62.53219075095045,7698.580000000001,0.0,0.0,7698.580000000001,37716.19,0.0,0.0,37716.19,,,,,,,,,,,,,,0.0,0.0,102253.75,0.0,0.0,,0.0,,0.0,,,,,,,,102253.75,0.0
653,UTTAR PRADESH,MAINPURI,,659.74,0.0,0.0,659.74,276072.0,0.0,0.0,276072.0,0.0,276072.0,35756.56,0.0,0.0,35756.56,22298.339999999997,,,22298.339999999997,16686.0,0.0,0.0,16686.0,16160.99,0.0,0.0,16160.99,912.3900000000001,0.0,0.0,912.3900000000001,96.62400000000001,,,96.62400000000001,,,,,,,,,91910.90999999999,0.0,0.0,91910.90999999999,,,,,,,,,,,,0.0,,,,0.0,,,,,,,,,,,,,,,,0.0,91910.90999999999,0.0,0.0,91910.90999999999,7977.98,0.0,0.0,7977.98,83932.93000000001,0.0,0.0,83932.93000000001,4972.559249999999,,,4972.559249999999,1.0585,,,1.0585,55422.01000000001,,,55422.01000000001,60395.61,,,60395.61,71.95698994423284,,,71.95698994423284,5240.74,0.0,0.0,5240.74,24930.57,0.0,0.0,24930.57,,,,,,,,,,,,,,0.0,0.0,83932.93000000001,0.0,0.0,,0.0,,0.0,,,,,,,,83932.93000000001,0.0
654,UTTAR PRADESH,MATHURA,,556.8900000000001,0.0,0.0,556.8900000000001,336078.0,0.0,0.0,336078.0,0.0,336078.0,35730.380000000005,0.0,0.0,35730.380000000005,36892.520000000004,,0.0,36892.520000000004,40839.85999999999,0.0,0.0,40839.85999999999,24239.61,0.0,0.0,24239.61,291.73,0.0,0.0,291.73,177.96,,,177.96,,,,,,,,,138172.06,0.0,0.0,138172.06,,,,,,,,,,,,0.0,,,,0.0,,,,,,,,,,,,,,,,0.0,138172.06,0.0,0.0,138172.06,11412.380000000001,0.0,0.0,11412.380000000001,126759.68000000001,0.0,0.0,126759.68000000001,6498.485549999999,,,6498.485549999999,114.22675000000001,,,114.22675000000001,83916.45999999999,,,83916.45999999999,90529.16999999998,,,90529.16999999998,71.41795403711967,,,71.41795403711967,6972.000000000001,0.0,0.0,6972.000000000001,37103.44,0.0,0.0,37103.44,,,,,,,,,,,,,,0.0,0.0,126759.68,0.0,0.0,,0.0,,0.0,,,,,,,,126759.68,0.0
655,UTTAR PRADESH,MAUNATH BHANJAN,,897.3000000000001,0.0,0.0,897.3000000000001,171624.0,0.0,0.0,171624.0,0.0,171624.0,31452.72,0.0,0.0,31452.72,7108.01,,0.0,7108.01,3421.46,0.0,0.0,3421.46,7060.490000000001,0.0,0.0,7060.490000000001,2080.82,,,2080.82,,,,,,,,,,,,,51123.50000000001,0.0,0.0,51123.50000000001,,,,,,,,,,,,0.0,,,,0.0,,,,,,,,,,,,,,,,0.0,51123.50000000001,0.0,0.0,51123.50000000001,4493.58,0.0,0.0,4493.58,46629.92,0.0,0.0,46629.92,6379.675859999999,,,6379.675859999999,7.364000000000001,,,7.364000000000001,23744.21,,,23744.21,30131.230000000003,,,30131.230000000003,64.6178033331389,,,64.6178033331389,7033.82,0.0,0.0,7033.82,15844.539999999999,0.0,0.0,15844.539999999999,,,,,,,,,,,,,,0.0,0.0,46629.92,0.0,0.0,,0.0,,0.0,,,,,,,,46629.92,0.0
656,UTTAR PRADESH,MEERUT,,856.8900000000002,0.0,0.0,856.8900000000002,281049.0,0.0,0.0,281049.0,0.0,281049.0,43936.62,0.0,0.0,43936.62,16954.39,,0.0,16954.39,8732.86,0.0,0.0,8732.86,12947.12,0.0,0.0,12947.12,312.40999999999997,,,312.40999999999997,72.776,0.0,0.0,72.776,,,,,,,,,82956.18999999999,0.0,0.0,82956.18999999999,,,,,,,,,,,,0.0,,,,0.0,,,,,,,,,,,,,,,,0.0,82956.18999999999,0.0,0.0,82956.18999999999,7552.92,0.0,0.0,7552.92,75403.27,0.0,0.0,75403.27,9515.718082500001,,,9515.718082500001,1304.2030900000016,,,1304.2030900000016,47442.2364,,,47442.2364,58262.159999999996,,,58262.159999999996,77.26741824326716,,,77.26741824326716,9910.16,0.0,0.0,9910.16,19195.23,0.0,0.0,19195.23,,,,,,,,,,,,,,0.0,0.0,75403.27,0.0,0.0,,0.0,,0.0,,,,,,,,75403.27,0.0
657,UTTAR PRADESH,MIRZAPUR,,1003.2000000000002,0.0,0.0,1003.2000000000002,295437.0,0.0,0.0,295437.0,156648.0,452085.0,25614.100000000002,0.0,0.0,25614.100000000002,4107.719999999999,,,4107.719999999999,21100.16,0.0,0.0,21100.16,8003.67,0.0,0.0,8003.67,1031.99,,,1031.99,1335.0720000000001,,,1335.0720000000001,,,,,,,,,61192.689999999995,0.0,0.0,61192.689999999995,,,,,,,,,,,,0.0,,,,0.0,,,,,,,,,,,,,,,,0.0,61192.689999999995,0.0,0.0,61192.689999999995,5412.94,0.0,0.0,5412.94,55779.75,0.0,0.0,55779.75,6810.429149999999,,,6810.429149999999,40.7051,,,40.7051,28124.469999999998,,,28124.469999999998,34975.63,,,34975.63,62.703095657474265,,,62.703095657474265,7319.87,0.0,0.0,7319.87,20331.199999999997,0.0,0.0,20331.199999999997,,,,,,,,,,,,,,0.0,0.0,55779.75,0.0,0.0,,0.0,,0.0,,,,,,,,55779.75,0.0
658,UTTAR PRADESH,MORADABAD,,902.59,0.0,0.0,902.59,224944.0,0.0,0.0,224944.0,0.0,224944.0,37375.71000000001,0.0,0.0,37375.71000000001,9176.18,,0.0,9176.18,3746.0900000000006,0.0,0.0,3746.0900000000006,12620.220000000001,0.0,0.0,12620.220000000001,2008.9000000000003,0.0,0.0,2008.9000000000003,87.682,,,87.682,450.0,0.0,0.0,450.0,600.0,0.0,0.0,600.0,66064.76,0.0,0.0,66064.76,,,,,,,,,,,,0.0,,,,0.0,,,,,,,,,,,,,,,,0.0,66064.76,0.0,0.0,66064.76,5764.429999999999,0.0,0.0,5764.429999999999,60300.329999999994,0.0,0.0,60300.329999999994,10682.862705,,,10682.862705,223.20725000000002,,,223.20725000000002,42545.4,,,42545.4,53451.47,,,53451.47,88.64208537498884,,,88.64208537498884,11804.71,0.0,0.0,11804.71,10027.51,0.0,0.0,10027.51,,,,,,,,,,,,,,0.0,0.0,60300.33,0.0,0.0,,0.0,,0.0,,,,,,,,60300.33,0.0
659,UTTAR PRADESH,MUZAFFARNAGAR,,869.0999999999999,0.0,0.0,869.0999999999999,275666.0,0.0,0.0,275666.0,0.0,275666.0,46803.46,0.0,0.0,46803.46,29653.780000000002,,0.0,29653.780000000002,14034.7,0.0,0.0,14034.7,20088.46,0.0,0.0,20088.46,286.72999999999996,,,286.72999999999996,,,,,,,,,,,,,110867.1,0.0,0.0,110867.1,,,,,,,,,,,,0.0,,,,0.0,,,,,,,,,,,,,,,,0.0,110867.1,0.0,0.0,110867.1,6666.32,0.0,0.0,6666.32,104200.77999999998,0.0,0.0,104200.77999999998,6808.28076,,,6808.28076,341.38450000000006,,,341.38450000000006,72329.04000000001,,,72329.04000000001,79478.72,,,79478.72,76.27459218635408,,,76.27459218635408,7363.969999999999,0.0,0.0,7363.969999999999,25321.28,0.0,0.0,25321.28,,,,,,,,,,,,,,0.0,0.0,104200.78000000001,0.0,0.0,,0.0,,0.0,,,,,,,,104200.78000000001,0.0
660,UTTAR PRADESH,PILIBHIT,,1201.2699999999998,0.0,0.0,1201.2699999999998,336959.0,0.0,0.0,336959.0,0.0,336959.0,67750.55,0.0,0.0,67750.55,14758.52,,0.0,14758.52,6759.65,0.0,0.0,6759.65,21152.14,0.0,0.0,21152.14,1471.08,0.0,0.0,1471.08,,,,,,,,,,,,,111891.95,0.0,0.0,111891.95,,,,,,,,,,,,0.0,,,,0.0,,,,,,,,,,,,,,,,0.0,111891.95,0.0,0.0,111891.95,8197.07,0.0,0.0,8197.07,103694.88,0.0,0.0,103694.88,5411.95209,,,5411.95209,164.67855,,,164.67855,61600.000000000015,,,61600.000000000015,67176.62,,,67176.62,64.78296710502967,,,64.78296710502967,5768.94,0.0,0.0,5768.94,36161.28,0.0,0.0,36161.28,,,,,,,,,,,,,,0.0,0.0,103694.88,0.0,0.0,,0.0,,0.0,,,,,,,,103694.88,0.0
661,UTTAR PRADESH,PRATAPGARH,,837.75,0.0,0.0,837.75,371743.0,0.0,0.0,371743.0,0.0,371743.0,61146.35,0.0,0.0,61146.35,32294.34,,0.0,32294.34,16389.0,0.0,0.0,16389.0,27246.69,0.0,0.0,27246.69,787.67,,,787.67,591.688,,,591.688,,,,,,,,,138455.74,0.0,0.0,138455.74,,,,,,,,,,,,0.0,,,,0.0,,,,,,,,,,,,,,,,0.0,138455.74,0.0,0.0,138455.74,12033.55,0.0,0.0,12033.55,126422.18999999999,0.0,0.0,126422.18999999999,8210.97138,,,8210.97138,32.85,,,32.85,91157.06,,,91157.06,99400.89,,,99400.89,78.62614150253212,,,78.62614150253212,8699.65,0.0,0.0,8699.65,26560.489999999998,0.0,0.0,26560.489999999998,,,,,,,,,,,,,,0.0,0.0,126422.18999999999,0.0,0.0,,0.0,,0.0,,,,,,,,126422.18999999999,0.0
662,UTTAR PRADESH,PRAYAGRAJ,,843.0900000000001,0.0,0.0,843.0900000000001,499630.0,0.0,0.0,499630.0,47370.0,547000.0,73165.81000000001,0.0,0.0,73165.81000000001,15821.94,,,15821.94,30636.880000000005,0.0,0.0,30636.880000000005,19578.4,0.0,0.0,19578.4,1851.2700000000002,,,1851.2700000000002,19.2,,,19.2,227.16288445500004,0.0,0.0,227.16288445500004,25.0,0.0,0.0,25.0,141325.65999999997,0.0,0.0,141325.65999999997,,,,,,,,,,,,0.0,,,,0.0,,,,,,,,,,,,,,,,0.0,141325.65999999997,0.0,0.0,141325.65999999997,12904.130000000001,0.0,0.0,12904.130000000001,128421.53000000001,0.0,0.0,128421.53000000001,17040.32631699,,,17040.32631699,1606.2642899999998,,,1606.2642899999998,75451.95000000001,,,75451.95000000001,94098.54000000001,,,94098.54000000001,73.27318090665949,,,73.27318090665949,18139.559999999998,0.0,0.0,18139.559999999998,35328.780000000006,0.0,0.0,35328.780000000006,,,,,,,,,,,,,,0.0,0.0,128421.53000000001,0.0,0.0,,0.0,,0.0,,,,,,,,128421.53000000001,0.0
663,UTTAR PRADESH,RAIBARELI,,748.3,0.0,0.0,748.3,392458.0,0.0,0.0,392458.0,0.0,392458.0,55132.579999999994,0.0,0.0,55132.579999999994,23444.53,,0.0,23444.53,23636.579999999998,0.0,0.0,23636.579999999998,17887.11,0.0,0.0,17887.11,1999.06,,,1999.06,328.68,,,328.68,,,,,,,,,122428.53999999998,0.0,0.0,122428.53999999998,,,,,,,,,,,,0.0,,,,0.0,,,,,,,,,,,,,,,,0.0,122428.53999999998,0.0,0.0,122428.53999999998,10603.1,0.0,0.0,10603.1,111825.44000000002,0.0,0.0,111825.44000000002,7101.83493,,,7101.83493,12.008500000000002,,,12.008500000000002,58540.315,,,58540.315,65654.17,,,65654.17,58.71130039819202,,,58.71130039819202,7673.42,0.0,0.0,7673.42,45599.66,0.0,0.0,45599.66,,,,,,,,,,,,,,0.0,0.0,111825.44000000002,0.0,0.0,,0.0,,0.0,,,,,,,,111825.44000000002,0.0
664,UTTAR PRADESH,RAMPUR,,1051.6100000000001,0.0,0.0,1051.6100000000001,229790.0,0.0,0.0,229790.0,0.0,229790.0,44284.58,0.0,0.0,44284.58,18743.8,,0.0,18743.8,168.28,0.0,0.0,168.28,13073.439999999999,0.0,0.0,13073.439999999999,492.17999999999995,,,492.17999999999995,48.019999999999996,,,48.019999999999996,,,,,,,,,76810.29999999999,0.0,0.0,76810.29999999999,,,,,,,,,,,,0.0,,,,0.0,,,,,,,,,,,,,,,,0.0,76810.29999999999,0.0,0.0,76810.29999999999,6474.1,0.0,0.0,6474.1,70336.2,0.0,0.0,70336.2,5193.116339999999,,,5193.116339999999,299.45257000000004,,,299.45257000000004,47015.01,,,47015.01,52507.57,,,52507.57,74.65227009704817,,,74.65227009704817,5579.04,0.0,0.0,5579.04,17442.690000000002,0.0,0.0,17442.690000000002,,,,,,,,,,,,,,0.0,0.0,70336.2,0.0,0.0,,0.0,,0.0,,,,,,,,70336.2,0.0
665,UTTAR PRADESH,SAHARANPUR,,1102.65,0.0,0.0,1102.65,368941.0,0.0,0.0,368941.0,0.0,368941.0,81318.89000000001,0.0,0.0,81318.89000000001,15260.650000000003,,0.0,15260.650000000003,8542.53,0.0,0.0,8542.53,34925.55,0.0,0.0,34925.55,357.28999999999996,,,357.28999999999996,,,,,,,,,,,,,140404.89,0.0,0.0,140404.89,,,,,,,,,,,,0.0,,,,0.0,,,,,,,,,,,,,,,,0.0,140404.89,0.0,0.0,140404.89,9132.79,0.0,0.0,9132.79,131272.1,0.0,0.0,131272.1,7281.193740000001,,,7281.193740000001,817.6624325500001,,,817.6624325500001,123985.55800000002,,,123985.55800000002,132084.43,,,132084.43,100.61881389876446,,,100.61881389876446,7702.09,0.0,0.0,7702.09,15869.83,0.0,0.0,15869.83,,,,,,,,,,,,,,0.0,0.0,131272.1,0.0,0.0,,0.0,,0.0,,,,,,,,131272.1,0.0
666,UTTAR PRADESH,SAMBHAL,,784.5400000000001,0.0,0.0,784.5400000000001,241520.0,0.0,0.0,241520.0,0.0,241520.0,39005.48,0.0,0.0,39005.48,0.0,,0.0,0.0,41.6,0.0,0.0,41.6,8086.82,0.0,0.0,8086.82,710.3499999999999,,,710.3499999999999,,,,,,,,,,,,,47844.25,0.0,0.0,47844.25,,,,,,,,,,,,0.0,,,,0.0,,,,,,,,,,,,,,,,0.0,47844.25,0.0,0.0,47844.25,4577.129999999999,0.0,0.0,4577.129999999999,43267.119999999995,0.0,0.0,43267.119999999995,5732.430119999999,,,5732.430119999999,494.4655000000001,,,494.4655000000001,31535.601999999995,,,31535.601999999995,37762.49,,,37762.49,87.27756781593044,,,87.27756781593044,6263.01,0.0,0.0,6263.01,5052.960000000001,0.0,0.0,5052.960000000001,,,,,,,,,,,,,,0.0,0.0,43267.119999999995,0.0,0.0,,0.0,,0.0,,,,,,,,43267.119999999995,0.0
667,UTTAR PRADESH,SANT KABIR NAGAR,,1253.9200000000003,0.0,0.0,1253.9200000000003,164699.0,0.0,0.0,164699.0,0.0,164699.0,43105.31,0.0,0.0,43105.31,1505.18,,0.0,1505.18,600.6999999999999,0.0,0.0,600.6999999999999,7977.31,0.0,0.0,7977.31,997.9000000000002,0.0,0.0,997.9000000000002,,,,,,,,,,,,,54186.399999999994,0.0,0.0,54186.399999999994,,,,,,,,,,,,0.0,,,,0.0,,,,,,,,,,,,,,,,0.0,54186.399999999994,0.0,0.0,54186.399999999994,5105.99,0.0,0.0,5105.99,49080.41,0.0,0.0,49080.41,4322.703030000001,,,4322.703030000001,172.971675,,,172.971675,26542.47,,,26542.47,31038.17,,,31038.17,63.239426891503136,,,63.239426891503136,4631.669999999999,0.0,0.0,4631.669999999999,17733.27,0.0,0.0,17733.27,,,,,,,,,,,,,,0.0,0.0,49080.41,0.0,0.0,,0.0,,0.0,,,,,,,,49080.41,0.0
668,UTTAR PRADESH,SANT RAVIDAS NAGAR,,949.6,0.0,0.0,949.6,98305.0,0.0,0.0,98305.0,3195.0,101500.0,16958.65,0.0,0.0,16958.65,51072.14000000001,,,51072.14000000001,1762.01,0.0,0.0,1762.01,15323.050000000001,0.0,0.0,15323.050000000001,913.23,,,913.23,6.984,,,6.984,,,,,,,,,86036.06,0.0,0.0,86036.06,,,,,,,,,,,,0.0,,,,0.0,,,,,,,,,,,,,,,,0.0,86036.06,0.0,0.0,86036.06,8366.84,0.0,0.0,8366.84,77669.22,0.0,0.0,77669.22,3478.76025,,,3478.76025,80.30000000000001,,,80.30000000000001,58416.61,,,58416.61,61975.67999999999,,,61975.67999999999,79.79438959217048,,,79.79438959217048,3648.8500000000004,0.0,0.0,3648.8500000000004,15523.460000000001,0.0,0.0,15523.460000000001,,,,,,,,,,,,,,0.0,0.0,77669.22,0.0,0.0,,0.0,,0.0,,,,,,,,77669.22,0.0
669,UTTAR PRADESH,SHAHJAHANPUR,,898.18,0.0,0.0,898.18,458131.0,0.0,0.0,458131.0,0.0,458131.0,89402.07,0.0,0.0,89402.07,15206.42,,0.0,15206.42,1367.6299999999997,0.0,0.0,1367.6299999999997,24240.219999999998,0.0,0.0,24240.219999999998,2211.0399999999995,0.0,0.0,2211.0399999999995,0.154,,,0.154,,,,,,,,,132427.56,0.0,0.0,132427.56,,,,,,,,,,,,0.0,,,,0.0,,,,,,,,,,,,,,,,0.0,132427.56,0.0,0.0,132427.56,8412.6,0.0,0.0,8412.6,124014.95999999999,0.0,0.0,124014.95999999999,8526.3589375,,,8526.3589375,1639.2478499999997,,,1639.2478499999997,69274.2,,,69274.2,79439.81,,,79439.81,64.05663478019103,,,64.05663478019103,9322.620000000003,0.0,0.0,9322.620000000003,43778.899999999994,0.0,0.0,43778.899999999994,,,,,,,,,,,,,,0.0,0.0,124014.95999999999,0.0,0.0,,0.0,,0.0,,,,,,,,124014.95999999999,0.0
670,UTTAR PRADESH,SHAMLI,,869.0999999999999,0.0,0.0,869.0999999999999,136126.0,0.0,0.0,136126.0,0.0,136126.0,23427.11,0.0,0.0,23427.11,11198.68,,0.0,11198.68,1136.17,0.0,0.0,1136.17,10296.95,0.0,0.0,10296.95,141.82999999999998,,,141.82999999999998,24.108000000000004,,,24.108000000000004,,,,,,,,,46224.86,0.0,0.0,46224.86,,,,,,,,,,,,0.0,,,,0.0,,,,,,,,,,,,,,,,0.0,46224.86,0.0,0.0,46224.86,3189.5299999999997,0.0,0.0,3189.5299999999997,43035.33,0.0,0.0,43035.33,3033.92526,,,3033.92526,394.47259003,,,394.47259003,41103.54,,,41103.54,44531.93,,,44531.93,103.47760781664739,,,103.47760781664739,3066.96,0.0,0.0,3066.96,1000.1999999999999,0.0,0.0,1000.1999999999999,,,,,,,,,,,,,,0.0,0.0,43035.33,0.0,0.0,,0.0,,0.0,,,,,,,,43035.33,0.0
671,UTTAR PRADESH,SHRAWASTI,,1184.5100000000002,0.0,0.0,1184.5100000000002,185782.0,0.0,0.0,185782.0,0.0,185782.0,44244.6,0.0,0.0,44244.6,1912.44,,0.0,1912.44,0.0,0.0,0.0,0.0,9256.779999999999,0.0,0.0,9256.779999999999,537.4699999999999,,,537.4699999999999,0.0,,,0.0,,,,,,,,,55951.29000000001,0.0,0.0,55951.29000000001,,,,,,,,,,,,0.0,,,,0.0,,,,,,,,,,,,,,,,0.0,55951.29000000001,0.0,0.0,55951.29000000001,4432.0599999999995,0.0,0.0,4432.0599999999995,51519.229999999996,0.0,0.0,51519.229999999996,3237.05652,,,3237.05652,0.0,,,0.0,26203.570000000003,,,26203.570000000003,29440.620000000003,,,29440.620000000003,57.144914627023745,,,57.144914627023745,3632.46,0.0,0.0,3632.46,21683.199999999997,0.0,0.0,21683.199999999997,,,,,,,,,,,,,,0.0,0.0,51519.229999999996,0.0,0.0,,0.0,,0.0,,,,,,,,51519.229999999996,0.0
672,UTTAR PRADESH,SIDDHARTH NAGAR,,1158.57,0.0,0.0,1158.57,289503.0,0.0,0.0,289503.0,0.0,289503.0,69937.12,0.0,0.0,69937.12,6128.79,,0.0,6128.79,5332.870000000001,0.0,0.0,5332.870000000001,14220.229999999998,0.0,0.0,14220.229999999998,464.73999999999995,0.0,0.0,464.73999999999995,,,,,,,,,,,,,96083.74,0.0,0.0,96083.74,,,,,,,,,,,,0.0,,,,0.0,,,,,,,,,,,,,,,,0.0,96083.74,0.0,0.0,96083.74,9207.179999999998,0.0,0.0,9207.179999999998,86876.56,0.0,0.0,86876.56,7366.83807,,,7366.83807,0.343,,,0.343,47636.168542795924,,,47636.168542795924,55003.299999999996,,,55003.299999999996,63.312014195773855,,,63.312014195773855,8079.370000000001,0.0,0.0,8079.370000000001,31160.719999999998,0.0,0.0,31160.719999999998,,,,,,,,,,,,,,0.0,0.0,86876.56,0.0,0.0,,0.0,,0.0,,,,,,,,86876.56,0.0
673,UTTAR PRADESH,SITAPUR,,991.2599999999999,0.0,0.0,991.2599999999999,574695.0,0.0,0.0,574695.0,0.0,574695.0,97100.48,0.0,0.0,97100.48,68887.98999999999,,0.0,68887.98999999999,3491.0699999999993,0.0,0.0,3491.0699999999993,28617.73,0.0,0.0,28617.73,2181.95,,,2181.95,,,,,,,,,,,,,200279.23,0.0,0.0,200279.23,,,,,,,,,,,,0.0,,,,0.0,,,,,,,,,,,,,,,,0.0,200279.23,0.0,0.0,200279.23,18085.06,0.0,0.0,18085.06,182194.17000000004,0.0,0.0,182194.17000000004,11259.84339,,,11259.84339,17352.1,,,17352.1,80780.354,,,80780.354,109392.3,,,109392.3,60.04160286797321,,,60.04160286797321,12255.85,0.0,0.0,12255.85,71805.87,0.0,0.0,71805.87,,,,,,,,,,,,,,0.0,0.0,182194.17000000004,0.0,0.0,,0.0,,0.0,,,,,,,,182194.17000000004,0.0
674,UTTAR PRADESH,SONBHADRA,,973.0899999999999,0.0,0.0,973.0899999999999,241458.89,0.0,0.0,241458.89,439498.63,680957.52,15509.73,0.0,0.0,15509.73,2274.7599999999993,,0.0,2274.7599999999993,23814.510000000002,0.0,0.0,23814.510000000002,6401.55,0.0,0.0,6401.55,307.13,,,307.13,9058.310000000001,,,9058.310000000001,,,,,,,,,57366.04,0.0,0.0,57366.04,,,,,,,,,,,,0.0,,,,0.0,,,,,,,,,,,,,,,,0.0,57366.04,0.0,0.0,57366.04,5514.929999999999,0.0,0.0,5514.929999999999,51851.11,0.0,0.0,51851.11,4315.097159999999,,,4315.097159999999,830.19265,,,830.19265,21249.33,,,21249.33,26394.620000000003,,,26394.620000000003,50.904638299932245,,,50.904638299932245,4730.88,0.0,0.0,4730.88,25040.7,0.0,0.0,25040.7,,,,,,,,,,,,,,0.0,0.0,51851.11,0.0,0.0,,0.0,,0.0,,,,,,,,51851.11,0.0
675,UTTAR PRADESH,SULTANPUR,,887.59,0.0,0.0,887.59,265381.0,0.0,0.0,265381.0,0.0,265381.0,47448.69,0.0,0.0,47448.69,21874.219999999998,,0.0,21874.219999999998,6308.94,0.0,0.0,6308.94,15103.24,0.0,0.0,15103.24,1810.5500000000002,,,1810.5500000000002,12.530000000000001,,,12.530000000000001,,,,,,,,,92558.16,0.0,0.0,92558.16,,,,,,,,,,,,0.0,,,,0.0,,,,,,,,,,,,,,,,0.0,92558.16,0.0,0.0,92558.16,7718.0199999999995,0.0,0.0,7718.0199999999995,84840.14000000001,0.0,0.0,84840.14000000001,6177.346140000001,,,6177.346140000001,5.8125,,,5.8125,46135.583999999995,,,46135.583999999995,52318.770000000004,,,52318.770000000004,61.667472495919974,,,61.667472495919974,6567.919999999999,0.0,0.0,6567.919999999999,32130.79,0.0,0.0,32130.79,,,,,,,,,,,,,,0.0,0.0,84840.14000000001,0.0,0.0,,0.0,,0.0,,,,,,,,84840.14000000001,0.0
676,UTTAR PRADESH,UNNAO,,765.6800000000002,0.0,0.0,765.6800000000002,460234.0,0.0,0.0,460234.0,0.0,460234.0,63141.19,0.0,0.0,63141.19,63365.509999999995,,0.0,63365.509999999995,15099.84,0.0,0.0,15099.84,26691.890000000003,0.0,0.0,26691.890000000003,2908.21,,,2908.21,19.532,,,19.532,,,,,,,,,171226.18000000002,0.0,0.0,171226.18000000002,,,,,,,,,,,,0.0,,,,0.0,,,,,,,,,,,,,,,,0.0,171226.18000000002,0.0,0.0,171226.18000000002,14969.77,0.0,0.0,14969.77,156256.41,0.0,0.0,156256.41,8623.82142,,,8623.82142,74.36519500000001,,,74.36519500000001,87098.1725,,,87098.1725,95796.34000000001,,,95796.34000000001,61.30714253578462,,,61.30714253578462,9372.65,0.0,0.0,9372.65,59711.229999999996,0.0,0.0,59711.229999999996,,,,,,,,,,,,,,0.0,0.0,156256.41,0.0,0.0,,0.0,,0.0,,,,,,,,156256.41,0.0
677,UTTAR PRADESH,VARANASI,,925.7799999999999,0.0,0.0,925.7799999999999,160532.0,0.0,0.0,160532.0,0.0,160532.0,28874.350000000002,0.0,0.0,28874.350000000002,12645.560000000001,,0.0,12645.560000000001,0.0,0.0,0.0,0.0,9423.400000000001,0.0,0.0,9423.400000000001,296.47,,,296.47,700.274,,,700.274,954.1099999999999,0.0,0.0,954.1099999999999,100.0,0.0,0.0,100.0,52994.149999999994,0.0,0.0,52994.149999999994,,,,,,,,,,,,0.0,,,,0.0,,,,,,,,,,,,,,,,0.0,52994.149999999994,0.0,0.0,52994.149999999994,5027.04,0.0,0.0,5027.04,47967.11000000001,0.0,0.0,47967.11000000001,10599.382903109998,,,10599.382903109998,114.061113,,,114.061113,31394.079999999998,,,31394.079999999998,42107.54,,,42107.54,87.78419212664676,,,87.78419212664676,10946.310000000001,0.0,0.0,10946.310000000001,8968.050000000001,0.0,0.0,8968.050000000001,,,,,,,,,,,,,,0.0,0.0,47967.11,0.0,0.0,,0.0,,0.0,,,,,,,,47967.11,0.0
678,UTTARAKHAND,ALMORA,,0.0,0.0,0.0,0.0,0.0,0.0,0.0,0.0,314100.0,314100.0,,,,,,,,,,,,,,,,,,,,,,,,,,,,,,,,,,,,,,,,,,,,,,,,0.0,,,,0.0,,,,,,,,,,,,,,,,0.0,,,,0.0,,,,0.0,0.0,0.0,0.0,0.0,,,,0.0,,,,0.0,,,,0.0,,,,,,,,,0.0,0.0,0.0,0.0,0.0,0.0,0.0,0.0,,,,,,,,,,,,,,0.0,0.0,0.0,0.0,0.0,,0.0,,0.0,,,,,,,,0.0,0.0
679,UTTARAKHAND,BAGESHWAR,,0.0,0.0,0.0,0.0,0.0,0.0,0.0,0.0,93300.0,93300.0,,,,,,,,,,,,,,,,,,,,,,,,,,,,,,,,,,,,,,,,,,,,,,,,0.0,,,,0.0,,,,,,,,,,,,,,,,0.0,,,,0.0,,,,0.0,0.0,0.0,0.0,0.0,,,,0.0,,,,0.0,,,,0.0,,,,,,,,,0.0,0.0,0.0,0.0,0.0,0.0,0.0,0.0,,,,,,,,,,,,,,0.0,0.0,0.0,0.0,0.0,,0.0,,0.0,,,,,,,,0.0,0.0
680,UTTARAKHAND,CHAMOLI,,0.0,0.0,0.0,0.0,0.0,0.0,0.0,0.0,371900.0,371900.0,,,,,,,,,,,,,,,,,,,,,,,,,,,,,,,,,,,,,,,,,,,,,,,,0.0,,,,0.0,,,,,,,,,,,,,,,,0.0,,,,0.0,,,,0.0,0.0,0.0,0.0,0.0,,,,0.0,,,,0.0,,,,0.0,,,,,,,,,0.0,0.0,0.0,0.0,0.0,0.0,0.0,0.0,,,,,,,,,,,,,,0.0,0.0,0.0,0.0,0.0,,0.0,,0.0,,,,,,,,0.0,0.0
681,UTTARAKHAND,CHAMPAWAT,,0.0,0.0,0.0,0.0,0.0,0.0,0.0,0.0,159600.0,159600.0,,,,,,,,,,,,,,,,,,,,,,,,,,,,,,,,,,,,,,,,,,,,,,,,0.0,,,,0.0,,,,,,,,,,,,,,,,0.0,,,,0.0,,,,0.0,0.0,0.0,0.0,0.0,,,,0.0,,,,0.0,,,,0.0,,,,,,,,,0.0,0.0,0.0,0.0,0.0,0.0,0.0,0.0,,,,,,,,,,,,,,0.0,0.0,0.0,0.0,0.0,,0.0,,0.0,,,,,,,,0.0,0.0
682,UTTARAKHAND,DEHRADUN,,2183.6,0.0,0.0,2183.6,125544.0,0.0,0.0,125544.0,163900.0,289444.0,57310.51,0.0,0.0,57310.51,625.0699999999999,,0.0,625.0699999999999,344.7,0.0,0.0,344.7,2142.07,0.0,0.0,2142.07,0.0,0.0,0.0,0.0,0.0,0.0,0.0,0.0,,,,,,,,,60422.35,0.0,0.0,60422.35,,,,,,,,,,,,0.0,,,,0.0,,,,,,,,,,,,,,,,0.0,60422.35,0.0,0.0,60422.35,6042.24,0.0,0.0,6042.24,54380.11,0.0,0.0,54380.11,6402.94,,,6402.94,639.8362790000001,,,639.8362790000001,10438.49,,,10438.49,17481.260000000002,,,17481.260000000002,32.146422653429724,,,32.146422653429724,6402.94,0.0,0.0,6402.94,36898.85,0.0,0.0,36898.85,,,,,,,,,,,,,,0.0,0.0,54380.11,0.0,0.0,,0.0,,0.0,,,,,,,,54380.11,0.0
683,UTTARAKHAND,HARIDWAR,,1020.0,0.0,0.0,1020.0,156835.0,0.0,0.0,156835.0,0.0,156835.0,31853.530000000002,0.0,0.0,31853.530000000002,7865.49,,0.0,7865.49,495.91,0.0,0.0,495.91,6663.81,0.0,0.0,6663.81,0.0,0.0,0.0,0.0,86.43599999999999,0.0,0.0,86.43599999999999,,,,,,,,,46965.18,0.0,0.0,46965.18,,,,,,,,,,,,0.0,,,,0.0,,,,,,,,,,,,,,,,0.0,46965.18,0.0,0.0,46965.18,3463.49,0.0,0.0,3463.49,43501.69,0.0,0.0,43501.69,3055.5953099999997,,,3055.5953099999997,3447.597796,,,3447.597796,21944.88,,,21944.88,28448.08,,,28448.08,65.39534441075737,,,65.39534441075737,3287.61,0.0,0.0,3287.61,14821.61,0.0,0.0,14821.61,,,,,,,,,,,,,,0.0,0.0,43501.69,0.0,0.0,,0.0,,0.0,,,,,,,,43501.69,0.0
684,UTTARAKHAND,NAINITAL,,1711.0,0.0,0.0,1711.0,23643.0,0.0,0.0,23643.0,175400.0,199043.0,7881.66,0.0,0.0,7881.66,2215.38,,0.0,2215.38,6837.51,0.0,0.0,6837.51,1812.3400000000001,0.0,0.0,1812.3400000000001,0.0,0.0,0.0,0.0,17.28,0.0,0.0,17.28,,,,,,,,,18764.16,0.0,0.0,18764.16,,,,,,,,,,,,0.0,,,,0.0,,,,,,,,,,,,,,,,0.0,18764.16,0.0,0.0,18764.16,1374.41,0.0,0.0,1374.41,17389.75,0.0,0.0,17389.75,3862.3876115999997,,,3862.3876115999997,1591.736,,,1591.736,4154.93,,,4154.93,9609.05,,,9609.05,55.25697609223824,,,55.25697609223824,3862.39,0.0,0.0,3862.39,7780.7,0.0,0.0,7780.7,,,,,,,,,,,,,,0.0,0.0,17389.75,0.0,0.0,,0.0,,0.0,,,,,,,,17389.75,0.0
685,UTTARAKHAND,PAURIGARHWAL,,0.0,0.0,0.0,0.0,0.0,0.0,0.0,0.0,402100.0,402100.0,,,,,,,,,,,,,,,,,,,,,,,,,,,,,,,,,,,,,,,,,,,,,,,,0.0,,,,0.0,,,,,,,,,,,,,,,,0.0,,,,0.0,,,,0.0,0.0,0.0,0.0,0.0,,,,0.0,,,,0.0,,,,0.0,,,,,,,,,0.0,0.0,0.0,0.0,0.0,0.0,0.0,0.0,,,,,,,,,,,,,,0.0,0.0,0.0,0.0,0.0,,0.0,,0.0,,,,,,,,0.0,0.0
686,UTTARAKHAND,PITHORAGARH,,0.0,0.0,0.0,0.0,0.0,0.0,0.0,0.0,220300.0,220300.0,,,,,,,,,,,,,,,,,,,,,,,,,,,,,,,,,,,,,,,,,,,,,,,,0.0,,,,0.0,,,,,,,,,,,,,,,,0.0,,,,0.0,,,,0.0,0.0,0.0,0.0,0.0,,,,0.0,,,,0.0,,,,0.0,,,,,,,,,0.0,0.0,0.0,0.0,0.0,0.0,0.0,0.0,,,,,,,,,,,,,,0.0,0.0,0.0,0.0,0.0,,0.0,,0.0,,,,,,,,0.0,0.0
687,UTTARAKHAND,RUDRAPRAYAG,,0.0,0.0,0.0,0.0,0.0,0.0,0.0,0.0,166500.0,166500.0,,,,,,,,,,,,,,,,,,,,,,,,,,,,,,,,,,,,,,,,,,,,,,,,0.0,,,,0.0,,,,,,,,,,,,,,,,0.0,,,,0.0,,,,0.0,0.0,0.0,0.0,0.0,,,,0.0,,,,0.0,,,,0.0,,,,,,,,,0.0,0.0,0.0,0.0,0.0,0.0,0.0,0.0,,,,,,,,,,,,,,0.0,0.0,0.0,0.0,0.0,,0.0,,0.0,,,,,,,,0.0,0.0
688,UTTARAKHAND,TEHRI GARHWAL,,0.0,0.0,0.0,0.0,0.0,0.0,0.0,0.0,469311.0,469311.0,,,,,,,,,,,,,,,,,,,,,,,,,,,,,,,,,,,,,,,,,,,,,,,,0.0,,,,0.0,,,,,,,,,,,,,,,,0.0,,,,0.0,,,,0.0,0.0,0.0,0.0,0.0,,,,0.0,,,,0.0,,,,0.0,,,,,,,,,0.0,0.0,0.0,0.0,0.0,0.0,0.0,0.0,,,,,,,,,,,,,,0.0,0.0,0.0,0.0,0.0,,0.0,,0.0,,,,,,,,0.0,0.0
689,UTTARAKHAND,UDHAMSINGH NAGAR,,1465.3000000000002,0.0,0.0,1465.3000000000002,193282.0,0.0,0.0,193282.0,0.0,193282.0,44250.2,0.0,0.0,44250.2,6181.0599999999995,,0.0,6181.0599999999995,16366.299999999997,0.0,0.0,16366.299999999997,9040.48,0.0,0.0,9040.48,0.0,0.0,0.0,0.0,57.6,0.0,0.0,57.6,,,,,,,,,75895.64000000001,0.0,0.0,75895.64000000001,,,,,,,,,,,,0.0,,,,0.0,,,,,,,,,,,,,,,,0.0,75895.64000000001,0.0,0.0,75895.64000000001,6473.749999999999,0.0,0.0,6473.749999999999,69421.89,0.0,0.0,69421.89,3795.2725806,,,3795.2725806,6118.66726,,,6118.66726,30022.72,,,30022.72,39936.67,,,39936.67,57.52748880792499,,,57.52748880792499,3846.94,0.0,0.0,3846.94,29433.55,0.0,0.0,29433.55,,,,,,,,,,,,,,0.0,0.0,69421.89,0.0,0.0,,0.0,,0.0,,,,,,,,69421.89,0.0
690,UTTARAKHAND,UTTARKASHI,,0.0,0.0,0.0,0.0,0.0,0.0,0.0,0.0,171100.0,171100.0,,,,,,,,,,,,,,,,,,,,,,,,,,,,,,,,,,,,,,,,,,,,,,,,0.0,,,,0.0,,,,,,,,,,,,,,,,0.0,,,,0.0,,,,0.0,0.0,0.0,0.0,0.0,,,,0.0,,,,0.0,,,,0.0,,,,,,,,,0.0,0.0,0.0,0.0,0.0,0.0,0.0,0.0,,,,,,,,,,,,,,0.0,0.0,0.0,0.0,0.0,,0.0,,0.0,,,,,,,,0.0,0.0
691,WEST BENGAL,ALIPURDUAR,,0.0,3468.3,0.0,3468.3,0.0,237597.0,0.0,237597.0,0.0,237597.0,0.0,129832.91,0.0,129832.91,0.0,,0.0,0.0,0.0,161.47,0.0,161.47,0.0,4214.75,0.0,4214.75,0.0,473.94000000000005,0.0,473.94000000000005,0.0,0.0,0.0,0.0,,,,,,,,,0.0,134683.07,0.0,134683.07,,,,,,,,,,,,0.0,,,,0.0,,,,,,,,,,,,,,,,0.0,0.0,134683.07,0.0,134683.07,0.0,13468.330000000002,0.0,13468.330000000002,0.0,121214.74,0.0,121214.74,,3386.220047999999,,3386.220047999999,,161.99200000000002,,161.99200000000002,,9366.1,,9366.1,,12914.32,,12914.32,,10.6540838185191,,10.6540838185191,0.0,3688.97,0.0,3688.97,0.0,107997.66999999998,0.0,107997.66999999998,,,,,,,22839.015,130.59,0.0,,,,,2820918.95,0.0,2942133.69,0.0,0.0,,0.0,,0.0,,,,,,,,2942133.69,0.0
692,WEST BENGAL,BANKURA,,1537.7,1537.6999999999998,0.0,1537.6999999999998,282638.0,405363.0,0.0,688001.0,0.0,688001.0,58401.06999999999,74582.09,0.0,132983.16000000003,1753.0100000000004,,0.0,1753.0100000000004,2476.5400000000004,5860.000000000001,0.0,8336.539999999999,6591.1900000000005,15489.730000000003,0.0,22080.920000000006,5914.61,6401.200000000001,0.0,12315.809999999998,0.0,0.0,0.0,0.0,,,,,,,,,75136.43000000001,102333.02,0.0,177469.45000000004,,,,,,,,,,,,0.0,,,,0.0,,,,,,,,,,,,,,,,0.0,75136.43000000001,102333.02,0.0,177469.45000000004,7105.54,7646.389999999999,0.0,14751.929999999997,68030.89,94686.62999999999,0.0,162717.52000000002,2492.2419,6128.336130000001,,8620.57803,31.2165,250.20850000000002,,281.425,14647.1,35587.4,,50234.49999999999,17170.589999999997,41965.96000000001,,59136.55,25.239402277406626,44.32089303421192,,36.34307479612521,2586.31,6397.040000000001,0.0,8983.35,50766.229999999996,53246.28999999999,0.0,104012.51999999999,,,,,,,1584.75625,0.0,0.0,,,,,792226.95,0.0,954944.47,0.0,0.0,,0.0,,0.0,,,,,,,,954944.47,0.0
693,WEST BENGAL,BIRBHUM,,1469.3,1469.3,0.0,1469.3,382688.0,72121.0,0.0,454809.0,0.0,454809.0,86901.33,7469.92,0.0,94371.24999999999,1434.48,,0.0,1434.48,1042.83,545.7700000000001,0.0,1588.6,10809.98,215.68,0.0,11025.66,9516.9,1814.97,0.0,11331.869999999999,0.0,0.0,0.0,0.0,,,,,,,,,109705.54000000001,10046.34,0.0,119751.87999999999,,,,,,,,,,,,0.0,,,,0.0,,,,,,,,,,,,,,,,0.0,109705.54000000001,10046.34,0.0,119751.87999999999,9956.08,1004.6599999999999,0.0,10960.74,99749.45999999999,9041.68,0.0,108791.13999999998,6913.011377999999,1526.5951259999997,,8439.606504,77.5809,1228.5579999999998,,1306.1388999999997,24022.2,479.29999999999995,,24501.5,31012.79,3234.45,,34247.240000000005,31.090684601199847,35.77266614169048,,31.479806168039058,7349.219999999999,1618.7399999999998,0.0,8967.96,68300.47,5715.089999999999,0.0,74015.56,,,,,,,410.3,0.0,0.0,,,,,440220.51999999996,0.0,549011.66,0.0,0.0,,0.0,,0.0,,,,,,,,549011.66,0.0
694,WEST BENGAL,DAKSHIN DINAJPUR,,0.0,1584.9,0.0,1584.9,0.0,224036.0,0.0,224036.0,0.0,224036.0,0.0,78430.45999999999,0.0,78430.45999999999,0.0,,0.0,0.0,0.0,3058.59,0.0,3058.59,0.0,26030.52,0.0,26030.52,0.0,6033.72,0.0,6033.72,0.0,0.0,0.0,0.0,,,,,,,,,0.0,113553.29,0.0,113553.29,,,,,,,,,,,,0.0,,,,0.0,,,,,,,,,,,,,,,,0.0,0.0,113553.29,0.0,113553.29,0.0,10101.86,0.0,10101.86,0.0,103451.43000000001,0.0,103451.43000000001,,3926.1733080000004,,3926.1733080000004,,172.93200000000002,,172.93200000000002,,58067.8,,58067.8,,62166.92,,62166.92,,60.09285710212028,,60.09285710212028,0.0,4075.1200000000003,0.0,4075.1200000000003,0.0,41135.56,0.0,41135.56,,,,,,,0.0,0.0,0.0,,,,,595161.44,0.0,698612.8700000001,0.0,0.0,,0.0,,0.0,,,,,,,,698612.8700000001,0.0
695,WEST BENGAL,DARJILING,,3061.3,3061.3,0.0,3061.3,4570.0,103902.0,0.0,108472.0,114759.0,223231.0,2044.2300000000002,38276.66,0.0,40320.89,51.42,,0.0,51.42,7.16,579.92,0.0,587.08,0.0,746.4499999999999,0.0,746.4499999999999,0.0,280.06,0.0,280.06,0.0,0.0,0.0,0.0,,,,,,,,,2102.81,39883.09,0.0,41985.90000000001,,,,,,,,,,,,0.0,,,,0.0,,,,,,,,,,,,,,,,0.0,2102.81,39883.09,0.0,41985.90000000001,210.29,3988.31,0.0,4198.599999999999,1892.52,35894.780000000006,0.0,37787.3,23.991449999999997,3335.103257999999,,3359.0947079999996,0.0,420.92220000000003,,420.92220000000003,0.0,2132.7,,2132.7,23.990000000000002,5888.73,,5912.72,1.267622006636654,16.405533060796024,,15.647373588480784,24.77,3706.84,0.0,3731.6099999999997,1867.75,29634.32,0.0,31502.07,,,,,,,4002.15,29.97,0.0,,,,,648536.45,0.0,686323.75,0.0,0.0,,0.0,,0.0,,,,,,,,686323.75,0.0
696,WEST BENGAL,HAORA,,1600.0,1600.0,1600.0,1600.0,14185.0,46421.0,71749.0,132355.0,0.0,132355.0,4619.72,14523.779999999999,0.0,19143.5,60.39,,0.0,60.39,35.870000000000005,462.94,0.0,498.81,0.0,556.23,0.0,556.23,248.3,932.05,0.0,1180.35,0.0,0.0,0.0,0.0,,,,,,,,,4964.280000000001,16475.0,0.0,21439.28,,,,,,,,,,,,0.0,,,,0.0,,,,,,,,,,,,,,,,0.0,4964.280000000001,16475.0,0.0,21439.28,496.43000000000006,1256.33,0.0,1752.7499999999998,4467.85,15218.67,0.0,19686.52,60.551309999999994,2592.0108539999997,0.0,2652.562164,0.0,340.89919999999995,0.0,340.89919999999995,0.0,1248.0,0.0,1248.0,60.55,4180.92,0.0,4241.469999999999,1.3552379779983659,27.47230868400458,0.0,21.545047067739752,60.55,3041.3099999999995,0.0,3101.8599999999997,4407.299999999999,10588.449999999999,0.0,14995.749999999998,,,,,,,0.0,0.0,0.0,,,,,178107.31,0.0,197793.83,0.0,594.28,,104738.15000000001,,105332.41000000002,,,,,,,,197793.83,0.0
697,WEST BENGAL,HUGLI,,1476.1,1476.1,0.0,1476.1000000000001,185330.0,115041.0,0.0,300371.0,0.0,300371.0,60219.409999999996,37251.270000000004,0.0,97470.68000000001,426.77,,0.0,426.77,1807.2900000000002,1749.3100000000002,0.0,3556.6,11014.160000000002,10785.41,0.0,21799.570000000003,4466.259999999999,2897.6599999999994,0.0,7363.92,0.0,0.0,0.0,0.0,,,,,,,,,77933.88999999998,52683.66,0.0,130617.54999999999,,,,,,,,,,,,0.0,,,,0.0,,,,,,,,,,,,,,,,0.0,77933.88999999998,52683.66,0.0,130617.54999999999,7693.910000000002,4970.78,0.0,12664.68,70239.98,47712.88000000001,0.0,117952.86000000002,4661.842488,5854.443342,,10516.28583,515.9978,1562.0917499999998,,2078.0895499999997,24475.899999999998,26312.699999999997,,50788.600000000006,29653.74,33729.24,,63382.97999999999,42.21775120095422,70.69210661775183,,53.73585684993139,5053.469999999999,6126.730000000001,0.0,11180.2,40194.59999999999,14058.31,0.0,54252.90999999999,,,,,,,940.8,0.0,0.0,,,,,896472.23,0.0,1014425.0899999999,0.0,0.0,,0.0,,0.0,,,,,,,,1014425.0899999999,0.0
698,WEST BENGAL,JALPAIGURI,,3468.2999999999997,3468.3,0.0,3468.3,19391.0,320828.0,0.0,340219.0,0.0,340219.0,10139.119999999999,167754.02000000002,0.0,177893.14,164.29,,0.0,164.29,23.75,506.3499999999999,0.0,530.0999999999999,0.0,5715.2300000000005,0.0,5715.2300000000005,0.0,945.01,0.0,945.01,0.0,0.0,0.0,0.0,,,,,,,,,10327.16,174920.6,0.0,185247.76,,,,,,,,,,,,0.0,,,,0.0,,,,,,,,,,,,,,,,0.0,10327.16,174920.6,0.0,185247.76,1032.71,17492.08,0.0,18524.780000000002,9294.45,157428.52,0.0,166722.97,165.79614,6083.421858,,6249.217997999999,0.0,1482.4262399999998,,1482.4262399999998,0.0,12700.500000000002,,12700.500000000002,165.78000000000003,20266.34,,20432.12,1.7836450785145976,12.873359922331737,,12.255131971317448,185.60000000000002,8582.47,0.0,8768.07,9108.87,134663.13,0.0,143772.0,,,,,,,36330.115000000005,176.28599999999997,0.0,,,,,4984341.16,0.0,5151064.13,0.0,0.0,,0.0,,0.0,,,,,,,,5151064.13,0.0
699,WEST BENGAL,JHARGRAM,,1535.5,1535.5,0.0,1535.5,172784.0,129276.0,0.0,302060.0,0.0,302060.0,52513.22,36637.86,0.0,89151.07999999999,621.78,,0.0,621.78,1356.9,1306.6200000000001,0.0,2663.52,4304.66,4888.659999999999,0.0,9193.32,153.17000000000002,1264.42,0.0,1417.59,0.0,0.0,0.0,0.0,,,,,,,,,58949.73,44097.55999999999,0.0,103047.29,,,,,,,,,,,,0.0,,,,0.0,,,,,,,,,,,,,,,,0.0,58949.73,44097.55999999999,0.0,103047.29,4722.44,3096.87,0.0,7819.31,54227.28999999999,41000.689999999995,0.0,95227.98,1440.1856099999998,1350.898872,,2791.0844819999993,249.472,1.024,,250.496,9565.9,10863.699999999999,,20429.6,11255.55,12215.62,,23471.17,20.756246531958354,29.79369371588625,,24.647346294649957,1494.23,1415.6799999999998,0.0,2909.9100000000003,42917.689999999995,28720.289999999997,0.0,71637.98,,,,,,,0.0,0.0,0.0,,,,,436399.64,0.0,531627.62,0.0,0.0,,0.0,,0.0,,,,,,,,531627.62,0.0
700,WEST BENGAL,KALIMPONG,,0.0,3061.3,0.0,3061.3,0.0,21071.0,0.0,21071.0,84289.0,105360.0,0.0,3630.3599999999997,0.0,3630.3599999999997,0.0,,0.0,0.0,0.0,287.58,0.0,287.58,0.0,0.0,0.0,0.0,0.0,0.0,0.0,0.0,0.0,0.0,0.0,0.0,,,,,,,,,0.0,3917.9399999999996,0.0,3917.9399999999996,,,,,,,,,,,,0.0,,,,0.0,,,,,,,,,,,,,,,,0.0,0.0,3917.9399999999996,0.0,3917.9399999999996,0.0,391.79999999999995,0.0,391.79999999999995,0.0,3526.1400000000003,0.0,3526.1400000000003,,62.328385499999996,,62.328385499999996,,2.4499999999999997,,2.4499999999999997,,0.0,,0.0,,64.77,,64.77,,1.836852762510847,,1.836852762510847,0.0,62.82,0.0,62.82,0.0,3460.88,0.0,3460.88,,,,,,,0.0,0.0,0.0,,,,,114209.0,0.0,117735.14,0.0,0.0,,0.0,,0.0,,,,,,,,117735.14,0.0
701,WEST BENGAL,KOCH BIHAR,,0.0,3286.3000000000006,0.0,3286.3000000000006,0.0,339637.0,0.0,339637.0,0.0,339637.0,0.0,173257.16000000003,0.0,173257.16000000003,0.0,,0.0,0.0,0.0,484.1,0.0,484.1,0.0,35558.450000000004,0.0,35558.450000000004,0.0,4539.780000000001,0.0,4539.780000000001,0.0,0.0,0.0,0.0,,,,,,,,,0.0,213839.49000000002,0.0,213839.49000000002,,,,,,,,,,,,0.0,,,,0.0,,,,,,,,,,,,,,,,0.0,0.0,213839.49000000002,0.0,213839.49000000002,0.0,21383.949999999997,0.0,21383.949999999997,0.0,192455.54,0.0,192455.54,,6883.6382220000005,,6883.6382220000005,,92.75999999999999,,92.75999999999999,,79018.79999999999,,79018.79999999999,,85995.17000000001,,85995.17000000001,,44.68313564784886,,44.68313564784886,0.0,7285.719999999999,0.0,7285.719999999999,0.0,106058.28,0.0,106058.28,,,,,,,26878.225,271.00299999999993,0.0,,,,,5235259.03,0.0,5427714.569999999,0.0,0.0,,0.0,,0.0,,,,,,,,5427714.569999999,0.0
702,WEST BENGAL,KOLKATTA,,0.0,0.0,0.0,0.0,0.0,0.0,18700.0,18700.0,0.0,18700.0,,,,,,,,,,,,,,,,,,,,,,,,,0.0,0.0,0.0,0.0,0.0,0.0,0.0,0.0,0.0,0.0,0.0,,,,,,,,,,,,,0.0,,,,0.0,,,,,,,,,,,,,,,,0.0,0.0,0.0,0.0,0.0,,,,0.0,0.0,0.0,0.0,0.0,,,0.0,0.0,,,0.0,0.0,,,0.0,0.0,,,0.0,0.0,,,0.0,0.0,0.0,0.0,0.0,0.0,0.0,0.0,0.0,0.0,,,,,,,0.0,0.0,0.0,,,,,0.0,0.0,0.0,0.0,40.39,,12690.94,,12731.33,,,,,,,,0.0,0.0
703,WEST BENGAL,MALDA,,0.0,1447.6,0.0,1447.6,0.0,323886.0,0.0,323886.0,0.0,323886.0,0.0,93844.18000000001,0.0,93844.18000000001,0.0,,0.0,0.0,0.0,2902.84,0.0,2902.84,0.0,12506.07,0.0,12506.07,0.0,8055.010000000001,0.0,8055.010000000001,0.0,0.0,0.0,0.0,,,,,,,,,0.0,117308.10999999997,0.0,117308.10999999997,,,,,,,,,,,,0.0,,,,0.0,,,,,,,,,,,,,,,,0.0,0.0,117308.10999999997,0.0,117308.10999999997,0.0,9891.17,0.0,9891.17,0.0,107416.94000000002,0.0,107416.94000000002,,10146.175392000001,,10146.175392000001,,260.6496000000001,,260.6496000000001,,27805.499999999996,,27805.499999999996,,38212.3,,38212.3,,35.57381172839219,,35.57381172839219,0.0,11251.119999999999,0.0,11251.119999999999,0.0,68099.70000000001,0.0,68099.70000000001,,,,,,,12467.98,21.057,0.0,,,,,1894301.3900000001,0.0,2001718.33,0.0,0.0,,0.0,,0.0,,,,,,,,2001718.33,0.0
704,WEST BENGAL,MURSHIDABAD,,1433.1999999999998,1433.2,0.0,1433.2,197437.0,315901.0,0.0,513338.0,0.0,513338.0,52983.03999999999,95590.48,0.0,148573.52000000002,354.11999999999995,,0.0,354.11999999999995,396.43999999999994,938.07,0.0,1334.5100000000002,11926.440000000002,28801.350000000002,0.0,40727.79000000001,6626.869999999999,5411.970000000001,0.0,12038.840000000002,0.0,0.0,0.0,0.0,,,,,,,,,72286.90999999999,130741.87,0.0,203028.77999999997,,,,,,,,,,,,0.0,,,,0.0,,,,,,,,,,,,,,,,0.0,72286.90999999999,130741.87,0.0,203028.77999999997,5926.61,10954.769999999999,0.0,16881.379999999997,66360.3,119787.1,0.0,186147.4,4951.9403999999995,12980.232492,,17932.172892000002,112.473,307.40975,,419.88275000000004,26503.199999999997,64401.6,,90904.79999999999,31567.64,77689.20000000001,,109256.84000000003,47.5700682486366,64.85606546948712,,58.69372336116434,10256.67,15214.099999999999,0.0,25470.770000000004,34566.28,39992.63,0.0,74558.91,,,,,,,2869.35,55.504999999999995,0.0,,,,,1307109.3499999999,0.0,1493256.75,0.0,0.0,,0.0,,0.0,,,,,,,,1493256.75,0.0
705,WEST BENGAL,NADIA,,0.0,1443.8000000000002,0.0,1443.8000000000002,0.0,379789.0,0.0,379789.0,0.0,379789.0,0.0,120158.47000000002,0.0,120158.47000000002,0.0,,0.0,0.0,0.0,1422.71,0.0,1422.71,0.0,60856.20000000001,0.0,60856.20000000001,0.0,7014.889999999999,0.0,7014.889999999999,0.0,0.0,0.0,0.0,,,,,,,,,0.0,189452.27,0.0,189452.27,,,,,,,,,,,,0.0,,,,0.0,,,,,,,,,,,,,,,,0.0,0.0,189452.27,0.0,189452.27,0.0,17889.550000000003,0.0,17889.550000000003,0.0,171562.72000000006,0.0,171562.72000000006,,11358.045179999997,,11358.045179999997,,457.4878999999999,,457.4878999999999,,135235.99999999997,,135235.99999999997,,147051.53,,147051.53,,85.71298589810185,,85.71298589810185,0.0,12202.949999999999,0.0,12202.949999999999,0.0,23666.300000000003,0.0,23666.300000000003,,,,,,,0.0,7.976401184415576,0.0,,,,,2493679.91,0.0,2665242.63,0.0,0.0,,0.0,,0.0,,,,,,,,2665242.63,0.0
706,WEST BENGAL,NORTH 24 PARGANAS,,0.0,1623.6,1623.6,1623.6,0.0,294213.0,93020.0,387233.0,0.0,387233.0,0.0,98331.23,0.0,98331.23,0.0,,0.0,0.0,0.0,434.31,0.0,434.31,0.0,37826.21000000001,0.0,37826.21000000001,0.0,18529.96,0.0,18529.96,0.0,0.0,0.0,0.0,,,,,,,,,0.0,155121.71,0.0,155121.71,,,,,,,,,,,,0.0,,,,0.0,,,,,,,,,,,,,,,,0.0,0.0,155121.71,0.0,155121.71,0.0,11584.109999999999,0.0,11584.109999999999,0.0,143537.6,0.0,143537.6,,12826.775249999999,0.0,12826.775249999999,,560.4961599999999,0.0,560.4961599999999,,84074.19999999998,0.0,84074.19999999998,,97461.44000000002,0.0,97461.44000000002,,67.89958867920322,0.0,67.89958867920322,0.0,14196.579999999998,0.0,14196.579999999998,0.0,44706.37,0.0,44706.37,,,,,,,0.0,164.883,0.0,,,,,1366823.65,0.0,1510361.2500000002,0.0,1021.73,,182275.37999999998,,183297.12,,,,,,,,1510361.2500000002,0.0
707,WEST BENGAL,PASCHIM BARDDHAMAN,,1348.2,1348.2,0.0,1348.2,15440.0,143725.0,0.0,159165.0,0.0,159165.0,974.56,19127.949999999997,0.0,20102.51,122.99000000000001,,0.0,122.99000000000001,56.65,185.57999999999998,0.0,242.23000000000002,0.0,996.28,0.0,996.28,0.0,3872.66,0.0,3872.66,0.0,0.0,0.0,0.0,,,,,,,,,1154.2,24182.47,0.0,25336.670000000002,,,,,,,,,,,,0.0,,,,0.0,,,,,,,,,,,,,,,,0.0,1154.2,24182.47,0.0,25336.670000000002,115.42,2181.47,0.0,2296.89,1038.78,22001.0,0.0,23039.78,36.68907,4854.488028,,4891.177098,0.0,4395.16608,,4395.16608,0.0,2602.84,,2602.84,36.69,11852.499999999998,,11889.189999999999,3.532027955871311,53.87255124767055,,51.60287988861004,36.69,5251.3099999999995,0.0,5288.0,1002.09,9908.319999999998,0.0,10910.409999999998,,,,,,,3045.8687499999996,7.638,0.0,,,,,280710.57999999996,0.0,303750.36,0.0,0.0,,0.0,,0.0,,,,,,,,303750.36,0.0
708,WEST BENGAL,PASCHIM MEDINIPUR,,1565.6,1565.6000000000004,0.0,1565.6000000000004,169765.0,461912.0,0.0,631677.0,0.0,631677.0,50669.829999999994,138686.31999999998,0.0,189356.15,821.8799999999999,,0.0,821.8799999999999,502.7999999999999,1076.3700000000001,0.0,1579.17,7215.23,35867.3,0.0,43082.530000000006,1814.1400000000003,5913.48,0.0,7727.620000000002,0.0,0.0,0.0,0.0,,,,,,,,,61023.87000000001,181543.47,0.0,242567.34,,,,,,,,,,,,0.0,,,,0.0,,,,,,,,,,,,,,,,0.0,61023.87000000001,181543.47,0.0,242567.34,6062.72,17228.5,0.0,23291.220000000005,54961.15,164314.97000000003,0.0,219276.12000000002,2882.6764139999996,8829.008214000001,,11711.684628000003,815.3664,386.7199999999999,,1202.0864,16033.8,87152.59999999999,,103186.4,19731.84,96368.32,,116100.16,35.90143219346757,58.648533362480606,,52.94701493258819,2999.83,9307.96,0.0,12307.789999999999,35112.15,67533.62,0.0,102645.76999999999,,,,,,,4096.305,21.384,0.0,,,,,1227549.4800000002,0.0,1446825.6,0.0,0.0,,0.0,,0.0,,,,,,,,1446825.6,0.0
709,WEST BENGAL,PURBA BARDDHAMAN,,1348.1999999999998,1348.1999999999998,0.0,1348.2,460666.0,82603.0,0.0,543269.0,0.0,543269.0,124361.94,22787.050000000003,0.0,147148.99000000002,3110.3900000000003,,0.0,3110.3900000000003,1561.2299999999998,405.72,0.0,1966.9499999999998,28573.649999999994,8814.769999999999,0.0,37388.420000000006,10773.19,3155.04,0.0,13928.229999999998,0.0,0.0,0.0,0.0,,,,,,,,,168380.39999999997,35162.58,0.0,203542.97999999995,,,,,,,,,,,,0.0,,,,0.0,,,,,,,,,,,,,,,,0.0,168380.39999999997,35162.58,0.0,203542.97999999995,14923.26,3516.26,0.0,18439.51,153457.14,31646.32,0.0,185103.45999999993,8347.547664,2912.2436040000002,,11259.791268,775.82,223.36000000000004,,999.1800000000001,63497.0,20443.199999999997,,83940.2,72620.34999999999,23578.79,,96199.13999999998,47.32288768056018,74.50720968504395,,51.970471000380016,8704.02,3084.74,0.0,11788.760000000002,80480.31000000001,9367.24,0.0,89847.55000000002,,,,,,,6165.719999999999,0.0,0.0,,,,,1182837.9600000002,0.0,1367941.4200000002,0.0,0.0,,0.0,,0.0,,,,,,,,1367941.4200000002,0.0
710,WEST BENGAL,PURBA MEDINIPUR,,0.0,1669.6,1669.6000000000004,1669.5999999999997,0.0,164955.0,216040.0,380995.0,0.0,380995.0,0.0,56117.12,0.0,56117.12,0.0,,0.0,0.0,0.0,166.44,0.0,166.44,0.0,6324.85,0.0,6324.85,0.0,4506.71,0.0,4506.71,0.0,0.0,0.0,0.0,,,,,,,,,0.0,67115.12000000001,0.0,67115.12000000001,,,,,,,,,,,,0.0,,,,0.0,,,,,,,,,,,,,,,,0.0,0.0,67115.12000000001,0.0,67115.12000000001,0.0,6711.52,0.0,6711.52,0.0,60403.6,0.0,60403.6,,4799.902278,0.0,4799.902278,,7.388,0.0,7.388,,17103.2,0.0,17103.2,,21910.51,0.0,21910.51,,36.27351681025634,0.0,36.27351681025634,0.0,5247.87,0.0,5247.87,0.0,38045.11,0.0,38045.11,,,,,,,0.0,0.0,0.0,,,,,360994.79,0.0,421398.38999999996,0.0,3043.7300000000005,,277527.04,,280570.74000000005,,,,,,,,421398.38999999996,0.0
711,WEST BENGAL,PURULIYA,,0.0,1363.3,0.0,1363.3,0.0,619313.0,0.0,619313.0,0.0,619313.0,0.0,40118.37,0.0,40118.37,0.0,,0.0,0.0,0.0,5099.800000000001,0.0,5099.800000000001,0.0,899.9499999999998,0.0,899.9499999999998,0.0,13301.939999999999,0.0,13301.939999999999,0.0,0.0,0.0,0.0,,,,,,,,,0.0,59420.02,0.0,59420.02,,,,,,,,,,,,0.0,,,,0.0,,,,,,,,,,,,,,,,0.0,0.0,59420.02,0.0,59420.02,0.0,5803.12,0.0,5803.12,0.0,53616.90000000001,0.0,53616.90000000001,,7141.556712,,7141.556712,,109.8578,,109.8578,,2001.1999999999996,,2001.1999999999996,,9252.619999999997,,9252.619999999997,,17.25690966840678,,17.25690966840678,0.0,7635.530000000001,0.0,7635.530000000001,0.0,43870.32,0.0,43870.32,,,,,,,152.05124999999998,0.0,0.0,,,,,132321.99000000002,0.0,185938.89,0.0,0.0,,0.0,,0.0,,,,,,,,185938.89,0.0
712,WEST BENGAL,SOUTH 24 PARGANAS,,0.0,0.0,0.0,0.0,0.0,0.0,551301.0,551301.0,0.0,551301.0,,,,,,,,,,,,,,,,,,,,,,,,,,,,,,,,,,,,,,,,,,,,,,,,0.0,,,,0.0,,,,,,,,,,,,,,,,0.0,,,,0.0,,,,0.0,0.0,0.0,0.0,0.0,,,0.0,0.0,,,0.0,0.0,,,0.0,0.0,,,0.0,0.0,,,0.0,0.0,0.0,0.0,0.0,0.0,0.0,0.0,0.0,0.0,,,,,,,0.0,0.0,0.0,,,,,0.0,0.0,0.0,0.0,6236.2,,424727.89999999997,,430964.0800000001,,,,,,,,0.0,0.0
713,WEST BENGAL,UTTAR DINAJPUR,,1912.4,1912.4,0.0,1912.3999999999999,18645.0,300638.0,0.0,319283.0,0.0,319283.0,5411.61,89176.5,0.0,94588.10999999999,417.02,,0.0,417.02,19.08,534.49,0.0,553.5700000000002,0.0,19541.300000000003,0.0,19541.300000000003,0.0,5638.319999999999,0.0,5638.319999999999,0.0,0.0,0.0,0.0,,,,,,,,,5847.71,114890.61000000002,0.0,120738.32,,,,,,,,,,,,0.0,,,,0.0,,,,,,,,,,,,,,,,0.0,5847.71,114890.61000000002,0.0,120738.32,584.78,9724.489999999998,0.0,10309.269999999999,5262.93,105166.12,0.0,110429.04999999999,451.33709999999996,7538.631743999999,,7989.968843999999,0.0,328.89599999999996,,328.89599999999996,0.0,43425.1,,43425.1,451.34,51292.64,,51743.979999999996,8.575831333496739,48.772969849985905,,46.85721737169703,496.14,8246.009999999998,0.0,8742.15,4766.78,53166.09999999999,0.0,57932.87999999999,,,,,,,9473.9,194.75300000000001,0.0,,,,,2404325.41,0.0,2514754.4600000004,0.0,0.0,,0.0,,0.0,,,,,,,,2514754.4600000004,0.0
Total,,,,881.9769348166548,1188.2708898228043,450.6510374623995,1046.3356267854638,71736688.56890272,156570934.69224244,17513275.794325985,245820899.0563716,47767215.79551472,293588114.85157907,9355641.006870998,17516949.208972037,907702.8007563715,27780293.01659943,3368638.771518735,0.0,803590.0100000002,4172248.7315187342,4608333.006336935,1457939.9544050442,294845.2822555852,6361118.1252659485,2980240.5716098435,2734072.124431849,58537.19549191379,5772849.791533612,436246.79592447577,802506.2812816785,36141.37000000001,1274894.4572061545,344191.00672010035,882850.1421952272,16575.70660382916,1243616.8535191563,10254.8451136275,33875.933419477544,0.0,44130.77853310503,3787.5,413.0,0.0,4200.5,21107457.87479741,23428608.68747026,2117392.3917612946,46651079.694028996,0.0,0.0,0.0,0.0,,,,,0.0,0.0,0.0,0.0,0.0,0.0,0.0,0.0,0.0,4780.570000000001,0.0,4780.570000000001,0.0,390167.51000000007,0.0,390167.51000000007,0.0,282.08000000000004,0.0,282.08000000000004,0.0,-395230.16000000003,0.0,-395230.16000000003,21107457.87479741,23033378.52747026,2117392.3917612946,46255849.534029,1783795.3224076885,1974327.3647887858,184807.48603336187,3942929.6032298384,19323662.52362519,21059051.439573895,1932584.905727933,42315298.868926995,1181736.2279627428,1525720.8063897698,28562.366855381293,2736019.401207891,227591.72178798352,166432.1008290942,2555.44,396579.26261707797,11007611.656477565,9922767.488391642,593809.7852007592,21524188.93006993,12416938.762384577,11614923.038128925,624926.7205883386,24656788.45110188,64.25768793676446,55.15406556395182,32.3363138528163,59.51026905327333,1270686.8645700694,1770106.6611882679,30253.446067285087,3042455.1118256226,8747173.502478765,10521075.91964823,1571442.5743865713,19268249.422126994,,,,,,,1411746.02200257,10514.471375584415,809.7198598992799,,,,,115015228.13934372,2383035.39,155441058.9744149,4315620.295727932,978447.7100000001,,177870973.75,,178849421.3700001,,,,,,,,155441058.9744149,4315620.295727932
