S.No,STATE,DISTRICT,ASSESSMENT UNIT,Rainfall (mm)_C,Rainfall (mm)_NC,Rainfall (mm)_PQ,Rainfall (mm)_Total,Total Geographical Area (ha)_Recharge Worthy Area (ha)_C,Total Geographical Area (ha)_Recharge Worthy Area (ha)_NC,Total Geographical Area (ha)_Recharge Worthy Area (ha)_PQ,Total Geographical Area (ha)_Recharge Worthy Area (ha)_Total,Total Geographical Area (ha)_Hilly Area_Total,Total Geographical Area (ha)_Total_Total,Ground Water Recharge (ham)_Rainfall Recharge_C,Ground Water Recharge (ham)_Rainfall Recharge_NC,Ground Water Recharge (ham)_Rainfall Recharge_PQ,Ground Water Recharge (ham)_Rainfall Recharge_Total,Ground Water Recharge (ham)_Canals_C,Ground Water Recharge (ham)_Canals_NC,Ground Water Recharge (ham)_Canals_PQ,Ground Water Recharge (ham)_Canals_Total,Ground Water Recharge (ham)_Surface Water Irrigation_C,Ground Water Recharge (ham)_Surface Water Irrigation_NC,Ground Water Recharge (ham)_Surface Water Irrigation_PQ,Ground Water Recharge (ham)_Surface Water Irrigation_Total,Ground Water Recharge (ham)_Ground Water Irrigation_C,Ground Water Recharge (ham)_Ground Water Irrigation_NC,Ground Water Recharge (ham)_Ground Water Irrigation_PQ,Ground Water Recharge (ham)_Ground Water Irrigation_Total,Ground Water Recharge (ham)_Tanks and Ponds_C,Ground Water Recharge (ham)_Tanks and Ponds_NC,Ground Water Recharge (ham)_Tanks and Ponds_PQ,Ground Water Recharge (ham)_Tanks and Ponds_Total,Ground Water Recharge (ham)_Water Conservation Structure_C,Ground Water Recharge (ham)_Water Conservation Structure_NC,Ground Water Recharge (ham)_Water Conservation Structure_PQ,Ground Water Recharge (ham)_Water Conservation Structure_Total,Ground Water Recharge (ham)_Pipelines_C,Ground Water Recharge (ham)_Pipelines_NC,Ground Water Recharge (ham)_Pipelines_PQ,Ground Water Recharge (ham)_Pipelines_Total,Ground Water Recharge (ham)_Sewages and Flash Flood Channels_C,Ground Water Recharge (ham)_Sewages and Flash Flood Channels_NC,Ground Water Recharge (ham)_Sewages and Flash Flood Channels_PQ,Ground Water Recharge (ham)_Sewages and Flash Flood Channels_Total,Ground Water Recharge (ham)_C_Total,Ground Water Recharge (ham)_NC_Total,Ground Water Recharge (ham)_PQ_Total,Ground Water Recharge (ham)_Total_Total,Inflows and Outflows (ham)_Base Flow_C,Inflows and Outflows (ham)_Base Flow_NC,Inflows and Outflows (ham)_Base Flow_PQ,Inflows and Outflows (ham)_Base Flow_Total,Inflows and Outflows (ham)_Stream Recharges_C,Inflows and Outflows (ham)_Stream Recharges_NC,Inflows and Outflows (ham)_Stream Recharges_PQ,Inflows and Outflows (ham)_Stream Recharges_Total,Inflows and Outflows (ham)_Lateral Flows_C,Inflows and Outflows (ham)_Lateral Flows_NC,Inflows and Outflows (ham)_Lateral Flows_PQ,Inflows and Outflows (ham)_Lateral Flows_Total,Inflows and Outflows (ham)_Vertical Flows_C,Inflows and Outflows (ham)_Vertical Flows_NC,Inflows and Outflows (ham)_Vertical Flows_PQ,Inflows and Outflows (ham)_Vertical Flows_Total,Inflows and Outflows (ham)_Evaporation_C,Inflows and Outflows (ham)_Evaporation_NC,Inflows and Outflows (ham)_Evaporation_PQ,Inflows and Outflows (ham)_Evaporation_Total,Inflows and Outflows (ham)_Transpiration_C,Inflows and Outflows (ham)_Transpiration_NC,Inflows and Outflows (ham)_Transpiration_PQ,Inflows and Outflows (ham)_Transpiration_Total,Inflows and Outflows (ham)_Evapotranspiration_C,Inflows and Outflows (ham)_Evapotranspiration_NC,Inflows and Outflows (ham)_Evapotranspiration_PQ,Inflows and Outflows (ham)_Evapotranspiration_Total,Inflows and Outflows (ham)_C_Total,Inflows and Outflows (ham)_NC_Total,Inflows and Outflows (ham)_PQ_Total,Inflows and Outflows (ham)_Total_Total,Annual Ground water Recharge (ham)_Total_C,Annual Ground water Recharge (ham)_Total_NC,Annual Ground water Recharge (ham)_Total_PQ,Annual Ground water Recharge (ham)_Total_Total,Environmental Flows (ham)_Total_C,Environmental Flows (ham)_Total_NC,Environmental Flows (ham)_Total_PQ,Environmental Flows (ham)_Total_Total,Annual Extractable Ground water Resource (ham)_Total_C,Annual Extractable Ground water Resource (ham)_Total_NC,Annual Extractable Ground water Resource (ham)_Total_PQ,Annual Extractable Ground water Resource (ham)_Total_Total,Ground Water Extraction for all uses (ha.m)_Domestic_C,Ground Water Extraction for all uses (ha.m)_Domestic_NC,Ground Water Extraction for all uses (ha.m)_Domestic_PQ,Ground Water Extraction for all uses (ha.m)_Domestic_Total,Ground Water Extraction for all uses (ha.m)_Industrial_C,Ground Water Extraction for all uses (ha.m)_Industrial_NC,Ground Water Extraction for all uses (ha.m)_Industrial_PQ,Ground Water Extraction for all uses (ha.m)_Industrial_Total,Ground Water Extraction for all uses (ha.m)_Irrigation_C,Ground Water Extraction for all uses (ha.m)_Irrigation_NC,Ground Water Extraction for all uses (ha.m)_Irrigation_PQ,Ground Water Extraction for all uses (ha.m)_Irrigation_Total,Ground Water Extraction for all uses (ha.m)_C_Total,Ground Water Extraction for all uses (ha.m)_NC_Total,Ground Water Extraction for all uses (ha.m)_PQ_Total,Ground Water Extraction for all uses (ha.m)_Total_Total,Stage of Ground Water Extraction (%)_Total_C,Stage of Ground Water Extraction (%)_Total_NC,Stage of Ground Water Extraction (%)_Total_PQ,Stage of Ground Water Extraction (%)_Total_Total,Allocation of Ground Water Resource for Domestic Utilisation for projected year 2025 (ham)_Total_C,Allocation of Ground Water Resource for Domestic Utilisation for projected year 2025 (ham)_Total_NC,Allocation of Ground Water Resource for Domestic Utilisation for projected year 2025 (ham)_Total_PQ,Allocation of Ground Water Resource for Domestic Utilisation for projected year 2025 (ham)_Total_Total,Net Annual Ground Water Availability for Future Use (ham)_Total_C,Net Annual Ground Water Availability for Future Use (ham)_Total_NC,Net Annual Ground Water Availability for Future Use (ham)_Total_PQ,Net Annual Ground Water Availability for Future Use (ham)_Total_Total,Quality Tagging_Major Parameter Present_C,Quality Tagging_Major Parameter Present_NC,Quality Tagging_Major Parameter Present_PQ,Quality Tagging_Other Parameters Present_C,Quality Tagging_Other Parameters Present_NC,Quality Tagging_Other Parameters Present_PQ,Additional Potential Resources Under Specific Conditions(ham)_Other Parameters Present_Waterlogged and shallow water Table,Additional Potential Resources Under Specific Conditions(ham)_Other Parameters Present_Flood Prone,Additional Potential Resources Under Specific Conditions(ham)_Other Parameters Present_Spring Discharge,Coastal Areas_Other Parameters Present_C,Coastal Areas_Other Parameters Present_NC,Coastal Areas_Other Parameters Present_PQ,Coastal Areas_Other Parameters Present_Total,In-Storage Unconfined Ground Water Resources(ham)_Other Parameters Present_Fresh,In-Storage Unconfined Ground Water Resources(ham)_Other Parameters Present_Saline,Total Ground Water Availability in Unconfined Aquifier (ham)_Other Parameters Present_Fresh,Total Ground Water Availability in Unconfined Aquifier (ham)_Other Parameters Present_Saline,Dynamic Confined Ground Water Resources(ham)_Other Parameters Present_Fresh,Dynamic Confined Ground Water Resources(ham)_Other Parameters Present_Saline,In-Storage Confined Ground Water Resources(ham)_Other Parameters Present_Fresh,In-Storage Confined Ground Water Resources(ham)_Other Parameters Present_Saline,Total Confined Ground Water Resources (ham)_Other Parameters Present_Fresh,Total Confined Ground Water Resources (ham)_Other Parameters Present_Saline,Dynamic Semi Confined Ground Water Resources (ham)_Other Parameters Present_Fresh,Dynamic Semi Confined Ground Water Resources (ham)_Other Parameters Present_Saline,In-Storage Semi Confined Ground Water Resources (ham)_Other Parameters Present_Fresh,In-Storage Semi Confined Ground Water Resources (ham)_Other Parameters Present_Saline,Total Semi-Confined Ground Water Resources (ham)_Other Parameters Present_Fresh,Total Semi-Confined Ground Water Resources (ham)_Other Parameters Present_Saline,Total Ground Water Availability in the area (ham)_Other Parameters Present_Fresh,Total Ground Water Availability in the area (ham)_Other Parameters Present_Saline
1,ANDAMAN AND NICOBAR ISLANDS,N & M ANDAMAN,,0.0,3015.699999999999,0.0,3015.6999999999994,0.0,58040.0,0.0,58040.0,286106.0,344146.0,0.0,16376.359999999999,0.0,16376.359999999999,0.0,,0.0,0.0,0.0,0.0,0.0,0.0,0.0,0.0,0.0,0.0,0.0,12.63,0.0,12.63,0.0,0.0,0.0,0.0,,,,,,,,,0.0,16388.99,0.0,16388.99,,,,,,,,,,,,0.0,,,,0.0,,,,,,,,,,,,,,,,0.0,0.0,16388.99,0.0,16388.99,0.0,1638.9,0.0,1638.9,0.0,14750.089999999998,0.0,14750.089999999998,,251.32896249999996,,251.32896249999996,,83.03693234600001,,83.03693234600001,,0.804,,0.804,,335.17,,335.17,,2.2723251180162296,,2.2723251180162296,0.0,269.19,0.0,269.19,0.0,14397.060000000001,0.0,14397.060000000001,,,,,,,0.0,0.0,0.0,,,,,0.0,0.0,14750.09,0.0,0.0,,0.0,,0.0,,,,,,,,14750.09,0.0
2,ANDAMAN AND NICOBAR ISLANDS,NICOBAR,,0.0,2805.2,2805.2000000000003,2805.2000000000003,0.0,121615.0,828.0,122443.0,71723.0,194166.0,0.0,34663.16,348.4,35011.56,0.0,,0.0,0.0,0.0,0.0,0.0,0.0,0.0,0.0,0.0,0.0,0.0,1.0,0.0,1.0,0.0,0.0,0.0,0.0,,,,,,,,,0.0,34664.159999999996,348.4,35012.56,,,,,,,,,,,,0.0,,,,0.0,,,,,,,,,,,,,,,,0.0,0.0,34664.159999999996,348.4,35012.56,0.0,3466.4100000000003,34.84,3501.2500000000005,0.0,31197.749999999996,313.56,31511.309999999998,,84.672335,3.023295,87.69563000000001,,0.9433643835616439,0.0,0.9433643835616439,,0.253,0.0,0.253,,85.84,3.0300000000000002,88.87,,0.27514804753547933,0.9663222349789514,0.27514804753547933,0.0,90.68,0.0,93.92,0.0,31105.91,313.55,31105.91,,,,,,,0.0,0.0,0.0,,,,,56008.0,0.0,87205.75000000001,313.56,0.0,,0.0,,0.0,,,,,,,,87205.75000000001,313.56
3,ANDAMAN AND NICOBAR ISLANDS,SOUTH ANDAMAN,,0.0,3015.7,0.0,3015.7000000000003,0.0,31524.0,0.0,31524.0,215659.81,247183.81,0.0,10777.26,0.0,10777.26,0.0,,0.0,0.0,0.0,0.0,0.0,0.0,0.0,0.0,0.0,0.0,0.0,12.510000000000002,0.0,12.510000000000002,0.0,0.0,0.0,0.0,,,,,,,,,0.0,10789.77,0.0,10789.77,,,,,,,,,,,,0.0,,,,0.0,,,,,,,,,,,,,,,,0.0,0.0,10789.77,0.0,10789.77,0.0,1078.9699999999998,0.0,1078.9699999999998,0.0,9710.8,0.0,9710.8,,309.63278499999996,,309.63278499999996,,13.543,,13.543,,10.647,,10.647,,333.79999999999995,,333.79999999999995,,3.437409894138485,,3.437409894138485,0.0,331.62000000000006,0.0,331.62000000000006,0.0,9355.019999999999,0.0,9355.019999999999,,,,,,,0.0,0.0,0.0,,,,,1045.0,0.0,10755.8,0.0,0.0,,0.0,,0.0,,,,,,,,10755.8,0.0
4,ANDHRA PRADESH,Alluri Sitharama Raju,,0.0,1310.5620660516975,0.0,1310.5620660516975,0.0,639234.6759947998,0.0,639234.6759947998,586107.7108381618,1225342.3868329613,0.0,46524.04999999999,0.0,46524.04999999999,,,,,0.0,1231.7300000000002,0.0,1231.7300000000002,0.0,9.34,0.0,9.34,,68.13,,68.13,,3170.2019999999993,,3170.2019999999993,,,,,,,,,0.0,51002.979999999996,0.0,51002.979999999996,,,,,,,,,,,,0.0,,,,0.0,,,,,,,,,,,,,,,,0.0,0.0,51002.979999999996,0.0,51002.979999999996,0.0,2550.3,0.0,2550.3,0.0,48452.67999999999,0.0,48452.67999999999,,1598.2630920000001,,1598.2630920000001,,0.0,,0.0,,577.94,,577.94,,2177.11,,2177.11,,4.49327054767662,,4.49327054767662,0.0,1810.5600000000002,0.0,1810.5600000000002,0.0,46338.219999999994,0.0,46338.219999999994,,,,,,,,,,,,,,0.0,0.0,48452.67999999999,0.0,0.0,,0.0,,0.0,,,,,,,,48452.67999999999,0.0
5,ANDHRA PRADESH,Anakapalli,,1186.254184586108,1167.7705700847148,0.0,1170.582267406364,52550.0,292904.65992,0.0,345454.65992,83681.41,429136.06992,6193.750000000001,31363.489999999998,0.0,37557.24,1822.79,,15.18,1837.9699999999998,7505.169999999999,18556.479999999996,0.0,26061.649999999998,861.4700000000001,3151.9900000000002,0.0,4013.4600000000005,369.17999999999995,1754.9499999999996,0.0,2124.1299999999997,336.0,3963.558000000001,0.0,4299.558000000002,,,,,,,,,17101.550000000003,58790.63,15.18,75907.36000000002,,,,,,,,,,,,0.0,,,,0.0,,,,,,,,,,,,,,,,0.0,17101.550000000003,58790.63,15.18,75907.36000000002,855.0899999999999,2939.5400000000004,0.76,3795.3900000000003,16246.460000000003,55851.09000000001,14.42,72111.97,879.444108,4049.622828,,4929.066935999999,31.896,432.9894,,464.8854,3005.6002801000004,11231.655157699997,,14237.2554378,3916.97,15714.14,,19631.11,24.109682970936433,28.135780340186727,,27.228539666049677,1062.3700000000001,4891.830000000001,0.0,5954.200000000001,12243.75,39650.57,14.42,51894.32,,,,,,,,,,,,,,1212836.39,0.0,1284933.93,14.42,0.0,,0.0,,0.0,,,,,,,,1284933.93,14.42
6,ANDHRA PRADESH,Ananthapuramu,,513.726716720963,515.4758717065273,0.0,515.0271560668946,242803.0,703676.3300000001,0.0,946479.3300000001,97831.67,1044311.0,10656.860000000002,31727.760000000002,0.0,42384.62,3375.71,,0.0,3375.71,8972.890000000003,1035.32,0.0,10008.210000000003,2761.2200000000003,4903.509999999999,0.0,7664.7300000000005,883.8300000000002,4118.03,0.0,5001.86,9092.078,37760.098,0.0,46852.176,,,,,,,,,35742.51,79544.79000000001,0.0,115287.29999999997,,,,,,,,,,,,0.0,,,,0.0,,,,,,,,,,,,,,,,0.0,35742.51,79544.79000000001,0.0,115287.29999999997,1787.1699999999998,3977.3500000000004,0.0,5764.52,33955.34,75567.44,0.0,109522.78,1506.2701679999998,4730.724324,,6236.994491999999,61.2,454.392,,515.592,10803.0061642,24027.822411200003,,34830.82857540001,12370.450000000003,29213.010000000006,,41583.46,36.43153035722806,38.6581972341527,,37.967863854441966,1829.8900000000003,5156.2699999999995,0.0,6986.159999999999,21355.0,46608.90999999999,0.0,67963.90999999999,,,,,,,,,,,,,,0.0,0.0,109522.78,0.0,0.0,,0.0,,0.0,,,,,,,,109522.78,0.0
7,ANDHRA PRADESH,Annamayya,,767.9182942806979,741.0299248579678,0.0,745.563688839196,112199.0,553219.0,0.0,665418.0,129721.0,795139.0,7586.48,40277.7,0.0,47864.18000000001,28.889999999999997,,,28.889999999999997,411.57000000000005,2154.9599999999996,0.0,2566.5300000000007,1532.3100000000002,10811.66,0.0,12343.970000000001,1596.1299999999999,6309.330000000001,0.0,7905.460000000001,2321.946,18875.075999999997,0.0,21197.021999999997,,,,,,,,,13477.320000000002,78428.86,0.0,91906.18,,,,,,,,,,,,0.0,,,,0.0,,,,,,,,,,,,,,,,0.0,13477.320000000002,78428.86,0.0,91906.18,673.8899999999999,3921.759999999999,0.0,4595.639999999999,12803.429999999998,74507.09999999999,0.0,87310.52999999998,584.34,2468.70837,,3053.048369999999,15.784000000000002,20.46,,36.24399999999999,5169.5623000000005,36550.6983,,41720.2606,5769.68,39039.74,,44809.42000000002,45.063549377002886,52.397341998279366,,51.32189668302326,584.34,3747.0499999999997,0.0,4331.39,7033.75,34369.520000000004,0.0,41403.270000000004,,,,,,,,,,,,,,0.0,0.0,87310.52999999998,0.0,0.0,,0.0,,0.0,,,,,,,,87310.52999999998,0.0
8,ANDHRA PRADESH,Bapatla,,894.7267975447967,924.7060543444571,963.7964970168524,917.7855023966242,242261.0,19358.0,118499.0,380118.0,2767.0,382885.0,22881.700000000004,2433.5299999999997,9819.34,35134.57,5854.35,,555.88,6410.230000000002,26012.010000000002,943.6800000000001,11887.4,38843.09,2266.47,37.58,0.0,2304.05,373.58000000000004,5.63,1.7000000000000002,380.91,4417.497999999999,275.354,515.268,5208.119999999999,,,,,,,,,61805.63,3695.7800000000007,22779.66,88281.07,,,,,,,,,,,,0.0,,,,0.0,,,,,,,,,,,,,,,,0.0,61805.63,3695.7800000000007,22779.66,88281.07,3090.3800000000006,184.8,1139.0,4414.18,58715.25,3510.979999999999,21640.660000000003,83866.89,2528.6375099999996,127.13168999999999,192.254552,2848.0237519999996,55.2368,0.0,0.0,55.2368,10819.834828400002,140.45,0.0,10960.2848284,13403.759999999998,267.59000000000003,192.25,13863.6,22.828413401969673,7.621518778232861,0.8883740144709079,21.970397371012194,2685.7100000000005,135.03,0.0,3024.9700000000007,45325.229999999996,3235.49,21640.68,48560.719999999994,,,,,,,,,,,,,,694989.91,231950.13,757216.1299999999,253590.79000000004,0.0,,0.0,,0.0,,,,,,,,757216.1299999999,253590.79000000004
9,ANDHRA PRADESH,Chittoor,,0.0,905.9084598016899,0.0,905.9084598016899,0.0,601668.95,0.0,601668.95,85448.05,687117.0,0.0,60482.84,0.0,60482.84,,,,,0.0,2309.0099999999998,0.0,2309.0099999999998,0.0,13308.300000000001,0.0,13308.300000000001,,7234.200000000001,,7234.200000000001,,11101.24,,11101.24,,,,,,,,,0.0,94435.49000000003,0.0,94435.49000000003,,,,,,,,,,,,0.0,,,,0.0,,,,,,,,,,,,,,,,0.0,0.0,94435.49000000003,0.0,94435.49000000003,0.0,4722.149999999999,0.0,4722.149999999999,0.0,89713.33999999998,0.0,89713.33999999998,,4121.109792999999,,4121.109792999999,,1346.6221999999998,,1346.6221999999998,,45217.1726078,,45217.1726078,,50684.8,,50684.8,,56.49639172947971,,56.49639172947971,0.0,5909.580000000001,0.0,5909.580000000001,0.0,39055.95,0.0,39055.95,,,,,,,,,,,,,,3015969.4499999997,0.0,3105682.7899999996,0.0,0.0,,0.0,,0.0,,,,,,,,3105682.7899999996,0.0
10,ANDHRA PRADESH,East Godavari,,1071.5141163117153,1081.0493310259412,0.0,1076.266626840097,127679.43216,126873.37999999999,0.0,254552.81216,3081.9200000000005,257634.73215999999,13801.86,12856.240000000002,0.0,26658.100000000002,14309.669999999998,,0.0,14309.669999999998,33329.82,6555.74,0.0,39885.55999999999,3683.7000000000003,2467.3900000000003,0.0,6151.09,7970.709999999999,6418.14,0.0,14388.850000000002,943.9760000000001,590.7680000000001,0.0,1534.7440000000004,,,,,,,,,74039.85,28888.280000000002,0.0,102928.11000000002,,,,,,,,,,,,0.0,,,,0.0,,,,,,,,,,,,,,,,0.0,74039.85,28888.280000000002,0.0,102928.11000000002,3701.9500000000003,1444.3700000000001,0.0,5146.289999999999,70337.90000000001,27443.910000000003,0.0,97781.81000000001,602.140719,1384.0307249999998,,1986.171444,708.5015999999999,258.6888,,967.1904000000001,13136.771317813767,13395.738999999998,,26532.510317813765,14447.42,15038.44,,29485.860000000004,20.540021809010504,54.79700232219097,,30.1547496410631,639.52,1470.0600000000002,0.0,2109.58,55919.54999999999,13731.850000000002,0.0,69651.4,,,,,,,,,,,,,,0.0,0.0,97781.81000000001,0.0,0.0,,0.0,,0.0,,,,,,,,97781.81000000001,0.0
11,ANDHRA PRADESH,Eluru,,908.8084265189468,1054.548222592449,874.6405567303109,998.3616952426995,135041.41,427669.6555,96474.0,659185.0655000001,10631.8045,669816.8700000001,13271.939999999993,40656.18,10981.81,64909.92999999999,10984.38,,303.03,11287.41,31274.780000000002,22729.7,2601.6899999999996,56606.17,1531.74,9569.95,30.400000000000006,11132.09,2210.1699999999996,21578.19,3729.9900000000002,27518.350000000002,2109.488,6218.715999999999,1547.142,9875.338,,,,,,,,,61382.4,100752.86999999998,19193.959999999995,181329.23000000004,,,,,,,,,,,,0.0,,,,0.0,,,,,,,,,,,,,,,,0.0,61382.4,100752.86999999998,19193.959999999995,181329.23000000004,3069.19,5037.800000000001,959.76,9066.749999999996,58313.21000000001,95715.06999999999,18234.2,172262.47999999998,588.3219839999998,3195.1047299999996,0.0,3783.4267139999984,50.39999999999999,416.15999999999997,40.31999999999999,506.87999999999994,5332.313499999998,37520.34000000001,60.80000000000001,42913.45349999999,5971.32,41131.6,101.12,47203.95,10.240081106836682,42.972961311108065,0.5545623059964243,30.580637529679617,797.6999999999998,4248.679999999999,0.0,5046.379999999999,52193.60999999999,54577.95,18133.080000000005,106771.56,,,,,,,,,,,,,,4655910.3,257135.41,4809938.58,275369.61000000004,0.0,,0.0,,0.0,,,,,,,,4809938.58,275369.61000000004
12,ANDHRA PRADESH,Guntur,,858.4922438003879,995.1196864111497,873.2479319169288,864.0036474350198,156559.84769999998,574.0,85199.0123,242332.85999999996,2971.0,245303.85999999996,14462.339999999998,30.970000000000002,6957.869999999999,21451.18,10863.570000000002,,902.7399999999999,11766.31,27083.81103047035,0.0,3033.9416920122794,30117.699999999997,1626.7099999999998,0.0,1.3,1628.0099999999998,667.7900000000001,0.0,70.35000000000001,738.1399999999999,475.356,0.0,,475.356,,,,,,,,,55179.619999999995,30.970000000000002,10966.14,66176.73000000001,,,,,,,,,,,,0.0,,,,0.0,,,,,,,,,,,,,,,,0.0,55179.619999999995,30.970000000000002,10966.14,66176.73000000001,2759.02,1.5399999999999998,548.27,3308.83,52420.6,29.43,10417.869999999999,62867.899999999994,2462.6478616,0.0,5.19525,2467.8431116,169.652,0.0,0.0,169.652,7850.956499999999,0.0,148.35599999999997,7999.312499999999,10483.26,0.0,153.49,10636.749999999998,19.998359423585384,0.0,1.4733338004793688,19.98713823423933,2720.9299999999994,0.0,0.0,2729.7400000000002,41679.06,29.43,10269.58,41708.49,,,,,,,,,,,,,,409385.0300000001,354142.32,461835.06,364560.18999999994,0.0,,0.0,,0.0,,,,,,,,461835.06,364560.18999999994
13,ANDHRA PRADESH,Kakinada,,1120.7206179971329,1126.738247438082,1330.4749399358702,1168.1286484438908,169714.76799999995,54862.40399999999,63547.00003,288124.17203,13855.046,301979.21803000005,16485.539999999997,3589.0800000000004,10030.550000000001,30105.170000000006,14318.960000000003,,3811.3700000000003,18130.33,49039.95,5104.230000000001,14937.91,69082.09,1461.8500000000001,623.4399999999999,20.060000000000002,2105.35,296.5,104.38000000000001,11.440000000000001,412.3200000000001,859.2379999999999,959.4799999999999,244.68800000000002,2063.406,,,,,,,,,82462.14000000001,10380.650000000001,29056.030000000006,121898.81999999999,,,,,,,,,,,,0.0,,,,0.0,,,,,,,,,,,,,,,,0.0,82462.14000000001,10380.650000000001,29056.030000000006,121898.81999999999,4123.200000000001,519.0600000000001,1453.0600000000002,6095.25,78338.93999999999,9861.59,27602.970000000005,115803.5,1711.8494159999998,283.28788799999995,243.80919600000004,2238.9465,2526.2783999999997,286.7004,1151.1215999999997,3964.1004000000003,7895.088627125507,2476.152785425101,601.1100000000001,10972.35141255061,12133.079999999998,3046.18,1995.8899999999999,17175.15,15.487929757538204,30.889339345886413,7.230707420252239,17.209941935723062,1818.2400000000002,300.92,0.0,2378.08,66573.36,6934.289999999999,25856.31,73507.65,,,,,,,,,,,,,,0.0,0.0,88200.52999999998,27602.970000000005,0.0,,0.0,,0.0,,,,,,,,88200.52999999998,27602.970000000005
14,ANDHRA PRADESH,Konaseema,,1262.291940604344,6317.5,1372.6806950859343,1322.8907774899274,131173.20964,834.0,75988.07199999999,207995.28164,100.61999999999999,208095.90163999997,19189.52,607.3499999999999,12828.86,32625.73,26536.819999999996,,7242.410000000001,33779.229999999996,57552.29999999999,5.6,10642.09,68199.99,3729.1500000000005,141.26,266.09,4136.500000000001,328.83000000000004,0.0,0.0,328.83000000000004,548.25,0.692,446.086,995.028,,,,,,,,,107884.96,754.9100000000001,31425.600000000006,140065.47,,,,,,,,,,,,0.0,,,,0.0,,,,,,,,,,,,,,,,0.0,107884.96,754.9100000000001,31425.600000000006,140065.47,5394.280000000001,37.75,1571.2800000000002,7003.310000000001,102490.68,717.1600000000001,29854.320000000003,133062.16000000003,1250.013456,0.0,0.0,1250.013456,2836.8468000000003,105.696,1880.1,4822.6428000000005,12628.775488178137,313.92,2275.4481,15218.143588178136,16715.609999999997,419.60999999999996,4155.570000000001,21290.789999999997,16.30939515671083,58.509955937308256,13.919493058291064,16.602634063458737,1327.73,0.0,0.0,1327.73,85796.73999999999,297.55,25921.0,86094.29,,,,,,,,,,,,,,0.0,0.0,103207.84,29854.320000000003,0.0,,0.0,,0.0,,,,,,,,103207.84,29854.320000000003
15,ANDHRA PRADESH,Krishna,,1039.918447304822,885.9,1026.8520878951426,1031.1244266291462,187854.0,5652.0,194550.0,388056.0,0.0,388056.0,27222.1,592.6999999999999,16928.34,44743.14,32800.350000000006,,0.0,32800.350000000006,85458.37,0.0,48803.43,134261.8,9833.59,0.0,0.0,9833.59,71.53999999999999,16.75,0.0,88.28999999999999,7886.732,0.0,1118.102,9004.834,,,,,,,,,163272.62,609.45,66849.86,230731.93000000002,,,,,,,,,,,,0.0,,,,0.0,,,,,,,,,,,,,,,,0.0,163272.62,609.45,66849.86,230731.93000000002,8163.800000000002,30.48,3342.52,11536.8,155108.82,578.9699999999999,63507.34,219195.12999999995,2029.0199001000003,41.025888,0.0,2070.0457881000007,1251.0000000000002,21.600000000000005,0.0,1272.6000000000001,39241.06891187599,538.749,0.0,39779.81791187599,42520.98,601.38,0.0,43122.36,27.413644175747066,103.87066687393131,0.0,27.697971690650895,2686.15,50.160000000000004,0.0,2736.31,111930.72999999998,67.57,63507.340000000004,111998.29999999999,,,,,,,,,,,,,,1029788.99,1317118.15,1185476.78,1380625.53,0.0,,0.0,,0.0,,,,,,,,1185476.78,1380625.53
16,ANDHRA PRADESH,Kurnool,,615.7416971515968,606.8133548941146,0.0,609.2770435912328,208573.0,547290.0,0.0,755863.0,41877.0,797740.0,10866.93,26257.790000000008,0.0,37124.72000000001,7367.14,,,7367.14,16349.56,21602.919999999995,0.0,37952.479999999996,931.1899999999999,1892.56,0.0,2823.7500000000005,153.46000000000004,1692.5500000000002,0.0,1846.0100000000002,1232.594,3274.7520000000004,0.0,4507.346,,,,,,,,,36900.87,54720.47,0.0,91621.34000000003,,,,,,,,,,,,0.0,,,,0.0,,,,,,,,,,,,,,,,0.0,36900.87,54720.47,0.0,91621.34000000003,1845.1900000000003,2736.67,0.0,4581.84,35055.68,51983.8,0.0,87039.48000000001,1562.646103,3594.086124499999,,5156.732227500001,10.0,47.0,,57.0,4012.93361675435,7915.0179413031165,,11927.951558057466,5585.669999999999,11556.149999999998,,17141.82,15.933708888260046,22.230290975265365,,19.69430423986908,1625.62,3738.8799999999997,0.0,5364.499999999998,29431.129999999997,40290.409999999996,0.0,69721.54,,,,,,,,,,,,,,0.0,0.0,87039.48000000001,0.0,0.0,,0.0,,0.0,,,,,,,,87039.48000000001,0.0
17,ANDHRA PRADESH,NTR,,1036.3076804203904,982.050002929287,0.0,1033.2843316227263,289255.0,17069.0,0.0,306324.0,11800.0,318124.0,20030.359999999993,1147.3200000000002,0.0,21177.68,6701.450000000002,,,6701.450000000002,49193.24,1263.27,0.0,50456.509999999995,4064.0199999999995,299.66999999999996,0.0,4363.6900000000005,1788.21,372.13,,2160.34,5318.886,343.62800000000004,,5662.514000000001,,,,,,,,,87096.18999999999,3426.03,0.0,90522.21999999999,,,,,,,,,,,,0.0,,,,0.0,,,,,,,,,,,,,,,,0.0,87096.18999999999,3426.03,0.0,90522.21999999999,4354.76,171.32999999999998,0.0,4526.09,82741.43000000001,3254.7,0.0,85996.13000000002,1692.4487759999997,108.46223999999998,,1800.9110159999998,1058.64,79.2,,1137.84,14568.723780000004,1245.9117999999999,,15814.635580000004,17319.689999999995,1433.57,,18753.26,20.932306826217523,44.04614864657265,,21.80709759846169,1768.6899999999998,113.39,0.0,1882.08,65458.92,1908.86,0.0,67367.78,,,,,,,,,,,,,,0.0,0.0,85996.13,0.0,0.0,,0.0,,0.0,,,,,,,,85996.13,0.0
18,ANDHRA PRADESH,Nandyal,,736.4318430136167,580.4026701985501,0.0,661.6958970916846,367930.0,338252.0,0.0,706182.0,262433.0,968615.0,13283.509999999998,9433.929999999998,0.0,22717.440000000002,,,,,30788.859999999997,1323.16,0.0,32112.019999999997,1346.5699999999997,749.5600000000003,0.0,2096.1299999999997,10155.619999999999,4406.2300000000005,,14561.850000000002,3827.2680000000005,5618.326,,9445.594,,,,,,,,,59401.85000000001,21531.32,0.0,80933.17000000003,,,,,,,,,,,,0.0,,,,0.0,,,,,,,,,,,,,,,,0.0,59401.85000000001,21531.32,0.0,80933.17000000003,2970.2,1076.6499999999999,0.0,4046.85,56431.65,20454.67,0.0,76886.31999999999,362.84399999999994,135.792,,498.6360000000001,65.1,63.300000000000004,,128.39999999999998,9065.6775,4631.291499999999,,13696.969000000001,9493.150000000001,4830.150000000001,,14323.300000000001,16.822386019193132,23.613922884114,,18.629191772996812,363.13,135.93999999999997,0.0,499.07,46938.5,15624.52,0.0,62563.020000000004,,,,,,,,,,,,,,0.0,0.0,76886.31999999999,0.0,0.0,,0.0,,0.0,,,,,,,,76886.31999999999,0.0
19,ANDHRA PRADESH,Palnadu,,774.7234746042185,736.3404221523044,606.7564611850343,754.5081095096102,434050.9626999999,180400.93399999998,37204.5273,651656.4248999999,78467.4301,730123.8550000001,19842.559999999998,7774.069999999998,1231.33,28847.959999999995,7403.54,,74.53,7478.07,56896.869999999995,832.5399999999998,82.25999999999999,57811.67000000001,4626.599999999999,1311.49,40.68000000000001,5978.769999999999,1563.6999999999998,396.49,37.59,1997.7799999999997,932.292,532.438,55.646,1520.376,,,,,,,,,91265.44999999998,10847.05,1522.07,103634.56999999998,,,,,,,,,,,,0.0,,,,0.0,,,,,,,,,,,,,,,,0.0,91265.44999999998,10847.05,1522.07,103634.56999999998,4563.21,542.37,76.09,5181.669999999999,86702.23999999999,10304.68,1445.98,98452.90000000001,3431.0131035000004,801.0143598499999,174.06849999999997,4406.095963349999,63.7202,15.927399999999999,4.9272,84.5748,17756.295074000005,7222.123599999999,211.39750000000004,25189.816174000003,21251.16,8039.0999999999985,390.40999999999997,29680.669999999995,24.51050860969682,78.01406739462068,26.999681876651128,30.193990284404443,3562.2000000000003,831.6199999999999,0.0,4574.550000000001,65366.810000000005,3846.219999999999,1230.61,69213.03,,,,,,,,,,,,,,1410701.8199999998,116865.98999999999,1507708.74,118311.97,0.0,,0.0,,0.0,,,,,,,,1507708.74,118311.97
20,ANDHRA PRADESH,Parvathipuram Manyam,,1140.6782616217397,1159.8615896396857,0.0,1156.0406297939817,65692.14009,264118.67249,0.0,329810.81257999997,36090.179019999996,365900.99159999995,7655.560000000001,27408.73,0.0,35064.29,745.42,,0.0,745.42,6981.6100000000015,12985.460000000001,0.0,19967.07,1184.6,2823.6600000000008,0.0,4008.2600000000007,21235.739999999998,8890.609999999999,0.0,30126.350000000006,1441.768,5204.679999999999,0.0,6646.4479999999985,,,,,,,,,39244.530000000006,57313.4,0.0,96557.93,,,,,,,,,,,,0.0,,,,0.0,,,,,,,,,,,,,,,,0.0,39244.530000000006,57313.4,0.0,96557.93,1962.2600000000002,2865.88,0.0,4828.14,37282.270000000004,54447.52,0.0,91729.78999999998,285.7680000000001,1386.4804479999998,,1672.248448,1.44,11.52,,12.959999999999999,4442.8879421052625,12959.370155870447,,17402.25809797571,4730.01,14357.280000000002,,19087.29,12.687022544496351,26.369024704890148,,20.808169298109156,798.4400000000002,2347.1599999999994,0.0,3145.6,32200.079999999994,40773.71000000001,0.0,72973.79000000001,,,,,,,,,,,,,,0.0,0.0,91729.79000000001,0.0,0.0,,0.0,,0.0,,,,,,,,91729.79000000001,0.0
21,ANDHRA PRADESH,Prakasam,,846.2934517365378,789.3510723716776,915.0108522079191,807.1104419297305,287267.0,820238.0,30685.0,1138190.0,293931.0,1432121.0,19932.91,48580.090000000004,3787.7,72300.7,1020.3399999999999,,155.01,1175.35,2742.73,0.0,64.02,2806.75,625.43,1876.1899999999998,39.099999999999994,2540.72,1952.88,6103.809999999998,172.5,8229.19,4935.82,12460.09,287.44399999999996,17683.354,,,,,,,,,31210.13,69020.24,4505.780000000001,104736.15000000001,,,,,,,,,,,,0.0,,,,0.0,,,,,,,,,,,,,,,,0.0,31210.13,69020.24,4505.780000000001,104736.15000000001,1560.6499999999999,3451.3,225.29,5237.240000000002,29649.480000000007,65568.94,4280.49,99498.90999999997,1237.8992392,3139.551875072,108.7876608,4486.238775072,421.88135,87.6,0.0,509.48135,5860.785609657681,20075.492088799998,362.64096,26298.918658457686,7520.750000000002,23302.730000000003,471.42,31294.90000000001,25.36553760807947,35.53928125115337,11.013225121423016,32.37134159546023,1366.0900000000001,3454.66,0.0,4940.58,22310.600000000002,44810.74999999999,3981.8599999999997,67121.34999999999,,,,,,,,,,,,,,4872387.47,166957.08000000002,4967605.899999999,171237.57,0.0,,0.0,,0.0,,,,,,,,4967605.899999999,171237.57
22,ANDHRA PRADESH,Sri Potti Sriramulu Nellore,,1065.1993865769703,1021.4879943052325,0.0,1036.790378530525,348039.4225697386,646138.1841348213,0.0,994177.6067045596,50957.0,1045134.6067045596,35921.39,57072.53,0.0,92993.92000000003,12380.16,,,12380.16,103380.48000000001,12589.719999999998,0.0,115970.19999999998,12190.17,9395.410000000002,0.0,21585.579999999998,5979.34,6727.230000000001,2.04,12708.610000000004,246.98600000000002,1632.7339999999997,0.0,1879.7199999999998,,,,,,,,,170098.34,87417.69,2.04,257518.06999999998,,,,,,,,,,,,0.0,,,,0.0,,,,,,,,,,,,,,,,0.0,170098.34,87417.69,2.04,257518.06999999998,8505.19,4370.969999999999,0.09,12876.21,161593.15000000002,83046.72,1.9499999999999997,244641.81999999995,2085.0361359999993,1568.3870299999999,,3653.4231660000005,258.1000000000001,569.8000000000003,,827.9000000000002,32033.375000000004,33750.81827399999,,65784.19327399999,34376.549999999996,35889.13,,70265.68000000001,21.27351932925374,43.21558997152446,,28.722088513209243,2630.7999999999997,1958.0399999999997,0.0,4588.839999999999,127717.61000000002,47518.49,1.9500000000000002,175236.1,,,,,,,,,,,,,,3262256.3,0.0,3506896.169999999,1.9500000000000002,0.0,,0.0,,0.0,,,,,,,,3506896.169999999,1.9500000000000002
23,ANDHRA PRADESH,Sri Sathya Sai,,0.0,589.840800708202,0.0,589.840800708202,0.0,763624.0,0.0,763624.0,105065.0,868689.0,0.0,43940.45000000002,0.0,43940.45000000002,8667.51,,0.0,8667.51,0.0,326.82000000000005,0.0,326.82000000000005,0.0,13392.76,0.0,13392.76,,10026.82,,10026.82,0.0,41314.126000000004,0.0,41314.126000000004,,,,,,,,,8667.51,109001.15999999999,0.0,117668.66999999997,,,,,,,,,,,,0.0,,,,0.0,,,,,,,,,,,,,,,,0.0,8667.51,109001.15999999999,0.0,117668.66999999997,433.39,5450.349999999999,0.0,5883.72,8234.119999999999,103550.81,0.0,111784.93,,8856.864000000001,,8856.864000000001,,121.32,,121.32,,54446.16172320924,,54446.16172320924,,63424.26,,63424.26,,61.249409830787414,,56.73775525913914,0.0,11119.93,0.0,11119.93,8234.119999999999,47586.39,0.0,55820.509999999995,,,,,,,,,,,,,,1632707.55,0.0,1744492.4500000004,0.0,0.0,,0.0,,0.0,,,,,,,,1744492.4500000004,0.0
24,ANDHRA PRADESH,Srikakulam,,1140.405410279905,1181.482581336224,0.0,1172.5069694134959,97604.36451999999,349085.08816,0.0,446689.45267999993,10898.0,457587.45267999993,10235.4,34317.62,0.0,44553.02000000001,13871.189999999999,,80.05000000000001,13951.239999999998,8913.34,19427.260000000002,0.0,28340.600000000002,514.7199999999999,840.4300000000002,0.0,1355.1499999999996,2244.13,6468.13,0.0,8712.27,420.20199999999994,1029.438,,1449.6399999999999,,,,,,,,,36198.939999999995,62082.95000000001,80.05000000000001,98361.94,,,,,,,,,,,,0.0,,,,0.0,,,,,,,,,,,,,,,,0.0,36198.939999999995,62082.95000000001,80.05000000000001,98361.94,1810.1,3104.4800000000005,4.0,4918.55,34388.84,58978.47,76.05000000000001,93443.36000000003,831.168,3933.676871,,4764.844870999999,14.399999999999999,210.24,,224.64,3426.5217000000002,9209.9190851,,12636.4407851,4272.19,13353.73,,17625.920000000002,12.423187289830073,22.64170298076569,,18.878042004208964,964.3299999999999,9018.53,0.0,9982.860000000004,29983.47,45145.61,76.05000000000001,75129.08,,,,,,,,,,,,,,0.0,0.0,93367.31,76.05000000000001,0.0,,0.0,,0.0,,,,,,,,93367.31,76.05000000000001
25,ANDHRA PRADESH,Tirupati,,1233.2122147726845,1132.1895149336194,1279.1080054175725,1139.338931905756,53098.0,708833.2749123068,595.704545454545,762526.9794577614,60409.6,822936.5794577614,4043.97,76552.51000000001,97.34,80693.82,541.42,,0.0,541.42,5289.88,41644.82000000001,0.0,46934.700000000004,878.7900000000001,12482.339999999998,0.0,13361.130000000001,1556.6499999999999,13818.33,9082.89,24457.869999999995,1632.9099999999999,14074.507999999998,0.0,15707.417999999998,,0.0,,0.0,,0.0,,0.0,13943.640000000003,158573.11999999997,9180.23,181696.99,,,,,,,,,,,,0.0,,,,0.0,,,,,,,,,,,,,,,,0.0,13943.640000000003,158573.11999999997,9180.23,181696.99,697.25,7929.13,459.01,9085.39,13246.390000000001,150643.99,8721.220000000001,172611.59999999998,173.660088,3601.9597199999994,0.0,3775.6198079999995,159.54999999999998,1227.8000000000002,0.0,1387.35,2513.077,37333.8005,0.0,39846.8775,2846.28,42164.570000000014,0.0,45010.85000000001,21.487212742490595,27.98954674527674,0.0,27.46399758179828,413.71,8235.36,0.0,8649.07,10160.069999999998,108318.88000000002,8721.220000000001,118478.95000000001,,,,,,,,,,,,,,3550830.7,5212.41,3714721.059999999,13933.630000000001,0.0,,0.0,,0.0,,,,,,,,3714721.059999999,13933.630000000001
26,ANDHRA PRADESH,Visakhapatnam,,0.0,1118.5039125021144,0.0,1118.5039125021142,0.0,100167.25385235802,0.0,100167.25385235802,0.0,100167.25385235802,0.0,7480.399999999998,0.0,7480.399999999998,,,,,0.0,904.9200000000001,0.0,904.9200000000001,0.0,788.72,0.0,788.72,0.0,499.61999999999983,0.0,499.61999999999983,0.0,415.2580000000001,0.0,415.2580000000001,0.0,3450.81902245653,0.0,3450.81902245653,0.0,0.0,0.0,0.0,0.0,13539.699999999997,0.0,13539.699999999997,,,,,,,,,,,,0.0,,,,0.0,,,,,,,,,,,,,,,,0.0,0.0,13539.699999999997,0.0,13539.699999999997,0.0,677.1000000000001,0.0,677.1000000000001,0.0,12862.6,0.0,12862.6,,3281.002383999999,,3281.002383999999,,39.180899999999994,,39.180899999999994,,2590.8503276590277,,2590.8503276590277,,5911.120000000001,,5911.120000000001,,45.95587206319096,,45.95587206319096,0.0,4184.2,0.0,4184.2,0.0,6227.450000000002,0.0,6227.450000000002,,,,,,,,,,,,,,734005.5800000001,0.0,746868.18,0.0,0.0,,0.0,,0.0,,,,,,,,746868.18,0.0
27,ANDHRA PRADESH,Vizianagaram,,927.3508066987293,1056.3055183121778,0.0,1020.8128266798882,110461.64666,290875.90015000006,0.0,401337.54681,12949.19,414286.73681000003,7962.620000000002,22226.969999999998,0.0,30189.589999999997,873.6700000000001,,0.0,873.6700000000001,19363.250000000004,16720.34,0.0,36083.59,1690.25,3529.389999999999,0.0,5219.64,40988.979999999996,16749.030000000002,0.0,57738.01000000002,4013.8540000000003,13284.452000000003,0.0,17298.306,,,,,,,,,74892.49000000002,72510.23,0.0,147402.72000000003,,,,,,,,,,,,0.0,,,,0.0,,,,,,,,,,,,,,,,0.0,74892.49000000002,72510.23,0.0,147402.72000000003,3744.8,3625.83,0.0,7370.48,71147.69,68884.39999999998,0.0,140032.09,687.6779399999999,1538.53272,,2226.2106599999997,45.440000000000005,92.11999999999999,,137.56,8718.405799999999,21718.6332,,30437.039000000004,9451.62,23349.139999999992,,32800.76,13.28450719903907,33.896121618247385,,23.42374522868294,998.1299999999999,2230.23,0.0,3228.3599999999997,62096.4,46521.579999999994,0.0,108617.98,,,,,,,,,,,,,,0.0,0.0,140032.08999999997,0.0,0.0,,0.0,,0.0,,,,,,,,140032.08999999997,0.0
28,ANDHRA PRADESH,West Godavari,,1260.9089350611546,1189.9,1210.4044707663854,1221.0137764802014,52492.31,16579.0,148770.69,217842.0,0.0,217842.0,9786.34,3227.7600000000007,27912.1,40926.200000000004,2371.2799999999997,,2348.42,4719.700000000001,41358.380000000005,1401.59,65007.57,107767.54000000001,1357.1100000000001,473.05999999999995,0.0,1830.17,0.0,269.41999999999996,0.0,269.41999999999996,66.30799999999999,14.908,138.14799999999997,219.36400000000003,,,,,,,,,54939.220000000016,5386.69,95406.1,155732.01,,,,,,,,,,,,0.0,,,,0.0,,,,,,,,,,,,,,,,0.0,54939.220000000016,5386.69,95406.1,155732.01,2746.9199999999996,269.32,4770.33,7786.569999999999,52192.299999999996,5117.37,90635.77,147945.43999999997,297.708282,147.365784,202.57500000000002,647.6490660000002,101.52000000000001,0.0,85.68,187.20000000000002,4083.0249999999996,1576.9199999999998,257.6,5917.545,4482.09,1724.29,545.09,6751.4800000000005,8.587646070397358,33.69484715781739,0.6014071486345843,10.829568552741629,855.9399999999999,262.12,0.0,1319.71,47151.990000000005,3278.32,90293.14000000001,50430.310000000005,,,,,,,,,,,,,,0.0,0.0,57309.670000000006,90635.77,0.0,,0.0,,0.0,,,,,,,,57309.670000000006,90635.77
29,ANDHRA PRADESH,Y.S.R Kadapa,,654.4667160071394,696.3725129220649,0.0,668.6718446259516,580997.0,297940.0,0.0,878937.0,242910.0,1121847.0,36811.64999999999,20040.44,0.0,56852.09000000001,16523.55,,,16523.55,9498.71,853.1800000000002,0.0,10351.89,6932.520000000001,3611.9500000000007,0.0,10544.470000000005,2622.4199999999996,181.6,0.0,2804.02,9305.362,7170.599999999999,0.0,16475.962,,,,,,,,,81694.23,31857.809999999994,0.0,113552.04,,,,,,,,,,,,0.0,,,,0.0,,,,,,,,,,,,,,,,0.0,81694.23,31857.809999999994,0.0,113552.04,4084.8700000000003,1593.04,0.0,5677.879999999998,77609.36,30264.770000000004,0.0,107874.13000000002,1617.6426,844.3486,,2461.9912000000004,286.488,68.03999999999999,,354.52799999999996,24001.509550000006,12547.865225000001,,36549.37477500001,25905.659999999996,13460.320000000003,,39365.979999999996,33.37955628032495,44.47520995533751,,36.492512152821064,1617.6400000000003,844.3700000000001,0.0,2462.0099999999993,52408.97,17364.6,0.0,69773.57,,,,,,,,,,,,,,7206891.659999998,0.0,7314765.790000001,0.0,0.0,,0.0,,0.0,,,,,,,,7314765.790000001,0.0
30,ARUNACHAL PRADESH,ANJAW,,0.0,0.0,0.0,0.0,0.0,0.0,0.0,0.0,619000.0,619000.0,,,,,,,,,,,,,,,,,,,,,,,,,,,,,,,,,,,,,,,,,,,,,,,,0.0,,,,0.0,0.0,0.0,0.0,0.0,0.0,0.0,0.0,0.0,0.0,0.0,0.0,0.0,0.0,0.0,0.0,0.0,0.0,0.0,0.0,0.0,,,,0.0,0.0,0.0,0.0,0.0,,,,0.0,,,,0.0,,,,0.0,,,,,,,,,0.0,0.0,0.0,0.0,0.0,0.0,0.0,0.0,0.0,0.0,0.0,[],[],[],0.0,0.0,0.0,,,,,0.0,0.0,0.0,0.0,0.0,,0.0,,0.0,,0.0,,0.0,,0.0,,0.0,0.0
31,ARUNACHAL PRADESH,CHANGLANG,,0.0,2599.5,0.0,2599.5,0.0,53000.0,0.0,53000.0,413200.0,466200.0,0.0,24248.14,0.0,24248.14,0.0,,0.0,0.0,0.0,53002.252799999995,0.0,53002.25,0.0,88.82,0.0,88.82,0.0,0.0,0.0,0.0,,,,,,,,,,,,,0.0,77339.20999999999,0.0,77339.20999999999,,,,,,,,,,,,0.0,,,,0.0,0.0,0.0,0.0,0.0,0.0,1417.66,0.0,1417.66,0.0,0.0,0.0,0.0,0.0,-1417.6599999999999,0.0,-1417.6599999999999,0.0,75921.54999999999,0.0,75921.54999999999,0.0,7733.92,0.0,7733.92,0.0,68187.63,0.0,68187.63,,191.103869352,,191.103869352,,0.0,,0.0,,257.15,,257.15,,448.26,,448.26,,0.6573919639089963,,0.6573919639089963,0.0,205.88,0.0,205.88,0.0,67724.59,0.0,67724.59,0.0,0.0,0.0,[],[],[],13761.2,0.0,0.0,,,,,1890433.68,0.0,1958621.31,0.0,0.0,,0.0,,0.0,,0.0,,0.0,,0.0,,1958621.31,0.0
32,ARUNACHAL PRADESH,DIBANG VALLEY,,0.0,0.0,0.0,0.0,0.0,0.0,0.0,0.0,912900.0,912900.0,,,,,,,,,,,,,,,,,,,,,,,,,,,,,,,,,,,,,,,,,,,,,,,,0.0,,,,0.0,0.0,0.0,0.0,0.0,0.0,0.0,0.0,0.0,0.0,0.0,0.0,0.0,0.0,0.0,0.0,0.0,0.0,0.0,0.0,0.0,,,,0.0,0.0,0.0,0.0,0.0,,,,0.0,,,,0.0,,,,0.0,,,,,,,,,0.0,0.0,0.0,0.0,0.0,0.0,0.0,0.0,0.0,0.0,0.0,[],[],[],0.0,0.0,0.0,,,,,0.0,0.0,0.0,0.0,0.0,,0.0,,0.0,,0.0,,0.0,,0.0,,0.0,0.0
33,ARUNACHAL PRADESH,EAST KAMENG,,0.0,2136.1,0.0,2136.1,0.0,31250.0,0.0,31250.0,382150.0,413400.0,0.0,11748.55,0.0,11748.55,0.0,,0.0,0.0,0.0,5418.3168,0.0,5418.32,0.0,134.45,0.0,134.45,0.0,0.0,0.0,0.0,,,,,,,,,,,,,0.0,17301.32,0.0,17301.32,,,,,,,,,,,,0.0,,,,0.0,0.0,0.0,0.0,0.0,0.0,0.0,0.0,0.0,0.0,0.0,0.0,0.0,0.0,0.0,0.0,0.0,0.0,17301.32,0.0,17301.32,0.0,1730.14,0.0,1730.14,0.0,15571.18,0.0,15571.18,,29.943856202999996,,29.943856202999996,,0.0,,0.0,,379.26,,379.26,,409.2,,409.2,,2.6279318587287537,,2.6279318587287537,0.0,35.68,0.0,35.68,0.0,15156.24,0.0,15156.24,0.0,0.0,0.0,[],[],[],0.0,0.0,0.0,,,,,0.0,0.0,15571.18,0.0,0.0,,0.0,,0.0,,0.0,,0.0,,0.0,,15571.18,0.0
34,ARUNACHAL PRADESH,EAST SIANG,,0.0,4418.8,0.0,4418.8,0.0,110100.0,0.0,110100.0,250200.0,360300.0,0.0,67901.8,0.0,67901.8,0.0,,0.0,0.0,0.0,10130.4,0.0,10130.4,0.0,205.36,0.0,205.36,0.0,0.0,0.0,0.0,,,,,,,,,,,,,0.0,78237.56,0.0,78237.56,,,,,,,,,,,,0.0,,,,0.0,0.0,11.93,0.0,11.93,0.0,578.23,0.0,578.23,0.0,0.0,0.0,0.0,0.0,-590.16,0.0,-590.16,0.0,77647.4,0.0,77647.4,0.0,3911.88,0.0,3911.88,0.0,73735.52,0.0,73735.52,,69.8857908,,69.8857908,,1.0368,,1.0368,,579.28,,579.28,,650.2,,650.2,,0.881800250408487,,0.881800250408487,0.0,73.76,0.0,73.76,0.0,73081.45,0.0,73081.45,0.0,0.0,0.0,[],[],[],2494.688,0.0,0.0,,,,,3875396.69,0.0,3949132.21,0.0,0.0,,0.0,,0.0,,0.0,,0.0,,0.0,,3949132.21,0.0
35,ARUNACHAL PRADESH,KURUNG KUMEY,,0.0,0.0,0.0,0.0,0.0,0.0,0.0,0.0,604000.0,604000.0,,,,,,,,,,,,,,,,,,,,,,,,,,,,,,,,,,,,,,,,,,,,,,,,0.0,,,,0.0,0.0,0.0,0.0,0.0,0.0,0.0,0.0,0.0,0.0,0.0,0.0,0.0,0.0,0.0,0.0,0.0,0.0,0.0,0.0,0.0,,,,0.0,0.0,0.0,0.0,0.0,,,,0.0,,,,0.0,,,,0.0,,,,,,,,,0.0,0.0,0.0,0.0,0.0,0.0,0.0,0.0,0.0,0.0,0.0,[],[],[],0.0,0.0,0.0,,,,,0.0,0.0,0.0,0.0,0.0,,0.0,,0.0,,0.0,,0.0,,0.0,,0.0,0.0
36,ARUNACHAL PRADESH,LOHIT,,0.0,3003.5,0.0,3003.5,0.0,200000.0,0.0,200000.0,321200.0,521200.0,0.0,92965.4,0.0,92965.4,0.0,,0.0,0.0,0.0,7811.406720000001,0.0,7811.4,0.0,126.66,0.0,126.66,0.0,0.0,0.0,0.0,,,,,,,,,,,,,0.0,100903.45999999999,0.0,100903.45999999999,,,,,,,,,,,,0.0,,,,0.0,0.0,789.81,0.0,789.81,0.0,1502.35,0.0,1502.35,0.0,0.0,0.0,0.0,0.0,-2292.1600000000003,0.0,-2292.1600000000003,0.0,98611.29999999999,0.0,98611.29999999999,0.0,10090.35,0.0,10090.35,0.0,88520.95000000001,0.0,88520.95000000001,,237.78764207999998,,237.78764207999998,,48.96,,48.96,,361.88,,361.88,,648.63,,648.63,,0.7327417972807566,,0.7327417972807566,0.0,254.34,0.0,254.34,0.0,87855.77,0.0,87855.77,0.0,0.0,0.0,[],[],[],5097.6,0.0,0.0,,,,,7101360.0,0.0,7189880.95,0.0,0.0,,0.0,,0.0,,0.0,,0.0,,0.0,,7189880.95,0.0
37,ARUNACHAL PRADESH,LOWER DIBANG VALLEY,,0.0,3507.0,0.0,3507.0,0.0,120000.0,0.0,120000.0,270000.0,390000.0,0.0,74067.84,0.0,74067.84,0.0,,0.0,0.0,0.0,13893.12,0.0,13893.12,0.0,80.03,0.0,80.03,0.0,0.0,0.0,0.0,,,,,,,,,,,,,0.0,88040.98999999999,0.0,88040.98999999999,,,,,,,,,,,,0.0,,,,0.0,0.0,0.0,0.0,0.0,0.0,0.0,0.0,0.0,0.0,0.0,0.0,0.0,0.0,0.0,0.0,0.0,0.0,88040.98999999999,0.0,88040.98999999999,0.0,8804.1,0.0,8804.1,0.0,79236.89,0.0,79236.89,,33.308581182,,33.308581182,,0.0,,0.0,,225.76,,225.76,,259.07,,259.07,,0.32695629523066844,,0.32695629523066844,0.0,34.28,0.0,34.28,0.0,78976.85,0.0,78976.85,0.0,0.0,0.0,[],[],[],0.0,0.0,0.0,,,,,4320000.0,0.0,4399236.89,0.0,0.0,,0.0,,0.0,,0.0,,0.0,,0.0,,4399236.89,0.0
38,ARUNACHAL PRADESH,LOWER SUBANSIRI,,0.0,2136.9,0.0,2136.9,0.0,10135.0,0.0,10135.0,340665.0,350800.0,0.0,3337.86,0.0,3337.86,0.0,,0.0,0.0,0.0,1910.304,0.0,1910.3,0.0,29.67,0.0,29.67,0.0,0.0,0.0,0.0,,,,,,,,,,,,,0.0,5277.82,0.0,5277.82,,,,,,,,,,,,0.0,,,,0.0,0.0,0.0,0.0,0.0,0.0,165.66,0.0,165.66,0.0,0.0,0.0,0.0,0.0,-165.66,0.0,-165.66,0.0,5112.16,0.0,5112.16,0.0,527.78,0.0,527.78,0.0,4584.38,0.0,4584.38,,21.995798922,,21.995798922,,0.0,,0.0,,85.0,,85.0,,107.0,,107.0,,2.334012450974832,,2.334012450974832,0.0,28.05,0.0,28.05,0.0,4471.33,0.0,4471.33,0.0,0.0,0.0,[],[],[],592.268,0.0,0.0,,,,,359620.61,0.0,364204.99,0.0,0.0,,0.0,,0.0,,0.0,,0.0,,0.0,,364204.99,0.0
39,ARUNACHAL PRADESH,PAPUM PARE,,0.0,3336.8,0.0,3336.8,0.0,17819.0,0.0,17819.0,328381.0,346200.0,0.0,10464.69,0.0,10464.69,0.0,,0.0,0.0,0.0,12330.144,0.0,12330.14,0.0,50.17,0.0,50.17,0.0,0.0,0.0,0.0,,,,,,,,,,,,,0.0,22845.0,0.0,22845.0,,,,,,,,,,,,0.0,,,,0.0,0.0,12.97,0.0,12.97,0.0,109.5,0.0,109.5,0.0,0.0,0.0,0.0,0.0,-122.47,0.0,-122.47,0.0,22722.53,0.0,22722.53,0.0,2284.5,0.0,2284.5,0.0,20438.03,0.0,20438.03,,103.50660247199998,,103.50660247199998,,17.151785714285715,,17.151785714285715,,141.54,,141.54,,262.2,,262.2,,1.2829025106627205,,1.2829025106627205,0.0,128.6,0.0,128.6,0.0,20150.74,0.0,20150.74,0.0,0.0,0.0,[],[],[],1996.2483999999997,0.0,0.0,,,,,98904.0,0.0,119342.03,0.0,0.0,,0.0,,0.0,,0.0,,0.0,,0.0,,119342.03,0.0
40,ARUNACHAL PRADESH,TAWANG,,0.0,0.0,0.0,0.0,0.0,0.0,0.0,0.0,217200.0,217200.0,,,,,,,,,,,,,,,,,,,,,,,,,,,,,,,,,,,,,,,,,,,,,,,,0.0,,,,0.0,0.0,0.0,0.0,0.0,0.0,0.0,0.0,0.0,0.0,0.0,0.0,0.0,0.0,0.0,0.0,0.0,0.0,0.0,0.0,0.0,,,,0.0,0.0,0.0,0.0,0.0,,,,0.0,,,,0.0,,,,0.0,,,,,,,,,0.0,0.0,0.0,0.0,0.0,0.0,0.0,0.0,0.0,0.0,0.0,[],[],[],0.0,0.0,0.0,,,,,0.0,0.0,0.0,0.0,0.0,,0.0,,0.0,,0.0,,0.0,,0.0,,0.0,0.0
41,ARUNACHAL PRADESH,TIRAP,,0.0,3459.4,0.0,3459.4,0.0,12500.0,0.0,12500.0,223700.0,236200.0,0.0,8801.130000000001,0.0,8801.130000000001,0.0,,0.0,0.0,0.0,399.42719999999997,0.0,399.42999999999995,0.0,27.09,0.0,27.09,0.0,0.0,0.0,0.0,,,,,,,,,,,,,0.0,9227.65,0.0,9227.65,,,,,,,,,,,,0.0,,,,0.0,0.0,0.0,0.0,0.0,0.0,0.0,0.0,0.0,0.0,0.0,0.0,0.0,0.0,0.0,0.0,0.0,0.0,9227.65,0.0,9227.65,0.0,922.77,0.0,922.77,0.0,8304.88,0.0,8304.88,,68.02939350000001,,68.02939350000001,,0.0,,0.0,,77.4,,77.4,,145.43,,145.43,,1.7511390893065284,,1.7511390893065284,0.0,71.23,0.0,71.23,0.0,8156.25,0.0,8156.25,0.0,0.0,0.0,[],[],[],2.0476,0.0,0.0,,,,,441405.0,0.0,449709.88,0.0,0.0,,0.0,,0.0,,0.0,,0.0,,0.0,,449709.88,0.0
42,ARUNACHAL PRADESH,UPPER SIANG,,0.0,0.0,0.0,0.0,0.0,0.0,0.0,0.0,659000.0,659000.0,,,,,,,,,,,,,,,,,,,,,,,,,,,,,,,,,,,,,,,,,,,,,,,,0.0,,,,0.0,0.0,0.0,0.0,0.0,0.0,0.0,0.0,0.0,0.0,0.0,0.0,0.0,0.0,0.0,0.0,0.0,0.0,0.0,0.0,0.0,,,,0.0,0.0,0.0,0.0,0.0,,,,0.0,,,,0.0,,,,0.0,,,,,,,,,0.0,0.0,0.0,0.0,0.0,0.0,0.0,0.0,0.0,0.0,0.0,[],[],[],0.0,0.0,0.0,,,,,0.0,0.0,0.0,0.0,0.0,,0.0,,0.0,,0.0,,0.0,,0.0,,0.0,0.0
43,ARUNACHAL PRADESH,UPPER SUBANSIRI,,0.0,1746.5,0.0,1746.5,0.0,700.0,0.0,700.0,702500.0,703200.0,0.0,215.17000000000002,0.0,215.17000000000002,0.0,,0.0,0.0,0.0,14921.210879999999,0.0,14921.21,0.0,22.03,0.0,22.03,0.0,0.0,0.0,0.0,,,,,,,,,,,,,0.0,15158.41,0.0,15158.41,,,,,,,,,,,,0.0,,,,0.0,0.0,0.0,0.0,0.0,0.0,0.0,0.0,0.0,0.0,0.0,0.0,0.0,0.0,0.0,0.0,0.0,0.0,15158.41,0.0,15158.41,0.0,1515.8400000000001,0.0,1515.8400000000001,0.0,13642.57,0.0,13642.57,,20.45089452,,20.45089452,,0.0,,0.0,,62.150000000000006,,62.150000000000006,,82.6,,82.6,,0.6054577693205898,,0.6054577693205898,0.0,26.37,0.0,26.37,0.0,13554.05,0.0,13554.05,0.0,0.0,0.0,[],[],[],0.0,0.0,0.0,,,,,0.0,0.0,13642.57,0.0,0.0,,0.0,,0.0,,0.0,,0.0,,0.0,,13642.57,0.0
44,ARUNACHAL PRADESH,WEST KAMENG,,0.0,2521.4,0.0,2521.4,0.0,6175.0,0.0,6175.0,736025.0,742200.0,0.0,2740.2599999999998,0.0,2740.2599999999998,0.0,,0.0,0.0,0.0,16150.751999999999,0.0,16150.75,0.0,2.16,0.0,2.16,0.0,0.0,0.0,0.0,,,,,,,,,,,,,0.0,18893.17,0.0,18893.17,,,,,,,,,,,,0.0,,,,0.0,0.0,0.0,0.0,0.0,0.0,0.0,0.0,0.0,0.0,0.0,0.0,0.0,0.0,0.0,0.0,0.0,0.0,18893.17,0.0,18893.17,0.0,1889.32,0.0,1889.32,0.0,17003.85,0.0,17003.85,,11.651450211,,11.651450211,,0.0,,0.0,,6.24,,6.24,,17.89,,17.89,,0.1052114668148684,,0.1052114668148684,0.0,12.25,0.0,12.25,0.0,16985.36,0.0,16985.36,0.0,0.0,0.0,[],[],[],0.0,0.0,0.0,,,,,0.0,0.0,17003.85,0.0,0.0,,0.0,,0.0,,0.0,,0.0,,0.0,,17003.85,0.0
45,ARUNACHAL PRADESH,WEST SIANG,,0.0,2912.8999999999996,0.0,2912.8999999999996,0.0,10459.0,0.0,10459.0,822041.0,832500.0,0.0,5362.02,0.0,5362.02,0.0,,0.0,0.0,0.0,13904.6976,0.0,13904.699999999999,0.0,54.82,0.0,54.82,0.0,0.0,0.0,0.0,,,,,,,,,,,,,0.0,19321.54,0.0,19321.54,,,,,,,,,,,,0.0,,,,0.0,0.0,0.0,0.0,0.0,0.0,0.0,0.0,0.0,0.0,0.0,0.0,0.0,0.0,0.0,0.0,0.0,0.0,19321.54,0.0,19321.54,0.0,1932.16,0.0,1932.16,0.0,17389.379999999997,0.0,17389.379999999997,,22.320071784,,22.320071784,,1.776,,1.776,,154.62,,154.62,,178.72,,178.72,,1.0277537209492231,,1.0277537209492231,0.0,23.04,0.0,23.04,0.0,17209.94,0.0,17209.94,0.0,0.0,0.0,[],[],[],0.0,0.0,0.0,,,,,0.0,0.0,17389.38,0.0,0.0,,0.0,,0.0,,0.0,,0.0,,0.0,,17389.38,0.0
46,ASSAM,BAKSA,,3274.6,3274.6,0.0,3274.6,30138.0,214735.0,0.0,244873.0,1383.0,246256.0,17369.420000000002,123758.13,0.0,141127.55,1557.8,,,1557.8,4857.791129533679,152.88375427406285,0.0,5010.68,0.0,1153.66,0.0,1153.66,,861.41,,861.41,,,,,,,,,,,,,23785.010000000002,125926.09,0.0,149711.1,,,,,,,,,,,,0.0,,,,0.0,0.0,0.0,0.0,0.0,0.0,5190.51,0.0,5190.51,0.0,0.0,0.0,0.0,0.0,-5190.51,0.0,-5190.51,23785.010000000002,120735.58,0.0,144520.59,2378.5,12592.61,0.0,14971.11,21406.510000000002,108142.97,0.0,129549.48,0.0,1957.702272044061,,1957.702272044061,0.0,3.013333333333333,,3.013333333333333,0.0,2563.6800000000003,,2563.6800000000003,0.0,4524.4,,4524.4,0.0,4.183720865073337,,3.4924107761760212,0.0,2042.59,0.0,2042.59,21406.51,103533.68,0.0,124940.18999999999,,,,[],[],[],0.0,1131.4512,0.0,,,,,1804603.85,0.0,1934153.33,0.0,0.0,,0.0,,0.0,,0.0,,0.0,,0.0,,1934153.33,0.0
47,ASSAM,BARPETA,,2051.4000000000005,2051.4000000000005,0.0,2051.4000000000005,18052.0,209003.0,0.0,227055.0,1145.0,228200.0,6517.61,85480.94,0.0,91998.54999999999,560.88,,,560.88,1231.2,88.65735211267608,0.0,1319.86,0.0,6400.67,0.0,6400.67,,1439.03,,1439.03,,,,,,,,,,,,,8309.69,93409.3,0.0,101718.98999999999,,,,,,,,,,,,0.0,,,,0.0,0.0,0.0,0.0,0.0,0.0,981.1,0.0,981.1,0.0,0.0,0.0,0.0,0.0,-981.1,0.0,-981.1,8309.69,92428.2,0.0,100737.88999999998,830.97,4670.46,0.0,5501.43,7478.72,87757.74,0.0,95236.45999999999,0.0,3868.949545213785,,3868.949545213785,0.0,13.249199999999998,,13.249199999999998,0.0,24383.519999999997,,24383.519999999997,0.0,28265.72,,28265.72,0.0,32.208805741806934,,29.67951559728281,0.0,4232.22,0.0,4232.22,7478.72,59128.75,0.0,66607.47,,,,[],[Fe],[],23493.182008242282,6375.931199999999,0.0,,,,,724788.7699999999,0.0,820025.2300000001,0.0,0.0,,0.0,,0.0,,0.0,,0.0,,0.0,,820025.2300000001,0.0
48,ASSAM,BONGAIGAON,,0.0,3102.4,0.0,3102.3999999999996,0.0,99730.0,0.0,99730.0,9570.0,109300.0,0.0,46133.36,0.0,46133.36,,,,,0.0,38.88,0.0,38.88,0.0,4570.01,0.0,4570.01,,855.74,,855.74,,,,,,,,,,,,,0.0,51598.0,0.0,51598.0,,,,,,,,,,,,0.0,,,,0.0,0.0,0.0,0.0,0.0,0.0,660.0,0.0,660.0,0.0,0.0,0.0,0.0,0.0,-660.0,0.0,-660.0,0.0,50938.0,0.0,50938.0,0.0,5159.799999999999,0.0,5159.799999999999,0.0,45778.2,0.0,45778.2,,1634.3978836532765,,1634.3978836532765,,1.53,,1.53,,10155.599999999999,,10155.599999999999,,11791.52,,11791.52,,25.75793718407452,,25.75793718407452,0.0,1780.7,0.0,1780.7,0.0,33840.38,0.0,33840.38,,,,[],"[Fe,  Mn]",[],7234.825383418845,1797.3359999999998,0.0,,,,,550360.01,0.0,596138.2,0.0,0.0,,0.0,,0.0,,0.0,,0.0,,0.0,,596138.2,0.0
49,ASSAM,CACHAR,,0.0,3311.8999999999996,0.0,3311.8999999999996,0.0,273358.0,0.0,273358.0,105242.0,378600.0,0.0,86912.1,0.0,86912.1,,,,,0.0,92.5819004524887,0.0,92.58000000000001,0.0,0.0,0.0,0.0,,3625.17,,3625.17,,,,,,,,,,,,,0.0,90629.85,0.0,90629.85,,,,,,,,,,,,0.0,,,,0.0,0.0,0.0,0.0,0.0,0.0,34717.76,0.0,34717.76,0.0,0.0,0.0,0.0,0.0,-34717.759999999995,0.0,-34717.759999999995,0.0,55912.09000000001,0.0,55912.09000000001,0.0,9062.99,0.0,9062.99,0.0,46849.1,0.0,46849.1,,1529.41789,,1529.41789,,10.580228,,10.580228,,1.68,,1.68,,1541.68,,1541.68,,3.290735574429392,,3.290735574429392,0.0,1663.17,0.0,1663.17,0.0,45173.67,0.0,45173.67,,As,,[],[Fe],[],12095.654238101799,4007.7503999999994,0.0,,,,,386828.91,0.0,433678.01,0.0,0.0,,0.0,,0.0,,0.0,,0.0,,0.0,,433678.01,0.0
50,ASSAM,CHIRANG,,3218.7,3218.7,0.0,3218.7,14194.0,177600.0,0.0,191794.0,506.0,192300.0,8040.780000000001,85181.41,0.0,93222.19,3503.18,,,3503.18,3888.0,83.64607906295755,0.0,3971.6499999999996,0.0,285.7,0.0,285.7,,183.23999999999998,,183.23999999999998,,,,,,,,,,,,,15431.96,85734.0,0.0,101165.96,,,,,,,,,,,,0.0,,,,0.0,0.0,0.0,0.0,0.0,0.0,294.11,0.0,294.11,0.0,0.0,0.0,0.0,0.0,-294.11,0.0,-294.11,15431.96,85439.89,0.0,100871.85,1543.1999999999998,8573.4,0.0,10116.6,13888.76,76866.48999999999,0.0,90755.25,0.0,969.9504644735191,,969.9504644735191,0.0,3.5520000000000005,,3.5520000000000005,0.0,1523.76,,1523.76,0.0,2497.26,,2497.26,0.0,3.248827935294041,,2.7516424669647215,0.0,1014.46,0.0,1014.46,13888.76,74324.72,0.0,88213.48,,,,[],[],[],33921.850038459634,568.8143999999999,0.0,,,,,1436316.8,0.0,1527072.05,0.0,0.0,,0.0,,0.0,,0.0,,0.0,,0.0,,1527072.05,0.0
51,ASSAM,DARRANG,,1951.1999999999998,1951.1999999999998,0.0,1951.1999999999998,2400.0,155254.0,0.0,157654.0,846.0,158500.0,824.1800000000001,45452.05,0.0,46276.23,,,,,0.0,143.53483311627906,0.0,143.53,0.0,6934.54,0.0,6934.54,,2409.21,,2409.21,,,,,,,,,,,,,824.1800000000001,54939.33,0.0,55763.51,,,,,,,,,,,,0.0,,,,0.0,0.0,5602.03,0.0,5602.03,0.0,3188.12,0.0,3188.12,0.0,0.0,0.0,0.0,0.0,-8790.15,0.0,-8790.15,824.1800000000001,46149.18,0.0,46973.36,82.42,5493.9400000000005,0.0,5576.360000000001,741.76,40655.24,0.0,41397.0,0.0,2140.664861731462,,2140.664861731462,0.0,10.01925,,10.01925,0.0,15529.919999999998,,15529.919999999998,0.0,17680.61,,17680.61,0.0,43.48912956853779,,42.70988235862502,0.0,2350.27,0.0,2350.27,741.76,22765.02,0.0,23506.78,,,,[],"[Fe,  Mn]",[],8524.279593703659,5023.900799999999,0.0,,,,,1245610.87,0.0,1287007.87,0.0,0.0,,0.0,,0.0,,0.0,,0.0,,0.0,,1287007.87,0.0
52,ASSAM,DHEMAJI,,0.0,2859.3,0.0,2859.3,0.0,315156.0,0.0,315156.0,8544.0,323700.0,0.0,134479.87,0.0,134479.87,,,,,0.0,73.87200000000001,0.0,73.87,0.0,1103.73,0.0,1103.73,,9885.76,,9885.76,,,,,,,,,,,,,0.0,145543.23,0.0,145543.23,,,,,,,,,,,,0.0,,,,0.0,0.0,296.96000000000004,0.0,296.96000000000004,0.0,17902.3,0.0,17902.3,0.0,0.0,0.0,0.0,0.0,-18199.26,0.0,-18199.26,0.0,127343.97000000002,0.0,127343.97000000002,0.0,14554.33,0.0,14554.33,0.0,112789.64000000001,0.0,112789.64000000001,,1462.2339950888784,,1462.2339950888784,,6.1495,,6.1495,,3094.5599999999995,,3094.5599999999995,,4562.95,,4562.95,,4.045539998177137,,4.045539998177137,0.0,1588.46,0.0,1588.46,0.0,108100.46,0.0,108100.46,,As,,[],[Fe],[],50028.82041596698,5072.4144,0.0,,,,,3655746.57,0.0,3768536.21,0.0,0.0,,0.0,,0.0,,0.0,,0.0,,0.0,,3768536.21,0.0
53,ASSAM,DHUBRI,,0.0,2752.8000000000006,0.0,2752.8,0.0,214392.0,0.0,214392.0,3208.0,217600.0,0.0,86720.61,0.0,86720.61,,,,,0.0,123.19807228915664,0.0,123.19999999999999,0.0,8879.07,0.0,8879.07,,4577.84,,4577.84,,,,,,,,,,,,,0.0,100300.72,0.0,100300.72,,,,,,,,,,,,0.0,,,,0.0,0.0,0.0,0.0,0.0,0.0,0.0,0.0,0.0,0.0,0.0,0.0,0.0,0.0,0.0,0.0,0.0,0.0,100300.72,0.0,100300.72,0.0,10030.07,0.0,10030.07,0.0,90270.65,0.0,90270.65,,3212.569743806201,,3212.569743806201,,1.7999999999999998,,1.7999999999999998,,23612.4,,23612.4,,26826.77,,26826.77,,29.71815313172111,,29.71815313172111,0.0,3566.45,0.0,3566.45,0.0,63090.0,0.0,63090.0,,,,[],[],[],3484.519917385228,4266.129599999999,0.0,,,,,561878.55,0.0,652149.2,0.0,0.0,,0.0,,0.0,,0.0,,0.0,,0.0,,652149.2,0.0
54,ASSAM,DIBRUGARH,,2649.4,2649.4,0.0,2649.4,2505.0,332183.0,0.0,334688.0,3412.0,338100.0,1168.0700000000002,131417.89,0.0,132585.96,279.78000000000003,,,279.78000000000003,0.0,38.88,0.0,38.88,0.0,1057.77,0.0,1057.77,,3254.9399999999996,,3254.9399999999996,,,,,,,,,,,,,1447.85,135769.48,0.0,137217.33,,,,,,,,,,,,0.0,,,,0.0,0.0,954.5,0.0,954.5,0.0,13562.43,0.0,13562.43,0.0,0.0,0.0,0.0,0.0,-14516.93,0.0,-14516.93,1447.85,121252.55000000002,0.0,122700.4,144.78,13576.95,0.0,13721.73,1303.07,107675.6,0.0,108978.67,0.0,2622.7331363672374,,2622.7331363672374,0.0,53.61527499999999,,53.61527499999999,0.0,5641.4400000000005,,5641.4400000000005,0.0,8317.779999999999,,8317.779999999999,0.0,7.7248513126465035,,7.632484411857843,0.0,2749.61,0.0,2749.61,1303.07,99230.94,0.0,100534.01000000001,,,,[],[Fe],[],46786.426789198726,5064.5088,0.0,,,,,3852722.31,0.0,3961700.98,0.0,0.0,,0.0,,0.0,,0.0,,0.0,,0.0,,3961700.98,0.0
55,ASSAM,DIMA HASAO,,0.0,2791.8,0.0,2791.8,0.0,234300.0,0.0,234300.0,254500.0,488800.0,0.0,62795.4,0.0,62795.4,,,,,0.0,38.88,0.0,38.88,0.0,0.0,0.0,0.0,,92.2,,92.2,,,,,,,,,,,,,0.0,62926.479999999996,0.0,62926.479999999996,,,,,,,,,,,,0.0,,,,0.0,0.0,0.0,0.0,0.0,0.0,0.0,0.0,0.0,0.0,0.0,0.0,0.0,0.0,0.0,0.0,0.0,0.0,62926.479999999996,0.0,62926.479999999996,0.0,6292.65,0.0,6292.65,0.0,56633.83,0.0,56633.83,,230.832216650928,,230.832216650928,,1.188,,1.188,,339.36,,339.36,,571.38,,571.38,,1.0089022762543165,,1.0089022762543165,0.0,243.95,0.0,243.95,0.0,56049.33,0.0,56049.33,,,,[],[],[],0.0,0.0,0.0,,,,,351450.0,0.0,408083.83,0.0,0.0,,0.0,,0.0,,0.0,,0.0,,0.0,,408083.83,0.0
56,ASSAM,GOALPARA,,0.0,2583.2000000000003,0.0,2583.2000000000003,0.0,171983.0,0.0,171983.0,10417.0,182400.0,0.0,66417.92,0.0,66417.92,,,,,0.0,96.87373426573427,0.0,96.87,0.0,4490.639999999999,0.0,4490.639999999999,,1996.1000000000001,,1996.1000000000001,,,,,,,,,,,,,0.0,73001.53,0.0,73001.53,,,,,,,,,,,,0.0,,,,0.0,0.0,0.0,0.0,0.0,0.0,6178.49,0.0,6178.49,0.0,0.0,0.0,0.0,0.0,-6178.49,0.0,-6178.49,0.0,66823.04,0.0,66823.04,0.0,7300.16,0.0,7300.16,0.0,59522.880000000005,0.0,59522.880000000005,,2348.668889674783,,2348.668889674783,,63.482883333333334,,63.482883333333334,,9979.2,,9979.2,,12391.35,,12391.35,,20.817793090656902,,20.817793090656902,0.0,2584.3,0.0,2584.3,0.0,46895.9,0.0,46895.9,,As,,[],[Fe],[],12371.083311397726,3325.8383999999996,0.0,,,,,941194.17,0.0,1000717.05,0.0,0.0,,0.0,,0.0,,0.0,,0.0,,0.0,,1000717.05,0.0
57,ASSAM,GOLAGHAT,,0.0,1751.7000000000003,0.0,1751.7000000000003,0.0,348140.0,0.0,348140.0,2060.0,350200.0,0.0,122816.87,0.0,122816.87,,,,,0.0,91.69564044943822,0.0,91.7,0.0,1339.01,0.0,1339.01,,1942.57,,1942.57,,,,,,,,,,,,,0.0,126190.15,0.0,126190.15,,,,,,,,,,,,0.0,,,,0.0,0.0,0.0,0.0,0.0,0.0,4876.94,0.0,4876.94,0.0,0.0,0.0,0.0,0.0,-4876.9400000000005,0.0,-4876.9400000000005,0.0,121313.20999999999,0.0,121313.20999999999,0.0,12619.01,0.0,12619.01,0.0,108694.20000000001,0.0,108694.20000000001,,1951.2162441662658,,1951.2162441662658,,97.81881428571428,,97.81881428571428,,3842.16,,3842.16,,5891.200000000001,,5891.200000000001,,5.41997641088485,,5.41997641088485,0.0,2052.65,0.0,2052.65,0.0,102701.57,0.0,102701.57,,,,[],[],[],12371.083311397726,4527.9648,0.0,,,,,834804.91,0.0,943499.11,0.0,0.0,,0.0,,0.0,,0.0,,0.0,,0.0,,943499.11,0.0
58,ASSAM,HAILAKANDI,,0.0,2838.3,0.0,2838.2999999999997,0.0,104981.0,0.0,104981.0,27719.0,132700.0,0.0,24786.59,0.0,24786.59,,,,,0.0,38.88,0.0,38.88,0.0,0.0,0.0,0.0,,2040.14,,2040.14,,,,,,,,,,,,,0.0,26865.61,0.0,26865.61,,,,,,,,,,,,0.0,,,,0.0,0.0,3968.19,0.0,3968.19,0.0,5746.52,0.0,5746.52,0.0,0.0,0.0,0.0,0.0,-9714.71,0.0,-9714.71,0.0,17150.9,0.0,17150.9,0.0,2686.56,0.0,2686.56,0.0,14464.34,0.0,14464.34,,518.2292037414934,,518.2292037414934,,0.0,,0.0,,5.039999999999999,,5.039999999999999,,523.27,,523.27,,3.617655558428521,,3.617655558428521,0.0,566.94,0.0,566.94,0.0,13892.36,0.0,13892.36,,,,[],[Mn],[],3250.0907986022467,1410.9551999999999,0.0,,,,,149716.03,0.0,164180.37,0.0,0.0,,0.0,,0.0,,0.0,,0.0,,0.0,,164180.37,0.0
59,ASSAM,JORHAT,,0.0,2265.3,0.0,2265.3,0.0,279408.0,0.0,279408.0,5692.0,285100.0,0.0,95546.5,0.0,95546.5,,,,,0.0,109.53051428571428,0.0,109.53,0.0,2281.58,0.0,2281.58,,3965.66,,3965.66,,,,,,,,,,,,,0.0,101903.28,0.0,101903.28,,,,,,,,,,,,0.0,,,,0.0,0.0,227.37,0.0,227.37,0.0,18254.48,0.0,18254.48,0.0,0.0,0.0,0.0,0.0,-18481.85,0.0,-18481.85,0.0,83421.43,0.0,83421.43,0.0,10190.33,0.0,10190.33,0.0,73231.1,0.0,73231.1,,1100.543918130775,,1100.543918130775,,17.194399999999995,,17.194399999999995,,5730.48,,5730.48,,6848.21,,6848.21,,9.351505029966775,,9.351505029966775,0.0,1141.79,0.0,1141.79,0.0,66341.64,0.0,66341.64,,As,,[],"[Fe,  Mn]",[],52874.37276205202,5230.3967999999995,0.0,,,,,1951301.65,0.0,2024532.75,0.0,0.0,,0.0,,0.0,,0.0,,0.0,,0.0,,2024532.75,0.0
60,ASSAM,KAMRUP,,0.0,1896.2000000000003,0.0,1896.2000000000003,0.0,263024.0,0.0,263024.0,47476.0,310500.0,0.0,74715.88,0.0,74715.88,,,,,0.0,97.2,0.0,97.2,0.0,6852.969999999999,0.0,6852.969999999999,,3679.89,,3679.89,,,,,,,,,,,,,0.0,85345.94,0.0,85345.94,,,,,,,,,,,,0.0,,,,0.0,0.0,0.0,0.0,0.0,0.0,6609.4800000000005,0.0,6609.4800000000005,0.0,0.0,0.0,0.0,0.0,-6609.4800000000005,0.0,-6609.4800000000005,0.0,78736.46,0.0,78736.46,0.0,8534.6,0.0,8534.6,0.0,70201.86,0.0,70201.86,,3404.8171659401587,,3404.8171659401587,,158.59942187500002,,158.59942187500002,,20244.0,,20244.0,,23807.41,,23807.41,,33.912790914656675,,33.912790914656675,0.0,3653.45,0.0,3653.45,0.0,46145.82,0.0,46145.82,,,,[],[],[],25984.944464860764,5047.8768,0.0,,,,,1455758.93,0.0,1525960.79,0.0,0.0,,0.0,,0.0,,0.0,,0.0,,0.0,,1525960.79,0.0
61,ASSAM,KAMRUP (M),,0.0,1813.4,0.0,1813.4,0.0,20042.0,0.0,20042.0,6158.0,26200.0,,5219.1,,5219.1,,,,,0.0,0.0,0.0,0.0,0.0,0.0,0.0,0.0,,132.45,,132.45,,,,,,,,,,,,,0.0,5351.55,0.0,5351.55,,,,,,,,,,,,0.0,,,,0.0,0.0,102.7,0.0,102.7,0.0,0.0,0.0,0.0,0.0,0.0,0.0,0.0,0.0,-102.7,0.0,-102.7,0.0,5248.85,0.0,5248.85,,535.15,,535.15,0.0,4713.7,0.0,4713.7,,3382.431375375,,3382.431375375,,121.456538,,121.456538,,0.0,,0.0,,3503.8900000000003,,3503.8900000000003,,74.33417485202708,,74.33417485202708,0.0,3415.44,0.0,3415.44,0.0,1176.8,0.0,1176.8,,,,[],[],[],2696.3399999999997,949.8383999999999,0.0,,,,,148114.39,0.0,152828.09,0.0,0.0,,0.0,,0.0,,0.0,,0.0,,0.0,,152828.09,0.0
62,ASSAM,KARBI ANGLONG,,1122.1999999999998,1122.1999999999998,0.0,1122.1999999999998,8602.0,647489.0,0.0,656091.0,387309.0,1043400.0,1698.96,127883.73999999999,0.0,129582.7,153.44,,,153.44,4530.047812651369,342.0860907516453,0.0,4872.14,0.0,480.05999999999995,0.0,480.05999999999995,,1235.63,,1235.63,,,,,,,,,,,,,6382.450000000001,129941.52,0.0,136323.97,,,,,,,,,,,,0.0,,,,0.0,0.0,0.0,0.0,0.0,0.0,2653.6,0.0,2653.6,0.0,0.0,0.0,0.0,0.0,-2653.6,0.0,-2653.6,6382.450000000001,127287.92,0.0,133670.37,638.25,12994.150000000001,0.0,13632.4,5744.2,114293.77,0.0,120037.97,0.0,1909.085371234893,,1909.085371234893,0.0,2.4000000000000004,,2.4000000000000004,0.0,1066.8,,1066.8,0.0,2978.29,,2978.29,0.0,2.6058200722576563,,2.481123264580366,0.0,2051.09,0.0,2051.09,5744.2,111173.48,0.0,116917.68,,F,,[],[],[],16925.142609387134,0.0,0.0,,,,,1991499.14,0.0,2111537.11,0.0,0.0,,0.0,,0.0,,0.0,,0.0,,0.0,,2111537.11,0.0
63,ASSAM,KARIMGANJ,,0.0,3751.0,0.0,3751.0,0.0,167648.0,0.0,167648.0,13252.0,180900.0,0.0,60369.38,0.0,60369.38,,,,,0.0,0.0,0.0,0.0,0.0,0.0,0.0,0.0,,2215.0,,2215.0,,,,,,,,,,,,,0.0,62584.38,0.0,62584.38,,,,,,,,,,,,0.0,,,,0.0,0.0,0.0,0.0,0.0,0.0,9565.18,0.0,9565.18,0.0,0.0,0.0,0.0,0.0,-9565.18,0.0,-9565.18,0.0,53019.2,0.0,53019.2,0.0,6258.4400000000005,0.0,6258.4400000000005,0.0,46760.76,0.0,46760.76,,1280.7305533087156,,1280.7305533087156,,3.0,,3.0,,92.4,,92.4,,1376.13,,1376.13,,2.9429162400268947,,2.9429162400268947,0.0,1404.16,0.0,1404.16,0.0,45261.2,0.0,45261.2,,As,,[],[Fe],[],8996.80809186206,2245.0175999999997,0.0,,,,,243814.68,0.0,290575.44,0.0,0.0,,0.0,,0.0,,0.0,,0.0,,0.0,,290575.44,0.0
64,ASSAM,KOKRAJHAR,,3102.4,3102.4,0.0,3102.3999999999996,3460.0,323570.0,0.0,327030.0,2570.0,329600.0,1889.24,149677.84,0.0,151567.08000000002,225.82,,,225.82,3240.0,97.2,0.0,3337.2000000000003,0.0,2852.38,0.0,2852.38,,1054.14,,1054.14,,,,,,,,,,,,,5355.06,153681.57,0.0,159036.63,,,,,,,,,,,,0.0,,,,0.0,0.0,36.22,0.0,36.22,0.0,112.32,0.0,112.32,0.0,0.0,0.0,0.0,0.0,-148.54,0.0,-148.54,5355.06,153533.03,0.0,158888.09,535.5,15368.15,0.0,15903.650000000001,4819.5599999999995,138164.88,0.0,142984.44,0.0,1713.3589299900596,,1713.3589299900596,0.0,0.0,,0.0,0.0,6338.639999999999,,6338.639999999999,0.0,8052.0,,8052.0,0.0,5.8278196311537345,,5.63138198813801,0.0,1750.73,0.0,1750.73,4819.56,130075.51,0.0,134895.07,,,,[],[],[],31228.323744614536,0.0,0.0,,,,,1387250.52,0.0,1530234.96,0.0,0.0,,0.0,,0.0,,0.0,,0.0,,0.0,,1530234.96,0.0
65,ASSAM,LAKHIMPUR,,0.0,3270.3,0.0,3270.3,0.0,224930.0,0.0,224930.0,2770.0,227700.0,0.0,109587.9,0.0,109587.9,,,,,0.0,0.0,0.0,0.0,0.0,2019.27,0.0,2019.27,,1360.33,,1360.33,,,,,,,,,,,,,0.0,112967.5,0.0,112967.5,,,,,,,,,,,,0.0,,,,0.0,0.0,0.0,0.0,0.0,0.0,36614.119999999995,0.0,36614.119999999995,0.0,0.0,0.0,0.0,0.0,-36614.119999999995,0.0,-36614.119999999995,0.0,76353.38,0.0,76353.38,0.0,11296.75,0.0,11296.75,0.0,65056.630000000005,0.0,65056.630000000005,,2182.1876399408184,,2182.1876399408184,,3.0,,3.0,,4487.28,,4487.28,,6672.469999999999,,6672.469999999999,,10.256402767865472,,10.256402767865472,0.0,2340.69,0.0,2340.69,0.0,58225.66,0.0,58225.66,,As,,[],"[Fe,  Mn]",[],61571.11215838356,6632.3664,0.0,,,,,462905.94,0.0,527962.57,0.0,0.0,,0.0,,0.0,,0.0,,0.0,,0.0,,527962.57,0.0
66,ASSAM,MORIGAON,,0.0,1884.8,0.0,1884.8,0.0,149066.0,0.0,149066.0,6034.0,155100.0,0.0,49456.01,0.0,49456.01,,,,,0.0,96.40868385345998,0.0,96.41,0.0,4873.18,0.0,4873.18,,1073.1,,1073.1,,,,,,,,,,,,,0.0,55498.7,0.0,55498.7,,,,,,,,,,,,0.0,,,,0.0,0.0,0.0,0.0,0.0,0.0,869.23,0.0,869.23,0.0,0.0,0.0,0.0,0.0,-869.23,0.0,-869.23,0.0,54629.469999999994,0.0,54629.469999999994,0.0,2774.94,0.0,2774.94,0.0,51854.53,0.0,51854.53,,2237.3501649382556,,2237.3501649382556,,4.9784999999999995,,4.9784999999999995,,10829.279999999999,,10829.279999999999,,13071.61,,13071.61,,25.208231566268175,,25.208231566268175,0.0,2470.28,0.0,2470.28,0.0,38549.99,0.0,38549.99,,,,[],[Fe],[],22999.36008033864,4658.4288,0.0,,,,,1180602.72,0.0,1232457.25,0.0,0.0,,0.0,,0.0,,0.0,,0.0,,0.0,,1232457.25,0.0
67,ASSAM,NAGAON,,1884.8,1884.8,0.0,1884.7999999999997,53333.0,324008.0,0.0,377341.0,19959.0,397300.0,17691.88,89669.32,0.0,107361.20000000001,1442.93,,,1442.93,3291.586867132867,96.81334806629835,0.0,3388.3999999999996,0.0,12191.64,0.0,12191.64,,2915.2,,2915.2,,,,,,,,,,,,,22426.4,104872.97,0.0,127299.37,,,,,,,,,,,,0.0,,,,0.0,0.0,0.0,0.0,0.0,0.0,5667.58,0.0,5667.58,0.0,0.0,0.0,0.0,0.0,-5667.58,0.0,-5667.58,22426.4,99205.39,0.0,121631.79,2242.6400000000003,10487.3,0.0,12729.939999999999,20183.760000000002,88718.09,0.0,108901.85,0.0,4227.78346819557,,4227.78346819557,0.0,43.35547263157895,,43.35547263157895,0.0,27157.199999999997,,27157.199999999997,0.0,31428.33,,31428.33,0.0,35.424939829069814,,28.85931689865691,0.0,4637.48,0.0,4637.48,20183.76,56880.06,0.0,77063.81999999999,,F,,[],[Mn],[],12401.198712310885,8259.5376,0.0,,,,,1194447.15,0.0,1303349.0,0.0,0.0,,0.0,,0.0,,0.0,,0.0,,0.0,,1303349.0,0.0
68,ASSAM,NALBARI,,0.0,1896.2000000000003,0.0,1896.2000000000003,0.0,103630.0,0.0,103630.0,1014.0,104644.0,0.0,38139.229999999996,0.0,38139.229999999996,,,,,0.0,165.81176470588238,0.0,165.81,0.0,3360.13,0.0,3360.13,,970.8900000000001,,970.8900000000001,,,,,,,,,,,,,0.0,42636.06,0.0,42636.06,,,,,,,,,,,,0.0,,,,0.0,0.0,0.0,0.0,0.0,0.0,2515.7200000000003,0.0,2515.7200000000003,0.0,0.0,0.0,0.0,0.0,-2515.72,0.0,-2515.72,0.0,40120.34,0.0,40120.34,0.0,2131.81,0.0,2131.81,0.0,37988.53,0.0,37988.53,,1666.7902438066135,,1666.7902438066135,,7.664864999999999,,7.664864999999999,,7482.719999999999,,7482.719999999999,,9157.18,,9157.18,,24.10511804484143,,24.10511804484143,0.0,1747.92,0.0,1747.92,0.0,28750.22,0.0,28750.22,,As,,[],[Fe],[],17782.588038448695,2235.0384,0.0,,,,,569705.92,0.0,607694.45,0.0,0.0,,0.0,,0.0,,0.0,,0.0,,0.0,,607694.45,0.0
69,ASSAM,SIBSAGAR,,0.0,2412.4,0.0,2412.4,0.0,264459.0,0.0,264459.0,2341.0,266800.0,0.0,128330.48,0.0,128330.48,,,,,0.0,228.096,0.0,228.10000000000002,0.0,1199.5900000000001,0.0,1199.5900000000001,,1318.49,,1318.49,,,,,,,,,,,,,0.0,131076.66,0.0,131076.66,,,,,,,,,,,,0.0,,,,0.0,0.0,73.22,0.0,73.22,0.0,10915.46,0.0,10915.46,0.0,0.0,0.0,0.0,0.0,-10988.68,0.0,-10988.68,0.0,120087.98000000001,0.0,120087.98000000001,0.0,13107.66,0.0,13107.66,0.0,106980.31999999999,0.0,106980.31999999999,,1728.6532966608024,,1728.6532966608024,,22.069739999999996,,22.069739999999996,,2728.3199999999997,,2728.3199999999997,,4479.04,,4479.04,,4.186788747687426,,4.186788747687426,0.0,1794.35,0.0,1794.35,0.0,102435.58,0.0,102435.58,,,,[],[Fe],[],24550.785666848406,5292.8207999999995,0.0,,,,,1125325.94,0.0,1232306.26,0.0,0.0,,0.0,,0.0,,0.0,,0.0,,0.0,,1232306.26,0.0
70,ASSAM,SONITPUR,,1978.7,1978.7,0.0,1978.7,16470.0,496754.0,0.0,513224.0,7176.0,520400.0,5735.700000000001,146569.19999999998,0.0,152304.9,1057.4199999999998,,,1057.4199999999998,2721.6,221.2625454545455,0.0,2942.86,0.0,3828.58,0.0,3828.58,,3758.08,,3758.08,,,,,,,,,,,,,9514.72,154377.12,0.0,163891.84,,,,,,,,,,,,0.0,,,,0.0,0.0,0.0,0.0,0.0,0.0,23772.36,0.0,23772.36,0.0,0.0,0.0,0.0,0.0,-23772.36,0.0,-23772.36,9514.72,130604.76,0.0,140119.47999999998,951.48,15437.71,0.0,16389.190000000002,8563.24,115167.04999999999,0.0,123730.29,0.0,3873.2150059461896,,3873.2150059461896,0.0,84.55563099999999,,84.55563099999999,0.0,8954.4,,8954.4,0.0,12912.18,,12912.18,0.0,11.211696401010533,,10.435746978367222,0.0,4123.76,0.0,4123.76,8563.24,102004.33,0.0,110567.57,,,,[],"[Fe,  Mn]",[],62625.528151007165,6931.439999999999,0.0,,,,,5925462.0,0.0,6049192.29,0.0,0.0,,0.0,,0.0,,0.0,,0.0,,0.0,,6049192.29,0.0
71,ASSAM,TINSUKIA,,0.0,2322.6000000000004,0.0,2322.6000000000004,0.0,371757.0,0.0,371757.0,7243.0,379000.0,0.0,129599.94,0.0,129599.94,,,,,0.0,38.88,0.0,38.88,0.0,1446.48,0.0,1446.48,,5350.349999999999,,5350.349999999999,,,,,,,,,,,,,0.0,136435.65000000002,0.0,136435.65000000002,,,,,,,,,,,,0.0,,,,0.0,0.0,0.0,0.0,0.0,0.0,15961.41,0.0,15961.41,0.0,0.0,0.0,0.0,0.0,-15961.41,0.0,-15961.41,0.0,120474.24000000002,0.0,120474.24000000002,0.0,13643.57,0.0,13643.57,0.0,106830.67,0.0,106830.67,,2757.7240872693965,,2757.7240872693965,,28.538526666666662,,28.538526666666662,,4339.4400000000005,,4339.4400000000005,,7125.7,,7125.7,,6.670088280827969,,6.670088280827969,0.0,2935.08,0.0,2935.08,0.0,99527.61,0.0,99527.61,,,,[],"[Fe,  Mn]",[],50818.84878465924,3211.7039999999997,0.0,,,,,1850569.17,0.0,1957399.84,0.0,0.0,,0.0,,0.0,,0.0,,0.0,,0.0,,1957399.84,0.0
72,ASSAM,UDALGURI,,1957.8,1957.8,0.0,1957.8,36230.0,163939.0,0.0,200169.0,1031.0,201200.0,12483.869999999999,48818.85,0.0,61302.72,7579.799999999999,,,7579.799999999999,24078.21650428454,167.12690852826069,0.0,24245.339999999997,0.0,858.37,0.0,858.37,,514.37,,514.37,,,,,,,,,,,,,44141.89,50358.71,0.0,94500.6,,,,,,,,,,,,0.0,,,,0.0,0.0,0.0,0.0,0.0,0.0,16570.01,0.0,16570.01,0.0,0.0,0.0,0.0,0.0,-16570.010000000002,0.0,-16570.010000000002,44141.89,33788.7,0.0,77930.59,4414.1900000000005,5035.87,0.0,9450.060000000001,39727.7,28752.829999999998,0.0,68480.53,0.0,1504.396716344832,,1504.396716344832,0.0,11.614755454545454,,11.614755454545454,0.0,4578.0,,4578.0,0.0,6094.01,,6094.01,0.0,21.1944702486677,,8.898894328066678,0.0,1562.61,0.0,1562.61,39727.7,22600.61,0.0,62328.31,,,,[],"[Fe,  Mn]",[],42057.56322998787,0.0,0.0,,,,,1523273.32,0.0,1591753.8499999999,0.0,0.0,,0.0,,0.0,,0.0,,0.0,,0.0,,1591753.8499999999,0.0
73,BIHAR,ARARIA,,1632.2,1632.2,0.0,1632.1999999999996,98344.0,180593.0,0.0,278937.0,0.0,278937.0,29185.190000000002,53121.689999999995,0.0,82306.88,33618.7,,0.0,33618.7,22658.450000000004,0.0,0.0,22658.450000000004,0.0,8108.079999999999,0.0,8108.079999999999,207.66,499.22000000000014,0.0,706.8800000000001,0.0,0.72,0.0,0.72,,,,,,,,,85670.0,61729.71,0.0,147399.71000000002,,,,,,,,,,,,0.0,,,,0.0,,,,,,,,,,,,,,,,0.0,85670.0,61729.71,0.0,147399.71000000002,8567.03,5355.099999999999,0.0,13922.119999999999,77102.97,56374.61,0.0,133477.58,5066.008374999999,4073.7149950000003,,9139.723370000002,87.0,0.0,,87.0,3074.5809,23299.037099999998,,26373.618,8227.59,27372.739999999998,,35600.33,10.670911898724524,48.55508534781881,,26.671393053425156,5504.120000000001,4426.0,0.0,9930.119999999999,68437.26,29870.220000000005,0.0,98307.48,,,,,,,,,,,,,,0.0,0.0,133477.58000000002,0.0,0.0,,0.0,,0.0,,,,,,,,133477.58000000002,0.0
74,BIHAR,ARWAL,,874.4000000000001,874.4000000000001,0.0,874.4000000000002,21371.8,42311.2,0.0,63683.0,0.0,63683.0,3503.82,7844.35,0.0,11348.17,2403.86,,0.0,2403.86,4924.070000000001,0.0,0.0,4924.070000000001,0.0,1610.5700000000002,0.0,1610.5700000000002,88.92,151.51,0.0,240.43,0.0,1.44,0.0,1.44,,,,,,,,,10920.67,9607.87,0.0,20528.54,,,,,,,,,,,,0.0,,,,0.0,,,,,,,,,,,,,,,,0.0,10920.67,9607.87,0.0,20528.54,789.49,960.7900000000001,0.0,1750.28,10131.18,8647.080000000002,0.0,18778.260000000002,2492.01633,0.0,,2492.01633,1.4,0.0,,1.4,497.36699999999996,5063.949,,5561.316,2990.7900000000004,5063.9400000000005,,8054.73,29.52064813772927,58.56242801038037,,42.89391029839825,2707.5299999999997,0.0,0.0,2707.5299999999997,6924.89,3701.6400000000003,0.0,10626.53,,,,,,,,,,,,,,0.0,0.0,18778.26,0.0,0.0,,0.0,,0.0,,,,,,,,18778.26,0.0
75,BIHAR,AURANGABAD,,974.9,974.9,0.0,974.9000000000001,142675.0,166379.0,0.0,309054.0,21230.0,330284.0,25755.86,34126.87,0.0,59882.729999999996,25959.42,,0.0,25959.42,32872.31999999999,0.0,0.0,32872.31999999999,1590.7600000000002,3132.2999999999997,0.0,4723.0599999999995,1613.9,2647.6,0.0,4261.5,0.0,43.92,0.0,43.92,,,,,,,,,87792.26,39950.689999999995,0.0,127742.95000000001,,,,,,,,,,,,0.0,,,,0.0,,,,,,,,,,,,,,,,0.0,87792.26,39950.689999999995,0.0,127742.95000000001,7136.3099999999995,3995.0899999999997,0.0,11131.39,80655.95000000001,35955.600000000006,0.0,116611.55,7866.7045480000015,0.0,,7866.7045480000015,1550.9624999999999,0.0,,1550.9624999999999,9090.036,10104.137999999999,,19194.174,18507.71,10104.149999999998,,28611.84,22.946490618485054,28.10174214864999,,24.536025805334035,8547.01,0.0,0.0,8547.01,61467.92,26009.18,0.0,87477.1,,,,,,,,,,,,,,0.0,0.0,116611.55,0.0,0.0,,0.0,,0.0,,,,,,,,116611.55,0.0
76,BIHAR,BANKA,,974.9,974.9000000000001,0.0,974.9,47719.2,219580.8,0.0,267300.0,34654.0,301954.0,5318.2300000000005,41535.27,0.0,46853.5,9865.269999999999,,0.0,9865.269999999999,10994.500000000002,0.0,0.0,10994.500000000002,421.69999999999993,2807.0299999999997,0.0,3228.73,479.59,1534.4799999999998,0.0,2014.0700000000002,0.0,486.71999999999997,0.0,486.71999999999997,,,,,,,,,27079.289999999997,46363.5,0.0,73442.79,,,,,,,,,,,,0.0,,,,0.0,,,,,,,,,,,,,,,,0.0,27079.289999999997,46363.5,0.0,73442.79,2707.95,4636.37,0.0,7344.33,24371.340000000004,41727.12999999999,0.0,66098.47,6501.333644999999,0.0,,6501.333644999999,118.1,0.0,,118.1,2720.1420000000007,8611.128,,11331.270000000002,9339.609999999999,8611.11,,17950.72,38.32210292909621,20.636717646289124,,27.157542375791756,7063.57,0.0,0.0,7063.57,15201.93,33116.02,0.0,48317.95,,,,,,,,,,,,,,0.0,0.0,66098.47,0.0,0.0,,0.0,,0.0,,,,,,,,66098.47,0.0
77,BIHAR,BEGUSARAI,,1090.7,1090.7000000000003,0.0,1090.7000000000005,336.5,188794.5,0.0,189131.0,0.0,189131.0,62.12,50807.829999999994,0.0,50869.95,246.03,,0.0,246.03,995.5600000000001,0.0,0.0,995.5600000000001,0.0,7267.680000000001,0.0,7267.680000000001,1.79,710.53,0.0,712.3199999999999,0.0,0.0,0.0,0.0,,,,,,,,,1305.5000000000002,58786.04,0.0,60091.54,,,,,,,,,,,,0.0,,,,0.0,,,,,,,,,,,,,,,,0.0,1305.5000000000002,58786.04,0.0,60091.54,130.56,5878.620000000001,0.0,6009.17,1174.94,52907.42000000001,0.0,54082.360000000015,525.8503900000001,8449.8903425,,8975.7407325,0.0,118.80000000000001,,118.80000000000001,0.0,24643.265899999995,,24643.265899999995,525.85,33211.92,,33737.770000000004,44.755476875414914,62.77365254249781,,62.38220743325549,571.33,9180.62,0.0,9751.950000000003,723.3899999999999,18964.789999999997,0.0,19688.179999999997,,,,,,,,,,,,,,0.0,0.0,54082.360000000015,0.0,0.0,,0.0,,0.0,,,,,,,,54082.360000000015,0.0
78,BIHAR,BHAGALPUR,,1207.8999999999999,1207.8999999999999,0.0,1207.9,11453.66,248801.34,0.0,260255.0,0.0,260255.0,2270.43,61277.170000000006,0.0,63547.6,932.3000000000001,,0.0,932.3000000000001,2638.9300000000003,0.0,0.0,2638.9300000000003,21.34,5736.72,0.0,5758.06,210.73,2134.4900000000002,0.0,2345.2200000000003,0.0,18.72,0.0,18.72,,,,,,,,,6073.7300000000005,69167.1,0.0,75240.83,,,,,,,,,,,,0.0,,,,0.0,,,,,,,,,,,,,,,,0.0,6073.7300000000005,69167.1,0.0,75240.83,471.71000000000004,6561.129999999999,0.0,7032.829999999999,5602.02,62605.969999999994,0.0,68207.98999999999,2663.858695,3892.811359,,6556.670053999999,150.0,45.0,,195.0,161.01,16676.55,,16837.559999999998,2974.87,20614.350000000002,,23589.22,53.103523371926556,32.92713139018532,,34.58424738802596,2894.2400000000002,4229.48,0.0,7123.719999999999,2787.96,41654.95,0.0,44442.909999999996,,,,,,,,,,,,,,0.0,0.0,68207.98999999999,0.0,0.0,,0.0,,0.0,,,,,,,,68207.98999999999,0.0
79,BIHAR,BHOJPUR,,1051.5,1051.5,0.0,1051.5,56636.8,170893.2,0.0,227530.0,0.0,227530.0,9569.74,37786.380000000005,0.0,47356.119999999995,10531.039999999997,,0.0,10531.039999999997,13049.109999999997,0.0,0.0,13049.109999999997,1153.78,6919.189999999999,0.0,8072.969999999999,348.71000000000004,752.58,0.0,1101.29,0.0,7.2,0.0,7.2,,,,,,,,,34652.38,45465.350000000006,0.0,80117.73000000001,,,,,,,,,,,,0.0,,,,0.0,,,,,,,,,,,,,,,,0.0,34652.38,45465.350000000006,0.0,80117.73000000001,2705.3,4546.53,0.0,7251.830000000001,31947.08,40918.820000000014,0.0,72865.90000000001,6943.6092549999985,1451.2600749999997,,8394.86933,766.5,0.0,,766.5,7960.481999999998,20713.086,,28673.568,15670.54,22164.350000000002,,37834.89,49.051556511581026,54.16664019148156,,51.92400011528026,7544.08,1576.76,0.0,9120.84,17893.04,19122.21,0.0,37015.25,,,,,,,,,,,,,,0.0,0.0,72865.90000000001,0.0,0.0,,0.0,,0.0,,,,,,,,72865.90000000001,0.0
80,BIHAR,BUXAR,,975.4,975.4000000000001,0.0,975.4000000000001,48402.0,122604.0,0.0,171006.0,0.0,171006.0,7643.250000000002,25167.09,0.0,32810.34,8172.2300000000005,,0.0,8172.2300000000005,11151.810000000001,0.0,0.0,11151.810000000001,835.16,4405.02,0.0,5240.18,250.79999999999998,546.2199999999999,0.0,797.02,0.0,7.2,0.0,7.2,,,,,,,,,28053.250000000004,30125.530000000002,0.0,58178.78,,,,,,,,,,,,0.0,,,,0.0,,,,,,,,,,,,,,,,0.0,28053.250000000004,30125.530000000002,0.0,58178.78,2805.35,3012.56,0.0,5817.91,25247.9,27112.97,0.0,52360.87,3680.9820760000002,1388.82646,,5069.808536,990.0,224.0,,1214.0,5139.449999999999,14077.529999999999,,19216.980000000003,9810.429999999998,15690.35,,25500.78,38.85641974183991,57.87027389474484,,48.70197916879532,3999.32,1508.9299999999998,0.0,5508.25,15152.390000000001,11302.52,0.0,26454.910000000003,,,,,,,,,,,,,,0.0,0.0,52360.87,0.0,0.0,,0.0,,0.0,,,,,,,,52360.87,0.0
81,BIHAR,DARBHANGA,,1123.6,1123.6,0.0,1123.6,5912.8099999999995,244516.19,0.0,250429.0,0.0,250429.0,1223.4799999999998,56981.23,0.0,58204.71000000001,1610.3000000000002,,0.0,1610.3000000000002,1362.32,0.0,0.0,1362.32,0.24,7102.599999999998,0.0,7102.839999999997,94.63,3698.87,0.0,3793.5,0.0,16.560000000000002,0.0,16.560000000000002,,,,,,,,,4290.97,67799.26000000001,0.0,72090.23000000001,,,,,,,,,,,,0.0,,,,0.0,,,,,,,,,,,,,,,,0.0,4290.97,67799.26000000001,0.0,72090.23000000001,383.46999999999997,6634.579999999999,0.0,7018.050000000001,3907.5000000000005,61164.68,0.0,65072.18,3033.060575,9606.942058,,12640.002633,54.0,733.6,,787.6,1.755,20771.149999999998,,20772.905,3088.81,31111.67000000001,,34200.48,79.04824056301982,50.86541775416794,,52.55775970622162,3295.3599999999997,10437.73,0.0,13733.089999999998,1736.52,29222.219999999994,0.0,30958.739999999994,,,,,,,,,,,,,,0.0,0.0,65072.18,0.0,0.0,,0.0,,0.0,,,,,,,,65072.18,0.0
82,BIHAR,EAST CHAMPARAN,,1197.7000000000003,1197.6999999999998,0.0,1197.7,150676.81999999998,245210.18000000002,0.0,395887.0,0.0,395887.0,33049.94,57469.780000000006,0.0,90519.71999999999,33311.74,,0.0,33311.74,34715.94,0.0,0.0,34715.94,955.9100000000002,15661.399999999998,0.0,16617.309999999994,599.65,804.01,0.0,1403.6600000000003,0.0,2.88,0.0,2.88,,,,,,,,,102633.17999999998,73938.07,0.0,176571.25000000003,,,,,,,,,,,,0.0,,,,0.0,,,,,,,,,,,,,,,,0.0,102633.17999999998,73938.07,0.0,176571.25000000003,9780.740000000002,6067.9800000000005,0.0,15848.719999999998,92852.44,67870.09000000003,0.0,160722.53,13360.230488000001,570.8559849999999,,13931.086473000003,8529.3,18.0,,8547.3,6040.862999999999,45529.445999999996,,51570.308999999994,27930.349999999995,46118.32,,74048.67,30.080361916175807,67.95087497305512,,46.07236459007956,14515.6,620.23,0.0,15135.830000000004,63810.57,23549.149999999998,0.0,87359.72,,,,,,,,,,,,,,0.0,0.0,160722.53000000003,0.0,0.0,,0.0,,0.0,,,,,,,,160722.53000000003,0.0
83,BIHAR,GAYA,,1003.9000000000002,1003.9,0.0,1003.9,36320.0,454658.0,0.0,490978.0,7608.0,498586.0,4678.05,88169.18000000001,0.0,92847.23,12267.900000000001,,0.0,12267.900000000001,8368.13,0.0,0.0,8368.13,640.35,9956.769999999999,0.0,10597.12,605.95,7311.679999999999,0.0,7917.629999999999,0.0,63.35999999999999,0.0,63.35999999999999,,,,,,,,,26560.38,105500.98999999998,0.0,132061.36999999997,,,,,,,,,,,,0.0,,,,0.0,,,,,,,,,,,,,,,,0.0,26560.38,105500.98999999998,0.0,132061.36999999997,2641.9,10127.810000000001,0.0,12769.71,23918.479999999996,95373.18000000001,0.0,119291.66000000002,9739.110674999998,4148.310044999999,,13887.420719999998,307.2,47.05,,354.25,3940.992,31113.1809,,35054.172900000005,13987.269999999997,35308.55,,49295.820000000014,58.47892508219586,37.02146662195808,,41.32377737052197,10581.33,4507.05,0.0,15088.380000000001,10282.01,59705.88000000001,0.0,69987.89000000001,,,,,,,,,,,,,,0.0,0.0,119291.66,0.0,0.0,,0.0,,0.0,,,,,,,,119291.66,0.0
84,BIHAR,GOPALGANJ,,1135.5,1135.5,0.0,1135.5,77162.0,124751.0,0.0,201913.0,0.0,201913.0,14782.29,28221.199999999993,0.0,43003.49,19218.730000000003,,0.0,19218.730000000003,17778.129999999997,0.0,0.0,17778.129999999997,755.79,10863.59,0.0,11619.380000000001,561.2700000000001,717.49,0.0,1278.76,0.0,4.32,0.0,4.32,,,,,,,,,53096.21,39806.600000000006,0.0,92902.81000000001,,,,,,,,,,,,0.0,,,,0.0,,,,,,,,,,,,,,,,0.0,53096.21,39806.600000000006,0.0,92902.81000000001,5309.650000000001,3528.91,0.0,8838.55,47786.56000000001,36277.689999999995,0.0,84064.25000000001,8096.644401,0.0,,8096.644401,360.1,0.0,,360.1,5688.880500000001,31600.031,,37288.911499999995,14145.64,31600.030000000002,,45745.67,29.60171228060776,87.1059596131948,,54.4175080370074,8796.84,0.0,0.0,8796.84,32940.71000000001,8755.460000000001,0.0,41696.170000000006,,,,,,,,,,,,,,0.0,0.0,84064.25,0.0,0.0,,0.0,,0.0,,,,,,,,84064.25,0.0
85,BIHAR,JAMUI,,1107.3,1107.3,0.0,1107.3000000000002,5983.9,249130.1,0.0,255114.0,54712.0,309826.0,797.99,36206.759999999995,0.0,37004.75,6967.7699999999995,,0.0,6967.7699999999995,1378.69,0.0,0.0,1378.69,12.98,2787.26,0.0,2800.24,50.019999999999996,2758.1,0.0,2808.12,0.0,89.99999999999999,0.0,89.99999999999999,,,,,,,,,9207.45,41842.12,0.0,51049.569999999985,,,,,,,,,,,,0.0,,,,0.0,,,,,,,,,,,,,,,,0.0,9207.45,41842.12,0.0,51049.569999999985,920.75,3906.73,0.0,4827.4800000000005,8286.7,37935.38999999999,0.0,46222.09,5484.183983999999,0.0,,5484.183983999999,52.2,0.0,,52.2,98.046,8102.763,,8200.809,5634.460000000001,8102.780000000001,,13737.24,67.99401450517094,21.359421901290595,,29.720075401177233,5958.43,0.0,0.0,5958.43,3643.0,29832.609999999997,0.0,33475.61,,,,,,,,,,,,,,0.0,0.0,46222.09,0.0,0.0,,0.0,,0.0,,,,,,,,46222.09,0.0
86,BIHAR,JEHANABAD,,936.6000000000001,936.5999999999999,0.0,936.6,15594.0,77663.0,0.0,93257.0,0.0,93257.0,2475.5,15285.5,0.0,17761.0,3251.15,,0.0,3251.15,3592.8500000000004,0.0,0.0,3592.8500000000004,411.80999999999995,5575.49,0.0,5987.299999999999,74.93,424.28000000000003,0.0,499.21000000000004,0.0,2.16,0.0,2.16,,,,,,,,,9806.240000000002,21287.43,0.0,31093.670000000002,,,,,,,,,,,,0.0,,,,0.0,,,,,,,,,,,,,,,,0.0,9806.240000000002,21287.43,0.0,31093.670000000002,772.77,2128.73,0.0,2901.5,9033.470000000001,19158.7,0.0,28192.17,3422.6993890000003,0.0,,3422.6993890000003,0.0,0.0,,0.0,2495.367,17534.277000000002,,20029.644,5918.0599999999995,17534.28,,23452.34,65.51258818593519,91.52124100278202,,83.18742402589088,3718.6900000000005,0.0,0.0,3718.6900000000005,3152.94,2757.4300000000003,0.0,5910.370000000001,,,,,,,,,,,,,,0.0,0.0,28192.170000000002,0.0,0.0,,0.0,,0.0,,,,,,,,28192.170000000002,0.0
87,BIHAR,KAIMUR,,1126.3,1126.3,0.0,1126.3,65809.0,232231.0,0.0,298040.0,38166.0,336206.0,10106.5,38090.67999999999,0.0,48197.17999999999,12821.130000000001,,0.0,12821.130000000001,15162.390000000001,0.0,0.0,15162.390000000001,1185.1600000000003,4546.2300000000005,0.0,5731.3899999999985,610.15,1878.4299999999998,0.0,2488.58,0.0,12.24,0.0,12.24,,,,,,,,,39885.33,44527.58,0.0,84412.90999999999,,,,,,,,,,,,0.0,,,,0.0,,,,,,,,,,,,,,,,0.0,39885.33,44527.58,0.0,84412.90999999999,3886.9599999999996,4309.149999999999,0.0,8196.11,35998.37,40218.42999999999,0.0,76216.8,5037.60663,177.98640999999998,,5215.593040000001,206.25,0.0,,206.25,7181.550000000001,14297.247,,21478.797,12425.400000000001,14475.240000000002,,26900.64,34.51656283326162,35.99155909367921,,35.294895613565515,5473.249999999999,193.38,0.0,5666.63,23137.320000000003,25727.800000000003,0.0,48865.12000000001,,,,,,,,,,,,,,0.0,0.0,76216.79999999999,0.0,0.0,,0.0,,0.0,,,,,,,,76216.79999999999,0.0
88,BIHAR,KATIHAR,,1342.7000000000003,1342.7,0.0,1342.6999999999998,22050.7,278940.3,0.0,300991.0,0.0,300991.0,5086.64,86097.02,0.0,91183.66,10916.300000000003,,0.0,10916.300000000003,5096.61,0.0,0.0,5096.61,0.0,17842.799999999996,0.0,17842.799999999996,84.13,1665.2300000000002,0.0,1749.3600000000001,0.0,0.72,0.0,0.72,,,,,,,,,21183.679999999997,105605.77,0.0,126789.45000000003,,,,,,,,,,,,0.0,,,,0.0,,,,,,,,,,,,,,,,0.0,21183.679999999997,105605.77,0.0,126789.45000000003,2117.56,9953.510000000002,0.0,12071.070000000002,19066.120000000003,95652.26,0.0,114718.37999999999,2925.6677929999996,5415.862262,,8341.530055,29.7,95.5,,125.2,0.0,51714.190800000004,,51714.190800000004,2955.35,57225.58000000001,,60180.93,15.500531833430188,59.82668888325274,,52.4597104666227,3178.6800000000003,5884.2300000000005,0.0,9062.91,15992.309999999998,38034.549999999996,0.0,54026.85999999999,,,,,,,,,,,,,,0.0,0.0,114718.37999999999,0.0,0.0,,0.0,,0.0,,,,,,,,114718.37999999999,0.0
89,BIHAR,KHAGARIA,,0.0,1233.9000000000003,0.0,1233.9000000000003,0.0,148572.0,0.0,148572.0,0.0,148572.0,0.0,41861.0,0.0,41861.0,0.0,,0.0,0.0,0.0,0.0,0.0,0.0,0.0,5932.15,0.0,5932.15,0.0,769.5800000000002,0.0,769.5800000000002,0.0,0.0,0.0,0.0,,,,,,,,,0.0,48562.729999999996,0.0,48562.729999999996,,,,,,,,,,,,0.0,,,,0.0,,,,,,,,,,,,,,,,0.0,0.0,48562.729999999996,0.0,48562.729999999996,0.0,4856.29,0.0,4856.29,0.0,43706.44,0.0,43706.44,,5205.106955,,5205.106955,,27.7,,27.7,,20747.496,,20747.496,,25980.289999999997,,25980.289999999997,,59.44270455337931,,59.44270455337931,0.0,5655.240000000001,0.0,5655.240000000001,0.0,17276.02,0.0,17276.02,,,,,,,,,,,,,,0.0,0.0,43706.44,0.0,0.0,,0.0,,0.0,,,,,,,,43706.44,0.0
90,BIHAR,KISHANGANJ,,0.0,2090.6,0.0,2090.6,0.0,191143.0,0.0,191143.0,0.0,191143.0,0.0,80165.63999999998,0.0,80165.63999999998,0.0,,0.0,0.0,0.0,0.0,0.0,0.0,0.0,6038.5,0.0,6038.5,0.0,672.76,0.0,672.76,0.0,0.0,0.0,0.0,,,,,,,,,0.0,86876.9,0.0,86876.9,,,,,,,,,,,,0.0,,,,0.0,,,,,,,,,,,,,,,,0.0,0.0,86876.9,0.0,86876.9,0.0,6555.289999999999,0.0,6555.289999999999,0.0,80321.61,0.0,80321.61,,5232.206525999999,,5232.206525999999,,471.5,,471.5,,19352.9862,,19352.9862,,25056.72,,25056.72,,31.195490229839766,,31.195490229839766,0.0,5684.67,0.0,5684.67,0.0,54812.42,0.0,54812.42,,,,,,,,,,,,,,0.0,0.0,80321.61,0.0,0.0,,0.0,,0.0,,,,,,,,80321.61,0.0
91,BIHAR,LAKHISARAI,,1146.8,1146.8,0.0,1146.8,24037.0,90457.0,0.0,114494.0,8280.0,122774.0,4341.999999999999,19343.309999999998,0.0,23685.31,5132.2699999999995,,0.0,5132.2699999999995,5538.12,0.0,0.0,5538.12,340.33000000000004,2559.79,0.0,2900.1200000000003,429.15,970.9199999999998,0.0,1400.0700000000002,0.0,21.6,0.0,21.6,,,,,,,,,15781.87,22895.620000000003,0.0,38677.490000000005,,,,,,,,,,,,0.0,,,,0.0,,,,,,,,,,,,,,,,0.0,15781.87,22895.620000000003,0.0,38677.490000000005,1578.1899999999998,2231.8999999999996,0.0,3810.09,14203.679999999998,20663.719999999998,0.0,34867.4,2879.0243699999996,0.0,,2879.0243699999996,16.5,0.0,,16.5,2722.671,7313.705999999999,,10036.377,5618.2,7313.7,,12931.900000000001,39.55453797888998,35.393917455327504,,37.08879927955627,3127.9900000000002,0.0,0.0,3127.9900000000002,8384.359999999999,13669.15,0.0,22053.51,,,,,,,,,,,,,,0.0,0.0,34867.399999999994,0.0,0.0,,0.0,,0.0,,,,,,,,34867.399999999994,0.0
92,BIHAR,MADHEPURA,,1392.7,1392.6999999999998,0.0,1392.7,107784.0,71056.0,0.0,178840.0,0.0,178840.0,25136.3,20139.75,0.0,45276.049999999996,21881.859999999997,,0.0,21881.859999999997,24833.420000000002,0.0,0.0,24833.420000000002,486.12,8784.63,0.0,9270.749999999998,206.38,143.13,0.0,349.50999999999993,0.0,0.0,0.0,0.0,,,,,,,,,72544.09999999999,29067.510000000002,0.0,101611.61,,,,,,,,,,,,0.0,,,,0.0,,,,,,,,,,,,,,,,0.0,72544.09999999999,29067.510000000002,0.0,101611.61,7096.630000000001,2751.9600000000005,0.0,9848.589999999998,65447.47,26315.550000000003,0.0,91763.01999999999,6436.65017,0.0,,6436.65017,156.3,0.0,,156.3,2430.6749999999997,30291.839999999993,,32722.514999999992,9023.609999999999,30291.83,,39315.44,13.787561230403556,115.11000150101364,,42.84453584897272,6993.29,0.0,0.0,6993.29,55867.219999999994,3096.17,0.0,58963.38999999999,,,,,,,,,,,,,,0.0,0.0,91763.02,0.0,0.0,,0.0,,0.0,,,,,,,,91763.02,0.0
93,BIHAR,MADHUBANI,,1293.3,1293.3,0.0,1293.2999999999995,52482.81999999999,296162.18,0.0,348645.0,0.0,348645.0,12949.63,74529.52000000002,0.0,87479.14999999998,22214.460000000003,,0.0,22214.460000000003,12092.089999999997,0.0,0.0,12092.089999999997,428.3,8896.779999999999,0.0,9325.08,362.64000000000004,2366.72,0.0,2729.3600000000006,0.0,0.72,0.0,0.72,,,,,,,,,48047.12,85793.74000000002,0.0,133840.86000000002,,,,,,,,,,,,0.0,,,,0.0,,,,,,,,,,,,,,,,0.0,48047.12,85793.74000000002,0.0,133840.86000000002,4524.339999999999,7287.37,0.0,11811.71,43522.77999999999,78506.37,0.0,122029.14999999998,14037.442946999998,0.0,,14037.442946999998,9180.6,0.0,,9180.6,3806.9865000000004,24713.594100000006,,28520.580599999998,27025.01,24713.589999999993,,51738.6,62.09394252848739,31.479725785308883,,42.39855804944966,15251.400000000001,0.0,0.0,15251.400000000001,20715.14,53833.58,0.0,74548.72,,,,,,,,,,,,,,0.0,0.0,122029.15,0.0,0.0,,0.0,,0.0,,,,,,,,122029.15,0.0
94,BIHAR,MUNGER,,1146.7999999999997,1146.8,0.0,1146.8,32937.0,100205.0,0.0,133142.0,6408.0,139550.0,5392.66,22544.239999999998,0.0,27936.9,2703.11,,0.0,2703.11,7588.6900000000005,0.0,0.0,7588.6900000000005,3.95,1780.4800000000002,0.0,1784.43,168.64,285.60999999999996,0.0,454.24999999999994,0.0,43.199999999999996,0.0,43.199999999999996,,,,,,,,,15857.05,24653.530000000006,0.0,40510.579999999994,,,,,,,,,,,,0.0,,,,0.0,,,,,,,,,,,,,,,,0.0,15857.05,24653.530000000006,0.0,40510.579999999994,1450.9299999999998,2465.3399999999997,0.0,3916.2700000000004,14406.12,22188.19,0.0,36594.31,2844.9388449999997,1349.59918,,4194.538025,0.0,735.0,,735.0,29.79,5175.8099999999995,,5205.599999999999,2874.7300000000005,7260.410000000002,,10135.139999999998,19.954921935955,32.72195704111061,,27.695945079986473,3090.95,1466.31,0.0,4557.26,11285.38,14968.770000000002,0.0,26254.15,,,,,,,,,,,,,,0.0,0.0,36594.31,0.0,0.0,,0.0,,0.0,,,,,,,,36594.31,0.0
95,BIHAR,MUZAFFARPUR,,1154.4999999999998,1154.5,0.0,1154.5,38505.920000000006,265771.08,0.0,304277.0,0.0,304277.0,7478.81,60905.51000000002,0.0,68384.31999999999,11468.46,,0.0,11468.46,8871.77,0.0,0.0,8871.77,149.45,17080.53,0.0,17229.979999999996,123.68999999999998,1155.8500000000004,0.0,1279.5399999999997,0.0,0.72,0.0,0.72,,,,,,,,,28092.180000000004,79142.60999999999,0.0,107234.78999999996,,,,,,,,,,,,0.0,,,,0.0,,,,,,,,,,,,,,,,0.0,28092.180000000004,79142.60999999999,0.0,107234.78999999996,2611.4100000000003,6923.55,0.0,9534.97,25480.77,72219.06,0.0,97699.83,8777.599569999998,6219.3883,,14996.987869999997,1240.0,41.8,,1281.8,991.692,52402.179599999996,,53393.8716,11009.31,58663.34,,69672.65,43.20634737490272,81.22971968895746,,71.31296953126734,9536.67,6757.2300000000005,0.0,16293.899999999998,14147.749999999998,14297.630000000001,0.0,28445.379999999997,,,,,,,,,,,,,,0.0,0.0,97699.83,0.0,0.0,,0.0,,0.0,,,,,,,,97699.83,0.0
96,BIHAR,NALANDA,,1002.2,1002.2,0.0,1002.2,10672.0,220974.0,0.0,231646.0,3350.0,234996.0,2046.52,45725.060000000005,0.0,47771.579999999994,4373.37,,0.0,4373.37,2458.84,0.0,0.0,2458.84,5.33,10609.280000000002,0.0,10614.610000000002,84.18000000000002,1411.54,0.0,1495.7200000000003,0.0,12.96,0.0,12.96,,,,,,,,,8968.24,57758.840000000004,0.0,66727.07999999999,,,,,,,,,,,,0.0,,,,0.0,,,,,,,,,,,,,,,,0.0,8968.24,57758.840000000004,0.0,66727.07999999999,843.1000000000001,5344.330000000002,0.0,6187.42,8125.139999999999,52414.51,0.0,60539.649999999994,6358.9147330000005,2246.1848149999996,,8605.099547999998,1935.9,634.5,,2570.4,60.147,33365.025,,33425.172000000006,8354.95,36245.71,,44600.65999999999,102.82838203403266,69.15205350579447,,73.67181673498277,6908.849999999999,2440.44,0.0,9349.289999999999,1968.5299999999997,17297.239999999998,0.0,19265.769999999997,,,,,,,,,,,,,,0.0,0.0,60539.65,0.0,0.0,,0.0,,0.0,,,,,,,,60539.65,0.0
97,BIHAR,NAWADA,,1041.8,1041.8000000000002,0.0,1041.8,21728.0,223930.0,0.0,245658.0,2999.0,248657.0,2924.3500000000004,45828.890000000014,0.0,48753.240000000005,5047.91,,0.0,5047.91,5006.14,0.0,0.0,5006.14,157.56,7881.779999999999,0.0,8039.34,145.06,1434.3100000000002,0.0,1579.3700000000003,0.0,38.16,0.0,38.16,,,,,,,,,13281.009999999998,55183.14,0.0,68464.15000000001,,,,,,,,,,,,0.0,,,,0.0,,,,,,,,,,,,,,,,0.0,13281.009999999998,55183.14,0.0,68464.15000000001,1296.39,5460.699999999999,0.0,6757.09,11984.619999999999,49722.44,0.0,61707.06,4639.16168,1001.9304749999999,,5641.092155,24.6,0.9,,25.5,1050.3,23884.200000000008,,24934.500000000004,5714.05,24887.02,,30601.07,47.67819088131289,50.0518880408926,,49.590873394389554,5040.330000000001,1088.58,0.0,6128.909999999999,6167.879999999999,24748.77,0.0,30916.65,,,,,,,,,,,,,,0.0,0.0,61707.06,0.0,0.0,,0.0,,0.0,,,,,,,,61707.06,0.0
98,BIHAR,PATNA,,1074.8,1074.7999999999997,0.0,1074.8,20510.0,299574.0,0.0,320084.0,0.0,320084.0,4537.1,73293.09,0.0,77830.18999999999,6822.490000000001,,0.0,6822.490000000001,4725.5,0.0,0.0,4725.5,218.83999999999997,13293.03,0.0,13511.869999999999,107.63,1000.3199999999999,0.0,1107.9499999999998,0.0,7.2,0.0,7.2,,,,,,,,,16411.56,87593.64,0.0,104005.2,,,,,,,,,,,,0.0,,,,0.0,,,,,,,,,,,,,,,,0.0,16411.56,87593.64,0.0,104005.2,1141.27,8759.4,0.0,9900.67,15270.290000000003,78834.24,0.0,94104.53000000001,4118.983755,11510.554517,,15629.538271999998,420.0,0.0,,420.0,1411.254,40782.24900000001,,42193.503000000004,5950.25,52292.83000000001,,58243.08000000001,38.966188592358094,66.33263668172611,,61.89189829650071,4475.1900000000005,12505.960000000003,0.0,16981.15,8963.829999999998,26496.710000000003,0.0,35460.54,,,,,,,,,,,,,,0.0,0.0,94104.53,0.0,0.0,,0.0,,0.0,,,,,,,,94104.53,0.0
99,BIHAR,PURNEA,,1598.1999999999998,1598.1999999999996,0.0,1598.1999999999996,102587.0,217652.0,0.0,320239.0,0.0,320239.0,28665.820000000003,72268.32999999999,0.0,100934.15,32878.45,,0.0,32878.45,23636.05,0.0,0.0,23636.05,74.17,13684.06,0.0,13758.23,217.83,463.22999999999996,0.0,681.0600000000001,0.0,3.6,0.0,3.6,,,,,,,,,85472.31999999999,86419.21999999999,0.0,171891.53999999995,,,,,,,,,,,,0.0,,,,0.0,,,,,,,,,,,,,,,,0.0,85472.31999999999,86419.21999999999,0.0,171891.53999999995,8547.25,8641.919999999998,0.0,17189.170000000002,76925.07,77777.3,0.0,154702.37,7666.608117,2217.47939,,9884.087506999998,301.0,6.5,,307.5,559.629,39782.826,,40342.45500000001,8527.240000000002,42006.83,,50534.07,11.085124784416838,54.00911319883822,,32.66534960000936,8329.6,2409.24,0.0,10738.840000000002,67734.84,37944.64000000001,0.0,105679.48000000001,,,,,,,,,,,,,,0.0,0.0,154702.37,0.0,0.0,,0.0,,0.0,,,,,,,,154702.37,0.0
100,BIHAR,ROHTAS,,949.1,949.1,0.0,949.1,96037.0,279106.0,0.0,375143.0,8783.0,383926.0,17044.76,53832.899999999994,0.0,70877.66,19738.449999999997,,0.0,19738.449999999997,22126.929999999997,0.0,0.0,22126.929999999997,3436.0699999999997,4759.25,0.0,8195.32,1209.1699999999998,3184.18,0.0,4393.35,0.0,132.48000000000002,0.0,132.48000000000002,,,,,,,,,63555.38000000001,61908.81000000001,0.0,125464.19000000002,,,,,,,,,,,,0.0,,,,0.0,,,,,,,,,,,,,,,,0.0,63555.38000000001,61908.81000000001,0.0,125464.19000000002,6355.519999999998,6190.869999999999,0.0,12546.369999999999,57199.86,55717.939999999995,0.0,112917.80000000002,8183.692010000001,930.392665,,9114.084675,24.0,0.0,,24.0,21147.6456,14871.968100000002,,36019.6137,29355.32,15802.36,,45157.679999999986,51.32061512038666,28.361350042733097,,39.991639936307635,8891.4,1010.8499999999999,0.0,9902.25,28626.260000000002,39931.18,0.0,68557.44,,,,,,,,,,,,,,0.0,0.0,112917.79999999999,0.0,0.0,,0.0,,0.0,,,,,,,,112917.79999999999,0.0
101,BIHAR,SAHARSA,,1692.8999999999996,1692.8999999999999,0.0,1692.8999999999999,22194.0,143934.0,0.0,166128.0,0.0,166128.0,6703.59,50625.62,0.0,57329.21000000001,8563.609999999999,,0.0,8563.609999999999,5113.4800000000005,0.0,0.0,5113.4800000000005,289.82,5657.1900000000005,0.0,5947.010000000001,47.519999999999996,345.5,0.0,393.02,0.0,0.0,0.0,0.0,,,,,,,,,20718.02,56628.310000000005,0.0,77346.33,,,,,,,,,,,,0.0,,,,0.0,,,,,,,,,,,,,,,,0.0,20718.02,56628.310000000005,0.0,77346.33,1926.0500000000002,5434.469999999999,0.0,7360.52,18791.97,51193.84,0.0,69985.81000000001,5687.544390999999,0.0,,5687.544390999999,0.0,0.0,,0.0,2229.3954,16356.816399999998,,18586.2118,7916.9400000000005,16356.820000000002,,24273.76,42.129377601177524,31.950758138088492,,34.683830908008346,6179.3899999999985,0.0,0.0,6179.3899999999985,10383.189999999997,34837.02,0.0,45220.20999999999,,,,,,,,,,,,,,0.0,0.0,69985.81,0.0,0.0,,0.0,,0.0,,,,,,,,69985.81,0.0
102,BIHAR,SAMASTIPUR,,1192.3,1192.3,0.0,1192.3,2244.66,259042.34,0.0,261287.0,0.0,261287.0,484.57000000000005,69603.1,0.0,70087.67,722.7500000000001,,0.0,722.7500000000001,517.17,0.0,0.0,517.17,0.0,13850.659999999998,0.0,13850.659999999998,16.93,1845.1599999999999,0.0,1862.09,0.0,12.96,0.0,12.96,,,,,,,,,1741.42,85311.88,0.0,87053.3,,,,,,,,,,,,0.0,,,,0.0,,,,,,,,,,,,,,,,0.0,1741.42,85311.88,0.0,87053.3,174.14000000000001,7819.769999999999,0.0,7993.909999999999,1567.28,77492.11,0.0,79059.39,1670.1805049999998,11644.014941999998,,13314.195446999998,23.0,241.3,,264.3,0.0,41222.25000000001,,41222.25000000001,1693.18,53107.56,,54800.74,108.0330253687918,68.53286095836079,,69.31591554146826,1814.62,12650.960000000001,0.0,14465.580000000002,283.06,23666.75,0.0,23949.81,,,,,,,,,,,,,,0.0,0.0,79059.39,0.0,0.0,,0.0,,0.0,,,,,,,,79059.39,0.0
103,BIHAR,SARAN,,1123.7999999999997,1123.8,0.0,1123.8000000000004,93564.1,169392.9,0.0,262957.0,0.0,262957.0,17746.13,36978.46,0.0,54724.58999999999,14335.239999999998,,0.0,14335.239999999998,21557.149999999998,0.0,0.0,21557.149999999998,285.52,9041.97,0.0,9327.489999999998,430.24000000000007,638.5999999999999,0.0,1068.8400000000001,0.0,0.0,0.0,0.0,,,,,,,,,54354.280000000006,46659.03,0.0,101013.30999999998,,,,,,,,,,,,0.0,,,,0.0,,,,,,,,,,,,,,,,0.0,54354.280000000006,46659.03,0.0,101013.30999999998,5308.95,4299.79,0.0,9608.73,49045.329999999994,42359.23999999999,0.0,91404.56999999999,10902.542188999998,1402.8118,,12305.353989000001,120.4,0.0,,120.4,1374.2999999999997,28613.79,,29988.090000000007,12397.240000000002,30016.6,,42413.84,25.27710589367021,70.86198902529887,,46.402318833730085,11845.379999999997,1524.13,0.0,13369.51,35705.259999999995,15180.75,0.0,50886.009999999995,,,,,,,,,,,,,,0.0,0.0,91404.56999999998,0.0,0.0,,0.0,,0.0,,,,,,,,91404.56999999998,0.0
104,BIHAR,SHEIKHPURA,,1008.4000000000001,1008.4000000000001,0.0,1008.4,3791.4,62467.6,0.0,66259.0,2550.0,68809.0,574.26,13188.93,0.0,13763.19,1250.3799999999999,,0.0,1250.3799999999999,873.54,0.0,0.0,873.54,1.1,2152.2200000000003,0.0,2153.32,42.27,721.2900000000001,0.0,763.5600000000001,0.0,8.64,0.0,8.64,,,,,,,,,2741.5499999999997,16071.080000000002,0.0,18812.629999999997,,,,,,,,,,,,0.0,,,,0.0,,,,,,,,,,,,,,,,0.0,2741.5499999999997,16071.080000000002,0.0,18812.629999999997,234.22000000000003,1607.1200000000001,0.0,1841.3300000000004,2507.33,14463.959999999997,0.0,16971.29,1086.71158,904.143544,,1990.855124,0.0,0.0,,0.0,6.75,6725.7,,6732.450000000001,1093.4499999999998,7629.83,,8723.279999999999,43.6101350839339,52.750629841343596,,51.40021766170986,1180.69,982.33,0.0,2163.02,1730.16,6755.94,0.0,8486.1,,,,,,,,,,,,,,0.0,0.0,16971.29,0.0,0.0,,0.0,,0.0,,,,,,,,16971.29,0.0
105,BIHAR,SHEOHAR,,1293.1000000000001,1293.1000000000001,0.0,1293.1000000000001,12235.0,32064.0,0.0,44299.0,0.0,44299.0,3505.15,9430.65,0.0,12935.800000000001,0.0,,0.0,0.0,2818.9399999999996,0.0,0.0,2818.9399999999996,461.28999999999996,2244.5,0.0,2705.79,23.700000000000003,72.38,0.0,96.08000000000001,0.0,1.44,0.0,1.44,,,,,,,,,6809.08,11748.97,0.0,18558.049999999996,,,,,,,,,,,,0.0,,,,0.0,,,,,,,,,,,,,,,,0.0,6809.08,11748.97,0.0,18558.049999999996,638.1,1174.89,0.0,1812.99,6170.9800000000005,10574.08,0.0,16745.06,2108.187805,0.0,,2108.187805,7.0,0.0,,7.0,1356.75,6601.5,,7958.250000000001,3471.9400000000005,6601.5,,10073.439999999999,56.26237647829032,62.430963261106406,,60.15768232541417,2290.5,0.0,0.0,2290.5,2516.73,3972.58,0.0,6489.3099999999995,,,,,,,,,,,,,,0.0,0.0,16745.059999999998,0.0,0.0,,0.0,,0.0,,,,,,,,16745.059999999998,0.0
106,BIHAR,SITAMARHI,,0.0,1293.1000000000004,0.0,1293.1000000000004,0.0,218520.0,0.0,218520.0,0.0,218520.0,0.0,56351.91,0.0,56351.91,0.0,,0.0,0.0,0.0,0.0,0.0,0.0,0.0,6987.08,0.0,6987.08,0.0,946.38,0.0,946.38,0.0,4.32,0.0,4.32,,,,,,,,,0.0,64289.689999999995,0.0,64289.689999999995,,,,,,,,,,,,0.0,,,,0.0,,,,,,,,,,,,,,,,0.0,0.0,64289.689999999995,0.0,64289.689999999995,0.0,5108.99,0.0,5108.99,0.0,59180.700000000004,0.0,59180.700000000004,,10677.176661999998,,10677.176661999998,,88.0,,88.0,,20928.82,,20928.82,,31694.030000000002,,31694.030000000002,,53.55467238474706,,53.55467238474706,0.0,11600.499999999998,0.0,11600.499999999998,0.0,26563.340000000004,0.0,26563.340000000004,,,,,,,,,,,,,,0.0,0.0,59180.700000000004,0.0,0.0,,0.0,,0.0,,,,,,,,59180.700000000004,0.0
107,BIHAR,SIWAN,,1135.4,1135.4,0.0,1135.4,67324.1,154982.90000000002,0.0,222307.0,0.0,222307.0,12348.69,34817.45,0.0,47166.14,19028.530000000002,,0.0,19028.530000000002,17115.299999999996,0.0,0.0,17115.299999999996,2256.75,9019.72,0.0,11276.47,587.2800000000001,1256.37,0.0,1843.6500000000003,0.0,0.0,0.0,0.0,,,,,,,,,51336.54,45093.53999999999,0.0,96430.08000000002,,,,,,,,,,,,0.0,,,,0.0,,,,,,,,,,,,,,,,0.0,51336.54,45093.53999999999,0.0,96430.08000000002,4520.63,4132.610000000001,0.0,8653.23,46815.91,40960.93000000001,0.0,87776.84000000001,10283.429188999999,0.0,,10283.429188999999,19.2,0.0,,19.2,13544.2185,28220.547100000007,,41764.7656,23846.89,28220.54,,52067.43000000001,50.93757656318119,68.8962384398987,,59.31795904249913,11172.74,0.0,0.0,11172.74,22079.710000000003,12740.390000000001,0.0,34820.100000000006,,,,,,,,,,,,,,0.0,0.0,87776.84000000003,0.0,0.0,,0.0,,0.0,,,,,,,,87776.84000000003,0.0
108,BIHAR,SUPAUL,,1273.7999999999997,1273.7999999999995,0.0,1273.7999999999997,38581.7,202444.30000000002,0.0,241026.0,0.0,241026.0,8395.12,45092.36,0.0,53487.479999999996,31002.780000000002,,0.0,31002.780000000002,8889.239999999998,0.0,0.0,8889.239999999998,328.84000000000003,8199.77,0.0,8528.61,42.93,277.92999999999995,0.0,320.86,0.0,0.0,0.0,0.0,,,,,,,,,48658.91,53570.060000000005,0.0,102228.97000000002,,,,,,,,,,,,0.0,,,,0.0,,,,,,,,,,,,,,,,0.0,48658.91,53570.060000000005,0.0,102228.97000000002,4865.91,4502.990000000001,0.0,9368.9,43793.0,49067.07,0.0,92860.07,6134.320597,804.1877099999999,,6938.508307,61.3,10.0,,71.3,2435.9400000000005,23975.865,,26411.805000000004,8631.560000000001,24790.060000000005,,33421.62,19.709907976160576,50.52280480574854,,35.99137928713601,6664.820000000001,873.73,0.0,7538.55,34630.94,24207.46,0.0,58838.4,,,,,,,,,,,,,,0.0,0.0,92860.07,0.0,0.0,,0.0,,0.0,,,,,,,,92860.07,0.0
109,BIHAR,VAISHALI,,1176.5,1176.5,0.0,1176.5,38302.79,161215.21,0.0,199518.0,0.0,199518.0,8991.48,42866.939999999995,0.0,51858.41999999999,5549.96,,0.0,5549.96,8824.960000000001,0.0,0.0,8824.960000000001,940.7600000000001,8983.769999999999,0.0,9924.529999999999,160.92000000000002,545.5,0.0,706.4200000000001,0.0,8.64,0.0,8.64,,,,,,,,,24468.079999999998,52404.85,0.0,76872.93,,,,,,,,,,,,0.0,,,,0.0,,,,,,,,,,,,,,,,0.0,24468.079999999998,52404.85,0.0,76872.93,1779.84,5033.0599999999995,0.0,6812.9,22688.24,47371.79000000001,0.0,70060.03,5397.258795999999,4625.5632399999995,,10022.822036000001,1237.5900000000001,1025.7,,2263.29,9989.496,26893.638,,36883.13399999999,16624.35,32544.89,,49169.240000000005,73.27298195012041,68.70099272161764,,70.18158570585825,5864.0,5025.57,0.0,10889.570000000002,8566.89,15344.280000000002,0.0,23911.170000000002,,,,,,,,,,,,,,0.0,0.0,70060.03000000001,0.0,0.0,,0.0,,0.0,,,,,,,,70060.03000000001,0.0
110,BIHAR,WEST CHAMPARAN,,1472.0,1472.0,0.0,1472.0,128470.0,258711.0,0.0,387181.0,47257.0,434438.0,28768.66,66158.75,0.0,94927.41,34384.549999999996,,0.0,34384.549999999996,29599.489999999998,0.0,0.0,29599.489999999998,290.02,7866.110000000001,0.0,8156.13,271.93,494.18,0.0,766.1099999999999,0.0,0.72,0.0,0.72,,,,,,,,,93314.65000000001,74519.76,0.0,167834.41,,,,,,,,,,,,0.0,,,,0.0,,,,,,,,,,,,,,,,0.0,93314.65000000001,74519.76,0.0,167834.41,9331.460000000001,6263.279999999999,0.0,15594.73,83983.19,68256.48000000001,0.0,152239.67,10054.498998999998,2639.82892,,12694.327918999998,2308.4,132.0,,2440.4,1870.425,24132.752999999997,,26003.178000000004,14233.320000000002,26904.57,,41137.89,16.94782015305682,39.41687294744762,,27.0217939910143,10923.99,2868.11,0.0,13792.100000000002,68880.38,41232.62,0.0,110113.0,,,,,,,,,,,,,,0.0,0.0,152239.67,0.0,0.0,,0.0,,0.0,,,,,,,,152239.67,0.0
111,CHANDIGARH,CHANDIGARH,,0.0,1078.0,0.0,1078.0,0.0,11400.0,0.0,11400.0,0.0,11400.0,0.0,1085.06,0.0,1085.06,,,,,0.0,1528.839,0.0,1528.8400000000001,0.0,205.77,0.0,205.77,0.0,105.77000000000001,0.0,105.77000000000001,0.0,67.08,0.0,67.08,0.0,2212.4474999999998,0.0,2212.4474999999998,0.0,0.0,0.0,0.0,0.0,5204.97,0.0,5204.97,,,,,,,,,,,,0.0,,,,0.0,0.0,0.0,0.0,0.0,0.0,0.0,0.0,0.0,0.0,0.0,0.0,0.0,0.0,0.0,0.0,0.0,0.0,5204.97,0.0,5204.97,0.0,520.49,0.0,520.49,0.0,4684.4800000000005,0.0,4684.4800000000005,,2625.7160916250004,,2625.7160916250004,,217.35,,217.35,,950.7,,950.7,,3793.76,,3793.76,,80.9857230685156,,80.9857230685156,0.0,2625.72,0.0,2625.72,0.0,890.72,0.0,890.72,,,,[],[],[],0.0,0.0,0.0,0.0,0.0,0.0,,0.0,0.0,4684.48,0.0,49020.0,,12182610.0,,12231630.0,,0.0,,0.0,,0.0,,4684.48,0.0
112,CHHATTISGARH,BALOD,,1122.9,1122.9,0.0,1122.9,105541.0,155929.0,0.0,261470.0,19404.0,280874.0,4831.71,10842.34,0.0,15674.05,613.85,,0.0,613.85,6309.7898399999995,0.0,0.0,6309.789999999999,4447.98,5515.889999999999,0.0,9963.859999999999,1949.3100000000002,1352.45,0.0,3301.76,1184.7759999999998,672.24,,1857.016,,,,,,,,,19337.42,18382.92,0.0,37720.34,,,,,,,,,,,,0.0,,,,0.0,,,,,,,,,,,,,,,,0.0,19337.42,18382.92,0.0,37720.34,1933.7500000000002,1301.48,0.0,3235.23,17403.670000000002,17081.44,0.0,34485.11000000001,742.45818,1453.6340349999998,,2196.0922149999997,0.0,156.534875,,156.534875,9995.460380575121,12395.214815777354,,22390.675196352473,10737.919999999998,14005.380000000001,,24743.299999999996,61.69917034740372,81.99179928624287,,71.75067732131343,800.63,1555.59,0.0,2356.22,6672.839999999999,2974.12,0.0,9646.96,,,,,,,,,,,,,,48701.350000000006,0.0,83186.47,0.0,0.0,,0.0,,0.0,,,,,,,,83186.47,0.0
113,CHHATTISGARH,BALODA BAZAR,,1381.1414166256764,1387.802242156485,0.0,1385.6060661941376,164673.0,334767.0,0.0,499440.0,0.0,499440.0,11308.48,19881.379999999997,0.0,31189.86,226.57,,0.0,226.57,11336.1135,4517.9802,0.0,15854.099999999999,3046.3399999999997,3616.23,0.0,6662.569999999999,216.99999999999997,427.93,,644.9300000000001,644.912,546.72,0.0,1191.632,,,,,,,,,26779.43,28990.24,0.0,55769.67,,,,,,,,,,,,0.0,,,,0.0,,,,,,,,,,,,,,,,0.0,26779.43,28990.24,0.0,55769.67,2677.94,2795.25,0.0,5473.18,24101.489999999994,26194.989999999998,0.0,50296.48,1858.57854,3082.727585,,4941.306124999999,0.0,1256.91613,,1256.91613,7795.303993495494,11659.645532319686,,19454.949525815184,9653.89,15999.29,,25653.18,40.055158415517056,61.077671722722556,,51.0039271137861,2496.53,3986.0299999999997,0.0,6482.56,13809.649999999998,9825.880000000001,0.0,23635.53,,,,,,,,,,,,,,94034.75,0.0,144331.23,0.0,0.0,,0.0,,0.0,,,,,,,,144331.23,0.0
114,CHHATTISGARH,BALRAMPUR,,1317.0,1317.0,0.0,1317.0,16893.0,549238.0,0.0,566131.0,147789.0,713920.0,1277.06,38763.71,0.0,40040.770000000004,106.93,,0.0,106.93,1014.9857999999999,0.0,0.0,1014.99,133.02,1667.04,0.0,1800.06,103.22000000000001,,,103.22000000000001,9.64,153.79999999999998,0.0,163.44,,,,,,,,,2644.86,40584.55,0.0,43229.409999999996,,,,,,,,,,,,0.0,,,,0.0,,,,,,,,,,,,,,,,0.0,2644.86,40584.55,0.0,43229.409999999996,264.5,3597.85,0.0,3862.3500000000004,2380.36,36986.700000000004,0.0,39367.060000000005,57.8598,1945.9639199999997,,2003.8237199999996,0.0,4.038499999999999,,4.038499999999999,580.9199047679022,7280.637106868946,,7861.557011636848,638.77,9230.66,,9869.43,26.835016552118162,24.956700651855932,,25.070274488366667,63.67,2136.9800000000005,0.0,2200.6499999999996,1735.79,27565.020000000004,0.0,29300.810000000005,,,,,,,,,,,,,,103587.82,0.0,142954.88,0.0,0.0,,0.0,,0.0,,,,,,,,142954.88,0.0
115,CHHATTISGARH,BASTAR,,1362.6,1362.6000000000001,0.0,1362.6000000000001,6165.0,377368.0,0.0,383533.0,229465.0,612998.0,330.17,22895.600000000002,0.0,23225.77,62.58,,0.0,62.58,99.864,0.0,0.0,99.86999999999999,18.19,1259.12,0.0,1277.31,79.90999999999998,138.14000000000001,0.0,218.05,11.76,194.14,0.0,205.9,,,,,,,,,602.48,24487.02,0.0,25089.499999999996,,,,,,,,,,,,0.0,,,,0.0,,,,,,,,,,,,,,,,0.0,602.48,24487.02,0.0,25089.499999999996,60.260000000000005,2131.6800000000003,0.0,2191.94,542.22,22355.340000000004,0.0,22897.559999999998,32.53464,2200.8412300000005,,2233.37587,0.0,462.51899999999995,,462.51899999999995,61.096024887525054,4940.347362172986,,5001.44338706051,93.64,7603.700000000001,,7697.340000000001,17.269742908782412,34.01290251009378,,33.61642026486666,35.019999999999996,2365.31,0.0,2400.33,446.09999999999997,14587.169999999998,0.0,15033.269999999999,,,,,,,,,,,,,,72248.68000000001,0.0,95146.24000000002,0.0,0.0,,0.0,,0.0,,,,,,,,95146.24000000002,0.0
116,CHHATTISGARH,BEMETARA,,1122.9,1122.8999999999999,0.0,1122.8999999999999,55638.0,229843.0,0.0,285481.0,0.0,285481.0,2826.55,13221.14,0.0,16047.69,550.6800000000001,,,550.6800000000001,9279.4206,0.0,0.0,9279.439999999999,3451.2899999999995,13865.13,0.0,17316.420000000002,779.03,1272.48,,2051.51,954.732,2003.1999999999998,0.0,2957.932,,,,,,,,,17841.73,30361.949999999997,0.0,48203.68000000001,,,,,,,,,,,,0.0,,,,0.0,,,,,,,,,,,,,,,,0.0,17841.73,30361.949999999997,0.0,48203.68000000001,1784.1799999999998,2394.6800000000003,0.0,4178.86,16057.55,27967.27,0.0,44024.82,434.48067000000003,1893.00972,,2327.49039,5.7162500000000005,61.91975,,67.636,7755.686279056079,31157.612781510754,,38913.29906056683,8195.880000000001,33112.53,,41308.42,51.04066311485875,118.39743385750556,,93.82984416517773,534.46,2355.0600000000004,0.0,2889.52,7761.68,0.0,0.0,7761.68,,,,,,,,,,,,,,52427.91,0.0,96452.73000000001,0.0,0.0,,0.0,,0.0,,,,,,,,96452.73000000001,0.0
117,CHHATTISGARH,BIJAPUR,,1528.1,1528.0999999999997,0.0,1528.0999999999997,90.0,437639.0,0.0,437729.0,223519.0,661248.0,10.159999999999998,50064.08,0.0,50074.24,0.44000000000000006,,0.0,0.44000000000000006,7.371,0.0,0.0,7.37,62.43,551.09,0.0,613.52,0.0,,,0.0,0.0,61.727999999999994,0.0,61.727999999999994,,,,,,,,,80.39999999999999,50676.89,0.0,50757.29,,,,,,,,,,,,0.0,,,,0.0,,,,,,,,,,,,,,,,0.0,80.39999999999999,50676.89,0.0,50757.29,8.040000000000001,5067.700000000001,0.0,5075.740000000001,72.36,45609.189999999995,0.0,45681.549999999996,0.12483,663.0750599999999,,663.1998899999999,0.0,1.25,,1.25,1.5399999999999998,1934.8427266540007,,1936.3827266540006,1.67,2599.1800000000003,,2600.8499999999995,2.3079049198452184,5.698807630655138,,5.693436409228671,0.15,711.73,0.0,711.88,70.66,42961.350000000006,0.0,43032.01000000001,,,,,,,,,,,,,,87545.79999999999,0.0,133227.34999999998,0.0,0.0,,0.0,,0.0,,,,,,,,133227.34999999998,0.0
118,CHHATTISGARH,BILASPUR,,1103.2636540769722,1117.287990151593,0.0,1114.4551268124499,64153.0,253442.0,0.0,317595.0,33253.0,350848.0,3582.99,15567.87,0.0,19150.86,572.08,,0.0,572.08,5284.4706,0.0,0.0,5284.469999999999,1498.05,5566.8,0.0,7064.8499999999985,1637.4499999999998,1831.8899999999999,,3469.34,189.2,680.6,,869.8000000000001,,,,,,,,,12764.24,23647.160000000003,0.0,36411.4,,,,,,,,,,,,0.0,,,,0.0,,,,,,,,,,,,,,,,0.0,12764.24,23647.160000000003,0.0,36411.4,1276.42,2217.7999999999997,0.0,3494.22,11487.82,21429.36,0.0,32917.18,757.5713699999999,4646.937275,,5404.508645,0.0,467.63980000000004,,467.63980000000004,3822.5487829584863,13045.180709194728,,16867.72949215322,4580.12,18159.79,,22739.910000000003,39.869357284497845,84.74256814015911,,69.08219355363978,941.8000000000001,5587.320000000001,0.0,6529.120000000001,6723.469999999999,3043.54,0.0,9767.009999999998,,,,,,,,,,,,,,58470.7,0.0,91387.87999999999,0.0,0.0,,0.0,,0.0,,,,,,,,91387.87999999999,0.0
119,CHHATTISGARH,DANTEWADA,,1327.8999999999999,1327.8999999999999,0.0,1327.8999999999999,60.0,311806.0,0.0,311866.0,29184.0,341050.0,4.24,25421.579999999998,0.0,25425.82,41.97,,0.0,41.97,2.1734999999999998,0.0,0.0,2.1799999999999997,0.0,1261.42,0.0,1261.42,0.0,48.60000000000001,,48.60000000000001,0.0,21.248,0.0,21.248,,,,,,,,,48.39,26752.840000000004,0.0,26801.230000000003,,,,,,,,,,,,0.0,,,,0.0,,,,,,,,,,,,,,,,0.0,48.39,26752.840000000004,0.0,26801.230000000003,4.84,2448.95,0.0,2453.79,43.55,24303.890000000003,0.0,24347.440000000002,0.11387999999999998,758.192965,,758.306845,0.0,152.04971264328395,,152.04971264328395,0.0,2838.7327155243643,,2838.7327155243643,0.11,3748.9799999999996,,3749.09,0.25258323765786456,15.425431895881683,,15.398292387207855,0.12,819.8800000000001,0.0,820.0,43.44,20493.21,0.0,20536.649999999998,,,,,,,,,,,,,,58028.93,0.0,82376.37000000001,0.0,0.0,,0.0,,0.0,,,,,,,,82376.37000000001,0.0
120,CHHATTISGARH,DHAMTARI,,1385.3,1385.3,0.0,1385.2999999999997,89779.0,158927.0,0.0,248706.0,159487.0,408193.0,7752.73,11873.029999999999,0.0,19625.760000000002,604.36,,0.0,604.36,5626.843199999999,1350.6717600000002,0.0,6977.51,6170.3,8194.58,0.0,14364.880000000001,2468.6,2429.8599999999997,,4898.46,266.05600000000004,404.906,0.0,670.962,,,,,,,,,22888.87,24253.04,0.0,47141.909999999996,,,,,,,,,,,,0.0,,,,0.0,,,,,,,,,,,,,,,,0.0,22888.87,24253.04,0.0,47141.909999999996,2288.8900000000003,1992.33,0.0,4281.219999999999,20599.98,22260.71,0.0,42860.69,673.8958499999999,1394.119325,,2068.0151749999995,0.0,13.936499999999999,,13.936499999999999,13872.742148365516,18426.117140897713,,32298.85928926323,14546.630000000001,19834.19,,34380.81,70.61477729590028,89.09953905333657,,80.21525085107122,711.02,1469.0300000000002,0.0,2180.0499999999997,6016.23,4183.62,0.0,10199.849999999999,,,,,,,,,,,,,,46660.85,0.0,89521.54000000001,0.0,0.0,,0.0,,0.0,,,,,,,,89521.54000000001,0.0
121,CHHATTISGARH,DURG,,1122.9,1122.9,0.0,1122.9,73161.0,158838.0,0.0,231999.0,0.0,231999.0,4288.82,10518.679999999998,0.0,14807.499999999998,330.36,,,330.36,5419.911599999999,0.0,0.0,5419.91,3588.8200000000006,6141.8,0.0,9730.62,490.26,888.84,,1379.1,1024.0,2344.4,0.0,3368.4,,,,,,,,,15142.17,19893.72,0.0,35035.89,,,,,,,,,,,,0.0,,,,0.0,,,,,,,,,,,,,,,,0.0,15142.17,19893.72,0.0,35035.89,1514.21,1499.62,0.0,3013.83,13627.96,18394.1,0.0,32022.06,509.2713600000001,4331.96965,,4841.24101,0.0,110.98184499999999,,110.98184499999999,8068.998106227269,13811.796448455461,,21880.79455468273,8578.27,18254.739999999998,,26833.01,62.94610491959178,99.24236575858562,,83.79538980315444,543.5,4591.6900000000005,0.0,5135.1900000000005,5015.46,1127.72,0.0,6143.18,,,,,,,,,,,,,,43268.43,0.0,75290.48999999999,0.0,0.0,,0.0,,0.0,,,,,,,,75290.48999999999,0.0
122,CHHATTISGARH,GARIABAND,,1385.3,1385.3,0.0,1385.3,50169.0,212971.0,0.0,263140.0,319126.0,582266.0,4858.97,16117.089999999998,0.0,20976.059999999998,574.92,,0.0,574.92,3311.469,0.0,0.0,3311.46,1638.2099999999998,4202.889999999999,0.0,5841.1,473.96000000000004,494.0,,967.96,445.524,859.6,0.0,1305.1239999999998,,,,,,,,,11303.04,21673.58,0.0,32976.62,,,,,,,,,,,,0.0,,,,0.0,,,,,,,,,,,,,,,,0.0,11303.04,21673.58,0.0,32976.62,1118.3500000000001,2035.3200000000002,0.0,3153.67,10184.69,19638.260000000002,0.0,29822.949999999997,288.69237,1377.719875,,1666.412245,0.0,21.073134020618536,,21.073134020618536,5586.5562776089955,12996.111778661025,,18582.66805627002,5875.2300000000005,14394.89,,20270.12,57.686880994905096,73.30023128321959,,67.96819228144768,317.11,1560.44,0.0,1877.55,4332.900000000001,5060.65,0.0,9393.55,,,,,,,,,,,,,,48944.6,0.0,78767.55,0.0,0.0,,0.0,,0.0,,,,,,,,78767.55,0.0
123,CHHATTISGARH,GOURELA-PENDRA-MARWAHI,,1229.8,1229.8,0.0,1229.8,11361.0,153762.0,0.0,165123.0,65616.0,230739.0,889.1600000000001,11118.79,0.0,12007.949999999999,555.0799999999999,,0.0,555.0799999999999,446.7477599999999,0.0,0.0,446.75,87.52000000000001,763.12,0.0,850.64,22.430000000000003,3.91,,26.340000000000003,14.068,78.068,,92.136,,,,,,,,,2015.0,11963.880000000001,0.0,13978.879999999997,,,,,,,,,,,,0.0,,,,0.0,,,,,,,,,,,,,,,,0.0,2015.0,11963.880000000001,0.0,13978.879999999997,201.5,1016.91,0.0,1218.42,1813.5,10946.970000000001,0.0,12760.470000000001,69.34854,1017.1089999999999,,1086.4575399999999,0.0,1.01,,1.01,383.79,3336.8900000000003,,3720.6800000000003,453.13,4355.0,,4808.129999999999,24.986490212296665,39.78269786068656,,37.67988169714751,84.29,1240.24,0.0,1324.53,1345.43,6368.84,0.0,7714.27,,,,,,,,,,,,,,30331.890000000003,0.0,43092.36,0.0,0.0,,0.0,,0.0,,,,,,,,43092.36,0.0
124,CHHATTISGARH,JANJGIR-CHAMPA,,1136.2948919199848,1285.354395498197,0.0,1209.316293653134,188564.0,181083.0,0.0,369647.0,53299.0,422946.0,8072.78,10161.720000000001,0.0,18234.5,348.59999999999997,,,348.59999999999997,12685.153800000002,0.0,0.0,12685.130000000003,3924.67,4263.9800000000005,0.0,8188.65,1668.49,1642.9900000000002,,3311.48,876.4,942.4,0.0,1818.8,,,,,,,,,27576.07,17011.09,0.0,44587.159999999996,,,,,,,,,,,,0.0,,,,0.0,,,,,,,,,,,,,,,,0.0,27576.07,17011.09,0.0,44587.159999999996,2757.6,1160.66,0.0,3918.2499999999995,24818.47,15850.43,0.0,40668.9,2054.51784,2567.556,,4622.07384,0.0,135.97805,,135.97805,8819.514560042959,9582.020718822645,,18401.535278865606,10874.039999999999,12285.55,,23159.59,43.81430442730756,77.50925369217111,,56.94668407554667,2288.67,2857.97,0.0,5146.64,13710.289999999997,3328.8100000000004,0.0,17039.1,,,,,,,,,,,,,,69027.01999999999,0.0,109695.92,0.0,0.0,,0.0,,0.0,,,,,,,,109695.92,0.0
125,CHHATTISGARH,JASHPUR,,1477.9452736318408,1476.8973931395078,0.0,1476.917007571978,8442.0,442563.0,0.0,451005.0,194736.0,645741.0,594.7800000000001,27251.929999999997,0.0,27846.71,122.55,,0.0,122.55,535.2816,0.0,0.0,535.29,58.92,2913.08,0.0,2972.0,65.2,250.10999999999999,0.0,315.30999999999995,23.36,1248.56,0.0,1271.9199999999998,,,,,,,,,1400.1,31663.68,0.0,33063.78,,,,,,,,,,,,0.0,,,,0.0,,,,,,,,,,,,,,,,0.0,1400.1,31663.68,0.0,33063.78,140.04,2614.2200000000003,0.0,2754.2500000000005,1260.06,29049.460000000003,0.0,30309.520000000004,39.42656999999999,2150.648985,,2190.075555,0.0,1.419,,1.419,214.99954175766874,10631.65099817401,,10846.65053993168,254.43,12783.71,,13038.150000000001,20.191895624017906,44.00670442755217,,43.01668254726568,41.669999999999995,2278.8,0.0,2320.47,1003.38,16137.59,0.0,17140.97,,,,,,,,,,,,,,83598.25,0.0,113907.77,0.0,0.0,,0.0,,0.0,,,,,,,,113907.77,0.0
126,CHHATTISGARH,KABIRDHAM,,1117.0,1117.0,0.0,1117.0,40198.0,383765.0,0.0,423963.0,20742.0,444705.0,2777.4799999999996,30265.28,0.0,33042.759999999995,545.24,,0.0,545.24,14568.983999999999,0.0,0.0,14568.98,3257.84,7142.78,0.0,10400.62,901.73,1458.48,0.0,2360.21,16.72,272.64,0.0,289.36,,,,,,,,,22067.989999999998,39139.18,0.0,61207.17,,,,,,,,,,,,0.0,,,,0.0,,,,,,,,,,,,,,,,0.0,22067.989999999998,39139.18,0.0,61207.17,2206.79,2965.7900000000004,0.0,5172.58,19861.2,36173.39,0.0,56034.59,192.57546,2269.334575,,2461.910035,0.0,27.284999999999997,,27.284999999999997,9715.581900000001,22069.2027,,31784.7846,9908.17,24365.84,,34274.0,49.88706623970354,67.35846432971861,,61.165790630394554,221.59999999999997,2615.6200000000003,0.0,2837.22,9924.010000000002,11461.27,0.0,21385.280000000002,,,,,,,,,,,,,,77799.54,0.0,133834.13,0.0,0.0,,0.0,,0.0,,,,,,,,133834.13,0.0
127,CHHATTISGARH,KANKER,,1402.9209756980586,1397.3076138484184,0.0,1397.5057469538492,22097.0,603939.0,0.0,626036.0,17412.0,643448.0,2027.6399999999996,58467.07,0.0,60494.71,547.81,,0.0,547.81,1292.7251999999999,0.0,0.0,1292.72,249.23999999999998,7878.85,0.0,8128.089999999999,241.39000000000001,0.0,,241.39000000000001,20.653999999999996,1.078,0.0,21.732000000000003,,,,,,,,,4379.44,66347.04000000001,0.0,70726.48,,,,,,,,,,,,0.0,,,,0.0,,,,,,,,,,,,,,,,0.0,4379.44,66347.04000000001,0.0,70726.48,437.95000000000005,6133.41,0.0,6571.370000000001,3941.4900000000002,60213.62999999999,0.0,64155.119999999995,59.28987,1937.956915,,1997.2467849999998,0.0,73.14,,73.14,571.25,18842.5,,19413.75,630.55,20853.600000000002,,21484.14,15.99775719334566,34.63269030616491,,33.48780268823439,63.989999999999995,2086.08,0.0,2150.0699999999997,3306.25,39211.909999999996,0.0,42518.159999999996,,,,,,,,,,,,,,117100.09999999999,0.0,181255.22000000003,0.0,0.0,,0.0,,0.0,,,,,,,,181255.22000000003,0.0
128,CHHATTISGARH,KONDAGAON,,1362.4,1362.4,0.0,1362.4,14149.0,358092.0,0.0,372241.0,13786.0,386027.0,1264.91,28097.480000000003,0.0,29362.39,14.1,,0.0,14.1,100.14479999999999,3.2399999999999998,0.0,103.38,452.21999999999997,2015.73,0.0,2467.9500000000003,28.610000000000003,129.45999999999998,,158.07,0.0,39.028,0.0,39.028,,,,,,,,,1859.98,30284.93,0.0,32144.909999999996,,,,,,,,,,,,0.0,,,,0.0,,,,,,,,,,,,,,,,0.0,1859.98,30284.93,0.0,32144.909999999996,101.71,1514.25,0.0,1615.9599999999998,1758.27,28770.68,0.0,30528.95,50.2605,1491.2480150000001,,1541.508515,0.0,4.11615,,4.11615,1974.8,8802.3248,,10777.1248,2025.0600000000002,10297.69,,12322.75,115.17343752665974,35.7923066121482,,40.36414616290439,53.7,1605.08,0.0,1658.7800000000002,485.41999999999996,18359.16,0.0,18844.579999999998,,,,,,,,,,,,,,68908.67,0.0,99437.62000000001,0.0,0.0,,0.0,,0.0,,,,,,,,99437.62000000001,0.0
129,CHHATTISGARH,KORBA,,1392.0,1392.0,0.0,1392.0,5740.0,425690.0,0.0,431430.0,283114.0,714544.0,445.6000000000001,30140.370000000003,0.0,30585.97,78.36,,0.0,78.36,181.8432,0.0,0.0,181.84,159.2,1941.9099999999999,0.0,2101.11,3239.88,1736.85,,4976.73,0.0,202.76000000000002,0.0,202.76000000000002,,,,,,,,,4104.88,34021.89,0.0,38126.77,,,,,,,,,,,,0.0,,,,0.0,,,,,,,,,,,,,,,,0.0,4104.88,34021.89,0.0,38126.77,410.49,3112.75,0.0,3523.2400000000002,3694.3900000000003,30909.14,0.0,34603.53,33.05586,3483.62643,,3516.6822899999997,0.0,2670.56646,,2670.56646,695.2027,8479.9684,,9175.1711,728.26,14634.150000000001,,15362.41,19.71259125322448,47.34570421564625,,44.395499534296064,36.13999999999999,3843.07,0.0,3879.21,2963.04,15915.55,0.0,18878.59,,,,,,,,,,,,,,79177.48999999999,0.0,113781.02,0.0,0.0,,0.0,,0.0,,,,,,,,113781.02,0.0
130,CHHATTISGARH,KOREA,,1317.0,1317.0,0.0,1317.0,18790.0,383697.0,0.0,402487.0,195283.0,597770.0,2367.04,53249.670000000006,0.0,55616.71000000001,354.07000000000005,,0.0,354.07000000000005,3807.5432999999994,0.0,0.0,3807.55,396.08,1818.8600000000001,0.0,2214.94,1001.4300000000001,442.78,,1444.21,47.6,282.0,0.0,329.59999999999997,,,,,,,,,7973.770000000001,55793.31,0.0,63767.079999999994,,,,,,,,,,,,0.0,,,,0.0,,,,,,,,,,,,,,,,0.0,7973.770000000001,55793.31,0.0,63767.079999999994,797.3900000000001,4654.92,0.0,5452.31,7176.38,51138.39,0.0,58314.770000000004,76.26236999999999,1650.423055,,1726.6854249999997,0.0,6.555,,6.555,2029.2406,9319.690900000001,,11348.9315,2105.4900000000002,10976.68,,13082.170000000002,29.339165428809515,21.46465698274819,,22.433716192312858,81.09,1738.7,0.0,1819.7900000000002,5066.0599999999995,40073.42999999999,0.0,45139.48999999999,,,,,,,,,,,,,,73440.76000000001,0.0,131755.53,0.0,0.0,,0.0,,0.0,,,,,,,,131755.53,0.0
131,CHHATTISGARH,MAHASAMUND,,1398.128813559322,1407.5755432855478,0.0,1406.2419211694075,64900.0,394820.0,0.0,459720.0,36580.0,496300.0,5417.67,36272.49,0.0,41690.159999999996,314.55,,0.0,314.55,8553.487799999999,0.0,0.0,8553.5,2054.5099999999998,10205.78,0.0,12260.29,972.22,1423.4300000000003,,2395.65,79.67999999999999,634.5600000000001,,714.24,,,,,,,,,17392.13,48536.26,0.0,65928.39,,,,,,,,,,,,0.0,,,,0.0,,,,,,,,,,,,,,,,0.0,17392.13,48536.26,0.0,65928.39,1739.2200000000003,2821.5,0.0,4560.719999999999,15652.910000000002,45714.76,0.0,61367.67,335.6175,2487.8002149999998,,2823.4177149999996,0.0,64.0094,,64.0094,6223.955800000001,29999.2112,,36223.167,6559.560000000001,32551.02,,39110.58,41.90632923846109,71.20461750209341,,63.73157071141857,365.31999999999994,2712.63,0.0,3077.95,9063.65,12938.91,0.0,22002.559999999998,,,,,,,,,,,,,,84619.81,0.0,145987.48,0.0,0.0,,0.0,,0.0,,,,,,,,145987.48,0.0
132,CHHATTISGARH,MUNGELI,,1351.0,1351.0,0.0,1351.0,65809.0,98133.0,0.0,163942.0,111094.0,275036.0,3588.33,4868.889999999999,0.0,8457.22,417.38,,0.0,417.38,3248.1827999999996,0.0,0.0,3248.1800000000003,902.2699999999999,1473.78,0.0,2376.05,317.73,425.61999999999995,,743.35,80.0,2843.744,0.0,2923.744,,,,,,,,,8553.89,9612.03,0.0,18165.92,,,,,,,,,,,,0.0,,,,0.0,,,,,,,,,,,,,,,,0.0,8553.89,9612.03,0.0,18165.92,855.3900000000001,961.21,0.0,1816.5900000000001,7698.5,8650.82,0.0,16349.32,421.32752999999997,1395.2942599999997,,1816.6217900000001,0.0,32.502,,32.502,2852.23,4800.615000000001,,7652.845,3273.55,6228.42,,9501.97,42.521919854517115,71.99803024453175,,58.11844162326017,516.09,1720.8899999999999,0.0,2236.98,4330.1900000000005,2096.81,0.0,6427.0,,,,,,,,,,,,,,30191.449999999997,0.0,46540.770000000004,0.0,0.0,,0.0,,0.0,,,,,,,,46540.770000000004,0.0
133,CHHATTISGARH,NARAYANPUR,,1404.1,1404.0999999999997,0.0,1404.1,3261.0,347782.0,0.0,351043.0,340273.0,691316.0,177.26000000000002,25387.95,0.0,25565.210000000003,0.13,,0.0,0.13,308.88,0.0,0.0,308.88,8.45,142.8,0.0,151.25,17.28,0.0,,17.28,0.0,228.8,0.0,228.8,,,,,,,,,512.0,25759.55,0.0,26271.55,,,,,,,,,,,,0.0,,,,0.0,,,,,,,,,,,,,,,,0.0,512.0,25759.55,0.0,26271.55,51.2,2575.96,0.0,2627.16,460.8,23183.589999999997,0.0,23644.39,6.986099999999999,373.6588949999999,,380.64499499999994,0.0,10.127500000000001,,10.127500000000001,35.2,595.0,,630.2,42.19,978.8,,1020.99,9.155815972222221,4.221951820231466,,4.318106747520237,7.56,404.46000000000004,0.0,412.02,418.04,22173.980000000003,0.0,22592.020000000004,,,,,,,,,,,,,,66145.02,0.0,89789.41,0.0,0.0,,0.0,,0.0,,,,,,,,89789.41,0.0
134,CHHATTISGARH,RAIGARH,,1470.2762746967355,1468.02591110948,0.0,1468.1573344340663,30419.0,490446.0,0.0,520865.0,162770.0,683635.0,1766.63,35183.979999999996,0.0,36950.60999999999,180.96,,0.0,180.96,2096.9292,0.0,0.0,2096.92,282.88,4346.879999999999,0.0,4629.76,1034.87,1799.0299999999997,,2833.9000000000005,7.140000000000001,108.24,0.0,115.38000000000001,,,,,,,,,5369.4,41438.130000000005,0.0,46807.530000000006,,,,,,,,,,,,0.0,,,,0.0,,,,,,,,,,,,,,,,0.0,5369.4,41438.130000000005,0.0,46807.530000000006,536.9499999999999,2504.89,0.0,3041.84,4832.45,38933.24,0.0,43765.689999999995,215.79384,3897.838285,,4113.632124999999,0.0,1865.4304999999997,,1865.4304999999997,930.1337000000001,14917.396100000002,,15847.529799999998,1145.91,20680.65,,21826.56,23.71281648025329,53.11823521494744,,49.87139469296612,236.15999999999997,4255.75,0.0,4491.91,3666.1599999999994,17894.679999999997,0.0,21560.839999999997,,,,,,,,,,,,,,95739.57,0.0,139505.26,0.0,0.0,,0.0,,0.0,,,,,,,,139505.26,0.0
135,CHHATTISGARH,RAIPUR,,1378.2569290358279,1375.1823990529035,0.0,1376.3351963014957,108435.0,180763.0,0.0,289198.0,0.0,289198.0,6488.139999999999,13060.54,0.0,19548.68,1644.6399999999999,,0.0,1644.6399999999999,11930.190161999999,0.0,0.0,11930.19,6987.82,1556.49,0.0,8544.310000000001,183.38,2622.93,,2806.3099999999995,617.52,1620.24,0.0,2237.7599999999998,,,,,,,,,27851.690000000002,18860.2,0.0,46711.89,,,,,,,,,,,,0.0,,,,0.0,,,,,,,,,,,,,,,,0.0,27851.690000000002,18860.2,0.0,46711.89,2785.17,1593.38,0.0,4378.549999999999,25066.52,17266.82,0.0,42333.340000000004,981.20103,4904.91672,,5886.117749999999,0.0,2718.57015,,2718.57015,17074.061199999996,3702.7955,,20776.856699999997,18055.29,11326.28,,29381.57,72.02950389603343,65.59563370672771,,69.40527253460274,1126.6200000000001,5688.69,0.0,6815.3099999999995,7198.1900000000005,5156.77,0.0,12354.960000000001,,,,,,,,,,,,,,54650.979999999996,0.0,96984.31999999999,0.0,0.0,,0.0,,0.0,,,,,,,,96984.31999999999,0.0
136,CHHATTISGARH,RAJNANDGAON,,1208.7000000000003,1208.7,0.0,1208.7000000000003,64819.0,498833.0,0.0,563652.0,104365.0,668017.0,4313.18,36479.649999999994,0.0,40792.83,1449.44,,0.0,1449.44,9202.497759051426,0.0,0.0,9202.48,5814.37,12538.17,0.0,18352.54,2020.1599999999994,2159.55,0.0,4179.71,821.9599999999999,2663.68,0.0,3485.6399999999994,,,,,,,,,23621.59,53841.04999999999,0.0,77462.64000000001,,,,,,,,,,,,0.0,,,,0.0,,,,,,,,,,,,,,,,0.0,23621.59,53841.04999999999,0.0,77462.64000000001,2362.1699999999996,3963.11,0.0,6325.280000000002,21259.42,49877.939999999995,0.0,71137.36,445.76135999999997,4360.5316299999995,,4806.292989999999,0.0,351.29799999999994,,351.29799999999994,13069.1641,28184.931400000005,,41254.09550000001,13514.919999999998,32896.76,,46411.69000000001,63.571442682820134,65.95452819422776,,65.2423564776652,529.14,5480.889999999999,0.0,6010.03,7661.11,15860.82,0.0,23521.93,,,,,,,,,,,,,,104824.52,0.0,175961.88,0.0,0.0,,0.0,,0.0,,,,,,,,175961.88,0.0
137,CHHATTISGARH,SUKMA,,1403.3989813242783,1403.8471658247056,0.0,1403.8466593374123,589.0,520610.0,0.0,521199.0,42380.0,563579.0,56.17999999999999,44217.11,0.0,44273.29,148.85,,,148.85,37.452,0.0,0.0,37.45,0.0,422.52,0.0,422.52,84.36,47.620000000000005,,131.98000000000002,0.0,40.708,0.0,40.708,,,,,,,,,326.84000000000003,44727.97,0.0,45054.81,,,,,,,,,,,,0.0,,,,0.0,,,,,,,,,,,,,,,,0.0,326.84000000000003,44727.97,0.0,45054.81,32.67999999999999,4472.79,0.0,4505.469999999999,294.15999999999997,40255.18,0.0,40549.34,1.03368,610.640985,,611.674665,0.0,0.18,,0.18,0.0,949.4817,,949.4817,1.0299999999999998,1560.31,,1561.33,0.35014957846070166,3.876047753357456,,3.850444914763101,1.0899999999999999,635.51,0.0,636.6,293.07,38670.0,0.0,38963.07,,,,,,,,,,,,,,103563.03,0.0,144112.37,0.0,0.0,,0.0,,0.0,,,,,,,,144112.37,0.0
138,CHHATTISGARH,SURAJPUR,,1317.0,1317.0,0.0,1317.0,13773.0,250015.0,0.0,263788.0,14932.0,278720.0,1590.1900000000003,26351.23,0.0,27941.42,75.05,,0.0,75.05,1445.83722,0.0,0.0,1445.8200000000002,1107.8,8680.39,0.0,9788.19,279.70000000000005,356.53000000000003,0.0,636.23,12.399999999999999,890.1,0.0,902.5,,,,,,,,,4510.960000000001,36278.25,0.0,40789.21,,,,,,,,,,,,0.0,,,,0.0,,,,,,,,,,,,,,,,0.0,4510.960000000001,36278.25,0.0,40789.21,451.1,2576.87,0.0,3027.98,4059.8599999999997,33701.38,0.0,37761.24,107.47425,2013.16188,,2120.63613,0.0,24.41885,,24.41885,2489.4235000000003,19506.4572,,21995.8807,2596.9300000000003,21544.04,,24140.96,63.96599882754579,63.92628432426209,,63.93052770512833,115.91000000000001,2182.1400000000003,0.0,2298.0499999999997,1454.4900000000002,11988.36,0.0,13442.85,,,,,,,,,,,,,,48398.89,0.0,86160.13,0.0,0.0,,0.0,,0.0,,,,,,,,86160.13,0.0
139,CHHATTISGARH,SURGUJA,,1389.229706728709,1367.4850023932215,0.0,1369.154589579778,32666.0,392776.0,0.0,425442.0,93673.0,519115.0,2828.1600000000003,32101.640000000003,0.0,34929.8,222.87999999999997,,,222.87999999999997,1165.40892,0.0,0.0,1165.3899999999999,600.8599999999999,3353.08,0.0,3953.9399999999996,653.5400000000001,327.02,,980.56,26.800000000000004,183.8,0.0,210.60000000000002,,,,,,,,,5497.63,35965.53999999999,0.0,41463.17,,,,,,,,,,,,0.0,,,,0.0,,,,,,,,,,,,,,,,0.0,5497.63,35965.53999999999,0.0,41463.17,515.34,2926.19,0.0,3441.5299999999997,4982.29,33039.35,0.0,38021.64,194.23109999999994,2068.7831349999997,,2263.014235,0.0,334.48985000000005,,334.48985000000005,1632.3105,11325.8253,,12958.1358,1826.54,13729.119999999997,,15555.660000000003,36.660652029488446,41.55384412828944,,40.91264869163982,209.72000000000003,2226.29,0.0,2436.01,3140.27,19152.699999999997,0.0,22292.969999999998,,,,,,,,,,,,,,77999.73,0.0,116021.37000000002,0.0,0.0,,0.0,,0.0,,,,,,,,116021.37000000002,0.0
140,DADRA AND NAGAR HAVELI,DADRA NAGAR HAVELI,,2265.7000000000003,2265.7000000000003,0.0,2265.7000000000003,4235.0,37365.0,0.0,41600.0,7500.0,49100.0,638.09,5394.03,0.0,6032.120000000001,47.01,,,47.01,2067.6627999999982,0.0,0.0,2067.66,53.69,212.89,0.0,266.58,0.0,3.5,0.0,3.5,33.128,192.186,,225.314,,,,,,,,,2839.5699999999997,5802.6,0.0,8642.17,,,,,,,,,,,,0.0,,,,0.0,,,,,,,,,,,,,,,,0.0,2839.5699999999997,5802.6,0.0,8642.17,283.95,290.13,0.0,574.0799999999999,2555.62,5512.469999999999,0.0,8068.09,257.85,1034.5500000000002,,1292.4,5426.98,3139.0,,8565.98,178.98,709.64,,888.6199999999999,5863.8099999999995,4883.1900000000005,,10747.0,229.44764871146725,88.5844276703547,,133.20376941754492,763.68,1034.55,0.0,1798.23,0.0,629.28,0.0,629.28,,,,,,,,,,,,,,0.0,0.0,8068.09,0.0,0.0,,0.0,,0.0,,0.0,,0.0,,0.0,,8068.09,0.0
141,DAMAN AND DIU,DAMAN,,2236.2,0.0,0.0,2157.3495063469672,6840.0,0.0,250.0,7090.0,110.0,7200.0,3109.41,0.0,0.0,3109.41,12.280000000000001,,0.0,12.280000000000001,0.0,0.0,0.0,0.0,62.38,0.0,0.0,62.38,26.46,,,26.46,12.0,,,12.0,,,,,,,,,3222.5299999999997,0.0,0.0,3222.5299999999997,,,,,,,,,,,,0.0,,,,0.0,,,,,,,,,,,,,,,,0.0,3222.5299999999997,0.0,0.0,3222.5299999999997,161.13,0.0,0.0,161.13,3061.4,0.0,0.0,3061.4,0.0,,0.0,0.0,4215.38,,0.0,4215.38,215.10000000000002,,0.0,215.10000000000002,4430.48,,0.0,4430.48,144.72071601228194,,0.0,144.72071601228194,1412.67,0.0,0.0,1412.67,0.0,0.0,0.0,0.0,,,Partly Saline,[],[],[],,,,,,,,0.0,0.0,3061.4,0.0,0.0,,0.0,,0.0,,0.0,,0.0,,0.0,,3061.4,0.0
142,DAMAN AND DIU,DIU,,905.3333333333334,0.0,0.0,832.0013333333334,3676.0,0.0,324.0,4000.0,0.0,4000.0,547.86,0.0,0.0,547.86,0.0,,,0.0,0.0,0.0,0.0,0.0,12.239999999999998,0.0,0.0,12.239999999999998,24.98,,,24.98,0.0,0.0,0.0,0.0,,,,,,,,,585.08,0.0,0.0,585.08,,,,,,,,,,,,0.0,,,,0.0,,,,,,,,,,,,,,,,0.0,585.08,0.0,0.0,585.08,29.25,0.0,0.0,29.25,555.83,0.0,0.0,555.83,0.0,,0.0,0.0,1239.8899999999999,,0.0,1239.8899999999999,42.2,,0.0,42.2,1282.09,,0.0,1282.09,230.6622528470935,,0.0,230.6622528470935,175.69,0.0,0.0,175.69,0.0,0.0,0.0,0.0,,,Partly Saline,[],[],[],,,,,,,,0.0,0.0,555.83,0.0,0.0,,0.0,,0.0,,0.0,,0.0,,0.0,,555.83,0.0
143,DELHI,CENTRAL,,0.0,794.0,0.0,794.0,0.0,7930.5,0.0,7930.5,0.0,7930.5,0.0,560.48,0.0,560.48,0.0,,0.0,0.0,0.0,0.0,0.0,0.0,0.0,67.78,0.0,67.78,0.0,2.3,0.0,2.3,0.0,45.552,0.0,45.552,0.0,2019.5254395451461,0.0,2019.5254395451461,0.0,0.0,0.0,0.0,0.0,2695.63,0.0,2695.63,,,,,,,,,,,,0.0,,,,0.0,,,,,,,,,,,,,,,,0.0,0.0,2695.63,0.0,2695.63,0.0,269.56,0.0,269.56,0.0,2426.0699999999997,0.0,2426.0699999999997,,1560.7901753319097,,1560.7901753319097,,0.0,,0.0,,244.786,,244.786,,1805.5700000000002,,1805.5700000000002,,74.42365636605706,,74.42365636605706,0.0,2153.44,0.0,2153.44,0.0,639.4300000000001,0.0,639.4300000000001,,,,,,,400.20000000000005,0.0,0.0,,,,,0.0,0.0,2426.0699999999997,0.0,0.0,,0.0,,0.0,,,,,,,,2426.0699999999997,0.0
144,DELHI,EAST,,0.0,794.0,0.0,794.0,0.0,3159.9,0.0,3159.9,0.0,3159.9,0.0,178.46,0.0,178.46,0.0,,0.0,0.0,0.0,0.0,0.0,0.0,0.0,30.680000000000003,0.0,30.680000000000003,0.0,3.29,0.0,3.29,0.0,44.544000000000004,0.0,44.544000000000004,0.0,1438.9898661701914,0.0,1438.9898661701914,0.0,0.0,0.0,0.0,0.0,1695.97,0.0,1695.97,,,,,,,,,,,,0.0,,,,0.0,,,,,,,,,,,,,,,,0.0,0.0,1695.97,0.0,1695.97,0.0,169.61,0.0,169.61,0.0,1526.3600000000001,0.0,1526.3600000000001,,1299.4961056596355,,1299.4961056596355,,0.2,,0.2,,110.55000000000001,,110.55000000000001,,1410.24,,1410.24,,92.39235829031158,,92.39235829031158,0.0,1456.0099999999998,0.0,1456.0099999999998,0.0,116.12,0.0,116.12,,,,,,,0.0,0.0,0.0,,,,,0.0,0.0,1526.36,0.0,0.0,,0.0,,0.0,,,,,,,,1526.36,0.0
145,DELHI,NAZUL LAND,,0.0,794.0,0.0,794.0,0.0,2579.0,0.0,2579.0,0.0,2579.0,0.0,474.91999999999996,0.0,474.91999999999996,0.0,,0.0,0.0,0.0,0.0,0.0,0.0,0.0,83.19999999999999,0.0,83.19999999999999,0.0,0.06999999999999999,0.0,0.06999999999999999,0.0,0.0,0.0,0.0,0.0,117.96645606694389,0.0,117.96645606694389,0.0,0.0,0.0,0.0,0.0,676.1500000000001,0.0,676.1500000000001,,,,,,,,,,,,0.0,,,,0.0,,,,,,,,,,,,,,,,0.0,0.0,676.1500000000001,0.0,676.1500000000001,0.0,67.62,0.0,67.62,0.0,608.53,0.0,608.53,,114.6,,114.6,,0.0,,0.0,,301.6,,301.6,,416.20000000000005,,416.20000000000005,,68.39432731336171,,68.39432731336171,0.0,114.6,0.0,114.6,0.0,192.33,0.0,192.33,,,,,,,322.56,19342.5,0.0,,,,,0.0,0.0,608.53,0.0,0.0,,0.0,,0.0,,,,,,,,608.53,0.0
146,DELHI,NEW DELHI,,0.0,794.0,0.0,794.0,0.0,15809.0,0.0,15809.0,0.0,15809.0,0.0,1330.94,0.0,1330.94,0.0,,0.0,0.0,0.0,0.0,0.0,0.0,0.0,197.11,0.0,197.11,0.0,6.620000000000001,0.0,6.620000000000001,0.0,51.84,0.0,51.84,0.0,1811.5603534535767,0.0,1811.5603534535767,0.0,0.0,0.0,0.0,0.0,3398.06,0.0,3398.06,,,,,,,,,,,,0.0,,,,0.0,,,,,,,,,,,,,,,,0.0,0.0,3398.06,0.0,3398.06,0.0,339.8,0.0,339.8,0.0,3058.26,0.0,3058.26,,2996.018836168687,,2996.018836168687,,2.2,,2.2,,714.9193166666668,,714.9193166666668,,3713.1400000000003,,3713.1400000000003,,121.41348348407264,,121.41348348407264,0.0,2996.0199999999995,0.0,2996.0199999999995,0.0,0.0,0.0,0.0,,,,,,,0.0,0.0,0.0,,,,,0.0,0.0,3058.26,0.0,0.0,,0.0,,0.0,,,,,,,,3058.26,0.0
147,DELHI,NORTH,,0.0,794.0,0.0,794.0,0.0,29114.0,0.0,29114.0,0.0,29114.0,0.0,2797.1000000000004,0.0,2797.1000000000004,0.0,,0.0,0.0,0.0,0.0,0.0,0.0,0.0,136.01,0.0,136.01,0.0,14.860000000000001,0.0,14.860000000000001,0.0,56.496,0.0,56.496,0.0,1980.782052893189,0.0,1980.782052893189,0.0,0.0,0.0,0.0,0.0,4985.25,0.0,4985.25,,,,,,,,,,,,0.0,,,,0.0,,,,,,,,,,,,,,,,0.0,0.0,4985.25,0.0,4985.25,0.0,498.53,0.0,498.53,0.0,4486.719999999999,0.0,4486.719999999999,,4000.50726738563,,4000.50726738563,,50.308,,50.308,,489.7733,,489.7733,,4540.58,,4540.58,,101.20043149561373,,101.20043149561373,0.0,4016.7,0.0,4016.7,0.0,217.38,0.0,217.38,,,,,,,9.487499999999999,0.0,0.0,,,,,0.0,0.0,4486.719999999999,0.0,0.0,,0.0,,0.0,,,,,,,,4486.719999999999,0.0
148,DELHI,NORTH EAST,,0.0,794.0,0.0,794.0,0.0,3567.2,0.0,3567.2,0.0,3567.2,0.0,233.28,0.0,233.28,0.0,,0.0,0.0,0.0,0.0,0.0,0.0,0.0,49.02,0.0,49.02,0.0,0.8300000000000001,0.0,0.8300000000000001,0.0,31.584,0.0,31.584,0.0,1583.3082396635737,0.0,1583.3082396635737,0.0,0.0,0.0,0.0,0.0,1898.0099999999998,0.0,1898.0099999999998,,,,,,,,,,,,0.0,,,,0.0,,,,,,,,,,,,,,,,0.0,0.0,1898.0099999999998,0.0,1898.0099999999998,0.0,189.79999999999998,0.0,189.79999999999998,0.0,1708.21,0.0,1708.21,,1506.8764849716272,,1506.8764849716272,,0.0,,0.0,,176.7645,,176.7645,,1683.63,,1683.63,,98.56106684775293,,98.56106684775293,0.0,1506.87,0.0,1506.87,0.0,142.01,0.0,142.01,,,,,,,31.65,0.0,0.0,,,,,0.0,0.0,1708.21,0.0,0.0,,0.0,,0.0,,,,,,,,1708.21,0.0
149,DELHI,NORTH WEST,,0.0,794.0,0.0,794.0,0.0,15436.0,0.0,15436.0,0.0,15436.0,0.0,1576.69,0.0,1576.69,0.0,,0.0,0.0,0.0,0.0,0.0,0.0,0.0,139.35,0.0,139.35,0.0,0.64,0.0,0.64,0.0,34.464,0.0,34.464,0.0,2155.872288596169,0.0,2155.872288596169,0.0,0.0,0.0,0.0,0.0,3907.0099999999998,0.0,3907.0099999999998,,,,,,,,,,,,0.0,,,,0.0,,,,,,,,,,,,,,,,0.0,0.0,3907.0099999999998,0.0,3907.0099999999998,0.0,390.70000000000005,0.0,390.70000000000005,0.0,3516.31,0.0,3516.31,,1870.9680127098468,,1870.9680127098468,,0.56,,0.56,,501.804125,,501.804125,,2373.33,,2373.33,,67.49490232658668,,67.49490232658668,0.0,2279.27,0.0,2279.27,0.0,1094.98,0.0,1094.98,,,,,,,1148.6,0.0,0.0,,,,,0.0,0.0,3516.31,0.0,0.0,,0.0,,0.0,,,,,,,,3516.31,0.0
150,DELHI,SHAHDARA,,0.0,794.0,0.0,794.0,0.0,3458.5,0.0,3458.5,0.0,3458.5,0.0,201.73000000000002,0.0,201.73000000000002,0.0,,0.0,0.0,0.0,0.0,0.0,0.0,0.0,112.4,0.0,112.4,0.0,1.9,0.0,1.9,0.0,45.12,0.0,45.12,0.0,1724.625,0.0,1724.625,0.0,0.0,0.0,0.0,0.0,2085.77,0.0,2085.77,,,,,,,,,,,,0.0,,,,0.0,,,,,,,,,,,,,,,,0.0,0.0,2085.77,0.0,2085.77,0.0,208.57,0.0,208.57,0.0,1877.2,0.0,1877.2,,1633.3210466988553,,1633.3210466988553,,0.5,,0.5,,404.35499999999996,,404.35499999999996,,2038.17,,2038.17,,108.57500532708289,,108.57500532708289,0.0,1633.3200000000002,0.0,1633.3200000000002,0.0,4.52,0.0,4.52,,,,,,,0.0,0.0,0.0,,,,,0.0,0.0,1877.2,0.0,0.0,,0.0,,0.0,,,,,,,,1877.2,0.0
151,DELHI,SOUTH,,0.0,794.0,0.0,794.0,0.0,15785.0,0.0,15785.0,0.0,15785.0,0.0,1439.82,0.0,1439.82,0.0,,0.0,0.0,0.0,0.0,0.0,0.0,0.0,210.5,0.0,210.5,0.0,17.209999999999997,0.0,17.209999999999997,0.0,53.856,0.0,53.856,0.0,3154.9699449681493,0.0,3154.9699449681493,0.0,0.0,0.0,0.0,0.0,4876.36,0.0,4876.36,,,,,,,,,,,,0.0,,,,0.0,,,,,,,,,,,,,,,,0.0,0.0,4876.36,0.0,4876.36,0.0,487.64000000000004,0.0,487.64000000000004,0.0,4388.72,0.0,4388.72,,4344.9708451885435,,4344.9708451885435,,0.0,,0.0,,756.84025,,756.84025,,5101.82,,5101.82,,116.24847335897482,,116.24847335897482,0.0,4344.98,0.0,4344.98,0.0,0.0,0.0,0.0,,,,,,,0.0,0.0,0.0,,,,,0.0,0.0,4388.72,0.0,0.0,,0.0,,0.0,,,,,,,,4388.72,0.0
152,DELHI,SOUTH EAST,,0.0,794.0,0.0,794.0,0.0,10352.0,0.0,10352.0,0.0,10352.0,0.0,788.5999999999999,0.0,788.5999999999999,0.0,,0.0,0.0,0.0,0.0,0.0,0.0,0.0,63.13,0.0,63.13,0.0,3.07,0.0,3.07,0.0,48.24,0.0,48.24,0.0,2040.4264152020937,0.0,2040.4264152020937,0.0,0.0,0.0,0.0,0.0,2943.4700000000003,0.0,2943.4700000000003,,,,,,,,,,,,0.0,,,,0.0,,,,,,,,,,,,,,,,0.0,0.0,2943.4700000000003,0.0,2943.4700000000003,0.0,294.36,0.0,294.36,0.0,2649.1099999999997,0.0,2649.1099999999997,,2373.6379840388763,,2373.6379840388763,,12.739999999999998,,12.739999999999998,,229.51212499999997,,229.51212499999997,,2615.89,,2615.89,,98.74599393758659,,98.74599393758659,0.0,2373.64,0.0,2373.64,0.0,33.22,0.0,33.22,,,,,,,40.0,0.0,0.0,,,,,0.0,0.0,2649.1099999999997,0.0,0.0,,0.0,,0.0,,,,,,,,2649.1099999999997,0.0
153,DELHI,SOUTH WEST,,0.0,794.0,0.0,794.0,0.0,30516.0,0.0,30516.0,0.0,30516.0,0.0,3551.18,0.0,3551.18,0.0,,0.0,0.0,0.0,0.0,0.0,0.0,0.0,1213.4,0.0,1213.4,0.0,25.369999999999997,0.0,25.369999999999997,0.0,59.952000000000005,0.0,59.952000000000005,0.0,2840.601852053422,0.0,2840.601852053422,0.0,0.0,0.0,0.0,0.0,7690.51,0.0,7690.51,,,,,,,,,,,,0.0,,,,0.0,,,,,,,,,,,,,,,,0.0,0.0,7690.51,0.0,7690.51,0.0,769.04,0.0,769.04,0.0,6921.469999999999,0.0,6921.469999999999,,2614.3250186987666,,2614.3250186987666,,0.0,,0.0,,4373.41,,4373.41,,6987.74,,6987.74,,100.9574555694094,,100.9574555694094,0.0,3057.25,0.0,3057.25,0.0,139.82,0.0,139.82,,,,,,,41.849999999999994,0.0,0.0,,,,,0.0,0.0,6921.469999999999,0.0,0.0,,0.0,,0.0,,,,,,,,6921.469999999999,0.0
154,DELHI,WEST,,0.0,794.0,0.0,794.0,0.0,11054.0,0.0,11054.0,0.0,11054.0,0.0,1687.7700000000002,0.0,1687.7700000000002,0.0,,0.0,0.0,0.0,0.0,0.0,0.0,0.0,203.32999999999998,0.0,203.32999999999998,0.0,6.22,0.0,6.22,0.0,47.135999999999996,0.0,47.135999999999996,0.0,2254.9985265454175,0.0,2254.9985265454175,0.0,0.0,0.0,0.0,0.0,4199.450000000001,0.0,4199.450000000001,,,,,,,,,,,,0.0,,,,0.0,,,,,,,,,,,,,,,,0.0,0.0,4199.450000000001,0.0,4199.450000000001,0.0,419.95,0.0,419.95,0.0,3779.5,0.0,3779.5,,2848.4616938806594,,2848.4616938806594,,0.6,,0.6,,731.9770000000001,,731.9770000000001,,3581.0299999999997,,3581.0299999999997,,94.74877629316046,,94.74877629316046,0.0,2848.45,0.0,2848.45,0.0,296.34000000000003,0.0,296.34000000000003,,,,,,,0.0,0.0,0.0,,,,,0.0,0.0,3779.5,0.0,0.0,,0.0,,0.0,,,,,,,,3779.5,0.0
155,GOA,GOA NORTH,,3407.864405735409,3342.6927218271235,0.0,3354.447550688474,17854.0,81133.0,0.0,98987.0,47323.0,146310.0,2725.0099999999998,11443.24,0.0,14168.25,286.73,,0.0,286.73,329.32,2463.83,0.0,2793.15,0.0,342.85,0.0,342.85,7.2700000000000005,29.490000000000002,0.0,36.76,399.0,215.5,0.0,614.5,,,,,,,,,3747.33,14494.91,0.0,18242.24,,,,,,,,,,,,0.0,,,,0.0,,,,,,,,,,,,,,,,0.0,3747.33,14494.91,0.0,18242.24,749.46,2898.99,0.0,3648.45,2997.8699999999994,11595.919999999998,0.0,14593.79,355.97980974999996,1699.185084,,2055.16489375,18.020380000000003,73.81074,,91.83112,158.22000000000003,1365.6600000000003,,1523.88,532.23,3138.66,,3670.89,17.753605059592314,27.066933887091327,,25.15378116308375,377.91999999999996,1803.88,0.0,2181.8,2443.7,8352.56,0.0,10796.259999999998,,,,,,,,,,,,,,0.0,0.0,14593.79,0.0,0.0,,0.0,,0.0,,,,,,,,14593.79,0.0
156,GOA,SOUTH GOA,,3413.076374182856,3350.4194616194613,0.0,3355.9987480733284,10861.0,111111.0,0.0,121972.0,101915.7,223887.7,2224.44,18797.73,0.0,21022.17,459.62,,0.0,459.62,23.020000000000003,439.33000000000004,0.0,462.35,0.0,250.3,0.0,250.3,12.389999999999999,154.51,0.0,166.89999999999998,41.25,693.5,0.0,734.75,,,,,,,,,2760.7200000000003,20335.370000000003,0.0,23096.09,,,,,,,,,,,,0.0,,,,0.0,,,,,,,,,,,,,,,,0.0,2760.7200000000003,20335.370000000003,0.0,23096.09,552.12,4067.08,0.0,4619.200000000001,2208.6000000000004,16268.289999999999,0.0,18476.89,265.63825825000004,2490.1786827499996,,2755.816941,31.75431,281.66274,,313.4170499999999,73.71000000000001,1001.1600000000001,,1074.87,371.09000000000003,3773.0099999999998,,4144.1,16.802046545322828,23.19241911719056,,22.428558052789192,282.01000000000005,2643.63,0.0,2925.6400000000003,1821.13,12341.83,0.0,14162.96,,,,,,,,,,,,,,0.0,0.0,18476.89,0.0,0.0,,0.0,,0.0,,,,,,,,18476.89,0.0
157,GUJARAT,AHMEDABAD,,751.5393031016034,0.0,687.688197317226,704.301181576981,184138.41779761555,0.0,523587.62406988454,707726.0418675,0.0,707726.0418675,25027.78,0.0,77359.38999999998,102387.17,2493.3100000000004,,0.0,2493.3100000000004,10753.56,0.0,0.91,10754.47,5334.849999999999,0.0,6066.84,11401.69,192.98000000000002,,215.74,408.72,3131.1839999999997,,1593.82,4725.004,,,,,,,,,46933.68000000001,0.0,85236.70000000001,132170.38,,,,,,,,,,,,0.0,,,,0.0,,,,,,,,,,,,,,,,0.0,46933.68000000001,0.0,85236.70000000001,132170.38,3632.52,0.0,8455.96,12088.480000000001,43301.16,0.0,76780.73999999999,120081.90000000001,1003.0254501229455,,2038.6746732079807,3041.700123330926,3350.9449999999997,,0.0,3350.9449999999997,32678.100000000002,,31196.100000000002,63874.200000000004,37032.07,,33234.79,70266.86,85.52211996168231,,43.285321292813805,85.52211996168228,1101.83,0.0,0.0,3341.3299999999995,12976.869999999999,0.0,46637.170000000006,12976.869999999999,,,,,,,,,,,,,,0.0,0.0,43301.16,76780.73999999999,0.0,,0.0,,0.0,,,,,,,,43301.16,76780.73999999999
158,GUJARAT,AMRELI,,664.5418970255523,0.0,705.1399008111104,665.8796762498104,723203.7847804805,0.0,24642.93082871956,747846.7156092,0.0,747846.7156092,134394.34999999998,0.0,1238.51,135632.86,31.189999999999998,,0.0,31.189999999999998,1619.81,0.0,0.0,1619.81,11594.880000000001,0.0,324.44,11919.32,372.91999999999996,,3.3499999999999996,376.27,3803.776,,40.82,3844.5959999999995,,,,,,,,,151816.92999999996,0.0,1607.12,153424.05,,,,,,,,,,,,0.0,,,,0.0,,,,,,,,,,,,,,,,0.0,151816.92999999996,0.0,1607.12,153424.05,7590.87,0.0,80.36,7671.2300000000005,144226.06,0.0,1526.7600000000002,145752.82,1188.9570891343378,,36.554823052061785,1225.5119121863995,54.77100000000001,,0.0,54.77100000000001,73577.7,,1201.6000000000001,74779.3,74821.42000000001,,1238.15,76059.57,51.87787838064772,,81.09657051533968,51.87787838064772,1230.14,0.0,0.0,1267.96,69363.47,0.0,325.16,69363.47,,,,,,,,,,,,,,0.0,0.0,144226.06,1526.76,0.0,,0.0,,0.0,,,,,,,,144226.06,1526.76
159,GUJARAT,ANAND,,781.9916362726025,0.0,741.8320882563969,769.9474902226991,212911.55886292248,0.0,91207.58485797752,304119.1437209,0.0,304119.1437209,30261.47,0.0,13478.35,43739.81999999999,51942.00000000001,,0.0,51942.00000000001,26138.48,0.0,0.0,26138.48,5075.27,0.0,839.84,5915.11,588.26,,74.69,662.95,1034.344,,38.384,1072.728,,,,,,,,,115039.81999999999,0.0,14431.260000000002,129471.08,,,,,,,,,,,,0.0,,,,0.0,,,,,,,,,,,,,,,,0.0,115039.81999999999,0.0,14431.260000000002,129471.08,9593.650000000001,0.0,905.0500000000001,10498.7,105446.16999999998,0.0,13526.21,118972.38,3509.7083725332704,,502.2030192650948,4011.9113917983655,375.32614500000005,,0.0,375.32614500000005,20627.0,,3306.8,23933.8,24512.030000000002,,3809.0099999999993,28321.040000000005,23.246012633744787,,28.16021635033021,23.246012633744783,3689.85,0.0,0.0,4217.83,80753.98999999999,0.0,10630.199999999999,80753.98999999999,,,,,,,,,,,,,,0.0,0.0,105446.16999999998,13526.21,0.0,,0.0,,0.0,,,,,,,,105446.16999999998,13526.21
160,GUJARAT,ARVALLI,,873.9199583473543,0.0,0.0,873.9199583473543,310371.55839049997,0.0,0.0,310371.55839049997,6518.06,316889.61839049996,80250.41,0.0,0.0,80250.41,1215.75,,0.0,1215.75,1671.9699999999998,0.0,0.0,1671.9699999999998,6806.02,0.0,0.0,6806.02,252.70999999999998,,0.0,252.70999999999998,638.9639999999999,,0.0,638.9639999999999,,,,,,,,,90835.82,0.0,0.0,90835.82,,,,,,,,,,,,0.0,,,,0.0,,,,,,,,,,,,,,,,0.0,90835.82,0.0,0.0,90835.82,4541.799999999999,0.0,0.0,4541.799999999999,86294.02,0.0,0.0,86294.02,2004.6991913852307,,,2004.6991913852307,25.3895,,,25.3895,33871.9,,,33871.9,35901.979999999996,,,35901.979999999996,41.60425021339832,,,41.60425021339832,2144.33,0.0,0.0,2144.33,50252.41,0.0,0.0,50252.41,,,,,,,,,,,,,,0.0,0.0,86294.02000000002,0.0,0.0,,0.0,,0.0,,,,,,,,86294.02000000002,0.0
161,GUJARAT,BANASKANTHA,,680.6302770448605,0.0,508.1387245214252,618.1879564832141,669984.1173371309,0.0,380151.340270169,1050135.4576073,29809.160000000003,1079944.6176073,89392.81,0.0,44842.33,134235.14,593.6,,0.0,593.6,87.97999999999999,0.0,0.0,87.97999999999999,12141.72,0.0,4720.29,16862.01,342.73999999999995,,182.94,525.68,18246.4,,1117.6000000000001,19364.000000000004,,,,,,,,,120805.25,0.0,50863.159999999996,171668.41,,,,,,,,,,,,0.0,,,,0.0,,,,,,,,,,,,,,,,0.0,120805.25,0.0,50863.159999999996,171668.41,12080.539999999999,0.0,5086.31,17166.860000000004,108724.71,0.0,45776.85,154501.56,4106.049353335859,,819.6231010707875,4925.672454406647,143.904155,,0.0,143.904155,130515.09999999999,,43651.899999999994,174167.00000000003,134765.03,,44471.5,179236.53,123.95069161370951,,97.14844948920688,123.95069161370952,4557.4400000000005,0.0,0.0,5467.17,13009.82,0.0,18917.75,13009.82,,,,,,,,,,,,,,0.0,0.0,108724.70999999999,45776.85,0.0,,0.0,,0.0,,,,,,,,108724.70999999999,45776.85
162,GUJARAT,BHARUCH,,734.145744032085,0.0,700.6274965821556,721.0540301668149,332922.5546340981,0.0,213375.74515520202,546298.2997893001,4390.0,550688.2997893001,36801.22,0.0,21803.29,58604.51,3917.1400000000003,,0.0,3917.1400000000003,9495.130000000001,0.0,0.0,9495.130000000001,4589.2699999999995,0.0,1346.69,5935.960000000001,529.98,,248.42,778.4,5391.5380000000005,,105.46,5496.9980000000005,,,,,,,,,60724.29000000001,0.0,23503.86,84228.15,,,,,,,,,,,,0.0,,,,0.0,,,,,,,,,,,,,,,,0.0,60724.29000000001,0.0,23503.86,84228.15,5219.02,0.0,2251.92,7470.94,55505.27,0.0,21251.94,76757.20999999999,1795.6040439313308,,610.6169085354404,2406.220952466771,668.92343,,0.0,668.92343,16951.200000000004,,5244.700000000001,22195.900000000005,19415.76,,5855.3099999999995,25271.069999999992,34.98002982419507,,27.551884674999084,34.98002982419507,1891.72,0.0,0.0,2527.4799999999996,35993.4,0.0,17297.12,35993.4,,,,,,,,,,,,,,0.0,0.0,55505.27,21251.94,0.0,,0.0,,0.0,,,,,,,,55505.27,21251.94
163,GUJARAT,BHAVNAGAR,,620.8197702083238,0.0,680.5247653667718,632.4956084893324,585752.2326168802,0.0,142395.76093801972,728147.9935549,0.0,728147.9935549,91083.49,0.0,12360.52,103444.01000000001,199.75000000000003,,0.0,199.75000000000003,6777.039999999999,0.0,0.0,6777.039999999999,8560.55,0.0,1161.7800000000002,9722.329999999998,488.5100000000001,,19.23,507.73,4931.1759999999995,,234.676,5165.852,,,,,,,,,112040.50000000001,0.0,13776.210000000001,125816.70999999999,,,,,,,,,,,,0.0,,,,0.0,,,,,,,,,,,,,,,,0.0,112040.50000000001,0.0,13776.210000000001,125816.70999999999,5602.0199999999995,0.0,688.81,6290.830000000001,106438.48,0.0,13087.399999999998,119525.88,3107.2698820399532,,697.019540339308,3804.2894223792605,31.048400000000004,,0.0,31.048400000000004,42332.1,,4792.700000000001,47124.799999999996,45470.45,,5489.719999999999,50960.17,42.71993549701198,,41.94660513165335,42.719935497011974,3322.21,0.0,0.0,4067.44,60753.090000000004,0.0,9374.96,60753.090000000004,,,,,,,,,,,,,,0.0,0.0,106438.48,13087.399999999998,0.0,,0.0,,0.0,,,,,,,,106438.48,13087.399999999998
164,GUJARAT,BOTAD,,610.4387851601906,0.0,644.9785813695927,616.7528876720331,203056.10549596814,0.0,45423.75749893186,248479.8629949,0.0,248479.8629949,40196.17,0.0,2672.9600000000005,42869.13,207.78,,0.0,207.78,312.7,0.0,0.0,312.7,3648.8199999999997,0.0,743.73,4392.55,38.45,,3.78,42.23,1781.64,,36.64,1818.2800000000002,,,,,,,,,46185.56,0.0,3457.1099999999997,49642.67,,,,,,,,,,,,0.0,,,,0.0,,,,,,,,,,,,,,,,0.0,46185.56,0.0,3457.1099999999997,49642.67,2309.27,0.0,174.68,2483.94,43876.29,0.0,3282.43,47158.72,882.7845642292923,,109.0532864022259,991.8378506315182,16.67445,,0.0,16.67445,21423.8,,3419.6,24843.4,22323.25,,3528.65,25851.899999999998,50.87770638766405,,107.50115006260606,50.877706387664034,943.85,0.0,0.0,1060.45,21491.97,0.0,1388.8700000000001,21491.97,,,,,,,,,,,,,,0.0,0.0,43876.29,3282.43,0.0,,0.0,,0.0,,,,,,,,43876.29,3282.43
165,GUJARAT,CHHOTA UDEPUR,,1044.8947453317433,0.0,0.0,1044.8947453317433,326493.2852432,0.0,0.0,326493.2852432,17298.0,343791.2852432,39770.34,0.0,0.0,39770.34,1233.1399999999999,,0.0,1233.1399999999999,1931.3199999999997,0.0,0.0,1931.3199999999997,4986.84,0.0,0.0,4986.84,316.22999999999996,,0.0,316.22999999999996,3454.728,,0.0,3454.728,,,,,,,,,51692.590000000004,0.0,0.0,51692.590000000004,,,,,,,,,,,,0.0,,,,0.0,,,,,,,,,,,,,,,,0.0,51692.590000000004,0.0,0.0,51692.590000000004,4662.929999999999,0.0,0.0,4662.929999999999,47029.66,0.0,0.0,47029.66,2184.3209107716493,,,2184.3209107716493,0.18,,,0.18,19679.5,,,19679.5,21864.01,,,21864.01,46.489832161236116,,,46.489832161236116,2312.0200000000004,0.0,0.0,2312.0200000000004,25037.94,0.0,0.0,25037.94,,,,,,,,,,,,,,0.0,0.0,47029.66,0.0,0.0,,0.0,,0.0,,,,,,,,47029.66,0.0
166,GUJARAT,DAHOD,,724.6526471492311,0.0,0.0,724.6526471492311,351971.34179060004,0.0,0.0,351971.34179060004,12158.0,364129.34179060004,18967.23,0.0,0.0,18967.23,858.55,,0.0,858.55,3947.95,0.0,0.0,3947.95,2727.7599999999998,0.0,0.0,2727.7599999999998,225.08999999999997,,0.0,225.08999999999997,9973.224000000002,,0.0,9973.224000000002,,,,,,,,,36699.8,0.0,0.0,36699.8,,,,,,,,,,,,0.0,,,,0.0,,,,,,,,,,,,,,,,0.0,36699.8,0.0,0.0,36699.8,3351.02,0.0,0.0,3351.02,33348.78,0.0,0.0,33348.78,2211.0855973776547,,,2211.0855973776547,1.8895050000000002,,,1.8895050000000002,10029.6,,,10029.6,12242.539999999999,,,12242.539999999999,36.71060830411187,,,36.71060830411187,2524.79,0.0,0.0,2524.79,20792.54,0.0,0.0,20792.54,,,,,,,,,,,,,,0.0,0.0,33348.78,0.0,0.0,,0.0,,0.0,,,,,,,,33348.78,0.0
167,GUJARAT,DANG,,2354.612428235188,0.0,0.0,2354.612428235188,144921.7961807,0.0,0.0,144921.7961807,35515.0,180436.7961807,31939.559999999998,0.0,0.0,31939.559999999998,0.0,,0.0,0.0,7.650000000000001,0.0,0.0,7.650000000000001,603.88,0.0,0.0,603.88,98.28,,0.0,98.28,1204.008,,0.0,1204.008,,,,,,,,,33853.369999999995,0.0,0.0,33853.369999999995,,,,,,,,,,,,0.0,,,,0.0,,,,,,,,,,,,,,,,0.0,33853.369999999995,0.0,0.0,33853.369999999995,3385.34,0.0,0.0,3385.34,30468.03,0.0,0.0,30468.03,478.0108966771885,,,478.0108966771885,62.75750000000001,,,62.75750000000001,2189.5999999999995,,,2189.5999999999995,2730.3700000000003,,,2730.3700000000003,8.961426124367083,,,8.961426124367083,522.8100000000001,0.0,0.0,522.8100000000001,27692.86,0.0,0.0,27692.86,,,,,,,,,,,,,,0.0,0.0,30468.03,0.0,0.0,,0.0,,0.0,,,,,,,,30468.03,0.0
168,GUJARAT,DEVBHUMI DWARKA,,769.8977881531607,0.0,674.1496026530878,756.2740244354034,360785.62323287915,0.0,59851.3569656209,420636.98019850004,12245.0,432881.98019850004,36954.840000000004,0.0,4399.79,41354.630000000005,522.4200000000001,,0.0,522.4200000000001,195.52,0.0,0.0,195.52,4446.740000000001,0.0,505.15,4951.889999999999,209.75,,12.190000000000001,221.94,1404.472,,110.412,1514.884,,,,,,,,,43733.729999999996,0.0,5027.55,48761.28,,,,,,,,,,,,0.0,,,,0.0,,,,,,,,,,,,,,,,0.0,43733.729999999996,0.0,5027.55,48761.28,2186.6900000000005,0.0,251.39,2438.08,41547.04,0.0,4776.16,46323.2,1545.9555045022341,,96.962082996979,1642.9175874992131,107.722555,,0.0,107.722555,23978.5,,2417.3,26395.800000000003,25632.17,,2514.27,28146.44,61.69433490328071,,52.64208066731433,61.694334903280726,1630.77,0.0,0.0,1733.05,15830.06,0.0,2358.85,15830.06,,,,,,,,,,,,,,0.0,0.0,41547.04,4776.16,0.0,,0.0,,0.0,,,,,,,,41547.04,4776.16
169,GUJARAT,GANDHINAGAR,,762.3293160752113,0.0,0.0,762.3293160752113,215520.63809380002,0.0,0.0,215520.63809380002,0.0,215520.63809380002,45951.85,0.0,0.0,45951.85,3964.58,,0.0,3964.58,136.5,0.0,0.0,136.5,6541.610000000001,0.0,0.0,6541.610000000001,368.47,,0.0,368.47,1699.6040000000003,0.0,0.0,1699.6040000000003,,,,,,,,,58662.630000000005,0.0,0.0,58662.630000000005,,,,,,,,,,,,0.0,,,,0.0,,,,,,,,,,,,,,,,0.0,58662.630000000005,0.0,0.0,58662.630000000005,4893.47,0.0,0.0,4893.47,53769.16,0.0,0.0,53769.16,1365.0,,,1365.0,798.544556,,,798.544556,50911.8,,,50911.8,53075.34,,,53075.34,98.70963206417953,,,98.70963206417953,1807.1100000000001,0.0,0.0,1807.1100000000001,7729.57,0.0,0.0,7729.57,,,,,,,,,,,,,,0.0,0.0,53769.16,0.0,0.0,,0.0,,0.0,,,,,,,,53769.16,0.0
170,GUJARAT,GIR SOMNATH,,957.0851406175249,0.0,900.8137252052504,954.8693911752287,315649.8155469033,0.0,12938.53086829669,328588.3464152,0.0,328588.3464152,59887.41000000001,0.0,3923.8999999999996,63811.310000000005,1075.8999999999999,,0.0,1075.8999999999999,223.95,0.0,0.0,223.95,6565.72,0.0,354.38,6920.1,334.94,,42.019999999999996,376.96999999999997,768.42,,51.352000000000004,819.7719999999999,,,,,,,,,68856.34,0.0,4371.639999999999,73227.98000000001,,,,,,,,,,,,0.0,,,,0.0,,,,,,,,,,,,,,,,0.0,68856.34,0.0,4371.639999999999,73227.98000000001,5440.16,0.0,294.94000000000005,5735.1,63416.18,0.0,4076.7,67492.88,2938.7444219195477,,28.00085531253804,2966.7452772320858,400.56495,,0.0,400.56495,28708.600000000006,,1494.4999999999998,30203.100000000006,32047.909999999996,,1522.51,33570.42,50.53585693745665,,37.34662840042191,50.53585693745665,3081.92,0.0,0.0,3111.29,31225.1,0.0,2582.19,31225.1,,,,,,,,,,,,,,0.0,0.0,63416.18,4076.7,0.0,,0.0,,0.0,,,,,,,,63416.18,4076.7
171,GUJARAT,JAMNAGAR,,712.3627886665366,0.0,652.4070083851207,706.4809578762417,579332.2086783141,0.0,63016.18533288585,642348.3940112,99.0,642447.3940112,126015.89,0.0,4370.5599999999995,130386.45,336.74000000000007,,0.0,336.74000000000007,3592.1,0.0,0.0,3592.1,10206.060000000001,0.0,1196.4,11402.460000000001,243.82999999999998,,14.11,257.94,5011.26,,90.112,5101.372,,,,,,,,,145405.86,0.0,5671.17,151077.03,,,,,,,,,,,,0.0,,,,0.0,,,,,,,,,,,,,,,,0.0,145405.86,0.0,5671.17,151077.03,7270.31,0.0,286.4,7556.710000000001,138135.55,0.0,5384.7699999999995,143520.32,2370.500139801491,,92.45085428017403,2462.950994081665,43.07522,,0.0,43.07522,48804.0,,4258.9,53062.899999999994,51217.58,,4351.34,55568.920000000006,37.07776890163322,,80.80827964797011,37.07776890163321,2500.55,0.0,0.0,2598.07,86787.92000000001,0.0,1724.24,86787.92000000001,,,,,,,,,,,,,,0.0,0.0,138135.55,5384.77,0.0,,0.0,,0.0,,,,,,,,138135.55,5384.77
172,GUJARAT,JUNAGADH,,967.507610840297,0.0,905.7190173612073,963.2115611809385,509083.68539174146,0.0,38040.56400895857,547124.2494007,8142.0,555266.2494007,133207.15,0.0,8780.560000000001,141987.71000000002,1064.58,,0.0,1064.58,150.60000000000002,0.0,0.0,150.60000000000002,11074.019999999999,0.0,1079.54,12153.56,226.98000000000002,,22.05,249.03000000000003,1370.9180000000001,,82.53200000000001,1453.45,,,,,,,,,147094.27000000002,0.0,9964.67,157058.94,,,,,,,,,,,,0.0,,,,0.0,,,,,,,,,,,,,,,,0.0,147094.27000000002,0.0,9964.67,157058.94,7354.699999999998,0.0,498.23,7852.929999999999,139739.56999999998,0.0,9466.439999999999,149206.01,3098.63574098734,,131.78678031215918,3230.422521299499,70.4785,,0.0,70.4785,61887.100000000006,,5018.0,66905.1,65056.22,,5149.790000000001,70206.01000000001,46.55533146409425,,54.40049268785311,46.555331464094245,3412.46,0.0,0.0,3550.67,74369.53,0.0,4734.17,74369.53,,,,,,,,,,,,,,0.0,0.0,139739.57,9466.44,0.0,,0.0,,0.0,,,,,,,,139739.57,9466.44
173,GUJARAT,KACHCHH,,444.4679369529895,0.0,442.682361724922,443.4144769541071,840179.3932216847,0.0,1208956.387411015,2049135.7806327,0.0,2049135.7806327,55352.90000000001,0.0,82200.74,137553.64,22.79,,0.0,22.79,6291.95,0.0,0.0,6291.95,7220.289999999999,0.0,7685.120000000001,14905.41,490.82,,110.72000000000001,601.54,22162.04,,527.342,22689.381999999998,,,,,,,,,91540.79999999999,0.0,90523.92000000001,182064.72000000003,,,,,,,,,,,,0.0,,,,0.0,,,,,,,,,,,,,,,,0.0,91540.79999999999,0.0,90523.92000000001,182064.72000000003,8561.789999999999,0.0,8826.42,17388.199999999997,82979.01,0.0,81697.5,164676.51,1033.695181961916,,2326.6558900329014,3360.351071994817,1049.83365,,0.0,1049.83365,47619.5,,51981.3,99600.80000000002,49703.020000000004,,54307.96000000001,104010.98,59.898304402523,,66.47444536246519,59.89830440252298,1193.74,0.0,0.0,3880.6299999999997,38551.32000000001,0.0,36223.24,38551.32000000001,,,,,,,,,,,,,,0.0,0.0,82979.01,81697.5,0.0,,0.0,,0.0,,,,,,,,82979.01,81697.5
174,GUJARAT,KHEDA,,839.0088448937489,0.0,769.6475271451238,827.4434542858978,286444.62416776834,0.0,57319.67856403167,343764.3027318,0.0,343764.3027318,43059.729999999996,0.0,7150.539999999999,50210.27,11103.279999999999,,0.0,11103.279999999999,14272.210000000001,0.0,0.0,14272.210000000001,5507.79,0.0,1743.4799999999998,7251.2699999999995,686.6899999999999,,12.41,699.0999999999999,1814.8839999999998,,9.6,1824.484,,,,,,,,,76444.6,0.0,8916.029999999999,85360.63,,,,,,,,,,,,0.0,,,,0.0,,,,,,,,,,,,,,,,0.0,76444.6,0.0,8916.029999999999,85360.63,7043.289999999999,0.0,750.26,7793.549999999999,69401.31,0.0,8165.77,77567.07999999999,2824.772848232719,,337.0772300373423,3161.850078270061,401.07504499999993,,0.0,401.07504499999993,26939.000000000004,,6490.400000000001,33429.40000000001,30164.83,,6827.48,36992.31,43.46435247403832,,83.61097606226969,43.46435247403832,2972.2499999999995,0.0,0.0,3326.9300000000003,39089.01,0.0,3046.12,39089.01,,,,,,,,,,,,,,0.0,0.0,69401.31000000001,8165.77,0.0,,0.0,,0.0,,,,,,,,69401.31000000001,8165.77
175,GUJARAT,MAHESANA,,739.5073717076591,0.0,746.0675161817128,741.9608850652138,275906.9401558822,0.0,164841.04462041784,440747.9847763,2428.0,443175.9847763,48478.77,0.0,14234.43,62713.2,6875.460000000001,,0.0,6875.460000000001,5605.38,0.0,0.16,5605.54,13709.81,0.0,4892.610000000001,18602.420000000002,420.84,,56.440000000000005,477.2799999999999,3269.9879999999994,,740.84,4010.8279999999995,,,,,,,,,78360.24,0.0,19924.480000000003,98284.72,,,,,,,,,,,,0.0,,,,0.0,,,,,,,,,,,,,,,,0.0,78360.24,0.0,19924.480000000003,98284.72,7836.02,0.0,1992.45,9828.470000000001,70524.22,0.0,17932.03,88456.24999999999,1410.5199237041816,,480.32861070980545,1890.848534413987,722.89964,,0.0,722.89964,71914.0,,26431.200000000004,98345.20000000001,74047.44,,26911.53,100958.97,104.99575890382056,,150.07520063261103,104.99575890382059,1471.4399999999998,0.0,22.37,1950.1399999999999,4672.66,0.0,4174.33,4672.66,,,,,,,,,,,,,,0.0,0.0,70524.22,17932.03,0.0,,0.0,,0.0,,,,,,,,70524.22,17932.03
176,GUJARAT,MAHISAGAR,,732.4092963747798,0.0,0.0,732.4092963747798,245901.05541709997,0.0,0.0,245901.05541709997,4096.0,249997.05541709997,17238.53,0.0,0.0,17238.53,4970.2300000000005,,0.0,4970.2300000000005,4364.75,0.0,0.0,4364.75,3459.7,0.0,0.0,3459.7,423.83000000000004,,0.0,423.83000000000004,2662.772,,0.0,2662.772,,,,,,,,,33119.79000000001,0.0,0.0,33119.79000000001,,,,,,,,,,,,0.0,,,,0.0,,,,,,,,,,,,,,,,0.0,33119.79000000001,0.0,0.0,33119.79000000001,3311.99,0.0,0.0,3311.99,29807.799999999996,0.0,0.0,29807.799999999996,881.2982511386388,,,881.2982511386388,17.235,,,17.235,12580.900000000001,,,12580.900000000001,13479.45,,,13479.45,45.22121726527957,,,45.22121726527957,941.6,0.0,0.0,941.6,16268.04,0.0,0.0,16268.04,,,,,,,,,,,,,,0.0,0.0,29807.8,0.0,0.0,,0.0,,0.0,,,,,,,,29807.8,0.0
177,GUJARAT,MORBI,,562.4861947421722,0.0,516.7034821528816,548.6196336156584,348052.0734933345,0.0,151217.64783996547,499269.7213333,0.0,499269.7213333,39505.3,0.0,12621.76,52127.06,4.710000000000001,,0.0,4.710000000000001,19128.01,0.0,0.0,19128.01,7881.41,0.0,1712.9399999999998,9594.36,388.45,,8.370000000000001,396.82,2495.832,,151.624,2647.4559999999997,,,,,,,,,69403.73999999999,0.0,14494.709999999997,83898.45000000001,,,,,,,,,,,,0.0,,,,0.0,,,,,,,,,,,,,,,,0.0,69403.73999999999,0.0,14494.709999999997,83898.45000000001,4518.58,0.0,1275.8000000000002,5794.39,64885.159999999996,0.0,13218.909999999998,78104.07,1420.3214748620276,,171.8760858163822,1592.19756067841,126.432594,,0.0,126.432594,30045.300000000003,,5906.699999999999,35952.0,31592.059999999998,,6078.57,37670.630000000005,48.68919179670667,,45.9838973107465,48.68919179670667,1538.01,0.0,0.0,1723.5000000000002,33175.4,0.0,9776.21,33175.4,,,,,,,,,,,,,,0.0,0.0,64885.159999999996,13218.909999999998,0.0,,0.0,,0.0,,,,,,,,64885.159999999996,13218.909999999998
178,GUJARAT,NARMADA,,1069.8089355350842,0.0,0.0,1069.8089355350842,250995.3840286,0.0,0.0,250995.3840286,29237.0,280232.3840286,27021.359999999997,0.0,0.0,27021.359999999997,433.29999999999995,,0.0,433.29999999999995,1966.0100000000002,0.0,0.0,1966.0100000000002,4426.95,0.0,0.0,4426.95,64.69999999999999,,0.0,64.69999999999999,4358.96,,0.0,4358.96,,,,,,,,,38271.28,0.0,0.0,38271.28,,,,,,,,,,,,0.0,,,,0.0,,,,,,,,,,,,,,,,0.0,38271.28,0.0,0.0,38271.28,2733.1000000000004,0.0,0.0,2733.1000000000004,35538.18,0.0,0.0,35538.18,532.3482606233969,,,532.3482606233969,37.08500000000001,,,37.08500000000001,20534.000000000004,,,20534.000000000004,21103.420000000002,,,21103.420000000002,59.38238818082412,,,59.38238818082412,564.93,0.0,0.0,564.93,14402.170000000002,0.0,0.0,14402.170000000002,,,,,,,,,,,,,,0.0,0.0,35538.17999999999,0.0,0.0,,0.0,,0.0,,,,,,,,35538.17999999999,0.0
179,GUJARAT,NAVSARI,,1833.1893260066925,0.0,0.0,1833.1893260066925,216782.1528127,0.0,0.0,216782.1528127,5828.0,222610.1528127,61462.719999999994,0.0,0.0,61462.719999999994,2791.99,,0.0,2791.99,12162.25,0.0,0.0,12162.25,5038.469999999999,0.0,0.0,5038.469999999999,177.95999999999998,,39.03,216.98999999999998,695.604,,68.824,764.4279999999999,,,,,,,,,82328.99,0.0,107.85,82436.84000000001,,,,,,,,,,,,0.0,,,,0.0,,,,,,,,,,,,,,,,0.0,82328.99,0.0,107.85,82436.84000000001,4974.139999999999,0.0,10.79,4984.93,77354.85,0.0,97.06,77451.90999999999,2651.9660156044188,,,2651.9660156044188,140.24457,,,140.24457,17732.200000000004,,,17732.200000000004,20524.41,,,20524.41,26.532803049841085,,,26.532803049841093,2739.64,0.0,0.0,2739.64,56742.770000000004,0.0,97.06,56742.770000000004,,,,,,,,,,,,,,0.0,0.0,77354.85,97.06,0.0,,0.0,,0.0,,,,,,,,77354.85,97.06
180,GUJARAT,PANCHMAHAL,,858.6147055037277,0.0,0.0,858.6147055037277,325474.4081905,0.0,0.0,325474.4081905,3567.0,329041.4081905,20995.54,0.0,0.0,20995.54,6494.450000000001,,0.0,6494.450000000001,5446.820000000001,0.0,0.0,5446.820000000001,2769.79,0.0,0.0,2769.79,225.28,,0.0,225.28,15307.399999999998,,0.0,15307.399999999998,,,,,,,,,51239.280000000006,0.0,0.0,51239.280000000006,,,,,,,,,,,,0.0,,,,0.0,,,,,,,,,,,,,,,,0.0,51239.280000000006,0.0,0.0,51239.280000000006,3675.28,0.0,0.0,3675.28,47564.0,0.0,0.0,47564.0,1496.5932335486277,,,1496.5932335486277,96.42036,,,96.42036,9869.800000000001,,,9869.800000000001,11462.84,,,11462.84,24.099823395845597,,,24.099823395845597,1610.2700000000002,0.0,0.0,1610.2700000000002,35987.469999999994,0.0,0.0,35987.469999999994,,,,,,,,,,,,,,0.0,0.0,47564.0,0.0,0.0,,0.0,,0.0,,,,,,,,47564.0,0.0
181,GUJARAT,PATAN,,714.7679960418016,0.0,538.480457435717,574.7851301107715,117107.99367722118,0.0,451542.77316027886,568650.7668375,0.0,568650.7668375,21212.76,0.0,0.0,21212.76,7080.27,,2503.92,9584.19,526.74,0.0,8.81,535.55,2978.02,0.0,7446.51,10424.53,44.92,,188.95000000000002,233.87,4522.400000000001,,5704.352000000001,10226.752,,,,,,,,,36365.11,0.0,15852.54,52217.649999999994,,,,,,,,,,,,0.0,,,,0.0,,,,,,,,,,,,,,,,0.0,36365.11,0.0,15852.54,52217.649999999994,2452.7200000000003,0.0,1585.25,4037.9700000000003,33912.39,0.0,14267.29,48179.68,906.2374523027022,,524.9460432243064,1431.1834955270087,51.84857,,0.0,51.84857,34975.275,,41418.825,76394.1,35933.35,,41943.770000000004,77877.12,105.95935585784429,,293.98554315500706,105.95935585784426,956.37,0.0,74.47,1435.88,1499.03,0.0,0.0,1499.03,,,,,,,,,,,,,,0.0,0.0,33912.39,14267.289999999999,0.0,,0.0,,0.0,,,,,,,,33912.39,14267.289999999999
182,GUJARAT,PORBANDAR,,753.8340981583037,0.0,736.488814998475,746.5599523743473,133858.1144973844,0.0,96682.56949331559,230540.6839907,0.0,230540.6839907,19079.72,0.0,12524.439999999999,31604.160000000003,74.66,,0.0,74.66,0.0,0.0,0.0,0.0,2276.48,0.0,1810.22,4086.7,48.29,,16.9,65.19,650.204,,119.548,769.752,,,,,,,,,22129.35,0.0,14471.099999999999,36600.45,,,,,,,,,,,,0.0,,,,0.0,,,,,,,,,,,,,,,,0.0,22129.35,0.0,14471.099999999999,36600.45,1465.84,0.0,1113.91,2579.7599999999998,20663.510000000002,0.0,13357.19,34020.7,514.2816113436738,,358.12866760220743,872.4102789458813,108.80269999999999,,0.0,108.80269999999999,10037.5,,7241.3,17278.800000000003,10660.59,,7599.43,18260.02,51.59138016726102,,56.893927540148795,51.59138016726105,533.3299999999999,0.0,0.0,904.72,9983.869999999999,0.0,6115.89,9983.869999999999,,,,,,,,,,,,,,0.0,0.0,20663.510000000002,13357.19,0.0,,0.0,,0.0,,,,,,,,20663.510000000002,13357.19
183,GUJARAT,RAJKOT,,710.0838073639629,0.0,551.8,707.7037525195009,764586.5087459704,0.0,11672.315738029456,776258.8244839999,0.0,776258.8244839999,144526.87000000002,0.0,313.5,144840.37000000002,708.0700000000002,,0.0,708.0700000000002,2218.7,0.0,0.0,2218.7,23617.730000000003,0.0,0.0,23617.730000000003,435.39000000000004,,0.0,435.39000000000004,10422.696,,0.0,10422.696,,,,,,,,,181929.48,0.0,313.5,182242.98,,,,,,,,,,,,0.0,,,,0.0,,,,,,,,,,,,,,,,0.0,181929.48,0.0,313.5,182242.98,9096.49,0.0,15.68,9112.16,172832.99,0.0,297.82,173130.81,2475.0583738289047,,0.0,2475.0583738289047,75.97909500000002,,0.0,75.97909500000002,105382.8,,1567.5,106950.3,107933.81999999999,,1567.5,109501.31999999999,62.4497788298403,,526.3246256127862,62.4497788298403,2687.8199999999997,0.0,0.0,2687.8199999999997,64686.409999999996,0.0,0.0,64686.409999999996,,,,,,,,,,,,,,0.0,0.0,172832.99,297.82,0.0,,0.0,,0.0,,,,,,,,172832.99,297.82
184,GUJARAT,RANA AND KUTCH,,0.0,0.0,0.0,0.0,0.0,,,,,,,,,,,,,,,,,,,,,,,,,,,,,,,,,,,,,,,,,,,,,,,,,0.0,,,,0.0,,,,,,,,,,,,,,,,0.0,,,,0.0,,,,,,,,,,,,0.0,,,,0.0,,,,,,,,,,,,,,,,,0.0,0.0,0.0,0.0,,,,,,,,,,,,,,,,,,,,,,,,,,,,,,0.0,0.0,,,,
185,GUJARAT,SABARKANTHA,,855.7116783025004,0.0,0.0,855.7116783025004,407378.4033349,0.0,0.0,407378.4033349,17542.0,424920.4033349,53393.76,0.0,0.0,53393.76,5248.400000000001,,0.0,5248.400000000001,4574.96,0.0,0.0,4574.96,8507.06,0.0,0.0,8507.06,385.78,,0.0,385.78,8279.064,,0.0,8279.064,,,,,,,,,80389.00000000001,0.0,0.0,80389.00000000001,,,,,,,,,,,,0.0,,,,0.0,,,,,,,,,,,,,,,,0.0,80389.00000000001,0.0,0.0,80389.00000000001,8038.88,0.0,0.0,8038.88,72350.12,0.0,0.0,72350.12,1999.6109967454913,,,1999.6109967454913,283.060815,,,283.060815,50497.159999999996,,,50497.159999999996,52779.850000000006,,,52779.850000000006,72.95060464308837,,,72.95060464308837,2345.1499999999996,0.0,0.0,2345.1499999999996,20572.07,0.0,0.0,20572.07,,,,,,,,,,,,,,0.0,0.0,72350.12,0.0,0.0,,0.0,,0.0,,,,,,,,72350.12,0.0
186,GUJARAT,SURAT,,1472.8531299226204,0.0,1180.979073128806,1445.4788290944423,381733.0653565435,0.0,39507.31723355656,421240.38259010005,342.0,421582.38259010005,91722.15,0.0,6269.2300000000005,97991.37999999999,10035.31,,0.0,10035.31,28712.0,0.0,0.0,28712.0,8612.69,0.0,551.2800000000001,9163.970000000001,359.21999999999997,,84.17,443.38999999999993,595.7639999999999,,2.76,598.5239999999999,,,,,,,,,140037.1,0.0,6907.44,146944.53999999998,,,,,,,,,,,,0.0,,,,0.0,,,,,,,,,,,,,,,,0.0,140037.1,0.0,6907.44,146944.53999999998,11027.060000000001,0.0,390.67999999999995,11417.74,129010.04,0.0,6516.759999999999,135526.8,18059.542697408313,,162.15934036320024,18221.702037771513,4539.061722999999,,0.0,4539.061722999999,29698.9,,1901.0,31599.899999999998,52297.469999999994,,2063.17,54360.63999999999,40.537519405466426,,31.659444263713876,40.537519405466426,22068.21,0.0,0.0,22266.66,78019.80999999998,0.0,4952.51,78019.80999999998,,,,,,,,,,,,,,0.0,0.0,129010.04,6516.76,0.0,,0.0,,0.0,,,,,,,,129010.04,6516.76
187,GUJARAT,SURENDRANAGAR,,593.3599292780616,0.0,586.8754430532821,589.98051510345,444181.2525799377,0.0,483425.9549578622,927607.2075378,0.0,927607.2075378,61212.509999999995,0.0,49223.049999999996,110435.56,61.830000000000005,,0.0,61.830000000000005,7886.83,0.0,0.0,7886.83,6233.62,0.0,3817.9699999999993,10051.59,85.07000000000001,,51.050000000000004,136.11999999999998,4407.352,,549.716,4957.067999999999,,,,,,,,,79887.23000000001,0.0,53641.79,133529.02000000002,,,,,,,,,,,,0.0,,,,0.0,,,,,,,,,,,,,,,,0.0,79887.23000000001,0.0,53641.79,133529.02000000002,4684.3,0.0,3354.73,8039.02,75202.93000000001,0.0,50287.060000000005,125489.98999999999,1242.1038745655494,,1506.7178375111687,2748.821712076718,255.27681499999994,,0.0,255.27681499999994,35473.200000000004,,19148.800000000003,54622.00000000001,36970.57000000001,,20655.52,57626.09,49.161076569756,,41.07521895294733,49.161076569755984,1324.4799999999998,0.0,0.0,2931.1400000000003,38149.990000000005,0.0,32263.239999999998,38149.990000000005,,,,,,,,,,,,,,0.0,0.0,75202.93000000001,50287.060000000005,0.0,,0.0,,0.0,,,,,,,,75202.93000000001,50287.060000000005
188,GUJARAT,TAPI,,1457.4133936052633,0.0,0.0,1457.4133936052633,308550.35837279994,0.0,0.0,308550.35837279994,10022.0,318572.35837279994,53519.34,0.0,0.0,53519.34,3073.2699999999995,,0.0,3073.2699999999995,11567.470000000001,0.0,0.0,11567.470000000001,5758.5,0.0,0.0,5758.5,165.51,,0.0,165.51,950.6319999999998,,0.0,950.6319999999998,,,,,,,,,75034.70999999999,0.0,0.0,75034.70999999999,,,,,,,,,,,,0.0,,,,0.0,,,,,,,,,,,,,,,,0.0,75034.70999999999,0.0,0.0,75034.70999999999,5766.53,0.0,0.0,5766.53,69268.18,0.0,0.0,69268.18,494.2589894340276,,,494.2589894340276,29.991355999999996,,,29.991355999999996,20404.399999999998,,,20404.399999999998,20928.66,,,20928.66,30.213959714258408,,,30.213959714258408,864.0799999999999,0.0,0.0,864.0799999999999,47969.7,0.0,0.0,47969.7,,,,,,,,,,,,,,0.0,0.0,69268.18,0.0,0.0,,0.0,,0.0,,,,,,,,69268.18,0.0
189,GUJARAT,VADODARA,,883.7747832734551,0.0,0.0,883.7747832734551,406398.8860795999,0.0,0.0,406398.8860795999,0.0,406398.8860795999,69034.07999999999,0.0,0.0,69034.07999999999,710.28,,0.0,710.28,13758.64,0.0,0.0,13758.64,15272.279999999999,0.0,0.0,15272.279999999999,828.7200000000001,,0.0,828.7200000000001,7573.9039999999995,,0.0,7573.9039999999995,,,,,,,,,107177.9,0.0,0.0,107177.9,,,,,,,,,,,,0.0,,,,0.0,,,,,,,,,,,,,,,,0.0,107177.9,0.0,0.0,107177.9,6554.110000000001,0.0,0.0,6554.110000000001,100623.79000000001,0.0,0.0,100623.79000000001,6443.17381337607,,,6443.17381337607,2095.0099200000004,,,2095.0099200000004,54410.1,,,54410.1,62948.27,,,62948.27,62.55803920722922,,,62.55803920722922,6819.849999999999,0.0,0.0,6819.849999999999,37298.85,0.0,0.0,37298.85,,,,,,,,,,,,,,0.0,0.0,100623.79000000001,0.0,0.0,,0.0,,0.0,,,,,,,,100623.79000000001,0.0
190,GUJARAT,VALSAD,,2319.632360678153,0.0,0.0,2319.632360678153,238387.728139,0.0,0.0,238387.728139,62509.0,300896.728139,52605.31,0.0,0.0,52605.31,594.49,,0.0,594.49,12526.14,0.0,0.0,12526.14,3570.84,0.0,0.0,3570.84,182.74,,11.17,193.91000000000003,3008.7799999999997,,0.0,3008.7799999999997,,,,,,,,,72488.32,0.0,11.17,72499.49,,,,,,,,,,,,0.0,,,,0.0,,,,,,,,,,,,,,,,0.0,72488.32,0.0,11.17,72499.49,7248.84,0.0,1.12,7249.96,65239.48,0.0,10.05,65249.530000000006,4227.709944973685,,,4227.709944973685,307.80614699999995,,,307.80614699999995,13538.9,,,13538.9,18074.39,,,18074.39,27.704681275816423,,,27.704681275816423,4608.56,0.0,0.0,4608.56,46784.22,0.0,10.05,46784.22,,,,,,,,,,,,,,0.0,0.0,65239.48,10.05,0.0,,0.0,,0.0,,,,,,,,65239.48,10.05
191,HARYANA,AMBALA,,1141.2307519429255,0.0,0.0,1141.2307519429255,150904.89216542628,0.0,0.0,150904.89216542628,300.0,151204.89216542628,30884.87,0.0,0.0,30884.87,1396.9099999999999,,0.0,1396.9099999999999,2383.6439473381297,0.0,0.0,2383.65,9938.41,0.0,0.0,9938.41,235.58999999999997,,,235.58999999999997,58.35,,,58.35,,,,,,,,,44897.770000000004,0.0,0.0,44897.770000000004,,,,,,,,,,,,0.0,,,,0.0,0.0,0.0,0.0,0.0,0.0,0.0,0.0,0.0,0.0,0.0,0.0,0.0,0.0,0.0,0.0,0.0,44897.770000000004,0.0,0.0,44897.770000000004,4489.7699999999995,0.0,0.0,4489.7699999999995,40408.0,0.0,0.0,40408.0,6938.348,,,6938.348,7575.0,,,7575.0,31289.3,,,31289.3,45802.65,,,45802.65,113.35045040586023,,,113.35045040586023,6938.349999999999,0.0,0.0,6938.349999999999,3004.62,0.0,0.0,3004.62,,,,,,,4223.475,0.0,0.0,,,,,0.0,0.0,40408.0,0.0,0.0,,0.0,,0.0,,,,,,,,40408.0,0.0
192,HARYANA,BHIWANI,,426.2299999999999,0.0,0.0,346.86997112045,267495.394498802,0.0,61200.0,328695.394498802,1032.0,329727.394498802,18120.12,0.0,0.0,18120.12,3999.86,,0.0,3999.86,7884.548529476371,0.0,0.0,7884.539999999999,11576.010000000002,0.0,0.0,11576.010000000002,366.51,,,366.51,2.4,0.0,,2.4,,,,,,,,,41949.44,0.0,0.0,41949.44,,,,,,,,,,,,0.0,,,,0.0,0.0,0.0,0.0,0.0,0.0,0.0,0.0,0.0,0.0,0.0,0.0,0.0,0.0,0.0,0.0,0.0,41949.44,0.0,0.0,41949.44,3729.0199999999995,0.0,0.0,3729.0199999999995,38220.42,0.0,0.0,38220.42,2612.0,,0.0,2612.0,144.0,,0.0,144.0,36509.3,,13688.240000000002,50197.54,39265.3,,13688.24,52953.54,102.73382657752062,,0.0,102.73382657752062,2612.0,0.0,0.0,2612.0,8730.36,0.0,0.0,8730.36,,,,,,,801.4110000000001,0.0,0.0,,,,,0.0,0.0,38220.42,0.0,0.0,,0.0,,0.0,,,,,,,,38220.42,0.0
193,HARYANA,CHARKHI DADRI,,534.9999999999999,0.0,0.0,523.9809900018128,134335.6886869746,0.0,2825.0,137160.6886869746,189.0,137349.6886869746,11183.119999999999,0.0,0.0,11183.119999999999,179.35,,0.0,179.35,1732.977988727391,0.0,0.0,1732.98,7386.650000000001,0.0,0.0,7386.650000000001,267.93999999999994,,,267.93999999999994,0.0,,,0.0,,,,,,,,,20750.04,0.0,0.0,20750.04,,,,,,,,,,,,0.0,,,,0.0,0.0,0.0,0.0,0.0,0.0,0.0,0.0,0.0,0.0,0.0,0.0,0.0,0.0,0.0,0.0,0.0,20750.04,0.0,0.0,20750.04,2075.0099999999998,0.0,0.0,2075.0099999999998,18675.03,0.0,0.0,18675.03,1246.792,,0.0,1246.792,28.0,,0.0,28.0,23372.412500000002,,1113.13,24485.5425,24647.22,,1113.13,25760.35,131.979547020808,,0.0,131.97954702080798,1246.79,0.0,0.0,1246.79,4747.610000000001,0.0,0.0,4747.610000000001,,,,,,,9790.5,0.0,0.0,,,,,0.0,0.0,18675.03,0.0,0.0,,0.0,,0.0,,,,,,,,18675.03,0.0
194,HARYANA,FARIDABAD,,683.2010658368391,0.0,0.0,601.5438395675418,57725.4180947312,0.0,7836.0,65561.4180947312,8717.0,74278.4180947312,6394.66,0.0,0.0,6394.66,757.6800000000001,,,757.6800000000001,613.3158676675827,0.0,0.0,613.31,4065.2700000000004,0.0,0.0,4065.2700000000004,78.58,,,78.58,295.176,,,295.176,55.41795,0.0,0.0,55.41795,0.0,0.0,0.0,0.0,12260.08,0.0,0.0,12260.08,,,,,,,,,,,,0.0,,,,0.0,0.0,0.0,0.0,0.0,0.0,0.0,0.0,0.0,0.0,0.0,0.0,0.0,0.0,0.0,0.0,0.0,12260.08,0.0,0.0,12260.08,1226.0100000000002,0.0,0.0,1226.0100000000002,11034.07,0.0,0.0,11034.07,4317.6024,,0.0,4317.6024,4992.0,,0.0,4992.0,12842.0,,962.45,13804.45,22151.600000000002,,962.45,23114.05,200.75638454350937,,0.0,200.7563845435093,4350.200000000001,0.0,0.0,4350.200000000001,0.0,0.0,0.0,0.0,,,,,,,0.0,0.0,0.0,,,,,0.0,0.0,11034.07,0.0,0.0,,0.0,,0.0,,,,,,,,11034.07,0.0
195,HARYANA,FATEHABAD,,272.6358072461965,0.0,0.0,271.92105059584696,251850.3820935636,0.0,662.0,252512.3820935636,0.0,252512.3820935636,14113.16,0.0,0.0,14113.16,7480.07,,,7480.07,8987.010255208865,0.0,0.0,8987.01,35109.23,0.0,0.0,35109.23,333.53999999999996,,,333.53999999999996,88.71999999999998,,,88.71999999999998,,,,,,,,,66111.72,0.0,0.0,66111.72,,,,,,,,,,,,0.0,,,,0.0,0.0,0.0,0.0,0.0,0.0,0.0,0.0,0.0,0.0,0.0,0.0,0.0,0.0,0.0,0.0,0.0,66111.72,0.0,0.0,66111.72,6245.37,0.0,0.0,6245.37,59866.35,0.0,0.0,59866.35,1859.58,,0.0,1859.58,98.19999999999999,,0.0,98.19999999999999,106108.305,,0.0,106108.305,108066.06999999999,,0.0,108066.06999999999,180.51220760911596,,0.0,180.51220760911596,1859.58,0.0,0.0,1859.58,122.19,0.0,0.0,122.19,,,,,,,4700.43,0.0,0.0,,,,,0.0,0.0,59866.35,0.0,0.0,,0.0,,0.0,,,,,,,,59866.35,0.0
196,HARYANA,GURGAON,,564.7243768788898,0.0,0.0,559.4903868972614,121112.69042921941,0.0,1133.0,122245.69042921941,3789.0,126034.69042921941,12923.710000000001,0.0,0.0,12923.710000000001,227.87,,0.0,227.87,0.0,0.0,0.0,0.0,6547.41,0.0,0.0,6547.41,197.59,,,197.59,2408.7599999999998,,,2408.7599999999998,15.8619241725,0.0,0.0,15.8619241725,0.0,0.0,0.0,0.0,22321.2,0.0,0.0,22321.2,,,,,,,,,0.0,0.0,0.0,0.0,,,,0.0,0.0,0.0,0.0,0.0,0.0,0.0,0.0,0.0,0.0,0.0,0.0,0.0,0.0,0.0,0.0,0.0,22321.2,0.0,0.0,22321.2,2232.12,0.0,0.0,2232.12,20089.08,0.0,0.0,20089.08,5080.6642,,0.0,5080.6642,17117.170000000002,,0.0,17117.170000000002,20620.750000000004,,0.0,20620.750000000004,42818.56999999999,,0.0,42818.56999999999,213.1435088117524,,0.0,213.1435088117524,5080.66,0.0,0.0,5080.66,0.0,0.0,0.0,0.0,,,,,,,0.0,0.0,0.0,,,,,0.0,0.0,20089.08,0.0,0.0,,0.0,,0.0,,,,,,,,20089.08,0.0
197,HARYANA,HISAR,,470.6620815281346,0.0,0.0,469.86634053943897,406838.29692163103,0.0,689.0,407527.29692163103,0.0,407527.29692163103,33597.44,0.0,0.0,33597.44,4235.74,,0.0,4235.74,15181.712158802378,0.0,0.0,15181.710000000001,16615.7,0.0,0.0,16615.7,1129.2600000000002,,,1129.2600000000002,0.0,,,0.0,,,,,,,,,70759.85,0.0,0.0,70759.85,,,,,,,,,,,,0.0,,,,0.0,0.0,0.0,0.0,0.0,0.0,0.0,0.0,0.0,0.0,0.0,0.0,0.0,0.0,0.0,0.0,0.0,70759.85,0.0,0.0,70759.85,5926.239999999999,0.0,0.0,5926.239999999999,64833.61,0.0,0.0,64833.61,366.197,,0.0,366.197,230.22,,0.0,230.22,52871.81999999999,,1182.09,54053.91,53468.24,,1182.09,54650.329999999994,82.46994113084247,,0.0,82.46994113084247,366.2,0.0,0.0,366.2,18952.4,0.0,0.0,18952.4,,,,,,,0.0,0.0,0.0,,,,,0.0,0.0,64833.61,0.0,0.0,,0.0,,0.0,,,,,,,,64833.61,0.0
198,HARYANA,JHAJJAR,,395.2645110751024,0.0,0.0,313.9396142409634,153659.7872401574,0.0,39805.0,193464.78724015743,0.0,193464.78724015743,12627.23,0.0,0.0,12627.23,4029.18,,0.0,4029.18,11090.938844928885,0.0,0.0,11090.95,4662.31,0.0,0.0,4662.31,815.8399999999999,,,815.8399999999999,489.325,0.0,0.0,489.325,,,,,,,,,33714.85,0.0,0.0,33714.85,,,,,,,,,,,,0.0,,,,0.0,0.0,0.0,0.0,0.0,0.0,0.0,0.0,0.0,0.0,0.0,0.0,0.0,0.0,0.0,0.0,0.0,33714.85,0.0,0.0,33714.85,3371.48,0.0,0.0,3371.48,30343.37,0.0,0.0,30343.37,313.97,,0.0,313.97,86.0,,0.0,86.0,14716.699999999999,,6805.93,21522.629999999997,15116.67,,6805.93,21922.600000000002,49.8186918592101,,0.0,49.818691859210105,318.51,0.0,0.0,318.51,15222.16,0.0,0.0,15222.16,,,,,,,42854.28,0.0,0.0,,,,,0.0,0.0,30343.370000000003,0.0,0.0,,0.0,,0.0,,,,,,,,30343.370000000003,0.0
199,HARYANA,JIND,,577.5763562156473,0.0,0.0,562.7449269668018,268027.4501800258,0.0,7064.0,275091.4501800258,0.0,275091.4501800258,27954.91,0.0,0.0,27954.91,7552.319999999999,,0.0,7552.319999999999,25181.3911607689,0.0,0.0,25181.410000000003,26376.18,0.0,0.0,26376.18,841.0699999999999,,,841.0699999999999,643.7960000000002,,,643.7960000000002,,,,,,,,,88549.68,0.0,0.0,88549.68,,,,,,,,,,,,0.0,,,,0.0,0.0,0.0,0.0,0.0,0.0,0.0,0.0,0.0,0.0,0.0,0.0,0.0,0.0,0.0,0.0,0.0,88549.68,0.0,0.0,88549.68,8854.98,0.0,0.0,8854.98,79694.70000000001,0.0,0.0,79694.70000000001,1965.6399999999999,,0.0,1965.6399999999999,462.70199999999994,,0.0,462.70199999999994,83174.71,,7948.78,91123.48999999999,85603.04999999999,,7948.78,93551.83,107.41373014767603,,0.0,107.41373014767606,2486.54,0.0,0.0,2486.54,7101.89,0.0,0.0,7101.89,,,,,,,1533.84,0.0,0.0,,,,,0.0,0.0,79694.70000000001,0.0,0.0,,0.0,,0.0,,,,,,,,79694.70000000001,0.0
200,HARYANA,KAITHAL,,493.4044820655019,0.0,0.0,483.5500243526243,222872.1533544723,0.0,4542.0,227414.1533544723,0.0,227414.1533544723,18833.62,0.0,0.0,18833.62,218.2,,0.0,218.2,2981.4511119459357,0.0,0.0,2981.45,25262.589999999997,0.0,0.0,25262.589999999997,463.60999999999996,,,463.60999999999996,972.326,,,972.326,,,,,,,,,48731.80999999999,0.0,0.0,48731.80999999999,,,,,,,,,,,,0.0,,,,0.0,0.0,0.0,0.0,0.0,0.0,0.0,0.0,0.0,0.0,0.0,0.0,0.0,0.0,0.0,0.0,0.0,48731.80999999999,0.0,0.0,48731.80999999999,4649.85,0.0,0.0,4649.85,44081.95999999999,0.0,0.0,44081.95999999999,4809.023999999999,,0.0,4809.023999999999,573.77,,0.0,573.77,79598.54874999999,,170.63,79769.17874999999,84981.34000000001,,170.63,85151.97,192.7803119462021,,0.0,192.78031194620206,4809.02,0.0,0.0,4809.02,0.0,0.0,0.0,0.0,,,,,,,0.0,0.0,0.0,,,,,0.0,0.0,44081.95999999999,0.0,5457939.660000001,,290291826.55999994,,295749766.24,,,,,,,,44081.95999999999,0.0
201,HARYANA,KARNAL,,602.9678176695204,0.0,0.0,602.5138559503729,246865.69919867272,0.0,186.0,247051.69919867272,0.0,247051.69919867272,27905.690000000002,0.0,0.0,27905.690000000002,17902.71,,0.0,17902.71,1521.7515491738409,0.0,0.0,1521.76,33446.1,0.0,0.0,33446.1,484.36000000000007,,,484.36000000000007,0.0,0.0,0.0,0.0,,,,,,,,,81260.62000000001,0.0,0.0,81260.62000000001,,,,,,,,,,,,0.0,,,,0.0,0.0,0.0,0.0,0.0,0.0,0.0,0.0,0.0,0.0,0.0,0.0,0.0,0.0,0.0,0.0,0.0,81260.62000000001,0.0,0.0,81260.62000000001,7632.120000000001,0.0,0.0,7632.120000000001,73628.5,0.0,0.0,73628.5,8180.991,,0.0,8180.991,7504.0,,0.0,7504.0,111256.67,,0.0,111256.67,126941.65999999999,,0.0,126941.65999999999,172.40832014776885,,0.0,172.40832014776885,8181.0,0.0,0.0,8181.0,384.43,0.0,0.0,384.43,,,,,,,0.0,0.0,0.0,,,,,4648856.1,3878.1,4722484.600000001,3878.1,9568698.0,,366002698.5,,375571396.5,,,,,,,,4722484.600000001,3878.1
202,HARYANA,KURUKSHETRA,,624.2399999999999,0.0,0.0,624.2399999999999,168420.28138039692,0.0,0.0,168420.28138039692,0.0,168420.28138039692,18516.37,0.0,0.0,18516.37,67.02000000000001,,0.0,67.02000000000001,432.6632957849313,0.0,0.0,432.65999999999997,21365.270000000004,0.0,0.0,21365.270000000004,382.13,,,382.13,431.03999999999996,,,431.03999999999996,,,,,,,,,41194.490000000005,0.0,0.0,41194.490000000005,,,,,,,,,,,,0.0,,,,0.0,0.0,0.0,0.0,0.0,0.0,0.0,0.0,0.0,0.0,0.0,0.0,0.0,0.0,0.0,0.0,0.0,41194.490000000005,0.0,0.0,41194.490000000005,3768.34,0.0,0.0,3768.34,37426.15,0.0,0.0,37426.15,5035.0,,,5035.0,12575.880000000001,,,12575.880000000001,67780.88,,,67780.88,85391.76000000001,,,85391.76000000001,228.1606844412263,,,228.1606844412263,5035.0,0.0,0.0,5035.0,0.0,0.0,0.0,0.0,,,,,,,0.0,0.0,0.0,,,,,0.0,0.0,37426.149999999994,0.0,0.0,,0.0,,0.0,,,,,,,,37426.149999999994,0.0
203,HARYANA,MAHENDRAGARH,,338.64685533912075,0.0,0.0,332.91527126166005,188541.7636574411,0.0,3246.0,191787.7636574411,2295.0,194082.7636574411,9412.6,0.0,0.0,9412.6,541.54,,0.0,541.54,3830.1136859999997,0.0,0.0,3830.09,6632.570000000001,0.0,0.0,6632.570000000001,224.02000000000004,,,224.02000000000004,200.4,0.0,,200.4,,,,,,,,,20841.22,0.0,0.0,20841.22,,,,,,,,,,,,0.0,,,,0.0,0.0,0.0,0.0,0.0,0.0,0.0,0.0,0.0,0.0,0.0,0.0,0.0,0.0,0.0,0.0,0.0,20841.22,0.0,0.0,20841.22,2084.14,0.0,0.0,2084.14,18757.079999999998,0.0,0.0,18757.079999999998,2692.0,,0.0,2692.0,31.08,,0.0,31.08,24762.24,,566.8,25329.040000000005,27485.32,,566.8,28052.120000000003,146.53304245650176,,0.0,146.5330424565018,2726.74,0.0,0.0,2726.74,73.62,0.0,0.0,73.62,,,,,,,0.0,0.0,0.0,,,,,0.0,0.0,18757.079999999998,0.0,0.0,,0.0,,0.0,,,,,,,,18757.079999999998,0.0
204,HARYANA,MEWAT,,537.9379164138426,0.0,0.0,434.97601244936635,110702.22083456958,0.0,26204.0,136906.22083456957,13326.0,150232.22083456957,9544.98,0.0,0.0,9544.98,1690.1699999999998,,0.0,1690.1699999999998,858.8006710348031,0.0,0.0,858.7900000000001,3880.9700000000003,0.0,0.0,3880.9700000000003,1500.19,,,1500.19,1467.468,0.0,,1467.468,,,,,,,,,18942.559999999998,0.0,0.0,18942.559999999998,,,,,,,,,,,,0.0,,,,0.0,0.0,0.0,0.0,0.0,0.0,0.0,0.0,0.0,0.0,0.0,0.0,0.0,0.0,0.0,0.0,0.0,18942.559999999998,0.0,0.0,18942.559999999998,1542.79,0.0,0.0,1542.79,17399.77,0.0,0.0,17399.77,1696.35,,0.0,1696.35,19.91,,0.0,19.91,12220.03,,3604.14,15824.17,13936.29,,3604.14,17540.430000000004,80.09467941242902,,0.0,80.09467941242903,1696.35,0.0,0.0,1696.35,4345.4,0.0,0.0,4345.4,,,,,,,9531.85,0.0,0.0,,,,,0.0,0.0,17399.77,0.0,0.0,,0.0,,0.0,,,,,,,,17399.77,0.0
205,HARYANA,PALWAL,,501.034402428006,0.0,0.0,442.7293665246411,120020.1707942799,0.0,15806.0,135826.1707942799,129.0,135955.1707942799,10541.27,0.0,0.0,10541.27,13146.349999999999,,0.0,13146.349999999999,5021.4382080863215,0.0,0.0,5021.4400000000005,9680.85,0.0,0.0,9680.85,484.81,,,484.81,121.716,,,121.716,,,,,,,,,38996.43,0.0,0.0,38996.43,,,,,,,,,,,,0.0,,,,0.0,0.0,0.0,0.0,0.0,0.0,0.0,0.0,0.0,0.0,0.0,0.0,0.0,0.0,0.0,0.0,0.0,38996.43,0.0,0.0,38996.43,3153.64,0.0,0.0,3153.64,35842.79,0.0,0.0,35842.79,2201.678,,0.0,2201.678,680.5999999999999,,0.0,680.5999999999999,30876.550000000003,,0.0,30876.550000000003,33758.829999999994,,0.0,33758.829999999994,94.18583207389824,,0.0,94.18583207389824,2201.6800000000003,0.0,0.0,2201.6800000000003,6874.339999999999,0.0,0.0,6874.339999999999,,,,,,,5885.050000000001,0.0,0.0,,,,,0.0,0.0,35842.79,0.0,0.0,,2200560000000.0,,2200560000000.0,,,,,,,,35842.79,0.0
206,HARYANA,PANCHKULA,,1379.0,0.0,0.0,1379.0,50671.513058537996,0.0,0.0,50671.513058537996,37615.240000000005,88286.75305853799,12938.86,0.0,0.0,12938.86,0.0,,0.0,0.0,0.0,0.0,0.0,0.0,2368.2300000000005,0.0,0.0,2368.2300000000005,73.79,,,73.79,0.0,,,0.0,,,,,,,,,15380.88,0.0,0.0,15380.88,,,,,,,,,,,,0.0,,,,0.0,0.0,0.0,0.0,0.0,0.0,0.0,0.0,0.0,0.0,0.0,0.0,0.0,0.0,0.0,0.0,0.0,15380.88,0.0,0.0,15380.88,769.06,0.0,0.0,769.06,14611.82,0.0,0.0,14611.82,1143.1799999999998,,,1143.1799999999998,90.0,,,90.0,7459.010000000001,,,7459.010000000001,8692.19,,,8692.19,59.48738760811453,,,59.48738760811453,1143.1799999999998,0.0,0.0,1143.1799999999998,5919.63,0.0,0.0,5919.63,,,,,,,,,,,,,,0.0,0.0,14611.82,0.0,0.0,,0.0,,0.0,,,,,,,,14611.82,0.0
207,HARYANA,PANIPAT,,443.35232285578894,0.0,0.0,441.1878552907512,129637.18214,0.0,636.0,130273.18214,0.0,130273.18214,10758.029999999999,0.0,0.0,10758.029999999999,2620.12,,0.0,2620.12,3126.490723521719,0.0,0.0,3126.47,15813.010000000002,0.0,0.0,15813.010000000002,290.99,,,290.99,73.76,,,73.76,,,,,,,,,32682.379999999997,0.0,0.0,32682.379999999997,,,,,,,,,,,,0.0,,,,0.0,0.0,0.0,0.0,0.0,0.0,0.0,0.0,0.0,0.0,0.0,0.0,0.0,0.0,0.0,0.0,0.0,32682.379999999997,0.0,0.0,32682.379999999997,2843.74,0.0,0.0,2843.74,29838.64,0.0,0.0,29838.64,2249.8,,0.0,2249.8,2440.0,,0.0,2440.0,52897.240000000005,,1605.12,54502.36,57587.03999999999,,1605.12,59192.15999999999,192.9948549933911,,0.0,192.99485499339107,2249.7999999999997,0.0,0.0,2249.7999999999997,0.0,0.0,0.0,0.0,,,,,,,0.0,0.0,0.0,,,,,976507.93,10684.8,1006346.5700000001,10684.8,0.0,,0.0,,0.0,,,,,,,,1006346.5700000001,10684.8
208,HARYANA,REWARI,,550.0000000000001,0.0,0.0,541.9099833499162,144017.8079473088,0.0,2150.0,146167.8079473088,4720.0,150887.8079473088,13832.28,0.0,0.0,13832.28,413.06000000000006,,0.0,413.06000000000006,5326.391035291237,0.0,0.0,5326.379999999999,9276.980000000001,0.0,0.0,9276.980000000001,283.53,,,283.53,180.6,0.0,,180.6,,,,,,,,,29312.83,0.0,0.0,29312.83,,,,,,,,,,,,0.0,,,,0.0,0.0,0.0,0.0,0.0,0.0,0.0,0.0,0.0,0.0,0.0,0.0,0.0,0.0,0.0,0.0,0.0,29312.83,0.0,0.0,29312.83,2591.4700000000003,0.0,0.0,2591.4700000000003,26721.36,0.0,0.0,26721.36,1969.5276000000003,,0.0,1969.5276000000003,1452.0,,0.0,1452.0,31922.61,,108.48,32031.090000000004,35344.13999999999,,108.48,35452.619999999995,132.26924078714552,,0.0,132.26924078714552,1969.5300000000002,0.0,0.0,1969.5300000000002,265.07,0.0,0.0,265.07,,,,,,,0.0,0.0,0.0,,,,,0.0,0.0,26721.36,0.0,0.0,,0.0,,0.0,,,,,,,,26721.36,0.0
209,HARYANA,ROHTAK,,374.4709434766943,0.0,0.0,337.4113412887968,150389.1085271402,0.0,16518.0,166907.10852714023,0.0,166907.10852714023,11248.560000000001,0.0,0.0,11248.560000000001,2967.35,,0.0,2967.35,8031.906683791436,0.0,0.0,8031.9,4521.52,0.0,0.0,4521.52,487.12,,,487.12,2184.0,,,2184.0,,,,,,,,,29440.449999999997,0.0,0.0,29440.449999999997,,,,,,,,,,,,0.0,,,,0.0,0.0,0.0,0.0,0.0,0.0,0.0,0.0,0.0,0.0,0.0,0.0,0.0,0.0,0.0,0.0,0.0,29440.449999999997,0.0,0.0,29440.449999999997,2944.06,0.0,0.0,2944.06,26496.390000000003,0.0,0.0,26496.390000000003,435.65,,0.0,435.65,166.06,,0.0,166.06,14166.66,,4810.739999999999,18977.399999999998,14768.37,,4810.739999999999,19579.11,55.73729100454816,,0.0,55.737291004548176,446.17999999999995,0.0,0.0,446.17999999999995,11717.490000000002,0.0,0.0,11717.490000000002,,,,,,,47308.380000000005,0.0,0.0,,,,,0.0,0.0,26496.390000000003,0.0,0.0,,0.0,,0.0,,,,,,,,26496.390000000003,0.0
210,HARYANA,SIRSA,,343.99,0.0,0.0,283.6553849385974,352099.7477581738,0.0,74893.0,426992.7477581738,0.0,426992.7477581738,21517.949999999997,0.0,0.0,21517.949999999997,2423.19,,0.0,2423.19,11619.733143107784,0.0,0.0,11619.74,26893.07,0.0,0.0,26893.07,527.64,,,527.64,4.76,,,4.76,,,,,,,,,62986.36,0.0,0.0,62986.36,,,,,,,,,,,,0.0,,,,0.0,0.0,0.0,0.0,0.0,0.0,0.0,0.0,0.0,0.0,0.0,0.0,0.0,0.0,0.0,0.0,0.0,62986.36,0.0,0.0,62986.36,5849.34,0.0,0.0,5849.34,57137.020000000004,0.0,0.0,57137.020000000004,2456.13,,0.0,2456.13,170.14,,0.0,170.14,84771.76,,41622.36,126394.12,87398.03,,41622.36,129020.39,152.96217758644045,,0.0,152.96217758644045,2456.13,0.0,0.0,2456.13,2388.91,0.0,0.0,2388.91,,,,,,,3119.757,0.0,0.0,,,,,0.0,0.0,57137.020000000004,0.0,0.0,,0.0,,0.0,,,,,,,,57137.020000000004,0.0
211,HARYANA,SONIPAT,,679.8124642022393,0.0,0.0,629.1359096963834,199641.3264966241,0.0,16081.0,215722.3264966241,0.0,215722.3264966241,26388.269999999997,0.0,0.0,26388.269999999997,7558.030000000001,,0.0,7558.030000000001,14970.78242099309,0.0,0.0,14970.779999999999,19632.620000000006,0.0,0.0,19632.620000000006,643.58,,,643.58,39.120000000000005,,,39.120000000000005,,,,,,,,,69232.4,0.0,0.0,69232.4,,,,,,,,,,,,0.0,,,,0.0,0.0,0.0,0.0,0.0,0.0,0.0,0.0,0.0,0.0,0.0,0.0,0.0,0.0,0.0,0.0,0.0,69232.4,0.0,0.0,69232.4,5920.019999999999,0.0,0.0,5920.019999999999,63312.38,0.0,0.0,63312.38,2516.632,,0.0,2516.632,939.29,,0.0,939.29,62012.69,,3659.8399999999997,65672.53,65468.59,,3659.84,69128.43,103.40566884391332,,0.0,103.40566884391332,2516.6299999999997,0.0,0.0,2516.6299999999997,11568.55,0.0,0.0,11568.55,,,,,,,15136.800000000003,0.0,0.0,,,,,0.0,0.0,63312.38,0.0,0.0,,0.0,,0.0,,,,,,,,63312.38,0.0
212,HARYANA,YAMUNA NAGAR,,900.9999999999999,0.0,0.0,900.9999999999999,143277.2635817391,0.0,0.0,143277.2635817391,28500.0,171777.2635817391,26041.129999999997,0.0,0.0,26041.129999999997,7225.61,,0.0,7225.61,2150.0613894966727,0.0,0.0,2150.0699999999997,21692.42,0.0,0.0,21692.42,196.17999999999998,,,196.17999999999998,0.006,0.0,,0.006,,,,,,,,,57305.41,0.0,0.0,57305.41,,,,,,,,,,,,0.0,,,,0.0,0.0,0.0,0.0,0.0,0.0,0.0,0.0,0.0,0.0,0.0,0.0,0.0,0.0,0.0,0.0,0.0,57305.41,0.0,0.0,57305.41,5101.7300000000005,0.0,0.0,5101.7300000000005,52203.68,0.0,0.0,52203.68,4929.5160000000005,,,4929.5160000000005,2340.0,,,2340.0,68446.95999999999,,,68446.95999999999,75716.48,,,75716.48,145.04050289175015,,,145.04050289175015,4929.51,0.0,0.0,4929.51,2761.9500000000003,0.0,0.0,2761.9500000000003,,,,,,,312.375,0.0,0.0,,,,,0.0,0.0,52203.68,0.0,0.0,,0.0,,0.0,,,,,,,,52203.68,0.0
213,HIMACHAL PRADESH,BLS,,0.0,1438.81,0.0,1438.81,0.0,10700.0,0.0,10700.0,28800.0,39500.0,0.0,2333.47,0.0,2333.47,,,,,0.0,0.0,0.0,0.0,0.0,83.02,0.0,83.02,,,,,,,,,,,,,,,,,0.0,2416.49,0.0,2416.49,,,,,,,,,,,,0.0,,,,0.0,0.0,0.0,0.0,0.0,0.0,0.0,0.0,0.0,0.0,0.0,0.0,0.0,0.0,0.0,0.0,0.0,0.0,2416.49,0.0,2416.49,0.0,241.65,0.0,241.65,0.0,2174.84,0.0,2174.84,,632.73,,632.73,,0.0,,0.0,,262.91999999999996,,262.91999999999996,,895.6500000000001,,895.6500000000001,,41.18233985028784,,41.18233985028784,0.0,632.73,0.0,632.73,0.0,1279.19,0.0,1279.19,,,,,,,0.0,0.0,0.0,,,,,0.0,0.0,2174.84,0.0,0.0,,0.0,,0.0,,,,,,,,2174.84,0.0
214,HIMACHAL PRADESH,CHM,,0.0,0.0,0.0,0.0,0.0,0.0,0.0,0.0,215690.2,215690.2,,,,,,,,,,,,,,,,,,,,,,,,,,,,,,,,,,,,,,,,,,,,,,,,0.0,,,,0.0,,,,,,,,,,,,,,,,0.0,,,,0.0,,,,0.0,0.0,0.0,0.0,0.0,,,,0.0,,,,0.0,,,,0.0,,,,,,,,,0.0,0.0,0.0,0.0,0.0,0.0,0.0,0.0,,,,,,,,,,,,,,0.0,0.0,0.0,0.0,0.0,,0.0,,0.0,,,,,,,,0.0,0.0
215,HIMACHAL PRADESH,HMP,,0.0,0.0,0.0,0.0,0.0,0.0,0.0,0.0,516544.5,516544.5,,,,,,,,,,,,,,,,,,,,,,,,,,,,,,,,,,,,,,,,,,,,,,,,0.0,,,,0.0,,,,,,,,,,,,,,,,0.0,,,,0.0,,,,0.0,0.0,0.0,0.0,0.0,,,,0.0,,,,0.0,,,,0.0,,,,,,,,,0.0,0.0,0.0,0.0,0.0,0.0,0.0,0.0,,,,,,,,,,,,,,0.0,0.0,0.0,0.0,0.0,,0.0,,0.0,,,,,,,,0.0,0.0
216,HIMACHAL PRADESH,KIN,,0.0,0.0,0.0,0.0,0.0,0.0,0.0,0.0,172992.7,172992.7,,,,,,,,,,,,,,,,,,,,,,,,,,,,,,,,,,,,,,,,,,,,,,,,0.0,,,,0.0,,,,,,,,,,,,,,,,0.0,,,,0.0,,,,0.0,0.0,0.0,0.0,0.0,,,,0.0,,,,0.0,,,,0.0,,,,,,,,,0.0,0.0,0.0,0.0,0.0,0.0,0.0,0.0,,,,,,,,,,,,,,0.0,0.0,0.0,0.0,0.0,,0.0,,0.0,,,,,,,,0.0,0.0
217,HIMACHAL PRADESH,KNG,,0.0,999.63,0.0,999.63,0.0,2900.0,0.0,2900.0,3678.64077669903,6578.640776699029,0.0,510.21,0.0,510.21,0.0,,0.0,0.0,0.0,80.07825,0.0,80.08,0.0,74.77000000000001,0.0,74.77000000000001,0.0,20.95,0.0,20.95,0.0,0.0,0.0,0.0,,,,,,,,,0.0,686.01,0.0,686.01,,,,,,,,,,,,0.0,,,,0.0,0.0,0.0,0.0,0.0,0.0,0.0,0.0,0.0,0.0,0.0,0.0,0.0,0.0,0.0,0.0,0.0,0.0,686.01,0.0,686.01,0.0,68.6,0.0,68.6,0.0,617.41,0.0,617.41,,103.94,,103.94,,6.139999999999999,,6.139999999999999,,299.06,,299.06,,409.14,,409.14,,66.26714824832769,,66.26714824832769,0.0,103.94,0.0,103.94,0.0,208.27,0.0,208.27,,,,,,,0.0,0.0,0.0,,,,,0.0,0.0,617.41,0.0,0.0,,0.0,,0.0,,,,,,,,617.41,0.0
218,HIMACHAL PRADESH,LAS,,0.0,1411.37,0.0,1411.37,0.0,8200.0,0.0,8200.0,0.0,8200.0,0.0,1450.27,0.0,1450.27,0.0,,0.0,0.0,0.0,0.0,0.0,0.0,0.0,25.44,0.0,25.44,0.0,0.0,0.0,0.0,0.0,0.0,0.0,0.0,,,,,,,,,0.0,1475.71,0.0,1475.71,,,,,,,,,,,,0.0,,,,0.0,0.0,0.0,0.0,0.0,0.0,0.0,0.0,0.0,0.0,0.0,0.0,0.0,0.0,0.0,0.0,0.0,0.0,1475.71,0.0,1475.71,0.0,73.78999999999999,0.0,73.78999999999999,0.0,1401.9199999999998,0.0,1401.9199999999998,,202.85046666666665,,202.85046666666665,,118.92429999999999,,118.92429999999999,,101.7698,,101.7698,,423.54,,423.54,,30.211424332344215,,30.211424332344215,0.0,202.85,0.0,202.85,0.0,978.38,0.0,978.38,,,,,,,0.0,0.0,0.0,,,,,0.0,0.0,1401.92,0.0,0.0,,0.0,,0.0,,,,,,,,1401.92,0.0
219,HIMACHAL PRADESH,MND,,0.0,0.0,0.0,0.0,0.0,0.0,0.0,0.0,635213.2,635213.2,,,,,,,,,,,,,,,,,,,,,,,,,,,,,,,,,,,,,,,,,,,,,,,,0.0,,,,0.0,,,,,,,,,,,,,,,,0.0,,,,0.0,,,,0.0,0.0,0.0,0.0,0.0,,,,0.0,,,,0.0,,,,0.0,,,,,,,,,0.0,0.0,0.0,0.0,0.0,0.0,0.0,0.0,,,,,,,,,,,,,,0.0,0.0,0.0,0.0,0.0,,0.0,,0.0,,,,,,,,0.0,0.0
220,HIMACHAL PRADESH,SHM,,0.0,0.0,0.0,0.0,0.0,0.0,0.0,0.0,472527.5,472527.5,,,,,,,,,,,,,,,,,,,,,,,,,,,,,,,,,,,,,,,,,,,,,,,,0.0,,,,0.0,,,,,,,,,,,,,,,,0.0,,,,0.0,,,,0.0,0.0,0.0,0.0,0.0,,,,0.0,,,,0.0,,,,0.0,,,,,,,,,0.0,0.0,0.0,0.0,0.0,0.0,0.0,0.0,,,,,,,,,,,,,,0.0,0.0,0.0,0.0,0.0,,0.0,,0.0,,,,,,,,0.0,0.0
221,HIMACHAL PRADESH,SLN,,0.0,0.0,0.0,0.0,0.0,0.0,0.0,0.0,385834.2,385834.2,,,,,,,,,,,,,,,,,,,,,,,,,,,,,,,,,,,,,,,,,,,,,,,,0.0,,,,0.0,,,,,,,,,,,,,,,,0.0,,,,0.0,,,,0.0,0.0,0.0,0.0,0.0,,,,0.0,,,,0.0,,,,0.0,,,,,,,,,0.0,0.0,0.0,0.0,0.0,0.0,0.0,0.0,,,,,,,,,,,,,,0.0,0.0,0.0,0.0,0.0,,0.0,,0.0,,,,,,,,0.0,0.0
222,HIMACHAL PRADESH,SRM,,0.0,0.0,0.0,0.0,0.0,0.0,0.0,0.0,1277461.3,1277461.3,,,,,,,,,,,,,,,,,,,,,,,,,,,,,,,,,,,,,,,,,,,,,,,,0.0,,,,0.0,,,,,,,,,,,,,,,,0.0,,,,0.0,,,,0.0,0.0,0.0,0.0,0.0,,,,0.0,,,,0.0,,,,0.0,,,,,,,,,0.0,0.0,0.0,0.0,0.0,0.0,0.0,0.0,,,,,,,,,,,,,,0.0,0.0,0.0,0.0,0.0,,0.0,,0.0,,,,,,,,0.0,0.0
223,HIMACHAL PRADESH,UNA,,0.0,0.0,0.0,0.0,0.0,0.0,0.0,0.0,344705.6,344705.6,,,,,,,,,,,,,,,,,,,,,,,,,,,,,,,,,,,,,,,,,,,,,,,,0.0,,,,0.0,,,,,,,,,,,,,,,,0.0,,,,0.0,,,,0.0,0.0,0.0,0.0,0.0,,,,0.0,,,,0.0,,,,0.0,,,,,,,,,0.0,0.0,0.0,0.0,0.0,0.0,0.0,0.0,,,,,,,,,,,,,,0.0,0.0,0.0,0.0,0.0,,0.0,,0.0,,,,,,,,0.0,0.0
224,JAMMU AND KASHMIR,Anantnag,,1235.1,1235.1,0.0,1235.1,27940.0,37771.0,0.0,65711.0,291689.0,357400.0,7591.92,10263.22,0.0,17855.14,,,,,3450.02,6324.5,0.0,9774.52,0.0,0.0,0.0,0.0,0.0,,,0.0,,,,,,,,,,,,,11041.939999999999,16587.72,0.0,27629.66,,,,,,,,,,,,0.0,,,,0.0,0.0,0.0,0.0,0.0,0.0,0.0,0.0,0.0,0.0,0.0,0.0,0.0,0.0,0.0,0.0,0.0,11041.939999999999,16587.72,0.0,27629.66,1104.19,1658.77,0.0,2762.96,9937.75,14928.95,0.0,24866.699999999997,1734.48,3363.84,,5098.320000000001,0.0,34.82949936,,34.82949936,210.40000000000003,210.40000000000003,,420.80000000000007,1944.8799999999999,3609.0699999999997,,5553.95,19.570627154033858,24.1749754671293,,22.334889631515242,1734.48,3363.84,0.0,5098.32,7992.87,11319.88,0.0,19312.75,,,,[],[],[],0.0,0.0,0.0,0.0,0.0,0.0,,0.0,0.0,24866.7,0.0,369295.82,,563176125.5,,563545421.32,,0.0,,0.0,,0.0,,24866.7,0.0
225,JAMMU AND KASHMIR,Baramulla,,0.0,1535.1,0.0,1535.1,0.0,112500.0,0.0,112500.0,311800.0,424300.0,0.0,39825.22,0.0,39825.22,,,,,0.0,26379.010000000002,0.0,26379.010000000002,0.0,0.0,0.0,0.0,,,,,,,,,,,,,,,,,0.0,66204.23000000001,0.0,66204.23000000001,,,,,,,,,,,,0.0,,,,0.0,0.0,0.0,0.0,0.0,0.0,0.0,0.0,0.0,0.0,0.0,0.0,0.0,0.0,0.0,0.0,0.0,0.0,66204.23000000001,0.0,66204.23000000001,0.0,6620.42,0.0,6620.42,0.0,59583.81,0.0,59583.81,,7295.328000000001,,7295.328000000001,,20.896120000000003,,20.896120000000003,,714.816,,714.816,,8031.049999999999,,8031.049999999999,,13.478577486065427,,13.478577486065427,0.0,7295.33,0.0,7295.33,0.0,51552.76,0.0,51552.76,,,,[],[],[],0.0,0.0,0.0,0.0,0.0,0.0,,0.0,0.0,59583.81,0.0,646738.36,,1007618364.88,,1008265103.24,,0.0,,0.0,,0.0,,59583.81,0.0
226,JAMMU AND KASHMIR,Budgam,,0.0,721.8000000000001,0.0,721.8000000000001,0.0,58000.0,0.0,58000.0,78100.0,136100.0,0.0,9210.17,0.0,9210.17,,,,,0.0,22229.61,0.0,22229.61,0.0,0.0,0.0,0.0,,,,,,,,,,,,,,,,,0.0,31439.78,0.0,31439.78,,,,,,,,,,,,0.0,,,,0.0,0.0,0.0,0.0,0.0,0.0,0.0,0.0,0.0,0.0,0.0,0.0,0.0,0.0,0.0,0.0,0.0,0.0,31439.78,0.0,31439.78,0.0,3143.9800000000005,0.0,3143.9800000000005,0.0,28295.800000000003,0.0,28295.800000000003,,5686.992,,5686.992,,29.296800000000005,,29.296800000000005,,188.9642,,188.9642,,5905.25,,5905.25,,20.869705044564917,,20.869705044564917,0.0,5686.99,0.0,5686.99,0.0,22390.55,0.0,22390.55,,,,[],[],[],0.0,0.0,0.0,0.0,0.0,0.0,,0.0,0.0,28295.8,0.0,955400.0,,722760100.0,,723715500.0,,0.0,,0.0,,0.0,,28295.8,0.0
227,JAMMU AND KASHMIR,Ganderbal,,0.0,721.8000000000001,0.0,721.8000000000001,0.0,2400.0,0.0,2400.0,23500.0,25900.0,0.0,304.88,0.0,304.88,,,,,0.0,816.72,0.0,816.72,0.0,0.0,0.0,0.0,,,,,,,,,,,,,,,,,0.0,1121.6,0.0,1121.6,,,,,,,,,,,,0.0,,,,0.0,0.0,0.0,0.0,0.0,0.0,0.0,0.0,0.0,0.0,0.0,0.0,0.0,0.0,0.0,0.0,0.0,0.0,1121.6,0.0,1121.6,0.0,112.15,0.0,112.15,0.0,1009.45,0.0,1009.45,,126.144,,126.144,,10.426,,10.426,,420.48,,420.48,,557.06,,557.06,,55.18450641438406,,55.18450641438406,0.0,553.82,0.0,553.82,0.0,24.71,0.0,24.71,,,,[],[],[],0.0,0.0,0.0,0.0,0.0,0.0,,0.0,0.0,1009.45,0.0,33158.0,,49935948.0,,49969106.0,,0.0,,0.0,,0.0,,1009.45,0.0
228,JAMMU AND KASHMIR,Kathua,,1338.6999999999998,1338.6999999999998,0.0,1338.6999999999998,20808.0,56692.0,0.0,77500.0,172700.0,250200.0,6128.25,18381.1,0.0,24509.350000000002,41.480000000000004,,,41.480000000000004,11449.43,11979.599999999999,0.0,23429.03,0.0,0.0,0.0,0.0,,,,,,,,,,,,,,,,,17619.16,30360.699999999997,0.0,47979.86,,,,,,,,,,,,0.0,,,,0.0,0.0,0.0,0.0,0.0,0.0,0.0,0.0,0.0,0.0,0.0,0.0,0.0,0.0,0.0,0.0,0.0,17619.16,30360.699999999997,0.0,47979.86,1761.92,1518.04,0.0,3279.96,15857.24,28842.66,0.0,44699.899999999994,6349.248000000001,919.036785,,7268.284785000002,1292.976,0.0,,1292.976,2701.5840000000003,1874.88,,4576.464,10343.8,2793.92,,13137.72,65.23077155923728,9.686762594018722,,29.390938234761155,6349.25,1001.02,0.0,7350.27,5513.44,25966.76,0.0,31480.199999999997,,,,[],[],[],4457.652442635047,0.0,0.0,0.0,0.0,0.0,,0.0,0.0,44699.9,0.0,45895.5,,17140504.5,,17186400.0,,0.0,,0.0,,0.0,,44699.9,0.0
229,JAMMU AND KASHMIR,Kulgam,,0.0,1235.1,0.0,1235.1,0.0,14400.0,0.0,14400.0,26600.0,41000.0,0.0,3912.8,0.0,3912.8,,,,,0.0,9908.779999999999,0.0,9908.779999999999,0.0,0.0,0.0,0.0,,,,,,,,,,,,,,,,,0.0,13821.580000000002,0.0,13821.580000000002,,,,,,,,,,,,0.0,,,,0.0,0.0,0.0,0.0,0.0,0.0,0.0,0.0,0.0,0.0,0.0,0.0,0.0,0.0,0.0,0.0,0.0,0.0,13821.580000000002,0.0,13821.580000000002,0.0,1382.16,0.0,1382.16,0.0,12439.42,0.0,12439.42,,2365.2000000000003,,2365.2000000000003,,29.160000000000004,,29.160000000000004,,147.28,,147.28,,2541.64,,2541.64,,20.432142334610454,,20.432142334610454,0.0,2365.2,0.0,2365.2,0.0,9897.78,0.0,9897.78,,,,[],[],[],0.0,0.0,0.0,0.0,0.0,0.0,,57600.0,0.0,70039.42,0.0,0.0,,0.0,,0.0,,0.0,,0.0,,0.0,,70039.42,0.0
230,JAMMU AND KASHMIR,Kupwarar,,0.0,1069.1,0.0,1069.1,0.0,60000.0,0.0,60000.0,177900.0,237900.0,0.0,14112.119999999999,0.0,14112.119999999999,,,,,0.0,22870.61,0.0,22870.61,0.0,0.0,0.0,0.0,,,,,,,,,,,,,,,,,0.0,36982.73,0.0,36982.73,,,,,,,,,,,,0.0,,,,0.0,0.0,0.0,0.0,0.0,0.0,0.0,0.0,0.0,0.0,0.0,0.0,0.0,0.0,0.0,0.0,0.0,0.0,36982.73,0.0,36982.73,0.0,3698.2699999999995,0.0,3698.2699999999995,0.0,33284.46,0.0,33284.46,,5939.280000000001,,5939.280000000001,,35.0,,35.0,,31.536000000000005,,31.536000000000005,,6005.81,,6005.81,,18.0438859455734,,18.0438859455734,0.0,5939.28,0.0,5939.28,0.0,27278.65,0.0,27278.65,,,,[],[],[],0.0,0.0,0.0,0.0,0.0,0.0,,115200.0,0.0,148484.46,0.0,0.0,,0.0,,0.0,,0.0,,0.0,,0.0,,148484.46,0.0
231,JAMMU AND KASHMIR,Ramban,,0.0,1350.1999999999998,0.0,1350.1999999999998,0.0,1831.0,0.0,1831.0,131069.0,132900.0,0.0,543.89,0.0,543.89,,,,,0.0,1015.18,0.0,1015.18,0.0,0.0,0.0,0.0,,,,,,,,,,,,,,,,,0.0,1559.0700000000002,0.0,1559.0700000000002,,,,,,,,,,,,0.0,,,,0.0,0.0,0.0,0.0,0.0,0.0,0.0,0.0,0.0,0.0,0.0,0.0,0.0,0.0,0.0,0.0,0.0,0.0,1559.0700000000002,0.0,1559.0700000000002,0.0,155.9,0.0,155.9,0.0,1403.17,0.0,1403.17,,376.87804625,,376.87804625,,17.5,,17.5,,59.5,,59.5,,453.88,,453.88,,32.34675769863951,,32.34675769863951,0.0,409.66,0.0,409.66,0.0,916.51,0.0,916.51,,,,[],[],[],0.0,0.0,0.0,0.0,0.0,0.0,,2929.6,0.0,4332.77,0.0,0.0,,0.0,,0.0,,0.0,,0.0,,0.0,,4332.77,0.0
232,JAMMU AND KASHMIR,Reasi,,2198.3,2198.3,0.0,2198.3,1294.0,5706.0,0.0,7000.0,164900.0,171900.0,536.9,2759.57,0.0,3296.4700000000003,11.27,,,11.27,307.23,3395.07,0.0,3702.3,0.0,0.0,0.0,0.0,,,,,,,,,,,,,,,,,855.4,6154.639999999999,0.0,7010.04,,,,,,,,,,,,0.0,,,,0.0,0.0,0.0,0.0,0.0,0.0,0.0,0.0,0.0,0.0,0.0,0.0,0.0,0.0,0.0,0.0,0.0,855.4,6154.639999999999,0.0,7010.04,85.54,615.47,0.0,701.01,769.8599999999999,5539.17,0.0,6309.03,460.92893499999997,671.9684675,,1132.8974024999998,0.0,73.584,,73.584,0.0,178.704,,178.704,460.92999999999995,924.26,,1385.19,59.871924765541785,16.68589337391703,,21.95567305909149,518.5,671.97,0.0,1190.47,251.36,4614.91,0.0,4866.2699999999995,,,,[],[],[],0.0,0.0,0.0,0.0,0.0,0.0,,5902.4,0.0,12211.43,0.0,0.0,,0.0,,0.0,,0.0,,0.0,,0.0,,12211.43,0.0
233,JAMMU AND KASHMIR,Udhampur,,2198.3,2198.3,0.0,2198.3,4827.0,17020.0,0.0,21847.0,241853.0,263700.0,2122.27,7061.93,0.0,9184.2,16.8,,0.0,16.8,480.0,8027.5,0.0,8507.5,0.0,0.0,0.0,0.0,0.0,34.13,0.0,34.13,0.0,0.0,0.0,0.0,,,,,,,,,2619.0699999999997,15123.56,0.0,17742.629999999997,,,,,,,,,,,,0.0,,,,0.0,0.0,0.0,0.0,0.0,0.0,0.0,0.0,0.0,0.0,0.0,0.0,0.0,0.0,0.0,0.0,0.0,2619.0699999999997,15123.56,0.0,17742.629999999997,130.95,1512.35,0.0,1643.3,2488.12,13611.21,0.0,16099.330000000002,878.4962350000001,1965.7440000000001,,2844.240235,0.0,120.313,,120.313,0.0,872.4960000000001,,872.4960000000001,878.5,2958.55,,3837.05,35.307782582833624,21.73612779466337,,23.833600528717653,958.0,1965.74,0.0,2923.74,1530.12,10652.66,0.0,12182.779999999999,,,,[],[],[],0.0,0.0,0.0,0.0,0.0,0.0,,18379.45,0.0,34478.78,0.0,0.0,,0.0,,0.0,,0.0,,0.0,,0.0,,34478.78,0.0
234,JHARKHAND,BOKARO,,0.0,1625.4845883008868,0.0,1621.91084235434,577.0,261866.0,0.0,262443.0,23495.0,285938.0,0.0,28984.310000000005,0.0,28984.310000000005,0.0,,0.0,0.0,0.0,826.49,0.0,826.49,0.0,693.98,0.0,693.98,0.0,330.62,0.0,330.62,0.0,672.102,0.0,672.102,,,,,,,,,0.0,31507.499999999996,0.0,31507.499999999996,,,,,,,,,,,,0.0,,,,0.0,,,,,,,,,,,,,,,,0.0,0.0,31507.499999999996,0.0,31507.499999999996,0.0,2552.12,0.0,2552.12,0.0,28955.38,0.0,28955.38,0.0,4383.138379499999,,4383.138379499999,0.0,2057.9241,,2057.9241,0.0,2393.0,,2393.0,0.0,8834.059999999998,,8834.059999999998,0.0,30.50921797607214,,30.50921797607214,0.0,4406.129999999999,0.0,4406.129999999999,0.0,20653.26,0.0,20653.26,,,,,,,,,,,,,,119590.69,0.0,148546.07000000004,0.0,0.0,,0.0,,0.0,,,,,,,,148546.07000000004,0.0
235,JHARKHAND,CHATRA,,0.0,1206.3000000000002,0.0,1203.418230104236,779.0,325308.0,0.0,326087.0,67102.0,393189.0,0.0,24539.69,0.0,24539.69,0.0,,0.0,0.0,0.2,1931.97,0.0,1932.1699999999998,0.0,1833.4599999999998,0.0,1833.4599999999998,0.0,63.9,0.0,63.9,0.0,224.0,0.0,224.0,,,,,,,,,0.2,28593.04,0.0,28593.240000000005,,,,,,,,,,,,0.0,,,,0.0,,,,,,,,,,,,,,,,0.0,0.2,28593.04,0.0,28593.240000000005,0.02,2492.3099999999995,0.0,2492.33,0.18,26100.730000000003,0.0,26100.910000000003,0.0,1930.3402409999999,,1930.3402409999999,0.0,869.9447711250002,,869.9447711250002,0.0,6112.0,,6112.0,0.0,8912.29,,8912.29,0.0,34.145749946457435,,34.145514466736984,0.0,1940.46,0.0,1940.46,0.18,17178.31,0.0,17178.49,,,,,,,,,,,,,,146803.25999999998,0.0,172904.16999999995,0.0,0.0,,0.0,,0.0,,,,,,,,172904.16999999995,0.0
236,JHARKHAND,DEOGHAR,,0.0,1220.6999999999998,0.0,1220.162297454614,84.0,190614.0,0.0,190698.0,64407.0,255105.0,0.0,13358.86,0.0,13358.86,0.0,,0.0,0.0,0.0,854.64,0.0,854.64,0.0,1480.39,0.0,1480.39,0.0,369.71000000000004,0.0,369.71000000000004,0.0,2.55,0.0,2.55,,,,,,,,,0.0,16066.16,0.0,16066.16,,,,,,,,,,,,0.0,,,,0.0,,,,,,,,,,,,,,,,0.0,0.0,16066.16,0.0,16066.16,0.0,1083.07,0.0,1083.07,0.0,14983.09,0.0,14983.09,0.0,2872.6055347499996,,2872.6055347499996,0.0,0.0,,0.0,0.0,4861.25,,4861.25,0.0,7733.8499999999985,,7733.8499999999985,0.0,51.61718977861041,,51.61718977861041,0.0,2887.67,0.0,2887.67,0.0,7234.170000000001,0.0,7234.170000000001,,,,,,,,,,,,,,86449.51999999997,0.0,101432.60999999999,0.0,0.0,,0.0,,0.0,,,,,,,,101432.60999999999,0.0
237,JHARKHAND,DHANBAD,,0.0,1380.6487302272437,0.0,1375.4243179392229,748.0,196925.0,0.0,197673.0,50178.0,247851.0,0.0,20150.38,0.0,20150.38,,,,,0.8999999999999999,456.18,0.0,457.08,0.0,787.3299999999999,0.0,787.3299999999999,0.0,519.62,0.0,519.62,0.0,4485.608,0.0,4485.608,,,,,,,,,0.8999999999999999,26399.11,0.0,26400.010000000002,,,,,,,,,,,,0.0,,,,0.0,,,,,,,,,,,,,,,,0.0,0.8999999999999999,26399.11,0.0,26400.010000000002,0.09,1934.12,0.0,1934.2199999999998,0.81,24464.989999999998,0.0,24465.800000000003,0.0,5889.85175475,,5889.85175475,0.0,9882.077099999999,,9882.077099999999,0.0,2598.0,,2598.0,0.0,18369.940000000002,,18369.940000000002,0.0,75.08664422098683,,75.0841582944355,0.0,5920.740000000001,0.0,5920.740000000001,0.81,6258.58,0.0,6259.39,,,,,,,,,,,,,,92156.06999999999,0.0,116621.87000000001,0.0,0.0,,0.0,,0.0,,,,,,,,116621.87000000001,0.0
238,JHARKHAND,DUMKA,,0.0,1422.5,0.0,1371.5489112084929,10078.0,271289.0,0.0,281367.0,90276.0,371643.0,0.0,21454.57,0.0,21454.57,0.0,,0.0,0.0,97.01,2585.7400000000002,0.0,2682.7499999999995,0.0,1125.1599999999999,0.0,1125.1599999999999,0.0,663.6500000000001,0.0,663.6500000000001,0.0,0.014,0.0,0.014,,,,,,,,,97.01,25829.14,0.0,25926.15,,,,,,,,,,,,0.0,,,,0.0,,,,,,,,,,,,,,,,0.0,97.01,25829.14,0.0,25926.15,9.7,2285.6800000000003,0.0,2295.38,87.30999999999999,23543.46,0.0,23630.769999999997,0.0,2452.7909114999998,,2452.7909114999998,0.0,23.615625,,23.615625,0.0,3749.75,,3749.75,0.0,6226.16,,6226.16,0.0,26.44539077943514,,26.347681433994747,0.0,2465.65,0.0,2465.65,87.31,17304.44,0.0,17391.75,,,,,,,,,,,,,,132064.93,0.0,155695.69999999998,0.0,0.0,,0.0,,0.0,,,,,,,,155695.69999999998,0.0
239,JHARKHAND,EAST SINGHBHUM,,0.0,1403.4000000000003,0.0,1400.637852848486,494.0,250499.0,0.0,250993.0,112342.0,363335.0,0.0,26520.309999999998,0.0,26520.309999999998,0.0,,0.0,0.0,0.0,460.39,0.0,460.39,0.0,545.35,0.0,545.35,0.0,242.66000000000005,0.0,242.66000000000005,0.0,1571.308,0.0,1571.308,,,,,,,,,0.0,29340.010000000002,0.0,29340.010000000002,,,,,,,,,,,,0.0,,,,0.0,,,,,,,,,,,,,,,,0.0,0.0,29340.010000000002,0.0,29340.010000000002,0.0,2624.34,0.0,2624.34,0.0,26715.670000000002,0.0,26715.670000000002,0.0,4994.21917125,,4994.21917125,0.0,758.044075,,758.044075,0.0,1860.0,,1860.0,0.0,7612.3,,7612.3,0.0,28.493764146659995,,28.493764146659995,0.0,5020.410000000001,0.0,5020.410000000001,0.0,19912.21,0.0,19912.21,,,,,,,,,,,,,,133247.11,0.0,159962.78000000003,0.0,0.0,,0.0,,0.0,,,,,,,,159962.78000000003,0.0
240,JHARKHAND,GARHWA,,0.0,1210.3000000000002,0.0,1182.9519168984,6590.0,285053.0,0.0,291643.0,112832.0,404475.0,0.0,26297.749999999996,0.0,26297.749999999996,0.0,,0.0,0.0,5.21,1537.5100000000002,0.0,1542.7200000000003,0.0,2228.42,0.0,2228.42,0.0,970.25,0.0,970.25,0.0,1.2,0.0,1.2,,,,,,,,,5.21,31035.120000000003,0.0,31040.33,,,,,,,,,,,,0.0,,,,0.0,,,,,,,,,,,,,,,,0.0,5.21,31035.120000000003,0.0,31040.33,0.52,2485.2200000000003,0.0,2485.7400000000002,4.6899999999999995,28549.9,0.0,28554.590000000004,0.0,2327.6084309999997,,2327.6084309999997,0.0,60.52900000000001,,60.52900000000001,0.0,7531.875,,7531.875,0.0,9920.019999999999,,9920.019999999999,0.0,34.746251300354814,,34.740544339806654,0.0,2339.790000000001,0.0,2339.790000000001,4.69,18617.699999999997,0.0,18622.389999999996,,,,,,,,,,,,,,129509.90999999999,0.0,158064.5,0.0,0.0,,0.0,,0.0,,,,,,,,158064.5,0.0
241,JHARKHAND,GIRIDIH,,0.0,1215.6000000000004,0.0,1215.1027983612037,180.0,439899.0,0.0,440079.0,68411.0,508490.0,0.0,36107.380000000005,0.0,36107.380000000005,0.0,,0.0,0.0,12.809999999999999,2607.94,0.0,2620.7500000000005,0.0,2255.72,0.0,2255.72,0.0,583.1599999999999,0.0,583.1599999999999,0.0,96.474,0.0,96.474,,,,,,,,,12.809999999999999,41650.700000000004,0.0,41663.51,,,,,,,,,,,,0.0,,,,0.0,,,,,,,,,,,,,,,,0.0,12.809999999999999,41650.700000000004,0.0,41663.51,1.2999999999999998,3178.66,0.0,3179.96,11.510000000000002,38472.04,0.0,38483.55,0.0,4566.256434,,4566.256434,0.0,955.95735,,955.95735,0.0,9022.875,,9022.875,0.0,14545.08,,14545.08,0.0,37.80688520806279,,37.7955775909447,0.0,4590.2,0.0,4590.2,11.510000000000002,23903.01,0.0,23914.519999999997,,,,,,,,,,,,,,180785.12,0.0,219268.67,0.0,0.0,,0.0,,0.0,,,,,,,,219268.67,0.0
242,JHARKHAND,GODDA,,0.0,1084.1000000000001,0.0,1051.8640485090323,4948.0,161454.0,0.0,166402.0,44707.0,211109.0,0.0,17961.230000000003,0.0,17961.230000000003,0.0,,0.0,0.0,73.70999999999998,1624.6799999999998,0.0,1698.3899999999999,0.0,559.58,0.0,559.58,0.0,435.58000000000004,0.0,435.58000000000004,0.0,96.03,0.0,96.03,,,,,,,,,73.70999999999998,20677.11,0.0,20750.82,,,,,,,,,,,,0.0,,,,0.0,,,,,,,,,,,,,,,,0.0,73.70999999999998,20677.11,0.0,20750.82,7.370000000000001,1810.5900000000001,0.0,1817.95,66.33999999999999,18866.52,0.0,18932.860000000004,0.0,2421.7097197499997,,2421.7097197499997,0.0,258.59942500000005,,258.59942500000005,0.0,1869.0,,1869.0,0.0,4549.3,,4549.3,0.0,24.113084978045766,,24.02859367258829,0.0,2434.4300000000003,0.0,2434.4300000000003,66.33999999999999,14304.509999999998,0.0,14370.849999999999,,,,,,,,,,,,,,74839.35,0.0,93772.21,0.0,0.0,,0.0,,0.0,,,,,,,,93772.21,0.0
243,JHARKHAND,GUMLA,,0.0,1460.9,0.0,1447.314238237353,3786.0,403329.0,0.0,407115.0,127611.0,534726.0,0.0,32865.479999999996,0.0,32865.479999999996,0.0,,0.0,0.0,12.879999999999997,520.93,0.0,533.81,0.0,1101.53,0.0,1101.53,0.0,70.63,0.0,70.63,0.0,0.0,0.0,0.0,,,,,,,,,12.879999999999997,34558.6,0.0,34571.479999999996,,,,,,,,,,,,0.0,,,,0.0,,,,,,,,,,,,,,,,0.0,12.879999999999997,34558.6,0.0,34571.479999999996,1.2800000000000002,2877.4599999999996,0.0,2878.74,11.6,31681.140000000007,0.0,31692.74,0.0,1800.63677925,,1800.63677925,0.0,12.53865,,12.53865,0.0,3789.5,,3789.5,0.0,5602.65,,5602.65,0.0,17.684496201841217,,17.678023421136828,0.0,1810.09,0.0,1810.09,11.6,26069.03,0.0,26080.629999999997,,,,,,,,,,,,,,210338.26,0.0,242031.0,0.0,0.0,,0.0,,0.0,,,,,,,,242031.0,0.0
244,JHARKHAND,HAZARIBAGH,,0.0,1251.2,0.0,1242.8944292268518,2341.0,350321.0,0.0,352662.0,78384.0,431046.0,0.0,28028.899999999994,0.0,28028.899999999994,0.0,,0.0,0.0,0.0,1195.04,0.0,1195.04,0.0,2377.67,0.0,2377.67,0.0,838.4500000000002,0.0,838.4500000000002,0.0,192.05200000000002,0.0,192.05200000000002,,,,,,,,,0.0,32632.11999999999,0.0,32632.11999999999,,,,,,,,,,,,0.0,,,,0.0,,,,,,,,,,,,,,,,0.0,0.0,32632.11999999999,0.0,32632.11999999999,0.0,3029.74,0.0,3029.74,0.0,29602.379999999997,0.0,29602.379999999997,0.0,3322.84369275,,3322.84369275,0.0,470.25293875,,470.25293875,0.0,7851.375,,7851.375,0.0,11644.479999999998,,11644.479999999998,0.0,39.336296608583496,,39.336296608583496,0.0,3340.24,0.0,3340.24,0.0,17940.51,0.0,17940.51,,,,,,,,,,,,,,155041.46000000002,0.0,184643.84,0.0,0.0,,0.0,,0.0,,,,,,,,184643.84,0.0
245,JHARKHAND,JAMTARA,,0.0,1447.4,0.0,1447.4,0.0,98346.0,0.0,98346.0,82083.0,180429.0,0.0,6735.25,0.0,6735.25,0.0,,0.0,0.0,15.600000000000001,1364.0099999999998,0.0,1379.6099999999997,0.0,661.27,0.0,661.27,0.0,275.0,0.0,275.0,0.0,0.168,0.0,0.168,,,,,,,,,15.600000000000001,9035.69,0.0,9051.29,,,,,,,,,,,,0.0,,,,0.0,,,,,,,,,,,,,,,,0.0,15.600000000000001,9035.69,0.0,9051.29,1.56,721.65,0.0,723.21,14.04,8314.04,0.0,8328.08,,1482.6238132499998,,1482.6238132499998,,10.15625,,10.15625,,2280.25,,2280.25,,3773.01,,3773.01,,45.38118652303814,,45.30468007031633,0.0,1490.39,0.0,1490.39,14.04,4533.26,0.0,4547.3,,,,,,,,,,,,,,45202.84,0.0,53530.92,0.0,0.0,,0.0,,0.0,,,,,,,,53530.92,0.0
246,JHARKHAND,KHUNTI,,0.0,1323.2,0.0,1301.7125092063113,2712.0,164293.0,0.0,167005.0,93012.0,260017.0,0.0,10846.060000000001,0.0,10846.060000000001,0.0,,0.0,0.0,0.0,178.74999999999997,0.0,178.74999999999997,0.0,698.2900000000001,0.0,698.2900000000001,0.0,520.42,0.0,520.42,0.0,0.026,0.0,0.026,,,,,,,,,0.0,12243.550000000001,0.0,12243.550000000001,,,,,,,,,,,,0.0,,,,0.0,,,,,,,,,,,,,,,,0.0,0.0,12243.550000000001,0.0,12243.550000000001,0.0,975.87,0.0,975.87,0.0,11267.68,0.0,11267.68,0.0,992.9797807499999,,992.9797807499999,0.0,12.593750000000002,,12.593750000000002,0.0,2385.0,,2385.0,0.0,3390.57,,3390.57,0.0,30.091110148673017,,30.091110148673017,0.0,998.18,0.0,998.18,0.0,7871.9000000000015,0.0,7871.9000000000015,,,,,,,,,,,,,,84689.90999999999,0.0,95957.59,0.0,0.0,,0.0,,0.0,,,,,,,,95957.59,0.0
247,JHARKHAND,KODERMA,,0.0,1115.9,0.0,1115.9,0.0,90902.0,0.0,90902.0,58768.0,149670.0,0.0,5355.16,0.0,5355.16,0.0,,0.0,0.0,1.12,163.94,0.0,165.06,0.0,772.9099999999999,0.0,772.9099999999999,0.0,59.98,0.0,59.98,0.0,0.0,0.0,0.0,,,,,,,,,1.12,6352.000000000001,0.0,6353.120000000001,,,,,,,,,,,,0.0,,,,0.0,,,,,,,,,,,,,,,,0.0,1.12,6352.000000000001,0.0,6353.120000000001,0.11,438.66999999999996,0.0,438.78,1.01,5913.33,0.0,5914.34,,1390.31712,,1390.31712,,50.30745,,50.30745,,2468.875,,2468.875,,3909.5,,3909.5,,66.11334053739601,,66.10205027103616,0.0,1397.61,0.0,1397.61,1.01,1996.5300000000002,0.0,1997.5400000000002,,,,,,,,,,,,,,43550.11,0.0,49464.450000000004,0.0,0.0,,0.0,,0.0,,,,,,,,49464.450000000004,0.0
248,JHARKHAND,LATEHAR,,0.0,1269.2729091727565,0.0,1264.9091898554793,820.0,237693.0,0.0,238513.0,122748.0,361261.0,0.0,20180.02,0.0,20180.02,0.0,,0.0,0.0,0.0,1689.4699999999998,0.0,1689.4699999999998,0.0,1497.97,0.0,1497.97,0.0,1193.95,0.0,1193.95,0.0,32.0,0.0,32.0,,,,,,,,,0.0,24593.41,0.0,24593.41,,,,,,,,,,,,0.0,,,,0.0,,,,,,,,,,,,,,,,0.0,0.0,24593.41,0.0,24593.41,0.0,1758.1,0.0,1758.1,0.0,22835.309999999998,0.0,22835.309999999998,0.0,1350.855729,,1350.855729,0.0,105.73747499999999,,105.73747499999999,0.0,5109.0,,5109.0,0.0,6565.59,,6565.59,0.0,28.751919724321677,,28.751919724321677,0.0,1357.9599999999998,0.0,1357.9599999999998,0.0,16262.61,0.0,16262.61,,,,,,,,,,,,,,100013.6,0.0,122848.91000000002,0.0,0.0,,0.0,,0.0,,,,,,,,122848.91000000002,0.0
249,JHARKHAND,LOHARDAGA,,0.0,1194.3000000000002,0.0,1180.8461842383765,1437.0,126126.0,0.0,127563.0,21683.0,149246.0,0.0,17658.59,0.0,17658.59,0.0,,0.0,0.0,0.0,176.92,0.0,176.92,0.0,539.02,0.0,539.02,0.0,379.59000000000003,0.0,379.59000000000003,0.0,0.02,0.0,0.02,,,,,,,,,0.0,18754.149999999998,0.0,18754.149999999998,,,,,,,,,,,,0.0,,,,0.0,,,,,,,,,,,,,,,,0.0,0.0,18754.149999999998,0.0,18754.149999999998,0.0,1536.5000000000002,0.0,1536.5000000000002,0.0,17217.65,0.0,17217.65,0.0,874.20502125,,874.20502125,0.0,8.170013749999999,,8.170013749999999,0.0,1833.5,,1833.5,0.0,2715.87,,2715.87,0.0,15.77375541958397,,15.77375541958397,0.0,878.78,0.0,878.78,0.0,14497.199999999999,0.0,14497.199999999999,,,,,,,,,,,,,,84169.06,0.0,101386.71,0.0,0.0,,0.0,,0.0,,,,,,,,101386.71,0.0
250,JHARKHAND,PAKUR,,0.0,1528.0,0.0,1514.664579403408,1115.0,126644.0,0.0,127759.0,52800.0,180559.0,0.0,20575.81,0.0,20575.81,0.0,,0.0,0.0,0.0,1400.6499999999999,0.0,1400.6499999999999,0.0,571.6999999999999,0.0,571.6999999999999,0.0,361.82000000000005,0.0,361.82000000000005,0.0,0.014,0.0,0.014,,,,,,,,,0.0,22910.010000000002,0.0,22910.010000000002,,,,,,,,,,,,0.0,,,,0.0,,,,,,,,,,,,,,,,0.0,0.0,22910.010000000002,0.0,22910.010000000002,0.0,1859.12,0.0,1859.12,0.0,21050.89,0.0,21050.89,0.0,1525.2440602499998,,1525.2440602499998,0.0,28.456749999999996,,28.456749999999996,0.0,1911.5,,1911.5,0.0,3465.2199999999993,,3465.2199999999993,0.0,16.461156749192074,,16.461156749192074,0.0,1533.24,0.0,1533.24,0.0,17577.670000000002,0.0,17577.670000000002,,,,,,,,,,,,,,60593.71,0.0,81644.6,0.0,0.0,,0.0,,0.0,,,,,,,,81644.6,0.0
251,JHARKHAND,PALAMAU,,0.0,1169.4,0.0,1146.769101524713,6722.0,340622.0,0.0,347344.0,104315.0,451659.0,0.0,27740.199999999997,0.0,27740.199999999997,0.0,,0.0,0.0,18.6,6201.820000000001,0.0,6220.42,0.0,1773.6399999999999,0.0,1773.6399999999999,0.0,652.98,0.0,652.98,0.0,228.088,0.0,228.088,,,,,,,,,18.6,36596.68,0.0,36615.28,,,,,,,,,,,,0.0,,,,0.0,,,,,,,,,,,,,,,,0.0,18.6,36596.68,0.0,36615.28,1.8599999999999999,2929.59,0.0,2931.45,16.740000000000002,33667.09,0.0,33683.83,0.0,3662.342037000001,,3662.342037000001,0.0,217.35559999999998,,217.35559999999998,0.0,7094.5,,7094.5,0.0,10974.22,,10974.22,0.0,32.59628319525091,,32.5800836781328,0.0,3681.5499999999993,0.0,3681.5499999999993,16.740000000000002,22673.659999999996,0.0,22690.399999999998,,,,,,,,,,,,,,150946.44,0.0,184630.27,0.0,0.0,,0.0,,0.0,,,,,,,,184630.27,0.0
252,JHARKHAND,RAMGARH,,0.0,1251.2,0.0,1249.8281071656465,122.0,111145.0,0.0,111267.0,28298.0,139565.0,0.0,9287.63,0.0,9287.63,0.0,,0.0,0.0,0.0,165.39,0.0,165.39,0.0,425.64,0.0,425.64,0.0,187.42,0.0,187.42,0.0,1398.584,0.0,1398.584,,,,,,,,,0.0,11464.68,0.0,11464.68,,,,,,,,,,,,0.0,,,,0.0,,,,,,,,,,,,,,,,0.0,0.0,11464.68,0.0,11464.68,0.0,610.6800000000001,0.0,610.6800000000001,0.0,10854.000000000002,0.0,10854.000000000002,0.0,1995.567858,,1995.567858,0.0,2958.2302250000002,,2958.2302250000002,0.0,1428.25,,1428.25,0.0,6382.07,,6382.07,0.0,58.799244518149976,,58.799244518149976,0.0,2006.0399999999997,0.0,2006.0399999999997,0.0,4475.02,0.0,4475.02,,,,,,,,,,,,,,52276.65999999999,0.0,63130.66,0.0,0.0,,0.0,,0.0,,,,,,,,63130.66,0.0
253,JHARKHAND,RANCHI,,0.0,1323.1999999999998,0.0,1309.7066886093803,3817.0,370491.0,0.0,374308.0,123913.0,498221.0,0.0,32934.31,0.0,32934.31,0.0,,0.0,0.0,40.53,647.4199999999998,0.0,687.9499999999998,0.0,2899.5600000000004,0.0,2899.5600000000004,0.0,988.38,0.0,988.38,0.0,1334.84,0.0,1334.84,,,,,,,,,40.53,38804.490000000005,0.0,38845.02,,,,,,,,,,,,0.0,,,,0.0,,,,,,,,,,,,,,,,0.0,40.53,38804.490000000005,0.0,38845.02,4.05,2848.8099999999995,0.0,2852.8599999999997,36.480000000000004,35955.68,0.0,35992.16,0.0,6106.29876225,,6106.29876225,0.0,1694.9850666666664,,1694.9850666666664,0.0,9584.625,,9584.625,0.0,17385.9,,17385.9,0.0,48.35369543838415,,48.30468635391708,0.0,6138.3,0.0,6138.3,36.48,18537.76,0.0,18574.239999999998,,,,,,,,,,,,,,173467.92,0.0,209460.08000000002,0.0,0.0,,0.0,,0.0,,,,,,,,209460.08000000002,0.0
254,JHARKHAND,SAHEBGANJ,,0.0,1410.6000000000004,0.0,1401.8584202291781,709.0,113700.0,0.0,114409.0,55796.0,170205.0,0.0,24116.41,0.0,24116.41,0.0,,0.0,0.0,2.65,3145.7300000000005,0.0,3148.3800000000006,0.0,640.05,0.0,640.05,0.0,522.8000000000001,0.0,522.8000000000001,0.0,0.088,0.0,0.088,,,,,,,,,2.65,28425.05,0.0,28427.700000000004,,,,,,,,,,,,0.0,,,,0.0,,,,,,,,,,,,,,,,0.0,2.65,28425.05,0.0,28427.700000000004,0.26,2586.2400000000002,0.0,2586.5,2.39,25838.809999999998,0.0,25841.199999999997,0.0,2189.0642129999997,,2189.0642129999997,0.0,50.291875,,50.291875,0.0,2207.0,,2207.0,0.0,4446.34,,4446.34,0.0,17.207990615666898,,17.20639908363389,0.0,2200.55,0.0,2200.55,2.39,21380.98,0.0,21383.37,,,,,,,,,,,,,,154286.93,0.0,180128.13,0.0,0.0,,0.0,,0.0,,,,,,,,180128.13,0.0
255,JHARKHAND,SARAIKELA KHARSAWAN,,0.0,1307.6,0.0,1287.1994773201318,3164.0,199637.0,0.0,202801.0,65416.0,268217.0,0.0,16208.65,0.0,16208.65,0.0,,0.0,0.0,1.34,743.8199999999999,0.0,745.1600000000001,0.0,318.85,0.0,318.85,0.0,0.9800000000000001,0.0,0.9800000000000001,0.0,251.76399999999998,0.0,251.76399999999998,,,,,,,,,1.34,17524.05,0.0,17525.390000000003,,,,,,,,,,,,0.0,,,,0.0,,,,,,,,,,,,,,,,0.0,1.34,17524.05,0.0,17525.390000000003,0.14,1752.42,0.0,1752.55,1.2000000000000002,15771.630000000001,0.0,15772.83,0.0,2099.4316740000004,,2099.4316740000004,0.0,527.18308125,,527.18308125,0.0,1099.5,,1099.5,0.0,3726.1000000000004,,3726.1000000000004,0.0,23.625332321389735,,23.62353490147298,0.0,2110.44,0.0,2110.44,1.2000000000000002,12034.529999999999,0.0,12035.73,,,,,,,,,,,,,,161958.6,0.0,177731.43,0.0,0.0,,0.0,,0.0,,,,,,,,177731.43,0.0
256,JHARKHAND,SIMDEGA,,0.0,1506.5,0.0,1501.2989532776808,1067.0,307993.0,0.0,309060.0,66169.0,375229.0,0.0,22663.640000000003,0.0,22663.640000000003,0.0,,0.0,0.0,0.0,137.85000000000002,0.0,137.85000000000002,0.0,477.49,0.0,477.49,0.0,580.8,0.0,580.8,0.0,0.0,0.0,0.0,,,,,,,,,0.0,23859.780000000006,0.0,23859.780000000006,,,,,,,,,,,,0.0,,,,0.0,,,,,,,,,,,,,,,,0.0,0.0,23859.780000000006,0.0,23859.780000000006,0.0,1856.46,0.0,1856.46,0.0,22003.32,0.0,22003.32,0.0,1114.2399712499998,,1114.2399712499998,0.0,0.0,,0.0,0.0,2034.0,,2034.0,0.0,3148.2399999999993,,3148.2399999999993,0.0,14.308022607497412,,14.308022607497412,0.0,1120.1,0.0,1120.1,0.0,18849.21,0.0,18849.21,,,,,,,,,,,,,,144599.99,0.0,166603.31000000003,0.0,0.0,,0.0,,0.0,,,,,,,,166603.31000000003,0.0
257,JHARKHAND,WEST SINGHBHUM,,0.0,1351.6,0.0,1342.7629494384887,3846.0,584388.0,0.0,588234.0,133986.0,722220.0,0.0,48737.51999999999,0.0,48737.51999999999,0.0,,0.0,0.0,181.55,864.8500000000001,0.0,1046.4,0.0,473.5300000000001,0.0,473.5300000000001,0.0,837.6500000000001,0.0,837.6500000000001,0.0,0.392,0.0,0.392,,,,,,,,,181.55,50913.93,0.0,51095.479999999996,,,,,,,,,,,,0.0,,,,0.0,,,,,,,,,,,,,,,,0.0,181.55,50913.93,0.0,51095.479999999996,18.160000000000004,4724.71,0.0,4742.870000000001,163.39,46189.22,0.0,46352.61,0.0,2864.6328397499997,,2864.6328397499997,0.0,29.838275000000003,,29.838275000000003,0.0,1707.5,,1707.5,0.0,4601.969999999999,,4601.969999999999,0.0,9.963298795693019,,9.928178801582046,0.0,2879.6600000000003,0.0,2879.6600000000003,163.39000000000001,41572.21,0.0,41735.6,,,,,,,,,,,,,,261762.75000000003,0.0,308115.36000000004,0.0,0.0,,0.0,,0.0,,,,,,,,308115.36000000004,0.0
258,KARNATAKA,Bagalkot,,707.2436271406119,643.5897132949133,0.0,670.788141888666,268498.0,359882.0,0.0,628380.0,27812.0,656192.0,9792.7,13514.11,0.0,23306.81,1918.15,,,1918.15,19061.519999999997,11048.48,0.0,30110.0,4410.87,8507.18,0.0,12918.05,144.91,125.64,0.0,270.55,486.24600000000004,472.029,0.0,958.275,,,,,,,,,35814.41,33667.43,0.0,69481.84,,,,,,,,,,,,0.0,,,,0.0,,,,,,,,,,,,,,,,0.0,35814.41,33667.43,0.0,69481.84,3511.74,3366.7699999999995,0.0,6878.51,32302.67,30300.66,0.0,62603.33,2160.474201,2181.031731,,4341.505932,12.774999999999999,15.5125,,28.2875,14423.8,33704.29,,48128.09,16597.04,35900.840000000004,,52497.89,51.37977758494886,118.48203966514261,,83.85798327341372,2289.87,2311.64,0.0,4601.509999999999,15890.14,3697.1800000000003,0.0,19587.32,,,,,,,,,,,,,,0.0,0.0,62603.33,0.0,0.0,,0.0,,0.0,,,,,,,,62603.33,0.0
259,KARNATAKA,Ballari,,582.9988519111166,706.5069504358859,0.0,623.1391235757175,253726.0,122165.0,0.0,375891.0,46726.0,422617.0,8706.9,8002.12,0.0,16709.02,1525.22,,0.0,1525.22,33318.36,933.59,0.0,34251.950000000004,0.0,1337.51,0.0,1337.51,57.65,255.60999999999996,0.0,313.26,52.339999999999996,70.638,0.0,122.97799999999998,,,,,,,,,43660.47,10599.46,0.0,54259.93000000001,,,,,,,,,,,,0.0,,,,0.0,,,,,,,,,,,,,,,,0.0,43660.47,10599.46,0.0,54259.93000000001,4366.049999999999,1059.94,0.0,5425.99,39294.42,9539.52,0.0,48833.94,1278.9129149999999,622.321569,,1901.234484,12.950999817000001,357.47909948999995,,370.43009930700003,8470.4,5342.599999999999,,13813.0,9762.26,6322.4,,16084.660000000002,24.84388368628421,66.27587132266612,,32.93746111823047,1380.2800000000002,728.6800000000001,0.0,2108.96,29492.399999999998,3263.34,0.0,32755.739999999998,,,,,,,,,,,,,,0.0,0.0,48833.94,0.0,0.0,,0.0,,0.0,,,,,,,,48833.94,0.0
260,KARNATAKA,Belagavi,,538.6774560067727,1038.4263349079208,0.0,849.462923294879,489899.0,805730.0,0.0,1295629.0,44262.0,1339891.0,15833.890000000001,48619.12,0.0,64453.01,3305.0699999999993,,0.0,3305.0699999999993,20838.749999999996,23756.83,0.0,44595.58,6929.660000000002,10641.100000000002,0.0,17570.76,537.6600000000001,819.26,0.0,1356.92,295.26399999999995,306.51,0.0,601.776,,,,,,,,,47740.31,84142.81000000001,0.0,131883.12,,,,,,,,,,,,0.0,,,,0.0,,,,,,,,,,,,,,,,0.0,47740.31,84142.81000000001,0.0,131883.12,4714.37,6907.019999999999,0.0,11621.39,43025.939999999995,77235.79,0.0,120261.73000000001,4177.9338465,7222.496922,,11400.4307685,109.0165333333333,423.8268635640554,,532.8433968973886,27875.810000000005,36533.34,,64409.149999999994,32162.790000000005,44179.67000000001,,76342.47,74.75209141276171,57.2010333551324,,63.4802692427591,4773.2,8444.76,0.0,13217.960000000001,14087.149999999998,34098.29,0.0,48185.44,,,,,,,,,,,,,,0.0,0.0,120261.72999999998,0.0,0.0,,0.0,,0.0,,,,,,,,120261.72999999998,0.0
261,KARNATAKA,Bengaluru (Rural),,0.0,987.9857814183706,0.0,987.9857814183706,0.0,223651.0,0.0,223651.0,6386.0,230037.0,0.0,14076.64,0.0,14076.64,0.0,,,0.0,0.0,0.0,0.0,0.0,0.0,6075.82,0.0,6075.82,0.0,1207.96,0.0,1207.96,0.0,271.04,0.0,271.04,,,,,,,,,0.0,21631.46,0.0,21631.46,,,,,,,,,,,,0.0,,,,0.0,,,,,,,,,,,,,,,,0.0,0.0,21631.46,0.0,21631.46,0.0,2163.1499999999996,0.0,2163.1499999999996,0.0,19468.309999999998,0.0,19468.309999999998,,2370.772893,,2370.772893,,779.889924,,779.889924,,25567.5,,25567.5,,28718.139999999996,,28718.139999999996,,147.51223912090984,,147.51223912090984,0.0,2572.12,0.0,2572.12,0.0,0.0,0.0,0.0,,,,,,,,,,,,,,0.0,0.0,19468.309999999998,0.0,0.0,,0.0,,0.0,,,,,,,,19468.309999999998,0.0
262,KARNATAKA,Bengaluru (Urban),,0.0,992.9929794733889,0.0,992.9929794733889,0.0,213026.0,0.0,213026.0,6533.0,219559.0,0.0,13700.420000000002,0.0,13700.420000000002,0.0,,,0.0,0.0,0.0,0.0,0.0,0.0,3923.72,0.0,3923.72,0.0,1229.6200000000001,0.0,1229.6200000000001,0.0,4514.334,0.0,4514.334,0.0,68.8025,0.0,68.8025,0.0,0.0,0.0,0.0,0.0,23436.9,0.0,23436.9,,,,,,,,,,,,0.0,,,,0.0,,,,,,,,,,,,,,,,0.0,0.0,23436.9,0.0,23436.9,0.0,2218.54,0.0,2218.54,0.0,21218.36,0.0,21218.36,,3486.3195825000003,,3486.3195825000003,,7825.8,,7825.8,,20607.3,,20607.3,,31919.399999999998,,31919.399999999998,,150.43292695571193,,150.43292695571193,0.0,3659.66,0.0,3659.66,0.0,0.0,0.0,0.0,,,,,,,,,,,,,,0.0,0.0,21218.359999999997,0.0,0.0,,0.0,,0.0,,,,,,,,21218.359999999997,0.0
263,KARNATAKA,Bengaluru South,,1093.1850019033118,1115.1171708174393,0.0,1113.224666968372,23643.0,250355.0,0.0,273998.0,78812.0,352810.0,2051.31,20034.62,0.0,22085.929999999997,417.38,,,417.38,4182.9400000000005,6775.179999999999,0.0,10958.119999999999,0.0,5181.58,0.0,5181.58,4.84,1166.6499999999999,0.0,1171.4900000000002,389.7,4150.8,0.0,4540.5,,,,,,,,,7046.17,37308.83,0.0,44355.0,,,,,,,,,,,,0.0,,,,0.0,,,,,,,,,,,,,,,,0.0,7046.17,37308.83,0.0,44355.0,704.6100000000001,3730.88,0.0,4435.48,6341.56,33577.95,0.0,39919.51,305.91891,2774.6065934999997,,3080.5255035,0.0,541.0799999999999,,541.0799999999999,5898.686301369863,28853.74315068493,,34752.42945205479,6204.6,32169.42,,38374.020000000004,97.84027904805758,95.80519358686281,,96.1284845430217,322.88,3025.27,0.0,3348.15,487.65,3150.89,0.0,3638.54,,,,,,,,,,,,,,0.0,0.0,39919.509999999995,0.0,0.0,,0.0,,0.0,,,,,,,,39919.509999999995,0.0
264,KARNATAKA,Bidar,,854.8125106040986,841.2258119357374,0.0,841.7838414198058,22397.0,522917.0,0.0,545314.0,139.0,545453.0,1141.85,28484.850000000002,0.0,29626.71,0.0,,,0.0,2794.8499999999995,553.08,0.0,3347.9300000000003,353.5400000000001,2709.11,0.0,3062.65,36.949999999999996,295.54,0.0,332.49,0.0,94.792,0.0,94.792,,,,,,,,,4327.189999999999,32137.37,0.0,36464.56,,,,,,,,,,,,0.0,,,,0.0,,,,,,,,,,,,,,,,0.0,4327.189999999999,32137.37,0.0,36464.56,432.72999999999996,3213.7500000000005,0.0,3646.48,3894.46,28923.620000000003,0.0,32818.08,424.953513,3866.2482285,,4291.2017415,0.0,49.29600000000001,,49.29600000000001,2063.4799999999996,13388.479999999998,,15451.96,2488.42,17304.03,,19792.45,63.89640669052963,59.826639957239095,,60.30959154222306,443.47,4043.62,0.0,4487.09,1648.2,11442.22,0.0,13090.42,,,,,,,,,,,,,,0.0,0.0,32818.08,0.0,0.0,,0.0,,0.0,,,,,,,,32818.08,0.0
265,KARNATAKA,Chamarajanagara,,1215.6250596628574,1074.2518880548014,0.0,1105.2710278716684,79195.0,281745.0,0.0,360940.0,202986.0,563926.0,6818.060000000001,18304.300000000003,0.0,25122.359999999997,376.96999999999997,,,376.96999999999997,4971.2,0.0,0.0,4971.2,1817.1600000000003,3558.2400000000002,0.0,5375.4,137.18,408.26,0.0,545.44,110.7,1268.55,0.0,1379.25,,,,,,,,,14231.27,23539.35,0.0,37770.619999999995,,,,,,,,,,,,0.0,,,,0.0,,,,,,,,,,,,,,,,0.0,14231.27,23539.35,0.0,37770.619999999995,1423.1299999999999,1594.3399999999997,0.0,3017.46,12808.14,21945.01,0.0,34753.15,570.7719036,2051.9686252499996,,2622.74052885,0.0,0.0,,0.0,10475.7,23399.08,,33874.78,11046.47,25451.04,,36497.509999999995,86.24570000015615,115.976433822541,,105.01928602155486,671.38,2501.9399999999996,0.0,3173.3199999999997,2084.56,612.81,0.0,2697.37,,,,,,,,,,,,,,0.0,0.0,34753.149999999994,0.0,0.0,,0.0,,0.0,,,,,,,,34753.149999999994,0.0
266,KARNATAKA,Chikkaballapura,,0.0,907.3608671903867,0.0,907.3608671903867,0.0,373482.0,0.0,373482.0,51623.0,425105.0,0.0,21885.620000000003,0.0,21885.620000000003,0.0,,,0.0,0.0,0.0,0.0,0.0,0.0,9088.39,0.0,9088.39,0.0,3541.12,0.0,3541.12,0.0,1605.07,0.0,1605.07,,,,,,,,,0.0,36120.19,0.0,36120.19,,,,,,,,,,,,0.0,,,,0.0,,,,,,,,,,,,,,,,0.0,0.0,36120.19,0.0,36120.19,0.0,3612.03,0.0,3612.03,0.0,32508.159999999996,0.0,32508.159999999996,,2959.379631,,2959.379631,,95.51998,,95.51998,,44523.62,,44523.62,,47578.520000000004,,47578.520000000004,,146.35869886207036,,146.35869886207036,0.0,3150.21,0.0,3150.21,0.0,0.0,0.0,0.0,,,,,,,,,,,,,,0.0,0.0,32508.16,0.0,0.0,,0.0,,0.0,,,,,,,,32508.16,0.0
267,KARNATAKA,Chikkamagaluru,,1390.0,1503.7261891586702,0.0,1499.8709912773263,14356.0,409138.0,0.0,423494.0,297454.0,720948.0,1474.8799999999999,36132.59,0.0,37607.47,462.0,,,462.0,2094.6800000000003,7047.169999999999,0.0,9141.85,0.0,8823.36,0.0,8823.36,1.26,1497.7900000000002,0.0,1499.05,43.2,611.626,0.0,654.826,,,,,,,,,4076.02,54112.54,0.0,58188.56,,,,,,,,,,,,0.0,,,,0.0,,,,,,,,,,,,,,,,0.0,4076.02,54112.54,0.0,58188.56,407.6,5006.61,0.0,5414.21,3668.42,49105.93,0.0,52774.35,69.1230795,2377.0889625,,2446.212042,0.0,0.152354,,0.152354,492.69,30302.770000000004,,30795.46,561.8199999999999,32680.0,,33241.82,15.315040262565352,66.55000730054394,,62.98859199592226,75.1,2550.44,0.0,2625.5399999999995,3100.62,20739.079999999998,0.0,23839.699999999997,,,,,,,,,,,,,,0.0,0.0,52774.35,0.0,0.0,,0.0,,0.0,,,,,,,,52774.35,0.0
268,KARNATAKA,Chitradurga,,517.0,579.4756632387614,0.0,578.3486269719505,14440.0,786021.0,0.0,800461.0,43012.0,843473.0,484.84,30581.76,0.0,31066.6,156.83,,,156.83,426.83,1576.94,0.0,2003.77,0.0,6462.14,0.0,6462.14,0.0,2387.96,0.0,2387.96,10.5,996.76,0.0,1007.26,,,,,,,,,1079.0,42005.560000000005,0.0,43084.560000000005,,,,,,,,,,,,0.0,,,,0.0,,,,,,,,,,,,,,,,0.0,1079.0,42005.560000000005,0.0,43084.560000000005,107.9,4200.56,0.0,4308.46,971.1,37805.0,0.0,38776.100000000006,191.583171,3635.990424,,3827.573595,0.0,77.42999999999999,,77.42999999999999,3192.0,47434.11,,50626.11,3383.59,51147.54,,54531.130000000005,348.4285861394295,135.29305647401137,,140.6307751424202,204.02,3869.85,0.0,4073.87,0.0,1696.01,0.0,1696.01,,,,,,,,,,,,,,0.0,0.0,38776.1,0.0,0.0,,0.0,,0.0,,,,,,,,38776.1,0.0
269,KARNATAKA,Dakshina Kannada,,0.0,4154.609667468982,0.0,4154.609667468982,0.0,330867.0,0.0,330867.0,153627.0,484494.0,0.0,60661.20000000001,0.0,60661.20000000001,0.0,,,0.0,0.0,168.52000000000004,0.0,168.52000000000004,0.0,7429.44,0.0,7429.44,0.0,582.83,0.0,582.83,0.0,1306.7440000000001,0.0,1306.7440000000001,,,,,,,,,0.0,70148.75,0.0,70148.75,,,,,,,,,,,,0.0,,,,0.0,,,,,,,,,,,,,,,,0.0,0.0,70148.75,0.0,70148.75,0.0,5954.46,0.0,5954.46,0.0,64194.28999999999,0.0,64194.28999999999,,5062.719359999999,,5062.719359999999,,40.159124999999996,,40.159124999999996,,23217.050000000003,,23217.050000000003,,28319.93,,28319.93,,44.11596420803159,,44.11596420803159,0.0,5501.600000000001,0.0,5501.600000000001,0.0,35435.479999999996,0.0,35435.479999999996,,,,,,,,,,,,,,0.0,0.0,64194.28999999999,0.0,0.0,,0.0,,0.0,,,,,,,,64194.28999999999,0.0
270,KARNATAKA,Davanagere,,743.280655561526,726.4463885649399,0.0,732.5659672031878,148880.0,260672.0,0.0,409552.0,38412.0,447964.0,6444.719999999999,12366.599999999999,0.0,18811.32,571.79,,,571.79,28745.1,0.0,0.0,28745.1,0.0,7696.17,0.0,7696.17,28.61,478.73,0.0,507.34,309.34200000000004,629.5740000000001,0.0,938.9159999999999,,,,,,,,,36099.56,21171.06,0.0,57270.619999999995,,,,,,,,,,,,0.0,,,,0.0,,,,,,,,,,,,,,,,0.0,36099.56,21171.06,0.0,57270.619999999995,3609.96,2117.1000000000004,0.0,5727.06,32489.6,19053.96,0.0,51543.56,2310.122376,1279.8018359999999,,3589.924212,140.63969999999966,87.40799999999996,,228.04769999999962,16156.619999999999,29902.93,,46059.55,18607.379999999997,31270.16,,49877.52,57.271803900325025,164.1137065470905,,96.76770483063257,2402.04,1330.22,0.0,3732.2599999999998,14745.93,0.0,0.0,14745.93,,,,,,,,,,,,,,0.0,0.0,51543.56,0.0,0.0,,0.0,,0.0,,,,,,,,51543.56,0.0
271,KARNATAKA,Dharwad,,767.2260737838905,781.9370877682677,0.0,779.4295639015393,70964.0,345364.0,0.0,416328.0,9157.0,425485.0,2601.07,16823.61,0.0,19424.679999999997,708.7099999999999,,,708.7099999999999,904.2900000000001,7302.07,0.0,8206.36,692.16,2896.38,0.0,3588.5299999999997,29.749999999999996,113.84,0.0,143.59,167.44,62.0,0.0,229.44,,,,,,,,,5103.42,27197.9,0.0,32301.320000000007,,,,,,,,,,,,0.0,,,,0.0,,,,,,,,,,,,,,,,0.0,5103.42,27197.9,0.0,32301.320000000007,510.35,2628.54,0.0,3138.89,4593.070000000001,24569.36,0.0,29162.43,320.24808,2647.3135662,,2967.5616462000003,0.0,68.86250000000001,,68.86250000000001,2972.2,11582.05,,14554.249999999998,3292.4500000000003,14298.23,,17590.68,71.68299198575244,58.19537016837231,,60.31966471929808,334.48,2764.9900000000007,0.0,3099.4700000000003,1286.3899999999999,10153.46,0.0,11439.849999999999,,,,,,,,,,,,,,0.0,0.0,29162.43,0.0,0.0,,0.0,,0.0,,,,,,,,29162.43,0.0
272,KARNATAKA,Gadag,,601.3419844417417,697.1463049168731,0.0,661.1431352464898,170199.0,282700.0,0.0,452899.0,12616.0,465515.0,5479.9,11522.06,0.0,17001.96,1593.17,,,1593.17,2651.46,5722.38,0.0,8373.84,173.7,2176.73,0.0,2350.43,8.16,629.47,0.0,637.63,118.30199999999999,253.64,0.0,371.942,,,,,,,,,10024.71,20304.269999999997,0.0,30328.980000000003,,,,,,,,,,,,0.0,,,,0.0,,,,,,,,,,,,,,,,0.0,10024.71,20304.269999999997,0.0,30328.980000000003,1002.4300000000001,2030.44,0.0,3032.8599999999997,9022.28,18273.829999999998,0.0,27296.11,355.257858,294.69077999999996,,649.9486380000001,7.818300000000004,18.702850000000005,,26.521150000000013,8383.2,14760.1,,23143.3,8746.29,15073.48,,23819.77,96.94101712649132,82.48670366310729,,87.26433913110696,409.21,324.41,0.0,733.6199999999999,2152.2,4113.42,0.0,6265.62,,,,,,,,,,,,,,0.0,0.0,27296.11,0.0,0.0,,0.0,,0.0,,,,,,,,27296.11,0.0
273,KARNATAKA,Hassan,,917.6554174975712,1017.58441816037,0.0,997.919940901933,117342.0,478955.0,0.0,596297.0,85569.0,681866.0,6891.47,26954.75,0.0,33846.22,516.6,,,516.6,21377.07,7647.52,0.0,29024.59,3847.81,10200.91,0.0,14048.72,2.4099999999999997,423.11,0.0,425.52000000000004,117.53999999999999,3154.724,0.0,3272.264,,,,,,,,,32752.9,48381.009999999995,0.0,81133.91,,,,,,,,,,,,0.0,,,,0.0,,,,,,,,,,,,,,,,0.0,32752.9,48381.009999999995,0.0,81133.91,3275.3,4721.53,0.0,7996.83,29477.6,43659.48,0.0,73137.08,681.134238,2333.543769,,3014.6780069999995,6.6431,36.331535,,42.974635,11097.25,36785.46287671233,,47882.71287671233,11785.02,39155.34,,50940.36,39.97957771324667,89.68347767770022,,69.65052474066506,709.49,2433.21,0.0,3142.7,17664.219999999998,8413.99,0.0,26078.21,,,,,,,,,,,,,,0.0,0.0,73137.08,0.0,0.0,,0.0,,0.0,,,,,,,,73137.08,0.0
274,KARNATAKA,Haveri,,764.6851966182619,862.3003744332719,0.0,823.7200911865651,187241.0,286513.0,0.0,473754.0,8010.0,481764.0,8579.96,15907.120000000003,0.0,24487.079999999998,1283.16,,,1283.16,17903.970000000005,2134.55,0.0,20038.52,2412.22,2751.22,0.0,5163.44,127.39000000000001,2016.3600000000001,0.0,2143.75,84.56799999999998,597.26,0.0,681.8280000000001,,,,,,,,,30391.269999999997,23406.500000000004,0.0,53797.76999999999,,,,,,,,,,,,0.0,,,,0.0,,,,,,,,,,,,,,,,0.0,30391.269999999997,23406.500000000004,0.0,53797.76999999999,3039.12,2340.67,0.0,5379.780000000001,27352.149999999998,21065.83,0.0,48417.979999999996,633.7327392000001,1275.17261181,,1908.9053510099995,7.066399999999996,65.94929499999998,,73.01569499999997,14213.04,17369.68,,31582.719999999998,14853.839999999998,18710.780000000002,,33564.62,54.30593207480947,88.82052119474999,,69.32263592987566,767.22,1417.46,0.0,2184.68,12364.819999999998,3980.5299999999997,0.0,16345.349999999999,,,,,,,,,,,,,,0.0,0.0,48417.979999999996,0.0,0.0,,0.0,,0.0,,,,,,,,48417.979999999996,0.0
275,KARNATAKA,Kalburgi,,810.147174343115,850.537129443687,0.0,837.5752589469536,351812.0,744455.0,0.0,1096267.0,1262.0,1097529.0,16619.47,40175.799999999996,0.0,56795.270000000004,77.81,,,77.81,1924.48,1873.82,0.0,3798.3,798.99,5335.7699999999995,0.0,6134.759999999999,50.220000000000006,157.69,0.0,207.90999999999997,604.008,2374.0319999999997,0.0,2978.04,,,,,,,,,20074.980000000003,49917.100000000006,0.0,69992.07999999999,,,,,,,,,,,,0.0,,,,0.0,,,,,,,,,,,,,,,,0.0,20074.980000000003,49917.100000000006,0.0,69992.07999999999,1797.21,4527.74,0.0,6324.94,18277.769999999997,45389.36,0.0,63667.13,1523.07054,5508.318222,,7031.388761999999,1.7999999999999998,43.199999999999996,,45.0,4713.514657534246,14688.371917808221,,19401.886575342465,6238.400000000001,20239.91,,26478.309999999998,34.13107835365037,44.59175013703652,,41.58866592541551,1681.67,5971.549999999999,0.0,7653.219999999998,11931.36,25105.149999999998,0.0,37036.509999999995,,,,,,,,,,,,,,0.0,0.0,63667.13,0.0,0.0,,0.0,,0.0,,,,,,,,63667.13,0.0
276,KARNATAKA,Kodagu,,962.0,2248.9125275010065,0.0,2215.3267550872415,5287.0,197296.0,0.0,202583.0,208756.0,411339.0,284.82,22998.77,0.0,23283.59,95.85000000000001,,,95.85000000000001,1886.89,988.68,0.0,2875.5699999999997,0.0,1765.1,0.0,1765.1,0.0,135.04000000000002,0.0,135.04000000000002,69.6,1974.95,0.0,2044.55,,,,,,,,,2337.16,27862.54,0.0,30199.700000000004,,,,,,,,,,,,0.0,,,,0.0,,,,,,,,,,,,,,,,0.0,2337.16,27862.54,0.0,30199.700000000004,233.72000000000003,2786.2700000000004,0.0,3019.99,2103.44,25076.270000000004,0.0,27179.710000000003,11.91141,903.6181122182713,,915.5295222182713,1.3183626190476216,231.82908808817345,,233.14745070722105,1199.5600000000002,7468.79,,8668.350000000002,1212.79,8604.24,,9817.03,57.65745635720534,34.31228009588347,,36.11896521338896,12.2,944.03,0.0,956.23,890.36,16431.62,0.0,17321.98,,,,,,,,,,,,,,0.0,0.0,27179.71,0.0,0.0,,0.0,,0.0,,,,,,,,27179.71,0.0
277,KARNATAKA,Kolara,,0.0,822.0214370249998,0.0,822.0214370249998,0.0,382763.0,0.0,382763.0,16230.0,398993.0,0.0,21358.769999999997,0.0,21358.769999999997,0.0,,,0.0,0.0,0.0,0.0,0.0,0.0,13864.19,0.0,13864.19,0.0,6919.99,0.0,6919.99,0.0,810.42,0.0,810.42,,,,,,,,,0.0,42953.369999999995,0.0,42953.369999999995,,,,,,,,,,,,0.0,,,,0.0,,,,,,,,,,,,,,,,0.0,0.0,42953.369999999995,0.0,42953.369999999995,0.0,4295.35,0.0,4295.35,0.0,38658.020000000004,0.0,38658.020000000004,,4051.1673390000005,,4051.1673390000005,,64.61,,64.61,,66184.83,,66184.83,,70300.6,,70300.6,,181.8525625471765,,181.8525625471765,0.0,4297.599999999999,0.0,4297.599999999999,0.0,0.0,0.0,0.0,,,,,,,,,,,,,,0.0,0.0,38658.020000000004,0.0,0.0,,0.0,,0.0,,,,,,,,38658.020000000004,0.0
278,KARNATAKA,Koppal,,607.2701576575598,642.5667759494038,0.0,627.5215193399844,230119.0,309747.0,0.0,539866.0,17738.0,557604.0,7625.55,11922.75,0.0,19548.3,0.0,,,0.0,19111.03,22657.5,0.0,41768.530000000006,1925.45,8322.7,0.0,10248.15,56.660000000000004,333.44,0.0,390.1,19.754,90.56,0.0,110.316,,,,,,,,,28738.44,43326.95999999999,0.0,72065.4,,,,,,,,,,,,0.0,,,,0.0,,,,,,,,,,,,,,,,0.0,28738.44,43326.95999999999,0.0,72065.4,2632.86,4332.71,0.0,6965.5599999999995,26105.58,38994.25,0.0,65099.829999999994,1375.627914,1338.2636670000002,,2713.891581,16.8801,33.8815,,50.7616,9159.10410958904,23261.830136986304,,32420.934246575343,10551.599999999999,24633.98,,35185.58,40.41894491522501,63.173365303858894,,54.04865112550986,1495.46,1431.38,0.0,2926.8399999999997,15595.0,14267.149999999998,0.0,29862.149999999998,,,,,,,,,,,,,,0.0,0.0,65099.83,0.0,0.0,,0.0,,0.0,,,,,,,,65099.83,0.0
279,KARNATAKA,Mandya,,777.2554615239128,777.6549302522517,0.0,777.3878449379129,322094.0,159649.0,0.0,481743.0,13828.0,495571.0,15325.760000000002,8168.550000000001,0.0,23494.309999999998,4036.2200000000003,,,4036.2200000000003,28117.2,3479.01,0.0,31596.21,5188.889999999999,5610.2,0.0,10799.09,351.20000000000005,483.68999999999994,0.0,834.89,272.408,161.822,0.0,434.23,,,,,,,,,53291.66,17903.27,0.0,71194.93,,,,,,,,,,,,0.0,,,,0.0,,,,,,,,,,,,,,,,0.0,53291.66,17903.27,0.0,71194.93,5024.0,1571.3999999999999,0.0,6595.389999999999,48267.66,16331.87,0.0,64599.53,2691.294066,1215.665496,,3906.959562,18.16,48.6875,,66.8475,19385.4170464,16834.5720045589,,36219.9890509589,22094.88,18098.95,,40193.83,45.77574301302362,110.81982651098741,,62.22000376782928,2757.74,1245.6899999999998,0.0,4003.43,26106.329999999998,901.0699999999999,0.0,27007.399999999998,,,,,,,,,,,,,,0.0,0.0,64599.530000000006,0.0,0.0,,0.0,,0.0,,,,,,,,64599.530000000006,0.0
280,KARNATAKA,Mysuru,,784.4005240340667,809.1176833466866,0.0,800.1877510647516,220978.0,390667.0,0.0,611645.0,19411.0,631056.0,11383.23,20245.719999999998,0.0,31628.95,4191.029999999999,,,4191.029999999999,3554.93,10476.42,0.0,14031.35,3834.4799999999996,3352.66,0.0,7187.14,31.180000000000003,301.11,0.0,332.29,822.23,1786.5960000000002,0.0,2608.8259999999996,,,,,,,,,23817.07,36162.51,0.0,59979.58,,,,,,,,,,,,0.0,,,,0.0,,,,,,,,,,,,,,,,0.0,23817.07,36162.51,0.0,59979.58,2381.71,3304.28,0.0,5685.990000000001,21435.36,32858.229999999996,0.0,54293.59,1179.6777954,2754.4732446000003,,3934.1510399999997,19.46070500000001,17.91346999999999,,37.37417500000001,12703.077822303536,15946.213036981206,,28649.29085928474,13902.210000000003,18718.63,,32620.84,64.85643348187295,56.96785858520074,,60.08230437515737,1225.78,3004.64,0.0,4230.42,7487.05,13889.43,0.0,21376.48,,,,,,,,,,,,,,0.0,0.0,54293.590000000004,0.0,0.0,,0.0,,0.0,,,,,,,,54293.590000000004,0.0
281,KARNATAKA,Raichur,,550.0639782861574,481.73857633536585,0.0,517.8772683317693,443588.0,395079.0,0.0,838667.0,8325.0,846992.0,17181.3,15059.060000000001,0.0,32240.359999999997,1469.99,,,1469.99,36229.759999999995,0.0,0.0,36229.759999999995,1492.3,1064.2199999999998,0.0,2556.5299999999997,36.96,183.95,0.0,220.91000000000003,193.848,295.726,0.0,489.572,,,,,,,,,56604.14000000001,16602.960000000003,0.0,73207.1,,,,,,,,,,,,0.0,,,,0.0,,,,,,,,,,,,,,,,0.0,56604.14000000001,16602.960000000003,0.0,73207.1,5660.42,1502.69,0.0,7163.099999999999,50943.72,15100.27,0.0,66043.99,3075.738054,0.0,,3075.738054,6.48,57.599999999999994,,64.08,14348.955753424656,13201.285890410956,,27550.241643835616,17431.18,13258.89,,30690.07,34.21654327559903,87.8056485082717,,46.46913367893127,3478.9500000000003,0.0,0.0,3478.9500000000003,33109.32,4168.48,0.0,37277.8,,,,,,,,,,,,,,0.0,0.0,66043.99,0.0,0.0,,0.0,,0.0,,,,,,,,66043.99,0.0
282,KARNATAKA,Shivamogga,,795.6790190151703,2069.425969921975,0.0,1916.3738142558366,81075.0,593656.0,0.0,674731.0,172586.0,847317.0,3812.2099999999996,63080.630000000005,0.0,66892.84000000001,0.0,,,0.0,10620.82,10449.24,0.0,21070.06,1421.99,8187.75,0.0,9609.74,7.529999999999999,1587.7300000000002,0.0,1595.26,26.4,615.63,0.0,642.03,,,,,,,,,15888.95,83920.97,0.0,99809.92000000001,,,,,,,,,,,,0.0,,,,0.0,,,,,,,,,,,,,,,,0.0,15888.95,83920.97,0.0,99809.92000000001,1588.9,7621.260000000001,0.0,9210.17,14300.05,76299.70999999999,0.0,90599.76,203.13054825,2457.6439515,,2660.7744997500004,257.25,0.0,,257.25,4740.7,31193.019863013702,,35933.719863013706,5201.09,33650.65,,38851.74,36.37113156947004,44.1032475745976,,42.88282882868564,210.55,2539.42,0.0,2749.9700000000003,9091.539999999999,42567.270000000004,0.0,51658.810000000005,,,,,,,,,,,,,,0.0,0.0,90599.76000000001,0.0,0.0,,0.0,,0.0,,,,,,,,90599.76000000001,0.0
283,KARNATAKA,Tumakuru,,796.0283372990941,732.3732987522958,0.0,745.3500171944854,202147.0,789450.0,0.0,991597.0,68728.0,1060325.0,10032.63,42294.61,0.0,52327.240000000005,1185.01,,,1185.01,11565.150000000001,0.0,0.0,11565.150000000001,0.0,9230.750000000002,0.0,9230.750000000002,206.7,2916.6399999999994,0.0,3123.34,795.69,1869.2440000000001,0.0,2664.934,,,,,,,,,23785.18,56311.240000000005,0.0,80096.41999999998,,,,,,,,,,,,0.0,,,,0.0,,,,,,,,,,,,,,,,0.0,23785.18,56311.240000000005,0.0,80096.41999999998,2038.4,5631.11,0.0,7669.509999999999,21746.78,50680.13,0.0,72426.91,1521.751941,4589.524746,,6111.276687,14.1,44.98801003199999,,59.088010032,7022.9,55321.267531705,,62344.16753170499,8558.77,59955.76999999999,,68514.54,39.35649323715971,118.30232085040033,,94.59818180839137,1614.3,4858.18,0.0,6472.48,13095.46,1548.3300000000002,0.0,14643.789999999999,,,,,,,,,,,,,,0.0,0.0,72426.91,0.0,0.0,,0.0,,0.0,,,,,,,,72426.91,0.0
284,KARNATAKA,Udupi,,0.0,4419.6430695813715,0.0,4419.6430695813715,0.0,286998.0,0.0,286998.0,70074.0,357072.0,0.0,44021.99999999999,0.0,44021.99999999999,0.0,,,0.0,0.0,0.0,0.0,0.0,0.0,5264.360000000001,0.0,5264.360000000001,0.0,12.150000000000002,0.0,12.150000000000002,0.0,396.952,0.0,396.952,,,,,,,,,0.0,49695.47,0.0,49695.47,,,,,,,,,,,,0.0,,,,0.0,,,,,,,,,,,,,,,,0.0,0.0,49695.47,0.0,49695.47,0.0,4969.549999999999,0.0,4969.549999999999,0.0,44725.92,0.0,44725.92,,2081.47455,,2081.47455,,35.92100000000001,,35.92100000000001,,13556.32,,13556.32,,15673.71,,15673.71,,35.04390742549287,,35.04390742549287,0.0,2144.62,0.0,2144.62,0.0,28989.059999999998,0.0,28989.059999999998,,,,,,,,,,,,,,0.0,0.0,44725.92,0.0,0.0,,0.0,,0.0,,,,,,,,44725.92,0.0
285,KARNATAKA,Uttara Kannada,,0.0,2600.682383060916,0.0,2600.682383060916,0.0,658548.0,0.0,658548.0,371143.0,1029691.0,0.0,81995.95999999999,0.0,81995.95999999999,0.0,,,0.0,0.0,0.0,0.0,0.0,0.0,6799.66,0.0,6799.66,0.0,936.8,0.0,936.8,0.0,715.74,0.0,715.74,,,,,,,,,0.0,90448.16,0.0,90448.16,,,,,,,,,,,,0.0,,,,0.0,,,,,,,,,,,,,,,,0.0,0.0,90448.16,0.0,90448.16,0.0,8737.580000000002,0.0,8737.580000000002,0.0,81710.58,0.0,81710.58,,3106.638516,,3106.638516,,31.90829825,,31.90829825,,23568.7578605558,,23568.7578605558,,26707.260000000002,,26707.260000000002,,32.68519205224097,,32.68519205224097,0.0,3194.9700000000003,0.0,3194.9700000000003,0.0,54914.979999999996,0.0,54914.979999999996,,,,,,,,,,,,,,0.0,0.0,81710.58,0.0,0.0,,0.0,,0.0,,,,,,,,81710.58,0.0
286,KARNATAKA,Vijayanagara,,680.7827582019119,690.3371511717146,0.0,689.3168591930012,57639.0,482114.0,0.0,539753.0,27012.0,566765.0,2398.54,21498.250000000004,0.0,23896.79,354.0,,0.0,354.0,5045.88,3007.3,0.0,8053.18,0.0,4357.030000000001,0.0,4357.030000000001,16.15,654.44,0.0,670.59,10.752,216.758,0.0,227.51,,,,,,,,,7825.31,29733.760000000002,0.0,37559.07,,,,,,,,,,,,0.0,,,,0.0,,,,,,,,,,,,,,,,0.0,7825.31,29733.760000000002,0.0,37559.07,782.53,2817.61,0.0,3600.1400000000003,7042.780000000001,26916.15,0.0,33958.93,300.74306399999995,1879.42734,,2180.170404,9.140999650200001,13.166999973000003,,22.3079996232,3966.660273972602,24406.59794520548,,28373.258219178082,4276.54,26299.199999999997,,30575.739999999998,60.722328398728905,97.7078816992772,,90.03740695010119,325.97,2000.6599999999999,0.0,2326.63,4172.0,3021.59,0.0,7193.59,,,,,,,,,,,,,,0.0,0.0,33958.93,0.0,0.0,,0.0,,0.0,,,,,,,,33958.93,0.0
287,KARNATAKA,Vijayapura,,577.957171693096,600.6792633817474,0.0,580.3478173938212,939799.0,110505.0,0.0,1050304.0,0.0,1050304.0,34742.61,4302.24,0.0,39044.85,803.0,,,803.0,18351.51,1403.1900000000003,0.0,19754.7,4578.08,1603.32,0.0,6181.4,23.490000000000002,599.7199999999999,0.0,623.2099999999999,534.0,277.34599999999995,0.0,811.346,,,,,,,,,59032.689999999995,8185.799999999999,0.0,67218.49,,,,,,,,,,,,0.0,,,,0.0,,,,,,,,,,,,,,,,0.0,59032.689999999995,8185.799999999999,0.0,67218.49,5696.63,818.6100000000001,0.0,6515.239999999999,53336.060000000005,7367.19,0.0,60703.24999999999,210.56587199999996,4741.829828999999,,4952.395701,11.8625,3.6500000000000004,,15.512500000000001,26358.6,6855.12,,33213.72,26581.02,11600.560000000001,,38181.59,49.83686459029782,157.46247890986933,,62.89875748003608,222.69,5014.79,0.0,5237.480000000001,26742.91,234.07,0.0,26976.98,,,,,,,,,,,,,,0.0,0.0,60703.25,0.0,0.0,,0.0,,0.0,,,,,,,,60703.25,0.0
288,KARNATAKA,Yadgir,,902.6402266389523,926.4469104961327,0.0,910.3098226019927,349278.0,166004.0,0.0,515282.0,12217.0,527499.0,1469.13,9511.53,0.0,10980.66,1074.91,,,1074.91,29076.74,1779.08,0.0,30855.82,1387.83,763.82,0.0,2151.65,17.27,431.14,0.0,448.40999999999997,1111.08,1194.916,0.0,2305.996,,,,,,,,,34136.96000000001,13680.49,0.0,47817.450000000004,,,,,,,,,,,,0.0,,,,0.0,,,,,,,,,,,,,,,,0.0,34136.96000000001,13680.49,0.0,47817.450000000004,3413.6800000000003,1368.04,0.0,4781.73,30723.280000000002,12312.45,0.0,43035.729999999996,1819.1541599999998,308.21709599999997,,2127.371256,273.42,525.9000000000001,,799.3199999999999,6727.000000000001,8843.05,,15570.050000000001,8819.57,9677.170000000002,,18496.739999999998,28.70647274639947,78.59662374263449,,42.97996106955778,1975.8600000000001,343.13,0.0,2318.9900000000002,21747.0,2600.3700000000003,0.0,24347.37,,,,,,,,,,,,,,0.0,0.0,43035.729999999996,0.0,0.0,,0.0,,0.0,,,,,,,,43035.729999999996,0.0
289,KERALA,ALAPPUZHA,,0.0,2806.6,0.0,2806.6,0.0,141403.0,0.0,141403.0,0.0,141403.0,0.0,34912.93,0.0,34912.93,0.0,,0.0,0.0,0.0,5881.259999999999,0.0,5881.259999999999,0.0,912.65,0.0,912.65,0.0,127.18000000000002,0.0,127.18000000000002,0.0,313.50399999999996,0.0,313.50399999999996,,,,,,,,,0.0,42147.5,0.0,42147.5,,0.0,,0.0,,,,,,0.0,,0.0,,0.0,,0.0,0.0,0.0,0.0,0.0,0.0,0.0,0.0,0.0,0.0,0.0,0.0,0.0,0.0,0.0,0.0,0.0,0.0,42147.5,0.0,42147.5,0.0,3187.5900000000006,0.0,3187.5900000000006,0.0,38959.909999999996,0.0,38959.909999999996,,10097.110330875,,10097.110330875,,261.03725000000003,,261.03725000000003,,3859.5139999999997,,3859.5139999999997,,14217.67,,14217.67,,36.493077114397856,,36.493077114397856,0.0,10454.89,0.0,10454.89,0.0,24384.450000000004,0.0,24384.450000000004,,,,,,,0.0,0.0,0.0,,,,,0.0,0.0,38959.909999999996,0.0,0.0,,202286710.0,,202286710.0,,,,,,,,38959.909999999996,0.0
290,KERALA,ERNAKULAM,,0.0,2985.6999999999994,0.0,2985.6999999999994,0.0,226947.5,0.0,226947.5,67499.5,294447.0,0.0,42583.82,0.0,42583.82,0.0,,0.0,0.0,0.0,5227.2,0.0,5227.2,0.0,1934.7099999999998,0.0,1934.7099999999998,0.0,319.32,0.0,319.32,0.0,869.3199999999999,0.0,869.3199999999999,,,,,,,,,0.0,50934.39,0.0,50934.39,,0.0,,0.0,,,,,,0.0,,0.0,,0.0,,0.0,0.0,0.0,0.0,0.0,0.0,0.0,0.0,0.0,,0.0,,0.0,0.0,0.0,0.0,0.0,0.0,50934.39,0.0,50934.39,0.0,4985.1,0.0,4985.1,0.0,45949.29000000001,0.0,45949.29000000001,,14295.386107350001,,14295.386107350001,,185.97783500000003,,185.97783500000003,,8156.491,,8156.491,,22637.829999999998,,22637.829999999998,,49.26698540935017,,49.26698540935017,0.0,19055.839999999997,0.0,19055.839999999997,0.0,18551.019999999997,0.0,18551.019999999997,,,,,,,0.0,0.0,0.0,,,,,88120.12,0.0,134069.41,0.0,514615.82,,119177888.63000001,,119692504.43,,,,,,,,134069.41,0.0
291,KERALA,IDUKKI,,0.0,3638.0999999999995,0.0,3638.0999999999995,0.0,108891.0,0.0,108891.0,326914.0,435805.0,0.0,18811.32,0.0,18811.32,0.0,,0.0,0.0,0.0,467.52000000000004,0.0,467.52000000000004,0.0,1579.1599999999999,0.0,1579.1599999999999,0.0,7.960000000000001,0.0,7.960000000000001,0.0,140.998,0.0,140.998,,,,,,,,,0.0,21006.96,0.0,21006.96,0.0,0.0,0.0,0.0,,,,,0.0,0.0,0.0,0.0,0.0,0.0,0.0,0.0,0.0,0.0,0.0,0.0,0.0,0.0,0.0,0.0,0.0,0.0,0.0,0.0,0.0,0.0,0.0,0.0,0.0,21006.96,0.0,21006.96,0.0,2100.6899999999996,0.0,2100.6899999999996,0.0,18906.27,0.0,18906.27,,4236.32477625,,4236.32477625,,13.261500000000002,,13.261500000000002,,6066.22,,6066.22,,10315.81,,10315.81,,54.56290426403515,,54.56290426403515,0.0,4236.33,0.0,4236.33,0.0,8590.46,0.0,8590.46,,,,,,,0.0,0.0,50.256719999999994,,,,,0.0,0.0,18906.270000000004,0.0,52494.079999999994,,4999578.280000001,,5052072.37,,,,,,,,18906.270000000004,0.0
292,KERALA,KANNUR,,0.0,3299.5999999999995,0.0,3299.5999999999995,0.0,232396.0,0.0,232396.0,64400.0,296796.0,0.0,40767.72999999999,0.0,40767.72999999999,0.0,,0.0,0.0,0.0,1109.31,0.0,1109.31,0.0,2552.2400000000002,0.0,2552.2400000000002,0.0,247.23,0.0,247.23,0.0,992.6080000000002,0.0,992.6080000000002,,,,,,,,,0.0,45669.13,0.0,45669.13,0.0,0.0,0.0,0.0,,,,,0.0,0.0,0.0,0.0,0.0,0.0,0.0,0.0,0.0,0.0,0.0,0.0,0.0,0.0,0.0,0.0,0.0,0.0,0.0,0.0,0.0,0.0,0.0,0.0,0.0,45669.13,0.0,45669.13,0.0,4566.93,0.0,4566.93,0.0,41102.2,0.0,41102.2,,11272.529019749998,,11272.529019749998,,31.467287837837834,,31.467287837837834,,8410.3835,,8410.3835,,19714.370000000003,,19714.370000000003,,47.96426955248138,,47.96426955248138,0.0,14322.080000000002,0.0,14322.080000000002,0.0,18508.14,0.0,18508.14,,,,,,,0.0,0.0,17.634239999999995,,,,,0.0,0.0,41102.2,0.0,-3157362.74,,81979994.67,,78822631.93,,,,,,,,41102.2,0.0
293,KERALA,KASARGOD,,0.0,3592.6100000000006,0.0,3592.6100000000006,0.0,164830.0,0.0,164830.0,31300.0,196130.0,0.0,31054.949999999997,0.0,31054.949999999997,0.0,,0.0,0.0,0.0,185.13,0.0,185.13,0.0,4430.55,0.0,4430.55,0.0,15.91,0.0,15.91,0.0,1337.9599999999998,0.0,1337.9599999999998,,,,,,,,,0.0,37024.48,0.0,37024.48,,0.0,,0.0,,,,,,0.0,,0.0,,,,0.0,0.0,0.0,0.0,0.0,0.0,0.0,0.0,0.0,0.0,0.0,0.0,0.0,0.0,0.0,0.0,0.0,0.0,37024.48,0.0,37024.48,0.0,3702.44,0.0,3702.44,0.0,33322.04,0.0,33322.04,,7099.7679255,,7099.7679255,,22.7563,,22.7563,,16921.262,,16921.262,,24043.780000000002,,24043.780000000002,,72.1557863804257,,72.1557863804257,0.0,11314.57,0.0,11314.57,0.0,6042.360000000001,0.0,6042.360000000001,,,,,,,0.0,0.0,1.3932,,,,,0.0,0.0,33322.04,0.0,973545.3999999999,,40598357.66,,41571903.07,,,,,,,,33322.04,0.0
294,KERALA,KOLLAM,,0.0,2411.8999999999996,0.0,2411.8999999999996,0.0,211200.0,0.0,211200.0,37900.0,249100.0,0.0,33753.23,0.0,33753.23,0.0,,0.0,0.0,0.0,796.15,0.0,796.15,0.0,1535.71,0.0,1535.71,0.0,632.8,0.0,632.8,0.0,584.98,0.0,584.98,,,,,,,,,0.0,37302.85,0.0,37302.85,,0.0,,0.0,,,,,,,,0.0,,,,0.0,0.0,0.0,0.0,0.0,0.0,0.0,0.0,0.0,0.0,0.0,0.0,0.0,0.0,0.0,0.0,0.0,0.0,37302.85,0.0,37302.85,0.0,3496.98,0.0,3496.98,0.0,33805.869999999995,0.0,33805.869999999995,,11756.766736124999,,11756.766736124999,,18.8376,,18.8376,,5098.5019999999995,,5098.5019999999995,,16874.12,,16874.12,,49.91476332364764,,49.91476332364764,0.0,12609.600000000002,0.0,12609.600000000002,0.0,16078.919999999998,0.0,16078.919999999998,,,,,,,0.0,0.0,9.1368,,,,,0.0,0.0,33805.869999999995,0.0,227596.86,,108671623.24000001,,108899220.08000001,,,,,,,,33805.869999999995,0.0
295,KERALA,KOTTAYAM,,0.0,2875.4,0.0,2875.4,0.0,197088.0,0.0,197088.0,25000.0,222088.0,0.0,34671.78999999999,0.0,34671.78999999999,0.0,,0.0,0.0,0.0,3841.810000000001,0.0,3841.810000000001,0.0,1565.6799999999998,0.0,1565.6799999999998,0.0,622.3800000000001,0.0,622.3800000000001,0.0,403.19800000000004,0.0,403.19800000000004,,,,,,,,,0.0,41104.869999999995,0.0,41104.869999999995,,0.0,,0.0,,,,,,,,0.0,,0.0,,0.0,0.0,0.0,0.0,0.0,0.0,0.0,0.0,0.0,0.0,0.0,0.0,0.0,0.0,0.0,0.0,0.0,0.0,41104.869999999995,0.0,41104.869999999995,0.0,3816.47,0.0,3816.47,0.0,37288.399999999994,0.0,37288.399999999994,,8705.074076249999,,8705.074076249999,,3.0291999999999994,,3.0291999999999994,,5049.87,,5049.87,,13758.000000000002,,13758.000000000002,,36.89619291790478,,36.89619291790478,0.0,9194.25,0.0,9194.25,0.0,23041.219999999998,0.0,23041.219999999998,,,,,,,0.0,0.0,0.0,,,,,0.0,0.0,37288.399999999994,0.0,1531654.18,,143834362.0,,145366016.19,,,,,,,,37288.399999999994,0.0
296,KERALA,KOZHIKKODE,,0.0,3554.6703243470934,0.0,3554.6703243470934,0.0,166180.0,0.0,166180.0,68050.0,234230.0,0.0,32779.23,0.0,32779.23,0.0,,0.0,0.0,0.0,223.42,0.0,223.42,0.0,1270.0100000000002,0.0,1270.0100000000002,0.0,64.48,0.0,64.48,0.0,329.154,0.0,329.154,,,,,,,,,0.0,34666.32,0.0,34666.32,,0.0,,0.0,,,,,,,,0.0,,,,0.0,0.0,0.0,0.0,0.0,0.0,0.0,0.0,0.0,0.0,0.0,0.0,0.0,0.0,0.0,0.0,0.0,0.0,34666.32,0.0,34666.32,0.0,3466.62,0.0,3466.62,0.0,31199.699999999997,0.0,31199.699999999997,,13994.676101399997,,13994.676101399997,,7.089,,7.089,,4864.688,,4864.688,,18866.48,,18866.48,,60.47006862245471,,60.47006862245471,0.0,20923.94,0.0,20923.94,0.0,6943.58,0.0,6943.58,,,,,,,0.0,0.0,0.0,,,,,25163.239999999998,0.0,56362.94,0.0,0.0,,0.0,,0.0,,,,,,,,56362.94,0.0
297,KERALA,MALAPPURAM,,0.0,2804.6007682320865,0.0,2804.6007682320865,0.0,254181.0,0.0,254181.0,100800.0,354981.0,0.0,44203.92,0.0,44203.92,0.0,,0.0,0.0,0.0,4736.56,0.0,4736.56,0.0,3233.65,0.0,3233.65,0.0,15.200000000000005,0.0,15.200000000000005,0.0,1140.782,0.0,1140.782,,,,,,,,,0.0,53330.14000000001,0.0,53330.14000000001,,,,,,,,,,,,0.0,,,,0.0,0.0,0.0,0.0,0.0,0.0,0.0,0.0,0.0,0.0,0.0,0.0,0.0,0.0,0.0,0.0,0.0,0.0,53330.14000000001,0.0,53330.14000000001,0.0,5049.860000000001,0.0,5049.860000000001,0.0,48280.28,0.0,48280.28,,24142.759919624994,,24142.759919624994,,4.18947,,4.18947,,9441.875,,9441.875,,33588.850000000006,,33588.850000000006,,69.57053687343985,,69.57053687343985,0.0,55023.799999999996,0.0,55023.799999999996,0.0,14691.43,0.0,14691.43,,,,,,,0.0,0.0,29.065679999999997,,,,,61697.799999999996,0.0,109978.07999999999,0.0,1369648.52,,112553066.89999998,,113922715.41,,,,,,,,109978.07999999999,0.0
298,KERALA,PALAKKAD,,0.0,2185.7752675134457,0.0,2185.7752675134457,0.0,298228.0,0.0,298228.0,149394.0,447622.0,0.0,35200.74,0.0,35200.74,0.0,,0.0,0.0,0.0,19380.010000000002,0.0,19380.010000000002,0.0,4850.75,0.0,4850.75,0.0,3027.6800000000003,0.0,3027.6800000000003,0.0,1725.7900000000002,0.0,1725.7900000000002,,,,,,,,,0.0,64184.979999999996,0.0,64184.979999999996,,,,,,,,,0.0,0.0,0.0,0.0,,,,0.0,0.0,0.0,0.0,0.0,0.0,0.0,0.0,0.0,0.0,0.0,0.0,0.0,0.0,0.0,0.0,0.0,0.0,64184.979999999996,0.0,64184.979999999996,0.0,5203.2,0.0,5203.2,0.0,58981.78,0.0,58981.78,,14886.889936124999,,14886.889936124999,,605.536,,605.536,,18443.0,,18443.0,,33935.439999999995,,33935.439999999995,,57.53546264626126,,57.53546264626126,0.0,22382.17,0.0,22382.17,0.0,20011.819999999996,0.0,20011.819999999996,,,,,,,0.0,0.0,185.27399999999997,,,,,0.0,0.0,58981.78,0.0,0.0,,0.0,,0.0,,,,,,,,58981.78,0.0
299,KERALA,PATHANAMTHITTA,,0.0,2774.7,0.0,2774.7,0.0,129665.0,0.0,129665.0,133010.0,262675.0,0.0,23997.65,0.0,23997.65,0.0,,0.0,0.0,0.0,959.0000000000002,0.0,959.0000000000002,0.0,1097.07,0.0,1097.07,0.0,16.669999999999998,0.0,16.669999999999998,0.0,499.964,0.0,499.964,,,,,,,,,0.0,26570.36,0.0,26570.36,,0.0,,0.0,,,,,,0.0,,0.0,,0.0,,0.0,0.0,0.0,0.0,0.0,0.0,0.0,0.0,0.0,0.0,0.0,0.0,0.0,0.0,0.0,0.0,0.0,0.0,26570.36,0.0,26570.36,0.0,2657.0299999999993,0.0,2657.0299999999993,0.0,23913.33,0.0,23913.33,,4275.729528374999,,4275.729528374999,,0.041319999999999996,,0.041319999999999996,,3866.07,,3866.07,,8141.819999999999,,8141.819999999999,,34.04720296169542,,34.04720296169542,0.0,4275.73,0.0,4275.73,0.0,15771.510000000002,0.0,15771.510000000002,,,,,,,0.0,0.0,0.0,,,,,17798.35,0.0,41711.68,0.0,0.0,,0.0,,0.0,,,,,,,,41711.68,0.0
300,KERALA,THIRUVANANTHAPURAM,,0.0,1816.977852977658,0.0,1816.977852977658,0.0,194297.0,0.0,194297.0,24500.0,218797.0,0.0,26215.41,0.0,26215.41,0.0,,0.0,0.0,0.0,1192.68,0.0,1192.68,0.0,1153.96,0.0,1153.96,0.0,407.32,0.0,407.32,0.0,574.998,0.0,574.998,,,,,,,,,0.0,29544.340000000007,0.0,29544.340000000007,,0.0,,0.0,,,,,,0.0,,0.0,,0.0,,0.0,0.0,0.0,0.0,0.0,0.0,0.0,0.0,0.0,0.0,0.0,0.0,0.0,0.0,0.0,0.0,0.0,0.0,29544.340000000007,0.0,29544.340000000007,0.0,2855.3,0.0,2855.3,0.0,26689.04,0.0,26689.04,,12339.654185099998,,12339.654185099998,,6.363099999999999,,6.363099999999999,,5068.104999999999,,5068.104999999999,,17414.13,,17414.13,,65.24824422309682,,65.24824422309682,0.0,13568.35,0.0,13568.35,0.0,8046.2,0.0,8046.2,,,,,,,0.0,0.0,155.8404,,,,,37160.15,0.0,63849.189999999995,0.0,-288952.21999999986,,76456327.24000001,,76167375.02,,,,,,,,63849.189999999995,0.0
301,KERALA,THRISSUR,,0.0,3180.7,0.0,3180.7,0.0,236685.0,0.0,236685.0,65700.0,302385.0,0.0,49433.97,0.0,49433.97,0.0,,0.0,0.0,0.0,9791.8,0.0,9791.8,0.0,4152.9000000000015,0.0,4152.9000000000015,0.0,478.25,0.0,478.25,0.0,1105.8000000000002,0.0,1105.8000000000002,,,,,,,,,0.0,64962.729999999996,0.0,64962.729999999996,,0.0,,0.0,,,,,,0.0,,0.0,,0.0,,0.0,0.0,0.0,0.0,0.0,0.0,0.0,0.0,0.0,0.0,0.0,0.0,0.0,0.0,0.0,0.0,0.0,0.0,64962.729999999996,0.0,64962.729999999996,0.0,6315.360000000001,0.0,6315.360000000001,0.0,58647.369999999995,0.0,58647.369999999995,,13696.868562674998,,13696.868562674998,,39.0204,,39.0204,,20148.864999999998,,20148.864999999998,,33884.719999999994,,33884.719999999994,,57.777049507931885,,57.777049507931885,0.0,17127.38,0.0,17127.38,0.0,21332.16,0.0,21332.16,,,,,,,0.0,0.0,4.83552,,,,,0.0,0.0,58647.369999999995,0.0,2270036.9699999997,,102804378.17,,105074415.14000002,,,,,,,,58647.369999999995,0.0
302,KERALA,WAYANAD,,0.0,3149.5999999999995,0.0,3149.5999999999995,0.0,142762.0,0.0,142762.0,70300.0,213062.0,0.0,23574.79,0.0,23574.79,0.0,,0.0,0.0,0.0,124.01,0.0,124.01,0.0,338.93,0.0,338.93,0.0,173.43,0.0,173.43,0.0,490.298,0.0,490.298,,,,,,,,,0.0,24701.47,0.0,24701.47,,,,,,,,,0.0,0.0,0.0,0.0,0.0,0.0,0.0,0.0,0.0,0.0,0.0,0.0,0.0,0.0,0.0,0.0,0.0,0.0,0.0,0.0,0.0,0.0,0.0,0.0,0.0,24701.47,0.0,24701.47,0.0,2470.16,0.0,2470.16,0.0,22231.31,0.0,22231.31,,4031.58852,,4031.58852,,158.659,,158.659,,1355.6799999999998,,1355.6799999999998,,5545.93,,5545.93,,24.946483135721646,,24.946483135721646,0.0,5047.469999999999,0.0,5047.469999999999,0.0,15669.489999999998,0.0,15669.489999999998,,,,,,,0.0,0.0,13.582079999999998,,,,,20286.449999999997,0.0,42517.76,0.0,374.0,,150250.03999999998,,150624.03,,,,,,,,42517.76,0.0
303,LADAKH,KARGIL,,0.0,382.22,0.0,382.22,0.0,24900.0,0.0,24900.0,1378700.0,1403600.0,0.0,1675.0500000000002,0.0,1675.0500000000002,,,,,0.0,1051.8,0.0,1051.8,0.0,0.0,0.0,0.0,,,,,,,,,,,,,,,,,0.0,2726.85,0.0,2726.85,,,,,,,,,,,,0.0,,,,0.0,0.0,0.0,0.0,0.0,0.0,0.0,0.0,0.0,0.0,0.0,0.0,0.0,0.0,0.0,0.0,0.0,0.0,2726.85,0.0,2726.85,0.0,272.69,0.0,272.69,0.0,2454.16,0.0,2454.16,,732.5500000000001,,732.5500000000001,,3.45,,3.45,,8.05,,8.05,,744.0499999999998,,744.0499999999998,,30.317909182775367,,30.317909182775367,0.0,732.55,0.0,732.55,0.0,1710.1100000000001,0.0,1710.1100000000001,,,,,,,0.0,0.0,0.0,,,,,0.0,0.0,2454.16,0.0,0.0,,0.0,,0.0,,,,,,,,2454.16,0.0
304,LADAKH,LEH,,0.0,96.7,0.0,96.7,0.0,71400.0,0.0,71400.0,4439600.0,4511000.0,0.0,1215.18,0.0,1215.18,,,,,0.0,4190.01,0.0,4190.01,0.0,0.0,0.0,0.0,,,,,,,,,,,,,,,,,0.0,5405.1900000000005,0.0,5405.1900000000005,,,,,,,,,,,,0.0,,,,0.0,0.0,0.0,0.0,0.0,0.0,0.0,0.0,0.0,0.0,0.0,0.0,0.0,0.0,0.0,0.0,0.0,0.0,5405.1900000000005,0.0,5405.1900000000005,0.0,540.52,0.0,540.52,0.0,4864.67,0.0,4864.67,,2235.6,,2235.6,,17.25,,17.25,,29.9,,29.9,,2282.75,,2282.75,,46.92507405435518,,46.92507405435518,0.0,2235.6000000000004,0.0,2235.6000000000004,0.0,2581.92,0.0,2581.92,,,,,,,0.0,1711875.0,4.150799999999999,,,,,0.0,0.0,4864.67,0.0,0.0,,0.0,,0.0,,,,,,,,4864.67,0.0
305,MADHYA PRADESH,AGAR MALWA,,1036.1,1036.1,0.0,1036.1,11375.0,240201.0,0.0,251576.0,20617.0,272193.0,1209.76,30567.059999999998,0.0,31776.82,822.45,,,822.45,575.2080000000001,0.0,0.0,575.21,136.71,8529.960000000001,0.0,8666.67,396.75,486.57,0.0,883.3199999999999,0.0,481.20000000000005,0.0,481.20000000000005,,,,,,,,,3140.88,40064.78999999999,0.0,43205.67,,,,,,,,,,,,0.0,,,,0.0,,,,,,,,,,,,,,,,0.0,3140.88,40064.78999999999,0.0,43205.67,157.04000000000002,2962.96,0.0,3120.0,2983.84,37101.83,0.0,40085.67,93.30932999999999,1549.0110899999997,,1642.3204199999998,0.0,1.95,,1.95,546.8148,34119.839199999995,,34666.653999999995,640.12,35670.78,,36310.9,21.45289291651027,96.14291262722081,,90.5832433385796,101.86,1664.46,0.0,1766.3200000000002,2335.17,4117.28,0.0,6452.45,,,,,,,,,,,,,,0.0,0.0,40085.67,0.0,0.0,,0.0,,0.0,,,,,,,,40085.67,0.0
306,MADHYA PRADESH,ALIRAJPUR,,0.0,836.2,0.0,836.2,0.0,305400.0,0.0,305400.0,26400.0,331800.0,0.0,17686.87,0.0,17686.87,0.0,,0.0,0.0,0.0,0.0,0.0,0.0,0.0,1680.5900000000001,0.0,1680.5900000000001,0.0,486.63,0.0,486.63,0.0,210.608,0.0,210.608,,,,,,,,,0.0,20064.69,0.0,20064.69,,,,,,,,,,,,0.0,,,,0.0,,,,,,,,,,,,,,,,0.0,0.0,20064.69,0.0,20064.69,0.0,1481.88,0.0,1481.88,0.0,18582.81,0.0,18582.81,,1880.4741599999998,,1880.4741599999998,,0.0,,0.0,,6722.33,,6722.33,,8602.79,,8602.79,,46.29434407390487,,46.29434407390487,0.0,2049.42,0.0,2049.42,0.0,9811.08,0.0,9811.08,,,,,,,,,,,,,,0.0,0.0,18582.809999999998,0.0,0.0,,0.0,,0.0,,,,,,,,18582.809999999998,0.0
307,MADHYA PRADESH,ANUPPUR,,0.0,1423.6000000000001,0.0,1423.6000000000001,0.0,294200.0,0.0,294200.0,78200.0,372400.0,0.0,29462.6,0.0,29462.6,0.0,,0.0,0.0,0.0,0.0,0.0,0.0,0.0,370.89,0.0,370.89,0.0,46.48,0.0,46.48,0.0,8.4,0.0,8.4,,,,,,,,,0.0,29888.369999999995,0.0,29888.369999999995,,,,,,,,,,,,0.0,,,,0.0,,,,,,,,,,,,,,,,0.0,0.0,29888.369999999995,0.0,29888.369999999995,0.0,1883.83,0.0,1883.83,0.0,28004.54,0.0,28004.54,,1545.71952,,1545.71952,,3024.6347299999998,,3024.6347299999998,,1483.548,,1483.548,,6053.9,,6053.9,,21.617566294607943,,21.617566294607943,0.0,1623.03,0.0,1623.03,0.0,21873.329999999998,0.0,21873.329999999998,,,,,,,,,,,,,,0.0,0.0,28004.54,0.0,0.0,,0.0,,0.0,,,,,,,,28004.54,0.0
308,MADHYA PRADESH,ASHOKNAGAR,,926.0,926.0,0.0,926.0,20650.0,441594.0,0.0,462244.0,5150.0,467394.0,998.4300000000001,28507.05,0.0,29505.479999999996,1078.16,,0.0,1078.16,2912.6447999999996,0.0,0.0,2912.64,176.82,5168.530000000001,0.0,5345.35,238.4,165.91,0.0,404.30999999999995,102.8,262.0,0.0,364.8,,,,,,,,,5507.25,34103.490000000005,0.0,39610.740000000005,,,,,,,,,,,,0.0,,,,0.0,,,,,,,,,,,,,,,,0.0,5507.25,34103.490000000005,0.0,39610.740000000005,536.14,2669.9900000000002,0.0,3206.13,4971.11,31433.5,0.0,36404.61,85.88741999999999,1712.48364,,1798.37106,0.0,1.3888249999999998,,1.3888249999999998,707.2632000000001,20674.1316,,21381.394800000002,793.1499999999999,22388.010000000002,,23181.16,15.955189082518793,71.22340814735871,,63.67644097821676,92.05000000000001,1835.8,0.0,1927.85,4171.8,8922.17,0.0,13093.970000000001,,,,,,,,,,,,,,0.0,0.0,36404.61,0.0,0.0,,0.0,,0.0,,,,,,,,36404.61,0.0
309,MADHYA PRADESH,BALAGHAT,,1471.6000000000001,1471.6,0.0,1471.6,101503.0,790290.0,0.0,891793.0,31107.0,922900.0,8206.67,61957.219999999994,0.0,70163.88999999998,476.37,,0.0,476.37,573.5507999999999,0.0,0.0,573.54,495.61,3305.1,0.0,3800.7100000000005,909.4000000000001,303.28000000000003,0.0,1212.68,45.540000000000006,570.06,0.0,615.6000000000001,,,,,,,,,10707.119999999999,66135.66,0.0,76842.78000000001,,,,,,,,,,,,0.0,,,,0.0,,,,,,,,,,,,,,,,0.0,10707.119999999999,66135.66,0.0,76842.78000000001,840.0799999999999,5216.78,0.0,6056.86,9867.04,60918.88,0.0,70785.92,472.75310999999994,3333.40119,,3806.1543,0.0,241.323795,,241.323795,1805.3442,10851.877799999998,,12657.222,2278.1,14426.63,,16704.73,23.087977752193154,23.681705901356032,,23.598944535862497,499.1000000000001,3519.2700000000004,0.0,4018.3700000000003,7562.589999999999,46306.37,0.0,53868.96,,,,,,,,,,,,,,0.0,0.0,70785.92000000001,0.0,0.0,,0.0,,0.0,,,,,,,,70785.92000000001,0.0
310,MADHYA PRADESH,BARWANI,,719.1999999999999,719.2,0.0,719.2000000000002,68712.0,298119.0,0.0,366831.0,175369.0,542200.0,5226.16,28624.26,0.0,33850.42,1078.61,,0.0,1078.61,9670.007318400001,0.0,0.0,9670.01,626.86,7717.470000000001,0.0,8344.33,1280.67,121.93,0.0,1402.6,267.55600000000004,1878.3700000000001,,2145.926,,,,,,,,,18149.85,38342.020000000004,0.0,56491.87000000001,0.0,0.0,0.0,0.0,,,,,0.0,0.0,0.0,0.0,0.0,0.0,0.0,0.0,0.0,0.0,0.0,0.0,0.0,0.0,0.0,0.0,0.0,0.0,0.0,0.0,0.0,0.0,0.0,0.0,18149.85,38342.020000000004,0.0,56491.87000000001,907.48,3269.8,0.0,4177.27,17242.37,35072.22,0.0,52314.59,577.3387499999999,3073.3080299999997,,3650.64678,2.8350000000000004,35.153,,37.988,2507.4432,30869.8452,,33377.2884,3087.62,33978.32,,37065.94,17.907167054181066,96.88100724733137,,70.85201279413641,641.12,3498.79,0.0,4139.910000000001,14090.96,5562.98,0.0,19653.94,,,,,,,,,,,,,,0.0,0.0,52314.59,0.0,0.0,,0.0,,0.0,,,,,,,,52314.59,0.0
311,MADHYA PRADESH,BETUL,,1074.8,1074.8,0.0,1074.8,26248.0,830202.0,0.0,856450.0,147850.0,1004300.0,2435.31,87978.94,0.0,90414.25,221.91,,0.0,221.91,3097.02528,0.0,0.0,3097.01,401.85,10804.08,0.0,11205.930000000002,564.27,1345.47,0.0,1909.7400000000002,32.46,294.84000000000003,0.0,327.30000000000007,,,,,,,,,6752.81,100423.33,0.0,107176.14,,,,,,,,,,,,0.0,,,,0.0,,,,,,,,,,,,,,,,0.0,6752.81,100423.33,0.0,107176.14,528.65,7402.889999999999,0.0,7931.53,6224.160000000001,93020.44,0.0,99244.6,543.1397099999999,3137.3057429999994,,3680.445453,0.0,162.06109499999997,,162.06109499999997,1607.4948,43025.3064,,44632.8012,2150.62,46324.68,,48475.299999999996,34.552774992930765,49.80053846229925,,48.84426961265398,578.52,3339.0000000000005,0.0,3917.5199999999995,4038.1700000000005,46494.07000000001,0.0,50532.240000000005,,,,,,,,,,,,,,0.0,0.0,99244.6,0.0,0.0,,0.0,,0.0,,,,,,,,99244.6,0.0
312,MADHYA PRADESH,BHIND,,951.0,951.0,0.0,951.0,179891.0,266009.0,0.0,445900.0,0.0,445900.0,33385.61000000001,46630.84,0.0,80016.45000000001,6027.17,,0.0,6027.17,7370.657999999999,0.0,0.0,7370.66,1110.52,5279.54,0.0,6390.0599999999995,14.02,23.28,0.0,37.3,6.6,48.0,0.0,54.6,,,,,,,,,47914.58,51981.659999999996,0.0,99896.24,,,,,,,,,,,,0.0,,,,0.0,,,,,,,,,,,,,,,,0.0,47914.58,51981.659999999996,0.0,99896.24,3997.62,4604.280000000001,0.0,8601.900000000001,43916.96,47377.380000000005,0.0,91294.34000000001,1229.33898,2283.7911299999996,,3513.13011,0.0,99.47564,,99.47564,4442.0544,21118.176,,25560.2304,5671.389999999999,23501.45,,29172.839999999997,12.913894768672513,49.60479030288293,,31.954708254640966,1315.0900000000001,2443.08,0.0,3758.17,38159.81,23716.629999999997,0.0,61876.439999999995,,,,,,,,,,,,,,0.0,0.0,91294.34,0.0,0.0,,0.0,,0.0,,,,,,,,91294.34,0.0
313,MADHYA PRADESH,BHOPAL,,0.0,1126.6488515861026,0.0,1126.6488515861026,0.0,264800.0,0.0,264800.0,12437.0,277237.0,0.0,32718.14,0.0,32718.14,0.0,,0.0,0.0,0.0,0.0,0.0,0.0,0.0,5979.09,0.0,5979.09,0.0,1490.14,0.0,1490.14,0.0,288.914,0.0,288.914,0.0,1234.6125,0.0,1234.6125,0.0,0.0,0.0,0.0,0.0,41710.899999999994,0.0,41710.899999999994,,,,,,,,,,,,0.0,,,,0.0,,,,,,,,,,,,,,,,0.0,0.0,41710.899999999994,0.0,41710.899999999994,0.0,2848.8900000000003,0.0,2848.8900000000003,0.0,38862.009999999995,0.0,38862.009999999995,,5011.455456749999,,5011.455456749999,,679.143195,,679.143195,,23916.384,,23916.384,,29606.96,,29606.96,,76.18483964159343,,76.18483964159343,0.0,5584.57,0.0,5584.57,0.0,8681.94,0.0,8681.94,,,,,,,,,,,,,,0.0,0.0,38862.01,0.0,0.0,,0.0,,0.0,,,,,,,,38862.01,0.0
314,MADHYA PRADESH,BURHANPUR,,883.8000000000001,883.8000000000001,0.0,883.8000000000001,11289.0,245761.0,0.0,257050.0,66250.0,323300.0,1098.2,26686.88,0.0,27785.08,83.95,,0.0,83.95,1240.8889199999999,0.0,0.0,1240.8899999999999,86.56,4779.23,0.0,4865.790000000001,396.19,238.15999999999997,0.0,634.35,309.65999999999997,2464.944,0.0,2774.6040000000003,,,,,,,,,3215.45,34169.21,0.0,37384.66,0.0,0.0,0.0,0.0,,,,,0.0,0.0,0.0,0.0,0.0,0.0,0.0,0.0,0.0,0.0,0.0,0.0,0.0,0.0,0.0,0.0,0.0,0.0,0.0,0.0,0.0,0.0,0.0,0.0,3215.45,34169.21,0.0,37384.66,160.78,2618.17,0.0,2778.96,3054.67,31551.04,0.0,34605.71,147.13296,1552.095705,,1699.228665,0.0,35.07223,,35.07223,386.6562,21553.829999999998,,21940.4862,533.79,23140.989999999998,,23674.780000000002,17.47455535295138,73.3446187510776,,68.41292954255238,160.9,1698.24,0.0,1859.14,2507.11,8263.91,0.0,10771.02,,,,,,,,,,,,,,0.0,0.0,34605.71,0.0,0.0,,0.0,,0.0,,,,,,,,34605.71,0.0
315,MADHYA PRADESH,CHHATARPUR,,1092.7,1092.7,0.0,1092.7,116640.0,673794.0,0.0,790434.0,78302.0,868736.0,8584.58,57934.68,0.0,66519.26000000001,3858.06,,,3858.06,2215.2959999999994,0.0,0.0,2215.29,465.61999999999995,11969.04,0.0,12434.66,1274.13,765.45,0.0,2039.58,28.379999999999995,1593.12,0.0,1621.5000000000002,,,,,,,,,16426.06,72262.29000000001,0.0,88688.34999999999,,,,,,,,,,,,0.0,,,,0.0,,,,,,,,,,,,,,,,0.0,16426.06,72262.29000000001,0.0,88688.34999999999,1147.0200000000002,6075.67,0.0,7222.699999999999,15279.04,66186.62,0.0,81465.66,599.393145,2455.0836225,,3054.4767674999994,0.0,79.67949999999999,,79.67949999999999,1862.4884,47876.1624,,49738.650799999996,2461.8799999999997,50410.92000000001,,52872.8,16.11279242674932,76.16482001951455,,64.90194764272455,652.3000000000001,2671.8200000000006,0.0,3324.12,12764.249999999998,15703.45,0.0,28467.699999999997,,,,,,,,,,,,,,0.0,0.0,81465.65999999999,0.0,0.0,,0.0,,0.0,,,,,,,,81465.65999999999,0.0
316,MADHYA PRADESH,CHHINDWARA,,1139.25,1139.25,0.0,1139.25,13311.0,871466.0,0.0,884777.0,296723.0,1181500.0,1039.77,87563.47,0.0,88603.23999999999,708.57,,0.0,708.57,1234.683,0.0,0.0,1234.68,181.39,13755.900000000001,0.0,13937.290000000003,304.11999999999995,563.26,0.0,867.38,119.64,593.7,,713.3400000000001,,,,,,,,,3588.17,102476.33,0.0,106064.5,,,,,,,,,,,,0.0,,,,0.0,,,,,,,,,,,,,,,,0.0,3588.17,102476.33,0.0,106064.5,294.34000000000003,6696.379999999999,0.0,6990.719999999999,3293.83,95779.95,0.0,99073.77999999998,80.90079,5250.781229999999,,5331.682019999998,0.0,556.5606250000001,,556.5606250000001,753.72,55023.706,,55777.426,834.62,60831.07,,61665.689999999995,25.33889119960654,63.5112776734588,,62.24218960859271,84.19,5590.789999999999,0.0,5674.98,2455.92,34608.88,0.0,37064.799999999996,,,,,,,,,,,,,,0.0,0.0,99073.78,0.0,0.0,,0.0,,0.0,,,,,,,,99073.78,0.0
317,MADHYA PRADESH,DAMOH,,1176.0,1176.0,0.0,1176.0,57667.0,416952.0,0.0,474619.0,255981.0,730600.0,2941.69,24880.289999999997,0.0,27821.980000000003,1394.7099999999998,,0.0,1394.7099999999998,3311.6040000000003,0.0,0.0,3311.6000000000004,145.94,4493.94,0.0,4639.9,1411.2199999999998,157.39,0.0,1568.61,21.9,57.3,0.0,79.2,,,,,,,,,9227.06,29588.92,0.0,38815.98,,,,,,,,,,,,0.0,,,,0.0,,,,,,,,,,,,,,,,0.0,9227.06,29588.92,0.0,38815.98,664.03,2074.8,0.0,2738.83,8563.029999999999,27514.12,0.0,36077.15,292.32338999999996,2006.0810625,,2298.4044525,0.0,298.6795,,298.6795,583.8048000000001,17975.79,,18559.594800000003,876.1299999999999,20280.53,,21156.64,10.231541872444684,73.70953532222728,,58.6427697309793,313.59000000000003,2421.59,0.0,2735.1800000000003,7665.639999999999,6818.07,0.0,14483.71,,,,,,,,,,,,,,0.0,0.0,36077.149999999994,0.0,0.0,,0.0,,0.0,,,,,,,,36077.149999999994,0.0
318,MADHYA PRADESH,DATIA,,963.8,963.8000000000001,0.0,963.8,132097.0,134103.0,0.0,266200.0,2900.0,269100.0,16950.97,18742.440000000002,0.0,35693.41,1081.8400000000001,,0.0,1081.8400000000001,3437.6885999999995,0.0,0.0,3437.69,1133.52,2069.2799999999997,0.0,3202.8,14.23,12.11,0.0,26.340000000000003,55.0,121.29999999999998,0.0,176.29999999999998,,,,,,,,,22673.25,20945.13,0.0,43618.380000000005,,,,,,,,,,,,0.0,,,,0.0,,,,,,,,,,,,,,,,0.0,22673.25,20945.13,0.0,43618.380000000005,1713.5900000000001,1600.5,0.0,3314.09,20959.659999999996,19344.63,0.0,40304.28999999999,649.554,1087.5978,,1737.1517999999999,0.0,29.564999999999998,,29.564999999999998,4534.0560000000005,8277.12,,12811.176,5183.62,9394.310000000001,,14577.93,24.7314126278766,48.562882825879846,,36.16967325314502,708.4,1186.14,0.0,1894.54,15717.189999999999,9851.77,0.0,25568.96,,,,,,,,,,,,,,0.0,0.0,40304.28999999999,0.0,0.0,,0.0,,0.0,,,,,,,,40304.28999999999,0.0
319,MADHYA PRADESH,DEWAS,,1069.0,1069.0,0.0,1069.0,18544.0,558538.0,0.0,577082.0,125002.0,702084.0,1691.3600000000001,63643.7,0.0,65335.06,267.81,,,267.81,884.87964,0.0,0.0,884.88,111.26999999999998,14978.07,0.0,15089.339999999998,228.59,240.3,0.0,468.89,,4251.6,,4251.6,,,,,,,,,3183.9100000000003,83113.67,0.0,86297.58,,,,,,,,,,,,0.0,,,,0.0,,,,,,,,,,,,,,,,0.0,3183.9100000000003,83113.67,0.0,86297.58,318.39,5274.349999999999,0.0,5592.73,2865.52,77839.32,0.0,80704.84000000001,123.32547,4112.04912,,4235.374589999999,0.0,88.94137500000001,,88.94137500000001,445.11999999999995,59912.28999999999,,60357.41,568.44,64113.28999999999,,64681.729999999996,19.837237220469586,82.36620001305252,,80.14603585113356,137.06,4442.53,0.0,4579.59,2283.34,15824.359999999999,0.0,18107.699999999997,,,,,,,,,,,,,,0.0,0.0,80704.84000000001,0.0,0.0,,0.0,,0.0,,,,,,,,80704.84000000001,0.0
320,MADHYA PRADESH,DHAR,,902.3,902.3,0.0,902.3,149070.0,663570.0,0.0,812640.0,2660.0,815300.0,13241.0,72770.31000000001,0.0,86011.31,3624.05,,0.0,3624.05,24737.154600399997,0.0,0.0,24737.15,1467.9099999999999,17663.719999999998,0.0,19131.62,1600.8300000000004,1225.69,0.0,2826.5200000000004,47.176,1666.3700000000003,,1713.5460000000003,,,,,,,,,44718.12,93326.07999999997,0.0,138044.19999999998,,,,,,,,,,,,0.0,,,,0.0,,,,,,,,,,,,,,,,0.0,44718.12,93326.07999999997,0.0,138044.19999999998,2558.28,6844.139999999999,0.0,9402.419999999998,42159.840000000004,86481.94,0.0,128641.78,1041.42384,4917.949409999999,,5959.373249999999,0.0,611.85899,,611.85899,5871.529999999999,71220.06280000001,,77091.59279999998,6912.960000000001,76749.88,,83662.84000000001,16.39702617467239,88.74671405382442,,65.03551179095936,1135.0,5513.39,0.0,6648.400000000001,35153.28,20353.04,0.0,55506.32,,,,,,,,,,,,,,0.0,0.0,128641.78,0.0,0.0,,0.0,,0.0,,,,,,,,128641.78,0.0
321,MADHYA PRADESH,DINDORI,,0.0,1376.7,0.0,1376.7,0.0,456000.0,0.0,456000.0,116500.0,572500.0,0.0,33696.31,0.0,33696.31,,,,,0.0,0.0,0.0,0.0,0.0,579.02,0.0,579.02,,,,,0.0,47.04,0.0,47.04,,,,,,,,,0.0,34322.37,0.0,34322.37,,,,,,,,,,,,0.0,,,,0.0,,,,,,,,,,,,,,,,0.0,0.0,34322.37,0.0,34322.37,0.0,1716.1100000000001,0.0,1716.1100000000001,0.0,32606.26,0.0,32606.26,,1817.0517599999998,,1817.0517599999998,,0.0,,0.0,,2316.1771999999996,,2316.1771999999996,,4133.2300000000005,,4133.2300000000005,,12.676185493215108,,12.676185493215108,0.0,1986.4199999999998,0.0,1986.4199999999998,0.0,28303.680000000004,0.0,28303.680000000004,,,,,,,,,,,,,,0.0,0.0,32606.26,0.0,0.0,,0.0,,0.0,,,,,,,,32606.26,0.0
322,MADHYA PRADESH,GUNA,,1082.0,1082.0,0.0,1082.0,37209.0,580305.0,0.0,617514.0,21486.0,639000.0,3723.1099999999997,59263.61,0.0,62986.72,2114.44,,0.0,2114.44,3640.0644000000007,0.0,0.0,3640.0600000000004,302.61999999999995,11599.589999999998,0.0,11902.21,777.8100000000001,293.91,0.0,1071.72,55.2,258.3,0.0,313.5,,,,,,,,,10613.24,71415.41,0.0,82028.65000000001,,,,,,,,,,,,0.0,,,,0.0,,,,,,,,,,,,,,,,0.0,10613.24,71415.41,0.0,82028.65000000001,876.1299999999999,4495.31,0.0,5371.4400000000005,9737.11,66920.09999999999,0.0,76657.20999999999,160.89273,2330.39652,,2491.28925,0.0,75.79225000000001,,75.79225000000001,1210.5288,46398.263399999996,,47608.792199999996,1371.43,48804.469999999994,,50175.899999999994,14.08456924077062,72.92946364395749,,65.4548998065544,177.01,2538.97,0.0,2715.98,8349.57,17907.07,0.0,26256.64,,,,,,,,,,,,,,0.0,0.0,76657.20999999999,0.0,0.0,,0.0,,0.0,,,,,,,,76657.20999999999,0.0
323,MADHYA PRADESH,GWALIOR,,870.0,870.0,0.0,870.0,131133.0,297167.0,0.0,428300.0,28100.0,456400.0,16917.71,38610.54,0.0,55528.25,3909.5299999999997,,0.0,3909.5299999999997,15623.8344,0.0,0.0,15623.83,837.4899999999999,3675.54,0.0,4513.03,330.77,853.8,0.0,1184.5700000000002,4.8,54.72,0.0,59.519999999999996,,459.9,,459.9,,0.0,,0.0,37624.130000000005,43654.5,0.0,81278.63,,,,,,,,,,,,0.0,,,,0.0,,,,,,,,,,,,,,,,0.0,37624.130000000005,43654.5,0.0,81278.63,2042.33,4365.46,0.0,6407.79,35581.8,39289.04,0.0,74870.84,336.72345,5043.92779125,,5380.65124125,0.0,463.04265,,463.04265,3349.9728,14702.1748,,18052.147600000004,3686.7,20209.15,,23895.850000000002,10.361195892282007,51.437118341400044,,31.916097108032986,350.68,5652.540000000001,0.0,6003.22,31881.15,18471.27,0.0,50352.42,,,,,,,,,,,,,,0.0,0.0,74870.84,0.0,0.0,,0.0,,0.0,,,,,,,,74870.84,0.0
324,MADHYA PRADESH,HARDA,,1374.5,1374.5,0.0,1374.5,79150.0,190940.0,0.0,270090.0,62910.0,333000.0,10423.09,17712.519999999997,0.0,28135.61,7578.09,,0.0,7578.09,7456.05,0.0,0.0,7456.05,423.78999999999996,3180.06,0.0,3603.85,52.56999999999999,0.46,0.0,53.03,41.62,34.32,0.0,75.94,,,,,,,,,25975.21,20927.36,0.0,46902.57,,,,,,,,,,,,0.0,,,,0.0,,,,,,,,,,,,,,,,0.0,25975.21,20927.36,0.0,46902.57,2597.5299999999997,1392.3600000000001,0.0,3989.89,23377.68,19535.0,0.0,42912.68,181.43493,1042.3348799999999,,1223.7698099999998,0.0,16.1695,,16.1695,1412.6399999999999,12992.4,,14405.039999999999,1594.0800000000002,14050.909999999998,,15644.99,6.818811789707106,71.92684924494496,,36.45773230662825,197.31,1133.54,0.0,1330.85,21767.72,5392.88,0.0,27160.600000000002,,,,,,,,,,,,,,0.0,0.0,42912.68,0.0,0.0,,0.0,,0.0,,,,,,,,42912.68,0.0
325,MADHYA PRADESH,HOSHANGABAD,,1324.5,1324.5,0.0,1324.5,253623.0,304729.0,0.0,558352.0,112048.0,670400.0,67811.12,59645.29,0.0,127456.41,17689.760000000002,,,17689.760000000002,20742.264000000003,0.0,0.0,20742.26,2038.89,7977.42,0.0,10016.31,67.67,57.97,,125.64,9.6,40.32,0.0,49.92,,,,,,,,,108359.29999999999,67721.0,0.0,176080.30000000002,,,,,,,,,,,,0.0,,,,0.0,,,,,,,,,,,,,,,,0.0,108359.29999999999,67721.0,0.0,176080.30000000002,9352.04,5112.52,0.0,14464.560000000001,99007.26000000001,62608.479999999996,0.0,161615.74,937.8959699999999,1285.8782099999999,,2223.77418,2.117,6.999,,9.116,8155.511999999999,31909.68,,40065.191999999995,9095.5,33202.55,,42298.049999999996,9.186700046037027,53.03203336033714,,26.171986713670336,993.5799999999999,1362.22,0.0,2355.8,89856.09000000001,29329.58,0.0,119185.67000000001,,,,,,,,,,,,,,0.0,0.0,161615.74,0.0,0.0,,0.0,,0.0,,,,,,,,161615.74,0.0
326,MADHYA PRADESH,INDORE,,976.8,976.8000000000001,0.0,976.8,5376.0,376521.0,0.0,381897.0,7903.0,389800.0,511.61,41019.68,0.0,41531.29,53.17,,0.0,53.17,224.856,0.0,0.0,224.84999999999997,117.87,13487.529999999999,0.0,13605.4,267.55,1250.47,0.0,1518.02,,108.28,,108.28,0.0,1231.875,0.0,1231.875,0.0,0.0,0.0,0.0,1175.05,57097.84,0.0,58272.89,,,,,,,,,,,,0.0,,,,0.0,0.0,0.0,0.0,0.0,0.0,0.0,0.0,0.0,0.0,0.0,0.0,0.0,0.0,0.0,0.0,0.0,1175.05,57097.84,0.0,58272.89,87.44999999999999,5185.49,0.0,5272.9400000000005,1087.6,51912.350000000006,0.0,52999.95,147.42203999999998,7545.25589175,,7692.6779317499995,0.0,1639.599,,1639.599,471.49,53950.079600000005,,54421.5696,618.9100000000001,63134.92999999999,,63753.84,56.906031629275475,121.61832396337284,,120.29037763243173,158.26,8808.04,0.0,8966.300000000001,457.85,1933.92,0.0,2391.77,,,,,,,0.0,0.0,0.0,,,,,0.0,0.0,52999.950000000004,0.0,0.0,,0.0,,0.0,,,,,,,,52999.950000000004,0.0
327,MADHYA PRADESH,JABALPUR,,1279.45,1279.45,0.0,1279.45,80876.0,362992.0,0.0,443868.0,78225.0,522093.0,13339.18,39214.270000000004,0.0,52553.450000000004,291.37,,0.0,291.37,2938.0434,0.0,0.0,2938.0499999999997,1290.99,5729.66,0.0,7020.65,163.31,163.55,0.0,326.86,101.58,725.22,,826.7999999999998,0.0,383.25,0.0,383.25,0.0,0.0,0.0,0.0,18124.480000000003,46215.95,0.0,64340.43000000001,,,,,,,,,,,,0.0,,,,0.0,,,,,,,,,,,,,,,,0.0,18124.480000000003,46215.95,0.0,64340.43000000001,906.22,3707.4199999999996,0.0,4613.64,17218.26,42508.53,0.0,59726.78999999999,541.57605,5179.8880282499995,,5721.464078249999,0.0,375.90437499999996,,375.90437499999996,4499.7876,20647.502,,25147.2896,5041.35,26203.3,,31244.65,29.27909091859457,61.64245152678768,,52.31262219181711,573.98,5892.199999999999,0.0,6466.179999999999,12144.52,16156.22,0.0,28300.739999999998,,,,,,,,,,,,,,0.0,0.0,59726.79,0.0,0.0,,0.0,,0.0,,,,,,,,59726.79,0.0
328,MADHYA PRADESH,JHABUA,,835.1,835.1,0.0,835.1,17018.0,294235.0,0.0,311253.0,34747.0,346000.0,1779.75,17545.81,0.0,19325.56,138.7,,0.0,138.7,2064.42,0.0,0.0,2064.42,84.76,1945.19,0.0,2029.9500000000003,108.61,1157.73,0.0,1266.34,0.0,246.744,0.0,246.744,,,,,,,,,4176.24,20895.47,0.0,25071.710000000003,,,,,,,,,,,,0.0,,,,0.0,,,,,,,,,,,,,,,,0.0,4176.24,20895.47,0.0,25071.710000000003,208.81,1513.98,0.0,1722.79,3967.4300000000003,19381.49,0.0,23348.92,122.92688999999999,2625.7421099999997,,2748.6689999999994,0.0,1.8476299999999997,,1.8476299999999997,282.528,7780.766,,8063.294000000001,405.44,10408.36,,10813.8,10.219209916747113,53.702579110274804,,46.31391944466811,142.35,3005.5000000000005,0.0,3147.8500000000004,3542.57,8593.369999999999,0.0,12135.939999999999,,,,,,,,,,,,,,0.0,0.0,23348.920000000002,0.0,0.0,,0.0,,0.0,,,,,,,,23348.920000000002,0.0
329,MADHYA PRADESH,KATNI,,1171.3999999999999,1171.3999999999999,0.0,1171.3999999999999,33404.0,433244.0,0.0,466648.0,22752.0,489400.0,2183.61,31357.199999999997,0.0,33540.81,462.65999999999997,,0.0,462.65999999999997,1270.161,0.0,0.0,1270.17,114.92,3388.75,0.0,3503.67,377.59999999999997,145.67000000000002,0.0,523.27,71.58,366.78,0.0,438.36,,,,,,,,,4480.54,35258.399999999994,0.0,39738.94,,,,,,,,,,,,0.0,,,,0.0,,,,,,,,,,,,,,,,0.0,4480.54,35258.399999999994,0.0,39738.94,448.05,2054.15,0.0,2502.2,4032.49,33204.25,0.0,37236.740000000005,229.96970999999996,2509.3720799999996,,2739.34179,0.0,782.6184000000001,,782.6184000000001,459.6804,13555.047599999998,,14014.728,689.64,16847.010000000002,,17536.65,17.10208828788168,50.737511011391625,,47.09501959623748,251.51999999999998,2744.59,0.0,2996.11,3321.2999999999997,16122.019999999999,0.0,19443.32,,,,,,,,,,,,,,0.0,0.0,37236.74,0.0,0.0,,0.0,,0.0,,,,,,,,37236.74,0.0
330,MADHYA PRADESH,KHANDWA,,951.6500000000002,951.6500000000002,0.0,951.6500000000002,92560.0,488886.0,0.0,581446.0,171004.0,752450.0,7701.7300000000005,49755.45,0.0,57457.18,1143.21,,0.0,1143.21,40331.92563648001,0.0,0.0,40331.92,646.25,9489.15,0.0,10135.400000000001,3060.0199999999995,276.35,0.0,3336.37,612.568,1238.528,0.0,1851.096,,,,,,,,,53495.71,60759.49,0.0,114255.20000000001,,,,,,,,,,,,0.0,,,,0.0,,,,,,,,,,,,,,,,0.0,53495.71,60759.49,0.0,114255.20000000001,5068.489999999999,3815.86,0.0,8884.35,48427.22,56943.63,0.0,105370.85,538.0808099999999,2439.205575,,2977.2863849999994,0.0,53.9854,,53.9854,2584.9820799999998,37956.583999999995,,40541.566080000004,3123.0699999999997,40449.75,,43572.82,6.448997072307681,71.03472328687161,,41.35187293259948,584.26,2659.6600000000003,0.0,3243.92,45257.97000000001,16273.430000000002,0.0,61531.40000000001,,,,,,,,,,,,,,0.0,0.0,105370.85,0.0,0.0,,0.0,,0.0,,,,,,,,105370.85,0.0
331,MADHYA PRADESH,KHARGONE,,782.9,782.9,0.0,782.9,156918.0,499979.0,0.0,656897.0,146103.0,803000.0,11460.91,43154.29000000001,0.0,54615.2,3888.8700000000003,,0.0,3888.8700000000003,20665.673327880002,0.0,0.0,20665.660000000003,897.07,8674.03,0.0,9571.1,2360.4,916.31,0.0,3276.7100000000005,1120.3500000000001,3989.74,,5110.09,,,,,,,,,40393.270000000004,56734.359999999986,0.0,97127.63,,,,,,,,,,,,0.0,,,,0.0,,,,,,,,,,,,,,,,0.0,40393.270000000004,56734.359999999986,0.0,97127.63,2191.5499999999997,2836.71,0.0,5028.259999999999,38201.72,53897.649999999994,0.0,92099.36999999998,1223.8289399999999,3023.996457,,4247.825397,3.024,159.71904999999998,,162.74304999999998,3548.21544,34177.736000000004,,37725.95144,4775.05,37361.45,,42136.5,12.49956808227483,69.319256034354,,45.75112728784139,1335.96,3312.32,0.0,4648.280000000001,33314.55,16247.87,0.0,49562.420000000006,,,,,,,,,,,,,,0.0,0.0,92099.37000000001,0.0,0.0,,0.0,,0.0,,,,,,,,92099.37000000001,0.0
332,MADHYA PRADESH,MANDLA,,1427.7,1427.7,0.0,1427.7,31070.0,542920.0,0.0,573990.0,180410.0,754400.0,2959.5199999999995,38488.83,0.0,41448.350000000006,1814.45,,0.0,1814.45,534.5999999999999,0.0,0.0,534.6,77.93,1674.14,0.0,1752.0700000000002,422.73,292.2,0.0,714.9300000000001,0.0,65.604,0.0,65.604,,,,,,,,,5809.2300000000005,40520.77,0.0,46330.00000000001,,,,,,,,,,,,0.0,,,,0.0,,,,,,,,,,,,,,,,0.0,5809.2300000000005,40520.77,0.0,46330.00000000001,513.8399999999999,2225.47,0.0,2739.3099999999995,5295.389999999999,38295.3,0.0,43590.69,332.69604,2167.8788099999997,,2500.57485,0.0,0.802,,0.802,311.71500000000003,6696.54,,7008.255,644.41,8865.22,,9509.63,12.169264209057312,23.149629327880962,,21.81573634186566,357.97,2332.52,0.0,2690.4900000000002,4625.71,29265.450000000004,0.0,33891.16,,,,,,,,,,,,,,0.0,0.0,43590.69,0.0,0.0,,0.0,,0.0,,,,,,,,43590.69,0.0
333,MADHYA PRADESH,MANDSAUR,,753.7,753.6999999999998,0.0,753.6999999999999,74088.0,424380.0,0.0,498468.0,54470.0,552938.0,7096.79,40650.799999999996,0.0,47747.59,327.59999999999997,,,327.59999999999997,793.1519999999999,0.0,0.0,793.1499999999999,1431.63,14497.990000000002,0.0,15929.619999999999,2643.73,0.0,0.0,2643.73,239.39999999999998,4676.436,,4915.835999999999,,,,,,,,,12532.300000000001,59825.229999999996,0.0,72357.53,,,,,,,,,,,,0.0,,,,0.0,,,,,,,,,,,,,,,,0.0,12532.300000000001,59825.229999999996,0.0,72357.53,1253.22,5982.52,0.0,7235.74,11279.080000000002,53842.71,0.0,65121.79,353.56235999999996,3070.0515,,3423.6138599999995,0.0,27.989999999999995,,27.989999999999995,5726.4732,57991.8564,,63718.3296,6080.039999999999,61089.89,,67169.93000000001,53.90546037442768,113.45990942877874,,103.1450916812944,372.77,3244.75,0.0,3617.52,5179.83,1924.9,0.0,7104.73,,,,,,,,,,,,,,0.0,0.0,65121.79,0.0,0.0,,0.0,,0.0,,,,,,,,65121.79,0.0
334,MADHYA PRADESH,MORENA,,753.0,753.0,0.0,753.0,224789.0,213700.0,0.0,438489.0,58400.0,496889.0,28432.3,21681.15,0.0,50113.45,10037.27,,0.0,10037.27,4177.608,0.0,0.0,4177.61,1661.2299999999998,2494.45,0.0,4155.68,239.26999999999998,151.69,0.0,390.96000000000004,15.780000000000001,67.5,,83.28,,,,,,,,,44563.46000000001,24394.79,0.0,68958.25,,,,,,,,,,,,0.0,,,,0.0,,,,,,,,,,,,,,,,0.0,44563.46000000001,24394.79,0.0,68958.25,3498.04,2263.9900000000002,0.0,5762.030000000001,41065.42,22130.799999999996,0.0,63196.22,2807.81214,2973.34548,,5781.157619999999,0.0,691.5290000000001,,691.5290000000001,8806.9296,11156.248800000001,,19963.1784,11614.72,14821.099999999999,,26435.82,28.283456007511916,66.97046649917763,,41.831331051129325,3071.8500000000004,3276.57,0.0,6348.420000000001,29186.659999999996,7006.4800000000005,0.0,36193.14,,,,,,,,,,,,,,0.0,0.0,63196.22,0.0,0.0,,0.0,,0.0,,,,,,,,63196.22,0.0
335,MADHYA PRADESH,NARSINGHPUR,,1191.0,1191.0,0.0,1191.0,52769.0,426331.0,0.0,479100.0,34200.0,513300.0,9914.029999999999,91049.87,0.0,100963.9,2076.27,,0.0,2076.27,371.70000000000005,0.0,0.0,371.7,283.87,16366.48,0.0,16650.35,0.0,3.6400000000000006,0.0,3.6400000000000006,0.0,50.58,,50.58,,,,,,,,,12645.869999999999,107470.57,0.0,120116.44,,,,,,,,,,,,0.0,,,,0.0,,,,,,,,,,,,,,,,0.0,12645.869999999999,107470.57,0.0,120116.44,847.1299999999999,8465.69,0.0,9312.82,11798.74,99004.88,0.0,110803.62,103.77753,2215.6689899999997,,2319.4465199999995,0.0,0.0,,0.0,1135.5120000000002,71812.44,,72947.95199999999,1239.2899999999997,74028.09999999999,,75267.39,10.503579195744628,74.77217284642937,,67.92863807157204,109.75,2343.21,0.0,2452.96,10553.48,24849.24,0.0,35402.72,,,,,,,,,,,,,,0.0,0.0,110803.62000000001,0.0,0.0,,0.0,,0.0,,,,,,,,110803.62000000001,0.0
336,MADHYA PRADESH,NEEMUCH,,854.8500000000001,854.85,0.0,854.8500000000001,17976.0,357768.0,0.0,375744.0,44300.0,420044.0,1174.44,27744.11,0.0,28918.549999999996,201.60000000000002,,,201.60000000000002,447.5519999999999,0.0,0.0,447.56000000000006,252.54,8265.71,0.0,8518.25,0.0,753.4399999999999,,753.4399999999999,0.0,158.76,0.0,158.76,,,,,,,,,2076.1400000000003,36922.020000000004,0.0,38998.16,,,,,,,,,,,,0.0,,,,0.0,,,,,,,,,,,,,,,,0.0,2076.1400000000003,36922.020000000004,0.0,38998.16,207.61999999999998,3692.1899999999996,0.0,3899.81,1868.52,33229.829999999994,0.0,35098.35,94.25103,1654.1403974999998,,1748.3914274999997,0.0,29.849999999999998,,29.849999999999998,1010.1672000000001,33062.8176,,34072.984800000006,1104.42,34746.81,,35851.229999999996,59.10667266071544,104.56511513901819,,102.14505810102183,99.6,1746.6,0.0,1846.1999999999998,758.75,1673.21,0.0,2431.96,,,,,,,,,,,,,,0.0,0.0,35098.35,0.0,0.0,,0.0,,0.0,,,,,,,,35098.35,0.0
337,MADHYA PRADESH,NIWARI,,943.6,943.6000000000001,0.0,943.5999999999999,12830.0,139732.0,0.0,152562.0,3900.0,156462.0,1221.78,13218.2,0.0,14439.98,301.2,,0.0,301.2,569.268,0.0,0.0,569.27,196.62,2683.39,0.0,2880.01,319.73,109.26,,428.99,444.72,451.02,,895.74,,,,,,,,,3053.3199999999997,16461.870000000003,0.0,19515.190000000002,,,,,,,,,,,,0.0,,,,0.0,,,,,,,,,,,,,,,,0.0,3053.3199999999997,16461.870000000003,0.0,19515.190000000002,152.67000000000002,1361.5,0.0,1514.17,2900.6499999999996,15100.369999999999,0.0,18001.019999999997,154.92498,944.2891275,,1099.2141075,0.0,5.788169999999999,,5.788169999999999,786.5423999999999,10733.580000000002,,11520.1224,941.4599999999999,11683.66,,12625.119999999999,32.4568631168876,77.37333588514718,,70.13558120595388,193.82999999999998,1145.48,0.0,1339.31,1920.28,3215.52,0.0,5135.8,,,,,,,,,,,,,,0.0,0.0,18001.019999999997,0.0,0.0,,0.0,,0.0,,,,,,,,18001.019999999997,0.0
338,MADHYA PRADESH,PANNA,,1182.8999999999999,1182.8999999999999,0.0,1182.8999999999999,32712.0,629763.0,0.0,662475.0,51025.0,713500.0,2152.21,45149.15,0.0,47301.36,641.86,,0.0,641.86,1850.3640000000003,0.0,0.0,1850.36,163.71,3779.06,0.0,3942.77,575.0,311.03,0.0,886.03,15.959999999999997,54.599999999999994,0.0,70.56,,,,,,,,,5399.1,49293.84,0.0,54692.94,,,,,,,,,,,,0.0,,,,0.0,,,,,,,,,,,,,,,,0.0,5399.1,49293.84,0.0,54692.94,453.01,4638.48,0.0,5091.49,4946.09,44655.35999999999,0.0,49601.45,202.87941,2237.0034225,,2439.8828325,0.0,97.8565,,97.8565,654.8256000000001,15116.166000000001,,15770.991600000001,857.7,17451.04,,18308.74,17.340970342229923,39.079384871155455,,36.911703186096375,219.15,2416.42,0.0,2635.5699999999997,4072.12,27024.9,0.0,31097.02,,,,,,,,,,,,,,0.0,0.0,49601.45,0.0,0.0,,0.0,,0.0,,,,,,,,49601.45,0.0
339,MADHYA PRADESH,RAISEN,,1207.3,1207.3,0.0,1207.3,58600.0,602340.0,0.0,660940.0,185700.0,846640.0,14945.33,63520.98,0.0,78466.31,225.28,,0.0,225.28,91.09799999999998,0.0,0.0,91.09,332.43,10324.57,0.0,10657.0,1762.99,649.9300000000001,0.0,2412.9199999999996,0.0,343.92,0.0,343.92,,,,,,,,,17357.12,74839.4,0.0,92196.51999999999,,,,,,,,,,,,0.0,,,,0.0,,,,,,,,,,,,,,,,0.0,17357.12,74839.4,0.0,92196.51999999999,1735.71,5310.200000000001,0.0,7045.91,15621.41,69529.2,0.0,85150.61,251.57624999999996,3102.6605999999997,,3354.23685,0.0,532.6402499999999,,532.6402499999999,1329.696,41298.255,,42627.951,1581.27,44933.549999999996,,46514.82,10.122453734970147,64.62543794549627,,54.626525869867514,271.93,3455.59,0.0,3727.52,14019.79,24242.72,0.0,38262.51,,,,,,,,,,,,,,0.0,0.0,85150.61,0.0,0.0,,0.0,,0.0,,,,,,,,85150.61,0.0
340,MADHYA PRADESH,RAJGARH,,0.0,972.0,0.0,972.0,0.0,615498.0,0.0,615498.0,0.0,615498.0,0.0,71600.81,0.0,71600.81,,,,,0.0,0.0,0.0,0.0,0.0,18444.550000000003,0.0,18444.550000000003,0.0,735.8800000000001,0.0,735.8800000000001,,924.0,,924.0,,,,,,,,,0.0,91705.24,0.0,91705.24,,,,,,,,,,,,0.0,,,,0.0,,,,,,,,,,,,,,,,0.0,0.0,91705.24,0.0,91705.24,0.0,4585.26,0.0,4585.26,0.0,87119.98,0.0,87119.98,,4038.23517,,4038.23517,,0.8073800000000001,,0.8073800000000001,,73778.1744,,73778.1744,,77817.23,,77817.23,,89.32190985351465,,89.32190985351465,0.0,4534.900000000001,0.0,4534.900000000001,0.0,9806.02,0.0,9806.02,,,,,,,,,,,,,,0.0,0.0,87119.98000000001,0.0,0.0,,0.0,,0.0,,,,,,,,87119.98000000001,0.0
341,MADHYA PRADESH,RATLAM,,992.85,992.85,0.0,992.85,8614.0,452986.0,0.0,461600.0,24500.0,486100.0,443.69,53896.810000000005,0.0,54340.5,1008.0,,,1008.0,19.44,0.0,0.0,19.44,54.5,24805.07,0.0,24859.57,250.18,600.23,0.0,850.41,0.0,3050.4,0.0,3050.4,,,,,,,,,1775.81,82352.51000000001,0.0,84128.32,,,,,,,,,,,,0.0,,,,0.0,,,,,,,,,,,,,,,,0.0,1775.81,82352.51000000001,0.0,84128.32,88.78999999999999,7958.699999999999,0.0,8047.49,1687.02,74393.81,0.0,76080.83,14.23281,4290.586679999999,,4304.81949,0.0,41.35279499999999,,41.35279499999999,218.0,99220.312,,99438.312,232.23,103552.25,,103784.48,13.765693352775902,139.19471257084427,,136.41344343903714,15.46,6050.639999999999,0.0,6066.099999999999,1453.56,495.44,0.0,1949.0,,,,,,,,,,,,,,0.0,0.0,76080.83,0.0,0.0,,0.0,,0.0,,,,,,,,76080.83,0.0
342,MADHYA PRADESH,REWA,,1141.45,1141.4499999999998,0.0,1141.45,85364.0,508396.0,0.0,593760.0,37600.0,631360.0,3754.21,41425.990000000005,0.0,45180.200000000004,2227.3500000000004,,0.0,2227.3500000000004,889.41834,0.0,0.0,889.4200000000001,567.47,4783.31,0.0,5350.780000000001,201.31,207.85999999999999,0.0,409.1700000000001,11.219999999999999,115.38000000000001,,126.60000000000001,,,,,,,,,7650.98,46532.53999999999,0.0,54183.52,,,,,,,,,,,,0.0,,,,0.0,,,,,,,,,,,,,,,,0.0,7650.98,46532.53999999999,0.0,54183.52,542.96,4154.26,0.0,4697.220000000001,7108.02,42378.28,0.0,49486.299999999996,1142.8339799999999,4418.404387500001,,5561.238367499999,75.168,110.55852000000002,,185.72651999999997,2269.8576000000003,19133.1818,,21403.039399999994,3487.85,23662.14,,27149.989999999998,49.06922040174338,55.835536505964846,,54.86364913117367,1263.8400000000001,4921.21,0.0,6185.05,3499.17,18213.340000000004,0.0,21712.510000000002,,,,,,,,,,,,,,0.0,0.0,49486.3,0.0,0.0,,0.0,,0.0,,,,,,,,49486.3,0.0
343,MADHYA PRADESH,SAGAR,,1205.0,1205.0,0.0,1205.0,40053.0,885365.0,0.0,925418.0,99782.0,1025200.0,3476.33,89757.22,0.0,93233.55000000002,889.6200000000001,,0.0,889.6200000000001,1061.2092862911795,0.0,0.0,1061.21,296.84999999999997,14094.769999999999,0.0,14391.619999999999,1033.16,330.79,0.0,1363.95,38.58,657.194,0.0,695.7740000000001,,,,,,,,,6795.75,104839.97,0.0,111635.72,,,,,,,,,,,,0.0,,,,0.0,,,,,,,,,,,,,,,,0.0,6795.75,104839.97,0.0,111635.72,430.29999999999995,8021.2,0.0,8451.49,6365.45,96818.76999999999,0.0,103184.21999999999,155.81850000000003,3598.0807575,,3753.8992574999997,0.0,80.77632499999999,,80.77632499999999,893.6784,55913.266800000005,,56806.9452,1049.5,59592.15000000001,,60641.649999999994,16.487443935621204,61.550203540078044,,58.77027514478473,164.89,3924.87,0.0,4089.7599999999998,5306.89,36899.850000000006,0.0,42206.740000000005,,,,,,,,,,,,,,0.0,0.0,103184.21999999997,0.0,0.0,,0.0,,0.0,,,,,,,,103184.21999999997,0.0
344,MADHYA PRADESH,SATNA,,1075.5,1075.5,0.0,1075.5,47108.0,624998.0,0.0,672106.0,79910.0,752016.0,3003.3100000000004,52535.83000000001,0.0,55539.14000000001,594.0699999999999,,0.0,594.0699999999999,5665.8915,0.0,0.0,5665.900000000001,122.41999999999999,9317.1,0.0,9439.52,0.0,136.58,0.0,136.58,6.0,385.97999999999996,0.0,391.97999999999996,,,,,,,,,9391.699999999999,62375.49,0.0,71767.19,,,,,,,,,,,,0.0,,,,0.0,,,,,,,,,,,,,,,,0.0,9391.699999999999,62375.49,0.0,71767.19,866.9,4387.78,0.0,5254.69,8524.8,57987.71000000001,0.0,66512.51000000001,358.11756,4334.77869,,4692.89625,0.0,108.38399999999999,,108.38399999999999,489.7368,37268.415,,37758.1518,847.87,41711.6,,42559.469999999994,9.945922484984985,71.9317938232084,,63.987165722658766,387.45,4689.86,0.0,5077.3099999999995,7647.59,18006.1,0.0,25653.69,,,,,,,,,,,,,,0.0,0.0,66512.51000000001,0.0,0.0,,0.0,,0.0,,,,,,,,66512.51000000001,0.0
345,MADHYA PRADESH,SEHORE,,1157.4,1157.3999999999999,0.0,1157.4,95559.0,368413.0,0.0,463972.0,193828.0,657800.0,9858.35,45808.88,0.0,55667.229999999996,3247.5400000000004,,0.0,3247.5400000000004,3124.3320000000003,0.0,0.0,3124.33,733.1300000000001,8990.49,0.0,9723.619999999999,1067.19,344.39,0.0,1411.5800000000002,23.64,229.92,,253.56,,,,,,,,,18054.18,55373.68000000001,0.0,73427.86,,,,,,,,,,,,0.0,,,,0.0,,,,,,,,,,,,,,,,0.0,18054.18,55373.68000000001,0.0,73427.86,1653.78,4589.320000000001,0.0,6243.099999999999,16400.4,50784.36,0.0,67184.76,359.27169000000004,2125.50888,,2484.78057,0.0,117.4685,,117.4685,2932.5096,35961.990000000005,,38894.4996,3291.7700000000004,38204.97,,41496.74,20.0712787492988,75.22979515740673,,61.76510863475586,393.95,2321.02,0.0,2714.97,13073.96,12428.95,0.0,25502.91,,,,,,,,,,,,,,0.0,0.0,67184.76000000001,0.0,0.0,,0.0,,0.0,,,,,,,,67184.76000000001,0.0
346,MADHYA PRADESH,SEONI,,1323.6,1323.6,0.0,1323.6000000000001,71956.0,733064.0,0.0,805020.0,70780.0,875800.0,4833.32,62079.29,0.0,66912.61,608.95,,0.0,608.95,897.0773999999999,0.0,0.0,897.0799999999999,204.14,6098.26,0.0,6302.4,181.42,243.47,0.0,424.89,25.119999999999997,112.95999999999998,,138.07999999999998,,,,,,,,,6750.030000000001,68533.98000000001,0.0,75284.01,,,,,,,,,,,,0.0,,,,0.0,,,,,,,,,,,,,,,,0.0,6750.030000000001,68533.98000000001,0.0,75284.01,563.1199999999999,5095.389999999999,0.0,5658.51,6186.910000000001,63438.590000000004,0.0,69625.5,274.16171999999995,3004.6405799999993,,3278.8023,0.0,3.08425,,3.08425,789.9136000000001,24174.90148,,24964.81508,1064.0500000000002,27182.639999999996,,28246.689999999995,17.198407605735337,42.848745534855034,,40.569460901537504,295.4,3237.3199999999997,0.0,3532.72,5101.62,36023.280000000006,0.0,41124.90000000001,,,,,,,,,,,,,,0.0,0.0,69625.5,0.0,0.0,,0.0,,0.0,,,,,,,,69625.5,0.0
347,MADHYA PRADESH,SHAHDOL,,1131.4,1131.4,0.0,1131.4,5047.0,492753.0,0.0,497800.0,86300.0,584100.0,241.34,53804.87000000001,0.0,54046.21000000001,456.58,,0.0,456.58,0.0,0.0,0.0,0.0,5.0,776.1400000000001,0.0,781.1400000000001,0.0,154.4,0.0,154.4,0.0,30.659999999999997,0.0,30.659999999999997,,,,,,,,,702.9200000000001,54766.07000000001,0.0,55468.990000000005,,,,,,,,,,,,0.0,,,,0.0,,,,,,,,,,,,,,,,0.0,702.9200000000001,54766.07000000001,0.0,55468.990000000005,35.14,3044.28,0.0,3079.4200000000005,667.78,51721.78999999999,0.0,52389.56999999999,52.13513999999999,2222.2587,,2274.3938399999997,0.0,1485.1119999999999,,1485.1119999999999,20.0,3104.5679999999998,,3124.5679999999998,72.13,6811.94,,6884.07,10.801461559196142,13.17034851268682,,13.140153660356443,55.94,2384.5299999999997,0.0,2440.47,591.85,44747.57,0.0,45339.42,,,,,,,,,,,,,,0.0,0.0,52389.56999999999,0.0,0.0,,0.0,,0.0,,,,,,,,52389.56999999999,0.0
348,MADHYA PRADESH,SHAJAPUR,,0.0,1036.0999999999997,0.0,1036.0999999999997,0.0,340617.0,0.0,340617.0,6708.0,347325.0,0.0,41656.19,0.0,41656.19,,,,,0.0,0.0,0.0,0.0,0.0,13195.71,0.0,13195.71,0.0,571.79,0.0,571.79,0.0,304.8,0.0,304.8,,,,,,,,,0.0,55728.49,0.0,55728.49,,,,,,,,,,,,0.0,,,,0.0,,,,,,,,,,,,,,,,0.0,0.0,55728.49,0.0,55728.49,0.0,4233.15,0.0,4233.15,0.0,51495.34,0.0,51495.34,,2154.2854799999996,,2154.2854799999996,,54.547132999999995,,54.547132999999995,,52782.8292,,52782.8292,,54991.68,,54991.68,,106.78962407083826,,106.78962407083826,0.0,2288.5299999999997,0.0,2288.5299999999997,0.0,2296.98,0.0,2296.98,,,,,,,,,,,,,,0.0,0.0,51495.34,0.0,0.0,,0.0,,0.0,,,,,,,,51495.34,0.0
349,MADHYA PRADESH,SHEOPUR,,799.2,799.2,0.0,799.2,71150.0,462330.0,0.0,533480.0,127120.0,660600.0,8511.2,23755.47,0.0,32266.67,4399.22,,0.0,4399.22,3500.9244000000003,0.0,0.0,3500.92,392.94,3792.8599999999997,0.0,4185.799999999999,0.0,395.05,0.0,395.05,30.4,133.60000000000002,0.0,164.0,,,,,,,,,16834.68,28076.98,0.0,44911.659999999996,,,,,,,,,,,,0.0,,,,0.0,,,,,,,,,,,,,,,,0.0,16834.68,28076.98,0.0,44911.659999999996,1683.48,1876.65,0.0,3560.13,15151.199999999999,26200.33,0.0,41351.53,379.04301,1405.93182,,1784.9748299999999,0.0,44.7855,,44.7855,1571.778,15171.3864,,16743.1644,1950.83,16622.100000000002,,18572.93,12.875745815512962,63.44233068820127,,44.91473471477355,415.28999999999996,1553.23,0.0,1968.5099999999998,13164.12,9430.939999999999,0.0,22595.059999999998,,,,,,,,,,,,,,0.0,0.0,41351.53,0.0,0.0,,0.0,,0.0,,,,,,,,41351.53,0.0
350,MADHYA PRADESH,SHIVPURI,,994.8999999999999,994.9000000000001,0.0,994.8999999999999,69421.0,907628.0,0.0,977049.0,50751.0,1027800.0,3173.16,63799.07000000001,0.0,66972.23,1941.44,,0.0,1941.44,2851.83,0.0,0.0,2851.83,604.74,11467.43,0.0,12072.17,1056.6100000000001,321.36,0.0,1377.9700000000003,80.86,283.32000000000005,0.0,364.18,,,,,,,,,9708.640000000001,75871.18000000001,0.0,85579.81999999999,,,,,,,,,,,,0.0,,,,0.0,,,,,,,,,,,,,,,,0.0,9708.640000000001,75871.18000000001,0.0,85579.81999999999,734.9200000000001,6369.6,0.0,7104.5199999999995,8973.720000000001,69501.58,0.0,78475.30000000002,320.62914,4264.530059999999,,4585.1592,0.0,40.588,,40.588,2418.9804,45869.6884,,48288.6688,2739.6000000000004,50174.8,,52914.4,30.529145103702817,72.19231562793249,,67.42809520957549,353.03999999999996,4695.8099999999995,0.0,5048.85,6201.699999999999,18895.5,0.0,25097.199999999997,,,,,,,,,,,,,,0.0,0.0,78475.3,0.0,0.0,,0.0,,0.0,,,,,,,,78475.3,0.0
351,MADHYA PRADESH,SIDHI,,1154.1499999999996,1154.15,0.0,1154.1499999999996,48890.0,311515.0,0.0,360405.0,124995.0,485400.0,2805.93,27085.630000000005,0.0,29891.56,1008.65,,0.0,1008.65,71.87400000000001,0.0,0.0,71.88,34.56,1853.5500000000002,0.0,1888.1100000000001,172.59,167.39000000000001,0.0,339.98,0.0,256.92,0.0,256.92,,,,,,,,,4093.6099999999997,29363.490000000005,0.0,33457.100000000006,,,,,,,,,,,,0.0,,,,0.0,,,,,,,,,,,,,,,,0.0,4093.6099999999997,29363.490000000005,0.0,33457.100000000006,278.40999999999997,2266.6000000000004,0.0,2545.01,3815.2,27096.890000000003,0.0,30912.090000000004,262.28972999999996,2592.42564,,2854.71537,0.0,806.5660499999999,,806.5660499999999,138.208,7414.200000000001,,7552.408,400.49,10813.2,,11213.69,10.497221639756763,39.905686593553725,,36.276065448826,290.1,2867.42,0.0,3157.5199999999995,3386.9,16008.7,0.0,19395.600000000002,,,,,,,,,,,,,,0.0,0.0,30912.090000000004,0.0,0.0,,0.0,,0.0,,,,,,,,30912.090000000004,0.0
352,MADHYA PRADESH,SINGRAULI,,1120.7,1120.7,0.0,1120.7,6602.0,444658.0,0.0,451260.0,115940.0,567200.0,679.89,30806.420000000002,0.0,31486.31,120.77,,0.0,120.77,138.29399999999998,0.0,0.0,138.29,33.370000000000005,2211.5699999999997,0.0,2244.9399999999996,141.2,214.58,0.0,355.78,9.06,223.14000000000001,0.0,232.20000000000002,,,,,,,,,1122.58,33455.71000000001,0.0,34578.28999999999,,,,,,,,,,,,0.0,,,,0.0,,,,,,,,,,,,,,,,0.0,1122.58,33455.71000000001,0.0,34578.28999999999,56.120000000000005,1672.7900000000002,0.0,1728.91,1066.46,31782.920000000002,0.0,32849.380000000005,171.8712,2429.23998,,2601.11118,0.0,2714.602145,,2714.602145,133.47719999999998,8846.28,,8979.7572,305.35,13990.129999999997,,14295.48,28.63210997130694,44.017761741211935,,43.51826427165443,194.31,2751.44,0.0,2945.75,738.67,17470.59,0.0,18209.26,,,,,,,,,,,,,,0.0,0.0,32849.380000000005,0.0,0.0,,0.0,,0.0,,,,,,,,32849.380000000005,0.0
353,MADHYA PRADESH,TIKAMGARH,,943.6000000000001,943.6,0.0,943.6,26862.0,308676.0,0.0,335538.0,12800.0,348338.0,2148.7799999999997,26703.47,0.0,28852.25,477.01,,,477.01,1555.0919999999999,0.0,0.0,1555.09,612.94,6172.77,0.0,6785.71,1392.3899999999999,402.76,,1795.15,25.86,113.88000000000001,0.0,139.74,,,,,,,,,6212.07,33392.88,0.0,39604.95,,,,,,,,,,,,0.0,,,,0.0,,,,,,,,,,,,,,,,0.0,6212.07,33392.88,0.0,39604.95,446.53000000000003,3035.04,0.0,3481.5699999999997,5765.540000000001,30357.840000000004,0.0,36123.380000000005,234.47016,2750.0503424999997,,2984.5205024999996,0.0,0.0,,0.0,2043.1224000000002,24691.062600000005,,26734.185000000005,2277.59,27441.120000000003,,29718.710000000003,39.5034983713581,90.39220181673005,,82.27001459996268,301.03,3445.49,0.0,3746.52,3421.39,2221.28,0.0,5642.67,,,,,,,,,,,,,,0.0,0.0,36123.38,0.0,0.0,,0.0,,0.0,,,,,,,,36123.38,0.0
354,MADHYA PRADESH,UJJAIN,,0.0,936.2930941705545,0.0,936.2930941705545,0.0,593933.0,0.0,593933.0,19090.0,613023.0,0.0,72670.78,0.0,72670.78,,,,,0.0,0.0,0.0,0.0,0.0,23871.52,0.0,23871.52,0.0,2355.3799999999997,0.0,2355.3799999999997,0.0,1030.56,0.0,1030.56,,,,,,,,,0.0,99928.23999999999,0.0,99928.23999999999,,,,,,,,,,,,0.0,,,,0.0,,,,,,,,,,,,,,,,0.0,0.0,99928.23999999999,0.0,99928.23999999999,0.0,8326.69,0.0,8326.69,0.0,91601.55,0.0,91601.55,,3842.9433435,,3842.9433435,,32.91548,,32.91548,,95485.92559999999,,95485.92559999999,,99361.77,,99361.77,,108.47171254198209,,108.47171254198209,0.0,4104.22,0.0,4104.22,0.0,9318.59,0.0,9318.59,,,,,,,,,,,,,,0.0,0.0,91601.55,0.0,0.0,,0.0,,0.0,,,,,,,,91601.55,0.0
355,MADHYA PRADESH,UMARIA,,0.0,1243.0,0.0,1243.0,0.0,421900.0,0.0,421900.0,32000.0,453900.0,0.0,34419.020000000004,0.0,34419.020000000004,0.0,,0.0,0.0,0.0,0.0,0.0,0.0,0.0,1073.75,0.0,1073.75,0.0,310.58,0.0,310.58,0.0,17.52,0.0,17.52,,,,,,,,,0.0,35820.869999999995,0.0,35820.869999999995,,,,,,,,,,,,0.0,,,,0.0,,,,,,,,,,,,,,,,0.0,0.0,35820.869999999995,0.0,35820.869999999995,0.0,3582.1000000000004,0.0,3582.1000000000004,0.0,32238.769999999997,0.0,32238.769999999997,,1541.23659,,1541.23659,,539.8379199999999,,539.8379199999999,,4294.9439999999995,,4294.9439999999995,,6376.0199999999995,,6376.0199999999995,,19.777491510997475,,19.777491510997475,0.0,1714.96,0.0,1714.96,0.0,25689.02,0.0,25689.02,,,,,,,,,,,,,,0.0,0.0,32238.77,0.0,0.0,,0.0,,0.0,,,,,,,,32238.77,0.0
356,MADHYA PRADESH,VIDISHA,,1071.4,1071.4,0.0,1071.4,76287.0,594483.0,0.0,670770.0,66330.0,737100.0,9746.46,64785.899999999994,0.0,74532.36,2190.09,,0.0,2190.09,687.258,0.0,0.0,687.27,389.03999999999996,12535.75,0.0,12924.789999999999,256.75,164.27000000000004,0.0,421.02,7.8,84.0,,91.80000000000001,,,,,,,,,13277.410000000002,77569.92,0.0,90847.33,,,,,,,,,,,,0.0,,,,0.0,,,,,,,,,,,,,,,,0.0,13277.410000000002,77569.92,0.0,90847.33,663.8900000000001,5313.11,0.0,5976.999999999999,12613.52,72256.81,0.0,84870.33,428.93778,3477.91491,,3906.85269,0.0,0.15257,,0.15257,1556.1702,49489.83,,51046.000199999995,1985.1000000000001,52967.880000000005,,54952.98,15.737874915170389,73.30503519322262,,64.74934173108554,480.16999999999996,3780.3700000000003,0.0,4260.54,10577.189999999999,18986.48,0.0,29563.67,,,,,,,,,,,,,,0.0,0.0,84870.33,0.0,0.0,,0.0,,0.0,,,,,,,,84870.33,0.0
357,MAHARASHTRA,Ahmednagar,,566.0942505299108,575.3870307023897,522.9222106649444,572.4084595273524,366203.14,1172429.26,23842.6,1562475.0,0.0,1562475.0,24043.58,76801.62,1272.04,102117.24,3430.8199999999997,0.0,0.0,3430.8199999999997,18349.49505,0.0,0.0,18349.49505,11132.420000000002,17626.81,199.03000000000003,28958.259999999995,609.3100000000001,2347.37,0.0,2956.68,209.32,5546.068,11.780000000000001,5767.168000000001,,,,,,,,,57774.97000000001,102321.84000000001,1482.8500000000001,161579.66,,,,,,,,,,,,,,,,,,,,,,,,,,,,,,,,,57774.97000000001,102321.84000000001,1482.8500000000001,161579.66,2960.0399999999995,5306.8099999999995,74.14,8340.99,54814.93,97015.03,1408.71,153238.67,1629.9424999999999,4566.794499999999,11.4975,6208.2345000000005,0.0,0.0,0.0,0.0,44652.081999999995,69936.27029,796.1370000000002,115384.48929,46282.03,74503.06999999999,807.63,121592.73000000001,84.43325568417217,76.79538933297242,57.33117533062163,79.55287612537077,1629.9299999999998,4566.83,0.0,6196.76,12364.16,29737.459999999995,887.88,42101.619999999995,,,,,,,,,,,,,,0.0,0.0,151829.96,1408.71,,,,,,,,,,,,,151829.96,1408.71
358,MAHARASHTRA,Akola,,771.7301625848288,781.3032189427088,792.3685051537633,782.0432955075285,48014.32,390222.54000000004,75928.01000000001,514164.87,0.0,514164.87,2982.09,25563.035262224654,5153.016329267575,33698.14159149224,1770.52,0.0,0.0,1770.52,1663.5526878000003,0.0,0.0,1663.5526878000003,704.86,4017.814784219359,208.16221157619967,4930.836995795558,284.09000000000003,164.52341216670033,0.0,448.6134121667003,120.86200000000002,1440.0769093094598,5.826603829160531,1566.7655131386205,,,,,,,,,7525.98,31185.40414055397,5367.014053853101,44078.39819440706,,,,,,,,,,,,,,,,,,,,,,,,,,,,,,,,,7525.98,31185.40414055397,5367.014053853101,44078.39819440706,432.57000000000005,2078.6178384127497,423.68848554318595,2934.8763239559353,7093.41,29106.786302141212,4943.325568309916,41143.52187045113,307.269855,1947.3062053646345,120.97226454641773,2375.5483249110525,0.0,0.0,0.0,0.0,3362.59521,18181.43330552938,832.9760009436495,22377.00451647303,3669.89,20128.721695073684,953.9963283433952,24752.608023417077,51.7366118693266,69.15473761386338,19.298674852798722,65.74166475905551,307.26000000000005,1947.3215512575907,0.0,2254.581551257591,3423.52,9056.324607067532,4392.4312161754415,12479.844607067533,,,,,,,,,,,,,,0.0,0.0,36200.196302141216,4943.325568309916,,,,,,,,,,,,,36200.196302141216,4943.325568309916
359,MAHARASHTRA,Amravati,,861.8842210578431,903.9120547695874,680.0116402116402,857.616200510224,48476.0,626333.0,164430.0,839239.0,0.0,839239.0,3979.059999999999,51137.024541563624,10341.79258034313,65457.87712190676,3023.9399999999996,0.0,0.0,3023.9399999999996,7880.537539439999,0.0,0.0,7880.537539439999,1989.0900000000001,14235.281206393984,2071.641297537887,18296.01250393187,40.08,1281.2963515680374,0.0,1321.3763515680373,340.01800000000003,2797.31750974038,0.0,3137.3355097403787,,,,,,,,,17252.71,69450.936515085,12413.43387788102,99117.08039296602,,,,,,,,,,,,,,,,,,,,,,,,,,,,,,,,,17252.71,69450.936515085,12413.43387788102,99117.08039296602,1119.4,5151.726613548976,945.9354883598116,7217.062101908789,16133.31,64299.209901536036,11467.498389521206,91900.01829105722,940.759475,3520.9309980018056,1026.050395269607,5487.740868271412,0.0,0.0,0.0,0.0,9706.553988000001,61398.16838814996,9422.569731988468,80527.29210813844,10647.380000000001,64919.10860020398,10448.649620997934,86015.13822120194,65.99625247391887,100.96408447260427,91.1153354121743,93.95016927569978,940.75,3520.955636086347,0.0,4461.705636086347,7234.86,10663.772237319434,6036.25154454888,17898.632237319434,,,,,,,,,,,,,,0.0,0.0,80432.51990153604,11467.498389521206,,,,,,,,,,,,,80432.51990153604,11467.498389521206
360,MAHARASHTRA,Aurangabad,,634.5907249991795,677.6385353252389,0.0,670.7365166801028,152345.0,797829.0,0.0,950174.0,0.0,950174.0,10402.46,57558.31000000001,,67960.77,604.6400000000001,0.0,,604.6400000000001,9780.790704000001,0.0,,9780.790704000001,4224.57,11718.93,,15943.5,1085.6699999999998,2950.9399999999996,,4036.61,1726.4859999999999,6452.638000000001,,8179.1240000000025,,,,,,,,,27824.61,78680.87,,106505.48,,,,,,,,,,,,,,,,,,,,,,,,,,,,,,,,,27824.61,78680.87,,106505.48,1452.64,3934.0500000000006,,5386.689999999999,26371.97,74746.82,,101118.79000000001,732.3825,2730.1537499999995,,3462.53625,0.0,0.0,,0.0,18420.680800000002,50931.69849999999,,69352.37929999999,19153.100000000002,53661.840000000004,,72814.94,72.62673209472027,71.79146885446096,,72.00930707339359,732.35,2730.1300000000006,,3462.4800000000005,7218.88,21085.000000000004,,28303.880000000005,,,,,,,,,,,,,,0.0,,101118.79000000001,,,,,,,,,,,,,,101118.79000000001,0.0
361,MAHARASHTRA,Beed,,705.9805136864728,696.501368399683,0.0,697.45575219401,104227.0,930978.0,0.0,1035205.0,0.0,1035205.0,9041.02,79116.49999999999,,88157.51999999999,1432.31,0.0,,1432.31,15298.34796,0.0,,15298.34796,2280.4800000000005,14405.930000000002,,16686.41,38.980000000000004,275.29,,314.27000000000004,209.02799999999996,7230.012,,7439.04,,,,,,,,,28300.190000000002,101027.73,,129327.92000000001,,,,,,,,,,,,,,,,,,,,,,,,,,,,,,,,,28300.190000000002,101027.73,,129327.92000000001,1415.03,5051.41,,6466.44,26885.160000000003,95976.32,,122861.48,891.7395,3882.78,,4774.5195,0.0,0.0,,0.0,10159.314,58062.88949999999,,68222.2035,11051.05,61945.78,,72996.83,41.10464657826101,64.5427747177637,,59.413926968810735,891.73,3882.7200000000003,,4774.45,15834.11,34030.54,,49864.65,,,,,,,,,,,,,,0.0,,122861.48000000001,,,,,,,,,,,,,,122861.48000000001,0.0
362,MAHARASHTRA,Bhandara,,1433.474078685026,1456.0212720857817,0.0,1449.9462217873026,106831.0,289666.0,0.0,396497.0,0.0,396497.0,7717.684150964433,24794.610784995115,,32512.29493595955,1539.4563998216076,0.0,,1539.4563998216076,47539.794087696886,0.0,,47539.794087696886,1626.29,4871.990379335814,,6498.280379335814,373.05,1364.6254770698142,,1737.6754770698144,1488.184,2332.173747899326,,3820.3577478993266,,,,,,,,,60284.46196677445,33363.39639090625,,93647.85835768069,,,,,,,,,,,,,,,,,,,,,,,,,,,,,,,,,60284.46196677445,33363.39639090625,,93647.85835768069,5516.279186085406,1693.2213182068301,,7209.500504292236,54768.18278068904,31670.17507269942,,86438.35785338846,1415.3479044715132,2233.7136008986918,,3649.061505370205,16.424999999999997,21.462000000000003,,37.887,5905.950652941242,16508.358221825438,,22414.308874766684,7337.749506076485,18763.521027855306,,26101.27053393179,13.39783270783221,59.24666025616634,,30.196397967443104,1415.362501951165,2233.695656029863,,3649.058157981028,47430.43327461255,12906.654044844116,,60337.08731945667,,,,,,,,,,,,,,0.0,,86438.35785338846,,,,,,,,,,,,,,86438.35785338846,0.0
363,MAHARASHTRA,Buldhana,,759.5321896653811,757.5801444433204,712.6982499624455,756.2724255588796,62489.0,731498.0,26628.0,820615.0,0.0,820615.0,5000.649999999999,60078.8146617924,1811.996376811594,66891.46103860399,881.1,0.0,0.0,881.1,2251.85265,0.0,0.0,2251.85265,1373.2099999999998,14639.658969200638,125.74666666666666,16138.615635867305,928.7299999999999,793.4899999999999,0.0,1722.22,530.804,5586.972747756015,16.528,6134.304747756016,,,,,,,,,10966.359999999999,81098.96037874906,1954.263043478261,94019.58342222731,,,,,,,,,,,,,,,,,,,,,,,,,,,,,,,,,10966.359999999999,81098.96037874906,1954.263043478261,94019.58342222731,552.51,5035.293763777145,155.7268115942029,5743.530575371347,10413.849999999999,76063.6666149719,1798.536231884058,88276.05284685596,685.2516350000001,2569.1497994269585,110.96267666666665,3365.3641110936255,0.0,0.0,0.0,0.0,5532.940312,59664.42110315811,638.772635942029,65836.13405110015,6218.200000000001,62233.62230106791,749.7873913043478,69201.60969237227,59.710865818117234,81.81780483458607,41.68875655726476,79.15562909355889,685.2800000000001,2569.1446471982117,0.0,3254.4246471982115,4200.59,16820.804313903995,1331.5147826086957,21021.394313903995,,,,,,,,,,,,,,0.0,0.0,86477.51661497192,1798.536231884058,,,,,,,,,,,,,86477.51661497192,1798.536231884058
364,MAHARASHTRA,Chandrapur,,1294.698054813542,1285.5399176775618,0.0,1286.2827651320997,84979.0,962678.0,0.0,1047657.0,0.0,1047657.0,7019.189999999999,93461.0,,100480.19,778.22,0.0,,778.22,9732.689102880706,0.0,,9732.689102880706,486.73,3431.53,,3918.2599999999998,0.0,623.6,,623.6,93.41,1539.514,,1632.9239999999998,,,,,,,,,18110.22,99055.63000000002,,117165.85,,,,,,,,,,,,,,,,,,,,,,,,,,,,,,,,,18110.22,99055.63000000002,,117165.85,1145.7800000000002,5175.36,,6321.14,16964.44,93880.27000000002,,110844.71,2792.3669999999997,14430.903,,17223.27,0.0,0.0,,0.0,1734.468,13190.538000000002,,14925.006000000003,4526.83,27621.51,,32148.339999999997,26.68422889290775,29.422060673664436,,29.003043988296774,2792.3700000000003,14430.91,,17223.28,12437.61,66258.74999999999,,78696.35999999999,,,,,,,,,,,,,,0.0,,110844.71000000002,,,,,,,,,,,,,,110844.71000000002,0.0
365,MAHARASHTRA,Dhule,,653.0618287438087,642.5567899458919,0.0,643.3594095139316,49061.0,593071.0,0.0,642132.0,0.0,642132.0,3495.72,42029.14,,45524.86,674.89,0.0,,674.89,12117.881566531814,0.0,,12117.881566531814,1999.6299999999999,6196.42,,8196.05,132.64000000000001,454.77,,587.41,526.078,5789.052000000001,,6315.130000000001,,,,,,,,,18946.79,54469.36,,73416.15,,,,,,,,,,,,,,,,,0.0,0.0,,0.0,0.0,0.0,,0.0,0.0,0.0,,0.0,,,,,18946.79,54469.36,,73416.15,1418.24,2723.4799999999996,,4141.72,17528.550000000003,51745.880000000005,,69274.43,328.03556,1426.5221149999998,,1754.557675,3.25301,0.0,,3.25301,8269.875,25384.011,,33653.886,8601.16,26810.530000000002,,35411.689999999995,49.06943244021895,51.811912368675536,,51.11798105015083,328.02,1426.53,,1754.5500000000002,8927.39,24935.35,,33862.74,,,,,,,,,,,,,,0.0,,69274.43000000001,,,,,,,,,,,,,,69274.43000000001,0.0
366,MAHARASHTRA,Gadchiroli,,1349.683556668053,1420.1789799277497,0.0,1418.3757685379708,22679.71,863969.39,0.0,886649.1,0.0,886649.1,1667.46,92629.19270128301,,94296.65270128299,348.19000000000005,0.0,,348.19000000000005,3564.13008,0.0,,3564.13008,263.78,7957.164332877018,,8220.94433287702,140.23,1081.6375995670307,,1221.8675995670308,3.3600000000000003,197.85214536308933,,201.21214536308935,,,,,,,,,5987.14,101865.82877909014,,107852.96877909015,,,,,,,,,,,,,,,,,,,,,,,,,,,,,,,,,5987.14,101865.82877909014,,107852.96877909015,382.61,5739.05515265353,,6121.665152653529,5604.530000000001,96126.77362643661,,101731.30362643662,439.804,3275.125185279042,,3714.929185279042,0.0,0.0,,0.0,682.0994999999999,20363.897327262108,,21045.996827262108,1121.9,23639.11438254115,,24761.01438254115,20.017735653123456,24.591602828995775,,24.339621630589797,439.80999999999995,3275.108385279043,,3714.9183852790425,4482.63,72487.65924389545,,76970.28924389546,,,,,,,,,,,,,,0.0,,101731.30362643661,,,,,,,,,,,,,,101731.30362643661,0.0
367,MAHARASHTRA,Gondia,,1463.0552660525486,1502.0603759040912,0.0,1495.1668026379975,81245.97999999998,378458.77,0.0,459704.75,0.0,459704.75,6731.290000000001,36733.659999999996,,43464.95,2000.6499999999999,0.0,,2000.6499999999999,12740.558346395608,0.0,,12740.558346395608,1064.0900000000001,1677.44,,2741.53,1001.5300000000002,787.26,,1788.7900000000002,1978.28,1861.864,,3840.144,,,,,,,,,25516.360000000004,41060.24,,66576.59999999999,,,,,,,,,,,,,,,,,,,,,,,,,,,,,,,,,25516.360000000004,41060.24,,66576.59999999999,1532.99,2727.8799999999997,,4260.87,23983.37,38332.36,,62315.73000000001,3349.700045,2560.249225,,5909.949269999999,106.674,190.38600000000002,,297.06,4279.22106,5874.358679999999,,10153.57974,7735.5599999999995,8625.02,,16360.58,32.253849229695405,22.5006234940922,,26.254334178545285,3349.69,2560.2300000000005,,5909.92,16247.810000000001,29707.34,,45955.15,,,,,,,,,,,,,,0.0,,62315.73,,,,,,,,,,,,,,62315.73,0.0
368,MAHARASHTRA,Hingoli,,1003.7873172922909,949.3872997811816,0.0,969.1281491760699,169191.0,297050.0,0.0,466241.0,0.0,466241.0,19091.96,31806.859999999997,,50898.82,619.6099999999999,0.0,,619.6099999999999,35665.488828,0.0,,35665.488828,4344.099999999999,4665.58,,9009.68,19.56,43.349999999999994,,62.91,980.738,4847.602,,5828.34,,,,,,,,,60721.46,41363.43,,102084.89000000001,,,,,,,,,,,,,,,,,,,,,,,,,,,,,,,,,60721.46,41363.43,,102084.89000000001,3036.08,2084.71,,5120.79,57685.38,39278.72000000001,,96964.09999999999,769.39,1389.7479999999998,,2159.138,1.02,1.512,,2.532,17624.767659999998,18662.318440000003,,36287.0861,18395.19,20053.58,,38448.770000000004,31.888825210131234,51.054565932902086,,39.652582760011185,769.39,1389.7500000000002,,2159.14,39290.189999999995,19225.14,,58515.329999999994,,,,,,,,,,,,,,0.0,,96964.1,,,,,,,,,,,,,,96964.1,0.0
369,MAHARASHTRA,Jalgaon,,673.453349093303,689.6229968180652,0.0,687.248599416636,167090.0,970793.0,0.0,1137883.0,0.0,1137883.0,12473.93,77778.98000000001,,90252.90999999999,1393.9299999999998,0.0,,1393.9299999999998,17050.2846273,0.0,,17050.2846273,6261.9800000000005,16072.16,,22334.140000000003,912.8200000000002,1303.72,,2216.54,2316.2440000000006,7493.468,,9809.712000000001,,,,,,,,,40409.15,102648.34,,143057.49000000002,,,,,,,,,,,,,,,,,,,,,,,,,,,,,,,,,40409.15,102648.34,,143057.49000000002,2374.36,5148.12,,7522.480000000001,38034.79,97500.22,,135535.01000000004,1281.8404999999998,3605.9709999999995,,4887.8115,0.0,0.0,,0.0,26842.49176,74319.82728999999,,101162.31904999999,28124.319999999996,77925.78,,106050.1,73.94367104432546,79.92369658242822,,78.24553965798208,1281.81,3605.98,,4887.789999999999,10998.23,24833.12,,35831.35,,,,,,,,,,,,,,0.0,,135535.01,,,,,,,,,,,,,,135535.01,0.0
370,MAHARASHTRA,Jalna,,681.6342488983312,685.1178033366273,0.0,684.8727203420575,54299.44,717500.56,0.0,771800.0,0.0,771800.0,3462.7200000000003,54707.229999999996,,58169.95,344.7,0.0,,344.7,8632.0626012,0.0,,8632.0626012,1283.49,8942.33,,10225.82,1070.56,154.01999999999998,,1224.58,278.768,4571.996,,4850.764,,,,,,,,,15072.31,68375.61,,83447.92000000001,,,,,,,,,,,,,,,,,,,,,,,,,,,,,,,,,15072.31,68375.61,,83447.92000000001,770.39,3679.52,,4449.910000000001,14301.919999999998,64696.08999999999,,78998.01,183.57999999999998,1213.46025,,1397.04025,0.0,0.0,,0.0,5320.392,36314.08899999999,,41634.481,5503.960000000001,37527.59,,43031.55,38.48406367816351,58.00596295695768,,54.47168859063666,183.57999999999998,1213.4299999999998,,1397.01,8797.960000000001,27168.489999999994,,35966.45,,,,,,,,,,,,,,0.0,,78998.00999999998,,,,,,,,,,,,,,78998.00999999998,0.0
371,MAHARASHTRA,Kolhapur,,1643.824676748156,1675.127568141589,0.0,1674.0958054061368,18529.67,543646.3300000001,0.0,562176.0,0.0,562176.0,2218.04,52652.84,,54870.88,672.5999999999999,0.0,,672.5999999999999,7915.32,46727.625,,54642.94500000001,1107.64,21263.01,,22370.649999999998,0.0,577.8700000000001,,577.8700000000001,34.284,3281.238,,3315.5220000000004,,,,,,,,,11947.890000000001,124502.58000000002,,136450.47,,,,,,,,,,,,,,,,,,,,,,,,,,,,,,,,,11947.890000000001,124502.58000000002,,136450.47,1152.6800000000003,7508.81,,8661.490000000002,10795.210000000001,116993.77000000002,,127788.98000000001,79.38,1995.84,,2075.2200000000003,0.0,0.0,,0.0,2461.4179999999997,49678.93499999999,,52140.352999999996,2540.81,51674.79000000001,,54215.600000000006,23.53645737322386,44.1688390757901,,42.42588054149896,79.38,1995.84,,2075.2200000000003,8254.400000000001,65318.98,,73573.38,,,,,,,,,,,,,,0.0,,127788.98000000003,,,,,,,,,,,,,,127788.98000000003,0.0
372,MAHARASHTRA,Latur,,695.0252660048083,704.7118535114491,0.0,704.0560452547015,44924.0,618624.0,0.0,663548.0,0.0,663548.0,2681.1000000000004,42821.87000000001,,45502.97,618.73,0.0,,618.73,1297.7700195000002,0.0,,1297.7700195000002,980.72,7306.259999999998,,8286.98,0.0,2259.1800000000003,,2259.1800000000003,35.768,10317.584,,10353.352000000003,,,,,,,,,5614.089999999999,62704.86,,68318.95000000001,,,,,,,,,,,,,,,,,,,,,,,,,,,,,,,,,5614.089999999999,62704.86,,68318.95000000001,285.94000000000005,3224.24,,3510.18,5328.15,59480.62,,64808.77,352.17320000000007,1790.166425,,2142.3396250000005,0.0,0.0,,0.0,3990.3170000000005,29590.412,,33580.72900000001,4342.5,31380.54,,35723.04,81.50108386588217,52.757587261195326,,55.12068814143518,352.18,1790.1499999999996,,2142.33,1669.99,28100.08,,29770.070000000003,,,,,,,,,,,,,,0.0,,64808.770000000004,,,,,,,,,,,,,,64808.770000000004,0.0
373,MAHARASHTRA,Nagpur,,1180.0302171652183,1159.8264527597455,0.0,1165.5642225314816,226924.0,572118.0,0.0,799042.0,0.0,799042.0,15863.999999999996,53324.29000000001,,69188.29,1959.9,0.0,,1959.9,13302.94493400788,0.0,,13302.94493400788,2224.76,6521.360000000001,,8746.12,1021.9000000000001,375.52,,1397.4200000000003,899.9520000000001,1275.812,,2175.764,,,,,,,,,35273.45,61496.97,,96770.42000000001,,,,,,,,,,,,,,,,,,,,,,,,,,,,,,,,,35273.45,61496.97,,96770.42000000001,1892.8500000000001,3399.92,,5292.77,33380.6,58097.049999999996,,91477.65000000001,3879.13875,6413.6278250000005,,10292.766575000001,0.0,0.0,,0.0,9402.812505,26308.867075000002,,35711.679579999996,13281.96,32722.449999999997,,46004.41,39.78945854777925,56.32377203317552,,50.29032774672283,3879.1500000000005,6413.640000000001,,10292.789999999999,20098.630000000005,25374.589999999997,,45473.22,,,,,,,,,,,,,,0.0,,91477.65,,,,,,,,,,,,,,91477.65,0.0
374,MAHARASHTRA,Nanded,,1020.5607472634448,1025.7835175065495,0.0,1025.144638224119,124499.6,893271.4,0.0,1017771.0,0.0,1017771.0,13233.08,92697.14000000001,,105930.22,1602.7599999999998,0.0,,1602.7599999999998,6337.1313,0.0,,6337.1313,2372.7,6329.759999999999,,8702.46,82.80999999999999,190.49999999999997,,273.31000000000006,275.48799999999994,1304.372,,1579.8600000000004,,,,,,,,,23903.960000000003,100521.77,,124425.73,,,,,,,,,,,,,,,,,,,,,,,,,,,,,,,,,23903.960000000003,100521.77,,124425.73,1195.21,5026.13,,6221.34,22708.750000000004,95495.64,,118204.39000000001,1134.2159831999998,2209.83648,,3344.0524632,0.0,1.2125,,1.2125,9499.91169,25365.33229,,34865.24398000001,10634.120000000003,27576.370000000003,,38210.48999999999,46.82829305884296,28.877098472767976,,32.325779101774465,1134.23,2209.84,,3344.0699999999997,12097.85,67919.27,,80017.12000000001,,,,,,,,,,,,,,0.0,,118204.39,,,,,,,,,,,,,,118204.39,0.0
375,MAHARASHTRA,Nandurbar,,851.3381810169118,937.8563525338369,0.0,934.074393538786,18153.0,397125.0,0.0,415278.0,0.0,415278.0,1667.02,38724.21045045045,,40391.23045045046,234.68999999999994,0.0,,234.68999999999994,4056.568011394127,0.0,,4056.568011394127,485.65,3919.2552252252253,,4404.905225225225,203.83,237.78522522522522,,441.6152252252253,94.83200000000001,2462.792036036036,,2557.624036036036,,,,,,,,,6742.6,45344.04765765766,,52086.64765765765,,,,,,,,,,,,,,,,,,,,,,,,,,,,,,,,,6742.6,45344.04765765766,,52086.64765765765,470.54999999999995,2737.5080180180184,,3208.058018018018,6272.049999999999,42606.53963963964,,48878.58963963964,821.998425,2169.7926256306305,,2991.7910506306307,0.0,0.0,,0.0,2135.40288,14962.911445945943,,17098.314325945947,2957.4100000000003,17132.703783783785,,20090.113783783785,47.15220701365583,40.21144155026407,,41.10207338611724,822.0,2169.788378378378,,2991.7883783783786,3332.859999999999,25473.835855855858,,28806.695855855858,,,,,,,,,,,,,,0.0,,48878.58963963964,,,,,,,,,,,,,,48878.58963963964,0.0
376,MAHARASHTRA,Nashik,,672.7531330796329,930.9255511480231,0.0,899.3397887543223,165024.0,1183832.0,0.0,1348856.0,0.0,1348856.0,13268.26,120635.42000000001,,133903.68,2478.11,0.0,,2478.11,23219.88583351929,0.0,,23219.88583351929,5475.31,22867.87,,28343.180000000004,527.65,3002.2800000000007,,3529.93,234.48399999999998,3766.3959999999997,,4000.88,,,,,,,,,45203.670000000006,150271.91,,195475.58,,,,,,,,,,,,,,,,,,,,,,,,,,,,,,,,,45203.670000000006,150271.91,,195475.58,3161.2400000000002,7945.120000000001,,11106.359999999999,42042.43,142326.79,,184369.22,807.00604,2786.63,,3593.63604,0.0,0.0,,0.0,19662.687853000003,84983.718589,,104646.40644199999,20469.66,87770.34000000001,,108240.0,48.68809914174799,61.668179265477704,,58.70828113282683,807.0,2786.61,,3593.61,22460.59,60666.0,,83126.59,,,,,,,,,,,,,,0.0,,184369.22,,,,,,,,,,,,,,184369.22,0.0
377,MAHARASHTRA,Osmanabad,,771.4737284134675,768.4482097237334,0.0,768.6295035346948,40245.0,631383.0,0.0,671628.0,0.0,671628.0,3813.82,59879.19,,63693.009999999995,9.48,0.0,,9.48,16.8807,0.0,,16.8807,888.39,11144.640000000001,,12033.03,596.74,767.35,,1364.09,9.91,8728.145999999999,,8738.056000000002,,,,,,,,,5335.22,80519.34000000001,,85854.56,,,,,,,,,,,,,,,,,,,,,,,,,,,,,,,,,5335.22,80519.34000000001,,85854.56,266.8,4026.0000000000005,,4292.8,5068.42,76493.34,,81561.76000000001,344.08799999999997,1971.7859999999998,,2315.874,0.0,0.0,,0.0,3553.5494999999996,44719.151,,48272.700500000006,3897.65,46690.959999999985,,50588.61,76.90069094510716,61.039248645699075,,62.02491216472033,344.07,1971.78,,2315.8500000000004,1340.54,29802.379999999997,,31142.92,,,,,,,,,,,,,,0.0,,81561.76,,,,,,,,,,,,,,81561.76,0.0
378,MAHARASHTRA,Palghar,,2187.2994692393736,2517.8635123893323,0.0,2496.455381982426,17880.0,258206.0,0.0,276086.0,0.0,276086.0,1163.65,17142.600000000002,,18306.250000000004,378.79,0.0,,378.79,1723.3218719999998,0.0,,1723.3218719999998,136.8,829.12,,965.9200000000001,262.82,6.43,,269.25,29.239999999999995,260.218,,289.458,,,,,,,,,3694.63,18238.43,,21933.06,,,,,,,,,,,,,,,,,,,,,,,,,,,,,,,,,3694.63,18238.43,,21933.06,241.16,1156.11,,1397.2700000000002,3453.4700000000003,17082.32,,20535.79,127.39668,840.5706000000002,,967.9672800000001,0.0,0.0,,0.0,549.7439999999999,3316.5089999999996,,3866.2529999999997,677.1400000000001,4157.08,,4834.219999999999,19.607525184814115,24.335570344075045,,23.540462772554644,127.41000000000001,840.5799999999999,,967.99,2776.33,12925.24,,15701.57,,,,,,,,,,,,,,0.0,,20535.79,,,,,,,,,,,,,,20535.79,0.0
379,MAHARASHTRA,Parbhani,,920.896657159336,856.2388625489461,0.0,882.5783295783714,253138.0,368262.0,0.0,621400.0,0.0,621400.0,25735.67,32842.09,,58577.76,354.12,0.0,,354.12,15031.1916,0.0,,15031.1916,4241.099999999999,4732.150000000001,,8973.25,6.89,91.9,,98.78999999999999,679.0400000000001,2720.9559999999997,,3399.996,,,,,,,,,46048.009999999995,40387.100000000006,,86435.10999999999,,,,,,,,,,,,,,,,,,,,,,,,,,,,,,,,,46048.009999999995,40387.100000000006,,86435.10999999999,2658.41,2072.13,,4730.540000000001,43389.6,38314.969999999994,,81704.57,847.1400000000001,1103.0429600000002,,1950.1829600000003,0.0,0.0,,0.0,16964.43738,19247.89156,,36212.32894,17811.559999999998,20350.93,,38162.49,41.050297767206885,53.11482692013071,,46.70790140624936,847.1300000000001,1103.04,,1950.17,25578.06,17964.05,,43542.11,,,,,,,,,,,,,,0.0,,81704.56999999999,,,,,,,,,,,,,,81704.56999999999,0.0
380,MAHARASHTRA,Pune,,546.4825045227136,729.8708291174063,417.3160574151357,674.5171546929729,337817.1,910189.3099999999,27721.61,1275728.02,0.0,1275728.02,20388.039999999997,74090.47921375577,1359.8625861612197,95838.38179991698,11361.65,0.0,0.0,11361.65,38278.448082,0.0,0.0,38278.448082,12185.6,15944.59366810139,2449.990678451867,30580.184346553262,261.0,557.2099999999999,0.0,818.21,945.6320000000001,7857.36798788166,0.0,8802.999987881662,,,,,,,,,83420.37999999998,98449.71812753656,3809.853264613087,185679.9513921496,,,,,,,,,,,,,,,,,,,,,,,,,,,,,,,,,83420.37999999998,98449.71812753656,3809.853264613087,185679.9513921496,5575.25,5107.993051698191,221.37352640832347,10904.616578106514,77845.13,93341.72507583835,3588.479738204764,174775.33481404313,2919.7982,5254.242668071201,353.2551577755835,8527.296025846783,0.0,0.0,0.0,0.0,48369.9790817095,63696.931712208956,9799.764740191711,121866.6755341102,51289.79,68951.09753864311,10153.001450591266,130393.8889892344,65.88696043027996,73.86953421165259,282.9332249670326,70.23955635225299,2919.8,5254.2746396307475,0.0,8174.074639630747,28426.030000000006,31259.57,338.9,59685.600000000006,,,,,,,,,,,,,,0.0,0.0,171186.85507583834,3588.479738204764,,,,,,,,,,,,,171186.85507583834,3588.479738204764
381,MAHARASHTRA,Raigad,,2786.806852360403,2932.9855507490297,0.0,2927.019964830731,15294.0,359465.0,0.0,374759.0,0.0,374759.0,1091.8200000000002,30573.920000000002,,31665.74,267.6,0.0,,267.6,3783.8448,0.0,,3783.8448,72.91,1015.24,,1088.15,219.34999999999997,119.16,,338.51,17.080000000000002,423.40799999999996,,440.48799999999994,,,,,,,,,5452.6,32131.74,,37584.34,,,,,,,,,,,,,,,,,,,,,,,,,,,,,,,,,5452.6,32131.74,,37584.34,300.21,1617.21,,1917.42,5152.389999999999,30514.53,,35666.92,92.47533,1922.4217800000001,,2014.8971100000003,0.0,0.0,,0.0,291.55699999999996,4060.9970000000003,,4352.554,384.03000000000003,5983.42,,6367.450000000001,7.4534342314925714,19.608429164729067,,17.852536748337116,92.47,1922.4199999999998,,2014.8899999999999,4768.36,24531.110000000004,,29299.470000000005,,,,,,,,,,,,,,0.0,,35666.92,,,,,,,,,,,,,,35666.92,0.0
382,MAHARASHTRA,Ratnagiri,,3583.672338722587,3453.9943299805964,0.0,3455.5786981206984,6247.0,505060.0,0.0,511307.0,0.0,511307.0,473.38999999999993,38183.530000000006,,38656.92,141.94,0.0,,141.94,547.509636,0.0,,547.509636,47.339999999999996,1281.09,,1328.4299999999998,76.05000000000001,32.88,,108.93,60.400000000000006,153.254,,213.654,,,,,,,,,1346.6399999999999,39650.74,,40997.38,,,,,,,,,,,,,,,,,,,,,,,,,,,,,,,,,1346.6399999999999,39650.74,,40997.38,70.91,2212.23,,2283.14,1275.73,37438.51,,38714.24,76.19139000000001,1229.5229400000003,,1305.7143299999998,0.0,0.0,,0.0,254.80800000000005,5094.559200000001,,5349.367200000001,330.98,6324.09,,6655.070000000001,25.944361267666356,16.8919382742529,,17.19023801061315,76.19,1229.54,,1305.73,944.75,31114.420000000002,,32059.170000000002,,,,,,,,,,,,,,0.0,,38714.240000000005,,,,,,,,,,,,,,38714.240000000005,0.0
383,MAHARASHTRA,Sangli,,567.930163898609,701.4326772558769,672.8540883630524,644.0199198177522,353157.3599999999,446292.96,43307.92,842758.24,0.0,842758.24,22538.26,30803.64,3199.2500000000005,56541.15,3678.85,0.0,0.0,3678.85,51500.90207999999,0.0,0.0,51500.90207999999,11245.759999999997,6763.009999999998,0.0,18008.77,175.33,519.2700000000001,0.0,694.5999999999999,5278.306,7893.496,0.0,13171.802,,,,,,,,,94417.30000000002,45979.350000000006,3199.2500000000005,143595.90000000002,,,,,,,,,,,,,,,,,,,,,,,,,,,,,,,,,94417.30000000002,45979.350000000006,3199.2500000000005,143595.90000000002,7449.280000000001,2804.23,319.94000000000005,10573.45,86968.01999999999,43175.119999999995,2879.31,133022.44999999998,1721.953555,1580.0383499999998,38.8725,3340.864405,0.0,0.0,0.0,0.0,45046.549000000006,24265.630000000005,0.0,69312.179,46768.509999999995,25845.679999999997,38.87,72653.06,53.776675610184064,59.862439293741396,1.349976209577989,55.79563394582304,1721.9299999999998,1580.0300000000002,0.0,3301.96,40783.67,17626.64,2879.3199999999997,58410.31,,,,,,,,,,,,,,0.0,0.0,130143.14,2879.31,,,,,,,,,,,,,130143.14,2879.31
384,MAHARASHTRA,Satara,,763.0945516863267,936.0281757386641,0.0,921.3805190158027,74325.75,803181.25,0.0,877507.0,0.0,877507.0,5500.840000000001,51775.26999999999,,57276.11,2904.9700000000003,0.0,,2904.9700000000003,24550.873919999995,0.0,,24550.873919999995,3741.939999999999,10669.319999999998,,14411.259999999998,79.44,623.29,,702.73,241.568,4604.7080000000005,,4846.276,,,,,,,,,37019.64,67672.54999999999,,104692.18999999997,,,,,,,,,,,,,,,,,,,,,,,,,,,,,,,,,37019.64,67672.54999999999,,104692.18999999997,3114.21,3390.21,,6504.420000000001,33905.43,64282.34,,98187.77,1150.9470000000001,3698.9314,,4849.8784000000005,0.0,0.0,,0.0,15709.511,42582.9918,,58292.502799999995,16860.47,46282.0,,63142.469999999994,49.72793443410097,71.9980013173136,,64.30787663270078,1150.96,3698.9399999999996,,4849.900000000001,17044.94,18000.33,,35045.270000000004,,,,,,,,,,,,,,0.0,,98187.76999999999,,,,,,,,,,,,,,98187.76999999999,0.0
385,MAHARASHTRA,Sindhudurg,,3528.2304632480445,3462.585621114033,0.0,3463.1169178637724,2260.56,277044.94,0.0,279305.5,0.0,279305.5,186.43,20576.429999999997,,20762.859999999997,40.66,0.0,,40.66,187.75908,0.0,,187.75908,65.64,1750.53,,1816.1699999999998,100.56,81.83,,182.39000000000004,14.304,150.108,,164.412,,,,,,,,,595.35,22558.89,,23154.24,,,,,,,,,,,,,,,,,,,,,,,,,,,,,,,,,595.35,22558.89,,23154.24,37.43,1127.94,,1165.3700000000001,557.9200000000001,21430.949999999997,,21988.87,62.078835,2156.218155,,2218.2969900000003,0.0,0.0,,0.0,262.59763999999996,7002.12816,,7264.7258,324.67999999999995,9158.33,,9483.01,58.19472325781473,42.73412984492055,,43.1264089514377,62.07,2156.22,,2218.29,233.24,12272.619999999999,,12505.859999999999,,,,,,,,,,,,,,0.0,,21988.869999999995,,,,,,,,,,,,,,21988.869999999995,0.0
386,MAHARASHTRA,Solapur,,640.584204758574,667.0703416746722,0.0,663.5489593568257,197286.0,1286604.0,0.0,1483890.0,0.0,1483890.0,12328.47,82790.98999999999,,95119.45999999999,2254.47,0.0,,2254.47,12438.343056262976,0.0,,12438.343056262976,6810.549999999999,18902.68,,25713.23,10.21,252.21000000000004,,262.42,1170.3700000000001,9177.906,,10348.276,,,,,,,,,35012.47,111123.85999999999,,146136.32999999996,,,,,,,,,,,,,,,,,,,,,,,,,,,,,,,,,35012.47,111123.85999999999,,146136.32999999996,1750.6399999999999,5556.240000000002,,7306.88,33261.83,105567.62,,138829.44999999998,1127.93188,3725.0772100000004,,4853.00909,0.0,0.0,,0.0,27198.34064,75705.13273,,102903.47336999999,28326.27,79430.21999999999,,107756.48999999999,85.16148991201024,75.24108244554532,,77.61789015226957,1127.9199999999998,3725.09,,4853.009999999999,9854.230000000001,28206.839999999997,,38061.07,,,,,,,,,,,,,,0.0,,138829.45,,,,,,,,,,,,,,138829.45,0.0
387,MAHARASHTRA,Thane,,2606.931630610883,2522.761296500623,0.0,2526.544593419491,10493.0,222954.0,0.0,233447.0,0.0,233447.0,680.5799999999999,14139.969999999998,,14820.550000000001,45.82,0.0,,45.82,1293.6131999999998,0.0,,1293.6131999999998,22.16,577.26,,599.42,123.4,92.27000000000001,,215.67000000000002,10.871999999999998,348.72,,359.59200000000004,,,,,,,,,2176.44,15158.24,,17334.68,,,,,,,,,,,,,,,,,,,,,,,,,,,,,,,,,2176.44,15158.24,,17334.68,125.58000000000001,839.5200000000001,,965.1000000000001,2050.8599999999997,14318.720000000001,,16369.58,47.59892000000001,666.04366,,713.6425800000001,0.0,0.0,,0.0,88.632,2309.031,,2397.6629999999996,136.21,2975.07,,3111.2799999999993,6.6416040100250635,20.777485697045545,,19.006474203980794,47.599999999999994,666.04,,713.64,1914.6499999999996,11343.65,,13258.3,,,,,,,,,,,,,,0.0,,16369.579999999998,,,,,,,,,,,,,,16369.579999999998,0.0
388,MAHARASHTRA,Wardha,,1049.7998482814705,1043.6456142067634,0.0,1045.8070335297032,204128.0,377088.0,0.0,581216.0,0.0,581216.0,21356.97,40257.82,,61614.79000000001,1330.7699999999998,0.0,,1330.7699999999998,8694.12084,0.0,,8694.12084,3750.9699999999993,6786.91,,10537.880000000001,53.66,247.54,,301.20000000000005,481.896,1961.7939999999999,,2443.6899999999996,,,,,,,,,35668.4,49254.049999999996,,84922.45,,,,,,,,,,,,,,,,,,,,,,,,,,,,,,,,,35668.4,49254.049999999996,,84922.45,2234.7499999999995,2462.75,,4697.5,33433.65,46791.3,,80224.95000000001,1143.61289,2266.18452,,3409.79741,0.0,0.0,,0.0,15006.18604,27158.419189999997,,42164.60523,16149.849999999999,29424.620000000003,,45574.469999999994,48.3041785745798,62.884809783015214,,56.808349522187285,1143.6299999999999,2266.2,,3409.83,17283.789999999997,17366.670000000002,,34650.46,,,,,,,,,,,,,,0.0,,80224.95000000001,,,,,,,,,,,,,,80224.95000000001,0.0
389,MAHARASHTRA,Washim,,904.8854531073969,911.4934058784715,0.0,911.1178608519158,27347.489999999998,453848.92999999993,0.0,481196.42,0.0,481196.42,2411.19,40479.01,,42890.200000000004,201.13,0.0,,201.13,3781.876176,0.0,,3781.876176,527.87,7308.859999999999,,7836.73,456.24999999999994,90.41,,546.66,728.3980000000001,2574.648,,3303.0460000000003,,,,,,,,,8106.71,50452.939999999995,,58559.649999999994,,,,,,,,,,,,,,,,,,,,,,,,,,,,,,,,,8106.71,50452.939999999995,,58559.649999999994,415.76000000000005,2636.7400000000002,,3052.5000000000005,7690.95,47816.200000000004,,55507.15,598.690973,1427.3942050000003,,2026.0851780000003,0.0,0.0,,0.0,2111.52714,29235.48674,,31347.013880000002,2710.17,30662.93,,33373.1,35.23842958282137,64.12665581957579,,60.12396601158589,598.6999999999999,1427.42,,2026.1200000000001,4980.780000000001,17153.27,,22134.050000000003,,,,,,,,,,,,,,0.0,,55507.15,,,,,,,,,,,,,,55507.15,0.0
390,MAHARASHTRA,Yawatmal,,997.3505881155987,1011.1831876014104,0.0,1008.8402984658229,193775.67999999993,950290.99,0.0,1144066.67,0.0,1144066.67,16217.74,86906.74,,103124.48,528.35,0.0,,528.35,7223.349260999999,0.0,,7223.349260999999,1648.29,7363.759999999998,,9012.050000000001,61.57999999999999,343.44999999999993,,405.03,41.6,3977.164,,4018.764,,,,,,,,,25720.86,98591.07000000002,,124311.93000000001,,,,,,,,,,,,,,,,,,,,,,,,,,,,,,,,,25720.86,98591.07000000002,,124311.93000000001,1669.2400000000002,5047.960000000001,,6717.2,24051.62,93543.10999999999,,117594.73,1554.1101919999999,5981.12716,,7535.237352000001,0.0,0.0,,0.0,6572.8393940000005,29558.217606,,36131.057,8126.909999999999,35539.369999999995,,43666.280000000006,33.78944952564525,37.99250420474581,,37.1328545080209,1554.1,5981.139999999999,,7535.24,15925.019999999999,58003.73999999999,,73928.76,,,,,,,,,,,,,,0.0,,117594.72999999998,,,,,,,,,,,,,,117594.72999999998,0.0
391,MANIPUR,BISHNUPUR,,0.0,1987.59,0.0,1987.59,0.0,49600.0,0.0,49600.0,0.0,49600.0,0.0,11830.130000000001,0.0,11830.130000000001,,,,,0.0,0.18300385487999998,0.0,0.18000000000000002,0.0,83.56,0.0,83.56,,0.0,,0.0,0.0,0.0,,0.0,,,,,,,,,0.0,11913.869999999999,0.0,11913.869999999999,,,,,,,,,,,,0.0,,,,0.0,,,,,,,,,,,,,,,,0.0,0.0,11913.869999999999,0.0,11913.869999999999,0.0,1191.38,0.0,1191.38,0.0,10722.490000000002,0.0,10722.490000000002,,281.04051,,281.04051,,0.0,,0.0,,327.0,,327.0,,608.05,,608.05,,5.670791019623239,,5.670791019623239,0.0,290.92999999999995,0.0,290.92999999999995,0.0,10104.55,0.0,10104.55,,,,,,,,,,,,,,190080.0,0.0,200802.49,0.0,0.0,,0.0,,0.0,,,,,,,,200802.49,0.0
392,MANIPUR,CHANDEL,,0.0,0.0,0.0,0.0,0.0,0.0,0.0,0.0,331300.0,331300.0,0.0,0.0,0.0,0.0,,,,,0.0,0.0,0.0,0.0,0.0,0.0,0.0,0.0,,0.0,,0.0,,,,,,,,,,,,,0.0,0.0,0.0,0.0,,,,,,,,,,,,0.0,,,,0.0,,,,,,,,,,,,,,,,0.0,0.0,0.0,0.0,0.0,0.0,0.0,0.0,0.0,0.0,0.0,0.0,0.0,,,,0.0,,,,0.0,,,,0.0,,,,,,,,,0.0,0.0,0.0,0.0,0.0,0.0,0.0,0.0,,,,,,,,,,,,,,0.0,0.0,0.0,0.0,0.0,,0.0,,0.0,,,,,,,,0.0,0.0
393,MANIPUR,CHURACHANPUR,,0.0,2133.46,0.0,2133.46,0.0,32100.0,0.0,32100.0,424900.0,457000.0,0.0,8218.09,0.0,8218.09,,,,,0.0,0.0,0.0,0.0,0.0,69.0,0.0,69.0,,0.0,,0.0,0.0,0.0,,0.0,,,,,,,,,0.0,8287.09,0.0,8287.09,,,,,,,,,,,,0.0,,,,0.0,,,,,,,,,,,,,,,,0.0,0.0,8287.09,0.0,8287.09,0.0,828.71,0.0,828.71,0.0,7458.38,0.0,7458.38,,191.072025,,191.072025,,0.0,,0.0,,270.0,,270.0,,461.07000000000005,,461.07000000000005,,6.181905453999394,,6.181905453999394,0.0,192.05,0.0,192.05,0.0,6996.33,0.0,6996.33,,,,,,,,,,,,,,154080.0,0.0,161538.38,0.0,0.0,,0.0,,0.0,,,,,,,,161538.38,0.0
394,MANIPUR,IMPHAL EAST,,0.0,1717.14,0.0,1717.14,0.0,70900.0,0.0,70900.0,0.0,70900.0,0.0,14609.43,0.0,14609.43,,,,,0.0,190.54385415912003,0.0,190.55,0.0,141.84,0.0,141.84,,0.79,,0.79,0.0,0.0,,0.0,,,,,,,,,0.0,14942.609999999999,0.0,14942.609999999999,,,,,,,,,,,,0.0,,,,0.0,,,,,,,,,,,,,,,,0.0,0.0,14942.609999999999,0.0,14942.609999999999,0.0,1494.26,0.0,1494.26,0.0,13448.349999999999,0.0,13448.349999999999,,500.247465,,500.247465,,18.0,,18.0,,555.0,,555.0,,1073.25,,1073.25,,7.980532927831296,,7.980532927831296,0.0,502.75,0.0,502.75,0.0,12372.6,0.0,12372.6,,,,,,,,,,,,,,178544.4,0.0,191992.75,0.0,0.0,,0.0,,0.0,,,,,,,,191992.75,0.0
395,MANIPUR,IMPHAL WEST,,0.0,1384.88,0.0,1384.88,0.0,51900.0,0.0,51900.0,0.0,51900.0,0.0,8625.039999999999,0.0,8625.039999999999,,,,,0.0,0.049314727440000004,0.0,0.04,0.0,72.83000000000001,0.0,72.83000000000001,,1.47,,1.47,0.0,0.0,,0.0,,,,,,,,,0.0,8699.38,0.0,8699.38,,,,,,,,,,,,0.0,,,,0.0,,,,,,,,,,,,,,,,0.0,0.0,8699.38,0.0,8699.38,0.0,869.9300000000001,0.0,869.9300000000001,0.0,7829.450000000001,0.0,7829.450000000001,,568.187835,,568.187835,,6.0,,6.0,,285.0,,285.0,,859.19,,859.19,,10.973823193200033,,10.973823193200033,0.0,571.06,0.0,571.06,0.0,6967.389999999999,0.0,6967.389999999999,,,,,,,,,,,,,,188560.0,0.0,196389.45,0.0,0.0,,0.0,,0.0,,,,,,,,196389.45,0.0
396,MANIPUR,SENAPATI,,0.0,0.0,0.0,0.0,0.0,0.0,0.0,0.0,327100.0,327100.0,0.0,0.0,0.0,0.0,,,,,0.0,0.0,0.0,0.0,0.0,0.0,0.0,0.0,,0.0,,0.0,,,,,,,,,,,,,0.0,0.0,0.0,0.0,,,,,,,,,,,,0.0,,,,0.0,,,,,,,,,,,,,,,,0.0,0.0,0.0,0.0,0.0,0.0,0.0,0.0,0.0,0.0,0.0,0.0,0.0,,,,0.0,,,,0.0,,,,0.0,,,,,,,,,0.0,0.0,0.0,0.0,0.0,0.0,0.0,0.0,,,,,,,,,,,,,,0.0,0.0,0.0,0.0,0.0,,0.0,,0.0,,,,,,,,0.0,0.0
397,MANIPUR,TAMENGLONG,,0.0,0.0,0.0,0.0,0.0,0.0,0.0,0.0,439100.0,439100.0,0.0,0.0,0.0,0.0,,,,,0.0,0.0,0.0,0.0,0.0,0.0,0.0,0.0,,0.0,,0.0,,,,,,,,,,,,,0.0,0.0,0.0,0.0,,,,,,,,,,,,0.0,,,,0.0,,,,,,,,,,,,,,,,0.0,0.0,0.0,0.0,0.0,0.0,0.0,0.0,0.0,0.0,0.0,0.0,0.0,,,,0.0,,,,0.0,,,,0.0,,,,,,,,,0.0,0.0,0.0,0.0,0.0,0.0,0.0,0.0,,,,,,,,,,,,,,0.0,0.0,0.0,0.0,0.0,,0.0,,0.0,,,,,,,,0.0,0.0
398,MANIPUR,THOUBAL,,0.0,1276.78,0.0,1276.78,0.0,51400.0,0.0,51400.0,0.0,51400.0,0.0,7875.17,0.0,7875.17,,,,,0.0,0.057724656,0.0,0.06,0.0,61.33,0.0,61.33,,0.9,,0.9,0.0,0.0,,0.0,,,,,,,,,0.0,7937.459999999999,0.0,7937.459999999999,,,,,,,,,,,,0.0,,,,0.0,,,,,,,,,,,,,,,,0.0,0.0,7937.459999999999,0.0,7937.459999999999,0.0,793.75,0.0,793.75,0.0,7143.709999999999,0.0,7143.709999999999,,463.06126499999993,,463.06126499999993,,0.0,,0.0,,240.0,,240.0,,703.05,,703.05,,9.841524921924323,,9.841524921924323,0.0,465.39,0.0,465.39,0.0,6438.33,0.0,6438.33,,,,,,,,,,,,,,220800.0,0.0,227943.71000000002,0.0,0.0,,0.0,,0.0,,,,,,,,227943.71000000002,0.0
399,MANIPUR,UKHRUL,,0.0,0.0,0.0,0.0,0.0,0.0,0.0,0.0,454400.0,454400.0,0.0,0.0,0.0,0.0,,,,,0.0,0.0,0.0,0.0,0.0,0.0,0.0,0.0,,0.0,,0.0,,,,,,,,,,,,,0.0,0.0,0.0,0.0,,,,,,,,,,,,0.0,,,,0.0,,,,,,,,,,,,,,,,0.0,0.0,0.0,0.0,0.0,0.0,0.0,0.0,0.0,0.0,0.0,0.0,0.0,,,,0.0,,,,0.0,,,,0.0,,,,,,,,,0.0,0.0,0.0,0.0,0.0,0.0,0.0,0.0,,,,,,,,,,,,,,0.0,0.0,0.0,0.0,0.0,,0.0,,0.0,,,,,,,,0.0,0.0
400,MEGHALAYA,EAST GARO HILLS,,0.0,2975.0,0.0,2975.0,0.0,66117.15,0.0,66117.15,78182.85,144300.0,0.0,6743.96,0.0,6743.96,,,,,0.0,178.54,0.0,178.54,0.0,0.0,0.0,0.0,,0.55,,0.55,,,,,,,,,,,,,0.0,6923.05,0.0,6923.05,,,,,,,,,,,,0.0,,,,0.0,0.0,0.0,0.0,0.0,0.0,0.0,0.0,0.0,0.0,0.0,0.0,0.0,0.0,0.0,0.0,0.0,0.0,6923.05,0.0,6923.05,0.0,692.31,0.0,692.31,0.0,6230.74,0.0,6230.74,,431.87019,,431.87019,,0.0,,0.0,,0.0,,0.0,,431.87,,431.87,,6.931279430693625,,6.931279430693625,0.0,481.84,0.0,481.84,0.0,5748.9,0.0,5748.9,,,,,,,0.0,0.0,0.81967032,,,,,8496.71,0.0,14727.45,0.0,0.0,,0.0,,0.0,,0.0,,0.0,,0.0,,14727.45,0.0
401,MEGHALAYA,EAST JAINTIA HILLS,,0.0,2320.0,0.0,2320.0,0.0,100087.0,0.0,100087.0,103913.0,204000.0,0.0,10140.02,0.0,10140.02,,,,,0.0,0.33,0.0,0.33,0.0,0.0,0.0,0.0,,0.52,,0.52,,,,,,,,,,,,,0.0,10140.87,0.0,10140.87,,,,,,,,,,,,0.0,,,,0.0,0.0,0.0,0.0,0.0,0.0,0.0,0.0,0.0,0.0,0.0,0.0,0.0,0.0,0.0,0.0,0.0,0.0,10140.87,0.0,10140.87,0.0,1014.0799999999999,0.0,1014.0799999999999,0.0,9126.79,0.0,9126.79,,179.75712719999999,,179.75712719999999,,27.89695,,27.89695,,0.0,,0.0,,207.65,,207.65,,2.275170131009917,,2.275170131009917,0.0,208.68,0.0,208.68,0.0,8890.22,0.0,8890.22,,,,,,,0.0,0.0,0.199941156,,,,,13371.62,0.0,22498.41,0.0,0.0,,0.0,,0.0,,0.0,,0.0,,0.0,,22498.41,0.0
402,MEGHALAYA,EAST KHASI HILLS,,0.0,4032.0,0.0,4032.0,0.0,89450.1,0.0,89450.1,167314.7,256764.8,0.0,17891.5,0.0,17891.5,,,,,0.0,24.67,0.0,24.67,0.0,0.0,0.0,0.0,,2.11,,2.11,,,,,,,,,,,,,0.0,17918.28,0.0,17918.28,,,,,,,,,,,,0.0,,,,0.0,0.0,0.0,0.0,0.0,0.0,0.0,0.0,0.0,0.0,0.0,0.0,0.0,0.0,0.0,0.0,0.0,0.0,17918.28,0.0,17918.28,0.0,1791.83,0.0,1791.83,0.0,16126.45,0.0,16126.45,,416.0931671999999,,416.0931671999999,,0.0,,0.0,,0.0,,0.0,,416.1,,416.1,,2.5802330953185604,,2.5802330953185604,0.0,452.81,0.0,452.81,0.0,15673.63,0.0,15673.63,,,,,,,0.0,0.0,4.554041890909091,,,,,14115.23,0.0,30241.68,0.0,0.0,,0.0,,0.0,,0.0,,0.0,,0.0,,30241.68,0.0
403,MEGHALAYA,NORTH GARO HILLS,,0.0,2803.0,0.0,2803.0,0.0,50528.0,0.0,50528.0,65472.0,116000.0,0.0,15978.060000000001,0.0,15978.060000000001,,,,,0.0,3.84,0.0,3.84,0.0,0.0,0.0,0.0,,2.59,,2.59,,,,,,,,,,,,,0.0,15984.490000000002,0.0,15984.490000000002,,,,,,,,,,,,0.0,,,,0.0,0.0,0.0,0.0,0.0,0.0,254.85,0.0,254.85,0.0,0.0,0.0,0.0,0.0,-254.85000000000002,0.0,-254.85000000000002,0.0,15729.640000000001,0.0,15729.640000000001,0.0,1598.45,0.0,1598.45,0.0,14131.19,0.0,14131.19,,455.6370555,,455.6370555,,0.0,,0.0,,51.0,,51.0,,506.63,,506.63,,3.5851899238493004,,3.5851899238493004,0.0,508.68,0.0,508.68,0.0,13571.52,0.0,13571.52,,,,,,,0.0,0.0,11.598336,,,,,5527.76,0.0,19658.95,0.0,0.0,,0.0,,0.0,,0.0,,0.0,,0.0,,19658.95,0.0
404,MEGHALAYA,RI BHOI,,0.0,2030.0,0.0,2030.0,0.0,90914.58,0.0,90914.58,153885.42,244800.0,0.0,6569.84,0.0,6569.84,,,,,0.0,75.42,0.0,75.42,0.0,0.0,0.0,0.0,,7.5,,7.5,,,,,,,,,,,,,0.0,6652.76,0.0,6652.76,,,,,,,,,,,,0.0,,,,0.0,0.0,0.0,0.0,0.0,0.0,0.0,0.0,0.0,0.0,0.0,0.0,0.0,0.0,0.0,0.0,0.0,0.0,6652.76,0.0,6652.76,0.0,665.2800000000001,0.0,665.2800000000001,0.0,5987.4800000000005,0.0,5987.4800000000005,,352.75917749999996,,352.75917749999996,,16.701349999999998,,16.701349999999998,,0.0,,0.0,,369.46,,369.46,,6.170542532083614,,6.170542532083614,0.0,455.25,0.0,455.25,0.0,5515.53,0.0,5515.53,,,,,,,0.0,0.0,1.3124196332307694,,,,,12600.76,0.0,18588.24,0.0,0.0,,0.0,,0.0,,0.0,,0.0,,0.0,,18588.24,0.0
405,MEGHALAYA,SOUTH GARO HILLS,,0.0,4210.0,0.0,4210.0,0.0,86770.95,0.0,86770.95,101929.05,188700.0,0.0,19779.21,0.0,19779.21,,,,,0.0,38.89,0.0,38.89,0.0,0.0,0.0,0.0,,14.83,,14.83,,,,,,,,,,,,,0.0,19832.93,0.0,19832.93,,,,,,,,,,,,0.0,,,,0.0,0.0,0.0,0.0,0.0,0.0,0.0,0.0,0.0,0.0,0.0,0.0,0.0,0.0,0.0,0.0,0.0,0.0,19832.93,0.0,19832.93,0.0,1983.29,0.0,1983.29,0.0,17849.64,0.0,17849.64,,281.677581,,281.677581,,0.0,,0.0,,1.5,,1.5,,283.16999999999996,,283.16999999999996,,1.5864185496178074,,1.5864185496178074,0.0,327.47,0.0,327.47,0.0,17520.68,0.0,17520.68,,,,,,,0.0,0.0,0.54517872,,,,,11557.89,0.0,29407.53,0.0,0.0,,0.0,,0.0,,0.0,,0.0,,0.0,,29407.53,0.0
406,MEGHALAYA,SOUTH WEST GARO HILLS,,0.0,1634.0,0.0,1634.0,0.0,56023.0,0.0,56023.0,33577.0,89600.0,0.0,4575.77,0.0,4575.77,,,,,0.0,100.98,0.0,100.98,0.0,35.01,0.0,35.01,,69.73,,69.73,,,,,,,,,,,,,0.0,4781.49,0.0,4781.49,,,,,,,,,,,,0.0,,,,0.0,0.0,0.0,0.0,0.0,0.0,1607.29,0.0,1607.29,0.0,0.0,0.0,0.0,0.0,-1607.29,0.0,-1607.29,0.0,3174.2,0.0,3174.2,0.0,478.15,0.0,478.15,0.0,2696.05,0.0,2696.05,,278.38789440000005,,278.38789440000005,,0.0,,0.0,,197.5073,,197.5073,,475.89,,475.89,,17.651378869086255,,17.651378869086255,0.0,312.55,0.0,312.55,0.0,2186.0,0.0,2186.0,,,,,,,0.0,0.0,0.2105568,,,,,7764.79,0.0,10460.84,0.0,0.0,,0.0,,0.0,,0.0,,0.0,,0.0,,10460.84,0.0
407,MEGHALAYA,SOUTH WEST KHASI HILLS,,0.0,3918.0,0.0,3918.0,0.0,60873.44,0.0,60873.44,73226.56,134100.0,0.0,8930.29,0.0,8930.29,,,,,0.0,6.5,0.0,6.5,0.0,0.0,0.0,0.0,,0.17,,0.17,,,,,,,,,,,,,0.0,8936.96,0.0,8936.96,,,,,,,,,,,,0.0,,,,0.0,0.0,0.0,0.0,0.0,0.0,0.0,0.0,0.0,0.0,0.0,0.0,0.0,0.0,0.0,0.0,0.0,0.0,8936.96,0.0,8936.96,0.0,893.7,0.0,893.7,0.0,8043.26,0.0,8043.26,,137.7313119,,137.7313119,,0.0,,0.0,,0.0,,0.0,,137.73,,137.73,,1.7123653841850193,,1.7123653841850193,0.0,158.23,0.0,158.23,0.0,7885.03,0.0,7885.03,,,,,,,0.0,0.0,0.29589983999999997,,,,,9569.3,0.0,17612.56,0.0,0.0,,0.0,,0.0,,0.0,,0.0,,0.0,,17612.56,0.0
408,MEGHALAYA,WEST GARO HILLS,,0.0,2678.0,0.0,2678.0,0.0,183011.12,0.0,183011.12,95088.88,278100.0,0.0,31944.77,0.0,31944.77,,,,,0.0,506.8,0.0,506.8,0.0,0.0,0.0,0.0,,26.27,,26.27,,,,,,,,,,,,,0.0,32477.84,0.0,32477.84,,,,,,,,,,,,0.0,,,,0.0,0.0,0.0,0.0,0.0,0.0,2197.24,0.0,2197.24,0.0,0.0,0.0,0.0,0.0,-2197.24,0.0,-2197.24,0.0,30280.6,0.0,30280.6,0.0,3247.7799999999997,0.0,3247.7799999999997,0.0,27032.82,0.0,27032.82,,1121.6253958500001,,1121.6253958500001,,0.6,,0.6,,0.0,,0.0,,1122.22,,1122.22,,4.151324205169864,,4.151324205169864,0.0,1260.45,0.0,1260.45,0.0,25771.78,0.0,25771.78,,,,,,,0.0,0.0,0.7163423999999999,,,,,22089.44,0.0,49122.26,0.0,0.0,,0.0,,0.0,,0.0,,0.0,,0.0,,49122.26,0.0
409,MEGHALAYA,WEST JAINTIA HILLS,,0.0,2320.0,0.0,2320.0,0.0,99725.83,0.0,99725.83,78174.17,177900.0,0.0,15265.32,0.0,15265.32,,,,,0.0,4.05,0.0,4.05,0.0,1.88,0.0,1.88,,4.84,,4.84,,,,,,,,,,,,,0.0,15276.09,0.0,15276.09,,,,,,,,,,,,0.0,,,,0.0,0.0,0.0,0.0,0.0,0.0,0.0,0.0,0.0,0.0,0.0,0.0,0.0,0.0,0.0,0.0,0.0,0.0,15276.09,0.0,15276.09,0.0,1527.61,0.0,1527.61,0.0,13748.48,0.0,13748.48,,595.3089209249999,,595.3089209249999,,10.0,,10.0,,8.5,,8.5,,613.81,,613.81,,4.464566264779815,,4.464566264779815,0.0,679.77,0.0,679.77,0.0,13050.21,0.0,13050.21,,,,,,,0.0,0.0,0.29458535290434784,,,,,18469.22,0.0,32217.7,0.0,0.0,,0.0,,0.0,,0.0,,0.0,,0.0,,32217.7,0.0
410,MEGHALAYA,WEST KHASI HILLS,,0.0,4062.0,0.0,4062.0,0.0,165243.9,0.0,165243.9,225356.1,390600.0,0.0,30803.94,0.0,30803.94,,,,,0.0,39.54,0.0,39.54,0.0,0.0,0.0,0.0,,0.35,,0.35,,,,,,,,,,,,,0.0,30843.83,0.0,30843.83,,,,,,,,,,,,0.0,,,,0.0,0.0,0.0,0.0,0.0,0.0,0.0,0.0,0.0,0.0,0.0,0.0,0.0,0.0,0.0,0.0,0.0,0.0,30843.83,0.0,30843.83,0.0,3084.3799999999997,0.0,3084.3799999999997,0.0,27759.449999999997,0.0,27759.449999999997,,484.04831422499996,,484.04831422499996,,0.0,,0.0,,0.0,,0.0,,484.04999999999995,,484.04999999999995,,1.7437305133927365,,1.7437305133927365,0.0,550.86,0.0,550.86,0.0,27208.59,0.0,27208.59,,,,,,,0.0,0.0,0.9491563495384614,,,,,13236.04,0.0,40995.49,0.0,0.0,,0.0,,0.0,,0.0,,0.0,,0.0,,40995.49,0.0
411,MIZORAM,AIZAWL,,0.0,2352.0,0.0,2352.0,0.0,21734.0,0.0,21734.0,335866.0,357600.0,0.0,1635.7900000000002,0.0,1635.7900000000002,0.0,,0.0,0.0,0.0,0.0,0.0,0.0,0.0,0.0,0.0,0.0,0.0,0.0,0.0,0.0,,,,,,,,,,,,,0.0,1635.7900000000002,0.0,1635.7900000000002,,,,,,,,,,,,0.0,,,,0.0,0.0,0.0,0.0,0.0,0.0,0.0,0.0,0.0,0.0,0.0,0.0,0.0,0.0,0.0,0.0,0.0,0.0,1635.7900000000002,0.0,1635.7900000000002,0.0,163.58,0.0,163.58,0.0,1472.21,0.0,1472.21,,206.9491746,,206.9491746,,0.0,,0.0,,0.0,,0.0,,206.95,,206.95,,14.057097832510307,,14.057097832510307,0.0,229.32,0.0,229.32,0.0,1242.89,0.0,1242.89,,,,,,,0.0,0.0,356.92271999999997,,,,,0.0,0.0,1472.21,0.0,0.0,,0.0,,0.0,,,,,,,,1472.21,0.0
412,MIZORAM,CHAMPHAI,,0.0,1863.0,0.0,1863.0,0.0,28673.0,0.0,28673.0,289827.0,318500.0,0.0,1709.3700000000003,0.0,1709.3700000000003,0.0,,0.0,0.0,0.0,0.0,0.0,0.0,0.0,0.0,0.0,0.0,0.0,0.0,0.0,0.0,,,,,,,,,,,,,0.0,1709.3700000000003,0.0,1709.3700000000003,,,,,,,,,,,,0.0,,,,0.0,0.0,0.0,0.0,0.0,0.0,0.0,0.0,0.0,0.0,0.0,0.0,0.0,0.0,0.0,0.0,0.0,0.0,1709.3700000000003,0.0,1709.3700000000003,0.0,170.92000000000002,0.0,170.92000000000002,0.0,1538.4499999999998,0.0,1538.4499999999998,,46.695592815,,46.695592815,,0.0,,0.0,,0.0,,0.0,,46.690000000000005,,46.690000000000005,,3.0348727615457123,,3.0348727615457123,0.0,49.88,0.0,49.88,0.0,1488.5800000000002,0.0,1488.5800000000002,,,,,,,0.0,0.0,307.692,,,,,0.0,0.0,1538.45,0.0,0.0,,0.0,,0.0,,,,,,,,1538.45,0.0
413,MIZORAM,KOLASIB,,0.0,2199.0,0.0,2199.0,0.0,39515.0,0.0,39515.0,98685.0,138200.0,0.0,2780.59,0.0,2780.59,0.0,,0.0,0.0,0.0,0.0,0.0,0.0,0.0,0.0,0.0,0.0,0.0,0.0,0.0,0.0,,,,,,,,,,,,,0.0,2780.59,0.0,2780.59,,,,,,,,,,,,0.0,,,,0.0,0.0,0.0,0.0,0.0,0.0,0.0,0.0,0.0,0.0,0.0,0.0,0.0,0.0,0.0,0.0,0.0,0.0,2780.59,0.0,2780.59,0.0,278.04999999999995,0.0,278.04999999999995,0.0,2502.54,0.0,2502.54,,32.537508900000006,,32.537508900000006,,0.0,,0.0,,0.0,,0.0,,32.54,,32.54,,1.3002789166207134,,1.3002789166207134,0.0,36.39,0.0,36.39,0.0,2466.1400000000003,0.0,2466.1400000000003,,,,,,,0.0,0.0,62.65727999999999,,,,,0.0,0.0,2502.54,0.0,0.0,,0.0,,0.0,,,,,,,,2502.54,0.0
414,MIZORAM,LAWNGTLAI,,0.0,1949.0,0.0,1949.0,0.0,52075.0,0.0,52075.0,203625.0,255700.0,0.0,3247.8099999999995,0.0,3247.8099999999995,0.0,,0.0,0.0,0.0,0.0,0.0,0.0,0.0,0.0,0.0,0.0,0.0,0.0,0.0,0.0,,,,,,,,,,,,,0.0,3247.8099999999995,0.0,3247.8099999999995,,,,,,,,,,,,0.0,,,,0.0,0.0,0.0,0.0,0.0,0.0,0.0,0.0,0.0,0.0,0.0,0.0,0.0,0.0,0.0,0.0,0.0,0.0,3247.8099999999995,0.0,3247.8099999999995,0.0,324.78999999999996,0.0,324.78999999999996,0.0,2923.02,0.0,2923.02,,105.8748492,,105.8748492,,0.0,,0.0,,0.0,,0.0,,105.87,,105.87,,3.621938953548043,,3.621938953548043,0.0,123.67,0.0,123.67,0.0,2799.3500000000004,0.0,2799.3500000000004,,,,,,,0.0,0.0,227.26008,,,,,0.0,0.0,2923.02,0.0,0.0,,0.0,,0.0,,,,,,,,2923.02,0.0
415,MIZORAM,LUNGLEI,,0.0,2299.0,0.0,2299.0,0.0,74487.0,0.0,74487.0,381213.0,455700.0,0.0,5479.86,0.0,5479.86,0.0,,0.0,0.0,0.0,0.0,0.0,0.0,0.0,0.0,0.0,0.0,0.0,0.0,0.0,0.0,,,,,,,,,,,,,0.0,5479.86,0.0,5479.86,,,,,,,,,,,,0.0,,,,0.0,0.0,0.0,0.0,0.0,0.0,0.0,0.0,0.0,0.0,0.0,0.0,0.0,0.0,0.0,0.0,0.0,0.0,5479.86,0.0,5479.86,0.0,547.99,0.0,547.99,0.0,4931.870000000001,0.0,4931.870000000001,,202.30595849999997,,202.30595849999997,,0.0,,0.0,,0.0,,0.0,,202.32,,202.32,,4.1022979113399165,,4.1022979113399165,0.0,212.41000000000003,0.0,212.41000000000003,0.0,4719.4400000000005,0.0,4719.4400000000005,,,,,,,0.0,0.0,1012.5864,,,,,0.0,0.0,4931.870000000001,0.0,0.0,,0.0,,0.0,,,,,,,,4931.870000000001,0.0
416,MIZORAM,MAMIT,,0.0,2447.0,0.0,2447.0,0.0,71631.0,0.0,71631.0,228769.0,300400.0,0.0,5609.01,0.0,5609.01,0.0,,0.0,0.0,0.0,0.0,0.0,0.0,0.0,0.0,0.0,0.0,0.0,0.0,0.0,0.0,,,,,,,,,,,,,0.0,5609.01,0.0,5609.01,,,,,,,,,,,,0.0,,,,0.0,0.0,0.0,0.0,0.0,0.0,0.0,0.0,0.0,0.0,0.0,0.0,0.0,0.0,0.0,0.0,0.0,0.0,5609.01,0.0,5609.01,0.0,560.89,0.0,560.89,0.0,5048.12,0.0,5048.12,,103.9692426,,103.9692426,,0.0,,0.0,,0.0,,0.0,,103.97,,103.97,,2.059578615405339,,2.059578615405339,0.0,123.16000000000001,0.0,123.16000000000001,0.0,4924.95,0.0,4924.95,,,,,,,0.0,0.0,175.66415999999998,,,,,0.0,0.0,5048.12,0.0,0.0,,0.0,,0.0,,,,,,,,5048.12,0.0
417,MIZORAM,SAIHA,,0.0,2371.0,0.0,2371.0,0.0,10660.0,0.0,10660.0,129240.0,139900.0,0.0,808.8,0.0,808.8,0.0,,0.0,0.0,0.0,0.0,0.0,0.0,0.0,0.0,0.0,0.0,0.0,0.0,0.0,0.0,,,,,,,,,,,,,0.0,808.8,0.0,808.8,,,,,,,,,,,,0.0,,,,0.0,0.0,0.0,0.0,0.0,0.0,0.0,0.0,0.0,0.0,0.0,0.0,0.0,0.0,0.0,0.0,0.0,0.0,808.8,0.0,808.8,0.0,80.88,0.0,80.88,0.0,727.9200000000001,0.0,727.9200000000001,,42.0741267,,42.0741267,,0.0,,0.0,,0.0,,0.0,,42.08,,42.08,,5.780855039015275,,5.780855039015275,0.0,45.65,0.0,45.65,0.0,682.27,0.0,682.27,,,,,,,0.0,0.0,30.209759999999996,,,,,0.0,0.0,727.92,0.0,0.0,,0.0,,0.0,,,,,,,,727.92,0.0
418,MIZORAM,SERCHHIP,,0.0,1743.0,0.0,1743.0,0.0,16166.0,0.0,16166.0,125934.0,142100.0,0.0,901.6800000000001,0.0,901.6800000000001,0.0,,0.0,0.0,0.0,0.0,0.0,0.0,0.0,0.0,0.0,0.0,0.0,0.0,0.0,0.0,,,,,,,,,,,,,0.0,901.6800000000001,0.0,901.6800000000001,,,,,,,,,,,,0.0,,,,0.0,0.0,0.0,0.0,0.0,0.0,0.0,0.0,0.0,0.0,0.0,0.0,0.0,0.0,0.0,0.0,0.0,0.0,901.6800000000001,0.0,901.6800000000001,0.0,90.18,0.0,90.18,0.0,811.5,0.0,811.5,,50.239695,,50.239695,,0.0,,0.0,,0.0,,0.0,,50.239999999999995,,50.239999999999995,,6.191004313000616,,6.191004313000616,0.0,54.36,0.0,54.36,0.0,757.14,0.0,757.14,,,,,,,0.0,0.0,105.17472,,,,,0.0,0.0,811.5,0.0,0.0,,0.0,,0.0,,,,,,,,811.5,0.0
419,NAGALAND,Dimapur,,0.0,1744.96,0.0,1744.96,0.0,63045.67,0.0,63045.67,29654.33,92700.0,0.0,15961.369999999999,0.0,15961.369999999999,0.0,,0.0,0.0,0.0,13226.029999999999,0.0,13226.029999999999,0.0,59.010000000000005,0.0,59.010000000000005,0.0,0.0,0.0,0.0,0.0,0.0,0.0,0.0,,,,,,,,,0.0,29246.42,0.0,29246.42,0.0,0.0,0.0,0.0,0.0,0.0,0.0,0.0,0.0,0.0,0.0,0.0,0.0,0.0,0.0,0.0,0.0,0.0,0.0,0.0,0.0,0.0,0.0,0.0,0.0,0.0,0.0,0.0,0.0,0.0,0.0,0.0,0.0,29246.42,0.0,29246.42,0.0,2924.65,0.0,2924.65,0.0,26321.77,0.0,26321.77,,847.0001991419999,,847.0001991419999,,1.44,,1.44,,199.76,,199.76,,1048.2,,1048.2,,3.9822549927303523,,3.9822549927303523,0.0,933.25,0.0,933.25,0.0,25187.32,0.0,25187.32,,,,[],[Fe],[],0.0,0.0,0.0,,,,,520384.0,0.0,546705.77,0.0,0.0,,0.0,,0.0,,0.0,,0.0,,0.0,,546705.77,0.0
420,NAGALAND,Kiphire,,0.0,1074.1,0.0,1074.1,0.0,3576.2,0.0,3576.2,109423.8,113000.0,0.0,184.38,0.0,184.38,0.0,,0.0,0.0,0.0,0.0,0.0,0.0,0.0,0.0,0.0,0.0,0.0,0.0,0.0,0.0,0.0,0.0,0.0,0.0,,,,,,,,,0.0,184.38,0.0,184.38,0.0,0.0,0.0,0.0,0.0,0.0,0.0,0.0,0.0,0.0,0.0,0.0,0.0,0.0,0.0,0.0,0.0,0.0,0.0,0.0,0.0,0.0,0.0,0.0,0.0,0.0,0.0,0.0,0.0,0.0,0.0,0.0,0.0,184.38,0.0,184.38,0.0,18.439999999999998,0.0,18.439999999999998,0.0,165.94,0.0,165.94,,10.671004512,,10.671004512,,0.0,,0.0,,0.0,,0.0,,10.67,,10.67,,6.430034952392432,,6.430034952392432,0.0,10.67,0.0,10.67,0.0,155.27,0.0,155.27, ,,,[],[],[],0.0,0.0,0.0,,,,,0.0,0.0,165.94,0.0,0.0,,0.0,,0.0,,0.0,,0.0,,0.0,,165.94,0.0
421,NAGALAND,Kohima,,0.0,1779.3000000000002,0.0,1779.3000000000002,0.0,28263.57,0.0,28263.57,118036.43,146300.0,0.0,2413.89,0.0,2413.89,0.0,,0.0,0.0,0.0,0.0,0.0,0.0,0.0,0.0,0.0,0.0,0.0,0.0,0.0,0.0,0.0,0.0,0.0,0.0,,,,,,,,,0.0,2413.89,0.0,2413.89,0.0,0.0,0.0,0.0,0.0,0.0,0.0,0.0,0.0,0.0,0.0,0.0,0.0,0.0,0.0,0.0,0.0,0.0,0.0,0.0,0.0,0.0,0.0,0.0,0.0,0.0,0.0,0.0,0.0,0.0,0.0,0.0,0.0,2413.89,0.0,2413.89,0.0,241.39,0.0,241.39,0.0,2172.5,0.0,2172.5,,227.805142032,,227.805142032,,0.6,,0.6,,0.0,,0.0,,228.39999999999998,,228.39999999999998,,10.513233601841195,,10.513233601841195,0.0,249.54,0.0,249.54,0.0,1922.37,0.0,1922.37,,,,[],[],[],0.0,0.0,0.0,,,,,0.0,0.0,2172.5,0.0,0.0,,0.0,,0.0,,0.0,,0.0,,0.0,,2172.5,0.0
422,NAGALAND,Longleng,,0.0,1879.5,0.0,1879.4999999999998,0.0,12889.62,0.0,12889.62,43310.38,56200.0,0.0,1162.85,0.0,1162.85,0.0,,0.0,0.0,0.0,0.0,0.0,0.0,0.0,0.0,0.0,0.0,0.0,0.0,0.0,0.0,0.0,0.0,0.0,0.0,,,,,,,,,0.0,1162.85,0.0,1162.85,0.0,0.0,0.0,0.0,0.0,0.0,0.0,0.0,0.0,0.0,0.0,0.0,0.0,0.0,0.0,0.0,0.0,0.0,0.0,0.0,0.0,0.0,0.0,0.0,0.0,0.0,0.0,0.0,0.0,0.0,0.0,0.0,0.0,1162.85,0.0,1162.85,0.0,116.28999999999999,0.0,116.28999999999999,0.0,1046.56,0.0,1046.56,,13.961657339999999,,13.961657339999999,,0.0,,0.0,,0.0,,0.0,,13.959999999999999,,13.959999999999999,,1.3338939000152883,,1.3338939000152883,0.0,16.91,0.0,16.91,0.0,1029.65,0.0,1029.65,,,,[],[],[],0.0,0.0,0.0,,,,,0.0,0.0,1046.56,0.0,0.0,,0.0,,0.0,,0.0,,0.0,,0.0,,1046.56,0.0
423,NAGALAND,Mokokchung,,0.0,2080.4,0.0,2080.4,0.0,55042.96,0.0,55042.96,106457.04,161500.0,0.0,5496.55,0.0,5496.55,0.0,,0.0,0.0,0.0,6991.740000000001,0.0,6991.740000000001,0.0,0.0,0.0,0.0,0.0,0.0,0.0,0.0,0.0,0.0,0.0,0.0,,,,,,,,,0.0,12488.29,0.0,12488.29,0.0,0.0,0.0,0.0,0.0,0.0,0.0,0.0,0.0,0.0,0.0,0.0,0.0,0.0,0.0,0.0,0.0,0.0,0.0,0.0,0.0,0.0,0.0,0.0,0.0,0.0,0.0,0.0,0.0,0.0,0.0,0.0,0.0,12488.29,0.0,12488.29,0.0,1248.83,0.0,1248.83,0.0,11239.46,0.0,11239.46,,69.619450446,,69.619450446,,0.0,,0.0,,0.0,,0.0,,69.62,,69.62,,0.6194247766351765,,0.6194247766351765,0.0,69.62,0.0,69.62,0.0,11169.84,0.0,11169.84,,,,[],[],[],0.0,0.0,0.0,,,,,0.0,0.0,11239.46,0.0,0.0,,0.0,,0.0,,0.0,,0.0,,0.0,,11239.46,0.0
424,NAGALAND,Mon,,0.0,1469.1,0.0,1469.1,0.0,61512.44,0.0,61512.44,117087.56,178600.0,0.0,4337.66,0.0,4337.66,0.0,,0.0,0.0,0.0,0.0,0.0,0.0,0.0,0.0,0.0,0.0,0.0,0.0,0.0,0.0,0.0,0.0,0.0,0.0,,,,,,,,,0.0,4337.66,0.0,4337.66,0.0,0.0,0.0,0.0,0.0,0.0,0.0,0.0,0.0,0.0,0.0,0.0,0.0,0.0,0.0,0.0,0.0,0.0,0.0,0.0,0.0,0.0,0.0,0.0,0.0,0.0,0.0,0.0,0.0,0.0,0.0,0.0,0.0,4337.66,0.0,4337.66,0.0,433.76,0.0,433.76,0.0,3903.9,0.0,3903.9,,199.59710019599999,,199.59710019599999,,0.0,,0.0,,0.0,,0.0,,199.60000000000002,,199.60000000000002,,5.112835882066652,,5.112835882066652,0.0,199.6,0.0,199.6,0.0,3704.3,0.0,3704.3,,,,[],[],[],0.0,0.0,0.0,,,,,0.0,0.0,3903.9,0.0,0.0,,0.0,,0.0,,0.0,,0.0,,0.0,,3903.9,0.0
425,NAGALAND,Peren,,0.0,1394.1999999999998,0.0,1394.1999999999998,0.0,63838.44,0.0,63838.44,101261.56,165100.0,0.0,4272.17,0.0,4272.17,0.0,,0.0,0.0,0.0,6918.0599999999995,0.0,6918.0599999999995,0.0,0.0,0.0,0.0,0.0,0.0,0.0,0.0,0.0,0.0,0.0,0.0,,,,,,,,,0.0,11190.23,0.0,11190.23,0.0,0.0,0.0,0.0,0.0,0.0,0.0,0.0,0.0,0.0,0.0,0.0,0.0,0.0,0.0,0.0,0.0,0.0,0.0,0.0,0.0,0.0,0.0,0.0,0.0,0.0,0.0,0.0,0.0,0.0,0.0,0.0,0.0,11190.23,0.0,11190.23,0.0,1119.02,0.0,1119.02,0.0,10071.210000000001,0.0,10071.210000000001,,90.68650102800001,,90.68650102800001,,0.0,,0.0,,0.0,,0.0,,90.68,,90.68,,0.9003883346688233,,0.9003883346688233,0.0,92.57,0.0,92.57,0.0,9978.65,0.0,9978.65,,,,[],[],[],0.0,0.0,0.0,,,,,0.0,0.0,10071.21,0.0,0.0,,0.0,,0.0,,0.0,,0.0,,0.0,,10071.21,0.0
426,NAGALAND,Phek,,0.0,1295.1,0.0,1295.1,0.0,11309.0,0.0,11309.0,191291.0,202600.0,0.0,703.02,0.0,703.02,0.0,,0.0,0.0,0.0,0.0,0.0,0.0,0.0,0.0,0.0,0.0,0.0,0.0,0.0,0.0,0.0,0.0,0.0,0.0,,,,,,,,,0.0,703.02,0.0,703.02,0.0,0.0,0.0,0.0,0.0,0.0,0.0,0.0,0.0,0.0,0.0,0.0,0.0,0.0,0.0,0.0,0.0,0.0,0.0,0.0,0.0,0.0,0.0,0.0,0.0,0.0,0.0,0.0,0.0,0.0,0.0,0.0,0.0,703.02,0.0,703.02,0.0,70.31,0.0,70.31,0.0,632.71,0.0,632.71,,40.66796252099999,,40.66796252099999,,0.0,,0.0,,0.0,,0.0,,40.67,,40.67,,6.427905359485388,,6.427905359485388,0.0,42.35,0.0,42.35,0.0,590.36,0.0,590.36,,,,[],[],[],0.0,0.0,0.0,,,,,0.0,0.0,632.71,0.0,0.0,,0.0,,0.0,,0.0,,0.0,,0.0,,632.71,0.0
427,NAGALAND,Tuensang,,0.0,2079.5,0.0,2079.5,0.0,10123.43,0.0,10123.43,243476.57,253600.0,0.0,1010.48,0.0,1010.48,0.0,,0.0,0.0,0.0,0.0,0.0,0.0,0.0,0.0,0.0,0.0,0.0,0.0,0.0,0.0,0.0,0.0,0.0,0.0,,,,,,,,,0.0,1010.48,0.0,1010.48,0.0,0.0,0.0,0.0,0.0,0.0,0.0,0.0,0.0,0.0,0.0,0.0,0.0,0.0,0.0,0.0,0.0,0.0,0.0,0.0,0.0,0.0,0.0,0.0,0.0,0.0,0.0,0.0,0.0,0.0,0.0,0.0,0.0,1010.48,0.0,1010.48,0.0,101.05,0.0,101.05,0.0,909.4300000000001,0.0,909.4300000000001,,91.737044685,,91.737044685,,0.0,,0.0,,0.0,,0.0,,91.73,,91.73,,10.086537721429908,,10.086537721429908,0.0,93.9,0.0,93.9,0.0,815.54,0.0,815.54,,,,[],[],[],0.0,0.0,0.0,,,,,0.0,0.0,909.43,0.0,0.0,,0.0,,0.0,,0.0,,0.0,,0.0,,909.43,0.0
428,NAGALAND,Wokha,,0.0,2166.76,0.0,2166.76,0.0,66920.62,0.0,66920.62,95879.38,162800.0,0.0,6960.05,0.0,6960.05,0.0,,0.0,0.0,0.0,7954.08,0.0,7954.08,0.0,0.0,0.0,0.0,0.0,0.0,0.0,0.0,0.0,0.0,0.0,0.0,,,,,,,,,0.0,14914.130000000001,0.0,14914.130000000001,0.0,0.0,0.0,0.0,0.0,0.0,0.0,0.0,0.0,0.0,0.0,0.0,0.0,0.0,0.0,0.0,0.0,0.0,0.0,0.0,0.0,0.0,0.0,0.0,0.0,0.0,0.0,0.0,0.0,0.0,0.0,0.0,0.0,14914.130000000001,0.0,14914.130000000001,0.0,1491.42,0.0,1491.42,0.0,13422.710000000001,0.0,13422.710000000001,,185.576518716,,185.576518716,,0.0,,0.0,,0.0,,0.0,,185.58,,185.58,,1.3825822058287782,,1.3825822058287782,0.0,188.31,0.0,188.31,0.0,13234.4,0.0,13234.4,,,,[],[],[],0.0,0.0,0.0,,,,,0.0,0.0,13422.71,0.0,0.0,,0.0,,0.0,,0.0,,0.0,,0.0,,13422.71,0.0
429,NAGALAND,Zunheboto,,0.0,2080.4,0.0,2080.4,0.0,8985.47,0.0,8985.47,116514.53,125500.0,0.0,897.28,0.0,897.28,0.0,,0.0,0.0,0.0,0.0,0.0,0.0,0.0,0.0,0.0,0.0,0.0,0.0,0.0,0.0,0.0,0.0,0.0,0.0,,,,,,,,,0.0,897.28,0.0,897.28,0.0,0.0,0.0,0.0,0.0,0.0,0.0,0.0,0.0,0.0,0.0,0.0,0.0,0.0,0.0,0.0,0.0,0.0,0.0,0.0,0.0,0.0,0.0,0.0,0.0,0.0,0.0,0.0,0.0,0.0,0.0,0.0,0.0,897.28,0.0,897.28,0.0,89.73,0.0,89.73,0.0,807.55,0.0,807.55,,65.082268014,,65.082268014,,0.0,,0.0,,0.0,,0.0,,65.08,,65.08,,8.058943718655192,,8.058943718655192,0.0,65.08,0.0,65.08,0.0,742.47,0.0,742.47,,,,[],[],[],0.0,0.0,0.0,,,,,0.0,0.0,807.55,0.0,0.0,,0.0,,0.0,,0.0,,0.0,,0.0,,807.55,0.0
430,ODISHA,ANGUL,,1120.1887474901337,1295.8483287799863,0.0,1290.8598778178673,14443.0,494142.0,0.0,508585.0,130761.0,639346.0,1086.1,42240.100000000006,0.0,43326.2,356.39,,0.0,356.39,2563.38264168876,0.0,0.0,2563.38,360.57000000000005,5125.39,0.0,5485.960000000001,51.84,5540.5199999999995,0.0,5592.36,5.284,67.544,0.0,72.828,,,,,,,,,4423.5599999999995,52973.55,0.0,57397.11000000001,,,,,,,,,,,,0.0,,,,0.0,0.0,0.0,0.0,0.0,0.0,0.0,0.0,0.0,0.0,0.0,0.0,0.0,0.0,0.0,0.0,0.0,4423.5599999999995,52973.55,0.0,57397.11000000001,442.34000000000003,2822.5400000000004,0.0,3264.8799999999997,3981.2200000000003,50151.01,0.0,54132.23,117.14163999999998,4303.2092925,,4420.3509324999995,57.46000000000001,1021.0200000000002,,1078.48,1428.3200000000002,20011.090000000004,,21439.41,1602.9199999999998,25335.32,,26938.239999999998,40.262030231938944,50.51806533906296,,49.76377289463227,120.67999999999999,4795.43,0.0,4916.109999999999,2374.76,24323.47,0.0,26698.230000000003,,,,,,,0.0,0.0,0.0,,,,,1249354.08,0.0,1303486.31,0.0,0.0,,0.0,,0.0,,,,,,,,1303486.31,0.0
431,ODISHA,BALASORE,,1752.1646310752958,1702.4098345238442,1760.0853113053438,1715.3424218112248,23826.0,273272.0,59379.0,356477.0,25584.0,382061.0,7263.23,72000.94,19900.22,99164.39000000001,1476.14,,0.0,1476.14,9398.162634955745,0.0,0.0,9398.150000000001,1708.21,26389.54,0.0,28097.75,1849.1699999999998,21205.180000000004,5170.64,28224.989999999998,4.8,667.1999999999999,16.8,688.8,,,,,,,,,21699.699999999997,120262.85999999999,25087.659999999996,167050.21999999997,,,,,,,,,,,,0.0,,,,0.0,0.0,0.0,0.0,0.0,0.0,0.0,0.0,0.0,0.0,0.0,0.0,0.0,0.0,0.0,0.0,0.0,21699.699999999997,120262.85999999999,25087.659999999996,167050.21999999997,2169.9799999999996,9465.550000000001,2128.5,13764.019999999999,19529.72,110797.31,22959.16,153286.19000000003,592.6342574999999,5742.8481325,1154.607055,7490.089445,8.84,948.0899999999999,0.0,956.9300000000001,3812.15,61704.32,0.0,65516.469999999994,4413.63,68395.26000000001,1154.6,73963.49,22.59955595881559,61.730072688587846,5.028929629829662,55.86630033692933,631.1800000000001,6103.160000000001,0.0,7947.22,15077.55,42041.75,22959.16,57119.3,,,,,,,0.0,0.0,0.0,,,,,208453.59,15221.110000000002,338780.6099999999,38180.27,0.0,,0.0,,0.0,,,,,,,,338780.6099999999,38180.27
432,ODISHA,BARGARH,,1227.8290547111687,1261.926858414729,0.0,1259.3766179592785,39279.0,485898.0,0.0,525177.0,59368.0,584545.0,3250.7599999999998,38788.87,0.0,42039.63,3247.4900000000002,,0.0,3247.4900000000002,1931.1256354973812,0.0,0.0,1931.13,411.43999999999994,8359.64,0.0,8771.08,419.66999999999996,2692.89,0.0,3112.5599999999995,72.36,7015.169999999999,0.0,7087.530000000001,,,,,,,,,9332.860000000002,56856.6,0.0,66189.45999999999,,,,,,,,,,,,0.0,,,,0.0,0.0,0.0,0.0,0.0,0.0,0.0,0.0,0.0,0.0,0.0,0.0,0.0,0.0,0.0,0.0,0.0,9332.860000000002,56856.6,0.0,66189.45999999999,933.2800000000001,3742.3600000000006,0.0,4675.65,8399.58,53114.240000000005,0.0,61513.82,529.2593075,4088.6210475,,4617.880355,0.0,331.5,,331.5,1327.24,25928.239999999998,,27255.480000000003,1856.4899999999998,30348.36,,32204.849999999995,22.102176537398297,57.13789748285958,,52.35384503839949,539.55,4321.68,0.0,4861.23,6532.799999999999,23046.79,0.0,29579.59,,,,,,,0.0,0.0,0.0,,,,,1336319.61,0.0,1397833.43,0.0,0.0,,0.0,,0.0,,,,,,,,1397833.43,0.0
433,ODISHA,BHADRAK,,1421.1224571903783,1540.3309510481627,1559.4347863119267,1511.8845034412218,79363.0,53236.0,119637.0,252236.0,0.0,252236.0,13476.49,10375.380000000001,22673.01,46524.880000000005,12551.859999999999,,0.0,12551.859999999999,4463.034537394383,0.0,0.0,4463.030000000001,8053.63,3662.3100000000004,1092.62,12808.56,5875.38,1813.3999999999999,11173.91,18862.690000000002,60.666,32.611999999999995,19.352,112.63000000000001,,,,,,,,,44481.049999999996,15883.71,34958.899999999994,95323.65999999999,,,,,,,,,,,,0.0,,,,0.0,0.0,0.0,0.0,0.0,0.0,0.0,0.0,0.0,0.0,0.0,0.0,0.0,0.0,0.0,0.0,0.0,44481.049999999996,15883.71,34958.899999999994,95323.65999999999,3604.2299999999996,1588.38,3495.8900000000003,8688.5,40876.82000000001,14295.329999999998,31463.010000000002,86635.16,1903.513471,818.48403,1658.187335,4380.184835999999,61.88000000000001,271.83,0.0,333.71,20916.190000000002,9789.57,2824.11,33529.87,22881.6,10879.880000000001,4482.29,38243.770000000004,55.976957111634405,76.10793175113832,14.246221197526873,61.192975078912106,2032.66,850.96,0.0,4629.46,17866.08,3382.9700000000003,28638.910000000003,21249.050000000003,,,,,,,0.0,0.0,0.0,,,,,90297.91,70257.01999999999,145470.06,101720.03,0.0,,0.0,,0.0,,,,,,,,145470.06,101720.03
434,ODISHA,BOLANGIR,,1363.9746749507503,1225.4771906421602,0.0,1226.9284105167385,6599.0,623178.0,0.0,629777.0,26419.0,656196.0,568.81,45976.23999999999,0.0,46545.05,322.46,,0.0,322.46,687.6965997622467,0.0,0.0,687.7,124.55000000000001,6005.679999999999,0.0,6130.2300000000005,18.89,2523.0300000000007,0.0,2541.92,120.0,4938.0,0.0,5058.0,,,,,,,,,1842.4099999999999,59442.95000000001,0.0,61285.36,,,,,,,,,,,,0.0,,,,0.0,0.0,0.0,0.0,0.0,0.0,0.0,0.0,0.0,0.0,0.0,0.0,0.0,0.0,0.0,0.0,0.0,1842.4099999999999,59442.95000000001,0.0,61285.36,184.25,4576.349999999999,0.0,4760.599999999999,1658.1599999999999,54866.6,0.0,56524.759999999995,55.90339999999999,5475.541568750001,,5531.444968749999,26.519999999999996,207.74,,234.26000000000005,459.48,20835.860000000004,,21295.34,541.9,26519.13,,27061.030000000002,32.68080281758093,48.33383151133842,,47.87464820726351,62.68,6181.8499999999985,0.0,6244.529999999999,1109.48,27641.160000000003,0.0,28750.640000000003,,,,,,,0.0,0.0,0.0,,,,,1647226.74,0.0,1703751.5000000002,0.0,0.0,,0.0,,0.0,,,,,,,,1703751.5000000002,0.0
435,ODISHA,BOUDH,,1225.09382053258,1336.4350912284474,0.0,1312.140521443451,46716.0,167382.0,0.0,214098.0,96900.0,310998.0,3800.04,15249.02,0.0,19049.059999999998,865.3199999999999,,0.0,865.3199999999999,2025.389150164537,0.0,0.0,2025.3899999999999,398.6,2873.01,0.0,3271.61,279.02000000000004,719.3399999999999,0.0,998.3600000000001,11.56,55.71600000000001,0.0,67.276,,,,,,,,,7379.93,18897.07,0.0,26277.0,,,,,,,,,,,,0.0,,,,0.0,0.0,0.0,0.0,0.0,0.0,0.0,0.0,0.0,0.0,0.0,0.0,0.0,0.0,0.0,0.0,0.0,7379.93,18897.07,0.0,26277.0,737.98,1412.41,0.0,2150.39,6641.950000000001,17484.66,0.0,24126.61,397.04846,1011.373755,,1408.422215,30.94,19.89,,50.830000000000005,1292.69,7886.79,,9179.48,1720.6799999999998,8918.06,,10638.740000000002,25.906247412281026,51.00505242881474,,44.09546140133239,425.26,1091.67,0.0,1516.93,4893.0599999999995,8486.3,0.0,13379.359999999999,,,,,,,0.0,0.0,0.0,,,,,474149.93,0.0,498276.54000000004,0.0,0.0,,0.0,,0.0,,,,,,,,498276.54000000004,0.0
436,ODISHA,CUTTACK,,1538.1919325860817,1586.8059879380285,0.0,1577.9421558860113,62005.0,278064.0,0.0,340069.0,32790.0,372859.0,14654.64,36757.909999999996,0.0,51412.549999999996,3996.44,,0.0,3996.44,6174.298012116913,0.0,0.0,6174.28,1891.2,3712.04,0.0,5603.240000000002,636.48,9288.2,0.0,9924.680000000002,5.568,239.424,0.0,244.99200000000002,,,,,,,,,27358.600000000002,49997.57000000001,0.0,77356.17,,,,,,,,,,,,0.0,,,,0.0,0.0,0.0,0.0,0.0,0.0,0.0,0.0,0.0,0.0,0.0,0.0,0.0,0.0,0.0,0.0,0.0,27358.600000000002,49997.57000000001,0.0,77356.17,2735.87,4470.919999999999,0.0,7206.789999999999,24622.730000000003,45526.649999999994,0.0,70149.38,1448.85874,5897.19769,,7346.056430000001,256.36,532.6100000000001,,788.9699999999999,8175.700000000002,14302.720000000001,,22478.420000000002,9880.900000000001,20732.530000000002,,30613.43,40.12918145144751,45.53932696563442,,43.64034293674442,1513.84,6244.22,0.0,7758.060000000001,14676.84,24447.11,0.0,39123.95,,,,,,,0.0,0.0,0.0,,,,,558981.3800000001,0.0,629130.76,0.0,0.0,,0.0,,0.0,,,,,,,,629130.76,0.0
437,ODISHA,DEOGARH,,1314.546541583629,1318.021047101376,0.0,1317.6939463412177,20573.0,197956.0,0.0,218529.0,77735.0,296264.0,2239.93,20116.47,0.0,22356.4,527.69,,0.0,527.69,6744.462205613227,0.0,0.0,6744.45,0.0,4232.5,0.0,4232.5,21.490000000000002,133.81,0.0,155.3,5.856,173.912,0.0,179.768,,,,,,,,,9539.42,24656.699999999997,0.0,34196.119999999995,,,,,,,,,,,,0.0,,,,0.0,0.0,0.0,0.0,0.0,0.0,0.0,0.0,0.0,0.0,0.0,0.0,0.0,0.0,0.0,0.0,0.0,9539.42,24656.699999999997,0.0,34196.119999999995,953.9399999999999,2057.2,0.0,3011.13,8585.48,22599.5,0.0,31184.98,54.4616135,901.1023275,,955.5639409999999,212.16000000000003,39.78,,251.94,1822.81,13941.8,,15764.61,2089.4300000000003,14882.68,,16972.11,24.336787226806194,65.85402331909998,,54.42398872790684,57.620000000000005,952.35,0.0,1009.97,6492.889999999999,7665.57,0.0,14158.46,,,,,,,0.0,0.0,0.0,,,,,615437.6200000001,0.0,646622.6,0.0,0.0,,0.0,,0.0,,,,,,,,646622.6,0.0
438,ODISHA,DHENKANAL,,1408.3531021566403,1433.1072956667765,0.0,1428.1741885265474,79290.0,318585.0,0.0,397875.0,49706.0,447581.0,7138.060000000001,28696.56,0.0,35834.619999999995,2082.8900000000003,,0.0,2082.8900000000003,4761.531275834609,0.0,0.0,4761.5199999999995,817.0200000000001,2427.25,0.0,3244.2699999999995,632.75,2521.6800000000003,0.0,3154.43,17.448,64.056,0.0,81.50399999999999,,,,,,,,,15449.7,33709.55,0.0,49159.25,,,,,,,,,,,,0.0,,,,0.0,0.0,0.0,0.0,0.0,0.0,0.0,0.0,0.0,0.0,0.0,0.0,0.0,0.0,0.0,0.0,0.0,15449.7,33709.55,0.0,49159.25,1470.3999999999996,2208.95,0.0,3679.34,13979.300000000001,31500.600000000002,0.0,45479.899999999994,817.8509375,2909.089055,,3726.9399925,46.410000000000004,278.46000000000004,,324.87,2910.06,10079.55,,12989.61,3774.3199999999993,13267.099999999999,,17041.420000000002,26.99934903750545,42.11697554967206,,37.4702231095495,848.96,3046.54,0.0,3895.5,10173.869999999999,18096.06,0.0,28269.93,,,,,,,0.0,0.0,0.0,,,,,1028379.42,0.0,1073859.32,0.0,0.0,,0.0,,0.0,,,,,,,,1073859.32,0.0
439,ODISHA,GAJAPATI,,1182.26,1389.3601985907412,0.0,1379.910737761305,6500.0,135958.0,0.0,142458.0,290763.0,433221.0,665.0799999999999,18529.89,0.0,19194.969999999998,215.17,,0.0,215.17,1161.5529411459684,0.0,0.0,1161.55,243.56,1531.7100000000003,0.0,1775.27,92.78999999999999,763.52,0.0,856.31,15.232,213.456,0.0,228.68800000000002,,,,,,,,,2393.39,21038.58,0.0,23431.97,,,,,,,,,,,,0.0,,,,0.0,0.0,0.0,0.0,0.0,0.0,0.0,0.0,0.0,0.0,0.0,0.0,0.0,0.0,0.0,0.0,0.0,2393.39,21038.58,0.0,23431.97,239.34,2103.87,0.0,2343.2,2154.05,18934.71,0.0,21088.76,209.96491775,1490.3654449999997,,1700.3303627499997,19.89,99.45,,119.34,647.5600000000001,4460.92,,5108.4800000000005,877.42,6050.750000000001,,6928.17,40.73350200784568,31.95586306840718,,32.852429445828015,215.26,1555.7800000000002,0.0,1771.04,1271.33,12818.54,0.0,14089.87,,,,,,,0.0,0.0,0.0,,,,,456009.10000000003,0.0,477097.86,0.0,0.0,,0.0,,0.0,,,,,,,,477097.86,0.0
440,ODISHA,GANJAM,,1279.5041167747165,1304.338893184937,1207.7502415458937,1296.0429715278005,123400.0,466320.0,20700.0,610420.0,213017.0,823437.0,14139.029999999999,52041.719999999994,2233.8399999999997,68414.59,6612.829999999999,,0.0,6612.829999999999,16967.496,0.0,0.0,16967.5,3769.2799999999997,5931.5599999999995,0.0,9700.85,1635.0299999999995,5373.6399999999985,366.84,7375.51,49.036,694.044,0.0,743.08,,,,,,,,,43172.69000000001,64041.000000000015,2600.68,109814.37000000001,,,,,,,,,,,,0.0,,,,0.0,0.0,0.0,0.0,0.0,0.0,0.0,0.0,0.0,0.0,0.0,0.0,0.0,0.0,0.0,0.0,0.0,43172.69000000001,64041.000000000015,2600.68,109814.37000000001,4317.29,5030.120000000001,243.88,9591.27,38855.4,59010.87999999999,2356.8,100223.07999999999,4113.921205,6967.033859999999,247.98574499999998,11328.940810000004,654.1600000000002,848.6400000000002,0.0,1502.8,9476.38,15750.04,0.0,25226.419999999995,14244.479999999996,23565.719999999998,247.98,38058.18000000001,36.66023255454839,39.93453410625295,10.521894093686353,38.634553188289175,4728.080000000001,7364.76,0.0,12346.970000000001,23996.76,35047.41000000001,2356.8100000000004,59044.17000000001,,,,,,,0.0,0.0,0.0,,,,,1663474.6399999997,45171.850000000006,1761340.92,47528.65,0.0,,0.0,,0.0,,,,,,,,1761340.92,47528.65
441,ODISHA,JAGATSINGHPUR,,1399.6060232464638,1436.607063718809,1597.5307040333992,1475.2522517831824,54718.0,76304.0,57966.0,188988.0,0.0,188988.0,9447.33,12513.77,10710.150000000001,32671.25,7242.149999999999,,2732.23,9974.380000000001,7535.342600345846,0.0,736.5091354847697,8271.86,3381.29,3172.0799999999995,478.19999999999993,7031.57,1629.29,4887.23,437.84000000000003,6954.36,0.0,148.56799999999998,0.0,148.56799999999998,,,,,,,,,29235.41,20721.659999999996,15094.93,65052.0,,,,,,,,,,,,0.0,,,,0.0,0.0,0.0,0.0,0.0,0.0,0.0,0.0,0.0,0.0,0.0,0.0,0.0,0.0,0.0,0.0,0.0,29235.41,20721.659999999996,15094.93,65052.0,2923.5299999999997,1865.8000000000002,1468.6,6257.92,26311.880000000005,18855.86,13626.329999999998,58794.06999999999,1209.1850487499999,1189.068895,733.129145,3131.38308875,128.18,371.28000000000003,159.12,658.58,11829.839999999998,10964.67,1610.8600000000001,24405.37,13167.210000000001,12525.019999999997,2503.11,28195.33,50.04283236317587,66.42507952434944,18.3696563931741,56.88179218176514,1238.86,1222.4,0.0,3219.49,13114.99,6297.51,11856.35,19412.5,,,,,,,0.0,0.0,0.0,,,,,107980.91,33132.060000000005,153148.64999999997,46758.38999999999,0.0,,0.0,,0.0,,,,,,,,153148.64999999997,46758.38999999999
442,ODISHA,JAJPUR,,1526.0570833333334,1660.286067643126,1615.287333608716,1644.9112132765867,24000.0,222846.0,19367.0,266213.0,20246.0,286459.0,4203.43,36745.259999999995,4242.07,45190.759999999995,2978.0099999999998,,0.0,2978.0099999999998,3248.570644975277,0.0,0.0,3248.57,1746.07,7160.969999999999,324.67999999999995,9231.72,206.64000000000001,2534.5400000000004,159.39,2900.5699999999997,5.798,87.45400000000001,0.0,93.25200000000001,,,,,,,,,12388.52,46528.229999999996,4726.14,63642.89,,,,,,,,,,,,0.0,,,,0.0,0.0,0.0,0.0,0.0,0.0,0.0,0.0,0.0,0.0,0.0,0.0,0.0,0.0,0.0,0.0,0.0,12388.52,46528.229999999996,4726.14,63642.89,1134.83,3329.2299999999996,287.76,4751.81,11253.69,43199.0,4438.379999999999,58891.06999999999,732.3000475,4057.8949825000004,481.88833,5272.08336,55.25,402.21999999999997,44.2,501.67,5572.17,24033.670000000002,1035.72,30641.560000000005,6359.710000000001,28493.769999999997,1561.79,36415.27,56.512219547543964,65.95932776221672,35.18828942091484,64.00690213835166,759.28,4251.16,0.0,5505.05,4867.009999999999,14511.96,3358.49,19378.969999999998,,,,,,,0.0,0.0,0.0,,,,,359152.31999999995,11509.119999999999,413605.00999999995,15947.5,0.0,,0.0,,0.0,,,,,,,,413605.00999999995,15947.5
443,ODISHA,JHARSUGUDA,,0.0,1314.0807746339256,0.0,1314.0807746339256,0.0,211842.0,0.0,211842.0,385.0,212227.0,0.0,17278.29,0.0,17278.29,0.0,,0.0,0.0,0.0,0.0,0.0,0.0,0.0,1679.1,0.0,1679.1,0.0,912.71,0.0,912.71,0.0,782.9360000000001,0.0,782.9360000000001,,,,,,,,,0.0,20653.02,0.0,20653.02,,,,,,,,,,,,0.0,,,,0.0,0.0,0.0,0.0,0.0,0.0,0.0,0.0,0.0,0.0,0.0,0.0,0.0,0.0,0.0,0.0,0.0,0.0,20653.02,0.0,20653.02,0.0,1547.6599999999999,0.0,1547.6599999999999,0.0,19105.36,0.0,19105.36,,2442.5633925,,2442.5633925,,839.8000000000001,,839.8000000000001,,6120.150000000001,,6120.150000000001,,9402.51,,9402.51,,49.21399021007717,,49.21399021007717,0.0,2717.15,0.0,2717.15,0.0,9428.259999999998,0.0,9428.259999999998,,,,,,,0.0,0.0,0.0,,,,,490360.86,0.0,509466.22000000003,0.0,0.0,,0.0,,0.0,,,,,,,,509466.22000000003,0.0
444,ODISHA,KALAHANDI,,1416.454340243163,1492.9660571005734,0.0,1479.627635598428,97301.0,460836.0,0.0,558137.0,233298.0,791435.0,8664.95,40136.58,0.0,48801.530000000006,3615.58,,0.0,3615.58,7498.943349277425,0.0,0.0,7498.949999999999,881.1199999999999,3969.71,0.0,4850.830000000001,1006.36,1859.6800000000003,0.7500000000000002,2866.79,2.048,283.81,0.0,285.85799999999995,,,,,,,,,21669.019999999997,46249.79,0.7500000000000002,67919.56,,,,,,,,,,,,0.0,,,,0.0,0.0,0.0,0.0,0.0,0.0,0.0,0.0,0.0,0.0,0.0,0.0,0.0,0.0,0.0,0.0,0.0,21669.019999999997,46249.79,0.7500000000000002,67919.56,2166.91,3214.67,0.0,5381.58,19502.11,43035.12,0.7500000000000002,62537.979999999996,1145.1161425,3803.6623537500004,,4948.778496250001,143.65,574.6,,718.25,3081.4,16532.91,,19614.31,4370.16,20911.170000000002,,25281.33,22.408652191993582,48.590941537981074,,40.426047012315706,1229.78,4094.1600000000003,0.0,5323.94,15047.279999999999,21833.469999999998,0.7500000000000002,36880.75,,,,,,,0.0,0.0,0.0,,,,,1428353.42,0.0,1490890.6500000001,0.7500000000000002,0.0,,0.0,,0.0,,,,,,,,1490890.6500000001,0.7500000000000002
445,ODISHA,KANDHAMAL,,1338.2534981500169,1650.8518043960594,0.0,1648.7744351332562,2973.0,444398.0,0.0,447371.0,356636.0,804007.0,200.20999999999998,32407.829999999998,0.0,32608.039999999997,175.79999999999998,,0.0,175.79999999999998,1056.714,0.0,0.0,1056.71,157.16,2416.4,0.0,2573.56,2.2,361.87,0.6300000000000001,364.7,6.3919999999999995,1054.234,0.0,1060.626,,,,,,,,,1598.48,36240.3,0.6300000000000001,37839.41,,,,,,,,,,,,0.0,,,,0.0,0.0,0.0,0.0,0.0,0.0,0.0,0.0,0.0,0.0,0.0,0.0,0.0,0.0,0.0,0.0,0.0,1598.48,36240.3,0.6300000000000001,37839.41,159.85,2897.54,0.0,3057.39,1438.63,33342.76,0.6300000000000001,34782.020000000004,10.631355,2277.4811925,,2288.1125475,8.84,163.54,,172.38000000000002,461.74,7025.3600000000015,,7487.100000000001,481.2,9466.38,,9947.58,33.448489187629896,28.391110993810948,,28.60029458282144,11.11,2385.3799999999997,0.0,2396.49,956.95,23768.48,0.6300000000000001,24725.43,,,,,,,0.0,0.0,0.0,,,,,789201.89,0.0,823983.28,0.6300000000000001,0.0,,0.0,,0.0,,,,,,,,823983.28,0.6300000000000001
446,ODISHA,KENDRAPARA,,1567.0347654306706,1632.8428080147207,1525.3814107647809,1540.1731879351785,17287.0,24455.0,184602.0,226344.0,0.0,226344.0,3360.81,5659.349999999999,35729.490000000005,44749.65,1931.07,,1863.49,3794.56,4659.6706067799305,0.0,10157.006482007788,14816.689999999999,1541.5099999999998,1047.8500000000001,494.86,3084.2200000000003,9678.26,70.51,37513.630000000005,47262.4,0.0,0.0,0.0,0.0,,,,,,,,,21171.320000000003,6777.71,85758.5,113707.52999999998,,,,,,,,,,,,0.0,,,,0.0,0.0,0.0,0.0,0.0,0.0,0.0,0.0,0.0,0.0,0.0,0.0,0.0,0.0,0.0,0.0,0.0,21171.320000000003,6777.71,85758.5,113707.52999999998,2117.13,550.9000000000001,8370.34,11038.37,19054.190000000002,6226.81,77388.16,102669.16000000002,678.8642299999999,481.31601,3047.4915800000003,4207.6718200000005,53.040000000000006,99.45000000000002,185.64,338.13,5583.5,3912.5300000000007,1822.54,11318.570000000002,6315.400000000001,4493.29,5055.66,15864.35,33.144416005088644,72.16038388837944,6.532859806978225,42.754202760966706,710.9100000000001,502.8299999999999,0.0,4395.05,12706.739999999998,1712.0,75379.98999999999,14418.739999999998,,,,,,,0.0,0.0,0.0,,,,,39229.42,166197.59,64510.42,243585.75,0.0,,0.0,,0.0,,,,,,,,64510.42,243585.75
447,ODISHA,KEONJHAR,,1304.0540574445617,1389.2525636235753,0.0,1386.3070261101943,23675.0,661115.0,0.0,684790.0,149192.0,833982.0,2620.7,67919.6,0.0,70540.3,2392.0099999999993,,0.0,2392.0099999999993,3347.7612337518567,0.0,0.0,3347.76,978.8799999999999,8769.75,0.0,9748.63,236.73999999999998,7557.219999999999,0.0,7793.96,0.738,120.99599999999998,0.0,121.73400000000001,,,,,,,,,9576.83,84367.58999999998,0.0,93944.42000000001,,,,,,,,,,,,0.0,,,,0.0,0.0,0.0,0.0,0.0,0.0,0.0,0.0,0.0,0.0,0.0,0.0,0.0,0.0,0.0,0.0,0.0,9576.83,84367.58999999998,0.0,93944.42000000001,957.6999999999999,7335.07,0.0,8292.77,8619.130000000001,77032.52000000002,0.0,85651.65000000001,275.91956,5881.809655000001,,6157.729215000001,59.67000000000001,508.29999999999995,,567.97,3208.1800000000003,26899.189999999995,,30107.369999999995,3543.7599999999998,33289.299999999996,,36833.06,41.11505453566659,43.21460598718566,,43.00332801528049,292.68,6312.23,0.0,6604.909999999999,5058.6,43312.79,0.0,48371.39,,,,,,,0.0,0.0,0.0,,,,,1510848.54,0.0,1596500.19,0.0,0.0,,0.0,,0.0,,,,,,,,1596500.19,0.0
448,ODISHA,KHURDA,,1413.667458686914,1430.9367962523206,0.0,1429.0088107027927,29107.0,231610.0,0.0,260717.0,28260.0,288977.0,4438.2300000000005,26756.909999999996,0.0,31195.14,3644.4300000000003,,0.0,3644.4300000000003,5566.635277752058,0.0,0.0,5566.659999999999,2273.74,4099.17,0.0,6372.91,603.5899999999999,1111.52,0.0,1715.11,22.4,210.0,0.0,232.4,,,,,,,,,16549.050000000003,32177.6,0.0,48726.649999999994,,,,,,,,,,,,0.0,,,,0.0,0.0,0.0,0.0,0.0,0.0,0.0,0.0,0.0,0.0,0.0,0.0,0.0,0.0,0.0,0.0,0.0,16549.050000000003,32177.6,0.0,48726.649999999994,1654.91,2420.87,0.0,4075.78,14894.14,29756.730000000003,0.0,44650.869999999995,966.8278774999999,6088.783525499999,,7055.611402999999,0.0,1975.74,,1975.74,5224.099999999999,11524.890000000001,,16748.989999999998,6190.919999999999,19589.41,,25780.329999999998,41.5661461487538,65.83186391784311,,57.737575997959276,1281.8999999999999,6701.69,0.0,7983.59,8388.16,10417.08,0.0,18805.239999999998,,,,,,,0.0,0.0,0.0,,,,,645036.7200000001,0.0,689687.59,0.0,0.0,,0.0,,0.0,,,,,,,,689687.59,0.0
449,ODISHA,KORAPUT,,1612.9389331925006,1511.7071117619723,0.0,1519.3666737595029,45444.0,555162.0,0.0,600606.0,255565.0,856171.0,4336.889999999999,43927.310000000005,0.0,48264.2,892.59,,0.0,892.59,4638.208500689095,0.0,0.0,4638.219999999999,291.96999999999997,1520.77,0.0,1812.7299999999998,128.35999999999999,1509.12,0.0,1637.48,42.36,967.656,0.0,1010.0160000000001,,,,,,,,,10330.39,47924.86,0.0,58255.24999999999,,,,,,,,,,,,0.0,,,,0.0,0.0,0.0,0.0,0.0,0.0,0.0,0.0,0.0,0.0,0.0,0.0,0.0,0.0,0.0,0.0,0.0,10330.39,47924.86,0.0,58255.24999999999,1033.04,3735.8499999999995,0.0,4768.89,9297.349999999999,44189.009999999995,0.0,53486.36000000001,565.7562414999999,3906.5006474999996,,4472.256889,201.11,395.59,,596.6999999999999,1032.62,5561.7,,6594.320000000001,1799.49,9863.779999999999,,11663.269999999999,19.35486993605705,22.321794491435767,,21.806064200293303,604.8900000000001,4222.31,0.0,4827.2,7458.7300000000005,34009.43,0.0,41468.16,,,,,,,0.0,0.0,0.0,,,,,1407862.39,0.0,1461348.75,0.0,0.0,,0.0,,0.0,,,,,,,,1461348.75,0.0
450,ODISHA,MALKANGIRI,,1348.5314086733927,1493.3699754043453,0.0,1476.3907035325199,39846.0,300053.0,0.0,339899.0,185047.0,524946.0,2883.34,25129.15,0.0,28012.49,1765.7400000000002,,0.0,1765.7400000000002,4231.920237002994,0.0,0.0,4231.93,139.54000000000002,828.94,0.0,968.48,51.050000000000004,1481.8399999999997,0.0,1532.8899999999996,1.9799999999999998,11.62,0.0,13.6,,,,,,,,,9073.580000000002,27451.550000000003,0.0,36525.13,,,,,,,,,,,,0.0,,,,0.0,0.0,0.0,0.0,0.0,0.0,0.0,0.0,0.0,0.0,0.0,0.0,0.0,0.0,0.0,0.0,0.0,9073.580000000002,27451.550000000003,0.0,36525.13,787.4200000000001,2542.44,0.0,3329.8599999999997,8286.16,24909.109999999997,0.0,33195.27,203.86345,1859.3415724999998,,2063.2050225,0.0,0.0,,0.0,689.03,2702.1600000000008,,3391.19,892.9,4561.52,,5454.42,10.7757996466397,18.312657497598273,,16.431316871349445,222.49,2034.2900000000002,0.0,2256.78,7374.63,20172.65,0.0,27547.280000000002,,,,,,,0.0,0.0,0.0,,,,,756752.2699999999,0.0,789947.54,0.0,0.0,,0.0,,0.0,,,,,,,,789947.54,0.0
451,ODISHA,MAYURBHANJ,,1601.7830410234237,1518.7643447628463,0.0,1522.6781930802288,39319.0,794697.0,0.0,834016.0,218556.0,1052572.0,5474.3,104449.24999999999,0.0,109923.54999999999,4091.9999999999995,,0.0,4091.9999999999995,14315.085,0.0,0.0,14315.07,2745.14,19146.510000000006,0.0,21891.649999999998,120.83,2645.65,0.0,2766.48,35.068,805.8699999999999,0.0,840.9380000000001,,,,,,,,,26782.399999999998,127047.25000000001,0.0,153829.65,,,,,,,,,,,,0.0,,,,0.0,0.0,0.0,0.0,0.0,0.0,0.0,0.0,0.0,0.0,0.0,0.0,0.0,0.0,0.0,0.0,0.0,26782.399999999998,127047.25000000001,0.0,153829.65,2678.3,8303.26,0.0,10981.549999999997,24104.099999999995,118743.98999999999,0.0,142848.09000000003,320.19771,7508.530613749998,,7828.72832375,0.0,223.20999999999998,,223.20999999999998,6152.91,44062.18,,50215.090000000004,6473.099999999999,51793.92999999999,,58267.03999999999,26.8547674462021,43.61814859008864,,40.78951283142811,335.66,7961.42,0.0,8297.08,17615.560000000005,66497.16999999998,0.0,84112.72999999998,,,,,,,0.0,0.0,0.0,,,,,1548897.2599999998,0.0,1691745.35,0.0,0.0,,0.0,,0.0,,,,,,,,1691745.35,0.0
452,ODISHA,NABARANGAPUR,,1405.76,1572.1373965229131,0.0,1570.8143814363546,4250.0,530214.0,0.0,534464.0,31117.0,565581.0,397.08,55541.13999999999,0.0,55938.219999999994,209.08,,0.0,209.08,1255.5489295037669,0.0,0.0,1255.54,61.22,4351.22,0.0,4412.43,4.96,983.6,0.0,988.5600000000001,3.192,474.09400000000005,0.0,477.286,,,,,,,,,1931.08,61350.04000000001,0.0,63281.12000000001,,,,,,,,,,,,0.0,,,,0.0,0.0,0.0,0.0,0.0,0.0,0.0,0.0,0.0,0.0,0.0,0.0,0.0,0.0,0.0,0.0,0.0,1931.08,61350.04000000001,0.0,63281.12000000001,193.1,5186.21,0.0,5379.31,1737.98,56163.829999999994,0.0,57901.81,191.9576975,3658.007917499999,,3849.965614999999,11.05,148.07,,159.12,199.76999999999998,15789.619999999999,,15989.39,402.78000000000003,19595.700000000004,,19998.480000000003,23.175180381822578,34.890248759744495,,34.53860941480069,205.99,3935.87,0.0,4141.86,1321.17,36290.26,0.0,37611.43,,,,,,,0.0,0.0,0.0,,,,,1287952.52,0.0,1345854.33,0.0,0.0,,0.0,,0.0,,,,,,,,1345854.33,0.0
453,ODISHA,NAYAGARH,,1360.8275686122922,1411.6697928863784,0.0,1409.6293603133668,10348.0,247497.0,0.0,257845.0,133196.0,391041.0,1199.8500000000001,27875.039999999997,0.0,29074.89,538.1600000000001,,,538.1600000000001,3860.8991313720617,0.0,0.0,3860.89,809.97,4202.08,0.0,5012.049999999998,67.15,1296.6799999999998,0.0,1363.83,13.684,324.354,0.0,338.038,,,,,,,,,6489.699999999999,33698.159999999996,0.0,40187.86,,,,,,,,,,,,0.0,,,,0.0,0.0,0.0,0.0,0.0,0.0,0.0,0.0,0.0,0.0,0.0,0.0,0.0,0.0,0.0,0.0,0.0,6489.699999999999,33698.159999999996,0.0,40187.86,648.97,2255.18,0.0,2904.15,5840.73,31442.98,0.0,37283.70999999999,449.57816499999996,2882.23929,,3331.8174550000003,0.0,44.2,,44.2,1840.3000000000002,10081.490000000002,,11921.79,2289.88,13007.94,,15297.82,39.205373300940124,41.36993376581991,,41.03084161957059,641.54,7509.8,0.0,8151.340000000001,3358.89,18369.589999999997,0.0,21728.479999999996,,,,,,,0.0,0.0,0.0,,,,,609297.8200000001,0.0,646581.5299999999,0.0,0.0,,0.0,,0.0,,,,,,,,646581.5299999999,0.0
454,ODISHA,NUAPADA,,1088.5506007687718,1124.044630994585,0.0,1120.5703366482433,30178.0,278126.0,0.0,308304.0,77004.0,385308.0,1877.8,22426.68,0.0,24304.48,1157.3999999999999,,,1157.3999999999999,2195.9369076482544,0.0,0.0,2195.94,663.8000000000001,4413.41,0.0,5077.209999999999,90.07,714.01,0.0,804.08,51.134,210.29399999999998,0.0,261.428,,,,,,,,,6036.15,27764.4,0.0,33800.55,,,,,,,,,,,,0.0,,,,0.0,0.0,0.0,0.0,0.0,0.0,0.0,0.0,0.0,0.0,0.0,0.0,0.0,0.0,0.0,0.0,0.0,6036.15,27764.4,0.0,33800.55,603.62,2132.78,0.0,2736.3999999999996,5432.530000000001,25631.62,0.0,31064.15,361.84639999999996,1549.0275150000002,,1910.8739150000001,30.94,70.72,,101.66000000000001,2401.65,14131.44,,16533.090000000004,2794.44,15751.200000000003,,18545.63,51.439016443535515,61.45222190403885,,59.70107020472152,383.7,1647.09,0.0,2030.79,2616.25,9782.359999999999,0.0,12398.609999999999,,,,,,,0.0,0.0,0.0,,,,,825565.43,0.0,856629.5800000001,0.0,0.0,,0.0,,0.0,,,,,,,,856629.5800000001,0.0
455,ODISHA,PURI,,1556.0100956295817,1504.6178739119177,1503.2239497510186,1520.6241081005833,81983.0,123612.0,53016.0,258611.0,0.0,258611.0,15896.28,23403.22,9860.489999999998,49159.99,3712.94,,0.0,3712.94,10330.2,0.0,0.0,10330.2,4969.33,6376.480000000001,0.0,11345.81,822.6399999999998,1341.41,545.22,2709.2700000000004,290.68,102.07199999999999,6.664,399.41599999999994,,,,,,,,,36022.07,31223.170000000002,10412.39,77657.63000000002,,,,,,,,,,,,0.0,,,,0.0,0.0,0.0,0.0,0.0,0.0,0.0,0.0,0.0,0.0,0.0,0.0,0.0,0.0,0.0,0.0,0.0,36022.07,31223.170000000002,10412.39,77657.63000000002,2980.46,2396.63,778.71,6155.8,33041.61,28826.54,9633.68,71501.83,3051.97889,1926.0101,797.821745,5775.810734999999,0.0,0.0,0.0,0.0,11443.51,14936.740000000002,669.3199999999999,27049.570000000003,14495.499999999998,16862.77,1467.1299999999999,32825.4,43.870440937956715,58.49737776368582,15.229175143870252,50.68564358236023,3317.92,2018.4799999999998,0.0,6169.99,18280.18,11871.299999999997,8964.380000000001,30151.479999999996,,,,,,,0.0,0.0,0.0,,,,,210087.53000000003,49426.17999999999,271955.68,59059.86,0.0,,0.0,,0.0,,,,,,,,271955.68,59059.86
456,ODISHA,RAYAGADA,,1190.6238767650837,1340.945092304507,0.0,1337.425426930402,8569.0,357404.0,0.0,365973.0,362225.0,728198.0,697.62,29356.32,0.0,30053.94,403.38000000000005,,0.0,403.38000000000005,1594.683889565264,0.0,0.0,1594.6799999999998,139.98,2126.0,0.0,2265.98,0.22,2023.54,0.0,2023.7600000000002,0.0,119.20200000000001,0.0,119.20200000000001,,,,,,,,,2835.8800000000006,33625.06,0.0,36460.94,,,,,,,,,,,,0.0,,,,0.0,0.0,0.0,0.0,0.0,0.0,0.0,0.0,0.0,0.0,0.0,0.0,0.0,0.0,0.0,0.0,0.0,2835.8800000000006,33625.06,0.0,36460.94,283.6,2565.7199999999993,0.0,2849.3199999999997,2552.28,31059.340000000007,0.0,33611.62,55.185445,2952.9073597500005,,3008.0928047500006,4.42,689.52,,693.9399999999999,631.9900000000001,6359.280000000001,,6991.27,691.61,10001.680000000002,,10693.289999999999,27.097732223737207,32.201843310257075,,31.81426542368383,59.25,3140.3000000000006,0.0,3199.5499999999997,1856.6,20870.27,0.0,22726.87,,,,,,,0.0,0.0,0.0,,,,,1013580.1799999998,0.0,1047191.7999999999,0.0,0.0,,0.0,,0.0,,,,,,,,1047191.7999999999,0.0
457,ODISHA,SAMBALPUR,,1453.123923325685,1420.3917922347437,0.0,1423.586611043711,55351.0,511741.0,0.0,567092.0,95188.0,662280.0,5179.29,41761.649999999994,0.0,46940.93999999999,1100.8000000000002,,0.0,1100.8000000000002,9287.54857774634,0.0,0.0,9287.55,601.62,4602.46,0.0,5204.08,187.52,1742.1399999999999,0.0,1929.6599999999999,33.44,306.15999999999997,0.0,339.6,,,,,,,,,16390.22,48412.41,0.0,64802.63,,,,,,,,,,,,0.0,,,,0.0,0.0,0.0,0.0,0.0,0.0,0.0,0.0,0.0,0.0,0.0,0.0,0.0,0.0,0.0,0.0,0.0,16390.22,48412.41,0.0,64802.63,1639.0000000000002,3895.8200000000006,0.0,5534.820000000001,14751.22,44516.59,0.0,59267.81,377.906765,2829.6080054999998,,3207.5147704999995,360.23,674.0500000000001,,1034.2800000000002,1477.4499999999998,11444.16,,12921.609999999999,2215.58,14947.830000000002,,17163.41,15.019639053583363,33.57811099187966,,28.95907576136186,392.5300000000001,2963.9400000000005,0.0,3356.47,12521.01,29434.439999999995,0.0,41955.45,,,,,,,0.0,0.0,0.0,,,,,1358848.97,0.0,1418116.78,0.0,0.0,,0.0,,0.0,,,,,,,,1418116.78,0.0
458,ODISHA,SUBARNAPUR,,1284.5654554728862,1351.7417792706665,0.0,1335.2836465219302,56853.0,175201.0,0.0,232054.0,4655.0,236709.0,3933.7199999999993,15614.16,0.0,19547.88,654.0300000000001,,0.0,654.0300000000001,3117.7872926554965,0.0,0.0,3117.78,433.32,2590.4,0.0,3023.72,253.96999999999997,720.4,0.0,974.3700000000001,9.613999999999999,172.28000000000003,0.0,181.894,,,,,,,,,8402.44,19097.26,0.0,27499.7,,,,,,,,,,,,0.0,,,,0.0,0.0,0.0,0.0,0.0,0.0,0.0,0.0,0.0,0.0,0.0,0.0,0.0,0.0,0.0,0.0,0.0,8402.44,19097.26,0.0,27499.7,746.26,1448.8600000000001,0.0,2195.12,7656.18,17648.4,0.0,25304.579999999998,721.389285,1172.39095,,1893.780235,0.0,59.67000000000001,,59.67000000000001,1472.3400000000001,8605.96,,10078.3,2193.73,9838.03,,12031.76,28.653061970852306,55.74460007706081,,47.54775617694505,750.63,1237.42,0.0,1988.05,5433.21,7775.35,0.0,13208.560000000001,,,,,,,0.0,0.0,0.0,,,,,586976.41,0.0,612280.99,0.0,0.0,,0.0,,0.0,,,,,,,,612280.99,0.0
459,ODISHA,SUNDARGARH,,1191.1894365616236,1281.251407056937,0.0,1279.9205923217953,12122.0,808226.0,0.0,820348.0,154721.0,975069.0,1118.6399999999999,70819.34000000001,0.0,71937.98000000001,390.50000000000006,,0.0,390.50000000000006,3124.9086748400678,0.0,0.0,3124.91,0.0,6742.620000000001,0.0,6742.620000000001,90.06,3465.78,0.0,3555.8399999999997,0.794,558.7139999999999,0.0,559.5079999999999,,,,,,,,,4724.91,81586.46,0.0,86311.37000000001,,,,,,,,,,,,0.0,,,,0.0,0.0,0.0,0.0,0.0,0.0,0.0,0.0,0.0,0.0,0.0,0.0,0.0,0.0,0.0,0.0,0.0,4724.91,81586.46,0.0,86311.37000000001,472.49,6395.79,0.0,6868.280000000001,4252.419999999999,75190.66999999998,0.0,79443.09,61.25357,6078.518776500001,,6139.7723465,0.0,2152.54,,2152.54,1108.7900000000002,22028.329999999998,,23137.12,1170.0500000000002,30259.38,,31429.43,27.514920915619822,40.24353021458648,,39.56219477364237,65.14,6605.879999999999,0.0,6671.02,3078.48,44403.93000000001,0.0,47482.41000000001,,,,,,,0.0,0.0,0.0,,,,,2129942.65,0.0,2209385.74,0.0,0.0,,0.0,,0.0,,,,,,,,2209385.74,0.0
460,PUNJAB,Amritsar,,646.2683642205948,0.0,0.0,646.2683642205948,267640.0,0.0,0.0,267640.0,0.0,267640.0,34860.97,0.0,0.0,34860.97,38071.56,,,38071.56,11649.156386389193,0.0,0.0,11649.160000000002,64061.95,0.0,0.0,64061.95,284.38,,,284.38,,,,,0.0319375,,,0.0319375,0.0,,,0.0,148928.05,0.0,0.0,148928.05,,,,,,,,,,,,0.0,,,,0.0,0.0,0.0,0.0,0.0,0.0,0.0,0.0,0.0,0.0,0.0,0.0,0.0,0.0,0.0,0.0,0.0,148928.05,0.0,0.0,148928.05,14892.800000000003,0.0,0.0,14892.800000000003,134035.25,0.0,0.0,134035.25,6360.0009,,,6360.0009,398.12308,,,398.12308,233296.80537,,,233296.80537,240054.93000000002,,,240054.93000000002,179.09835658903162,,,179.09835658903162,6453.16,0.0,0.0,6453.16,0.0,0.0,0.0,0.0,,,,,,,0.0,0.0,0.0,,,,,0.0,0.0,134035.25,0.0,2864289.19,,809250279.11,,812114568.2800001,,,,,,,,134035.25,0.0
461,PUNJAB,Barnala,,518.5225369954919,0.0,0.0,518.5225369954919,141301.0,0.0,0.0,141301.0,0.0,141301.0,13486.15,0.0,0.0,13486.15,22988.670000000002,,,22988.670000000002,5152.378867181131,0.0,0.0,5152.38,13360.62,0.0,0.0,13360.62,126.61000000000001,,,126.61000000000001,,,,,,,,,,,,,55114.43,0.0,0.0,55114.43,,,,,,,,,,,,0.0,,,,0.0,0.0,0.0,0.0,0.0,0.0,0.0,0.0,0.0,0.0,0.0,0.0,0.0,0.0,0.0,0.0,0.0,55114.43,0.0,0.0,55114.43,5511.44,0.0,0.0,5511.44,49602.99,0.0,0.0,49602.99,2502.9400499999997,,,2502.9400499999997,43.93692,,,43.93692,106690.63176,,,106690.63176,109237.51999999999,,,109237.51999999999,220.22365990437268,,,220.22365990437268,2539.61,0.0,0.0,2539.61,0.0,0.0,0.0,0.0,,,,,,,0.0,0.0,0.0,,,,,0.0,0.0,49602.99,0.0,3937883.87,,450069478.1,,454007361.96999997,,,,,,,,49602.99,0.0
462,PUNJAB,Bathinda,,377.9346608421452,0.0,0.0,377.9346608421452,337424.0,0.0,0.0,337424.0,0.0,337424.0,22761.690000000002,0.0,0.0,22761.690000000002,27099.65,,,27099.65,46637.645354251974,0.0,0.0,46637.65000000001,32129.09,0.0,0.0,32129.09,267.53,,,267.53,,,,,,,,,,,,,128895.61000000002,0.0,0.0,128895.61000000002,,,,,,,,,,,,0.0,,,,0.0,0.0,0.0,0.0,0.0,0.0,0.0,0.0,0.0,0.0,0.0,0.0,0.0,0.0,0.0,0.0,0.0,128895.61000000002,0.0,0.0,128895.61000000002,11959.880000000001,0.0,0.0,11959.880000000001,116935.73000000001,0.0,0.0,116935.73000000001,5829.5975,,,5829.5975,217.28209999999999,,,217.28209999999999,129804.84276,,,129804.84276,135851.72,,,135851.72,116.17639877905582,,,116.17639877905582,5914.999999999999,0.0,0.0,5914.999999999999,14368.03,0.0,0.0,14368.03,,,,,,,87.09,0.0,0.0,,,,,0.0,0.0,116935.73000000001,0.0,2211432.8,,1149582983.77,,1151794416.56,,,,,,,,116935.73000000001,0.0
463,PUNJAB,Faridkot,,398.97165273242183,0.0,0.0,398.97165273242183,147598.0,0.0,0.0,147598.0,0.0,147598.0,12192.140000000001,0.0,0.0,12192.140000000001,13428.41,,,13428.41,16933.627232191437,0.0,0.0,16933.629999999997,31908.29,0.0,0.0,31908.29,95.35,,,95.35,,,,,,,,,,,,,74557.81999999999,0.0,0.0,74557.81999999999,,,,,,,,,,,,0.0,,,,0.0,0.0,0.0,0.0,0.0,0.0,0.0,0.0,0.0,0.0,0.0,0.0,0.0,0.0,0.0,0.0,0.0,74557.81999999999,0.0,0.0,74557.81999999999,7455.79,0.0,0.0,7455.79,67102.03,0.0,0.0,67102.03,2594.0842,,,2594.0842,58.79398,,,58.79398,96187.46061000001,,,96187.46061000001,98840.32,,,98840.32,147.29855415700538,,,147.29855415700538,2632.09,0.0,0.0,2632.09,0.0,0.0,0.0,0.0,,,,,,,106.44,0.0,0.0,,,,,0.0,0.0,67102.03,0.0,1118848.45,,511731044.96000004,,512849893.40999997,,,,,,,,67102.03,0.0
464,PUNJAB,Fatehgarh Sahib,,685.0991369500902,0.0,0.0,685.0991369500902,114246.0,0.0,0.0,114246.0,0.0,114246.0,15758.0,0.0,0.0,15758.0,8567.74,,,8567.74,2428.3227169111965,0.0,0.0,2428.32,11842.900000000001,0.0,0.0,11842.900000000001,189.74,,,189.74,,,,,,,,,,,,,38786.7,0.0,0.0,38786.7,,,,,,,,,,,,0.0,,,,0.0,0.0,0.0,0.0,0.0,0.0,0.0,0.0,0.0,0.0,0.0,0.0,0.0,0.0,0.0,0.0,0.0,38786.7,0.0,0.0,38786.7,3605.5199999999995,0.0,0.0,3605.5199999999995,35181.18,0.0,0.0,35181.18,2517.7152499999997,,,2517.7152499999997,1500.8898000000002,,,1500.8898000000002,68841.35234,,,68841.35234,72859.97,,,72859.97,207.09927864841373,,,207.09927864841373,2554.5899999999997,0.0,0.0,2554.5899999999997,0.0,0.0,0.0,0.0,,,,,,,0.0,0.0,0.0,,,,,0.0,0.0,35181.18,0.0,2508241.3,,382464818.40999997,,384973059.71999997,,,,,,,,35181.18,0.0
465,PUNJAB,Fazilka,,368.5100547671126,0.0,0.0,158.66618118370238,117954.0,0.0,156000.0,273954.0,0.0,273954.0,8044.129999999999,0.0,0.0,8044.129999999999,23086.95,,,23086.95,28255.973625112383,0.0,0.0,28255.97,16885.57,0.0,0.0,16885.57,255.04,,,255.04,,,,,,,,,,,,,76527.66,0.0,0.0,76527.66,,,,,,,,,,,,0.0,,,,0.0,0.0,0.0,0.0,0.0,0.0,0.0,0.0,0.0,0.0,0.0,0.0,0.0,0.0,0.0,0.0,0.0,76527.66,0.0,0.0,76527.66,7652.77,0.0,0.0,7652.77,68874.89,0.0,0.0,68874.89,5044.2927,,0.0,5044.2927,44.12912,,0.0,44.12912,48465.91991,,41960.93359,90426.8535,53554.350000000006,,41960.91999999999,95515.27,77.75598625275482,,0.0,77.75598625275484,5118.19,0.0,0.0,5118.19,30418.11,0.0,0.0,30418.11,,,,,,,5550.0,0.0,0.0,,,,,0.0,0.0,68874.89,0.0,1084214.0,,969490525.52,,970574739.53,,,,,,,,68874.89,0.0
466,PUNJAB,Firozpur,,428.6978126872869,0.0,0.0,428.6978126872869,251953.0,0.0,0.0,251953.0,0.0,251953.0,21815.059999999998,0.0,0.0,21815.059999999998,55108.5,,,55108.5,19334.221056162616,0.0,0.0,19334.22,55516.170000000006,0.0,0.0,55516.170000000006,137.22,,,137.22,,,,,,,,,,,,,151911.16999999998,0.0,0.0,151911.16999999998,,,,,,,,,,,,0.0,,,,0.0,0.0,0.0,0.0,0.0,0.0,0.0,0.0,0.0,0.0,0.0,0.0,0.0,0.0,0.0,0.0,0.0,151911.16999999998,0.0,0.0,151911.16999999998,15191.119999999999,0.0,0.0,15191.119999999999,136720.05,0.0,0.0,136720.05,3463.3134499999996,,,3463.3134499999996,39.362559999999995,,,39.362559999999995,183088.65658999997,,,183088.65658999997,186591.33999999997,,,186591.33999999997,136.47693955641472,,,136.47693955641472,3514.0499999999997,0.0,0.0,3514.0499999999997,229.32,0.0,0.0,229.32,,,,,,,169.35,0.0,0.0,,,,,0.0,0.0,136720.05,0.0,2186089.8499999996,,863627378.3299999,,865813468.1799998,,,,,,,,136720.05,0.0
467,PUNJAB,Gurdaspur,,819.7245864014536,0.0,0.0,819.7245864014536,261425.0,0.0,0.0,261425.0,0.0,261425.0,41702.53,0.0,0.0,41702.53,47390.07999999999,,0.0,47390.07999999999,8839.671519295262,0.0,0.0,8839.69,67978.98,0.0,0.0,67978.98,278.57,,,278.57,,,,,,,,,,,,,166189.85,0.0,0.0,166189.85,,,,,,,,,,,,0.0,,,,0.0,0.0,0.0,0.0,0.0,0.0,0.0,0.0,0.0,0.0,0.0,0.0,0.0,0.0,0.0,0.0,0.0,166189.85,0.0,0.0,166189.85,16480.410000000003,0.0,0.0,16480.410000000003,149709.44,0.0,0.0,149709.44,7035.4334,,,7035.4334,59.38980000000001,,,59.38980000000001,199684.85472,,,199684.85472,206779.7,,,206779.7,138.12068230299974,,,138.12068230299974,7138.49,0.0,0.0,7138.49,1915.31,0.0,0.0,1915.31,,,,,,,1170.99,0.0,0.0,,,,,0.0,0.0,149709.44,0.0,3107497.7100000004,,913612653.4799999,,916720151.19,,,,,,,,149709.44,0.0
468,PUNJAB,Hoshiarpur,,840.1326828370504,0.0,0.0,840.1326828370504,336871.0,0.0,0.0,336871.0,0.0,336871.0,52521.53,0.0,0.0,52521.53,1528.5299999999997,,0.0,1528.5299999999997,8802.68380329765,0.0,0.0,8802.699999999999,18334.71,0.0,0.0,18334.71,2322.9100000000003,,,2322.9100000000003,1005.3499999999999,,,1005.3499999999999,,,,,,,,,84515.73999999999,0.0,0.0,84515.73999999999,,,,,,,,,,,,0.0,,,,0.0,0.0,0.0,0.0,0.0,0.0,0.0,0.0,0.0,0.0,0.0,0.0,0.0,0.0,0.0,0.0,0.0,84515.73999999999,0.0,0.0,84515.73999999999,8073.649999999999,0.0,0.0,8073.649999999999,76442.09000000001,0.0,0.0,76442.09000000001,6643.7592,,,6643.7592,91.68132200000002,,,91.68132200000002,79264.64044549999,,,79264.64044549999,86000.08000000002,,,86000.08000000002,112.50356969570036,,,112.50356969570036,6741.100000000001,0.0,0.0,6741.100000000001,11050.47,0.0,0.0,11050.47,,,,,,,500.82,0.0,0.0,,,,,0.0,0.0,76442.09,0.0,9314586.059999999,,1132807170.4,,1142121756.45,,,,,,,,76442.09,0.0
469,PUNJAB,Jalandhar,,625.0923083357732,0.0,0.0,625.0923083357732,262999.0,0.0,0.0,262999.0,0.0,262999.0,33048.16,0.0,0.0,33048.16,15012.770000000002,,,15012.770000000002,5564.846692045729,0.0,0.0,5564.85,25246.490000000005,0.0,0.0,25246.490000000005,277.06000000000006,,,277.06000000000006,,,,,0.00775625,,,0.00775625,0.0,,,0.0,79149.33999999998,0.0,0.0,79149.33999999998,,,,,,,,,,,,0.0,,,,0.0,0.0,0.0,0.0,0.0,0.0,0.0,0.0,0.0,0.0,0.0,0.0,0.0,0.0,0.0,0.0,0.0,79149.33999999998,0.0,0.0,79149.33999999998,7914.95,0.0,0.0,7914.95,71234.39,0.0,0.0,71234.39,13445.16555,,,13445.16555,870.90625,,,870.90625,166646.10986,,,166646.10986,180962.16,,,180962.16,254.03763547354026,,,254.03763547354026,13642.140000000001,0.0,0.0,13642.140000000001,0.0,0.0,0.0,0.0,,,,,,,0.0,0.0,0.0,,,,,0.0,0.0,71234.39,0.0,3651439.9,,827430854.5,,831082294.4000001,,,,,,,,71234.39,0.0
470,PUNJAB,Kapurthala,,620.4522854950116,0.0,0.0,620.4522854950116,162875.0,0.0,0.0,162875.0,0.0,162875.0,20788.59,0.0,0.0,20788.59,3870.1000000000004,,,3870.1000000000004,5881.26728,0.0,0.0,5881.27,35257.68,0.0,0.0,35257.68,2733.22,,,2733.22,,,,,,,,,,,,,68530.86,0.0,0.0,68530.86,,,,,,,,,,,,0.0,,,,0.0,0.0,0.0,0.0,0.0,0.0,0.0,0.0,0.0,0.0,0.0,0.0,0.0,0.0,0.0,0.0,0.0,68530.86,0.0,0.0,68530.86,6853.09,0.0,0.0,6853.09,61677.77,0.0,0.0,61677.77,3432.1533999999997,,,3432.1533999999997,98.60821000000001,,,98.60821000000001,135983.36787,,,135983.36787,139514.12,,,139514.12,226.19838557716986,,,226.19838557716986,3482.43,0.0,0.0,3482.43,0.0,0.0,0.0,0.0,,,,,,,0.0,0.0,0.0,,,,,0.0,0.0,61677.77,0.0,2791941.14,,551947168.51,,554739109.64,,,,,,,,61677.77,0.0
471,PUNJAB,Ludhiana,,581.0825404960684,0.0,0.0,581.0825404960684,370715.0,0.0,0.0,370715.0,0.0,370715.0,43261.899999999994,0.0,0.0,43261.899999999994,45759.0,,0.0,45759.0,5490.602099147946,0.0,0.0,5490.6,60985.65999999999,0.0,0.0,60985.65999999999,369.78,,,369.78,,,,,0.0410625,,,0.0410625,0.0,,,0.0,155866.98,0.0,0.0,155866.98,,,,,,,,,,,,0.0,,,,0.0,0.0,0.0,0.0,0.0,0.0,0.0,0.0,0.0,0.0,0.0,0.0,0.0,0.0,0.0,0.0,0.0,155866.98,0.0,0.0,155866.98,15586.679999999997,0.0,0.0,15586.679999999997,140280.3,0.0,0.0,140280.3,14938.814899999998,,,14938.814899999998,7104.154060000001,,,7104.154060000001,279969.9463499999,,,279969.9463499999,302012.88,,,302012.88,215.29243949435525,,,215.29243949435525,15157.640000000001,0.0,0.0,15157.640000000001,0.0,0.0,0.0,0.0,,,,,,,62.91,0.0,0.0,,,,,0.0,0.0,140280.3,0.0,7004188.829999999,,1194850699.3100002,,1201854888.1299999,,,,,,,,140280.3,0.0
472,PUNJAB,Malerkotla,,570.2195923734386,0.0,0.0,570.2195923734386,74529.0,0.0,0.0,74529.0,0.0,74529.0,8764.68,0.0,0.0,8764.68,4261.5,,,4261.5,1507.9075985589297,0.0,0.0,1507.91,7027.5599999999995,0.0,0.0,7027.5599999999995,44.32,,,44.32,,,,,,,,,,,,,21605.97,0.0,0.0,21605.97,,,,,,,,,,,,0.0,,,,0.0,0.0,0.0,0.0,0.0,0.0,0.0,0.0,0.0,0.0,0.0,0.0,0.0,0.0,0.0,0.0,0.0,21605.97,0.0,0.0,21605.97,2160.6,0.0,0.0,2160.6,19445.370000000003,0.0,0.0,19445.370000000003,1988.26085,,,1988.26085,541.9751699999999,,,541.9751699999999,56410.97456,,,56410.97456,58941.200000000004,,,58941.200000000004,303.1117433095899,,,303.1117433095899,2017.3899999999999,0.0,0.0,2017.3899999999999,0.0,0.0,0.0,0.0,,,,,,,0.0,0.0,0.0,,,,,0.0,0.0,19445.370000000003,0.0,2058471.28,,240272183.55,,242330654.83,,,,,,,,19445.370000000003,0.0
473,PUNJAB,Mansa,,403.65674910809713,0.0,0.0,247.30309136686003,132862.0,0.0,84000.0,216862.0,0.0,216862.0,10397.1,0.0,0.0,10397.1,11845.31,,,11845.31,28147.1495548382,0.0,0.0,28147.14,19334.47,0.0,0.0,19334.47,227.47,,,227.47,,,,,,,,,,,,,69951.49,0.0,0.0,69951.49,,,,,,,,,,,,0.0,,,,0.0,0.0,0.0,0.0,0.0,0.0,0.0,0.0,0.0,0.0,0.0,0.0,0.0,0.0,0.0,0.0,0.0,69951.49,0.0,0.0,69951.49,6995.15,0.0,0.0,6995.15,62956.340000000004,0.0,0.0,62956.340000000004,3227.06355,,0.0,3227.06355,33.308260000000004,,0.0,33.308260000000004,75136.06547500001,,50443.254740000004,125579.320215,78396.44,,50443.25,128839.69,124.52509151580284,,0.0,124.52509151580284,3274.33,0.0,0.0,3274.33,6238.110000000001,0.0,0.0,6238.110000000001,,,,,,,43.56,0.0,0.0,,,,,0.0,0.0,62956.340000000004,0.0,1260684.83,,737633872.65,,738894557.49,,,,,,,,62956.340000000004,0.0
474,PUNJAB,Moga,,454.25174812636715,0.0,0.0,454.25174812636715,223096.0,0.0,0.0,223096.0,0.0,223096.0,20917.89,0.0,0.0,20917.89,26306.71,,0.0,26306.71,10335.3800054569,0.0,0.0,10335.369999999999,26520.12,0.0,0.0,26520.12,191.5,,,191.5,,,,,,,,,,,,,84271.59,0.0,0.0,84271.59,,,,,,,,,,,,0.0,,,,0.0,0.0,0.0,0.0,0.0,0.0,0.0,0.0,0.0,0.0,0.0,0.0,0.0,0.0,0.0,0.0,0.0,84271.59,0.0,0.0,84271.59,8427.18,0.0,0.0,8427.18,75844.41,0.0,0.0,75844.41,4136.68005,,,4136.68005,73.2282,,,73.2282,174619.74372,,,174619.74372,178829.65999999997,,,178829.65999999997,235.78489172768298,,,235.78489172768298,4197.280000000001,0.0,0.0,4197.280000000001,0.0,0.0,0.0,0.0,,,,,,,0.0,0.0,0.0,,,,,0.0,0.0,75844.41,0.0,2735912.06,,728173668.45,,730909580.51,,,,,,,,75844.41,0.0
475,PUNJAB,Muktsar,,394.30996795605404,0.0,0.0,78.47640721563387,52428.0,0.0,211000.0,263428.0,0.0,263428.0,3638.4300000000003,0.0,0.0,3638.4300000000003,43248.8,,0.0,43248.8,35226.839942482344,0.0,0.0,35226.82,5886.030000000001,0.0,0.0,5886.030000000001,231.9,,,231.9,,,,,,,,,,,,,88231.98,0.0,0.0,88231.98,,,,,,,,,,,,0.0,,,,0.0,0.0,0.0,0.0,0.0,0.0,0.0,0.0,0.0,0.0,0.0,0.0,0.0,0.0,0.0,0.0,0.0,88231.98,0.0,0.0,88231.98,8823.2,0.0,0.0,8823.2,79408.78,0.0,0.0,79408.78,3789.09055,,0.0,3789.09055,12.541050000000002,,0.0,12.541050000000002,15971.7604615,,30648.493593,46620.2540545,19773.39,,30648.489999999998,50421.880000000005,24.90076034413323,,0.0,24.90076034413324,3844.59,0.0,0.0,3844.59,59579.89,0.0,0.0,59579.89,,,,,,,7146.24,0.0,0.0,,,,,0.0,0.0,79408.78,0.0,1469004.25,,938933817.55,,940402821.8,,,,,,,,79408.78,0.0
476,PUNJAB,Pathankot,,1164.6391451139602,0.0,0.0,1164.6391451139602,95077.0,0.0,0.0,95077.0,0.0,95077.0,17837.93,0.0,0.0,17837.93,17033.149999999998,,0.0,17033.149999999998,7049.7729972793295,0.0,0.0,7049.759999999999,6670.45,0.0,0.0,6670.45,13.27,,,13.27,0.0,,,0.0,,,,,,,,,48604.56,0.0,0.0,48604.56,,,,,,,,,,,,0.0,,,,0.0,0.0,0.0,0.0,0.0,0.0,0.0,0.0,0.0,0.0,0.0,0.0,0.0,0.0,0.0,0.0,0.0,48604.56,0.0,0.0,48604.56,4787.4800000000005,0.0,0.0,4787.4800000000005,43817.08,0.0,0.0,43817.08,2831.816,,,2831.816,41.65935,,,41.65935,18638.20855,,,18638.20855,21511.719999999998,,,21511.719999999998,49.094371418634005,,,49.094371418634005,2873.2999999999997,0.0,0.0,2873.2999999999997,22263.870000000003,0.0,0.0,22263.870000000003,,,,,,,982.26,0.0,0.0,,,,,0.0,0.0,43817.08,0.0,1403075.26,,332798981.94000006,,334202057.2,,,,,,,,43817.08,0.0
477,PUNJAB,Patiala,,669.1679056914783,0.0,0.0,669.1679056914783,331847.0,0.0,0.0,331847.0,0.0,331847.0,44484.96,0.0,0.0,44484.96,21988.299999999996,,0.0,21988.299999999996,4007.1052330889524,0.0,0.0,4007.1100000000006,22590.329999999998,0.0,0.0,22590.329999999998,362.06,,,362.06,,,,,,,,,,,,,93432.76000000001,0.0,0.0,93432.76000000001,,,,,,,,,,,,0.0,,,,0.0,0.0,0.0,0.0,0.0,0.0,0.0,0.0,0.0,0.0,0.0,0.0,0.0,0.0,0.0,0.0,0.0,93432.76000000001,0.0,0.0,93432.76000000001,9343.28,0.0,0.0,9343.28,84089.48000000001,0.0,0.0,84089.48000000001,7942.841649999999,,,7942.841649999999,677.8701800000001,,,677.8701800000001,173819.31026000003,,,173819.31026000003,182440.07,,,182440.07,216.9594460567481,,,216.9594460567481,8059.219999999999,0.0,0.0,8059.219999999999,0.0,0.0,0.0,0.0,,,,,,,0.0,0.0,0.0,,,,,0.0,0.0,84089.48000000001,0.0,15902604.620000001,,1078723410.41,,1094626015.02,,,,,,,,84089.48000000001,0.0
478,PUNJAB,Rupnagar,,839.7394535535004,0.0,0.0,839.7394535535004,137653.0,0.0,0.0,137653.0,0.0,137653.0,23038.91,0.0,0.0,23038.91,5022.82,,0.0,5022.82,3474.3298226418065,0.0,0.0,3474.3199999999997,11460.0,0.0,0.0,11460.0,113.10999999999999,,,113.10999999999999,,,,,,,,,,,,,43109.16,0.0,0.0,43109.16,,,,,,,,,,,,0.0,,,,0.0,0.0,0.0,0.0,0.0,0.0,0.0,0.0,0.0,0.0,0.0,0.0,0.0,0.0,0.0,0.0,0.0,43109.16,0.0,0.0,43109.16,3948.14,0.0,0.0,3948.14,39161.020000000004,0.0,0.0,39161.020000000004,2868.3451999999997,,,2868.3451999999997,112.12173999999999,,,112.12173999999999,35687.759620000004,,,35687.759620000004,38668.25,,,38668.25,98.74168241787368,,,98.74168241787368,2910.36,0.0,0.0,2910.36,6775.790000000001,0.0,0.0,6775.790000000001,,,,,,,120.96,0.0,0.0,,,,,0.0,0.0,39161.020000000004,0.0,1276108.86,,476682377.02000004,,477958485.89,,,,,,,,39161.020000000004,0.0
479,PUNJAB,SAS Nagar,,743.7141877622665,0.0,0.0,743.7141877622665,109383.0,0.0,0.0,109383.0,0.0,109383.0,15839.810000000001,0.0,0.0,15839.810000000001,101.06,,0.0,101.06,2120.44,0.0,0.0,2120.44,4765.22,0.0,0.0,4765.22,71.89,,,71.89,253.29,,,253.29,,,,,,,,,23151.7,0.0,0.0,23151.7,,,,,,,,,,,,0.0,,,,0.0,0.0,0.0,0.0,0.0,0.0,0.0,0.0,0.0,0.0,0.0,0.0,0.0,0.0,0.0,0.0,0.0,23151.7,0.0,0.0,23151.7,2315.1800000000003,0.0,0.0,2315.1800000000003,20836.519999999997,0.0,0.0,20836.519999999997,4139.34455,,,4139.34455,2098.49726,,,2098.49726,19831.39216,,,19831.39216,26069.25,,,26069.25,125.11326267534119,,,125.11326267534119,4199.99,0.0,0.0,4199.99,1500.48,0.0,0.0,1500.48,,,,,,,0.0,0.0,0.0,,,,,0.0,0.0,20836.519999999997,0.0,1888368.7599999998,,366201396.16999996,,368089764.93,,,,,,,,20836.519999999997,0.0
480,PUNJAB,SBS Nagar,,761.2923762116845,0.0,0.0,761.2923762116845,125961.0,0.0,0.0,125961.0,0.0,125961.0,18314.57,0.0,0.0,18314.57,5072.65,,,5072.65,14714.032572633312,0.0,0.0,14714.03,16603.950000000004,0.0,0.0,16603.950000000004,137.1,,,137.1,,,,,,,,,,,,,54842.3,0.0,0.0,54842.3,,,,,,,,,,,,0.0,,,,0.0,0.0,0.0,0.0,0.0,0.0,0.0,0.0,0.0,0.0,0.0,0.0,0.0,0.0,0.0,0.0,0.0,54842.3,0.0,0.0,54842.3,4898.27,0.0,0.0,4898.27,49944.03,0.0,0.0,49944.03,2578.7761,,,2578.7761,61.19648,,,61.19648,57857.93247,,,57857.93247,60497.91,,,60497.91,121.13141450539734,,,121.13141450539734,2616.5600000000004,0.0,0.0,2616.5600000000004,2232.2799999999997,0.0,0.0,2232.2799999999997,,,,,,,0.0,0.0,0.0,,,,,0.0,0.0,49944.03,0.0,1718558.2700000003,,422588397.85,,424306956.12,,,,,,,,49944.03,0.0
481,PUNJAB,Sangrur,,495.8245356827947,0.0,0.0,495.8245356827947,285796.0,0.0,0.0,285796.0,0.0,285796.0,28347.859999999997,0.0,0.0,28347.859999999997,8460.88,,0.0,8460.88,9051.053391569723,0.0,0.0,9051.050000000001,23700.94,0.0,0.0,23700.94,258.43,,,258.43,,,,,,,,,,,,,69819.16,0.0,0.0,69819.16,,,,,,,,,,,,0.0,,,,0.0,0.0,0.0,0.0,0.0,0.0,0.0,0.0,0.0,0.0,0.0,0.0,0.0,0.0,0.0,0.0,0.0,69819.16,0.0,0.0,69819.16,6981.900000000001,0.0,0.0,6981.900000000001,62837.259999999995,0.0,0.0,62837.259999999995,4955.893349999999,,,4955.893349999999,1541.617941,,,1541.617941,189954.488425,,,189954.488425,196452.01,,,196452.01,312.63618114475395,,,312.63618114475395,5028.49,0.0,0.0,5028.49,0.0,0.0,0.0,0.0,,,,,,,0.0,0.0,0.0,,,,,0.0,0.0,62837.259999999995,0.0,4171861.9399999995,,902272149.7899998,,906444011.7400001,,,,,,,,62837.259999999995,0.0
482,PUNJAB,Tarn Taran,,544.853681228937,0.0,0.0,544.853681228937,241835.0,0.0,0.0,241835.0,0.0,241835.0,27048.5,0.0,0.0,27048.5,8625.220000000003,,0.0,8625.220000000003,5238.069336348913,0.0,0.0,5238.049999999999,26750.620000000003,0.0,0.0,26750.620000000003,266.01,,,266.01,,,,,,,,,,,,,67928.4,0.0,0.0,67928.4,,,,,,,,,,,,0.0,,,,0.0,0.0,0.0,0.0,0.0,0.0,0.0,0.0,0.0,0.0,0.0,0.0,0.0,0.0,0.0,0.0,0.0,67928.4,0.0,0.0,67928.4,6792.85,0.0,0.0,6792.85,61135.549999999996,0.0,0.0,61135.549999999996,4701.52485,,,4701.52485,68.0388,,,68.0388,123226.07624,,,123226.07624,127995.65000000001,,,127995.65000000001,209.36370082546082,,,209.36370082546082,4770.39,0.0,0.0,4770.39,0.0,0.0,0.0,0.0,,,,,,,0.0,0.0,0.0,,,,,0.0,0.0,61135.549999999996,0.0,6039703.84,,811207775.6300001,,817247479.47,,,,,,,,61135.549999999996,0.0
483,RAJASTHAN,AJMER,,0.0,514.3293469456632,0.0,514.3293469456632,0.0,746676.0,0.0,746676.0,140992.0,887668.0,0.0,28082.140000000003,0.0,28082.140000000003,,,,,0.0,438.23010000000005,0.0,438.24,0.0,14380.779999999999,0.0,14380.779999999999,0.0,70.39,0.0,70.39,,,,,0.0,0.0,0.0,0.0,0.0,0.0,0.0,0.0,0.0,42971.55,0.0,42971.55,,,,,,,,,,,,0.0,,,,0.0,0.0,0.0,0.0,0.0,0.0,0.0,0.0,0.0,0.0,0.0,0.0,0.0,0.0,0.0,0.0,0.0,0.0,42971.55,0.0,42971.55,0.0,3998.46,0.0,3998.46,0.0,38973.09,0.0,38973.09,,6323.076590000001,,6323.076590000001,,176.0,,176.0,,61951.44145,,61951.44145,,68450.52,,68450.52,,175.63534223229416,,175.63534223229416,0.0,6323.080000000001,0.0,6323.080000000001,0.0,0.0,0.0,0.0,,,,,,,0.0,0.0,0.0,,,,,0.0,0.0,38973.09,0.0,0.0,,0.0,,0.0,,,,,,,,38973.09,0.0
484,RAJASTHAN,ALWAR,,0.0,608.8170342988226,315.63853878852285,593.4937405200595,0.0,682521.0,37640.0,720161.0,151885.0,872046.0,0.0,61699.950000000004,2261.5,63961.450000000004,0.0,,0.0,0.0,0.0,0.69,0.0,0.69,0.0,7085.5,532.78,7618.280000000001,0.0,9.25,0.0,9.25,,,,,,,,,,,,,0.0,68795.39000000001,2794.2799999999997,71589.66999999998,,,,,,,,,,,,0.0,,,,0.0,0.0,0.0,0.0,0.0,0.0,0.0,0.0,0.0,0.0,0.0,0.0,0.0,0.0,0.0,0.0,0.0,0.0,68795.39000000001,2794.2799999999997,71589.66999999998,0.0,6879.54,279.42,7158.96,0.0,61915.850000000006,2514.8599999999997,64430.70999999999,,13728.495070595165,0.0,13728.495070595165,,3413.3472002752283,0.0,3413.3472002752283,,112405.59146368013,2759.627454676398,115165.21891835654,,129547.40000000001,2759.63,132307.03,,209.23140036032777,109.7329473608869,209.23140036032777,0.0,13728.500000000002,0.0,13728.500000000002,0.0,0.0,967.23,0.0,,,,,,,0.0,0.0,0.0,,,,,0.0,0.0,61915.850000000006,2514.8599999999997,0.0,,0.0,,0.0,,,,,,,,61915.850000000006,2514.8599999999997
485,RAJASTHAN,BANSWARA,,944.2719112332767,938.1124885932543,0.0,940.6744472614249,165543.0,232453.0,0.0,397996.0,55612.0,453608.0,4572.889999999999,5412.31,0.0,9985.2,1449.9999999999998,,0.0,1449.9999999999998,3604.54,3298.74,0.0,6903.280000000001,1610.6499999999999,1172.62,0.0,2783.27,34.980000000000004,1347.73,,1382.71,0.0,0.0,0.0,0.0,,,,,,,,,11273.06,11231.39,0.0,22504.45,0.0,0.0,0.0,0.0,,,,,0.0,0.0,0.0,0.0,0.0,0.0,0.0,0.0,0.0,0.0,0.0,0.0,0.0,0.0,0.0,0.0,0.0,0.0,0.0,0.0,0.0,0.0,0.0,0.0,11273.06,11231.39,0.0,22504.45,1127.31,1123.16,0.0,2250.4700000000003,10145.75,10108.230000000001,0.0,20253.979999999996,1072.3817058714217,972.3847696153291,,2044.7664754867506,14.75039964109539,1.3471391791367555,,16.097538820232145,4566.798731856866,6506.5005657843085,,11073.299297641173,5653.93,7480.239999999999,,13134.17,55.72707784047508,74.0014819607389,,64.84735345843139,1072.39,972.3800000000001,0.0,2044.77,4491.820000000001,2760.62,0.0,7252.4400000000005,,,,,,,0.0,0.0,0.0,,,,,0.0,0.0,20253.980000000003,0.0,0.0,,0.0,,0.0,,,,,,,,20253.980000000003,0.0
486,RAJASTHAN,BARAN,,903.8740918012465,933.3493479466797,0.0,929.6234418278027,87123.0,602098.0,0.0,689221.0,6310.0,695531.0,5447.12,33094.780000000006,0.0,38541.9,30.049999999999997,,,30.049999999999997,6915.26,0.0,0.0,6915.26,2661.47,14145.36,0.0,16806.83,,996.34,,996.34,0.0,0.0,0.0,0.0,,,,,,,,,15053.890000000001,48236.48,0.0,63290.369999999995,,,,,,,,,,,,0.0,,,,0.0,,,,,,,,,,,,,,,,0.0,15053.890000000001,48236.48,0.0,63290.369999999995,1505.39,4417.81,0.0,5923.200000000001,13548.499999999998,43818.670000000006,0.0,57367.170000000006,1616.06,5469.08,,7085.139999999999,0.0,102.55999999999999,,102.55999999999999,10835.710000000001,54820.23,,65655.94,12451.769999999999,60391.869999999995,,72843.64,91.90515555227516,137.82223422116644,,126.97792134421131,1616.06,5469.079999999999,0.0,7085.139999999999,2827.98,631.46,0.0,3459.44,,,,,,,,,,,,,,0.0,0.0,57367.170000000006,0.0,0.0,,0.0,,0.0,,,,,,,,57367.170000000006,0.0
487,RAJASTHAN,BARMER,,0.0,327.0707778421631,311.4546523797727,319.1965317975911,0.0,1416817.0,1441041.0,2857858.0,0.0,2857858.0,0.0,35117.39,30381.659999999996,65499.05,,,367.72,367.72,,,,,0.0,2780.2599999999998,0.0,2780.2599999999998,,,,,,,,,,,,,,,,,0.0,37897.65,30749.380000000005,68647.03,,,,,,,,,,,,0.0,,,,0.0,0.0,0.0,0.0,0.0,0.0,0.0,0.0,0.0,0.0,0.0,0.0,0.0,0.0,0.0,0.0,0.0,0.0,37897.65,30749.380000000005,68647.03,0.0,3789.7800000000007,3055.1499999999996,6844.920000000001,0.0,34107.87,27694.23,61802.09999999999,,6881.084999999999,1303.4750000000001,8184.5599999999995,,438.0,852.0,1290.0,,38211.424999999996,4755.54,42966.965,,45530.490000000005,6911.010000000002,52441.530000000006,,133.48969020932705,24.95469272841311,133.48977816556712,0.0,6881.08,0.0,8184.55,0.0,1407.92,22734.950000000004,1407.92,,,,,,,0.0,0.0,0.0,,,,,0.0,0.0,34107.87,27694.23,0.0,,0.0,,0.0,,,,,,,,34107.87,27694.23
488,RAJASTHAN,BHARATPUR,,0.0,550.6748954290183,539.9572185913165,547.8897096718523,0.0,351675.0,123477.0,475152.0,25890.0,501042.0,0.0,25273.670000000002,10122.3,35395.97,0.0,,0.0,0.0,0.0,238.64,0.0,238.64,0.0,6049.51,998.4300000000001,7047.9400000000005,0.0,860.5899999999999,0.0,860.5899999999999,,,,,,,,,,,,,0.0,32422.410000000003,11120.73,43543.14,,,,,,,,,,,,0.0,,,,0.0,0.0,0.0,0.0,0.0,0.0,0.0,0.0,0.0,0.0,0.0,0.0,0.0,0.0,0.0,0.0,0.0,0.0,32422.410000000003,11120.73,43543.14,0.0,2277.72,1112.08,3389.8,0.0,30144.690000000002,10008.650000000001,40153.340000000004,,5947.390268566718,1226.4373822039709,7173.827650770689,,71.8466,0.0,71.8466,,36823.556369280515,9776.2450695211,46599.8014388016,,42842.82,11002.669999999998,53845.479999999996,,142.12393625544,109.93160915807823,142.12390308210166,0.0,5947.39,0.0,7173.830000000001,0.0,0.0,1888.8400000000001,0.0,,,,,,,0.0,0.0,0.0,,,,,0.0,0.0,30144.69,10008.650000000001,0.0,,0.0,,0.0,,,,,,,,30144.69,10008.650000000001
489,RAJASTHAN,BHILWARA,,641.8662595726815,656.0696436480662,0.0,655.1101900492635,63193.0,872292.0,0.0,935485.0,110015.0,1045500.0,2091.07,29589.809999999998,0.0,31680.879999999997,264.5,,0.0,264.5,1213.49,56.31,0.0,1269.8,1015.4699999999999,13790.650000000001,0.0,14806.119999999999,162.38,301.96999999999997,0.0,464.34999999999997,0.0,0.0,0.0,0.0,,,,,,,,,4746.910000000001,43738.740000000005,0.0,48485.65,0.0,0.0,0.0,0.0,,,,,0.0,0.0,0.0,0.0,0.0,0.0,0.0,0.0,0.0,0.0,0.0,0.0,0.0,0.0,0.0,0.0,0.0,0.0,0.0,0.0,0.0,0.0,0.0,0.0,4746.910000000001,43738.740000000005,0.0,48485.65,474.72,4373.89,0.0,4848.610000000001,4272.19,39364.85,0.0,43637.04,409.5810200919874,5033.6762,,5443.257220091988,447.0379000000001,288.83520000000004,,735.8730999999999,4078.905,56134.39000000001,,60213.295,4935.53,61456.92,,66392.43,115.52693115240662,156.12131127134995,,152.14696047211268,409.59999999999997,5033.67,0.0,5443.27,679.0,0.0,0.0,679.0,,,,,,,0.0,0.0,0.0,,,,,0.0,0.0,43637.04,0.0,0.0,,0.0,,0.0,,,,,,,,43637.04,0.0
490,RAJASTHAN,BIKANER,,309.488142041288,329.1216238612466,308.903891694608,317.6649826228031,45001.0,1315254.0,1677922.0,3038177.0,0.0,3038177.0,939.7100000000002,26087.109999999997,27324.239999999998,54351.060000000005,498.52,,90.41999999999999,588.94,292.42999999999995,0.0,0.0,292.42999999999995,0.0,1394.47,0.0,1394.47,0.0,0.0,0.0,0.0,,,,,0.0,0.0,0.0,0.0,0.0,0.0,0.0,0.0,1730.6599999999999,27481.579999999998,27414.660000000003,56626.899999999994,,,,,,,,,,,,0.0,,,,0.0,0.0,0.0,0.0,0.0,0.0,0.0,0.0,0.0,0.0,0.0,0.0,0.0,0.0,0.0,0.0,0.0,1730.6599999999999,27481.579999999998,27414.660000000003,56626.899999999994,170.67,2748.1400000000003,2700.7799999999997,5619.58,1559.99,24733.440000000002,24713.88,51007.31,12.8,8480.48,0.0,8493.28,0.0,71.0,0.0,71.0,0.0,27889.2195,0.0,27889.2195,12.8,36440.71,0.0,36453.51,0.8205180802441042,147.3337716063758,0.0,138.6411358274672,12.8,8480.48,0.0,8493.28,1547.1899999999998,3579.11,24713.88,5126.3,,,,,,,0.0,0.0,0.0,,,,,0.0,0.0,26293.430000000004,24713.88,0.0,,0.0,,0.0,,,,,,,,26293.430000000004,24713.88
491,RAJASTHAN,BUNDI,,715.9298584570422,674.431263790714,0.0,689.1660649547897,150555.0,273463.0,0.0,424018.0,125982.0,550000.0,5999.82,11463.47,0.0,17463.289999999997,152.14,,0.0,152.14,5908.93,537.76,0.0,6446.6900000000005,2205.16,3361.3100000000004,0.0,5566.469999999999,1228.1799999999998,1103.17,0.0,2331.35,,,,,,,,,,,,,15494.23,16465.71,0.0,31959.94,,,,,,,,,,,,0.0,,,,0.0,0.0,0.0,0.0,0.0,0.0,0.0,0.0,0.0,0.0,0.0,0.0,0.0,0.0,0.0,0.0,0.0,15494.23,16465.71,0.0,31959.94,1549.4199999999998,1102.82,0.0,2652.24,13944.810000000003,15362.89,0.0,29307.699999999997,912.4888765582137,2684.5042445222643,,3596.993121080478,0.0,66.0,,66.0,8863.15275,18429.00395,,27292.1567,9775.66,21179.519999999997,,30955.170000000002,70.1024969146227,137.8615612036537,,105.6212872385073,912.4800000000001,2684.5,0.0,3596.98,4169.15,531.88,0.0,4701.03,,,,,,,0.0,0.0,0.0,,,,,0.0,0.0,29307.7,0.0,0.0,,0.0,,0.0,,,,,,,,29307.7,0.0
492,RAJASTHAN,CHITTAURGARH,,775.5539811049241,807.4236223017496,0.0,803.9311157563822,63932.0,519457.0,0.0,583389.0,204611.0,788000.0,2558.71,20905.230000000003,0.0,23463.940000000002,157.06,,0.0,276.09000000000003,0.18999999999999997,0.9600000000000001,0.0,1.1500000000000001,1005.42,8799.56,0.0,9804.98,0.0,1092.88,0.0,1092.88,,,,,,,,,,,,,3840.41,30798.629999999997,0.0,34639.04,,,,,,,,,,,,0.0,,,,0.0,0.0,0.0,0.0,0.0,0.0,0.0,0.0,0.0,0.0,0.0,0.0,0.0,0.0,0.0,0.0,0.0,3840.41,30798.629999999997,0.0,34639.04,384.05000000000007,3079.8599999999997,0.0,3463.9100000000008,3456.36,27718.77,0.0,31175.13,283.812,1327.0081,,1610.8201,69.0,629.0,,698.0,5048.42575,42374.995590000006,,47423.42134,5401.24,44331.01,,49732.25,156.26960154613522,159.93137502133033,,159.52539732793417,283.82,1326.9899999999998,0.0,1610.81,34.43,0.0,0.0,34.43,,,,,,,0.0,0.0,0.0,,,,,0.0,0.0,31175.13,0.0,0.0,,0.0,,0.0,,,,,,,,31175.13,0.0
493,RAJASTHAN,CHURU,,0.0,380.49065574559876,87.8467731865633,198.0002864131905,0.0,519180.0,860121.0,1379301.0,0.0,1379301.0,0.0,13900.32,3968.35,17868.670000000002,0.0,,0.0,0.0,0.0,0.0,0.0,0.0,0.0,478.55999999999995,0.0,478.55999999999995,0.0,0.0,0.0,0.0,,,,,,,,,,,,,0.0,14378.88,3968.35,18347.229999999996,,,,,,,,,,,,0.0,,,,0.0,0.0,0.0,0.0,0.0,0.0,0.0,0.0,0.0,0.0,0.0,0.0,0.0,0.0,0.0,0.0,0.0,0.0,14378.88,3968.35,18347.229999999996,0.0,1173.35,396.83,1570.18,0.0,13205.529999999999,3571.52,16777.05,,2980.6293,0.0,2980.6293,,17.0,0.0,17.0,,13836.5712,0.0,13836.5712,,16834.2,0.0,16834.2,,127.4784124529648,0.0,127.4784124529648,0.0,2980.64,0.0,2980.64,0.0,1754.89,3571.52,1754.89,,,,,,,0.0,0.0,0.0,,,,,0.0,0.0,13205.529999999999,3571.52,0.0,,0.0,,0.0,,,,,,,,13205.529999999999,3571.52
494,RAJASTHAN,DAUSA,,0.0,681.2375050395059,0.0,681.2375050395059,0.0,308562.0,0.0,308562.0,33455.0,342017.0,0.0,24375.04,0.0,24375.04,0.0,,0.0,0.0,0.0,0.0,0.0,0.0,0.0,2008.39,0.0,2008.39,,736.6999999999999,,736.6999999999999,,,,,,,,,,,,,0.0,27120.130000000005,0.0,27120.130000000005,,,,,,,,,,,,0.0,,,,0.0,0.0,0.0,0.0,0.0,0.0,0.0,0.0,0.0,0.0,0.0,0.0,0.0,0.0,0.0,0.0,0.0,0.0,27120.130000000005,0.0,27120.130000000005,0.0,2711.99,0.0,2711.99,0.0,24408.14,0.0,24408.14,,10666.028999999999,,10666.028999999999,,3.1891999999999996,,3.1891999999999996,,40167.675,,40167.675,,50836.87000000001,,50836.87000000001,,208.27834484725182,,208.27834484725182,0.0,10666.02,0.0,10666.02,0.0,0.0,0.0,0.0,,,,,,,0.0,0.0,0.0,,,,,0.0,0.0,24408.14,0.0,0.0,,0.0,,0.0,,,,,,,,24408.14,0.0
495,RAJASTHAN,DHAULPUR,,756.78,700.344006447185,0.0,702.1858754818409,8111.0,240415.0,0.0,248526.0,52379.00000000001,300905.0,764.3,19732.38,0.0,20496.68,27.55,,0.0,27.55,188.03,659.5600000000001,0.0,847.59,410.84000000000003,4826.41,0.0,5237.25,51.42,185.98000000000002,0.0,237.40000000000003,,,,,,,,,,,,,1442.1399999999999,25404.33,0.0,26846.47,,,,,,,,,,,,0.0,,,,0.0,0.0,0.0,0.0,0.0,0.0,0.0,0.0,0.0,0.0,0.0,0.0,0.0,0.0,0.0,0.0,0.0,1442.1399999999999,25404.33,0.0,26846.47,144.20999999999998,2291.62,0.0,2435.82,1297.9299999999998,23112.709999999995,0.0,24410.64,383.25,3746.1630000000005,,4129.4130000000005,0.0,19.15155,,19.15155,1665.0178938241963,27498.998146704696,,29164.01604052889,2048.26,31264.29,,33312.54,157.80974320649037,135.26881962348858,,136.46729458957242,383.25,3746.1600000000003,0.0,4129.41,0.0,325.72,0.0,325.72,,,,,,,0.0,0.0,0.0,,,,,0.0,0.0,24410.639999999996,0.0,0.0,,0.0,,0.0,,,,,,,,24410.639999999996,0.0
496,RAJASTHAN,DUNGARPUR,,815.552659980106,782.2785111756554,0.0,785.3263435239213,24128.0,239285.0,0.0,263413.0,113664.0,377077.0,707.04,8101.410000000001,0.0,8808.449999999999,100.56,,0.0,100.56,260.07,4943.929999999999,0.0,5204.0,171.97,3096.6400000000003,0.0,3268.61,510.54999999999995,3911.1700000000005,0.0,4421.72,,,,,,,,,,,,,1750.1899999999998,20053.149999999998,0.0,21803.340000000004,,,,,,,,,,,,0.0,,,,0.0,0.0,0.0,0.0,0.0,0.0,0.0,0.0,0.0,0.0,0.0,0.0,0.0,0.0,0.0,0.0,0.0,1750.1899999999998,20053.149999999998,0.0,21803.340000000004,175.01,2005.3300000000002,0.0,2180.34,1575.18,18047.82,0.0,19623.0,89.72999300000001,754.112923,,843.842916,0.0,53.0,,53.0,573.247908,10079.847997,,10653.095905000002,662.97,10886.960000000001,,11549.93,42.08852321639432,60.322853397252416,,58.85914488100698,89.72999999999999,754.1100000000002,0.0,843.84,912.21,7160.86,0.0,8073.07,,,,,,,0.0,0.0,0.0,,,,,0.0,0.0,19623.0,0.0,0.0,,0.0,,0.0,,,,,,,,19623.0,0.0
497,RAJASTHAN,GANGANAGAR,,245.3984953480062,0.0,237.31443582360458,238.41091030095345,151118.0,0.0,963041.0,1114159.0,0.0,1114159.0,5742.310000000001,0.0,38949.810000000005,44692.119999999995,24273.189999999995,,,24273.189999999995,14998.91,0.0,61654.299999999996,76653.20999999999,2775.88,0.0,0.0,2775.88,0.0,0.0,258.71999999999997,258.71999999999997,,,,,,,,,,,,,47790.29000000001,0.0,100862.83000000002,148653.12000000002,,,,,,,,,,,,0.0,,,,0.0,0.0,0.0,0.0,0.0,0.0,0.0,0.0,0.0,0.0,0.0,0.0,0.0,0.0,0.0,0.0,0.0,47790.29000000001,0.0,100862.83000000002,148653.12000000002,4649.54,0.0,10086.27,14735.800000000001,43140.75,0.0,90776.56,133917.31,38.57,,34.125,72.695,39.0,,0.0,39.0,16989.1816,,16667.7675,33656.949100000005,17066.75,,16701.88,33768.630000000005,39.56062423578635,,18.398890638728766,39.56062423578636,38.57,0.0,0.0,72.7,26074.0,0.0,74108.8,26074.0,,,,,,,0.0,0.0,0.0,,,,,0.0,0.0,43140.75,90776.56,0.0,,0.0,,0.0,,,,,,,,43140.75,90776.56
498,RAJASTHAN,HANUMANGARH,,301.55779773171685,0.0,323.32599915673825,320.42080003340436,127850.0,0.0,830110.0,957960.0,0.0,957960.0,6395.46,0.0,37520.21000000001,43915.67,3132.13,,,3132.13,11847.03,0.0,29989.590000000004,41836.62,0.0,0.0,0.0,0.0,0.0,0.0,470.18999999999994,470.18999999999994,,,,,,,,,,,,,21374.620000000003,0.0,67979.99,89354.61,,,,,,,,,,,,0.0,,,,0.0,0.0,0.0,0.0,0.0,0.0,0.0,0.0,0.0,0.0,0.0,0.0,0.0,0.0,0.0,0.0,0.0,21374.620000000003,0.0,67979.99,89354.61,2137.47,0.0,6143.610000000001,8281.08,19237.15,0.0,61836.38,81073.53,914.9,,253.75,1168.65,200.0,,0.0,200.0,11247.75502,,34963.364550000006,46211.119569999995,12362.66,,35217.12,47579.78,64.26450903590188,,56.95210489359177,64.26450903590187,914.9,0.0,0.0,1168.65,6874.489999999999,0.0,29205.31,6874.489999999999,,,,,,,0.0,0.0,0.0,,,,,0.0,0.0,19237.15,61836.380000000005,0.0,,0.0,,0.0,,,,,,,,19237.15,61836.380000000005
499,RAJASTHAN,JAIPUR,,0.0,586.9494519673505,540.74,585.4289476637973,0.0,999466.0,34006.0,1033472.0,72672.0,1106144.0,0.0,65838.58,1685.51,67524.09000000001,,,,,0.0,0.0,0.0,0.0,0.0,8223.34,0.0,8223.34,0.0,1423.8899999999999,0.0,1423.8899999999999,0.0,0.0,0.0,0.0,0.0,0.0,0.0,0.0,0.0,0.0,0.0,0.0,0.0,75485.81,1685.51,77171.32,,,,,,,,,,,,0.0,,,,0.0,0.0,0.0,0.0,0.0,0.0,0.0,0.0,0.0,0.0,0.0,0.0,0.0,0.0,0.0,0.0,0.0,0.0,75485.81,1685.51,77171.32,0.0,7548.589999999999,168.55,7717.1399999999985,0.0,67937.22,1516.9599999999998,69454.18000000001,,38927.03429157631,0.0,38927.03429157631,,1662.0535670833328,0.0,1662.0535670833328,,109776.51646624327,0.0,109776.51646624327,,150365.59999999998,0.0,150365.59999999998,,221.33022222575485,0.0,221.33022222575485,0.0,38927.030000000006,0.0,38927.030000000006,0.0,0.0,1516.96,0.0,,,,,,,0.0,0.0,0.0,,,,,0.0,0.0,67937.22,1516.96,0.0,,0.0,,0.0,,,,,,,,67937.22,1516.96
500,RAJASTHAN,JAISALMER,,0.0,191.34984898312993,207.05412872635387,202.0766645694062,0.0,1209004.0,2605496.0,3814500.0,0.0,3814500.0,0.0,8419.66,20743.24,29162.9,0.0,,20264.8,20264.8,0.0,0.0,0.0,0.0,0.0,1279.3000000000002,2296.96,3576.26,,,,,,,,,0.0,0.0,0.0,0.0,0.0,0.0,0.0,0.0,0.0,9698.96,43305.0,53003.96,,,,,,,,,,,,0.0,,,,0.0,0.0,0.0,0.0,0.0,0.0,0.0,0.0,0.0,0.0,0.0,0.0,0.0,0.0,0.0,0.0,0.0,0.0,9698.96,43305.0,53003.96,0.0,969.9000000000001,4035.8100000000004,5005.71,0.0,8729.06,39269.19,47998.25,,2681.4223300000003,485.34383,3166.76616,,7.0,0.0,7.0,,25586.017585999998,8011.085760999999,33597.103347,,28274.45,8496.42,36770.87,,323.91173849188806,21.636351551941864,323.9117384918882,0.0,2681.41,0.0,3166.7599999999998,0.0,0.0,31258.11,0.0,,,,,,,0.0,0.0,0.0,,,,,0.0,0.0,8729.060000000001,39269.19,0.0,,0.0,,0.0,,,,,,,,8729.060000000001,39269.19
501,RAJASTHAN,JALOR,,449.09,483.7160057874289,441.1869205754585,468.48195890759723,202500.0,620310.0,202343.0,1025153.0,38847.0,1064000.0,8333.39,29328.989999999998,10140.71,47803.090000000004,502.69000000000005,,178.56,681.25,4007.91,0.0,1825.87,5833.78,1714.44,3074.66,501.0,5290.1,,,,,,,,,,,,,,,,,14558.43,32403.65,12646.14,59608.22,,,,,,,,,,,,0.0,,,,0.0,,,,,,,,,,,,,,,,0.0,14558.43,32403.65,12646.14,59608.22,1118.72,3240.37,1223.6399999999999,5582.7300000000005,13439.71,29163.28,11422.5,54025.48999999999,246.36,4030.44,111.72,4388.520000000001,0.0,2.582,0.0,2.582,13582.215,60747.99475,2425.6825,76755.89225,13828.58,64781.030000000006,2537.4,81147.01000000001,102.89344040905645,222.13218129099337,22.214051214707816,184.51665012244453,246.36,4030.44,0.0,4388.5199999999995,0.0,0.0,8996.82,0.0,,,,,,,,,,,,,,0.0,0.0,42602.99,11422.5,0.0,,0.0,,0.0,,,,,,,,42602.99,11422.5
502,RAJASTHAN,JHALAWAR,,961.9315420123509,967.3337972934601,0.0,967.0496770150879,32062.0,577564.0,0.0,609626.0,24096.0,633722.0,2095.05,37699.53,0.0,39794.58,4.33,,,4.33,738.8100000000001,0.0,0.0,738.8100000000001,1635.0099999999998,11271.180000000002,0.0,12906.189999999999,0.0,1261.1799999999998,,1261.1799999999998,0.0,0.0,0.0,0.0,,,,,,,,,4473.2,50231.89,0.0,54705.090000000004,,,,,,,,,,,,0.0,,,,0.0,,,,,,,,,,,,,,,,0.0,4473.2,50231.89,0.0,54705.090000000004,397.78,4851.530000000001,0.0,5249.3099999999995,4075.42,45380.36,0.0,49455.78,869.5314285714286,2855.884004106776,,3725.4154326782045,0.0,0.41,,0.41,6540.0037600000005,45908.603039999995,,52448.606799999994,7409.539999999999,48764.90000000001,,56174.44000000001,181.81046370680812,107.45816031428576,,113.5851866050844,869.53,2855.88,0.0,3725.41,0.08,5325.82,0.0,5325.9,,,,,,,,,,,,,,0.0,0.0,49455.78,0.0,0.0,,0.0,,0.0,,,,,,,,49455.78,0.0
503,RAJASTHAN,JHUNJHUNU,,0.0,500.1073570308455,494.53,499.9834932056727,0.0,527369.0,11978.0,539347.0,49237.0,588584.0,0.0,22594.68,386.48,22981.16,0.0,,0.0,0.0,0.0,0.0,0.0,0.0,0.0,1779.46,4.9,1784.3600000000001,0.0,0.0,0.0,0.0,0.0,0.0,0.0,0.0,,,,,,,,,0.0,24374.140000000003,391.38,24765.520000000004,,,,,,,,,,,,0.0,,,,0.0,,,,,,,,,,,,,,,,0.0,0.0,24374.140000000003,391.38,24765.520000000004,0.0,2437.4399999999996,39.14,2476.58,0.0,21936.7,352.23999999999995,22288.94,,11028.7086,59.80160000000001,11088.510199999999,,564.2294999999999,0.0,564.2294999999999,,35589.204,97.92000000000002,35687.123999999996,,47182.130000000005,157.72,47339.84999999999,,215.0830799527732,44.776288893935956,215.0830799527732,0.0,11028.710000000001,0.0,11088.51,0.0,0.0,254.32,0.0,,,,,,,,,,,,,,0.0,0.0,21936.7,352.24,0.0,,0.0,,0.0,,,,,,,,21936.7,352.24
504,RAJASTHAN,JODHPUR,,0.0,308.881523397248,331.78122765559596,312.71097917011576,0.0,1851864.77,371869.0,2223733.77,1266.23,2225000.0,0.0,35619.33,7945.689999999999,43565.020000000004,0.0,,0.0,0.0,0.0,0.0,0.0,0.0,0.0,3840.84,33.86,3874.7,0.0,42.57,0.0,42.57,0.0,0.0,0.0,0.0,,,,,,,,,0.0,39502.740000000005,7979.55,47482.29,,,,,,,,,,,,0.0,,,,0.0,,,,,,,,,,,,,,,,0.0,0.0,39502.740000000005,7979.55,47482.29,0.0,3950.3100000000004,797.9799999999999,4748.290000000001,0.0,35552.43,7181.569999999999,42734.0,,14668.6,218.92,14887.519999999997,,677.58,129.5,807.08,,76401.3425,575.015,76976.3575,,91747.53999999998,923.43,92670.98,,258.0626415690854,12.85833042078543,258.062669696558,0.0,14668.6,0.0,14887.519999999997,0.0,492.49,6477.0599999999995,492.49,,,,,,,,,,,,,,0.0,0.0,35552.43,7181.57,0.0,,0.0,,0.0,,,,,,,,35552.43,7181.57
505,RAJASTHAN,KARAULI,,678.9593827873027,695.2311179172199,0.0,694.0029467868657,29455.0,360787.0,0.0,390242.0,177048.0,567290.0,2451.67,26411.760000000002,0.0,28863.43,,,,,0.0,0.0,0.0,0.0,443.76,4602.65,0.0,5046.41,58.17,237.36,,295.53,,,,,,,,,,,,,2953.6000000000004,31251.770000000004,0.0,34205.369999999995,,,,,,,,,,,,0.0,,,,0.0,0.0,0.0,0.0,0.0,0.0,0.0,0.0,0.0,0.0,0.0,0.0,0.0,0.0,0.0,0.0,0.0,2953.6000000000004,31251.770000000004,0.0,34205.369999999995,295.35999999999996,3020.2200000000003,0.0,3315.58,2658.24,28231.55,0.0,30889.79,372.5600999999999,4464.291400000001,,4836.851500000001,0.0,0.06999999999999999,,0.06999999999999999,5003.769833333333,38462.6203,,43466.390133333334,5376.32,42927.0,,48303.32,202.25111351871914,152.05328789953086,,156.37309285689543,372.55999999999995,4464.299999999999,0.0,4836.860000000001,0.0,1259.28,0.0,1259.28,,,,,,,0.0,0.0,0.0,,,,,0.0,0.0,30889.79,0.0,0.0,,0.0,,0.0,,,,,,,,30889.79,0.0
506,RAJASTHAN,KOTA,,782.4308959840013,829.9379876354682,0.0,809.9996734443713,215015.0,297302.0,0.0,512317.0,8077.0,520394.0,13395.27,14918.240000000002,0.0,28313.510000000002,49.019999999999996,,,49.019999999999996,11870.24,0.0,0.0,11870.24,4201.969999999999,4606.18,0.0,8808.14,63.169999999999995,131.09,,194.26,0.0,0.0,0.0,0.0,0.0,0.0,0.0,0.0,0.0,0.0,0.0,0.0,29579.690000000002,19655.510000000002,0.0,49235.200000000004,,,,,,,,,,,,0.0,,,,0.0,,,,,,,,,,,,,,,,0.0,29579.690000000002,19655.510000000002,0.0,49235.200000000004,2957.9800000000005,1965.5500000000002,0.0,4923.530000000001,26621.71,17689.96,0.0,44311.67,4002.91,4549.032906976745,,8551.942906976743,0.0,277.51000000000005,,277.51000000000005,17797.019999999997,18415.019999999997,,36212.04,21799.940000000002,23241.559999999998,,45041.490000000005,81.887827641425,131.38277305318948,,101.64701533478654,4002.91,4549.030000000001,0.0,8551.939999999999,5891.57,564.95,0.0,6456.5199999999995,,,,,,,,,,,,,,0.0,0.0,44311.67,0.0,0.0,,0.0,,0.0,,,,,,,,44311.67,0.0
507,RAJASTHAN,NAGAUR,,0.0,402.14745972235426,411.54135795895394,402.84444726513783,0.0,1640364.0,131462.0,1771826.0,0.0,1771826.0,0.0,54469.01,5055.139999999999,59524.15,0.0,,0.0,0.0,0.0,0.0,0.0,0.0,0.0,4322.790000000001,0.0,4322.790000000001,0.0,0.0,0.0,0.0,0.0,0.0,0.0,0.0,,,,,,,,,0.0,58791.8,5055.139999999999,63846.94,,,,,,,,,,,,0.0,,,,0.0,,,,,,,,,,,,,,,,0.0,0.0,58791.8,5055.139999999999,63846.94,0.0,5208.389999999999,505.5,5713.9,0.0,53583.409999999996,4549.64,58133.05,,13604.415999999997,665.6,14270.016000000001,,1147.65,9.6,1157.25,,86455.93875,1829.7425000000003,88285.68125,,101208.00000000003,2504.94,103712.96000000002,,188.87935650232046,55.05798260961306,188.8793938273059,0.0,13604.419999999998,0.0,14270.02,0.0,0.0,2755.2900000000004,0.0,,,,,,,,,,,,,,0.0,0.0,53583.409999999996,4549.64,0.0,,0.0,,0.0,,,,,,,,53583.409999999996,4549.64
508,RAJASTHAN,PALI,,602.09,566.0032361343132,536.3872994966838,558.9351034318702,55040.0,681214.0,318885.0,1055139.0,180561.0,1235700.0,2042.22,27006.509999999995,11948.6,40997.33,,,,,234.42,700.2000000000002,1211.17,2145.79,121.71,3020.99,203.35000000000002,3346.05,,,,,,240.092,,240.092,,,,,,,,,2398.96,30967.8,13363.12,46729.88,,,,,,,,,,,,0.0,,,,0.0,0.0,0.0,0.0,0.0,0.0,0.0,0.0,0.0,0.0,0.0,0.0,0.0,0.0,0.0,0.0,0.0,2398.96,30967.8,13363.12,46729.88,239.89,3096.8100000000004,1336.32,4673.02,2159.07,27870.989999999998,12026.8,42056.85999999999,187.51,3232.99213,83.50624,3504.00837,0.0,472.0,0.0,472.0,936.25,41242.96949999999,3093.4100200000003,45272.62952,1123.7600000000002,44947.97,3176.91,49248.64,52.04833562598712,161.27152282714036,26.41525592842651,153.41870778812964,187.51,3233.0,0.0,3504.02,1035.31,457.89,9410.08,1493.1999999999998,,,,,,,0.0,0.0,0.0,,,,,0.0,0.0,30030.06,12026.8,0.0,,0.0,,0.0,,,,,,,,30030.06,12026.8
509,RAJASTHAN,PRATAPGARH,,878.73,1035.6387735809226,0.0,1017.2908511417135,34500.0,260539.0,0.0,295039.0,140941.0,435980.0,919.39,14370.31,0.0,15289.699999999999,208.34,,0.0,208.34,39.88,1192.1000000000001,0.0,1231.98,211.57,4455.16,0.0,4666.7300000000005,0.0,848.45,0.0,848.45,,,,,,,,,,,,,1379.18,20866.019999999997,0.0,22245.2,,,,,,,,,,,,0.0,,,,0.0,0.0,0.0,0.0,0.0,0.0,0.0,0.0,0.0,0.0,0.0,0.0,0.0,0.0,0.0,0.0,0.0,1379.18,20866.019999999997,0.0,22245.2,137.38000000000002,2086.61,0.0,2223.99,1241.8,18779.410000000003,0.0,20021.21,99.26747,446.62815,,545.89562,0.0,19.0,,19.0,1128.3766300000002,23762.257410000006,,24890.634040000008,1227.6399999999999,24227.87,,25455.51,98.85971976163633,129.0129455611225,,127.1427151505828,99.27,446.62,0.0,545.89,17.35,986.04,0.0,1003.39,,,,,,,0.0,0.0,0.0,,,,,0.0,0.0,20021.210000000003,0.0,0.0,,0.0,,0.0,,,,,,,,20021.210000000003,0.0
510,RAJASTHAN,RAJSAMAND,,621.9428545892594,622.1512237301043,0.0,622.136076738162,25734.0,328275.0,0.0,354009.0,109537.0,463546.0,474.8,7857.13,0.0,8331.93,0.0,,0.0,0.0,134.44,540.12,0.0,674.56,160.26,1196.1399999999999,0.0,1356.4,598.9300000000001,414.26000000000005,0.0,1013.19,,,,,,,,,,,,,1368.4299999999998,10007.65,0.0,11376.08,,,,,,,,,0.0,0.0,0.0,0.0,,,,0.0,0.0,0.0,0.0,0.0,0.0,0.0,0.0,0.0,0.0,0.0,0.0,0.0,0.0,0.0,0.0,0.0,1368.4299999999998,10007.65,0.0,11376.08,136.83999999999997,1000.7800000000001,0.0,1137.6200000000001,1231.59,9006.87,0.0,10238.460000000001,177.71800000000002,1960.647176,,2138.3651760000002,0.0,391.642,,391.642,968.48,8948.182000000003,,9916.662,1146.21,11300.49,,12446.7,93.06749811219643,125.46522820913368,,121.56808738814236,177.72,1960.6499999999999,0.0,2138.37,173.48,187.92000000000002,0.0,361.4,,,,,,,0.0,0.0,0.0,,,,,0.0,0.0,10238.460000000001,0.0,0.0,,0.0,,0.0,,,,,,,,10238.460000000001,0.0
511,RAJASTHAN,SAWAI MADHOPUR,,656.6192007604262,761.9225488031971,0.0,749.6374420237958,50498.0,382352.0,0.0,432850.0,69215.0,502065.0,4155.98,28091.19,0.0,32247.17,,,,,0.0,0.0,0.0,0.0,1845.44,7662.45,0.0,9507.89,255.37,1069.38,,1324.7500000000002,,,,,,,,,,,,,6256.789999999999,36823.02,0.0,43079.81,,,,,,,,,,,,0.0,,,,0.0,0.0,0.0,0.0,0.0,0.0,0.0,0.0,0.0,0.0,0.0,0.0,0.0,0.0,0.0,0.0,0.0,6256.789999999999,36823.02,0.0,43079.81,625.6800000000001,3682.3099999999995,0.0,4307.99,5631.110000000001,33140.71,0.0,38771.82000000001,1289.3400000000001,6547.039999999999,,7836.38,0.0,80.96999999999998,,80.96999999999998,8201.773000000001,48157.02,,56358.793000000005,9491.12,54785.06,,64276.18,168.54794170243522,165.3104595526167,,165.7806623470345,1289.34,6547.04,0.0,7836.38,0.0,0.0,0.0,0.0,,,,,,,0.0,0.0,0.0,,,,,0.0,0.0,38771.82,0.0,0.0,,0.0,,0.0,,,,,,,,38771.82,0.0
512,RAJASTHAN,SIKAR,,0.0,506.03905813482834,460.8300888080462,505.46473759399316,0.0,726346.0,9346.0,735692.0,52393.0,788085.0,0.0,29995.920000000002,348.56,30344.48,0.0,,0.0,0.0,0.0,0.0,0.0,0.0,0.0,2534.0600000000004,0.0,2534.0600000000004,0.0,1225.4299999999998,0.0,1225.4299999999998,,,,,,,,,,,,,0.0,33755.41,348.56,34103.97,,,,,,,,,,,,0.0,,,,0.0,0.0,0.0,0.0,0.0,0.0,0.0,0.0,0.0,0.0,0.0,0.0,0.0,0.0,0.0,0.0,0.0,0.0,33755.41,348.56,34103.97,0.0,3156.23,34.86,3191.09,0.0,30599.179999999993,313.7,30912.879999999997,,10882.245767719443,0.0,10882.245767719443,,217.686,0.0,217.686,,50681.3334237618,105.49802147488786,50786.83144523668,,61781.26,105.5,61886.76,,201.90495300854474,33.63085750717246,201.9049530085447,0.0,10882.25,0.0,10882.25,0.0,0.0,208.20000000000002,0.0,,,,,,,0.0,0.0,0.0,,,,,0.0,0.0,30599.179999999993,313.7,0.0,,0.0,,0.0,,,,,,,,30599.179999999993,313.7
513,RAJASTHAN,SIROHI,,0.0,667.6332117673038,0.0,667.6332117673038,0.0,407570.0,0.0,407570.0,106030.0,513600.0,0.0,25988.64,0.0,25988.64,,,,,0.0,0.0,0.0,0.0,0.0,2567.66,0.0,2567.66,,,,,0.0,345.008,0.0,345.008,,,,,,,,,0.0,28901.300000000003,0.0,28901.300000000003,,,,,,,,,,,,0.0,,,,0.0,0.0,0.0,0.0,0.0,0.0,0.0,0.0,0.0,0.0,0.0,0.0,0.0,0.0,0.0,0.0,0.0,0.0,28901.300000000003,0.0,28901.300000000003,0.0,2890.13,0.0,2890.13,0.0,26011.170000000002,0.0,26011.170000000002,,1687.04,,1687.04,,340.77,,340.77,,29160.36,,29160.36,,31188.17,,31188.17,,119.90298783176611,,119.90298783176611,0.0,1687.04,0.0,1687.04,0.0,454.47,0.0,454.47,,,,,,,0.0,0.0,0.0,,,,,0.0,0.0,26011.170000000002,0.0,0.0,,0.0,,0.0,,,,,,,,26011.170000000002,0.0
514,RAJASTHAN,TONK,,646.9828084400627,633.1985319276316,643.9009830508475,637.0418369649118,141089.0,417585.0,29500.0,588174.0,131832.0,720006.0,8245.16,20180.079999999998,0.0,28425.24,114.57000000000001,,,114.57000000000001,2321.55,1234.19,0.0,3555.7400000000002,1673.7,5420.6,0.0,7094.299999999999,1099.56,2828.2799999999997,0.0,3927.84,,,,,,,,,,,,,13546.380000000001,29663.149999999998,0.0,43209.530000000006,,,,,,,,,,,,0.0,,,,0.0,0.0,0.0,0.0,0.0,0.0,0.0,0.0,0.0,0.0,0.0,0.0,0.0,0.0,0.0,0.0,0.0,13546.380000000001,29663.149999999998,0.0,43209.530000000006,1349.2299999999998,2771.9700000000003,0.0,4121.18,12197.150000000001,26891.18,0.0,39088.33,5127.511137637732,5422.134932467066,0.0,10549.646070104798,9.0,27.0,0.0,36.0,6694.795804845854,22854.565958352618,81.57468927565908,29630.93645247413,11831.32,28303.69,81.57,40216.579999999994,97.00069278478988,105.2526887998221,0.0,102.6777301562896,5127.51,5422.14,0.0,10549.65,576.8700000000001,2094.19,0.0,2671.0600000000004,,,,,,,0.0,0.0,0.0,,,,,0.0,0.0,39088.33,0.0,0.0,,0.0,,0.0,,,,,,,,39088.33,0.0
515,RAJASTHAN,UDAIPUR,,713.1987611584717,716.429732914531,0.0,716.1400276415148,69678.0,707414.0,0.0,777092.0,398968.0,1176060.0,1917.1000000000004,19331.38,0.0,21248.48,764.4900000000001,,0.0,784.4300000000002,725.52,1018.6800000000001,0.0,1744.1999999999998,742.2600000000001,5296.38,0.0,6038.630000000001,342.53999999999996,1620.03,0.0,1962.5700000000002,0.0,0.0,0.0,0.0,0.0,25.7325,0.0,25.7325,0.0,413.0,0.0,413.0,4511.860000000001,27705.2,0.0,32217.059999999998,,,,,,,,,,,,0.0,,,,0.0,0.0,0.0,0.0,0.0,0.0,0.0,0.0,0.0,0.0,0.0,0.0,0.0,0.0,0.0,0.0,0.0,4511.860000000001,27705.2,0.0,32217.059999999998,451.2,2770.5200000000004,0.0,3221.7200000000007,4060.6600000000003,24934.679999999997,0.0,28995.340000000004,257.27500000000003,3013.0332499999995,,3270.30825,70.732,1951.118,,2021.85,3032.9615,21186.3695,,24219.331000000006,3360.979999999999,26150.500000000004,,29511.489999999998,82.7693035122369,104.87602006522646,,101.78011363205258,257.27000000000004,3013.04,0.0,3270.3,921.1599999999999,773.0000000000001,0.0,1694.1599999999999,,,,,,,0.0,0.0,0.0,,,,,0.0,0.0,28995.339999999997,0.0,0.0,,0.0,,0.0,,,,,,,,28995.339999999997,0.0
516,SIKKIM,Gangtok,,0.0,2582.2,0.0,2582.2,0.0,35500.0,0.0,35500.0,31697.0,67197.0,0.0,6416.77,0.0,6416.77,,,,,0.0,0.0,0.0,0.0,0.0,136.85,0.0,136.85,,,,,,,,,,,,,,,,,0.0,6553.61,0.0,6553.61,,,,,,,,,,,,0.0,,,,0.0,0.0,0.0,0.0,0.0,0.0,0.0,0.0,0.0,0.0,0.0,0.0,0.0,0.0,0.0,0.0,0.0,0.0,6553.61,0.0,6553.61,0.0,655.36,0.0,655.36,0.0,5898.25,0.0,5898.25,,193.75440999999998,,193.75440999999998,,69.08,,69.08,,285.1,,285.1,,547.9300000000001,,547.9300000000001,,9.289704573390413,,9.289704573390413,0.0,206.42,0.0,206.42,0.0,5337.65,0.0,5337.65,NIL,NIL,NIL,[NIL],[NIL],[NIL],0.0,0.0,0.005737756800059999,,,,,0.0,0.0,5898.25,0.0,0.0,,0.0,,0.0,,0.0,,0.0,,0.0,,5898.25,0.0
517,TAMILNADU,ARIYALUR,,0.0,1002.3939921567497,0.0,1002.3939921567497,0.0,192658.65500000003,0.0,192658.65500000003,739.495,193398.15,0.0,18244.59,0.0,18244.59,9666.570000000002,,0.0,9666.570000000002,0.0,4198.41,0.0,4198.41,0.0,5876.3,0.0,5876.3,0.0,481.58,0.0,481.58,0.0,0.0,0.0,0.0,,,,,,,,,9666.570000000002,28800.879999999997,0.0,38467.450000000004,,,,,,,,,,,,0.0,,,,0.0,,,,,,,,,,,,,,,,0.0,9666.570000000002,28800.879999999997,0.0,38467.450000000004,966.6600000000001,2570.4400000000005,0.0,3537.1,8699.91,26230.440000000002,0.0,34930.35,,787.5546785,,787.5546785,,48.8,,48.8,,15543.800000000001,,15543.800000000001,,16380.15,,16380.15,,62.44710344165023,,46.89374712821372,0.0,1089.71,0.0,1089.71,8699.91,9597.24,0.0,18297.15,,,,,,,,,,,,,,0.0,0.0,34930.350000000006,0.0,0.0,,0.0,,0.0,,,,,,,,34930.350000000006,0.0
518,TAMILNADU,CHENGALPATTU,,0.0,1185.0136510287657,0.0,1185.0136510287657,0.0,242414.88,0.0,242414.88,20175.269999999997,262590.14999999997,0.0,18735.690000000006,0.0,18735.690000000006,82.63000000000001,,,82.63000000000001,0.0,22761.11,0.0,22761.11,0.0,8785.089999999998,0.0,8785.089999999998,0.0,7803.649999999998,0.0,7803.649999999998,0.0,124.50999999999999,0.0,124.50999999999999,,,,,,,,,82.63000000000001,58210.08999999999,0.0,58292.72,,,,,,,,,,,,0.0,,,,0.0,0.0,0.0,0.0,0.0,0.0,0.0,0.0,0.0,0.0,0.0,0.0,0.0,0.0,0.0,0.0,0.0,82.63000000000001,58210.08999999999,0.0,58292.72,8.269999999999998,5649.529999999998,0.0,5657.800000000001,74.36,52560.560000000005,0.0,52634.91999999999,,873.8599446500001,,873.8599446500001,,315.49999999999994,,315.49999999999994,,34539.94444,,34539.94444,,35729.299999999996,,35729.299999999996,,67.97739597903826,,67.88136089121063,0.0,1583.6399999999999,0.0,1583.6399999999999,74.36,16469.24,0.0,16543.600000000002,,,,,,,0.0,0.0,0.0,,,,,0.0,0.0,52634.92000000001,0.0,0.0,,0.0,,0.0,,,,,,,,52634.92000000001,0.0
519,TAMILNADU,CHENNAI,,0.0,1212.7685780535626,0.0,1212.7685780535626,0.0,53345.83552334,0.0,53345.83552334,2002.8822059999998,55348.71772934,0.0,8624.4,0.0,8624.4,140.16,,0.49,140.65,0.0,93.0,0.0,93.0,0.0,72.35000000000001,0.0,72.35000000000001,,132.97,0.0,132.97,0.0,1663.8980000000001,0.0,1663.8980000000001,,,,,,,,,140.16,10586.609999999999,0.49,10586.66,,,,,,,,,,,,0.0,,,,0.0,,,,,,,,,,,,,,,,0.0,140.16,10586.609999999999,0.49,10586.66,0.01,1058.66,0.0,1058.67,140.14999999999998,9527.95,0.49,9668.59,,11410.135971199998,,11410.135971199998,,1189.5000000000002,,1189.5000000000002,,258.5,,258.5,,12858.12,,12858.12,,134.95158979633604,,132.9953144878518,0.0,13715.11,0.0,13715.11,140.14999999999998,828.73,0.49,968.88,,,,,,,,,,,,,,0.0,0.0,9668.1,0.49,0.0,,0.0,,0.0,,,,,,,,9668.1,0.49
520,TAMILNADU,COIMBATORE,,0.0,983.78920119443,0.0,983.78920119443,0.0,367530.925,0.0,367530.925,5107.125000000003,372638.05,0.0,24822.270000000004,0.0,24822.270000000004,1522.1,,0.0,1522.1,0.0,12515.98,0.0,12515.98,0.0,13725.689999999999,0.0,13725.689999999999,0.0,1526.77,0.0,1526.77,0.0,2046.0500000000004,0.0,2046.0500000000004,,,,,,,,,1522.1,54636.8,0.0,56158.899999999994,,,,,,,,,,,,0.0,,,,0.0,,,,,,,,,,,,,,,,0.0,1522.1,54636.8,0.0,56158.899999999994,152.19999999999996,5264.1799999999985,0.0,5416.38,1369.8999999999999,49372.61999999999,0.0,50742.520000000004,,2160.9170319999994,,2160.9170319999994,,1477.1699999999998,,1477.1699999999998,,39216.22000000001,,39216.22000000001,,42854.28999999999,,42854.28999999999,,86.79768260221962,,84.45439840197135,0.0,5872.87,0.0,5872.87,1369.8999999999999,11003.920000000002,0.0,12373.820000000002,,,,,,,,,,,,,,0.0,0.0,50742.51999999999,0.0,0.0,,0.0,,0.0,,,,,,,,50742.51999999999,0.0
521,TAMILNADU,CUDDALORE,,0.0,1265.1570180108363,0.0,1265.1570180108363,0.0,363673.15249999997,0.0,363673.15249999997,1000.8475000000008,364673.99999999994,0.0,54916.62000000001,0.0,54916.62000000001,0.0,,0.0,0.0,0.0,21658.49,0.0,21658.49,0.0,14580.199999999995,0.0,14580.199999999995,0.0,1737.8999999999999,0.0,1737.8999999999999,0.0,5916.554,0.0,5916.554,,,,,,,,,0.0,98809.76999999999,0.0,98809.76999999999,,,,,,,,,,,,0.0,,,,0.0,,,,,,,,,,,,,,,,0.0,0.0,98809.76999999999,0.0,98809.76999999999,0.0,9567.69,0.0,9567.69,0.0,89242.08000000003,0.0,89242.08000000003,,1594.1223550000004,,1594.1223550000004,,2040.692,,2040.692,,64061.816,,64061.816,,67696.64,,67696.64,,75.85730857012743,,75.85730857012743,0.0,3350.7200000000003,0.0,3350.7200000000003,0.0,25450.589999999997,0.0,25450.589999999997,,,,,,,,,,,,,,0.0,0.0,89242.08000000003,0.0,0.0,,0.0,,0.0,,,,,,,,89242.08000000003,0.0
522,TAMILNADU,DHARMAPURI,,0.0,819.1354202974442,0.0,819.1354202974442,0.0,281286.58125000005,0.0,281286.58125000005,57346.04875,338632.63000000006,0.0,20941.11,0.0,20941.11,80.67,,,80.67,0.0,570.88,0.0,570.88,0.0,18162.45,0.0,18162.45,0.0,354.84000000000003,0.0,354.84000000000003,0.0,6942.660000000001,0.0,6942.660000000001,,,,,,,,,80.67,46971.899999999994,0.0,47052.57000000001,,,,,,,,,,,,0.0,,,,0.0,,,,,,,,,,,,,,,,0.0,80.67,46971.899999999994,0.0,47052.57000000001,8.09,4497.17,0.0,4505.26,72.58,42474.72999999999,0.0,42547.310000000005,,2116.606822375,,2116.606822375,,33.900000000000006,,33.900000000000006,,45406.08,,45406.08,,47556.590000000004,,47556.590000000004,,111.96443155730482,,111.77343526535519,0.0,2844.9700000000003,0.0,2844.9700000000003,72.58,4013.44,0.0,4086.02,,,,,,,,,,,,,,0.0,0.0,42547.30999999999,0.0,0.0,,0.0,,0.0,,,,,,,,42547.30999999999,0.0
523,TAMILNADU,DINDIGUL,,0.0,823.5199999999999,0.0,823.5199999999999,0.0,487741.10000000003,0.0,487741.10000000003,138922.99,626664.09,0.0,17760.219999999998,0.0,17760.219999999998,5832.490000000001,,,5832.490000000001,0.0,5293.98,0.0,5293.98,0.0,22064.589999999993,0.0,22064.589999999993,0.0,466.25999999999993,0.0,466.25999999999993,0.0,3260.3179999999998,0.0,3260.3179999999998,,,,,,,,,5832.490000000001,48845.42,0.0,54677.91000000002,,,,,,,,,,,,0.0,,,,0.0,,,,,,,,,,,,,,,,0.0,5832.490000000001,48845.42,0.0,54677.91000000002,583.2600000000001,4884.55,0.0,5467.800000000001,5249.2300000000005,43960.86999999999,0.0,49210.10000000001,,1384.0383200000003,,1384.0383200000003,,308.14799999999997,,308.14799999999997,,63041.66799999998,,63041.66799999998,,64733.82999999999,,64733.82999999999,,147.25329594250525,,131.54582087823428,0.0,3951.82,0.0,3951.82,5249.2300000000005,2133.1499999999996,0.0,7382.38,,,,,,,,,,,,,,0.0,0.0,49210.1,0.0,0.0,,0.0,,0.0,,,,,,,,49210.1,0.0
524,TAMILNADU,ERODE,,0.0,717.1682792649835,0.0,717.1682792649835,0.0,348110.31,0.0,348110.31,1425.0,349535.31,0.0,18060.56,0.0,18060.56,3360.8999999999996,,0.0,3360.8999999999996,0.0,29724.879999999997,0.0,29724.879999999997,0.0,18182.440000000006,0.0,18182.440000000006,0.0,645.2800000000002,0.0,645.2800000000002,0.0,1683.3400000000001,0.0,1683.3400000000001,,,,,,,,,3360.8999999999996,68296.53000000001,0.0,71657.43,,,,,,,,,,,,0.0,,,,0.0,,,,,,,,,,,,,,,,0.0,3360.8999999999996,68296.53000000001,0.0,71657.43,336.11,6609.5999999999985,0.0,6945.719999999999,3024.790000000001,61686.929999999986,0.0,64711.720000000016,,650.6932559999999,,650.6932559999999,,696.9919999999997,,696.9919999999997,,51949.8,,51949.8,,53297.51,,53297.51,,86.40000402030059,,82.3614485907653,0.0,18345.24,0.0,18345.24,3024.790000000001,8671.28,0.0,11696.070000000002,,,,,,,,,,,,,,0.0,0.0,64711.71999999999,0.0,0.0,,0.0,,0.0,,,,,,,,64711.71999999999,0.0
525,TAMILNADU,KALLAKURICHCHI,,0.0,1699.0977508371784,0.0,1699.0977508371784,0.0,252919.5579166666,0.0,252919.5579166666,43823.58750000001,296743.14541666664,0.0,41231.219999999994,0.0,41231.219999999994,606.95,,0.0,606.95,0.0,8157.319999999999,0.0,8157.319999999999,0.0,17818.37,0.0,17818.37,0.0,1225.7700000000002,0.0,1225.7700000000002,0.0,8438.0,0.0,8438.0,,,,,,,,,606.95,76870.69,0.0,77477.64,,,,,,,,,,,,0.0,,,,0.0,,,,,,,,,,,,,,,,0.0,606.95,76870.69,0.0,77477.64,60.72,7687.1,0.0,7747.81,546.2300000000001,69183.58999999998,0.0,69729.81999999999,,694.5152804807693,,694.5152804807693,,36.8,,36.8,,49053.15000000001,,49053.15000000001,,49784.49,,49784.49,,71.95996911984477,,71.39626920017864,0.0,1483.91,0.0,1483.91,546.2300000000001,19314.49,0.0,19860.72,,,,,,,,,,,,,,0.0,0.0,69729.81999999998,0.0,0.0,,0.0,,0.0,,,,,,,,69729.81999999998,0.0
526,TAMILNADU,KANCHEEPURAM,,0.0,1260.6888400928476,0.0,1260.6888400928476,0.0,166794.03999999995,0.0,166794.03999999995,3685.0,170479.03999999995,0.0,17169.22,0.0,17169.22,51.040000000000006,,,51.040000000000006,0.0,17538.02,0.0,17538.02,0.0,5667.410000000001,0.0,5667.410000000001,0.0,695.19,0.0,695.19,0.0,10106.896,0.0,10106.896,,,,,,,,,51.040000000000006,51176.74,0.0,51227.77999999999,,,,,,,,,,,,0.0,,,,0.0,0.0,0.0,0.0,0.0,0.0,0.0,0.0,0.0,0.0,0.0,0.0,0.0,0.0,0.0,0.0,0.0,51.040000000000006,51176.74,0.0,51227.77999999999,5.12,5001.8099999999995,0.0,5006.93,45.92,46174.93000000001,0.0,46220.84999999999,,616.2638552499999,,616.2638552499999,,630.9399999999999,,630.9399999999999,,22771.29,,22771.29,,24018.490000000005,,24018.490000000005,,52.01629975400072,,51.96462202663952,0.0,1045.6,0.0,1045.6,45.92,22091.780000000002,0.0,22137.7,,,,,,,0.0,0.0,0.0,,,,,0.0,0.0,46220.84999999999,0.0,0.0,,0.0,,0.0,,,,,,,,46220.84999999999,0.0
527,TAMILNADU,KANNIYAKUMARI,,0.0,1304.5718220409415,0.0,1304.5718220409415,0.0,113044.99,0.0,113044.99,4772.030000000002,117817.02,0.0,8437.080000000002,0.0,8437.080000000002,11674.94,,,11674.94,10914.599999999999,0.0,0.0,10914.599999999999,0.0,931.1499999999999,0.0,931.1499999999999,0.0,1355.49,0.0,1355.49,0.0,0.0,0.0,0.0,,,,,,,,,22589.54,10723.72,0.0,33313.259999999995,,,,,,,,,,,,0.0,,,,0.0,,,,,,,,,,,,,,,,0.0,22589.54,10723.72,0.0,33313.259999999995,2258.95,1003.0200000000001,0.0,3261.9800000000005,20330.59,9720.699999999999,0.0,30051.29,,1173.363656,,1173.363656,,222.404,,222.404,,3684.1000000000004,,3684.1000000000004,,5079.870000000001,,5079.870000000001,,52.25827358112072,,16.90399979501712,0.0,1207.8200000000002,0.0,1207.8200000000002,20330.59,5071.74,0.0,25402.33,,,,,,,,,,,,,,0.0,0.0,30051.29,0.0,0.0,,0.0,,0.0,,,,,,,,30051.29,0.0
528,TAMILNADU,KARUR,,0.0,648.7941706186324,0.0,648.7941706186324,0.0,283369.52,0.0,283369.52,6187.115,289556.635,0.0,13116.550000000001,0.0,13116.550000000001,6737.95,,,6737.95,0.0,8475.260000000002,0.0,8475.260000000002,0.0,9659.619999999999,0.0,9659.619999999999,0.0,345.71000000000004,0.0,345.71000000000004,0.0,0.0,0.0,0.0,,,,,,,,,6737.95,31597.139999999992,0.0,38335.090000000004,,,,,,,,,,,,0.0,,,,0.0,,,,,,,,,,,,,,,,0.0,6737.95,31597.139999999992,0.0,38335.090000000004,673.8,3068.89,0.0,3742.69,6064.15,28528.25,0.0,34592.4,,419.461509825,,419.461509825,,214.5615409130071,,214.5615409130071,,32482.04,,32482.04,,33116.06,,33116.06,,116.08163837599572,,95.73218394791918,0.0,1088.95,0.0,1088.95,6064.15,3490.79,0.0,9554.939999999999,,,,,,,,,,,,,,0.0,0.0,34592.4,0.0,0.0,,0.0,,0.0,,,,,,,,34592.4,0.0
529,TAMILNADU,KRISHNAGIRI,,0.0,805.5112734236758,0.0,805.5112734236758,0.0,310394.9475,0.0,310394.9475,96804.83750000002,407199.7850000001,0.0,21180.77,0.0,21180.77,99.11999999999999,,,99.11999999999999,0.0,4131.59,0.0,4131.59,0.0,15629.199999999999,0.0,15629.199999999999,0.0,160.84000000000003,0.0,160.84000000000003,0.0,6634.4439999999995,0.0,6634.4439999999995,,,,,,,,,99.11999999999999,47736.84,0.0,47835.96,,,,,,,,,,,,0.0,,,,0.0,,,,,,,,,,,,,,,,0.0,99.11999999999999,47736.84,0.0,47835.96,9.910000000000002,4242.27,0.0,4252.19,89.21,43494.57,0.0,43583.77999999999,,1665.5634221249998,,1665.5634221249998,,1037.33,,1037.33,,39881.189999999995,,39881.189999999995,,42584.06999999999,,42584.06999999999,,97.90663524205434,,97.70623383286167,0.0,2588.2900000000004,0.0,2588.2900000000004,89.21,7672.639999999999,0.0,7761.849999999999,,,,,,,,,,,,,,0.0,0.0,43583.78,0.0,0.0,,0.0,,0.0,,,,,,,,43583.78,0.0
530,TAMILNADU,MADURAI,,0.0,829.4034843346424,0.0,829.4034843346424,0.0,325646.73500000004,0.0,325646.73500000004,36021.25,361667.98500000004,0.0,26025.28,0.0,26025.28,6346.09,,,6346.09,0.0,9708.02,0.0,9708.02,0.0,17427.420000000002,0.0,17427.420000000002,0.0,3276.6299999999983,0.0,3276.6299999999983,0.0,11373.836000000003,0.0,11373.836000000003,,,,,,,,,6346.09,67811.18999999999,0.0,72572.91999999998,,,,,,,,,,,,0.0,,,,0.0,,,,,,,,,,,,,,,,0.0,6346.09,67811.18999999999,0.0,72572.91999999998,476.1900000000001,6266.150000000001,0.0,6742.340000000001,5869.9,61545.04,0.0,67414.94,,2801.8522313000003,,2801.8522313000003,,3969.52,,3969.52,,41770.23433333333,,41770.23433333333,,48541.63000000001,,48541.63000000001,,78.87171736341388,,72.00426196329776,0.0,4247.190000000001,0.0,4247.190000000001,5869.9,13948.65,0.0,19818.55,,,,,,,,,,,,,,0.0,0.0,67414.94,0.0,0.0,,0.0,,0.0,,,,,,,,67414.94,0.0
531,TAMILNADU,NAGAPATTINAM,,0.0,1404.5475140719136,0.0,559.2877744509312,0.0,107704.966,162776.08000000002,270481.04600000003,1101.5,271582.54600000003,0.0,7149.299999999999,0.0,7149.299999999999,116.09000000000005,,0.0,116.09000000000005,0.0,28145.519999999997,0.0,28145.519999999997,0.0,303.19,0.0,303.19,0.0,17.72,0.0,17.72,0.0,336.106,0.0,336.106,,,,,,,,,116.09000000000005,35951.85,0.0,36067.94000000001,,,,,,,,,,,,0.0,,,,0.0,,,,,,,,,,,,,,,,0.0,116.09000000000005,35951.85,0.0,36067.94000000001,11.600000000000003,3595.1800000000003,0.0,3606.7800000000007,104.48999999999998,32356.670000000002,0.0,32461.16,,673.5975399999999,0.0,673.5975399999999,,0.0,0.0,0.0,,43726.7624,0.0,43726.7624,,44400.369999999995,0.0,44400.369999999995,,137.2216918490067,0.0,136.77998568134964,0.0,1566.8600000000001,0.0,1566.8600000000001,104.48999999999998,1517.61,0.0,1622.1,,,,,,,,,,,,,,0.0,0.0,32461.160000000003,0.0,0.0,,0.0,,0.0,,,,,,,,32461.160000000003,0.0
532,TAMILNADU,NAMAKKAL,,0.0,710.4144464223261,0.0,710.4144464223261,0.0,292810.48999999993,0.0,292810.48999999993,1401.3899999999985,294211.87999999995,0.0,25006.090000000004,0.0,25006.090000000004,5950.480000000001,,0.0,5950.480000000001,483.42,5206.310000000001,3578.91,9268.64,0.0,21361.62,0.0,21361.62,0.0,566.35,0.0,566.35,0.0,0.0,0.0,0.0,,,,,,,,,6433.900000000001,52140.37999999998,3578.91,62153.19,,,,,,,,,,,,0.0,,,,0.0,0.0,0.0,0.0,0.0,0.0,0.0,0.0,0.0,0.0,0.0,0.0,0.0,0.0,0.0,0.0,0.0,6433.900000000001,52140.37999999998,3578.91,62153.19,643.38,5149.59,357.89000000000004,6150.86,5790.52,46990.78999999999,3221.0200000000004,56002.33,,3501.9719065000013,,3501.9719065000013,,88.49999999999999,,88.49999999999999,,57716.73000000002,,57716.73000000002,,61307.200000000004,,61307.200000000004,,130.46641692978562,,116.15323681810854,0.0,4212.6100000000015,0.0,4212.6100000000015,5790.52,2085.4900000000002,3221.0200000000004,7876.01,,,,,,,0.0,0.0,0.0,,,,,0.0,0.0,52781.31,3221.0200000000004,0.0,,0.0,,0.0,,,,,,,,52781.31,3221.0200000000004
533,TAMILNADU,PERAMBALUR,,0.0,829.0160385044517,0.0,829.0160385044517,0.0,159453.77000000002,0.0,159453.77000000002,9242.385,168696.15500000003,0.0,9771.849999999999,0.0,9771.849999999999,6923.689999999999,,,6923.689999999999,0.0,1251.76,0.0,1251.76,0.0,7638.21,0.0,7638.21,0.0,99.01000000000002,0.0,99.01000000000002,0.0,0.0,0.0,0.0,,,,,,,,,6923.689999999999,18760.83,0.0,25684.52,,,,,,,,,,,,0.0,,,,0.0,,,,,,,,,,,,,,,,0.0,6923.689999999999,18760.83,0.0,25684.52,692.38,1876.0900000000001,0.0,2568.4700000000003,6231.3099999999995,16884.74,0.0,23116.05,,377.91513510000004,,377.91513510000004,,32.9,,32.9,,25801.199999999997,,25801.199999999997,,26212.01,,26212.01,,155.24082692419304,,113.39311863402268,0.0,775.47,0.0,775.47,6231.3099999999995,1247.02,0.0,7478.33,,,,,,,,,,,,,,0.0,0.0,23116.049999999996,0.0,0.0,,0.0,,0.0,,,,,,,,23116.049999999996,0.0
534,TAMILNADU,PUDUKKOTTAI,,0.0,931.4544862764419,1044.0,935.2129681154287,0.0,428006.895,14787.205,442794.10000000003,7682.095000000001,450476.19500000007,0.0,40293.149999999994,0.0,40293.149999999994,12218.490000000002,,0.0,12218.490000000002,0.0,25867.280000000002,2711.41,28578.69,0.0,10916.369999999999,14.1,10930.47,0.0,6552.689999999999,0.0,6552.689999999999,0.0,0.0,0.0,0.0,,,,,,,,,12218.490000000002,83629.49000000002,2725.53,98573.50999999998,,,,,,,,,,,,0.0,,,,0.0,,,,,,,,,,,,,,,,0.0,12218.490000000002,83629.49000000002,2725.53,98573.50999999998,1221.86,8078.899999999999,272.56,9573.320000000002,10996.630000000003,75550.58999999998,2452.97,89000.18999999997,,945.0947869999999,1.7000000000000002,946.7947869999998,,306.40000000000003,0.0,306.40000000000003,,37447.02,45.6,37492.619999999995,,38698.49,47.3,38745.79,,51.22195604296407,1.9282747037265031,44.71372968421171,0.0,1919.74,0.0,2051.9500000000003,10996.630000000003,35902.420000000006,2407.37,46899.05000000001,,,,,,,,,,,,,,0.0,0.0,86547.21999999999,2452.9700000000003,0.0,,0.0,,0.0,,,,,,,,86547.21999999999,2452.9700000000003
535,TAMILNADU,RAMANATHAPURAM,,0.0,850.8458077323668,0.0,651.9890797384511,0.0,312250.57999999996,95236.45500000002,407487.035,1470.0,408957.035,0.0,29844.54,0.0,29844.54,,,,,0.0,21856.17,6198.0199999999995,28054.19,0.0,1953.93,3.03,1956.9600000000003,0.0,11187.72,0.0,11187.72,0.0,12204.870000000003,0.0,12204.870000000003,,,,,,,,,0.0,77047.25999999998,6201.049999999999,83248.31000000001,,,,,,,,,,,,0.0,,,,0.0,,,,,,,,,,,,,,,,0.0,0.0,77047.25999999998,6201.049999999999,83248.31000000001,0.0,7704.73,620.1000000000001,8324.83,0.0,69342.53,5580.95,74923.48000000001,,249.86326700000006,63.375448000000006,313.23871500000007,,0.0,0.0,0.0,,5582.6434285714295,29.600000000000005,5612.24342857143,,5832.53,92.97999999999998,5925.51,,8.411187189160822,1.6660246015463316,8.411187189160822,0.0,1255.95,0.0,1650.91,0.0,62503.91000000001,5551.35,62503.91000000001,,,,,,,,,,,,,,0.0,0.0,69342.53,5580.95,0.0,,0.0,,0.0,,,,,,,,69342.53,5580.95
536,TAMILNADU,RANIPET,,0.0,1111.9839657160244,0.0,1111.9839657160244,0.0,175095.505,0.0,175095.505,17.0,175112.505,0.0,19024.01,0.0,19024.01,10.959999999999999,,0.0,10.959999999999999,0.0,0.0,0.0,0.0,0.0,6713.68,0.0,6713.68,0.0,310.76000000000005,0.0,310.76000000000005,0.0,2323.112,0.0,2323.112,,,,,,,,,10.959999999999999,28371.550000000003,0.0,28382.51,,,,,,,,,,,,0.0,,,,0.0,,,,,,,,,,,,,,,,0.0,10.959999999999999,28371.550000000003,0.0,28382.51,1.11,2837.1900000000005,0.0,2838.3,9.849999999999998,25534.359999999997,0.0,25544.21,,2210.1567875,,2210.1567875,,943.6500000000001,,943.6500000000001,,20068.699999999997,,20068.699999999997,,23222.5,,23222.5,,90.94608206354106,,90.91101271090396,0.0,2501.55,0.0,2501.55,9.849999999999998,3888.6899999999996,0.0,3898.5399999999995,,,,,,,,,,,,,,280082.58,0.0,305626.79,0.0,0.0,,0.0,,0.0,,,,,,,,305626.79,0.0
537,TAMILNADU,SALEM,,0.0,897.9170472654979,0.0,897.9170472654979,0.0,391534.9649999999,0.0,391534.9649999999,11122.959999999997,402657.92499999993,0.0,25548.21,0.0,25548.21,9748.22,,0.0,9748.22,0.0,2313.0299999999997,0.0,2313.0299999999997,0.0,18131.730000000003,0.0,18131.730000000003,0.0,756.03,0.0,756.03,0.0,3712.1859999999997,0.0,3712.1859999999997,,,,,,,,,9748.22,50461.19,0.0,60209.41000000002,0.0,0.0,0.0,0.0,,,,,0.0,0.0,0.0,0.0,0.0,0.0,0.0,0.0,0.0,0.0,0.0,0.0,0.0,0.0,0.0,0.0,0.0,0.0,0.0,0.0,0.0,0.0,0.0,0.0,9748.22,50461.19,0.0,60209.41000000002,974.8699999999999,5046.139999999998,0.0,6021.019999999999,8773.349999999999,45415.049999999996,0.0,54188.399999999994,,507.83853274999996,,507.83853274999996,,34.199999999999996,,34.199999999999996,,67655.57,,67655.57,,68197.6,,68197.6,,150.1651985410123,,125.85276553653553,0.0,2684.8300000000004,0.0,2684.8300000000004,8773.349999999999,1668.6200000000001,0.0,10441.97,,,,,,,0.0,0.0,0.0,,,,,0.0,0.0,54188.399999999994,0.0,0.0,,0.0,,0.0,,,,,,,,54188.399999999994,0.0
538,TAMILNADU,SIVAGANGAI,,0.0,875.488341039251,0.0,875.488341039251,0.0,403261.5,0.0,403261.5,15638.615000000002,418900.11500000005,0.0,30993.910000000003,0.0,30993.910000000003,1691.49,,,1691.49,0.0,24160.979999999996,0.0,24160.979999999996,0.0,3101.0599999999995,0.0,3101.0599999999995,0.0,7517.829999999999,0.0,7517.829999999999,0.0,0.0,0.0,0.0,,,,,,,,,1691.49,65773.78,0.0,67465.27,,,,,,,,,,,,0.0,,,,0.0,,,,,,,,,,,,,,,,0.0,1691.49,65773.78,0.0,67465.27,169.17000000000002,6137.8,0.0,6306.969999999998,1522.3200000000002,59635.979999999996,0.0,61158.299999999996,,1412.484677125,,1412.484677125,,227.7,,227.7,,15096.269999999999,,15096.269999999999,,16736.460000000003,,16736.460000000003,,28.064366511626044,,27.365803169806885,0.0,7195.800000000001,0.0,7195.800000000001,1522.3200000000002,37116.19999999999,0.0,38638.51999999999,,,,,,,,,,,,,,38920.759999999995,0.0,100079.06000000003,0.0,0.0,,0.0,,0.0,,,,,,,,100079.06000000003,0.0
539,TAMILNADU,TENKASI,,800.7547548745431,782.1069339793356,0.0,785.0267548851325,38243.07000000001,206001.335,0.0,244244.405,43999.42999999999,288243.835,1972.47,11679.490000000002,0.0,13651.960000000005,12171.6,,,12171.6,15806.73,239.24,0.0,16045.97,0.0,8554.640000000001,0.0,8554.640000000001,1005.42,0.0,0.0,1005.42,0.0,3454.0459999999994,0.0,3454.0459999999994,,,,,,,,,30956.219999999998,23927.510000000002,0.0,54883.72999999998,,,,,,,,,,,,0.0,,,,0.0,,,,,,,,,,,,,,,,0.0,30956.219999999998,23927.510000000002,0.0,54883.72999999998,3095.6399999999994,2346.25,0.0,5441.87,27860.58,21581.260000000006,0.0,49441.84,0.0,748.5956849999999,,748.5956849999999,0.0,180.2,,180.2,0.0,38634.62999999999,,38634.62999999999,0.0,39563.44,,39563.44,0.0,183.3231238583845,,80.02016106196696,0.0,2170.55,0.0,2170.55,27860.58,1352.5800000000002,0.0,29213.160000000003,,,,,,,,,,,,,,57540.719999999994,0.0,106982.56,0.0,0.0,,0.0,,0.0,,,,,,,,106982.56,0.0
540,TAMILNADU,THANJAVUR,,0.0,1000.7365021335229,0.0,1000.7365021335229,0.0,336267.81,0.0,336267.81,3390.194999999998,339658.005,0.0,67937.74999999999,0.0,67937.74999999999,4509.329999999999,,,4509.329999999999,0.0,25627.65000000001,0.0,25627.65000000001,0.0,9040.79,0.0,9040.79,,78.78,,78.78,0.0,3309.240000000001,0.0,3309.240000000001,,,,,,,,,4509.329999999999,105994.19999999998,0.0,110503.53,,,,,,,,,,,,0.0,,,,0.0,,,,,,,,,,,,,,,,0.0,4509.329999999999,105994.19999999998,0.0,110503.53,450.9600000000001,10358.560000000001,0.0,10809.529999999997,4058.370000000001,95635.63999999998,0.0,99694.01,,3506.241667000001,,3506.241667000001,,132.60000000000002,,132.60000000000002,,96020.48799999997,,96020.48799999997,,99659.33,,99659.33,,104.2073122530471,,99.96521355696296,0.0,5039.01,0.0,5039.01,4058.370000000001,8688.1,0.0,12746.470000000001,,,,,,,,,,,,,,0.0,0.0,99694.00999999998,0.0,0.0,,0.0,,0.0,,,,,,,,99694.00999999998,0.0
541,TAMILNADU,THE NILGIRIS,,0.0,1261.1775706120739,0.0,1261.1775706120739,0.0,111908.26999999999,0.0,111908.26999999999,142576.71000000002,254484.97999999998,0.0,9807.14,0.0,9807.14,164.35000000000002,,,164.35000000000002,0.0,0.0,0.0,0.0,0.0,220.15,0.0,220.15,0.0,0.0,0.0,0.0,0.0,140.796,0.0,140.796,,,,,,,,,164.35000000000002,10168.09,0.0,10332.439999999999,,,,,,,,,,,,0.0,,,,0.0,,,,,,,,,,,,,,,,0.0,164.35000000000002,10168.09,0.0,10332.439999999999,16.44,1016.81,0.0,1033.25,147.91000000000003,9151.279999999999,0.0,9299.19,,183.05279499999997,,183.05279499999997,,52.4,,52.4,,629.0,,629.0,,864.44,,864.44,,9.446110270912923,,9.29586340315662,0.0,2762.58,0.0,2762.58,147.91000000000003,7197.879999999999,0.0,7345.789999999999,,,,,,,,,,,,,,0.0,0.0,9299.189999999999,0.0,0.0,,0.0,,0.0,,,,,,,,9299.189999999999,0.0
542,TAMILNADU,THENI,,0.0,1295.5741161470407,0.0,1295.5741161470407,0.0,189417.30999999997,0.0,189417.30999999997,68236.81000000001,257654.12000000005,0.0,11459.600000000002,0.0,11459.600000000002,2721.6899999999996,,,2721.6899999999996,0.0,5848.080000000001,0.0,5848.080000000001,0.0,6067.419999999999,0.0,6067.419999999999,0.0,782.5400000000001,0.0,782.5400000000001,0.0,1618.98,0.0,1618.98,,,,,,,,,2721.6899999999996,25776.58,0.0,28498.270000000004,,,,,,,,,,,,0.0,,,,0.0,,,,,,,,,,,,,,,,0.0,2721.6899999999996,25776.58,0.0,28498.270000000004,272.17,2488.4,0.0,2760.5700000000006,2449.5200000000004,23288.18,0.0,25737.7,,663.9460029999998,,663.9460029999998,,90.52100000000002,,90.52100000000002,,18949.602,,18949.602,,19704.059999999998,,19704.059999999998,,84.60970329154101,,76.55719042494084,0.0,876.8399999999998,0.0,876.8399999999998,2449.5200000000004,3855.1600000000003,0.0,6304.68,,,,,,,,,,,,,,0.0,0.0,25737.7,0.0,0.0,,0.0,,0.0,,,,,,,,25737.7,0.0
543,TAMILNADU,THIRUVARUR,,0.0,1201.010707064522,0.0,973.2811239029338,0.0,169945.226,39764.005,209709.23100000003,0.0,209709.23100000003,0.0,9719.630000000003,0.0,9719.630000000003,3541.9700000000003,,0.0,3541.9700000000003,0.0,1074.4099999999999,0.0,1074.4099999999999,0.0,500.15,0.0,500.15,0.0,218.07999999999998,0.0,218.07999999999998,0.0,2115.6120000000005,0.0,2115.6120000000005,,,,,,,,,3541.9700000000003,13627.860000000002,0.0,17169.829999999998,,,,,,,,,,,,0.0,,,,0.0,,,,,,,,,,,,,,,,0.0,3541.9700000000003,13627.860000000002,0.0,17169.829999999998,354.20000000000005,1362.8000000000002,0.0,1717.0000000000002,3187.7700000000004,12265.06,0.0,15452.829999999998,,1981.0804419999995,0.0,1981.0804419999995,,19.95,0.0,19.95,,10459.1,0.0,10459.1,,12460.13,0.0,12460.13,,101.59045287996959,0.0,80.63332088685374,0.0,3867.89,0.0,3867.89,3187.7700000000004,1572.0800000000004,0.0,4759.85,,,,,,,,,,,,,,0.0,0.0,15452.83,0.0,0.0,,0.0,,0.0,,,,,,,,15452.83,0.0
544,TAMILNADU,THOOTHUKUDI,,0.0,672.2591729217457,0.0,672.2591729217457,0.0,459711.75999999995,0.0,459711.75999999995,3890.0699999999997,463601.82999999984,0.0,23791.1,0.0,23791.1,7969.260000000001,,0.0,7969.260000000001,0.0,12229.54,0.0,12229.54,0.0,3628.01,0.0,3628.01,49.63,3546.0299999999997,0.0,3595.66,80.2,9211.754,0.0,9291.954000000002,,,,,,,,,8099.090000000001,52406.48,0.0,60505.56999999999,,,,,,,,,,,,0.0,,,,0.0,,,,,,,,,,,,,,,,0.0,8099.090000000001,52406.48,0.0,60505.56999999999,809.94,5115.36,0.0,5925.319999999999,7289.150000000001,47291.119999999995,0.0,54580.27,,430.7170955000001,,430.7170955000001,,331.5,,331.5,,18782.280000000002,,18782.280000000002,,19544.499999999996,,19544.499999999996,,41.328054822977336,,35.808727219561206,0.0,1501.3400000000001,0.0,1501.3400000000001,7289.150000000001,28100.730000000007,0.0,35389.880000000005,,,,,,,,,,,,,,0.0,0.0,54580.270000000004,0.0,0.0,,0.0,,0.0,,,,,,,,54580.270000000004,0.0
545,TAMILNADU,TIRUCHIRAPPALLI,,0.0,743.2404750548615,0.0,743.2404750548615,0.0,403609.805,0.0,403609.805,17167.470000000005,420777.27499999997,0.0,21502.319999999996,0.0,21502.319999999996,15031.499999999996,,0.0,15031.499999999996,0.0,22536.050000000003,0.0,22536.050000000003,0.0,14319.980000000003,0.0,14319.980000000003,0.0,2872.3499999999995,0.0,2872.3499999999995,0.0,0.0,0.0,0.0,,,,,,,,,15031.499999999996,61230.7,0.0,76262.20000000001,,,,,,,,,,,,0.0,,,,0.0,,,,,,,,,,,,,,,,0.0,15031.499999999996,61230.7,0.0,76262.20000000001,1503.1599999999999,5984.210000000001,0.0,7487.36,13528.34,55246.49000000001,0.0,68774.83,,2796.769954,,2796.769954,,42.980000000000004,,42.980000000000004,,51064.06300000001,,51064.06300000001,,53903.810000000005,,53903.810000000005,,97.56965555639823,,78.37723481104933,0.0,11655.510000000002,0.0,11655.510000000002,13528.34,12680.349999999999,0.0,26208.69,,,,,,,,,,,,,,0.0,0.0,68774.83000000002,0.0,0.0,,0.0,,0.0,,,,,,,,68774.83000000002,0.0
546,TAMILNADU,TIRUNELVELI,,0.0,1686.8051625445462,0.0,1674.1687246642684,2280.27,302107.0299999999,0.0,304387.29999999993,83758.23000000001,388145.52999999997,0.0,36477.29,0.0,36477.29,7907.750000000001,,,7907.750000000001,20544.220000000005,0.0,0.0,20544.220000000005,0.0,10675.43,0.0,10675.43,0.0,516.2900000000002,0.0,516.2900000000002,0.0,3599.424,0.0,3599.424,,,,,,,,,28451.969999999998,51268.43,0.0,79720.4,,,,,,,,,,,,0.0,,,,0.0,,,,,,,,,,,,,,,,0.0,28451.969999999998,51268.43,0.0,79720.4,2845.2400000000002,5022.159999999999,0.0,7867.4,25606.730000000003,46246.26999999999,0.0,71853.00000000001,0.0,706.1538965250002,,706.1538965250002,0.0,32.0,,32.0,0.0,32164.6,,32164.6,0.0,32902.78,,32902.78,0.0,71.1468838459837,,45.79179714138588,0.0,1201.21,0.0,1201.21,25606.730000000003,14358.309999999998,0.0,39965.04,,,,,,,,,,,,,,75749.56000000003,0.0,147602.56,0.0,0.0,,0.0,,0.0,,,,,,,,147602.56,0.0
547,TAMILNADU,TIRUPATHUR,,0.0,839.5909621446436,0.0,839.5909621446436,0.0,120836.665,0.0,120836.665,5300.085,126136.75,0.0,4688.88,0.0,4688.88,503.36,,0.0,503.36,786.48,264.48,0.0,1050.96,0.0,5688.920000000001,0.0,5688.920000000001,0.0,0.0,0.0,0.0,0.0,0.0,0.0,0.0,,,,,,,,,1289.84,10642.280000000002,0.0,11932.119999999999,,,,,,,,,,,,0.0,,,,0.0,,,,,,,,,,,,,,,,0.0,1289.84,10642.280000000002,0.0,11932.119999999999,128.99,1064.23,0.0,1193.22,1160.8500000000004,9578.05,0.0,10738.9,,880.0231855000001,,880.0231855000001,,100.215,,100.215,,14842.73,,14842.73,,15822.99,,15822.99,,165.2005366436801,,147.3427446014024,0.0,1934.81,0.0,1934.81,1160.8500000000004,37.38,0.0,1198.2300000000005,,,,,,,,,,,,,,0.0,0.0,10738.9,0.0,0.0,,0.0,,0.0,,,,,,,,10738.9,0.0
548,TAMILNADU,TIRUPPUR,,0.0,628.1191211739075,0.0,628.1191211739075,0.0,464541.51000000007,0.0,464541.51000000007,1253.7999999999993,465795.31000000006,0.0,20939.920000000006,0.0,20939.920000000006,,,,,0.0,16840.5,0.0,16840.5,0.0,14472.59,0.0,14472.59,0.0,369.86,0.0,369.86,0.0,2231.932,0.0,2231.932,,,,,,,,,0.0,54854.840000000004,0.0,54854.840000000004,,,,,,,,,,,,0.0,,,,0.0,,,,,,,,,,,,,,,,0.0,0.0,54854.840000000004,0.0,54854.840000000004,0.0,5387.379999999998,0.0,5387.379999999998,0.0,49467.46,0.0,49467.46,,544.281598,,544.281598,,573.7199999999998,,573.7199999999998,,41350.3,,41350.3,,42468.20000000001,,42468.20000000001,,85.85077948210807,,85.85077948210807,0.0,3104.6600000000003,0.0,3104.6600000000003,0.0,8315.839999999998,0.0,8315.839999999998,,,,,,,,,,,,,,0.0,0.0,49467.46,0.0,0.0,,0.0,,0.0,,,,,,,,49467.46,0.0
549,TAMILNADU,TIRUVALLUR,,0.0,1169.6409556245635,1301.3,1173.129718723989,0.0,297920.06909999996,8109.31,306029.37909999996,14665.890900000002,320695.27,0.0,53909.16000000001,1705.42,55614.58000000001,346.96000000000004,,,346.96000000000004,0.0,9460.749999999998,6.54,9467.289999999999,0.0,8251.95,98.35,8350.300000000001,0.0,7050.810000000001,1720.05,8770.859999999997,0.0,5823.543999999999,63.85,5887.393999999999,,,,,,,,,346.96000000000004,84496.19999999998,3594.21,88437.37000000001,,,,,,,,,,,,0.0,,,,0.0,,,,,,,,,,,,,,,,0.0,346.96000000000004,84496.19999999998,3594.21,88437.37000000001,34.71,7938.780000000001,359.42,8332.910000000002,312.25000000000006,76557.42,3234.79,80104.46,,1893.9667491249998,45.36521,1939.331959125,,1510.958,1.6,1512.558,,39022.244276666665,504.2400583333333,39526.484335,,42427.170000000006,551.21,42978.38,,55.418756274702055,17.04005515041162,55.19364139328293,0.0,6684.12,0.0,6753.87,312.25000000000006,29932.270000000008,2728.95,30244.520000000008,,,,,,,,,,,,,,0.0,0.0,76869.66999999998,3234.79,0.0,,0.0,,0.0,,,,,,,,76869.66999999998,3234.79
550,TAMILNADU,TIRUVANNAMALAI,,0.0,1064.3541691293246,0.0,1064.3541691293246,0.0,478395.69,0.0,478395.69,1010.2049999999999,479405.89499999996,0.0,28530.060000000005,0.0,28530.060000000005,225.43000000000004,,0.0,225.43000000000004,0.0,12405.0,0.0,12405.0,0.0,42276.850000000006,0.0,42276.850000000006,0.0,23953.00999999999,0.0,23953.00999999999,0.0,19441.313999999995,0.0,19441.313999999995,,,,,,,,,225.43000000000004,126606.2,0.0,126831.63000000005,,,,,,,,,,,,0.0,,,,0.0,,,,,,,,,,,,,,,,0.0,225.43000000000004,126606.2,0.0,126831.63000000005,22.549999999999997,10865.64,0.0,10888.190000000002,202.88,115740.56,0.0,115943.43999999997,,854.9791315000001,,854.9791315000001,,707.0999999999999,,707.0999999999999,,93948.56,,93948.56,,95510.64,,95510.64,,82.52132182529617,,82.37692447282919,0.0,3403.1599999999994,0.0,3403.1599999999994,202.88,20777.909999999996,0.0,20980.789999999997,,,,,,,,,,,,,,2099581.1099999994,0.0,2215524.55,0.0,0.0,,0.0,,0.0,,,,,,,,2215524.55,0.0
551,TAMILNADU,VELLORE,,0.0,885.1438991285769,0.0,885.1438991285768,0.0,133642.31,0.0,133642.31,0.0,133642.31,0.0,11183.370000000003,0.0,11183.370000000003,6.76,,0.0,6.76,159.36,5142.550000000001,0.0,5301.910000000002,0.0,3385.83,0.0,3385.83,0.0,1409.9399999999996,0.0,1409.9399999999996,0.0,25.056,0.0,25.056,,,,,,,,,166.11999999999998,21146.739999999998,0.0,21312.86,,,,,,,,,,,,0.0,,,,0.0,,,,,,,,,,,,,,,,0.0,166.11999999999998,21146.739999999998,0.0,21312.86,16.630000000000006,1897.71,0.0,1914.34,149.49,19249.03,0.0,19398.52,,1226.7287553,,1226.7287553,,324.0,,324.0,,20769.67,,20769.67,,22320.409999999996,,22320.409999999996,,115.95602479709366,,115.06243775298319,0.0,2490.6200000000003,0.0,2490.6200000000003,149.49,1429.73,0.0,1579.22,,,,,,,,,,,,,,0.0,0.0,19398.52,0.0,0.0,,0.0,,0.0,,,,,,,,19398.52,0.0
552,TAMILNADU,VILLUPURAM,,0.0,1060.314388589963,0.0,1046.6398483922492,0.0,372363.735,4865.0,377228.73500000004,1940.6949999999988,379169.43,0.0,42928.630000000005,0.0,42928.630000000005,,,,,0.0,9269.06,0.0,9269.06,0.0,29567.039999999994,0.0,29567.039999999994,0.0,7396.68,0.0,7396.68,0.0,13856.078000000005,0.0,13856.078000000005,,,,,,,,,0.0,103017.48999999999,0.0,103017.48999999999,,,,,,,,,,,,0.0,,,,0.0,,,,,,,,,,,,,,,,0.0,0.0,103017.48999999999,0.0,103017.48999999999,0.0,10189.519999999999,0.0,10189.519999999999,0.0,92827.96999999999,0.0,92827.96999999999,,1493.53558,0.0,1493.53558,,19.93,0.0,19.93,,81582.54000000001,0.0,81582.54000000001,,83096.03,0.0,83096.03,,89.51615552941642,0.0,89.51615552941642,0.0,3327.9900000000007,0.0,3327.9900000000007,0.0,12754.499999999996,0.0,12754.499999999996,,,,,,,,,,,,,,0.0,0.0,92827.96999999999,0.0,0.0,,0.0,,0.0,,,,,,,,92827.96999999999,0.0
553,TAMILNADU,VIRUDHUNAGAR,,0.0,870.764382083777,0.0,870.764382083777,0.0,400189.0400000001,0.0,400189.0400000001,32752.1,432941.14000000013,0.0,22262.980000000003,0.0,22262.980000000003,5279.91,,,5279.91,0.0,12891.340000000004,0.0,12891.340000000004,0.0,11197.989999999996,0.0,11197.989999999996,0.0,3131.6599999999994,0.0,3131.6599999999994,0.0,10272.928000000002,0.0,10272.928000000002,,,,,,,,,5279.91,59756.89,0.0,65036.799999999996,,,,,,,,,,,,0.0,,,,0.0,,,,,,,,,,,,,,,,0.0,5279.91,59756.89,0.0,65036.799999999996,527.9999999999999,5576.509999999999,0.0,6104.510000000002,4751.909999999999,54180.37999999998,0.0,58932.29,,493.12463710000003,,493.12463710000003,,115.48999999999998,,115.48999999999998,,33310.71,,33310.71,,33919.37000000001,,33919.37000000001,,62.60452584496458,,57.55651104004274,0.0,1714.69,0.0,1714.69,4751.909999999999,19937.91,0.0,24689.82,,,,,,,,,,,,,,0.0,0.0,58932.28999999998,0.0,0.0,,0.0,,0.0,,,,,,,,58932.28999999998,0.0
554,TELANGANA,Adilabad,,1216.5824396759983,1204.2242283050234,0.0,1204.7949401822032,17592.5,363356.0,0.0,380948.5,0.0,380948.5,1048.04,24734.729999999992,,25782.769999999993,75.99999999999999,0.0,,75.99999999999999,0.0,0.0,,0.0,0.0,0.0,,0.0,,,,,16195.539999999995,31610.525999999998,,47806.066,,,,,,,,,17319.6,56345.49,,73665.09,,,,,,,,,,,,,,,,,,,,,,,,,,,,,,,,,17319.6,56345.49,,73665.09,1715.0599999999997,5464.85,,7179.91,15604.52,50880.73,0.0,66485.25,127.86417499999999,2705.0498125000004,,2832.9139875,0.0,131.4,,131.4,1021.7,14105.410000000002,,15127.110000000002,1149.55,16941.75,,18091.300000000003,7.366775780350821,33.29698689464558,,27.21099792811188,165.86999999999998,3284.6899999999996,,3450.5599999999995,14435.469999999996,33799.130000000005,,48234.6,,,,,,,,,,,,,,0.0,,66485.18,,,,,,,,,,,,,,66485.18,0.0
555,TELANGANA,Bhadradri Kothagudem,,1329.505622621216,1117.3863712417215,0.0,1144.983495535378,92482.09604644902,618361.2791775564,0.0,710843.3752240054,0.0,710843.3752240054,9898.089999999998,54743.07,,64641.159999999996,1027.3999999999994,0.0,,1027.3999999999994,5287.0199999999995,8521.630000000001,,13808.649999999998,212.18999999999994,3863.6499999999987,,4075.8399999999992,124.75999999999998,1656.6399999999999,,1781.3999999999999,766.7640000000004,7133.000000000001,,7899.764,,,,,,,,,17316.2,75917.95999999998,,93234.15999999999,,,,,,,,,,,,,,,,,,,,,,,,,,,,,,,,,17316.2,75917.95999999998,,93234.15999999999,1534.6599999999999,6530.329999999998,,8064.989999999998,15781.51,69387.56999999999,0.0,85169.08,590.3352,3429.698440000001,,4020.0336400000006,54.00000000000001,2885.4,,2939.4,941.694,19433.275400000006,,20374.969400000005,1586.04,25748.41,,27334.45,10.049988879391135,37.10810163837702,,32.094335174220504,591.3599999999998,3463.18,,4054.539999999999,14194.540000000003,47008.79000000001,,61203.33000000001,,,,,,,,,,,,,,0.0,,85169.16999999998,,,,,,,,,,,,,,85169.16999999998,0.0
556,TELANGANA,Hanumakonda,,970.1376734017059,850.8745120409482,0.0,911.3200938633295,81337.77061122001,79147.0716,0.0,160484.84221122,0.0,160484.84221122,6913.040000000002,6628.959999999999,,13542.000000000004,778.7099999999998,0.0,,778.7099999999998,20500.590000000004,1287.9699999999998,,21788.56,5675.289999999999,3104.42,,8779.709999999997,1532.57,661.4799999999998,,2194.0499999999997,328.056,2051.9440000000004,,2380.0000000000005,,,,,,,,,35728.35,13734.789999999997,,49463.139999999985,,,,,,,,,,,,,,,,,,,,,,,,,,,,,,,,,35728.35,13734.789999999997,,49463.139999999985,3572.98,1136.23,,4709.209999999999,32155.37,12598.52,0.0,44753.89,605.4759999999999,740.12,,1345.596,262.08,1.26,,263.34,14144.85,9549.85,,23694.7,15012.419999999998,10291.230000000001,,25303.649999999998,46.68713188496975,81.68602343767364,,56.539554438731464,605.47,740.12,,1345.59,17361.18,2976.13,,20337.31,,,,,,,,,,,,,,0.0,,44753.93,,,,,,,,,,,,,,44753.93,0.0
557,TELANGANA,Hyderabad,,0.0,771.7805114314573,0.0,771.7805114314573,0.0,21782.0,0.0,21782.0,0.0,21782.0,,1254.8700000000001,,1254.8700000000001,,,,,,,,,,0.0,,0.0,,502.53,,502.53,,10.067999999999998,,10.067999999999998,,5568.6224999999995,,5568.6224999999995,,0.0,,0.0,,7336.070000000001,,7336.070000000001,,,,,,,,,,,,,,,,,,,,,,,,,,,,,,,,,,7336.070000000001,,7336.070000000001,,688.6499999999997,,688.6499999999997,0.0,6647.429999999999,0.0,6647.429999999999,,6380.790986187217,,6380.790986187217,,0.0,,0.0,,0.0,,0.0,,6380.81,,6380.81,,95.98912662487609,,95.98912662487609,,7096.329999999999,,7096.329999999999,,308.53000000000003,,308.53000000000003,,,,,,,,,,,,,,70657.04,,77304.45999999998,,,,,,,,,,,,,,77304.45999999998,0.0
558,TELANGANA,Jagtial,,1039.1775611899463,1007.2336138359143,0.0,1031.466141200883,200687.37999999998,63863.94,0.0,264551.32,0.0,264551.32,14859.52,5261.1,,20120.620000000003,4809.740000000001,0.0,,4809.740000000001,17895.789999999997,2621.6499999999996,,20517.44,5913.54,2382.59,,8296.130000000001,702.79,216.89,,919.6800000000001,27.917999999999996,9.72,,37.638,,,,,,,,,44209.07,10491.93,,54701.0,,,,,,,,,,,,,,,,,,,,,,,,,,,,,,,,,44209.07,10491.93,,54701.0,4336.469999999999,886.1199999999999,,5222.589999999999,39872.6,9605.79,0.0,49478.39,343.5336,145.13112,,488.66472,0.9,0.0,,0.9,14275.08,5903.484,,20178.564000000002,14619.62,6048.6900000000005,,20668.310000000005,36.66583067068614,62.96920919570385,,41.772398010525414,1278.0000000000002,333.16999999999996,,1611.17,24318.51,3369.0899999999997,,27687.6,,,,,,,,,,,,,,0.0,,49478.40999999999,,,,,,,,,,,,,,49478.40999999999,0.0
559,TELANGANA,Jangaon,,810.4951518119491,894.9405183199286,0.0,877.7566724560106,42882.0,167850.0,0.0,210732.0,0.0,210732.0,2876.8,14770.730000000001,,17647.53,79.52000000000001,0.0,,79.52000000000001,4825.959999999999,6607.81,,11433.77,987.3299999999999,4853.75,,5841.080000000001,716.04,2778.56,,3494.6,176.77800000000002,839.7900000000001,,1016.5680000000002,,,,,,,,,9662.39,29850.729999999996,,39513.12,,,,,,,,,,,,,,,,,,,,,,,,,,,,,,,,,9662.39,29850.729999999996,,39513.12,897.4699999999999,2848.3199999999997,,3745.79,8764.94,27002.389999999996,0.0,35767.33,421.67772,2081.394,,2503.0717199999995,54.18000000000001,328.86,,383.04,3208.3050000000003,15273.7625,,18482.0675,3684.19,17684.09,,21368.280000000002,42.03325978272526,65.49083247816213,,59.74245212041268,430.27,2276.92,,2707.1899999999996,5072.15,9422.64,,14494.789999999999,,,,,,,,,,,,,,0.0,,35767.329999999994,,,,,,,,,,,,,,35767.329999999994,0.0
560,TELANGANA,Jayashankar Bhupalapally,,937.0916471703614,1184.6225926835684,0.0,1116.1559293624084,78642.40549900001,205677.40864600003,0.0,284319.814145,0.0,284319.814145,5709.089999999999,16970.38403184896,,22679.474031848964,176.20000000000005,0.0,,176.20000000000005,695.3499999999999,1646.5600000000002,,2341.91,2340.7,1875.6182364758656,,4216.318236475865,9817.359999999999,1403.1999999999998,,11220.56,515.0000000000001,201.69811731947536,,716.6981173194753,,,,,,,,,19253.73,22097.46038564431,,41351.19038564431,,,,,,,,,,,,,,,,,,,,,,,,,,,,,,,,,19253.73,22097.46038564431,,41351.19038564431,1724.8500000000001,1842.1070379368703,,3566.95703793687,17528.87,20255.34,0.0,37784.21,301.23504,303.70896,,604.944,0.0,0.0,,0.0,7229.36,6523.320000000001,,13752.680000000002,7530.66,6827.039999999999,,14357.699999999999,42.96146870847921,33.704889673537934,,37.99920654686177,314.95,317.57956765726607,,632.529567657266,10229.78,13601.39259186908,,23831.17259186908,,,,,,,,,,,,,,0.0,,37784.233347707435,,,,,,,,,,,,,,37784.233347707435,0.0
561,TELANGANA,Jogulamba Gadwal,,536.0692173931404,530.9785235712491,0.0,534.2747727935249,168590.14,91778.75999999998,0.0,260368.90000000002,0.0,260368.90000000002,7080.33,4274.29,,11354.619999999999,4400.93,0.0,,4400.93,23776.940000000002,0.0,,23776.940000000002,2379.0,1222.29,,3601.29,332.52,607.8600000000001,,940.38,402.512,942.7779999999999,,1345.29,,,,,,,,,38372.299999999996,7047.19,,45419.490000000005,,,,,,,,,,,,,,,,,,,,,,,,,,,,,,,,,38372.299999999996,7047.19,,45419.490000000005,3792.97,653.35,,4446.32,34579.38,6393.83,0.0,40973.21,129.83372,80.38783999999998,,210.22156000000004,60.83999999999999,14.94,,75.78,6525.48,3782.0675,,10307.5475,6716.089999999999,3877.35,,10593.440000000002,19.422239496486053,60.642056482577736,,25.854552279404036,391.84,339.7600000000001,,731.5999999999999,27601.210000000003,2277.23,,29878.440000000002,,,,,,,,,,,,,,0.0,,40973.17,,,,,,,,,,,,,,40973.17,0.0
562,TELANGANA,Kamareddy,,1107.163209329852,1028.406235906835,0.0,1035.3798391984988,30836.240659651943,317415.428459694,0.0,348251.66911934596,0.0,348251.66911934596,2792.1799999999985,31338.78,,34130.95999999999,142.01999999999995,0.0,,142.01999999999995,9068.829999999998,9282.64,,18351.47,1529.1299999999999,8915.25,,10444.380000000001,289.7299999999999,1850.4599999999996,,2140.1899999999996,195.28799999999995,3119.073999999999,,3314.3619999999996,,,,,,,,,14017.129999999994,54506.05999999999,,68523.19,,,,,,,,,,,,,,,,,,,,,,,,,,,,,,,,,14017.129999999994,54506.05999999999,,68523.19,1398.1299999999994,5082.899999999998,,6481.029999999997,12618.990000000002,49423.05000000001,0.0,62042.04000000001,570.8376000000001,1456.2763300000004,,2027.1139300000002,20.16,134.22,,154.38,3507.6575,27726.380500000003,,31234.038000000004,4098.63,29316.89,,33415.520000000004,32.47985773821835,59.31825332511853,,53.859479797891886,578.9799999999997,2054.58,,2633.5599999999995,8512.229999999996,19646.449999999997,,28158.679999999993,,,,,,,,,,,,,,0.0,,62042.15999999999,,,,,,,,,,,,,,62042.15999999999,0.0
563,TELANGANA,Karimnagar,,886.8228320563921,902.5606421943178,0.0,894.0338203554571,111988.95999999999,94707.16,0.0,206696.12,0.0,206696.12,8564.339999999998,8344.480000000001,,16908.82,357.08,0.0,,357.08,48992.4,4324.320000000001,,53316.719999999994,5713.64,4813.4800000000005,,10527.12,2938.2,2867.69,,5805.890000000001,77.20800000000001,95.856,,173.06400000000002,,,,,,,,,66642.89000000001,20445.86,,87088.75000000001,,,,,,,,,,,,,,,,,,,,,,,,,,,,,,,,,66642.89000000001,20445.86,,87088.75000000001,6655.779999999998,1781.72,,8437.499999999998,59987.08,18664.16,0.0,78651.23999999999,535.86,378.35999999999996,,914.2199999999999,27.0,160.56,,187.56000000000003,13625.28,11490.03,,25115.309999999998,14188.17,12028.989999999998,,26217.160000000003,23.652043073275113,64.44967252745367,,33.33343504819506,574.9899999999999,484.11,,1059.1,45759.80999999999,6739.780000000001,,52499.58999999999,,,,,,,,,,,,,,0.0,,78651.25,,,,,,,,,,,,,,78651.25,0.0
564,TELANGANA,Khammam,,1030.1552414676407,1043.2000315009434,0.0,1035.856844893908,241019.52479999998,187139.1566,0.0,428158.6814,0.0,428158.6814,21217.48,15372.73,,36590.21,2345.3700000000003,0.0,,2345.3700000000003,65325.369999999995,5844.910000000001,,71170.28000000001,6287.46,6107.8,,12395.26,1673.9700000000003,1279.45,,2953.420000000001,303.37199999999996,486.664,,790.0360000000002,,,,,,,,,97153.00000000001,29091.52,,126244.52000000002,,,,,,,,,,,,,,,,,,,,,,,,,,,,,,,,,97153.00000000001,29091.52,,126244.52000000002,9557.210000000003,2648.2700000000004,,12205.480000000003,87595.78999999998,26443.260000000002,0.0,114039.05000000002,1936.8172799999998,1958.94516,,3895.7624399999995,39.24639523128718,12.599999999999998,,51.846395231287175,18186.190000000002,17599.32,,35785.51,20162.21,19570.84,,39733.05,23.01732765924025,74.01069308398435,,34.84161784932442,2104.9,2193.2000000000003,,4298.1,67330.39000000001,7821.65,,75152.04000000001,,,,,,,,,,,,,,0.0,,114039.04000000001,,,,,,,,,,,,,,114039.04000000001,0.0
565,TELANGANA,Komarambheem Asifabad,,1157.3099229728798,1192.745283761664,0.0,1184.5411423612584,87242.0,289574.0,0.0,376816.0,0.0,376816.0,8835.713214148527,24816.643529411762,,33652.35674356029,4192.28711459667,0.0,,4192.28711459667,2437.097503521127,3800.679999999999,,6237.777503521125,810.3612272727273,878.85,,1689.2112272727275,285.6098729193342,2512.3800000000006,,2797.989872919334,910.3399999999999,5543.828000000001,,6454.168000000001,,,,,,,,,17471.42893245839,37552.25352941176,,55023.68246187016,,,,,,,,,,,,,,,,,,,,,,,,,,,,,,,,,17471.42893245839,37552.25352941176,,55023.68246187016,1603.90130921895,3106.06294117647,,4709.96425039542,15867.51,34446.16,0.0,50313.670000000006,502.50867000000005,1203.08794,,1705.5966099999998,10.410000000000002,1.6800000000000002,,12.090000000000002,2649.13,3071.6099999999997,,5720.74,3161.9900000000007,4276.36,,7438.35,19.92744923431591,12.414620381488094,,14.783954340838184,572.7405272087067,1404.7947058823534,,1977.5352330910598,12643.23621574904,30073.065882352945,,42716.30209810199,,,,,,,,,,,,,,0.0,,50313.71821147473,,,,,,,,,,,,,,50313.71821147473,0.0
566,TELANGANA,Mahabubabad,,982.7766431559976,1158.6856619894695,0.0,1054.988703647164,197161.15724327284,137298.27413415303,0.0,334459.43137742596,0.0,334459.43137742596,17218.36,14444.45,,31662.809999999998,729.72,0.0,,729.72,12411.0,0.0,,12411.0,8530.249999999998,1558.06,,10088.309999999998,2446.13,1336.6100000000001,,3782.74,2874.096,1212.2120000000002,,4086.3080000000004,,,,,,,,,44209.549999999996,18551.310000000005,,62760.86,,,,,,,,,,,,,,,,,,,,,,,,,,,,,,,,,44209.549999999996,18551.310000000005,,62760.86,4421.08,1855.0299999999997,,6276.110000000001,39788.47000000001,16696.28,0.0,56484.75000000001,953.5234999999998,401.8142399999999,,1355.33774,642.7080000000001,251.93600000000004,,894.6440000000001,21784.142,4664.445,,26448.587,23380.320000000003,5318.24,,28698.56,58.761545744282195,31.852843867017082,,50.80762506694284,1210.88,507.1300000000001,,1718.01,16407.829999999998,11273.06,,27680.89,,,,,,,,,,,,,,0.0,,56484.75,,,,,,,,,,,,,,56484.75,0.0
567,TELANGANA,Mahabubnagar,,0.0,626.5306523324757,0.0,626.5306523324757,0.0,254263.42661270744,0.0,254263.42661270744,0.0,254263.42661270744,,15838.899999999996,,15838.899999999996,,,,,,,,,,6897.349999999998,,6897.349999999998,,729.27,,729.27,,7960.077999999999,,7960.077999999999,,,,,,,,,,31425.61999999998,,31425.61999999998,,,,,,,,,,,,,,,,,,,,,,,,,,,,,,,,,,31425.61999999998,,31425.61999999998,,2980.099999999999,,2980.099999999999,0.0,28445.49,0.0,28445.49,,193.44,,193.44,,59.76,,59.76,,18789.8984,,18789.8984,,19043.190000000002,,19043.190000000002,,66.9462540458962,,66.9462540458962,,1747.819999999999,,1747.819999999999,,9065.339999999997,,9065.339999999997,,,,,,,,,,,,,,0.0,,28445.519999999993,,,,,,,,,,,,,,28445.519999999993,0.0
568,TELANGANA,Mancherial,,1030.4043008703468,1022.6992422772497,0.0,1024.622060894495,99403.136,298922.0,0.0,398325.136,0.0,398325.136,6942.070000000001,26749.309999999998,,33691.38,2303.4299999999994,0.0,,2303.4299999999994,18041.17,0.0,,18041.17,2357.35,14367.22,,16724.57,451.03999999999996,9056.819999999998,,9507.86,3856.9599999999996,4524.24,,8381.2,,,,,,,,,33952.04,54697.590000000004,,88649.63,,,,,,,,,,,,,,,,,,,,,,,,,,,,,,,,,33952.04,54697.590000000004,,88649.63,3298.659999999999,5254.82,,8553.479999999998,30653.370000000003,49442.72,0.0,80096.09,743.62,1351.6500000000003,,2095.2700000000004,193.32,1433.52,,1626.8400000000001,5656.9000000000015,11362.140000000003,,17019.04,6593.84,14147.310000000001,,20741.15,21.510979053852804,28.613535015872916,,25.895333966988904,743.62,1351.6500000000003,,2095.27,24085.84000000001,35649.69,,59735.53000000001,,,,,,,,,,,,,,0.0,,80096.15,,,,,,,,,,,,,,80096.15,0.0
569,TELANGANA,Medak,,835.2768144412806,914.7704848989082,0.0,909.3411714490943,17414.245000000003,237557.634243,0.0,254971.879243,0.0,254971.879243,1288.2800000000002,21819.460000000003,,23107.74,67.69,0.0,,67.69,1282.48,0.0,,1282.48,397.7799999999999,5212.3200000000015,,5610.1,787.75,10895.64,,11683.390000000001,280.73999999999995,9470.594000000003,,9751.334000000003,,,,,,,,,4104.73,47398.11,,51502.84,,,,,,,,,,,,,,,,,,,,,,,,,,,,,,,,,4104.73,47398.11,,51502.84,357.19000000000005,4694.23,,5051.42,3747.5300000000007,42703.87000000001,0.0,46451.4,33.876,646.2840000000001,,680.1600000000001,0.8639999999999999,124.34400000000001,,125.208,1198.8,20958.285000000007,,22157.085000000006,1233.48,21728.610000000004,,22962.09,32.9144796706097,50.882062913735915,,49.43250364897506,88.97,1289.12,,1378.0899999999997,2458.9799999999996,20786.41,,23245.39,,,,,,,,,,,,,,0.0,,46451.42,,,,,,,,,,,,,,46451.42,0.0
570,TELANGANA,Medchal Malkajgiri,,0.0,910.67903818262,0.0,910.67903818262,0.0,103806.889,0.0,103806.889,0.0,103806.889,,6418.860000000001,,6418.860000000001,,,,,,1529.78,,1529.78,,1095.58,,1095.58,,1017.4899999999998,,1017.4899999999998,,688.784,,688.784,,,,,,,,,,10750.529999999999,,10750.529999999999,,,,,,,,,,,,,,,,,,,,,,,,,,,,,,,,,,10750.529999999999,,10750.529999999999,,1002.8399999999999,,1002.8399999999999,0.0,9747.669999999998,0.0,9747.669999999998,,1252.9968840000004,,1252.9968840000004,,1296.7059999999997,,1296.7059999999997,,3005.5419999999995,,3005.5419999999995,,5555.33,,5555.33,,56.99136306419894,,56.99136306419894,,4300.049999999999,,4300.049999999999,,4494.609999999999,,4494.609999999999,,,,,,,,,,,,,,211540.69,,221288.38000000003,,,,,,,,,,,,,,221288.38000000003,0.0
571,TELANGANA,Mulug,,1226.1757679923694,1350.6929543930862,0.0,1327.2397833083064,53441.530068,230289.35378399998,0.0,283730.883852,0.0,283730.883852,5167.71,25598.61,,30766.319999999996,329.76,0.0,,329.76,8572.66,0.0,,8572.66,1727.59,2775.45,,4503.04,490.4,899.3900000000001,,1389.79,590.278,1925.0180000000003,,2515.296,,,,,,,,,16878.41,31198.479999999996,,48076.89,,,,,,,,,,,,,,,,,,,,,,,,,,,,,,,,,16878.41,31198.479999999996,,48076.89,1485.39,2871.92,,4357.3099999999995,15393.01,28326.619999999995,0.0,43719.63,133.21320963399998,384.42455999999993,,517.6377696339999,0.0,0.0,,0.0,4171.706,7876.676000000001,,12048.382,4304.929999999999,8261.130000000001,,12566.059999999998,27.96678492380632,29.163839526212453,,28.742374992652035,155.35000000000002,419.14000000000004,,574.4899999999999,11065.979999999998,20468.25,,31534.229999999996,,,,,,,,,,,,,,0.0,,43719.58,,,,,,,,,,,,,,43719.58,0.0
572,TELANGANA,Nagarkurnool,,625.264199070416,686.8854713741774,0.0,667.1936798414811,197254.2901270041,420011.0462858374,0.0,617265.3364128416,0.0,617265.3364128416,11159.65,23675.34,,34834.990000000005,15224.920000000002,0.0,,15224.920000000002,2629.56,1529.24,,4158.799999999999,5479.25,5142.110000000001,,10621.36,4858.1900000000005,4251.2699999999995,,9109.460000000001,3168.4,2758.3999999999996,,5926.8,,,,,,,,,42519.99,37356.35,,79876.34,,,,,,,,,,,,,,,,,,,,,,,,,,,,,,,,,42519.99,37356.35,,79876.34,4052.8899999999994,3474.47,,7527.36,38467.100000000006,33881.909999999996,0.0,72349.01,415.16615924999996,470.56799512499987,,885.7341543750002,87.51,32.14000000000001,,119.65000000000002,16265.560000000001,16571.433999999997,,32836.994,16768.260000000002,17074.22,,33842.48,43.591172716425206,50.39332198214328,,46.77670088367485,894.06,851.79,,1745.8500000000004,21539.160000000003,17673.339999999997,,39212.5,,,,,,,,,,,,,,134409.85,,206758.83000000002,,,,,,,,,,,,,,206758.83000000002,0.0
573,TELANGANA,Nalgonda,,715.4840927850877,678.0921057757052,0.0,696.4131834198273,345271.0,359402.0,0.0,704673.0,0.0,704673.0,20457.550000000003,22499.13,,42956.68000000001,3221.2699999999995,0.0,,3221.2699999999995,65376.310000000005,5698.119999999999,,71074.43000000001,10574.539999999999,8260.440000000002,,18834.98,598.1599999999999,563.0299999999999,,1161.1899999999998,2100.848,3298.0159999999996,,5398.8640000000005,,,,,,,,,102328.81999999999,40318.900000000016,,142647.72,,,,,,,,,,,,,,,,,,,,,,,,,,,,,,,,,102328.81999999999,40318.900000000016,,142647.72,9838.820000000002,3834.7300000000005,,13673.550000000001,92490.04000000001,36484.14,0.0,128974.18,4103.71884,1652.8702799999996,,5756.589119999999,1366.5600000000004,2399.9,,3766.4600000000005,26229.600000000002,20854.360000000008,,47083.96,31699.91,24907.159999999996,,56607.06999999999,34.27386343437628,68.26845856857253,,43.890234463983404,181814.80999999997,126211.11,,308025.92,61121.29000000001,12612.900000000001,,73734.19,,,,,,,,,,,,,,323196.87,,452171.03,,,,,,,,,,,,,,452171.03,0.0
574,TELANGANA,Narayanpet,,534.5313117175855,566.1184363157917,0.0,556.0815438308069,74243.26467017403,159407.86342776206,0.0,233651.12809793607,0.0,233651.12809793607,3330.67,8100.420000000003,,11431.090000000004,229.13000000000005,0.0,,229.13000000000005,11888.250000000002,0.0,,11888.250000000002,1544.9200000000003,2660.52,,4205.4400000000005,435.2699999999999,1515.0300000000004,,1950.3000000000006,81.242,1242.8739999999996,,1324.1159999999998,,,,,,,,,17509.480000000003,13518.839999999998,,31028.32000000001,,,,,,,,,,,,,,,,,,,,,,,,,,,,,,,,,17509.480000000003,13518.839999999998,,31028.32000000001,1716.8000000000002,949.3600000000001,,2666.16,15792.680000000002,12569.439999999997,0.0,28362.120000000003,0.0,127.62599999999998,,127.62599999999998,118.80000000000001,261.27,,380.07,3943.26,7538.526,,11481.786,4062.0599999999995,7927.400000000001,,11989.46,25.72115689040745,63.068839980142336,,42.272792019778485,233.04,357.3100000000001,,590.3500000000001,11559.16,4516.710000000001,,16075.87,,,,,,,,,,,,,,0.0,,28362.160000000007,,,,,,,,,,,,,,28362.160000000007,0.0
575,TELANGANA,Nirmal,,1158.7362389169564,1112.1320622166409,0.0,1120.9587497758525,61826.202,264611.006,0.0,326437.20800000004,0.0,326437.20800000004,5598.379999999999,23851.899999999994,,29450.28,637.5399999999998,0.0,,637.5399999999998,8297.079999999998,5022.759999999998,,13319.839999999997,1472.08,3288.82,,4760.9,476.12999999999994,1643.1299999999997,,2119.2599999999993,484.6139999999999,3747.1619999999994,,4231.775999999999,,,,,,,,,16965.93,37553.7,,54519.630000000005,,,,,,,,,,,,,,,,,,,,,,,,,,,,,,,,,16965.93,37553.7,,54519.630000000005,1667.11,3566.8999999999996,,5234.009999999999,15298.83,33986.75,0.0,49285.58,410.01107999999994,1433.1499200000003,,1843.161,0.0,0.0,,0.0,3866.4599999999996,12211.710000000003,,16078.170000000004,4276.469999999999,13644.91,,17921.38,27.95292189010532,40.147734043413976,,36.36231936400059,423.09,1596.4,,2019.4899999999998,11009.28,20239.019999999997,,31248.299999999996,,,,,,,,,,,,,,0.0,,49285.61999999999,,,,,,,,,,,,,,49285.61999999999,0.0
576,TELANGANA,Nizamabad,,1042.0151071902553,1034.6223343511028,0.0,1038.66833840919,226026.61000000002,186964.42,0.0,412991.03,0.0,412991.03,22360.649999999998,17260.669999999995,,39621.32000000001,459.07000000000005,0.0,,459.07000000000005,31363.249999999996,0.0,,31363.249999999996,11948.109999999999,6433.110000000001,,18381.219999999998,3986.5899999999992,2151.38,,6137.97,713.834,397.02000000000004,,1110.854,,,,,,,,,70831.66,26242.120000000003,,97073.77999999998,,,,,,,,,,,,,,,,,,,,,,,,,,,,,,,,,70831.66,26242.120000000003,,97073.77999999998,6490.509999999999,2179.6200000000003,,8670.13,64341.15,24062.499999999996,0.0,88403.65,1820.9721600000003,1092.0470399999997,,2913.0191999999997,118.71999999999997,32.96000000000001,,151.68,31594.58,17545.62,,49140.2,33534.259999999995,18670.660000000003,,52204.919999999984,52.11946009668772,77.59235324675328,,59.052901096278255,2314.2699999999995,1202.31,,3516.58,32288.32,6884.440000000001,,39172.76,,,,,,,,,,,,,,366536.82999999996,,454940.48000000004,,,,,,,,,,,,,,454940.48000000004,0.0
577,TELANGANA,Peddapalle,,990.2976599962914,1080.2841760860647,0.0,1027.0351694575586,116116.91,80111.28,0.0,196228.19,0.0,196228.19,10262.06,7012.0,,17274.06,1162.0800000000002,0.0,,1162.0800000000002,37880.83999999999,4754.0599999999995,,42634.899999999994,4714.07,2159.73,,6873.8,708.9099999999999,460.04,,1168.95,2015.4840000000002,1069.0700000000002,,3084.5540000000005,,,,,,,,,56743.44999999998,15454.890000000001,,72198.33999999998,,,,,,,,,,,,,,,,,,,,,,,,,,,,,,,,,56743.44999999998,15454.890000000001,,72198.33999999998,5669.57,1429.8799999999997,,7099.450000000001,51073.89,14025.029999999997,0.0,65098.92000000001,939.12076,286.97596,,1226.0967199999998,302.4,14.399999999999999,,316.8,12324.29,5221.134999999999,,17545.425,13565.780000000002,5522.540000000001,,19088.32,26.561086300651866,39.376315059575646,,29.322022546610597,1059.1999999999998,756.7200000000001,,1815.92,37388.07,8046.72,,45434.79,,,,,,,,,,,,,,0.0,,65098.89,,,,,,,,,,,,,,65098.89,0.0
578,TELANGANA,Rajanna Siricilla,,0.0,907.9594250303643,0.0,907.9594250303643,0.0,173139.23,0.0,173139.23,0.0,173139.23,,15257.58,,15257.58,,,,,,10040.04,,10040.04,,12016.789999999997,,12016.789999999997,,6118.43,,6118.43,,2377.424,,2377.424,,,,,,,,,,45810.27,,45810.27,,,,,,,,,,,,,,,,,,,,,,,,,,,,,,,,,,45810.27,,45810.27,,4181.490000000001,,4181.490000000001,0.0,41628.770000000004,0.0,41628.770000000004,,57.790935,,57.790935,,142.55999999999997,,142.55999999999997,,26874.734000000008,,26874.734000000008,,27075.110000000004,,27075.110000000004,,65.03941865205242,,65.03941865205242,,226.57999999999996,,226.57999999999996,,14419.019999999999,,14419.019999999999,,,,,,,,,,,,,,0.0,,41628.78,,,,,,,,,,,,,,41628.78,0.0
579,TELANGANA,Rangareddy,,0.0,690.2410306514314,0.0,690.2410306514314,0.0,482697.84585594415,0.0,482697.84585594415,0.0,482697.84585594415,,31812.660000000007,,31812.660000000007,,,,,,0.0,,0.0,,10068.7,,10068.7,,18471.219999999998,,18471.219999999998,,4050.0420000000004,,4050.0420000000004,,,,,,,,,,64402.81000000001,,64402.81000000001,,,,,,,,,,,,,,,,,,,,,,,,,,,,,,,,,,64402.81000000001,,64402.81000000001,,6023.26,,6023.26,0.0,58379.54,0.0,58379.54,,3253.0146200000004,,3253.0146200000004,,72.04339999999998,,72.04339999999998,,31825.784196150547,,31825.784196150547,,35151.89,,35151.89,,60.21268752717134,,60.21268752717134,,5005.210000000001,,5005.210000000001,,23417.950000000004,,23417.950000000004,,,,,,,,,,,,,,501817.29000000004,,560196.8399999999,,,,,,,,,,,,,,560196.8399999999,0.0
580,TELANGANA,Sangareddy,,873.1,888.0133558125002,0.0,887.832861823545,4977.0,406248.727286,0.0,411225.727286,0.0,411225.727286,428.96000000000004,34295.030000000006,,34723.990000000005,50.839999999999996,0.0,,50.839999999999996,376.23,0.0,,376.23,66.15,4273.900000000001,,4340.05,0.0,1801.9199999999998,,1801.9199999999998,387.0,3370.13,,3757.129999999999,,,,,,,,,1309.17,43740.979999999996,,45050.15,,,,,,,,,,,,,,,,,,,,,,,,,,,,,,,,,1309.17,43740.979999999996,,45050.15,125.49000000000001,4236.53,,4362.0199999999995,1183.6699999999998,39504.509999999995,0.0,40688.17999999999,7.27904,2113.04236,,2120.3214,0.0,445.86000000000007,,445.86000000000007,154.88,15629.58,,15784.46,162.16000000000003,18188.519999999993,,18350.679999999993,13.699764292412587,46.041629170947814,,45.10076390735588,21.12,2768.5099999999998,,2789.63,1007.6799999999998,21611.760000000002,,22619.440000000002,,,,,,,,,,,,,,0.0,,40688.13,,,,,,,,,,,,,,40688.13,0.0
581,TELANGANA,Siddipet,,0.0,777.5973038210639,0.0,777.5973038210639,0.0,339370.2819863001,0.0,339370.2819863001,0.0,339370.2819863001,,25002.668725054922,,25002.668725054922,,,,,,0.0,,0.0,,15546.58370101107,,15546.58370101107,,6986.955770013072,,6986.955770013072,,14901.26248919993,,14901.26248919993,,,,,,,,,,62437.64268527899,,62437.64268527899,,,,,,,,,,,,,,,,,,,,,,,,,,,,,,,,,,62437.64268527899,,62437.64268527899,,5690.422824866971,,5690.422824866971,0.0,56747.22,0.0,56747.22,,1733.77116,,1733.77116,,52.272000000000006,,52.272000000000006,,37494.2355,,37494.2355,,39280.47,,39280.47,,69.2200780936934,,69.2200780936934,,1974.0182004803803,,1974.0182004803803,,17589.731851054385,,17589.731851054385,,,,,,,,,,,,,,75885.14523705072,,132632.36509746272,,,,,,,,,,,,,,132632.36509746272,0.0
582,TELANGANA,Suryapet,,651.9568593789312,675.8796813323904,0.0,663.4917378794179,186807.0,173943.0,0.0,360750.0,0.0,360750.0,10117.329999999998,11363.21,,21480.54,23576.260000000002,0.0,,23576.260000000002,81848.20999999999,0.0,,81848.20999999999,4996.220000000001,4753.199999999999,,9749.42,2812.2700000000004,2139.040000000001,,4951.310000000001,0.0,3236.81,,3236.81,,,,,,,,,123350.24000000002,21492.279999999995,,144842.52000000005,,,,,,,,,,,,,,,,,,,,,,,,,,,,,,,,,123350.24000000002,21492.279999999995,,144842.52000000005,12335.080000000002,2079.7099999999996,,14414.79,111015.19,19412.56,0.0,130427.75,1045.2183440000001,890.090664,,1935.3090079999997,39.84,0.0,,39.84,11290.394,11499.024,,22789.418,12375.449999999997,12389.150000000003,,24764.599999999995,11.147528549921859,63.820279241892884,,18.987217060786524,1274.53,991.8,,2266.3299999999995,98410.38,7237.869999999998,,105648.25,,,,,,,,,,,,,,271051.61,,401479.35,,,,,,,,,,,,,,401479.35,0.0
583,TELANGANA,Vikarabad,,0.0,854.8635541249245,0.0,854.8635541249245,0.0,365456.07500000007,0.0,365456.07500000007,0.0,365456.07500000007,,24549.91,,24549.91,,,,,,0.0,,0.0,,4881.619999999998,,4881.619999999998,,3378.9300000000003,,3378.9300000000003,,20643.802000000003,,20643.802000000003,,,,,,,,,,53454.280000000006,,53454.280000000006,,,,,,,,,,,,,,,,,,,,,,,,,,,,,,,,,,53454.280000000006,,53454.280000000006,,5345.66,,5345.66,0.0,48108.68,0.0,48108.68,,452.29999999999995,,452.29999999999995,,8.4,,8.4,,17467.58,,17467.58,,17928.39,,17928.39,,37.26643507990658,,37.26643507990658,,1683.5,,1683.5,,29800.63,,29800.63,,,,,,,,,,,,,,133132.66,,181241.28000000006,,,,,,,,,,,,,,181241.28000000006,0.0
584,TELANGANA,Wanaparthy,,579.2561017840646,586.4240792240283,0.0,583.8447667821811,74907.6,133262.6,0.0,208170.2,0.0,208170.2,3841.169999999999,6880.720000000001,,10721.89,911.2500000000005,0.0,,911.2500000000005,9306.41,26227.529999999995,,35533.939999999995,2990.02,7101.869999999999,,10091.890000000001,58.23999999999999,724.2200000000001,,782.4600000000002,0.0,0.0,,0.0,,,,,,,,,17138.129999999997,40934.34,,58072.469999999994,,,,,,,,,,,,,,,,,,,,,,,,,,,,,,,,,17138.129999999997,40934.34,,58072.469999999994,1670.3299999999997,4093.52,,5763.8499999999985,15467.800000000003,36840.73,0.0,52308.530000000006,73.40582500000001,159.32070875000002,,232.72653375,1.7399999999999998,5.960000000000001,,7.7,6335.08,14405.719999999998,,20740.8,6410.219999999999,14570.98,,20981.2,41.442351207023606,39.55127924989542,,40.110475289594255,339.65000000000003,833.4599999999999,,1173.1100000000001,8791.35,21704.35,,30495.699999999997,,,,,,,,,,,,,,0.0,,52308.619999999995,,,,,,,,,,,,,,52308.619999999995,0.0
585,TELANGANA,Warangal,,991.3721867386579,904.245464345179,0.0,981.653207602405,152224.76419654957,19112.6784607448,0.0,171337.4426572944,0.0,171337.4426572944,11651.709999999997,1670.8000000000004,,13322.509999999998,1083.86,0.0,,1083.86,23829.289999999997,775.4800000000001,,24604.769999999997,8023.780000000001,514.4300000000001,,8538.210000000001,2596.44,264.1,,2860.5399999999995,1443.9719999999998,23.625999999999998,,1467.5979999999997,,,,,,,,,48629.05000000001,3248.4200000000005,,51877.47000000001,,,,,,,,,,,,,,,,,,,,,,,,,,,,,,,,,48629.05000000001,3248.4200000000005,,51877.47000000001,4767.949999999999,275.36,,5043.3099999999995,43861.090000000004,2973.0699999999997,0.0,46834.16,777.3905699999999,108.02969999999999,,885.4202699999998,273.24,49.32,,322.55999999999995,22595.818,2233.14,,24828.958,23646.48,2390.46,,26036.940000000002,53.912203276297966,80.40375773190675,,55.593908377987354,847.4,563.4100000000001,,1410.8100000000002,20291.14,660.9000000000001,,20952.04,,,,,,,,,,,,,,0.0,,46834.15999999999,,,,,,,,,,,,,,46834.15999999999,0.0
586,TELANGANA,Yadadri Bhuvanagiri,,729.7828453788436,748.8313848358888,0.0,746.3676722265484,44485.873048506044,299462.8914433179,0.0,343948.76449182385,0.0,343948.76449182385,2884.6399999999994,22002.920000000002,,24887.56,6993.979999999999,0.0,,6993.979999999999,4988.619999999998,5687.730000000001,,10676.349999999999,1514.8700000000001,13216.429999999998,,14731.3,846.5099999999996,5000.450000000001,,5846.960000000001,0.0,25995.796,,25995.796,,,,,,,,,17228.629999999997,71903.38,,89132.00999999998,,,,,,,,,,,,,,,,,,,,,,,,,,,,,,,,,17228.629999999997,71903.38,,89132.00999999998,1699.8099999999995,7003.7300000000005,,8703.54,15528.810000000001,64899.66,0.0,80428.46999999999,275.12811999999997,2960.23752,,3235.36564,204.60000000000002,1208.182,,1412.7820000000002,3543.38,31023.279499999997,,34566.6595,4023.1000000000004,35191.67,,39214.77,25.907329666600337,54.22473707874587,,48.75732436536466,308.45,3220.8799999999997,,3529.33,11493.989999999996,31003.000000000007,,42496.990000000005,,,,,,,,,,,,,,218531.71,,298960.17,,,,,,,,,,,,,,298960.17,0.0
587,TRIPURA,DHALAI,,0.0,1872.6350204858352,0.0,1872.6350204858352,0.0,99581.0,0.0,99581.0,131908.0,231489.0,0.0,17404.05,0.0,17404.05,,,,,0.0,1558.8600000000001,0.0,1558.8600000000001,0.0,52.33,0.0,52.33,,519.5200000000001,,519.5200000000001,,,,,,,,,,,,,0.0,19534.759999999995,0.0,19534.759999999995,,,,,,,,,,,,0.0,,,,0.0,0.0,87.36,0.0,87.36,0.0,2346.99,0.0,2346.99,0.0,0.0,0.0,0.0,0.0,-2434.35,0.0,-2434.35,0.0,17100.409999999996,0.0,17100.409999999996,0.0,1464.6900000000003,0.0,1464.6900000000003,0.0,15635.72,0.0,15635.72,,923.671701,,923.671701,,2.6136,,2.6136,,125.22000000000001,,125.22000000000001,,1051.51,,1051.51,,6.725050077642732,,6.725050077642732,0.0,1012.2,0.0,1012.2,0.0,14495.68,0.0,14495.68,,,,,,,7012.825399055481,7.33959156e-05,0.0,,,,,207528.88,0.0,223164.59999999998,0.0,0.0,,0.0,,0.0,,,,,,,,223164.59999999998,0.0
588,TRIPURA,GOMATI,,0.0,1771.4054657282297,0.0,1771.4054657282297,0.0,109828.0,0.0,109828.0,51877.0,161705.0,0.0,17313.07,0.0,17313.07,,,,,0.0,4313.9800000000005,0.0,4313.9800000000005,0.0,48.8,0.0,48.8,,546.89,,546.89,,,,,,,,,,,,,0.0,22222.74,0.0,22222.74,,,,,,,,,,,,0.0,,,,0.0,0.0,36.8,0.0,36.8,0.0,1844.1299999999999,0.0,1844.1299999999999,0.0,0.0,0.0,0.0,0.0,-1880.93,0.0,-1880.93,0.0,20341.81,0.0,20341.81,0.0,1908.27,0.0,1908.27,0.0,18433.54,0.0,18433.54,,882.168354,,882.168354,,1.06,,1.06,,116.76,,116.76,,1000.0000000000002,,1000.0000000000002,,5.424893970447348,,5.424893970447348,0.0,935.36,0.0,935.36,0.0,17380.36,0.0,17380.36,,,,,,,7831.9001305331485,0.0113849240456,0.0,,,,,232849.12000000002,0.0,251282.65999999997,0.0,0.0,,0.0,,0.0,,,,,,,,251282.65999999997,0.0
589,TRIPURA,KHOWAI,,0.0,1896.3287151937045,0.0,1896.3287151937045,0.0,49560.0,0.0,49560.0,51685.0,101245.0,0.0,9328.4,0.0,9328.4,,,,,0.0,2411.87,0.0,2411.87,0.0,128.17,0.0,128.17,,487.09,,487.09,,,,,,,,,,,,,0.0,12355.529999999999,0.0,12355.529999999999,,,,,,,,,,,,0.0,,,,0.0,0.0,0.0,0.0,0.0,0.0,290.84000000000003,0.0,290.84000000000003,0.0,0.0,0.0,0.0,0.0,-290.84000000000003,0.0,-290.84000000000003,0.0,12064.689999999999,0.0,12064.689999999999,0.0,1045.6,0.0,1045.6,0.0,11019.090000000002,0.0,11019.090000000002,,646.338204,,646.338204,,2.376,,2.376,,306.59999999999997,,306.59999999999997,,955.31,,955.31,,8.669590683078184,,8.669590683078184,0.0,679.5100000000001,0.0,679.5100000000001,0.0,10030.609999999999,0.0,10030.609999999999,,,,,,,1576.5318228149413,0.0196699248564,0.0,,,,,102395.59,0.0,113414.68,0.0,0.0,,0.0,,0.0,,,,,,,,113414.68,0.0
590,TRIPURA,NORTH TRIPURA,,0.0,1953.9963739840389,0.0,1953.9963739840389,0.0,54382.0,0.0,54382.0,81410.0,135792.0,0.0,9336.56,0.0,9336.56,,,,,0.0,1124.8200000000002,0.0,1124.8200000000002,0.0,13.53,0.0,13.53,,692.5700000000002,,692.5700000000002,,,,,,,,,,,,,0.0,11167.48,0.0,11167.48,,,,,,,,,,,,0.0,,,,0.0,0.0,142.37,0.0,142.37,0.0,2282.54,0.0,2282.54,0.0,0.0,0.0,0.0,0.0,-2424.91,0.0,-2424.91,0.0,8742.57,0.0,8742.57,0.0,1116.74,0.0,1116.74,0.0,7625.83,0.0,7625.83,,977.1035400000001,,977.1035400000001,,1.8117,,1.8117,,32.400000000000006,,32.400000000000006,,1011.31,,1011.31,,13.261638405262117,,13.261638405262117,0.0,1049.12,0.0,1049.12,0.0,6542.49,0.0,6542.49,,,,,,,6270.388021883965,0.02498722709,0.0,,,,,118020.3,0.0,125646.13,0.0,0.0,,0.0,,0.0,,,,,,,,125646.13,0.0
591,TRIPURA,SEPAHIJALA,,0.0,1874.838467133188,0.0,1874.838467133188,0.0,87170.0,0.0,87170.0,17222.0,104392.0,0.0,13166.800000000001,0.0,13166.800000000001,,,,,0.0,3769.3700000000003,0.0,3769.3700000000003,0.0,294.15999999999997,0.0,294.15999999999997,,857.8100000000002,,857.8100000000002,,,,,,,,,,,,,0.0,18088.14,0.0,18088.14,,,,,,,,,,,,0.0,,,,0.0,0.0,13.27,0.0,13.27,0.0,1902.46,0.0,1902.46,0.0,0.0,0.0,0.0,0.0,-1915.73,0.0,-1915.73,0.0,16172.41,0.0,16172.41,0.0,1808.8300000000004,0.0,1808.8300000000004,0.0,14363.580000000002,0.0,14363.580000000002,,1004.5083239999999,,1004.5083239999999,,2.1087,,2.1087,,703.8,,703.8,,1710.4300000000003,,1710.4300000000003,,11.908103690027138,,11.908103690027138,0.0,1056.06,0.0,1056.06,0.0,12601.6,0.0,12601.6,,,,,,,7953.14691083908,0.020436894111199998,0.0,,,,,184295.08,0.0,198658.66,0.0,0.0,,0.0,,0.0,,,,,,,,198658.66,0.0
592,TRIPURA,SOUTH TRIPURA,,0.0,2159.454317044331,0.0,2159.454317044331,0.0,98103.0,0.0,98103.0,53098.0,151201.0,0.0,17213.56,0.0,17213.56,,,,,0.0,3763.53,0.0,3763.53,0.0,83.57999999999998,0.0,83.57999999999998,,1236.5399999999997,,1236.5399999999997,,,,,,,,,,,,,0.0,22297.21,0.0,22297.21,,,,,,,,,,,,0.0,,,,0.0,0.0,53.28,0.0,53.28,0.0,2604.8199999999997,0.0,2604.8199999999997,0.0,0.0,0.0,0.0,0.0,-2658.1,0.0,-2658.1,0.0,19639.11,0.0,19639.11,0.0,2056.29,0.0,2056.29,0.0,17582.82,0.0,17582.82,,932.6417219999998,,932.6417219999998,,1.8414,,1.8414,,199.95,,199.95,,1134.42,,1134.42,,6.4518660829150285,,6.4518660829150285,0.0,988.86,0.0,988.86,0.0,16392.19,0.0,16392.19,,,,,,,10129.472816009522,0.0,0.0,,,,,203169.64,0.0,220752.46,0.0,0.0,,0.0,,0.0,,,,,,,,220752.46,0.0
593,TRIPURA,UNAKOTI,,0.0,1935.5400000000002,0.0,1935.5400000000002,0.0,42878.0,0.0,42878.0,22825.0,65703.0,0.0,7240.49,0.0,7240.49,,,,,0.0,1649.37,0.0,1649.37,0.0,2.0,0.0,2.0,,425.98,,425.98,,,,,,,,,,,,,0.0,9317.84,0.0,9317.84,,,,,,,,,,,,0.0,,,,0.0,0.0,0.0,0.0,0.0,0.0,528.52,0.0,528.52,0.0,0.0,0.0,0.0,0.0,-528.52,0.0,-528.52,0.0,8789.32,0.0,8789.32,0.0,931.79,0.0,931.79,0.0,7857.530000000001,0.0,7857.530000000001,,651.4923689999999,,651.4923689999999,,1.4500000000000002,,1.4500000000000002,,4.8,,4.8,,657.75,,657.75,,8.370951176769289,,8.370951176769289,0.0,699.51,0.0,699.51,0.0,7151.76,0.0,7151.76,,,,,,,2415.3703570556645,0.025481876,0.0,,,,,87340.53,0.0,95198.06000000001,0.0,0.0,,0.0,,0.0,,,,,,,,95198.06000000001,0.0
594,TRIPURA,WEST TRIPURA,,0.0,1807.8071327380492,0.0,1807.8071327380492,0.0,78282.0,0.0,78282.0,19360.0,97642.0,0.0,11955.65,0.0,11955.65,,,,,0.0,3026.67,0.0,3026.67,0.0,260.84,0.0,260.84,,1124.11,,1124.11,,,,,,,,,,,,,0.0,16367.27,0.0,16367.27,,,,,,,,,,,,0.0,,,,0.0,0.0,9.14,0.0,9.14,0.0,985.5500000000002,0.0,985.5500000000002,0.0,0.0,0.0,0.0,0.0,-994.69,0.0,-994.69,0.0,15372.58,0.0,15372.58,0.0,1533.98,0.0,1533.98,0.0,13838.599999999999,0.0,13838.599999999999,,2115.4366539,,2115.4366539,,55.464195,,55.464195,,624.0,,624.0,,2794.9,,2794.9,,20.196407151012387,,20.196407151012387,0.0,2242.9799999999996,0.0,2242.9799999999996,0.0,10916.15,0.0,10916.15,,,,,,,6862.132443174013,0.018793114390399997,0.0,,,,,158772.98,0.0,172611.58,0.0,0.0,,0.0,,0.0,,,,,,,,172611.58,0.0
595,UTTAR PRADESH,AGRA,,614.65,0.0,0.0,614.65,399700.0,0.0,0.0,399700.0,0.0,399700.0,39246.10999999999,0.0,0.0,39246.10999999999,19914.07,,0.0,19914.07,13319.430000000002,0.0,0.0,13319.430000000002,14101.459999999997,0.0,0.0,14101.459999999997,454.72,,,454.72,524.732,,,524.732,1119.18125,0.0,0.0,1119.18125,1400.0,0.0,0.0,1400.0,90079.71,0.0,0.0,90079.71,,,,,,,,,,,,0.0,,,,0.0,,,,,,,,,,,,,,,,0.0,90079.71,0.0,0.0,90079.71,8771.849999999999,0.0,0.0,8771.849999999999,81307.86,0.0,0.0,81307.86,10727.47936914,,,10727.47936914,135.6363,,,135.6363,83169.14,,,83169.14,94032.23999999999,,,94032.23999999999,115.64963092129099,,,115.64963092129099,11665.860000000002,0.0,0.0,11665.860000000002,4522.05,0.0,0.0,4522.05,,,,,,,,,,,,,,0.0,0.0,81307.86,0.0,0.0,,0.0,,0.0,,,,,,,,81307.86,0.0
596,UTTAR PRADESH,ALIGARH,,667.4699999999999,0.0,0.0,667.4699999999999,380843.0,0.0,0.0,380843.0,0.0,380843.0,49011.42,0.0,0.0,49011.42,26751.260000000002,,0.0,26751.260000000002,5311.4400000000005,0.0,0.0,5311.4400000000005,15400.05,0.0,0.0,15400.05,369.1,,,369.1,54.322,,,54.322,525.75,0.0,0.0,525.75,500.0,0.0,0.0,500.0,97923.34,0.0,0.0,97923.34,,,,,,,,,,,,0.0,,,,0.0,,,,,,,,,,,,,,,,0.0,97923.34,0.0,0.0,97923.34,8167.3099999999995,0.0,0.0,8167.3099999999995,89756.03,0.0,0.0,89756.03,11472.182067,,,11472.182067,489.496875,,,489.496875,58795.07000000001,,,58795.07000000001,70756.76999999999,,,70756.76999999999,78.83233026237902,,,78.83233026237902,12631.490000000002,0.0,0.0,12631.490000000002,21074.5,0.0,0.0,21074.5,,,,,,,,,,,,,,0.0,0.0,89756.03,0.0,0.0,,0.0,,0.0,,,,,,,,89756.03,0.0
597,UTTAR PRADESH,AMBEDKAR NAGAR,,1013.3,0.0,0.0,1013.3,245898.0,0.0,0.0,245898.0,0.0,245898.0,52238.259999999995,0.0,0.0,52238.259999999995,8422.779999999999,,0.0,8422.779999999999,4350.000000000001,0.0,0.0,4350.000000000001,13375.870000000003,0.0,0.0,13375.870000000003,1232.1799999999998,,,1232.1799999999998,1.224,,,1.224,,,,,,,,,79620.31,0.0,0.0,79620.31,,,,,,,,,,,,0.0,,,,0.0,,,,,,,,,,,,,,,,0.0,79620.31,0.0,0.0,79620.31,7323.29,0.0,0.0,7323.29,72297.01999999999,0.0,0.0,72297.01999999999,6214.0286399999995,,,6214.0286399999995,0.0,,,0.0,39547.880000000005,,,39547.880000000005,45761.92,,,45761.92,63.29710408534128,,,63.29710408534128,6670.829999999999,0.0,0.0,6670.829999999999,26078.309999999998,0.0,0.0,26078.309999999998,,,,,,,,,,,,,,0.0,0.0,72297.02,0.0,0.0,,0.0,,0.0,,,,,,,,72297.02,0.0
598,UTTAR PRADESH,AMETHI,,853.0,0.0,0.0,853.0,232992.0,0.0,0.0,232992.0,0.0,232992.0,39402.14000000001,0.0,0.0,39402.14000000001,21717.71,,0.0,21717.71,10586.949999999999,0.0,0.0,10586.949999999999,13371.26,0.0,0.0,13371.26,1199.9699999999998,0.0,0.0,1199.9699999999998,21.445999999999998,,,21.445999999999998,,,,,,,,,86299.47,0.0,0.0,86299.47,,,,,,,,,,,,0.0,,,,0.0,,,,,,,,,,,,,,,,0.0,86299.47,0.0,0.0,86299.47,8052.09,0.0,0.0,8052.09,78247.38,0.0,0.0,78247.38,4871.24985,,,4871.24985,92.68894600000002,,,92.68894600000002,44175.56999999999,,,44175.56999999999,49139.5,,,49139.5,62.8001857697983,,,62.8001857697983,5243.71,0.0,0.0,5243.71,28735.399999999998,0.0,0.0,28735.399999999998,,,,,,,,,,,,,,0.0,0.0,78247.38,0.0,0.0,,0.0,,0.0,,,,,,,,78247.38,0.0
599,UTTAR PRADESH,AMROHA,,902.5919608000002,0.0,0.0,902.5919608000002,214903.0,0.0,0.0,214903.0,0.0,214903.0,40362.11,0.0,0.0,40362.11,3499.84,,0.0,3499.84,0.0,0.0,0.0,0.0,11661.579999999998,0.0,0.0,11661.579999999998,150.07,,,150.07,0.0,,,0.0,,,,,,,,,55673.6,0.0,0.0,55673.6,,,,,,,,,,,,0.0,,,,0.0,,,,,,,,,,,,,,,,0.0,55673.6,0.0,0.0,55673.6,5218.500000000001,0.0,0.0,5218.500000000001,50455.100000000006,0.0,0.0,50455.100000000006,4729.73205,,,4729.73205,731.3245000000002,,,731.3245000000002,41928.99,,,41928.99,47390.03999999999,,,47390.03999999999,93.92517307467429,,,93.92517307467429,5188.0199999999995,0.0,0.0,5188.0199999999995,5241.93,0.0,0.0,5241.93,,,,,,,,,,,,,,0.0,0.0,50455.1,0.0,0.0,,0.0,,0.0,,,,,,,,50455.1,0.0
600,UTTAR PRADESH,AURAIYA,,624.88,0.0,0.0,624.88,209427.0,0.0,0.0,209427.0,0.0,209427.0,27581.71,0.0,0.0,27581.71,18534.57,,0.0,18534.57,9261.449999999999,0.0,0.0,9261.449999999999,10709.75,0.0,0.0,10709.75,261.21000000000004,0.0,0.0,261.21000000000004,79.474,,,79.474,,,,,,,,,66428.18,0.0,0.0,66428.18,,,,,,,,,,,,0.0,,,,0.0,,,,,,,,,,,,,,,,0.0,66428.18,0.0,0.0,66428.18,6642.82,0.0,0.0,6642.82,59785.35999999999,0.0,0.0,59785.35999999999,2878.9739999999997,,,2878.9739999999997,8.1395,,,8.1395,30632.69,,,30632.69,33519.81,,,33519.81,56.06692006203525,,,56.06692006203525,3041.69,0.0,0.0,3041.69,26102.83,0.0,0.0,26102.83,,,,,,,,,,,,,,0.0,0.0,59785.35999999999,0.0,0.0,,0.0,,0.0,,,,,,,,59785.35999999999,0.0
601,UTTAR PRADESH,AYODHYA,,952.71,0.0,0.0,952.71,252201.0,0.0,0.0,252201.0,0.0,252201.0,49776.939999999995,0.0,0.0,49776.939999999995,25938.17,,,25938.17,2709.1400000000003,0.0,0.0,2709.1400000000003,14246.859999999999,0.0,0.0,14246.859999999999,2311.06,,,2311.06,,,,,,,,,,,,,94982.17,0.0,0.0,94982.17,,,,,,,,,,,,0.0,,,,0.0,,,,,,,,,,,,,,,,0.0,94982.17,0.0,0.0,94982.17,9215.039999999999,0.0,0.0,9215.039999999999,85767.13,0.0,0.0,85767.13,6975.504779999999,,,6975.504779999999,0.0,,,0.0,47398.35,,,47398.35,54373.86,,,54373.86,63.39708464070093,,,63.39708464070093,7822.509999999999,0.0,0.0,7822.509999999999,30546.260000000002,0.0,0.0,30546.260000000002,,,,,,,,,,,,,,0.0,0.0,85767.13,0.0,0.0,,0.0,,0.0,,,,,,,,85767.13,0.0
602,UTTAR PRADESH,AZAMGARH,,900.255490196079,0.0,0.0,900.255490196079,417119.0,0.0,0.0,417119.0,0.0,417119.0,70240.12999999998,0.0,0.0,70240.12999999998,27171.16,,0.0,27171.16,12277.380000000001,0.0,0.0,12277.380000000001,18509.969999999998,0.0,0.0,18509.969999999998,3323.0899999999992,,,3323.0899999999992,,,,,,,,,,,,,131521.72000000003,0.0,0.0,131521.72000000003,,,,,,,,,,,,0.0,,,,0.0,,,,,,,,,,,,,,,,0.0,131521.72000000003,0.0,0.0,131521.72000000003,9620.46,0.0,0.0,9620.46,121901.25999999998,0.0,0.0,121901.25999999998,13310.717069999999,,,13310.717069999999,7.098,,,7.098,61649.020000000004,,,61649.020000000004,74966.83,,,74966.83,61.49799436035362,,,61.49799436035362,14836.82,0.0,0.0,14836.82,45408.32,0.0,0.0,45408.32,,,,,,,,,,,,,,0.0,0.0,121901.25999999998,0.0,0.0,,0.0,,0.0,,,,,,,,121901.25999999998,0.0
603,UTTAR PRADESH,BAGPAT,,674.7574509803925,0.0,0.0,674.7574509803925,135138.96,0.0,0.0,135138.96,0.0,135138.96,16722.18,0.0,0.0,16722.18,12833.06,,0.0,12833.06,1002.49,0.0,0.0,1002.49,6404.15,0.0,0.0,6404.15,175.98,0.0,0.0,175.98,10.134,,,10.134,,,,,,,,,37148.009999999995,0.0,0.0,37148.009999999995,,,,,,,,,,,,0.0,,,,0.0,,,,,,,,,,,,,,,,0.0,37148.009999999995,0.0,0.0,37148.009999999995,3714.7999999999997,0.0,0.0,3714.7999999999997,33433.21,0.0,0.0,33433.21,2501.36982,,,2501.36982,30.0182,,,30.0182,32002.25,,,32002.25,34533.64,,,34533.64,103.29142789459942,,,103.29142789459942,2605.6400000000003,0.0,0.0,2605.6400000000003,2585.9300000000003,0.0,0.0,2585.9300000000003,,,,,,,,,,,,,,0.0,0.0,33433.21,0.0,0.0,,0.0,,0.0,,,,,,,,33433.21,0.0
604,UTTAR PRADESH,BAHRAICH,,1158.8,0.0,0.0,1158.8,438725.0,0.0,0.0,438725.0,0.0,438725.0,81223.34000000001,0.0,0.0,81223.34000000001,28332.47,,0.0,28332.47,2424.0,0.0,0.0,2424.0,22620.79,0.0,0.0,22620.79,2423.25,0.0,0.0,2423.25,2.464,,,2.464,,,,,,,,,137026.37,0.0,0.0,137026.37,,,,,,,,,,,,0.0,,,,0.0,,,,,,,,,,,,,,,,0.0,137026.37,0.0,0.0,137026.37,10730.49,0.0,0.0,10730.49,126295.87999999996,0.0,0.0,126295.87999999996,9520.926449999999,,,9520.926449999999,131.39999999999998,,,131.39999999999998,64756.75999999999,,,64756.75999999999,74409.09,,,74409.09,58.91648246957859,,,58.91648246957859,10470.830000000002,0.0,0.0,10470.830000000002,50936.90000000001,0.0,0.0,50936.90000000001,,,,,,,,,,,,,,0.0,0.0,126295.87999999998,0.0,0.0,,0.0,,0.0,,,,,,,,126295.87999999998,0.0
605,UTTAR PRADESH,BALLIA,,922.0282352941177,0.0,0.0,922.0282352941177,292700.0,0.0,0.0,292700.0,0.0,292700.0,51281.84,0.0,0.0,51281.84,14540.930000000002,,0.0,14540.930000000002,6545.5,0.0,0.0,6545.5,15887.879999999997,0.0,0.0,15887.879999999997,1756.02,0.0,0.0,1756.02,,,,,,,,,,,,,90012.17000000001,0.0,0.0,90012.17000000001,,,,,,,,,,,,0.0,,,,0.0,,,,,,,,,,,,,,,,0.0,90012.17000000001,0.0,0.0,90012.17000000001,6452.550000000001,0.0,0.0,6452.550000000001,83559.62000000001,0.0,0.0,83559.62000000001,7983.01866,,,7983.01866,9.0155,,,9.0155,45364.22,,,45364.22,53356.270000000004,,,53356.270000000004,63.854131935975765,,,63.854131935975765,8772.289999999999,0.0,0.0,8772.289999999999,29414.07,0.0,0.0,29414.07,,,,,,,,,,,,,,0.0,0.0,83559.62000000001,0.0,0.0,,0.0,,0.0,,,,,,,,83559.62000000001,0.0
606,UTTAR PRADESH,BALRAMPUR,,1065.2,0.0,0.0,1065.2000000000003,334857.0,0.0,0.0,334857.0,0.0,334857.0,59277.100000000006,0.0,0.0,59277.100000000006,10570.720000000001,,0.0,10570.720000000001,891.1500000000001,0.0,0.0,891.1500000000001,15189.249999999998,0.0,0.0,15189.249999999998,2456.2900000000004,,,2456.2900000000004,,,,,,,,,,,,,88384.49999999999,0.0,0.0,88384.49999999999,,,,,,,,,,,,0.0,,,,0.0,,,,,,,,,,,,,,,,0.0,88384.49999999999,0.0,0.0,88384.49999999999,6764.53,0.0,0.0,6764.53,81619.96999999999,0.0,0.0,81619.96999999999,6037.142339999999,,,6037.142339999999,204.19799999999998,,,204.19799999999998,43513.4,,,43513.4,49754.759999999995,,,49754.759999999995,60.95905205552023,,,60.95905205552023,6750.0199999999995,0.0,0.0,6750.0199999999995,31152.319999999996,0.0,0.0,31152.319999999996,,,,,,,,,,,,,,0.0,0.0,81619.96999999999,0.0,0.0,,0.0,,0.0,,,,,,,,81619.96999999999,0.0
607,UTTAR PRADESH,BANDA,,943.2,0.0,0.0,943.2,440460.0,0.0,0.0,440460.0,0.0,440460.0,50057.48,0.0,0.0,50057.48,0.16,,,0.16,6853.9400000000005,0.0,0.0,6853.9400000000005,11177.640000000001,0.0,0.0,11177.640000000001,4014.6800000000003,,,4014.6800000000003,414.92,,,414.92,,,,,,,,,72518.82,0.0,0.0,72518.82,,,,,,,,,,,,0.0,,,,0.0,,,,,,,,,,,,,,,,0.0,72518.82,0.0,0.0,72518.82,6796.280000000001,0.0,0.0,6796.280000000001,65722.54,0.0,0.0,65722.54,3895.917144,,,3895.917144,0.0,,,0.0,39960.0175,,,39960.0175,43855.939999999995,,,43855.939999999995,66.72891826761412,,,66.72891826761412,4256.96,0.0,0.0,4256.96,21505.559999999998,0.0,0.0,21505.559999999998,,,,,,,,,,,,,,0.0,0.0,65722.54,0.0,0.0,,0.0,,0.0,,,,,,,,65722.54,0.0
608,UTTAR PRADESH,BARABANKI,,978.3900000000001,0.0,0.0,978.3900000000001,389132.0,0.0,0.0,389132.0,0.0,389132.0,69039.64,0.0,0.0,69039.64,64088.44,,0.0,64088.44,28404.319999999996,0.0,0.0,28404.319999999996,36369.04000000001,0.0,0.0,36369.04000000001,2541.8,,,2541.8,,,,,,,,,,,,,200443.21999999997,0.0,0.0,200443.21999999997,,,,,,,,,,,,0.0,,,,0.0,,,,,,,,,,,,,,,,0.0,200443.21999999997,0.0,0.0,200443.21999999997,17013.719999999998,0.0,0.0,17013.719999999998,183429.5,0.0,0.0,183429.5,8816.186639999998,,,8816.186639999998,0.0,,,0.0,107620.14,,,107620.14,116436.32999999999,,,116436.32999999999,63.47742865787672,,,63.47742865787672,9670.509999999998,0.0,0.0,9670.509999999998,66138.87,0.0,0.0,66138.87,,,,,,,,,,,,,,0.0,0.0,183429.5,0.0,0.0,,0.0,,0.0,,,,,,,,183429.5,0.0
609,UTTAR PRADESH,BAREILLY,,877.8599999999999,0.0,0.0,877.8599999999999,412000.0,0.0,0.0,412000.0,0.0,412000.0,72262.4,0.0,0.0,72262.4,18442.660000000003,,0.0,18442.660000000003,6646.449999999999,0.0,0.0,6646.449999999999,24057.519999999997,0.0,0.0,24057.519999999997,1616.29,,,1616.29,,,,,1036.6,0.0,0.0,1036.6,87.5,0.0,0.0,87.5,124149.42000000001,0.0,0.0,124149.42000000001,,,,,,,,,,,,0.0,,,,0.0,,,,,,,,,,,,,,,,0.0,124149.42000000001,0.0,0.0,124149.42000000001,11501.740000000002,0.0,0.0,11501.740000000002,112647.68000000001,0.0,0.0,112647.68000000001,13576.765935,,,13576.765935,397.23477,,,397.23477,68709.18,,,68709.18,82683.17000000001,,,82683.17000000001,73.39979838022408,,,73.39979838022408,14695.649999999998,0.0,0.0,14695.649999999998,31520.46,0.0,0.0,31520.46,,,,,,,,,,,,,,0.0,0.0,112647.68,0.0,0.0,,0.0,,0.0,,,,,,,,112647.68,0.0
610,UTTAR PRADESH,BASTI,,1110.7800000000002,0.0,0.0,1110.7800000000002,293807.0,0.0,0.0,293807.0,0.0,293807.0,67569.18000000001,0.0,0.0,67569.18000000001,695.04,,0.0,695.04,0.0,0.0,0.0,0.0,12464.41,0.0,0.0,12464.41,1065.82,0.0,0.0,1065.82,88.95,,,88.95,,,,,,,,,81883.39,0.0,0.0,81883.39,,,,,,,,,,,,0.0,,,,0.0,,,,,,,,,,,,,,,,0.0,81883.39,0.0,0.0,81883.39,7142.57,0.0,0.0,7142.57,74740.81999999999,0.0,0.0,74740.81999999999,6393.617399999999,,,6393.617399999999,182.469,,,182.469,41488.62484848484,,,41488.62484848484,48064.70999999999,,,48064.70999999999,64.30851307224084,,,64.30851307224084,6902.139999999999,0.0,0.0,6902.139999999999,26167.58,0.0,0.0,26167.58,,,,,,,,,,,,,,0.0,0.0,74740.81999999999,0.0,0.0,,0.0,,0.0,,,,,,,,74740.81999999999,0.0
611,UTTAR PRADESH,BIJNOR,,1053.5058823529414,0.0,0.0,1053.5058823529414,458903.0,0.0,0.0,458903.0,0.0,458903.0,99018.42,0.0,0.0,99018.42,20820.74,,0.0,20820.74,3385.4999999999995,0.0,0.0,3385.4999999999995,26209.43,0.0,0.0,26209.43,518.7700000000001,,,518.7700000000001,38.704,,,38.704,,,,,,,,,149991.55999999997,0.0,0.0,149991.55999999997,,,,,,,,,,,,0.0,,,,0.0,,,,,,,,,,,,,,,,0.0,149991.55999999997,0.0,0.0,149991.55999999997,12140.41,0.0,0.0,12140.41,137851.14999999997,0.0,0.0,137851.14999999997,7787.38596,,,7787.38596,657.0,,,657.0,87449.15,,,87449.15,95893.54000000001,,,95893.54000000001,69.56310484170791,,,69.56310484170791,8345.529999999999,0.0,0.0,8345.529999999999,41399.469999999994,0.0,0.0,41399.469999999994,,,,,,,,,,,,,,0.0,0.0,137851.14999999997,0.0,0.0,,0.0,,0.0,,,,,,,,137851.14999999997,0.0
612,UTTAR PRADESH,BUDAUN,,784.54,0.0,0.0,784.54,423788.0,0.0,0.0,423788.0,0.0,423788.0,69101.48,0.0,0.0,69101.48,0.0,,0.0,0.0,80.0,0.0,0.0,80.0,15052.98,0.0,0.0,15052.98,964.6,,,964.6,12.27,,,12.27,,,,,,,,,85211.33,0.0,0.0,85211.33,,,,,,,,,,,,0.0,,,,0.0,,,,,,,,,,,,,,,,0.0,85211.33,0.0,0.0,85211.33,8014.860000000001,0.0,0.0,8014.860000000001,77196.47,0.0,0.0,77196.47,8368.06446,,,8368.06446,39.59900000000001,,,39.59900000000001,52995.43,,,52995.43,61403.11999999999,,,61403.11999999999,79.54135726672475,,,79.54135726672475,9105.51,0.0,0.0,9105.51,16259.93,0.0,0.0,16259.93,,,,,,,,,,,,,,0.0,0.0,77196.47,0.0,0.0,,0.0,,0.0,,,,,,,,77196.47,0.0
613,UTTAR PRADESH,BULANDSHAHAR,,673.12666663,0.0,0.0,673.12666663,360947.0,0.0,0.0,360947.0,0.0,360947.0,45377.12999999999,0.0,0.0,45377.12999999999,67208.81,,,67208.81,6116.96,0.0,0.0,6116.96,39237.829999999994,0.0,0.0,39237.829999999994,529.4599999999999,0.0,0.0,529.4599999999999,44.97,,,44.97,,,,,,,,,158515.12000000002,0.0,0.0,158515.12000000002,,,,,,,,,,,,0.0,,,,0.0,,,,,,,,,,,,,,,,0.0,158515.12000000002,0.0,0.0,158515.12000000002,13924.15,0.0,0.0,13924.15,144590.96999999997,0.0,0.0,144590.96999999997,6601.947720000001,,,6601.947720000001,0.0,,,0.0,132659.59,,,132659.59,139261.56,,,139261.56,96.31414741874961,,,96.31414741874961,6972.130000000001,0.0,0.0,6972.130000000001,14932.83,0.0,0.0,14932.83,,,,,,,,,,,,,,0.0,0.0,144590.97,0.0,0.0,,0.0,,0.0,,,,,,,,144590.97,0.0
614,UTTAR PRADESH,CHANDAULI,,949.0600000000001,0.0,0.0,949.0600000000001,188469.0,0.0,0.0,188469.0,0.0,188469.0,31103.590000000004,0.0,0.0,31103.590000000004,5385.139999999999,,0.0,5385.139999999999,11451.350000000002,0.0,0.0,11451.350000000002,7198.280000000001,0.0,0.0,7198.280000000001,297.96000000000004,,,297.96000000000004,1080.144,,,1080.144,,,,,,,,,56516.48,0.0,0.0,56516.48,,,,,,,,,,,,0.0,,,,0.0,,,,,,,,,,,,,,,,0.0,56516.48,0.0,0.0,56516.48,5531.120000000001,0.0,0.0,5531.120000000001,50985.36,0.0,0.0,50985.36,4568.11662,,,4568.11662,365.0,,,365.0,24073.69,,,24073.69,29006.809999999998,,,29006.809999999998,56.892429513099444,,,56.892429513099444,4896.29,0.0,0.0,4896.29,21650.37,0.0,0.0,21650.37,,,,,,,,,,,,,,0.0,0.0,50985.36,0.0,0.0,,0.0,,0.0,,,,,,,,50985.36,0.0
615,UTTAR PRADESH,CHITRAKOOT,,943.2,0.0,0.0,943.2,300665.0,0.0,0.0,300665.0,0.0,300665.0,30627.420000000002,0.0,0.0,30627.420000000002,0.0,,0.0,0.0,1934.03,0.0,0.0,1934.03,7873.619999999999,0.0,0.0,7873.619999999999,2129.08,,,2129.08,1310.2920000000001,,,1310.2920000000001,,,,,,,,,43874.439999999995,0.0,0.0,43874.439999999995,,,,,,,,,,,,0.0,,,,0.0,,,,,,,,,,,,,,,,0.0,43874.439999999995,0.0,0.0,43874.439999999995,3956.1800000000003,0.0,0.0,3956.1800000000003,39918.259999999995,0.0,0.0,39918.259999999995,2528.3571899999997,,,2528.3571899999997,0.0,,,0.0,30568.83,,,30568.83,33097.18,,,33097.18,82.91238145149615,,,82.91238145149615,2834.09,0.0,0.0,2834.09,6515.349999999999,0.0,0.0,6515.349999999999,,,,,,,,,,,,,,0.0,0.0,39918.259999999995,0.0,0.0,,0.0,,0.0,,,,,,,,39918.259999999995,0.0
616,UTTAR PRADESH,DEORIA,,1019.3799999999999,0.0,0.0,1019.3799999999999,253800.0,0.0,0.0,253800.0,0.0,253800.0,47222.50000000001,0.0,0.0,47222.50000000001,13193.990000000002,,0.0,13193.990000000002,56357.2,0.0,0.0,56357.2,21297.67,0.0,0.0,21297.67,1955.9399999999998,,,1955.9399999999998,,,,,,,,,,,,,140027.3,0.0,0.0,140027.3,,,,,,,,,,,,0.0,,,,0.0,,,,,,,,,,,,,,,,0.0,140027.3,0.0,0.0,140027.3,10994.76,0.0,0.0,10994.76,129032.54000000001,0.0,0.0,129032.54000000001,7041.785129999999,,,7041.785129999999,0.0,,,0.0,70862.66,,,70862.66,77904.43000000001,,,77904.43000000001,60.375801328874104,,,60.375801328874104,7468.53,0.0,0.0,7468.53,50701.380000000005,0.0,0.0,50701.380000000005,,,,,,,,,,,,,,0.0,0.0,129032.54,0.0,0.0,,0.0,,0.0,,,,,,,,129032.54,0.0
617,UTTAR PRADESH,ETAH,,658.23,0.0,0.0,658.23,242757.0,0.0,0.0,242757.0,0.0,242757.0,26834.46,0.0,0.0,26834.46,13484.990000000002,,,13484.990000000002,26028.440000000002,0.0,0.0,26028.440000000002,14680.03,0.0,0.0,14680.03,606.97,0.0,0.0,606.97,27.884,,,27.884,,,,,,,,,81662.78,0.0,0.0,81662.78,,,,,,,,,,,,0.0,,,,0.0,,,,,,,,,,,,,,,,0.0,81662.78,0.0,0.0,81662.78,7277.539999999999,0.0,0.0,7277.539999999999,74385.24,0.0,0.0,74385.24,4546.78821,,,4546.78821,16.425000000000004,,,16.425000000000004,50452.98464968154,,,50452.98464968154,55016.21,,,55016.21,73.96119176331217,,,73.96119176331217,4840.12,0.0,0.0,4840.12,19075.71,0.0,0.0,19075.71,,,,,,,,,,,,,,0.0,0.0,74385.24,0.0,0.0,,0.0,,0.0,,,,,,,,74385.24,0.0
618,UTTAR PRADESH,ETAWAH,,587.4799999999999,0.0,0.0,587.4799999999999,240301.0,0.0,0.0,240301.0,0.0,240301.0,27402.389999999996,0.0,0.0,27402.389999999996,21977.41,,0.0,21977.41,12012.460000000001,0.0,0.0,12012.460000000001,9388.45,0.0,0.0,9388.45,128.17000000000002,,,128.17000000000002,13.562,,,13.562,,,,,,,,,70922.47,0.0,0.0,70922.47,,,,,,,,,,,,0.0,,,,0.0,,,,,,,,,,,,,,,,0.0,70922.47,0.0,0.0,70922.47,5799.73,0.0,0.0,5799.73,65122.740000000005,0.0,0.0,65122.740000000005,3187.42017,,,3187.42017,13.489999999999998,,,13.489999999999998,29623.02896103896,,,29623.02896103896,32823.939999999995,,,32823.939999999995,50.40319249466469,,,50.40319249466469,3431.0400000000004,0.0,0.0,3431.0400000000004,32055.179999999997,0.0,0.0,32055.179999999997,,,,,,,,,,,,,,0.0,0.0,65122.740000000005,0.0,0.0,,0.0,,0.0,,,,,,,,65122.740000000005,0.0
619,UTTAR PRADESH,FARRUKHABAD,,753.48,0.0,0.0,753.48,220623.0,0.0,0.0,220623.0,0.0,220623.0,33234.82,0.0,0.0,33234.82,4995.9,,0.0,4995.9,540.1700000000001,0.0,0.0,540.1700000000001,11190.989999999998,0.0,0.0,11190.989999999998,380.45000000000005,,,380.45000000000005,34.199999999999996,,,34.199999999999996,,,,,,,,,50376.54,0.0,0.0,50376.54,,,,,,,,,,,,0.0,,,,0.0,,,,,,,,,,,,,,,,0.0,50376.54,0.0,0.0,50376.54,4275.110000000001,0.0,0.0,4275.110000000001,46101.43,0.0,0.0,46101.43,3911.0969099999993,,,3911.0969099999993,0.0,,,0.0,30820.869999999995,,,30820.869999999995,34731.97,,,34731.97,75.33816196157039,,,75.33816196157039,4244.469999999999,0.0,0.0,4244.469999999999,11036.09,0.0,0.0,11036.09,,,,,,,,,,,,,,0.0,0.0,46101.43,0.0,0.0,,0.0,,0.0,,,,,,,,46101.43,0.0
620,UTTAR PRADESH,FATEHPUR,,746.9,0.0,0.0,746.9,425255.0,0.0,0.0,425255.0,0.0,425255.0,64534.270000000004,0.0,0.0,64534.270000000004,29337.569999999996,,0.0,29337.569999999996,6721.79,0.0,0.0,6721.79,18017.399999999998,0.0,0.0,18017.399999999998,1073.35,,,1073.35,365.37,,,365.37,,,,,,,,,120049.75000000001,0.0,0.0,120049.75000000001,,,,,,,,,,,,0.0,,,,0.0,,,,,,,,,,,,,,,,0.0,120049.75000000001,0.0,0.0,120049.75000000001,10327.22,0.0,0.0,10327.22,109722.53,0.0,0.0,109722.53,7208.205419999999,,,7208.205419999999,2.0202500000000003,,,2.0202500000000003,70964.33,,,70964.33,78174.56999999999,,,78174.56999999999,71.24750951331508,,,71.24750951331508,7940.09,0.0,0.0,7940.09,33201.9,0.0,0.0,33201.9,,,,,,,,,,,,,,0.0,0.0,109722.53,0.0,0.0,,0.0,,0.0,,,,,,,,109722.53,0.0
621,UTTAR PRADESH,FIROZABAD,,656.9199999999998,0.0,0.0,656.92,241953.0,0.0,0.0,241953.0,0.0,241953.0,31108.519999999997,0.0,0.0,31108.519999999997,18253.170000000002,,0.0,18253.170000000002,16197.95,0.0,0.0,16197.95,13857.24,0.0,0.0,13857.24,309.66999999999996,0.0,0.0,309.66999999999996,153.752,,,153.752,,,,,,,,,79880.3,0.0,0.0,79880.3,,,,,,,,,,,,0.0,,,,0.0,,,,,,,,,,,,,,,,0.0,79880.3,0.0,0.0,79880.3,7451.74,0.0,0.0,7451.74,72428.56,0.0,0.0,72428.56,6611.4654599999985,,,6611.4654599999985,0.01022,,,0.01022,69234.6,,,69234.6,75846.08,,,75846.08,104.71847017253968,,,104.71847017253968,7151.210000000001,0.0,0.0,7151.210000000001,9029.09,0.0,0.0,9029.09,,,,,,,,,,,,,,0.0,0.0,72428.56,0.0,0.0,,0.0,,0.0,,,,,,,,72428.56,0.0
622,UTTAR PRADESH,G.B.NAGAR,,537.1562744699999,0.0,0.0,537.1562744699999,144273.0,0.0,0.0,144273.0,0.0,144273.0,15306.529999999999,0.0,0.0,15306.529999999999,17715.010000000002,,0.0,17715.010000000002,3764.3700000000003,0.0,0.0,3764.3700000000003,14389.81,0.0,0.0,14389.81,264.06,,,264.06,,,,,,,,,,,,,51439.78,0.0,0.0,51439.78,,,,,,,,,,,,0.0,,,,0.0,,,,,,,,,,,,,,,,0.0,51439.78,0.0,0.0,51439.78,3778.68,0.0,0.0,3778.68,47661.100000000006,0.0,0.0,47661.100000000006,1545.76551,,,1545.76551,0.0,,,0.0,47888.36,,,47888.36,49434.12,,,49434.12,103.72005681782417,,,103.72005681782417,1608.9399999999998,0.0,0.0,1608.9399999999998,3022.33,0.0,0.0,3022.33,,,,,,,,,,,,,,0.0,0.0,47661.100000000006,0.0,0.0,,0.0,,0.0,,,,,,,,47661.100000000006,0.0
623,UTTAR PRADESH,GHAZIABAD,,729.83274511,0.0,0.0,729.83274511,116914.0,0.0,0.0,116914.0,0.0,116914.0,15132.990000000002,0.0,0.0,15132.990000000002,13177.14,,0.0,13177.14,1136.24,0.0,0.0,1136.24,10463.93,0.0,0.0,10463.93,69.41,,,69.41,,,,,766.5,0.0,0.0,766.5,824.9999999999998,0.0,0.0,824.9999999999998,41571.21000000001,0.0,0.0,41571.21000000001,,,,,,,,,,,,0.0,,,,0.0,,,,,,,,,,,,,,,,0.0,41571.21000000001,0.0,0.0,41571.21000000001,3696.33,0.0,0.0,3696.33,37874.880000000005,0.0,0.0,37874.880000000005,7362.538990499999,,,7362.538990499999,2246.0982999999937,,,2246.0982999999937,36881.78,,,36881.78,46490.40000000001,,,46490.40000000001,122.74731959546803,,,122.74731959546803,8834.97,0.0,0.0,8834.97,2191.48,0.0,0.0,2191.48,,,,,,,,,,,,,,0.0,0.0,37874.880000000005,0.0,0.0,,0.0,,0.0,,,,,,,,37874.880000000005,0.0
624,UTTAR PRADESH,GHAZIPUR,,853.7699999999999,0.0,0.0,853.7699999999999,330052.0,0.0,0.0,330052.0,0.0,330052.0,59424.67,0.0,0.0,59424.67,15969.150000000003,,0.0,15969.150000000003,12827.38,0.0,0.0,12827.38,17498.75,0.0,0.0,17498.75,718.4700000000001,0.0,0.0,718.4700000000001,135.36,,,135.36,,,,,,,,,106573.81000000001,0.0,0.0,106573.81000000001,,,,,,,,,,,,0.0,,,,0.0,,,,,,,,,,,,,,,,0.0,106573.81000000001,0.0,0.0,106573.81000000001,10657.39,0.0,0.0,10657.39,95916.42000000001,0.0,0.0,95916.42000000001,8907.095730000001,,,8907.095730000001,57.14500000000001,,,57.14500000000001,49945.73999999999,,,49945.73999999999,58910.0,,,58910.0,61.41805542784019,,,61.41805542784019,9653.26,0.0,0.0,9653.26,36260.26,0.0,0.0,36260.26,,,,,,,,,,,,,,0.0,0.0,95916.42000000001,0.0,0.0,,0.0,,0.0,,,,,,,,95916.42000000001,0.0
625,UTTAR PRADESH,GONDA,,1047.0,0.0,0.0,1047.0,399609.0,0.0,0.0,399609.0,0.0,399609.0,73482.45999999999,0.0,0.0,73482.45999999999,18156.22,,0.0,18156.22,81.35,0.0,0.0,81.35,18526.98,0.0,0.0,18526.98,2909.51,0.0,0.0,2909.51,,,,,,,,,,,,,113156.52,0.0,0.0,113156.52,,,,,,,,,,,,0.0,,,,0.0,,,,,,,,,,,,,,,,0.0,113156.52,0.0,0.0,113156.52,6752.029999999999,0.0,0.0,6752.029999999999,106404.49,0.0,0.0,106404.49,9567.078509999998,,,9567.078509999998,316.44968,,,316.44968,53044.14,,,53044.14,62927.64,,,62927.64,59.14002313248247,,,59.14002313248247,10644.32,0.0,0.0,10644.32,42399.61,0.0,0.0,42399.61,,,,,,,,,,,,,,0.0,0.0,106404.49,0.0,0.0,,0.0,,0.0,,,,,,,,106404.49,0.0
626,UTTAR PRADESH,GORAKHPUR,,1338.3,0.0,0.0,1338.3,321087.0,0.0,0.0,321087.0,0.0,321087.0,75099.64,0.0,0.0,75099.64,8354.91,,0.0,8354.91,60024.29,0.0,0.0,60024.29,26911.010000000002,0.0,0.0,26911.010000000002,3204.28,,,3204.28,,,,,,,,,,,,,173594.15,0.0,0.0,173594.15,,,,,,,,,,,,0.0,,,,0.0,,,,,,,,,,,,,,,,0.0,173594.15,0.0,0.0,173594.15,14191.739999999998,0.0,0.0,14191.739999999998,159402.41,0.0,0.0,159402.41,9285.77739,,,9285.77739,556.09967,,,556.09967,89583.31,,,89583.31,99425.23000000001,,,99425.23000000001,62.37373073594057,,,62.37373073594057,9998.109999999999,0.0,0.0,9998.109999999999,59264.84000000001,0.0,0.0,59264.84000000001,,,,,,,,,,,,,,0.0,0.0,159402.40999999997,0.0,0.0,,0.0,,0.0,,,,,,,,159402.40999999997,0.0
627,UTTAR PRADESH,HAMIRPUR,,835.0118347748597,0.0,0.0,835.0118347748597,381540.0,0.0,0.0,381540.0,0.0,381540.0,37228.93,0.0,0.0,37228.93,0.0,,0.0,0.0,4573.27,0.0,0.0,4573.27,6826.5199999999995,0.0,0.0,6826.5199999999995,507.0,,,507.0,1624.92,,,1624.92,,,,,,,,,50760.64000000001,0.0,0.0,50760.64000000001,,,,,,,,,,,,0.0,,,,0.0,,,,,,,,,,,,,,,,0.0,50760.64000000001,0.0,0.0,50760.64000000001,4329.14,0.0,0.0,4329.14,46431.50000000001,0.0,0.0,46431.50000000001,2174.2254299999995,,,2174.2254299999995,343.46500000000003,,,343.46500000000003,28967.6,,,28967.6,31485.29,,,31485.29,67.81019351087085,,,67.81019351087085,2268.15,0.0,0.0,2268.15,14852.29,0.0,0.0,14852.29,,,,,,,,,,,,,,0.0,0.0,46431.5,0.0,0.0,,0.0,,0.0,,,,,,,,46431.5,0.0
628,UTTAR PRADESH,HAPUR,,788.3136274509806,0.0,0.0,788.3136274509806,113293.0,0.0,0.0,113293.0,0.0,113293.0,15799.720000000001,0.0,0.0,15799.720000000001,16607.04,,0.0,16607.04,2433.41,0.0,0.0,2433.41,11333.96,0.0,0.0,11333.96,226.31,,,226.31,4.375,,,4.375,,,,,,,,,46404.81,0.0,0.0,46404.81,,,,,,,,,,,,0.0,,,,0.0,,,,,,,,,,,,,,,,0.0,46404.81,0.0,0.0,46404.81,2713.07,0.0,0.0,2713.07,43691.74,0.0,0.0,43691.74,2378.8327499999996,,,2378.8327499999996,755.2728599999997,,,755.2728599999997,40324.2,,,40324.2,43458.32,,,43458.32,99.46575714311217,,,99.46575714311217,2521.11,0.0,0.0,2521.11,1741.67,0.0,0.0,1741.67,,,,,,,,,,,,,,0.0,0.0,43691.74,0.0,0.0,,0.0,,0.0,,,,,,,,43691.74,0.0
629,UTTAR PRADESH,HARDOI,,816.35,0.0,0.0,816.35,594843.0,0.0,0.0,594843.0,0.0,594843.0,97034.58999999998,0.0,0.0,97034.58999999998,36244.68000000001,,,36244.68000000001,10458.5,0.0,0.0,10458.5,32080.039999999997,0.0,0.0,32080.039999999997,2891.8900000000003,0.0,0.0,2891.8900000000003,,,,,,,,,,,,,178709.7,0.0,0.0,178709.7,,,,,,,,,,,,0.0,,,,0.0,,,,,,,,,,,,,,,,0.0,178709.7,0.0,0.0,178709.7,16193.969999999998,0.0,0.0,16193.969999999998,162515.72999999998,0.0,0.0,162515.72999999998,8482.50072,,,8482.50072,412.45,,,412.45,92892.99000000002,,,92892.99000000002,101787.94,,,101787.94,62.632669465288075,,,62.632669465288075,9183.179999999998,0.0,0.0,9183.179999999998,60027.12,0.0,0.0,60027.12,,,,,,,,,,,,,,0.0,0.0,162515.73,0.0,0.0,,0.0,,0.0,,,,,,,,162515.73,0.0
630,UTTAR PRADESH,HATHRAS,,618.98,0.0,0.0,618.98,183799.0,0.0,0.0,183799.0,0.0,183799.0,20767.719999999998,0.0,0.0,20767.719999999998,22306.13,,0.0,22306.13,5540.55,0.0,0.0,5540.55,13459.099999999999,0.0,0.0,13459.099999999999,266.46000000000004,,,266.46000000000004,67.476,,,67.476,,,,,,,,,62407.45,0.0,0.0,62407.45,,,,,,,,,,,,0.0,,,,0.0,,,,,,,,,,,,,,,,0.0,62407.45,0.0,0.0,62407.45,6240.77,0.0,0.0,6240.77,56166.68,0.0,0.0,56166.68,4086.18303,,,4086.18303,16.3823,,,16.3823,50635.64,,,50635.64,54738.20999999999,,,54738.20999999999,97.45673057406988,,,97.45673057406988,4390.96,0.0,0.0,4390.96,7116.12,0.0,0.0,7116.12,,,,,,,,,,,,,,0.0,0.0,56166.68,0.0,0.0,,0.0,,0.0,,,,,,,,56166.68,0.0
631,UTTAR PRADESH,JALAUN,,687.2021569,0.0,0.0,687.2021569,456583.0,0.0,0.0,456583.0,0.0,456583.0,62308.49,0.0,0.0,62308.49,2754.55,,0.0,2754.55,20910.350000000002,0.0,0.0,20910.350000000002,14873.479999999996,0.0,0.0,14873.479999999996,17.6,,,17.6,0.0,,,0.0,,,,,,,,,100864.47,0.0,0.0,100864.47,,,,,,,,,,,,0.0,,,,0.0,,,,,,,,,,,,,,,,0.0,100864.47,0.0,0.0,100864.47,9565.069999999998,0.0,0.0,9565.069999999998,91299.39999999998,0.0,0.0,91299.39999999998,4264.790669999999,,,4264.790669999999,7.300000000000001,,,7.300000000000001,47851.115,,,47851.115,52123.2,,,52123.2,57.090408042112,,,57.090408042112,4509.25,0.0,0.0,4509.25,38931.740000000005,0.0,0.0,38931.740000000005,,,,,,,,,,,,,,0.0,0.0,91299.39999999998,0.0,0.0,,0.0,,0.0,,,,,,,,91299.39999999998,0.0
632,UTTAR PRADESH,JAUNPUR,,901.7200000000001,0.0,0.0,901.7200000000001,399094.0,0.0,0.0,399094.0,0.0,399094.0,70579.68999999999,0.0,0.0,70579.68999999999,23984.539999999997,,0.0,23984.539999999997,11032.17,0.0,0.0,11032.17,21159.009999999995,0.0,0.0,21159.009999999995,1342.8,,,1342.8,85.16799999999999,,,85.16799999999999,,,,,,,,,128183.36,0.0,0.0,128183.36,,,,,,,,,,,,0.0,,,,0.0,,,,,,,,,,,,,,,,0.0,128183.36,0.0,0.0,128183.36,10243.71,0.0,0.0,10243.71,117939.65000000001,0.0,0.0,117939.65000000001,13347.616379999998,,,13347.616379999998,0.0,,,0.0,70520.18000000001,,,70520.18000000001,83867.78,,,83867.78,71.11075876518201,,,71.11075876518201,14572.660000000003,0.0,0.0,14572.660000000003,32846.82,0.0,0.0,32846.82,,,,,,,,,,,,,,0.0,0.0,117939.65000000001,0.0,0.0,,0.0,,0.0,,,,,,,,117939.65000000001,0.0
633,UTTAR PRADESH,JHANSI,,764.9878431900001,0.0,0.0,764.9878431900001,461937.0,0.0,0.0,461937.0,40462.99999999999,502400.0,28416.61,0.0,0.0,28416.61,2923.0099999999998,,,2923.0099999999998,25959.15,0.0,0.0,25959.15,12188.93,0.0,0.0,12188.93,417.63000000000005,,,417.63000000000005,1193.9279999999999,,,1193.9279999999999,,,,,,,,,71099.22,0.0,0.0,71099.22,,,,,,,,,,,,0.0,,,,0.0,,,,,,,,,,,,,,,,0.0,71099.22,0.0,0.0,71099.22,6786.0,0.0,0.0,6786.0,64313.22,0.0,0.0,64313.22,3136.31433,,,3136.31433,40.15,,,40.15,40953.060000000005,,,40953.060000000005,44129.52,,,44129.52,68.61656126065527,,,68.61656126065527,3439.34,0.0,0.0,3439.34,19880.670000000002,0.0,0.0,19880.670000000002,,,,,,,,,,,,,,0.0,0.0,64313.22,0.0,0.0,,0.0,,0.0,,,,,,,,64313.22,0.0
634,UTTAR PRADESH,KANNAUJ,,714.62,0.0,0.0,714.62,214346.0,0.0,0.0,214346.0,0.0,214346.0,26737.989999999998,0.0,0.0,26737.989999999998,21757.93,,0.0,21757.93,1508.47,0.0,0.0,1508.47,11187.27,0.0,0.0,11187.27,312.74,,,312.74,45.699999999999996,,,45.699999999999996,,,,,,,,,61550.1,0.0,0.0,61550.1,,,,,,,,,,,,0.0,,,,0.0,,,,,,,,,,,,,,,,0.0,61550.1,0.0,0.0,61550.1,5429.17,0.0,0.0,5429.17,56120.92999999999,0.0,0.0,56120.92999999999,4328.04882,,,4328.04882,15.793700000000001,,,15.793700000000001,39610.471690414844,,,39610.471690414844,43954.34,,,43954.34,78.32076196884123,,,78.32076196884123,4685.36,0.0,0.0,4685.36,17573.75,0.0,0.0,17573.75,,,,,,,,,,,,,,0.0,0.0,56120.92999999999,0.0,0.0,,0.0,,0.0,,,,,,,,56120.92999999999,0.0
635,UTTAR PRADESH,KANPUR DEHAT,,670.3731372549021,0.0,0.0,670.3731372549021,323737.0,0.0,0.0,323737.0,0.0,323737.0,42331.76,0.0,0.0,42331.76,14387.25,,0.0,14387.25,8503.53,0.0,0.0,8503.53,15077.04,0.0,0.0,15077.04,389.9100000000001,0.0,0.0,389.9100000000001,,,,,,,,,,,,,80689.49,0.0,0.0,80689.49,,,,,,,,,,,,0.0,,,,0.0,,,,,,,,,,,,,,,,0.0,80689.49,0.0,0.0,80689.49,7368.44,0.0,0.0,7368.44,73321.04999999999,0.0,0.0,73321.04999999999,4008.3307199999995,,,4008.3307199999995,332.9165,,,332.9165,49901.84,,,49901.84,54243.079999999994,,,54243.079999999994,73.98022805183506,,,73.98022805183506,4202.93,0.0,0.0,4202.93,18883.37,0.0,0.0,18883.37,,,,,,,,,,,,,,0.0,0.0,73321.05,0.0,0.0,,0.0,,0.0,,,,,,,,73321.05,0.0
636,UTTAR PRADESH,KANPUR NAGAR,,709.6,0.0,0.0,709.6,309483.0,0.0,0.0,309483.0,0.0,309483.0,42713.36,0.0,0.0,42713.36,17911.96,,0.0,17911.96,6860.71,0.0,0.0,6860.71,17030.84,0.0,0.0,17030.84,621.07,0.0,0.0,621.07,105.50399999999999,,,105.50399999999999,1220.56,0.0,0.0,1220.56,150.0,0.0,0.0,150.0,86614.01000000001,0.0,0.0,86614.01000000001,,,,,,,,,,,,0.0,,,,0.0,,,,,,,,,,,,,,,,0.0,86614.01000000001,0.0,0.0,86614.01000000001,7392.369999999999,0.0,0.0,7392.369999999999,79221.64,0.0,0.0,79221.64,7912.545883499999,,,7912.545883499999,346.26848000000007,,,346.26848000000007,53988.75334776335,,,53988.75334776335,62247.55,,,62247.55,78.57392247875707,,,78.57392247875707,8284.77,0.0,0.0,8284.77,16601.87,0.0,0.0,16601.87,,,,,,,,,,,,,,0.0,0.0,79221.64,0.0,0.0,,0.0,,0.0,,,,,,,,79221.64,0.0
637,UTTAR PRADESH,KASGANJ,,724.77,0.0,0.0,724.77,199388.0,0.0,0.0,199388.0,0.0,199388.0,26213.54,0.0,0.0,26213.54,13607.77,,0.0,13607.77,19043.35,0.0,0.0,19043.35,12663.970000000001,0.0,0.0,12663.970000000001,264.51,0.0,0.0,264.51,8.772,,,8.772,,,,,,,,,71801.91,0.0,0.0,71801.91,,,,,,,,,,,,0.0,,,,0.0,,,,,,,,,,,,,,,,0.0,71801.91,0.0,0.0,71801.91,4891.7699999999995,0.0,0.0,4891.7699999999995,66910.14,0.0,0.0,66910.14,3928.98702,,,3928.98702,3.6500000000000004,,,3.6500000000000004,41340.29,,,41340.29,45272.93,,,45272.93,67.6622855668812,,,67.6622855668812,4325.080000000001,0.0,0.0,4325.080000000001,21241.11,0.0,0.0,21241.11,,,,,,,,,,,,,,0.0,0.0,66910.14,0.0,0.0,,0.0,,0.0,,,,,,,,66910.14,0.0
638,UTTAR PRADESH,KAUSHAMBI,,846.45,0.0,0.0,846.45,178001.0,0.0,0.0,178001.0,0.0,178001.0,31767.04,0.0,0.0,31767.04,6728.199999999999,,,6728.199999999999,2310.83,0.0,0.0,2310.83,10228.4,0.0,0.0,10228.4,758.0200000000001,,,758.0200000000001,170.30800000000002,,,170.30800000000002,,,,,,,,,51962.81999999999,0.0,0.0,51962.81999999999,,,,,,,,,,,,0.0,,,,0.0,,,,,,,,,,,,,,,,0.0,51962.81999999999,0.0,0.0,51962.81999999999,5196.290000000001,0.0,0.0,5196.290000000001,46766.53,0.0,0.0,46766.53,4449.10107,,,4449.10107,0.0,,,0.0,33960.29126213592,,,33960.29126213592,38409.39000000001,,,38409.39000000001,82.13008320266654,,,82.13008320266654,4995.9,0.0,0.0,4995.9,9235.27,0.0,0.0,9235.27,,,,,,,,,,,,,,0.0,0.0,46766.53,0.0,0.0,,0.0,,0.0,,,,,,,,46766.53,0.0
639,UTTAR PRADESH,KUSHI NAGAR,,1112.0,0.0,0.0,1112.0,287378.0,0.0,0.0,287378.0,0.0,287378.0,52068.340000000004,0.0,0.0,52068.340000000004,39647.280000000006,,0.0,39647.280000000006,61688.399999999994,0.0,0.0,61688.399999999994,21263.82,0.0,0.0,21263.82,814.48,,,814.48,,,,,,,,,,,,,175482.3,0.0,0.0,175482.3,,,,,,,,,,,,0.0,,,,0.0,,,,,,,,,,,,,,,,0.0,175482.3,0.0,0.0,175482.3,17548.25,0.0,0.0,17548.25,157934.05,0.0,0.0,157934.05,8550.58125,,,8550.58125,60.0,,,60.0,70507.41799999999,,,70507.41799999999,79117.98000000001,,,79117.98000000001,50.095581035248586,,,50.095581035248586,9459.8,0.0,0.0,9459.8,77906.86,0.0,0.0,77906.86,,,,,,,,,,,,,,0.0,0.0,157934.05,0.0,0.0,,0.0,,0.0,,,,,,,,157934.05,0.0
640,UTTAR PRADESH,LAKHIMPUR KHERI,,1130.0,0.0,0.0,1130.0,655505.0,0.0,0.0,655505.0,0.0,655505.0,131492.33000000002,0.0,0.0,131492.33000000002,42161.18,,0.0,42161.18,4955.5599999999995,0.0,0.0,4955.5599999999995,32762.959999999995,0.0,0.0,32762.959999999995,3291.26,,,3291.26,,,,,,,,,,,,,214663.28000000003,0.0,0.0,214663.28000000003,,,,,,,,,,,,0.0,,,,0.0,,,,,,,,,,,,,,,,0.0,214663.28000000003,0.0,0.0,214663.28000000003,16942.370000000003,0.0,0.0,16942.370000000003,197720.91,0.0,0.0,197720.91,11862.831419999999,,,11862.831419999999,529.2499999999999,,,529.2499999999999,108613.88,,,108613.88,121005.94,,,121005.94,61.20037582266843,,,61.20037582266843,13690.090000000002,0.0,0.0,13690.090000000002,74887.72,0.0,0.0,74887.72,,,,,,,,,,,,,,0.0,0.0,197720.91,0.0,0.0,,0.0,,0.0,,,,,,,,197720.91,0.0
641,UTTAR PRADESH,LALITPUR,,909.88882357,0.0,0.0,909.88882357,381942.0,0.0,0.0,381942.0,121981.0,503923.0,16090.63,0.0,0.0,16090.63,1948.5600000000002,,0.0,1948.5600000000002,13004.07,0.0,0.0,13004.07,8475.73,0.0,0.0,8475.73,631.4200000000001,,,631.4200000000001,1165.644,,,1165.644,,,,,,,,,41316.03,0.0,0.0,41316.03,,,,,,,,,,,,0.0,,,,0.0,,,,,,,,,,,,,,,,0.0,41316.03,0.0,0.0,41316.03,4131.59,0.0,0.0,4131.59,37184.439999999995,0.0,0.0,37184.439999999995,3389.57688,,,3389.57688,0.0,,,0.0,28306.805,,,28306.805,31696.37,,,31696.37,85.24095024693125,,,85.24095024693125,3775.9,0.0,0.0,3775.9,5101.74,0.0,0.0,5101.74,,,,,,,,,,,,,,0.0,0.0,37184.44,0.0,0.0,,0.0,,0.0,,,,,,,,37184.44,0.0
642,UTTAR PRADESH,LUCKNOW,,879.8300000000002,0.0,0.0,879.8300000000002,245286.0,0.0,0.0,245286.0,0.0,245286.0,41639.45,0.0,0.0,41639.45,22896.579999999998,,0.0,22896.579999999998,4932.349999999999,0.0,0.0,4932.349999999999,8183.820000000001,0.0,0.0,8183.820000000001,665.71,,,665.71,110.28,,,110.28,3883.6000000000004,0.0,0.0,3883.6000000000004,100.0,0.0,0.0,100.0,82411.79,0.0,0.0,82411.79,,,,,,,,,,,,0.0,,,,0.0,,,,,,,,,,,,,,,,0.0,82411.79,0.0,0.0,82411.79,7321.910000000001,0.0,0.0,7321.910000000001,75089.88,0.0,0.0,75089.88,12202.150786499999,,,12202.150786499999,6121.050000000001,,,6121.050000000001,29902.460000000003,,,29902.460000000003,48225.67999999999,,,48225.67999999999,64.22394069613641,,,64.22394069613641,13872.830000000002,0.0,0.0,13872.830000000002,26417.16,0.0,0.0,26417.16,,,,,,,,,,,,,,0.0,0.0,75089.88,0.0,0.0,,0.0,,0.0,,,,,,,,75089.88,0.0
643,UTTAR PRADESH,MAHOBA,,809.7,0.0,0.0,809.7,229341.0,0.0,0.0,229341.0,0.0,229341.0,9398.630000000001,0.0,0.0,9398.630000000001,9106.16,,0.0,9106.16,5577.27,0.0,0.0,5577.27,6143.91,0.0,0.0,6143.91,363.05,,,363.05,0.0,,,0.0,,,,,,,,,30589.019999999997,0.0,0.0,30589.019999999997,,,,,,,,,,,,0.0,,,,0.0,,,,,,,,,,,,,,,,0.0,30589.019999999997,0.0,0.0,30589.019999999997,2788.8999999999996,0.0,0.0,2788.8999999999996,27800.120000000003,0.0,0.0,27800.120000000003,1142.9363624999999,,,1142.9363624999999,1.8250000000000002,,,1.8250000000000002,24406.699999999997,,,24406.699999999997,25551.46,,,25551.46,91.9113298791516,,,91.9113298791516,1212.54,0.0,0.0,1212.54,3189.15,0.0,0.0,3189.15,,,,,,,,,,,,,,0.0,0.0,27800.120000000003,0.0,0.0,,0.0,,0.0,,,,,,,,27800.120000000003,0.0
644,UTTAR PRADESH,MAHRAJGANJ,,1389.1,0.0,0.0,1389.1,247760.0,0.0,0.0,247760.0,0.0,247760.0,70219.45000000001,0.0,0.0,70219.45000000001,18097.73,,0.0,18097.73,7239.51,0.0,0.0,7239.51,16574.35,0.0,0.0,16574.35,394.31,,,394.31,,,,,,,,,,,,,112525.34000000001,0.0,0.0,112525.34000000001,,,,,,,,,,,,0.0,,,,0.0,,,,,,,,,,,,,,,,0.0,112525.34000000001,0.0,0.0,112525.34000000001,9849.32,0.0,0.0,9849.32,102676.01999999999,0.0,0.0,102676.01999999999,6973.938929999999,,,6973.938929999999,0.0,,,0.0,55375.26,,,55375.26,62349.21,,,62349.21,60.72421778717173,,,60.72421778717173,7698.580000000001,0.0,0.0,7698.580000000001,39602.159999999996,0.0,0.0,39602.159999999996,,,,,,,,,,,,,,0.0,0.0,102676.01999999999,0.0,0.0,,0.0,,0.0,,,,,,,,102676.01999999999,0.0
645,UTTAR PRADESH,MAINPURI,,659.74,0.0,0.0,659.74,276072.0,0.0,0.0,276072.0,0.0,276072.0,36116.89,0.0,0.0,36116.89,22298.339999999997,,,22298.339999999997,16686.0,0.0,0.0,16686.0,16240.500000000002,0.0,0.0,16240.500000000002,912.3900000000001,0.0,0.0,912.3900000000001,96.62400000000001,,,96.62400000000001,,,,,,,,,92350.70999999999,0.0,0.0,92350.70999999999,,,,,,,,,,,,0.0,,,,0.0,,,,,,,,,,,,,,,,0.0,92350.70999999999,0.0,0.0,92350.70999999999,8005.3,0.0,0.0,8005.3,84345.40999999999,0.0,0.0,84345.40999999999,4905.08097,,,4905.08097,0.46849999999999997,,,0.46849999999999997,55711.520000000004,,,55711.520000000004,60617.060000000005,,,60617.060000000005,71.86764519847614,,,71.86764519847614,5240.74,0.0,0.0,5240.74,25054.130000000005,0.0,0.0,25054.130000000005,,,,,,,,,,,,,,0.0,0.0,84345.40999999999,0.0,0.0,,0.0,,0.0,,,,,,,,84345.40999999999,0.0
646,UTTAR PRADESH,MATHURA,,556.8900000000001,0.0,0.0,556.8900000000001,336078.0,0.0,0.0,336078.0,0.0,336078.0,35047.88,0.0,0.0,35047.88,36892.520000000004,,0.0,36892.520000000004,40839.85999999999,0.0,0.0,40839.85999999999,24154.25,0.0,0.0,24154.25,287.43,0.0,0.0,287.43,177.96,,,177.96,,,,,,,,,137399.88999999998,0.0,0.0,137399.88999999998,,,,,,,,,,,,0.0,,,,0.0,,,,,,,,,,,,,,,,0.0,137399.88999999998,0.0,0.0,137399.88999999998,12434.18,0.0,0.0,12434.18,124965.71,0.0,0.0,124965.71,6390.829529999999,,,6390.829529999999,0.0,,,0.0,83684.14,,,83684.14,90074.95,,,90074.95,72.0797329123325,,,72.0797329123325,6972.000000000001,0.0,0.0,6972.000000000001,36277.35999999999,0.0,0.0,36277.35999999999,,,,,,,,,,,,,,0.0,0.0,124965.71,0.0,0.0,,0.0,,0.0,,,,,,,,124965.71,0.0
647,UTTAR PRADESH,MAUNATH BHANJAN,,897.305294117647,0.0,0.0,897.305294117647,171624.0,0.0,0.0,171624.0,0.0,171624.0,31444.48,0.0,0.0,31444.48,7108.01,,0.0,7108.01,3421.46,0.0,0.0,3421.46,7096.86,0.0,0.0,7096.86,2080.82,,,2080.82,,,,,,,,,,,,,51151.630000000005,0.0,0.0,51151.630000000005,,,,,,,,,,,,0.0,,,,0.0,,,,,,,,,,,,,,,,0.0,51151.630000000005,0.0,0.0,51151.630000000005,4597.719999999999,0.0,0.0,4597.719999999999,46553.91,0.0,0.0,46553.91,6249.67746,,,6249.67746,5.6850000000000005,,,5.6850000000000005,23859.05,,,23859.05,30114.4,,,30114.4,64.68715517128422,,,64.68715517128422,7033.82,0.0,0.0,7033.82,15655.37,0.0,0.0,15655.37,,,,,,,,,,,,,,0.0,0.0,46553.91,0.0,0.0,,0.0,,0.0,,,,,,,,46553.91,0.0
648,UTTAR PRADESH,MEERUT,,856.8900000000002,0.0,0.0,856.8900000000002,281049.0,0.0,0.0,281049.0,0.0,281049.0,44118.11,0.0,0.0,44118.11,16954.39,,0.0,16954.39,8732.86,0.0,0.0,8732.86,13135.509999999998,0.0,0.0,13135.509999999998,256.95,0.0,0.0,256.95,64.026,0.0,0.0,64.026,312.27719250000007,0.0,0.0,312.27719250000007,500.0,0.0,0.0,500.0,84074.11999999998,0.0,0.0,84074.11999999998,,,,,,,,,,,,0.0,,,,0.0,,,,,,,,,,,,,,,,0.0,84074.11999999998,0.0,0.0,84074.11999999998,7083.459999999999,0.0,0.0,7083.459999999999,76990.66,0.0,0.0,76990.66,9849.866092500002,,,9849.866092500002,1089.7006199999998,,,1089.7006199999998,48205.8,,,48205.8,59145.35999999999,,,59145.35999999999,76.82147418920684,,,76.82147418920684,10375.53,0.0,0.0,10375.53,19824.589999999997,0.0,0.0,19824.589999999997,,,,,,,,,,,,,,0.0,0.0,76990.66,0.0,0.0,,0.0,,0.0,,,,,,,,76990.66,0.0
649,UTTAR PRADESH,MIRZAPUR,,939.2237666846064,0.0,0.0,939.2237666846064,295437.0,0.0,0.0,295437.0,156648.0,452085.0,26374.260000000002,0.0,0.0,26374.260000000002,4027.7899999999995,,,4027.7899999999995,21100.16,0.0,0.0,21100.16,7929.31,0.0,0.0,7929.31,1031.99,,,1031.99,0.0,,,0.0,,,,,,,,,60463.48999999999,0.0,0.0,60463.48999999999,,,,,,,,,,,,0.0,,,,0.0,,,,,,,,,,,,,,,,0.0,60463.48999999999,0.0,0.0,60463.48999999999,5121.049999999999,0.0,0.0,5121.049999999999,55342.44,0.0,0.0,55342.44,6698.592419999999,,,6698.592419999999,25.55,,,25.55,28096.28,,,28096.28,34820.439999999995,,,34820.439999999995,62.918151060921765,,,62.918151060921765,7319.87,0.0,0.0,7319.87,20068.82,0.0,0.0,20068.82,,,,,,,,,,,,,,0.0,0.0,55342.44,0.0,0.0,,0.0,,0.0,,,,,,,,55342.44,0.0
650,UTTAR PRADESH,MORADABAD,,902.5915686,0.0,0.0,902.5915686,224944.0,0.0,0.0,224944.0,0.0,224944.0,40554.95,0.0,0.0,40554.95,9176.18,,0.0,9176.18,3746.0900000000006,0.0,0.0,3746.0900000000006,13450.25,0.0,0.0,13450.25,2008.9000000000003,0.0,0.0,2008.9000000000003,87.682,,,87.682,450.0,0.0,0.0,450.0,600.0,0.0,0.0,600.0,70074.02999999998,0.0,0.0,70074.02999999998,,,,,,,,,,,,0.0,,,,0.0,,,,,,,,,,,,,,,,0.0,70074.02999999998,0.0,0.0,70074.02999999998,5600.83,0.0,0.0,5600.83,64473.19999999999,0.0,0.0,64473.19999999999,10472.49924375,,,10472.49924375,157.97850000000003,,,157.97850000000003,46325.630000000005,,,46325.630000000005,56956.10999999999,,,56956.10999999999,88.34075243667137,,,88.34075243667137,11804.71,0.0,0.0,11804.71,10475.39,0.0,0.0,10475.39,,,,,,,,,,,,,,0.0,0.0,64473.19999999999,0.0,0.0,,0.0,,0.0,,,,,,,,64473.19999999999,0.0
651,UTTAR PRADESH,MUZAFFARNAGAR,,942.23,0.0,0.0,942.23,275666.0,0.0,0.0,275666.0,0.0,275666.0,50945.97,0.0,0.0,50945.97,29653.780000000002,,0.0,29653.780000000002,14034.7,0.0,0.0,14034.7,20170.97,0.0,0.0,20170.97,304.96000000000004,,,304.96000000000004,16.91,,,16.91,,,,,,,,,115127.26999999997,0.0,0.0,115127.26999999997,,,,,,,,,,,,0.0,,,,0.0,,,,,,,,,,,,,,,,0.0,115127.26999999997,0.0,0.0,115127.26999999997,7467.09,0.0,0.0,7467.09,107660.18,0.0,0.0,107660.18,6482.62119,,,6482.62119,739.0994,,,739.0994,72947.72,,,72947.72,80169.41,,,80169.41,74.46523867970498,,,74.46523867970498,7121.129999999999,0.0,0.0,7121.129999999999,28207.750000000004,0.0,0.0,28207.750000000004,,,,,,,,,,,,,,0.0,0.0,107660.17999999998,0.0,0.0,,0.0,,0.0,,,,,,,,107660.17999999998,0.0
652,UTTAR PRADESH,PILIBHIT,,1201.2699999999998,0.0,0.0,1201.2699999999998,336959.0,0.0,0.0,336959.0,0.0,336959.0,72948.71,0.0,0.0,72948.71,14758.52,,0.0,14758.52,6759.65,0.0,0.0,6759.65,20749.0,0.0,0.0,20749.0,1471.08,0.0,0.0,1471.08,,,,,,,,,,,,,116686.95999999999,0.0,0.0,116686.95999999999,,,,,,,,,,,,0.0,,,,0.0,,,,,,,,,,,,,,,,0.0,116686.95999999999,0.0,0.0,116686.95999999999,10935.580000000002,0.0,0.0,10935.580000000002,105751.38,0.0,0.0,105751.38,5327.41371,,,5327.41371,90.673,,,90.673,60442.49999999999,,,60442.49999999999,65860.59000000001,,,65860.59000000001,62.27870501548066,,,62.27870501548066,5768.94,0.0,0.0,5768.94,39449.270000000004,0.0,0.0,39449.270000000004,,,,,,,,,,,,,,0.0,0.0,105751.38,0.0,0.0,,0.0,,0.0,,,,,,,,105751.38,0.0
653,UTTAR PRADESH,PRATAPGARH,,837.75,0.0,0.0,837.75,371743.0,0.0,0.0,371743.0,0.0,371743.0,59658.72,0.0,0.0,59658.72,32294.34,,0.0,32294.34,16389.0,0.0,0.0,16389.0,27237.109999999997,0.0,0.0,27237.109999999997,787.67,,,787.67,591.688,,,591.688,,,,,,,,,136958.53,0.0,0.0,136958.53,,,,,,,,,,,,0.0,,,,0.0,,,,,,,,,,,,,,,,0.0,136958.53,0.0,0.0,136958.53,9290.59,0.0,0.0,9290.59,127667.93999999997,0.0,0.0,127667.93999999997,8091.84852,,,8091.84852,32.5,,,32.5,91159.96,,,91159.96,99284.31,,,99284.31,77.76761338829468,,,77.76761338829468,8699.65,0.0,0.0,8699.65,27810.55,0.0,0.0,27810.55,,,,,,,,,,,,,,0.0,0.0,127667.94,0.0,0.0,,0.0,,0.0,,,,,,,,127667.94,0.0
654,UTTAR PRADESH,PRAYAGRAJ,,843.0900000000001,0.0,0.0,843.0900000000001,499630.0,0.0,0.0,499630.0,47370.0,547000.0,72160.93999999999,0.0,0.0,72160.93999999999,15821.94,,,15821.94,30636.880000000005,0.0,0.0,30636.880000000005,19851.54,0.0,0.0,19851.54,1851.2700000000002,,,1851.2700000000002,,,,,227.16288445500004,0.0,0.0,227.16288445500004,25.0,0.0,0.0,25.0,140574.74000000002,0.0,0.0,140574.74000000002,,,,,,,,,,,,0.0,,,,0.0,,,,,,,,,,,,,,,,0.0,140574.74000000002,0.0,0.0,140574.74000000002,11907.699999999999,0.0,0.0,11907.699999999999,128667.04,0.0,0.0,128667.04,16783.636518825,,,16783.636518825,1371.5310000000002,,,1371.5310000000002,76359.33,,,76359.33,94514.51000000001,,,94514.51000000001,73.45665991849974,,,73.45665991849974,18139.559999999998,0.0,0.0,18139.559999999998,34918.880000000005,0.0,0.0,34918.880000000005,,,,,,,,,,,,,,0.0,0.0,128667.04,0.0,0.0,,0.0,,0.0,,,,,,,,128667.04,0.0
655,UTTAR PRADESH,RAIBARELI,,748.3,0.0,0.0,748.3,392458.0,0.0,0.0,392458.0,0.0,392458.0,57010.95999999999,0.0,0.0,57010.95999999999,23444.53,,0.0,23444.53,23636.579999999998,0.0,0.0,23636.579999999998,17965.66,0.0,0.0,17965.66,1999.06,,,1999.06,0.0,,,0.0,,,,,,,,,124056.79,0.0,0.0,124056.79,,,,,,,,,,,,0.0,,,,0.0,,,,,,,,,,,,,,,,0.0,124056.79,0.0,0.0,124056.79,12405.68,0.0,0.0,12405.68,111651.11000000002,0.0,0.0,111651.11000000002,6976.36545,,,6976.36545,0.0,,,0.0,58802.155,,,58802.155,65778.54,,,65778.54,58.914362786003636,,,58.914362786003636,7673.42,0.0,0.0,7673.42,45175.51,0.0,0.0,45175.51,,,,,,,,,,,,,,0.0,0.0,111651.11000000002,0.0,0.0,,0.0,,0.0,,,,,,,,111651.11000000002,0.0
656,UTTAR PRADESH,RAMPUR,,1051.6088235294114,0.0,0.0,1051.6088235294114,229790.0,0.0,0.0,229790.0,0.0,229790.0,38523.6,0.0,0.0,38523.6,18743.8,,0.0,18743.8,168.28,0.0,0.0,168.28,12972.5,0.0,0.0,12972.5,492.17999999999995,,,492.17999999999995,8207.536,0.0,,8207.536,,,,,,,,,79107.9,0.0,0.0,79107.9,,,,,,,,,,,,0.0,,,,0.0,,,,,,,,,,,,,,,,0.0,79107.9,0.0,0.0,79107.9,7006.1900000000005,0.0,0.0,7006.1900000000005,72101.70999999999,0.0,0.0,72101.70999999999,5105.658689999999,,,5105.658689999999,254.49079999999995,,,254.49079999999995,46685.34,,,46685.34,52045.49,,,52045.49,72.18343365226706,,,72.18343365226706,5579.04,0.0,0.0,5579.04,19582.84,0.0,0.0,19582.84,,,,,,,,,,,,,,0.0,0.0,72101.70999999999,0.0,0.0,,0.0,,0.0,,,,,,,,72101.70999999999,0.0
657,UTTAR PRADESH,SAHARANPUR,,1102.65,0.0,0.0,1102.65,368941.0,0.0,0.0,368941.0,0.0,368941.0,82540.75999999998,0.0,0.0,82540.75999999998,15260.650000000003,,0.0,15260.650000000003,8542.53,0.0,0.0,8542.53,34915.96,0.0,0.0,34915.96,247.57000000000002,,,247.57000000000002,,,,,,,,,,,,,141507.45,0.0,0.0,141507.45,,,,,,,,,,,,0.0,,,,0.0,,,,,,,,,,,,,,,,0.0,141507.45,0.0,0.0,141507.45,9806.88,0.0,0.0,9806.88,131700.57,0.0,0.0,131700.57,7179.568979999999,,,7179.568979999999,702.9454,,,702.9454,123970.56,,,123970.56,131853.06000000003,,,131853.06000000003,100.11578537587195,,,100.11578537587195,7702.09,0.0,0.0,7702.09,16095.430000000002,0.0,0.0,16095.430000000002,,,,,,,,,,,,,,0.0,0.0,131700.57,0.0,0.0,,0.0,,0.0,,,,,,,,131700.57,0.0
658,UTTAR PRADESH,SAMBHAL,,784.537058823529,0.0,0.0,784.537058823529,241520.0,0.0,0.0,241520.0,0.0,241520.0,39447.94,0.0,0.0,39447.94,0.0,,0.0,0.0,41.6,0.0,0.0,41.6,8435.21,0.0,0.0,8435.21,710.3499999999999,,,710.3499999999999,,,,,,,,,,,,,48635.1,0.0,0.0,48635.1,,,,,,,,,,,,0.0,,,,0.0,,,,,,,,,,,,,,,,0.0,48635.1,0.0,0.0,48635.1,4297.9400000000005,0.0,0.0,4297.9400000000005,44337.16,0.0,0.0,44337.16,5622.073829999999,,,5622.073829999999,168.157,,,168.157,32977.25,,,32977.25,38767.490000000005,,,38767.490000000005,87.4379188924144,,,87.4379188924144,6263.01,0.0,0.0,6263.01,5079.8099999999995,0.0,0.0,5079.8099999999995,,,,,,,,,,,,,,0.0,0.0,44337.16,0.0,0.0,,0.0,,0.0,,,,,,,,44337.16,0.0
659,UTTAR PRADESH,SANT KABIR NAGAR,,1253.9200000000003,0.0,0.0,1253.9200000000003,164699.0,0.0,0.0,164699.0,0.0,164699.0,43139.39,0.0,0.0,43139.39,1505.18,,0.0,1505.18,600.6999999999999,0.0,0.0,600.6999999999999,8097.21,0.0,0.0,8097.21,997.9000000000002,0.0,0.0,997.9000000000002,,,,,,,,,,,,,54340.37999999999,0.0,0.0,54340.37999999999,,,,,,,,,,,,0.0,,,,0.0,,,,,,,,,,,,,,,,0.0,54340.37999999999,0.0,0.0,54340.37999999999,5119.28,0.0,0.0,5119.28,49221.1,0.0,0.0,49221.1,4252.058010000001,,,4252.058010000001,158.269475,,,158.269475,26840.858,,,26840.858,31251.180000000004,,,31251.180000000004,63.491429488573004,,,63.491429488573004,4631.669999999999,0.0,0.0,4631.669999999999,17590.3,0.0,0.0,17590.3,,,,,,,,,,,,,,0.0,0.0,49221.1,0.0,0.0,,0.0,,0.0,,,,,,,,49221.1,0.0
660,UTTAR PRADESH,SANT RAVIDAS NAGAR,,949.6,0.0,0.0,949.6,98305.0,0.0,0.0,98305.0,3195.0,101500.0,17199.78,0.0,0.0,17199.78,51072.14000000001,,,51072.14000000001,1762.01,0.0,0.0,1762.01,15357.61,0.0,0.0,15357.61,913.23,,,913.23,0.0,,,0.0,,,,,,,,,86304.77,0.0,0.0,86304.77,,,,,,,,,,,,0.0,,,,0.0,,,,,,,,,,,,,,,,0.0,86304.77,0.0,0.0,86304.77,8630.47,0.0,0.0,8630.47,77674.3,0.0,0.0,77674.3,3435.0369,,,3435.0369,80.30000000000001,,,80.30000000000001,58470.09,,,58470.09,61985.4,,,61985.4,79.80168472712339,,,79.80168472712339,3648.8500000000004,0.0,0.0,3648.8500000000004,15475.09,0.0,0.0,15475.09,,,,,,,,,,,,,,0.0,0.0,77674.3,0.0,0.0,,0.0,,0.0,,,,,,,,77674.3,0.0
661,UTTAR PRADESH,SHAHJAHANPUR,,898.18,0.0,0.0,898.18,458131.0,0.0,0.0,458131.0,0.0,458131.0,92397.75000000001,0.0,0.0,92397.75000000001,15206.42,,0.0,15206.42,1367.6299999999997,0.0,0.0,1367.6299999999997,24233.71,0.0,0.0,24233.71,2211.0399999999995,0.0,0.0,2211.0399999999995,,,,,,,,,,,,,135416.55,0.0,0.0,135416.55,,,,,,,,,,,,0.0,,,,0.0,,,,,,,,,,,,,,,,0.0,135416.55,0.0,0.0,135416.55,9304.73,0.0,0.0,9304.73,126111.82,0.0,0.0,126111.82,8362.1125875,,,8362.1125875,1503.0312000000004,,,1503.0312000000004,69252.6,,,69252.6,79117.77,,,79117.77,62.73620505992222,,,62.73620505992222,9322.620000000003,0.0,0.0,9322.620000000003,46033.55,0.0,0.0,46033.55,,,,,,,,,,,,,,0.0,0.0,126111.82,0.0,0.0,,0.0,,0.0,,,,,,,,126111.82,0.0
662,UTTAR PRADESH,SHAMLI,,869.0999999999999,0.0,0.0,869.0999999999999,136126.0,0.0,0.0,136126.0,0.0,136126.0,23308.600000000002,0.0,0.0,23308.600000000002,11198.68,,0.0,11198.68,1136.17,0.0,0.0,1136.17,10506.190000000002,0.0,0.0,10506.190000000002,141.82999999999998,,,141.82999999999998,23.208,,,23.208,,,,,,,,,46314.69,0.0,0.0,46314.69,,,,,,,,,,,,0.0,,,,0.0,,,,,,,,,,,,,,,,0.0,46314.69,0.0,0.0,46314.69,3678.3599999999997,0.0,0.0,3678.3599999999997,42636.329999999994,0.0,0.0,42636.329999999994,3025.9142399999996,,,3025.9142399999996,164.64700000000013,,,164.64700000000013,42109.92,,,42109.92,45300.48,,,45300.48,106.24854437518427,,,106.24854437518427,3066.96,0.0,0.0,3066.96,954.54,0.0,0.0,954.54,,,,,,,,,,,,,,0.0,0.0,42636.33,0.0,0.0,,0.0,,0.0,,,,,,,,42636.33,0.0
663,UTTAR PRADESH,SHRAWASTI,,1184.5100000000002,0.0,0.0,1184.5100000000002,185782.0,0.0,0.0,185782.0,0.0,185782.0,40968.909999999996,0.0,0.0,40968.909999999996,1912.44,,0.0,1912.44,0.0,0.0,0.0,0.0,8491.82,0.0,0.0,8491.82,537.4699999999999,,,537.4699999999999,0.0,,,0.0,,,,,,,,,51910.64,0.0,0.0,51910.64,,,,,,,,,,,,0.0,,,,0.0,,,,,,,,,,,,,,,,0.0,51910.64,0.0,0.0,51910.64,3095.6499999999996,0.0,0.0,3095.6499999999996,48814.990000000005,0.0,0.0,48814.990000000005,3164.1711299999997,,,3164.1711299999997,0.0,,,0.0,24333.89,,,24333.89,27498.070000000003,,,27498.070000000003,56.331200723384356,,,56.331200723384356,3632.46,0.0,0.0,3632.46,20848.640000000003,0.0,0.0,20848.640000000003,,,,,,,,,,,,,,0.0,0.0,48814.990000000005,0.0,0.0,,0.0,,0.0,,,,,,,,48814.990000000005,0.0
664,UTTAR PRADESH,SIDDHARTH NAGAR,,1158.57,0.0,0.0,1158.57,289503.0,0.0,0.0,289503.0,0.0,289503.0,68023.14,0.0,0.0,68023.14,6128.79,,0.0,6128.79,5332.870000000001,0.0,0.0,5332.870000000001,14250.639999999998,0.0,0.0,14250.639999999998,464.73999999999995,0.0,0.0,464.73999999999995,,,,,,,,,,,,,94200.17,0.0,0.0,94200.17,,,,,,,,,,,,0.0,,,,0.0,,,,,,,,,,,,,,,,0.0,94200.17,0.0,0.0,94200.17,7313.11,0.0,0.0,7313.11,86887.06000000001,0.0,0.0,86887.06000000001,7221.286289999999,,,7221.286289999999,0.27,,,0.27,47747.168542795924,,,47747.168542795924,54968.72,,,54968.72,63.26456436666172,,,63.26456436666172,8079.370000000001,0.0,0.0,8079.370000000001,31060.26,0.0,0.0,31060.26,,,,,,,,,,,,,,0.0,0.0,86887.06000000001,0.0,0.0,,0.0,,0.0,,,,,,,,86887.06000000001,0.0
665,UTTAR PRADESH,SITAPUR,,991.2599999999999,0.0,0.0,991.2599999999999,574695.0,0.0,0.0,574695.0,0.0,574695.0,98394.35999999999,0.0,0.0,98394.35999999999,68887.98999999999,,0.0,68887.98999999999,3491.0699999999993,0.0,0.0,3491.0699999999993,29333.420000000002,0.0,0.0,29333.420000000002,2181.95,,,2181.95,,,,,,,,,,,,,202288.8,0.0,0.0,202288.8,,,,,,,,,,,,0.0,,,,0.0,,,,,,,,,,,,,,,,0.0,202288.8,0.0,0.0,202288.8,20228.91,0.0,0.0,20228.91,182059.89000000004,0.0,0.0,182059.89000000004,11049.528930000002,,,11049.528930000002,17352.1,,,17352.1,83149.704,,,83149.704,111551.34000000003,,,111551.34000000003,61.271782598572365,,,61.271782598572365,12255.85,0.0,0.0,12255.85,69302.22,0.0,0.0,69302.22,,,,,,,,,,,,,,0.0,0.0,182059.89000000004,0.0,0.0,,0.0,,0.0,,,,,,,,182059.89000000004,0.0
666,UTTAR PRADESH,SONBHADRA,,973.0899999999999,0.0,0.0,973.0899999999999,241458.89,0.0,0.0,241458.89,439498.63,680957.52,14918.560000000001,0.0,0.0,14918.560000000001,2274.7599999999993,,0.0,2274.7599999999993,23814.510000000002,0.0,0.0,23814.510000000002,6422.150000000001,0.0,0.0,6422.150000000001,307.13,,,307.13,6920.844,,,6920.844,,,,,,,,,54657.91000000001,0.0,0.0,54657.91000000001,,,,,,,,,,,,0.0,,,,0.0,,,,,,,,,,,,,,,,0.0,54657.91000000001,0.0,0.0,54657.91000000001,5252.849999999999,0.0,0.0,5252.849999999999,49405.05999999999,0.0,0.0,49405.05999999999,4230.13173,,,4230.13173,442.4868999999999,,,442.4868999999999,21308.190000000002,,,21308.190000000002,25980.79,,,25980.79,52.58730583466553,,,52.58730583466553,4730.88,0.0,0.0,4730.88,22923.529999999995,0.0,0.0,22923.529999999995,,,,,,,,,,,,,,0.0,0.0,49405.05999999999,0.0,0.0,,0.0,,0.0,,,,,,,,49405.05999999999,0.0
667,UTTAR PRADESH,SULTANPUR,,887.59,0.0,0.0,887.59,265381.0,0.0,0.0,265381.0,0.0,265381.0,48153.57000000001,0.0,0.0,48153.57000000001,21874.219999999998,,0.0,21874.219999999998,6308.94,0.0,0.0,6308.94,14785.289999999999,0.0,0.0,14785.289999999999,1810.5500000000002,,,1810.5500000000002,12.530000000000001,,,12.530000000000001,,,,,,,,,92945.09,0.0,0.0,92945.09,,,,,,,,,,,,0.0,,,,0.0,,,,,,,,,,,,,,,,0.0,92945.09,0.0,0.0,92945.09,8814.64,0.0,0.0,8814.64,84130.45000000001,0.0,0.0,84130.45000000001,6035.1779099999985,,,6035.1779099999985,5.8125,,,5.8125,45165.92,,,45165.92,51206.89000000001,,,51206.89000000001,60.86605979166877,,,60.86605979166877,6496.7,0.0,0.0,6496.7,32462.029999999995,0.0,0.0,32462.029999999995,,,,,,,,,,,,,,0.0,0.0,84130.45000000001,0.0,0.0,,0.0,,0.0,,,,,,,,84130.45000000001,0.0
668,UTTAR PRADESH,UNNAO,,765.6800000000002,0.0,0.0,765.6800000000002,460234.0,0.0,0.0,460234.0,0.0,460234.0,63621.530000000006,0.0,0.0,63621.530000000006,63234.78,,0.0,63234.78,15099.84,0.0,0.0,15099.84,26484.710000000003,0.0,0.0,26484.710000000003,1262.81,,,1262.81,19.532,,,19.532,,,,,,,,,169723.21,0.0,0.0,169723.21,,,,,,,,,,,,0.0,,,,0.0,,,,,,,,,,,,,,,,0.0,169723.21,0.0,0.0,169723.21,14902.839999999997,0.0,0.0,14902.839999999997,154820.37,0.0,0.0,154820.37,8466.202739999999,,,8466.202739999999,1030.1740000000002,,,1030.1740000000002,86278.64249999997,,,86278.64249999997,95775.02999999998,,,95775.02999999998,61.862034046295065,,,61.862034046295065,9372.65,0.0,0.0,9372.65,58138.91,0.0,0.0,58138.91,,,,,,,,,,,,,,0.0,0.0,154820.37,0.0,0.0,,0.0,,0.0,,,,,,,,154820.37,0.0
669,UTTAR PRADESH,VARANASI,,925.7799999999999,0.0,0.0,925.7799999999999,160532.0,0.0,0.0,160532.0,0.0,160532.0,26221.5,0.0,0.0,26221.5,12113.170000000002,,0.0,12113.170000000002,2664.3,0.0,0.0,2664.3,9569.69,0.0,0.0,9569.69,325.97,,,325.97,10.078,,,10.078,954.1099999999999,0.0,0.0,954.1099999999999,100.0,0.0,0.0,100.0,51958.799999999996,0.0,0.0,51958.799999999996,,,,,,,,,,,,0.0,,,,0.0,,,,,,,,,,,,,,,,0.0,51958.799999999996,0.0,0.0,51958.799999999996,4249.6900000000005,0.0,0.0,4249.6900000000005,47709.11000000001,0.0,0.0,47709.11000000001,10508.938909249999,,,10508.938909249999,88.10645000000001,,,88.10645000000001,31898.967058823528,,,31898.967058823528,42496.04000000001,,,42496.04000000001,89.07321893030493,,,89.07321893030493,10946.310000000001,0.0,0.0,10946.310000000001,8418.19,0.0,0.0,8418.19,,,,,,,,,,,,,,0.0,0.0,47709.11000000001,0.0,0.0,,0.0,,0.0,,,,,,,,47709.11000000001,0.0
670,UTTARAKHAND,ALMORA,,0.0,0.0,0.0,0.0,0.0,0.0,0.0,0.0,314100.0,314100.0,,,,,,,,,,,,,,,,,,,,,,,,,,,,,,,,,,,,,,,,,,,,,,,,0.0,,,,0.0,,,,,,,,,,,,,,,,0.0,,,,0.0,,,,0.0,0.0,0.0,0.0,0.0,,,,,,,,,,,,,,,,,,,,,0.0,0.0,0.0,0.0,0.0,0.0,0.0,0.0,,,,,,,,,,,,,,0.0,0.0,0.0,0.0,0.0,,0.0,,0.0,,,,,,,,0.0,0.0
671,UTTARAKHAND,BAGESHWAR,,0.0,0.0,0.0,0.0,0.0,0.0,0.0,0.0,93300.0,93300.0,,,,,,,,,,,,,,,,,,,,,,,,,,,,,,,,,,,,,,,,,,,,,,,,0.0,,,,0.0,,,,,,,,,,,,,,,,0.0,,,,0.0,,,,0.0,0.0,0.0,0.0,0.0,,,,,,,,,,,,,,,,,,,,,0.0,0.0,0.0,0.0,0.0,0.0,0.0,0.0,,,,,,,,,,,,,,0.0,0.0,0.0,0.0,0.0,,0.0,,0.0,,,,,,,,0.0,0.0
672,UTTARAKHAND,CHAMOLI,,0.0,0.0,0.0,0.0,0.0,0.0,0.0,0.0,371900.0,371900.0,,,,,,,,,,,,,,,,,,,,,,,,,,,,,,,,,,,,,,,,,,,,,,,,0.0,,,,0.0,,,,,,,,,,,,,,,,0.0,,,,0.0,,,,0.0,0.0,0.0,0.0,0.0,,,,,,,,,,,,,,,,,,,,,0.0,0.0,0.0,0.0,0.0,0.0,0.0,0.0,,,,,,,,,,,,,,0.0,0.0,0.0,0.0,0.0,,0.0,,0.0,,,,,,,,0.0,0.0
673,UTTARAKHAND,CHAMPAWAT,,0.0,0.0,0.0,0.0,0.0,0.0,0.0,0.0,159600.0,159600.0,,,,,,,,,,,,,,,,,,,,,,,,,,,,,,,,,,,,,,,,,,,,,,,,0.0,,,,0.0,,,,,,,,,,,,,,,,0.0,,,,0.0,,,,0.0,0.0,0.0,0.0,0.0,,,,,,,,,,,,,,,,,,,,,0.0,0.0,0.0,0.0,0.0,0.0,0.0,0.0,,,,,,,,,,,,,,0.0,0.0,0.0,0.0,0.0,,0.0,,0.0,,,,,,,,0.0,0.0
674,UTTARAKHAND,DEHRADUN,,2183.6,0.0,0.0,2183.6,125544.0,0.0,0.0,125544.0,163900.0,289444.0,56690.23,0.0,0.0,56690.23,625.0699999999999,,0.0,625.0699999999999,2189.63,0.0,0.0,2189.63,1047.83,0.0,0.0,1047.83,0.0,0.0,0.0,0.0,0.0,0.0,0.0,0.0,,,,,,,,,60552.76,0.0,0.0,60552.76,,,,,,,,,,,,0.0,,,,0.0,,,,,,,,,,,,,,,,0.0,60552.76,0.0,0.0,60552.76,4268.860000000001,0.0,0.0,4268.860000000001,56283.899999999994,0.0,0.0,56283.899999999994,5460.8099999999995,,,5460.8099999999995,639.8362790000001,,,639.8362790000001,5889.71,,,5889.71,11990.35,,,11990.35,21.303338965494575,,,21.303338965494575,5460.81,0.0,0.0,5460.81,44293.55,0.0,0.0,44293.55,,,,,,,,,,,,,,0.0,0.0,56283.899999999994,0.0,0.0,,0.0,,0.0,,,,,,,,56283.899999999994,0.0
675,UTTARAKHAND,HARIDWAR,,1020.0,0.0,0.0,1020.0,156835.0,0.0,0.0,156835.0,0.0,156835.0,30496.75,0.0,0.0,30496.75,7865.49,,0.0,7865.49,1715.62,0.0,0.0,1715.62,6153.829999999999,0.0,0.0,6153.829999999999,0.0,0.0,0.0,0.0,0.0,0.0,0.0,0.0,,,,,,,,,46231.69,0.0,0.0,46231.69,,,,,,,,,,,,0.0,,,,0.0,,,,,,,,,,,,,,,,0.0,46231.69,0.0,0.0,46231.69,3404.5299999999997,0.0,0.0,3404.5299999999997,42827.16,0.0,0.0,42827.16,3006.45171,,,3006.45171,3447.597796,,,3447.597796,20371.079999999998,,,20371.079999999998,26825.13,,,26825.13,62.63578999868308,,,62.63578999868308,3287.61,0.0,0.0,3287.61,15720.88,0.0,0.0,15720.88,,,,,,,,,,,,,,0.0,0.0,42827.159999999996,0.0,0.0,,0.0,,0.0,,,,,,,,42827.159999999996,0.0
676,UTTARAKHAND,NAINITAL,,1711.0,0.0,0.0,1711.0,23643.0,0.0,0.0,23643.0,175400.0,199043.0,7646.129999999999,0.0,0.0,7646.129999999999,2215.38,,0.0,2215.38,6837.51,0.0,0.0,6837.51,2302.33,0.0,0.0,2302.33,0.0,0.0,0.0,0.0,0.0,0.0,0.0,0.0,,,,,,,,,19001.34,0.0,0.0,19001.34,,,,,,,,,,,,0.0,,,,0.0,,,,,,,,,,,,,,,,0.0,19001.34,0.0,0.0,19001.34,1900.1399999999999,0.0,0.0,1900.1399999999999,17101.199999999997,0.0,0.0,17101.199999999997,3316.11,,,3316.11,1591.736,,,1591.736,5352.69,,,5352.69,10260.53,,,10260.53,59.99888896685614,,,59.99888896685614,3316.11,0.0,0.0,3316.11,6840.67,0.0,0.0,6840.67,,,,,,,,,,,,,,0.0,0.0,17101.2,0.0,0.0,,0.0,,0.0,,,,,,,,17101.2,0.0
677,UTTARAKHAND,PAURIGARHWAL,,0.0,0.0,0.0,0.0,0.0,0.0,0.0,0.0,402100.0,402100.0,,,,,,,,,,,,,,,,,,,,,,,,,,,,,,,,,,,,,,,,,,,,,,,,0.0,,,,0.0,,,,,,,,,,,,,,,,0.0,,,,0.0,,,,0.0,0.0,0.0,0.0,0.0,,,,,,,,,,,,,,,,,,,,,0.0,0.0,0.0,0.0,0.0,0.0,0.0,0.0,,,,,,,,,,,,,,0.0,0.0,0.0,0.0,0.0,,0.0,,0.0,,,,,,,,0.0,0.0
678,UTTARAKHAND,PITHORAGARH,,0.0,0.0,0.0,0.0,0.0,0.0,0.0,0.0,220300.0,220300.0,,,,,,,,,,,,,,,,,,,,,,,,,,,,,,,,,,,,,,,,,,,,,,,,0.0,,,,0.0,,,,,,,,,,,,,,,,0.0,,,,0.0,,,,0.0,0.0,0.0,0.0,0.0,,,,,,,,,,,,,,,,,,,,,0.0,0.0,0.0,0.0,0.0,0.0,0.0,0.0,,,,,,,,,,,,,,0.0,0.0,0.0,0.0,0.0,,0.0,,0.0,,,,,,,,0.0,0.0
679,UTTARAKHAND,RUDRAPRAYAG,,0.0,0.0,0.0,0.0,0.0,0.0,0.0,0.0,166500.0,166500.0,,,,,,,,,,,,,,,,,,,,,,,,,,,,,,,,,,,,,,,,,,,,,,,,0.0,,,,0.0,,,,,,,,,,,,,,,,0.0,,,,0.0,,,,0.0,0.0,0.0,0.0,0.0,,,,,,,,,,,,,,,,,,,,,0.0,0.0,0.0,0.0,0.0,0.0,0.0,0.0,,,,,,,,,,,,,,0.0,0.0,0.0,0.0,0.0,,0.0,,0.0,,,,,,,,0.0,0.0
680,UTTARAKHAND,TEHRI GARHWAL,,0.0,0.0,0.0,0.0,0.0,0.0,0.0,0.0,469311.0,469311.0,,,,,,,,,,,,,,,,,,,,,,,,,,,,,,,,,,,,,,,,,,,,,,,,0.0,,,,0.0,,,,,,,,,,,,,,,,0.0,,,,0.0,,,,0.0,0.0,0.0,0.0,0.0,,,,,,,,,,,,,,,,,,,,,0.0,0.0,0.0,0.0,0.0,0.0,0.0,0.0,,,,,,,,,,,,,,0.0,0.0,0.0,0.0,0.0,,0.0,,0.0,,,,,,,,0.0,0.0
681,UTTARAKHAND,UDHAMSINGH NAGAR,,1465.3000000000002,0.0,0.0,1465.3000000000002,193282.0,0.0,0.0,193282.0,0.0,193282.0,44141.97,0.0,0.0,44141.97,6181.0599999999995,,0.0,6181.0599999999995,16366.299999999997,0.0,0.0,16366.299999999997,9741.779999999999,0.0,0.0,9741.779999999999,0.0,0.0,0.0,0.0,0.0,0.0,0.0,0.0,,,,,,,,,76431.12000000001,0.0,0.0,76431.12000000001,,,,,,,,,,,,0.0,,,,0.0,,,,,,,,,,,,,,,,0.0,76431.12000000001,0.0,0.0,76431.12000000001,6530.209999999999,0.0,0.0,6530.209999999999,69900.91,0.0,0.0,69900.91,2945.024745,,,2945.024745,6118.66726,,,6118.66726,31268.559999999998,,,31268.559999999998,40332.270000000004,,,40332.270000000004,57.69920591877845,,,57.69920591877845,3419.7799999999997,0.0,0.0,3419.7799999999997,29093.880000000005,0.0,0.0,29093.880000000005,,,,,,,,,,,,,,0.0,0.0,69900.91,0.0,0.0,,0.0,,0.0,,,,,,,,69900.91,0.0
682,UTTARAKHAND,UTTARKASHI,,0.0,0.0,0.0,0.0,0.0,0.0,0.0,0.0,171100.0,171100.0,,,,,,,,,,,,,,,,,,,,,,,,,,,,,,,,,,,,,,,,,,,,,,,,0.0,,,,0.0,,,,,,,,,,,,,,,,0.0,,,,0.0,,,,0.0,0.0,0.0,0.0,0.0,,,,,,,,,,,,,,,,,,,,,0.0,0.0,0.0,0.0,0.0,0.0,0.0,0.0,,,,,,,,,,,,,,0.0,0.0,0.0,0.0,0.0,,0.0,,0.0,,,,,,,,0.0,0.0
683,WEST BENGAL,ALIPURDUAR,,0.0,1315.2,0.0,1315.2,0.0,237597.0,0.0,237597.0,0.0,237597.0,0.0,47277.4,0.0,47277.4,0.0,,0.0,0.0,0.0,161.47,0.0,161.47,0.0,1947.7800000000002,0.0,1947.7800000000002,0.0,473.94000000000005,0.0,473.94000000000005,0.0,0.0,0.0,0.0,,,,,,,,,0.0,49860.59,0.0,49860.59,,,,,,,,,,,,0.0,,,,0.0,,,,,,,,,,,,,,,,0.0,0.0,49860.59,0.0,49860.59,0.0,4986.05,0.0,4986.05,0.0,44874.54,0.0,44874.54,,3353.7362160000002,,3353.7362160000002,,163.25,,163.25,,7791.1,,7791.1,,11308.09,,11308.09,,25.199344661806006,,25.199344661806006,0.0,3688.97,0.0,3688.97,0.0,33231.22,0.0,33231.22,,,,,,,22839.015,130.59,0.0,,,,,0.0,0.0,44874.54,0.0,0.0,,0.0,,0.0,,,,,,,,44874.54,0.0
684,WEST BENGAL,BANKURA,,1479.3999999999999,1405.0765036686619,0.0,1434.6417641834823,273681.0,414320.0,0.0,688001.0,0.0,688001.0,53648.56999999999,69935.84,0.0,123584.41,438.26000000000005,,0.0,438.26000000000005,2376.4000000000005,5963.97,0.0,8340.369999999999,6032.530000000001,7952.309999999999,0.0,13984.84,5914.61,6573.0,0.0,12487.61,0.0,0.0,0.0,0.0,,,,,,,,,68410.37000000001,90425.13,0.0,158835.49999999997,,,,,,,,,,,,0.0,,,,0.0,,,,,,,,,,,,,,,,0.0,68410.37000000001,90425.13,0.0,158835.49999999997,6341.610000000001,6733.359999999999,0.0,13074.970000000001,62068.76,83691.77000000002,0.0,145760.53,2052.860448,6493.312332,,8546.172779999999,23.64,214.37,,238.01,14647.1,33937.4,,48584.49999999999,16723.61,40645.11,,57368.71999999999,26.94368310241738,48.56524124176128,,39.358199369884275,2152.25,6846.990000000002,0.0,8999.24,45245.76000000001,46205.17,0.0,91450.93000000001,,,,,,,1584.75625,0.0,0.0,,,,,0.0,0.0,145760.53,0.0,0.0,,0.0,,0.0,,,,,,,,145760.53,0.0
685,WEST BENGAL,BIRBHUM,,1430.5,1430.5,0.0,1430.5,382688.0,72121.0,0.0,454809.0,0.0,454809.0,86410.62,7233.09,0.0,93643.70999999999,564.4699999999999,,0.0,564.4699999999999,971.78,543.27,0.0,1515.0500000000002,73675.32999999999,107.94,0.0,73783.26999999999,9516.9,1858.46,0.0,11375.36,0.0,0.0,0.0,0.0,,,,,,,,,171139.09999999998,9742.76,0.0,180881.86,,,,,,,,,,,,0.0,,,,0.0,,,,,,,,,,,,,,,,0.0,171139.09999999998,9742.76,0.0,180881.86,14883.349999999999,974.27,0.0,15857.619999999999,156255.74999999997,8768.490000000002,0.0,165024.24,6776.637449999998,1566.0440339999998,,8342.681483999999,93.37,1123.8100000000002,,1217.1799999999998,23140.2,479.29999999999995,,23619.5,30010.219999999994,3169.15,,33179.37,19.20583402530787,36.142482913249594,,20.105755372665254,7288.12,1679.85,0.0,8967.97,125734.05,5485.530000000001,0.0,131219.58000000002,,,,,,,410.3,0.0,0.0,,,,,0.0,0.0,165024.23999999996,0.0,0.0,,0.0,,0.0,,,,,,,,165024.23999999996,0.0
686,WEST BENGAL,DAKSHIN DINAJPUR,,0.0,1575.7999999999997,0.0,1575.7999999999997,0.0,224036.0,0.0,224036.0,0.0,224036.0,0.0,78698.17,0.0,78698.17,0.0,,0.0,0.0,0.0,3775.76,0.0,3775.76,0.0,12716.94,0.0,12716.94,0.0,6033.72,0.0,6033.72,0.0,0.0,0.0,0.0,,,,,,,,,0.0,101224.57999999999,0.0,101224.57999999999,,,,,,,,,,,,0.0,,,,0.0,,,,,,,,,,,,,,,,0.0,0.0,101224.57999999999,0.0,101224.57999999999,0.0,10122.460000000001,0.0,10122.460000000001,0.0,91102.12,0.0,91102.12,,3887.6586540000003,,3887.6586540000003,,168.13,,168.13,,50867.8,,50867.8,,54923.58,,54923.58,,60.287927437912536,,60.287927437912536,0.0,4075.1200000000003,0.0,4075.1200000000003,0.0,35991.079999999994,0.0,35991.079999999994,,,,,,,0.0,0.0,0.0,,,,,0.0,0.0,91102.12,0.0,0.0,,0.0,,0.0,,,,,,,,91102.12,0.0
687,WEST BENGAL,DARJILING,,0.0,3124.3,0.0,3124.3,0.0,108472.0,0.0,108472.0,114759.0,223231.0,0.0,41426.71000000001,0.0,41426.71000000001,0.0,,0.0,0.0,0.0,728.53,0.0,728.53,0.0,533.1800000000001,0.0,533.1800000000001,0.0,284.90999999999997,0.0,284.90999999999997,0.0,0.0,0.0,0.0,,,,,,,,,0.0,42973.33,0.0,42973.33,,,,,,,,,,,,0.0,,,,0.0,,,,,,,,,,,,,,,,0.0,0.0,42973.33,0.0,42973.33,0.0,4297.34,0.0,4297.34,0.0,38675.990000000005,0.0,38675.990000000005,,3335.134794,,3335.134794,,371.85,,371.85,,2132.7,,2132.7,,5839.719999999999,,5839.719999999999,,15.099083436519656,,15.099083436519656,0.0,3746.8299999999995,0.0,3746.8299999999995,0.0,32424.57,0.0,32424.57,,,,,,,4002.15,29.97,0.0,,,,,0.0,0.0,38675.990000000005,0.0,0.0,,0.0,,0.0,,,,,,,,38675.990000000005,0.0
688,WEST BENGAL,HAORA,,1604.0,1604.0,0.0,734.4794227645348,14185.0,46421.0,71749.0,132355.0,0.0,132355.0,4996.91,15695.49,0.0,20692.4,38.64,,0.0,38.64,50.03,568.1300000000001,0.0,618.1600000000001,0.0,837.9699999999999,0.0,837.9699999999999,248.3,932.05,0.0,1180.35,0.0,0.0,0.0,0.0,,,,,,,,,5333.88,18033.64,0.0,23367.519999999997,,,,,,,,,,,,0.0,,,,0.0,,,,,,,,,,,,,,,,0.0,5333.88,18033.64,0.0,23367.519999999997,364.4,1581.44,0.0,1945.8400000000001,4969.48,16452.2,0.0,21421.68,0.0,2627.920284,0.0,2627.920284,0.0,387.5,0.0,387.5,0.0,4536.0,0.0,4536.0,0.0,7551.42,0.0,7551.42,0.0,45.89915026561797,0.0,35.251296817056364,0.0,3101.4399999999996,0.0,3101.4399999999996,4969.4800000000005,8578.77,0.0,13548.25,,,,,,,0.0,0.0,0.0,,,,,0.0,0.0,21421.68,0.0,1277.68,,105841.99999999999,,107119.70000000001,,,,,,,,21421.68,0.0
689,WEST BENGAL,HUGLI,,1476.1,1476.1,0.0,1476.1000000000001,185330.0,115041.0,0.0,300371.0,0.0,300371.0,59579.27,37645.45,0.0,97224.72,330.94,,0.0,330.94,2433.57,15590.680000000002,0.0,18024.25,24744.239999999998,4816.98,0.0,29561.219999999994,4466.259999999999,2897.6599999999994,0.0,7363.92,0.0,0.0,0.0,0.0,,,,,,,,,91554.27000000002,60950.76,0.0,152505.02999999997,,,,,,,,,,,,0.0,,,,0.0,,,,,,,,,,,,,,,,0.0,91554.27000000002,60950.76,0.0,152505.02999999997,9056.540000000003,6095.08,0.0,15151.619999999999,82497.73000000001,54855.67999999999,0.0,137353.41,4453.031244000001,5845.323196499999,,10298.3544405,496.86,1570.55,,2067.41,24475.899999999998,23162.699999999997,,47638.600000000006,29425.789999999997,30578.559999999998,,60004.34999999999,35.66860566951357,55.743653164084385,,43.686101422600274,4878.41,6156.460000000001,0.0,11034.869999999999,52646.560000000005,24748.89,0.0,77395.45000000001,,,,,,,940.8,0.0,0.0,,,,,0.0,0.0,137353.41,0.0,0.0,,0.0,,0.0,,,,,,,,137353.41,0.0
690,WEST BENGAL,JALPAIGURI,,0.0,1268.1999999999998,0.0,1268.2,0.0,340219.0,0.0,340219.0,0.0,340219.0,0.0,69417.69,0.0,69417.69,0.0,,0.0,0.0,0.0,642.98,0.0,642.98,0.0,2412.64,0.0,2412.64,0.0,1025.64,0.0,1025.64,0.0,0.0,0.0,0.0,,,,,,,,,0.0,73498.93,0.0,73498.93,,,,,,,,,,,,0.0,,,,0.0,,,,,,,,,,,,,,,,0.0,0.0,73498.93,0.0,73498.93,0.0,7349.9,0.0,7349.9,0.0,66149.03,0.0,66149.03,,6112.4126400000005,,6112.4126400000005,,794.42,,794.42,,9650.500000000002,,9650.500000000002,,16557.33,,16557.33,,25.03034436030279,,25.03034436030279,0.0,8777.43,0.0,8777.43,0.0,46926.67,0.0,46926.67,,,,,,,36330.115000000005,176.28599999999997,0.0,,,,,0.0,0.0,66149.03000000001,0.0,0.0,,0.0,,0.0,,,,,,,,66149.03000000001,0.0
691,WEST BENGAL,JHARGRAM,,1573.5,1573.5,0.0,1573.5,250511.0,51549.0,0.0,302060.0,0.0,302060.0,72544.86,14275.77,0.0,86820.63,322.72,,0.0,322.72,2402.9700000000003,919.63,0.0,3322.6000000000004,3652.77,1454.6200000000001,0.0,5107.39,153.17000000000002,1347.94,0.0,1501.1100000000001,0.0,0.0,0.0,0.0,,,,,,,,,79076.48999999999,17997.97,0.0,97074.45999999999,,,,,,,,,,,,0.0,,,,0.0,,,,,,,,,,,,,,,,0.0,79076.48999999999,17997.97,0.0,97074.45999999999,7907.67,1799.7799999999995,0.0,9707.460000000001,71168.82,16198.189999999999,0.0,87367.01,1975.8959639999998,785.09529,,2760.991254,239.79,1.73,,241.52,14611.1,5818.5,,20429.6,16826.78,6605.33,,23432.11,23.643471958647055,40.778198057931164,,26.820318104053236,2079.18,830.74,0.0,2909.92,54238.75000000001,10753.249999999998,0.0,64992.00000000001,,,,,,,0.0,0.0,0.0,,,,,0.0,0.0,87367.01000000001,0.0,0.0,,0.0,,0.0,,,,,,,,87367.01000000001,0.0
692,WEST BENGAL,KALIMPONG,,0.0,3124.3,0.0,3124.3,0.0,21071.0,0.0,21071.0,84289.0,105360.0,0.0,3723.26,0.0,3723.26,0.0,,0.0,0.0,0.0,353.15999999999997,0.0,353.15999999999997,0.0,0.0,0.0,0.0,,,,,,,,,,,,,,,,,0.0,4076.42,0.0,4076.42,,,,,,,,,,,,0.0,,,,0.0,,,,,,,,,,,,,,,,0.0,0.0,4076.42,0.0,4076.42,0.0,407.64,0.0,407.64,0.0,3668.7799999999997,0.0,3668.7799999999997,,62.239909499999996,,62.239909499999996,,2.4499999999999997,,2.4499999999999997,,0.0,,0.0,,64.68,,64.68,,1.7629838801999576,,1.7629838801999576,0.0,62.82,0.0,62.82,0.0,3603.5199999999995,0.0,3603.5199999999995,,,,,,,0.0,0.0,0.0,,,,,0.0,0.0,3668.7799999999997,0.0,0.0,,0.0,,0.0,,,,,,,,3668.7799999999997,0.0
693,WEST BENGAL,KOCH BIHAR,,0.0,3443.6999999999994,0.0,3443.6999999999994,0.0,339637.0,0.0,339637.0,0.0,339637.0,0.0,176054.11000000004,0.0,176054.11000000004,0.0,,0.0,0.0,0.0,617.02,0.0,617.02,0.0,19559.719999999998,0.0,19559.719999999998,0.0,4539.780000000001,0.0,4539.780000000001,0.0,0.0,0.0,0.0,,,,,,,,,0.0,200770.62,0.0,200770.62,,,,,,,,,,,,0.0,,,,0.0,,,,,,,,,,,,,,,,0.0,0.0,200770.62,0.0,200770.62,0.0,20077.059999999998,0.0,20077.059999999998,0.0,180693.56,0.0,180693.56,,6803.355449999999,,6803.355449999999,,90.27999999999999,,90.27999999999999,,78238.79999999999,,78238.79999999999,,85132.41,,85132.41,,47.1142469050917,,47.1142469050917,0.0,7285.719999999999,0.0,7285.719999999999,0.0,95078.78000000001,0.0,95078.78000000001,,,,,,,26878.225,271.00299999999993,0.0,,,,,0.0,0.0,180693.56,0.0,0.0,,0.0,,0.0,,,,,,,,180693.56,0.0
694,WEST BENGAL,KOLKATTA,,0.0,0.0,0.0,0.0,0.0,0.0,18700.0,18700.0,0.0,18700.0,,,,,,,,,,,,,,,,,,,,,,,,,0.0,0.0,0.0,0.0,0.0,0.0,0.0,0.0,0.0,0.0,0.0,,,,,,,,,,,,,0.0,,,,0.0,,,,,,,,,,,,,,,,0.0,0.0,0.0,0.0,0.0,,,,0.0,0.0,0.0,0.0,0.0,,,0.0,0.0,,,0.0,0.0,,,0.0,0.0,,,0.0,0.0,,,0.0,0.0,0.0,0.0,0.0,0.0,0.0,0.0,0.0,0.0,,,,,,,0.0,0.0,0.0,,,,,0.0,0.0,0.0,0.0,270.4,,12576.5,,12846.9,,,,,,,,0.0,0.0
695,WEST BENGAL,MALDA,,0.0,1414.4,0.0,1414.4,0.0,323886.0,0.0,323886.0,0.0,323886.0,0.0,90169.78000000001,0.0,90169.78000000001,0.0,,0.0,0.0,0.0,3729.4399999999996,0.0,3729.4399999999996,0.0,6656.56,0.0,6656.56,0.0,8055.010000000001,0.0,8055.010000000001,0.0,0.0,0.0,0.0,,,,,,,,,0.0,108610.79,0.0,108610.79,,,,,,,,,,,,0.0,,,,0.0,,,,,,,,,,,,,,,,0.0,0.0,108610.79,0.0,108610.79,0.0,9447.369999999997,0.0,9447.369999999997,0.0,99163.42000000001,0.0,99163.42000000001,,9989.085815999999,,9989.085815999999,,38.410000000000004,,38.410000000000004,,26905.499999999996,,26905.499999999996,,36933.02,,36933.02,,37.24460088205912,,37.24460088205912,0.0,11251.119999999999,0.0,11251.119999999999,0.0,60968.37,0.0,60968.37,,,,,,,12467.98,21.057,0.0,,,,,0.0,0.0,99163.42,0.0,0.0,,0.0,,0.0,,,,,,,,99163.42,0.0
696,WEST BENGAL,MURSHIDABAD,,1433.1999999999998,1433.2,0.0,1433.2,197437.0,315901.0,0.0,513338.0,0.0,513338.0,52851.020000000004,96515.69999999998,0.0,149366.72000000003,297.84999999999997,,0.0,297.84999999999997,699.11,1055.0,0.0,1754.1100000000001,6479.33,15445.540000000003,0.0,21924.87,6626.869999999999,5411.970000000001,0.0,12038.840000000002,0.0,0.0,0.0,0.0,,,,,,,,,66954.18,118428.21000000002,0.0,185382.39,,,,,,,,,,,,0.0,,,,0.0,,,,,,,,,,,,,,,,0.0,66954.18,118428.21000000002,0.0,185382.39,5923.550000000001,8975.36,0.0,14898.91,61030.630000000005,109452.84999999998,0.0,170483.47999999998,4846.435836,12782.381322000001,,17628.817157999998,9.91,113.60000000000001,,123.51,26503.199999999997,57284.4,,83787.59999999999,31359.53,70180.39,,101539.92000000001,51.38326443623472,64.11928972155592,,59.559976133757964,10227.14,15243.630000000001,0.0,25470.770000000004,29389.07,36811.22,0.0,66200.29000000001,,,,,,,2869.35,55.504999999999995,0.0,,,,,0.0,0.0,170483.48,0.0,0.0,,0.0,,0.0,,,,,,,,170483.48,0.0
697,WEST BENGAL,NADIA,,0.0,1443.8000000000002,0.0,1443.8000000000002,0.0,379789.0,0.0,379789.0,0.0,379789.0,0.0,121594.67000000003,0.0,121594.67000000003,0.0,,0.0,0.0,0.0,1922.03,0.0,1922.03,0.0,29191.999999999996,0.0,29191.999999999996,0.0,7014.889999999999,0.0,7014.889999999999,0.0,0.0,0.0,0.0,,,,,,,,,0.0,159723.58999999997,0.0,159723.58999999997,,,,,,,,,,,,0.0,,,,0.0,,,,,,,,,,,,,,,,0.0,0.0,159723.58999999997,0.0,159723.58999999997,0.0,15704.690000000002,0.0,15704.690000000002,0.0,144018.9,0.0,144018.9,,11249.585867999998,,11249.585867999998,,452.86999999999995,,452.86999999999995,,116767.99999999999,,116767.99999999999,,128470.48000000001,,128470.48000000001,,89.2039030988294,,89.2039030988294,0.0,12202.949999999999,0.0,12202.949999999999,0.0,14664.65,0.0,14664.65,,,,,,,0.0,7.976401184415576,0.0,,,,,0.0,0.0,144018.9,0.0,0.0,,0.0,,0.0,,,,,,,,144018.9,0.0
698,WEST BENGAL,NORTH 24 PARGANAS,,0.0,1623.6,0.0,1233.5834673181262,0.0,294213.0,93020.0,387233.0,0.0,387233.0,0.0,98080.17,0.0,98080.17,0.0,,0.0,0.0,0.0,551.4,0.0,551.4,0.0,23654.760000000002,0.0,23654.760000000002,0.0,31361.48000000001,0.0,31361.48000000001,0.0,0.0,0.0,0.0,,,,,,,,,0.0,153647.80999999997,0.0,153647.80999999997,,,,,,,,,,,,0.0,,,,0.0,,,,,,,,,,,,,,,,0.0,0.0,153647.80999999997,0.0,153647.80999999997,0.0,13429.730000000001,0.0,13429.730000000001,0.0,140218.08,0.0,140218.08,,12365.206470000001,0.0,12365.206470000001,,837.97,0.0,837.97,,78903.19999999998,0.0,78903.19999999998,,92106.38,0.0,92106.38,,65.68794837299157,0.0,65.68794837299157,0.0,13828.689999999999,0.0,13828.689999999999,0.0,46698.189999999995,0.0,46698.189999999995,,,,,,,0.0,164.883,0.0,,,,,0.0,0.0,140218.08,0.0,1892.42,,180305.57,,182197.99,,,,,,,,140218.08,0.0
699,WEST BENGAL,PASCHIM BARDDHAMAN,,2696.4,1348.1999999999998,0.0,1452.7084761096974,12338.0,146827.0,0.0,159165.0,0.0,159165.0,1863.01,20077.15,0.0,21940.16,25.689999999999998,,0.0,25.689999999999998,42.69,247.8,0.0,290.49,0.0,213.20999999999998,0.0,213.20999999999998,0.0,3383.1999999999994,0.0,3383.1999999999994,,,,,,,,,,,,,1931.39,23921.36,0.0,25852.75,,,,,,,,,,,,0.0,,,,0.0,,,,,,,,,,,,,,,,0.0,1931.39,23921.36,0.0,25852.75,193.14000000000001,2392.149999999999,0.0,2585.2899999999995,1738.25,21529.210000000003,0.0,23267.460000000003,0.0,4737.496695,,4737.496695,0.0,4321.860000000001,,4321.860000000001,0.0,852.8399999999999,,852.8399999999999,0.0,9912.18,,9912.18,0.0,46.040611801361955,,42.60104025106307,0.0,5184.87,0.0,5184.87,1738.25,11350.490000000002,0.0,13088.740000000002,,,,,,,3045.8687499999996,7.638,0.0,,,,,0.0,0.0,23267.460000000003,0.0,0.0,,0.0,,0.0,,,,,,,,23267.460000000003,0.0
700,WEST BENGAL,PASCHIM MEDINIPUR,,1541.1,1541.1000000000004,0.0,1541.1000000000001,186597.0,445080.0,0.0,631677.0,0.0,631677.0,57839.78999999999,130852.73999999999,0.0,188692.52999999997,293.09999999999997,,0.0,293.09999999999997,668.7700000000001,1386.9699999999998,0.0,2055.74,3693.7299999999996,18325.120000000003,0.0,22018.85,2173.2999999999997,6011.58,0.0,8184.88,0.0,0.0,0.0,0.0,,,,,,,,,64668.67,156576.43000000005,0.0,221245.10000000003,,,,,,,,,,,,0.0,,,,0.0,,,,,,,,,,,,,,,,0.0,64668.67,156576.43000000005,0.0,221245.10000000003,5783.85,14756.779999999997,0.0,20540.629999999997,58884.82,141819.64999999997,0.0,200704.46999999997,2713.849314,8856.789678,,11570.638991999998,720.38,321.5,,1041.88,18349.6,82586.79999999999,,100936.4,21783.84,91765.12999999999,,113548.97,36.993982489884495,64.70551154230039,,56.57520731850168,2854.21,9453.58,0.0,12307.789999999999,36960.63,51407.079999999994,0.0,88367.70999999999,,,,,,,4096.305,21.384,0.0,,,,,0.0,0.0,200704.46999999997,0.0,0.0,,0.0,,0.0,,,,,,,,200704.46999999997,0.0
701,WEST BENGAL,PURBA BARDDHAMAN,,1348.1999999999998,1348.1999999999998,0.0,1348.2,460666.0,82603.0,0.0,543269.0,0.0,543269.0,124698.70999999999,23966.93,0.0,148665.64,707.97,,0.0,707.97,1831.79,472.64000000000004,0.0,2304.4300000000003,9727.069999999998,4750.27,0.0,14477.34,10773.19,3155.04,0.0,13928.229999999998,0.0,0.0,0.0,0.0,,,,,,,,,147738.73,32344.88,0.0,180083.60999999996,,,,,,,,,,,,0.0,,,,0.0,,,,,,,,,,,,,,,,0.0,147738.73,32344.88,0.0,180083.60999999996,12904.519999999999,3077.6399999999994,0.0,15982.16,134834.21,29267.240000000005,0.0,164101.45000000004,8068.681823999999,3082.2620639999996,,11150.943887999998,435.06999999999994,194.95000000000002,,630.02,57737.0,20443.199999999997,,78180.2,66240.74999999999,23720.41,,89961.16,49.12755449822414,81.04764918044884,,54.82045405448884,8493.65,3295.1299999999997,0.0,11788.779999999999,68168.49999999999,7856.02,0.0,76024.51999999999,,,,,,,6165.719999999999,0.0,0.0,,,,,0.0,0.0,164101.45,0.0,0.0,,0.0,,0.0,,,,,,,,164101.45,0.0
702,WEST BENGAL,PURBA MEDINIPUR,,1750.5,1750.5,0.0,757.8937453247418,15450.0,149505.0,216040.0,380995.0,0.0,380995.0,5528.58,53498.380000000005,0.0,59026.96000000001,28.78,,0.0,28.78,55.48,489.68,0.0,545.16,107.59,6606.610000000001,0.0,6714.200000000001,1428.37,3346.93,0.0,4775.299999999999,0.0,0.0,0.0,0.0,,,,,,,,,7148.8,63941.6,0.0,71090.4,,,,,,,,,,,,0.0,,,,0.0,,,,,,,,,,,,,,,,0.0,7148.8,63941.6,0.0,71090.4,714.88,6394.1900000000005,0.0,7109.06,6433.92,57547.409999999996,0.0,63981.329999999994,574.4978819999999,4176.902028,0.0,4751.39991,1.08,6.32,0.0,7.4,287.0,16816.2,0.0,17103.2,862.58,20999.449999999997,0.0,21862.03,13.40675668954541,36.4906952371966,0.0,34.169389726659325,611.35,4636.5199999999995,0.0,5247.87,5534.49,36088.340000000004,0.0,41622.83,,,,,,,388.175,0.0,0.0,,,,,0.0,0.0,63981.329999999994,0.0,5632.799999999999,,284887.33,,290520.13,,,,,,,,63981.329999999994,0.0
703,WEST BENGAL,PURULIYA,,0.0,1381.0,0.0,1381.0,0.0,619313.0,0.0,619313.0,0.0,619313.0,0.0,47895.18000000001,0.0,47895.18000000001,0.0,,0.0,0.0,0.0,6086.89,0.0,6086.89,0.0,500.32000000000005,0.0,500.32000000000005,0.0,13301.939999999999,0.0,13301.939999999999,0.0,0.0,0.0,0.0,,,,,,,,,0.0,67784.31999999999,0.0,67784.31999999999,,,,,,,,,,,,0.0,,,,0.0,,,,,,,,,,,,,,,,0.0,0.0,67784.31999999999,0.0,67784.31999999999,0.0,6778.450000000001,0.0,6778.450000000001,0.0,61005.87000000001,0.0,61005.87000000001,,7053.915101999999,,7053.915101999999,,85.44,,85.44,,2001.1999999999996,,2001.1999999999996,,9140.599999999999,,9140.599999999999,,14.98314834293814,,14.98314834293814,0.0,7635.530000000001,0.0,7635.530000000001,0.0,51283.630000000005,0.0,51283.630000000005,,,,,,,152.05124999999998,0.0,0.0,,,,,0.0,0.0,61005.87000000001,0.0,0.0,,0.0,,0.0,,,,,,,,61005.87000000001,0.0
704,WEST BENGAL,SOUTH 24 PARGANAS,,0.0,0.0,0.0,0.0,0.0,0.0,551301.0,551301.0,0.0,551301.0,,,,,,,,,,,,,,,,,,,,,,,,,,,,,,,,,,,,,,,,,,,,,,,,0.0,,,,0.0,,,,,,,,,,,,,,,,0.0,,,,0.0,,,,0.0,0.0,0.0,0.0,0.0,,,0.0,0.0,,,0.0,0.0,,,0.0,0.0,,,0.0,0.0,,,0.0,0.0,0.0,0.0,0.0,0.0,0.0,0.0,0.0,0.0,,,,,,,0.0,0.0,0.0,,,,,0.0,0.0,0.0,0.0,16415.93,,417417.64999999997,,433833.59,,,,,,,,0.0,0.0
705,WEST BENGAL,UTTAR DINAJPUR,,0.0,1727.6,0.0,1727.6,0.0,319283.0,0.0,319283.0,0.0,319283.0,0.0,85685.67,0.0,85685.67,0.0,,0.0,0.0,0.0,706.3299999999999,0.0,706.3299999999999,0.0,9843.789999999999,0.0,9843.789999999999,0.0,5886.279999999999,0.0,5886.279999999999,0.0,0.0,0.0,0.0,,,,,,,,,0.0,102122.06,0.0,102122.06,,,,,,,,,,,,0.0,,,,0.0,,,,,,,,,,,,,,,,0.0,0.0,102122.06,0.0,102122.06,0.0,9400.57,0.0,9400.57,0.0,92721.49,0.0,92721.49,,7846.503258000001,,7846.503258000001,,708.3299999999999,,708.3299999999999,,39375.1,,39375.1,,47929.92,,47929.92,,51.6923530888039,,51.6923530888039,0.0,8742.16,0.0,8742.16,0.0,43895.92,0.0,43895.92,,,,,,,9473.9,194.75300000000001,0.0,,,,,0.0,0.0,92721.49,0.0,0.0,,0.0,,0.0,,,,,,,,92721.49,0.0
Total,,,,874.3406668856057,1181.0984604372782,401.3868883162949,1035.8567461926843,71700029.08939414,156819630.36690733,17646298.2709886,246165957.72819006,52888815.22559087,299054772.95378095,9292888.71736511,17103511.09390238,819666.1378725835,27216065.959140077,3229583.7235144186,0.0,43490.24999999999,3273212.9435144183,4475942.53633714,1348527.0994290665,275139.5173095048,6099608.912736449,2974118.601227271,2596157.640502841,60528.53085423262,5630804.752584346,401769.8098729192,782485.55383561,72344.04000000002,1256599.4137085294,335016.15600000013,771435.5446905053,15869.738603829166,1122321.4332943344,10567.1019573775,37759.687957614406,0.0,48326.7899149919,4287.5,413.0,0.0,4700.5,20724448.900899258,22640291.69858989,1287038.1342398254,44650053.75372903,0.0,0.0,0.0,0.0,,,,,0.0,0.0,0.0,0.0,0.0,0.0,0.0,0.0,0.0,12418.12,0.0,12418.12,0.0,263997.86000000004,0.0,263997.86000000004,0.0,0.0,0.0,0.0,0.0,-276415.98000000004,0.0,-276415.98000000004,20724448.900899258,22363875.71858989,1287038.1342398254,44373637.773729034,1739097.8404953054,1897496.0485602964,105315.83431190555,3741909.013367504,18985351.04278069,20466379.396233246,1181722.2999279199,40633452.738941856,1206096.145627505,1449996.6393950533,26296.39022333431,2682389.175245893,207950.56812529181,147301.49621027536,4543.8088,359795.8731355679,10934752.055681199,9862463.833965,598082.5727163473,21395298.462362528,12348798.669506073,11459765.589329168,628921.814791237,24437485.943626467,65.0438258512043,55.99312593334555,53.220779097559436,60.348592733186855,1486777.7030291604,1831094.9113678806,96.84,3344311.98439704,8481946.259490365,10085096.070628162,883948.4375433329,18567042.33011853,,,,,,,1020306.0313946371,1825566.127028541,2770.8384262193827,,,,,134548534.91523704,2854859.3200000003,174000265.5656706,4036581.65992792,102350292.51000002,,2221375974829.2295,,2221478325121.742,,,,,,,,174000265.5656706,4036581.65992792
