S.No,STATE,DISTRICT,ASSESSMENT UNIT,Rainfall (mm)_C,Rainfall (mm)_NC,Rainfall (mm)_PQ,Rainfall (mm)_Total,Total Geographical Area (ha)_Recharge Worthy Area (ha)_C,Total Geographical Area (ha)_Recharge Worthy Area (ha)_NC,Total Geographical Area (ha)_Recharge Worthy Area (ha)_PQ,Total Geographical Area (ha)_Recharge Worthy Area (ha)_Total,Total Geographical Area (ha)_Hilly Area_Total,Total Geographical Area (ha)_Total_Total,Ground Water Recharge (ham)_Rainfall Recharge_C,Ground Water Recharge (ham)_Rainfall Recharge_NC,Ground Water Recharge (ham)_Rainfall Recharge_PQ,Ground Water Recharge (ham)_Rainfall Recharge_Total,Ground Water Recharge (ham)_Canals_C,Ground Water Recharge (ham)_Canals_NC,Ground Water Recharge (ham)_Canals_PQ,Ground Water Recharge (ham)_Canals_Total,Ground Water Recharge (ham)_Surface Water Irrigation_C,Ground Water Recharge (ham)_Surface Water Irrigation_NC,Ground Water Recharge (ham)_Surface Water Irrigation_PQ,Ground Water Recharge (ham)_Surface Water Irrigation_Total,Ground Water Recharge (ham)_Ground Water Irrigation_C,Ground Water Recharge (ham)_Ground Water Irrigation_NC,Ground Water Recharge (ham)_Ground Water Irrigation_PQ,Ground Water Recharge (ham)_Ground Water Irrigation_Total,Ground Water Recharge (ham)_Tanks and Ponds_C,Ground Water Recharge (ham)_Tanks and Ponds_NC,Ground Water Recharge (ham)_Tanks and Ponds_PQ,Ground Water Recharge (ham)_Tanks and Ponds_Total,Ground Water Recharge (ham)_Water Conservation Structure_C,Ground Water Recharge (ham)_Water Conservation Structure_NC,Ground Water Recharge (ham)_Water Conservation Structure_PQ,Ground Water Recharge (ham)_Water Conservation Structure_Total,Ground Water Recharge (ham)_Pipelines_C,Ground Water Recharge (ham)_Pipelines_NC,Ground Water Recharge (ham)_Pipelines_PQ,Ground Water Recharge (ham)_Pipelines_Total,Ground Water Recharge (ham)_Sewages and Flash Flood Channels_C,Ground Water Recharge (ham)_Sewages and Flash Flood Channels_NC,Ground Water Recharge (ham)_Sewages and Flash Flood Channels_PQ,Ground Water Recharge (ham)_Sewages and Flash Flood Channels_Total,Ground Water Recharge (ham)_C_Total,Ground Water Recharge (ham)_NC_Total,Ground Water Recharge (ham)_PQ_Total,Ground Water Recharge (ham)_Total_Total,Inflows and Outflows (ham)_Base Flow_C,Inflows and Outflows (ham)_Base Flow_NC,Inflows and Outflows (ham)_Base Flow_PQ,Inflows and Outflows (ham)_Base Flow_Total,Inflows and Outflows (ham)_Stream Recharges_C,Inflows and Outflows (ham)_Stream Recharges_NC,Inflows and Outflows (ham)_Stream Recharges_PQ,Inflows and Outflows (ham)_Stream Recharges_Total,Inflows and Outflows (ham)_Lateral Flows_C,Inflows and Outflows (ham)_Lateral Flows_NC,Inflows and Outflows (ham)_Lateral Flows_PQ,Inflows and Outflows (ham)_Lateral Flows_Total,Inflows and Outflows (ham)_Vertical Flows_C,Inflows and Outflows (ham)_Vertical Flows_NC,Inflows and Outflows (ham)_Vertical Flows_PQ,Inflows and Outflows (ham)_Vertical Flows_Total,Inflows and Outflows (ham)_Evaporation_C,Inflows and Outflows (ham)_Evaporation_NC,Inflows and Outflows (ham)_Evaporation_PQ,Inflows and Outflows (ham)_Evaporation_Total,Inflows and Outflows (ham)_Transpiration_C,Inflows and Outflows (ham)_Transpiration_NC,Inflows and Outflows (ham)_Transpiration_PQ,Inflows and Outflows (ham)_Transpiration_Total,Inflows and Outflows (ham)_Evapotranspiration_C,Inflows and Outflows (ham)_Evapotranspiration_NC,Inflows and Outflows (ham)_Evapotranspiration_PQ,Inflows and Outflows (ham)_Evapotranspiration_Total,Inflows and Outflows (ham)_C_Total,Inflows and Outflows (ham)_NC_Total,Inflows and Outflows (ham)_PQ_Total,Inflows and Outflows (ham)_Total_Total,Annual Ground water Recharge (ham)_Total_C,Annual Ground water Recharge (ham)_Total_NC,Annual Ground water Recharge (ham)_Total_PQ,Annual Ground water Recharge (ham)_Total_Total,Environmental Flows (ham)_Total_C,Environmental Flows (ham)_Total_NC,Environmental Flows (ham)_Total_PQ,Environmental Flows (ham)_Total_Total,Annual Extractable Ground water Resource (ham)_Total_C,Annual Extractable Ground water Resource (ham)_Total_NC,Annual Extractable Ground water Resource (ham)_Total_PQ,Annual Extractable Ground water Resource (ham)_Total_Total,Ground Water Extraction for all uses (ha.m)_Domestic_C,Ground Water Extraction for all uses (ha.m)_Domestic_NC,Ground Water Extraction for all uses (ha.m)_Domestic_PQ,Ground Water Extraction for all uses (ha.m)_Domestic_Total,Ground Water Extraction for all uses (ha.m)_Industrial_C,Ground Water Extraction for all uses (ha.m)_Industrial_NC,Ground Water Extraction for all uses (ha.m)_Industrial_PQ,Ground Water Extraction for all uses (ha.m)_Industrial_Total,Ground Water Extraction for all uses (ha.m)_Irrigation_C,Ground Water Extraction for all uses (ha.m)_Irrigation_NC,Ground Water Extraction for all uses (ha.m)_Irrigation_PQ,Ground Water Extraction for all uses (ha.m)_Irrigation_Total,Ground Water Extraction for all uses (ha.m)_C_Total,Ground Water Extraction for all uses (ha.m)_NC_Total,Ground Water Extraction for all uses (ha.m)_PQ_Total,Ground Water Extraction for all uses (ha.m)_Total_Total,Stage of Ground Water Extraction (%)_Total_C,Stage of Ground Water Extraction (%)_Total_NC,Stage of Ground Water Extraction (%)_Total_PQ,Stage of Ground Water Extraction (%)_Total_Total,Allocation of Ground Water Resource for Domestic Utilisation for projected year 2025 (ham)_Total_C,Allocation of Ground Water Resource for Domestic Utilisation for projected year 2025 (ham)_Total_NC,Allocation of Ground Water Resource for Domestic Utilisation for projected year 2025 (ham)_Total_PQ,Allocation of Ground Water Resource for Domestic Utilisation for projected year 2025 (ham)_Total_Total,Net Annual Ground Water Availability for Future Use (ham)_Total_C,Net Annual Ground Water Availability for Future Use (ham)_Total_NC,Net Annual Ground Water Availability for Future Use (ham)_Total_PQ,Net Annual Ground Water Availability for Future Use (ham)_Total_Total,Quality Tagging_Major Parameter Present_C,Quality Tagging_Major Parameter Present_NC,Quality Tagging_Major Parameter Present_PQ,Quality Tagging_Other Parameters Present_C,Quality Tagging_Other Parameters Present_NC,Quality Tagging_Other Parameters Present_PQ,Additional Potential Resources Under Specific Conditions(ham)_Other Parameters Present_Waterlogged and shallow water Table,Additional Potential Resources Under Specific Conditions(ham)_Other Parameters Present_Flood Prone,Additional Potential Resources Under Specific Conditions(ham)_Other Parameters Present_Spring Discharge,Coastal Areas_Other Parameters Present_C,Coastal Areas_Other Parameters Present_NC,Coastal Areas_Other Parameters Present_PQ,Coastal Areas_Other Parameters Present_Total,In-Storage Unconfined Ground Water Resources(ham)_Other Parameters Present_Fresh,In-Storage Unconfined Ground Water Resources(ham)_Other Parameters Present_Saline,Total Ground Water Availability in Unconfined Aquifier (ham)_Other Parameters Present_Fresh,Total Ground Water Availability in Unconfined Aquifier (ham)_Other Parameters Present_Saline,Dynamic Confined Ground Water Resources(ham)_Other Parameters Present_Fresh,Dynamic Confined Ground Water Resources(ham)_Other Parameters Present_Saline,In-Storage Confined Ground Water Resources(ham)_Other Parameters Present_Fresh,In-Storage Confined Ground Water Resources(ham)_Other Parameters Present_Saline,Total Confined Ground Water Resources (ham)_Other Parameters Present_Fresh,Total Confined Ground Water Resources (ham)_Other Parameters Present_Saline,Dynamic Semi Confined Ground Water Resources (ham)_Other Parameters Present_Fresh,Dynamic Semi Confined Ground Water Resources (ham)_Other Parameters Present_Saline,In-Storage Semi Confined Ground Water Resources (ham)_Other Parameters Present_Fresh,In-Storage Semi Confined Ground Water Resources (ham)_Other Parameters Present_Saline,Total Semi-Confined Ground Water Resources (ham)_Other Parameters Present_Fresh,Total Semi-Confined Ground Water Resources (ham)_Other Parameters Present_Saline,Total Ground Water Availability in the area (ham)_Other Parameters Present_Fresh,Total Ground Water Availability in the area (ham)_Other Parameters Present_Saline
1,ANDAMAN AND NICOBAR ISLANDS,N & M ANDAMAN,,0.0,0.0,0.0,0.0,0.0,0.0,0.0,0.0,0.0,0.0,,,,9886.908999999998,,,,,,,,,,,,,,,,,,,,,,,,,,,,,,,,9898.801,,,,,,,,,,,,,,,,,,,,,,,,,,,,,,,,,,,,9898.801,,,,989.8799999999999,,,,8908.921999999999,,,,229.86100000000002,,,,83.037,,,,0.804,,,,313.702,,,,3.5212116572577474,,,,,,,,0.0,,,,,,,,,,,,,,,,,,,,,,,,,,,,,,0.0,0.0
2,ANDAMAN AND NICOBAR ISLANDS,NICOBAR,,0.0,0.0,0.0,0.0,0.0,0.0,0.0,0.0,0.0,0.0,,,,18351.216,,,,,,,,,,,,,,,,,,,,,,,,,,,,,,,,18352.030000000002,,,,,,,,,,,,,,,,,,,,,,,,,,,,,,,,,,,,18352.030000000002,,,,1835.203,,,,16516.826,,,,80.20399999999998,,,,28.878999999999994,,,,0.43800000000000006,,,,109.52199999999999,,,,0.6630935023472426,,,,,,,,0.0,,,,,,,,,,,,,,,,,,,,,,,,,,,,,,0.0,0.0
3,ANDAMAN AND NICOBAR ISLANDS,SOUTH ANDAMAN,,0.0,0.0,0.0,0.0,0.0,0.0,0.0,0.0,0.0,0.0,,,,8579.256,,,,,,,,,,,,,,,,,,,,,,,,,,,,,,,,8591.001,,,,,,,,,,,,,,,,,,,,,,,,,,,,,,,,,,,,8591.001,,,,859.098,,,,7731.9,,,,283.184,,,,188.22699999999998,,,,13.543,,,,484.952,,,,6.272093534577531,,,,,,,,0.0,,,,,,,,,,,,,,,,,,,,,,,,,,,,,,0.0,0.0
4,ANDHRA PRADESH,Ananthapuramu,,518.0968134237864,557.3444366820745,0.0,551.7720010854596,242803.0,1467300.33,0.0,1710103.33,202896.66999999998,1913000.0,9918.139999999998,67670.67000000003,0.0,77588.81000000001,32.23,,,32.23,3892.76,476.36,0.0,4369.12,2632.0799999999995,13213.810000000003,0.0,15845.890000000007,833.2499999999999,19038.250000000007,0.0,19871.5,1188656.524,7903069.334,0.0,9091725.858,,,,,,,,,1205965.0,8003468.549999998,0.0,9209433.55,,,,,,,,,,,,0.0,,,,0.0,,,,,,,,,,,,,,,,0.0,1205965.0,8003468.549999998,0.0,9209433.55,120588.23000000001,800271.8499999999,0.0,920860.0799999998,1085376.7700000003,7203196.700000001,0.0,8288573.470000002,1442.448,13096.079999999994,,14538.527999999997,7.199999999999999,605.6639999999999,,612.8639999999999,14196.250100000001,130216.84855000002,,144413.09865,15645.720000000001,143918.27999999997,,159564.00000000006,1.4415012770173807,1.9979779255507484,,1.9251081091038458,3111.6299999999997,18379.219999999998,0.0,21490.849999999995,1068569.13,7059907.79,0.0,8128476.92,,,,,,,,,,,,,,4520670.490000001,0.0,12809243.960000005,0.0,0.0,,0.0,,0.0,,,,,,,,12809243.960000005,0.0
5,ANDHRA PRADESH,Chittoor,,1239.6006077446243,928.7035638222208,0.0,941.1785131414072,53098.0,1270194.8499999999,0.0,1323292.8499999999,191807.15,1515100.0,6816.53,111860.82999999996,0.0,118677.35999999994,,,,,1718.2900000000002,1539.4899999999998,0.0,3257.78,1194.53,36055.11,0.0,37249.64000000001,2630.98,60768.59999999999,0.0,63399.57999999999,31358.026000000005,930023.3359999999,0.0,961381.3620000002,,,,,,,,,43718.25,1140247.8399999996,0.0,1183966.0899999999,,,,,,,,,,,,0.0,,,,0.0,,,,,,,,,,,,,,,,0.0,43718.25,1140247.8399999996,0.0,1183966.0899999999,4279.45,112670.09999999999,0.0,116949.54,39438.8,1027577.7399999999,0.0,1067016.5399999998,249.11999999999998,8685.094,,8934.214,144.17999999999995,588.0600000000001,,732.2399999999999,2963.071,94578.51999999999,,97541.59099999999,3356.5099999999998,103851.78,,107208.29000000001,8.510679838128949,10.106464548365949,,10.047481550754595,371.5799999999999,13325.16,0.0,13696.740000000002,36005.090000000004,926064.66,0.0,962069.75,,,,,,,,,,,,,,6652520.63,0.0,7719537.170000002,0.0,0.0,,0.0,,0.0,,,,,,,,7719537.170000002,0.0
6,ANDHRA PRADESH,East Godavari,,1136.2516874437738,1205.7004160219217,1133.569484306072,1170.5054644859947,383585.5798,519727.6623047998,139499.07202999998,1042812.3141347999,237478.2633081616,1280290.5774429613,43818.54,55750.169999999984,14224.98,113793.69,23032.930000000004,,0.0,23032.930000000004,115033.81999999998,3885.92,31338.24,150257.97999999995,18163.6,283.34999999999997,26.19,18473.140000000003,20858.41,3938.1900000000005,0.0,24796.600000000006,31217.802,7186.266,0.0,38404.066,,,,,,,,,252125.0,71043.91,45589.409999999996,368758.31999999995,,,,,,,,,,,,0.0,,,,0.0,,,,,,,,,,,,,,,,0.0,252125.0,71043.91,45589.409999999996,368758.31999999995,24066.77000000001,6217.390000000001,4559.03,34843.09000000001,228058.23000000007,64826.52000000002,41030.37999999999,333915.12999999995,0.0,1.46,0.0,1.46,4032.0504000000014,1400.8248000000003,0.0,5432.8752,36689.30999999999,5528.379999999998,321.84,42539.52999999999,40720.86,6930.579999999999,321.84,47973.27999999998,17.85546612371761,10.690964130112178,0.7843943926427199,16.26968969876376,2275.55,1747.2400000000002,0.0,4022.79,187528.16,57680.06999999999,40708.54,245208.22999999998,,,,,,,,,,,,,,6158960.790000001,222715.07,6451845.54,263745.45,0.0,,0.0,,0.0,,,,,,,,6451845.54,263745.45
7,ANDHRA PRADESH,Guntur,,836.3994332749799,769.8895018585326,917.8430713710188,840.972991702641,653894.4559,182136.20739999998,207330.3758,1043361.0400000002,95745.4301,1139106.4701,45812.990000000005,8252.330000000002,11921.87,65987.19,6993.6399999999985,,421.9400000000001,7415.580000000002,82162.78000000001,1375.62,21592.08,105130.48000000001,7609.41,999.63,7.790000000000001,8616.829999999998,2509.59,842.9099999999999,393.01999999999987,3745.5199999999986,201258.406,3200.292,102565.422,307024.12,,,,,,,,,346346.81,14670.690000000002,136902.16,497919.66000000003,,,,,,,,,,,,0.0,,,,0.0,,,,,,,,,,,,,,,,0.0,346346.81,14670.690000000002,136902.16,497919.66000000003,33894.27,1386.5000000000002,13547.039999999995,48827.81999999999,312452.54000000004,13284.19,123355.12000000002,449091.85000000003,8004.30175,1014.4080000000001,642.8444999999999,9661.554250000001,60.4075,134.1375,0.0,194.54500000000002,32056.711500000005,7538.487999999999,135.79899999999998,39730.998499999994,40121.4,8687.019999999999,778.6000000000001,49587.020000000004,12.840798157697805,65.39367473666063,0.6311857991788261,14.984008711575145,13406.84,1557.1000000000001,0.0,15897.270000000002,271281.49999999994,6527.380000000001,123229.42,277808.87999999995,,,,,,,,,,,,,,2240028.3200000008,689936.6100000002,2565765.05,813291.73,0.0,,0.0,,0.0,,,,,,,,2565765.05,813291.73
8,ANDHRA PRADESH,Krishna,,1017.9310151418778,941.974724686229,1009.3981896906565,1009.7791204643986,526143.0,61743.0,269381.0,857267.0,15433.0,872700.0,60027.84000000002,5993.240000000001,24845.87,90866.95000000001,12419.54,,0.0,12419.54,84164.20000000003,0.0,37997.52,122161.72000000004,11240.560000000001,15398.05,0.0,26638.609999999997,15850.600000000002,3327.88,0.0,19178.48,245733.83400000003,175.538,0.0,245909.372,,,,,,,,,429436.65999999986,24894.709999999995,62843.39,517174.7599999999,,,,,,,,,,,,0.0,,,,0.0,,,,,,,,,,,,,,,,0.0,429436.65999999986,24894.709999999995,62843.39,517174.7599999999,40226.56999999999,2412.6599999999994,6167.83,48806.99999999998,389210.08999999985,22482.049999999996,56675.56,468367.6999999999,6022.26,636.516,0.0,6658.775999999999,5972.4000000000015,302.4,0.0,6274.800000000002,41996.21069999999,6138.303999999999,0.0,48134.51469999999,53990.92000000001,7077.159999999999,0.0,61068.080000000016,13.87192197406805,31.47915781701402,0.0,14.833433545755826,6978.68,659.61,0.0,7638.290000000001,337107.41,16278.61,56675.56,353386.01999999996,,,,,,,,,,,,,,3383524.06,5498849.41,3795216.1999999997,5555524.970000001,0.0,,0.0,,0.0,,,,,,,,3795216.1999999997,5555524.970000001
9,ANDHRA PRADESH,Kurnool,,704.0594505649432,644.6874212290006,0.0,667.8042071754578,575109.0,901973.0,0.0,1477082.0,288718.0,1765800.0,36625.34,27408.92000000001,0.0,64034.259999999995,11335.71,,0.0,11335.71,43098.560000000005,7901.489999999999,0.0,51000.049999999996,6338.63,17397.040000000005,0.0,23735.670000000002,1201.1300000000003,2300.14,6.799999999999998,3508.0699999999997,169612.688,575629.4879999999,0.0,745242.1759999999,,,,,,,,,268211.97,630637.0299999999,6.799999999999998,898855.7999999996,,,,,,,,,,,,0.0,,,,0.0,,,,,,,,,,,,,,,,0.0,268211.97,630637.0299999999,6.799999999999998,898855.7999999996,24395.260000000006,54387.70000000001,0.49999999999999994,78783.47,243816.71000000002,576249.3299999998,6.3,820072.34,6060.816,5032.764,,11093.579999999998,184.50000000000006,325.80000000000007,,510.3000000000002,24642.933000000005,29249.4053,,53892.33829999999,30888.030000000002,34607.99999999999,,65496.030000000006,12.66854515426773,6.005733663933284,,7.986677511972086,7893.510000000001,8205.070000000002,0.0,16098.58,212980.21,548066.29,6.3,761046.5,,,,,,,,,,,,,,6023987.620000001,0.0,6844053.66,6.3,0.0,,0.0,,0.0,,,,,,,,6844053.66,6.3
10,ANDHRA PRADESH,Prakasam,,864.8599238721758,826.7015404045756,942.6161972603355,842.3683141562268,376531.0424082337,1018205.652885606,74647.04603142673,1469383.741325266,293143.674,1762527.415325266,26208.83,42805.659999999996,6476.85,75491.34000000001,2956.5899999999997,,0.0,2956.5899999999997,6143.260000000001,8193.39,52.7,14389.349999999997,1076.02,12119.599999999993,0.05,13195.669999999993,2066.0899999999997,37790.73999999999,14.75,39871.579999999994,38844.704000000005,134848.414,830.688,174523.80599999998,,,,,,,,,77295.57,235757.64,7375.030000000001,320428.23999999993,,,,,,,,,,,,0.0,,,,0.0,,,,,,,,,,,,,,,,0.0,77295.57,235757.64,7375.030000000001,320428.23999999993,7489.300000000001,21949.970000000005,707.44,30146.719999999998,69806.27,213807.66999999998,6667.59,290281.5299999999,5461.204000000001,2370.458,54.714,7886.376,288.7049999999999,77.94,0.0,366.6449999999999,4739.0371,49973.81549999999,275.253,54988.105599999995,10489.090000000002,52422.369999999995,329.90000000000003,63241.36,15.025999813483807,24.518470268162034,4.947814727660219,22.182076099644476,7792.82,7335.199999999999,0.0,15182.730000000003,57406.05999999998,163486.69999999995,6534.33,220892.75999999995,,,,,,,,,,,,,,6567983.75,227927.45,6851597.69,234595.04,0.0,,0.0,,0.0,,,,,,,,6851597.69,234595.04
11,ANDHRA PRADESH,Sri Potti Sriramulu Nellore,,1073.4266316040357,1046.3297505028806,1215.3120894238002,1053.7133949215213,338350.3637503268,908641.7635925825,242.0,1247234.1273429093,60371.0,1307605.1273429096,36169.74999999999,82049.92,35.37,118255.03999999995,2529.4200000000005,,,2529.4200000000005,69437.64,0.0,0.0,69437.64,8511.140000000001,14256.540000000003,0.0,22767.679999999997,18907.879999999994,32844.24,18306.17,70058.29000000002,249358.03,1373520.946,67.776,1622946.7520000003,,,,,,,,,384913.83999999997,1502671.58,18409.32,1905994.7400000002,,,,,,,,,,,,0.0,,,,0.0,,,,,,,,,,,,,,,,0.0,384913.83999999997,1502671.58,18409.32,1905994.7400000002,36250.87999999999,149061.43000000002,1839.18,187151.5,348662.9599999999,1353610.1500000004,16570.14,1718843.2499999998,3536.1719999999987,2627.892,0.0,6164.0639999999985,82.25999999999999,94.32,0.0,176.57999999999998,33428.361,57804.12,0.0,91232.48099999999,37046.56,60525.670000000006,0.0,97572.23000000003,10.625321370529296,4.471425543019162,0.0,5.731878711283881,5686.07,4641.960000000001,0.0,10328.03,312188.14,1294003.2200000002,16570.14,1606191.3600000003,,,,,,,,,,,,,,4295184.469999999,1685.0,5997457.58,18255.140000000003,0.0,,0.0,,0.0,,,,,,,,5997457.58,18255.140000000003
12,ANDHRA PRADESH,Srikakulam,,1125.3387520272374,1170.8259556836504,0.0,1158.7851796149826,147271.0,409084.0,0.0,556355.0,27584.0,583939.0,14928.929999999997,33610.35999999999,0.0,48539.29000000001,,,,,28218.599999999995,2743.9900000000002,0.0,30962.589999999993,33537.909999999996,275911.19,0.0,309449.10000000003,30486.779999999995,77957.09999999999,0.0,108443.88,3253.032,20143556.959999997,1.536,20146811.527999993,,,,,,,,,110425.23,20533779.569999993,1.54,20644206.340000004,,,,,,,,,,,,0.0,,,,0.0,,,,,,,,,,,,,,,,0.0,110425.23,20533779.569999993,1.54,20644206.340000004,10496.400000000001,2052176.1400000001,0.12,2062672.5699999996,99928.83,18481603.429999992,1.42,18581533.67999999,2425.8959999999997,6360.263999999998,,8786.16,12.96,291.33359999999993,,304.2935999999999,10192.7515,30889.643500000006,,41082.39499999999,12632.460000000003,37542.650000000016,,50175.100000000006,12.641456924893449,0.20313524279532727,,0.27002670876615875,3587.7000000000003,13071.43,0.0,16659.130000000005,87609.02,18448612.129999995,1.42,18536221.149999995,,,,,,,,,,,,,,2001370.77,0.0,20582903.029999997,1.42,0.0,,0.0,,0.0,,,,,,,,20582903.029999997,1.42
13,ANDHRA PRADESH,Visakhapatnam,,1170.8525093771698,1169.4460592719493,0.0,1169.5774449356988,40437.0,392430.79761,0.0,432867.79761,421900.20352999994,854768.0011399998,4828.339999999999,36793.05999999998,0.0,41621.4,424.73,,,424.73,,,,,0.0,0.0,0.0,0.0,1.3000000000000003,15.39,0.0,16.689999999999998,5420.115999999999,6884.596,0.0,12304.712,,,,,,,,,10674.489999999998,43693.08,0.0,54367.570000000014,,,,,,,,,,,,0.0,,,,0.0,,,,,,,,,,,,,,,,0.0,10674.489999999998,43693.08,0.0,54367.570000000014,1007.57,3759.5500000000006,0.0,4767.12,9666.919999999998,39933.52999999999,0.0,49600.45,212.94,2200.3704000000007,,2413.3104000000003,28.296,62.0136,,90.30959999999999,1369.575,5323.352,,6692.927000000001,1610.74,7585.580000000001,,9196.32,16.66239091665184,18.99551579837796,,18.54079952903653,670.6899999999999,4849.85,0.0,5520.54,7673.21,30577.480000000003,0.0,38250.69,,,,,,,,,,,,,,1458986.7600000002,0.0,1508587.2099999997,0.0,0.0,,0.0,,0.0,,,,,,,,1508587.2099999997,0.0
14,ANDHRA PRADESH,Vizianagaram,,1110.3304712675979,1118.242539355408,0.0,1116.4506096062044,139444.10723999998,476255.9621500001,0.0,615700.0693900001,38203.36901999999,653903.4384100002,14796.580000000004,36638.17,0.0,51434.75,,,,,26337.269999999993,3546.8700000000003,0.0,29884.139999999996,1801.13,2216.35,0.0,4017.4799999999996,727545.0399999997,125651.53999999998,0.0,853196.5799999996,434908.6119999999,5872.28,62.86,440843.7519999999,,,,,,,,,1205388.23,173925.20000000004,62.86,1379376.2899999998,,,,,,,,,,,,0.0,,,,0.0,,,,,,,,,,,,,,,,0.0,1205388.23,173925.20000000004,62.86,1379376.2899999998,98222.69,15745.760000000002,4.71,113972.32999999999,1107165.54,158179.44000000006,58.15,1265403.1299999997,63.43199999999999,385.70399999999995,,449.13599999999997,11.52,36.16,,47.68,8556.014999999998,12293.5646,,20849.5796,8630.999999999998,12715.490000000002,,21346.49,0.7795582221607076,8.0386490178496,,1.687009498389918,1250.6399999999999,3264.2800000000007,0.0,4514.92,1097900.02,147170.03000000006,58.15,1245070.05,,,,,,,,,,,,,,3122692.04,0.0,4388037.0200000005,58.15,0.0,,0.0,,0.0,,,,,,,,4388037.0200000005,58.15
15,ANDHRA PRADESH,West Godavari,,777.4054221623712,983.1163307628959,719.7438504285356,893.6285343341337,147259.6,521703.451,170061.69,839024.7409999999,8748.889,847773.6300000001,19447.369999999995,47380.41,22687.760000000002,89515.53999999996,6633.7,,2695.2599999999998,9328.960000000001,12084.37,0.0,79879.89,91964.26000000001,46987.31999999999,391613.98,6921.860000000001,445523.16,9884.869999999999,10339947.530000001,0.0,10349832.400000002,7.68,18615.513999999996,0.0,18623.193999999996,,,,,,,,,95045.31999999999,10797557.959999997,112184.77,11004788.049999999,,,,,,,,,,,,0.0,,,,0.0,,,,,,,,,,,,,,,,0.0,95045.31999999999,10797557.959999997,112184.77,11004788.049999999,9389.4,1034731.92,11218.54,1055339.8400000003,85655.92,9762826.04,100966.22999999998,9949448.189999996,898.9949999999998,2403.89,260.61,3563.4949999999994,9336904.919999998,16306305.119999992,7913739.491999999,33556949.532,1740538.2794000003,3317581.8708400005,1706022.7000000002,6764142.8502400005,11078341.390000002,19626290.47,9620021.940000001,40324653.60999999,12933.53849914869,201.03083256413322,9527.959932741871,311.7701976274931,1512.88,4862.69,0.0,6635.030000000001,9452.34,5600058.7299999995,2756.27,5609511.069999999,,,,,,,,,,,,,,6512500.759999999,639839.8099999999,16360982.719999997,740806.0399999999,0.0,,0.0,,0.0,,,,,,,,16360982.719999997,740806.0399999999
16,ANDHRA PRADESH,Y.S.R Kadapa,,836.9406316220915,845.5198413300184,0.0,840.4891706257591,714974.0,504329.0,0.0,1219303.0,315697.0,1535000.0,59876.00000000001,42527.659999999996,0.0,102403.65999999999,106.56,,0.0,106.56,8693.85,0.0,0.0,8693.85,12209.06,1.8,0.0,12210.86,13186.260000000004,72842.12000000001,0.0,86028.38,19931.84999999999,17129.22,0.0,37061.06999999999,,,,,,,,,114003.58999999995,132500.80000000002,0.0,246504.38999999998,,,,,,,,,,,,0.0,,,,0.0,,,,,,,,,,,,,,,,0.0,114003.58999999995,132500.80000000002,0.0,246504.38999999998,10904.06,12114.049999999996,0.0,23018.11,103099.53,120386.74999999997,0.0,223486.28,2109.4920000000006,1766.4119999999996,,3875.9040000000005,891.8640000000001,348.84000000000003,,1240.7039999999995,45765.405399999996,29782.8518,,75548.25720000002,48766.93,31897.999999999996,,80664.92999999998,47.30082668660081,26.49627139199289,,36.093906972723325,3944.350000000001,2038.9600000000003,0.0,5983.31,58334.06000000002,93127.71,0.0,151461.77000000002,,,,,,,,,,,,,,9419717.879999999,0.0,9643204.16,0.0,0.0,,0.0,,0.0,,,,,,,,9643204.16,0.0
17,ARUNACHAL PRADESH,ANJAW,,0.0,0.0,0.0,0.0,0.0,0.0,0.0,0.0,619000.0,619000.0,0.0,0.0,0.0,0.0,0.0,,0.0,0.0,0.0,0.0,0.0,0.0,0.0,0.0,0.0,0.0,0.0,,,0.0,,,,,,,,,,,,,0.0,0.0,0.0,0.0,,,,,0.0,0.0,0.0,0.0,0.0,0.0,0.0,0.0,0.0,0.0,0.0,0.0,,0.0,,0.0,,0.0,,0.0,,,,,0.0,0.0,0.0,0.0,0.0,0.0,0.0,0.0,0.0,0.0,0.0,0.0,0.0,0.0,0.0,0.0,,,,0.0,,,,0.0,,,,0.0,,,,,,,,,0.0,0.0,0.0,0.0,0.0,0.0,0.0,0.0,,,,,,,0.0,0.0,0.0,,,,,0.0,0.0,0.0,0.0,0.0,,0.0,,0.0,,0.0,,0.0,,0.0,,0.0,0.0
18,ARUNACHAL PRADESH,CHANGLANG,,,,,,0.0,0.0,0.0,0.0,0.0,0.0,,,,26005.131,,,,,,,,,,,,,,,,,,,,,,,,,,,,,,,,26772.291,,,,,,,,,,,,,,,,,,,,,,,,,,,,,,,,,,,,26772.291,,,,2849.444,,,,23922.846,,,,174.0,,,,0.0,,,,0.0,,,,174.0,,,,0.73,,,,,,,,0.0,,,,,,,,,,,,,,,,,,,,,,,,,,,,,,0.0,0.0
19,ARUNACHAL PRADESH,DIBANG VALLEY,,0.0,0.0,0.0,0.0,0.0,0.0,0.0,0.0,912900.0,912900.0,0.0,0.0,0.0,0.0,0.0,,0.0,0.0,0.0,0.0,0.0,0.0,0.0,0.0,0.0,0.0,0.0,,,0.0,,,,,,,,,,,,,0.0,0.0,0.0,0.0,,,,,0.0,0.0,0.0,0.0,0.0,0.0,0.0,0.0,0.0,0.0,0.0,0.0,,0.0,,0.0,,0.0,,0.0,,,,,0.0,0.0,0.0,0.0,0.0,0.0,0.0,0.0,0.0,0.0,0.0,0.0,0.0,0.0,0.0,0.0,,,,0.0,,,,0.0,,,,0.0,,,,,,,,,0.0,0.0,0.0,0.0,0.0,0.0,0.0,0.0,,,,,,,0.0,0.0,0.0,,,,,0.0,0.0,0.0,0.0,0.0,,0.0,,0.0,,0.0,,0.0,,0.0,,0.0,0.0
20,ARUNACHAL PRADESH,EAST KAMENG,,,,,,0.0,0.0,0.0,0.0,0.0,0.0,,,,9695.071,,,,,,,,,,,,,,,,,,,,,,,,,,,,,,,,9928.071,,,,,,,,,,,,,,,,,,,,,,,,,,,,,,,,,,,,9928.071,,,,992.807,,,,8935.264,,,,25.0,,,,0.0,,,,0.0,,,,25.0,,,,0.28,,,,,,,,0.0,,,,,,,,,,,,,,,,,,,,,,,,,,,,,,0.0,0.0
21,ARUNACHAL PRADESH,EAST SIANG,,,,,,0.0,0.0,0.0,0.0,0.0,0.0,,,,76341.032,,,,,,,,,,,,,,,,,,,,,,,,,,,,,,,,82338.962,,,,,,,,,,,,,,,,,,,,,,,,,,,,,,,,,,,,82338.962,,,,13307.125,,,,69031.837,,,,65.0,,,,0.0,,,,0.0,,,,65.0,,,,0.09,,,,,,,,0.0,,,,,,,,,,,,,,,,,,,,,,,,,,,,,,0.0,0.0
22,ARUNACHAL PRADESH,KURUNG KUMEY,,0.0,0.0,0.0,0.0,0.0,0.0,0.0,0.0,881800.0,881800.0,0.0,0.0,0.0,0.0,0.0,,0.0,0.0,0.0,0.0,0.0,0.0,0.0,0.0,0.0,0.0,0.0,,,0.0,,,,,,,,,,,,,0.0,0.0,0.0,0.0,,,,,0.0,0.0,0.0,0.0,0.0,0.0,0.0,0.0,0.0,0.0,0.0,0.0,,0.0,,0.0,,0.0,,0.0,,,,,0.0,0.0,0.0,0.0,0.0,0.0,0.0,0.0,0.0,0.0,0.0,0.0,0.0,0.0,0.0,0.0,,,,0.0,,,,0.0,,,,0.0,,,,,,,,,0.0,0.0,0.0,0.0,0.0,0.0,0.0,0.0,,,,,,,0.0,0.0,0.0,,,,,0.0,0.0,0.0,0.0,0.0,,0.0,,0.0,,0.0,,0.0,,0.0,,0.0,0.0
23,ARUNACHAL PRADESH,LOHIT,,,,,,0.0,0.0,0.0,0.0,0.0,0.0,,,,86097.26000000001,,,,,,,,,,,,,,,,,,,,,,,,,,,,,,,,88408.26,,,,,,,,,,,,,,,,,,,,,,,,,,,,,,,,,,,,88408.26,,,,8840.826,,,,79567.434,,,,218.0,,,,0.48,,,,0.0,,,,218.48,,,,0.27,,,,,,,,0.0,,,,,,,,,,,,,,,,,,,,,,,,,,,,,,0.0,0.0
24,ARUNACHAL PRADESH,LOWER DIBANG VALLEY,,,,,,0.0,0.0,0.0,0.0,0.0,0.0,,,,59402.539,,,,,,,,,,,,,,,,,,,,,,,,,,,,,,,,61151.539,,,,,,,,,,,,,,,,,,,,,,,,,,,,,,,,,,,,61151.539,,,,6115.153,,,,55036.386,,,,32.0,,,,0.0,,,,0.0,,,,32.0,,,,0.06,,,,,,,,0.0,,,,,,,,,,,,,,,,,,,,,,,,,,,,,,0.0,0.0
25,ARUNACHAL PRADESH,LOWER SUBANSIRI,,,,,,0.0,0.0,0.0,0.0,0.0,0.0,,,,2088.587,,,,,,,,,,,,,,,,,,,,,,,,,,,,,,,,3394.327,,,,,,,,,,,,,,,,,,,,,,,,,,,,,,,,,,,,3394.327,,,,738.645,,,,2655.682,,,,18.0,,,,0.0,,,,0.0,,,,18.0,,,,0.68,,,,,,,,0.0,,,,,,,,,,,,,,,,,,,,,,,,,,,,,,0.0,0.0
26,ARUNACHAL PRADESH,PAPUM PARE,,,,,,0.0,0.0,0.0,0.0,0.0,0.0,,,,9242.187,,,,,,,,,,,,,,,,,,,,,,,,,,,,,,,,11195.717,,,,,,,,,,,,,,,,,,,,,,,,,,,,,,,,,,,,11195.717,,,,1449.259,,,,9746.458,,,,85.0,,,,14.4,,,,0.0,,,,99.4,,,,1.02,,,,,,,,0.0,,,,,,,,,,,,,,,,,,,,,,,,,,,,,,0.0,0.0
27,ARUNACHAL PRADESH,TAWANG,,0.0,0.0,0.0,0.0,0.0,0.0,0.0,0.0,217200.0,217200.0,0.0,0.0,0.0,0.0,0.0,,0.0,0.0,0.0,0.0,0.0,0.0,0.0,0.0,0.0,0.0,0.0,,,0.0,,,,,,,,,,,,,0.0,0.0,0.0,0.0,,,,,0.0,0.0,0.0,0.0,0.0,0.0,0.0,0.0,0.0,0.0,0.0,0.0,,0.0,,0.0,,0.0,,0.0,,,,,0.0,0.0,0.0,0.0,0.0,0.0,0.0,0.0,0.0,0.0,0.0,0.0,0.0,0.0,0.0,0.0,,,,0.0,,,,0.0,,,,0.0,,,,,,,,,0.0,0.0,0.0,0.0,0.0,0.0,0.0,0.0,,,,,,,0.0,0.0,0.0,,,,,0.0,0.0,0.0,0.0,0.0,,0.0,,0.0,,0.0,,0.0,,0.0,,0.0,0.0
28,ARUNACHAL PRADESH,TIRAP,,,,,,0.0,0.0,0.0,0.0,0.0,0.0,,,,7070.9800000000005,,,,,,,,,,,,,,,,,,,,,,,,,,,,,,,,7889.98,,,,,,,,,,,,,,,,,,,,,,,,,,,,,,,,,,,,7889.98,,,,394.499,,,,7495.481,,,,63.0,,,,0.0,,,,0.0,,,,63.0,,,,0.84,,,,,,,,0.0,,,,,,,,,,,,,,,,,,,,,,,,,,,,,,0.0,0.0
29,ARUNACHAL PRADESH,UPPER SIANG,,0.0,3879.74,0.0,0.0,0.0,0.0,0.0,0.0,618800.0,618800.0,0.0,0.0,0.0,0.0,0.0,,0.0,0.0,0.0,0.0,0.0,0.0,0.0,0.0,0.0,0.0,0.0,,,0.0,,,,,,,,,,,,,0.0,0.0,0.0,0.0,,,,,0.0,0.0,0.0,0.0,0.0,0.0,0.0,0.0,0.0,0.0,0.0,0.0,,0.0,,0.0,,0.0,,0.0,,,,,0.0,0.0,0.0,0.0,0.0,0.0,0.0,0.0,0.0,0.0,0.0,0.0,0.0,0.0,0.0,0.0,,,,0.0,,,,0.0,,,,0.0,,,,,,,,,0.0,0.0,0.0,0.0,0.0,0.0,0.0,0.0,,,,,,,0.0,0.0,0.0,,,,,0.0,0.0,0.0,0.0,0.0,,0.0,,0.0,,0.0,,0.0,,0.0,,0.0,0.0
30,ARUNACHAL PRADESH,UPPER SUBANSIRI,,,,,,0.0,0.0,0.0,0.0,0.0,0.0,,,,145.758,,,,,,,,,,,,,,,,,,,,,,,,,,,,,,,,1057.758,,,,,,,,,,,,,,,,,,,,,,,,,,,,,,,,,,,,1057.758,,,,105.776,,,,951.982,,,,16.0,,,,0.0,,,,0.0,,,,16.0,,,,1.68,,,,,,,,0.0,,,,,,,,,,,,,,,,,,,,,,,,,,,,,,0.0,0.0
31,ARUNACHAL PRADESH,WEST KAMENG,,,,,,0.0,0.0,0.0,0.0,0.0,0.0,,,,3645.003,,,,,,,,,,,,,,,,,,,,,,,,,,,,,,,,3963.003,,,,,,,,,,,,,,,,,,,,,,,,,,,,,,,,,,,,3963.003,,,,396.3,,,,3566.703,,,,11.0,,,,0.72,,,,0.0,,,,11.72,,,,0.33,,,,,,,,0.0,,,,,,,,,,,,,,,,,,,,,,,,,,,,,,0.0,0.0
32,ARUNACHAL PRADESH,WEST SIANG,,,,,,0.0,0.0,0.0,0.0,0.0,0.0,,,,4273.948,,,,,,,,,,,,,,,,,,,,,,,,,,,,,,,,6399.948,,,,,,,,,,,,,,,,,,,,,,,,,,,,,,,,,,,,6399.948,,,,639.995,,,,5759.953,,,,21.0,,,,0.9,,,,0.0,,,,21.9,,,,0.38,,,,,,,,0.0,,,,,,,,,,,,,,,,,,,,,,,,,,,,,,0.0,0.0
33,BIHAR,ARARIA,,0.0,0.0,0.0,0.0,0.0,0.0,0.0,0.0,0.0,0.0,,,,91232.31,,,,,,,,,,,,,,,,,,,,,,,,,,,,,,,,98976.38,,,,,,,,,,,,,,,,,,,,,,,,,,,,,,,,,,,,98976.38,,,,7096.034,,,,91880.349,,,,5183.916000000001,,,,925.268,,,,11922.9,,,,18032.082,,,,19.625613307150147,,,,,,,,0.0,,,,,,,,,,,,,,,,,,,,,,,,,,,,,,0.0,0.0
34,BIHAR,ARWAL,,0.0,0.0,0.0,0.0,0.0,0.0,0.0,0.0,0.0,0.0,,,,14415.349999999999,,,,,,,,,,,,,,,,,,,,,,,,,,,,,,,,22471.3,,,,,,,,,,,,,,,,,,,,,,,,,,,,,,,,,,,,22471.3,,,,1275.818,,,,21195.483,,,,1425.776,,,,407.666,,,,6339.789999999999,,,,8173.232,,,,38.56119721357612,,,,,,,,0.0,,,,,,,,,,,,,,,,,,,,,,,,,,,,,,0.0,0.0
35,BIHAR,AURANGABAD,,0.0,0.0,0.0,0.0,0.0,0.0,0.0,0.0,0.0,0.0,,,,85449.02999999998,,,,,,,,,,,,,,,,,,,,,,,,,,,,,,,,103766.79000000001,,,,,,,,,,,,,,,,,,,,,,,,,,,,,,,,,,,,103766.79000000001,,,,5188.342,,,,98578.453,,,,4426.656,,,,1294.2730000000001,,,,20499.579999999998,,,,26220.507000000005,,,,26.598618868567563,,,,,,,,0.0,,,,,,,,,,,,,,,,,,,,,,,,,,,,,,0.0,0.0
36,BIHAR,BANKA,,0.0,0.0,0.0,0.0,0.0,0.0,0.0,0.0,0.0,0.0,,,,36725.75,,,,,,,,,,,,,,,,,,,,,,,,,,,,,,,,49846.24999999999,,,,,,,,,,,,,,,,,,,,,,,,,,,,,,,,,,,,49846.24999999999,,,,3010.6799999999994,,,,46835.575000000004,,,,3584.2989999999995,,,,802.3619999999999,,,,11808.539999999999,,,,16195.201000000001,,,,34.57884524744278,,,,,,,,0.0,,,,,,,,,,,,,,,,,,,,,,,,,,,,,,0.0,0.0
37,BIHAR,BEGUSARAI,,0.0,0.0,0.0,0.0,0.0,0.0,0.0,0.0,0.0,0.0,,,,49142.490000000005,,,,,,,,,,,,,,,,,,,,,,,,,,,,,,,,71475.34,,,,,,,,,,,,,,,,,,,,,,,,,,,,,,,,,,,,71475.34,,,,7147.5340000000015,,,,64327.806000000004,,,,5862.383000000001,,,,1741.9960000000003,,,,26045.4,,,,33649.779,,,,52.309850269104466,,,,,,,,0.0,,,,,,,,,,,,,,,,,,,,,,,,,,,,,,0.0,0.0
38,BIHAR,BHAGALPUR,,0.0,0.0,0.0,0.0,0.0,0.0,0.0,0.0,0.0,0.0,,,,69090.86,,,,,,,,,,,,,,,,,,,,,,,,,,,,,,,,75501.03,,,,,,,,,,,,,,,,,,,,,,,,,,,,,,,,,,,,75501.03,,,,5009.148,,,,70491.883,,,,4480.479,,,,1049.351,,,,13838.0,,,,19367.832000000002,,,,27.475265485531153,,,,,,,,0.0,,,,,,,,,,,,,,,,,,,,,,,,,,,,,,0.0,0.0
39,BIHAR,BHOJPUR,,0.0,0.0,0.0,0.0,0.0,0.0,0.0,0.0,0.0,0.0,,,,58189.21,,,,,,,,,,,,,,,,,,,,,,,,,,,,,,,,93754.59999999999,,,,,,,,,,,,,,,,,,,,,,,,,,,,,,,,,,,,93754.59999999999,,,,9011.566,,,,84743.035,,,,4871.149,,,,2327.951,,,,40226.479999999996,,,,47425.579,,,,55.96398453277015,,,,,,,,0.0,,,,,,,,,,,,,,,,,,,,,,,,,,,,,,0.0,0.0
40,BIHAR,BUXAR,,0.0,0.0,0.0,0.0,0.0,0.0,0.0,0.0,0.0,0.0,,,,32622.48,,,,,,,,,,,,,,,,,,,,,,,,,,,,,,,,65832.55,,,,,,,,,,,,,,,,,,,,,,,,,,,,,,,,,,,,65832.55,,,,6583.255000000001,,,,59249.295,,,,2781.8279999999995,,,,1471.4489999999998,,,,26289.000000000004,,,,30542.275999999998,,,,51.54875851265403,,,,,,,,0.0,,,,,,,,,,,,,,,,,,,,,,,,,,,,,,0.0,0.0
41,BIHAR,DARBHANGA,,0.0,0.0,0.0,0.0,0.0,0.0,0.0,0.0,0.0,0.0,,,,65418.83,,,,,,,,,,,,,,,,,,,,,,,,,,,,,,,,95813.56000000003,,,,,,,,,,,,,,,,,,,,,,,,,,,,,,,,,,,,95813.56000000003,,,,7831.491,,,,87982.07100000001,,,,7743.54,,,,1568.6860000000004,,,,20754.300000000007,,,,30066.525999999998,,,,34.173469274211556,,,,,,,,0.0,,,,,,,,,,,,,,,,,,,,,,,,,,,,,,0.0,0.0
42,BIHAR,EAST CHAMPARAN,,0.0,0.0,0.0,0.0,0.0,0.0,0.0,0.0,0.0,0.0,,,,107613.16,,,,,,,,,,,,,,,,,,,,,,,,,,,,,,,,145795.0,,,,,,,,,,,,,,,,,,,,,,,,,,,,,,,,,,,,145795.0,,,,12085.979000000001,,,,133709.02500000002,,,,9087.545,,,,2768.2439999999997,,,,44138.44,,,,55994.23000000001,,,,41.87767430059415,,,,,,,,0.0,,,,,,,,,,,,,,,,,,,,,,,,,,,,,,0.0,0.0
43,BIHAR,GAYA,,0.0,0.0,0.0,0.0,0.0,0.0,0.0,0.0,0.0,0.0,,,,94843.38,,,,,,,,,,,,,,,,,,,,,,,,,,,,,,,,115375.05,,,,,,,,,,,,,,,,,,,,,,,,,,,,,,,,,,,,115375.05,,,,7534.194,,,,107840.86399999999,,,,8130.812999999999,,,,3566.5260000000003,,,,59207.329999999994,,,,70904.66900000001,,,,65.74935174851716,,,,,,,,0.0,,,,,,,,,,,,,,,,,,,,,,,,,,,,,,0.0,0.0
44,BIHAR,GOPALGANJ,,0.0,0.0,0.0,0.0,0.0,0.0,0.0,0.0,0.0,0.0,,,,56785.66,,,,,,,,,,,,,,,,,,,,,,,,,,,,,,,,89299.46,,,,,,,,,,,,,,,,,,,,,,,,,,,,,,,,,,,,89299.46,,,,7474.14,,,,81825.322,,,,4520.665000000001,,,,2899.8730000000005,,,,52663.2,,,,60083.739,,,,73.42927290894133,,,,,,,,0.0,,,,,,,,,,,,,,,,,,,,,,,,,,,,,,0.0,0.0
45,BIHAR,JAMUI,,0.0,0.0,0.0,0.0,0.0,0.0,0.0,0.0,0.0,0.0,,,,32521.82,,,,,,,,,,,,,,,,,,,,,,,,,,,,,,,,40316.729999999996,,,,,,,,,,,,,,,,,,,,,,,,,,,,,,,,,,,,40316.729999999996,,,,3365.2999999999997,,,,36951.433,,,,3074.3769999999995,,,,600.139,,,,8131.509999999999,,,,11806.024,,,,31.95011137998356,,,,,,,,0.0,,,,,,,,,,,,,,,,,,,,,,,,,,,,,,0.0,0.0
46,BIHAR,JEHANABAD,,0.0,0.0,0.0,0.0,0.0,0.0,0.0,0.0,0.0,0.0,,,,22957.94,,,,,,,,,,,,,,,,,,,,,,,,,,,,,,,,35270.299999999996,,,,,,,,,,,,,,,,,,,,,,,,,,,,,,,,,,,,35270.299999999996,,,,2903.7090000000003,,,,32366.590999999997,,,,1940.775,,,,1497.819,,,,27537.99,,,,30976.583,,,,95.70542353379138,,,,,,,,0.0,,,,,,,,,,,,,,,,,,,,,,,,,,,,,,0.0,0.0
47,BIHAR,KAIMUR,,0.0,0.0,0.0,0.0,0.0,0.0,0.0,0.0,0.0,0.0,,,,62916.15999999999,,,,,,,,,,,,,,,,,,,,,,,,,,,,,,,,98756.88999999998,,,,,,,,,,,,,,,,,,,,,,,,,,,,,,,,,,,,98756.88999999998,,,,8855.556,,,,89901.335,,,,2893.1409999999996,,,,1430.165,,,,25513.2,,,,29836.506000000005,,,,33.18805666233989,,,,,,,,0.0,,,,,,,,,,,,,,,,,,,,,,,,,,,,,,0.0,0.0
48,BIHAR,KATIHAR,,0.0,0.0,0.0,0.0,0.0,0.0,0.0,0.0,0.0,0.0,,,,93249.2,,,,,,,,,,,,,,,,,,,,,,,,,,,,,,,,109840.28000000001,,,,,,,,,,,,,,,,,,,,,,,,,,,,,,,,,,,,109840.28000000001,,,,9686.621000000003,,,,100153.66199999998,,,,5102.344000000001,,,,3075.4240000000004,,,,55644.33,,,,63822.098999999995,,,,63.72417915183172,,,,,,,,0.0,,,,,,,,,,,,,,,,,,,,,,,,,,,,,,0.0,0.0
49,BIHAR,KHAGARIA,,0.0,0.0,0.0,0.0,0.0,0.0,0.0,0.0,0.0,0.0,,,,42507.27999999999,,,,,,,,,,,,,,,,,,,,,,,,,,,,,,,,76253.24,,,,,,,,,,,,,,,,,,,,,,,,,,,,,,,,,,,,76253.24,,,,7625.3240000000005,,,,68627.916,,,,2860.0970000000007,,,,1075.0790000000002,,,,18258.480000000003,,,,22193.656000000003,,,,32.339108184488666,,,,,,,,0.0,,,,,,,,,,,,,,,,,,,,,,,,,,,,,,0.0,0.0
50,BIHAR,KISHANGANJ,,0.0,0.0,0.0,0.0,0.0,0.0,0.0,0.0,0.0,0.0,,,,75715.33,,,,,,,,,,,,,,,,,,,,,,,,,,,,,,,,78947.51,,,,,,,,,,,,,,,,,,,,,,,,,,,,,,,,,,,,78947.51,,,,7894.751,,,,71052.759,,,,2947.428,,,,768.3950000000001,,,,11648.7,,,,15364.523,,,,21.624104702253714,,,,,,,,0.0,,,,,,,,,,,,,,,,,,,,,,,,,,,,,,0.0,0.0
51,BIHAR,LAKHISARAI,,0.0,0.0,0.0,0.0,0.0,0.0,0.0,0.0,0.0,0.0,,,,23603.36,,,,,,,,,,,,,,,,,,,,,,,,,,,,,,,,32172.76,,,,,,,,,,,,,,,,,,,,,,,,,,,,,,,,,,,,32172.76,,,,3217.276,,,,28955.484,,,,1729.1040000000003,,,,439.32300000000004,,,,6478.48,,,,8646.907,,,,29.86276105762901,,,,,,,,0.0,,,,,,,,,,,,,,,,,,,,,,,,,,,,,,0.0,0.0
52,BIHAR,MADHEPURA,,0.0,0.0,0.0,0.0,0.0,0.0,0.0,0.0,0.0,0.0,,,,47219.96,,,,,,,,,,,,,,,,,,,,,,,,,,,,,,,,64579.92,,,,,,,,,,,,,,,,,,,,,,,,,,,,,,,,,,,,64579.92,,,,4107.621999999999,,,,60472.301999999996,,,,3586.427,,,,1712.069,,,,29938.949999999997,,,,35237.446,,,,58.270389640533296,,,,,,,,0.0,,,,,,,,,,,,,,,,,,,,,,,,,,,,,,0.0,0.0
53,BIHAR,MADHUBANI,,0.0,0.0,0.0,0.0,0.0,0.0,0.0,0.0,0.0,0.0,,,,85577.26999999999,,,,,,,,,,,,,,,,,,,,,,,,,,,,,,,,117134.33,,,,,,,,,,,,,,,,,,,,,,,,,,,,,,,,,,,,117134.33,,,,11216.47,,,,105917.861,,,,7632.3139999999985,,,,1895.5600000000002,,,,29360.699999999993,,,,38888.577000000005,,,,36.71578771780522,,,,,,,,0.0,,,,,,,,,,,,,,,,,,,,,,,,,,,,,,0.0,0.0
54,BIHAR,MUNGER,,0.0,0.0,0.0,0.0,0.0,0.0,0.0,0.0,0.0,0.0,,,,26861.51,,,,,,,,,,,,,,,,,,,,,,,,,,,,,,,,37434.63,,,,,,,,,,,,,,,,,,,,,,,,,,,,,,,,,,,,37434.63,,,,3239.0209999999997,,,,34195.609,,,,2401.156,,,,593.043,,,,8305.8,,,,11299.998999999998,,,,33.04517547852415,,,,,,,,0.0,,,,,,,,,,,,,,,,,,,,,,,,,,,,,,0.0,0.0
55,BIHAR,MUZAFFARPUR,,0.0,0.0,0.0,0.0,0.0,0.0,0.0,0.0,0.0,0.0,,,,74957.18,,,,,,,,,,,,,,,,,,,,,,,,,,,,,,,,119653.24,,,,,,,,,,,,,,,,,,,,,,,,,,,,,,,,,,,,119653.24,,,,9537.665,,,,110115.57699999999,,,,8516.953,,,,3652.002,,,,62215.71,,,,74384.665,,,,67.55144642251659,,,,,,,,0.0,,,,,,,,,,,,,,,,,,,,,,,,,,,,,,0.0,0.0
56,BIHAR,NALANDA,,0.0,0.0,0.0,0.0,0.0,0.0,0.0,0.0,0.0,0.0,,,,56856.90000000001,,,,,,,,,,,,,,,,,,,,,,,,,,,,,,,,88581.84,,,,,,,,,,,,,,,,,,,,,,,,,,,,,,,,,,,,88581.84,,,,8325.912,,,,80255.93000000001,,,,5216.924999999999,,,,2726.8239999999996,,,,47302.64000000001,,,,55246.391,,,,68.83776812504696,,,,,,,,0.0,,,,,,,,,,,,,,,,,,,,,,,,,,,,,,0.0,0.0
57,BIHAR,NAWADA,,0.0,0.0,0.0,0.0,0.0,0.0,0.0,0.0,0.0,0.0,,,,45261.32,,,,,,,,,,,,,,,,,,,,,,,,,,,,,,,,62879.479999999996,,,,,,,,,,,,,,,,,,,,,,,,,,,,,,,,,,,,62879.479999999996,,,,4771.6669999999995,,,,58107.818,,,,3150.6310000000003,,,,1516.0420000000001,,,,26098.05,,,,30764.724000000002,,,,52.944207954943344,,,,,,,,0.0,,,,,,,,,,,,,,,,,,,,,,,,,,,,,,0.0,0.0
58,BIHAR,PATNA,,0.0,0.0,0.0,0.0,0.0,0.0,0.0,0.0,0.0,0.0,,,,78257.31999999999,,,,,,,,,,,,,,,,,,,,,,,,,,,,,,,,100302.52,,,,,,,,,,,,,,,,,,,,,,,,,,,,,,,,,,,,100302.52,,,,7147.660000000002,,,,93154.862,,,,10340.8,,,,3032.699000000001,,,,42572.72,,,,55946.21799999999,,,,60.057217410724085,,,,,,,,0.0,,,,,,,,,,,,,,,,,,,,,,,,,,,,,,0.0,0.0
59,BIHAR,PURNEA,,0.0,0.0,0.0,0.0,0.0,0.0,0.0,0.0,0.0,0.0,,,,108879.99,,,,,,,,,,,,,,,,,,,,,,,,,,,,,,,,117156.34,,,,,,,,,,,,,,,,,,,,,,,,,,,,,,,,,,,,117156.34,,,,6445.503000000001,,,,110710.83999999998,,,,5527.610999999999,,,,2965.607000000001,,,,52635.729999999996,,,,61128.948,,,,55.21496178693975,,,,,,,,0.0,,,,,,,,,,,,,,,,,,,,,,,,,,,,,,0.0,0.0
60,BIHAR,ROHTAS,,0.0,0.0,0.0,0.0,0.0,0.0,0.0,0.0,0.0,0.0,,,,98139.94,,,,,,,,,,,,,,,,,,,,,,,,,,,,,,,,115680.36000000002,,,,,,,,,,,,,,,,,,,,,,,,,,,,,,,,,,,,115680.36000000002,,,,10092.114,,,,105588.24899999998,,,,5296.814,,,,1300.954,,,,19053.390000000007,,,,25651.157,,,,24.2935717212244,,,,,,,,0.0,,,,,,,,,,,,,,,,,,,,,,,,,,,,,,0.0,0.0
61,BIHAR,SAHARSA,,0.0,0.0,0.0,0.0,0.0,0.0,0.0,0.0,0.0,0.0,,,,44679.52000000001,,,,,,,,,,,,,,,,,,,,,,,,,,,,,,,,53836.630000000005,,,,,,,,,,,,,,,,,,,,,,,,,,,,,,,,,,,,53836.630000000005,,,,3340.886,,,,50495.744999999995,,,,3102.994,,,,997.4870000000001,,,,16507.199999999997,,,,20607.680999999997,,,,40.8107277157709,,,,,,,,0.0,,,,,,,,,,,,,,,,,,,,,,,,,,,,,,0.0,0.0
62,BIHAR,SAMASTIPUR,,0.0,0.0,0.0,0.0,0.0,0.0,0.0,0.0,0.0,0.0,,,,70455.58000000002,,,,,,,,,,,,,,,,,,,,,,,,,,,,,,,,133834.83999999997,,,,,,,,,,,,,,,,,,,,,,,,,,,,,,,,,,,,133834.83999999997,,,,7837.773999999999,,,,125997.075,,,,7225.782999999999,,,,2868.352,,,,49445.7,,,,59539.835,,,,47.254934291133345,,,,,,,,0.0,,,,,,,,,,,,,,,,,,,,,,,,,,,,,,0.0,0.0
63,BIHAR,SARAN,,0.0,0.0,0.0,0.0,0.0,0.0,0.0,0.0,0.0,0.0,,,,65708.48,,,,,,,,,,,,,,,,,,,,,,,,,,,,,,,,87796.66999999998,,,,,,,,,,,,,,,,,,,,,,,,,,,,,,,,,,,,87796.66999999998,,,,5840.874,,,,81955.801,,,,6929.388000000001,,,,2551.7410000000004,,,,42716.7,,,,52197.828,,,,63.69021760887921,,,,,,,,0.0,,,,,,,,,,,,,,,,,,,,,,,,,,,,,,0.0,0.0
64,BIHAR,SHEIKHPURA,,0.0,0.0,0.0,0.0,0.0,0.0,0.0,0.0,0.0,0.0,,,,16338.02,,,,,,,,,,,,,,,,,,,,,,,,,,,,,,,,23337.000000000004,,,,,,,,,,,,,,,,,,,,,,,,,,,,,,,,,,,,23337.000000000004,,,,1618.183,,,,21718.818,,,,1188.845,,,,420.781,,,,6720.900000000001,,,,8330.525,,,,38.35625400977162,,,,,,,,0.0,,,,,,,,,,,,,,,,,,,,,,,,,,,,,,0.0,0.0
65,BIHAR,SHEOHAR,,0.0,0.0,0.0,0.0,0.0,0.0,0.0,0.0,0.0,0.0,,,,12233.869999999999,,,,,,,,,,,,,,,,,,,,,,,,,,,,,,,,14440.24,,,,,,,,,,,,,,,,,,,,,,,,,,,,,,,,,,,,14440.24,,,,1338.0410000000002,,,,13102.2,,,,1172.8429999999998,,,,371.896,,,,6048.0,,,,7592.74,,,,57.950115247820975,,,,,,,,0.0,,,,,,,,,,,,,,,,,,,,,,,,,,,,,,0.0,0.0
66,BIHAR,SITAMARHI,,0.0,0.0,0.0,0.0,0.0,0.0,0.0,0.0,0.0,0.0,,,,58237.02,,,,,,,,,,,,,,,,,,,,,,,,,,,,,,,,70229.56000000001,,,,,,,,,,,,,,,,,,,,,,,,,,,,,,,,,,,,70229.56000000001,,,,4806.394,,,,65423.168999999994,,,,5876.017999999999,,,,1473.423,,,,22680.86,,,,30030.299999999996,,,,45.90162851940113,,,,,,,,0.0,,,,,,,,,,,,,,,,,,,,,,,,,,,,,,0.0,0.0
67,BIHAR,SIWAN,,0.0,0.0,0.0,0.0,0.0,0.0,0.0,0.0,0.0,0.0,,,,50466.82000000001,,,,,,,,,,,,,,,,,,,,,,,,,,,,,,,,94248.22000000002,,,,,,,,,,,,,,,,,,,,,,,,,,,,,,,,,,,,94248.22000000002,,,,5959.4220000000005,,,,88288.805,,,,5617.717,,,,2418.842,,,,42117.26,,,,50153.81999999999,,,,56.80654529189743,,,,,,,,0.0,,,,,,,,,,,,,,,,,,,,,,,,,,,,,,0.0,0.0
68,BIHAR,SUPAUL,,0.0,0.0,0.0,0.0,0.0,0.0,0.0,0.0,0.0,0.0,,,,72518.63,,,,,,,,,,,,,,,,,,,,,,,,,,,,,,,,92202.37999999998,,,,,,,,,,,,,,,,,,,,,,,,,,,,,,,,,,,,92202.37999999998,,,,6509.849,,,,85692.53400000001,,,,3790.6980000000003,,,,1463.096,,,,25006.95,,,,30260.744000000002,,,,35.313162754645575,,,,,,,,0.0,,,,,,,,,,,,,,,,,,,,,,,,,,,,,,0.0,0.0
69,BIHAR,VAISHALI,,0.0,0.0,0.0,0.0,0.0,0.0,0.0,0.0,0.0,0.0,,,,54516.73999999999,,,,,,,,,,,,,,,,,,,,,,,,,,,,,,,,76885.45,,,,,,,,,,,,,,,,,,,,,,,,,,,,,,,,,,,,76885.45,,,,6951.472000000002,,,,69933.979,,,,6338.339000000001,,,,2120.107,,,,35099.18,,,,43557.626000000004,,,,62.283923527359995,,,,,,,,0.0,,,,,,,,,,,,,,,,,,,,,,,,,,,,,,0.0,0.0
70,BIHAR,WEST CHAMPARAN,,0.0,0.0,0.0,0.0,0.0,0.0,0.0,0.0,0.0,0.0,,,,115122.61000000002,,,,,,,,,,,,,,,,,,,,,,,,,,,,,,,,171719.15000000002,,,,,,,,,,,,,,,,,,,,,,,,,,,,,,,,,,,,171719.15000000002,,,,10723.125,,,,160996.03000000003,,,,7358.974999999999,,,,1794.016,,,,27144.199999999997,,,,36297.191,,,,22.545395063468334,,,,,,,,0.0,,,,,,,,,,,,,,,,,,,,,,,,,,,,,,0.0,0.0
71,CHHATTISGARH,BALOD,,0.0,0.0,0.0,0.0,0.0,0.0,0.0,0.0,0.0,0.0,,,,17178.84,,,,,,,,,,,,,,,,,,,,,,,,,,,,,,,,34834.62,,,,,,,,,,,,,,,,,,,,,,,,,,,,,,,,,,,,34834.62,,,,2713.76,,,,32120.86,,,,2037.74,,,,200.772,,,,18571.025999999998,,,,20809.538,,,,64.78512094632585,,,,,,,,0.0,,,,,,,,,,,,,,,,,,,,,,,,,,,,,,0.0,0.0
72,CHHATTISGARH,BALODA BAZAR,,0.0,0.0,0.0,0.0,0.0,0.0,0.0,0.0,0.0,0.0,,,,38470.27,,,,,,,,,,,,,,,,,,,,,,,,,,,,,,,,60510.07,,,,,,,,,,,,,,,,,,,,,,,,,,,,,,,,,,,,60510.07,,,,6051.0199999999995,,,,54459.05,,,,4130.9800000000005,,,,10.540000000000001,,,,17672.414,,,,21813.934,,,,40.05566384283237,,,,,,,,0.0,,,,,,,,,,,,,,,,,,,,,,,,,,,,,,0.0,0.0
73,CHHATTISGARH,BALRAMPUR,,0.0,0.0,0.0,0.0,0.0,0.0,0.0,0.0,0.0,0.0,,,,51812.91,,,,,,,,,,,,,,,,,,,,,,,,,,,,,,,,56443.28,,,,,,,,,,,,,,,,,,,,,,,,,,,,,,,,,,,,56443.28,,,,5176.26,,,,51267.020000000004,,,,1825.9499999999998,,,,0.0,,,,14188.275000000001,,,,16014.225000000002,,,,31.236894596175084,,,,,,,,0.0,,,,,,,,,,,,,,,,,,,,,,,,,,,,,,0.0,0.0
74,CHHATTISGARH,BASTAR,,0.0,0.0,0.0,0.0,0.0,0.0,0.0,0.0,0.0,0.0,,,,30102.34,,,,,,,,,,,,,,,,,,,,,,,,,,,,,,,,32468.2,,,,,,,,,,,,,,,,,,,,,,,,,,,,,,,,,,,,32468.2,,,,2840.24,,,,29627.960000000003,,,,2075.3599999999997,,,,40.68,,,,5618.186000000001,,,,7734.226000000001,,,,26.10448373765862,,,,,,,,0.0,,,,,,,,,,,,,,,,,,,,,,,,,,,,,,0.0,0.0
75,CHHATTISGARH,BEMETARA,,0.0,0.0,0.0,0.0,0.0,0.0,0.0,0.0,0.0,0.0,,,,16646.260000000002,,,,,,,,,,,,,,,,,,,,,,,,,,,,,,,,43149.75,,,,,,,,,,,,,,,,,,,,,,,,,,,,,,,,,,,,43149.75,,,,4314.97,,,,38834.78,,,,1983.43,,,,44.592,,,,28286.767000000003,,,,30314.789,,,,78.06092631398968,,,,,,,,0.0,,,,,,,,,,,,,,,,,,,,,,,,,,,,,,0.0,0.0
76,CHHATTISGARH,BIJAPUR,,0.0,0.0,0.0,0.0,0.0,0.0,0.0,0.0,0.0,0.0,,,,38697.21,,,,,,,,,,,,,,,,,,,,,,,,,,,,,,,,39447.46,,,,,,,,,,,,,,,,,,,,,,,,,,,,,,,,,,,,39447.46,,,,3944.74,,,,35502.72,,,,619.77,,,,0.864,,,,1874.062,,,,2494.696,,,,7.026774286589872,,,,,,,,0.0,,,,,,,,,,,,,,,,,,,,,,,,,,,,,,0.0,0.0
77,CHHATTISGARH,BILASPUR,,0.0,0.0,0.0,0.0,0.0,0.0,0.0,0.0,0.0,0.0,,,,35158.909999999996,,,,,,,,,,,,,,,,,,,,,,,,,,,,,,,,49782.44,,,,,,,,,,,,,,,,,,,,,,,,,,,,,,,,,,,,49782.44,,,,4104.52,,,,45677.92,,,,5595.5,,,,523.816,,,,17798.318,,,,23917.634,,,,52.361477930693866,,,,,,,,0.0,,,,,,,,,,,,,,,,,,,,,,,,,,,,,,0.0,0.0
78,CHHATTISGARH,DANTEWADA,,0.0,0.0,0.0,0.0,0.0,0.0,0.0,0.0,0.0,0.0,,,,20075.06,,,,,,,,,,,,,,,,,,,,,,,,,,,,,,,,21145.82,,,,,,,,,,,,,,,,,,,,,,,,,,,,,,,,,,,,21145.82,,,,1229.05,,,,19916.77,,,,694.0,,,,0.306,,,,2138.23,,,,2832.5359999999996,,,,14.221864288235489,,,,,,,,0.0,,,,,,,,,,,,,,,,,,,,,,,,,,,,,,0.0,0.0
79,CHHATTISGARH,DHAMTARI,,0.0,0.0,0.0,0.0,0.0,0.0,0.0,0.0,0.0,0.0,,,,22019.95,,,,,,,,,,,,,,,,,,,,,,,,,,,,,,,,43365.87,,,,,,,,,,,,,,,,,,,,,,,,,,,,,,,,,,,,43365.87,,,,4336.6,,,,39029.270000000004,,,,1948.92,,,,89.71600000000001,,,,22854.813000000002,,,,24893.449,,,,63.78148758611165,,,,,,,,0.0,,,,,,,,,,,,,,,,,,,,,,,,,,,,,,0.0,0.0
80,CHHATTISGARH,DURG,,0.0,0.0,0.0,0.0,0.0,0.0,0.0,0.0,0.0,0.0,,,,13509.67,,,,,,,,,,,,,,,,,,,,,,,,,,,,,,,,31049.399999999998,,,,,,,,,,,,,,,,,,,,,,,,,,,,,,,,,,,,31049.399999999998,,,,3104.95,,,,27944.450000000004,,,,4538.1,,,,926.952,,,,17603.386,,,,23068.438000000002,,,,82.55105396599323,,,,,,,,0.0,,,,,,,,,,,,,,,,,,,,,,,,,,,,,,0.0,0.0
81,CHHATTISGARH,GARIABAND,,0.0,0.0,0.0,0.0,0.0,0.0,0.0,0.0,0.0,0.0,,,,23545.16,,,,,,,,,,,,,,,,,,,,,,,,,,,,,,,,33879.3,,,,,,,,,,,,,,,,,,,,,,,,,,,,,,,,,,,,33879.3,,,,2515.75,,,,31363.550000000003,,,,1508.7200000000003,,,,3.06,,,,14842.438999999998,,,,16354.219000000001,,,,52.1440302516775,,,,,,,,0.0,,,,,,,,,,,,,,,,,,,,,,,,,,,,,,0.0,0.0
82,CHHATTISGARH,JANJGIR-CHAMPA,,0.0,0.0,0.0,0.0,0.0,0.0,0.0,0.0,0.0,0.0,,,,23523.63,,,,,,,,,,,,,,,,,,,,,,,,,,,,,,,,43883.49,,,,,,,,,,,,,,,,,,,,,,,,,,,,,,,,,,,,43883.49,,,,3812.2400000000007,,,,40071.25,,,,4170.8099999999995,,,,224.5,,,,14528.661000000002,,,,18923.970999999998,,,,47.22580653211467,,,,,,,,0.0,,,,,,,,,,,,,,,,,,,,,,,,,,,,,,0.0,0.0
83,CHHATTISGARH,JASHPUR,,0.0,0.0,0.0,0.0,0.0,0.0,0.0,0.0,0.0,0.0,,,,34053.950000000004,,,,,,,,,,,,,,,,,,,,,,,,,,,,,,,,39433.69,,,,,,,,,,,,,,,,,,,,,,,,,,,,,,,,,,,,39433.69,,,,3756.96,,,,35676.729999999996,,,,2055.01,,,,40.216,,,,11849.736,,,,13944.962000000001,,,,39.08699592143115,,,,,,,,0.0,,,,,,,,,,,,,,,,,,,,,,,,,,,,,,0.0,0.0
84,CHHATTISGARH,KABIRDHAM,,0.0,0.0,0.0,0.0,0.0,0.0,0.0,0.0,0.0,0.0,,,,34808.79,,,,,,,,,,,,,,,,,,,,,,,,,,,,,,,,47031.37000000001,,,,,,,,,,,,,,,,,,,,,,,,,,,,,,,,,,,,47031.37000000001,,,,3980.1800000000003,,,,43051.19,,,,2176.1400000000003,,,,47.028,,,,25294.337,,,,27517.504999999997,,,,63.918105399641675,,,,,,,,0.0,,,,,,,,,,,,,,,,,,,,,,,,,,,,,,0.0,0.0
85,CHHATTISGARH,KANKER,,0.0,0.0,0.0,0.0,0.0,0.0,0.0,0.0,0.0,0.0,,,,61302.7,,,,,,,,,,,,,,,,,,,,,,,,,,,,,,,,71655.37000000001,,,,,,,,,,,,,,,,,,,,,,,,,,,,,,,,,,,,71655.37000000001,,,,5354.7,,,,66300.67,,,,1847.72,,,,3.4480000000000004,,,,19918.75,,,,21769.918000000005,,,,32.835140278371256,,,,,,,,0.0,,,,,,,,,,,,,,,,,,,,,,,,,,,,,,0.0,0.0
86,CHHATTISGARH,KONDAGAON,,0.0,0.0,0.0,0.0,0.0,0.0,0.0,0.0,0.0,0.0,,,,32493.300000000003,,,,,,,,,,,,,,,,,,,,,,,,,,,,,,,,35410.99,,,,,,,,,,,,,,,,,,,,,,,,,,,,,,,,,,,,35410.99,,,,2827.77,,,,32583.22,,,,1426.65,,,,1.9800000000000002,,,,11238.133,,,,12666.762999999999,,,,38.87511117685729,,,,,,,,0.0,,,,,,,,,,,,,,,,,,,,,,,,,,,,,,0.0,0.0
87,CHHATTISGARH,KORBA,,0.0,0.0,0.0,0.0,0.0,0.0,0.0,0.0,0.0,0.0,,,,35206.159999999996,,,,,,,,,,,,,,,,,,,,,,,,,,,,,,,,38136.240000000005,,,,,,,,,,,,,,,,,,,,,,,,,,,,,,,,,,,,38136.240000000005,,,,3156.15,,,,34980.090000000004,,,,3193.3299999999995,,,,1185.736,,,,8159.847,,,,12538.913,,,,35.84585688601716,,,,,,,,0.0,,,,,,,,,,,,,,,,,,,,,,,,,,,,,,0.0,0.0
88,CHHATTISGARH,KOREA,,0.0,0.0,0.0,0.0,0.0,0.0,0.0,0.0,0.0,0.0,,,,43748.3,,,,,,,,,,,,,,,,,,,,,,,,,,,,,,,,50243.07,,,,,,,,,,,,,,,,,,,,,,,,,,,,,,,,,,,,50243.07,,,,4453.16,,,,45789.909999999996,,,,1631.7099999999998,,,,28.0,,,,7799.235,,,,9458.945,,,,20.657269254296416,,,,,,,,0.0,,,,,,,,,,,,,,,,,,,,,,,,,,,,,,0.0,0.0
89,CHHATTISGARH,MAHASAMUND,,0.0,0.0,0.0,0.0,0.0,0.0,0.0,0.0,0.0,0.0,,,,47608.83,,,,,,,,,,,,,,,,,,,,,,,,,,,,,,,,65798.94,,,,,,,,,,,,,,,,,,,,,,,,,,,,,,,,,,,,65798.94,,,,5666.58,,,,60132.36,,,,2588.05,,,,33.21,,,,33144.399,,,,35765.659,,,,59.478222707374194,,,,,,,,0.0,,,,,,,,,,,,,,,,,,,,,,,,,,,,,,0.0,0.0
90,CHHATTISGARH,MUNGELI,,0.0,0.0,0.0,0.0,0.0,0.0,0.0,0.0,0.0,0.0,,,,10758.94,,,,,,,,,,,,,,,,,,,,,,,,,,,,,,,,16726.18,,,,,,,,,,,,,,,,,,,,,,,,,,,,,,,,,,,,16726.18,,,,1599.6100000000001,,,,15126.570000000002,,,,1628.1100000000001,,,,1.44,,,,6591.881,,,,8221.431,,,,54.35092687899504,,,,,,,,0.0,,,,,,,,,,,,,,,,,,,,,,,,,,,,,,0.0,0.0
91,CHHATTISGARH,NARAYANPUR,,0.0,0.0,0.0,0.0,0.0,0.0,0.0,0.0,0.0,0.0,,,,26286.46,,,,,,,,,,,,,,,,,,,,,,,,,,,,,,,,27033.879999999997,,,,,,,,,,,,,,,,,,,,,,,,,,,,,,,,,,,,27033.879999999997,,,,1779.69,,,,25254.19,,,,343.97,,,,0.0,,,,643.2,,,,987.1700000000001,,,,3.908935507335615,,,,,,,,0.0,,,,,,,,,,,,,,,,,,,,,,,,,,,,,,0.0,0.0
92,CHHATTISGARH,RAIGARH,,0.0,0.0,0.0,0.0,0.0,0.0,0.0,0.0,0.0,0.0,,,,36205.939999999995,,,,,,,,,,,,,,,,,,,,,,,,,,,,,,,,44748.60999999999,,,,,,,,,,,,,,,,,,,,,,,,,,,,,,,,,,,,44748.60999999999,,,,3581.88,,,,41166.73,,,,3771.9,,,,426.87000000000006,,,,16093.582,,,,20292.352000000003,,,,49.2930869175181,,,,,,,,0.0,,,,,,,,,,,,,,,,,,,,,,,,,,,,,,0.0,0.0
93,CHHATTISGARH,RAIPUR,,0.0,0.0,0.0,0.0,0.0,0.0,0.0,0.0,0.0,0.0,,,,20677.25,,,,,,,,,,,,,,,,,,,,,,,,,,,,,,,,42819.93,,,,,,,,,,,,,,,,,,,,,,,,,,,,,,,,,,,,42819.93,,,,4108.58,,,,38711.350000000006,,,,6207.249999999999,,,,632.2579999999999,,,,17410.213,,,,24249.721,,,,62.642405909378,,,,,,,,0.0,,,,,,,,,,,,,,,,,,,,,,,,,,,,,,0.0,0.0
94,CHHATTISGARH,RAJNANDGAON,,0.0,0.0,0.0,0.0,0.0,0.0,0.0,0.0,0.0,0.0,,,,43039.409999999996,,,,,,,,,,,,,,,,,,,,,,,,,,,,,,,,70143.95,,,,,,,,,,,,,,,,,,,,,,,,,,,,,,,,,,,,70143.95,,,,6200.369999999999,,,,63943.58,,,,4197.0,,,,107.556,,,,32624.998,,,,36929.554,,,,57.75334130494413,,,,,,,,0.0,,,,,,,,,,,,,,,,,,,,,,,,,,,,,,0.0,0.0
95,CHHATTISGARH,SUKMA,,0.0,0.0,0.0,0.0,0.0,0.0,0.0,0.0,0.0,0.0,,,,31231.09,,,,,,,,,,,,,,,,,,,,,,,,,,,,,,,,31986.08,,,,,,,,,,,,,,,,,,,,,,,,,,,,,,,,,,,,31986.08,,,,2861.8900000000003,,,,29124.190000000002,,,,587.3399999999999,,,,0.0,,,,890.281,,,,1477.621,,,,5.073517924446998,,,,,,,,0.0,,,,,,,,,,,,,,,,,,,,,,,,,,,,,,0.0,0.0
96,CHHATTISGARH,SURAJPUR,,0.0,0.0,0.0,0.0,0.0,0.0,0.0,0.0,0.0,0.0,,,,29965.83,,,,,,,,,,,,,,,,,,,,,,,,,,,,,,,,40819.509999999995,,,,,,,,,,,,,,,,,,,,,,,,,,,,,,,,,,,,40819.509999999995,,,,3253.73,,,,37565.78,,,,1952.04,,,,5.088,,,,18359.695,,,,20316.823,,,,54.083325302975204,,,,,,,,0.0,,,,,,,,,,,,,,,,,,,,,,,,,,,,,,0.0,0.0
97,CHHATTISGARH,SURGUJA,,0.0,0.0,0.0,0.0,0.0,0.0,0.0,0.0,0.0,0.0,,,,39595.100000000006,,,,,,,,,,,,,,,,,,,,,,,,,,,,,,,,45293.59,,,,,,,,,,,,,,,,,,,,,,,,,,,,,,,,,,,,45293.59,,,,3756.2300000000005,,,,41537.36,,,,2093.6,,,,4.775,,,,12120.045,,,,14218.421,,,,34.23043977758818,,,,,,,,0.0,,,,,,,,,,,,,,,,,,,,,,,,,,,,,,0.0,0.0
98,DADRA AND NAGAR HAVELI,DADRA NAGAR HAVELI,,,,,,0.0,0.0,0.0,0.0,0.0,0.0,,,,6067.2,,,,,,,,,,,,,,,,,,,,,,,,,,,,,,,,6861.59,,,,,,,,,,,,,,,,,,,,,,,,,,,,,,,,,,,,6861.59,,,,343.0,,,,6518.59,,,,1292.4,,,,,,,,750.46,,,,2042.86,,,,31.339,,,,,,,,0.0,,,,,,,,,,,,,,,,,,,,,,,,,,,,,,0.0,0.0
99,DAMAN AND DIU,DAMAN,,,,,,0.0,0.0,0.0,0.0,0.0,0.0,,,,1172.0,,,,,,,,,,,,,,,,,,,,,,,,,,,,,,,,1304.0,,,,,,,,,,,,,,,,,,,,,,,,,,,,,,,,,,,,1304.0,,,,65.0,,,,1239.0,,,,198.0,,,,35.0,,,,402.0,,,,635.0,,,,51.251,,,,,,,,0.0,,,,,,,,,,,,,,,,,,,,,,,,,,,,,,0.0,0.0
100,DAMAN AND DIU,DIU,,,,,,0.0,0.0,0.0,0.0,0.0,0.0,,,,412.0,,,,,,,,,,,,,,,,,,,,,,,,,,,,,,,,471.0,,,,,,,,,,,,,,,,,,,,,,,,,,,,,,,,,,,,471.0,,,,47.0,,,,424.0,,,,50.0,,,,9.0,,,,327.0,,,,386.0,,,,91.038,,,,,,,,0.0,,,,,,,,,,,,,,,,,,,,,,,,,,,,,,0.0,0.0
101,DELHI,CENTRAL,,0.0,0.0,0.0,0.0,0.0,0.0,0.0,0.0,0.0,0.0,,,,841.093,,,,,,,,,,,,,,,,,,,,,,,,,,,,,,,,2540.619,,,,,,,,,,,,,,,,,,,,,,,,,,,,,,,,,,,,2540.619,,,,164.39300000000003,,,,2376.227,,,,1680.812,,,,50.69,,,,189.51,,,,1921.0130000000001,,,,80.84299185220941,,,,,,,,0.0,,,,,,,,,,,,,,,,,,,,,,,,,,,,,,0.0,0.0
102,DELHI,EAST,,0.0,0.0,0.0,0.0,0.0,0.0,0.0,0.0,0.0,0.0,,,,182.20499999999998,,,,,,,,,,,,,,,,,,,,,,,,,,,,,,,,1497.8319999999999,,,,,,,,,,,,,,,,,,,,,,,,,,,,,,,,,,,,1497.8319999999999,,,,113.369,,,,1384.462,,,,692.388,,,,119.107,,,,690.0,,,,1501.496,,,,108.45339200353641,,,,,,,,0.0,,,,,,,,,,,,,,,,,,,,,,,,,,,,,,0.0,0.0
103,DELHI,NAZUL LAND,,0.0,0.0,0.0,0.0,0.0,0.0,0.0,0.0,0.0,0.0,,,,122.683,,,,,,,,,,,,,,,,,,,,,,,,,,,,,,,,638.847,,,,,,,,,,,,,,,,,,,,,,,,,,,,,,,,,,,,638.847,,,,63.885,,,,574.962,,,,400.0,,,,0.0,,,,0.0,,,,400.0,,,,69.5698150486467,,,,,,,,0.0,,,,,,,,,,,,,,,,,,,,,,,,,,,,,,0.0,0.0
104,DELHI,NEW DELHI,,0.0,0.0,0.0,0.0,0.0,0.0,0.0,0.0,0.0,0.0,,,,2223.763,,,,,,,,,,,,,,,,,,,,,,,,,,,,,,,,3429.061,,,,,,,,,,,,,,,,,,,,,,,,,,,,,,,,,,,,3429.061,,,,212.432,,,,3216.6270000000004,,,,3426.303,,,,746.5840000000001,,,,955.1300000000001,,,,5128.016,,,,159.42215245970388,,,,,,,,0.0,,,,,,,,,,,,,,,,,,,,,,,,,,,,,,0.0,0.0
105,DELHI,NORTH,,0.0,0.0,0.0,0.0,0.0,0.0,0.0,0.0,0.0,0.0,,,,4181.528,,,,,,,,,,,,,,,,,,,,,,,,,,,,,,,,9599.743,,,,,,,,,,,,,,,,,,,,,,,,,,,,,,,,,,,,9599.743,,,,479.98699999999997,,,,9119.756000000001,,,,5698.7699999999995,,,,93.436,,,,1868.2350000000001,,,,7660.441000000001,,,,83.99831091972197,,,,,,,,0.0,,,,,,,,,,,,,,,,,,,,,,,,,,,,,,0.0,0.0
106,DELHI,NORTH EAST,,0.0,0.0,0.0,0.0,0.0,0.0,0.0,0.0,0.0,0.0,,,,345.22400000000005,,,,,,,,,,,,,,,,,,,,,,,,,,,,,,,,1067.243,,,,,,,,,,,,,,,,,,,,,,,,,,,,,,,,,,,,1067.243,,,,89.559,,,,977.6850000000001,,,,817.037,,,,4.344,,,,329.01,,,,1150.3899999999999,,,,117.66468750159815,,,,,,,,0.0,,,,,,,,,,,,,,,,,,,,,,,,,,,,,,0.0,0.0
107,DELHI,NORTH WEST,,0.0,0.0,0.0,0.0,0.0,0.0,0.0,0.0,0.0,0.0,,,,1736.129,,,,,,,,,,,,,,,,,,,,,,,,,,,,,,,,4172.0070000000005,,,,,,,,,,,,,,,,,,,,,,,,,,,,,,,,,,,,4172.0070000000005,,,,208.60100000000003,,,,3963.406,,,,1901.217,,,,147.645,,,,711.587,,,,2760.449,,,,69.64840341867576,,,,,,,,0.0,,,,,,,,,,,,,,,,,,,,,,,,,,,,,,0.0,0.0
108,DELHI,SHAHDARA,,0.0,0.0,0.0,0.0,0.0,0.0,0.0,0.0,0.0,0.0,,,,333.36699999999996,,,,,,,,,,,,,,,,,,,,,,,,,,,,,,,,622.467,,,,,,,,,,,,,,,,,,,,,,,,,,,,,,,,,,,,622.467,,,,58.607,,,,563.859,,,,787.6769999999999,,,,96.567,,,,57.36,,,,941.604,,,,166.99281203279543,,,,,,,,0.0,,,,,,,,,,,,,,,,,,,,,,,,,,,,,,0.0,0.0
109,DELHI,SOUTH,,0.0,0.0,0.0,0.0,0.0,0.0,0.0,0.0,0.0,0.0,,,,1758.038,,,,,,,,,,,,,,,,,,,,,,,,,,,,,,,,1918.4769999999999,,,,,,,,,,,,,,,,,,,,,,,,,,,,,,,,,,,,1918.4769999999999,,,,111.892,,,,1806.586,,,,3484.7840000000006,,,,653.021,,,,466.71000000000004,,,,4604.514,,,,254.87377849712107,,,,,,,,0.0,,,,,,,,,,,,,,,,,,,,,,,,,,,,,,0.0,0.0
110,DELHI,SOUTH EAST,,0.0,0.0,0.0,0.0,0.0,0.0,0.0,0.0,0.0,0.0,,,,1032.223,,,,,,,,,,,,,,,,,,,,,,,,,,,,,,,,1707.292,,,,,,,,,,,,,,,,,,,,,,,,,,,,,,,,,,,,1707.292,,,,142.417,,,,1564.874,,,,1730.76,,,,121.70400000000001,,,,1426.64,,,,3279.103,,,,209.5442188955788,,,,,,,,0.0,,,,,,,,,,,,,,,,,,,,,,,,,,,,,,0.0,0.0
111,DELHI,SOUTH WEST,,0.0,0.0,0.0,0.0,0.0,0.0,0.0,0.0,0.0,0.0,,,,1735.0300000000002,,,,,,,,,,,,,,,,,,,,,,,,,,,,,,,,2380.295,,,,,,,,,,,,,,,,,,,,,,,,,,,,,,,,,,,,2380.295,,,,238.02999999999997,,,,2142.266,,,,2101.581,,,,305.525,,,,2075.537,,,,4482.644,,,,209.24777782030804,,,,,,,,0.0,,,,,,,,,,,,,,,,,,,,,,,,,,,,,,0.0,0.0
112,DELHI,WEST,,0.0,0.0,0.0,0.0,0.0,0.0,0.0,0.0,0.0,0.0,,,,1077.183,,,,,,,,,,,,,,,,,,,,,,,,,,,,,,,,2526.1360000000004,,,,,,,,,,,,,,,,,,,,,,,,,,,,,,,,,,,,2526.1360000000004,,,,126.30699999999999,,,,2399.828,,,,1735.3339999999998,,,,141.502,,,,283.791,,,,2160.627,,,,90.03257733470899,,,,,,,,0.0,,,,,,,,,,,,,,,,,,,,,,,,,,,,,,0.0,0.0
113,GOA,GOA NORTH,,0.0,0.0,0.0,0.0,0.0,0.0,0.0,0.0,0.0,0.0,,,,8306.939,,,,,,,,,,,,,,,,,,,,,,,,,,,,,,,,14110.743,,,,,,,,,,,,,,,,,,,,,,,,,,,,,,,,,,,,14110.743,,,,5644.2970000000005,,,,8466.446,,,,1484.49,,,,,,,,837.81,,,,2322.3,,,,27.429455051151336,,,,,,,,0.0,,,,,,,,,,,,,,,,,,,,,,,,,,,,,,0.0,0.0
114,GOA,SOUTH GOA,,0.0,0.0,0.0,0.0,0.0,0.0,0.0,0.0,0.0,0.0,,,,11332.858,,,,,,,,,,,,,,,,,,,,,,,,,,,,,,,,12611.596,,,,,,,,,,,,,,,,,,,,,,,,,,,,,,,,,,,,12611.596,,,,5044.637999999999,,,,7566.9580000000005,,,,1829.02,,,,,,,,1220.0400000000002,,,,3049.0600000000004,,,,40.29439571357473,,,,,,,,0.0,,,,,,,,,,,,,,,,,,,,,,,,,,,,,,0.0,0.0
115,GUJARAT,AHMEDABAD,,0.0,0.0,0.0,0.0,0.0,0.0,0.0,0.0,0.0,0.0,,,,39237.372,,,,,,,,,,,,,,,,,,,,,,,,,,,,,,,,57846.473,,,,,,,,,,,,,,,,,,,,,,,,,,,,,,,,,,,,57846.473,,,,2892.3229999999994,,,,54954.149,,,,3121.4089999999997,,,,550.56,,,,35902.2,,,,39574.17,,,,72.0130703870967,,,,,,,,0.0,,,,,,,,,,,,,,,,,,,,,,,,,,,,,,0.0,0.0
116,GUJARAT,AMRELI,,0.0,0.0,0.0,0.0,0.0,0.0,0.0,0.0,0.0,0.0,,,,104008.671,,,,,,,,,,,,,,,,,,,,,,,,,,,,,,,,126143.43299999999,,,,,,,,,,,,,,,,,,,,,,,,,,,,,,,,,,,,126143.43299999999,,,,6307.172999999999,,,,119836.26199999999,,,,1992.5559999999998,,,,351.6260000000001,,,,70915.59999999999,,,,73259.786,,,,61.13323694959711,,,,,,,,0.0,,,,,,,,,,,,,,,,,,,,,,,,,,,,,,0.0,0.0
117,GUJARAT,ANAND,,0.0,0.0,0.0,0.0,0.0,0.0,0.0,0.0,0.0,0.0,,,,31573.678000000004,,,,,,,,,,,,,,,,,,,,,,,,,,,,,,,,67775.71500000001,,,,,,,,,,,,,,,,,,,,,,,,,,,,,,,,,,,,67775.71500000001,,,,3388.7850000000003,,,,64386.93,,,,2899.4260000000004,,,,511.27500000000003,,,,24645.9,,,,28056.602,,,,43.57499573282963,,,,,,,,0.0,,,,,,,,,,,,,,,,,,,,,,,,,,,,,,0.0,0.0
118,GUJARAT,ARVALLI,,0.0,0.0,0.0,0.0,0.0,0.0,0.0,0.0,0.0,0.0,,,,54197.998,,,,,,,,,,,,,,,,,,,,,,,,,,,,,,,,66907.762,,,,,,,,,,,,,,,,,,,,,,,,,,,,,,,,,,,,66907.762,,,,3345.388,,,,63562.37300000001,,,,1444.678,,,,254.943,,,,34789.5,,,,36489.121,,,,57.406794740026456,,,,,,,,0.0,,,,,,,,,,,,,,,,,,,,,,,,,,,,,,0.0,0.0
119,GUJARAT,BANASKANTHA,,0.0,0.0,0.0,0.0,0.0,0.0,0.0,0.0,0.0,0.0,,,,108741.52,,,,,,,,,,,,,,,,,,,,,,,,,,,,,,,,147567.454,,,,,,,,,,,,,,,,,,,,,,,,,,,,,,,,,,,,147567.454,,,,7378.375,,,,140189.081,,,,3804.9150000000004,,,,671.455,,,,153015.9,,,,157492.269,,,,112.34275014614012,,,,,,,,0.0,,,,,,,,,,,,,,,,,,,,,,,,,,,,,,0.0,0.0
120,GUJARAT,BHARUCH,,0.0,0.0,0.0,0.0,0.0,0.0,0.0,0.0,0.0,0.0,,,,38578.518000000004,,,,,,,,,,,,,,,,,,,,,,,,,,,,,,,,53462.367,,,,,,,,,,,,,,,,,,,,,,,,,,,,,,,,,,,,53462.367,,,,2673.1189999999997,,,,50789.248,,,,1478.091,,,,260.434,,,,15136.699999999999,,,,16875.226,,,,33.22598121555176,,,,,,,,0.0,,,,,,,,,,,,,,,,,,,,,,,,,,,,,,0.0,0.0
121,GUJARAT,BHAVNAGAR,,0.0,0.0,0.0,0.0,0.0,0.0,0.0,0.0,0.0,0.0,,,,60632.361,,,,,,,,,,,,,,,,,,,,,,,,,,,,,,,,81961.258,,,,,,,,,,,,,,,,,,,,,,,,,,,,,,,,,,,,81961.258,,,,4098.062000000001,,,,77863.19399999999,,,,2765.502,,,,488.029,,,,43098.299999999996,,,,46351.833,,,,59.52983767914787,,,,,,,,0.0,,,,,,,,,,,,,,,,,,,,,,,,,,,,,,0.0,0.0
122,GUJARAT,BOTAD,,0.0,0.0,0.0,0.0,0.0,0.0,0.0,0.0,0.0,0.0,,,,30879.159999999996,,,,,,,,,,,,,,,,,,,,,,,,,,,,,,,,37470.734,,,,,,,,,,,,,,,,,,,,,,,,,,,,,,,,,,,,37470.734,,,,1873.5369999999998,,,,35597.198000000004,,,,846.013,,,,149.296,,,,21385.1,,,,22380.41,,,,62.87126868805797,,,,,,,,0.0,,,,,,,,,,,,,,,,,,,,,,,,,,,,,,0.0,0.0
123,GUJARAT,CHHOTA UDEPUR,,0.0,0.0,0.0,0.0,0.0,0.0,0.0,0.0,0.0,0.0,,,,19160.213,,,,,,,,,,,,,,,,,,,,,,,,,,,,,,,,35626.475,,,,,,,,,,,,,,,,,,,,,,,,,,,,,,,,,,,,35626.475,,,,1781.3229999999999,,,,33845.15,,,,1435.249,,,,253.27900000000002,,,,14573.400000000001,,,,16261.928,,,,48.04803051545051,,,,,,,,0.0,,,,,,,,,,,,,,,,,,,,,,,,,,,,,,0.0,0.0
124,GUJARAT,DAHOD,,0.0,0.0,0.0,0.0,0.0,0.0,0.0,0.0,0.0,0.0,,,,22691.521,,,,,,,,,,,,,,,,,,,,,,,,,,,,,,,,41484.649999999994,,,,,,,,,,,,,,,,,,,,,,,,,,,,,,,,,,,,41484.649999999994,,,,2074.23,,,,39410.417,,,,2914.2799999999997,,,,514.72,,,,14643.199999999997,,,,18072.2,,,,45.856403904581875,,,,,,,,0.0,,,,,,,,,,,,,,,,,,,,,,,,,,,,,,0.0,0.0
125,GUJARAT,DANG,,0.0,0.0,0.0,0.0,0.0,0.0,0.0,0.0,0.0,0.0,,,,5165.872,,,,,,,,,,,,,,,,,,,,,,,,,,,,,,,,8573.872,,,,,,,,,,,,,,,,,,,,,,,,,,,,,,,,,,,,8573.872,,,,429.0,,,,8144.871999999999,,,,328.7,,,,58.099999999999994,,,,610.0,,,,996.8,,,,12.238375262373676,,,,,,,,0.0,,,,,,,,,,,,,,,,,,,,,,,,,,,,,,0.0,0.0
126,GUJARAT,DEVBHUMI DWARKA,,0.0,0.0,0.0,0.0,0.0,0.0,0.0,0.0,0.0,0.0,,,,25540.105,,,,,,,,,,,,,,,,,,,,,,,,,,,,,,,,30444.188000000002,,,,,,,,,,,,,,,,,,,,,,,,,,,,,,,,,,,,30444.188000000002,,,,1522.709,,,,28921.478,,,,902.4550000000002,,,,159.256,,,,17533.8,,,,18595.512,,,,64.29654805331872,,,,,,,,0.0,,,,,,,,,,,,,,,,,,,,,,,,,,,,,,0.0,0.0
127,GUJARAT,GANDHINAGAR,,0.0,0.0,0.0,0.0,0.0,0.0,0.0,0.0,0.0,0.0,,,,33504.561,,,,,,,,,,,,,,,,,,,,,,,,,,,,,,,,43476.083,,,,,,,,,,,,,,,,,,,,,,,,,,,,,,,,,,,,43476.083,,,,2173.805,,,,41302.277,,,,1738.79,,,,306.669,,,,40954.0,,,,42999.459,,,,104.10917296399906,,,,,,,,0.0,,,,,,,,,,,,,,,,,,,,,,,,,,,,,,0.0,0.0
128,GUJARAT,GIR SOMNATH,,0.0,0.0,0.0,0.0,0.0,0.0,0.0,0.0,0.0,0.0,,,,42519.054000000004,,,,,,,,,,,,,,,,,,,,,,,,,,,,,,,,51758.552,,,,,,,,,,,,,,,,,,,,,,,,,,,,,,,,,,,,51758.552,,,,2587.9280000000003,,,,49170.625,,,,1117.565,,,,197.21699999999998,,,,28808.8,,,,30123.583000000002,,,,61.263372186137566,,,,,,,,0.0,,,,,,,,,,,,,,,,,,,,,,,,,,,,,,0.0,0.0
129,GUJARAT,JAMNAGAR,,0.0,0.0,0.0,0.0,0.0,0.0,0.0,0.0,0.0,0.0,,,,65638.789,,,,,,,,,,,,,,,,,,,,,,,,,,,,,,,,79283.531,,,,,,,,,,,,,,,,,,,,,,,,,,,,,,,,,,,,79283.531,,,,3964.176,,,,75319.35299999999,,,,1674.901,,,,295.57,,,,45686.9,,,,47657.371,,,,63.273739220781685,,,,,,,,0.0,,,,,,,,,,,,,,,,,,,,,,,,,,,,,,0.0,0.0
130,GUJARAT,JUNAGADH,,0.0,0.0,0.0,0.0,0.0,0.0,0.0,0.0,0.0,0.0,,,,87552.00100000002,,,,,,,,,,,,,,,,,,,,,,,,,,,,,,,,104151.81099999999,,,,,,,,,,,,,,,,,,,,,,,,,,,,,,,,,,,,104151.81099999999,,,,5207.589,,,,98944.22200000001,,,,1984.167,,,,350.148,,,,61232.55,,,,63566.865000000005,,,,64.24515117214223,,,,,,,,0.0,,,,,,,,,,,,,,,,,,,,,,,,,,,,,,0.0,0.0
131,GUJARAT,KACHCHH,,0.0,0.0,0.0,0.0,0.0,0.0,0.0,0.0,0.0,0.0,,,,72504.531,,,,,,,,,,,,,,,,,,,,,,,,,,,,,,,,103400.939,,,,,,,,,,,,,,,,,,,,,,,,,,,,,,,,,,,,103400.939,,,,5170.0509999999995,,,,98230.88999999998,,,,2055.455,,,,363.198,,,,64041.899999999994,,,,66460.55500000001,,,,67.65749042892722,,,,,,,,0.0,,,,,,,,,,,,,,,,,,,,,,,,,,,,,,0.0,0.0
132,GUJARAT,KHEDA,,0.0,0.0,0.0,0.0,0.0,0.0,0.0,0.0,0.0,0.0,,,,36371.569,,,,,,,,,,,,,,,,,,,,,,,,,,,,,,,,70177.389,,,,,,,,,,,,,,,,,,,,,,,,,,,,,,,,,,,,70177.389,,,,3508.9139999999998,,,,66668.47600000001,,,,2779.088,,,,491.045,,,,29286.400000000005,,,,32556.532,,,,48.833472659552015,,,,,,,,0.0,,,,,,,,,,,,,,,,,,,,,,,,,,,,,,0.0,0.0
133,GUJARAT,MAHESANA,,0.0,0.0,0.0,0.0,0.0,0.0,0.0,0.0,0.0,0.0,,,,88305.48399999998,,,,,,,,,,,,,,,,,,,,,,,,,,,,,,,,114939.732,,,,,,,,,,,,,,,,,,,,,,,,,,,,,,,,,,,,114939.732,,,,5746.986999999999,,,,109192.747,,,,2649.808,,,,467.584,,,,122279.1,,,,125396.49100000001,,,,114.83957904273625,,,,,,,,0.0,,,,,,,,,,,,,,,,,,,,,,,,,,,,,,0.0,0.0
134,GUJARAT,MAHISAGAR,,0.0,0.0,0.0,0.0,0.0,0.0,0.0,0.0,0.0,0.0,,,,22394.939000000002,,,,,,,,,,,,,,,,,,,,,,,,,,,,,,,,37043.84,,,,,,,,,,,,,,,,,,,,,,,,,,,,,,,,,,,,37043.84,,,,1852.193,,,,35191.647,,,,1405.0,,,,246.70000000000002,,,,11979.5,,,,13631.2,,,,38.73419166769887,,,,,,,,0.0,,,,,,,,,,,,,,,,,,,,,,,,,,,,,,0.0,0.0
135,GUJARAT,MORBI,,0.0,0.0,0.0,0.0,0.0,0.0,0.0,0.0,0.0,0.0,,,,48353.66,,,,,,,,,,,,,,,,,,,,,,,,,,,,,,,,58595.409,,,,,,,,,,,,,,,,,,,,,,,,,,,,,,,,,,,,58595.409,,,,2929.7699999999995,,,,55665.636,,,,965.307,,,,170.348,,,,32588.8,,,,33724.456,,,,60.58397680033693,,,,,,,,0.0,,,,,,,,,,,,,,,,,,,,,,,,,,,,,,0.0,0.0
136,GUJARAT,NARMADA,,0.0,0.0,0.0,0.0,0.0,0.0,0.0,0.0,0.0,0.0,,,,11503.501,,,,,,,,,,,,,,,,,,,,,,,,,,,,,,,,25176.719999999994,,,,,,,,,,,,,,,,,,,,,,,,,,,,,,,,,,,,25176.719999999994,,,,1258.8360000000002,,,,23917.883,,,,826.105,,,,144.966,,,,3660.7,,,,4631.771,,,,19.365305031385926,,,,,,,,0.0,,,,,,,,,,,,,,,,,,,,,,,,,,,,,,0.0,0.0
137,GUJARAT,NAVSARI,,0.0,0.0,0.0,0.0,0.0,0.0,0.0,0.0,0.0,0.0,,,,42109.578,,,,,,,,,,,,,,,,,,,,,,,,,,,,,,,,60236.458000000006,,,,,,,,,,,,,,,,,,,,,,,,,,,,,,,,,,,,60236.458000000006,,,,3011.8220000000006,,,,57224.634000000005,,,,1803.1,,,,318.2,,,,18422.5,,,,20543.800000000003,,,,35.90027329838405,,,,,,,,0.0,,,,,,,,,,,,,,,,,,,,,,,,,,,,,,0.0,0.0
138,GUJARAT,PANCHMAHAL,,0.0,0.0,0.0,0.0,0.0,0.0,0.0,0.0,0.0,0.0,,,,27302.012,,,,,,,,,,,,,,,,,,,,,,,,,,,,,,,,48274.56999999999,,,,,,,,,,,,,,,,,,,,,,,,,,,,,,,,,,,,48274.56999999999,,,,2413.74,,,,45860.83,,,,2515.98,,,,445.187,,,,22094.5,,,,25055.666999999998,,,,54.634133311586375,,,,,,,,0.0,,,,,,,,,,,,,,,,,,,,,,,,,,,,,,0.0,0.0
139,GUJARAT,PATAN,,0.0,0.0,0.0,0.0,0.0,0.0,0.0,0.0,0.0,0.0,,,,21368.789,,,,,,,,,,,,,,,,,,,,,,,,,,,,,,,,40272.713,,,,,,,,,,,,,,,,,,,,,,,,,,,,,,,,,,,,40272.713,,,,2013.6399999999999,,,,38259.074,,,,738.7629999999999,,,,130.37,,,,37697.5,,,,38566.632,,,,100.80388249856753,,,,,,,,0.0,,,,,,,,,,,,,,,,,,,,,,,,,,,,,,0.0,0.0
140,GUJARAT,PORBANDAR,,0.0,0.0,0.0,0.0,0.0,0.0,0.0,0.0,0.0,0.0,,,,18217.597999999998,,,,,,,,,,,,,,,,,,,,,,,,,,,,,,,,21750.011000000002,,,,,,,,,,,,,,,,,,,,,,,,,,,,,,,,,,,,21750.011000000002,,,,1087.5,,,,20662.511,,,,501.99,,,,61.153000000000006,,,,14175.0,,,,14738.143,,,,71.32793782904702,,,,,,,,0.0,,,,,,,,,,,,,,,,,,,,,,,,,,,,,,0.0,0.0
141,GUJARAT,RAJKOT,,0.0,0.0,0.0,0.0,0.0,0.0,0.0,0.0,0.0,0.0,,,,115745.68099999998,,,,,,,,,,,,,,,,,,,,,,,,,,,,,,,,156553.763,,,,,,,,,,,,,,,,,,,,,,,,,,,,,,,,,,,,156553.763,,,,7827.687000000001,,,,148726.074,,,,2451.3360000000002,,,,433.11800000000005,,,,93071.3,,,,95955.755,,,,64.51844819086666,,,,,,,,0.0,,,,,,,,,,,,,,,,,,,,,,,,,,,,,,0.0,0.0
142,GUJARAT,RANA AND KUTCH,,0.0,0.0,0.0,0.0,0.0,0.0,0.0,0.0,1711000.0,1711000.0,0.0,0.0,0.0,0.0,,,,,0.0,0.0,0.0,0.0,0.0,0.0,0.0,0.0,,0.0,,0.0,,,,,,,,,,,,,0.0,0.0,0.0,0.0,,,,,,,,,0.0,0.0,0.0,0.0,0.0,0.0,0.0,0.0,,,,,,,,,,,,,0.0,0.0,0.0,0.0,0.0,0.0,0.0,0.0,0.0,0.0,0.0,0.0,0.0,0.0,0.0,0.0,,,,,,,,,,,,0.0,,,,,,,,,,0.0,0.0,0.0,0.0,0.0,0.0,0.0,,,,,,,,0.0,0.0,,,,,0.0,0.0,0.0,0.0,0.0,,0.0,,0.0,,,,,,,,0.0,0.0
143,GUJARAT,SABARKANTHA,,0.0,0.0,0.0,0.0,0.0,0.0,0.0,0.0,0.0,0.0,,,,64747.173,,,,,,,,,,,,,,,,,,,,,,,,,,,,,,,,89347.947,,,,,,,,,,,,,,,,,,,,,,,,,,,,,,,,,,,,89347.947,,,,4467.398,,,,84880.55,,,,1982.549,,,,349.86199999999997,,,,57122.899999999994,,,,59455.308999999994,,,,70.04585738428885,,,,,,,,0.0,,,,,,,,,,,,,,,,,,,,,,,,,,,,,,0.0,0.0
144,GUJARAT,SURAT,,0.0,0.0,0.0,0.0,0.0,0.0,0.0,0.0,0.0,0.0,,,,63919.903000000006,,,,,,,,,,,,,,,,,,,,,,,,,,,,,,,,111162.72200000001,,,,,,,,,,,,,,,,,,,,,,,,,,,,,,,,,,,,111162.72200000001,,,,5558.137,,,,105604.58600000001,,,,3225.703,,,,567.124,,,,32836.8,,,,36629.627,,,,34.68564045125843,,,,,,,,0.0,,,,,,,,,,,,,,,,,,,,,,,,,,,,,,0.0,0.0
145,GUJARAT,SURENDRANAGAR,,0.0,0.0,0.0,0.0,0.0,0.0,0.0,0.0,0.0,0.0,,,,58510.534999999996,,,,,,,,,,,,,,,,,,,,,,,,,,,,,,,,71734.293,,,,,,,,,,,,,,,,,,,,,,,,,,,,,,,,,,,,71734.293,,,,3586.714,,,,68147.579,,,,1204.8609999999999,,,,212.54,,,,38159.0,,,,39576.40200000001,,,,58.07455316937966,,,,,,,,0.0,,,,,,,,,,,,,,,,,,,,,,,,,,,,,,0.0,0.0
146,GUJARAT,TAPI,,0.0,0.0,0.0,0.0,0.0,0.0,0.0,0.0,0.0,0.0,,,,30889.337,,,,,,,,,,,,,,,,,,,,,,,,,,,,,,,,44169.600999999995,,,,,,,,,,,,,,,,,,,,,,,,,,,,,,,,,,,,44169.600999999995,,,,2208.4790000000003,,,,41961.122,,,,1115.682,,,,197.562,,,,16672.9,,,,17986.143000000004,,,,42.863827616430285,,,,,,,,0.0,,,,,,,,,,,,,,,,,,,,,,,,,,,,,,0.0,0.0
147,GUJARAT,VADODARA,,0.0,0.0,0.0,0.0,0.0,0.0,0.0,0.0,0.0,0.0,,,,68427.992,,,,,,,,,,,,,,,,,,,,,,,,,,,,,,,,101937.97499999999,,,,,,,,,,,,,,,,,,,,,,,,,,,,,,,,,,,,101937.97499999999,,,,5096.899,,,,96841.076,,,,2980.8450000000003,,,,525.913,,,,52570.0,,,,56076.757,,,,57.905962341847584,,,,,,,,0.0,,,,,,,,,,,,,,,,,,,,,,,,,,,,,,0.0,0.0
148,GUJARAT,VALSAD,,0.0,0.0,0.0,0.0,0.0,0.0,0.0,0.0,0.0,0.0,,,,35142.625,,,,,,,,,,,,,,,,,,,,,,,,,,,,,,,,48150.033,,,,,,,,,,,,,,,,,,,,,,,,,,,,,,,,,,,,48150.033,,,,2407.971,,,,45742.063,,,,2958.5,,,,523.123,,,,14504.4,,,,17986.023,,,,39.320533050728386,,,,,,,,0.0,,,,,,,,,,,,,,,,,,,,,,,,,,,,,,0.0,0.0
149,HARYANA,AMBALA,,0.0,0.0,0.0,0.0,0.0,0.0,0.0,0.0,0.0,0.0,,,,38936.0,,,,,,,,,,,,,,,,,,,,,,,,,,,,,,,,56502.0,,,,,,,,,,,,,,,,,,,,,,,,,,,,,,,,,,,,56502.0,,,,5650.0,,,,50852.0,,,,10110.0,,,,4965.0,,,,36060.44,,,,51135.44,,,,100.5573822071895,,,,,,,,0.0,,,,,,,,,,,,,,,,,,,,,,,,,,,,,,0.0,0.0
150,HARYANA,BHIWANI,,0.0,0.0,0.0,0.0,0.0,0.0,0.0,0.0,0.0,0.0,,,,20168.97,,,,,,,,,,,,,,,,,,,,,,,,,,,,,,,,45308.53,,,,,,,,,,,,,,,,,,,,,,,,,,,,,,,,,,,,45308.53,,,,4530.5599999999995,,,,40777.979999999996,,,,2400.0,,,,305.0,,,,45012.0,,,,47717.0,,,,117.01658591229875,,,,,,,,0.0,,,,,,,,,,,,,,,,,,,,,,,,,,,,,,0.0,0.0
151,HARYANA,CHARKHI DADRI,,0.0,0.0,0.0,0.0,0.0,0.0,0.0,0.0,0.0,0.0,,,,12209.470000000001,,,,,,,,,,,,,,,,,,,,,,,,,,,,,,,,18569.39,,,,,,,,,,,,,,,,,,,,,,,,,,,,,,,,,,,,18569.39,,,,1856.9399999999998,,,,16712.45,,,,1300.0,,,,68.2,,,,25307.0,,,,26675.2,,,,159.61274379280118,,,,,,,,0.0,,,,,,,,,,,,,,,,,,,,,,,,,,,,,,0.0,0.0
152,HARYANA,FARIDABAD,,0.0,0.0,0.0,0.0,0.0,0.0,0.0,0.0,0.0,0.0,,,,8439.0,,,,,,,,,,,,,,,,,,,,,,,,,,,,,,,,16378.0,,,,,,,,,,,,,,,,,,,,,,,,,,,,,,,,,,,,16378.0,,,,1638.0,,,,14740.0,,,,1988.0,,,,3872.0,,,,12691.0,,,,18551.0,,,,125.8548168249661,,,,,,,,0.0,,,,,,,,,,,,,,,,,,,,,,,,,,,,,,0.0,0.0
153,HARYANA,FATEHABAD,,0.0,0.0,0.0,0.0,0.0,0.0,0.0,0.0,0.0,0.0,,,,17360.65,,,,,,,,,,,,,,,,,,,,,,,,,,,,,,,,63986.560000000005,,,,,,,,,,,,,,,,,,,,,,,,,,,,,,,,,,,,63986.560000000005,,,,6398.66,,,,57587.9,,,,642.0,,,,164.0,,,,92158.0,,,,92964.0,,,,161.42974479013822,,,,,,,,0.0,,,,,,,,,,,,,,,,,,,,,,,,,,,,,,0.0,0.0
154,HARYANA,GURGAON,,0.0,0.0,0.0,0.0,0.0,0.0,0.0,0.0,0.0,0.0,,,,16273.0,,,,,,,,,,,,,,,,,,,,,,,,,,,,,,,,21196.0,,,,,,,,,,,,,,,,,,,,,,,,,,,,,,,,,,,,21196.0,,,,2119.0,,,,19077.0,,,,4235.0,,,,15967.0,,,,21920.0,,,,42122.0,,,,220.79991612937047,,,,,,,,0.0,,,,,,,,,,,,,,,,,,,,,,,,,,,,,,0.0,0.0
155,HARYANA,HISAR,,0.0,0.0,0.0,0.0,0.0,0.0,0.0,0.0,0.0,0.0,,,,26104.470000000005,,,,,,,,,,,,,,,,,,,,,,,,,,,,,,,,71051.43,,,,,,,,,,,,,,,,,,,,,,,,,,,,,,,,,,,,71051.43,,,,7105.150000000001,,,,63946.28,,,,777.0,,,,275.0,,,,65218.0,,,,66269.0,,,,103.63229886085634,,,,,,,,0.0,,,,,,,,,,,,,,,,,,,,,,,,,,,,,,0.0,0.0
156,HARYANA,JHAJJAR,,0.0,0.0,0.0,0.0,0.0,0.0,0.0,0.0,0.0,0.0,,,,14861.220000000001,,,,,,,,,,,,,,,,,,,,,,,,,,,,,,,,38102.28,,,,,,,,,,,,,,,,,,,,,,,,,,,,,,,,,,,,38102.28,,,,3810.2300000000005,,,,34292.049999999996,,,,473.0,,,,79.0,,,,20620.0,,,,21172.0,,,,61.74025758156775,,,,,,,,0.0,,,,,,,,,,,,,,,,,,,,,,,,,,,,,,0.0,0.0
157,HARYANA,JIND,,0.0,0.0,0.0,0.0,0.0,0.0,0.0,0.0,0.0,0.0,,,,27420.519999999997,,,,,,,,,,,,,,,,,,,,,,,,,,,,,,,,87458.65,,,,,,,,,,,,,,,,,,,,,,,,,,,,,,,,,,,,87458.65,,,,8745.87,,,,78712.76999999999,,,,1719.0,,,,469.0,,,,99849.0,,,,102037.0,,,,129.63207875926614,,,,,,,,0.0,,,,,,,,,,,,,,,,,,,,,,,,,,,,,,0.0,0.0
158,HARYANA,KAITHAL,,0.0,0.0,0.0,0.0,0.0,0.0,0.0,0.0,0.0,0.0,,,,21317.0,,,,,,,,,,,,,,,,,,,,,,,,,,,,,,,,51085.0,,,,,,,,,,,,,,,,,,,,,,,,,,,,,,,,,,,,51085.0,,,,5109.0,,,,45976.0,,,,2270.0,,,,536.0,,,,101969.0,,,,104775.0,,,,227.89063859404908,,,,,,,,0.0,,,,,,,,,,,,,,,,,,,,,,,,,,,,,,0.0,0.0
159,HARYANA,KARNAL,,0.0,0.0,0.0,0.0,0.0,0.0,0.0,0.0,0.0,0.0,,,,33538.0,,,,,,,,,,,,,,,,,,,,,,,,,,,,,,,,77623.0,,,,,,,,,,,,,,,,,,,,,,,,,,,,,,,,,,,,77623.0,,,,7763.0,,,,69860.0,,,,3208.0,,,,2024.0,,,,113464.0,,,,118696.0,,,,169.90552533638706,,,,,,,,0.0,,,,,,,,,,,,,,,,,,,,,,,,,,,,,,0.0,0.0
160,HARYANA,KURUKSHETRA,,0.0,0.0,0.0,0.0,0.0,0.0,0.0,0.0,0.0,0.0,,,,20034.0,,,,,,,,,,,,,,,,,,,,,,,,,,,,,,,,33247.09,,,,,,,,,,,,,,,,,,,,,,,,,,,,,,,,,,,,33247.09,,,,3324.31,,,,29922.78,,,,3145.0,,,,3134.0,,,,66729.0,,,,73008.0,,,,243.98802517680508,,,,,,,,0.0,,,,,,,,,,,,,,,,,,,,,,,,,,,,,,0.0,0.0
161,HARYANA,MAHENDRAGARH,,0.0,0.0,0.0,0.0,0.0,0.0,0.0,0.0,0.0,0.0,,,,21922.0,,,,,,,,,,,,,,,,,,,,,,,,,,,,,,,,31148.0,,,,,,,,,,,,,,,,,,,,,,,,,,,,,,,,,,,,31148.0,,,,3115.0,,,,28033.0,,,,2948.0,,,,85.0,,,,23266.0,,,,26299.0,,,,93.81443298969072,,,,,,,,0.0,,,,,,,,,,,,,,,,,,,,,,,,,,,,,,0.0,0.0
162,HARYANA,MEWAT,,0.0,0.0,0.0,0.0,0.0,0.0,0.0,0.0,0.0,0.0,,,,12357.0,,,,,,,,,,,,,,,,,,,,,,,,,,,,,,,,20844.0,,,,,,,,,,,,,,,,,,,,,,,,,,,,,,,,,,,,20844.0,,,,2085.0,,,,18759.0,,,,1097.0,,,,33.0,,,,17595.0,,,,18725.0,,,,99.81875366490752,,,,,,,,0.0,,,,,,,,,,,,,,,,,,,,,,,,,,,,,,0.0,0.0
163,HARYANA,PALWAL,,0.0,0.0,0.0,0.0,0.0,0.0,0.0,0.0,0.0,0.0,,,,13755.0,,,,,,,,,,,,,,,,,,,,,,,,,,,,,,,,52089.0,,,,,,,,,,,,,,,,,,,,,,,,,,,,,,,,,,,,52089.0,,,,5209.0,,,,46880.0,,,,2167.0,,,,153.0,,,,47822.0,,,,50142.0,,,,106.95819112627987,,,,,,,,0.0,,,,,,,,,,,,,,,,,,,,,,,,,,,,,,0.0,0.0
164,HARYANA,PANCHKULA,,0.0,0.0,0.0,0.0,0.0,0.0,0.0,0.0,0.0,0.0,,,,11975.0,,,,,,,,,,,,,,,,,,,,,,,,,,,,,,,,13581.0,,,,,,,,,,,,,,,,,,,,,,,,,,,,,,,,,,,,13581.0,,,,1357.0,,,,12224.0,,,,1038.0,,,,78.0,,,,7199.0,,,,8315.0,,,,68.02192408376963,,,,,,,,0.0,,,,,,,,,,,,,,,,,,,,,,,,,,,,,,0.0,0.0
165,HARYANA,PANIPAT,,0.0,0.0,0.0,0.0,0.0,0.0,0.0,0.0,0.0,0.0,,,,15619.0,,,,,,,,,,,,,,,,,,,,,,,,,,,,,,,,33178.0,,,,,,,,,,,,,,,,,,,,,,,,,,,,,,,,,,,,33178.0,,,,3317.0,,,,29861.0,,,,1380.0,,,,592.0,,,,54100.0,,,,56072.0,,,,187.77669870399518,,,,,,,,0.0,,,,,,,,,,,,,,,,,,,,,,,,,,,,,,0.0,0.0
166,HARYANA,REWARI,,0.0,0.0,0.0,0.0,0.0,0.0,0.0,0.0,0.0,0.0,,,,22508.0,,,,,,,,,,,,,,,,,,,,,,,,,,,,,,,,42698.0,,,,,,,,,,,,,,,,,,,,,,,,,,,,,,,,,,,,42698.0,,,,4270.0,,,,38428.0,,,,5156.0,,,,364.0,,,,29559.0,,,,35079.0,,,,91.28500052045383,,,,,,,,0.0,,,,,,,,,,,,,,,,,,,,,,,,,,,,,,0.0,0.0
167,HARYANA,ROHTAK,,0.0,0.0,0.0,0.0,0.0,0.0,0.0,0.0,0.0,0.0,,,,17490.08,,,,,,,,,,,,,,,,,,,,,,,,,,,,,,,,37299.14,,,,,,,,,,,,,,,,,,,,,,,,,,,,,,,,,,,,37299.14,,,,3729.92,,,,33569.229999999996,,,,405.0,,,,155.0,,,,18495.0,,,,19055.0,,,,56.763291859837125,,,,,,,,0.0,,,,,,,,,,,,,,,,,,,,,,,,,,,,,,0.0,0.0
168,HARYANA,SIRSA,,0.0,0.0,0.0,0.0,0.0,0.0,0.0,0.0,0.0,0.0,,,,30284.450000000004,,,,,,,,,,,,,,,,,,,,,,,,,,,,,,,,72470.79000000001,,,,,,,,,,,,,,,,,,,,,,,,,,,,,,,,,,,,72470.79000000001,,,,7247.079999999998,,,,65223.71000000001,,,,856.0,,,,0.0,,,,128027.0,,,,128883.0,,,,197.60145505369135,,,,,,,,0.0,,,,,,,,,,,,,,,,,,,,,,,,,,,,,,0.0,0.0
169,HARYANA,SONIPAT,,0.0,0.0,0.0,0.0,0.0,0.0,0.0,0.0,0.0,0.0,,,,23798.11,,,,,,,,,,,,,,,,,,,,,,,,,,,,,,,,77256.79000000001,,,,,,,,,,,,,,,,,,,,,,,,,,,,,,,,,,,,77256.79000000001,,,,7725.67,,,,69531.11,,,,2525.0,,,,707.0,,,,63622.0,,,,66854.0,,,,96.14976662964247,,,,,,,,0.0,,,,,,,,,,,,,,,,,,,,,,,,,,,,,,0.0,0.0
170,HARYANA,YAMUNA NAGAR,,0.0,0.0,0.0,0.0,0.0,0.0,0.0,0.0,0.0,0.0,,,,32494.0,,,,,,,,,,,,,,,,,,,,,,,,,,,,,,,,53422.0,,,,,,,,,,,,,,,,,,,,,,,,,,,,,,,,,,,,53422.0,,,,5342.0,,,,48080.0,,,,12975.0,,,,90.0,,,,62427.0,,,,75492.0,,,,157.01331114808653,,,,,,,,0.0,,,,,,,,,,,,,,,,,,,,,,,,,,,,,,0.0,0.0
171,HIMACHAL PRADESH,BLS,,0.0,0.0,0.0,0.0,0.0,0.0,0.0,0.0,0.0,0.0,,,,2692.3900000000003,,,,,,,,,,,,,,,,,,,,,,,,,,,,,,,,2758.0,,,,,,,,,,,,,,,,,,,,,,,,,,,,,,,,,,,,2758.0,,,,277.92,,,,2480.08,,,,627.41,,,,,,,,262.42,,,,889.83,,,,35.87908454565982,,,,,,,,0.0,,,,,,,,,,,,,,,,,,,,,,,,,,,,,,0.0,0.0
172,HIMACHAL PRADESH,CHM,,0.0,0.0,0.0,0.0,0.0,0.0,0.0,0.0,215690.2,215690.2,0.0,0.0,,0.0,,,,,0.0,0.0,0.0,0.0,0.0,0.0,0.0,0.0,,,,,,,,,,,,,,,,,0.0,0.0,0.0,0.0,,,,,,,,,,,,,,,,,,,,,,,,,,,,,,,,,0.0,0.0,0.0,0.0,0.0,0.0,,0.0,0.0,0.0,,0.0,0.0,0.0,0.0,0.0,0.0,0.0,0.0,0.0,0.0,0.0,0.0,0.0,0.0,0.0,0.0,,0.0,0.0,,,0.0,0.0,,0.0,0.0,0.0,0.0,0.0,,,,,,,,,,,,,,0.0,0.0,0.0,0.0,0.0,,0.0,,0.0,,,,,,,,0.0,0.0
173,HIMACHAL PRADESH,HMP,,0.0,0.0,0.0,0.0,0.0,0.0,0.0,0.0,516544.5,516544.5,0.0,0.0,,0.0,,,,,0.0,0.0,0.0,0.0,0.0,0.0,0.0,0.0,,,,,,,,,,,,,,,,,0.0,0.0,0.0,0.0,,,,,,,,,,,,,,,,,,,,,,,,,,,,,,,,,0.0,0.0,0.0,0.0,0.0,0.0,,0.0,0.0,0.0,,0.0,0.0,0.0,0.0,0.0,0.0,0.0,0.0,0.0,0.0,0.0,0.0,0.0,0.0,0.0,0.0,,0.0,0.0,,,0.0,0.0,,0.0,0.0,0.0,0.0,0.0,,,,,,,,,,,,,,0.0,0.0,0.0,0.0,0.0,,0.0,,0.0,,,,,,,,0.0,0.0
174,HIMACHAL PRADESH,KIN,,0.0,0.0,0.0,0.0,0.0,0.0,0.0,0.0,172992.7,172992.7,0.0,0.0,,0.0,,,,,0.0,0.0,0.0,0.0,0.0,0.0,0.0,0.0,,,,,,,,,,,,,,,,,0.0,0.0,0.0,0.0,,,,,,,,,,,,,,,,,,,,,,,,,,,,,,,,,0.0,0.0,0.0,0.0,0.0,0.0,,0.0,0.0,0.0,,0.0,0.0,0.0,0.0,0.0,0.0,0.0,0.0,0.0,0.0,0.0,0.0,0.0,0.0,0.0,0.0,,0.0,0.0,,,0.0,0.0,,0.0,0.0,0.0,0.0,0.0,,,,,,,,,,,,,,0.0,0.0,0.0,0.0,0.0,,0.0,,0.0,,,,,,,,0.0,0.0
175,HIMACHAL PRADESH,KNG,,0.0,0.0,0.0,0.0,0.0,0.0,0.0,0.0,0.0,0.0,,,,537.58,,,,,,,,,,,,,,,,,,,,,,,,,,,,,,,,587.89,,,,,,,,,,,,,,,,,,,,,,,,,,,,,,,,,,,,587.89,,,,58.79,,,,529.1,,,,73.38,,,,,,,,326.09,,,,399.47,,,,75.49990549990551,,,,,,,,0.0,,,,,,,,,,,,,,,,,,,,,,,,,,,,,,0.0,0.0
176,HIMACHAL PRADESH,LAS,,0.0,0.0,0.0,0.0,0.0,0.0,0.0,0.0,0.0,0.0,,,,103.57,,,,,,,,,,,,,,,,,,,,,,,,,,,,,,,,118.76,,,,,,,,,,,,,,,,,,,,,,,,,,,,,,,,,,,,118.76,,,,11.88,,,,106.88,,,,351.0,,,,,,,,60.61,,,,411.61,,,,385.11414670658684,,,,,,,,0.0,,,,,,,,,,,,,,,,,,,,,,,,,,,,,,0.0,0.0
177,HIMACHAL PRADESH,MND,,0.0,0.0,0.0,0.0,0.0,0.0,0.0,0.0,0.0,0.0,,,,10192.09,,,,,,,,,,,,,,,,,,,,,,,,,,,,,,,,11749.38,,,,,,,,,,,,,,,,,,,,,,,,,,,,,,,,,,,,11749.38,,,,1174.94,,,,10574.44,,,,6994.67,,,,,,,,6228.99,,,,13223.66,,,,125.05305245478719,,,,,,,,0.0,,,,,,,,,,,,,,,,,,,,,,,,,,,,,,0.0,0.0
178,HIMACHAL PRADESH,SHM,,0.0,0.0,0.0,0.0,0.0,0.0,0.0,0.0,472527.5,472527.5,0.0,0.0,,0.0,,,,,0.0,0.0,0.0,0.0,0.0,0.0,0.0,0.0,,,,,,,,,,,,,,,,,0.0,0.0,0.0,0.0,,,,,,,,,,,,,,,,,,,,,,,,,,,,,,,,,0.0,0.0,0.0,0.0,0.0,0.0,,0.0,0.0,0.0,,0.0,0.0,0.0,0.0,0.0,0.0,0.0,0.0,0.0,0.0,0.0,0.0,0.0,0.0,0.0,0.0,,0.0,0.0,,,0.0,0.0,,0.0,0.0,0.0,0.0,0.0,,,,,,,,,,,,,,0.0,0.0,0.0,0.0,0.0,,0.0,,0.0,,,,,,,,0.0,0.0
179,HIMACHAL PRADESH,SLN,,0.0,0.0,0.0,0.0,0.0,0.0,0.0,0.0,385834.2,385834.2,0.0,0.0,,0.0,,,,,0.0,0.0,0.0,0.0,0.0,0.0,0.0,0.0,,,,,,,,,,,,,,,,,0.0,0.0,0.0,0.0,,,,,,,,,,,,,,,,,,,,,,,,,,,,,,,,,0.0,0.0,0.0,0.0,0.0,0.0,,0.0,0.0,0.0,,0.0,0.0,0.0,0.0,0.0,0.0,0.0,0.0,0.0,0.0,0.0,0.0,0.0,0.0,0.0,0.0,,0.0,0.0,,,0.0,0.0,,0.0,0.0,0.0,0.0,0.0,,,,,,,,,,,,,,0.0,0.0,0.0,0.0,0.0,,0.0,,0.0,,,,,,,,0.0,0.0
180,HIMACHAL PRADESH,SRM,,0.0,0.0,0.0,0.0,0.0,0.0,0.0,0.0,1277461.3,1277461.3,0.0,0.0,,0.0,,,,,0.0,0.0,0.0,0.0,0.0,0.0,0.0,0.0,,,,,,,,,,,,,,,,,0.0,0.0,0.0,0.0,,,,,,,,,,,,,,,,,,,,,,,,,,,,,,,,,0.0,0.0,0.0,0.0,0.0,0.0,,0.0,0.0,0.0,,0.0,0.0,0.0,0.0,0.0,0.0,0.0,0.0,0.0,0.0,0.0,0.0,0.0,0.0,0.0,0.0,,0.0,0.0,,,0.0,0.0,,0.0,0.0,0.0,0.0,0.0,,,,,,,,,,,,,,0.0,0.0,0.0,0.0,0.0,,0.0,,0.0,,,,,,,,0.0,0.0
181,HIMACHAL PRADESH,UNA,,0.0,0.0,0.0,0.0,0.0,0.0,0.0,0.0,344705.6,344705.6,0.0,0.0,,0.0,,,,,0.0,0.0,0.0,0.0,0.0,0.0,0.0,0.0,,,,,,,,,,,,,,,,,0.0,0.0,0.0,0.0,,,,,,,,,,,,,,,,,,,,,,,,,,,,,,,,,0.0,0.0,0.0,0.0,0.0,0.0,,0.0,0.0,0.0,,0.0,0.0,0.0,0.0,0.0,0.0,0.0,0.0,0.0,0.0,0.0,0.0,0.0,0.0,0.0,0.0,,0.0,0.0,,,0.0,0.0,,0.0,0.0,0.0,0.0,0.0,,,,,,,,,,,,,,0.0,0.0,0.0,0.0,0.0,,0.0,,0.0,,,,,,,,0.0,0.0
182,JAMMU AND KASHMIR,Bandipora,,,,,,0.0,0.0,0.0,0.0,0.0,0.0,,,,1230.048,,,,,,,,,,,,,,,,,,,,,,,,,,,,,,,,6033.962,,,,,,,,,,,,,,,,,,,,,,,,,,,,,,,,,,,,6033.962,,,,603.396,,,,5430.566,,,,1650.384,,,,29.16,,,,147.28,,,,1826.824,,,,33.64,,,,,,,,0.0,,,,,,,,,,,,,,,,,,,,,,,,,,,,,,0.0,0.0
183,JAMMU AND KASHMIR,Doda,,,,,,0.0,0.0,0.0,0.0,0.0,0.0,,,,9562.528,,,,,,,,,,,,,,,,,,,,,,,,,,,,,,,,13604.857,,,,,,,,,,,,,,,,,,,,,,,,,,,,,,,,,,,,13604.857,,,,1360.486,,,,12244.371,,,,3122.064,,,,136.656,,,,662.256,,,,3920.976,,,,32.023,,,,,,,,0.0,,,,,,,,,,,,,,,,,,,,,,,,,,,,,,0.0,0.0
184,JAMMU AND KASHMIR,Jammu,,,,,,0.0,0.0,0.0,0.0,0.0,0.0,,,,9889.152,,,,,,,,,,,,,,,,,,,,,,,,,,,,,,,,18127.423,,,,,,,,,,,,,,,,,,,,,,,,,,,,,,,,,,,,18127.423,,,,1812.742,,,,16314.681,,,,4036.608,,,,78.876,,,,662.256,,,,4777.74,,,,29.285,,,,,,,,0.0,,,,,,,,,,,,,,,,,,,,,,,,,,,,,,0.0,0.0
185,JAMMU AND KASHMIR,Kishtwar,,,,,,0.0,0.0,0.0,0.0,0.0,0.0,,,,11082.72,,,,,,,,,,,,,,,,,,,,,,,,,,,,,,,,17590.301,,,,,,,,,,,,,,,,,,,,,,,,,,,,,,,,,,,,17590.301,,,,1759.03,,,,15831.271,,,,3132.576,,,,35.0,,,,388.944,,,,3556.52,,,,22.465,,,,,,,,0.0,,,,,,,,,,,,,,,,,,,,,,,,,,,,,,0.0,0.0
186,JAMMU AND KASHMIR,Poonch,,,,,,0.0,0.0,0.0,0.0,0.0,0.0,,,,9102.558,,,,,,,,,,,,,,,,,,,,,,,,,,,,,,,,11539.78,,,,,,,,,,,,,,,,,,,,,,,,,,,,,,,,,,,,11539.78,,,,1153.978,,,,10385.802,,,,1566.288,,,,126.12,,,,1419.12,,,,3111.528,,,,29.959,,,,,,,,0.0,,,,,,,,,,,,,,,,,,,,,,,,,,,,,,0.0,0.0
187,JAMMU AND KASHMIR,Pulwama,,,,,,0.0,0.0,0.0,0.0,0.0,0.0,,,,3459.604,,,,,,,,,,,,,,,,,,,,,,,,,,,,,,,,4287.088,,,,,,,,,,,,,,,,,,,,,,,,,,,,,,,,,,,,4287.088,,,,428.709,,,,3858.379,,,,1019.664,,,,141.237,,,,336.384,,,,1497.285,,,,38.806,,,,,,,,0.0,,,,,,,,,,,,,,,,,,,,,,,,,,,,,,0.0,0.0
188,JAMMU AND KASHMIR,Rajouri,,,,,,0.0,0.0,0.0,0.0,0.0,0.0,,,,554.246,,,,,,,,,,,,,,,,,,,,,,,,,,,,,,,,1299.271,,,,,,,,,,,,,,,,,,,,,,,,,,,,,,,,,,,,1299.271,,,,129.927,,,,1169.344,,,,494.064,,,,52.56,,,,178.704,,,,725.328,,,,62.029,,,,,,,,0.0,,,,,,,,,,,,,,,,,,,,,,,,,,,,,,0.0,0.0
189,JAMMU AND KASHMIR,Samba,,,,,,0.0,0.0,0.0,0.0,0.0,0.0,,,,1881.029,,,,,,,,,,,,,,,,,,,,,,,,,,,,,,,,1893.588,,,,,,,,,,,,,,,,,,,,,,,,,,,,,,,,,,,,1893.588,,,,189.359,,,,1704.23,,,,147.168,,,,0.0,,,,31.5,,,,178.668,,,,10.484,,,,,,,,0.0,,,,,,,,,,,,,,,,,,,,,,,,,,,,,,0.0,0.0
190,JAMMU AND KASHMIR,Shopian,,,,,,0.0,0.0,0.0,0.0,0.0,0.0,,,,1397.29,,,,,,,,,,,,,,,,,,,,,,,,,,,,,,,,1409.849,,,,,,,,,,,,,,,,,,,,,,,,,,,,,,,,,,,,1409.849,,,,140.985,,,,1268.864,,,,94.5,,,,17.5,,,,31.5,,,,143.5,,,,11.309,,,,,,,,0.0,,,,,,,,,,,,,,,,,,,,,,,,,,,,,,0.0,0.0
191,JAMMU AND KASHMIR,Srinagar,,,,,,0.0,0.0,0.0,0.0,0.0,0.0,,,,3049.62,,,,,,,,,,,,,,,,,,,,,,,,,,,,,,,,3811.937,,,,,,,,,,,,,,,,,,,,,,,,,,,,,,,,,,,,3811.937,,,,381.194,,,,3430.743,,,,1103.76,,,,17.5,,,,304.5,,,,1425.76,,,,41.558,,,,,,,,0.0,,,,,,,,,,,,,,,,,,,,,,,,,,,,,,0.0,0.0
192,JHARKHAND,BOKARO,,0.0,0.0,0.0,0.0,0.0,0.0,0.0,0.0,0.0,0.0,,,,22329.350000000002,,,,,,,,,,,,,,,,,,,,,,,,,,,,,,,,25347.27,,,,,,,,,,,,,,,,,,,,,,,,,,,,,,,,,,,,25347.27,,,,2115.5080000000003,,,,23231.762000000002,,,,5905.588000000001,,,,3869.647,,,,2052.75,,,,11827.982999999998,,,,50.91298283789235,,,,,,,,0.0,,,,,,,,,,,,,,,,,,,,,,,,,,,,,,0.0,0.0
193,JHARKHAND,CHATRA,,0.0,0.0,0.0,0.0,0.0,0.0,0.0,0.0,0.0,0.0,,,,25894.03,,,,,,,,,,,,,,,,,,,,,,,,,,,,,,,,30119.04,,,,,,,,,,,,,,,,,,,,,,,,,,,,,,,,,,,,30119.04,,,,2532.6530000000002,,,,27586.387999999995,,,,1705.9210000000003,,,,708.584,,,,5917.0,,,,8331.505000000001,,,,30.20150735210424,,,,,,,,0.0,,,,,,,,,,,,,,,,,,,,,,,,,,,,,,0.0,0.0
194,JHARKHAND,DEOGHAR,,0.0,0.0,0.0,0.0,0.0,0.0,0.0,0.0,0.0,0.0,,,,15667.499999999998,,,,,,,,,,,,,,,,,,,,,,,,,,,,,,,,18244.82,,,,,,,,,,,,,,,,,,,,,,,,,,,,,,,,,,,,18244.82,,,,1402.733,,,,16842.09,,,,2055.8779999999997,,,,200.0,,,,4859.625,,,,7115.503000000001,,,,42.24833735005573,,,,,,,,0.0,,,,,,,,,,,,,,,,,,,,,,,,,,,,,,0.0,0.0
195,JHARKHAND,DHANBAD,,0.0,0.0,0.0,0.0,0.0,0.0,0.0,0.0,0.0,0.0,,,,19084.65,,,,,,,,,,,,,,,,,,,,,,,,,,,,,,,,23826.33,,,,,,,,,,,,,,,,,,,,,,,,,,,,,,,,,,,,23826.33,,,,1743.787,,,,22082.547,,,,3502.741,,,,9179.419,,,,2226.75,,,,14908.911,,,,67.51445383542035,,,,,,,,0.0,,,,,,,,,,,,,,,,,,,,,,,,,,,,,,0.0,0.0
196,JHARKHAND,DUMKA,,0.0,0.0,0.0,0.0,0.0,0.0,0.0,0.0,0.0,0.0,,,,23375.82,,,,,,,,,,,,,,,,,,,,,,,,,,,,,,,,26556.59,,,,,,,,,,,,,,,,,,,,,,,,,,,,,,,,,,,,26556.59,,,,2221.279,,,,24335.313,,,,2195.055,,,,17.342,,,,3690.75,,,,5903.147,,,,24.257534719195927,,,,,,,,0.0,,,,,,,,,,,,,,,,,,,,,,,,,,,,,,0.0,0.0
197,JHARKHAND,EAST SINGHBHUM,,0.0,0.0,0.0,0.0,0.0,0.0,0.0,0.0,0.0,0.0,,,,22089.549999999996,,,,,,,,,,,,,,,,,,,,,,,,,,,,,,,,25359.67,,,,,,,,,,,,,,,,,,,,,,,,,,,,,,,,,,,,25359.67,,,,2368.1800000000003,,,,22991.491,,,,2731.01,,,,543.771,,,,1301.0,,,,4575.780999999999,,,,19.90206289796516,,,,,,,,0.0,,,,,,,,,,,,,,,,,,,,,,,,,,,,,,0.0,0.0
198,JHARKHAND,GARHWA,,0.0,0.0,0.0,0.0,0.0,0.0,0.0,0.0,0.0,0.0,,,,26218.09,,,,,,,,,,,,,,,,,,,,,,,,,,,,,,,,31032.18999999999,,,,,,,,,,,,,,,,,,,,,,,,,,,,,,,,,,,,31032.18999999999,,,,2414.629,,,,28617.564,,,,2117.808,,,,3.48,,,,5157.625,,,,7278.9130000000005,,,,25.435124387246937,,,,,,,,0.0,,,,,,,,,,,,,,,,,,,,,,,,,,,,,,0.0,0.0
199,JHARKHAND,GIRIDIH,,0.0,0.0,0.0,0.0,0.0,0.0,0.0,0.0,0.0,0.0,,,,41318.87,,,,,,,,,,,,,,,,,,,,,,,,,,,,,,,,45827.37,,,,,,,,,,,,,,,,,,,,,,,,,,,,,,,,,,,,45827.37,,,,3811.212,,,,42016.16,,,,3896.255,,,,743.1370000000001,,,,6254.25,,,,10893.642,,,,25.92726703249416,,,,,,,,0.0,,,,,,,,,,,,,,,,,,,,,,,,,,,,,,0.0,0.0
200,JHARKHAND,GODDA,,0.0,0.0,0.0,0.0,0.0,0.0,0.0,0.0,0.0,0.0,,,,19273.14,,,,,,,,,,,,,,,,,,,,,,,,,,,,,,,,22009.71,,,,,,,,,,,,,,,,,,,,,,,,,,,,,,,,,,,,22009.71,,,,1933.289,,,,20076.424000000003,,,,2171.2229999999995,,,,311.031,,,,1698.5,,,,4180.753,,,,20.824191599061663,,,,,,,,0.0,,,,,,,,,,,,,,,,,,,,,,,,,,,,,,0.0,0.0
201,JHARKHAND,GUMLA,,0.0,0.0,0.0,0.0,0.0,0.0,0.0,0.0,0.0,0.0,,,,44378.68,,,,,,,,,,,,,,,,,,,,,,,,,,,,,,,,50391.64,,,,,,,,,,,,,,,,,,,,,,,,,,,,,,,,,,,,50391.64,,,,4626.824,,,,45764.817,,,,2035.7730000000001,,,,20.128,,,,3913.875,,,,5969.777,,,,13.04446819922824,,,,,,,,0.0,,,,,,,,,,,,,,,,,,,,,,,,,,,,,,0.0,0.0
202,JHARKHAND,HAZARIBAGH,,0.0,0.0,0.0,0.0,0.0,0.0,0.0,0.0,0.0,0.0,,,,28781.760000000006,,,,,,,,,,,,,,,,,,,,,,,,,,,,,,,,34363.65,,,,,,,,,,,,,,,,,,,,,,,,,,,,,,,,,,,,34363.65,,,,2783.9450000000006,,,,31579.709000000003,,,,3178.6059999999998,,,,688.3000000000001,,,,7238.25,,,,11105.156,,,,35.16547920058415,,,,,,,,0.0,,,,,,,,,,,,,,,,,,,,,,,,,,,,,,0.0,0.0
203,JHARKHAND,JAMTARA,,0.0,0.0,0.0,0.0,0.0,0.0,0.0,0.0,0.0,0.0,,,,8652.0,,,,,,,,,,,,,,,,,,,,,,,,,,,,,,,,11522.86,,,,,,,,,,,,,,,,,,,,,,,,,,,,,,,,,,,,11522.86,,,,905.997,,,,10616.864000000001,,,,1224.985,,,,4.094,,,,2060.25,,,,3289.3300000000004,,,,30.98212428830208,,,,,,,,0.0,,,,,,,,,,,,,,,,,,,,,,,,,,,,,,0.0,0.0
204,JHARKHAND,KHUNTI,,0.0,0.0,0.0,0.0,0.0,0.0,0.0,0.0,0.0,0.0,,,,13146.099999999999,,,,,,,,,,,,,,,,,,,,,,,,,,,,,,,,14808.589999999998,,,,,,,,,,,,,,,,,,,,,,,,,,,,,,,,,,,,14808.589999999998,,,,1268.427,,,,13540.163,,,,859.7079999999999,,,,6.871,,,,2265.0,,,,3131.578,,,,23.12806721750691,,,,,,,,0.0,,,,,,,,,,,,,,,,,,,,,,,,,,,,,,0.0,0.0
205,JHARKHAND,KODERMA,,0.0,0.0,0.0,0.0,0.0,0.0,0.0,0.0,0.0,0.0,,,,7846.999999999999,,,,,,,,,,,,,,,,,,,,,,,,,,,,,,,,8794.099999999999,,,,,,,,,,,,,,,,,,,,,,,,,,,,,,,,,,,,8794.099999999999,,,,745.7249999999999,,,,8048.376,,,,1119.882,,,,18.999000000000002,,,,1947.375,,,,3086.2559999999994,,,,38.34631980414433,,,,,,,,0.0,,,,,,,,,,,,,,,,,,,,,,,,,,,,,,0.0,0.0
206,JHARKHAND,LATEHAR,,0.0,0.0,0.0,0.0,0.0,0.0,0.0,0.0,0.0,0.0,,,,20125.990000000005,,,,,,,,,,,,,,,,,,,,,,,,,,,,,,,,23533.11,,,,,,,,,,,,,,,,,,,,,,,,,,,,,,,,,,,,23533.11,,,,1789.933,,,,21743.178999999996,,,,1264.943,,,,117.35,,,,4948.5,,,,6330.793,,,,29.116225368884653,,,,,,,,0.0,,,,,,,,,,,,,,,,,,,,,,,,,,,,,,0.0,0.0
207,JHARKHAND,LOHARDAGA,,0.0,0.0,0.0,0.0,0.0,0.0,0.0,0.0,0.0,0.0,,,,17294.29,,,,,,,,,,,,,,,,,,,,,,,,,,,,,,,,19720.51,,,,,,,,,,,,,,,,,,,,,,,,,,,,,,,,,,,,19720.51,,,,1756.5590000000002,,,,17963.953,,,,673.866,,,,0.0,,,,1793.5,,,,2467.366,,,,13.735094942633172,,,,,,,,0.0,,,,,,,,,,,,,,,,,,,,,,,,,,,,,,0.0,0.0
208,JHARKHAND,PAKUR,,0.0,0.0,0.0,0.0,0.0,0.0,0.0,0.0,0.0,0.0,,,,12016.880000000001,,,,,,,,,,,,,,,,,,,,,,,,,,,,,,,,14319.780000000002,,,,,,,,,,,,,,,,,,,,,,,,,,,,,,,,,,,,14319.780000000002,,,,975.944,,,,13343.839,,,,1509.861,,,,20.816,,,,1131.5,,,,2662.178,,,,19.95061541135201,,,,,,,,0.0,,,,,,,,,,,,,,,,,,,,,,,,,,,,,,0.0,0.0
209,JHARKHAND,PALAMAU,,0.0,0.0,0.0,0.0,0.0,0.0,0.0,0.0,0.0,0.0,,,,32617.269999999993,,,,,,,,,,,,,,,,,,,,,,,,,,,,,,,,38106.06000000001,,,,,,,,,,,,,,,,,,,,,,,,,,,,,,,,,,,,38106.06000000001,,,,3126.6510000000007,,,,34979.412000000004,,,,3406.282,,,,50.233,,,,6357.5,,,,9814.015000000001,,,,28.056546519421193,,,,,,,,0.0,,,,,,,,,,,,,,,,,,,,,,,,,,,,,,0.0,0.0
210,JHARKHAND,RAMGARH,,0.0,0.0,0.0,0.0,0.0,0.0,0.0,0.0,0.0,0.0,,,,9941.78,,,,,,,,,,,,,,,,,,,,,,,,,,,,,,,,11451.08,,,,,,,,,,,,,,,,,,,,,,,,,,,,,,,,,,,,11451.08,,,,1110.8500000000001,,,,10340.230000000001,,,,2740.961,,,,3146.7729999999997,,,,1405.25,,,,7292.9839999999995,,,,70.53019130135402,,,,,,,,0.0,,,,,,,,,,,,,,,,,,,,,,,,,,,,,,0.0,0.0
211,JHARKHAND,RANCHI,,0.0,0.0,0.0,0.0,0.0,0.0,0.0,0.0,0.0,0.0,,,,37189.579999999994,,,,,,,,,,,,,,,,,,,,,,,,,,,,,,,,42270.89,,,,,,,,,,,,,,,,,,,,,,,,,,,,,,,,,,,,42270.89,,,,3448.895,,,,38821.996,,,,3574.206,,,,1470.991,,,,7897.875,,,,12943.072999999999,,,,33.33953514394262,,,,,,,,0.0,,,,,,,,,,,,,,,,,,,,,,,,,,,,,,0.0,0.0
212,JHARKHAND,SAHEBGANJ,,0.0,0.0,0.0,0.0,0.0,0.0,0.0,0.0,0.0,0.0,,,,20863.409999999996,,,,,,,,,,,,,,,,,,,,,,,,,,,,,,,,23862.649999999998,,,,,,,,,,,,,,,,,,,,,,,,,,,,,,,,,,,,23862.649999999998,,,,2357.719,,,,21504.931,,,,2422.623,,,,40.549,,,,1147.0,,,,3610.172,,,,16.787647446997155,,,,,,,,0.0,,,,,,,,,,,,,,,,,,,,,,,,,,,,,,0.0,0.0
213,JHARKHAND,SARAIKELA KHARSAWAN,,0.0,0.0,0.0,0.0,0.0,0.0,0.0,0.0,0.0,0.0,,,,11676.529999999999,,,,,,,,,,,,,,,,,,,,,,,,,,,,,,,,14106.04,,,,,,,,,,,,,,,,,,,,,,,,,,,,,,,,,,,,14106.04,,,,1271.206,,,,12834.834000000003,,,,2020.103,,,,1118.005,,,,927.25,,,,4065.357,,,,31.674402645176393,,,,,,,,0.0,,,,,,,,,,,,,,,,,,,,,,,,,,,,,,0.0,0.0
214,JHARKHAND,SIMDEGA,,0.0,0.0,0.0,0.0,0.0,0.0,0.0,0.0,0.0,0.0,,,,29637.480000000007,,,,,,,,,,,,,,,,,,,,,,,,,,,,,,,,32598.51,,,,,,,,,,,,,,,,,,,,,,,,,,,,,,,,,,,,32598.51,,,,2609.949,,,,29988.562,,,,927.5860000000001,,,,0.0,,,,1807.0,,,,2734.5859999999993,,,,9.118763347172163,,,,,,,,0.0,,,,,,,,,,,,,,,,,,,,,,,,,,,,,,0.0,0.0
215,JHARKHAND,WEST SINGHBHUM,,0.0,0.0,0.0,0.0,0.0,0.0,0.0,0.0,0.0,0.0,,,,28495.679999999997,,,,,,,,,,,,,,,,,,,,,,,,,,,,,,,,33170.41,,,,,,,,,,,,,,,,,,,,,,,,,,,,,,,,,,,,33170.41,,,,3030.6810000000005,,,,30139.730000000003,,,,2657.2659999999996,,,,69.75999999999999,,,,1527.5,,,,4254.526,,,,14.116005684191595,,,,,,,,0.0,,,,,,,,,,,,,,,,,,,,,,,,,,,,,,0.0,0.0
216,KARNATAKA,Bagalkot,,510.4750797476946,1139.812807329687,0.0,3421.8807583189846,235729.43,454323.03,0.0,690052.46,0.0,690052.46,4766.531075637569,9965.90595750634,,14732.43703314391,41.61392463577937,0.0,,41.61392463577937,4531.41783769856,32527.071431586948,,37058.48926928551,1029.4311106898047,8464.345049970152,,9493.776160659956,43.701141663674534,113.69614147829446,,157.39728314196898,,,,,,,,,,,,,10412.695090325387,51071.01858054173,,61483.71367086712,,,,,,,,,,,,,,,,,,,,,,,,,,,,,,,,,10412.695090325387,51071.01858054173,,61483.71367086712,1002.5385953509806,5104.29958061711,,12168.57658130207,9410.156494974408,45966.71899992462,,110073.15541840016,594.438695180094,2947.0134326799844,,8180.690739047106,0.0,0.0,,0.0,4966.235829199754,38610.635713166674,,101647.47101677014,5560.672841803008,41557.654666062386,,109828.19326756487,59.092246178612896,90.40813782278117,,99.77745513889907,2711.6596849330813,6576.613567831942,,21110.48881397181,4508.432768570192,11607.609133387527,,16116.041901957718,,,,,,,,,,,,,,0.0,,55376.875494899024,,,,,,,,,,,,,,55376.875494899024,0.0
217,KARNATAKA,Ballari,,943.0456642503719,732.195078620727,0.0,2456.898210077764,195154.5,494237.0,0.0,689391.5,0.0,689391.5,7345.788107290689,21392.50413329612,,28738.29224058681,596.9923269667368,0.0,,596.9923269667368,11313.15139895234,2273.4641714436802,,13586.61557039602,792.3010400218149,4508.397982824097,,5300.699022845912,0.21133426573426575,650.1683947549346,,650.3797290206688,,,,,,,,,,,,,20048.444207497312,28824.53468231883,,48872.97888981614,,,,,,,,,,,,,,,,,,,,,,,,,,,,,,,,,20048.444207497312,28824.53468231883,,48872.97888981614,1687.369442035353,2846.655872809419,,11159.857913980282,18361.074765461963,25977.878809509413,,105822.16724674506,372.07710408475924,2311.8432179329384,,6868.997467289726,0.0,0.0,,0.0,3595.8690951217586,20593.577175375645,,65970.27860471785,3967.9577116458777,22905.414147307223,,72839.29625912216,21.610705050391662,88.1727654334984,,68.83179408836251,1645.8389687955337,3325.5143724983136,,10635.434590972154,13119.354826253162,4610.363900793372,,17729.718727046533,,,,,,,,,,,,,,0.0,,44338.953574971376,,,,,,,,,,,,,,44338.953574971376,0.0
218,KARNATAKA,Belagavi,,711.3096010533953,3439.9509510068992,0.0,11617.223121431147,392479.5,791562.1,0.0,1184041.6,0.0,1184041.6,7969.85157981577,25109.945876848236,,33079.797456664004,32.609041002805206,0.0,,32.609041002805206,6733.028082248527,76786.31592752007,,83519.3440097686,2255.1627323986518,20324.703790357424,,22579.866522756078,1301.8936742052508,347.1325467439368,,1649.0262209491877,,,,,,,,,,,,,18292.545109671002,122568.09814146966,,140860.6432511407,,,,,,,,,,,,,,,,,,,,,,,,,,,,,,,,,18292.545109671002,122568.09814146966,,140860.6432511407,1779.7610427577374,12127.61416364373,,57201.86553531035,16512.784066913267,110440.48397782593,,519209.57523252006,1421.1847572437036,13447.687029080287,,62869.2429261408,0.0,0.0,,0.0,10773.223085241183,85287.6398944258,,396838.15748843487,12194.413737057257,98735.24408274666,,459707.0065410654,73.8483207171058,89.40131419794444,,88.53977824565209,6385.742318086325,30168.755010700064,,147743.85024713905,2760.4916947336733,18503.47984067412,,21263.971535407793,,,,,,,,,,,,,,0.0,,126953.2680447392,,,,,,,,,,,,,,126953.2680447392,0.0
219,KARNATAKA,Bengaluru (Rural),,0.0,550.4425551153435,0.0,1471.4147118658495,0.0,297898.0,0.0,297898.0,0.0,297898.0,,12954.833534970587,,12954.833534970587,,0.0,,,,1786.7871550515445,,1786.7871550515445,,5620.533076903774,,5620.533076903774,,913.1198443399339,,913.1198443399339,,,,,,,,,,,,,,21275.27300093128,,21275.27300093128,,,,,,,,,,,,,,,,,,,,,,,,,,,,,,,,,,21275.27300093128,,21275.27300093128,,2127.522120789437,,5531.692849678779,,19147.750880141848,,49785.438321238275,,2001.9945662277628,,4460.675013952469,,0.0,,0.0,,30650.44735802059,,73705.98100239004,,32652.44124743621,,78166.65572819355,,170.52885976963535,,157.0070654471831,,2160.8522710732545,,4931.955596537346,,0.0,,0.0,,,,,,,,,,,,,,0.0,,19147.750880141844,,,,,,,,,,,,,,19147.750880141844,0.0
220,KARNATAKA,Bengaluru (Urban),,0.0,456.82576964459116,0.0,1101.4175437929607,0.0,51757.0,0.0,51757.0,0.0,51757.0,,2668.8839003883963,,2668.8839003883963,,0.0,,,,217.54153639273423,,217.54153639273423,,913.9902114396187,,913.9902114396187,,212.6821067052198,,212.6821067052198,,,,,,,,,,,,,,4013.0977549259687,,4013.0977549259687,,,,,,,,,,,,,,,,,,,,,,,,,,,,,,,,,,4013.0977549259687,,4013.0977549259687,,401.3118574582263,,957.7931776231494,,3611.7858974677424,,8620.103423132918,,542.3291171307168,,1181.6286031391596,,0.0,,0.0,,6093.270056080196,,13930.589255197512,,6635.598428363294,,15112.214863609839,,183.72070263122674,,175.31361425495993,,542.3294495892934,,1181.6299176371058,,0.0,,0.0,,,,,,,,,,,,,,0.0,,3611.7858974677424,,,,,,,,,,,,,,3611.7858974677424,0.0
221,KARNATAKA,Bengaluru South,,22.296079790065477,1250.0854343211013,0.0,4196.601000000539,2012.8,315158.860504285,0.0,317171.660504285,0.0,317171.660504285,72.65116375382347,14522.595688305732,,14595.246852059556,33.06600546420287,0.0,,33.06600546420287,298.65669579063587,6666.944121815665,,6965.6008176063015,51.27741495542149,6106.5755809299135,,6157.852995885334,11.187432154897031,664.5211642936551,,675.708596448552,,,,,,,,,,,,,466.8387121189807,27960.636555344965,,28427.475267463953,,,,,,,,,,,,,,,,,,,,,,,,,,,,,,,,,466.8387121189807,27960.636555344965,,28427.475267463953,46.68369155904722,2796.065480650063,,8839.950652047208,420.1550205599335,25164.5710746949,,79559.4401470673,1.7585503324851595,2015.2717939304766,,6713.1123319252665,0.0,0.0,,0.0,205.10965982168597,29247.28022988978,,89231.00255256926,206.86801209943383,31262.555846788484,,95944.11284017243,49.23611571361074,124.23242086659533,,120.59425338189624,7.217104150991223,2730.4829899410133,,9171.311141968856,207.82825658725633,420.210329519245,,628.0385861065014,,,,,,,,,,,,,,0.0,,25584.726095254835,,,,,,,,,,,,,,25584.726095254835,0.0
222,KARNATAKA,Bidar,,917.8107988675891,2846.834880696561,0.0,10795.862709921763,12742.3,461093.0,0.0,473835.30000000005,0.0,473835.30000000005,457.11493695584915,14757.242983738364,,15214.357920694212,2.225849018069246,0.0,,2.225849018069246,92.94670439970828,2761.04211155246,,2853.988815952168,261.3083813741904,2397.9433405199993,,2659.25172189419,23.03545833155273,283.4901069330572,,306.5255652646099,,,,,,,,,,,,,836.6313300793698,20199.71854274388,,21036.34987282325,,,,,,,,,,,,,,,,,,,,,,,,,,,,,,,,,836.6313300793698,20199.71854274388,,21036.34987282325,83.6623131632994,2019.9970768206986,,6677.668456276419,752.9690169160705,18179.721465923183,,60098.06511965846,2.0893151559801573,1239.935239093802,,4041.1176076210613,0.0,0.0,,0.0,1281.470529724666,13006.226675106862,,44240.65039855497,1283.5606562416333,14246.16716086192,,48281.76969092789,170.46659655382675,78.3629561518064,,80.3383097189507,9.320742763164967,2781.142800180868,,9058.21373899261,50.05615493760145,5599.504859479179,,5649.56101441678,,,,,,,,,,,,,,0.0,,18932.690482839254,,,,,,,,,,,,,,18932.690482839254,0.0
223,KARNATAKA,Chamarajanagara,,884.2644704694177,7147.2091766934755,0.0,32441.51043142835,61641.0,498566.0,0.0,560207.0,0.0,560207.0,2594.3595834647695,18879.75617360242,,21474.11575706719,314.9808673308076,0.0,,314.9808673308076,3020.3094263946123,7.9337402752842605,,3028.2431666698963,1849.5479909066464,4681.266266316185,,6530.81425722283,66.62112943378197,325.47554734510476,,392.0966767788867,,,,,,,,,,,,,7845.818997530617,23894.431727538995,,31740.250725069614,,,,,,,,,,,,,,,,,,,,,,,,,,,,,,,,,7845.818997530617,23894.431727538995,,31740.250725069614,759.091578859988,2298.176713596889,,7417.068790977448,7086.72741867063,21596.255013942104,,70913.54094160846,359.87334833402593,3098.567922563337,,9414.161706135736,0.0,0.0,,0.0,7412.728092462021,24405.549985156387,,73759.97068497633,7772.598352668884,27504.092571651603,,83174.037166361,109.6782462973144,127.35584273243448,,117.28935836788641,1478.7826981372282,6543.017527558908,,18752.70349480262,180.02845610925925,1060.350951555253,,1240.3794076645122,,,,,,,,,,,,,,0.0,,28682.982432612735,,,,,,,,,,,,,,28682.982432612735,0.0
224,KARNATAKA,Chikkaballapura,,0.0,1160.3249387638764,0.0,3141.273408490834,0.0,352441.0,0.0,352441.0,0.0,352441.0,,14690.736187813465,,14690.736187813465,,0.0,,,,4588.470300099427,,4588.470300099427,,7490.156220264154,,7490.156220264154,,2762.5352417420113,,2762.5352417420113,,,,,,,,,,,,,,29531.89794991906,,29531.89794991906,,,,,,,,,,,,,,,,,,,,,,,,,,,,,,,,,,29531.89794991906,,29531.89794991906,,2953.2117929577244,,6757.735884102525,,26578.68615696133,,60819.253625905774,,2885.948219124952,,6493.834354892667,,0.0,,0.0,,49760.72307398343,,120943.19170893819,,52646.682979473626,,127437.05470825428,,198.07857569996824,,209.53406546569795,,2885.947571578104,,6493.835249978675,,750.2109830837139,,750.2109830837139,,,,,,,,,,,,,,0.0,,26578.686156961332,,,,,,,,,,,,,,26578.686156961332,0.0
225,KARNATAKA,Chikkamagaluru,,156.54004122409293,2983.1470662262914,0.0,11966.698928814738,7561.0,705863.0,0.0,713424.0,0.0,713424.0,417.55060427998666,65678.76733512725,,66096.31793940725,1706.7613615914506,0.0,,1706.7613615914506,1062.8743901414907,7649.760259139683,,8712.634649281172,56.88297458832901,7184.176952204212,,7241.059926792542,2.460000431885637,875.4014975241021,,877.8614979559877,,,,,,,,,,,,,3246.5293310331426,81388.10604399526,,84634.6353750284,,,,,,,,,,,,,,,,,,,,,,,,,,,,,,,,,3246.5293310331426,81388.10604399526,,84634.6353750284,324.6529331033143,8027.878998110258,,30237.8012744637,2921.8763979298287,73360.227045885,,274632.0106109084,95.03354948883289,2700.578132610604,,9228.199945697274,0.0,0.0,,0.0,227.53189835331602,30746.424505522704,,96614.40669697971,322.5648353915883,33447.019009733835,,105842.67330338154,11.039646838590706,45.592850999239076,,38.53981663242335,395.2201136339098,4827.232307591657,,15850.257175792885,2299.1243859426027,41670.83797280378,,43969.96235874639,,,,,,,,,,,,,,0.0,,76282.10344381482,,,,,,,,,,,,,,76282.10344381482,0.0
226,KARNATAKA,Chitradurga,,25.13203831196283,1351.5442673380824,0.0,4878.6803116887595,884.5999999999999,867700.5,0.0,868585.1000000001,0.0,868585.1000000001,38.88862014868165,33708.633932169774,,33747.522552318456,0.0,0.0,,0.0,12.857475620843953,3666.764363393306,,3679.6218390141503,97.7045139322197,9069.229741011975,,9166.934254944195,0.0,1950.1739108394438,,1950.1739108394438,,,,,,,,,,,,,149.45060970174532,48394.8019474145,,48544.25255711624,,,,,,,,,,,,,,,,,,,,,,,,,,,,,,,,,149.45060970174532,48394.8019474145,,48544.25255711624,14.944666714206761,4770.430463758555,,17937.180425077462,134.50594298753853,43624.371483655945,,162815.5206289333,7.593109451702103,4474.576400670999,,14865.126701027732,0.0,0.0,,0.0,390.8180557288788,47484.81768899793,,202115.16267258266,398.41142566808685,51959.41797191816,,216980.38526537167,296.20358537243084,119.10639902602374,,133.26762978566612,33.2239504037937,5408.686341043386,,18601.146656273206,0.0,4546.121265764602,,4546.121265764602,,,,,,,,,,,,,,0.0,,43758.877426643485,,,,,,,,,,,,,,43758.877426643485,0.0
227,KARNATAKA,Dakshina Kannada,,0.0,7721.671739236734,0.0,22637.353471424754,0.0,472833.0,0.0,472833.0,0.0,472833.0,,66790.36994249129,,66790.36994249129,,0.0,,,,226.52727468904476,,226.52727468904476,,5615.3595353414785,,5615.3595353414785,,10.53873768347006,,10.53873768347006,,,,,,,,,,,,,,72642.79549020527,,72642.79549020527,,,,,,,,,,,,,,,,,,,,,,,,,,,,,,,,,,72642.79549020527,,72642.79549020527,,5961.176332234954,,16360.525964621927,,66681.61915797032,,178003.707334787,,3448.4692300535635,,9242.581893053695,,0.0,,0.0,,22492.000963906896,,54682.57777179452,,25940.45371369188,,63925.10173185268,,38.90195535330109,,35.91223053103226,,7551.062753956816,,20234.305082470797,,36672.54251273606,,36672.54251273606,,,,,,,,,,,,,,0.0,,66681.61915797032,,,,,,,,,,,,,,66681.61915797032,0.0
228,KARNATAKA,Davanagere,,638.7756941940803,899.596484720068,0.0,3367.4538441330205,132753.8,562073.2999999999,0.0,694827.1000000001,0.0,694827.1000000001,6033.782861207362,25288.66689729309,,31322.449758500454,1370.085449502302,0.0,,1370.085449502302,16040.565730096188,1773.037621992109,,17813.6033520883,2701.2418688453417,8245.799758248482,,10947.041627093822,156.6431492415628,628.345166226422,,784.9883154679848,,,,,,,,,,,,,26302.31905889276,35935.849443760104,,62238.168502652865,,,,,,,,,,,,,,,,,,,,,,,,,,,,,,,,,26302.31905889276,35935.849443760104,,62238.168502652865,2630.2298952301962,3571.0571940714185,,15717.047897932795,23672.089163662567,32364.792249688682,,141904.25301940163,471.4401486281953,2899.8372178093164,,9517.803614722594,0.0,0.0,,0.0,14883.847475381368,44847.25145515335,,172454.0620384099,15355.284706587612,47747.07649014723,,181971.8208973664,64.86662246168994,147.5278324723574,,128.2356356665974,2079.4078353935433,5094.942513393032,,18915.770979648147,7104.896992513936,1186.1369743445514,,8291.033966858487,,,,,,,,,,,,,,0.0,,56036.88141335125,,,,,,,,,,,,,,56036.88141335125,0.0
229,KARNATAKA,Dharwad,,1001.6667393937887,621.3622616312649,0.0,2026.8363168238482,74758.0,346370.0,0.0,421128.0,0.0,421128.0,2923.453456083571,14913.908336242117,,17837.361792325686,0.0,0.0,,0.0,139.2611308798616,7751.7781833165,,7891.039314196361,341.33947606882606,2639.632519438289,,2980.971995507115,50.45558421395547,55.487641112633156,,105.94322532658862,,,,,,,,,,,,,3454.509647246214,25360.80668010954,,28815.31632735575,,,,,,,,,,,,,,,,,,,,,,,,,,,,,,,,,3454.509647246214,25360.80668010954,,28815.31632735575,345.4577907107256,2519.922352567276,,6685.535158542487,3109.0518565354882,22840.884327542262,,60493.901399812974,432.76135526750613,991.5047089225901,,3034.316689936564,0.0,0.0,,0.0,2132.569208498209,12199.505014638855,,32953.66485549009,2565.3306107829562,13190.998446526195,,35987.96646486991,82.51167008972256,57.75169760226871,,59.4902389036214,1920.2387265730165,2180.9823869425645,,8484.13479426771,264.324975356261,8838.136431271398,,9102.461406627659,,,,,,,,,,,,,,0.0,,25949.93618407775,,,,,,,,,,,,,,25949.93618407775,0.0
230,KARNATAKA,Gadag,,776.5504119451002,845.8477754161446,0.0,2129.734836102901,118152.8,355358.4,0.0,473511.2,0.0,473511.2,3185.9770067061745,12129.465629862996,,15315.442636569172,0.0,0.0,,0.0,383.89871379520787,12200.140566176828,,12584.039279972036,617.8897162139324,5463.10653190119,,6080.9962481151215,33.149263739796694,421.733619865586,,454.88288360538263,,,,,,,,,,,,,4220.914700455111,30214.4463478066,,34435.361048261715,,,,,,,,,,,,,,,,,,,,,,,,,,,,,,,,,4220.914700455111,30214.4463478066,,34435.361048261715,409.2012804157706,2483.4464185420657,,5353.392937591405,3811.7134200393402,27730.99992926453,,58431.14369013579,424.6404495932128,1938.604243022096,,4562.587325600807,0.0,0.0,,0.0,2792.942497981742,23842.11884134466,,48497.79819787367,3217.5890436608825,25780.70985192056,,53060.373617944155,84.41319399157963,92.96711232080087,,90.80837763389815,1873.902734148201,3204.452290676744,,8601.485816093891,112.08133545729514,4226.354817194426,,4338.4361526517205,,,,,,,,,,,,,,0.0,,31542.71334930387,,,,,,,,,,,,,,31542.71334930387,0.0
231,KARNATAKA,Hassan,,449.12085409194094,1149.1299367817567,0.0,3645.094356157586,74211.87,567447.66,0.0,641659.53,0.0,641659.53,3126.443889844804,29082.94855686348,,32209.392446708283,1237.0839238897597,0.0,,1237.0839238897597,10679.688427914947,8641.852333957375,,19321.540761872322,892.3771827130552,9367.03402347885,,10259.4112061919,308.2697057143818,1134.4402343803065,,1442.7099400946884,,,,,,,,,,,,,16243.863130076947,48226.27514868001,,64470.13827875696,,,,,,,,,,,,,,,,,,,,,,,,,,,,,,,,,16243.863130076947,48226.27514868001,,64470.13827875696,1624.3856409735977,4822.615786426879,,16767.64515746737,14619.47748910335,43403.65936225313,,150909.07711400022,209.91445376330446,3265.9158263771187,,8853.92418958155,0.0,0.0,,0.0,4423.199684408727,38140.040973461364,,115599.91958629785,4633.1128145995635,41405.96526245523,,124453.85135642794,31.69137076241515,95.39740628059755,,82.46942711233508,939.0595525231379,6221.243886699673,,17654.129675596843,9257.218412989534,11014.259952605069,,20271.4783655946,,,,,,,,,,,,,,0.0,,58023.13685135648,,,,,,,,,,,,,,58023.13685135648,0.0
232,KARNATAKA,Haveri,,647.387620975632,585.2985279865992,0.0,1717.335820039823,37072.0,418780.0,0.0,455852.0,0.0,455852.0,2070.151645210806,23142.23209466196,,25212.383739872763,344.365865852114,0.0,,344.365865852114,14750.810014961773,13422.839583934125,,28173.649598895896,1622.9314976065014,5081.00133976205,,6703.93283736855,811.8087589343729,620.4667872528813,,1432.2755461872543,,,,,,,,,,,,,19600.067782565566,42266.53980561101,,61866.60758817659,,,,,,,,,,,,,,,,,,,,,,,,,,,,,,,,,19600.067782565566,42266.53980561101,,61866.60758817659,1960.0137703377782,4199.880527985191,,10467.556417703301,17640.05401222779,38066.65927762582,,95005.84773342227,389.7089411893502,1911.072781431309,,4224.049835377245,0.0,0.0,,0.0,6491.725990426005,23423.089248959437,,54904.719116323606,6881.437111776628,25334.14631590182,,59128.73558169817,39.01029501954207,66.5520610336098,,62.23694329596216,1730.4261307780193,2968.978679672292,,7376.32673286826,9417.901891023763,12986.115247008116,,22404.01713803188,,,,,,,,,,,,,,0.0,,55706.71328985361,,,,,,,,,,,,,,55706.71328985361,0.0
233,KARNATAKA,Kalburgi,,1747.824828632987,1335.7929766377308,0.0,4786.499975502429,157481.8,892678.0,0.0,1050159.8,0.0,1050159.8,6670.25270070017,22934.551317516194,,29604.80401821636,21.388872915187783,0.0,,21.388872915187783,1468.111662163543,1354.0394162240673,,2822.15107838761,157.3439342652209,4289.289250029762,,4446.633184294983,14.996422186888173,219.27674539421858,,234.27316758110675,,,,,,,,,,,,,8332.09359223101,28797.156729164242,,37129.25032139525,,,,,,,,,,,,,,,,,,,,,,,,,,,,,,,,,8332.09359223101,28797.156729164242,,37129.25032139525,648.3971921968355,2879.7230606368057,,9852.13805406213,7683.696400034175,25917.433668527432,,94213.2798670668,53.05767228456518,3968.0734691583316,,12068.292305434488,0.0,0.0,,0.0,582.1548701225292,17221.2488459865,,48095.12049995822,635.2168642245932,21189.337724709872,,60163.47505642412,8.267073959634427,81.75708287985675,,63.85880540547328,245.0178284716808,8960.843591910141,,27427.867153751235,6856.5237014399645,5710.545727171745,,12567.06942861171,,,,,,,,,,,,,,0.0,,33601.13006856161,,,,,,,,,,,,,,33601.13006856161,0.0
234,KARNATAKA,Kodagu,,1463.1323772095277,4136.318901745402,0.0,14430.407925301692,2147.4,327564.0,0.0,329711.4,0.0,329711.4,245.89480509747779,29484.20576621779,,29730.10057131527,39.626811718979496,0.0,,39.626811718979496,388.7382247887381,1614.0995183421562,,2002.8377431308943,76.69820376523934,1737.020877010133,,1813.7190807753723,11.595248024899188,275.6233879630792,,287.21863598797836,,,,,,,,,,,,,762.553293395334,33110.949549533165,,33873.502842928494,,,,,,,,,,,,,,,,,,,,,,,,,,,,,,,,,762.553293395334,33110.949549533165,,33873.502842928494,76.25567556580555,3311.0960274926065,,6487.517211900048,686.2976178295285,29799.85352204055,,58387.70022942436,9.478538816755218,1791.5843259573637,,3543.610085115304,0.0,0.0,,0.0,306.7916609733835,8751.02713035218,,19575.307729508444,316.2719949904315,10542.614989984977,,23118.93294036395,46.083796121960496,35.37807654721341,,39.59555325783017,50.35405669856367,4556.177271054349,,8583.29235278607,329.15190015758117,17300.562391188767,,17629.714291346347,,,,,,,,,,,,,,0.0,,30486.151139870082,,,,,,,,,,,,,,30486.151139870082,0.0
235,KARNATAKA,Kolara,,0.0,1513.9333503658725,0.0,3682.218087425341,0.0,396484.0,0.0,396484.0,0.0,396484.0,,17258.530873135795,,17258.530873135795,,0.0,,,,491.43668322585035,,491.43668322585035,,15044.284321834673,,15044.284321834673,,5323.113200029775,,5323.113200029775,,,,,,,,,,,,,,38117.365078226096,,38117.365078226096,,,,,,,,,,,,,,,,,,,,,,,,,,,,,,,,,,38117.365078226096,,38117.365078226096,,3811.7542293963106,,9510.642408093627,,34305.61084882978,,85595.41694821004,,5695.3780876638475,,12188.23247930689,,0.0,,0.0,,93211.24020979406,,253050.47000562373,,98906.61058936166,,265238.67086103634,,288.3103030148653,,309.87485115180925,,5695.378011202696,,12188.231381953023,,0.0,,0.0,,,,,,,,,,,,,,0.0,,34305.61084882978,,,,,,,,,,,,,,34305.61084882978,0.0
236,KARNATAKA,Koppal,,661.5492305122671,733.9227565747308,0.0,2816.937602310726,83052.40000000001,409848.0,0.0,492900.4,0.0,492900.4,1903.1531136025067,15492.366453970113,,17395.51956757262,248.99492853523196,0.0,,248.99492853523196,11802.10907502605,14144.372842466095,,25946.481917492143,371.89645399387246,7012.03132017164,,7383.927774165512,0.0,227.34821355302356,,227.34821355302356,,,,,,,,,,,,,14326.153571157662,36876.11883016087,,51202.27240131853,,,,,,,,,,,,,,,,,,,,,,,,,,,,,,,,,14326.153571157662,36876.11883016087,,51202.27240131853,1432.6111276709667,3599.054785648076,,11903.444839122494,12893.542443486698,33277.064044512794,,111600.63590785253,278.30156518352055,1664.196212915077,,4918.521491876083,0.0,0.0,,0.0,1487.5858159754896,28048.125280686556,,77025.61793201702,1765.8761266042002,29712.315576076093,,81944.14062619276,13.695818153499392,89.28767134123268,,73.42623091668867,1265.707081444337,3776.881351615923,,12376.421185390966,10140.264178024074,5524.372471886652,,15664.636649910726,,,,,,,,,,,,,,0.0,,46170.60648799949,,,,,,,,,,,,,,46170.60648799949,0.0
237,KARNATAKA,Mandya,,582.2321860873901,945.0437575603877,0.0,2850.077122316641,243576.71000000002,179301.779495715,0.0,422878.48949571495,0.0,422878.48949571495,8018.272681886984,6260.056994021179,,14278.329675908164,2966.6443949043564,0.0,,2966.6443949043564,30569.971487742012,23660.1068507715,,54230.07833851351,5361.47094982765,6842.715213296588,,12204.18616312424,1379.791266181118,431.42067482661867,,1811.211941007737,,,,,,,,,,,,,48296.15078054213,37194.29973291588,,85490.450513458,,,,,,,,,,,,,,,,,,,,,,,,,,,,,,,,,48296.15078054213,37194.29973291588,,85490.450513458,4823.368338305068,3719.428933145039,,22211.394038233688,43472.782442237054,33474.870799770855,,200090.12251529392,1273.9458801781698,1161.0016799617745,,6125.897258962031,0.0,0.0,,0.0,17056.553454606164,27986.427175728764,,110820.85882164627,18330.50055180082,29147.431251086768,,116946.76503546465,42.16546427907354,87.07257281269712,,58.447045543952726,5833.612028033853,2474.078123284518,,22414.45332799515,20582.616959597042,9953.064926413816,,30535.681886010858,,,,,,,,,,,,,,0.0,,76947.65324200792,,,,,,,,,,,,,,76947.65324200792,0.0
238,KARNATAKA,Mysuru,,1201.2568688921504,1825.0485140274038,0.0,5829.592483805283,120896.87999999999,418904.51,0.0,539801.39,0.0,539801.39,5636.111642186771,20688.79646839494,,26324.908110581713,878.6051940320542,0.0,,878.6051940320542,10689.4928922028,5473.262933974227,,16162.755826177026,1113.2139462527925,3649.1846065260797,,4762.398552778873,98.74350219413797,409.2612316862077,,508.0047338803456,,,,,,,,,,,,,18416.167176868556,30220.505240581457,,48636.672417450005,,,,,,,,,,,,,,,,,,,,,,,,,,,,,,,,,18416.167176868556,30220.505240581457,,48636.672417450005,1841.631532068382,3022.0470060643875,,10751.684923353121,16574.535644800177,27198.458234517067,,96765.02611588206,853.8682057510861,11326.510942426581,,34462.345398848236,0.0,0.0,,0.0,5203.249329117956,19908.47598322307,,62688.52391557036,6057.118208542109,31235.00771578889,,97150.9227604375,36.54472341397009,114.84109667712383,,100.39879764419564,4264.2496925322985,44489.72982478229,,140569.72526241065,7936.402341479211,7034.411336468671,,14970.813677947881,,,,,,,,,,,,,,0.0,,43772.99387931725,,,,,,,,,,,,,,43772.99387931725,0.0
239,KARNATAKA,Raichur,,1049.2976045433738,1979.5806415942393,0.0,6607.467893583544,232011.1,506131.0,0.0,738142.1,0.0,738142.1,8278.897838387375,18404.147924310768,,26683.045762698144,898.3530682213044,0.0,,898.3530682213044,23615.98685900109,8785.674316825867,,32401.661175826954,3092.5656494322247,5597.0024504540725,,8689.568099886297,19.353690172389655,220.97855633830363,,240.3322465106933,,,,,,,,,,,,,35905.15710521438,33007.803247929005,,68912.9603531434,,,,,,,,,,,,,,,,,,,,,,,,,,,,,,,,,35905.15710521438,33007.803247929005,,68912.9603531434,3590.5029758122796,3266.8113581182283,,16336.940807332516,32314.654129402104,29740.991889810786,,149411.0058108393,951.499032148274,2849.3652789795533,,10086.542763291141,0.0,0.0,,0.0,9278.385342826938,22388.00980181629,,72956.84032785475,10229.868381759028,25237.38398480919,,83043.41404961354,31.657056704967758,84.85723703605015,,55.58052005536328,4679.973447662095,6794.490271746891,,28904.298243450543,19352.895949317484,2883.604843204947,,22236.50079252243,,,,,,,,,,,,,,0.0,,62055.64601921289,,,,,,,,,,,,,,62055.64601921289,0.0
240,KARNATAKA,Shivamogga,,519.3027097297903,2385.957869261485,0.0,7939.094572930952,23734.7,681669.0,0.0,705403.7,0.0,705403.7,1356.9483375882955,55723.04770274398,,57079.99604033226,1081.4505256215095,0.0,,1081.4505256215095,3500.2046839415116,11173.959983316176,,14674.164667257688,444.6627232416043,6560.177377530786,,7004.840100772391,32.06642511324431,1311.074847330041,,1343.1412724432853,,,,,,,,,,,,,6415.332695506166,74768.25991092097,,81183.59260642715,,,,,,,,,,,,,,,,,,,,,,,,,,,,,,,,,6415.332695506166,74768.25991092097,,81183.59260642715,641.5354781643288,6587.1051007727,,21318.64660240845,5773.797217341837,68181.15481014828,,203882.3602992891,139.86236538944001,2775.1968331784697,,9111.458236091567,0.0,0.0,,0.0,1778.6508929664174,26966.530842438464,,78038.31787684653,1918.5131611693205,29741.71230865117,,87149.72155777598,33.22792763498842,43.621602466939045,,42.74510135641187,581.2356468441415,5718.526213053616,,19781.608234955733,3627.7855296330335,36180.98498437357,,39808.7705140066,,,,,,,,,,,,,,0.0,,73954.95202749012,,,,,,,,,,,,,,73954.95202749012,0.0
241,KARNATAKA,Tumakuru,,886.366624001863,1195.7501811239972,0.0,3689.1060575061015,205336.9,837465.7,0.0,1042802.6,0.0,1042802.6,7766.396832338485,34353.6993038914,,42120.09613622989,496.0698437235162,0.0,,496.0698437235162,5859.487691355982,10153.569871009457,,16013.057562365439,969.8932703719801,16162.780481062084,,17132.673751434064,1656.1690547034,1948.079968765336,,3604.2490234687352,,,,,,,,,,,,,16748.016692493362,62618.12007558476,,79366.13676807813,,,,,,,,,,,,,,,,,,,,,,,,,,,,,,,,,16748.016692493362,62618.12007558476,,79366.13676807813,1569.749890597338,6261.825449388732,,20496.78778601773,15178.266801896025,56356.29462619603,,188672.8414273432,127.35492003114877,5932.562331041341,,18003.043446195898,0.0,0.0,,0.0,6018.096879466341,65773.3787382883,,179619.36784268462,6145.447155969337,71705.93873322674,,197622.44131372133,40.488464435225666,127.23678731691446,,104.74344893450103,572.5303088615476,9380.612221503578,,29403.206949068735,9389.88011541398,2343.667119197472,,11733.547234611451,,,,,,,,,,,,,,0.0,,71534.56142809206,,,,,,,,,,,,,,71534.56142809206,0.0
242,KARNATAKA,Udupi,,0.0,6533.872789418485,0.0,17325.382873173927,0.0,338138.0,0.0,338138.0,0.0,338138.0,,56824.064708192105,,56824.064708192105,,0.0,,,,1001.1462362899192,,1001.1462362899192,,2790.4494704667177,,2790.4494704667177,,4.791376714378013,,4.791376714378013,,,,,,,,,,,,,,60620.45179166312,,60620.45179166312,,,,,,,,,,,,,,,,,,,,,,,,,,,,,,,,,,60620.45179166312,,60620.45179166312,,5026.305618801836,,14101.293738682496,,55594.146172861285,,143975.34928272566,,4159.44137103768,,10021.575861910696,,0.0,,0.0,,11168.392972847525,,31539.60592328538,,15327.835750694858,,41561.17616291776,,27.57095270972479,,28.866869481458053,,9037.386021516213,,21721.878886745828,,35388.371829196025,,35388.371829196025,,,,,,,,,,,,,,0.0,,55594.146172861285,,,,,,,,,,,,,,55594.146172861285,0.0
243,KARNATAKA,Uttara Kannada,,0.0,4341.487260183384,0.0,13340.810316104038,0.0,1150066.0,0.0,1150066.0,0.0,1150066.0,,94319.24252532197,,94319.24252532197,,0.0,,,,40333.247095050385,,40333.247095050385,,7315.051051354169,,7315.051051354169,,798.0607168590639,,798.0607168590639,,,,,,,,,,,,,,142765.60138858558,,142765.60138858558,,,,,,,,,,,,,,,,,,,,,,,,,,,,,,,,,,142765.60138858558,,142765.60138858558,,13570.597966279265,,34516.16412079595,,129195.00342230627,,334559.0793336743,,5546.3756290145575,,13504.407270965876,,0.0,,0.0,,29887.75929498302,,79334.04439773152,,35434.10652469691,,92838.37011024482,,27.42683972759507,,27.749469628846025,,11929.479309670674,,29120.667196728293,,87377.78296055696,,87377.78296055696,,,,,,,,,,,,,,0.0,,129195.00342230627,,,,,,,,,,,,,,129195.00342230627,0.0
244,KARNATAKA,Vijayapura,,1463.0405586580275,2028.0246584882475,0.0,9625.512220431372,223419.1,839457.3,0.0,1062876.4,0.0,1062876.4,4740.550769044228,19269.747901719795,,24010.298670764027,181.31644490168463,0.0,,181.31644490168463,5227.564023752011,4462.739615965551,,9690.30363971756,1290.0043240322716,3897.2911861430207,,5187.295510175292,33.30448274753133,264.63769997689644,,297.94218272442777,,,,,,,,,,,,,11472.740044477725,27894.416403805266,,39367.156448282985,,,,,,,,,,,,,,,,,,,,,,,,,,,,,,,,,11472.740044477725,27894.416403805266,,39367.156448282985,1147.276005097041,2789.4754002758527,,13253.347685499284,10325.464039380684,25104.941003529413,,119279.21314621274,663.811126768921,2876.147122819353,,11837.86115682383,0.0,0.0,,0.0,5266.95012909496,25446.843247030833,,112295.85936756119,5930.7562062607585,28322.979594781442,,124133.73135190256,57.43815661592757,112.81834755476868,,104.06987779148,2313.5563666524336,6490.165090896105,,28376.39267328611,3318.1860475853996,4455.398828642552,,7773.584876227951,,,,,,,,,,,,,,0.0,,35430.4050429101,,,,,,,,,,,,,,35430.4050429101,0.0
245,KARNATAKA,Yadgir,,1725.9247961561734,2143.2439494445453,0.0,6710.408672315289,276490.9,229837.0,0.0,506327.9,0.0,506327.9,8917.503355715737,9250.081564187984,,18167.58491990372,504.93433270378034,0.0,,504.93433270378034,18088.248283482593,4087.8057494726136,,22176.05403295521,1014.0734242566821,2966.585901174925,,3980.6593254316067,65.162188905953,374.88264777564217,,440.0448366815952,,,,,,,,,,,,,28589.921585064738,16679.355862611166,,45269.27744767591,,,,,,,,,,,,,,,,,,,,,,,,,,,,,,,,,28589.921585064738,16679.355862611166,,45269.27744767591,2849.0107884834542,1667.949993307399,,12013.217404316616,25740.910796581287,15011.405869303766,,108618.05616118123,551.7111874277857,1484.4770013378165,,5520.6565150124525,0.0,0.0,,0.0,2999.171084551782,11920.970657254635,,37078.33480890549,3550.8744926075083,13405.441634880579,,42598.968193994224,13.79467308157219,89.30170665955305,,39.219048562957596,2454.8860244302577,3043.2651872026954,,15761.678600298266,20325.952554785337,1280.381818582391,,21606.33437336773,,,,,,,,,,,,,,0.0,,40752.31666588505,,,,,,,,,,,,,,40752.31666588505,0.0
246,KERALA,ALAPPUZHA,,0.0,0.0,0.0,0.0,0.0,0.0,0.0,0.0,0.0,0.0,,,,32955.459,,,,,,,,,,,,,,,,,,,,,,,,,,,,,,,,43920.446,,,,,,,,,,,,,,,,,,,,,,,,,,,,,,,,,,,,43920.446,,,,3463.1130000000003,,,,40457.333,,,,9423.856,,,,258.29,,,,3982.6099999999997,,,,13664.756,,,,33.77572120238376,,,,,,,,0.0,,,,,,,,,,,,,,,,,,,,,,,,,,,,,,0.0,0.0
247,KERALA,ERNAKULAM,,0.0,0.0,0.0,0.0,0.0,0.0,0.0,0.0,0.0,0.0,,,,41597.85999999999,,,,,,,,,,,,,,,,,,,,,,,,,,,,,,,,55502.80499999999,,,,,,,,,,,,,,,,,,,,,,,,,,,,,,,,,,,,55502.80499999999,,,,5550.279,,,,49952.52600000001,,,,12847.629,,,,184.64499999999998,,,,8862.607999999998,,,,21894.882,,,,43.83138101965053,,,,,,,,0.0,,,,,,,,,,,,,,,,,,,,,,,,,,,,,,0.0,0.0
248,KERALA,IDUKKI,,0.0,0.0,0.0,0.0,0.0,0.0,0.0,0.0,0.0,0.0,,,,18619.123,,,,,,,,,,,,,,,,,,,,,,,,,,,,,,,,20681.82,,,,,,,,,,,,,,,,,,,,,,,,,,,,,,,,,,,,20681.82,,,,2068.181,,,,18613.639,,,,4557.612,,,,12.68,,,,6295.75,,,,10866.042000000001,,,,58.37677414932138,,,,,,,,0.0,,,,,,,,,,,,,,,,,,,,,,,,,,,,,,0.0,0.0
249,KERALA,KANNUR,,0.0,0.0,0.0,0.0,0.0,0.0,0.0,0.0,0.0,0.0,,,,38938.736,,,,,,,,,,,,,,,,,,,,,,,,,,,,,,,,45838.563,,,,,,,,,,,,,,,,,,,,,,,,,,,,,,,,,,,,45838.563,,,,4583.852,,,,41254.71099999999,,,,9876.916,,,,20.339,,,,8888.110000000002,,,,18785.364999999998,,,,45.535078405954664,,,,,,,,0.0,,,,,,,,,,,,,,,,,,,,,,,,,,,,,,0.0,0.0
250,KERALA,KASARGOD,,0.0,0.0,0.0,0.0,0.0,0.0,0.0,0.0,0.0,0.0,,,,26319.151,,,,,,,,,,,,,,,,,,,,,,,,,,,,,,,,31750.273999999998,,,,,,,,,,,,,,,,,,,,,,,,,,,,,,,,,,,,31750.273999999998,,,,3175.026,,,,28575.248,,,,6292.9169999999995,,,,13.904000000000002,,,,16450.76,,,,22757.581,,,,79.64088710621164,,,,,,,,0.0,,,,,,,,,,,,,,,,,,,,,,,,,,,,,,0.0,0.0
251,KERALA,KOLLAM,,0.0,0.0,0.0,0.0,0.0,0.0,0.0,0.0,0.0,0.0,,,,32817.398,,,,,,,,,,,,,,,,,,,,,,,,,,,,,,,,36847.118,,,,,,,,,,,,,,,,,,,,,,,,,,,,,,,,,,,,36847.118,,,,3553.556,,,,33293.562,,,,11097.670000000002,,,,17.494999999999997,,,,5351.11,,,,16466.274999999998,,,,49.457835121396734,,,,,,,,0.0,,,,,,,,,,,,,,,,,,,,,,,,,,,,,,0.0,0.0
252,KERALA,KOTTAYAM,,0.0,0.0,0.0,0.0,0.0,0.0,0.0,0.0,0.0,0.0,,,,34490.994,,,,,,,,,,,,,,,,,,,,,,,,,,,,,,,,41615.486000000004,,,,,,,,,,,,,,,,,,,,,,,,,,,,,,,,,,,,41615.486000000004,,,,4161.549999999999,,,,37453.936,,,,8360.614,,,,0.0,,,,5243.099999999999,,,,13603.714,,,,36.3211866437749,,,,,,,,0.0,,,,,,,,,,,,,,,,,,,,,,,,,,,,,,0.0,0.0
253,KERALA,KOZHIKKODE,,0.0,0.0,0.0,0.0,0.0,0.0,0.0,0.0,0.0,0.0,,,,32354.559,,,,,,,,,,,,,,,,,,,,,,,,,,,,,,,,34012.941999999995,,,,,,,,,,,,,,,,,,,,,,,,,,,,,,,,,,,,34012.941999999995,,,,3401.293,,,,30611.649000000005,,,,12682.142000000003,,,,1.03,,,,5078.460000000001,,,,17761.632,,,,58.0224606652193,,,,,,,,0.0,,,,,,,,,,,,,,,,,,,,,,,,,,,,,,0.0,0.0
254,KERALA,MALAPPURAM,,0.0,0.0,0.0,0.0,0.0,0.0,0.0,0.0,0.0,0.0,,,,43372.494999999995,,,,,,,,,,,,,,,,,,,,,,,,,,,,,,,,52281.29200000001,,,,,,,,,,,,,,,,,,,,,,,,,,,,,,,,,,,,52281.29200000001,,,,5228.130999999999,,,,47053.161,,,,21514.11,,,,0.0,,,,10113.27,,,,31627.380000000005,,,,67.21627054981492,,,,,,,,0.0,,,,,,,,,,,,,,,,,,,,,,,,,,,,,,0.0,0.0
255,KERALA,PALAKKAD,,0.0,0.0,0.0,0.0,0.0,0.0,0.0,0.0,0.0,0.0,,,,34790.79,,,,,,,,,,,,,,,,,,,,,,,,,,,,,,,,65715.33,,,,,,,,,,,,,,,,,,,,,,,,,,,,,,,,,,,,65715.33,,,,6571.549999999999,,,,59143.78,,,,13389.540999999997,,,,572.1,,,,19420.79,,,,33382.431000000004,,,,56.44284318655318,,,,,,,,0.0,,,,,,,,,,,,,,,,,,,,,,,,,,,,,,0.0,0.0
256,KERALA,PATHANAMTHITTA,,0.0,0.0,0.0,0.0,0.0,0.0,0.0,0.0,0.0,0.0,,,,24642.777,,,,,,,,,,,,,,,,,,,,,,,,,,,,,,,,28308.606999999996,,,,,,,,,,,,,,,,,,,,,,,,,,,,,,,,,,,,28308.606999999996,,,,2725.378,,,,25583.229000000003,,,,5521.151000000001,,,,0.0,,,,3927.3800000000006,,,,9448.530999999999,,,,36.93251934695186,,,,,,,,0.0,,,,,,,,,,,,,,,,,,,,,,,,,,,,,,0.0,0.0
257,KERALA,THIRUVANANTHAPURAM,,0.0,0.0,0.0,0.0,0.0,0.0,0.0,0.0,0.0,0.0,,,,26201.496999999996,,,,,,,,,,,,,,,,,,,,,,,,,,,,,,,,29485.166000000005,,,,,,,,,,,,,,,,,,,,,,,,,,,,,,,,,,,,29485.166000000005,,,,2514.701,,,,26970.465,,,,11784.235,,,,2.3009999999999997,,,,5429.260000000001,,,,17215.796,,,,63.83203255857842,,,,,,,,0.0,,,,,,,,,,,,,,,,,,,,,,,,,,,,,,0.0,0.0
258,KERALA,THRISSUR,,0.0,0.0,0.0,0.0,0.0,0.0,0.0,0.0,0.0,0.0,,,,47189.61,,,,,,,,,,,,,,,,,,,,,,,,,,,,,,,,65226.522,,,,,,,,,,,,,,,,,,,,,,,,,,,,,,,,,,,,65226.522,,,,6178.169,,,,59048.353,,,,12668.301,,,,38.934000000000005,,,,21348.864,,,,34056.099,,,,57.67493464212288,,,,,,,,0.0,,,,,,,,,,,,,,,,,,,,,,,,,,,,,,0.0,0.0
259,KERALA,WAYANAD,,0.0,0.0,0.0,0.0,0.0,0.0,0.0,0.0,0.0,0.0,,,,25034.744,,,,,,,,,,,,,,,,,,,,,,,,,,,,,,,,25736.824999999997,,,,,,,,,,,,,,,,,,,,,,,,,,,,,,,,,,,,25736.824999999997,,,,2573.682,,,,23163.143,,,,3695.349,,,,316.8,,,,1665.46,,,,5677.609,,,,24.511392948703033,,,,,,,,0.0,,,,,,,,,,,,,,,,,,,,,,,,,,,,,,0.0,0.0
260,MADHYA PRADESH,AGAR MALWA,,0.0,0.0,0.0,0.0,0.0,0.0,0.0,0.0,0.0,0.0,,,,33210.85,,,,,,,,,,,,,,,,,,,,,,,,,,,,,,,,44386.19,,,,,,,,,,,,,,,,,,,,,,,,,,,,,,,,,,,,44386.19,,,,2219.31,,,,42166.88,,,,1272.884,,,,224.626,,,,37652.020000000004,,,,39149.53,,,,92.84426545193763,,,,,,,,0.0,,,,,,,,,,,,,,,,,,,,,,,,,,,,,,0.0,0.0
261,MADHYA PRADESH,ALIRAJPUR,,0.0,0.0,0.0,0.0,0.0,0.0,0.0,0.0,0.0,0.0,,,,17303.91,,,,,,,,,,,,,,,,,,,,,,,,,,,,,,,,19664.769999999997,,,,,,,,,,,,,,,,,,,,,,,,,,,,,,,,,,,,19664.769999999997,,,,1385.62,,,,18279.15,,,,2079.221,,,,366.923,,,,5781.41,,,,8227.550000000001,,,,45.01057215461332,,,,,,,,0.0,,,,,,,,,,,,,,,,,,,,,,,,,,,,,,0.0,0.0
262,MADHYA PRADESH,ANUPPUR,,0.0,0.0,0.0,0.0,0.0,0.0,0.0,0.0,0.0,0.0,,,,35997.47,,,,,,,,,,,,,,,,,,,,,,,,,,,,,,,,36367.47,,,,,,,,,,,,,,,,,,,,,,,,,,,,,,,,,,,,36367.47,,,,1818.0,,,,34549.47,,,,1229.9499999999998,,,,217.04999999999998,,,,1307.0,,,,2754.0,,,,7.971178718515798,,,,,,,,0.0,,,,,,,,,,,,,,,,,,,,,,,,,,,,,,0.0,0.0
263,MADHYA PRADESH,ASHOKNAGAR,,0.0,0.0,0.0,0.0,0.0,0.0,0.0,0.0,0.0,0.0,,,,31436.359999999997,,,,,,,,,,,,,,,,,,,,,,,,,,,,,,,,41917.950000000004,,,,,,,,,,,,,,,,,,,,,,,,,,,,,,,,,,,,41917.950000000004,,,,2095.96,,,,39821.990000000005,,,,1521.756,,,,268.546,,,,20075.629999999997,,,,21865.929999999997,,,,54.90918459876062,,,,,,,,0.0,,,,,,,,,,,,,,,,,,,,,,,,,,,,,,0.0,0.0
264,MADHYA PRADESH,BALAGHAT,,0.0,0.0,0.0,0.0,0.0,0.0,0.0,0.0,0.0,0.0,,,,87830.11,,,,,,,,,,,,,,,,,,,,,,,,,,,,,,,,94595.11,,,,,,,,,,,,,,,,,,,,,,,,,,,,,,,,,,,,94595.11,,,,5077.0,,,,89518.11,,,,2999.6079999999997,,,,529.3430000000001,,,,11760.05,,,,15289.0,,,,17.079225644956086,,,,,,,,0.0,,,,,,,,,,,,,,,,,,,,,,,,,,,,,,0.0,0.0
265,MADHYA PRADESH,BARWANI,,0.0,0.0,0.0,0.0,0.0,0.0,0.0,0.0,0.0,0.0,,,,43282.48,,,,,,,,,,,,,,,,,,,,,,,,,,,,,,,,74654.89000000001,,,,,,,,,,,,,,,,,,,,,,,,,,,,,,,,,,,,74654.89000000001,,,,3879.3599999999997,,,,70775.53000000001,,,,2834.071,,,,500.13100000000003,,,,35659.060000000005,,,,38993.259999999995,,,,55.09426775044989,,,,,,,,0.0,,,,,,,,,,,,,,,,,,,,,,,,,,,,,,0.0,0.0
266,MADHYA PRADESH,BETUL,,0.0,0.0,0.0,0.0,0.0,0.0,0.0,0.0,0.0,0.0,,,,103375.63,,,,,,,,,,,,,,,,,,,,,,,,,,,,,,,,126241.38,,,,,,,,,,,,,,,,,,,,,,,,,,,,,,,,,,,,126241.38,,,,6569.599999999999,,,,119671.78,,,,2617.114,,,,461.82500000000005,,,,65907.70999999999,,,,68986.65,,,,57.64654791630909,,,,,,,,0.0,,,,,,,,,,,,,,,,,,,,,,,,,,,,,,0.0,0.0
267,MADHYA PRADESH,BHIND,,0.0,0.0,0.0,0.0,0.0,0.0,0.0,0.0,0.0,0.0,,,,60594.909999999996,,,,,,,,,,,,,,,,,,,,,,,,,,,,,,,,76125.08,,,,,,,,,,,,,,,,,,,,,,,,,,,,,,,,,,,,76125.08,,,,3806.2200000000003,,,,72318.86,,,,2390.1580000000004,,,,421.793,,,,23214.79,,,,26026.739999999998,,,,35.98886929357017,,,,,,,,0.0,,,,,,,,,,,,,,,,,,,,,,,,,,,,,,0.0,0.0
268,MADHYA PRADESH,BHOPAL,,0.0,0.0,0.0,0.0,0.0,0.0,0.0,0.0,0.0,0.0,,,,28779.0,,,,,,,,,,,,,,,,,,,,,,,,,,,,,,,,38948.0,,,,,,,,,,,,,,,,,,,,,,,,,,,,,,,,,,,,38948.0,,,,1947.0,,,,37001.0,,,,2119.05,,,,373.95,,,,23462.0,,,,25955.0,,,,70.14675279046513,,,,,,,,0.0,,,,,,,,,,,,,,,,,,,,,,,,,,,,,,0.0,0.0
269,MADHYA PRADESH,BURHANPUR,,0.0,0.0,0.0,0.0,0.0,0.0,0.0,0.0,0.0,0.0,,,,31137.269999999997,,,,,,,,,,,,,,,,,,,,,,,,,,,,,,,,38131.78,,,,,,,,,,,,,,,,,,,,,,,,,,,,,,,,,,,,38131.78,,,,2118.41,,,,36013.37,,,,1221.612,,,,215.579,,,,22765.41,,,,24202.6,,,,67.20448544526657,,,,,,,,0.0,,,,,,,,,,,,,,,,,,,,,,,,,,,,,,0.0,0.0
270,MADHYA PRADESH,CHHATARPUR,,0.0,0.0,0.0,0.0,0.0,0.0,0.0,0.0,0.0,0.0,,,,80722.05,,,,,,,,,,,,,,,,,,,,,,,,,,,,,,,,103464.06,,,,,,,,,,,,,,,,,,,,,,,,,,,,,,,,,,,,103464.06,,,,4971.03,,,,98493.02999999998,,,,2697.868,,,,476.096,,,,57599.96,,,,60773.92,,,,61.70377741450335,,,,,,,,0.0,,,,,,,,,,,,,,,,,,,,,,,,,,,,,,0.0,0.0
271,MADHYA PRADESH,CHHINDWARA,,0.0,0.0,0.0,0.0,0.0,0.0,0.0,0.0,0.0,0.0,,,,102892.79000000001,,,,,,,,,,,,,,,,,,,,,,,,,,,,,,,,119572.79000000001,,,,,,,,,,,,,,,,,,,,,,,,,,,,,,,,,,,,119572.79000000001,,,,6221.0,,,,113351.79000000001,,,,3335.4,,,,588.5999999999999,,,,58651.0,,,,62575.0,,,,55.20424512043436,,,,,,,,0.0,,,,,,,,,,,,,,,,,,,,,,,,,,,,,,0.0,0.0
272,MADHYA PRADESH,DAMOH,,0.0,0.0,0.0,0.0,0.0,0.0,0.0,0.0,0.0,0.0,,,,29884.61,,,,,,,,,,,,,,,,,,,,,,,,,,,,,,,,40880.96,,,,,,,,,,,,,,,,,,,,,,,,,,,,,,,,,,,,40880.96,,,,2597.49,,,,38283.47,,,,2293.013,,,,404.65099999999995,,,,19581.66,,,,22279.319999999996,,,,58.1956651264893,,,,,,,,0.0,,,,,,,,,,,,,,,,,,,,,,,,,,,,,,0.0,0.0
273,MADHYA PRADESH,DATIA,,0.0,0.0,0.0,0.0,0.0,0.0,0.0,0.0,0.0,0.0,,,,29126.08,,,,,,,,,,,,,,,,,,,,,,,,,,,,,,,,36576.58,,,,,,,,,,,,,,,,,,,,,,,,,,,,,,,,,,,,36576.58,,,,1828.8200000000002,,,,34747.76,,,,1165.4099999999999,,,,205.66099999999997,,,,12584.029999999999,,,,13955.1,,,,40.16114995614106,,,,,,,,0.0,,,,,,,,,,,,,,,,,,,,,,,,,,,,,,0.0,0.0
274,MADHYA PRADESH,DEWAS,,0.0,0.0,0.0,0.0,0.0,0.0,0.0,0.0,0.0,0.0,,,,65191.87,,,,,,,,,,,,,,,,,,,,,,,,,,,,,,,,83061.65,,,,,,,,,,,,,,,,,,,,,,,,,,,,,,,,,,,,83061.65,,,,4316.4800000000005,,,,78745.17000000001,,,,3297.2270000000003,,,,581.864,,,,62446.51,,,,66325.59999999999,,,,84.22815012019147,,,,,,,,0.0,,,,,,,,,,,,,,,,,,,,,,,,,,,,,,0.0,0.0
275,MADHYA PRADESH,DHAR,,0.0,0.0,0.0,0.0,0.0,0.0,0.0,0.0,0.0,0.0,,,,82177.0,,,,,,,,,,,,,,,,,,,,,,,,,,,,,,,,120017.0,,,,,,,,,,,,,,,,,,,,,,,,,,,,,,,,,,,,120017.0,,,,6799.360000000001,,,,113217.64,,,,4240.124,,,,748.2580000000002,,,,73000.19,,,,77988.56999999999,,,,68.88376228297992,,,,,,,,0.0,,,,,,,,,,,,,,,,,,,,,,,,,,,,,,0.0,0.0
276,MADHYA PRADESH,DINDORI,,0.0,0.0,0.0,0.0,0.0,0.0,0.0,0.0,0.0,0.0,,,,36626.05,,,,,,,,,,,,,,,,,,,,,,,,,,,,,,,,38763.05,,,,,,,,,,,,,,,,,,,,,,,,,,,,,,,,,,,,38763.05,,,,2575.0,,,,36188.05,,,,1491.75,,,,263.25,,,,6669.0,,,,8424.0,,,,23.278402677126838,,,,,,,,0.0,,,,,,,,,,,,,,,,,,,,,,,,,,,,,,0.0,0.0
277,MADHYA PRADESH,GUNA,,0.0,0.0,0.0,0.0,0.0,0.0,0.0,0.0,0.0,0.0,,,,69841.94,,,,,,,,,,,,,,,,,,,,,,,,,,,,,,,,87804.1,,,,,,,,,,,,,,,,,,,,,,,,,,,,,,,,,,,,87804.1,,,,4390.33,,,,83413.77,,,,1892.118,,,,333.904,,,,43898.76999999999,,,,46124.79,,,,55.29637372822257,,,,,,,,0.0,,,,,,,,,,,,,,,,,,,,,,,,,,,,,,0.0,0.0
278,MADHYA PRADESH,GWALIOR,,0.0,0.0,0.0,0.0,0.0,0.0,0.0,0.0,0.0,0.0,,,,52915.0,,,,,,,,,,,,,,,,,,,,,,,,,,,,,,,,78776.0,,,,,,,,,,,,,,,,,,,,,,,,,,,,,,,,,,,,78776.0,,,,3939.0,,,,74837.0,,,,2938.9519999999998,,,,518.639,,,,18890.59,,,,22348.18,,,,29.86247444445929,,,,,,,,0.0,,,,,,,,,,,,,,,,,,,,,,,,,,,,,,0.0,0.0
279,MADHYA PRADESH,HARDA,,0.0,0.0,0.0,0.0,0.0,0.0,0.0,0.0,0.0,0.0,,,,32120.0,,,,,,,,,,,,,,,,,,,,,,,,,,,,,,,,50665.0,,,,,,,,,,,,,,,,,,,,,,,,,,,,,,,,,,,,50665.0,,,,2533.0,,,,48132.0,,,,940.9499999999999,,,,166.04999999999998,,,,13795.0,,,,14902.0,,,,30.960691431895622,,,,,,,,0.0,,,,,,,,,,,,,,,,,,,,,,,,,,,,,,0.0,0.0
280,MADHYA PRADESH,HOSHANGABAD,,0.0,0.0,0.0,0.0,0.0,0.0,0.0,0.0,0.0,0.0,,,,124441.0,,,,,,,,,,,,,,,,,,,,,,,,,,,,,,,,196586.0,,,,,,,,,,,,,,,,,,,,,,,,,,,,,,,,,,,,196586.0,,,,9804.0,,,,186782.0,,,,1583.55,,,,279.45,,,,39817.0,,,,41680.0,,,,22.314784079836386,,,,,,,,0.0,,,,,,,,,,,,,,,,,,,,,,,,,,,,,,0.0,0.0
281,MADHYA PRADESH,INDORE,,0.0,0.0,0.0,0.0,0.0,0.0,0.0,0.0,0.0,0.0,,,,37608.0,,,,,,,,,,,,,,,,,,,,,,,,,,,,,,,,57892.0,,,,,,,,,,,,,,,,,,,,,,,,,,,,,,,,,,,,57892.0,,,,2895.0,,,,54997.0,,,,5607.45,,,,989.5500000000001,,,,57544.0,,,,64141.0,,,,116.62636143789662,,,,,,,,0.0,,,,,,,,,,,,,,,,,,,,,,,,,,,,,,0.0,0.0
282,MADHYA PRADESH,JABALPUR,,0.0,0.0,0.0,0.0,0.0,0.0,0.0,0.0,0.0,0.0,,,,61906.0,,,,,,,,,,,,,,,,,,,,,,,,,,,,,,,,70595.0,,,,,,,,,,,,,,,,,,,,,,,,,,,,,,,,,,,,70595.0,,,,3552.0,,,,67043.0,,,,2253.35,,,,397.65,,,,21014.0,,,,23665.0,,,,35.29824142714377,,,,,,,,0.0,,,,,,,,,,,,,,,,,,,,,,,,,,,,,,0.0,0.0
283,MADHYA PRADESH,JHABUA,,0.0,0.0,0.0,0.0,0.0,0.0,0.0,0.0,0.0,0.0,,,,20865.68,,,,,,,,,,,,,,,,,,,,,,,,,,,,,,,,24041.739999999998,,,,,,,,,,,,,,,,,,,,,,,,,,,,,,,,,,,,24041.739999999998,,,,1810.78,,,,22230.960000000003,,,,2280.374,,,,402.421,,,,10039.47,,,,12722.26,,,,57.227668080910576,,,,,,,,0.0,,,,,,,,,,,,,,,,,,,,,,,,,,,,,,0.0,0.0
284,MADHYA PRADESH,KATNI,,0.0,0.0,0.0,0.0,0.0,0.0,0.0,0.0,0.0,0.0,,,,30701.0,,,,,,,,,,,,,,,,,,,,,,,,,,,,,,,,37236.0,,,,,,,,,,,,,,,,,,,,,,,,,,,,,,,,,,,,37236.0,,,,1851.0,,,,35385.0,,,,2130.95,,,,376.04999999999995,,,,13957.0,,,,16464.0,,,,46.52818991097923,,,,,,,,0.0,,,,,,,,,,,,,,,,,,,,,,,,,,,,,,0.0,0.0
285,MADHYA PRADESH,KHANDWA,,0.0,0.0,0.0,0.0,0.0,0.0,0.0,0.0,0.0,0.0,,,,52810.08000000001,,,,,,,,,,,,,,,,,,,,,,,,,,,,,,,,106758.19,,,,,,,,,,,,,,,,,,,,,,,,,,,,,,,,,,,,106758.19,,,,5692.659999999999,,,,101065.53000000001,,,,2253.1,,,,397.56,,,,40713.16,,,,43364.219999999994,,,,42.90703269452996,,,,,,,,0.0,,,,,,,,,,,,,,,,,,,,,,,,,,,,,,0.0,0.0
286,MADHYA PRADESH,KHARGONE,,0.0,0.0,0.0,0.0,0.0,0.0,0.0,0.0,0.0,0.0,,,,63680.40999999999,,,,,,,,,,,,,,,,,,,,,,,,,,,,,,,,133612.63,,,,,,,,,,,,,,,,,,,,,,,,,,,,,,,,,,,,133612.63,,,,6908.6,,,,126704.03,,,,3329.5499999999997,,,,574.58,,,,42281.119999999995,,,,46185.25,,,,36.451287303174176,,,,,,,,0.0,,,,,,,,,,,,,,,,,,,,,,,,,,,,,,0.0,0.0
287,MADHYA PRADESH,MANDLA,,0.0,0.0,0.0,0.0,0.0,0.0,0.0,0.0,0.0,0.0,,,,51017.95,,,,,,,,,,,,,,,,,,,,,,,,,,,,,,,,55739.92,,,,,,,,,,,,,,,,,,,,,,,,,,,,,,,,,,,,55739.92,,,,5830.0,,,,49909.92,,,,2071.73,,,,365.57,,,,6430.0,,,,8867.300000000001,,,,17.76660832155211,,,,,,,,0.0,,,,,,,,,,,,,,,,,,,,,,,,,,,,,,0.0,0.0
288,MADHYA PRADESH,MANDSAUR,,0.0,0.0,0.0,0.0,0.0,0.0,0.0,0.0,0.0,0.0,,,,46559.880000000005,,,,,,,,,,,,,,,,,,,,,,,,,,,,,,,,61439.67,,,,,,,,,,,,,,,,,,,,,,,,,,,,,,,,,,,,61439.67,,,,3071.98,,,,58367.689999999995,,,,2683.3700000000003,,,,473.47,,,,57087.86,,,,60244.700000000004,,,,103.21583739222848,,,,,,,,0.0,,,,,,,,,,,,,,,,,,,,,,,,,,,,,,0.0,0.0
289,MADHYA PRADESH,MORENA,,0.0,0.0,0.0,0.0,0.0,0.0,0.0,0.0,0.0,0.0,,,,49923.96,,,,,,,,,,,,,,,,,,,,,,,,,,,,,,,,71697.95999999999,,,,,,,,,,,,,,,,,,,,,,,,,,,,,,,,,,,,71697.95999999999,,,,3584.0,,,,68113.95999999999,,,,3927.0,,,,693.0,,,,19604.0,,,,24224.0,,,,35.56392845167129,,,,,,,,0.0,,,,,,,,,,,,,,,,,,,,,,,,,,,,,,0.0,0.0
290,MADHYA PRADESH,NARSINGHPUR,,0.0,0.0,0.0,0.0,0.0,0.0,0.0,0.0,0.0,0.0,,,,104397.94999999998,,,,,,,,,,,,,,,,,,,,,,,,,,,,,,,,123848.61,,,,,,,,,,,,,,,,,,,,,,,,,,,,,,,,,,,,123848.61,,,,6235.339999999999,,,,117613.27000000002,,,,1795.3200000000002,,,,316.8,,,,72389.65,,,,74501.77,,,,63.344697413820725,,,,,,,,0.0,,,,,,,,,,,,,,,,,,,,,,,,,,,,,,0.0,0.0
291,MADHYA PRADESH,NEEMUCH,,0.0,0.0,0.0,0.0,0.0,0.0,0.0,0.0,0.0,0.0,,,,30833.059999999998,,,,,,,,,,,,,,,,,,,,,,,,,,,,,,,,43034.14,,,,,,,,,,,,,,,,,,,,,,,,,,,,,,,,,,,,43034.14,,,,2151.7,,,,40882.44,,,,1480.842,,,,261.2,,,,34006.479999999996,,,,35748.522000000004,,,,87.4422417057299,,,,,,,,0.0,,,,,,,,,,,,,,,,,,,,,,,,,,,,,,0.0,0.0
292,MADHYA PRADESH,PANNA,,0.0,0.0,0.0,0.0,0.0,0.0,0.0,0.0,0.0,0.0,,,,41228.770000000004,,,,,,,,,,,,,,,,,,,,,,,,,,,,,,,,47626.86,,,,,,,,,,,,,,,,,,,,,,,,,,,,,,,,,,,,47626.86,,,,2661.4700000000003,,,,44965.39,,,,1828.352,,,,322.62,,,,14259.89,,,,16410.862,,,,36.49665220294987,,,,,,,,0.0,,,,,,,,,,,,,,,,,,,,,,,,,,,,,,0.0,0.0
293,MADHYA PRADESH,RAISEN,,0.0,0.0,0.0,0.0,0.0,0.0,0.0,0.0,0.0,0.0,,,,76591.69,,,,,,,,,,,,,,,,,,,,,,,,,,,,,,,,89330.17000000001,,,,,,,,,,,,,,,,,,,,,,,,,,,,,,,,,,,,89330.17000000001,,,,4466.46,,,,84863.71,,,,3093.31,,,,545.8100000000001,,,,40757.159999999996,,,,44396.28,,,,52.31479981254649,,,,,,,,0.0,,,,,,,,,,,,,,,,,,,,,,,,,,,,,,0.0,0.0
294,MADHYA PRADESH,RAJGARH,,0.0,0.0,0.0,0.0,0.0,0.0,0.0,0.0,0.0,0.0,,,,71944.38,,,,,,,,,,,,,,,,,,,,,,,,,,,,,,,,88959.17,,,,,,,,,,,,,,,,,,,,,,,,,,,,,,,,,,,,88959.17,,,,4447.96,,,,84511.20999999999,,,,3030.8799999999997,,,,534.65,,,,66974.15,,,,70539.68,,,,83.46783817200108,,,,,,,,0.0,,,,,,,,,,,,,,,,,,,,,,,,,,,,,,0.0,0.0
295,MADHYA PRADESH,RATLAM,,0.0,0.0,0.0,0.0,0.0,0.0,0.0,0.0,0.0,0.0,,,,58567.659999999996,,,,,,,,,,,,,,,,,,,,,,,,,,,,,,,,85139.77,,,,,,,,,,,,,,,,,,,,,,,,,,,,,,,,,,,,85139.77,,,,4257.0,,,,80882.76999999999,,,,2674.6,,,,461.37,,,,99287.2,,,,102423.17,,,,126.63162995035904,,,,,,,,0.0,,,,,,,,,,,,,,,,,,,,,,,,,,,,,,0.0,0.0
296,MADHYA PRADESH,REWA,,0.0,0.0,0.0,0.0,0.0,0.0,0.0,0.0,0.0,0.0,,,,47547.02,,,,,,,,,,,,,,,,,,,,,,,,,,,,,,,,62474.72,,,,,,,,,,,,,,,,,,,,,,,,,,,,,,,,,,,,62474.72,,,,3431.58,,,,59043.14,,,,4120.855,,,,727.2,,,,21734.56,,,,26582.614999999998,,,,45.02235992191472,,,,,,,,0.0,,,,,,,,,,,,,,,,,,,,,,,,,,,,,,0.0,0.0
297,MADHYA PRADESH,SAGAR,,0.0,0.0,0.0,0.0,0.0,0.0,0.0,0.0,0.0,0.0,,,,91016.00000000001,,,,,,,,,,,,,,,,,,,,,,,,,,,,,,,,109393.17,,,,,,,,,,,,,,,,,,,,,,,,,,,,,,,,,,,,109393.17,,,,5946.9,,,,103446.27000000002,,,,2858.34,,,,504.35,,,,56953.04999999999,,,,60315.74,,,,58.3063458933802,,,,,,,,0.0,,,,,,,,,,,,,,,,,,,,,,,,,,,,,,0.0,0.0
298,MADHYA PRADESH,SATNA,,0.0,0.0,0.0,0.0,0.0,0.0,0.0,0.0,0.0,0.0,,,,48569.58,,,,,,,,,,,,,,,,,,,,,,,,,,,,,,,,64708.29000000001,,,,,,,,,,,,,,,,,,,,,,,,,,,,,,,,,,,,64708.29000000001,,,,3289.04,,,,61419.25,,,,3587.99,,,,633.0799999999999,,,,37639.1,,,,41860.17,,,,68.15480488609028,,,,,,,,0.0,,,,,,,,,,,,,,,,,,,,,,,,,,,,,,0.0,0.0
299,MADHYA PRADESH,SEHORE,,0.0,0.0,0.0,0.0,0.0,0.0,0.0,0.0,0.0,0.0,,,,58466.39000000001,,,,,,,,,,,,,,,,,,,,,,,,,,,,,,,,74574.59,,,,,,,,,,,,,,,,,,,,,,,,,,,,,,,,,,,,74574.59,,,,3729.7299999999996,,,,70844.86,,,,2014.25,,,,355.44000000000005,,,,41495.49,,,,43865.18,,,,61.91723718559117,,,,,,,,0.0,,,,,,,,,,,,,,,,,,,,,,,,,,,,,,0.0,0.0
300,MADHYA PRADESH,SEONI,,0.0,0.0,0.0,0.0,0.0,0.0,0.0,0.0,0.0,0.0,,,,71005.7,,,,,,,,,,,,,,,,,,,,,,,,,,,,,,,,78631.7,,,,,,,,,,,,,,,,,,,,,,,,,,,,,,,,,,,,78631.7,,,,4240.0,,,,74391.7,,,,2538.95,,,,448.05,,,,25682.0,,,,28669.0,,,,38.53790140566757,,,,,,,,0.0,,,,,,,,,,,,,,,,,,,,,,,,,,,,,,0.0,0.0
301,MADHYA PRADESH,SHAHDOL,,0.0,0.0,0.0,0.0,0.0,0.0,0.0,0.0,0.0,0.0,,,,54517.01,,,,,,,,,,,,,,,,,,,,,,,,,,,,,,,,55792.909999999996,,,,,,,,,,,,,,,,,,,,,,,,,,,,,,,,,,,,55792.909999999996,,,,3064.5,,,,52728.409999999996,,,,1769.25,,,,312.18999999999994,,,,2681.5600000000004,,,,4763.0,,,,9.033081027855761,,,,,,,,0.0,,,,,,,,,,,,,,,,,,,,,,,,,,,,,,0.0,0.0
302,MADHYA PRADESH,SHAJAPUR,,0.0,0.0,0.0,0.0,0.0,0.0,0.0,0.0,0.0,0.0,,,,46005.31,,,,,,,,,,,,,,,,,,,,,,,,,,,,,,,,58587.42,,,,,,,,,,,,,,,,,,,,,,,,,,,,,,,,,,,,58587.42,,,,2929.38,,,,55658.04000000001,,,,1690.3,,,,298.76,,,,55071.97,,,,57061.03,,,,102.52073195534732,,,,,,,,0.0,,,,,,,,,,,,,,,,,,,,,,,,,,,,,,0.0,0.0
303,MADHYA PRADESH,SHEOPUR,,0.0,0.0,0.0,0.0,0.0,0.0,0.0,0.0,0.0,0.0,,,,33569.28,,,,,,,,,,,,,,,,,,,,,,,,,,,,,,,,53077.130000000005,,,,,,,,,,,,,,,,,,,,,,,,,,,,,,,,,,,,53077.130000000005,,,,4755.28,,,,48321.850000000006,,,,1478.4499999999998,,,,260.86,,,,15637.030000000002,,,,17376.34,,,,35.959591778874355,,,,,,,,0.0,,,,,,,,,,,,,,,,,,,,,,,,,,,,,,0.0,0.0
304,MADHYA PRADESH,SHIVPURI,,0.0,0.0,0.0,0.0,0.0,0.0,0.0,0.0,0.0,0.0,,,,60904.53,,,,,,,,,,,,,,,,,,,,,,,,,,,,,,,,77942.34,,,,,,,,,,,,,,,,,,,,,,,,,,,,,,,,,,,,77942.34,,,,4491.02,,,,73451.32,,,,3200.42,,,,552.58,,,,47078.63,,,,50831.63,,,,69.20451531708348,,,,,,,,0.0,,,,,,,,,,,,,,,,,,,,,,,,,,,,,,0.0,0.0
305,MADHYA PRADESH,SIDHI,,0.0,0.0,0.0,0.0,0.0,0.0,0.0,0.0,0.0,0.0,,,,31288.629999999997,,,,,,,,,,,,,,,,,,,,,,,,,,,,,,,,34088.28,,,,,,,,,,,,,,,,,,,,,,,,,,,,,,,,,,,,34088.28,,,,1828.8,,,,32259.48,,,,2138.42,,,,377.28,,,,6948.299999999999,,,,9464.0,,,,29.33711268749527,,,,,,,,0.0,,,,,,,,,,,,,,,,,,,,,,,,,,,,,,0.0,0.0
306,MADHYA PRADESH,SINGRAULI,,0.0,0.0,0.0,0.0,0.0,0.0,0.0,0.0,0.0,0.0,,,,36463.69,,,,,,,,,,,,,,,,,,,,,,,,,,,,,,,,39414.590000000004,,,,,,,,,,,,,,,,,,,,,,,,,,,,,,,,,,,,39414.590000000004,,,,2182.55,,,,37232.04,,,,1861.4299999999998,,,,328.32,,,,8283.150000000001,,,,10472.900000000001,,,,28.12872998632361,,,,,,,,0.0,,,,,,,,,,,,,,,,,,,,,,,,,,,,,,0.0,0.0
307,MADHYA PRADESH,TIKAMGARH,,0.0,0.0,0.0,0.0,0.0,0.0,0.0,0.0,0.0,0.0,,,,39812.81,,,,,,,,,,,,,,,,,,,,,,,,,,,,,,,,53986.009999999995,,,,,,,,,,,,,,,,,,,,,,,,,,,,,,,,,,,,53986.009999999995,,,,2699.3,,,,51286.70999999999,,,,3077.09,,,,542.8699999999999,,,,33793.39,,,,37413.35,,,,72.94940541126542,,,,,,,,0.0,,,,,,,,,,,,,,,,,,,,,,,,,,,,,,0.0,0.0
308,MADHYA PRADESH,UJJAIN,,0.0,0.0,0.0,0.0,0.0,0.0,0.0,0.0,0.0,0.0,,,,71197.3,,,,,,,,,,,,,,,,,,,,,,,,,,,,,,,,94806.01,,,,,,,,,,,,,,,,,,,,,,,,,,,,,,,,,,,,94806.01,,,,4740.3099999999995,,,,90065.70000000001,,,,2755.3700000000003,,,,486.21,,,,85334.3,,,,88575.88,,,,98.3458519725045,,,,,,,,0.0,,,,,,,,,,,,,,,,,,,,,,,,,,,,,,0.0,0.0
309,MADHYA PRADESH,UMARIA,,0.0,0.0,0.0,0.0,0.0,0.0,0.0,0.0,0.0,0.0,,,,45983.66,,,,,,,,,,,,,,,,,,,,,,,,,,,,,,,,47309.06,,,,,,,,,,,,,,,,,,,,,,,,,,,,,,,,,,,,47309.06,,,,2498.5,,,,44810.56,,,,1161.7,,,,205.0,,,,4059.1000000000004,,,,5425.8,,,,12.108306613441117,,,,,,,,0.0,,,,,,,,,,,,,,,,,,,,,,,,,,,,,,0.0,0.0
310,MADHYA PRADESH,VIDISHA,,0.0,0.0,0.0,0.0,0.0,0.0,0.0,0.0,0.0,0.0,,,,78864.5,,,,,,,,,,,,,,,,,,,,,,,,,,,,,,,,93217.84999999999,,,,,,,,,,,,,,,,,,,,,,,,,,,,,,,,,,,,93217.84999999999,,,,4660.900000000001,,,,88556.95,,,,2661.8199999999997,,,,471.29,,,,49331.560000000005,,,,52464.67,,,,59.24398931986704,,,,,,,,0.0,,,,,,,,,,,,,,,,,,,,,,,,,,,,,,0.0,0.0
311,MAHARASHTRA,Ahmednagar,,2329.161687667758,5568.52654909173,2461.96828197922,44669.06849839262,377364.04,1262454.8099999998,60317.02000000001,1700135.8699999999,0.0,1700135.8699999999,17623.936996362223,78880.96136582465,1016.0167388085576,97520.91510099542,3395.7455967006017,0.0,0.0,3395.7455967006017,38320.43435124089,0.0,331.284,38651.71835124089,11122.590689236295,17355.09543267704,195.55,28673.23612191333,663.6047055770562,2457.408215346637,0.6178921715225931,3121.6308130952157,120.93695787597821,0.0,0.0,120.93695787597821,,,,,,,,,71247.28344917388,98693.46501384834,1543.4646309800803,171484.21309400225,,,,,,,,,,,,,,,,,,,,,,,,,,,,,,,,,71247.28344917388,98693.46501384834,1543.4646309800803,171484.21309400225,6830.551971315025,9646.292604613462,152.16294481102992,73017.179894804,64416.73147785885,89047.17240923489,1391.30168616905,675915.8821509763,1533.4610505667692,4581.487862026823,26.90185957236455,32429.821272234367,0.0,0.0,0.0,0.0,44816.32299252841,71415.12230059483,832.3796087899981,488516.1174168241,46349.804338220114,75996.58129929983,859.2759513606819,520945.8777058123,71.95305206404542,85.3441824632473,61.76057715610902,77.10417334177292,1609.841491479733,6167.756777699414,0.0,40679.26481637975,19944.41310745212,25112.688325211486,994.3522163472068,45057.10143266361,,,,,,,,,,,,,,0.0,0.0,153463.90388709374,1391.30168616905,,,,,,,,,,,,,153463.90388709374,1391.30168616905
312,MAHARASHTRA,Akola,,2459.1185461609552,4279.781386598941,3092.1964655416245,32303.652200454548,48014.32,390222.54000000004,75928.01000000001,514164.87,0.0,514164.87,2691.8012842602893,27312.52065590351,2722.643261191442,32726.965201355248,1704.7244032993983,0.0,0.0,1704.7244032993983,3325.0273144000003,0.0,0.0,3325.0273144000003,725.5381550188365,3397.0482598548083,2.6362987762641423,4125.222713649909,245.99419213058263,1224.0312432159062,2.122107828477407,1472.147543174966,27.92,222.96799999999996,7.6,258.48799999999994,,,,,,,,,8721.022131005044,32156.56015897423,2735.001667796184,43612.58395777545,,,,,,,,,,,,,,,,,,,,,,,,,,,,,,,,,8721.022131005044,32156.56015897423,2735.001667796184,43612.58395777545,846.7478710780258,3079.0068326732094,273.48929716541886,17681.05790551354,7874.274259927019,29077.55332630102,2461.512370630765,164786.2308246968,365.6793872688051,2096.6881049632448,58.25439822867181,14857.378152999501,0.0,0.0,0.0,0.0,3332.2853791301713,15479.976371466055,151.85196016398078,82390.05699115318,3697.9500360471275,17576.657292299446,210.10033602508275,97247.40835270807,46.96242363396422,60.44751116113037,8.535416621580673,59.77974823602864,365.67389844185175,2409.6539058957933,0.0,15521.68031005887,4284.628968687002,12009.597812758035,2339.447783652793,16294.226781445037,,,,,,,,,,,,,,0.0,0.0,36951.827586228035,2461.512370630765,,,,,,,,,,,,,36951.827586228035,2461.512370630765
313,MAHARASHTRA,Amravati,,2143.1303523417223,6002.362842324298,3603.5251476110516,47030.22536880676,50488.0,732777.0,164430.0,947695.0,0.0,947695.0,2223.5299999999997,53276.543617998694,6579.08,62079.15361799868,2893.189999999999,0.0,0.0,2893.189999999999,6328.251005599999,0.0,0.0,6328.251005599999,2010.8,15285.805166637878,237.54999999999998,17534.155166637876,46.95,1388.9952531476226,0.0,1435.945253147623,22.683999999999997,2.0,0.0,24.683999999999997,,,,,,,,,13525.439999999999,69953.34403778419,6816.63,90295.4140377842,,,,,,,,,,,,,,,,,,,,,,,,,,,,,,,,,13525.439999999999,69953.34403778419,6816.63,90295.4140377842,1297.16,6583.429698045845,681.66,39338.20062144979,12228.279999999997,63369.91433973834,6134.969999999999,380327.5835584572,637.471715,1877.3217687216625,72.5182,12428.001803032064,0.0,0.0,0.0,0.0,9552.544313999999,68674.93923842079,1995.768,329460.2659432756,10190.080000000002,70552.35090623148,2068.3,341889.2569717235,83.33207940936914,111.33414277315686,33.713286291538516,90.81444813678449,637.4699999999999,2678.2290443104507,0.0,15515.874834213775,4397.21,10928.491538878616,4951.29,15325.701538878617,,,,,,,,,,,,,,0.0,0.0,75598.19433973833,6134.969999999999,,,,,,,,,,,,,75598.19433973833,6134.969999999999
314,MAHARASHTRA,Aurangabad,,3136.059445921752,4165.495315938592,0.0,35185.4611337693,152345.0,797829.0,0.0,950174.0,0.0,950174.0,6911.65,57307.68000000001,,64219.33,,,,,3430.84021848,0.0,,3430.84021848,3834.71,11812.45,,15647.16,700.25,206311.92999999996,,207012.18000000002,27.285999999999998,0.0,,27.285999999999998,,,,,,,,,14904.75,275432.06,,290336.81,,,,,,,,,,,,,,,,,,,,,,,,,,,,,,,,,14904.75,275432.06,,290336.81,1486.86,27499.460000000003,,184045.17459041785,13417.890000000003,247932.6,,1657214.4244994426,748.7334999999999,3040.1135,,19383.11005670336,0.0,0.0,,0.0,16873.2762,50981.6664,,344633.47006706416,17622.04,54021.82,,364016.9114104707,131.33242260891987,21.78891359990578,,21.965589125282996,748.75,4059.4000000000005,,24818.864159266002,867.9000000000001,196210.15000000002,,197078.05000000002,,,,,,,,,,,,,,0.0,,261350.49000000002,,,,,,,,,,,,,,261350.49000000002,0.0
315,MAHARASHTRA,Beed,,3744.395281619659,3739.160241788141,0.0,29140.397084512748,129185.0,951955.0,0.0,1081140.0,0.0,1081140.0,5873.2,74140.67095476128,,80013.87095476128,1742.8581920799406,0.0,,1742.8581920799406,11783.70908877276,6.38,,11790.089088772762,2692.899024796447,14560.237727592357,,17253.136752388808,50.399981495188754,283.78277466622035,,334.1827561614091,22.400000000000002,0.0,,22.400000000000002,,,,,,,,,22165.455555144334,88991.07145701985,,111156.5270121642,,,,,,,,,,,,,,,,,,,,,,,,,,,,,,,,,22165.455555144334,88991.07145701985,,111156.5270121642,2176.0376295336787,8046.4199423694445,,43913.41838923255,19989.417925610658,80944.65151465044,,438310.068472663,829.3945803108808,3631.166832031056,,21210.16535283722,0.0,0.0,,0.0,11686.461588948929,59201.32559453544,,310985.40528707794,12515.83049407846,62832.50963887039,,332195.2713477043,62.612280861080215,77.62404119745716,,75.79001607361502,829.399024796447,3761.9836391331173,,21648.66251315606,8001.960000000001,18825.34187578003,,26827.30187578003,,,,,,,,,,,,,,0.0,,100934.0694402611,,,,,,,,,,,,,,100934.0694402611,0.0
316,MAHARASHTRA,Bhandara,,4364.777391161558,5000.795073467064,0.0,27002.867949959982,105578.0,290919.0,0.0,396497.0,0.0,396497.0,7824.88,23743.780000000002,,31568.66,1514.4799999999998,0.0,,1514.4799999999998,33230.161459999996,0.0,,33230.161459999996,712.4799999999999,2109.41,,2821.89,373.04999999999995,1369.71,,1742.76,20.586000000000002,0.0,,20.586000000000002,,,,,,,,,43675.61,27222.899999999998,,70898.51,,,,,,,,,,,,,,,,,,,,,,,,,,,,,,,,,43675.61,27222.899999999998,,70898.51,4091.6600000000003,2521.73,,17321.990994931573,39583.950000000004,24701.170000000002,,171074.23710701172,1431.989695,2143.751945,,10137.699265683743,0.0,0.0,,0.0,3353.4955,10324.394699999999,,38981.68351327551,4785.500000000001,12468.150000000001,,49119.48110678703,12.089495868906464,50.47594911496095,,28.71237770071798,1431.9899999999998,2204.1,,10414.686768791495,34798.450000000004,12949.73,,47748.18000000001,,,,,,,,,,,,,,0.0,,64285.12000000001,,,,,,,,,,,,,,64285.12000000001,0.0
317,MAHARASHTRA,Buldhana,,3054.192970604723,3910.0656323959756,1637.0304351516927,30299.24617250569,63630.0,813555.0,26628.0,903813.0,0.0,903813.0,3045.9080451127816,65625.03941081373,877.8700000000001,69548.8174559265,894.8581954887218,0.0,0.0,894.8581954887218,2518.7285137969925,0.0,0.0,2518.7285137969925,830.0196992481202,9888.780828094126,63.0,10781.800527342248,983.2528571428571,933.9199999999998,19.01,1936.182857142857,3.2,116.804,16.528,136.532,,,,,,,,,8275.942706766918,76564.56023890784,976.4000000000001,85816.90294567477,,,,,,,,,,,,,,,,,,,,,,,,,,,,,,,,,8275.942706766918,76564.56023890784,976.4000000000001,85816.90294567477,766.8293984962406,7278.162223818933,97.66,41377.34881578609,7509.113308270677,69286.39801508891,878.7400000000001,391709.4171635259,788.4031192105264,2429.2383743668042,52.380055000000006,14196.945459168175,0.0,0.0,0.0,0.0,3393.1740279699243,41795.85567734776,374.3179,222314.6100902009,4181.507669172933,44225.088386922944,426.7,236511.35163280205,55.68577137552768,63.829394590972655,48.558162824043514,60.40586510409028,788.3948872180451,3698.8050745464343,0.0,21208.61194619145,3462.185639097745,26531.24562780672,624.1199999999999,29993.431266904463,,,,,,,,,,,,,,0.0,0.0,76795.51132335959,878.74,,,,,,,,,,,,,76795.51132335959,878.74
318,MAHARASHTRA,Chandrapur,,2798.9963686469446,5717.611655298587,0.0,31857.30979225459,84979.0,962678.0,0.0,1047657.0,0.0,1047657.0,2614.8400000000006,87840.86999999998,,90455.70999999998,784.31,0.0,,784.31,5898.3150000000005,0.0,,5898.3150000000005,209.06,703.35,,912.41,0.0,597.06,,597.06,4.5,0.0,,4.5,,,,,,,,,9511.029999999999,89141.27,,98652.29999999999,,,,,,,,,,,,,,,,,,,,,,,,,,,,,,,,,9511.029999999999,89141.27,,98652.29999999999,808.8899999999999,8026.480000000001,,39003.96675863821,8702.14,81114.79000000002,,399325.37388171186,1518.62575,8638.163999999999,,41939.686607527576,0.0,0.0,,0.0,1113.129,9523.868999999999,,46140.19616670377,2631.7900000000004,18162.079999999998,,88080.06166259445,30.243020682268966,22.39058992817462,,22.057216351266856,1518.63,8692.55,,42007.18554842032,6289.68,63381.840000000004,,69671.52,,,,,,,,,,,,,,0.0,,89816.93000000001,,,,,,,,,,,,,,89816.93000000001,0.0
319,MAHARASHTRA,Dhule,,4402.681603183961,7338.533247664962,0.0,74747.17275341501,49061.0,593071.0,0.0,642132.0,0.0,642132.0,2671.9700000000003,43184.11,,45856.08,674.05,0.0,,674.05,18802.775308,0.0,,18802.775308,1996.78,6363.490000000001,,8360.27,132.64,454.77000000000004,,587.41,2.616,0.0,,2.616,,,,,,,,,24280.809999999998,50002.37,,74283.18,,,,,,,,,,,,,,,,,,,,,,,,,,,,,,,,,24280.809999999998,50002.37,,74283.18,2373.33,4912.240000000001,,48868.56078036802,21907.480000000003,45090.13,,448213.6491932695,325.26181999999994,1455.326415,,13102.12821446401,0.0,0.0,,0.0,8238.685000000001,26306.494,,250048.07180203084,8563.960000000001,27761.810000000005,,263150.0979855103,39.091488386614984,61.56959405528439,,58.710862210276005,325.26,4509.71,,30290.832956325394,13364.17,15893.47,,29257.64,,,,,,,,,,,,,,0.0,,66997.61,,,,,,,,,,,,,,66997.61,0.0
320,MAHARASHTRA,Gadchiroli,,2548.098766167487,10889.911779682343,0.0,72469.83333635874,22679.71,863969.39,0.0,886649.1,0.0,886649.1,1123.68,84915.692701283,,86039.37270128299,345.89,0.0,,345.89,17077.958450000002,0.0,,17077.958450000002,210.06,4915.3835363407725,,5125.443536340772,140.23,1099.6875995670307,,1239.9175995670307,0.88,0.0,,0.88,,,,,,,,,18898.71,90930.7638371908,,109829.47383719079,,,,,,,,,,,,,,,,,,,,,,,,,,,,,,,,,18898.71,90930.7638371908,,109829.47383719079,1664.6699999999998,7492.514790041705,,47629.79033204666,17234.04,83438.24904714909,,522658.26450294297,589.7844999999999,3169.195406717392,,20614.62907400806,0.0,0.0,,0.0,548.0519999999999,13665.024770300213,,78445.74908353742,1137.83,16834.171887555316,,99059.9581886274,6.602224434897447,20.175605408549142,,18.95310280472368,589.78,3222.2290067173917,,20880.068202259736,16096.210000000001,66917.71715959377,,83013.92715959378,,,,,,,,,,,,,,0.0,,100672.2890471491,,,,,,,,,,,,,,100672.2890471491,0.0
321,MAHARASHTRA,Gondia,,5437.618708813062,7022.785388599222,0.0,40600.8297030057,81245.98,378458.77,0.0,459704.75,0.0,459704.75,6356.1,39766.05,,46122.15,2000.6499999999999,0.0,,2000.6499999999999,28380.219799999995,0.0,,28380.219799999995,443.88000000000005,799.7899999999998,,1243.67,983.45,779.5000000000001,,1762.95,0.0,0.0,,0.0,,,,,,,,,38164.31,41345.340000000004,,79509.65000000001,,,,,,,,,,,,,,,,,,,,,,,,,,,,,,,,,38164.31,41345.340000000004,,79509.65000000001,3667.71,3862.5699999999997,,23889.711215708594,34496.600000000006,37482.77,,225051.1252153495,3903.2891899999995,2421.8602899999996,,19072.666702683997,0.0,0.0,,0.0,2788.4862300000004,3811.1712,,22141.336898994054,6691.78,6233.020000000001,,41213.948054259,19.398375492077477,16.62902715034135,,18.31314907438109,3903.2900000000004,2421.85,,19072.6251611803,28777.99,31249.750000000004,,60027.740000000005,,,,,,,,,,,,,,0.0,,71979.37,,,,,,,,,,,,,,71979.37,0.0
322,MAHARASHTRA,Hingoli,,4117.036664643713,4441.806314924362,0.0,28736.882591573147,169191.0,297050.0,0.0,466241.0,0.0,466241.0,16197.160000000002,33538.299999999996,,49735.45999999999,141.19,0.0,,141.19,21423.952496,0.0,,21423.952496,4828.219999999999,4433.47,,9261.689999999999,19.37,43.25,,62.62,1.4040000000000001,0.0,,1.4040000000000001,,,,,,,,,42611.3,38015.020000000004,,80626.32,,,,,,,,,,,,,,,,,,,,,,,,,,,,,,,,,42611.3,38015.020000000004,,80626.32,4214.339999999999,3621.4399999999996,,30636.64169992498,38396.96,34393.58,,280283.7157578417,776.5199500000001,1390.5479999999998,,7961.207831083147,0.0,0.0,,0.0,19318.65083,17733.87044,,140024.4841659653,20095.179999999997,19124.42,,147985.74952584936,52.335341131172875,55.604621560186516,,52.79855418133012,776.5100000000001,1611.48,,8497.580329035365,18301.78,15528.249999999996,,33830.03,,,,,,,,,,,,,,0.0,,72790.54000000001,,,,,,,,,,,,,,72790.54000000001,0.0
323,MAHARASHTRA,Jalgaon,,2595.3541253248313,3403.236149440829,0.0,23039.33373151102,169742.0,933082.0,0.0,1102824.0,0.0,1102824.0,13616.594572001166,76961.40089526922,,90577.9954672704,1392.9718045112782,0.0,,1392.9718045112782,12728.384202223917,0.0,,12728.384202223917,5075.924838659391,12173.732436426631,,17249.657275086025,858.2971428571431,1500.6665672521674,,2358.96371010931,0.0,0.0,,0.0,,,,,,,,,33672.15233478967,90635.79989894804,,124307.9522337377,,,,,,,,,,,,,,,,,,,,,,,,,,,,,,,,,33672.15233478967,90635.79989894804,,124307.9522337377,3316.7674029920718,8973.908154561674,,43418.83883517643,30355.3849317976,81661.89174438635,,395366.6889080262,1263.069142989082,3497.894283813435,,16514.1816558656,0.0,0.0,,0.0,22461.62850805353,58953.345820621296,,270949.39944668126,23724.68939697641,62451.26243798558,,287463.6746372199,78.15644390700687,76.47540499486242,,72.70811697140533,1268.8323566135512,3599.4496251990745,,16848.366576028468,9446.845589317107,23586.466365819117,,33033.311955136225,,,,,,,,,,,,,,0.0,,112017.27667618394,,,,,,,,,,,,,,112017.27667618394,0.0
324,MAHARASHTRA,Jalna,,2191.469373503325,4726.518261613649,0.0,27573.74013475242,54299.44,717500.56,0.0,771800.0,0.0,771800.0,1456.3,58122.979999999996,,59579.28,380.40000000000003,0.0,,380.40000000000003,8044.759284,0.0,,8044.759284,1298.8899999999999,9214.119999999999,,10513.009999999998,1056.16,161.55,,1217.71,203.204,0.0,,203.204,,,,,,,,,12439.75,67498.65,,79938.4,,,,,,,,,,,,,,,,,,,,,,,,,,,,,,,,,12439.75,67498.65,,79938.4,1224.57,6426.57,,30155.863073448163,11215.18,61072.08,,286178.14115830115,174.46149999999997,1180.565,,5604.090460338964,0.0,0.0,,0.0,5376.332,37056.7295,,173213.00298657193,5550.77,38237.29000000001,,178816.8780121242,49.49336524246602,62.610099410401624,,62.48446414822807,174.48,4370.329999999999,,16248.215275217648,6078.250000000002,20916.579999999998,,26994.83,,,,,,,,,,,,,,0.0,,72287.26000000001,,,,,,,,,,,,,,72287.26000000001,0.0
325,MAHARASHTRA,Kolhapur,,2107.696974473469,6619.642672707417,0.0,25454.885027760556,18529.670000000002,543646.33,0.0,562176.0,0.0,562176.0,818.9000000000001,66657.35,,67476.25,672.5999999999999,0.0,,672.5999999999999,754.515,97103.34031999999,,97857.85532,715.66,12371.22,,13086.880000000001,0.0,577.8700000000001,,577.8700000000001,0.0,0.0,,0.0,,,,,,,,,2961.6800000000003,176709.76,,179671.44,,,,,,,,,,,,,,,,,,,,,,,,,,,,,,,,,2961.6800000000003,176709.76,,179671.44,290.2,17449.399999999998,,66710.2734374963,2671.48,159260.36000000002,,605034.846114428,63.85,1688.0400000000002,,6353.483908144808,0.0,0.0,,0.0,1590.3740000000003,33762.482,,136322.24586713896,1654.2300000000002,35450.5,,142675.7167312591,61.92185604983007,22.25946242994804,,23.581404880649696,63.85,4143.29,,15188.040228935091,1270.8300000000002,121354.61000000002,,122625.44000000002,,,,,,,,,,,,,,0.0,,161931.84000000005,,,,,,,,,,,,,,161931.84000000005,0.0
326,MAHARASHTRA,Latur,,3293.0017656630002,3393.0404056948846,0.0,27066.547646364932,44924.0,618624.0,0.0,663548.0,0.0,663548.0,2720.0999999999995,49095.45999999999,,51815.56,618.73,0.0,,618.73,3089.4293507000007,0.0,,3089.4293507000007,1011.64,7547.679999999999,,8559.32,0.0,2259.18,,2259.18,19.536,0.0,,19.536,,,,,,,,,7459.429999999999,58902.31999999999,,66361.75,,,,,,,,,,,,,,,,,,,,,,,,,,,,,,,,,7459.429999999999,58902.31999999999,,66361.75,723.2300000000001,5571.2,,26543.73334035386,6736.2,53331.12000000002,,253013.11230186658,341.17220000000003,1790.1664250000001,,8990.593882583213,0.0,0.0,,0.0,4072.945,30197.69,,150834.02584681704,4414.12,31987.82,,159824.4087778153,65.52833941985095,59.979651655543684,,63.168429226359976,341.2,2233.3699999999994,,10758.85960102036,2873.95,22180.350000000002,,25054.300000000003,,,,,,,,,,,,,,0.0,,60067.320000000014,,,,,,,,,,,,,,60067.320000000014,0.0
327,MAHARASHTRA,Nagpur,,4639.304747335306,4784.471587949556,0.0,29722.61355442211,226924.0,572118.0,0.0,799042.0,0.0,799042.0,9125.12,58010.85,,67135.97,1517.4800000000002,0.0,,1517.4800000000002,5246.057766,76.05000000000001,,5322.107765999999,2217.1299999999997,6070.540000000001,,8287.67,992.8100000000001,369.21,,1362.0200000000002,0.004,0.0,,0.004,,,,,,,,,19098.65,64526.649999999994,,83625.3,,,,,,,,,,,,,,,,,,,,,,,,,,,,,,,,,19098.65,64526.649999999994,,83625.3,1830.5199999999998,5839.31,,31811.876851687408,17268.129999999997,58687.340000000004,,315136.76421758754,3545.3999999999996,6585.646575,,38185.7718968136,0.0,0.0,,0.0,9427.75452,26215.12914,,132549.70113348195,12973.159999999998,32800.740000000005,,170735.36033961608,75.12776426862665,55.89065716728685,,54.17817904030109,3570.76,7093.87,,40637.64334324078,7278.850000000001,26340.5,,33619.35,,,,,,,,,,,,,,0.0,,75955.47,,,,,,,,,,,,,,75955.47,0.0
328,MAHARASHTRA,Nanded,,3047.8868158648115,3928.2643487191626,0.0,23199.702708817968,124499.6,893271.4,0.0,1017771.0,0.0,1017771.0,6519.51,94951.21,,101470.72,1572.63,0.0,,1572.63,12128.0979,0.0,,12128.0979,2368.28,6345.130000000001,,8713.409999999998,82.80999999999999,190.5,,273.31,2.28,0.0,,2.28,,,,,,,,,22673.620000000006,101486.84,,124160.46,,,,,,,,,,,,,,,,,,,,,,,,,,,,,,,,,22673.620000000006,101486.84,,124160.46,2168.74,8738.41,,34183.53151419103,20504.879999999997,92748.43,,361645.5052622445,1009.1744832000002,2171.1369799999998,,9571.30362096556,0.0,0.0,,0.0,9483.596060000003,25433.339760000003,,106477.83425047316,10492.78,27604.409999999996,,116048.95498837162,51.17211122425493,29.762670915292038,,32.08914622185601,1009.1800000000001,5024.07,,17835.305537526325,10015.35,64006.630000000005,,74021.98000000001,,,,,,,,,,,,,,0.0,,113253.31,,,,,,,,,,,,,,113253.31,0.0
329,MAHARASHTRA,Nandurbar,,3044.1215787444157,4872.738908126171,0.0,25456.60456206249,18153.0,397125.0,0.0,415278.0,0.0,415278.0,1088.89,42585.466306306305,,43674.356306306305,237.97999999999996,0.0,,237.97999999999996,6160.3406,0.0,,6160.3406,516.78,3184.232882882883,,3701.012882882883,198.94,69.30522522522523,,268.2452252252252,31.36,0.0,,31.36,,,,,,,,,8234.29,45839.00441441442,,54073.29441441441,,,,,,,,,,,,,,,,,,,,,,,,,,,,,,,,,8234.29,45839.00441441442,,54073.29441441441,786.1200000000001,4099.931801801801,,17431.20071003524,7448.170000000001,41739.07261261261,,171481.5726671565,778.128495,2176.6896256306304,,10698.16481536684,0.0,0.0,,0.0,2436.32488,15154.539743243244,,62243.89265807549,3214.4399999999996,17331.191621621623,,72941.90631564424,43.15744672852525,41.52270411581816,,42.53629423916209,778.1399999999999,6796.132612612613,,33057.3754641269,4433.83,21592.936756756757,,26026.766756756755,,,,,,,,,,,,,,0.0,,49187.24261261261,,,,,,,,,,,,,,49187.24261261261,0.0
330,MAHARASHTRA,Nashik,,4800.547809888281,5608.598172058107,0.0,58968.63636885148,168478.46,1265020.62,0.0,1433499.08,0.0,1433499.08,9601.893261477344,119798.29465341727,,129400.18791489463,1628.6567031252803,0.0,,1628.6567031252803,25981.738869483237,0.0,,25981.738869483237,4261.981608585525,18583.335869533774,,22845.317478119294,587.2957569750422,2896.9027892310482,,3484.1985462060898,14.934000000000001,0.0,,14.934000000000001,,,,,,,,,42076.45137709724,141278.53331218206,,183354.9846892793,,,,,,,,,,,,,,,,,,,,,,,,,,,,,,,,,42076.45137709724,141278.53331218206,,183354.9846892793,4087.3046624476647,13478.107324646291,,93945.91112329898,37989.14671464958,127800.42598753577,,895748.0159523193,860.0238349187919,2983.094669925546,,21032.22907908019,0.0,0.0,,0.0,17374.86183393603,79550.10451370389,,544158.0970423656,18234.935364331304,82533.20925639522,,565190.9498881643,48.00038153344321,64.57976068440068,,63.097092019487036,880.2306232467824,5481.637545322693,,33814.59681848052,22191.371350318273,52418.389415399455,,74609.76076571773,,,,,,,,,,,,,,0.0,,165789.57270218534,,,,,,,,,,,,,,165789.57270218534,0.0
331,MAHARASHTRA,Osmanabad,,5909.9294593520135,6301.0157889603515,0.0,75955.59005432295,59328.46000000001,727796.78,0.0,787125.24,0.0,787125.24,4192.137706795883,66893.92278635585,,71086.06049315172,34.95121971501351,0.0,,34.95121971501351,762.0495287401103,6.38,,768.4295287401103,954.278998255151,11576.475610142834,,12530.754608397985,599.3348729376708,801.9410798346815,,1401.2759527723522,280.4233231892615,0.0,,280.4233231892615,,,,,,,,,6823.13806756049,79278.71947633335,,86101.85754389384,,,,,,,,,,,,,,,,,,,,,,,,,,,,,,,,,6823.13806756049,79278.71947633335,,86101.85754389384,660.2959321011258,7788.762765829821,,51208.67028586361,6162.842135459362,71489.95671050354,,471068.04641684826,422.4452354085593,2399.681237270528,,18620.750744777157,0.0,0.0,,0.0,3835.167702055435,46675.741424316744,,286549.6688851594,4257.618535161302,49075.44855791985,,305170.5907202729,69.08530904376234,68.64663347978993,,64.78269817737274,422.4576365268204,3116.4267826622045,,22016.777187506654,2836.4336002980604,22549.286775820343,,25385.720376118403,,,,,,,,,,,,,,0.0,,77652.7988459629,,,,,,,,,,,,,,77652.7988459629,0.0
332,MAHARASHTRA,Palghar,,8140.019809862352,6731.84827809419,0.0,45359.28016287805,17620.0,222391.0,0.0,240011.0,0.0,240011.0,1014.6,18473.46,,19488.06,253.57,0.0,,253.57,1609.8950719999998,0.0,,1609.8950719999998,123.41,687.9300000000001,,811.3399999999999,262.82,6.43,,269.25,0.4,0.0,,0.4,,,,,,,,,3264.7200000000003,19167.82,,22432.54,,,,,,,,,,,,,,,,,,,,,,,,,,,,,,,,,3264.7200000000003,19167.82,,22432.54,320.89,1899.29,,7078.996439072603,2943.83,17268.53,,64055.306588384876,104.19390999999999,700.18534,,2761.9752280725234,0.0,0.0,,0.0,493.698,2751.7230000000004,,11017.19537390552,597.92,3451.92,,13779.390078606637,20.310955455987607,19.989657486769286,,21.511707323722728,104.20999999999998,2489.1099999999997,,8320.69149182158,2345.91,12543.36,,14889.27,,,,,,,,,,,,,,0.0,,20212.36,,,,,,,,,,,,,,20212.36,0.0
333,MAHARASHTRA,Parbhani,,3361.797885245253,4041.287341463708,0.0,23854.32899172183,253138.0,368262.0,0.0,621400.0,0.0,621400.0,14380.48,37539.170000000006,,51919.65000000001,240.56,0.0,,240.56,29481.4483,0.0,,29481.4483,4224.910000000001,4680.4800000000005,,8905.39,6.89,91.9,,98.79,12.400000000000002,0.0,,12.400000000000002,,,,,,,,,48346.69,42311.55,,90658.24,,,,,,,,,,,,,,,,,,,,,,,,,,,,,,,,,48346.69,42311.55,,90658.24,4690.49,4098.43,,31072.824351999225,43656.2,38213.12,,288824.1560002329,977.33775,1101.36296,,6606.350421541118,0.0,0.0,,0.0,16899.627360000002,18862.05146,,119487.08282355667,17876.95,19963.42,,126093.39426700624,40.949395503960496,52.24231886849333,,43.657495970283236,1055.76,1788.37,,9161.620293470287,25705.36,17736.940000000002,,43442.3,,,,,,,,,,,,,,0.0,,81869.32,,,,,,,,,,,,,,81869.32,0.0
334,MAHARASHTRA,Pune,,2839.305691583795,5813.830206353638,1190.9692702284526,43462.748640697246,340301.10000000003,980770.3099999999,27721.61,1348793.02,0.0,1348793.02,16247.130000000001,78093.34314675286,977.5,95317.97314675286,3329.598155339806,0.0,0.0,3329.598155339806,14446.316667864077,17355.74564,150.0,31952.062307864075,13219.940000000002,17984.012849754617,633.46,31837.412849754615,237.14,470.02,0.0,707.1600000000001,11.629398058252423,0.0,0.0,11.629398058252423,,,,,,,,,47491.77536407767,113903.14599650748,1760.96,163155.8813605852,,,,,,,,,,,,,,,,,,,,,,,,,,,,,,,,,47491.77536407767,113903.14599650748,1760.96,163155.8813605852,4553.7227912621365,10683.515622416284,176.07999999999998,72408.55766054173,42938.05257281553,103219.63037409118,1584.8799999999997,699273.9519010105,2956.705049393204,5304.019411919444,144.686,35975.867126061414,0.0,0.0,0.0,0.0,49613.182676782744,66283.01283756075,2533.768385,561305.2105470465,52569.92507281553,71586.93668089561,2678.42,597280.4735095978,122.43201990510866,69.35399441118751,168.99828378173746,85.22450436115776,3071.1018932038833,5989.496248819736,0.0,39680.38696554069,3933.4375,38091.424228364165,293.43,42024.861728364165,,,,,,,,,,,,,,0.0,0.0,146157.68294690672,1584.8799999999999,,,,,,,,,,,,,146157.68294690672,1584.8799999999999
335,MAHARASHTRA,Raigad,,3622.9374972333826,3908.0907848597626,0.0,14393.320764647728,15294.0,359465.0,0.0,374759.0,0.0,374759.0,1022.1400000000002,46979.19999999999,,48001.33999999999,188.9,0.0,,188.9,3711.8063999999995,0.0,,3711.8063999999995,42.33,676.0600000000002,,718.3899999999999,216.91999999999996,367.9199999999999,,584.8399999999999,19.648000000000003,0.0,,19.648000000000003,,,,,,,,,5201.730000000001,48023.17999999999,,53224.91,,,,,,,,,,,,,,,,,,,,,,,,,,,,,,,,,5201.730000000001,48023.17999999999,,53224.91,518.36,4556.969999999999,,10271.660196726561,4683.370000000001,43466.21000000001,,97447.47980566465,81.58125,2169.27774,,5213.923322525142,0.0,0.0,,0.0,169.302,2704.232,,6922.469218365249,250.88000000000002,4873.53,,12136.46124293323,5.356826387836109,11.212226692872461,,12.454361330982039,81.58,3775.5600000000004,,8594.392884850879,4432.49,36986.409999999996,,41418.899999999994,,,,,,,,,,,,,,0.0,,48149.58000000001,,,,,,,,,,,,,,48149.58000000001,0.0
336,MAHARASHTRA,Ratnagiri,,6420.867481947041,7909.873495427795,0.0,29661.761721830306,6247.0,505060.0,0.0,511307.0,0.0,511307.0,296.21,45444.090000000004,,45740.3,119.78184466019417,0.0,,119.78184466019417,400.52804,0.0,,400.52804,14.440000000000001,564.5230800999443,,578.9630800999444,58.09,75.33771866380631,,133.42771866380633,14.008000000000001,0.0,,14.008000000000001,,,,,,,,,903.0518446601942,46083.95079876375,,46987.00264342395,,,,,,,,,,,,,,,,,,,,,,,,,,,,,,,,,903.0518446601942,46083.95079876375,,46987.00264342395,89.68718446601943,4608.421626138457,,12173.741556489667,813.3646601941748,41475.52917262529,,109575.83270616771,63.877963592233016,1183.575623065265,,3257.1779929406503,0.0,0.0,,0.0,92.664,2437.0686,,6562.918392234324,156.54359223300972,3620.6547278165785,,9820.109794366825,19.24642167212404,8.729616716273956,,8.96193033796044,63.8735922330097,2896.9200000000005,,8127.231556659912,656.821067961165,36141.52172214625,,36798.34279010742,,,,,,,,,,,,,,0.0,,42288.89383281946,,,,,,,,,,,,,,42288.89383281946,0.0
337,MAHARASHTRA,Sangli,,1641.7958430236727,2989.042085787215,2041.5851539043342,18318.302463104064,264476.82,534973.5,43307.92,842758.24,0.0,842758.24,11123.03,32643.100000000006,1203.28,44969.41,2617.88,0.0,0.0,2617.88,41317.93554,17063.2608,0.0,58381.19634,10002.07,6564.16,0.0,16566.23,169.09,354.23,0.0,523.32,0.32,0.0,0.0,0.32,,,,,,,,,65230.369999999995,56624.729999999996,1203.28,123058.38,,,,,,,,,,,,,,,,,,,,,,,,,,,,,,,,,65230.369999999995,56624.729999999996,1203.28,123058.38,6263.150000000001,5269.74,87.88,36971.73058410642,58967.22,51354.99,1115.4,353657.52623782126,1434.918555,1843.31485,38.8725,11898.154951879826,0.0,0.0,0.0,0.0,40016.831999999995,29476.198000000004,0.0,243912.97532977338,41451.75,31319.520000000004,38.870000000000005,255811.23251320084,70.29625951503225,60.986322848081564,3.4848484848484853,72.55086512431694,1434.9199999999998,2535.67,0.0,13556.414257126833,20751.249999999996,23652.420000000006,1115.4,44403.67,,,,,,,,,,,,,,0.0,0.0,110322.20999999999,1115.4,,,,,,,,,,,,,110322.20999999999,1115.4
338,MAHARASHTRA,Satara,,2469.6125087979217,5164.772267095,0.0,25855.135439491703,74325.75,803181.25,0.0,877507.0,0.0,877507.0,5053.759999999999,58159.94,,63213.700000000004,2562.88,0.0,,2562.88,18083.398,14435.869999999999,,32519.268000000007,3716.5099999999993,10111.95,,13828.46,40.53999999999999,253.24,,293.78000000000003,2.97,0.0,,2.97,,,,,,,,,29460.08,82960.99,,112421.06999999999,,,,,,,,,,,,,,,,,,,,,,,,,,,,,,,,,29460.08,82960.99,,112421.06999999999,2895.66,7951.350000000001,,42916.475413703316,26564.42,75009.63999999998,,399629.90570378007,1155.6370700000002,3666.9214,,18257.666167475047,0.0,0.0,,0.0,15621.626,42124.941,,217862.49433426044,16777.260000000002,45791.920000000006,,236120.42622599012,63.15688428356426,61.04804662440723,,59.084773901033074,1155.6399999999999,4191.429999999999,,20138.660267459552,10728.24,30253.340000000004,,40981.58,,,,,,,,,,,,,,0.0,,101574.06,,,,,,,,,,,,,,101574.06,0.0
339,MAHARASHTRA,Sindhudurg,,4013.689760272813,4915.9658415379245,0.0,14827.933292068006,2260.56,277044.94,0.0,279305.5,0.0,279305.5,182.4,25621.39,,25803.790000000005,40.66,0.0,,40.66,334.47108000000003,0.0,,334.47108000000003,38.53,1064.46,,1102.99,100.56,81.82999999999998,,182.39000000000004,0.0,0.0,,0.0,,,,,,,,,696.6199999999999,26767.68,,27464.3,,,,,,,,,,,,,,,,,,,,,,,,,,,,,,,,,696.6199999999999,26767.68,,27464.3,67.87,2604.5499999999997,,5743.880838477397,628.75,24163.129999999997,,52924.3825873922,51.41682,2170.2681,,4845.379771820584,0.0,0.0,,0.0,154.11693,4257.91944,,9523.413715991523,205.52000000000004,6428.22,,14368.86526714802,32.68707753479126,26.603424308026323,,27.149802349458135,51.42,2191.58,,4871.85278063511,423.23,17713.61,,18136.84,,,,,,,,,,,,,,0.0,,24791.879999999997,,,,,,,,,,,,,,24791.879999999997,0.0
340,MAHARASHTRA,Solapur,,2694.9925248982922,4189.764756196762,0.0,26706.88394399134,197286.0,1286604.0,0.0,1483890.0,0.0,1483890.0,8865.39,89181.15999999999,,98046.55,2254.4700000000003,0.0,,2254.4700000000003,68023.2132,6399.344999999999,,74422.5582,6731.08,18833.1,,25564.18,10.21,252.21,,262.42,46.144,0.0,,46.144,,,,,,,,,85930.49,114665.82000000002,,200596.30999999997,,,,,,,,,,,,,,,,,,,,,,,,,,,,,,,,,85930.49,114665.82000000002,,200596.30999999997,8033.379999999999,11032.449999999999,,94237.90806168814,77897.11,103633.37,,887487.6182960165,1146.04588,3734.7716100000007,,23834.844049479194,0.0,0.0,,0.0,27135.764070000005,75576.06159,,508051.3049120852,28281.8,79310.85,,531886.1086567476,36.3066100911831,76.53022380725437,,59.93166526401499,1159.3399999999997,4786.34,,29321.287849577042,53954.27000000001,27452.600000000002,,81406.87000000001,,,,,,,,,,,,,,0.0,,181530.47999999998,,,,,,,,,,,,,,181530.47999999998,0.0
341,MAHARASHTRA,Thane,,6632.090555385482,7791.853376926993,0.0,29992.499877326398,10493.0,259029.0,0.0,269522.0,0.0,269522.0,76.25999999999999,19893.903408464135,,19970.163408464137,45.82,0.0,,45.82,1636.9331999999997,0.0,,1636.9331999999997,11.13,351.0482893792755,,362.1782893792755,123.4,92.27000000000001,,215.67000000000002,2.5599999999999996,0.0,,2.5599999999999996,,,,,,,,,1896.07,20337.221697843408,,22233.291697843408,,,,,,,,,,,,,,,,,,,,,,,,,,,,,,,,,1896.07,20337.221697843408,,22233.291697843408,187.49,1915.4471304405338,,5376.05270865459,1708.58,18421.774567402877,,50747.685109935504,46.69883,664.3549786334853,,1915.4049826847113,0.0,0.0,,0.0,44.459999999999994,1404.2292251449257,,3397.8855088145974,91.14,2068.5914724858926,,5313.2316776159505,5.3342541759823945,11.229056489195356,,10.469899594643211,46.7,3390.967628003541,,7833.011899632798,1617.44,14902.058198718489,,16519.498198718487,,,,,,,,,,,,,,0.0,,20130.35456740288,,,,,,,,,,,,,,20130.35456740288,0.0
342,MAHARASHTRA,Wardha,,4232.556834268515,7530.775220434029,0.0,66342.48069246545,205586.83000000002,457515.73000000004,0.0,663102.56,0.0,663102.56,14026.852000622332,47027.11023048425,,61053.962231106576,1200.455925864095,0.0,,1200.455925864095,7780.373631918055,0.0,,7780.373631918055,3461.4824317620105,7442.984786332445,,10904.467218094456,66.2455040197508,294.19342797873213,,360.438931998483,7.799999999999999,0.0,,7.799999999999999,,,,,,,,,26543.232460073013,54764.28844479542,,81307.52090486845,,,,,,,,,,,,,,,,,,,,,,,,,,,,,,,,,26543.232460073013,54764.28844479542,,81307.52090486845,2351.693380624795,4676.643366793845,,37001.233948190566,24191.539079448223,50087.64507800157,,390016.831883953,1400.4363071166138,2894.8233437225417,,23878.997075036765,0.0,0.0,,0.0,14032.40489723773,29771.98950245458,,245372.60925371377,15432.94251970439,32666.84627828681,,269252.34925031126,63.79479399396855,65.21936942216922,,69.03608440428171,1400.4306850938635,3210.293410915835,,25483.207799593525,10936.448506449973,17451.413097032084,,28387.86160348206,,,,,,,,,,,,,,0.0,,74279.1841574498,,,,,,,,,,,,,,74279.1841574498,0.0
343,MAHARASHTRA,Washim,,4253.487122109715,5373.888077535019,0.0,42567.224163710445,27347.49,453848.93,0.0,481196.42,0.0,481196.42,2001.2647487764843,43943.71006185026,,45944.97481062674,160.58917893068445,0.0,,160.58917893068445,3995.843364,0.0,,3995.843364,397.94619953638045,6123.5430491843035,,6521.4892487206835,370.2387575100182,482.0859398158502,,852.3246973258683,6.624,0.0,,6.624,,,,,,,,,6932.4876770137,50549.339050850416,,57481.826727864114,,,,,,,,,,,,,,,,,,,,,,,,,,,,,,,,,6932.4876770137,50549.339050850416,,57481.826727864114,644.4984032568668,4458.729104259888,,24022.30492049743,6287.989273756833,46090.60994659053,,256217.66634607347,590.721187869382,1657.9715087839427,,10548.085413758772,0.0,0.0,,0.0,1591.6499682052101,24494.116649172043,,138677.13781700013,2182.3657813322043,26152.10282090003,,149225.22556959704,34.706894148824205,56.740630794873184,,58.24158329817835,590.7091764724721,1991.8959836751346,,12018.20425272567,4105.62349242463,20229.12170465067,,24334.745197075303,,,,,,,,,,,,,,0.0,,52378.59922034737,,,,,,,,,,,,,,52378.59922034737,0.0
344,MAHARASHTRA,Yawatmal,,3821.0740310277074,4466.666076088614,0.0,33578.43227546875,191579.96999999997,935226.0299999999,0.0,1126806.0,0.0,1126806.0,13589.754965344087,86598.3087729836,,100188.06373832768,508.95684735045415,0.0,,508.95684735045415,5145.506554921859,0.0,,5145.506554921859,1160.7605634486051,5841.895444514464,,7002.656007963068,67.74727819982986,286.63149705093804,,354.3787752507679,163.8,0.0,,163.8,,,,,,,,,20636.473461055044,92726.835714549,,113363.30917560402,,,,,,,,,,,,,,,,,,,,,,,,,,,,,,,,,20636.473461055044,92726.835714549,,113363.30917560402,1883.5936018049135,7916.33978551107,,43320.49741091012,18752.879859250137,84810.49592903795,,456558.60712392913,932.5854111686292,4894.6528230887225,,25467.253535153122,0.0,0.0,,0.0,4632.969586732068,23367.485626265974,,118274.96666266951,5565.5858439668855,28262.094133666753,,143741.94861223,29.678566096191233,33.323816615002485,,31.48378901839702,932.5992964718745,5268.06483613317,,26938.406222908197,13394.104015283254,56288.328326673836,,69682.43234195709,,,,,,,,,,,,,,0.0,,103563.37578828809,,,,,,,,,,,,,,103563.37578828809,0.0
345,MANIPUR,BISHNUPUR,,0.0,0.0,0.0,0.0,0.0,0.0,0.0,0.0,0.0,0.0,,,,7772.78,,,,,,,,,,,,,,,,,,,,,,,,,,,,,,,,8162.5,,,,,,,,,,,,,,,,,,,,,,,,,,,,,,,,,,,,8162.5,,,,816.25,,,,7346.200000000001,,,,23.950000000000003,,,,0.0,,,,57.19,,,,81.14,,,,1.1045166208379842,,,,,,,,0.0,,,,,,,,,,,,,,,,,,,,,,,,,,,,,,0.0,0.0
346,MANIPUR,CHANDEL,,0.0,0.0,0.0,0.0,0.0,0.0,0.0,0.0,331300.0,331300.0,0.0,0.0,,0.0,0.0,,0.0,0.0,0.0,0.0,0.0,0.0,0.0,0.0,0.0,0.0,,,,,,,,,,,,,,,,,0.0,0.0,0.0,0.0,,,,,,,,,,,,0.0,,,,0.0,,,,,,,,,,,,,,,,0.0,0.0,0.0,0.0,0.0,0.0,0.0,0.0,0.0,0.0,0.0,0.0,0.0,,,,0.0,,,,0.0,,,,0.0,,,,,,,,,,,0.0,0.0,0.0,0.0,0.0,0.0,,,,,,,,,,,,,,0.0,0.0,0.0,0.0,0.0,,0.0,,0.0,,,,,,,,0.0,0.0
347,MANIPUR,CHURACHANPUR,,0.0,0.0,0.0,0.0,0.0,0.0,0.0,0.0,0.0,0.0,,,,5030.365,,,,,,,,,,,,,,,,,,,,,,,,,,,,,,,,5502.4,,,,,,,,,,,,,,,,,,,,,,,,,,,,,,,,,,,,5502.4,,,,550.24,,,,4952.19,,,,19.96,,,,0.0,,,,75.25,,,,95.21,,,,1.9225837457771209,,,,,,,,0.0,,,,,,,,,,,,,,,,,,,,,,,,,,,,,,0.0,0.0
348,MANIPUR,IMPHAL EAST,,0.0,0.0,0.0,0.0,0.0,0.0,0.0,0.0,0.0,0.0,,,,11110.69,,,,,,,,,,,,,,,,,,,,,,,,,,,,,,,,11605.6,,,,,,,,,,,,,,,,,,,,,,,,,,,,,,,,,,,,11605.6,,,,1160.56,,,,10445.03,,,,36.93,,,,18.0,,,,33.11,,,,88.03999999999999,,,,0.8428889146321265,,,,,,,,0.0,,,,,,,,,,,,,,,,,,,,,,,,,,,,,,0.0,0.0
349,MANIPUR,IMPHAL WEST,,0.0,0.0,0.0,0.0,0.0,0.0,0.0,0.0,0.0,0.0,,,,8133.21,,,,,,,,,,,,,,,,,,,,,,,,,,,,,,,,8729.2,,,,,,,,,,,,,,,,,,,,,,,,,,,,,,,,,,,,8729.2,,,,872.9200000000001,,,,7856.299999999999,,,,54.89,,,,6.0,,,,105.35,,,,166.24,,,,2.116008808217609,,,,,,,,0.0,,,,,,,,,,,,,,,,,,,,,,,,,,,,,,0.0,0.0
350,MANIPUR,SENAPATI,,0.0,0.0,0.0,0.0,0.0,0.0,0.0,0.0,327100.0,327100.0,0.0,0.0,,0.0,0.0,,0.0,0.0,0.0,0.0,0.0,0.0,0.0,0.0,0.0,0.0,,,,,,,,,,,,,,,,,0.0,0.0,0.0,0.0,,,,,,,,,,,,0.0,,,,0.0,,,,,,,,,,,,,,,,0.0,0.0,0.0,0.0,0.0,0.0,0.0,0.0,0.0,0.0,0.0,0.0,0.0,,,,0.0,,,,0.0,,,,0.0,,,,,,,,,,,0.0,0.0,0.0,0.0,0.0,0.0,,,,,,,,,,,,,,0.0,0.0,0.0,0.0,0.0,,0.0,,0.0,,,,,,,,0.0,0.0
351,MANIPUR,TAMENGLONG,,0.0,0.0,0.0,0.0,0.0,0.0,0.0,0.0,439099.99999999994,439099.99999999994,0.0,0.0,,0.0,0.0,,0.0,0.0,0.0,0.0,0.0,0.0,0.0,0.0,0.0,0.0,,,,,,,,,,,,,,,,,0.0,0.0,0.0,0.0,,,,,,,,,,,,0.0,,,,0.0,,,,,,,,,,,,,,,,0.0,0.0,0.0,0.0,0.0,0.0,0.0,0.0,0.0,0.0,0.0,0.0,0.0,,,,0.0,,,,0.0,,,,0.0,,,,,,,,,,,0.0,0.0,0.0,0.0,0.0,0.0,,,,,,,,,,,,,,0.0,0.0,0.0,0.0,0.0,,0.0,,0.0,,,,,,,,0.0,0.0
352,MANIPUR,THOUBAL,,0.0,0.0,0.0,0.0,0.0,0.0,0.0,0.0,0.0,0.0,,,,8054.860000000001,,,,,,,,,,,,,,,,,,,,,,,,,,,,,,,,8991.8,,,,,,,,,,,,,,,,,,,,,,,,,,,,,,,,,,,,8991.8,,,,899.1800000000001,,,,8092.63,,,,35.93,,,,0.0,,,,90.3,,,,126.23,,,,1.5598143001718847,,,,,,,,0.0,,,,,,,,,,,,,,,,,,,,,,,,,,,,,,0.0,0.0
353,MANIPUR,UKHRUL,,0.0,0.0,0.0,0.0,0.0,0.0,0.0,0.0,454400.0,454400.0,0.0,0.0,,0.0,0.0,,0.0,0.0,0.0,0.0,0.0,0.0,0.0,0.0,0.0,0.0,,,,,,,,,,,,,,,,,0.0,0.0,0.0,0.0,,,,,,,,,,,,0.0,,,,0.0,,,,,,,,,,,,,,,,0.0,0.0,0.0,0.0,0.0,0.0,0.0,0.0,0.0,0.0,0.0,0.0,0.0,,,,0.0,,,,0.0,,,,0.0,,,,,,,,,,,0.0,0.0,0.0,0.0,0.0,0.0,,,,,,,,,,,,,,0.0,0.0,0.0,0.0,0.0,,0.0,,0.0,,,,,,,,0.0,0.0
354,MEGHALAYA,EAST GARO HILLS,,,,,,0.0,0.0,0.0,0.0,0.0,0.0,,,,4759.746,,,,,,,,,,,,,,,,,,,,,,,,,,,,,,,,4833.126,,,,,,,,,,,,,,,,,,,,,,,,,,,,,,,,,,,,4833.126,,,,483.313,,,,4349.813,,,,20.42,,,,0.0,,,,0.0,,,,20.42,,,,0.47,,,,,,,,0.0,,,,,,,,,,,,,,,,,,,,,,,,,,,,,,0.0,0.0
355,MEGHALAYA,EAST JAINTIA HILLS,,,,,,0.0,0.0,0.0,0.0,0.0,0.0,,,,18014.622,,,,,,,,,,,,,,,,,,,,,,,,,,,,,,,,18047.678,,,,,,,,,,,,,,,,,,,,,,,,,,,,,,,,,,,,18047.678,,,,1804.768,,,,16242.911,,,,50.01,,,,4.0,,,,0.0,,,,54.01,,,,0.33,,,,,,,,0.0,,,,,,,,,,,,,,,,,,,,,,,,,,,,,,0.0,0.0
356,MEGHALAYA,EAST KHASI HILLS,,,,,,0.0,0.0,0.0,0.0,0.0,0.0,,,,10425.301,,,,,,,,,,,,,,,,,,,,,,,,,,,,,,,,10632.223,,,,,,,,,,,,,,,,,,,,,,,,,,,,,,,,,,,,10632.223,,,,1063.222,,,,9569.0,,,,224.61,,,,10.0,,,,0.0,,,,234.61,,,,2.45,,,,,,,,0.0,,,,,,,,,,,,,,,,,,,,,,,,,,,,,,0.0,0.0
357,MEGHALAYA,NORTH GARO HILLS,,,,,,0.0,0.0,0.0,0.0,0.0,0.0,,,,15847.622,,,,,,,,,,,,,,,,,,,,,,,,,,,,,,,,15944.113,,,,,,,,,,,,,,,,,,,,,,,,,,,,,,,,,,,,15944.113,,,,1594.411,,,,14349.701,,,,24.3,,,,0.0,,,,51.0,,,,75.3,,,,0.52,,,,,,,,0.0,,,,,,,,,,,,,,,,,,,,,,,,,,,,,,0.0,0.0
358,MEGHALAYA,RI BHOI,,,,,,0.0,0.0,0.0,0.0,0.0,0.0,,,,12574.789,,,,,,,,,,,,,,,,,,,,,,,,,,,,,,,,12905.676,,,,,,,,,,,,,,,,,,,,,,,,,,,,,,,,,,,,12905.676,,,,1290.568,,,,11615.108,,,,55.548,,,,10.0,,,,0.0,,,,65.548,,,,0.56,,,,,,,,0.0,,,,,,,,,,,,,,,,,,,,,,,,,,,,,,0.0,0.0
359,MEGHALAYA,SOUTH GARO HILLS,,,,,,0.0,0.0,0.0,0.0,0.0,0.0,,,,10064.771,,,,,,,,,,,,,,,,,,,,,,,,,,,,,,,,10152.057,,,,,,,,,,,,,,,,,,,,,,,,,,,,,,,,,,,,10152.057,,,,1015.206,,,,9136.851,,,,9.324,,,,0.0,,,,0.0,,,,9.324,,,,0.1,,,,,,,,0.0,,,,,,,,,,,,,,,,,,,,,,,,,,,,,,0.0,0.0
360,MEGHALAYA,SOUTH WEST GARO HILLS,,,,,,0.0,0.0,0.0,0.0,0.0,0.0,,,,12986.712,,,,,,,,,,,,,,,,,,,,,,,,,,,,,,,,14423.168,,,,,,,,,,,,,,,,,,,,,,,,,,,,,,,,,,,,14423.168,,,,1875.073,,,,12548.095,,,,127.818,,,,0.0,,,,2655.4,,,,2783.218,,,,22.18,,,,,,,,0.0,,,,,,,,,,,,,,,,,,,,,,,,,,,,,,0.0,0.0
361,MEGHALAYA,SOUTH WEST KHASI HILLS,,,,,,0.0,0.0,0.0,0.0,0.0,0.0,,,,12816.887,,,,,,,,,,,,,,,,,,,,,,,,,,,,,,,,12847.183,,,,,,,,,,,,,,,,,,,,,,,,,,,,,,,,,,,,12847.183,,,,1284.718,,,,11562.465,,,,9.01,,,,0.0,,,,0.0,,,,9.01,,,,0.08,,,,,,,,0.0,,,,,,,,,,,,,,,,,,,,,,,,,,,,,,0.0,0.0
362,MEGHALAYA,WEST GARO HILLS,,,,,,0.0,0.0,0.0,0.0,0.0,0.0,,,,32568.412,,,,,,,,,,,,,,,,,,,,,,,,,,,,,,,,33290.025,,,,,,,,,,,,,,,,,,,,,,,,,,,,,,,,,,,,33290.025,,,,3924.118,,,,29365.906,,,,312.768,,,,0.0,,,,102.0,,,,414.768,,,,1.41,,,,,,,,0.0,,,,,,,,,,,,,,,,,,,,,,,,,,,,,,0.0,0.0
363,MEGHALAYA,WEST JAINTIA HILLS,,,,,,0.0,0.0,0.0,0.0,0.0,0.0,,,,16400.611,,,,,,,,,,,,,,,,,,,,,,,,,,,,,,,,16616.898,,,,,,,,,,,,,,,,,,,,,,,,,,,,,,,,,,,,16616.898,,,,1661.69,,,,14955.209,,,,49.33,,,,5.0,,,,5.0,,,,59.33,,,,0.4,,,,,,,,0.0,,,,,,,,,,,,,,,,,,,,,,,,,,,,,,0.0,0.0
364,MEGHALAYA,WEST KHASI HILLS,,,,,,0.0,0.0,0.0,0.0,0.0,0.0,,,,33287.913,,,,,,,,,,,,,,,,,,,,,,,,,,,,,,,,33440.44,,,,,,,,,,,,,,,,,,,,,,,,,,,,,,,,,,,,33440.44,,,,3344.044,,,,30096.396,,,,14.0,,,,0.0,,,,0.0,,,,14.0,,,,0.05,,,,,,,,0.0,,,,,,,,,,,,,,,,,,,,,,,,,,,,,,0.0,0.0
365,MIZORAM,AIZAWL,,0.0,0.0,0.0,0.0,0.0,0.0,0.0,0.0,0.0,0.0,,,,1554.126,,,,,,,,,,,,,,,,,,,,,,,,,,,,,,,,1554.126,,,,,,,,,,,,,,,,,,,,,,,,,,,,,,,,,,,,1554.126,,,,155.414,,,,1398.714,,,,192.93800000000002,,,,0.0,,,,0.0,,,,192.93800000000002,,,,13.793956448566327,,,,,,,,0.0,,,,,,,,,,,,,,,,,,,,,,,,,,,,,,0.0,0.0
366,MIZORAM,CHAMPHAI,,0.0,0.0,0.0,0.0,0.0,0.0,0.0,0.0,0.0,0.0,,,,1526.6100000000001,,,,,,,,,,,,,,,,,,,,,,,,,,,,,,,,1526.609,,,,,,,,,,,,,,,,,,,,,,,,,,,,,,,,,,,,1526.609,,,,152.661,,,,1373.9489999999998,,,,43.885,,,,0.0,,,,0.0,,,,43.885,,,,3.1940778005588277,,,,,,,,0.0,,,,,,,,,,,,,,,,,,,,,,,,,,,,,,0.0,0.0
367,MIZORAM,KOLASIB,,0.0,0.0,0.0,0.0,0.0,0.0,0.0,0.0,0.0,0.0,,,,1981.001,,,,,,,,,,,,,,,,,,,,,,,,,,,,,,,,1981.001,,,,,,,,,,,,,,,,,,,,,,,,,,,,,,,,,,,,1981.001,,,,198.1,,,,1782.9009999999998,,,,29.655,,,,0.0,,,,0.0,,,,29.655,,,,1.6633004300294858,,,,,,,,0.0,,,,,,,,,,,,,,,,,,,,,,,,,,,,,,0.0,0.0
368,MIZORAM,LAWNGTLAI,,0.0,0.0,0.0,0.0,0.0,0.0,0.0,0.0,0.0,0.0,,,,3979.296,,,,,,,,,,,,,,,,,,,,,,,,,,,,,,,,3979.2949999999996,,,,,,,,,,,,,,,,,,,,,,,,,,,,,,,,,,,,3979.2949999999996,,,,397.92900000000003,,,,3581.3650000000002,,,,94.586,,,,0.0,,,,0.0,,,,94.586,,,,2.6410600427490634,,,,,,,,0.0,,,,,,,,,,,,,,,,,,,,,,,,,,,,,,0.0,0.0
369,MIZORAM,LUNGLEI,,0.0,0.0,0.0,0.0,0.0,0.0,0.0,0.0,0.0,0.0,,,,5726.503000000001,,,,,,,,,,,,,,,,,,,,,,,,,,,,,,,,5726.503000000001,,,,,,,,,,,,,,,,,,,,,,,,,,,,,,,,,,,,5726.503000000001,,,,572.65,,,,5153.852999999999,,,,192.642,,,,0.0,,,,0.0,,,,192.642,,,,3.7378248855758986,,,,,,,,0.0,,,,,,,,,,,,,,,,,,,,,,,,,,,,,,0.0,0.0
370,MIZORAM,MAMIT,,0.0,0.0,0.0,0.0,0.0,0.0,0.0,0.0,0.0,0.0,,,,4704.745,,,,,,,,,,,,,,,,,,,,,,,,,,,,,,,,4704.745,,,,,,,,,,,,,,,,,,,,,,,,,,,,,,,,,,,,4704.745,,,,470.475,,,,4234.271000000001,,,,92.38999999999999,,,,0.0,,,,0.0,,,,92.38999999999999,,,,2.1819576498528312,,,,,,,,0.0,,,,,,,,,,,,,,,,,,,,,,,,,,,,,,0.0,0.0
371,MIZORAM,SAIHA,,0.0,0.0,0.0,0.0,0.0,0.0,0.0,0.0,0.0,0.0,,,,817.632,,,,,,,,,,,,,,,,,,,,,,,,,,,,,,,,817.633,,,,,,,,,,,,,,,,,,,,,,,,,,,,,,,,,,,,817.633,,,,81.76299999999999,,,,735.87,,,,39.052,,,,0.0,,,,0.0,,,,39.052,,,,5.306915623683531,,,,,,,,0.0,,,,,,,,,,,,,,,,,,,,,,,,,,,,,,0.0,0.0
372,MIZORAM,SERCHHIP,,0.0,0.0,0.0,0.0,0.0,0.0,0.0,0.0,0.0,0.0,,,,990.8399999999999,,,,,,,,,,,,,,,,,,,,,,,,,,,,,,,,990.8389999999999,,,,,,,,,,,,,,,,,,,,,,,,,,,,,,,,,,,,990.8389999999999,,,,99.084,,,,891.756,,,,46.718,,,,0.0,,,,0.0,,,,46.718,,,,5.23887700222931,,,,,,,,0.0,,,,,,,,,,,,,,,,,,,,,,,,,,,,,,0.0,0.0
373,NAGALAND,Dimapur,,,,,,0.0,0.0,0.0,0.0,0.0,0.0,,,,11687.66,,,,,,,,,,,,,,,,,,,,,,,,,,,,,,,,13184.66,,,,,,,,,,,,,,,,,,,,,,,,,,,,,,,,,,,,13184.66,,,,1318.466,,,,11866.194,,,,753.97,,,,0.57,,,,208.84,,,,963.38,,,,8.12,,,,,,,,0.0,,,,,,,,,,,,,,,,,,,,,,,,,,,,,,0.0,0.0
374,NAGALAND,Kiphire,,,,,,0.0,0.0,0.0,0.0,0.0,0.0,,,,6845.95,,,,,,,,,,,,,,,,,,,,,,,,,,,,,,,,6845.95,,,,,,,,,,,,,,,,,,,,,,,,,,,,,,,,,,,,6845.95,,,,684.595,,,,6161.355,,,,13.62,,,,0.0,,,,0.0,,,,13.62,,,,0.221,,,,,,,,0.0,,,,,,,,,,,,,,,,,,,,,,,,,,,,,,0.0,0.0
375,NAGALAND,Kohima,,,,,,0.0,0.0,0.0,0.0,0.0,0.0,,,,19881.18,,,,,,,,,,,,,,,,,,,,,,,,,,,,,,,,21785.18,,,,,,,,,,,,,,,,,,,,,,,,,,,,,,,,,,,,21785.18,,,,2178.518,,,,19606.662,,,,203.84,,,,0.0,,,,0.0,,,,203.84,,,,1.04,,,,,,,,0.0,,,,,,,,,,,,,,,,,,,,,,,,,,,,,,0.0,0.0
376,NAGALAND,Longleng,,,,,,0.0,0.0,0.0,0.0,0.0,0.0,,,,6025.95,,,,,,,,,,,,,,,,,,,,,,,,,,,,,,,,6025.95,,,,,,,,,,,,,,,,,,,,,,,,,,,,,,,,,,,,6025.95,,,,602.595,,,,5423.355,,,,27.69,,,,0.0,,,,0.0,,,,27.69,,,,0.511,,,,,,,,0.0,,,,,,,,,,,,,,,,,,,,,,,,,,,,,,0.0,0.0
377,NAGALAND,Mokokchung,,,,,,0.0,0.0,0.0,0.0,0.0,0.0,,,,27518.35,,,,,,,,,,,,,,,,,,,,,,,,,,,,,,,,27518.35,,,,,,,,,,,,,,,,,,,,,,,,,,,,,,,,,,,,27518.35,,,,2751.835,,,,24766.515,,,,77.82,,,,0.55,,,,0.0,,,,78.37,,,,0.316,,,,,,,,0.0,,,,,,,,,,,,,,,,,,,,,,,,,,,,,,0.0,0.0
378,NAGALAND,Mon,,,,,,0.0,0.0,0.0,0.0,0.0,0.0,,,,26357.57,,,,,,,,,,,,,,,,,,,,,,,,,,,,,,,,26357.57,,,,,,,,,,,,,,,,,,,,,,,,,,,,,,,,,,,,26357.57,,,,2635.757,,,,23721.813,,,,204.59,,,,0.0,,,,0.0,,,,204.59,,,,0.862,,,,,,,,0.0,,,,,,,,,,,,,,,,,,,,,,,,,,,,,,0.0,0.0
379,NAGALAND,Peren,,,,,,0.0,0.0,0.0,0.0,0.0,0.0,,,,21637.59,,,,,,,,,,,,,,,,,,,,,,,,,,,,,,,,21637.59,,,,,,,,,,,,,,,,,,,,,,,,,,,,,,,,,,,,21637.59,,,,2163.759,,,,19473.831,,,,88.15,,,,0.0,,,,0.0,,,,88.15,,,,0.453,,,,,,,,0.0,,,,,,,,,,,,,,,,,,,,,,,,,,,,,,0.0,0.0
380,NAGALAND,Phek,,,,,,0.0,0.0,0.0,0.0,0.0,0.0,,,,25515.71,,,,,,,,,,,,,,,,,,,,,,,,,,,,,,,,25515.71,,,,,,,,,,,,,,,,,,,,,,,,,,,,,,,,,,,,25515.71,,,,2551.571,,,,22964.139,,,,38.42,,,,0.0,,,,0.0,,,,38.42,,,,0.167,,,,,,,,0.0,,,,,,,,,,,,,,,,,,,,,,,,,,,,,,0.0,0.0
381,NAGALAND,Tuensang,,,,,,0.0,0.0,0.0,0.0,0.0,0.0,,,,28950.579999999998,,,,,,,,,,,,,,,,,,,,,,,,,,,,,,,,28950.58,,,,,,,,,,,,,,,,,,,,,,,,,,,,,,,,,,,,28950.58,,,,2895.058,,,,26055.522,,,,88.78,,,,0.0,,,,0.0,,,,88.78,,,,0.341,,,,,,,,0.0,,,,,,,,,,,,,,,,,,,,,,,,,,,,,,0.0,0.0
382,NAGALAND,Wokha,,,,,,0.0,0.0,0.0,0.0,0.0,0.0,,,,31010.75,,,,,,,,,,,,,,,,,,,,,,,,,,,,,,,,31010.75,,,,,,,,,,,,,,,,,,,,,,,,,,,,,,,,,,,,31010.75,,,,3101.075,,,,27909.675,,,,182.16,,,,0.0,,,,0.0,,,,182.16,,,,0.653,,,,,,,,0.0,,,,,,,,,,,,,,,,,,,,,,,,,,,,,,0.0,0.0
383,NAGALAND,Zunheboto,,,,,,0.0,0.0,0.0,0.0,0.0,0.0,,,,11610.89,,,,,,,,,,,,,,,,,,,,,,,,,,,,,,,,11610.89,,,,,,,,,,,,,,,,,,,,,,,,,,,,,,,,,,,,11610.89,,,,1161.089,,,,10449.801,,,,68.87,,,,2.25,,,,0.0,,,,71.12,,,,0.681,,,,,,,,0.0,,,,,,,,,,,,,,,,,,,,,,,,,,,,,,0.0,0.0
384,ODISHA,ANGUL,,0.0,0.0,0.0,0.0,0.0,0.0,0.0,0.0,0.0,0.0,,,,44880.380000000005,,,,,,,,,,,,,,,,,,,,,,,,,,,,,,,,57965.159999999996,,,,,,,,,,,,,,,,,,,,,,,,,,,,,,,,,,,,57965.159999999996,,,,3266.2999999999997,,,,54698.86,,,,4043.8800000000006,,,,938.6,,,,19842.550000000003,,,,24825.030000000002,,,,45.38491295796659,,,,,,,,0.0,,,,,,,,,,,,,,,,,,,,,,,,,,,,,,0.0,0.0
385,ODISHA,BALASORE,,0.0,0.0,0.0,0.0,0.0,0.0,0.0,0.0,0.0,0.0,,,,81080.60999999999,,,,,,,,,,,,,,,,,,,,,,,,,,,,,,,,120271.41,,,,,,,,,,,,,,,,,,,,,,,,,,,,,,,,,,,,120271.41,,,,8690.38,,,,111581.03,,,,5843.530000000001,,,,892.9,,,,60553.20999999999,,,,67289.64,,,,60.305627219967405,,,,,,,,0.0,,,,,,,,,,,,,,,,,,,,,,,,,,,,,,0.0,0.0
386,ODISHA,BARGARH,,0.0,0.0,0.0,0.0,0.0,0.0,0.0,0.0,0.0,0.0,,,,41177.020000000004,,,,,,,,,,,,,,,,,,,,,,,,,,,,,,,,65333.41,,,,,,,,,,,,,,,,,,,,,,,,,,,,,,,,,,,,65333.41,,,,3266.6800000000003,,,,62066.729999999996,,,,4362.3,,,,297.58,,,,25229.319999999996,,,,29889.199999999997,,,,48.15655666087129,,,,,,,,0.0,,,,,,,,,,,,,,,,,,,,,,,,,,,,,,0.0,0.0
387,ODISHA,BHADRAK,,0.0,0.0,0.0,0.0,0.0,0.0,0.0,0.0,0.0,0.0,,,,21885.92,,,,,,,,,,,,,,,,,,,,,,,,,,,,,,,,48736.38,,,,,,,,,,,,,,,,,,,,,,,,,,,,,,,,,,,,48736.38,,,,4110.93,,,,44625.45,,,,2541.68,,,,315.20000000000005,,,,24476.620000000003,,,,27333.5,,,,61.25092295988052,,,,,,,,0.0,,,,,,,,,,,,,,,,,,,,,,,,,,,,,,0.0,0.0
388,ODISHA,BOLANGIR,,0.0,0.0,0.0,0.0,0.0,0.0,0.0,0.0,0.0,0.0,,,,47604.270000000004,,,,,,,,,,,,,,,,,,,,,,,,,,,,,,,,59683.66,,,,,,,,,,,,,,,,,,,,,,,,,,,,,,,,,,,,59683.66,,,,3592.2999999999997,,,,56091.36,,,,4946.780000000001,,,,218.32000000000002,,,,19884.28,,,,25049.379999999997,,,,44.6581790849785,,,,,,,,0.0,,,,,,,,,,,,,,,,,,,,,,,,,,,,,,0.0,0.0
389,ODISHA,BOUDH,,0.0,0.0,0.0,0.0,0.0,0.0,0.0,0.0,0.0,0.0,,,,16166.23,,,,,,,,,,,,,,,,,,,,,,,,,,,,,,,,23428.49,,,,,,,,,,,,,,,,,,,,,,,,,,,,,,,,,,,,23428.49,,,,1335.09,,,,22093.4,,,,1281.4299999999998,,,,42.04,,,,8556.26,,,,9879.73,,,,44.718015334896386,,,,,,,,0.0,,,,,,,,,,,,,,,,,,,,,,,,,,,,,,0.0,0.0
390,ODISHA,CUTTACK,,0.0,0.0,0.0,0.0,0.0,0.0,0.0,0.0,0.0,0.0,,,,54382.15000000001,,,,,,,,,,,,,,,,,,,,,,,,,,,,,,,,72978.88,,,,,,,,,,,,,,,,,,,,,,,,,,,,,,,,,,,,72978.88,,,,4751.589999999999,,,,68227.28999999998,,,,7385.5599999999995,,,,559.57,,,,20894.680000000004,,,,28839.809999999994,,,,42.27019716010999,,,,,,,,0.0,,,,,,,,,,,,,,,,,,,,,,,,,,,,,,0.0,0.0
391,ODISHA,DEOGARH,,0.0,0.0,0.0,0.0,0.0,0.0,0.0,0.0,0.0,0.0,,,,23859.16,,,,,,,,,,,,,,,,,,,,,,,,,,,,,,,,31095.46,,,,,,,,,,,,,,,,,,,,,,,,,,,,,,,,,,,,31095.46,,,,2295.53,,,,28799.93,,,,910.62,,,,111.6,,,,13300.93,,,,14323.150000000001,,,,49.73328060172369,,,,,,,,0.0,,,,,,,,,,,,,,,,,,,,,,,,,,,,,,0.0,0.0
392,ODISHA,DHENKANAL,,0.0,0.0,0.0,0.0,0.0,0.0,0.0,0.0,0.0,0.0,,,,35116.77,,,,,,,,,,,,,,,,,,,,,,,,,,,,,,,,46290.63,,,,,,,,,,,,,,,,,,,,,,,,,,,,,,,,,,,,46290.63,,,,3328.61,,,,42962.020000000004,,,,3511.5600000000004,,,,290.66999999999996,,,,12266.54,,,,16068.77,,,,37.40226832909626,,,,,,,,0.0,,,,,,,,,,,,,,,,,,,,,,,,,,,,,,0.0,0.0
393,ODISHA,GAJAPATI,,0.0,0.0,0.0,0.0,0.0,0.0,0.0,0.0,0.0,0.0,,,,17813.68,,,,,,,,,,,,,,,,,,,,,,,,,,,,,,,,22572.32,,,,,,,,,,,,,,,,,,,,,,,,,,,,,,,,,,,,22572.32,,,,1808.97,,,,20763.35,,,,2050.05,,,,197.45,,,,4569.710000000001,,,,6817.210000000001,,,,32.83290027861593,,,,,,,,0.0,,,,,,,,,,,,,,,,,,,,,,,,,,,,,,0.0,0.0
394,ODISHA,GANJAM,,0.0,0.0,0.0,0.0,0.0,0.0,0.0,0.0,0.0,0.0,,,,55367.039999999986,,,,,,,,,,,,,,,,,,,,,,,,,,,,,,,,93674.87000000001,,,,,,,,,,,,,,,,,,,,,,,,,,,,,,,,,,,,93674.87000000001,,,,7631.72,,,,86043.15000000001,,,,10151.779999999999,,,,1444.9099999999999,,,,22434.960000000003,,,,34031.65,,,,39.55184114017211,,,,,,,,0.0,,,,,,,,,,,,,,,,,,,,,,,,,,,,,,0.0,0.0
395,ODISHA,JAGATSINGHPUR,,0.0,0.0,0.0,0.0,0.0,0.0,0.0,0.0,0.0,0.0,,,,21806.710000000003,,,,,,,,,,,,,,,,,,,,,,,,,,,,,,,,45793.48,,,,,,,,,,,,,,,,,,,,,,,,,,,,,,,,,,,,45793.48,,,,3911.28,,,,41882.2,,,,2321.0600000000004,,,,474.29999999999995,,,,21174.49,,,,23969.850000000002,,,,57.23159241873637,,,,,,,,0.0,,,,,,,,,,,,,,,,,,,,,,,,,,,,,,0.0,0.0
396,ODISHA,JAJPUR,,0.0,0.0,0.0,0.0,0.0,0.0,0.0,0.0,0.0,0.0,,,,40510.270000000004,,,,,,,,,,,,,,,,,,,,,,,,,,,,,,,,56054.3,,,,,,,,,,,,,,,,,,,,,,,,,,,,,,,,,,,,56054.3,,,,3752.79,,,,52301.509999999995,,,,4538.53,,,,285.15,,,,27047.910000000003,,,,31871.59,,,,60.93818323792182,,,,,,,,0.0,,,,,,,,,,,,,,,,,,,,,,,,,,,,,,0.0,0.0
397,ODISHA,JHARSUGUDA,,0.0,0.0,0.0,0.0,0.0,0.0,0.0,0.0,0.0,0.0,,,,17713.69,,,,,,,,,,,,,,,,,,,,,,,,,,,,,,,,21234.84,,,,,,,,,,,,,,,,,,,,,,,,,,,,,,,,,,,,21234.84,,,,1227.29,,,,20007.55,,,,2217.02,,,,823.05,,,,5616.2699999999995,,,,8656.34,,,,43.26536732383525,,,,,,,,0.0,,,,,,,,,,,,,,,,,,,,,,,,,,,,,,0.0,0.0
398,ODISHA,KALAHANDI,,0.0,0.0,0.0,0.0,0.0,0.0,0.0,0.0,0.0,0.0,,,,49365.509999999995,,,,,,,,,,,,,,,,,,,,,,,,,,,,,,,,69175.09,,,,,,,,,,,,,,,,,,,,,,,,,,,,,,,,,,,,69175.09,,,,4746.500000000001,,,,64428.59,,,,4516.830000000001,,,,722.1899999999999,,,,17276.44,,,,22515.459999999995,,,,34.946380170666465,,,,,,,,0.0,,,,,,,,,,,,,,,,,,,,,,,,,,,,,,0.0,0.0
399,ODISHA,KANDHAMAL,,0.0,0.0,0.0,0.0,0.0,0.0,0.0,0.0,0.0,0.0,,,,31505.69,,,,,,,,,,,,,,,,,,,,,,,,,,,,,,,,38330.63,,,,,,,,,,,,,,,,,,,,,,,,,,,,,,,,,,,,38330.63,,,,3062.629999999999,,,,35267.99999999999,,,,2151.9900000000002,,,,224.84999999999997,,,,6731.75,,,,9108.589999999998,,,,25.826783486446637,,,,,,,,0.0,,,,,,,,,,,,,,,,,,,,,,,,,,,,,,0.0,0.0
400,ODISHA,KENDRAPARA,,0.0,0.0,0.0,0.0,0.0,0.0,0.0,0.0,0.0,0.0,,,,8171.99,,,,,,,,,,,,,,,,,,,,,,,,,,,,,,,,17477.74,,,,,,,,,,,,,,,,,,,,,,,,,,,,,,,,,,,,17477.74,,,,1489.1299999999999,,,,15988.61,,,,1090.17,,,,145.4,,,,9202.83,,,,10438.4,,,,65.28647580996721,,,,,,,,0.0,,,,,,,,,,,,,,,,,,,,,,,,,,,,,,0.0,0.0
401,ODISHA,KEONJHAR,,0.0,0.0,0.0,0.0,0.0,0.0,0.0,0.0,0.0,0.0,,,,74749.21,,,,,,,,,,,,,,,,,,,,,,,,,,,,,,,,90150.77,,,,,,,,,,,,,,,,,,,,,,,,,,,,,,,,,,,,90150.77,,,,6281.879999999999,,,,83868.89,,,,5638.610000000001,,,,436.5999999999999,,,,27433.48,,,,33508.69,,,,39.95365862121223,,,,,,,,0.0,,,,,,,,,,,,,,,,,,,,,,,,,,,,,,0.0,0.0
402,ODISHA,KHURDA,,0.0,0.0,0.0,0.0,0.0,0.0,0.0,0.0,0.0,0.0,,,,30954.51,,,,,,,,,,,,,,,,,,,,,,,,,,,,,,,,47801.41,,,,,,,,,,,,,,,,,,,,,,,,,,,,,,,,,,,,47801.41,,,,3665.18,,,,44136.229999999996,,,,6594.56,,,,0.0,,,,15210.85,,,,21805.410000000003,,,,49.40478604538722,,,,,,,,0.0,,,,,,,,,,,,,,,,,,,,,,,,,,,,,,0.0,0.0
403,ODISHA,KORAPUT,,0.0,0.0,0.0,0.0,0.0,0.0,0.0,0.0,0.0,0.0,,,,43859.76,,,,,,,,,,,,,,,,,,,,,,,,,,,,,,,,51326.4,,,,,,,,,,,,,,,,,,,,,,,,,,,,,,,,,,,,51326.4,,,,3717.9799999999996,,,,47608.420000000006,,,,4101.89,,,,760.0,,,,5783.31,,,,10645.199999999999,,,,22.35991028477735,,,,,,,,0.0,,,,,,,,,,,,,,,,,,,,,,,,,,,,,,0.0,0.0
404,ODISHA,MALKANGIRI,,0.0,0.0,0.0,0.0,0.0,0.0,0.0,0.0,0.0,0.0,,,,25268.3,,,,,,,,,,,,,,,,,,,,,,,,,,,,,,,,32513.89,,,,,,,,,,,,,,,,,,,,,,,,,,,,,,,,,,,,32513.89,,,,2295.05,,,,30218.84,,,,1862.7600000000002,,,,0.0,,,,2986.8200000000006,,,,4849.58,,,,16.048200394191174,,,,,,,,0.0,,,,,,,,,,,,,,,,,,,,,,,,,,,,,,0.0,0.0
405,ODISHA,MAYURBHANJ,,0.0,0.0,0.0,0.0,0.0,0.0,0.0,0.0,0.0,0.0,,,,106944.1,,,,,,,,,,,,,,,,,,,,,,,,,,,,,,,,151023.46,,,,,,,,,,,,,,,,,,,,,,,,,,,,,,,,,,,,151023.46,,,,9470.29,,,,141553.16999999998,,,,7267.93,,,,805.9799999999999,,,,46923.159999999996,,,,54997.07,,,,38.85258804165248,,,,,,,,0.0,,,,,,,,,,,,,,,,,,,,,,,,,,,,,,0.0,0.0
406,ODISHA,NABARANGAPUR,,0.0,0.0,0.0,0.0,0.0,0.0,0.0,0.0,0.0,0.0,,,,53090.83,,,,,,,,,,,,,,,,,,,,,,,,,,,,,,,,59387.34,,,,,,,,,,,,,,,,,,,,,,,,,,,,,,,,,,,,59387.34,,,,3654.6200000000003,,,,55732.719999999994,,,,3524.3799999999997,,,,139.5,,,,12771.400000000001,,,,16435.28,,,,29.489463281174867,,,,,,,,0.0,,,,,,,,,,,,,,,,,,,,,,,,,,,,,,0.0,0.0
407,ODISHA,NAYAGARH,,0.0,0.0,0.0,0.0,0.0,0.0,0.0,0.0,0.0,0.0,,,,30622.910000000003,,,,,,,,,,,,,,,,,,,,,,,,,,,,,,,,40231.77,,,,,,,,,,,,,,,,,,,,,,,,,,,,,,,,,,,,40231.77,,,,3257.1199999999994,,,,36974.65,,,,2962.9000000000005,,,,0.0,,,,10536.220000000001,,,,13499.119999999999,,,,36.509121790199494,,,,,,,,0.0,,,,,,,,,,,,,,,,,,,,,,,,,,,,,,0.0,0.0
408,ODISHA,NUAPADA,,0.0,0.0,0.0,0.0,0.0,0.0,0.0,0.0,0.0,0.0,,,,23288.99,,,,,,,,,,,,,,,,,,,,,,,,,,,,,,,,31858.339999999997,,,,,,,,,,,,,,,,,,,,,,,,,,,,,,,,,,,,31858.339999999997,,,,1612.08,,,,30246.260000000002,,,,1520.1399999999999,,,,102.21,,,,14266.039999999999,,,,15888.39,,,,52.53009793607539,,,,,,,,0.0,,,,,,,,,,,,,,,,,,,,,,,,,,,,,,0.0,0.0
409,ODISHA,PURI,,0.0,0.0,0.0,0.0,0.0,0.0,0.0,0.0,0.0,0.0,,,,37633.18,,,,,,,,,,,,,,,,,,,,,,,,,,,,,,,,66343.65,,,,,,,,,,,,,,,,,,,,,,,,,,,,,,,,,,,,66343.65,,,,5225.869999999999,,,,61117.78,,,,4683.79,,,,0.0,,,,25029.95,,,,29713.74,,,,48.617178176301564,,,,,,,,0.0,,,,,,,,,,,,,,,,,,,,,,,,,,,,,,0.0,0.0
410,ODISHA,RAYAGADA,,0.0,0.0,0.0,0.0,0.0,0.0,0.0,0.0,0.0,0.0,,,,26184.479999999996,,,,,,,,,,,,,,,,,,,,,,,,,,,,,,,,31279.06,,,,,,,,,,,,,,,,,,,,,,,,,,,,,,,,,,,,31279.06,,,,2335.6000000000004,,,,28943.46,,,,2345.0899999999997,,,,568.96,,,,5456.59,,,,8370.640000000001,,,,28.920661178725698,,,,,,,,0.0,,,,,,,,,,,,,,,,,,,,,,,,,,,,,,0.0,0.0
411,ODISHA,SAMBALPUR,,0.0,0.0,0.0,0.0,0.0,0.0,0.0,0.0,0.0,0.0,,,,48131.66,,,,,,,,,,,,,,,,,,,,,,,,,,,,,,,,65715.23,,,,,,,,,,,,,,,,,,,,,,,,,,,,,,,,,,,,65715.23,,,,4913.32,,,,60801.91,,,,3023.3599999999997,,,,883.6199999999999,,,,12173.899999999998,,,,16080.880000000001,,,,26.44798493994679,,,,,,,,0.0,,,,,,,,,,,,,,,,,,,,,,,,,,,,,,0.0,0.0
412,ODISHA,SUBARNAPUR,,0.0,0.0,0.0,0.0,0.0,0.0,0.0,0.0,0.0,0.0,,,,20074.1,,,,,,,,,,,,,,,,,,,,,,,,,,,,,,,,28200.02,,,,,,,,,,,,,,,,,,,,,,,,,,,,,,,,,,,,28200.02,,,,1728.9,,,,26471.119999999995,,,,1777.74,,,,56.96000000000001,,,,9548.8,,,,11383.5,,,,43.00346944141389,,,,,,,,0.0,,,,,,,,,,,,,,,,,,,,,,,,,,,,,,0.0,0.0
413,ODISHA,SUNDARGARH,,0.0,0.0,0.0,0.0,0.0,0.0,0.0,0.0,0.0,0.0,,,,73712.71,,,,,,,,,,,,,,,,,,,,,,,,,,,,,,,,87879.57,,,,,,,,,,,,,,,,,,,,,,,,,,,,,,,,,,,,87879.57,,,,6293.270000000002,,,,81586.3,,,,5586.78,,,,2050.65,,,,21044.279999999995,,,,28681.71,,,,35.15505667005367,,,,,,,,0.0,,,,,,,,,,,,,,,,,,,,,,,,,,,,,,0.0,0.0
414,PUNJAB,Amritsar,,0.0,0.0,0.0,0.0,0.0,0.0,0.0,0.0,0.0,0.0,,,,39045.352,,,,,,,,,,,,,,,,,,,,,,,,,,,,,,,,171592.068,,,,,,,,,,,,,,,,,,,,,,,,,,,,,,,,,,,,171592.068,,,,17159.206,,,,154432.86,,,,9708.417,,,,305.443,,,,217950.255,,,,227964.115,,,,147.6137364806946,,,,,,,,0.0,,,,,,,,,,,,,,,,,,,,,,,,,,,,,,0.0,0.0
415,PUNJAB,Barnala,,0.0,0.0,0.0,0.0,0.0,0.0,0.0,0.0,0.0,0.0,,,,14151.592,,,,,,,,,,,,,,,,,,,,,,,,,,,,,,,,64354.458,,,,,,,,,,,,,,,,,,,,,,,,,,,,,,,,,,,,64354.458,,,,6435.446,,,,57919.012,,,,2339.708,,,,0.0,,,,119753.01000000001,,,,122092.718,,,,210.79903434816876,,,,,,,,0.0,,,,,,,,,,,,,,,,,,,,,,,,,,,,,,0.0,0.0
416,PUNJAB,Bathinda,,0.0,0.0,0.0,0.0,0.0,0.0,0.0,0.0,0.0,0.0,,,,28629.140000000003,,,,,,,,,,,,,,,,,,,,,,,,,,,,,,,,153413.799,,,,,,,,,,,,,,,,,,,,,,,,,,,,,,,,,,,,153413.799,,,,12316.064999999999,,,,141097.734,,,,5449.419,,,,34.655,,,,132148.5,,,,137632.574,,,,97.54414199167792,,,,,,,,0.0,,,,,,,,,,,,,,,,,,,,,,,,,,,,,,0.0,0.0
417,PUNJAB,Faridkot,,0.0,0.0,0.0,0.0,0.0,0.0,0.0,0.0,0.0,0.0,,,,14441.787,,,,,,,,,,,,,,,,,,,,,,,,,,,,,,,,67220.253,,,,,,,,,,,,,,,,,,,,,,,,,,,,,,,,,,,,67220.253,,,,6722.026,,,,60498.22899999999,,,,2424.909,,,,2321.527,,,,96432.07,,,,101178.505,,,,167.24209397931304,,,,,,,,0.0,,,,,,,,,,,,,,,,,,,,,,,,,,,,,,0.0,0.0
418,PUNJAB,Fatehgarh Sahib,,0.0,0.0,0.0,0.0,0.0,0.0,0.0,0.0,0.0,0.0,,,,19335.185999999994,,,,,,,,,,,,,,,,,,,,,,,,,,,,,,,,61699.559,,,,,,,,,,,,,,,,,,,,,,,,,,,,,,,,,,,,61699.559,,,,6169.956,,,,55529.604,,,,2319.8379999999997,,,,842.595,,,,112087.20999999999,,,,115249.64299999998,,,,207.5463080918063,,,,,,,,0.0,,,,,,,,,,,,,,,,,,,,,,,,,,,,,,0.0,0.0
419,PUNJAB,Fazilka,,0.0,0.0,0.0,0.0,0.0,0.0,0.0,0.0,0.0,0.0,,,,23202.371,,,,,,,,,,,,,,,,,,,,,,,,,,,,,,,,102688.59599999999,,,,,,,,,,,,,,,,,,,,,,,,,,,,,,,,,,,,102688.59599999999,,,,10268.859,,,,92419.73499999999,,,,4452.143,,,,158.458,,,,87076.15000000001,,,,91686.74900000001,,,,99.20689450148285,,,,,,,,0.0,,,,,,,,,,,,,,,,,,,,,,,,,,,,,,0.0,0.0
420,PUNJAB,Firozpur,,0.0,0.0,0.0,0.0,0.0,0.0,0.0,0.0,0.0,0.0,,,,25073.374,,,,,,,,,,,,,,,,,,,,,,,,,,,,,,,,137435.529,,,,,,,,,,,,,,,,,,,,,,,,,,,,,,,,,,,,137435.529,,,,13743.552,,,,123691.977,,,,3056.76,,,,118.785,,,,199649.69000000003,,,,202825.232,,,,163.97606127679566,,,,,,,,0.0,,,,,,,,,,,,,,,,,,,,,,,,,,,,,,0.0,0.0
421,PUNJAB,Gurdaspur,,0.0,0.0,0.0,0.0,0.0,0.0,0.0,0.0,0.0,0.0,,,,49741.92,,,,,,,,,,,,,,,,,,,,,,,,,,,,,,,,172752.095,,,,,,,,,,,,,,,,,,,,,,,,,,,,,,,,,,,,172752.095,,,,16655.936,,,,156096.159,,,,6017.927,,,,1045.987,,,,202477.32,,,,209541.22900000002,,,,134.23855547912618,,,,,,,,0.0,,,,,,,,,,,,,,,,,,,,,,,,,,,,,,0.0,0.0
422,PUNJAB,Hoshiarpur,,0.0,0.0,0.0,0.0,0.0,0.0,0.0,0.0,0.0,0.0,,,,57337.683999999994,,,,,,,,,,,,,,,,,,,,,,,,,,,,,,,,94970.13300000002,,,,,,,,,,,,,,,,,,,,,,,,,,,,,,,,,,,,94970.13300000002,,,,9039.216,,,,85930.91699999999,,,,5896.619000000001,,,,1333.8680000000002,,,,84889.62400000001,,,,92120.108,,,,107.20251943779444,,,,,,,,0.0,,,,,,,,,,,,,,,,,,,,,,,,,,,,,,0.0,0.0
423,PUNJAB,Jalandhar,,0.0,0.0,0.0,0.0,0.0,0.0,0.0,0.0,0.0,0.0,,,,43541.907,,,,,,,,,,,,,,,,,,,,,,,,,,,,,,,,130407.645,,,,,,,,,,,,,,,,,,,,,,,,,,,,,,,,,,,,130407.645,,,,13040.764,,,,117366.88,,,,11866.835000000001,,,,397.101,,,,268432.93000000005,,,,280696.865,,,,239.16190410787098,,,,,,,,0.0,,,,,,,,,,,,,,,,,,,,,,,,,,,,,,0.0,0.0
424,PUNJAB,Kapurthala,,0.0,0.0,0.0,0.0,0.0,0.0,0.0,0.0,0.0,0.0,,,,26936.072999999997,,,,,,,,,,,,,,,,,,,,,,,,,,,,,,,,77923.47099999999,,,,,,,,,,,,,,,,,,,,,,,,,,,,,,,,,,,,77923.47099999999,,,,7792.373,,,,70131.098,,,,3029.2560000000003,,,,2389.8810000000003,,,,151500.35,,,,156919.486,,,,223.75164581053616,,,,,,,,0.0,,,,,,,,,,,,,,,,,,,,,,,,,,,,,,0.0,0.0
425,PUNJAB,Ludhiana,,0.0,0.0,0.0,0.0,0.0,0.0,0.0,0.0,0.0,0.0,,,,57006.7,,,,,,,,,,,,,,,,,,,,,,,,,,,,,,,,215436.776,,,,,,,,,,,,,,,,,,,,,,,,,,,,,,,,,,,,215436.776,,,,21543.752,,,,193893.02399999998,,,,12922.732,,,,3407.0660000000003,,,,338377.09,,,,354706.886,,,,182.9394780082444,,,,,,,,0.0,,,,,,,,,,,,,,,,,,,,,,,,,,,,,,0.0,0.0
426,PUNJAB,Mansa,,0.0,0.0,0.0,0.0,0.0,0.0,0.0,0.0,0.0,0.0,,,,21055.423,,,,,,,,,,,,,,,,,,,,,,,,,,,,,,,,114216.01799999998,,,,,,,,,,,,,,,,,,,,,,,,,,,,,,,,,,,,114216.01799999998,,,,11421.598,,,,102794.419,,,,0.0,,,,16.014,,,,145381.41999999998,,,,145397.434,,,,141.44487163257375,,,,,,,,0.0,,,,,,,,,,,,,,,,,,,,,,,,,,,,,,0.0,0.0
427,PUNJAB,Moga,,0.0,0.0,0.0,0.0,0.0,0.0,0.0,0.0,0.0,0.0,,,,25646.817,,,,,,,,,,,,,,,,,,,,,,,,,,,,,,,,119648.12599999999,,,,,,,,,,,,,,,,,,,,,,,,,,,,,,,,,,,,119648.12599999999,,,,11964.813000000002,,,,107683.313,,,,3651.0750000000003,,,,0.0,,,,243449.69999999998,,,,247100.77500000002,,,,229.46988545941193,,,,,,,,0.0,,,,,,,,,,,,,,,,,,,,,,,,,,,,,,0.0,0.0
428,PUNJAB,Muktsar,,0.0,0.0,0.0,0.0,0.0,0.0,0.0,0.0,0.0,0.0,,,,22291.39,,,,,,,,,,,,,,,,,,,,,,,,,,,,,,,,81666.09599999999,,,,,,,,,,,,,,,,,,,,,,,,,,,,,,,,,,,,81666.09599999999,,,,8166.61,,,,73499.486,,,,0.0,,,,2704.846,,,,51943.88,,,,54648.725999999995,,,,74.35252812516266,,,,,,,,0.0,,,,,,,,,,,,,,,,,,,,,,,,,,,,,,0.0,0.0
429,PUNJAB,Pathankot,,0.0,0.0,0.0,0.0,0.0,0.0,0.0,0.0,0.0,0.0,,,,15859.829,,,,,,,,,,,,,,,,,,,,,,,,,,,,,,,,31239.362,,,,,,,,,,,,,,,,,,,,,,,,,,,,,,,,,,,,31239.362,,,,2773.953,,,,28465.409999999996,,,,2499.392,,,,400.92299999999994,,,,18741.519999999997,,,,21641.834000000003,,,,76.0285342807288,,,,,,,,0.0,,,,,,,,,,,,,,,,,,,,,,,,,,,,,,0.0,0.0
430,PUNJAB,Patiala,,0.0,0.0,0.0,0.0,0.0,0.0,0.0,0.0,0.0,0.0,,,,51644.905000000006,,,,,,,,,,,,,,,,,,,,,,,,,,,,,,,,152436.717,,,,,,,,,,,,,,,,,,,,,,,,,,,,,,,,,,,,152436.717,,,,15243.672000000002,,,,137193.04499999998,,,,7010.432000000001,,,,128.702,,,,290318.74,,,,297457.87299999996,,,,216.8170208628287,,,,,,,,0.0,,,,,,,,,,,,,,,,,,,,,,,,,,,,,,0.0,0.0
431,PUNJAB,Rupnagar,,0.0,0.0,0.0,0.0,0.0,0.0,0.0,0.0,0.0,0.0,,,,21236.827,,,,,,,,,,,,,,,,,,,,,,,,,,,,,,,,45078.616,,,,,,,,,,,,,,,,,,,,,,,,,,,,,,,,,,,,45078.616,,,,4507.862,,,,40570.754,,,,2531.6360000000004,,,,1093.7849999999999,,,,44000.270000000004,,,,47625.691000000006,,,,117.38921835172205,,,,,,,,0.0,,,,,,,,,,,,,,,,,,,,,,,,,,,,,,0.0,0.0
432,PUNJAB,Sangrur,,0.0,0.0,0.0,0.0,0.0,0.0,0.0,0.0,0.0,0.0,,,,48077.136000000006,,,,,,,,,,,,,,,,,,,,,,,,,,,,,,,,160097.865,,,,,,,,,,,,,,,,,,,,,,,,,,,,,,,,,,,,160097.865,,,,16009.785000000002,,,,144088.078,,,,6128.984,,,,0.0,,,,368502.31,,,,374631.294,,,,260.0015901384985,,,,,,,,0.0,,,,,,,,,,,,,,,,,,,,,,,,,,,,,,0.0,0.0
433,PUNJAB,Tarn Taran,,0.0,0.0,0.0,0.0,0.0,0.0,0.0,0.0,0.0,0.0,,,,33488.041,,,,,,,,,,,,,,,,,,,,,,,,,,,,,,,,140097.08599999998,,,,,,,,,,,,,,,,,,,,,,,,,,,,,,,,,,,,140097.08599999998,,,,14009.708999999999,,,,126087.379,,,,4149.617,,,,37.166000000000004,,,,188607.13,,,,192793.911,,,,152.9050032834769,,,,,,,,0.0,,,,,,,,,,,,,,,,,,,,,,,,,,,,,,0.0,0.0
434,RAJASTHAN,AJMER,,0.0,0.0,0.0,0.0,0.0,0.0,0.0,0.0,0.0,0.0,,,,31499.642000000003,,,,,,,,,,,,,,,,,,,,,,,,,,,,,,,,39575.600000000006,,,,,,,,,,,,,,,,,,,,,,,,,,,,,,,,,,,,39575.600000000006,,,,3642.1209999999996,,,,35933.48,,,,4978.529,,,,,,,,48623.83,,,,53602.358,,,,149.17107388429955,,,,,,,,0.0,,,,,,,,,,,,,,,,,,,,,,,,,,,,,,0.0,0.0
435,RAJASTHAN,ALWAR,,0.0,0.0,0.0,0.0,0.0,0.0,0.0,0.0,0.0,0.0,,,,75296.45499999999,,,,,,,,,,,,,,,,,,,,,,,,,,,,,,,,84506.704,,,,,,,,,,,,,,,,,,,,,,,,,,,,,,,,,,,,84506.704,,,,7250.579000000001,,,,77256.12400000001,,,,15523.233999999999,,,,,,,,133272.646,,,,148795.88000000003,,,,192.60075744933826,,,,,,,,0.0,,,,,,,,,,,,,,,,,,,,,,,,,,,,,,0.0,0.0
436,RAJASTHAN,BANSWARA,,0.0,0.0,0.0,0.0,0.0,0.0,0.0,0.0,0.0,0.0,,,,11442.426,,,,,,,,,,,,,,,,,,,,,,,,,,,,,,,,20918.157,,,,,,,,,,,,,,,,,,,,,,,,,,,,,,,,,,,,20918.157,,,,1963.995,,,,18954.164,,,,2047.09,,,,,,,,8478.74,,,,10525.83,,,,55.533074421008486,,,,,,,,0.0,,,,,,,,,,,,,,,,,,,,,,,,,,,,,,0.0,0.0
437,RAJASTHAN,BARAN,,0.0,0.0,0.0,0.0,0.0,0.0,0.0,0.0,0.0,0.0,,,,36016.4,,,,,,,,,,,,,,,,,,,,,,,,,,,,,,,,53930.61,,,,,,,,,,,,,,,,,,,,,,,,,,,,,,,,,,,,53930.61,,,,5096.2,,,,48834.409999999996,,,,5754.7699999999995,,,,,,,,52215.36,,,,57970.130000000005,,,,118.7075465844678,,,,,,,,0.0,,,,,,,,,,,,,,,,,,,,,,,,,,,,,,0.0,0.0
438,RAJASTHAN,BARMER,,0.0,0.0,0.0,0.0,0.0,0.0,0.0,0.0,0.0,0.0,,,,27157.470999999994,,,,,,,,,,,,,,,,,,,,,,,,,,,,,,,,30343.621,,,,,,,,,,,,,,,,,,,,,,,,,,,,,,,,,,,,30343.621,,,,2752.4210000000003,,,,27591.205,,,,5130.974999999999,,,,,,,,29153.672,,,,34284.647,,,,124.25933191391965,,,,,,,,0.0,,,,,,,,,,,,,,,,,,,,,,,,,,,,,,0.0,0.0
439,RAJASTHAN,BHARATPUR,,0.0,0.0,0.0,0.0,0.0,0.0,0.0,0.0,0.0,0.0,,,,37256.03400000001,,,,,,,,,,,,,,,,,,,,,,,,,,,,,,,,45525.12700000001,,,,,,,,,,,,,,,,,,,,,,,,,,,,,,,,,,,,45525.12700000001,,,,3891.522,,,,41633.606999999996,,,,6946.865,,,,,,,,42957.441,,,,49904.305,,,,119.86543707346809,,,,,,,,0.0,,,,,,,,,,,,,,,,,,,,,,,,,,,,,,0.0,0.0
440,RAJASTHAN,BHILWARA,,0.0,0.0,0.0,0.0,0.0,0.0,0.0,0.0,0.0,0.0,,,,46128.13599999999,,,,,,,,,,,,,,,,,,,,,,,,,,,,,,,,60211.073,,,,,,,,,,,,,,,,,,,,,,,,,,,,,,,,,,,,60211.073,,,,5848.114,,,,54362.959,,,,4140.445000000001,,,,,,,,71234.43,,,,75374.875,,,,138.65116319367382,,,,,,,,0.0,,,,,,,,,,,,,,,,,,,,,,,,,,,,,,0.0,0.0
441,RAJASTHAN,BIKANER,,0.0,0.0,0.0,0.0,0.0,0.0,0.0,0.0,0.0,0.0,,,,25309.353,,,,,,,,,,,,,,,,,,,,,,,,,,,,,,,,26603.799,,,,,,,,,,,,,,,,,,,,,,,,,,,,,,,,,,,,26603.799,,,,2505.2659999999996,,,,24098.534999999996,,,,7780.14,,,,,,,,33254.168,,,,41034.308,,,,170.27718904904387,,,,,,,,0.0,,,,,,,,,,,,,,,,,,,,,,,,,,,,,,0.0,0.0
442,RAJASTHAN,BUNDI,,0.0,0.0,0.0,0.0,0.0,0.0,0.0,0.0,0.0,0.0,,,,25607.903,,,,,,,,,,,,,,,,,,,,,,,,,,,,,,,,52215.57200000001,,,,,,,,,,,,,,,,,,,,,,,,,,,,,,,,,,,,52215.57200000001,,,,4842.196,,,,47373.376,,,,2621.852,,,,,,,,37377.475,,,,39999.326,,,,84.43418936408503,,,,,,,,0.0,,,,,,,,,,,,,,,,,,,,,,,,,,,,,,0.0,0.0
443,RAJASTHAN,CHITTAURGARH,,0.0,0.0,0.0,0.0,0.0,0.0,0.0,0.0,0.0,0.0,,,,44079.086,,,,,,,,,,,,,,,,,,,,,,,,,,,,,,,,57799.352999999996,,,,,,,,,,,,,,,,,,,,,,,,,,,,,,,,,,,,57799.352999999996,,,,5321.407,,,,52477.946,,,,1557.3299999999997,,,,,,,,71489.31,,,,73046.64,,,,139.1949296186249,,,,,,,,0.0,,,,,,,,,,,,,,,,,,,,,,,,,,,,,,0.0,0.0
444,RAJASTHAN,CHURU,,0.0,0.0,0.0,0.0,0.0,0.0,0.0,0.0,0.0,0.0,,,,12476.703000000001,,,,,,,,,,,,,,,,,,,,,,,,,,,,,,,,12617.693,,,,,,,,,,,,,,,,,,,,,,,,,,,,,,,,,,,,12617.693,,,,1048.807,,,,11568.889000000001,,,,2507.3759999999997,,,,,,,,10251.139000000001,,,,12758.515,,,,110.2829753142242,,,,,,,,0.0,,,,,,,,,,,,,,,,,,,,,,,,,,,,,,0.0,0.0
445,RAJASTHAN,DAUSA,,0.0,0.0,0.0,0.0,0.0,0.0,0.0,0.0,0.0,0.0,,,,22393.417,,,,,,,,,,,,,,,,,,,,,,,,,,,,,,,,25660.743,,,,,,,,,,,,,,,,,,,,,,,,,,,,,,,,,,,,25660.743,,,,2538.015,,,,23122.728000000003,,,,2442.618,,,,,,,,38362.342000000004,,,,40804.959,,,,176.47121481513773,,,,,,,,0.0,,,,,,,,,,,,,,,,,,,,,,,,,,,,,,0.0,0.0
446,RAJASTHAN,DHAULPUR,,0.0,0.0,0.0,0.0,0.0,0.0,0.0,0.0,0.0,0.0,,,,20460.596,,,,,,,,,,,,,,,,,,,,,,,,,,,,,,,,26829.873,,,,,,,,,,,,,,,,,,,,,,,,,,,,,,,,,,,,26829.873,,,,2470.976,,,,24358.898,,,,2977.889,,,,,,,,27560.317,,,,30538.206000000002,,,,125.36776499495174,,,,,,,,0.0,,,,,,,,,,,,,,,,,,,,,,,,,,,,,,0.0,0.0
447,RAJASTHAN,DUNGARPUR,,0.0,0.0,0.0,0.0,0.0,0.0,0.0,0.0,0.0,0.0,,,,8885.85,,,,,,,,,,,,,,,,,,,,,,,,,,,,,,,,14907.914,,,,,,,,,,,,,,,,,,,,,,,,,,,,,,,,,,,,14907.914,,,,1441.4879999999998,,,,13466.427,,,,803.9399999999999,,,,,,,,8043.549,,,,8847.489,,,,65.70034501356595,,,,,,,,0.0,,,,,,,,,,,,,,,,,,,,,,,,,,,,,,0.0,0.0
448,RAJASTHAN,GANGANAGAR,,0.0,0.0,0.0,0.0,0.0,0.0,0.0,0.0,0.0,0.0,,,,2886.563,,,,,,,,,,,,,,,,,,,,,,,,,,,,,,,,45471.015,,,,,,,,,,,,,,,,,,,,,,,,,,,,,,,,,,,,45471.015,,,,4547.103,,,,40923.91499999999,,,,701.4,,,,,,,,15048.985,,,,15750.384999999998,,,,38.48699470712907,,,,,,,,0.0,,,,,,,,,,,,,,,,,,,,,,,,,,,,,,0.0,0.0
449,RAJASTHAN,HANUMANGARH,,0.0,0.0,0.0,0.0,0.0,0.0,0.0,0.0,0.0,0.0,,,,3203.571,,,,,,,,,,,,,,,,,,,,,,,,,,,,,,,,21019.924,,,,,,,,,,,,,,,,,,,,,,,,,,,,,,,,,,,,21019.924,,,,1972.4639999999997,,,,19047.461,,,,804.3,,,,,,,,11596.723,,,,12401.023,,,,65.10591096629625,,,,,,,,0.0,,,,,,,,,,,,,,,,,,,,,,,,,,,,,,0.0,0.0
450,RAJASTHAN,JAIPUR,,0.0,0.0,0.0,0.0,0.0,0.0,0.0,0.0,0.0,0.0,,,,70442.60800000001,,,,,,,,,,,,,,,,,,,,,,,,,,,,,,,,79429.655,,,,,,,,,,,,,,,,,,,,,,,,,,,,,,,,,,,,79429.655,,,,7460.030999999999,,,,71969.62299999999,,,,30581.955000000005,,,,,,,,127627.58099999999,,,,158209.534,,,,219.82821002133085,,,,,,,,0.0,,,,,,,,,,,,,,,,,,,,,,,,,,,,,,0.0,0.0
451,RAJASTHAN,JAISALMER,,0.0,0.0,0.0,0.0,0.0,0.0,0.0,0.0,0.0,0.0,,,,6675.665999999999,,,,,,,,,,,,,,,,,,,,,,,,,,,,,,,,6764.24,,,,,,,,,,,,,,,,,,,,,,,,,,,,,,,,,,,,6764.24,,,,676.424,,,,6087.816000000001,,,,2507.253,,,,,,,,15320.954,,,,17828.207000000002,,,,292.8506216350823,,,,,,,,0.0,,,,,,,,,,,,,,,,,,,,,,,,,,,,,,0.0,0.0
452,RAJASTHAN,JALOR,,0.0,0.0,0.0,0.0,0.0,0.0,0.0,0.0,0.0,0.0,,,,41635.13,,,,,,,,,,,,,,,,,,,,,,,,,,,,,,,,53247.59100000001,,,,,,,,,,,,,,,,,,,,,,,,,,,,,,,,,,,,53247.59100000001,,,,5214.998,,,,48032.592000000004,,,,4419.6,,,,,,,,80857.747,,,,85277.347,,,,177.54058952304717,,,,,,,,0.0,,,,,,,,,,,,,,,,,,,,,,,,,,,,,,0.0,0.0
453,RAJASTHAN,JHALAWAR,,0.0,0.0,0.0,0.0,0.0,0.0,0.0,0.0,0.0,0.0,,,,42154.25,,,,,,,,,,,,,,,,,,,,,,,,,,,,,,,,55278.3,,,,,,,,,,,,,,,,,,,,,,,,,,,,,,,,,,,,55278.3,,,,4142.54,,,,51135.76,,,,2379.155,,,,,,,,48876.37599999999,,,,51255.531,,,,100.23422160930042,,,,,,,,0.0,,,,,,,,,,,,,,,,,,,,,,,,,,,,,,0.0,0.0
454,RAJASTHAN,JHUNJHUNU,,0.0,0.0,0.0,0.0,0.0,0.0,0.0,0.0,0.0,0.0,,,,21027.444,,,,,,,,,,,,,,,,,,,,,,,,,,,,,,,,23033.235,,,,,,,,,,,,,,,,,,,,,,,,,,,,,,,,,,,,23033.235,,,,2247.998,,,,20785.237,,,,8484.847,,,,,,,,36766.566,,,,45251.41299999999,,,,217.709391526303,,,,,,,,0.0,,,,,,,,,,,,,,,,,,,,,,,,,,,,,,0.0,0.0
455,RAJASTHAN,JODHPUR,,0.0,0.0,0.0,0.0,0.0,0.0,0.0,0.0,0.0,0.0,,,,42100.981,,,,,,,,,,,,,,,,,,,,,,,,,,,,,,,,43955.224,,,,,,,,,,,,,,,,,,,,,,,,,,,,,,,,,,,,43955.224,,,,4245.17,,,,39710.053,,,,15050.92,,,,,,,,71755.437,,,,86806.357,,,,218.60045616156697,,,,,,,,0.0,,,,,,,,,,,,,,,,,,,,,,,,,,,,,,0.0,0.0
456,RAJASTHAN,KARAULI,,0.0,0.0,0.0,0.0,0.0,0.0,0.0,0.0,0.0,0.0,,,,35541.373999999996,,,,,,,,,,,,,,,,,,,,,,,,,,,,,,,,39700.763999999996,,,,,,,,,,,,,,,,,,,,,,,,,,,,,,,,,,,,39700.763999999996,,,,3852.352,,,,35848.411,,,,5115.96,,,,,,,,51625.623999999996,,,,56741.584,,,,158.282005860734,,,,,,,,0.0,,,,,,,,,,,,,,,,,,,,,,,,,,,,,,0.0,0.0
457,RAJASTHAN,KOTA,,0.0,0.0,0.0,0.0,0.0,0.0,0.0,0.0,0.0,0.0,,,,29272.66,,,,,,,,,,,,,,,,,,,,,,,,,,,,,,,,57319.185,,,,,,,,,,,,,,,,,,,,,,,,,,,,,,,,,,,,57319.185,,,,5582.1,,,,51737.085,,,,6564.629999999999,,,,,,,,46949.046,,,,53513.67600000001,,,,103.4338830647301,,,,,,,,0.0,,,,,,,,,,,,,,,,,,,,,,,,,,,,,,0.0,0.0
458,RAJASTHAN,NAGAUR,,0.0,0.0,0.0,0.0,0.0,0.0,0.0,0.0,0.0,0.0,,,,56062.551999999996,,,,,,,,,,,,,,,,,,,,,,,,,,,,,,,,57354.614,,,,,,,,,,,,,,,,,,,,,,,,,,,,,,,,,,,,57354.614,,,,5212.121000000001,,,,52142.493,,,,14578.752,,,,,,,,86573.31,,,,101152.062,,,,193.99161064278226,,,,,,,,0.0,,,,,,,,,,,,,,,,,,,,,,,,,,,,,,0.0,0.0
459,RAJASTHAN,PALI,,0.0,0.0,0.0,0.0,0.0,0.0,0.0,0.0,0.0,0.0,,,,42904.888999999996,,,,,,,,,,,,,,,,,,,,,,,,,,,,,,,,49796.984000000004,,,,,,,,,,,,,,,,,,,,,,,,,,,,,,,,,,,,49796.984000000004,,,,4240.121,,,,45556.864,,,,3093.541,,,,,,,,54088.677,,,,57182.21800000001,,,,125.51833681967224,,,,,,,,0.0,,,,,,,,,,,,,,,,,,,,,,,,,,,,,,0.0,0.0
460,RAJASTHAN,PRATAPGARH,,0.0,0.0,0.0,0.0,0.0,0.0,0.0,0.0,0.0,0.0,,,,14691.604,,,,,,,,,,,,,,,,,,,,,,,,,,,,,,,,20663.524,,,,,,,,,,,,,,,,,,,,,,,,,,,,,,,,,,,,20663.524,,,,1490.8429999999998,,,,19172.681,,,,519.51,,,,,,,,22976.940000000002,,,,23496.449999999997,,,,122.55171824952387,,,,,,,,0.0,,,,,,,,,,,,,,,,,,,,,,,,,,,,,,0.0,0.0
461,RAJASTHAN,RAJSAMAND,,0.0,0.0,0.0,0.0,0.0,0.0,0.0,0.0,0.0,0.0,,,,8288.453,,,,,,,,,,,,,,,,,,,,,,,,,,,,,,,,11238.182999999999,,,,,,,,,,,,,,,,,,,,,,,,,,,,,,,,,,,,11238.182999999999,,,,1123.819,,,,10114.363999999998,,,,1727.9520000000002,,,,,,,,10550.75,,,,12278.702000000001,,,,121.39865640587983,,,,,,,,0.0,,,,,,,,,,,,,,,,,,,,,,,,,,,,,,0.0,0.0
462,RAJASTHAN,SAWAI MADHOPUR,,0.0,0.0,0.0,0.0,0.0,0.0,0.0,0.0,0.0,0.0,,,,40235.256,,,,,,,,,,,,,,,,,,,,,,,,,,,,,,,,49004.17199999999,,,,,,,,,,,,,,,,,,,,,,,,,,,,,,,,,,,,49004.17199999999,,,,4021.5910000000003,,,,44982.581,,,,10646.89,,,,,,,,49878.329999999994,,,,60525.22,,,,134.55257269475044,,,,,,,,0.0,,,,,,,,,,,,,,,,,,,,,,,,,,,,,,0.0,0.0
463,RAJASTHAN,SIKAR,,0.0,0.0,0.0,0.0,0.0,0.0,0.0,0.0,0.0,0.0,,,,28540.966,,,,,,,,,,,,,,,,,,,,,,,,,,,,,,,,30991.835,,,,,,,,,,,,,,,,,,,,,,,,,,,,,,,,,,,,30991.835,,,,3099.1839999999997,,,,27892.654000000002,,,,8435.526,,,,,,,,41094.912000000004,,,,49530.43800000001,,,,177.57520671930325,,,,,,,,0.0,,,,,,,,,,,,,,,,,,,,,,,,,,,,,,0.0,0.0
464,RAJASTHAN,SIROHI,,0.0,0.0,0.0,0.0,0.0,0.0,0.0,0.0,0.0,0.0,,,,30948.497999999996,,,,,,,,,,,,,,,,,,,,,,,,,,,,,,,,34724.257,,,,,,,,,,,,,,,,,,,,,,,,,,,,,,,,,,,,34724.257,,,,3062.6440000000002,,,,31661.613,,,,1387.52,,,,,,,,31618.645,,,,33006.165,,,,104.24663140188089,,,,,,,,0.0,,,,,,,,,,,,,,,,,,,,,,,,,,,,,,0.0,0.0
465,RAJASTHAN,TONK,,0.0,0.0,0.0,0.0,0.0,0.0,0.0,0.0,0.0,0.0,,,,31072.288,,,,,,,,,,,,,,,,,,,,,,,,,,,,,,,,46186.172999999995,,,,,,,,,,,,,,,,,,,,,,,,,,,,,,,,,,,,46186.172999999995,,,,4440.549,,,,41745.624,,,,7598.608,,,,,,,,31884.156,,,,39482.763,,,,94.57940549648988,,,,,,,,0.0,,,,,,,,,,,,,,,,,,,,,,,,,,,,,,0.0,0.0
466,RAJASTHAN,UDAIPUR,,0.0,0.0,0.0,0.0,0.0,0.0,0.0,0.0,0.0,0.0,,,,26718.645999999997,,,,,,,,,,,,,,,,,,,,,,,,,,,,,,,,43712.958999999995,,,,,,,,,,,,,,,,,,,,,,,,,,,,,,,,,,,,43712.958999999995,,,,4371.2970000000005,,,,39341.662,,,,2616.2799999999997,,,,,,,,37258.03,,,,39874.31,,,,101.35390314725392,,,,,,,,0.0,,,,,,,,,,,,,,,,,,,,,,,,,,,,,,0.0,0.0
467,TAMILNADU,ARIYALUR,,0.0,0.0,0.0,0.0,0.0,0.0,0.0,0.0,0.0,0.0,,,,23796.943,,,,,,,,,,,,,,,,,,,,,,,,,,,,,,,,40752.751000000004,,,,,,,,,,,,,,,,,,,,,,,,,,,,,,,,,,,,40752.751000000004,,,,4075.274999999999,,,,36677.471000000005,,,,2834.1220000000003,,,,,,,,13760.772,,,,16594.894000000004,,,,45.245469623573555,,,,,,,,0.0,,,,,,,,,,,,,,,,,,,,,,,,,,,,,,0.0,0.0
468,TAMILNADU,CHENNAI,,0.0,0.0,0.0,0.0,0.0,0.0,0.0,0.0,0.0,0.0,,,,3680.4060000000004,,,,,,,,,,,,,,,,,,,,,,,,,,,,,,,,4897.329000000001,,,,,,,,,,,,,,,,,,,,,,,,,,,,,,,,,,,,4897.329000000001,,,,489.7289999999999,,,,4407.597,,,,5811.477000000001,,,,,,,,581.497,,,,6392.974000000001,,,,145.0444312399705,,,,,,,,0.0,,,,,,,,,,,,,,,,,,,,,,,,,,,,,,0.0,0.0
469,TAMILNADU,COIMBATORE,,0.0,0.0,0.0,0.0,0.0,0.0,0.0,0.0,0.0,0.0,,,,21966.267000000003,,,,,,,,,,,,,,,,,,,,,,,,,,,,,,,,41491.044000000016,,,,,,,,,,,,,,,,,,,,,,,,,,,,,,,,,,,,41491.044000000016,,,,4149.106,,,,37341.939,,,,5118.8099999999995,,,,,,,,39381.11800000001,,,,44499.928000000014,,,,119.16876624965838,,,,,,,,0.0,,,,,,,,,,,,,,,,,,,,,,,,,,,,,,0.0,0.0
470,TAMILNADU,CUDDALORE,,0.0,0.0,0.0,0.0,0.0,0.0,0.0,0.0,0.0,0.0,,,,57633.725999999995,,,,,,,,,,,,,,,,,,,,,,,,,,,,,,,,158237.193,,,,,,,,,,,,,,,,,,,,,,,,,,,,,,,,,,,,158237.193,,,,15823.698000000002,,,,142413.492,,,,33985.945,,,,,,,,55291.274999999994,,,,89277.21999999999,,,,62.6887373845169,,,,,,,,0.0,,,,,,,,,,,,,,,,,,,,,,,,,,,,,,0.0,0.0
471,TAMILNADU,DHARMAPURI,,0.0,0.0,0.0,0.0,0.0,0.0,0.0,0.0,0.0,0.0,,,,19258.552,,,,,,,,,,,,,,,,,,,,,,,,,,,,,,,,41529.992,,,,,,,,,,,,,,,,,,,,,,,,,,,,,,,,,,,,41529.992,,,,4152.999999999999,,,,37376.99499999999,,,,3476.5589999999997,,,,,,,,43580.174,,,,47056.731999999996,,,,125.89757951381596,,,,,,,,0.0,,,,,,,,,,,,,,,,,,,,,,,,,,,,,,0.0,0.0
472,TAMILNADU,DINDIGUL,,0.0,0.0,0.0,0.0,0.0,0.0,0.0,0.0,0.0,0.0,,,,40502.261,,,,,,,,,,,,,,,,,,,,,,,,,,,,,,,,64001.84100000001,,,,,,,,,,,,,,,,,,,,,,,,,,,,,,,,,,,,64001.84100000001,,,,6400.180999999999,,,,57601.65499999999,,,,2490.3590000000004,,,,,,,,61201.68800000001,,,,63692.046999999984,,,,110.5732934236004,,,,,,,,0.0,,,,,,,,,,,,,,,,,,,,,,,,,,,,,,0.0,0.0
473,TAMILNADU,ERODE,,0.0,0.0,0.0,0.0,0.0,0.0,0.0,0.0,0.0,0.0,,,,21982.601000000002,,,,,,,,,,,,,,,,,,,,,,,,,,,,,,,,68137.06099999997,,,,,,,,,,,,,,,,,,,,,,,,,,,,,,,,,,,,68137.06099999997,,,,6813.708000000001,,,,61323.359000000004,,,,6009.704,,,,,,,,54875.01500000001,,,,60884.719,,,,99.28470976288169,,,,,,,,0.0,,,,,,,,,,,,,,,,,,,,,,,,,,,,,,0.0,0.0
474,TAMILNADU,KANCHEEPURAM,,0.0,0.0,0.0,0.0,0.0,0.0,0.0,0.0,0.0,0.0,,,,14634.961000000003,,,,,,,,,,,,,,,,,,,,,,,,,,,,,,,,44113.67600000001,,,,,,,,,,,,,,,,,,,,,,,,,,,,,,,,,,,,44113.67600000001,,,,4411.365,,,,39702.30799999999,,,,2835.167,,,,,,,,23798.425,,,,26633.592000000004,,,,67.08323354904206,,,,,,,,0.0,,,,,,,,,,,,,,,,,,,,,,,,,,,,,,0.0,0.0
475,TAMILNADU,KANNIYAKUMARI,,0.0,0.0,0.0,0.0,0.0,0.0,0.0,0.0,0.0,0.0,,,,9730.459,,,,,,,,,,,,,,,,,,,,,,,,,,,,,,,,26213.244000000002,,,,,,,,,,,,,,,,,,,,,,,,,,,,,,,,,,,,26213.244000000002,,,,2621.324,,,,23591.920000000002,,,,2098.058,,,,,,,,3915.988,,,,6014.044999999999,,,,25.491969284399058,,,,,,,,0.0,,,,,,,,,,,,,,,,,,,,,,,,,,,,,,0.0,0.0
476,TAMILNADU,KARUR,,0.0,0.0,0.0,0.0,0.0,0.0,0.0,0.0,0.0,0.0,,,,17854.969,,,,,,,,,,,,,,,,,,,,,,,,,,,,,,,,31023.953,,,,,,,,,,,,,,,,,,,,,,,,,,,,,,,,,,,,31023.953,,,,3102.395,,,,27921.556000000004,,,,1040.436,,,,,,,,27539.311999999998,,,,28579.747999999992,,,,102.3572898301226,,,,,,,,0.0,,,,,,,,,,,,,,,,,,,,,,,,,,,,,,0.0,0.0
477,TAMILNADU,KRISHNAGIRI,,0.0,0.0,0.0,0.0,0.0,0.0,0.0,0.0,0.0,0.0,,,,23805.099999999995,,,,,,,,,,,,,,,,,,,,,,,,,,,,,,,,43419.91000000001,,,,,,,,,,,,,,,,,,,,,,,,,,,,,,,,,,,,43419.91000000001,,,,4341.992,,,,39077.92,,,,10810.524000000001,,,,,,,,33417.685,,,,44228.208999999995,,,,113.17953719133465,,,,,,,,0.0,,,,,,,,,,,,,,,,,,,,,,,,,,,,,,0.0,0.0
478,TAMILNADU,MADURAI,,0.0,0.0,0.0,0.0,0.0,0.0,0.0,0.0,0.0,0.0,,,,27874.244,,,,,,,,,,,,,,,,,,,,,,,,,,,,,,,,67115.32100000001,,,,,,,,,,,,,,,,,,,,,,,,,,,,,,,,,,,,67115.32100000001,,,,6711.524,,,,60403.794000000016,,,,3501.567000000001,,,,,,,,39850.439,,,,43352.005999999994,,,,71.77033614809028,,,,,,,,0.0,,,,,,,,,,,,,,,,,,,,,,,,,,,,,,0.0,0.0
479,TAMILNADU,NAGAPATTINAM,,0.0,0.0,0.0,0.0,0.0,0.0,0.0,0.0,0.0,0.0,,,,6844.509000000001,,,,,,,,,,,,,,,,,,,,,,,,,,,,,,,,13179.199000000002,,,,,,,,,,,,,,,,,,,,,,,,,,,,,,,,,,,,13179.199000000002,,,,1317.919,,,,11861.276999999998,,,,957.397,,,,,,,,13913.875000000002,,,,14871.272000000003,,,,125.37665210921223,,,,,,,,0.0,,,,,,,,,,,,,,,,,,,,,,,,,,,,,,0.0,0.0
480,TAMILNADU,NAMAKKAL,,0.0,0.0,0.0,0.0,0.0,0.0,0.0,0.0,0.0,0.0,,,,19946.962999999996,,,,,,,,,,,,,,,,,,,,,,,,,,,,,,,,39123.891,,,,,,,,,,,,,,,,,,,,,,,,,,,,,,,,,,,,39123.891,,,,3912.389,,,,35211.50400000001,,,,2236.0260000000003,,,,,,,,44356.939999999995,,,,46592.96599999999,,,,132.3231350754003,,,,,,,,0.0,,,,,,,,,,,,,,,,,,,,,,,,,,,,,,0.0,0.0
481,TAMILNADU,PERAMBALUR,,0.0,0.0,0.0,0.0,0.0,0.0,0.0,0.0,0.0,0.0,,,,13166.433,,,,,,,,,,,,,,,,,,,,,,,,,,,,,,,,23940.216,,,,,,,,,,,,,,,,,,,,,,,,,,,,,,,,,,,,23940.216,,,,2394.0230000000006,,,,21546.195,,,,1166.931,,,,,,,,24784.28,,,,25951.209000000003,,,,120.44451003993979,,,,,,,,0.0,,,,,,,,,,,,,,,,,,,,,,,,,,,,,,0.0,0.0
482,TAMILNADU,PUDUKKOTTAI,,0.0,0.0,0.0,0.0,0.0,0.0,0.0,0.0,0.0,0.0,,,,43909.091,,,,,,,,,,,,,,,,,,,,,,,,,,,,,,,,96976.96700000003,,,,,,,,,,,,,,,,,,,,,,,,,,,,,,,,,,,,96976.96700000003,,,,9697.697000000002,,,,87279.27,,,,1820.388,,,,,,,,38865.295,,,,40685.683000000005,,,,46.61551706378846,,,,,,,,0.0,,,,,,,,,,,,,,,,,,,,,,,,,,,,,,0.0,0.0
483,TAMILNADU,RAMANATHAPURAM,,0.0,0.0,0.0,0.0,0.0,0.0,0.0,0.0,0.0,0.0,,,,23375.694999999996,,,,,,,,,,,,,,,,,,,,,,,,,,,,,,,,61519.24599999999,,,,,,,,,,,,,,,,,,,,,,,,,,,,,,,,,,,,61519.24599999999,,,,6151.926000000001,,,,55367.320999999996,,,,1403.5309999999997,,,,,,,,5741.161999999999,,,,7144.692999999999,,,,12.904169591300976,,,,,,,,0.0,,,,,,,,,,,,,,,,,,,,,,,,,,,,,,0.0,0.0
484,TAMILNADU,SALEM,,0.0,0.0,0.0,0.0,0.0,0.0,0.0,0.0,0.0,0.0,,,,31001.147999999994,,,,,,,,,,,,,,,,,,,,,,,,,,,,,,,,57878.361000000004,,,,,,,,,,,,,,,,,,,,,,,,,,,,,,,,,,,,57878.361000000004,,,,5787.839,,,,52090.526999999995,,,,4893.781000000001,,,,,,,,67325.918,,,,72219.698,,,,138.64267105610202,,,,,,,,0.0,,,,,,,,,,,,,,,,,,,,,,,,,,,,,,0.0,0.0
485,TAMILNADU,SIVAGANGAI,,0.0,0.0,0.0,0.0,0.0,0.0,0.0,0.0,0.0,0.0,,,,32091.276,,,,,,,,,,,,,,,,,,,,,,,,,,,,,,,,100712.56399999998,,,,,,,,,,,,,,,,,,,,,,,,,,,,,,,,,,,,100712.56399999998,,,,10071.255999999998,,,,90641.30500000002,,,,1404.745,,,,,,,,15813.944999999998,,,,17218.687,,,,18.996512682600937,,,,,,,,0.0,,,,,,,,,,,,,,,,,,,,,,,,,,,,,,0.0,0.0
486,TAMILNADU,THANJAVUR,,0.0,0.0,0.0,0.0,0.0,0.0,0.0,0.0,0.0,0.0,,,,37665.552,,,,,,,,,,,,,,,,,,,,,,,,,,,,,,,,83451.499,,,,,,,,,,,,,,,,,,,,,,,,,,,,,,,,,,,,83451.499,,,,8345.150000000001,,,,75106.345,,,,2470.409,,,,,,,,80316.04999999997,,,,82786.459,,,,110.22565270617284,,,,,,,,0.0,,,,,,,,,,,,,,,,,,,,,,,,,,,,,,0.0,0.0
487,TAMILNADU,THE NILGIRIS,,0.0,0.0,0.0,0.0,0.0,0.0,0.0,0.0,0.0,0.0,,,,8630.867999999999,,,,,,,,,,,,,,,,,,,,,,,,,,,,,,,,10563.640000000001,,,,,,,,,,,,,,,,,,,,,,,,,,,,,,,,,,,,10563.640000000001,,,,1056.3609999999999,,,,9507.278,,,,820.9730000000001,,,,,,,,1245.72,,,,2066.6929999999998,,,,21.73800955436456,,,,,,,,0.0,,,,,,,,,,,,,,,,,,,,,,,,,,,,,,0.0,0.0
488,TAMILNADU,THENI,,0.0,0.0,0.0,0.0,0.0,0.0,0.0,0.0,0.0,0.0,,,,19203.546,,,,,,,,,,,,,,,,,,,,,,,,,,,,,,,,41264.69999999999,,,,,,,,,,,,,,,,,,,,,,,,,,,,,,,,,,,,41264.69999999999,,,,4126.4710000000005,,,,37138.22899999999,,,,753.8619999999999,,,,,,,,26839.199999999993,,,,27593.061999999998,,,,74.29827092724321,,,,,,,,0.0,,,,,,,,,,,,,,,,,,,,,,,,,,,,,,0.0,0.0
489,TAMILNADU,THIRUVARUR,,0.0,0.0,0.0,0.0,0.0,0.0,0.0,0.0,0.0,0.0,,,,10142.387999999999,,,,,,,,,,,,,,,,,,,,,,,,,,,,,,,,28349.753999999997,,,,,,,,,,,,,,,,,,,,,,,,,,,,,,,,,,,,28349.753999999997,,,,2834.9739999999997,,,,25514.778000000002,,,,1317.693,,,,,,,,22953.837,,,,24271.529000000002,,,,95.12733757667812,,,,,,,,0.0,,,,,,,,,,,,,,,,,,,,,,,,,,,,,,0.0,0.0
490,TAMILNADU,THOOTHUKUDI,,0.0,0.0,0.0,0.0,0.0,0.0,0.0,0.0,0.0,0.0,,,,26293.234000000008,,,,,,,,,,,,,,,,,,,,,,,,,,,,,,,,55811.97800000001,,,,,,,,,,,,,,,,,,,,,,,,,,,,,,,,,,,,55811.97800000001,,,,5581.202000000001,,,,50230.781,,,,1536.558,,,,,,,,21722.402,,,,23258.96,,,,46.3041974203029,,,,,,,,0.0,,,,,,,,,,,,,,,,,,,,,,,,,,,,,,0.0,0.0
491,TAMILNADU,TIRUCHIRAPPALLI,,0.0,0.0,0.0,0.0,0.0,0.0,0.0,0.0,0.0,0.0,,,,28477.003999999997,,,,,,,,,,,,,,,,,,,,,,,,,,,,,,,,68740.02699999999,,,,,,,,,,,,,,,,,,,,,,,,,,,,,,,,,,,,68740.02699999999,,,,6874.005000000001,,,,61866.02199999999,,,,7393.6259999999975,,,,,,,,48016.29400000001,,,,55409.91999999999,,,,89.56438155988113,,,,,,,,0.0,,,,,,,,,,,,,,,,,,,,,,,,,,,,,,0.0,0.0
492,TAMILNADU,TIRUNELVELI,,0.0,0.0,0.0,0.0,0.0,0.0,0.0,0.0,0.0,0.0,,,,19414.880999999998,,,,,,,,,,,,,,,,,,,,,,,,,,,,,,,,50109.06900000001,,,,,,,,,,,,,,,,,,,,,,,,,,,,,,,,,,,,50109.06900000001,,,,5010.906999999998,,,,45098.161,,,,919.9170000000001,,,,,,,,20996.924999999996,,,,21916.842,,,,48.598083633609804,,,,,,,,0.0,,,,,,,,,,,,,,,,,,,,,,,,,,,,,,0.0,0.0
493,TAMILNADU,TIRUPPUR,,0.0,0.0,0.0,0.0,0.0,0.0,0.0,0.0,0.0,0.0,,,,26018.787999999997,,,,,,,,,,,,,,,,,,,,,,,,,,,,,,,,48065.096999999994,,,,,,,,,,,,,,,,,,,,,,,,,,,,,,,,,,,,48065.096999999994,,,,4806.509000000001,,,,43258.586,,,,3255.6009999999997,,,,,,,,48306.429,,,,51562.032000000014,,,,119.19490849747147,,,,,,,,0.0,,,,,,,,,,,,,,,,,,,,,,,,,,,,,,0.0,0.0
494,TAMILNADU,TIRUVALLUR,,0.0,0.0,0.0,0.0,0.0,0.0,0.0,0.0,0.0,0.0,,,,23743.457000000002,,,,,,,,,,,,,,,,,,,,,,,,,,,,,,,,88903.028,,,,,,,,,,,,,,,,,,,,,,,,,,,,,,,,,,,,88903.028,,,,8890.302000000003,,,,80012.722,,,,22194.497,,,,,,,,31730.875,,,,53925.37100000001,,,,67.39599610171993,,,,,,,,0.0,,,,,,,,,,,,,,,,,,,,,,,,,,,,,,0.0,0.0
495,TAMILNADU,TIRUVANNAMALAI,,0.0,0.0,0.0,0.0,0.0,0.0,0.0,0.0,0.0,0.0,,,,44552.865,,,,,,,,,,,,,,,,,,,,,,,,,,,,,,,,117077.64500000005,,,,,,,,,,,,,,,,,,,,,,,,,,,,,,,,,,,,117077.64500000005,,,,11707.766000000001,,,,105369.88000000002,,,,10085.873999999998,,,,,,,,104058.92500000002,,,,114144.79900000003,,,,108.32772989776586,,,,,,,,0.0,,,,,,,,,,,,,,,,,,,,,,,,,,,,,,0.0,0.0
496,TAMILNADU,VELLORE,,0.0,0.0,0.0,0.0,0.0,0.0,0.0,0.0,0.0,0.0,,,,10417.237000000001,,,,,,,,,,,,,,,,,,,,,,,,,,,,,,,,18971.349,,,,,,,,,,,,,,,,,,,,,,,,,,,,,,,,,,,,18971.349,,,,1897.135,,,,17074.214,,,,5177.122999999998,,,,,,,,18865.449999999997,,,,24042.573000000004,,,,140.8121802854293,,,,,,,,0.0,,,,,,,,,,,,,,,,,,,,,,,,,,,,,,0.0,0.0
497,TAMILNADU,VILLUPURAM,,0.0,0.0,0.0,0.0,0.0,0.0,0.0,0.0,0.0,0.0,,,,34465.467,,,,,,,,,,,,,,,,,,,,,,,,,,,,,,,,96552.66900000002,,,,,,,,,,,,,,,,,,,,,,,,,,,,,,,,,,,,96552.66900000002,,,,9655.264,,,,86897.405,,,,3145.4640000000004,,,,,,,,81864.635,,,,85010.099,,,,97.82812156473489,,,,,,,,0.0,,,,,,,,,,,,,,,,,,,,,,,,,,,,,,0.0,0.0
498,TAMILNADU,VIRUDHUNAGAR,,0.0,0.0,0.0,0.0,0.0,0.0,0.0,0.0,0.0,0.0,,,,30207.11799999999,,,,,,,,,,,,,,,,,,,,,,,,,,,,,,,,57512.23300000001,,,,,,,,,,,,,,,,,,,,,,,,,,,,,,,,,,,,57512.23300000001,,,,5751.224,,,,51761.009,,,,1886.0290000000002,,,,,,,,30326.99900000001,,,,32213.028,,,,62.23415776149186,,,,,,,,0.0,,,,,,,,,,,,,,,,,,,,,,,,,,,,,,0.0,0.0
499,TRIPURA,DHALAI,,0.0,0.0,0.0,0.0,0.0,0.0,0.0,0.0,0.0,0.0,,,,19522.63,,,,,,,,,,,,,,,,,,,,,,,,,,,,,,,,23510.43,,,,,,,,,,,,,,,,,,,,,,,,,,,,,,,,,,,,23510.43,,,,5925.8099999999995,,,,17584.620000000003,,,,847.7810000000001,,,,0.0,,,,40.8,,,,888.581,,,,5.053171464609414,,,,,,,,0.0,,,,,,,,,,,,,,,,,,,,,,,,,,,,,,0.0,0.0
500,TRIPURA,GOMATI,,0.0,0.0,0.0,0.0,0.0,0.0,0.0,0.0,0.0,0.0,,,,17576.72,,,,,,,,,,,,,,,,,,,,,,,,,,,,,,,,22994.370000000003,,,,,,,,,,,,,,,,,,,,,,,,,,,,,,,,,,,,22994.370000000003,,,,2846.0,,,,20148.37,,,,828.917,,,,0.06,,,,84.60999999999999,,,,913.5870000000001,,,,4.534297315365959,,,,,,,,0.0,,,,,,,,,,,,,,,,,,,,,,,,,,,,,,0.0,0.0
501,TRIPURA,KHOWAI,,0.0,0.0,0.0,0.0,0.0,0.0,0.0,0.0,0.0,0.0,,,,10133.160000000002,,,,,,,,,,,,,,,,,,,,,,,,,,,,,,,,13817.75,,,,,,,,,,,,,,,,,,,,,,,,,,,,,,,,,,,,13817.75,,,,3003.28,,,,10814.47,,,,611.841,,,,0.0,,,,306.59999999999997,,,,918.4409999999999,,,,8.492704681782834,,,,,,,,0.0,,,,,,,,,,,,,,,,,,,,,,,,,,,,,,0.0,0.0
502,TRIPURA,NORTH TRIPURA,,0.0,0.0,0.0,0.0,0.0,0.0,0.0,0.0,0.0,0.0,,,,11187.580000000002,,,,,,,,,,,,,,,,,,,,,,,,,,,,,,,,14129.789999999999,,,,,,,,,,,,,,,,,,,,,,,,,,,,,,,,,,,,14129.789999999999,,,,3310.93,,,,10818.859999999999,,,,909.445,,,,0.06,,,,32.400000000000006,,,,941.905,,,,8.70613909413746,,,,,,,,0.0,,,,,,,,,,,,,,,,,,,,,,,,,,,,,,0.0,0.0
503,TRIPURA,SEPAHIJALA,,0.0,0.0,0.0,0.0,0.0,0.0,0.0,0.0,0.0,0.0,,,,16187.83,,,,,,,,,,,,,,,,,,,,,,,,,,,,,,,,20609.18,,,,,,,,,,,,,,,,,,,,,,,,,,,,,,,,,,,,20609.18,,,,3817.4300000000003,,,,16791.750000000004,,,,950.894,,,,0.0,,,,704.0500000000001,,,,1654.944,,,,9.85569699405958,,,,,,,,0.0,,,,,,,,,,,,,,,,,,,,,,,,,,,,,,0.0,0.0
504,TRIPURA,SOUTH TRIPURA,,0.0,0.0,0.0,0.0,0.0,0.0,0.0,0.0,0.0,0.0,,,,17770.5,,,,,,,,,,,,,,,,,,,,,,,,,,,,,,,,22264.62,,,,,,,,,,,,,,,,,,,,,,,,,,,,,,,,,,,,22264.62,,,,4165.75,,,,18098.87,,,,876.3420000000001,,,,0.0,,,,172.065,,,,1048.407,,,,5.792665508951663,,,,,,,,0.0,,,,,,,,,,,,,,,,,,,,,,,,,,,,,,0.0,0.0
505,TRIPURA,UNAKOTI,,0.0,0.0,0.0,0.0,0.0,0.0,0.0,0.0,0.0,0.0,,,,11044.970000000001,,,,,,,,,,,,,,,,,,,,,,,,,,,,,,,,14195.25,,,,,,,,,,,,,,,,,,,,,,,,,,,,,,,,,,,,14195.25,,,,1526.8700000000001,,,,12668.38,,,,606.379,,,,0.0,,,,4.81,,,,611.189,,,,4.824523735473676,,,,,,,,0.0,,,,,,,,,,,,,,,,,,,,,,,,,,,,,,0.0,0.0
506,TRIPURA,WEST TRIPURA,,0.0,0.0,0.0,0.0,0.0,0.0,0.0,0.0,0.0,0.0,,,,16757.440000000002,,,,,,,,,,,,,,,,,,,,,,,,,,,,,,,,21046.980000000003,,,,,,,,,,,,,,,,,,,,,,,,,,,,,,,,,,,,21046.980000000003,,,,4081.06,,,,16965.92,,,,2157.434,,,,0.48,,,,624.275,,,,2782.189,,,,16.398692201778626,,,,,,,,0.0,,,,,,,,,,,,,,,,,,,,,,,,,,,,,,0.0,0.0
507,UTTAR PRADESH,AGRA,,0.0,0.0,0.0,0.0,0.0,0.0,0.0,0.0,0.0,0.0,,,,54850.849,,,,,,,,,,,,,,,,,,,,,,,,,,,,,,,,91226.495,,,,,,,,,,,,,,,,,,,,,,,,,,,,,,,,,,,,91226.495,,,,6467.995000000001,,,,84758.50499999999,,,,7654.196000000001,,,,,,,,83464.25800000002,,,,91118.453,,,,107.50361040464318,,,,,,,,0.0,,,,,,,,,,,,,,,,,,,,,,,,,,,,,,0.0,0.0
508,UTTAR PRADESH,ALIGARH,,0.0,0.0,0.0,0.0,0.0,0.0,0.0,0.0,0.0,0.0,,,,52731.462999999996,,,,,,,,,,,,,,,,,,,,,,,,,,,,,,,,95421.144,,,,,,,,,,,,,,,,,,,,,,,,,,,,,,,,,,,,95421.144,,,,6396.629,,,,89024.516,,,,10220.908,,,,,,,,51082.36,,,,61303.268,,,,68.86110787729528,,,,,,,,0.0,,,,,,,,,,,,,,,,,,,,,,,,,,,,,,0.0,0.0
509,UTTAR PRADESH,AMBEDKAR NAGAR,,0.0,0.0,0.0,0.0,0.0,0.0,0.0,0.0,0.0,0.0,,,,48868.08,,,,,,,,,,,,,,,,,,,,,,,,,,,,,,,,79322.261,,,,,,,,,,,,,,,,,,,,,,,,,,,,,,,,,,,,79322.261,,,,4619.927,,,,74702.335,,,,5534.128000000001,,,,,,,,50783.94,,,,56318.068,,,,75.38997007255529,,,,,,,,0.0,,,,,,,,,,,,,,,,,,,,,,,,,,,,,,0.0,0.0
510,UTTAR PRADESH,AMETHI,,0.0,0.0,0.0,0.0,0.0,0.0,0.0,0.0,0.0,0.0,,,,30671.159,,,,,,,,,,,,,,,,,,,,,,,,,,,,,,,,80294.54699999999,,,,,,,,,,,,,,,,,,,,,,,,,,,,,,,,,,,,80294.54699999999,,,,5204.1759999999995,,,,75090.372,,,,4437.783,,,,,,,,43561.74,,,,47999.523,,,,63.922340137028485,,,,,,,,0.0,,,,,,,,,,,,,,,,,,,,,,,,,,,,,,0.0,0.0
511,UTTAR PRADESH,AMROHA,,0.0,0.0,0.0,0.0,0.0,0.0,0.0,0.0,0.0,0.0,,,,32041.93,,,,,,,,,,,,,,,,,,,,,,,,,,,,,,,,49813.35399999999,,,,,,,,,,,,,,,,,,,,,,,,,,,,,,,,,,,,49813.35399999999,,,,2776.317,,,,47037.037,,,,4357.04,,,,,,,,44832.01,,,,49189.05,,,,104.57514575163398,,,,,,,,0.0,,,,,,,,,,,,,,,,,,,,,,,,,,,,,,0.0,0.0
512,UTTAR PRADESH,AURAIYA,,0.0,0.0,0.0,0.0,0.0,0.0,0.0,0.0,0.0,0.0,,,,34096.539000000004,,,,,,,,,,,,,,,,,,,,,,,,,,,,,,,,68851.375,,,,,,,,,,,,,,,,,,,,,,,,,,,,,,,,,,,,68851.375,,,,5566.8820000000005,,,,63284.493,,,,3224.3700000000003,,,,,,,,28326.199999999997,,,,31550.57,,,,49.8551359177358,,,,,,,,0.0,,,,,,,,,,,,,,,,,,,,,,,,,,,,,,0.0,0.0
513,UTTAR PRADESH,AYODHYA,,0.0,0.0,0.0,0.0,0.0,0.0,0.0,0.0,0.0,0.0,,,,44661.052,,,,,,,,,,,,,,,,,,,,,,,,,,,,,,,,91450.384,,,,,,,,,,,,,,,,,,,,,,,,,,,,,,,,,,,,91450.384,,,,5150.425,,,,86299.96100000001,,,,6328.8949999999995,,,,,,,,50701.6,,,,57030.494999999995,,,,66.08403334040904,,,,,,,,0.0,,,,,,,,,,,,,,,,,,,,,,,,,,,,,,0.0,0.0
514,UTTAR PRADESH,AZAMGARH,,0.0,0.0,0.0,0.0,0.0,0.0,0.0,0.0,0.0,0.0,,,,74575.42099999999,,,,,,,,,,,,,,,,,,,,,,,,,,,,,,,,128644.74599999997,,,,,,,,,,,,,,,,,,,,,,,,,,,,,,,,,,,,128644.74599999997,,,,6934.905999999999,,,,121709.83899999999,,,,12123.66,,,,,,,,66875.61,,,,78999.27,,,,64.90787486786505,,,,,,,,0.0,,,,,,,,,,,,,,,,,,,,,,,,,,,,,,0.0,0.0
515,UTTAR PRADESH,BAGPAT,,0.0,0.0,0.0,0.0,0.0,0.0,0.0,0.0,0.0,0.0,,,,17464.062,,,,,,,,,,,,,,,,,,,,,,,,,,,,,,,,40008.795,,,,,,,,,,,,,,,,,,,,,,,,,,,,,,,,,,,,40008.795,,,,2235.2509999999997,,,,37773.546,,,,2495.672,,,,,,,,32572.101,,,,35067.772000000004,,,,92.83685466013702,,,,,,,,0.0,,,,,,,,,,,,,,,,,,,,,,,,,,,,,,0.0,0.0
516,UTTAR PRADESH,BAHRAICH,,0.0,0.0,0.0,0.0,0.0,0.0,0.0,0.0,0.0,0.0,,,,84341.692,,,,,,,,,,,,,,,,,,,,,,,,,,,,,,,,120788.53100000002,,,,,,,,,,,,,,,,,,,,,,,,,,,,,,,,,,,,120788.53100000002,,,,6343.651999999999,,,,114444.883,,,,8747.663,,,,,,,,51267.28999999999,,,,60014.95299999999,,,,52.440049241869545,,,,,,,,0.0,,,,,,,,,,,,,,,,,,,,,,,,,,,,,,0.0,0.0
517,UTTAR PRADESH,BALLIA,,0.0,0.0,0.0,0.0,0.0,0.0,0.0,0.0,0.0,0.0,,,,56701.965,,,,,,,,,,,,,,,,,,,,,,,,,,,,,,,,88152.21399999999,,,,,,,,,,,,,,,,,,,,,,,,,,,,,,,,,,,,88152.21399999999,,,,4729.254,,,,83422.962,,,,7339.6269999999995,,,,,,,,45675.10999999999,,,,53014.737,,,,63.549334294795244,,,,,,,,0.0,,,,,,,,,,,,,,,,,,,,,,,,,,,,,,0.0,0.0
518,UTTAR PRADESH,BALRAMPUR,,0.0,0.0,0.0,0.0,0.0,0.0,0.0,0.0,0.0,0.0,,,,66184.28899999999,,,,,,,,,,,,,,,,,,,,,,,,,,,,,,,,100224.75400000002,,,,,,,,,,,,,,,,,,,,,,,,,,,,,,,,,,,,100224.75400000002,,,,9685.946,,,,90538.80600000001,,,,5488.452,,,,,,,,40778.509999999995,,,,46266.96200000001,,,,51.101802689997925,,,,,,,,0.0,,,,,,,,,,,,,,,,,,,,,,,,,,,,,,0.0,0.0
519,UTTAR PRADESH,BANDA,,0.0,0.0,0.0,0.0,0.0,0.0,0.0,0.0,0.0,0.0,,,,49208.324,,,,,,,,,,,,,,,,,,,,,,,,,,,,,,,,63331.89599999999,,,,,,,,,,,,,,,,,,,,,,,,,,,,,,,,,,,,63331.89599999999,,,,3723.389,,,,59608.505999999994,,,,4037.4659999999994,,,,,,,,36116.285,,,,40153.751000000004,,,,67.36245159373733,,,,,,,,0.0,,,,,,,,,,,,,,,,,,,,,,,,,,,,,,0.0,0.0
520,UTTAR PRADESH,BARABANKI,,0.0,0.0,0.0,0.0,0.0,0.0,0.0,0.0,0.0,0.0,,,,67362.31399999998,,,,,,,,,,,,,,,,,,,,,,,,,,,,,,,,178613.707,,,,,,,,,,,,,,,,,,,,,,,,,,,,,,,,,,,,178613.707,,,,13230.142,,,,165383.565,,,,8130.317,,,,,,,,101396.20000000001,,,,109526.51699999996,,,,66.22575647102538,,,,,,,,0.0,,,,,,,,,,,,,,,,,,,,,,,,,,,,,,0.0,0.0
521,UTTAR PRADESH,BAREILLY,,0.0,0.0,0.0,0.0,0.0,0.0,0.0,0.0,0.0,0.0,,,,88959.096,,,,,,,,,,,,,,,,,,,,,,,,,,,,,,,,135290.88999999998,,,,,,,,,,,,,,,,,,,,,,,,,,,,,,,,,,,,135290.88999999998,,,,7770.409000000001,,,,127520.477,,,,13565.179,,,,,,,,71803.56599999999,,,,85368.745,,,,66.94512678148153,,,,,,,,0.0,,,,,,,,,,,,,,,,,,,,,,,,,,,,,,0.0,0.0
522,UTTAR PRADESH,BASTI,,0.0,0.0,0.0,0.0,0.0,0.0,0.0,0.0,0.0,0.0,,,,61022.378,,,,,,,,,,,,,,,,,,,,,,,,,,,,,,,,75390.886,,,,,,,,,,,,,,,,,,,,,,,,,,,,,,,,,,,,75390.886,,,,3769.545,,,,71621.33899999999,,,,5990.562999999999,,,,,,,,41045.45,,,,47036.01300000001,,,,65.67318296017898,,,,,,,,0.0,,,,,,,,,,,,,,,,,,,,,,,,,,,,,,0.0,0.0
523,UTTAR PRADESH,BIJNOR,,0.0,0.0,0.0,0.0,0.0,0.0,0.0,0.0,0.0,0.0,,,,92208.93,,,,,,,,,,,,,,,,,,,,,,,,,,,,,,,,144056.326,,,,,,,,,,,,,,,,,,,,,,,,,,,,,,,,,,,,144056.326,,,,7705.564999999999,,,,136350.761,,,,7299.206999999999,,,,,,,,86514.45,,,,93813.657,,,,68.80317815021216,,,,,,,,0.0,,,,,,,,,,,,,,,,,,,,,,,,,,,,,,0.0,0.0
524,UTTAR PRADESH,BUDAUN,,0.0,0.0,0.0,0.0,0.0,0.0,0.0,0.0,0.0,0.0,,,,62202.46,,,,,,,,,,,,,,,,,,,,,,,,,,,,,,,,79200.95300000002,,,,,,,,,,,,,,,,,,,,,,,,,,,,,,,,,,,,79200.95300000002,,,,5245.538,,,,73955.41500000001,,,,7754.466,,,,,,,,52041.704999999994,,,,59796.170000000006,,,,80.8543498809384,,,,,,,,0.0,,,,,,,,,,,,,,,,,,,,,,,,,,,,,,0.0,0.0
525,UTTAR PRADESH,BULANDSHAHAR,,0.0,0.0,0.0,0.0,0.0,0.0,0.0,0.0,0.0,0.0,,,,51331.718,,,,,,,,,,,,,,,,,,,,,,,,,,,,,,,,168975.763,,,,,,,,,,,,,,,,,,,,,,,,,,,,,,,,,,,,168975.763,,,,10663.291,,,,158312.47000000003,,,,6574.668,,,,,,,,135089.69,,,,141664.35799999998,,,,89.48401727292863,,,,,,,,0.0,,,,,,,,,,,,,,,,,,,,,,,,,,,,,,0.0,0.0
526,UTTAR PRADESH,CHANDAULI,,0.0,0.0,0.0,0.0,0.0,0.0,0.0,0.0,0.0,0.0,,,,32876.621,,,,,,,,,,,,,,,,,,,,,,,,,,,,,,,,58846.102,,,,,,,,,,,,,,,,,,,,,,,,,,,,,,,,,,,,58846.102,,,,5765.053000000001,,,,53081.048,,,,4283.149,,,,,,,,22462.29,,,,26745.439000000002,,,,50.38604173753314,,,,,,,,0.0,,,,,,,,,,,,,,,,,,,,,,,,,,,,,,0.0,0.0
527,UTTAR PRADESH,CHITRAKOOT,,0.0,0.0,0.0,0.0,0.0,0.0,0.0,0.0,0.0,0.0,,,,29342.820000000003,,,,,,,,,,,,,,,,,,,,,,,,,,,,,,,,39144.877,,,,,,,,,,,,,,,,,,,,,,,,,,,,,,,,,,,,39144.877,,,,2492.0989999999997,,,,36652.779,,,,2502.401,,,,,,,,27475.14,,,,29977.540999999997,,,,81.78790754174464,,,,,,,,0.0,,,,,,,,,,,,,,,,,,,,,,,,,,,,,,0.0,0.0
528,UTTAR PRADESH,DEORIA,,0.0,0.0,0.0,0.0,0.0,0.0,0.0,0.0,0.0,0.0,,,,51764.405,,,,,,,,,,,,,,,,,,,,,,,,,,,,,,,,76786.61899999999,,,,,,,,,,,,,,,,,,,,,,,,,,,,,,,,,,,,76786.61899999999,,,,4107.095,,,,72679.529,,,,7668.376,,,,,,,,39430.308000000005,,,,47098.684,,,,64.80323228291698,,,,,,,,0.0,,,,,,,,,,,,,,,,,,,,,,,,,,,,,,0.0,0.0
529,UTTAR PRADESH,ETAH,,0.0,0.0,0.0,0.0,0.0,0.0,0.0,0.0,0.0,0.0,,,,34466.005,,,,,,,,,,,,,,,,,,,,,,,,,,,,,,,,60714.867,,,,,,,,,,,,,,,,,,,,,,,,,,,,,,,,,,,,60714.867,,,,3525.4099999999994,,,,57189.456999999995,,,,4283.972,,,,,,,,41770.55,,,,46054.522,,,,80.52974169697048,,,,,,,,0.0,,,,,,,,,,,,,,,,,,,,,,,,,,,,,,0.0,0.0
530,UTTAR PRADESH,ETAWAH,,0.0,0.0,0.0,0.0,0.0,0.0,0.0,0.0,0.0,0.0,,,,41906.418000000005,,,,,,,,,,,,,,,,,,,,,,,,,,,,,,,,87867.69499999999,,,,,,,,,,,,,,,,,,,,,,,,,,,,,,,,,,,,87867.69499999999,,,,8786.77,,,,79080.92599999999,,,,3215.507,,,,,,,,27552.559999999998,,,,30768.066999999995,,,,38.90706464413429,,,,,,,,0.0,,,,,,,,,,,,,,,,,,,,,,,,,,,,,,0.0,0.0
531,UTTAR PRADESH,FARRUKHABAD,,0.0,0.0,0.0,0.0,0.0,0.0,0.0,0.0,0.0,0.0,,,,38512.38,,,,,,,,,,,,,,,,,,,,,,,,,,,,,,,,54863.27,,,,,,,,,,,,,,,,,,,,,,,,,,,,,,,,,,,,54863.27,,,,4253.7970000000005,,,,50609.473000000005,,,,3809.61,,,,,,,,34226.520000000004,,,,38036.13,,,,75.1561471505542,,,,,,,,0.0,,,,,,,,,,,,,,,,,,,,,,,,,,,,,,0.0,0.0
532,UTTAR PRADESH,FATEHPUR,,0.0,0.0,0.0,0.0,0.0,0.0,0.0,0.0,0.0,0.0,,,,96118.019,,,,,,,,,,,,,,,,,,,,,,,,,,,,,,,,161058.77899999998,,,,,,,,,,,,,,,,,,,,,,,,,,,,,,,,,,,,161058.77899999998,,,,12554.025,,,,148504.75600000002,,,,6615.369,,,,,,,,97567.5,,,,104182.86899999999,,,,70.15456730557503,,,,,,,,0.0,,,,,,,,,,,,,,,,,,,,,,,,,,,,,,0.0,0.0
533,UTTAR PRADESH,FIROZABAD,,0.0,0.0,0.0,0.0,0.0,0.0,0.0,0.0,0.0,0.0,,,,42881.223,,,,,,,,,,,,,,,,,,,,,,,,,,,,,,,,75664.294,,,,,,,,,,,,,,,,,,,,,,,,,,,,,,,,,,,,75664.294,,,,5033.313,,,,70630.978,,,,6154.168000000001,,,,,,,,72524.95999999999,,,,78679.128,,,,111.3946461282187,,,,,,,,0.0,,,,,,,,,,,,,,,,,,,,,,,,,,,,,,0.0,0.0
534,UTTAR PRADESH,G.B.NAGAR,,0.0,0.0,0.0,0.0,0.0,0.0,0.0,0.0,0.0,0.0,,,,21990.692000000003,,,,,,,,,,,,,,,,,,,,,,,,,,,,,,,,65104.183000000005,,,,,,,,,,,,,,,,,,,,,,,,,,,,,,,,,,,,65104.183000000005,,,,4557.631,,,,60546.55100000001,,,,3893.418,,,,,,,,62501.840000000004,,,,66395.258,,,,109.65985164043448,,,,,,,,0.0,,,,,,,,,,,,,,,,,,,,,,,,,,,,,,0.0,0.0
535,UTTAR PRADESH,GHAZIABAD,,0.0,0.0,0.0,0.0,0.0,0.0,0.0,0.0,0.0,0.0,,,,16326.833999999999,,,,,,,,,,,,,,,,,,,,,,,,,,,,,,,,41143.305,,,,,,,,,,,,,,,,,,,,,,,,,,,,,,,,,,,,41143.305,,,,4114.331,,,,37028.974,,,,11837.439999999999,,,,,,,,35693.32,,,,47530.76,,,,128.3609964456482,,,,,,,,0.0,,,,,,,,,,,,,,,,,,,,,,,,,,,,,,0.0,0.0
536,UTTAR PRADESH,GHAZIPUR,,0.0,0.0,0.0,0.0,0.0,0.0,0.0,0.0,0.0,0.0,,,,66347.49,,,,,,,,,,,,,,,,,,,,,,,,,,,,,,,,98127.11399999997,,,,,,,,,,,,,,,,,,,,,,,,,,,,,,,,,,,,98127.11399999997,,,,6985.209,,,,91141.907,,,,8272.484,,,,,,,,50062.00000000001,,,,58334.48400000001,,,,64.00401957795331,,,,,,,,0.0,,,,,,,,,,,,,,,,,,,,,,,,,,,,,,0.0,0.0
537,UTTAR PRADESH,GONDA,,0.0,0.0,0.0,0.0,0.0,0.0,0.0,0.0,0.0,0.0,,,,64366.52200000001,,,,,,,,,,,,,,,,,,,,,,,,,,,,,,,,95601.107,,,,,,,,,,,,,,,,,,,,,,,,,,,,,,,,,,,,95601.107,,,,5270.694,,,,90330.411,,,,8722.886999999999,,,,,,,,47157.64000000001,,,,55880.52699999999,,,,61.862363274313005,,,,,,,,0.0,,,,,,,,,,,,,,,,,,,,,,,,,,,,,,0.0,0.0
538,UTTAR PRADESH,GORAKHPUR,,0.0,0.0,0.0,0.0,0.0,0.0,0.0,0.0,0.0,0.0,,,,87959.12,,,,,,,,,,,,,,,,,,,,,,,,,,,,,,,,112146.77799999999,,,,,,,,,,,,,,,,,,,,,,,,,,,,,,,,,,,,112146.77799999999,,,,7430.631000000001,,,,104716.14600000002,,,,10870.093999999997,,,,,,,,56120.27,,,,66990.364,,,,63.97329023167067,,,,,,,,0.0,,,,,,,,,,,,,,,,,,,,,,,,,,,,,,0.0,0.0
539,UTTAR PRADESH,HAMIRPUR,,0.0,0.0,0.0,0.0,0.0,0.0,0.0,0.0,0.0,0.0,,,,34762.183999999994,,,,,,,,,,,,,,,,,,,,,,,,,,,,,,,,45204.447,,,,,,,,,,,,,,,,,,,,,,,,,,,,,,,,,,,,45204.447,,,,2260.2230000000004,,,,42944.225,,,,2571.536,,,,,,,,28369.07,,,,30940.606000000003,,,,72.04835108795187,,,,,,,,0.0,,,,,,,,,,,,,,,,,,,,,,,,,,,,,,0.0,0.0
540,UTTAR PRADESH,HAPUR,,0.0,0.0,0.0,0.0,0.0,0.0,0.0,0.0,0.0,0.0,,,,17170.023999999998,,,,,,,,,,,,,,,,,,,,,,,,,,,,,,,,48190.179000000004,,,,,,,,,,,,,,,,,,,,,,,,,,,,,,,,,,,,48190.179000000004,,,,2409.509,,,,45780.67,,,,3165.057,,,,,,,,45976.100000000006,,,,49141.157,,,,107.34040589620031,,,,,,,,0.0,,,,,,,,,,,,,,,,,,,,,,,,,,,,,,0.0,0.0
541,UTTAR PRADESH,HARDOI,,0.0,0.0,0.0,0.0,0.0,0.0,0.0,0.0,0.0,0.0,,,,108618.622,,,,,,,,,,,,,,,,,,,,,,,,,,,,,,,,185097.97100000002,,,,,,,,,,,,,,,,,,,,,,,,,,,,,,,,,,,,185097.97100000002,,,,13817.641999999998,,,,171280.32900000003,,,,8745.107999999998,,,,,,,,95005.91199999998,,,,103751.01699999999,,,,60.57380763204861,,,,,,,,0.0,,,,,,,,,,,,,,,,,,,,,,,,,,,,,,0.0,0.0
542,UTTAR PRADESH,HATHRAS,,0.0,0.0,0.0,0.0,0.0,0.0,0.0,0.0,0.0,0.0,,,,25968.632000000005,,,,,,,,,,,,,,,,,,,,,,,,,,,,,,,,58704.043,,,,,,,,,,,,,,,,,,,,,,,,,,,,,,,,,,,,58704.043,,,,3593.873,,,,55110.17,,,,3773.3940000000002,,,,,,,,52158.42,,,,55931.814,,,,101.49091175004541,,,,,,,,0.0,,,,,,,,,,,,,,,,,,,,,,,,,,,,,,0.0,0.0
543,UTTAR PRADESH,JALAUN,,0.0,0.0,0.0,0.0,0.0,0.0,0.0,0.0,0.0,0.0,,,,76573.489,,,,,,,,,,,,,,,,,,,,,,,,,,,,,,,,113110.783,,,,,,,,,,,,,,,,,,,,,,,,,,,,,,,,,,,,113110.783,,,,7027.967000000001,,,,106082.81599999999,,,,4039.7149999999997,,,,,,,,48282.6,,,,52322.315,,,,49.32213997788295,,,,,,,,0.0,,,,,,,,,,,,,,,,,,,,,,,,,,,,,,0.0,0.0
544,UTTAR PRADESH,JAUNPUR,,0.0,0.0,0.0,0.0,0.0,0.0,0.0,0.0,0.0,0.0,,,,80060.77900000001,,,,,,,,,,,,,,,,,,,,,,,,,,,,,,,,161248.94900000002,,,,,,,,,,,,,,,,,,,,,,,,,,,,,,,,,,,,161248.94900000002,,,,15679.173,,,,145569.781,,,,12067.342,,,,,,,,99366.93,,,,111434.27199999997,,,,76.55041536402393,,,,,,,,0.0,,,,,,,,,,,,,,,,,,,,,,,,,,,,,,0.0,0.0
545,UTTAR PRADESH,JHANSI,,0.0,0.0,0.0,0.0,0.0,0.0,0.0,0.0,0.0,0.0,,,,47087.898,,,,,,,,,,,,,,,,,,,,,,,,,,,,,,,,89387.629,,,,,,,,,,,,,,,,,,,,,,,,,,,,,,,,,,,,89387.629,,,,4479.329,,,,84908.298,,,,2926.591,,,,,,,,39230.56,,,,42157.151,,,,49.65021322179842,,,,,,,,0.0,,,,,,,,,,,,,,,,,,,,,,,,,,,,,,0.0,0.0
546,UTTAR PRADESH,KANNAUJ,,0.0,0.0,0.0,0.0,0.0,0.0,0.0,0.0,0.0,0.0,,,,38058.307,,,,,,,,,,,,,,,,,,,,,,,,,,,,,,,,70946.802,,,,,,,,,,,,,,,,,,,,,,,,,,,,,,,,,,,,70946.802,,,,5138.594,,,,65808.208,,,,4021.256,,,,,,,,39762.58,,,,43783.836,,,,66.53248482316978,,,,,,,,0.0,,,,,,,,,,,,,,,,,,,,,,,,,,,,,,0.0,0.0
547,UTTAR PRADESH,KANPUR DEHAT,,0.0,0.0,0.0,0.0,0.0,0.0,0.0,0.0,0.0,0.0,,,,57389.655000000006,,,,,,,,,,,,,,,,,,,,,,,,,,,,,,,,96508.061,,,,,,,,,,,,,,,,,,,,,,,,,,,,,,,,,,,,96508.061,,,,7425.009,,,,89083.051,,,,3995.076,,,,,,,,58668.52,,,,62663.59599999999,,,,70.34289384632773,,,,,,,,0.0,,,,,,,,,,,,,,,,,,,,,,,,,,,,,,0.0,0.0
548,UTTAR PRADESH,KANPUR NAGAR,,0.0,0.0,0.0,0.0,0.0,0.0,0.0,0.0,0.0,0.0,,,,50557.416,,,,,,,,,,,,,,,,,,,,,,,,,,,,,,,,90989.46900000001,,,,,,,,,,,,,,,,,,,,,,,,,,,,,,,,,,,,90989.46900000001,,,,5973.915,,,,85015.555,,,,8238.312,,,,,,,,59126.97,,,,67365.28199999999,,,,79.23877224585547,,,,,,,,0.0,,,,,,,,,,,,,,,,,,,,,,,,,,,,,,0.0,0.0
549,UTTAR PRADESH,KASGANJ,,0.0,0.0,0.0,0.0,0.0,0.0,0.0,0.0,0.0,0.0,,,,31964.185,,,,,,,,,,,,,,,,,,,,,,,,,,,,,,,,61554.158,,,,,,,,,,,,,,,,,,,,,,,,,,,,,,,,,,,,61554.158,,,,3077.7129999999997,,,,58476.446,,,,3611.03,,,,,,,,38406.880000000005,,,,42017.91,,,,71.85441810194826,,,,,,,,0.0,,,,,,,,,,,,,,,,,,,,,,,,,,,,,,0.0,0.0
550,UTTAR PRADESH,KAUSHAMBI,,0.0,0.0,0.0,0.0,0.0,0.0,0.0,0.0,0.0,0.0,,,,43120.171,,,,,,,,,,,,,,,,,,,,,,,,,,,,,,,,64592.277,,,,,,,,,,,,,,,,,,,,,,,,,,,,,,,,,,,,64592.277,,,,5445.633000000001,,,,59146.642,,,,4033.638,,,,,,,,38065.54,,,,42099.178,,,,71.1776299996879,,,,,,,,0.0,,,,,,,,,,,,,,,,,,,,,,,,,,,,,,0.0,0.0
551,UTTAR PRADESH,KUSHI NAGAR,,0.0,0.0,0.0,0.0,0.0,0.0,0.0,0.0,0.0,0.0,,,,72094.23700000001,,,,,,,,,,,,,,,,,,,,,,,,,,,,,,,,140547.574,,,,,,,,,,,,,,,,,,,,,,,,,,,,,,,,,,,,140547.574,,,,9438.988000000001,,,,131108.586,,,,16997.708000000002,,,,,,,,60855.259999999995,,,,77852.968,,,,59.38052600155416,,,,,,,,0.0,,,,,,,,,,,,,,,,,,,,,,,,,,,,,,0.0,0.0
552,UTTAR PRADESH,LAKHIMPUR KHERI,,0.0,0.0,0.0,0.0,0.0,0.0,0.0,0.0,0.0,0.0,,,,162112.17600000004,,,,,,,,,,,,,,,,,,,,,,,,,,,,,,,,240559.57499999998,,,,,,,,,,,,,,,,,,,,,,,,,,,,,,,,,,,,240559.57499999998,,,,16632.824,,,,223926.74899999998,,,,10605.16,,,,,,,,115738.37599999999,,,,126343.535,,,,56.42181452828577,,,,,,,,0.0,,,,,,,,,,,,,,,,,,,,,,,,,,,,,,0.0,0.0
553,UTTAR PRADESH,LALITPUR,,0.0,0.0,0.0,0.0,0.0,0.0,0.0,0.0,0.0,0.0,,,,20245.417999999998,,,,,,,,,,,,,,,,,,,,,,,,,,,,,,,,42126.07800000001,,,,,,,,,,,,,,,,,,,,,,,,,,,,,,,,,,,,42126.07800000001,,,,2106.304,,,,40019.774,,,,2645.491,,,,,,,,28703.370000000003,,,,31348.860999999997,,,,78.33342836968544,,,,,,,,0.0,,,,,,,,,,,,,,,,,,,,,,,,,,,,,,0.0,0.0
554,UTTAR PRADESH,LUCKNOW,,0.0,0.0,0.0,0.0,0.0,0.0,0.0,0.0,0.0,0.0,,,,36876.581,,,,,,,,,,,,,,,,,,,,,,,,,,,,,,,,79872.337,,,,,,,,,,,,,,,,,,,,,,,,,,,,,,,,,,,,79872.337,,,,4296.481,,,,75575.856,,,,13691.670000000002,,,,,,,,35690.032,,,,49381.701,,,,65.34057781628037,,,,,,,,0.0,,,,,,,,,,,,,,,,,,,,,,,,,,,,,,0.0,0.0
555,UTTAR PRADESH,MAHOBA,,0.0,0.0,0.0,0.0,0.0,0.0,0.0,0.0,0.0,0.0,,,,10378.639,,,,,,,,,,,,,,,,,,,,,,,,,,,,,,,,22886.46,,,,,,,,,,,,,,,,,,,,,,,,,,,,,,,,,,,,22886.46,,,,1144.3229999999999,,,,21742.136,,,,1409.288,,,,,,,,17674.5,,,,19083.788,,,,87.77328961607085,,,,,,,,0.0,,,,,,,,,,,,,,,,,,,,,,,,,,,,,,0.0,0.0
556,UTTAR PRADESH,MAHRAJGANJ,,0.0,0.0,0.0,0.0,0.0,0.0,0.0,0.0,0.0,0.0,,,,58491.350000000006,,,,,,,,,,,,,,,,,,,,,,,,,,,,,,,,101822.546,,,,,,,,,,,,,,,,,,,,,,,,,,,,,,,,,,,,101822.546,,,,5091.128,,,,96731.419,,,,6069.697,,,,,,,,53160.56,,,,59230.257,,,,61.231663519791844,,,,,,,,0.0,,,,,,,,,,,,,,,,,,,,,,,,,,,,,,0.0,0.0
557,UTTAR PRADESH,MAINPURI,,0.0,0.0,0.0,0.0,0.0,0.0,0.0,0.0,0.0,0.0,,,,38609.85,,,,,,,,,,,,,,,,,,,,,,,,,,,,,,,,90795.092,,,,,,,,,,,,,,,,,,,,,,,,,,,,,,,,,,,,90795.092,,,,4539.753,,,,86255.33899999999,,,,4191.224,,,,,,,,55983.229999999996,,,,60174.454,,,,69.76316445756477,,,,,,,,0.0,,,,,,,,,,,,,,,,,,,,,,,,,,,,,,0.0,0.0
558,UTTAR PRADESH,MATHURA,,0.0,0.0,0.0,0.0,0.0,0.0,0.0,0.0,0.0,0.0,,,,44301.64499999999,,,,,,,,,,,,,,,,,,,,,,,,,,,,,,,,111724.966,,,,,,,,,,,,,,,,,,,,,,,,,,,,,,,,,,,,111724.966,,,,6572.332999999999,,,,105152.63300000002,,,,5911.708,,,,,,,,75651.09000000001,,,,81562.798,,,,77.56610145938997,,,,,,,,0.0,,,,,,,,,,,,,,,,,,,,,,,,,,,,,,0.0,0.0
559,UTTAR PRADESH,MAUNATH BHANJAN,,0.0,0.0,0.0,0.0,0.0,0.0,0.0,0.0,0.0,0.0,,,,39328.518,,,,,,,,,,,,,,,,,,,,,,,,,,,,,,,,58460.64599999999,,,,,,,,,,,,,,,,,,,,,,,,,,,,,,,,,,,,58460.64599999999,,,,5477.553,,,,52983.095,,,,5657.890000000001,,,,,,,,27563.71,,,,33221.6,,,,62.702263806974656,,,,,,,,0.0,,,,,,,,,,,,,,,,,,,,,,,,,,,,,,0.0,0.0
560,UTTAR PRADESH,MEERUT,,0.0,0.0,0.0,0.0,0.0,0.0,0.0,0.0,0.0,0.0,,,,42272.465000000004,,,,,,,,,,,,,,,,,,,,,,,,,,,,,,,,76423.21500000001,,,,,,,,,,,,,,,,,,,,,,,,,,,,,,,,,,,,76423.21500000001,,,,4494.873,,,,71928.34700000001,,,,10448.399,,,,,,,,49980.17,,,,60428.568999999996,,,,84.01217533888273,,,,,,,,0.0,,,,,,,,,,,,,,,,,,,,,,,,,,,,,,0.0,0.0
561,UTTAR PRADESH,MIRZAPUR,,0.0,0.0,0.0,0.0,0.0,0.0,0.0,0.0,0.0,0.0,,,,28006.118,,,,,,,,,,,,,,,,,,,,,,,,,,,,,,,,54459.28200000001,,,,,,,,,,,,,,,,,,,,,,,,,,,,,,,,,,,,54459.28200000001,,,,4403.706,,,,50055.578,,,,6083.169999999999,,,,,,,,24703.63,,,,30786.800000000003,,,,61.505233242936484,,,,,,,,0.0,,,,,,,,,,,,,,,,,,,,,,,,,,,,,,0.0,0.0
562,UTTAR PRADESH,MORADABAD,,0.0,0.0,0.0,0.0,0.0,0.0,0.0,0.0,0.0,0.0,,,,42627.422,,,,,,,,,,,,,,,,,,,,,,,,,,,,,,,,70212.478,,,,,,,,,,,,,,,,,,,,,,,,,,,,,,,,,,,,70212.478,,,,4595.322999999999,,,,65617.151,,,,10462.85,,,,,,,,48160.81,,,,58623.66,,,,89.34197706937933,,,,,,,,0.0,,,,,,,,,,,,,,,,,,,,,,,,,,,,,,0.0,0.0
563,UTTAR PRADESH,MUZAFFARNAGAR,,0.0,0.0,0.0,0.0,0.0,0.0,0.0,0.0,0.0,0.0,,,,46080.197,,,,,,,,,,,,,,,,,,,,,,,,,,,,,,,,113168.80299999999,,,,,,,,,,,,,,,,,,,,,,,,,,,,,,,,,,,,113168.80299999999,,,,5658.441,,,,107510.363,,,,6353.514000000001,,,,,,,,70542.0,,,,76895.514,,,,71.52381580183112,,,,,,,,0.0,,,,,,,,,,,,,,,,,,,,,,,,,,,,,,0.0,0.0
564,UTTAR PRADESH,PILIBHIT,,0.0,0.0,0.0,0.0,0.0,0.0,0.0,0.0,0.0,0.0,,,,90589.07699999999,,,,,,,,,,,,,,,,,,,,,,,,,,,,,,,,134121.059,,,,,,,,,,,,,,,,,,,,,,,,,,,,,,,,,,,,134121.059,,,,7211.347,,,,126909.712,,,,4952.601,,,,,,,,57893.858,,,,62846.459,,,,49.52060642923845,,,,,,,,0.0,,,,,,,,,,,,,,,,,,,,,,,,,,,,,,0.0,0.0
565,UTTAR PRADESH,PRATAPGARH,,0.0,0.0,0.0,0.0,0.0,0.0,0.0,0.0,0.0,0.0,,,,71211.58,,,,,,,,,,,,,,,,,,,,,,,,,,,,,,,,139946.49799999996,,,,,,,,,,,,,,,,,,,,,,,,,,,,,,,,,,,,139946.49799999996,,,,11253.064,,,,128693.436,,,,7554.156,,,,,,,,95709.82,,,,103263.976,,,,80.24028202961337,,,,,,,,0.0,,,,,,,,,,,,,,,,,,,,,,,,,,,,,,0.0,0.0
566,UTTAR PRADESH,PRAYAGRAJ,,0.0,0.0,0.0,0.0,0.0,0.0,0.0,0.0,0.0,0.0,,,,69997.64499999999,,,,,,,,,,,,,,,,,,,,,,,,,,,,,,,,155349.224,,,,,,,,,,,,,,,,,,,,,,,,,,,,,,,,,,,,155349.224,,,,9246.462000000001,,,,146102.762,,,,15266.533,,,,,,,,86809.93000000001,,,,102076.463,,,,69.86621033214965,,,,,,,,0.0,,,,,,,,,,,,,,,,,,,,,,,,,,,,,,0.0,0.0
567,UTTAR PRADESH,RAIBARELI,,0.0,0.0,0.0,0.0,0.0,0.0,0.0,0.0,0.0,0.0,,,,66975.95400000001,,,,,,,,,,,,,,,,,,,,,,,,,,,,,,,,119929.43600000002,,,,,,,,,,,,,,,,,,,,,,,,,,,,,,,,,,,,119929.43600000002,,,,7188.302,,,,112741.136,,,,6415.821,,,,,,,,60950.30300000001,,,,67366.123,,,,59.75292195033409,,,,,,,,0.0,,,,,,,,,,,,,,,,,,,,,,,,,,,,,,0.0,0.0
568,UTTAR PRADESH,RAMPUR,,0.0,0.0,0.0,0.0,0.0,0.0,0.0,0.0,0.0,0.0,,,,45764.971,,,,,,,,,,,,,,,,,,,,,,,,,,,,,,,,76930.236,,,,,,,,,,,,,,,,,,,,,,,,,,,,,,,,,,,,76930.236,,,,5555.052000000001,,,,71375.18400000001,,,,4711.651,,,,,,,,48930.24,,,,53641.891,,,,75.15481991612099,,,,,,,,0.0,,,,,,,,,,,,,,,,,,,,,,,,,,,,,,0.0,0.0
569,UTTAR PRADESH,SAHARANPUR,,0.0,0.0,0.0,0.0,0.0,0.0,0.0,0.0,0.0,0.0,,,,68017.30399999999,,,,,,,,,,,,,,,,,,,,,,,,,,,,,,,,128726.338,,,,,,,,,,,,,,,,,,,,,,,,,,,,,,,,,,,,128726.338,,,,8230.502,,,,120495.837,,,,6727.409999999999,,,,,,,,137850.67999999996,,,,144578.09,,,,119.9859626685692,,,,,,,,0.0,,,,,,,,,,,,,,,,,,,,,,,,,,,,,,0.0,0.0
570,UTTAR PRADESH,SAMBHAL,,0.0,0.0,0.0,0.0,0.0,0.0,0.0,0.0,0.0,0.0,,,,35884.572,,,,,,,,,,,,,,,,,,,,,,,,,,,,,,,,44453.18400000001,,,,,,,,,,,,,,,,,,,,,,,,,,,,,,,,,,,,44453.18400000001,,,,2453.8540000000003,,,,41999.331,,,,5121.153,,,,,,,,33338.43,,,,38459.583,,,,91.5718943237453,,,,,,,,0.0,,,,,,,,,,,,,,,,,,,,,,,,,,,,,,0.0,0.0
571,UTTAR PRADESH,SANT KABIR NAGAR,,0.0,0.0,0.0,0.0,0.0,0.0,0.0,0.0,0.0,0.0,,,,37142.989,,,,,,,,,,,,,,,,,,,,,,,,,,,,,,,,48603.958000000006,,,,,,,,,,,,,,,,,,,,,,,,,,,,,,,,,,,,48603.958000000006,,,,2430.1980000000003,,,,46173.759999999995,,,,7443.554000000001,,,,,,,,23768.03,,,,31211.584000000003,,,,67.59593327465645,,,,,,,,0.0,,,,,,,,,,,,,,,,,,,,,,,,,,,,,,0.0,0.0
572,UTTAR PRADESH,SANT RAVIDAS NAGAR,,0.0,0.0,0.0,0.0,0.0,0.0,0.0,0.0,0.0,0.0,,,,19703.469999999998,,,,,,,,,,,,,,,,,,,,,,,,,,,,,,,,36688.492,,,,,,,,,,,,,,,,,,,,,,,,,,,,,,,,,,,,36688.492,,,,3442.8320000000003,,,,33245.66,,,,3737.089,,,,,,,,24716.29,,,,28453.379,,,,85.58524330694593,,,,,,,,0.0,,,,,,,,,,,,,,,,,,,,,,,,,,,,,,0.0,0.0
573,UTTAR PRADESH,SHAHJAHANPUR,,0.0,0.0,0.0,0.0,0.0,0.0,0.0,0.0,0.0,0.0,,,,86739.581,,,,,,,,,,,,,,,,,,,,,,,,,,,,,,,,126925.19499999999,,,,,,,,,,,,,,,,,,,,,,,,,,,,,,,,,,,,126925.19499999999,,,,6346.261,,,,120578.93600000002,,,,7660.6630000000005,,,,,,,,65481.86299999998,,,,73142.52500000001,,,,60.65945464969106,,,,,,,,0.0,,,,,,,,,,,,,,,,,,,,,,,,,,,,,,0.0,0.0
574,UTTAR PRADESH,SHAMLI,,0.0,0.0,0.0,0.0,0.0,0.0,0.0,0.0,0.0,0.0,,,,21328.723,,,,,,,,,,,,,,,,,,,,,,,,,,,,,,,,42515.344000000005,,,,,,,,,,,,,,,,,,,,,,,,,,,,,,,,,,,,42515.344000000005,,,,2125.768,,,,40389.576,,,,3229.34,,,,,,,,40899.32,,,,44128.66,,,,109.25754704629729,,,,,,,,0.0,,,,,,,,,,,,,,,,,,,,,,,,,,,,,,0.0,0.0
575,UTTAR PRADESH,SHRAWASTI,,0.0,0.0,0.0,0.0,0.0,0.0,0.0,0.0,0.0,0.0,,,,39192.496,,,,,,,,,,,,,,,,,,,,,,,,,,,,,,,,52664.33,,,,,,,,,,,,,,,,,,,,,,,,,,,,,,,,,,,,52664.33,,,,4804.921,,,,47859.407999999996,,,,2860.639,,,,,,,,24258.46,,,,27119.099,,,,56.66409204225844,,,,,,,,0.0,,,,,,,,,,,,,,,,,,,,,,,,,,,,,,0.0,0.0
576,UTTAR PRADESH,SIDDHARTH NAGAR,,0.0,0.0,0.0,0.0,0.0,0.0,0.0,0.0,0.0,0.0,,,,64785.287,,,,,,,,,,,,,,,,,,,,,,,,,,,,,,,,91851.94100000002,,,,,,,,,,,,,,,,,,,,,,,,,,,,,,,,,,,,91851.94100000002,,,,4592.598,,,,87259.34199999999,,,,6559.719,,,,,,,,47404.42999999999,,,,53964.149000000005,,,,61.843405832695844,,,,,,,,0.0,,,,,,,,,,,,,,,,,,,,,,,,,,,,,,0.0,0.0
577,UTTAR PRADESH,SITAPUR,,0.0,0.0,0.0,0.0,0.0,0.0,0.0,0.0,0.0,0.0,,,,110714.945,,,,,,,,,,,,,,,,,,,,,,,,,,,,,,,,210394.978,,,,,,,,,,,,,,,,,,,,,,,,,,,,,,,,,,,,210394.978,,,,13480.701999999997,,,,196914.27800000002,,,,10106.985,,,,,,,,107818.20199999999,,,,117925.181,,,,59.8865568295662,,,,,,,,0.0,,,,,,,,,,,,,,,,,,,,,,,,,,,,,,0.0,0.0
578,UTTAR PRADESH,SONBHADRA,,0.0,0.0,0.0,0.0,0.0,0.0,0.0,0.0,0.0,0.0,,,,13555.989,,,,,,,,,,,,,,,,,,,,,,,,,,,,,,,,24551.074,,,,,,,,,,,,,,,,,,,,,,,,,,,,,,,,,,,,24551.074,,,,1353.8799999999999,,,,23197.192,,,,3768.385,,,,,,,,9190.83,,,,12959.214999999998,,,,55.86544699030813,,,,,,,,0.0,,,,,,,,,,,,,,,,,,,,,,,,,,,,,,0.0,0.0
579,UTTAR PRADESH,SULTANPUR,,0.0,0.0,0.0,0.0,0.0,0.0,0.0,0.0,0.0,0.0,,,,33767.245,,,,,,,,,,,,,,,,,,,,,,,,,,,,,,,,122326.68600000002,,,,,,,,,,,,,,,,,,,,,,,,,,,,,,,,,,,,122326.68600000002,,,,10468.125,,,,111858.559,,,,5736.967,,,,,,,,49392.88,,,,55129.84700000001,,,,49.285318435042605,,,,,,,,0.0,,,,,,,,,,,,,,,,,,,,,,,,,,,,,,0.0,0.0
580,UTTAR PRADESH,UNNAO,,0.0,0.0,0.0,0.0,0.0,0.0,0.0,0.0,0.0,0.0,,,,76364.2,,,,,,,,,,,,,,,,,,,,,,,,,,,,,,,,187134.465,,,,,,,,,,,,,,,,,,,,,,,,,,,,,,,,,,,,187134.465,,,,10440.707999999999,,,,176693.756,,,,7760.660999999998,,,,,,,,100951.634,,,,108712.29,,,,61.52582437604642,,,,,,,,0.0,,,,,,,,,,,,,,,,,,,,,,,,,,,,,,0.0,0.0
581,UTTAR PRADESH,VARANASI,,0.0,0.0,0.0,0.0,0.0,0.0,0.0,0.0,0.0,0.0,,,,32894.117,,,,,,,,,,,,,,,,,,,,,,,,,,,,,,,,54162.12,,,,,,,,,,,,,,,,,,,,,,,,,,,,,,,,,,,,54162.12,,,,5416.2119999999995,,,,48745.909,,,,10075.507,,,,,,,,38544.6,,,,48620.106999999996,,,,99.74192295808864,,,,,,,,0.0,,,,,,,,,,,,,,,,,,,,,,,,,,,,,,0.0,0.0
582,UTTARAKHAND,ALMORA,,0.0,0.0,0.0,0.0,0.0,0.0,0.0,0.0,314100.0,314100.0,0.0,0.0,0.0,0.0,,,,,0.0,0.0,0.0,0.0,0.0,0.0,0.0,0.0,0.0,,,0.0,,,,,,,,,,,,,0.0,0.0,0.0,0.0,,,,,,,,,,,,0.0,,,,0.0,,,,,,,,,,,,,,,,0.0,0.0,0.0,0.0,0.0,0.0,0.0,0.0,0.0,0.0,0.0,0.0,0.0,,,,0.0,,,,0.0,,,,0.0,,,,,,,,,0.0,,0.0,0.0,0.0,0.0,0.0,0.0,,,,,,,,,,,,,,0.0,0.0,0.0,0.0,0.0,,0.0,,0.0,,,,,,,,0.0,0.0
583,UTTARAKHAND,BAGESHWAR,,0.0,0.0,0.0,0.0,0.0,0.0,0.0,0.0,93300.0,93300.0,0.0,0.0,0.0,0.0,,,,,0.0,0.0,0.0,0.0,0.0,0.0,0.0,0.0,0.0,,,0.0,,,,,,,,,,,,,0.0,0.0,0.0,0.0,,,,,,,,,,,,0.0,,,,0.0,,,,,,,,,,,,,,,,0.0,0.0,0.0,0.0,0.0,0.0,0.0,0.0,0.0,0.0,0.0,0.0,0.0,,,,0.0,,,,0.0,,,,0.0,,,,,,,,,0.0,,0.0,0.0,0.0,0.0,0.0,0.0,,,,,,,,,,,,,,0.0,0.0,0.0,0.0,0.0,,0.0,,0.0,,,,,,,,0.0,0.0
584,UTTARAKHAND,CHAMOLI,,0.0,0.0,0.0,0.0,0.0,0.0,0.0,0.0,371900.0,371900.0,0.0,0.0,0.0,0.0,,,,,0.0,0.0,0.0,0.0,0.0,0.0,0.0,0.0,0.0,,,0.0,,,,,,,,,,,,,0.0,0.0,0.0,0.0,,,,,,,,,,,,0.0,,,,0.0,,,,,,,,,,,,,,,,0.0,0.0,0.0,0.0,0.0,0.0,0.0,0.0,0.0,0.0,0.0,0.0,0.0,,,,0.0,,,,0.0,,,,0.0,,,,,,,,,0.0,,0.0,0.0,0.0,0.0,0.0,0.0,,,,,,,,,,,,,,0.0,0.0,0.0,0.0,0.0,,0.0,,0.0,,,,,,,,0.0,0.0
585,UTTARAKHAND,CHAMPAWAT,,0.0,0.0,0.0,0.0,0.0,0.0,0.0,0.0,159600.0,159600.0,0.0,0.0,0.0,0.0,,,,,0.0,0.0,0.0,0.0,0.0,0.0,0.0,0.0,0.0,,,0.0,,,,,,,,,,,,,0.0,0.0,0.0,0.0,,,,,,,,,,,,0.0,,,,0.0,,,,,,,,,,,,,,,,0.0,0.0,0.0,0.0,0.0,0.0,0.0,0.0,0.0,0.0,0.0,0.0,0.0,,,,0.0,,,,0.0,,,,0.0,,,,,,,,,0.0,,0.0,0.0,0.0,0.0,0.0,0.0,,,,,,,,,,,,,,0.0,0.0,0.0,0.0,0.0,,0.0,,0.0,,,,,,,,0.0,0.0
586,UTTARAKHAND,DEHRADUN,,0.0,0.0,0.0,0.0,0.0,0.0,0.0,0.0,0.0,0.0,,,,48553.4,,,,,,,,,,,,,,,,,,,,,,,,,,,,,,,,56359.40000000001,,,,,,,,,,,,,,,,,,,,,,,,,,,,,,,,,,,,56359.40000000001,,,,2818.0,,,,53541.40000000001,,,,6731.0,,,,424.0,,,,7588.5,,,,14743.5,,,,27.536635201918514,,,,,,,,0.0,,,,,,,,,,,,,,,,,,,,,,,,,,,,,,0.0,0.0
587,UTTARAKHAND,HARIDWAR,,0.0,0.0,0.0,0.0,0.0,0.0,0.0,0.0,0.0,0.0,,,,30708.2,,,,,,,,,,,,,,,,,,,,,,,,,,,,,,,,100338.20999999999,,,,,,,,,,,,,,,,,,,,,,,,,,,,,,,,,,,,100338.20999999999,,,,5016.0,,,,95322.20999999999,,,,6828.76,,,,6774.04,,,,49696.86,,,,63299.66,,,,66.40599289504515,,,,,,,,0.0,,,,,,,,,,,,,,,,,,,,,,,,,,,,,,0.0,0.0
588,UTTARAKHAND,NAINITAL,,0.0,0.0,0.0,0.0,0.0,0.0,0.0,0.0,0.0,0.0,,,,6123.0,,,,,,,,,,,,,,,,,,,,,,,,,,,,,,,,15460.32,,,,,,,,,,,,,,,,,,,,,,,,,,,,,,,,,,,,15460.32,,,,773.0,,,,14687.32,,,,3114.36,,,,390.62,,,,4820.0,,,,8324.98,,,,56.68140954238077,,,,,,,,0.0,,,,,,,,,,,,,,,,,,,,,,,,,,,,,,0.0,0.0
589,UTTARAKHAND,PAURIGARHWAL,,0.0,0.0,0.0,0.0,0.0,0.0,0.0,0.0,402100.0,402100.0,0.0,0.0,0.0,0.0,,,,,0.0,0.0,0.0,0.0,0.0,0.0,0.0,0.0,0.0,,,0.0,,,,,,,,,,,,,0.0,0.0,0.0,0.0,,,,,,,,,,,,0.0,,,,0.0,,,,,,,,,,,,,,,,0.0,0.0,0.0,0.0,0.0,0.0,0.0,0.0,0.0,0.0,0.0,0.0,0.0,,,,0.0,,,,0.0,,,,0.0,,,,,,,,,0.0,,0.0,0.0,0.0,0.0,0.0,0.0,,,,,,,,,,,,,,0.0,0.0,0.0,0.0,0.0,,0.0,,0.0,,,,,,,,0.0,0.0
590,UTTARAKHAND,PITHORAGARH,,0.0,0.0,0.0,0.0,0.0,0.0,0.0,0.0,220300.0,220300.0,0.0,0.0,0.0,0.0,,,,,0.0,0.0,0.0,0.0,0.0,0.0,0.0,0.0,0.0,,,0.0,,,,,,,,,,,,,0.0,0.0,0.0,0.0,,,,,,,,,,,,0.0,,,,0.0,,,,,,,,,,,,,,,,0.0,0.0,0.0,0.0,0.0,0.0,0.0,0.0,0.0,0.0,0.0,0.0,0.0,,,,0.0,,,,0.0,,,,0.0,,,,,,,,,0.0,,0.0,0.0,0.0,0.0,0.0,0.0,,,,,,,,,,,,,,0.0,0.0,0.0,0.0,0.0,,0.0,,0.0,,,,,,,,0.0,0.0
591,UTTARAKHAND,RUDRAPRAYAG,,0.0,0.0,0.0,0.0,0.0,0.0,0.0,0.0,166500.0,166500.0,0.0,0.0,0.0,0.0,,,,,0.0,0.0,0.0,0.0,0.0,0.0,0.0,0.0,0.0,,,0.0,,,,,,,,,,,,,0.0,0.0,0.0,0.0,,,,,,,,,,,,0.0,,,,0.0,,,,,,,,,,,,,,,,0.0,0.0,0.0,0.0,0.0,0.0,0.0,0.0,0.0,0.0,0.0,0.0,0.0,,,,0.0,,,,0.0,,,,0.0,,,,,,,,,0.0,,0.0,0.0,0.0,0.0,0.0,0.0,,,,,,,,,,,,,,0.0,0.0,0.0,0.0,0.0,,0.0,,0.0,,,,,,,,0.0,0.0
592,UTTARAKHAND,TEHRI GARHWAL,,0.0,0.0,0.0,0.0,0.0,0.0,0.0,0.0,469311.0,469311.0,0.0,0.0,0.0,0.0,,,,,0.0,0.0,0.0,0.0,0.0,0.0,0.0,0.0,0.0,,,0.0,,,,,,,,,,,,,0.0,0.0,0.0,0.0,,,,,,,,,,,,0.0,,,,0.0,,,,,,,,,,,,,,,,0.0,0.0,0.0,0.0,0.0,0.0,0.0,0.0,0.0,0.0,0.0,0.0,0.0,,,,0.0,,,,0.0,,,,0.0,,,,,,,,,0.0,,0.0,0.0,0.0,0.0,0.0,0.0,,,,,,,,,,,,,,0.0,0.0,0.0,0.0,0.0,,0.0,,0.0,,,,,,,,0.0,0.0
593,UTTARAKHAND,UDHAMSINGH NAGAR,,0.0,0.0,0.0,0.0,0.0,0.0,0.0,0.0,0.0,0.0,,,,38660.799999999996,,,,,,,,,,,,,,,,,,,,,,,,,,,,,,,,132337.99,,,,,,,,,,,,,,,,,,,,,,,,,,,,,,,,,,,,132337.99,,,,6616.01,,,,125721.97999999998,,,,4929.280000000001,,,,4957.62,,,,68127.42,,,,78014.32,,,,62.05304752597757,,,,,,,,0.0,,,,,,,,,,,,,,,,,,,,,,,,,,,,,,0.0,0.0
594,UTTARAKHAND,UTTARKASHI,,0.0,0.0,0.0,0.0,0.0,0.0,0.0,0.0,171100.0,171100.0,0.0,0.0,0.0,0.0,,,,,0.0,0.0,0.0,0.0,0.0,0.0,0.0,0.0,0.0,,,0.0,,,,,,,,,,,,,0.0,0.0,0.0,0.0,,,,,,,,,,,,0.0,,,,0.0,,,,,,,,,,,,,,,,0.0,0.0,0.0,0.0,0.0,0.0,0.0,0.0,0.0,0.0,0.0,0.0,0.0,,,,0.0,,,,0.0,,,,0.0,,,,,,,,,0.0,,0.0,0.0,0.0,0.0,0.0,0.0,,,,,,,,,,,,,,0.0,0.0,0.0,0.0,0.0,,0.0,,0.0,,,,,,,,0.0,0.0
Total,,,,1758.142065932495,3498.532614509387,1551.602468801394,19603.786438575036,11076797.839098562,46301227.70694298,1259493.7438614268,58637519.290802985,14464293.648958161,73101812.93976115,685989.0801877007,3336888.3756332737,93569.09,21789644.985820975,117134.68709959713,0.0,3117.2,120251.88709959711,1122638.1954704933,491793.2335552706,171341.714,1785773.143025764,268944.75098830106,1236120.4906774147,8088.086298776265,1513153.3279644914,862527.5299614057,11029922.057287429,18742.489999999994,11911192.077248828,2620655.761679122,31120053.956,103552.41,33844262.125679106,,,,,,,,,5677889.490672561,47214778.8452339,398411.0162987763,81178370.63820532,,,,,,,,,0.0,0.0,0.0,0.0,0.0,0.0,0.0,0.0,,0.0,,0.0,,0.0,,0.0,,,,,0.0,0.0,0.0,0.0,5677889.490672561,47214778.8452339,398411.0162987763,81178370.63820532,530312.2018745521,4638036.680436332,39513.32224197645,8705201.85295594,5147577.288798008,42576742.16479758,358897.69405679975,86975689.13666962,79020.9761547063,243266.04874883403,1351.7815128010361,2785147.6917597656,9348621.262899999,16310572.613499992,7913739.491999999,33780390.52839996,2478260.6163176317,5771832.033648766,1712643.677853954,33434395.78831978,11905902.43364795,22325670.54197089,9627733.946287386,69999932.04732503,231.2913777818779,52.4363053790192,2682.5845096579765,69.70033996357012,135136.5076037495,433259.04133201425,0.0,1576101.397253196,4273172.662265198,35990612.753340505,256858.16999999995,40263785.4156057,,,,,,,0.0,0.0,0.0,,,,,62358128.34,7280953.35,110082447.79359558,7639851.0440568,0.0,,0.0,,0.0,,,,,,,,110082447.79359558,7639851.0440568
