S.No,STATE,DISTRICT,ASSESSMENT UNIT,Rainfall (mm)_C,Rainfall (mm)_NC,Rainfall (mm)_PQ,Rainfall (mm)_Total,Total Geographical Area (ha)_Recharge Worthy Area (ha)_C,Total Geographical Area (ha)_Recharge Worthy Area (ha)_NC,Total Geographical Area (ha)_Recharge Worthy Area (ha)_PQ,Total Geographical Area (ha)_Recharge Worthy Area (ha)_Total,Total Geographical Area (ha)_Hilly Area_Total,Total Geographical Area (ha)_Total_Total,Ground Water Recharge (ham)_Rainfall Recharge_C,Ground Water Recharge (ham)_Rainfall Recharge_NC,Ground Water Recharge (ham)_Rainfall Recharge_PQ,Ground Water Recharge (ham)_Rainfall Recharge_Total,Ground Water Recharge (ham)_Canals_C,Ground Water Recharge (ham)_Canals_NC,Ground Water Recharge (ham)_Canals_PQ,Ground Water Recharge (ham)_Canals_Total,Ground Water Recharge (ham)_Surface Water Irrigation_C,Ground Water Recharge (ham)_Surface Water Irrigation_NC,Ground Water Recharge (ham)_Surface Water Irrigation_PQ,Ground Water Recharge (ham)_Surface Water Irrigation_Total,Ground Water Recharge (ham)_Ground Water Irrigation_C,Ground Water Recharge (ham)_Ground Water Irrigation_NC,Ground Water Recharge (ham)_Ground Water Irrigation_PQ,Ground Water Recharge (ham)_Ground Water Irrigation_Total,Ground Water Recharge (ham)_Tanks and Ponds_C,Ground Water Recharge (ham)_Tanks and Ponds_NC,Ground Water Recharge (ham)_Tanks and Ponds_PQ,Ground Water Recharge (ham)_Tanks and Ponds_Total,Ground Water Recharge (ham)_Water Conservation Structure_C,Ground Water Recharge (ham)_Water Conservation Structure_NC,Ground Water Recharge (ham)_Water Conservation Structure_PQ,Ground Water Recharge (ham)_Water Conservation Structure_Total,Ground Water Recharge (ham)_Pipelines_C,Ground Water Recharge (ham)_Pipelines_NC,Ground Water Recharge (ham)_Pipelines_PQ,Ground Water Recharge (ham)_Pipelines_Total,Ground Water Recharge (ham)_Sewages and Flash Flood Channels_C,Ground Water Recharge (ham)_Sewages and Flash Flood Channels_NC,Ground Water Recharge (ham)_Sewages and Flash Flood Channels_PQ,Ground Water Recharge (ham)_Sewages and Flash Flood Channels_Total,Ground Water Recharge (ham)_C_Total,Ground Water Recharge (ham)_NC_Total,Ground Water Recharge (ham)_PQ_Total,Ground Water Recharge (ham)_Total_Total,Inflows and Outflows (ham)_Base Flow_C,Inflows and Outflows (ham)_Base Flow_NC,Inflows and Outflows (ham)_Base Flow_PQ,Inflows and Outflows (ham)_Base Flow_Total,Inflows and Outflows (ham)_Stream Recharges_C,Inflows and Outflows (ham)_Stream Recharges_NC,Inflows and Outflows (ham)_Stream Recharges_PQ,Inflows and Outflows (ham)_Stream Recharges_Total,Inflows and Outflows (ham)_Lateral Flows_C,Inflows and Outflows (ham)_Lateral Flows_NC,Inflows and Outflows (ham)_Lateral Flows_PQ,Inflows and Outflows (ham)_Lateral Flows_Total,Inflows and Outflows (ham)_Vertical Flows_C,Inflows and Outflows (ham)_Vertical Flows_NC,Inflows and Outflows (ham)_Vertical Flows_PQ,Inflows and Outflows (ham)_Vertical Flows_Total,Inflows and Outflows (ham)_Evaporation_C,Inflows and Outflows (ham)_Evaporation_NC,Inflows and Outflows (ham)_Evaporation_PQ,Inflows and Outflows (ham)_Evaporation_Total,Inflows and Outflows (ham)_Transpiration_C,Inflows and Outflows (ham)_Transpiration_NC,Inflows and Outflows (ham)_Transpiration_PQ,Inflows and Outflows (ham)_Transpiration_Total,Inflows and Outflows (ham)_Evapotranspiration_C,Inflows and Outflows (ham)_Evapotranspiration_NC,Inflows and Outflows (ham)_Evapotranspiration_PQ,Inflows and Outflows (ham)_Evapotranspiration_Total,Inflows and Outflows (ham)_C_Total,Inflows and Outflows (ham)_NC_Total,Inflows and Outflows (ham)_PQ_Total,Inflows and Outflows (ham)_Total_Total,Annual Ground water Recharge (ham)_Total_C,Annual Ground water Recharge (ham)_Total_NC,Annual Ground water Recharge (ham)_Total_PQ,Annual Ground water Recharge (ham)_Total_Total,Environmental Flows (ham)_Total_C,Environmental Flows (ham)_Total_NC,Environmental Flows (ham)_Total_PQ,Environmental Flows (ham)_Total_Total,Annual Extractable Ground water Resource (ham)_Total_C,Annual Extractable Ground water Resource (ham)_Total_NC,Annual Extractable Ground water Resource (ham)_Total_PQ,Annual Extractable Ground water Resource (ham)_Total_Total,Ground Water Extraction for all uses (ha.m)_Domestic_C,Ground Water Extraction for all uses (ha.m)_Domestic_NC,Ground Water Extraction for all uses (ha.m)_Domestic_PQ,Ground Water Extraction for all uses (ha.m)_Domestic_Total,Ground Water Extraction for all uses (ha.m)_Industrial_C,Ground Water Extraction for all uses (ha.m)_Industrial_NC,Ground Water Extraction for all uses (ha.m)_Industrial_PQ,Ground Water Extraction for all uses (ha.m)_Industrial_Total,Ground Water Extraction for all uses (ha.m)_Irrigation_C,Ground Water Extraction for all uses (ha.m)_Irrigation_NC,Ground Water Extraction for all uses (ha.m)_Irrigation_PQ,Ground Water Extraction for all uses (ha.m)_Irrigation_Total,Ground Water Extraction for all uses (ha.m)_C_Total,Ground Water Extraction for all uses (ha.m)_NC_Total,Ground Water Extraction for all uses (ha.m)_PQ_Total,Ground Water Extraction for all uses (ha.m)_Total_Total,Stage of Ground Water Extraction (%)_Total_C,Stage of Ground Water Extraction (%)_Total_NC,Stage of Ground Water Extraction (%)_Total_PQ,Stage of Ground Water Extraction (%)_Total_Total,Allocation of Ground Water Resource for Domestic Utilisation for projected year 2025 (ham)_Total_C,Allocation of Ground Water Resource for Domestic Utilisation for projected year 2025 (ham)_Total_NC,Allocation of Ground Water Resource for Domestic Utilisation for projected year 2025 (ham)_Total_PQ,Allocation of Ground Water Resource for Domestic Utilisation for projected year 2025 (ham)_Total_Total,Net Annual Ground Water Availability for Future Use (ham)_Total_C,Net Annual Ground Water Availability for Future Use (ham)_Total_NC,Net Annual Ground Water Availability for Future Use (ham)_Total_PQ,Net Annual Ground Water Availability for Future Use (ham)_Total_Total,Quality Tagging_Major Parameter Present_C,Quality Tagging_Major Parameter Present_NC,Quality Tagging_Major Parameter Present_PQ,Quality Tagging_Other Parameters Present_C,Quality Tagging_Other Parameters Present_NC,Quality Tagging_Other Parameters Present_PQ,Additional Potential Resources Under Specific Conditions(ham)_Other Parameters Present_Waterlogged and shallow water Table,Additional Potential Resources Under Specific Conditions(ham)_Other Parameters Present_Flood Prone,Additional Potential Resources Under Specific Conditions(ham)_Other Parameters Present_Spring Discharge,Coastal Areas_Other Parameters Present_C,Coastal Areas_Other Parameters Present_NC,Coastal Areas_Other Parameters Present_PQ,Coastal Areas_Other Parameters Present_Total,In-Storage Unconfined Ground Water Resources(ham)_Other Parameters Present_Fresh,In-Storage Unconfined Ground Water Resources(ham)_Other Parameters Present_Saline,Total Ground Water Availability in Unconfined Aquifier (ham)_Other Parameters Present_Fresh,Total Ground Water Availability in Unconfined Aquifier (ham)_Other Parameters Present_Saline,Dynamic Confined Ground Water Resources(ham)_Other Parameters Present_Fresh,Dynamic Confined Ground Water Resources(ham)_Other Parameters Present_Saline,In-Storage Confined Ground Water Resources(ham)_Other Parameters Present_Fresh,In-Storage Confined Ground Water Resources(ham)_Other Parameters Present_Saline,Total Confined Ground Water Resources (ham)_Other Parameters Present_Fresh,Total Confined Ground Water Resources (ham)_Other Parameters Present_Saline,Dynamic Semi Confined Ground Water Resources (ham)_Other Parameters Present_Fresh,Dynamic Semi Confined Ground Water Resources (ham)_Other Parameters Present_Saline,In-Storage Semi Confined Ground Water Resources (ham)_Other Parameters Present_Fresh,In-Storage Semi Confined Ground Water Resources (ham)_Other Parameters Present_Saline,Total Semi-Confined Ground Water Resources (ham)_Other Parameters Present_Fresh,Total Semi-Confined Ground Water Resources (ham)_Other Parameters Present_Saline,Total Ground Water Availability in the area (ham)_Other Parameters Present_Fresh,Total Ground Water Availability in the area (ham)_Other Parameters Present_Saline
1,ANDAMAN AND NICOBAR ISLANDS,N & M ANDAMAN,,0.0,2954.4300000000003,0.0,2954.4300000000003,0.0,58040.0,0.0,58040.0,286106.0,344146.0,0.0,9770.87,0.0,9770.87,,,,,0.0,0.0,0.0,0.0,0.0,0.0,0.0,0.0,0.0,12.63,0.0,12.63,0.0,0.0,0.0,0.0,,,,,,,,,0.0,9783.5,0.0,9783.5,,,,,,,,,,,,0.0,,,,0.0,,,,,,,,,,,,,,,,0.0,0.0,9783.5,0.0,9783.5,0.0,978.34,0.0,978.34,0.0,8805.16,0.0,8805.16,,244.16820999999996,,244.16820999999996,,83.03693234600001,,83.03693234600001,,0.804,,0.804,,327.98999999999995,,327.98999999999995,,3.724974901080729,,3.724974901080729,0.0,269.19000000000005,0.0,269.19000000000005,0.0,8452.159999999998,0.0,8452.159999999998,,,,,,,0.0,0.0,0.0,,,,,0.0,0.0,8805.16,0.0,0.0,,0.0,,0.0,,,,,,,,8805.16,0.0
2,ANDAMAN AND NICOBAR ISLANDS,NICOBAR,,0.0,2954.4299999999994,2954.43,2954.4299999999994,0.0,121615.0,828.0,122443.0,71723.0,194166.0,0.0,15184.09,299.74,15483.83,,,,,0.0,0.0,0.0,0.0,0.0,0.0,0.0,0.0,0.0,1.0,0.0,1.0,0.0,0.0,0.0,0.0,,,,,,,,,0.0,15185.090000000002,299.74,15484.830000000002,,,,,,,,,,,,0.0,,,,0.0,,,,,,,,,,,,,,,,0.0,0.0,15185.090000000002,299.74,15484.830000000002,0.0,1518.51,29.97,1548.48,0.0,13666.579999999998,269.77,13936.349999999999,,82.25931999999999,2.9369725,85.19629249999998,,0.9433643835616439,0.0,0.9433643835616439,,0.43899999999999995,0.0,0.43899999999999995,,83.63,2.94,86.57,,0.6119307098045013,1.0898172517329578,0.6119307098045013,0.0,90.68,0.0,93.92,0.0,13574.55,269.77,13574.55,,,,,,,0.0,0.0,0.0,,,,,0.0,0.0,13666.58,269.77,0.0,,0.0,,0.0,,,,,,,,13666.58,269.77
3,ANDAMAN AND NICOBAR ISLANDS,SOUTH ANDAMAN,,0.0,2954.43,0.0,2954.43,0.0,31524.0,0.0,31524.0,215659.81,247183.81,0.0,6570.21,0.0,6570.21,,,,,0.0,0.0,0.0,0.0,0.0,0.0,0.0,0.0,0.0,12.510000000000002,0.0,12.510000000000002,0.0,0.0,0.0,0.0,,,,,,,,,0.0,6582.720000000001,0.0,6582.720000000001,,,,,,,,,,,,0.0,,,,0.0,,,,,,,,,,,,,,,,0.0,0.0,6582.720000000001,0.0,6582.720000000001,0.0,562.4,0.0,562.4,0.0,6020.32,0.0,6020.32,,300.81785249999996,,300.81785249999996,,13.543,,13.543,,13.543,,13.543,,327.87,,327.87,,5.446056023600074,,5.446056023600074,0.0,331.62,0.0,331.62,0.0,5661.64,0.0,5661.64,,,,,,,0.0,0.0,0.0,,,,,0.0,0.0,6020.32,0.0,0.0,,0.0,,0.0,,,,,,,,6020.32,0.0
4,ANDHRA PRADESH,Ananthapuramu,,529.0782091654552,554.3763190083247,0.0,550.7844559574655,242803.0,1467300.33,0.0,1710103.33,202896.66999999998,1913000.0,8791.07,77069.04000000002,0.0,85860.11000000002,1536.7800000000002,,,1536.7800000000002,12260.880000000001,1361.65,0.0,13622.530000000002,3032.7999999999997,13467.56,0.0,16500.359999999997,1582.8600000000001,12972.270000000002,0.0,14555.130000000003,3327.1200000000003,50087.628000000004,0.0,53414.748000000014,,,,,,,,,30531.439999999988,154957.6,0.0,185489.04,,,,,,,,,,,,0.0,,,,0.0,,,,,,,,,,,,,,,,0.0,30531.439999999988,154957.6,0.0,185489.04,1526.72,7748.010000000001,0.0,9274.69,29004.72,147209.59,0.0,176214.31000000006,1448.4494439000002,15503.4450063,,16951.894450200005,7.199999999999999,589.8239999999998,,597.0239999999999,11156.52678,101577.30930000002,,112733.83608000001,12612.02,117670.28,,130282.30000000002,43.48264696228752,79.93384126672726,,73.9340068351997,1791.2600000000002,21476.940000000002,0.0,23268.2,16747.750000000004,61799.470000000016,0.0,78547.22000000002,,,,,,,,,,,,,,4177944.7599999993,0.0,4354159.029999999,0.0,0.0,,0.0,,0.0,,,,,,,,4354159.029999999,0.0
5,ANDHRA PRADESH,Chittoor,,1188.766578967193,843.7723919487313,0.0,861.8597754181726,53098.0,959679.85,0.0,1012777.85,137617.15,1150395.0,7057.230000000001,86499.04999999997,0.0,93556.27999999998,461.8,,,461.8,0.0,518.4699999999999,0.0,518.4699999999999,563.8,10485.900000000001,0.0,11049.7,47.010000000000005,606.31,0.0,653.3199999999999,716.368,30998.046000000006,0.0,31714.414,,,,,,,,,8846.199999999999,129108.02000000003,0.0,137954.22,,,,,,,,,,,,0.0,,,,0.0,,,,,,,,,,,,,,,,0.0,8846.199999999999,129108.02000000003,0.0,137954.22,442.36,6455.790000000002,0.0,6898.1500000000015,8403.84,122652.23000000001,0.0,131056.07000000004,209.78129999999996,5751.3359120000005,,5961.117212000001,68.39999999999999,2800.3679999999995,,2868.767999999999,2436.7079999999996,67465.6216120482,,69902.32961204821,2714.92,76017.74999999997,,78732.66999999998,32.3057078668799,61.97828608578904,,60.07556155163203,371.61,9690.17,0.0,10061.779999999999,5545.419999999999,47934.649999999994,0.0,53480.06999999999,,,,,,,,,,,,,,4651035.35,0.0,4782091.430000001,0.0,0.0,,0.0,,0.0,,,,,,,,4782091.430000001,0.0
6,ANDHRA PRADESH,East Godavari,,1150.0511681939456,1209.0097844500092,1200.1294880776786,1186.1400103992314,383586.6598,519951.6023047998,139535.07203,1043073.3341347997,237444.2433081616,1280517.5774429613,38964.490000000005,32646.299999999996,17309.98,88920.77000000002,54918.31,,10393.09,65311.399999999994,111189.28000000003,7451.000000000001,29888.039999999997,148528.32000000007,7946.940000000002,1433.9099999999999,322.32000000000005,9703.17,3368.69,835.5000000000001,0.0,4204.1900000000005,1475.9979999999998,2198.942,484.83000000000004,4159.7699999999995,,,,,,,,,217863.75,44565.32999999999,58398.20000000001,320827.28,,,,,,,,,,,,0.0,,,,0.0,,,,,,,,,,,,,,,,0.0,217863.75,44565.32999999999,58398.20000000001,320827.28,10893.319999999998,2228.44,2919.9799999999996,16041.749999999995,206970.43000000008,42336.89,55478.22,304785.5400000001,2450.199024,1586.7279168,64.49985360000001,4101.426794399999,4206.5916,524.4408,3052.4256,7783.457999999998,32979.11,6179.62,3094.08,42252.81000000003,39635.5,8290.650000000001,6210.860000000001,54137.01,19.150320168924605,19.582567354380544,11.19513207164902,19.223723555329215,2855.9200000000005,1849.1400000000003,0.0,4780.249999999997,168348.60000000003,34897.99999999999,50051.44,203246.60000000003,,,,,,,,,,,,,,0.0,0.0,249307.32000000007,55478.22,0.0,,0.0,,0.0,,,,,,,,249307.32000000007,55478.22
7,ANDHRA PRADESH,Guntur,,832.1615089451932,760.9354575349525,909.3173161262363,835.0597376131084,653894.4559,182136.20739999998,207330.3758,1043361.0400000002,95745.4301,1139106.4701,43472.14,8119.73,11849.009999999998,63440.88000000001,10726.94,,552.7300000000001,11279.670000000004,96407.08392465943,1838.3737371619854,7715.008876394173,105960.54999999997,8003.240000000001,1058.19,17.220000000000002,9078.65,1380.8899999999996,159.64000000000001,164.21000000000006,1704.7399999999998,6592.056,191.708,1037.104,7820.867999999999,,,,,,,,,166582.51999999996,11367.68,21335.399999999998,199285.59999999998,,,,,,,,,,,,0.0,,,,0.0,,,,,,,,,,,,,,,,0.0,166582.51999999996,11367.68,21335.399999999998,199285.59999999998,8329.17,568.43,1066.79,9964.349999999997,158253.35,10799.249999999998,20268.61,189321.21,9829.082620000001,1121.61965,811.9242675,11762.626537499998,164.39600000000002,134.1375,0.0,298.5335,34445.537648124,7308.265000000001,208.328,41962.13064812399,44438.89999999999,8564.1,1020.1999999999999,54023.179999999986,28.080858951801012,79.3027293562053,5.033398935595485,31.352951684860216,13362.420000000002,1549.19,0.0,15899.090000000002,114498.78000000001,4983.759999999999,20070.260000000002,119482.54000000001,,,,,,,,,,,,,,2040741.5199999993,672176.3300000001,2209794.11,692444.9399999998,0.0,,0.0,,0.0,,,,,,,,2209794.11,692444.9399999998
8,ANDHRA PRADESH,Krishna,,1030.6827233280687,1014.7917950212978,1039.2219848467407,1032.221521882914,526143.0,61743.0,269381.0,857267.0,15433.0,872700.0,51111.15,6429.939999999999,25424.51,82965.59999999998,39853.95,,0.0,39853.95,144138.87000000002,1846.91,59273.27,205259.04999999996,15395.38,594.97,0.0,15990.35,1067.45,313.95,0.0,1381.3999999999999,6862.314000000001,2937.6560000000004,0.0,9799.97,,,,,,,,,258428.97000000006,12123.32,84697.78,355250.06999999995,,,,,,,,,,,,0.0,,,,0.0,,,,,,,,,,,,,,,,0.0,258428.97000000006,12123.32,84697.78,355250.06999999995,12921.67,606.2400000000001,4234.900000000001,17762.760000000002,245507.30000000008,11517.08,80462.88,337487.2600000001,6794.815565999999,601.2651659999998,0.0,7396.080731999999,2502.8999999999996,316.8,0.0,2819.7,57513.076923772045,4955.593622185824,0.0,62468.67054595788,66810.51999999997,5873.700000000001,0.0,72684.22,27.213251907377074,50.99990622623096,0.0,28.279115000685913,7289.670000000001,622.9499999999999,0.0,7912.62,180336.68999999997,6063.700000000001,80462.88,186400.38999999998,,,,,,,,,,,,,,0.0,0.0,257024.38000000006,80462.88,0.0,,0.0,,0.0,,,,,,,,257024.38000000006,80462.88
9,ANDHRA PRADESH,Kurnool,,692.3608376846823,630.111483935772,0.0,654.3485700184553,575109.0,901973.0,0.0,1477082.0,288718.0,1765800.0,26805.8,39381.93000000001,0.0,66187.73,,,,,96860.42000000001,8098.099999999998,0.0,104958.52,4249.19,3495.94,0.0,7745.130000000001,823.2699999999999,1231.8399999999995,0.0,2055.11,628.7379999999999,1408.504,0.0,2037.2420000000006,,,,,,,,,129367.61000000002,53616.59999999999,0.0,182984.21000000008,,,,,,,,,,,,0.0,,,,0.0,,,,,,,,,,,,,,,,0.0,129367.61000000002,53616.59999999999,0.0,182984.21000000008,6468.689999999999,2680.78,0.0,9149.449999999997,122898.92000000001,50935.81999999999,0.0,173834.74000000005,480.7080000000001,452.28959999999995,,932.9975999999999,61.50000000000001,112.19999999999996,,173.69999999999993,17164.165,16933.951500000003,,34098.116500000004,17705.709999999995,17497.99,,35203.700000000004,14.406725461867357,34.353015225827335,,20.25124552204007,480.98999999999995,452.4,0.0,933.3899999999998,105862.45999999999,35181.68,0.0,141044.13999999998,,,,,,,,,,,,,,0.0,0.0,173834.74,0.0,0.0,,0.0,,0.0,,,,,,,,173834.74,0.0
10,ANDHRA PRADESH,Prakasam,,864.986546971751,844.3481612281769,819.4875762859634,850.5444443385805,474317.0,967548.0,27528.0,1469393.0,293144.0,1762537.0,32378.86,58469.44000000001,1790.8900000000003,92639.18999999999,1686.4799999999993,,47.269999999999996,1733.7499999999993,6017.33,3176.76,4923.57,14117.659999999998,1484.31,3276.28,0.0,4760.589999999999,1425.1000000000001,4901.339999999999,173.74,6500.179999999999,6870.911999999998,13565.244,118.37599999999999,20554.531999999996,,,,,,,,,49862.810000000005,83389.04999999999,7053.870000000001,140305.72999999998,,,,,,,,,,,,0.0,,,,0.0,,,,,,,,,,,,,,,,0.0,49862.810000000005,83389.04999999999,7053.870000000001,140305.72999999998,2493.4,4169.860000000001,352.72999999999996,7015.960000000002,47369.41000000001,79219.19000000002,6701.1399999999985,133289.74000000002,804.3485676999998,1028.7488113000002,116.6227524,1949.7201313999997,251.4,61.74,0.0,313.13999999999993,10638.427925941978,28401.371124405938,0.0,39039.79905034791,11694.649999999998,29491.230000000003,116.60999999999999,41302.490000000005,24.688190121008464,37.22738139584612,1.7401516756850328,32.53522039109367,4513.08,5646.72,0.0,10307.359999999999,33772.9,52135.13999999999,6701.149999999999,85908.04,,,,,,,,,,,,,,5802613.32,33739.99,5929201.750000001,40441.14,0.0,,0.0,,0.0,,,,,,,,5929201.750000001,40441.14
11,ANDHRA PRADESH,Sri Potti Sriramulu Nellore,,1083.2580500893546,1067.4864048508853,1202.7487603305785,1071.7911903564273,338350.3637503268,908641.7635925825,242.0,1247234.1273429093,60371.0,1307605.1273429096,34341.9,86439.12,36.68,120817.69999999998,2455.4000000000005,,,2455.4000000000005,112086.42,5603.0599999999995,0.0,117689.48000000001,9449.16,13824.479999999998,0.0,23273.640000000003,6307.120000000002,14525.730000000001,9223.96,30056.809999999998,6664.364,23931.204000000005,19.974,30615.54200000001,,,,,,,,,171304.49,144323.75000000003,9280.62,324908.86000000004,,,,,,,,,,,,0.0,,,,0.0,,,,,,,,,,,,,,,,0.0,171304.49,144323.75000000003,9280.62,324908.86000000004,8565.269999999999,7216.389999999999,464.01,16245.690000000002,162739.22,137107.36,8816.61,308663.19,1670.7565599000002,3117.1004742000005,0.0,4787.8570341,694.98,1087.02,0.0,1781.9999999999998,34342.733,58434.154999999984,0.0,92776.88799999996,36708.259999999995,62637.57000000001,0.0,99345.82999999999,22.556492528353026,45.68505293953586,0.0,33.132220484222294,3166.25,5616.019999999999,0.0,8782.27,125248.91,77143.08,8816.61,202391.99,,,,,,,,,,,,,,0.0,0.0,299846.57999999996,8816.61,0.0,,0.0,,0.0,,,,,,,,299846.57999999996,8816.61
12,ANDHRA PRADESH,Srikakulam,,1106.6672155414171,1150.4775219759267,0.0,1138.880632150336,147271.0,409084.0,0.0,556355.0,27584.0,583939.0,13888.39,39742.84000000001,0.0,53631.23000000002,14445.009999999998,,1150.3500000000001,15595.359999999997,21537.019999999997,3724.1699999999996,0.0,25261.19,1479.9000000000003,1867.81,0.0,3347.7100000000005,4051.9799999999996,8131.839999999998,0.0,12183.830000000002,2784.4680000000003,16542.877999999997,0.0,19327.346000000005,,,,,,,,,58186.799999999996,70009.54,1150.3500000000001,129346.68999999997,,,,,,,,,,,,0.0,,,,0.0,,,,,,,,,,,,,,,,0.0,58186.799999999996,70009.54,1150.3500000000001,129346.68999999997,2909.5000000000005,3500.7600000000007,57.519999999999996,6467.710000000001,55277.3,66508.78000000001,1092.83,122878.91,2425.5347472,6355.737498299998,,8781.272245499998,12.96,407.95200000000006,,420.91200000000003,6868.777999999999,12689.25065,,19558.02865,9307.41,19452.839999999997,,28760.25,16.837671159770828,29.248529291922047,,23.615383630050328,3554.2700000000004,13262.71,0.0,16816.979999999996,46087.020000000004,46439.55,1092.83,92526.57,,,,,,,,,,,,,,0.0,0.0,121786.08000000002,1092.83,0.0,,0.0,,0.0,,,,,,,,121786.08000000002,1092.83
13,ANDHRA PRADESH,Visakhapatnam,,1192.906378686965,1210.4438106803361,0.0,1209.0218182611347,52550.0,595549.1310554254,0.0,648099.1310554254,456963.20352999994,1105062.334585425,6518.0,67276.89,0.0,73794.89,556.86,,15.18,572.04,15765.509999999997,849.0,0.0,16614.51,389.66999999999996,1733.1400000000003,0.0,2122.81,262.73,2103.9299999999994,0.0,2366.6599999999994,256.66799999999995,3195.888,0.0,3452.555999999999,,,,,,,,,23749.470000000012,75158.25,15.18,98922.90000000002,,,,,,,,,,,,0.0,,,,0.0,,,,,,,,,,,,,,,,0.0,23749.470000000012,75158.25,15.18,98922.90000000002,1187.7400000000002,3758.4400000000005,0.76,4946.919999999999,22561.730000000003,71399.81,14.42,93975.96,1262.6031483,14642.281480849999,,15904.884629149998,31.896,464.79540000000014,,496.6914000000001,1480.9517106000005,7698.54,,9179.4917106,2775.41,22804.990000000005,,25580.4,12.301405964879464,31.93984689875226,,27.224330295139904,1300.82,15355.009999999998,0.0,16655.829999999998,19834.609999999997,49910.62,14.42,69745.23,,,,,,,,,,,,,,2351207.37,0.0,2445168.87,14.42,0.0,,0.0,,0.0,,,,,,,,2445168.87,14.42
14,ANDHRA PRADESH,Vizianagaram,,1129.88491998018,1131.6252484468714,0.0,1131.2295827218052,139444.10723999998,473898.2521500001,0.0,613342.35939,38203.36901999999,651545.7284100001,13318.200000000003,46982.48000000001,0.0,60300.68,1786.7800000000002,,0.0,1786.7800000000002,14272.83,23546.2,0.0,37819.02999999999,2443.84,7790.349999999999,0.0,10234.199999999999,72941.25,21661.22,0.0,94602.47000000002,3712.2880000000005,17180.031999999996,0.0,20892.319999999996,,,,,,,,,108475.16000000003,117160.51,0.0,225635.66999999998,,,,,,,,,,,,0.0,,,,0.0,,,,,,,,,,,,,,,,0.0,108475.16000000003,117160.51,0.0,225635.66999999998,5424.15,5858.49,0.0,11282.52,103051.01000000001,111302.02,0.0,214353.03000000003,348.138,1378.0800000000004,,1726.218,103.68,116.63999999999999,,220.32,9889.521799999997,30886.220957200007,,40775.7427572,10341.349999999999,32380.26,,42721.60999999999,10.035175783332932,29.09224828084881,,19.930490369088783,1500.7799999999997,3939.7199999999993,0.0,5440.5,92121.73000000001,78213.45999999999,0.0,170335.19,,,,,,,,,,,,,,0.0,0.0,214353.03000000003,0.0,0.0,,0.0,,0.0,,,,,,,,214353.03000000003,0.0
15,ANDHRA PRADESH,West Godavari,,739.4178817009807,1011.2362754275568,695.6988083713615,899.4490545914908,148422.41999999998,523083.451,170413.69,841919.561,8748.889,850668.4500000001,14402.56,53989.399999999994,15730.650000000001,84122.61000000002,7585.0199999999995,,2695.56,10280.580000000002,66354.78,0.0,75471.92,141826.69999999998,696.4899999999999,7028.290000000003,28.9,7753.68,2290.7,26590.319999999992,0.0,28881.019999999997,336.304,1142.3099999999997,0.0,1478.6140000000003,,,,,,,,,91665.86999999997,88754.17000000001,93927.03,274347.07,,,,,,,,,,,,0.0,,,,0.0,,,,,,,,,,,,,,,,0.0,91665.86999999997,88754.17000000001,93927.03,274347.07,4583.21,4434.2,4696.4400000000005,13713.810000000003,87082.65999999999,84319.96999999999,89230.59000000001,260633.21999999997,913.1206844999998,3542.9030219999995,259.51500000000004,4715.538706500001,151.20000000000005,230.04,157.32,538.5600000000002,6041.985000000001,37902.052500000005,818.78,44762.81750000001,7105.98,41675.03999999999,1234.8500000000001,50015.99999999999,8.160040127391607,49.424875269761124,1.383886400392511,28.459977539434494,1532.3799999999999,4703.540000000001,0.0,6494.289999999999,79533.19999999998,43729.619999999995,88274.90000000001,123262.81999999998,,,,,,,,,,,,,,0.0,0.0,171402.63,89230.59000000001,0.0,,0.0,,0.0,,,,,,,,171402.63,89230.59000000001
16,ANDHRA PRADESH,Y.S.R Kadapa,,692.1597136399365,709.7172456868432,0.0,699.4218729060784,714974.0,504329.0,0.0,1219303.0,315697.0,1535000.0,49811.020000000004,34056.600000000006,0.0,83867.62000000004,37.010000000000005,,,37.010000000000005,0.0,0.0,0.0,0.0,5214.08,4795.029999999999,0.0,10009.109999999999,2670.4100000000003,2092.79,0.0,4763.2,10003.212000000001,7031.387999999999,0.0,17034.6,,,,,,,,,67735.68999999999,47975.86,0.0,115711.55000000002,,,,,,,,,,,,0.0,,,,0.0,,,,,,,,,,,,,,,,0.0,67735.68999999999,47975.86,0.0,115711.55000000002,3386.9400000000005,2398.7200000000003,0.0,5785.62,64348.750000000015,45577.140000000014,0.0,109925.89000000004,1710.7172,2594.5821999999994,,4305.299400000001,287.352,96.84,,384.1920000000001,27255.623000000007,26882.26134999999,,54137.88435000002,29253.31,29573.63,,58826.94000000001,45.46057227218865,64.88698062230318,,53.51509093990504,1710.66,2594.64,0.0,4305.3,40351.55999999999,24437.499999999996,0.0,64789.05999999998,,,,,,,,,,,,,,8939599.18,0.0,9049525.04,0.0,0.0,,0.0,,0.0,,,,,,,,9049525.04,0.0
17,ARUNACHAL PRADESH,ANJAW,,0.0,0.0,0.0,0.0,0.0,0.0,0.0,0.0,619000.0,619000.0,,,,,,,,,,,,,,,,,,,,,,,,,,,,,,,,,,,,,,,,,,,,,,,,0.0,,,,0.0,0.0,0.0,0.0,0.0,0.0,0.0,0.0,0.0,0.0,0.0,0.0,0.0,0.0,0.0,0.0,0.0,0.0,0.0,0.0,0.0,,,,0.0,0.0,0.0,0.0,0.0,,,,0.0,,,,0.0,,,,0.0,,,,,,,,,0.0,0.0,0.0,0.0,0.0,0.0,0.0,0.0,0.0,0.0,0.0,[],[],[],0.0,0.0,0.0,,,,,0.0,0.0,0.0,0.0,0.0,,0.0,,0.0,,0.0,,0.0,,0.0,,0.0,0.0
18,ARUNACHAL PRADESH,CHANGLANG,,0.0,2599.5,0.0,2599.5,0.0,53000.0,0.0,53000.0,413200.0,466200.0,0.0,24248.14,0.0,24248.14,0.0,,0.0,0.0,0.0,1093.4599999999998,0.0,1093.4599999999998,0.0,0.0,0.0,0.0,0.0,0.0,0.0,0.0,,,,,,,,,,,,,0.0,25341.600000000002,0.0,25341.600000000002,,,,,,,,,,,,0.0,,,,0.0,0.0,0.0,0.0,0.0,0.0,1417.66,0.0,1417.66,0.0,0.0,0.0,0.0,0.0,-1417.6599999999999,0.0,-1417.6599999999999,0.0,23923.940000000002,0.0,23923.940000000002,0.0,2534.17,0.0,2534.17,0.0,21389.77,0.0,21389.77,,185.313852306,,185.313852306,,0.0,,0.0,,0.0,,0.0,,185.31,,185.31,,0.8663487265173958,,0.8663487265173958,0.0,205.88,0.0,205.88,0.0,21183.89,0.0,21183.89,0.0,0.0,0.0,[],[],[],13761.2,0.0,0.0,,,,,1891160.84,0.0,1912550.61,0.0,0.0,,0.0,,0.0,,0.0,,0.0,,0.0,,1912550.61,0.0
19,ARUNACHAL PRADESH,DIBANG VALLEY,,0.0,0.0,0.0,0.0,0.0,0.0,0.0,0.0,912900.0,912900.0,,,,,,,,,,,,,,,,,,,,,,,,,,,,,,,,,,,,,,,,,,,,,,,,0.0,,,,0.0,0.0,0.0,0.0,0.0,0.0,0.0,0.0,0.0,0.0,0.0,0.0,0.0,0.0,0.0,0.0,0.0,0.0,0.0,0.0,0.0,,,,0.0,0.0,0.0,0.0,0.0,,,,0.0,,,,0.0,,,,0.0,,,,,,,,,0.0,0.0,0.0,0.0,0.0,0.0,0.0,0.0,0.0,0.0,0.0,[],[],[],0.0,0.0,0.0,,,,,0.0,0.0,0.0,0.0,0.0,,0.0,,0.0,,0.0,,0.0,,0.0,,0.0,0.0
20,ARUNACHAL PRADESH,EAST KAMENG,,0.0,2136.1,0.0,2136.1,0.0,31250.0,0.0,31250.0,382150.0,413400.0,0.0,11748.55,0.0,11748.55,0.0,,0.0,0.0,0.0,480.0,0.0,480.0,0.0,0.0,0.0,0.0,0.0,0.0,0.0,0.0,,,,,,,,,,,,,0.0,12228.55,0.0,12228.55,,,,,,,,,,,,0.0,,,,0.0,0.0,0.0,0.0,0.0,0.0,0.0,0.0,0.0,0.0,0.0,0.0,0.0,0.0,0.0,0.0,0.0,0.0,12228.55,0.0,12228.55,0.0,1222.8600000000001,0.0,1222.8600000000001,0.0,11005.69,0.0,11005.69,,28.350482282999998,,28.350482282999998,,0.0,,0.0,,0.0,,0.0,,28.35,,28.35,,0.2575940263627269,,0.2575940263627269,0.0,35.68,0.0,35.68,0.0,10970.01,0.0,10970.01,0.0,0.0,0.0,[],[],[],0.0,0.0,0.0,,,,,0.0,0.0,11005.69,0.0,0.0,,0.0,,0.0,,0.0,,0.0,,0.0,,11005.69,0.0
21,ARUNACHAL PRADESH,EAST SIANG,,0.0,4418.8,0.0,4418.8,0.0,110100.0,0.0,110100.0,250200.0,360300.0,0.0,76592.66,0.0,76592.66,0.0,,0.0,0.0,0.0,1822.7,0.0,1822.7,0.0,91.44,0.0,91.44,0.0,0.0,0.0,0.0,,,,,,,,,,,,,0.0,78506.8,0.0,78506.8,,,,,,,,,,,,0.0,,,,0.0,0.0,11.93,0.0,11.93,0.0,578.23,0.0,578.23,0.0,0.0,0.0,0.0,0.0,-590.16,0.0,-590.16,0.0,77916.64,0.0,77916.64,0.0,3925.34,0.0,3925.34,0.0,73991.3,0.0,73991.3,,68.24057520000001,,68.24057520000001,,1.0368,,1.0368,,253.09,,253.09,,322.37,,322.37,,0.4356863577204347,,0.4356863577204347,0.0,73.76,0.0,73.76,0.0,73663.41,0.0,73663.41,0.0,0.0,0.0,[],[],[],2494.688,0.0,0.0,,,,,3867671.63,0.0,3941662.93,0.0,0.0,,0.0,,0.0,,0.0,,0.0,,0.0,,3941662.93,0.0
22,ARUNACHAL PRADESH,KURUNG KUMEY,,0.0,0.0,0.0,0.0,0.0,0.0,0.0,0.0,604000.0,604000.0,0.0,0.0,0.0,0.0,0.0,,0.0,0.0,0.0,0.0,0.0,0.0,0.0,0.0,0.0,0.0,0.0,0.0,0.0,0.0,,,,,,,,,,,,,0.0,0.0,0.0,0.0,,,,,,,,,,,,0.0,,,,0.0,0.0,0.0,0.0,0.0,0.0,0.0,0.0,0.0,0.0,0.0,0.0,0.0,0.0,0.0,0.0,0.0,0.0,0.0,0.0,0.0,0.0,0.0,0.0,0.0,0.0,0.0,0.0,0.0,,,,0.0,,,,0.0,,,,0.0,,,,,,,,,0.0,0.0,0.0,0.0,0.0,0.0,0.0,0.0,0.0,0.0,0.0,[],[],[],0.0,0.0,0.0,,,,,0.0,0.0,0.0,0.0,0.0,,0.0,,0.0,,0.0,,0.0,,0.0,,0.0,0.0
23,ARUNACHAL PRADESH,LOHIT,,0.0,3003.5,0.0,3003.5,0.0,200000.0,0.0,200000.0,321200.0,521200.0,0.0,93665.65,0.0,93665.65,0.0,,0.0,0.0,0.0,667.5,0.0,667.5,0.0,0.0,0.0,0.0,0.0,0.0,0.0,0.0,,,,,,,,,,,,,0.0,94333.15,0.0,94333.15,,,,,,,,,,,,0.0,,,,0.0,0.0,789.81,0.0,789.81,0.0,1502.35,0.0,1502.35,0.0,0.0,0.0,0.0,0.0,-2292.1600000000003,0.0,-2292.1600000000003,0.0,92040.98999999999,0.0,92040.98999999999,0.0,4716.66,0.0,4716.66,0.0,87324.33,0.0,87324.33,,231.114353796,,231.114353796,,0.24,,0.24,,0.0,,0.0,,231.36,,231.36,,0.2649433439683992,,0.2649433439683992,0.0,254.34,0.0,254.34,0.0,87069.74,0.0,87069.74,0.0,0.0,0.0,[],[],[],5097.6,0.0,0.0,,,,,7102728.0,0.0,7190052.33,0.0,0.0,,0.0,,0.0,,0.0,,0.0,,0.0,,7190052.33,0.0
24,ARUNACHAL PRADESH,LOWER DIBANG VALLEY,,0.0,3507.0,0.0,3507.0,0.0,120000.0,0.0,120000.0,270000.0,390000.0,0.0,76744.8,0.0,76744.8,0.0,,0.0,0.0,0.0,995.7,0.0,995.7,0.0,0.0,0.0,0.0,0.0,0.0,0.0,0.0,,,,,,,,,,,,,0.0,77740.5,0.0,77740.5,,,,,,,,,,,,0.0,,,,0.0,0.0,0.0,0.0,0.0,0.0,0.0,0.0,0.0,0.0,0.0,0.0,0.0,0.0,0.0,0.0,0.0,0.0,77740.5,0.0,77740.5,0.0,7774.049999999999,0.0,7774.049999999999,0.0,69966.45,0.0,69966.45,,32.863994976,,32.863994976,,0.0,,0.0,,0.0,,0.0,,32.87,,32.87,,0.04697965953682086,,0.04697965953682086,0.0,34.28,0.0,34.28,0.0,69932.16,0.0,69932.16,0.0,0.0,0.0,[],[],[],0.0,0.0,0.0,,,,,4320000.0,0.0,4389966.45,0.0,0.0,,0.0,,0.0,,0.0,,0.0,,0.0,,4389966.45,0.0
25,ARUNACHAL PRADESH,LOWER SUBANSIRI,,0.0,2136.9,0.0,2136.9,0.0,10135.0,0.0,10135.0,340665.0,350800.0,0.0,4285.58,0.0,4285.58,0.0,,0.0,0.0,0.0,111.0,0.0,111.0,0.0,0.0,0.0,0.0,0.0,0.0,0.0,0.0,,,,,,,,,,,,,0.0,4396.58,0.0,4396.58,,,,,,,,,,,,0.0,,,,0.0,0.0,0.0,0.0,0.0,0.0,165.66,0.0,165.66,0.0,0.0,0.0,0.0,0.0,-165.66,0.0,-165.66,0.0,4230.92,0.0,4230.92,0.0,439.66,0.0,439.66,0.0,3791.26,0.0,3791.26,,20.595144564,,20.595144564,,0.0,,0.0,,0.0,,0.0,,20.590000000000003,,20.590000000000003,,0.5430912150577909,,0.5430912150577909,0.0,28.05,0.0,28.05,0.0,3763.22,0.0,3763.22,0.0,0.0,0.0,[],[],[],592.268,0.0,0.0,,,,,359114.27,0.0,362905.53,0.0,0.0,,0.0,,0.0,,0.0,,0.0,,0.0,,362905.53,0.0
26,ARUNACHAL PRADESH,PAPUM PARE,,0.0,3336.8,0.0,3336.8,0.0,17819.0,0.0,17819.0,328381.0,346200.0,0.0,9076.0,0.0,9076.0,0.0,,0.0,0.0,0.0,1506.85,0.0,1506.85,0.0,0.0,0.0,0.0,0.0,0.0,0.0,0.0,,,,,,,,,,,,,0.0,10582.85,0.0,10582.85,,,,,,,,,,,,0.0,,,,0.0,0.0,12.97,0.0,12.97,0.0,109.5,0.0,109.5,0.0,0.0,0.0,0.0,0.0,-122.47,0.0,-122.47,0.0,10460.380000000001,0.0,10460.380000000001,0.0,1058.28,0.0,1058.28,0.0,9402.099999999999,0.0,9402.099999999999,,97.30057521599997,,97.30057521599997,,18.490499999999997,,18.490499999999997,,0.0,,0.0,,115.79,,115.79,,1.2315333808404507,,1.2315333808404507,0.0,128.6,0.0,128.6,0.0,9255.01,0.0,9255.01,0.0,0.0,0.0,[],[],[],1996.2483999999997,0.0,0.0,,,,,99214.54,0.0,108616.64,0.0,0.0,,0.0,,0.0,,0.0,,0.0,,0.0,,108616.64,0.0
27,ARUNACHAL PRADESH,TAWANG,,0.0,0.0,0.0,0.0,0.0,0.0,0.0,0.0,217200.0,217200.0,0.0,0.0,0.0,0.0,0.0,,0.0,0.0,0.0,0.0,0.0,0.0,0.0,0.0,0.0,0.0,0.0,0.0,0.0,0.0,,,,,,,,,,,,,0.0,0.0,0.0,0.0,,,,,,,,,,,,0.0,,,,0.0,0.0,0.0,0.0,0.0,0.0,0.0,0.0,0.0,0.0,0.0,0.0,0.0,0.0,0.0,0.0,0.0,0.0,0.0,0.0,0.0,0.0,0.0,0.0,0.0,0.0,0.0,0.0,0.0,,,,0.0,,,,0.0,,,,0.0,,,,,,,,,0.0,0.0,0.0,0.0,0.0,0.0,0.0,0.0,0.0,0.0,0.0,[],[],[],0.0,0.0,0.0,,,,,0.0,0.0,0.0,0.0,0.0,,0.0,,0.0,,0.0,,0.0,,0.0,,0.0,0.0
28,ARUNACHAL PRADESH,TIRAP,,0.0,3459.4,0.0,3459.4,0.0,12500.0,0.0,12500.0,223700.0,236200.0,0.0,7214.22,0.0,7214.22,0.0,,0.0,0.0,0.0,278.51,0.0,278.51,0.0,0.0,0.0,0.0,0.0,0.0,0.0,0.0,,,,,,,,,,,,,0.0,7492.73,0.0,7492.73,,,,,,,,,,,,0.0,,,,0.0,0.0,0.0,0.0,0.0,0.0,0.0,0.0,0.0,0.0,0.0,0.0,0.0,0.0,0.0,0.0,0.0,0.0,7492.73,0.0,7492.73,0.0,374.63,0.0,374.63,0.0,7118.1,0.0,7118.1,,66.62866950000002,,66.62866950000002,,0.0,,0.0,,0.0,,0.0,,66.63,,66.63,,0.9360643992076536,,0.9360643992076536,0.0,71.23,0.0,71.23,0.0,7046.87,0.0,7046.87,0.0,0.0,0.0,[],[],[],2.0476,0.0,0.0,,,,,441083.0,0.0,448201.1,0.0,0.0,,0.0,,0.0,,0.0,,0.0,,0.0,,448201.1,0.0
29,ARUNACHAL PRADESH,UPPER SIANG,,0.0,0.0,0.0,0.0,0.0,0.0,0.0,0.0,659000.0,659000.0,0.0,0.0,0.0,0.0,0.0,,0.0,0.0,0.0,0.0,0.0,0.0,0.0,0.0,0.0,0.0,0.0,0.0,0.0,0.0,,,,,,,,,,,,,0.0,0.0,0.0,0.0,,,,,,,,,,,,0.0,,,,0.0,0.0,0.0,0.0,0.0,0.0,0.0,0.0,0.0,0.0,0.0,0.0,0.0,0.0,0.0,0.0,0.0,0.0,0.0,0.0,0.0,0.0,0.0,0.0,0.0,0.0,0.0,0.0,0.0,,,,0.0,,,,0.0,,,,0.0,,,,,,,,,0.0,0.0,0.0,0.0,0.0,0.0,0.0,0.0,0.0,0.0,0.0,[],[],[],0.0,0.0,0.0,,,,,0.0,0.0,0.0,0.0,0.0,,0.0,,0.0,,0.0,,0.0,,0.0,,0.0,0.0
30,ARUNACHAL PRADESH,UPPER SUBANSIRI,,0.0,1746.5,0.0,1746.5,0.0,700.0,0.0,700.0,702500.0,703200.0,0.0,215.17000000000002,0.0,215.17000000000002,0.0,,0.0,0.0,0.0,106.48,0.0,106.48,0.0,0.0,0.0,0.0,0.0,0.0,0.0,0.0,,,,,,,,,,,,,0.0,321.65,0.0,321.65,,,,,,,,,,,,0.0,,,,0.0,0.0,0.0,0.0,0.0,0.0,0.0,0.0,0.0,0.0,0.0,0.0,0.0,0.0,0.0,0.0,0.0,0.0,321.65,0.0,321.65,0.0,32.16,0.0,32.16,0.0,289.49,0.0,289.49,,19.118268569999998,,19.118268569999998,,0.0,,0.0,,0.0,,0.0,,19.11,,19.11,,6.601264292376248,,6.601264292376248,0.0,26.37,0.0,26.37,0.0,263.13,0.0,263.13,0.0,0.0,0.0,[],[],[],0.0,0.0,0.0,,,,,0.0,0.0,289.49,0.0,0.0,,0.0,,0.0,,0.0,,0.0,,0.0,,289.49,0.0
31,ARUNACHAL PRADESH,WEST KAMENG,,0.0,2521.3999999999996,0.0,2521.3999999999996,0.0,6175.0,0.0,6175.0,736025.0,742200.0,0.0,2740.2599999999998,0.0,2740.2599999999998,0.0,,0.0,0.0,0.0,61.2,0.0,61.2,0.0,0.0,0.0,0.0,0.0,0.0,0.0,0.0,,,,,,,,,,,,,0.0,2801.46,0.0,2801.46,,,,,,,,,,,,0.0,,,,0.0,0.0,0.0,0.0,0.0,0.0,0.0,0.0,0.0,0.0,0.0,0.0,0.0,0.0,0.0,0.0,0.0,0.0,2801.46,0.0,2801.46,0.0,280.15,0.0,280.15,0.0,2521.31,0.0,2521.31,,11.394919962,,11.394919962,,0.72,,0.72,,0.0,,0.0,,12.120000000000001,,12.120000000000001,,0.48070249195854536,,0.48070249195854536,0.0,12.25,0.0,12.25,0.0,2508.33,0.0,2508.33,0.0,0.0,0.0,[],[],[],0.0,0.0,0.0,,,,,0.0,0.0,2521.31,0.0,0.0,,0.0,,0.0,,0.0,,0.0,,0.0,,2521.31,0.0
32,ARUNACHAL PRADESH,WEST SIANG,,0.0,2912.8999999999996,0.0,2912.8999999999996,0.0,10459.0,0.0,10459.0,822041.0,832500.0,0.0,5362.02,0.0,5362.02,0.0,,0.0,0.0,0.0,0.0,0.0,0.0,0.0,0.0,0.0,0.0,0.0,0.0,0.0,0.0,,,,,,,,,,,,,0.0,5362.02,0.0,5362.02,,,,,,,,,,,,0.0,,,,0.0,0.0,0.0,0.0,0.0,0.0,0.0,0.0,0.0,0.0,0.0,0.0,0.0,0.0,0.0,0.0,0.0,0.0,5362.02,0.0,5362.02,0.0,536.1999999999999,0.0,536.1999999999999,0.0,4825.82,0.0,4825.82,,21.990213108,,21.990213108,,1.44,,1.44,,0.0,,0.0,,23.43,,23.43,,0.48551334281013386,,0.48551334281013386,0.0,23.04,0.0,23.04,0.0,4801.34,0.0,4801.34,0.0,0.0,0.0,[],[],[],0.0,0.0,0.0,,,,,0.0,0.0,4825.82,0.0,0.0,,0.0,,0.0,,0.0,,0.0,,0.0,,4825.82,0.0
33,BIHAR,ARARIA,,0.0,1632.0,0.0,1632.0,0.0,278937.0,0.0,278937.0,0.0,278937.0,0.0,74062.23000000001,0.0,74062.23000000001,0.0,,0.0,0.0,0.0,4071.78,0.0,4071.78,0.0,5227.500000000001,0.0,5227.500000000001,0.0,212.18,0.0,212.18,0.0,0.0,0.0,0.0,,,,,,,,,0.0,83573.65000000001,0.0,83573.65000000001,,,,,,,,,,,,0.0,,,,0.0,,,,,,,,,,,,,,,,0.0,0.0,83573.65000000001,0.0,83573.65000000001,0.0,7652.45,0.0,7652.45,0.0,75921.2,0.0,75921.2,,5425.3103599999995,,5425.3103599999995,,927.0,,927.0,,13511.939999999999,,13511.939999999999,,19864.24,,19864.24,,26.164286128248765,,26.164286128248765,0.0,6094.29,0.0,6094.29,0.0,55387.979999999996,0.0,55387.979999999996,,,,,,,,,,,,,,0.0,0.0,75921.20000000001,0.0,0.0,,0.0,,0.0,,,,,,,,75921.20000000001,0.0
34,BIHAR,ARWAL,,0.0,1075.3000000000002,0.0,1075.3,0.0,63683.0,0.0,63683.0,0.0,63683.0,0.0,15463.73,0.0,15463.73,0.0,,0.0,0.0,0.0,2841.6800000000003,0.0,2841.6800000000003,0.0,2282.1800000000003,0.0,2282.1800000000003,0.0,57.47,0.0,57.47,0.0,0.0,0.0,0.0,,,,,,,,,0.0,20645.059999999998,0.0,20645.059999999998,,,,,,,,,,,,0.0,,,,0.0,,,,,,,,,,,,,,,,0.0,0.0,20645.059999999998,0.0,20645.059999999998,0.0,1938.79,0.0,1938.79,0.0,18706.27,0.0,18706.27,,1492.16818,,1492.16818,,405.0,,405.0,,6210.75,,6210.75,,8107.909999999999,,8107.909999999999,,43.343274741570596,,43.343274741570596,0.0,1676.17,0.0,1676.17,0.0,10414.35,0.0,10414.35,,,,,,,,,,,,,,0.0,0.0,18706.27,0.0,0.0,,0.0,,0.0,,,,,,,,18706.27,0.0
35,BIHAR,AURANGABAD,,0.0,974.5999999999999,0.0,974.5999999999999,0.0,309054.0,0.0,309054.0,21230.0,330284.0,0.0,68853.70999999999,0.0,68853.70999999999,0.0,,0.0,0.0,0.0,8223.61,0.0,8223.61,0.0,7718.47,0.0,7718.47,0.0,289.93999999999994,0.0,289.93999999999994,0.0,0.0,0.0,0.0,,,,,,,,,0.0,85085.74,0.0,85085.74,,,,,,,,,,,,0.0,,,,0.0,,,,,,,,,,,,,,,,0.0,0.0,85085.74,0.0,85085.74,0.0,8280.17,0.0,8280.17,0.0,76805.56999999999,0.0,76805.56999999999,,5192.13814,,5192.13814,,1278.0,,1278.0,,21138.25,,21138.25,,27608.37,,27608.37,,35.945791431532896,,35.945791431532896,0.0,5832.379999999999,0.0,5832.379999999999,0.0,48556.98,0.0,48556.98,,,,,,,,,,,,,,0.0,0.0,76805.56999999999,0.0,0.0,,0.0,,0.0,,,,,,,,76805.56999999999,0.0
36,BIHAR,BANKA,,0.0,1054.9000000000003,0.0,1054.9000000000003,0.0,267300.0,0.0,267300.0,34654.0,301954.0,0.0,43057.98,0.0,43057.98,0.0,,0.0,0.0,0.0,2800.1,0.0,2800.1,0.0,4654.44,0.0,4654.44,0.0,501.23,0.0,501.23,0.0,0.0,0.0,0.0,,,,,,,,,0.0,51013.73999999999,0.0,51013.73999999999,,,,,,,,,,,,0.0,,,,0.0,,,,,,,,,,,,,,,,0.0,0.0,51013.73999999999,0.0,51013.73999999999,0.0,5101.36,0.0,5101.36,0.0,45912.380000000005,0.0,45912.380000000005,,3542.34836,,3542.34836,,801.0,,801.0,,12657.33,,12657.33,,17000.69,,17000.69,,37.028553083068225,,37.028553083068225,0.0,3979.14,0.0,3979.14,0.0,28474.89,0.0,28474.89,,,,,,,,,,,,,,0.0,0.0,45912.380000000005,0.0,0.0,,0.0,,0.0,,,,,,,,45912.380000000005,0.0
37,BIHAR,BEGUSARAI,,0.0,1090.6000000000001,0.0,1090.6000000000001,0.0,189131.0,0.0,189131.0,0.0,189131.0,0.0,46979.59,0.0,46979.59,0.0,,0.0,0.0,0.0,1041.67,0.0,1041.67,0.0,7346.39,0.0,7346.39,0.0,371.93,0.0,371.93,0.0,0.0,0.0,0.0,,,,,,,,,0.0,55739.58,0.0,55739.58,,,,,,,,,,,,0.0,,,,0.0,,,,,,,,,,,,,,,,0.0,0.0,55739.58,0.0,55739.58,0.0,5573.98,0.0,5573.98,0.0,50165.59999999999,0.0,50165.59999999999,,6194.717074,,6194.717074,,1746.0,,1746.0,,20792.430000000004,,20792.430000000004,,28733.109999999997,,28733.109999999997,,57.276520165212816,,57.276520165212816,0.0,6958.590000000001,0.0,6958.590000000001,0.0,20668.640000000003,0.0,20668.640000000003,,,,,,,,,,,,,,0.0,0.0,50165.59999999999,0.0,0.0,,0.0,,0.0,,,,,,,,50165.59999999999,0.0
38,BIHAR,BHAGALPUR,,0.0,1208.3,0.0,1208.3,0.0,260255.0,0.0,260255.0,0.0,260255.0,0.0,69965.1,0.0,69965.1,0.0,,0.0,0.0,0.0,303.1499999999999,0.0,303.1499999999999,0.0,5346.39,0.0,5346.39,0.0,1096.96,0.0,1096.96,0.0,0.0,0.0,0.0,,,,,,,,,0.0,76711.61000000002,0.0,76711.61000000002,,,,,,,,,,,,0.0,,,,0.0,,,,,,,,,,,,,,,,0.0,0.0,76711.61000000002,0.0,76711.61000000002,0.0,7241.910000000001,0.0,7241.910000000001,0.0,69469.70000000001,0.0,69469.70000000001,,4840.38691,,4840.38691,,1062.0,,1062.0,,14008.92,,14008.92,,19911.280000000002,,19911.280000000002,,28.66181946949533,,28.66181946949533,0.0,5437.250000000001,0.0,5437.250000000001,0.0,48961.56,0.0,48961.56,,,,,,,,,,,,,,0.0,0.0,69469.70000000001,0.0,0.0,,0.0,,0.0,,,,,,,,69469.70000000001,0.0
39,BIHAR,BHOJPUR,,0.0,1051.4,0.0,1051.4,0.0,227530.0,0.0,227530.0,0.0,227530.0,0.0,54878.71,0.0,54878.71,0.0,,0.0,0.0,0.0,7892.219999999999,0.0,7892.219999999999,0.0,13768.51,0.0,13768.51,0.0,254.42000000000002,0.0,254.42000000000002,0.0,0.0,0.0,0.0,,,,,,,,,0.0,76793.86,0.0,76793.86,,,,,,,,,,,,0.0,,,,0.0,,,,,,,,,,,,,,,,0.0,0.0,76793.86,0.0,76793.86,0.0,7679.39,0.0,7679.39,0.0,69114.47,0.0,69114.47,,5194.90995,,5194.90995,,2313.0,,2313.0,,35935.74,,35935.74,,43443.64,,43443.64,,62.85751739107599,,62.85751739107599,0.0,5835.51,0.0,5835.51,0.0,25030.24,0.0,25030.24,,,,,,,,,,,,,,0.0,0.0,69114.47,0.0,0.0,,0.0,,0.0,,,,,,,,69114.47,0.0
40,BIHAR,BUXAR,,0.0,1051.4,0.0,1051.4,0.0,171006.0,0.0,171006.0,0.0,171006.0,0.0,41245.51,0.0,41245.51,0.0,,0.0,0.0,0.0,4946.0199999999995,0.0,4946.0199999999995,0.0,8597.04,0.0,8597.04,0.0,310.2,0.0,310.2,0.0,0.0,0.0,0.0,,,,,,,,,0.0,55098.770000000004,0.0,55098.770000000004,,,,,,,,,,,,0.0,,,,0.0,,,,,,,,,,,,,,,,0.0,0.0,55098.770000000004,0.0,55098.770000000004,0.0,5509.889999999999,0.0,5509.889999999999,0.0,49588.88,0.0,49588.88,,3219.9642999999996,,3219.9642999999996,,1458.0,,1458.0,,23195.560000000005,,23195.560000000005,,27873.52,,27873.52,,56.209214646509466,,56.209214646509466,0.0,3617.02,0.0,3617.02,0.0,21318.3,0.0,21318.3,,,,,,,,,,,,,,0.0,0.0,49588.87999999999,0.0,0.0,,0.0,,0.0,,,,,,,,49588.87999999999,0.0
41,BIHAR,DARBHANGA,,0.0,1123.6,0.0,1123.6,0.0,250429.0,0.0,250429.0,0.0,250429.0,0.0,61654.22,0.0,61654.22,0.0,,0.0,0.0,0.0,696.06,0.0,696.06,0.0,8208.260000000002,0.0,8208.260000000002,0.0,1436.98,0.0,1436.98,0.0,0.0,0.0,0.0,,,,,,,,,0.0,71995.51999999999,0.0,71995.51999999999,,,,,,,,,,,,0.0,,,,0.0,,,,,,,,,,,,,,,,0.0,0.0,71995.51999999999,0.0,71995.51999999999,0.0,6975.55,0.0,6975.55,0.0,65019.97000000001,0.0,65019.97000000001,,8104.122739999999,,8104.122739999999,,1566.0,,1566.0,,21147.19,,21147.19,,30817.309999999998,,30817.309999999998,,47.396684434028494,,47.396684434028494,0.0,9103.41,0.0,9103.41,0.0,33203.369999999995,0.0,33203.369999999995,,,,,,,,,,,,,,0.0,0.0,65019.97000000001,0.0,0.0,,0.0,,0.0,,,,,,,,65019.97000000001,0.0
42,BIHAR,EAST CHAMPARAN,,0.0,1472.0,0.0,1472.0,0.0,395887.0,0.0,395887.0,0.0,395887.0,0.0,111562.80000000002,0.0,111562.80000000002,0.0,,0.0,0.0,0.0,12311.610000000002,0.0,12311.610000000002,0.0,16347.050000000003,0.0,16347.050000000003,0.0,661.04,0.0,661.04,0.0,0.0,0.0,0.0,,,,,,,,,0.0,140882.52,0.0,140882.52,,,,,,,,,,,,0.0,,,,0.0,,,,,,,,,,,,,,,,0.0,0.0,140882.52,0.0,140882.52,0.0,12016.939999999997,0.0,12016.939999999997,0.0,128865.58000000002,0.0,128865.58000000002,,10168.060500000001,,10168.060500000001,,2754.0,,2754.0,,42436.89000000001,,42436.89000000001,,55358.939999999995,,55358.939999999995,,42.958670577511846,,42.958670577511846,0.0,11421.87,0.0,11421.87,0.0,72252.82999999999,0.0,72252.82999999999,,,,,,,,,,,,,,0.0,0.0,128865.58000000002,0.0,0.0,,0.0,,0.0,,,,,,,,128865.58000000002,0.0
43,BIHAR,GAYA,,0.0,1003.7000000000003,0.0,1003.7000000000003,0.0,490978.0,0.0,490978.0,7608.0,498586.0,0.0,92804.80000000002,0.0,92804.80000000002,0.0,,0.0,0.0,0.0,4179.75,0.0,4179.75,0.0,21016.31,0.0,21016.31,0.0,802.21,0.0,802.21,0.0,0.0,0.0,0.0,,,,,,,,,0.0,118803.08999999998,0.0,118803.08999999998,,,,,,,,,,,,0.0,,,,0.0,,,,,,,,,,,,,,,,0.0,0.0,118803.08999999998,0.0,118803.08999999998,0.0,11880.33,0.0,11880.33,0.0,106922.76000000001,0.0,106922.76000000001,,9018.754340000001,,9018.754340000001,,3555.0,,3555.0,,56810.39,,56810.39,,69384.15,,69384.15,,64.89184342042796,,64.89184342042796,0.0,10130.82,0.0,10130.82,0.0,38409.24,0.0,38409.24,,,,,,,,,,,,,,0.0,0.0,106922.76000000001,0.0,0.0,,0.0,,0.0,,,,,,,,106922.76000000001,0.0
44,BIHAR,GOPALGANJ,,0.0,1135.2,0.0,1135.2,0.0,201913.0,0.0,201913.0,0.0,201913.0,0.0,48296.87999999999,0.0,48296.87999999999,0.0,,0.0,0.0,0.0,6415.68,0.0,6415.68,0.0,9115.650000000001,0.0,9115.650000000001,0.0,567.1899999999999,0.0,567.1899999999999,0.0,0.0,0.0,0.0,,,,,,,,,0.0,64395.39,0.0,64395.39,,,,,,,,,,,,0.0,,,,0.0,,,,,,,,,,,,,,,,0.0,0.0,64395.39,0.0,64395.39,0.0,5284.86,0.0,5284.86,0.0,59110.530000000006,0.0,59110.530000000006,,4974.7967,,4974.7967,,2862.0,,2862.0,,25322.6,,25322.6,,33159.39,,33159.39,,56.09726388851529,,56.09726388851529,0.0,5588.239999999999,0.0,5588.239999999999,0.0,25337.680000000004,0.0,25337.680000000004,,,,,,,,,,,,,,0.0,0.0,59110.530000000006,0.0,0.0,,0.0,,0.0,,,,,,,,59110.530000000006,0.0
45,BIHAR,JAMUI,,0.0,1107.8,0.0,1107.8,0.0,255114.0,0.0,255114.0,54712.0,309826.0,0.0,38555.369999999995,0.0,38555.369999999995,0.0,,0.0,0.0,0.0,1414.65,0.0,1414.65,0.0,3416.91,0.0,3416.91,0.0,229.06,0.0,229.06,0.0,0.0,0.0,0.0,,,,,,,,,0.0,43615.979999999996,0.0,43615.979999999996,,,,,,,,,,,,0.0,,,,0.0,,,,,,,,,,,,,,,,0.0,0.0,43615.979999999996,0.0,43615.979999999996,0.0,4361.62,0.0,4361.62,0.0,39254.36,0.0,39254.36,,3533.5796000000005,,3533.5796000000005,,585.0,,585.0,,8661.82,,8661.82,,12780.42,,12780.42,,32.55796298806043,,32.55796298806043,0.0,3969.31,0.0,3969.31,0.0,26038.199999999997,0.0,26038.199999999997,,,,,,,,,,,,,,0.0,0.0,39254.36,0.0,0.0,,0.0,,0.0,,,,,,,,39254.36,0.0
46,BIHAR,JEHANABAD,,0.0,1075.3,0.0,1075.3,0.0,93257.0,0.0,93257.0,0.0,93257.0,0.0,22985.84,0.0,22985.84,0.0,,0.0,0.0,0.0,485.38,0.0,485.38,0.0,8320.9,0.0,8320.9,0.0,104.83,0.0,104.83,0.0,0.0,0.0,0.0,,,,,,,,,0.0,31896.95,0.0,31896.95,,,,,,,,,,,,0.0,,,,0.0,,,,,,,,,,,,,,,,0.0,0.0,31896.95,0.0,31896.95,0.0,3189.7000000000003,0.0,3189.7000000000003,0.0,28707.25,0.0,28707.25,,2404.5178,,2404.5178,,1449.0,,1449.0,,22424.409999999996,,22424.409999999996,,26277.92,,26277.92,,91.53757326111,,91.53757326111,0.0,2701.02,0.0,2701.02,0.0,2514.6099999999997,0.0,2514.6099999999997,,,,,,,,,,,,,,0.0,0.0,28707.25,0.0,0.0,,0.0,,0.0,,,,,,,,28707.25,0.0
47,BIHAR,KAIMUR,,0.0,1126.1,0.0,1126.1,0.0,298040.0,0.0,298040.0,38166.0,336206.0,0.0,67242.19,0.0,67242.19,0.0,,0.0,0.0,0.0,5281.28,0.0,5281.28,0.0,9043.72,0.0,9043.72,0.0,798.8000000000001,0.0,798.8000000000001,0.0,0.0,0.0,0.0,,,,,,,,,0.0,82365.98,0.0,82365.98,,,,,,,,,,,,0.0,,,,0.0,,,,,,,,,,,,,,,,0.0,0.0,82365.98,0.0,82365.98,0.0,8236.61,0.0,8236.61,0.0,74129.37,0.0,74129.37,,3027.8618800000004,,3027.8618800000004,,1422.0,,1422.0,,24609.739999999998,,24609.739999999998,,29059.600000000002,,29059.600000000002,,39.201196502816636,,39.201196502816636,0.0,3401.23,0.0,3401.23,0.0,44696.4,0.0,44696.4,,,,,,,,,,,,,,0.0,0.0,74129.37,0.0,0.0,,0.0,,0.0,,,,,,,,74129.37,0.0
48,BIHAR,KATIHAR,,0.0,1632.0,0.0,1632.0,0.0,300991.0,0.0,300991.0,0.0,300991.0,0.0,101540.31999999998,0.0,101540.31999999998,0.0,,0.0,0.0,0.0,1143.9,0.0,1143.9,0.0,21926.110000000004,0.0,21926.110000000004,0.0,296.72,0.0,296.72,0.0,0.0,0.0,0.0,,,,,,,,,0.0,124907.04000000001,0.0,124907.04000000001,,,,,,,,,,,,0.0,,,,0.0,,,,,,,,,,,,,,,,0.0,0.0,124907.04000000001,0.0,124907.04000000001,0.0,12490.700000000003,0.0,12490.700000000003,0.0,112416.34000000003,0.0,112416.34000000003,,6234.248179999999,,6234.248179999999,,3042.0,,3042.0,,55624.59,,55624.59,,64900.84,,64900.84,,57.73256805905616,,57.73256805905616,0.0,7002.979999999999,0.0,7002.979999999999,0.0,46746.770000000004,0.0,46746.770000000004,,,,,,,,,,,,,,0.0,0.0,112416.34000000001,0.0,0.0,,0.0,,0.0,,,,,,,,112416.34000000001,0.0
49,BIHAR,KHAGARIA,,0.0,1632.0,0.0,1632.0,0.0,148572.0,0.0,148572.0,0.0,148572.0,0.0,50201.47,0.0,50201.47,0.0,,0.0,0.0,0.0,55.349999999999994,0.0,55.349999999999994,0.0,8274.23,0.0,8274.23,0.0,229.93,0.0,229.93,0.0,0.0,0.0,0.0,,,,,,,,,0.0,58760.979999999996,0.0,58760.979999999996,,,,,,,,,,,,0.0,,,,0.0,,,,,,,,,,,,,,,,0.0,0.0,58760.979999999996,0.0,58760.979999999996,0.0,5067.34,0.0,5067.34,0.0,53693.64,0.0,53693.64,,3172.0281200000004,,3172.0281200000004,,1053.0,,1053.0,,22763.16,,22763.16,,26988.2,,26988.2,,50.2633086525704,,50.2633086525704,0.0,3563.1699999999996,0.0,3563.1699999999996,0.0,26314.310000000005,0.0,26314.310000000005,,,,,,,,,,,,,,0.0,0.0,53693.64,0.0,0.0,,0.0,,0.0,,,,,,,,53693.64,0.0
50,BIHAR,KISHANGANJ,,0.0,2090.5,0.0,2090.5,0.0,191143.0,0.0,191143.0,0.0,191143.0,0.0,65708.84000000001,0.0,65708.84000000001,0.0,,0.0,0.0,0.0,0.0,0.0,0.0,0.0,5613.67,0.0,5613.67,0.0,71.01,0.0,71.01,0.0,0.0,0.0,0.0,,,,,,,,,0.0,71393.52,0.0,71393.52,,,,,,,,,,,,0.0,,,,0.0,,,,,,,,,,,,,,,,0.0,0.0,71393.52,0.0,71393.52,0.0,6550.12,0.0,6550.12,0.0,64843.399999999994,0.0,64843.399999999994,,3467.3890400000005,,3467.3890400000005,,774.0,,774.0,,14930.0,,14930.0,,19171.379999999997,,19171.379999999997,,29.56566127007529,,29.56566127007529,0.0,3894.9500000000003,0.0,3894.9500000000003,0.0,45244.46,0.0,45244.46,,,,,,,,,,,,,,0.0,0.0,64843.399999999994,0.0,0.0,,0.0,,0.0,,,,,,,,64843.399999999994,0.0
51,BIHAR,LAKHISARAI,,0.0,1147.0,0.0,1147.0,0.0,114494.0,0.0,114494.0,8280.0,122774.0,0.0,24572.510000000002,0.0,24572.510000000002,0.0,,0.0,0.0,0.0,363.93,0.0,363.93,0.0,3854.5500000000006,0.0,3854.5500000000006,0.0,238.36,0.0,238.36,0.0,0.0,0.0,0.0,,,,,,,,,0.0,29029.35,0.0,29029.35,,,,,,,,,,,,0.0,,,,0.0,,,,,,,,,,,,,,,,0.0,0.0,29029.35,0.0,29029.35,0.0,2902.96,0.0,2902.96,0.0,26126.39,0.0,26126.39,,2091.2353799999996,,2091.2353799999996,,432.0,,432.0,,10251.11,,10251.11,,12774.340000000002,,12774.340000000002,,48.89439375283,,48.89439375283,0.0,2349.1000000000004,0.0,2349.1000000000004,0.0,13094.17,0.0,13094.17,,,,,,,,,,,,,,0.0,0.0,26126.39,0.0,0.0,,0.0,,0.0,,,,,,,,26126.39,0.0
52,BIHAR,MADHEPURA,,0.0,1632.0,0.0,1632.0,0.0,178840.0,0.0,178840.0,0.0,178840.0,0.0,48101.74999999999,0.0,48101.74999999999,0.0,,0.0,0.0,0.0,4153.69,0.0,4153.69,0.0,14109.36,0.0,14109.36,0.0,92.16,0.0,92.16,0.0,0.0,0.0,0.0,,,,,,,,,0.0,66456.95999999999,0.0,66456.95999999999,,,,,,,,,,,,0.0,,,,0.0,,,,,,,,,,,,,,,,0.0,0.0,66456.95999999999,0.0,66456.95999999999,0.0,5584.609999999999,0.0,5584.609999999999,0.0,60872.35,0.0,60872.35,,3753.43808,,3753.43808,,1710.0,,1710.0,,37525.0,,37525.0,,42988.44,,42988.44,,70.62063482024269,,70.62063482024269,0.0,4216.29,0.0,4216.29,0.0,17421.05,0.0,17421.05,,,,,,,,,,,,,,0.0,0.0,60872.35,0.0,0.0,,0.0,,0.0,,,,,,,,60872.35,0.0
53,BIHAR,MADHUBANI,,0.0,1293.5,0.0,1293.5,0.0,348645.0,0.0,348645.0,0.0,348645.0,0.0,84101.14,0.0,84101.14,0.0,,0.0,0.0,0.0,2862.2899999999995,0.0,2862.2899999999995,0.0,13918.989999999998,0.0,13918.989999999998,0.0,1059.9899999999998,0.0,1059.9899999999998,0.0,0.0,0.0,0.0,,,,,,,,,0.0,101942.41,0.0,101942.41,,,,,,,,,,,,0.0,,,,0.0,,,,,,,,,,,,,,,,0.0,0.0,101942.41,0.0,101942.41,0.0,8263.839999999998,0.0,8263.839999999998,0.0,93678.56999999999,0.0,93678.56999999999,,8287.3031,,8287.3031,,1872.0,,1872.0,,35649.99999999999,,35649.99999999999,,45809.29,,45809.29,,48.90050093634009,,48.90050093634009,0.0,9309.21,0.0,9309.21,0.0,46847.38,0.0,46847.38,,,,,,,,,,,,,,0.0,0.0,93678.56999999999,0.0,0.0,,0.0,,0.0,,,,,,,,93678.56999999999,0.0
54,BIHAR,MUNGER,,0.0,1147.0,0.0,1147.0,0.0,133142.0,0.0,133142.0,6408.0,139550.0,0.0,28423.3,0.0,28423.3,0.0,,0.0,0.0,0.0,1009.4299999999998,0.0,1009.4299999999998,0.0,3570.7599999999998,0.0,3570.7599999999998,0.0,134.4,0.0,134.4,0.0,0.0,0.0,0.0,,,,,,,,,0.0,33137.880000000005,0.0,33137.880000000005,,,,,,,,,,,,0.0,,,,0.0,,,,,,,,,,,,,,,,0.0,0.0,33137.880000000005,0.0,33137.880000000005,0.0,3313.8000000000006,0.0,3313.8000000000006,0.0,29824.079999999998,0.0,29824.079999999998,,3666.13154,,3666.13154,,612.0,,612.0,,9038.8,,9038.8,,13316.93,,13316.93,,44.651603670591015,,44.651603670591015,0.0,4118.1900000000005,0.0,4118.1900000000005,0.0,16055.09,0.0,16055.09,,,,,,,,,,,,,,0.0,0.0,29824.079999999998,0.0,0.0,,0.0,,0.0,,,,,,,,29824.079999999998,0.0
55,BIHAR,MUZAFFARPUR,,0.0,1154.0999999999997,0.0,1154.0999999999997,0.0,304277.0,0.0,304277.0,0.0,304277.0,0.0,80067.53,0.0,80067.53,0.0,,0.0,0.0,0.0,10100.92,0.0,10100.92,0.0,18529.949999999997,0.0,18529.949999999997,0.0,394.73999999999995,0.0,394.73999999999995,0.0,0.0,0.0,0.0,,,,,,,,,0.0,109093.14,0.0,109093.14,,,,,,,,,,,,0.0,,,,0.0,,,,,,,,,,,,,,,,0.0,0.0,109093.14,0.0,109093.14,0.0,10909.34,0.0,10909.34,0.0,98183.8,0.0,98183.8,,9902.540519999999,,9902.540519999999,,3627.0,,3627.0,,50464.21,,50464.21,,63993.77000000001,,63993.77000000001,,65.17752419441905,,65.17752419441905,0.0,11123.609999999999,0.0,11123.609999999999,0.0,34957.899999999994,0.0,34957.899999999994,,,,,,,,,,,,,,0.0,0.0,98183.80000000002,0.0,0.0,,0.0,,0.0,,,,,,,,98183.80000000002,0.0
56,BIHAR,NALANDA,,0.0,1075.3,0.0,1075.3,0.0,231646.0,0.0,231646.0,3350.0,234996.0,0.0,52348.000000000015,0.0,52348.000000000015,0.0,,0.0,0.0,0.0,4673.37,0.0,4673.37,0.0,13982.01,0.0,13982.01,0.0,379.54,0.0,379.54,0.0,0.0,0.0,0.0,,,,,,,,,0.0,71382.94,0.0,71382.94,,,,,,,,,,,,0.0,,,,0.0,,,,,,,,,,,,,,,,0.0,0.0,71382.94,0.0,71382.94,0.0,6437.84,0.0,6437.84,0.0,64945.1,0.0,64945.1,,6535.33668,,6535.33668,,2709.0,,2709.0,,36353.200000000004,,36353.200000000004,,45597.549999999996,,45597.549999999996,,70.2093768429027,,70.2093768429027,0.0,7341.21,0.0,7341.21,0.0,18667.23,0.0,18667.23,,,,,,,,,,,,,,0.0,0.0,64945.09999999999,0.0,0.0,,0.0,,0.0,,,,,,,,64945.09999999999,0.0
57,BIHAR,NAWADA,,0.0,1041.6,0.0,1041.6,0.0,245658.0,0.0,245658.0,2999.0,248657.0,0.0,45006.909999999996,0.0,45006.909999999996,0.0,,0.0,0.0,0.0,6456.49,0.0,6456.49,0.0,9914.180000000002,0.0,9914.180000000002,0.0,513.1,0.0,513.1,0.0,0.0,0.0,0.0,,,,,,,,,0.0,61890.68,0.0,61890.68,,,,,,,,,,,,0.0,,,,0.0,,,,,,,,,,,,,,,,0.0,0.0,61890.68,0.0,61890.68,0.0,6006.089999999999,0.0,6006.089999999999,0.0,55884.590000000004,0.0,55884.590000000004,,3595.06312,,3595.06312,,1512.0,,1512.0,,26413.64,,26413.64,,31520.71,,31520.71,,56.40322314255146,,56.40322314255146,0.0,4038.36,0.0,4038.36,0.0,23920.579999999998,0.0,23920.579999999998,,,,,,,,,,,,,,0.0,0.0,55884.590000000004,0.0,0.0,,0.0,,0.0,,,,,,,,55884.590000000004,0.0
58,BIHAR,PATNA,,0.0,1075.3,0.0,1075.3,0.0,320084.0,0.0,320084.0,0.0,320084.0,0.0,78007.28,0.0,78007.28,0.0,,0.0,0.0,0.0,5382.040000000001,0.0,5382.040000000001,0.0,15324.98,0.0,15324.98,0.0,256.99,0.0,256.99,0.0,0.0,0.0,0.0,,,,,,,,,0.0,98971.29000000001,0.0,98971.29000000001,,,,,,,,,,,,0.0,,,,0.0,,,,,,,,,,,,,,,,0.0,0.0,98971.29000000001,0.0,98971.29000000001,0.0,9554.04,0.0,9554.04,0.0,89417.25,0.0,89417.25,,11566.379514999999,,11566.379514999999,,3069.0,,3069.0,,40694.219999999994,,40694.219999999994,,55329.58999999999,,55329.58999999999,,61.87798215668676,,61.87798215668676,0.0,12992.599999999999,0.0,12992.599999999999,0.0,32661.440000000006,0.0,32661.440000000006,,,,,,,,,,,,,,0.0,0.0,89417.25,0.0,0.0,,0.0,,0.0,,,,,,,,89417.25,0.0
59,BIHAR,PURNEA,,0.0,1598.3,0.0,1598.3,0.0,320239.0,0.0,320239.0,0.0,320239.0,0.0,84962.29000000001,0.0,84962.29000000001,0.0,,0.0,0.0,0.0,2.02,0.0,2.02,0.0,19050.08,0.0,19050.08,0.0,201.20000000000002,0.0,201.20000000000002,0.0,0.0,0.0,0.0,,,,,,,,,0.0,104215.59,0.0,104215.59,,,,,,,,,,,,0.0,,,,0.0,,,,,,,,,,,,,,,,0.0,0.0,104215.59,0.0,104215.59,0.0,7999.510000000001,0.0,7999.510000000001,0.0,96216.08,0.0,96216.08,,5785.004282,,5785.004282,,2916.0,,2916.0,,48654.17000000001,,48654.17000000001,,57355.22,,57355.22,,59.61084675243473,,59.61084675243473,0.0,6498.350000000001,0.0,6498.350000000001,0.0,38147.509999999995,0.0,38147.509999999995,,,,,,,,,,,,,,0.0,0.0,96216.08000000002,0.0,0.0,,0.0,,0.0,,,,,,,,96216.08000000002,0.0
60,BIHAR,ROHTAS,,0.0,949.5,0.0,949.5,0.0,375143.0,0.0,375143.0,8783.0,383926.0,0.0,77715.46,0.0,77715.46,0.0,,0.0,0.0,0.0,2689.8599999999997,0.0,2689.8599999999997,0.0,7540.860000000001,0.0,7540.860000000001,0.0,408.30000000000007,0.0,408.30000000000007,0.0,0.0,0.0,0.0,,,,,,,,,0.0,88354.48000000001,0.0,88354.48000000001,,,,,,,,,,,,0.0,,,,0.0,,,,,,,,,,,,,,,,0.0,0.0,88354.48000000001,0.0,88354.48000000001,0.0,8835.460000000001,0.0,8835.460000000001,0.0,79519.01999999999,0.0,79519.01999999999,,6573.2543399999995,,6573.2543399999995,,1296.0,,1296.0,,19804.679999999997,,19804.679999999997,,27673.960000000003,,27673.960000000003,,34.801686439294656,,34.801686439294656,0.0,7383.789999999999,0.0,7383.789999999999,0.0,51034.54000000001,0.0,51034.54000000001,,,,,,,,,,,,,,0.0,0.0,79519.01999999999,0.0,0.0,,0.0,,0.0,,,,,,,,79519.01999999999,0.0
61,BIHAR,SAHARSA,,0.0,1693.0999999999997,0.0,1693.0999999999997,0.0,166128.0,0.0,166128.0,0.0,166128.0,0.0,46913.54000000001,0.0,46913.54000000001,0.0,,0.0,0.0,0.0,5727.0,0.0,5727.0,0.0,7938.279999999999,0.0,7938.279999999999,0.0,147.1,0.0,147.1,0.0,0.0,0.0,0.0,,,,,,,,,0.0,60725.92000000001,0.0,60725.92000000001,,,,,,,,,,,,0.0,,,,0.0,,,,,,,,,,,,,,,,0.0,0.0,60725.92000000001,0.0,60725.92000000001,0.0,4466.89,0.0,4466.89,0.0,56259.03,0.0,56259.03,,3813.83244,,3813.83244,,990.0,,990.0,,21157.5,,21157.5,,25961.33,,25961.33,,46.14606757350776,,46.14606757350776,0.0,4284.110000000001,0.0,4284.110000000001,0.0,29827.429999999997,0.0,29827.429999999997,,,,,,,,,,,,,,0.0,0.0,56259.03,0.0,0.0,,0.0,,0.0,,,,,,,,56259.03,0.0
62,BIHAR,SAMASTIPUR,,0.0,1293.4,0.0,1293.4,0.0,261287.0,0.0,261287.0,0.0,261287.0,0.0,75651.79000000001,0.0,75651.79000000001,0.0,,0.0,0.0,0.0,0.0,0.0,0.0,0.0,17097.94,0.0,17097.94,0.0,573.0999999999998,0.0,573.0999999999998,0.0,0.0,0.0,0.0,,,,,,,,,0.0,93322.82999999999,0.0,93322.82999999999,,,,,,,,,,,,0.0,,,,0.0,,,,,,,,,,,,,,,,0.0,0.0,93322.82999999999,0.0,93322.82999999999,0.0,8911.199999999997,0.0,8911.199999999997,0.0,84411.63,0.0,84411.63,,7363.215226000002,,7363.215226000002,,2844.0,,2844.0,,44368.090000000004,,44368.090000000004,,54575.28,,54575.28,,64.65374498750943,,64.65374498750943,0.0,8271.16,0.0,8271.16,0.0,28928.399999999994,0.0,28928.399999999994,,,,,,,,,,,,,,0.0,0.0,84411.63,0.0,0.0,,0.0,,0.0,,,,,,,,84411.63,0.0
63,BIHAR,SARAN,,0.0,1135.2,0.0,1135.2,0.0,262957.0,0.0,262957.0,0.0,262957.0,0.0,68358.42000000001,0.0,68358.42000000001,0.0,,0.0,0.0,0.0,7842.71,0.0,7842.71,0.0,14851.279999999997,0.0,14851.279999999997,0.0,412.51000000000005,0.0,412.51000000000005,0.0,0.0,0.0,0.0,,,,,,,,,0.0,91464.92000000001,0.0,91464.92000000001,,,,,,,,,,,,0.0,,,,0.0,,,,,,,,,,,,,,,,0.0,0.0,91464.92000000001,0.0,91464.92000000001,0.0,9034.529999999999,0.0,9034.529999999999,0.0,82430.39,0.0,82430.39,,7252.070681999999,,7252.070681999999,,2529.0,,2529.0,,40423.67,,40423.67,,50204.74000000001,,50204.74000000001,,60.9056198812113,,60.9056198812113,0.0,8146.29,0.0,8146.29,0.0,31331.45,0.0,31331.45,,,,,,,,,,,,,,0.0,0.0,82430.39,0.0,0.0,,0.0,,0.0,,,,,,,,82430.39,0.0
64,BIHAR,SHEIKHPURA,,0.0,1008.7,0.0,1008.7,0.0,66259.0,0.0,66259.0,2550.0,68809.0,0.0,14330.87,0.0,14330.87,0.0,,0.0,0.0,0.0,1059.5,0.0,1059.5,0.0,2600.7799999999997,0.0,2600.7799999999997,0.0,223.16000000000003,0.0,223.16000000000003,0.0,0.0,0.0,0.0,,,,,,,,,0.0,18214.300000000003,0.0,18214.300000000003,,,,,,,,,,,,0.0,,,,0.0,,,,,,,,,,,,,,,,0.0,0.0,18214.300000000003,0.0,18214.300000000003,0.0,1821.42,0.0,1821.42,0.0,16392.879999999997,0.0,16392.879999999997,,1471.87126,,1471.87126,,405.0,,405.0,,6876.549999999999,,6876.549999999999,,8753.43,,8753.43,,53.397755610972574,,53.397755610972574,0.0,1653.3600000000001,0.0,1653.3600000000001,0.0,7457.959999999999,0.0,7457.959999999999,,,,,,,,,,,,,,0.0,0.0,16392.879999999997,0.0,0.0,,0.0,,0.0,,,,,,,,16392.879999999997,0.0
65,BIHAR,SHEOHAR,,0.0,1293.4,0.0,1293.4,0.0,44299.0,0.0,44299.0,0.0,44299.0,0.0,13031.69,0.0,13031.69,0.0,,0.0,0.0,0.0,542.17,0.0,542.17,0.0,2494.58,0.0,2494.58,0.0,38.89,0.0,38.89,0.0,0.0,0.0,0.0,,,,,,,,,0.0,16107.32,0.0,16107.32,,,,,,,,,,,,0.0,,,,0.0,,,,,,,,,,,,,,,,0.0,0.0,16107.32,0.0,16107.32,0.0,1610.7300000000002,0.0,1610.7300000000002,0.0,14496.59,0.0,14496.59,,1227.45996,,1227.45996,,378.0,,378.0,,6568.900000000001,,6568.900000000001,,8174.370000000001,,8174.370000000001,,56.388226472570445,,56.388226472570445,0.0,1378.81,0.0,1378.81,0.0,6170.879999999999,0.0,6170.879999999999,,,,,,,,,,,,,,0.0,0.0,14496.59,0.0,0.0,,0.0,,0.0,,,,,,,,14496.59,0.0
66,BIHAR,SITAMARHI,,0.0,1293.4,0.0,1293.4,0.0,218520.0,0.0,218520.0,0.0,218520.0,0.0,54765.68,0.0,54765.68,0.0,,0.0,0.0,0.0,0.0,0.0,0.0,0.0,9061.51,0.0,9061.51,0.0,304.31,0.0,304.31,0.0,0.0,0.0,0.0,,,,,,,,,0.0,64131.50000000001,0.0,64131.50000000001,,,,,,,,,,,,0.0,,,,0.0,,,,,,,,,,,,,,,,0.0,0.0,64131.50000000001,0.0,64131.50000000001,0.0,5542.709999999999,0.0,5542.709999999999,0.0,58588.79000000001,0.0,58588.79000000001,,6554.509399999999,,6554.509399999999,,1467.0,,1467.0,,23829.099999999995,,23829.099999999995,,31850.610000000004,,31850.610000000004,,54.362976262182585,,54.362976262182585,0.0,7362.709999999999,0.0,7362.709999999999,0.0,25929.979999999996,0.0,25929.979999999996,,,,,,,,,,,,,,0.0,0.0,58588.79,0.0,0.0,,0.0,,0.0,,,,,,,,58588.79,0.0
67,BIHAR,SIWAN,,0.0,1135.2,0.0,1135.2000000000003,0.0,222307.0,0.0,222307.0,0.0,222307.0,0.0,54385.70999999999,0.0,54385.70999999999,0.0,,0.0,0.0,0.0,17477.19,0.0,17477.19,0.0,15417.569999999996,0.0,15417.569999999996,0.0,936.5900000000001,0.0,936.5900000000001,0.0,0.0,0.0,0.0,,,,,,,,,0.0,88217.04999999999,0.0,88217.04999999999,,,,,,,,,,,,0.0,,,,0.0,,,,,,,,,,,,,,,,0.0,0.0,88217.04999999999,0.0,88217.04999999999,0.0,6556.9800000000005,0.0,6556.9800000000005,0.0,81660.07000000002,0.0,81660.07000000002,,5794.063289999999,,5794.063289999999,,2358.0,,2358.0,,42218.45,,42218.45,,50370.53,,50370.53,,61.68318249053667,,61.68318249053667,0.0,6508.5199999999995,0.0,6508.5199999999995,0.0,30575.100000000006,0.0,30575.100000000006,,,,,,,,,,,,,,0.0,0.0,81660.07,0.0,0.0,,0.0,,0.0,,,,,,,,81660.07,0.0
68,BIHAR,SUPAUL,,0.0,1632.0,0.0,1632.0,0.0,241026.0,0.0,241026.0,0.0,241026.0,0.0,61828.37000000001,0.0,61828.37000000001,0.0,,0.0,0.0,0.0,10675.05,0.0,10675.05,0.0,9804.99,0.0,9804.99,0.0,112.4,0.0,112.4,0.0,0.0,0.0,0.0,,,,,,,,,0.0,82420.82,0.0,82420.82,,,,,,,,,,,,0.0,,,,0.0,,,,,,,,,,,,,,,,0.0,0.0,82420.82,0.0,82420.82,0.0,8242.06,0.0,8242.06,0.0,74178.76000000001,0.0,74178.76000000001,,4203.9648799999995,,4203.9648799999995,,1467.0,,1467.0,,24993.149999999994,,24993.149999999994,,30664.100000000002,,30664.100000000002,,41.33811349771822,,41.33811349771822,0.0,4722.35,0.0,4722.35,0.0,42996.28,0.0,42996.28,,,,,,,,,,,,,,0.0,0.0,74178.76000000001,0.0,0.0,,0.0,,0.0,,,,,,,,74178.76000000001,0.0
69,BIHAR,VAISHALI,,0.0,1176.6,0.0,1176.6,0.0,199518.0,0.0,199518.0,0.0,199518.0,0.0,53729.469999999994,0.0,53729.469999999994,0.0,,0.0,0.0,0.0,8384.12,0.0,8384.12,0.0,12730.400000000001,0.0,12730.400000000001,0.0,249.35999999999996,0.0,249.35999999999996,0.0,0.0,0.0,0.0,,,,,,,,,0.0,75093.36,0.0,75093.36,,,,,,,,,,,,0.0,,,,0.0,,,,,,,,,,,,,,,,0.0,0.0,75093.36,0.0,75093.36,0.0,7509.340000000001,0.0,7509.340000000001,0.0,67584.02,0.0,67584.02,,6824.32032,,6824.32032,,2106.0,,2106.0,,33210.58,,33210.58,,42140.93000000001,,42140.93000000001,,62.35339359807245,,62.35339359807245,0.0,7665.81,0.0,7665.81,0.0,24601.61,0.0,24601.61,,,,,,,,,,,,,,0.0,0.0,67584.02,0.0,0.0,,0.0,,0.0,,,,,,,,67584.02,0.0
70,BIHAR,WEST CHAMPARAN,,0.0,1472.0,0.0,1472.0,0.0,387181.0,0.0,387181.0,47257.0,434438.0,0.0,110074.42,0.0,110074.42,0.0,,0.0,0.0,0.0,15411.87,0.0,15411.87,0.0,11802.029999999999,0.0,11802.029999999999,0.0,284.88,0.0,284.88,0.0,0.0,0.0,0.0,,,,,,,,,0.0,137573.2,0.0,137573.2,,,,,,,,,,,,0.0,,,,0.0,,,,,,,,,,,,,,,,0.0,0.0,137573.2,0.0,137573.2,0.0,11298.57,0.0,11298.57,0.0,126274.63000000002,0.0,126274.63000000002,,8133.975359999998,,8133.975359999998,,1782.0,,1782.0,,32459.699999999997,,32459.699999999997,,42375.700000000004,,42375.700000000004,,33.558364019755984,,33.558364019755984,0.0,9136.960000000001,0.0,9136.960000000001,0.0,82895.96,0.0,82895.96,,,,,,,,,,,,,,0.0,0.0,126274.63000000002,0.0,0.0,,0.0,,0.0,,,,,,,,126274.63000000002,0.0
71,CHHATTISGARH,BALOD,,1122.9,1122.9,0.0,1122.9,105541.0,155929.0,0.0,261470.0,19404.0,280874.0,5939.650000000001,11963.369999999999,0.0,17903.02,613.85,,0.0,613.85,6309.7898399999995,0.0,0.0,6309.79,3084.39,5989.02,0.0,9073.41,160.4,446.57,0.0,606.97,1184.776,672.24,0.0,1857.016,,,,,,,,,17292.86,19071.2,0.0,36364.06,,,,,,,,,,,,0.0,,,,0.0,,,,,,,,,,,,,,,,0.0,17292.86,19071.2,0.0,36364.06,1729.28,1500.23,0.0,3229.51,15563.58,17570.97,0.0,33134.55,719.8464299999999,1412.919745,,2132.7661749999997,217.368266108168,5.912485383225276,,223.2807514913933,6931.222570620664,13458.462254918086,,20389.684825538752,7868.469999999999,14877.3,,22745.77,50.55694126929665,84.66977065011207,,68.64668450303384,800.6300000000001,1555.5900000000001,0.0,2356.22,7614.33,3040.17,0.0,10654.5,,,,,,,,,,,,,,48720.24,0.0,81854.8,0.0,0.0,,0.0,,0.0,,,,,,,,81854.8,0.0
72,CHHATTISGARH,BALODA BAZAR,,1381.1414166256764,1387.802242156485,0.0,1385.6060661941376,164673.0,334767.0,0.0,499440.0,0.0,499440.0,14088.29,24280.91,0.0,38369.2,167.33,,0.0,167.33,10972.14,2424.492,0.0,13396.63,4125.01,2539.5899999999997,0.0,6664.6,687.87,52.28,0.0,740.15,644.912,546.72,0.0,1191.632,,,,,,,,,30685.560000000005,29843.99,0.0,60529.55,,,,,,,,,,,,0.0,,,,0.0,,,,,,,,,,,,,,,,0.0,30685.560000000005,29843.99,0.0,60529.55,3068.56,2872.7599999999998,0.0,5941.32,27617.0,26971.23,0.0,54588.229999999996,1730.5095300000003,2886.65871,,4617.168239999999,431.21736842105224,28.191430719118,,459.40879914017023,10036.561253493532,7513.708285034907,,17550.269538528442,12198.310000000001,10428.57,,22626.88,44.169569468081264,38.6655336074773,,41.45010746822164,2496.5299999999997,3986.0299999999997,0.0,6482.56,14652.669999999998,15443.300000000001,0.0,30095.97,,,,,,,,,,,,,,93822.46,0.0,148410.69,0.0,0.0,,0.0,,0.0,,,,,,,,148410.69,0.0
73,CHHATTISGARH,BALRAMPUR,,1317.0,1317.0,0.0,1317.0,16893.0,549238.0,0.0,566131.0,147789.0,713920.0,1615.8000000000002,47410.17,0.0,49025.97,106.92999999999999,,,106.92999999999999,1014.9858000000002,0.0,0.0,1014.99,142.67,2520.85,0.0,2663.52,109.95000000000002,0.0,0.0,109.95000000000002,8.0,156.8,0.0,164.8,,,,,,,,,2998.3399999999997,50087.82000000001,0.0,53086.16,,,,,,,,,,,,0.0,,,,0.0,,,,,,,,,,,,,,,,0.0,2998.3399999999997,50087.82000000001,0.0,53086.16,299.84,5008.789999999999,0.0,5308.63,2698.5,45079.03,0.0,47777.53,55.77054,1876.8825599999998,,1932.6531,0.07200000000000001,46.403671719255954,,46.475671719255956,622.9955300855106,11008.103582412987,,11631.099112498496,678.83,12931.36,,13610.19,25.155827311469338,28.685976605974002,,28.486591918837163,63.67,2136.98,0.0,2200.6499999999996,2011.77,31887.559999999998,0.0,33899.329999999994,,,,,,,,,,,,,,103902.81,0.0,151680.34000000003,0.0,0.0,,0.0,,0.0,,,,,,,,151680.34000000003,0.0
74,CHHATTISGARH,BASTAR,,1362.6,1362.6000000000001,0.0,1362.6000000000001,6165.0,377368.0,0.0,383533.0,229465.0,612998.0,439.74,28064.269999999997,0.0,28504.010000000002,62.58,,,62.58,99.864,0.0,0.0,99.86999999999999,149.18999999999997,2302.48,0.0,2451.67,262.29,225.97,0.0,488.26000000000005,11.76,194.14,0.0,205.89999999999998,,,,,,,,,1025.45,30786.88,0.0,31812.33,,,,,,,,,,,,0.0,,,,0.0,,,,,,,,,,,,,,,,0.0,1025.45,30786.88,0.0,31812.33,93.75999999999999,2579.59,0.0,2673.35,931.69,28207.29,0.0,29138.980000000003,31.555709999999998,2135.982555,,2167.538265,6.188,43.55447683117787,,49.74247683117787,621.6912751123449,8474.97953755254,,9096.670812664883,659.45,10654.48,,11313.929999999997,70.77998046560552,37.772079487253116,,38.82747440027069,35.02,2365.31,0.0,2400.33,268.77,17323.47,0.0,17592.24,,,,,,,,,,,,,,72293.22,0.0,101432.2,0.0,0.0,,0.0,,0.0,,,,,,,,101432.2,0.0
75,CHHATTISGARH,BEMETARA,,1122.9,1122.8999999999999,0.0,1122.8999999999999,55638.0,229843.0,0.0,285481.0,0.0,285481.0,3345.8399999999997,15058.809999999998,0.0,18404.65,672.6400000000001,,,672.6400000000001,8749.3356,611.064,0.0,9360.400000000001,3180.6800000000003,12972.93,0.0,16153.609999999999,498.72,896.49,0.0,1395.21,1160.0,2069.2,0.0,3229.2,,,,,,,,,17607.22,31608.49,0.0,49215.71,,,,,,,,,,,,0.0,,,,0.0,,,,,,,,,,,,,,,,0.0,17607.22,31608.49,0.0,49215.71,1760.73,2900.09,0.0,4660.82,15846.49,28708.4,0.0,44554.89,409.41393,1780.44591,,2189.85984,340.39200000000005,3.0,,343.39200000000005,7147.582612372511,29152.683425180752,,36300.266037553265,7897.389999999999,30936.120000000003,,38833.51,49.83684083983267,107.75981942567331,,87.15880568889295,534.46,2355.06,0.0,2889.52,7824.04,291.01,0.0,8115.05,,,,,,,,,,,,,,52462.31,0.0,97017.2,0.0,0.0,,0.0,,0.0,,,,,,,,97017.2,0.0
76,CHHATTISGARH,BIJAPUR,,1528.1,1528.1,0.0,1528.1,90.0,437639.0,0.0,437729.0,223519.0,661248.0,12.51,61546.950000000004,0.0,61559.45999999999,0.44000000000000006,,,0.44000000000000006,1.701,0.0,0.0,1.7,0.6799999999999999,551.0899999999999,0.0,551.77,0.0,128.39,0.0,128.39,0.0,61.727999999999994,0.0,61.727999999999994,,,,,,,,,15.329999999999998,62288.149999999994,0.0,62303.479999999996,,,,,,,,,,,,0.0,,,,0.0,,,,,,,,,,,,,,,,0.0,15.329999999999998,62288.149999999994,0.0,62303.479999999996,1.53,6228.82,0.0,6230.35,13.8,56059.33,0.0,56073.130000000005,0.12483,645.700695,,645.825525,0.39599999999999996,0.0,,0.39599999999999996,1.5399999999999998,1934.8427266540007,,1936.3827266540006,2.07,2580.53,,2582.6,15.0,4.603212346633469,,4.6057710707427955,0.15,711.73,0.0,711.88,11.7,53412.770000000004,0.0,53424.47,,,,,,,,,,,,,,87545.79999999999,0.0,143618.93,0.0,0.0,,0.0,,0.0,,,,,,,,143618.93,0.0
77,CHHATTISGARH,BILASPUR,,1229.8,1229.8,0.0,1229.8,75514.0,407204.0,0.0,482718.0,98869.0,581587.0,5779.88,34133.68,0.0,39913.56,958.44,,0.0,958.44,4697.1336599999995,0.0,0.0,4697.13,1256.18,5108.55,0.0,6364.73,774.26,138.27,0.0,912.53,203.268,758.668,0.0,961.936,,,,,,,,,13669.15,40139.16,0.0,53808.310000000005,,,,,,,,,,,,0.0,,,,0.0,,,,,,,,,,,,,,,,0.0,13669.15,40139.16,0.0,53808.310000000005,1366.9299999999998,2704.75,0.0,4071.6800000000003,12302.220000000001,37434.41,0.0,49736.630000000005,777.9602699999999,5354.80623,,6132.7665,535.248,23.10933333333334,,558.3573333333334,3456.9754995065223,13488.349660580614,,16945.325160087137,4770.15,18866.27,,23636.42,38.77470895496909,50.3982031505238,,47.52316351148036,1026.09,6827.56,0.0,7853.65,7283.949999999999,17095.390000000003,0.0,24379.340000000004,,,,,,,,,,,,,,88844.52,0.0,138581.15,0.0,0.0,,0.0,,0.0,,,,,,,,138581.15,0.0
78,CHHATTISGARH,DANTEWADA,,1327.8999999999999,1327.8999999999999,0.0,1327.8999999999999,60.0,311806.0,0.0,311866.0,29184.0,341050.0,5.25,29579.57,0.0,29584.82,41.97,,,41.97,2.1734999999999998,0.0,0.0,2.1799999999999997,0.0,1261.42,0.0,1261.42,0.0,53.85000000000001,0.0,53.85000000000001,0.0,21.248,0.0,21.248,,,,,,,,,49.400000000000006,30916.08,0.0,30965.479999999996,,,,,,,,,,,,0.0,,,,0.0,,,,,,,,,,,,,,,,0.0,49.400000000000006,30916.08,0.0,30965.479999999996,4.94,2106.27,0.0,2111.21,44.459999999999994,28809.81,0.0,28854.270000000004,0.11168999999999998,737.715735,,737.827425,0.0,153.14521264328397,,153.14521264328397,0.0,2838.7327155243643,,2838.7327155243643,0.11,3729.6,,3729.71,0.24741340530814218,12.945590408267183,,12.926024467089272,0.12,819.88,0.0,820.0,44.35,24998.050000000003,0.0,25042.4,,,,,,,,,,,,,,58514.42,0.0,87368.69,0.0,0.0,,0.0,,0.0,,,,,,,,87368.69,0.0
79,CHHATTISGARH,DHAMTARI,,1385.3,1385.3,0.0,1385.2999999999997,89779.0,158927.0,0.0,248706.0,159487.0,408193.0,8276.25,13434.34,0.0,21710.590000000004,604.36,,0.0,604.36,5626.843199999999,1350.6717600000002,0.0,6977.51,7781.07,7672.349999999999,0.0,15453.42,2259.7,0.0,0.0,2259.7,266.05600000000004,404.906,0.0,670.962,,,,,,,,,24814.260000000002,22862.260000000002,0.0,47676.520000000004,,,,,,,,,,,,0.0,,,,0.0,,,,,,,,,,,,,,,,0.0,24814.260000000002,22862.260000000002,0.0,47676.520000000004,2481.44,2286.23,0.0,4767.66,22332.82,20576.03,0.0,42908.85,658.1497499999999,1362.2172299999997,,2020.3669799999998,21.75108723823833,0.0,,21.75108723823833,17485.566193902334,17241.24021186094,,34726.80640576327,18165.47,18603.449999999997,,36768.92,81.33979497439195,90.4132138221027,,85.69076076380513,711.02,1469.0300000000002,0.0,2180.0499999999997,4842.09,3488.48,0.0,8330.57,,,,,,,,,,,,,,46601.38,0.0,89510.23,0.0,0.0,,0.0,,0.0,,,,,,,,89510.23,0.0
80,CHHATTISGARH,DURG,,1122.9,1122.9,0.0,1122.9,73161.0,158838.0,0.0,231999.0,0.0,231999.0,4538.139999999999,11023.59,0.0,15561.73,330.36,,,330.36,5419.911599999999,0.0,0.0,5419.91,3212.92,5900.27,0.0,9113.19,98.75999999999999,232.31,0.0,331.07,1024.0,2344.4,0.0,3368.4,,,,,,,,,14624.09,19500.57,0.0,34124.659999999996,,,,,,,,,,,,0.0,,,,0.0,,,,,,,,,,,,,,,,0.0,14624.09,19500.57,0.0,34124.659999999996,1462.4099999999999,1469.63,0.0,2932.0299999999997,13161.68,18030.940000000002,0.0,31192.62,495.49188000000004,4224.4804349999995,,4719.972315,206.92559999999997,252.8797980677169,,459.80539806771685,7220.073140838975,13259.035411856552,,20479.10855269553,7922.5,17736.39,,25658.89,60.19368348113615,98.36641905524614,,82.25948958439528,543.5,4591.6900000000005,0.0,5135.19,5191.18,1334.7399999999998,0.0,6525.92,,,,,,,,,,,,,,43390.899999999994,0.0,74583.51999999999,0.0,0.0,,0.0,,0.0,,,,,,,,74583.51999999999,0.0
81,CHHATTISGARH,GARIABAND,,1385.2999999999997,1385.2999999999997,0.0,1385.3,50169.0,212971.0,0.0,263140.0,319126.0,582266.0,5577.73,19969.839999999997,0.0,25547.57,288.67,,,288.67,3311.5094999973,0.0,0.0,3311.5,1638.2099999999998,4202.889999999999,0.0,5841.1,385.12,184.61,0.0,569.73,445.52000000000004,859.6,0.0,1305.12,,,,,,,,,11646.75,25216.94,0.0,36863.69,,,,,,,,,,,,0.0,,,,0.0,,,,,,,,,,,,,,,,0.0,11646.75,25216.94,0.0,36863.69,1164.6799999999998,2086.09,0.0,3250.77,10482.07,23130.850000000002,0.0,33612.92,279.30821999999995,1324.02363,,1603.33185,1.4400000000000002,20.027134020618536,,21.467134020618534,5586.5562776089955,12996.111778661025,,18582.66805627002,5867.3099999999995,14340.15,,20207.46,55.97472636607081,61.99577620364145,,60.11813314642108,317.11,1560.44,0.0,1877.5499999999997,4633.69,8554.28,0.0,13187.970000000001,,,,,,,,,,,,,,48752.9,0.0,82365.81999999999,0.0,0.0,,0.0,,0.0,,,,,,,,82365.81999999999,0.0
82,CHHATTISGARH,JANJGIR-CHAMPA,,1386.0,1386.0,0.0,1386.0,188564.0,181083.0,0.0,369647.0,53299.0,422946.0,12055.76,13239.730000000001,0.0,25295.49,348.59999999999997,,,348.59999999999997,11714.6718,0.0,0.0,11714.650000000001,4150.8,4444.459999999999,0.0,8595.26,5.99,5.47,0.0,11.46,876.4,942.4,0.0,1818.8,,,,,,,,,29152.2,18632.059999999998,0.0,47784.26,,,,,,,,,,,,0.0,,,,0.0,,,,,,,,,,,,,,,,0.0,29152.2,18632.059999999998,0.0,47784.26,2720.5699999999997,1583.02,0.0,4303.57,26431.63,17049.04,0.0,43480.67,1974.0638099999996,2467.5043899999996,,4441.5682,109.05951138519916,2.173323936768955,,111.23283532196811,9327.63644337117,9987.562173684126,,19315.198617055292,11410.749999999998,12457.210000000001,,23867.960000000003,43.17081466409751,73.06692928164871,,54.89326636411077,2288.67,2857.97,0.0,5146.64,14706.280000000002,4201.35,0.0,18907.630000000005,,,,,,,,,,,,,,68896.14000000001,0.0,112376.81,0.0,0.0,,0.0,,0.0,,,,,,,,112376.81,0.0
83,CHHATTISGARH,JASHPUR,,1477.9452736318408,1476.8973931395078,0.0,1476.917007571978,8442.0,442563.0,0.0,451005.0,194736.0,645741.0,692.77,31259.319999999996,0.0,31952.09,117.13999999999999,,0.0,117.13999999999999,503.364,0.0,0.0,503.38,84.53999999999999,2780.3199999999997,0.0,2864.86,5.83,227.48,0.0,233.31,23.36,1248.56,0.0,1271.92,,,,,,,,,1427.01,35515.68,0.0,36942.69,,,,,,,,,,,,0.0,,,,0.0,,,,,,,,,,,,,,,,0.0,1427.01,35515.68,0.0,36942.69,142.71,3551.5899999999997,0.0,3694.2999999999997,1284.3000000000002,31964.089999999997,0.0,33248.39,38.48706,2097.54915,,2136.0362099999998,0.28800000000000003,1.1520000000000001,,1.4400000000000002,308.50681538532785,10147.155041562171,,10455.6618569475,347.24,12245.849999999999,,12593.079999999998,27.037296581795527,38.31127368243551,,37.8757587961402,41.669999999999995,2278.8,0.0,2320.47,935.1399999999999,19536.989999999998,0.0,20472.129999999997,,,,,,,,,,,,,,83596.73999999999,0.0,116845.12999999999,0.0,0.0,,0.0,,0.0,,,,,,,,116845.12999999999,0.0
84,CHHATTISGARH,KABIRDHAM,,1117.0,1117.0,0.0,1117.0,40198.0,383765.0,0.0,423963.0,20742.0,444705.0,3083.89,35672.94,0.0,38756.83,86.30000000000001,,,86.30000000000001,2713.122,0.0,0.0,2713.12,4305.32,6457.3099999999995,0.0,10762.630000000001,57.33,477.53,0.0,534.86,16.72,223.2,0.0,239.92,,,,,,,,,10262.68,42830.98,0.0,53093.659999999996,,,,,,,,,,,,0.0,,,,0.0,,,,,,,,,,,,,,,,0.0,10262.68,42830.98,0.0,53093.659999999996,1026.27,3122.0,0.0,4148.27,9236.41,39708.979999999996,0.0,48945.39,183.70377000000002,2163.894835,,2347.598605,4.7409696963000005,2.1504,,6.891369696300001,13346.5987,20019.1359,,33365.7346,13535.029999999999,22185.18,,35720.21,146.53994354949594,55.8694280235856,,72.97972291159597,221.59999999999997,2615.62,0.0,2837.22,1419.0,17072.070000000003,0.0,18491.070000000003,,,,,,,,,,,,,,77793.93999999999,0.0,126739.33,0.0,0.0,,0.0,,0.0,,,,,,,,126739.33,0.0
85,CHHATTISGARH,KANKER,,1402.9209756980586,1397.3076138484184,0.0,1397.5057469538492,22097.0,603939.0,0.0,626036.0,17412.0,643448.0,2508.8900000000003,68696.61,0.0,71205.5,547.8100000000001,,,547.8100000000001,1292.7251999999999,0.0,0.0,1292.72,1932.7800000000002,6316.68,0.0,8249.46,241.39000000000001,0.0,0.0,241.39000000000001,20.654,1.078,0.0,21.731999999999996,,,,,,,,,6544.25,75014.41,0.0,81558.66,,,,,,,,,,,,0.0,,,,0.0,,,,,,,,,,,,,,,,0.0,6544.25,75014.41,0.0,81558.66,654.4399999999999,6879.67,0.0,7534.119999999999,5889.81,68134.74,0.0,74024.55,57.474360000000004,1879.94564,,1937.4199999999996,21.288,0.0,,21.288,4524.5,15629.75,,20154.25,4603.28,17509.730000000003,,22112.99,78.15668077578053,25.69868175911437,,29.872508512378666,63.989999999999995,2086.08,0.0,2150.0699999999997,1604.91,50418.869999999995,0.0,52023.78,,,,,,,,,,,,,,116784.89000000001,0.0,190809.43999999997,0.0,0.0,,0.0,,0.0,,,,,,,,190809.43999999997,0.0
86,CHHATTISGARH,KONDAGAON,,1362.4,1362.4,0.0,1362.4,14149.0,358092.0,0.0,372241.0,13786.0,386027.0,1349.01,31999.570000000003,0.0,33348.579999999994,14.1,,0.0,14.1,100.14479999999999,3.2399999999999998,0.0,103.38,452.21999999999997,2015.73,0.0,2467.9500000000003,28.610000000000003,109.21,0.0,137.82,0.0,39.028,0.0,39.028,,,,,,,,,1944.0800000000002,34166.77,0.0,36110.85,,,,,,,,,,,,0.0,,,,0.0,,,,,,,,,,,,,,,,0.0,1944.0800000000002,34166.77,0.0,36110.85,153.86,2578.35,0.0,2732.21,1790.22,31588.420000000002,0.0,33378.64,48.87204,1446.68918,,1495.5612199999998,2.808,0.048,,2.856,1974.8,8802.3248,,10777.1248,2026.48,10249.05,,12275.539999999997,113.19726067187273,32.4455924037986,,36.77663320015434,53.699999999999996,1605.08,0.0,1658.7800000000002,506.28999999999996,21180.98,0.0,21687.27,,,,,,,,,,,,,,69069.51999999999,0.0,102448.16,0.0,0.0,,0.0,,0.0,,,,,,,,102448.16,0.0
87,CHHATTISGARH,KORBA,,1392.0,1392.0,0.0,1392.0,5740.0,425690.0,0.0,431430.0,283114.0,714544.0,569.2599999999999,39261.82,0.0,39831.08,78.36000000000001,,,78.36000000000001,181.8432,0.0,0.0,181.84000000000003,172.88,1725.7,0.0,1898.58,125.44,520.51,0.0,645.95,0.0,202.76,0.0,202.76,,,,,,,,,1127.78,41710.79,0.0,42838.57000000001,,,,,,,,,,,,0.0,,,,0.0,,,,,,,,,,,,,,,,0.0,1127.78,41710.79,0.0,42838.57000000001,112.78,3851.0200000000004,0.0,3963.7900000000004,1014.9999999999999,37859.770000000004,0.0,38874.770000000004,31.91487,3355.4231,,3387.3379699999996,606.8240000000001,2156.576,,2763.4,754.9897,7535.7752,,8290.7649,1393.7499999999998,13047.77,,14441.52,137.3152709359606,34.46341591615585,,37.148824288863956,36.14000000000001,3843.07,0.0,3879.21,294.96999999999997,24324.34,0.0,24619.31,,,,,,,,,,,,,,79197.32,0.0,118072.09,0.0,0.0,,0.0,,0.0,,,,,,,,118072.09,0.0
88,CHHATTISGARH,KOREA,,1317.0,1317.0,0.0,1317.0,18790.0,383697.0,0.0,402487.0,195283.0,597770.0,1948.22,40785.96,0.0,42734.18,158.38,,0.0,158.38,3807.5433,0.0,0.0,3807.55,222.75,1315.22,0.0,1537.97,831.9399999999999,0.0,0.0,831.9399999999999,47.6,282.0,0.0,329.59999999999997,,,,,,,,,7016.4400000000005,42383.17999999999,0.0,49399.62,,,,,,,,,,,,0.0,,,,0.0,,,,,,,,,,,,,,,,0.0,7016.4400000000005,42383.17999999999,0.0,49399.62,701.6300000000001,2454.82,0.0,3156.4500000000003,6314.8099999999995,39928.36,0.0,46243.17,74.33079000000001,1614.354485,,1688.6852749999998,0.07200000000000001,754.5759998869,,754.6479998868999,1142.2755,6744.659799999999,,7886.935299999999,1216.6800000000003,9113.58,,10330.259999999998,19.26708800423133,22.824829269221176,,22.33899622365854,81.09,1738.7,0.0,1819.7900000000002,5091.360000000001,30690.44,0.0,35781.8,,,,,,,,,,,,,,74359.52,0.0,120602.69000000002,0.0,0.0,,0.0,,0.0,,,,,,,,120602.69000000002,0.0
89,CHHATTISGARH,MAHASAMUND,,1398.128813559322,1407.5755432855478,0.0,1406.2419211694075,64900.0,394820.0,0.0,459720.0,36580.0,496300.0,7305.5199999999995,38360.92,0.0,45666.44,211.48,,,211.48,4208.08392,0.0,0.0,4208.08,1433.9,10826.579999999998,0.0,12260.48,1295.8899999999999,237.57,0.0,1533.4599999999998,79.68,634.5600000000001,0.0,714.24,,,,,,,,,14534.55,50059.630000000005,0.0,64594.18,,,,,,,,,,,,0.0,,,,0.0,,,,,,,,,,,,,,,,0.0,14534.55,50059.630000000005,0.0,64594.18,1453.4500000000003,3822.16,0.0,5275.610000000001,13081.099999999999,46237.47,0.0,59318.56999999999,324.54267000000004,2404.72585,,2729.2685199999996,17.19,19.0,,36.19,4829.2958,31394.271200000003,,36223.567,5171.02,33817.98,,38989.0,39.530467621224524,73.13977170463696,,65.72815224642132,365.31999999999994,2712.63,0.0,3077.95,7869.299999999999,12111.59,0.0,19980.89,,,,,,,,,,,,,,85132.37000000001,0.0,144450.94,0.0,0.0,,0.0,,0.0,,,,,,,,144450.94,0.0
90,CHHATTISGARH,MUNGELI,,1351.0,1351.0,0.0,1351.0,65809.0,98133.0,0.0,163942.0,111094.0,275036.0,4697.21,5281.13,0.0,9978.34,417.38,,,417.38,2401.4483999999998,0.0,0.0,2401.44,1274.8,1183.43,0.0,2458.23,145.04,264.4,0.0,409.44,80.0,100.4,0.0,180.4,,,,,,,,,9015.869999999999,6829.360000000001,0.0,15845.230000000001,,,,,,,,,,,,0.0,,,,0.0,,,,,,,,,,,,,,,,0.0,9015.869999999999,6829.360000000001,0.0,15845.230000000001,901.6,682.9399999999999,0.0,1584.54,8114.27,6146.42,0.0,14260.69,397.71495000000004,1315.967715,,1713.6826649999998,15.696000000000003,0.07200000000000001,,15.768000000000002,3392.56,3166.393,,6558.9529999999995,3805.9799999999996,4482.44,,8288.42,46.90477393530163,72.92765544821212,,58.120750117981665,516.09,1720.8899999999999,0.0,2236.98,4189.91,1259.06,0.0,5448.969999999999,,,,,,,,,,,,,,25988.51,0.0,40249.2,0.0,0.0,,0.0,,0.0,,,,,,,,40249.2,0.0
91,CHHATTISGARH,NARAYANPUR,,1404.1,1404.0999999999997,0.0,1404.1,3261.0,347782.0,0.0,351043.0,340273.0,691316.0,226.71,26823.14,0.0,27049.85,0.13,,0.0,0.13,308.88,0.0,0.0,308.88,8.45,142.8,0.0,151.25,17.28,0.0,0.0,17.28,0.0,228.8,0.0,228.8,,,,,,,,,561.45,27194.74,0.0,27756.190000000002,,,,,,,,,,,,0.0,,,,0.0,,,,,,,,,,,,,,,,0.0,561.45,27194.74,0.0,27756.190000000002,56.14,1722.1100000000001,0.0,1778.25,505.31,25472.63,0.0,25977.940000000002,6.7649099999999995,361.81209,,368.577,0.0,10.0,,10.0,35.2,595.0,,630.2,41.96,966.81,,1008.77,8.30381350062338,3.795485585901416,,3.8831793437046964,7.56,404.46000000000004,0.0,412.02,462.55,24463.18,0.0,24925.73,,,,,,,,,,,,,,64743.68000000001,0.0,90721.62,0.0,0.0,,0.0,,0.0,,,,,,,,90721.62,0.0
92,CHHATTISGARH,RAIGARH,,1470.2762746967355,1468.02591110948,0.0,1468.1573344340663,30419.0,490446.0,0.0,520865.0,162770.0,683635.0,2475.4,38171.06,0.0,40646.46000000001,108.92,,,108.92,1829.31,0.0,0.0,1829.3100000000002,620.19,4061.12,0.0,4681.3099999999995,442.07,1372.6,0.0,1814.6699999999998,7.140000000000001,98.83999999999999,0.0,105.97999999999999,,,,,,,,,5483.03,43703.62,0.0,49186.65,,,,,,,,,,,,0.0,,,,0.0,,,,,,,,,,,,,,,,0.0,5483.03,43703.62,0.0,49186.65,548.3,3348.99,0.0,3897.29,4934.7300000000005,40354.63,0.0,45289.36,208.59312000000003,3768.32716,,3976.9202799999994,690.5272449678,992.4816,,1683.0088449678,1991.7837000000002,14074.8679,,16066.651600000001,2890.92,18835.7,,21726.62,58.58314436656108,46.67543724226936,,47.972901361379364,236.16000000000003,4255.75,0.0,4491.91,2521.95,21031.500000000004,0.0,23553.450000000004,,,,,,,,,,,,,,96266.86,0.0,141556.22,0.0,0.0,,0.0,,0.0,,,,,,,,141556.22,0.0
93,CHHATTISGARH,RAIPUR,,1378.2569290358279,1375.1823990529035,0.0,1376.3351963014957,108435.0,180763.0,0.0,289198.0,0.0,289198.0,7605.509999999998,15466.28,0.0,23071.789999999997,1644.6399999999999,,,1644.6399999999999,8380.1796,0.0,0.0,8380.17,7597.959999999999,1647.76,0.0,9245.720000000001,41.129999999999995,1987.0199999999998,0.0,2028.1499999999999,617.52,1620.24,0.0,2237.7599999999998,,,,,,,,,25886.93,20721.3,0.0,46608.229999999996,,,,,,,,,,,,0.0,,,,0.0,,,,,,,,,,,,,,,,0.0,25886.93,20721.3,0.0,46608.229999999996,2377.77,1730.86,0.0,4108.63,23509.160000000003,18990.44,0.0,42499.6,936.5140799999999,5776.478319999999,,6712.9924,1350.975831196,0.0,,1350.975831196,17074.061199999996,3702.7955,,20776.856699999997,19361.56,9479.27,,28840.83,82.35751511325797,49.91601037153431,,67.8614151662604,1126.62,7053.07,0.0,8179.69,4327.25,9257.89,0.0,13585.14,,,,,,,,,,,,,,54253.96,0.0,96753.56,0.0,0.0,,0.0,,0.0,,,,,,,,96753.56,0.0
94,CHHATTISGARH,RAJNANDGAON,,1208.7000000000003,1208.7,0.0,1208.7000000000003,64819.0,498833.0,0.0,563652.0,104365.0,668017.0,5473.129999999999,44592.41,0.0,50065.54,884.16,,0.0,884.16,5162.801624999997,0.0,0.0,5162.8,7601.9299999999985,11501.820000000002,0.0,19103.75,1121.42,1932.39,0.0,3053.8100000000004,821.9599999999999,2663.68,0.0,3485.6399999999994,,,,,,,,,21065.4,60690.3,0.0,81755.7,,,,,,,,,,,,0.0,,,,0.0,,,,,,,,,,,,,,,,0.0,21065.4,60690.3,0.0,81755.7,2106.5299999999997,4629.9400000000005,0.0,6736.479999999999,18958.870000000003,56060.36,0.0,75019.23,425.7951299999999,4136.76546,,4562.560589999999,86.628,10.718100000000002,,97.34609999999999,17091.8125,25859.973600000005,,42951.786100000005,17604.249999999996,30007.450000000004,,47611.72,92.8549539081179,53.52703764299767,,63.4660206456398,529.14,5480.889999999999,0.0,6010.03,2585.4,24708.780000000002,0.0,27294.180000000004,,,,,,,,,,,,,,104580.69,0.0,179599.92,0.0,0.0,,0.0,,0.0,,,,,,,,179599.92,0.0
95,CHHATTISGARH,SUKMA,,1403.3989813242783,1403.8471658247056,0.0,1403.8466593374123,589.0,520610.0,0.0,521199.0,42380.0,563579.0,61.72,50923.0,0.0,50984.72,148.85,,,148.85,37.452,0.0,0.0,37.45,0.0,422.52,0.0,422.52,84.36,47.620000000000005,0.0,131.98,0.0,40.708,0.0,40.708,,,,,,,,,332.37999999999994,51433.86,0.0,51766.24,,,,,,,,,,,,0.0,,,,0.0,,,,,,,,,,,,,,,,0.0,332.37999999999994,51433.86,0.0,51766.24,33.24,5143.38,0.0,5176.63,299.14000000000004,46290.479999999996,0.0,46589.62,1.01178,600.927605,,601.939385,0.0,0.28800000000000003,,0.28800000000000003,0.0,949.4816999999999,,949.4816999999999,1.0099999999999998,1550.72,,1551.73,0.33763455238349926,3.349976064192897,,3.330634591997101,1.0899999999999999,635.51,0.0,636.6,298.04999999999995,44705.17999999999,0.0,45003.229999999996,,,,,,,,,,,,,,103144.87999999999,0.0,149734.5,0.0,0.0,,0.0,,0.0,,,,,,,,149734.5,0.0
96,CHHATTISGARH,SURAJPUR,,1317.0,1317.0,0.0,1317.0,13773.0,250015.0,0.0,263788.0,14932.0,278720.0,1450.7799999999997,25037.29,0.0,26488.07,75.05,,,75.05,1445.83722,0.0,0.0,1445.8200000000002,767.8699999999999,7196.009999999999,0.0,7963.879999999999,221.64,38.47,0.0,260.11,12.399999999999999,890.1,0.0,902.4999999999999,,,,,,,,,3973.5699999999993,33161.869999999995,0.0,37135.439999999995,,,,,,,,,,,,0.0,,,,0.0,,,,,,,,,,,,,,,,0.0,3973.5699999999993,33161.869999999995,0.0,37135.439999999995,397.34999999999997,2416.6099999999997,0.0,2813.96,3576.2200000000003,30745.260000000002,0.0,34321.48,104.20676999999999,1948.9846599999998,,2053.19143,464.928,101.75040000000001,,566.6784,1725.5449999999998,16170.8159,,17896.3609,2294.68,18221.57,,20516.25,64.16495629463512,59.266273890674526,,59.776705433448676,115.91000000000001,2182.14,0.0,2298.05,1348.81,12290.529999999999,0.0,13639.339999999998,,,,,,,,,,,,,,48441.34,0.0,82762.82,0.0,0.0,,0.0,,0.0,,,,,,,,82762.82,0.0
97,CHHATTISGARH,SURGUJA,,1317.0,1317.0,0.0,1317.0,32666.0,392776.0,0.0,425442.0,93673.0,519115.0,3270.69,37893.5,0.0,41164.19,222.87999999999997,,,222.87999999999997,1105.27452,0.0,0.0,1105.26,514.55,2860.16,0.0,3374.71,70.55,208.23,0.0,278.78,26.8,183.8,0.0,210.60000000000002,,,,,,,,,5210.73,41145.69,0.0,46356.42,,,,,,,,,,,,0.0,,,,0.0,,,,,,,,,,,,,,,,0.0,5210.73,41145.69,0.0,46356.42,521.08,4114.57,0.0,4635.65,4689.650000000001,37031.119999999995,0.0,41720.770000000004,188.23707000000002,2007.004695,,2195.2417649999998,340.96799999999996,325.86,,666.828,1527.0588,9121.674500000001,,10648.7333,2056.2400000000002,11454.54,,13510.779999999999,43.84634247758362,30.93219972822859,,32.383822254479,209.72000000000003,2226.29,0.0,2436.01,2611.93,25357.3,0.0,27969.23,,,,,,,,,,,,,,78054.57999999999,0.0,119775.34999999999,0.0,0.0,,0.0,,0.0,,,,,,,,119775.34999999999,0.0
98,DADRA AND NAGAR HAVELI,DADRA NAGAR HAVELI,,2265.7000000000003,2265.7000000000003,0.0,2265.7000000000003,4235.0,37365.0,0.0,41600.0,7500.0,49100.0,436.58,4199.63,0.0,4636.209999999999,47.01,,,47.01,2067.6627999999982,0.0,0.0,2067.66,53.69,212.89,0.0,266.58,0.0,3.5,0.0,3.5,33.128,192.186,,225.314,,,,,,,,,2638.06,4608.2,0.0,7246.26,,,,,,,,,,,,0.0,,,,0.0,,,,,,,,,,,,,,,,0.0,2638.06,4608.2,0.0,7246.26,263.8,230.41,0.0,494.21000000000004,2374.26,4377.79,0.0,6752.05,533.586492,1034.5500000000002,,1568.136492,411.2,237.84,,649.04,178.98,709.64,,888.6199999999999,1123.77,1982.0299999999997,,3105.8,47.33137904020621,45.27467055295023,,45.99788212468806,763.68,1034.55,0.0,1798.23,1020.4,2395.76,0.0,3416.1600000000003,,,,,,,0.4338026,0.0,0.0,,,,,0.0,0.0,6752.05,0.0,0.0,,0.0,,0.0,,0.0,,0.0,,0.0,,6752.05,0.0
99,DAMAN AND DIU,DAMAN,,1974.0,0.0,0.0,1904.394922425952,6840.0,0.0,250.0,7090.0,110.0,7200.0,2551.89,0.0,0.0,2551.89,12.280000000000001,,0.0,12.280000000000001,0.0,0.0,0.0,0.0,62.38,0.0,0.0,62.38,16.759999999999998,,,16.759999999999998,12.0,,,12.0,,,,,,,,,2655.31,0.0,0.0,2655.31,,,,,,,,,,,,0.0,,,,0.0,,,,,,,,,,,,,,,,0.0,2655.31,0.0,0.0,2655.31,132.77,0.0,0.0,132.77,2522.54,0.0,0.0,2522.54,0.0,,0.0,0.0,2867.0,,0.0,2867.0,215.10000000000002,,0.0,215.10000000000002,3082.1,,0.0,3082.1,122.18240345049038,,0.0,122.18240345049038,1412.67,0.0,0.0,1412.67,0.0,0.0,0.0,0.0,,,,,,,,,,,,,,0.0,0.0,2522.54,0.0,0.0,,0.0,,0.0,,0.0,,0.0,,0.0,,2522.54,0.0
100,DAMAN AND DIU,DIU,,830.0,0.0,0.0,762.77,3676.0,0.0,324.0,4000.0,0.0,4000.0,208.15,0.0,0.0,208.15,0.0,,,0.0,0.0,0.0,0.0,0.0,12.239999999999998,0.0,0.0,12.239999999999998,24.98,,,24.98,0.0,0.0,0.0,0.0,,,,,,,,,245.37,0.0,0.0,245.37,,,,,,,,,,,,0.0,,,,0.0,,,,,,,,,,,,,,,,0.0,245.37,0.0,0.0,245.37,12.26,0.0,0.0,12.26,233.10999999999999,0.0,0.0,233.10999999999999,0.0,,0.0,0.0,0.0,,0.0,0.0,42.2,,0.0,42.2,42.199999999999996,,0.0,42.199999999999996,18.10304148256188,,0.0,18.10304148256188,175.69,0.0,0.0,175.69,15.22,0.0,0.0,15.22,,,,,,,,,,,,,,0.0,0.0,233.11,0.0,0.0,,0.0,,0.0,,0.0,,0.0,,0.0,,233.11,0.0
101,DELHI,CENTRAL,,0.0,793.8999999999999,0.0,793.8999999999999,0.0,7930.5,0.0,7930.5,0.0,7930.5,0.0,208.20000000000002,0.0,208.20000000000002,0.0,,0.0,0.0,0.0,0.0,0.0,0.0,0.0,47.730000000000004,0.0,47.730000000000004,0.0,0.61,0.0,0.61,0.0,17.082,0.0,17.082,0.0,0.0,0.0,0.0,0.0,1732.9308493150684,0.0,1732.9308493150684,0.0,2006.54,0.0,2006.54,,,,,,,,,,,,0.0,,,,0.0,,,,,,,,,,,,,,,,0.0,0.0,2006.54,0.0,2006.54,0.0,200.66,0.0,200.66,0.0,1805.88,0.0,1805.88,,1483.9284060937289,,1483.9284060937289,,0.0,,0.0,,167.08599999999998,,167.08599999999998,,1651.0,,1651.0,,91.42357188739008,,91.42357188739008,,1534.23,0.0,1534.23,0.0,250.53,0.0,250.53,,,,,,,237.0,0.0,0.0,,,,,37337.37,0.0,39143.25,0.0,0.0,,0.0,,0.0,,,,,,,,39143.25,0.0
102,DELHI,EAST,,0.0,793.9,0.0,793.9,0.0,3159.9,0.0,3159.9,0.0,3159.9,0.0,132.46,0.0,132.46,0.0,,0.0,0.0,0.0,0.0,0.0,0.0,0.0,36.07,0.0,36.07,0.0,1.34,0.0,1.34,0.0,16.164,0.0,16.164,0.0,0.0,0.0,0.0,0.0,1371.8058082191778,0.0,1371.8058082191778,0.0,1557.83,0.0,1557.83,,,,,,,,,,,,0.0,,,,0.0,,,,,,,,,,,,,,,,0.0,0.0,1557.83,0.0,1557.83,0.0,155.79,0.0,155.79,0.0,1402.04,0.0,1402.04,,1122.4817369773664,,1122.4817369773664,,0.0,,0.0,,128.69,,128.69,,1251.17,,1251.17,,89.23925137656559,,89.23925137656559,,1151.8700000000001,0.0,1151.8700000000001,0.0,177.92000000000002,0.0,177.92000000000002,,,,,,,0.0,0.0,0.0,,,,,18728.91,0.0,20130.95,0.0,0.0,,0.0,,0.0,,,,,,,,20130.95,0.0
103,DELHI,NAZUL LAND,,0.0,793.9,0.0,793.9,0.0,2579.0,0.0,2579.0,0.0,2579.0,0.0,122.85,0.0,122.85,0.0,,0.0,0.0,0.0,0.0,0.0,0.0,0.0,68.97999999999999,0.0,68.97999999999999,0.0,0.08,0.0,0.08,0.0,0.0,0.0,0.0,0.0,0.0,0.0,0.0,0.0,327.45205479452056,0.0,327.45205479452056,0.0,519.37,0.0,519.37,,,,,,,,,,,,0.0,,,,0.0,,,,,,,,,,,,,,,,0.0,0.0,519.37,0.0,519.37,0.0,51.94,0.0,51.94,0.0,467.43,0.0,467.43,,44.06269731638073,,44.06269731638073,,0.0,,0.0,,249.2,,249.2,,293.26,,293.26,,62.73880581049569,,62.73880581049569,,44.89,0.0,44.89,0.0,173.34,0.0,173.34,,,,,,,322.56,19342.5,0.0,,,,,33049.16,0.0,33516.59,0.0,0.0,,0.0,,0.0,,,,,,,,33516.59,0.0
104,DELHI,NEW DELHI,,0.0,793.8999999999999,0.0,793.8999999999999,0.0,15809.0,0.0,15809.0,0.0,15809.0,0.0,442.93,0.0,442.93,0.0,,0.0,0.0,0.0,0.0,0.0,0.0,0.0,131.46,0.0,131.46,0.0,2.52,0.0,2.52,0.0,19.44,0.0,19.44,0.0,0.0,0.0,0.0,0.0,1709.554410958904,0.0,1709.554410958904,0.0,2305.91,0.0,2305.91,,,,,,,,,,,,0.0,,,,0.0,,,,,,,,,,,,,,,,0.0,0.0,2305.91,0.0,2305.91,0.0,230.6,0.0,230.6,0.0,2075.31,0.0,2075.31,,2202.7861509584027,,2202.7861509584027,,0.0,,0.0,,477.02565000000004,,477.02565000000004,,2679.81,,2679.81,,129.12817844081127,,129.12817844081127,,2295.7200000000003,0.0,2295.7200000000003,0.0,0.0,0.0,0.0,,,,,,,0.0,0.0,0.0,,,,,41743.79,0.0,43819.100000000006,0.0,0.0,,0.0,,0.0,,,,,,,,43819.100000000006,0.0
105,DELHI,NORTH,,0.0,793.9,0.0,793.9,0.0,29114.0,0.0,29114.0,0.0,29114.0,0.0,1183.5900000000001,0.0,1183.5900000000001,0.0,,0.0,0.0,0.0,0.0,0.0,0.0,0.0,72.42,0.0,72.42,0.0,6.81,0.0,6.81,0.0,21.186,0.0,21.186,0.0,0.0,0.0,0.0,0.0,3864.3132390410965,0.0,3864.3132390410965,0.0,5148.32,0.0,5148.32,,,,,,,,,,,,0.0,,,,0.0,,,,,,,,,,,,,,,,0.0,0.0,5148.32,0.0,5148.32,0.0,514.8299999999999,0.0,514.8299999999999,0.0,4633.49,0.0,4633.49,,1209.581864949052,,1209.581864949052,,3504.0,,3504.0,,263.3636,,263.3636,,4976.95,,4976.95,,107.41255511504289,,107.41255511504289,,1241.8200000000002,0.0,1241.8200000000002,0.0,45.36,0.0,45.36,,,,,,,6.325,0.0,0.0,,,,,335032.03,0.0,339665.52,0.0,0.0,,0.0,,0.0,,,,,,,,339665.52,0.0
106,DELHI,NORTH EAST,,0.0,793.9,0.0,793.8999999999999,0.0,3567.2000000000003,0.0,3567.2000000000003,0.0,3567.2000000000003,0.0,140.07999999999998,0.0,140.07999999999998,0.0,,0.0,0.0,0.0,0.0,0.0,0.0,0.0,29.25,0.0,29.25,0.0,0.81,0.0,0.81,0.0,12.564,0.0,12.564,0.0,0.0,0.0,0.0,0.0,1012.0451506849314,0.0,1012.0451506849314,0.0,1194.74,0.0,1194.74,,,,,,,,,,,,0.0,,,,0.0,,,,,,,,,,,,,,,,0.0,0.0,1194.74,0.0,1194.74,0.0,119.48,0.0,119.48,0.0,1075.26,0.0,1075.26,,1005.5179412388202,,1005.5179412388202,,0.0,,0.0,,105.1625,,105.1625,,1110.69,,1110.69,,103.29501701913956,,103.29501701913956,,1024.8200000000002,0.0,1024.8200000000002,0.0,6.779999999999999,0.0,6.779999999999999,,,,,,,21.1,0.0,0.0,,,,,26535.269999999997,0.0,27610.53,0.0,0.0,,0.0,,0.0,,,,,,,,27610.53,0.0
107,DELHI,NORTH WEST,,0.0,793.8999999999999,0.0,793.8999999999999,0.0,15436.0,0.0,15436.0,0.0,15436.0,0.0,734.98,0.0,734.98,0.0,,0.0,0.0,0.0,0.0,0.0,0.0,0.0,140.10000000000002,0.0,140.10000000000002,0.0,5.1899999999999995,0.0,5.1899999999999995,0.0,11.844000000000001,0.0,11.844000000000001,0.0,0.0,0.0,0.0,0.0,2801.1886027397263,0.0,2801.1886027397263,0.0,3693.29,0.0,3693.29,,,,,,,,,,,,0.0,,,,0.0,,,,,,,,,,,,,,,,0.0,0.0,3693.29,0.0,3693.29,0.0,369.33000000000004,0.0,369.33000000000004,0.0,3323.96,0.0,3323.96,,1829.4178569306073,,1829.4178569306073,,0.0,,0.0,,498.7455,,498.7455,,2328.18,,2328.18,,70.04235911382808,,70.04235911382808,,1878.0300000000002,0.0,1878.0300000000002,0.0,947.1800000000001,0.0,947.1800000000001,,,,,,,1148.6,0.0,0.0,,,,,151498.27,0.0,154822.23,0.0,0.0,,0.0,,0.0,,,,,,,,154822.23,0.0
108,DELHI,SHAHDARA,,0.0,793.9,0.0,793.9,0.0,3458.5,0.0,3458.5,0.0,3458.5,0.0,162.38,0.0,162.38,0.0,,0.0,0.0,0.0,0.0,0.0,0.0,0.0,65.76,0.0,65.76,0.0,4.05,0.0,4.05,0.0,16.92,0.0,16.92,0.0,0.0,0.0,0.0,0.0,1240.170082191781,0.0,1240.170082191781,0.0,1489.27,0.0,1489.27,,,,,,,,,,,,0.0,,,,0.0,,,,,,,,,,,,,,,,0.0,0.0,1489.27,0.0,1489.27,0.0,148.93,0.0,148.93,0.0,1340.34,0.0,1340.34,,1213.7208236019098,,1213.7208236019098,,0.0,,0.0,,239.11200000000002,,239.11200000000002,,1452.84,,1452.84,,108.39339272124984,,108.39339272124984,,1249.48,0.0,1249.48,0.0,6.36,0.0,6.36,,,,,,,0.0,0.0,0.0,,,,,24899.63,0.0,26239.97,0.0,0.0,,0.0,,0.0,,,,,,,,26239.97,0.0
109,DELHI,SOUTH,,0.0,793.9,0.0,793.9,0.0,15785.0,0.0,15785.0,0.0,15785.0,0.0,251.02000000000004,0.0,251.02000000000004,0.0,,0.0,0.0,0.0,0.0,0.0,0.0,0.0,67.64,0.0,67.64,0.0,4.24,0.0,4.24,0.0,20.195999999999998,0.0,20.195999999999998,0.0,0.0,0.0,0.0,0.0,2370.119802739726,0.0,2370.119802739726,0.0,2713.22,0.0,2713.22,,,,,,,,,,,,0.0,,,,0.0,,,,,,,,,,,,,,,,0.0,0.0,2713.22,0.0,2713.22,0.0,271.33,0.0,271.33,0.0,2441.89,0.0,2441.89,,2678.042081922597,,2678.042081922597,,0.0,,0.0,,242.24412500000003,,242.24412500000003,,2920.29,,2920.29,,119.59138208518812,,119.59138208518812,,2731.66,0.0,2731.66,0.0,0.0,0.0,0.0,,,,,,,0.0,0.0,0.0,,,,,10258.48,0.0,12700.37,0.0,0.0,,0.0,,0.0,,,,,,,,12700.37,0.0
110,DELHI,SOUTH EAST,,0.0,793.9,0.0,793.9,0.0,10352.0,0.0,10352.0,0.0,10352.0,0.0,442.65000000000003,0.0,442.65000000000003,0.0,,0.0,0.0,0.0,0.0,0.0,0.0,0.0,67.69,0.0,67.69,0.0,1.56,0.0,1.56,0.0,18.09,0.0,18.09,0.0,0.0,0.0,0.0,0.0,1201.6905205479452,0.0,1201.6905205479452,0.0,1731.6799999999998,0.0,1731.6799999999998,,,,,,,,,,,,0.0,,,,0.0,,,,,,,,,,,,,,,,0.0,0.0,1731.6799999999998,0.0,1731.6799999999998,0.0,173.17000000000002,0.0,173.17000000000002,0.0,1558.51,0.0,1558.51,,1243.2516964812773,,1243.2516964812773,,156.0,,156.0,,242.986625,,242.986625,,1642.24,,1642.24,,105.37243906038461,,105.37243906038461,,1290.45,0.0,1290.45,0.0,36.6,0.0,36.6,,,,,,,40.0,0.0,0.0,,,,,57441.22,0.0,58999.729999999996,0.0,0.0,,0.0,,0.0,,,,,,,,58999.729999999996,0.0
111,DELHI,SOUTH WEST,,0.0,793.9,0.0,793.9,0.0,30516.0,0.0,30516.0,0.0,30516.0,0.0,1515.85,0.0,1515.85,0.0,,0.0,0.0,0.0,0.0,0.0,0.0,0.0,1084.51,0.0,1084.51,0.0,10.36,0.0,10.36,0.0,22.842,0.0,22.842,0.0,0.0,0.0,0.0,0.0,3464.01341369863,0.0,3464.01341369863,0.0,6097.57,0.0,6097.57,,,,,,,,,,,,0.0,,,,0.0,,,,,,,,,,,,,,,,0.0,0.0,6097.57,0.0,6097.57,0.0,609.76,0.0,609.76,0.0,5487.8099999999995,0.0,5487.8099999999995,,2075.6401217762364,,2075.6401217762364,,0.0,,0.0,,3911.46,,3911.46,,5987.1,,5987.1,,109.09816484171284,,109.09816484171284,,2166.33,0.0,2166.33,0.0,139.75,0.0,139.75,,,,,,,41.849999999999994,0.0,0.0,,,,,343215.58999999997,0.0,348703.4,0.0,0.0,,0.0,,0.0,,,,,,,,348703.4,0.0
112,DELHI,WEST,,0.0,793.9,0.0,793.9,0.0,11054.0,0.0,11054.0,0.0,11054.0,0.0,520.4499999999999,0.0,520.4499999999999,0.0,,0.0,0.0,0.0,0.0,0.0,0.0,0.0,182.48000000000002,0.0,182.48000000000002,0.0,3.08,0.0,3.08,0.0,17.676000000000002,0.0,17.676000000000002,0.0,0.0,0.0,0.0,0.0,2630.3216712328767,0.0,2630.3216712328767,0.0,3354.02,0.0,3354.02,,,,,,,,,,,,0.0,,,,0.0,,,,,,,,,,,,,,,,0.0,0.0,3354.02,0.0,3354.02,0.0,335.39,0.0,335.39,0.0,3018.63,0.0,3018.63,,2080.69392000054,,2080.69392000054,,0.0,,0.0,,658.548,,658.548,,2739.24,,2739.24,,90.74447679907772,,90.74447679907772,,2099.45,0.0,2099.45,0.0,381.16999999999996,0.0,381.16999999999996,,,,,,,0.0,0.0,0.0,,,,,85741.72,0.0,88760.35,0.0,0.0,,0.0,,0.0,,,,,,,,88760.35,0.0
113,GOA,GOA NORTH,,3430.5497348191407,3338.8656582244607,0.0,3354.408613252245,16781.0,82206.0,0.0,98987.0,47323.0,146310.0,2667.19,12068.34,0.0,14735.529999999999,393.38,,0.0,393.38,329.32,2463.83,0.0,2793.15,0.0,225.82,0.0,225.82,5.9,25.11,0.0,31.009999999999998,72.5,410.5,0.0,483.0,,,,,,,,,3468.2899999999995,15193.6,0.0,18661.89,,,,,,,,,,,,0.0,,,,0.0,,,,,,,,,,,,,,,,0.0,3468.2899999999995,15193.6,0.0,18661.89,693.6600000000001,3038.72,0.0,3732.3799999999997,2774.63,12154.88,0.0,14929.510000000002,211.46483049999998,1867.1135175,,2078.578348,8.8444,42.80275,,51.647149999999996,153.09,1266.8400000000001,,1419.9300000000003,373.4,3176.7599999999998,,3550.18,13.457650209217084,26.135675547598993,,23.779615004109306,230.39,2034.22,0.0,2264.6099999999997,2382.31,8811.01,0.0,11193.32,,,,,,,,,,,,,,0.0,0.0,14929.509999999998,0.0,0.0,,0.0,,0.0,,,,,,,,14929.509999999998,0.0
114,GOA,SOUTH GOA,,3426.9685730791452,3385.01389242378,0.0,3388.5863624438393,10386.0,111586.0,0.0,121972.0,101916.0,223888.0,1889.7800000000002,17857.99,0.0,19747.77,548.02,,0.0,548.02,23.019999999999996,439.33000000000004,0.0,462.35,0.0,36.58,0.0,36.58,1.96,23.75,0.0,25.71,41.25,688.5,0.0,729.75,,,,,,,,,2504.03,19046.15,0.0,21550.179999999997,,,,,,,,,,,,0.0,,,,0.0,,,,,,,,,,,,,,,,0.0,2504.03,19046.15,0.0,21550.179999999997,500.79,3809.24,0.0,4310.03,2003.2400000000002,15236.91,0.0,17240.15,167.00553100000002,2498.6103834999994,,2665.6159144999997,32.76954,300.96609,,333.73563,70.20000000000002,935.01,,1005.2099999999999,269.99,3734.58,,4004.57,13.477666180787123,24.51008767525699,,23.228162167962573,181.95000000000002,2722.2300000000005,0.0,2904.1800000000003,1718.3000000000002,11278.71,0.0,12997.009999999998,,,,,,,,,,,,,,0.0,0.0,17240.15,0.0,0.0,,0.0,,0.0,,,,,,,,17240.15,0.0
115,GUJARAT,AHMEDABAD,,758.0114978426135,0.0,688.7922445285324,712.7918816296582,243350.0,0.0,458515.0,701865.0,0.0,701865.0,44377.689999999995,0.0,85277.07999999999,129654.77000000002,2728.98,,133.7,2862.6800000000003,7584.779999999999,0.0,0.08,7584.86,6409.02,0.0,3905.35,10314.37,192.98000000000002,,215.74,408.71999999999997,3131.184,,1593.82,4725.004000000001,,,,,,,,,64424.65,0.0,91125.76999999999,155550.41999999998,,,,,,,,,,,,0.0,,,,0.0,,,,,,,,,,,,,,,,0.0,64424.65,0.0,91125.76999999999,155550.41999999998,3815.8900000000003,0.0,6694.68,10510.560000000001,60608.759999999995,0.0,84431.09,145039.85,676.5085564999998,,1665.5674525,2342.076009,1268.6000000000001,,0.0,1268.6000000000001,37210.4,,17983.0,55193.4,39155.51000000001,,19648.58,58804.090000000004,64.60371405057622,,23.27173556565479,64.60371405057617,770.76,0.0,0.0,2668.36,21359.0,0.0,66448.08,21359.0,,,,,,,,,,,,,,0.0,0.0,60608.759999999995,84431.09,0.0,,0.0,,0.0,,,,,,,,60608.759999999995,84431.09
116,GUJARAT,AMRELI,,667.391636509292,0.0,663.2576730136469,667.2877248167908,719006.0,0.0,18539.0,737545.0,0.0,737545.0,137968.04,0.0,1707.67,139675.71000000002,50.96000000000001,,0.0,50.96000000000001,1998.83,0.0,0.0,1998.83,11809.220000000001,0.0,57.379999999999995,11866.6,372.91999999999996,,3.3499999999999996,376.27,3803.7760000000003,,40.82,3844.596,,,,,,,,,156003.75,0.0,1809.2199999999998,157812.97,,,,,,,,,,,,0.0,,,,0.0,,,,,,,,,,,,,,,,0.0,156003.75,0.0,1809.2199999999998,157812.97,7800.189999999999,0.0,90.46,7890.65,148203.56,0.0,1718.7600000000002,149922.32,202.82739750000002,,0.0,202.82739750000002,5.26,,0.0,5.26,74640.40000000001,,212.5,74852.90000000001,74848.48,,212.5,75060.98,50.503834050949926,,12.363564430170587,50.503834050949926,213.20999999999998,,0.0,213.20999999999998,73344.69,0.0,1506.26,73344.69,,,,,,,,,,,,,,0.0,0.0,148203.56,1718.76,0.0,,0.0,,0.0,,,,,,,,148203.56,1718.76
117,GUJARAT,ANAND,,1566.8061117013692,0.0,1461.2066105566541,1542.436047663525,217419.0,0.0,65229.0,282648.0,0.0,282648.0,28882.499999999996,0.0,13842.47,42724.97,51942.0,,0.0,51942.0,16102.76,0.0,5.2299999999999995,16107.989999999998,5661.1,0.0,385.01,6046.11,588.26,,74.69,662.95,1034.344,,38.384,1072.728,,,,,,,,,104210.96,0.0,14345.78,118556.74000000002,,,,,,,,,,,,0.0,,,,0.0,,,,,,,,,,,,,,,,0.0,104210.96,0.0,14345.78,118556.74000000002,7150.319999999999,0.0,717.29,7867.61,97060.64000000001,0.0,13628.49,110689.13000000002,3969.6814369577187,,391.357526,4361.0389629577185,110.18,,0.0,110.18,22265.100000000002,,1327.6000000000001,23592.7,26344.97,,1718.95,28063.920000000002,27.142794442731883,,12.612916031049663,27.142794442731883,4267.9,0.0,0.0,4688.66,70417.45999999999,0.0,12300.9,70417.45999999999,,,,,,,0.0,0.0,0.0,,,,,0.0,0.0,97060.64,13628.49,0.0,,0.0,,0.0,,,,,,,,97060.64,13628.49
118,GUJARAT,ARVALLI,,1754.5819542142067,0.0,0.0,1754.5819542142067,315448.94,0.0,0.0,315448.94,6518.06,321967.0,70906.2,0.0,0.0,70906.2,967.22,,0.0,1363.3899999999999,893.9,0.0,0.0,893.9,6386.5,0.0,0.0,6386.5,252.71,,0.0,252.71,638.9639999999999,,0.0,638.9639999999999,,,,,,,,,80441.65000000001,0.0,0.0,80441.65000000001,,,,,,,,,,,,0.0,,,,0.0,,,,,,,,,,,,,,,,0.0,80441.65000000001,0.0,0.0,80441.65000000001,7690.860000000001,0.0,0.0,7690.860000000001,72750.79,0.0,0.0,72750.79,1829.46965495,,,1829.46965495,5.48,,,5.48,32196.299999999996,,,32196.299999999996,34031.25,,,34031.25,46.77784254988847,,,46.77784254988847,2013.4299999999998,,0.0,2013.4299999999998,38535.579999999994,0.0,0.0,38535.579999999994,,,,,,,,,,,,,,0.0,0.0,72750.79,0.0,0.0,,0.0,,0.0,,,,,,,,72750.79,0.0
119,GUJARAT,BANASKANTHA,,690.3410791076443,0.0,505.5734884568335,613.0810148111425,588091.84,0.0,422631.0,1010722.84,29809.16,1040532.0,82583.48000000001,0.0,50768.23,133351.71000000002,2281.8,,2337.79,5113.469999999999,1437.2499999999998,0.0,16.33,1453.5799999999997,11888.940000000002,0.0,2462.11,14351.05,342.74,,182.94000000000003,525.6800000000001,18246.4,,1117.6000000000001,19364.0,,,,,,,,,117274.48999999999,0.0,56885.0,174159.49000000002,,,,,,,,,,,,0.0,,,,0.0,,,,,,,,,,,,,,,,0.0,117274.48999999999,0.0,56885.0,174159.49000000002,10347.739999999998,0.0,5688.5,16036.239999999998,106926.74999999999,0.0,51196.49999999999,158123.25,3762.128801095369,,649.0187797483939,4411.147580843763,62.599999999999994,,0.0,62.599999999999994,129523.04999999999,,27725.9,157248.95,133347.78,,28374.909999999996,161722.69,124.7094669949288,,55.423534811950034,124.70946699492877,4342.8,0.0,0.0,5092.000000000001,19192.79,0.0,34276.79,19192.79,,,,,,,,,,,,,,0.0,0.0,106926.74999999999,51196.5,0.0,,0.0,,0.0,,,,,,,,106926.74999999999,51196.5
120,GUJARAT,BHARUCH,,1462.878951588522,0.0,1351.892719666049,1416.8840858315582,304308.0,0.0,215361.0,519669.0,4390.0,524059.0,63366.21,0.0,46117.37,109483.58,4891.53,,0.0,4891.53,8126.910000000001,0.0,0.62,8127.530000000002,4100.57,0.0,344.73,4445.3,529.98,,248.42,778.4000000000001,5391.538,,105.46,5496.998,,,,,,,,,86406.75,0.0,46816.600000000006,133223.35,,,,,,,,,,,,0.0,,,,0.0,,,,,,,,,,,,,,,,0.0,86406.75,0.0,46816.600000000006,133223.35,8640.66,0.0,4681.66,13322.32,77766.08999999998,0.0,42134.94,119901.03,1083.6315032309087,,832.41555075,1916.0470539809085,36.88,,0.0,36.88,15379.4,,1271.6000000000001,16651.000000000004,16499.899999999998,,2104.01,18603.910000000003,21.217345503676476,,4.993504203399839,21.217345503676476,1168.3899999999999,,0.0,2032.7300000000002,61181.43,0.0,40863.350000000006,61181.43,,,,,,,,,,,,,,0.0,0.0,77766.08999999998,42134.94,0.0,,0.0,,0.0,,,,,,,,77766.08999999998,42134.94
121,GUJARAT,BHAVNAGAR,,602.7956685968973,0.0,691.4088463498896,614.4827484724899,581105.0,0.0,88285.0,669390.0,0.0,669390.0,84934.69,0.0,9821.91,94756.6,883.8400000000001,,0.0,883.8400000000001,2592.83,0.0,0.0,2592.83,8672.05,0.0,447.40999999999997,9119.46,488.51,,19.23,507.73,4931.1759999999995,,234.67600000000002,5165.851999999999,,,,,,,,,102503.07999999999,0.0,10523.23,113026.30999999998,,,,,,,,,,,,0.0,,,,0.0,,,,,,,,,,,,,,,,0.0,102503.07999999999,0.0,10523.23,113026.30999999998,5125.15,0.0,526.16,5651.309999999999,97377.93,0.0,9997.07,107375.0,64.84531889536595,,0.0,64.84531889536595,0.0,,0.0,0.0,42198.40000000001,,1867.9000000000003,44066.30000000001,42263.25,,1867.9,44131.15,43.401261456266326,,18.684474551043458,43.401261456266326,71.32,,0.0,71.32,55108.21000000001,0.0,8129.17,55108.21000000001,,,,,,,,,,,,,,0.0,0.0,97377.93,9997.07,0.0,,0.0,,0.0,,,,,,,,97377.93,9997.07
122,GUJARAT,BOTAD,,579.9286752680356,0.0,659.0,591.0407477978384,220120.0,0.0,35992.0,256112.0,0.0,256112.0,43266.32,0.0,3868.67,47134.990000000005,211.94000000000003,,0.0,211.94000000000003,240.86,0.0,0.0,240.86,3988.54,0.0,237.3,4225.84,38.449999999999996,,3.78,42.23,1781.64,,36.64,1818.2800000000002,,,,,,,,,49527.75,0.0,4146.39,53674.14,,,,,,,,,,,,0.0,,,,0.0,,,,,,,,,,,,,,,,0.0,49527.75,0.0,4146.39,53674.14,2476.38,0.0,209.14999999999998,2685.52,47051.369999999995,0.0,3937.2400000000002,50988.61,0.0,,0.0,0.0,0.0,,0.0,0.0,23049.699999999997,,919.8000000000001,23969.5,23049.699999999997,,919.8000000000001,23969.5,48.98837164571403,,23.3615426034481,48.98837164571403,0.0,,0.0,0.0,24001.67,0.0,3017.44,24001.67,,,,,,,,,,,,,,0.0,0.0,47051.369999999995,3937.2400000000002,0.0,,0.0,,0.0,,,,,,,,47051.369999999995,3937.2400000000002
123,GUJARAT,CHHOTA UDEPUR,,1053.5816227200273,0.0,0.0,1053.5816227200273,328732.0,0.0,0.0,328732.0,17298.0,346030.0,39945.22,0.0,0.0,39945.22,2807.56,,0.0,2807.56,2948.7300000000005,0.0,0.0,2948.7300000000005,4719.12,0.0,0.0,4719.12,316.23,,0.0,316.23,3454.7279999999996,,0.0,3454.7279999999996,,,,,,,,,54191.58,0.0,0.0,54191.58,,,,,,,,,,,,0.0,,,,0.0,,,,,,,,,,,,,,,,0.0,54191.58,0.0,0.0,54191.58,4894.98,0.0,0.0,4894.98,49296.59999999999,0.0,0.0,49296.59999999999,1727.5842521,,,1727.5842521,0.0,,,0.0,18634.600000000002,,,18634.600000000002,20362.170000000002,,,20362.170000000002,41.30542471488907,,,41.30542471488907,1874.6299999999999,,0.0,1874.6299999999999,28787.38,0.0,0.0,28787.38,,,,,,,,,,,,,,0.0,0.0,49296.59999999999,0.0,0.0,,0.0,,0.0,,,,,,,,49296.59999999999,0.0
124,GUJARAT,DAHOD,,1505.2776130740147,0.0,0.0,1505.2776130740147,352822.0,0.0,0.0,352822.0,12158.0,364980.0,34200.85,0.0,0.0,34200.85,1922.44,,0.0,1922.44,3145.08,0.0,0.0,3145.08,2251.53,0.0,0.0,2251.53,225.09000000000003,,0.0,225.09000000000003,9973.224000000002,,0.0,9973.224000000002,,,,,,,,,51718.20999999999,0.0,0.0,51718.20999999999,,,,,,,,,,,,0.0,,,,0.0,,,,,,,,,,,,,,,,0.0,51718.20999999999,0.0,0.0,51718.20999999999,4484.339999999999,0.0,0.0,4484.339999999999,47233.87,0.0,0.0,47233.87,4576.1507372,,,4576.1507372,0.0,,,0.0,8267.300000000001,,,8267.300000000001,12843.439999999999,,,12843.439999999999,27.19116600016047,,,27.19116600016047,5471.59,,0.0,5471.59,33494.969999999994,0.0,0.0,33494.969999999994,,,,,,,,,,,,,,0.0,0.0,47233.87,0.0,0.0,,0.0,,0.0,,,,,,,,47233.87,0.0
125,GUJARAT,DANG,,2382.406340994753,0.0,0.0,2382.406340994753,135310.0,0.0,0.0,135310.0,35515.0,170825.0,30173.22,0.0,0.0,30173.22,0.0,,0.0,0.0,0.0,0.0,0.0,0.0,471.22,0.0,0.0,471.22,98.28,,0.0,98.28,1204.008,,0.0,1204.008,,,,,,,,,31946.72,0.0,0.0,31946.72,,,,,,,,,,,,0.0,,,,0.0,,,,,,,,,,,,,,,,0.0,31946.72,0.0,0.0,31946.72,3194.67,0.0,0.0,3194.67,28752.050000000003,0.0,0.0,28752.050000000003,452.4021481000001,,,452.4021481000001,61.48,,,61.48,1715.6999999999996,,,1715.6999999999996,2229.59,,,2229.59,7.754542719562604,,,7.754542719562604,512.56,,0.0,512.56,26462.3,0.0,0.0,26462.3,,,,,,,,,,,,,,0.0,0.0,28752.050000000003,0.0,0.0,,0.0,,0.0,,,,,,,,28752.050000000003,0.0
126,GUJARAT,DEVBHUMI DWARKA,,684.7325007755804,0.0,575.9311687921078,666.4294832549926,328786.0,0.0,66496.0,395282.0,12245.0,407527.0,37488.18,0.0,4875.38,42363.56,694.55,,0.0,694.55,503.67999999999995,0.0,0.0,503.67999999999995,4458.129999999999,0.0,791.13,5249.259999999999,209.75,,12.190000000000001,221.94,1404.472,,110.412,1514.8839999999998,,,,,,,,,44758.75,0.0,5789.120000000001,50547.87,,,,,,,,,,,,0.0,,,,0.0,,,,,,,,,,,,,,,,0.0,44758.75,0.0,5789.120000000001,50547.87,2237.93,0.0,289.47,2527.4,42520.82,0.0,5499.65,48020.47,1355.9523481,,77.9446185,1433.8969666,0.0,,0.0,0.0,24483.799999999996,,3040.1000000000004,27523.9,25839.760000000002,,3118.03,28957.79,60.769665307489376,,56.69506241306266,60.769665307489376,1464.55,,0.0,1548.7399999999998,16572.46,0.0,2459.56,16572.46,,,,,,,,,,,,,,0.0,0.0,42520.82,5499.650000000001,0.0,,0.0,,0.0,,,,,,,,42520.82,5499.650000000001
127,GUJARAT,GANDHINAGAR,,778.1536078380675,0.0,0.0,778.1536078380675,216584.0,0.0,0.0,216584.0,0.0,216584.0,40044.07,0.0,0.0,40044.07,4430.12,,0.0,4430.12,97.96000000000001,0.0,0.0,97.96000000000001,6238.799999999999,0.0,0.0,6238.799999999999,368.47,,0.0,368.47,1699.604,0.0,0.0,1699.604,,,,,,,,,52879.04,0.0,0.0,52879.04,,,,,,,,,,,,0.0,,,,0.0,,,,,,,,,,,,,,,,0.0,52879.04,0.0,0.0,52879.04,5287.91,0.0,0.0,5287.91,47591.130000000005,0.0,0.0,47591.130000000005,1384.1049345,,,1384.1049345,244.3725,,,244.3725,57109.3,,,57109.3,58737.770000000004,,,58737.770000000004,123.42167542565178,,,123.42167542565178,1482.0800000000002,,0.0,1482.0800000000002,5393.030000000001,0.0,0.0,5393.030000000001,,,,,,,,,,,,,,0.0,0.0,47591.130000000005,0.0,0.0,,0.0,,0.0,,,,,,,,47591.130000000005,0.0
128,GUJARAT,GIR SOMNATH,,950.5123447622938,0.0,881.2660650703641,940.7443123081625,323214.0,0.0,53081.0,376295.0,0.0,376295.0,52503.68,0.0,19760.399999999998,72264.08,90.82,,0.0,91.1,1059.92,0.0,0.0,1059.92,6070.84,0.0,716.61,6787.45,334.94000000000005,,42.019999999999996,376.9699999999999,768.4199999999998,,51.352000000000004,819.7720000000002,,,,,,,,,60828.899999999994,0.0,20570.37,81399.27,,,,,,,,,,,,0.0,,,,0.0,,,,,,,,,,,,,,,,0.0,60828.899999999994,0.0,20570.37,81399.27,3041.4500000000003,0.0,1028.51,4069.96,57787.45,0.0,19541.859999999997,77329.31,2213.87528145,,368.9632065,2582.83848795,0.0,,0.0,0.0,26281.300000000003,,3327.4,29608.7,28495.190000000002,,3696.37,32191.559999999998,49.310343335793505,,18.915139091161233,49.3103433357935,2372.0200000000004,,0.0,2767.34,29134.11,0.0,16214.439999999999,29134.11,,,,,,,,,,,,,,0.0,0.0,57787.450000000004,19541.86,0.0,,0.0,,0.0,,,,,,,,57787.450000000004,19541.86
129,GUJARAT,JAMNAGAR,,1290.9431114606937,0.0,1318.0,1293.080322072536,554312.0,0.0,47540.0,601852.0,99.0,601951.0,152729.18,0.0,11365.4,164094.58000000002,831.63,,0.0,831.63,849.15,0.0,0.0,849.15,11038.9,0.0,121.0,11159.9,243.82999999999998,,14.11,257.94,5011.26,,90.112,5101.371999999999,,,,,,,,,170703.93,0.0,11590.61,182294.53999999998,,,,,,,,,,,,0.0,,,,0.0,,,,,,,,,,,,,,,,0.0,170703.93,0.0,11590.61,182294.53999999998,8535.199999999999,0.0,579.54,9114.74,162168.72999999998,0.0,11011.07,173179.8,2122.6078965,,140.46574954999997,2263.0736460499998,0.0,,0.0,0.0,51496.9,,450.0999999999999,51947.00000000001,53619.5,,590.5699999999999,54210.07000000001,33.06401918544963,,5.363420630329296,33.06401918544963,2292.61,,0.0,2444.3199999999997,108379.23,0.0,10560.960000000001,108379.23,,,,,,,,,,,,,,0.0,0.0,162168.72999999998,11011.07,0.0,,0.0,,0.0,,,,,,,,162168.72999999998,11011.07
130,GUJARAT,JUNAGADH,,1823.877142894561,0.0,1654.5979274043207,1811.393511760591,458142.0,0.0,36476.0,494618.0,8142.0,502760.0,76055.68,0.0,7060.8099999999995,83116.49,297.13,,0.0,297.13,660.8699999999999,0.0,0.16,661.0299999999999,10757.33,0.0,1150.42,11907.749999999998,226.98000000000002,,22.05,249.03,1370.9180000000001,,82.53200000000001,1453.45,,,,,,,,,89368.92999999998,0.0,8315.96,97684.89,,,,,,,,,,,,0.0,,,,0.0,,,,,,,,,,,,,,,,0.0,89368.92999999998,0.0,8315.96,97684.89,8254.3,0.0,552.79,8807.09,81114.63,0.0,7763.17,88877.79999999999,1904.9296381499998,,76.91865825,1981.8482964,0.0,,0.0,0.0,60211.3,,5308.1,65519.399999999994,62116.22,,5385.02,67501.23999999999,76.57831885567376,,69.36625115771007,76.57831885567374,2041.02,,0.0,2123.43,21912.67,0.0,2577.78,21912.67,,,,,,,,,,,,,,0.0,0.0,81114.63,7763.17,0.0,,0.0,,0.0,,,,,,,,81114.63,7763.17
131,GUJARAT,KACHCHH,,407.6917812008504,0.0,401.35727930117633,403.82256683669544,759162.0,0.0,1191488.0,1950650.0,0.0,1950650.0,49048.75,0.0,86398.94999999998,135447.7,74.19,,0.0,74.19,5458.4,0.0,0.0,5458.4,7916.839999999999,0.0,7075.630000000001,14992.47,490.82,,110.72,601.54,22162.04,,527.342,22689.381999999998,,,,,,,,,85151.06999999999,0.0,94112.63999999998,179263.71,,,,,,,,,,,,0.0,,,,0.0,,,,,,,,,,,,,,,,0.0,85151.06999999999,0.0,94112.63999999998,179263.71,6378.25,0.0,7319.130000000001,13697.380000000001,78772.82,0.0,86793.51000000001,165566.33,867.1997039999999,,415.23336225,1282.43306625,0.9,,0.0,0.9,56933.100000000006,,42899.100000000006,99832.2,57801.200000000004,,43314.33,101115.53,73.3770861573827,,49.905033221954035,73.37708615738273,1051.23,,0.0,1554.58,31816.3,0.0,48064.979999999996,31816.3,,,,,,,,,,,,,,0.0,0.0,78772.82,86793.51000000001,0.0,,0.0,,0.0,,,,,,,,78772.82,86793.51000000001
132,GUJARAT,KHEDA,,839.7018104070639,0.0,768.4,837.0541461443858,324126.0,0.0,12500.0,336626.0,0.0,336626.0,77455.15,0.0,2546.05,80001.2,49814.2,,435.76,50249.95,10912.929999999998,0.0,1.31,10914.24,12964.659999999998,0.0,246.07,13210.73,686.69,,12.41,699.1,1814.884,,9.6,1824.484,,,,,,,,,153648.53000000003,0.0,3251.2,156899.73,,,,,,,,,,,,0.0,,,,0.0,,,,,,,,,,,,,,,,0.0,153648.53000000003,0.0,3251.2,156899.73,7682.419999999999,0.0,162.55,7844.97,145966.11,0.0,3088.65,149054.76,3091.1646038,,29.96547435,3121.13007815,29.25,,0.0,29.25,52593.7,,848.5,53442.2,55714.15,,878.47,56592.619999999995,38.16923668103507,,28.44187590047432,38.16923668103506,3327.2,0.0,0.0,3359.45,90015.92000000001,0.0,2240.15,90015.92000000001,,,,,,,,,,,,,,0.0,0.0,145966.11,3088.65,0.0,,0.0,,0.0,,,,,,,,145966.11,3088.65
133,GUJARAT,MAHESANA,,749.1266846074255,0.0,672.7769875109452,742.8258994117991,402064.0,0.0,36165.0,438229.0,2428.0,440657.0,78565.77,0.0,6229.179999999999,84794.95000000001,8639.510000000002,,606.25,9245.760000000002,2160.2000000000003,0.0,0.82,2161.02,18975.48,0.0,232.23999999999998,19207.72,435.9600000000001,,41.32,477.28000000000003,3435.1879999999996,,663.64,4098.828,,,,,,,,,112212.09999999999,0.0,7773.45,119985.55000000002,,,,,,,,,,,,0.0,,,,0.0,,,,,,,,,,,,,,,,0.0,112212.09999999999,0.0,7773.45,119985.55000000002,11221.220000000003,0.0,481.27,11702.49,100990.88,0.0,7292.18,108283.05999999998,2980.4999143499995,,65.9222704,3046.42218475,199.66000000000003,,0.0,199.66000000000003,100905.60000000002,,1077.8000000000002,101983.40000000001,104085.78,,1143.72,105229.49999999999,103.06453414407319,,15.684198689555112,103.06453414407322,3169.92,,0.0,3240.0299999999997,7824.57,0.0,6214.38,7824.57,,,,,,,,,,,,,,0.0,0.0,100990.88,7292.18,0.0,,0.0,,0.0,,,,,,,,100990.88,7292.18
134,GUJARAT,MAHISAGAR,,743.888787446505,0.0,0.0,743.888787446505,245350.0,0.0,0.0,245350.0,4096.0,249446.0,17449.93,0.0,0.0,17449.93,4640.42,,0.0,4640.42,3512.1000000000004,0.0,0.0,3512.1000000000004,2756.17,0.0,0.0,2756.17,423.83000000000004,,0.0,423.83000000000004,2662.772,,0.0,2662.772,,,,,,,,,31445.219999999998,0.0,0.0,31445.219999999998,,,,,,,,,,,,0.0,,,,0.0,,,,,,,,,,,,,,,,0.0,31445.219999999998,0.0,0.0,31445.219999999998,3144.5099999999998,0.0,0.0,3144.5099999999998,28300.71,0.0,0.0,28300.71,672.8732003,,,672.8732003,0.0,,,0.0,10135.2,,,10135.2,10808.070000000002,,,10808.070000000002,38.19010194443886,,,38.19010194443886,743.97,,0.0,743.97,17421.54,0.0,0.0,17421.54,,,,,,,,,,,,,,0.0,0.0,28300.710000000003,0.0,0.0,,0.0,,0.0,,,,,,,,28300.710000000003,0.0
135,GUJARAT,MORBI,,532.3278227956765,0.0,489.37682467498655,516.873918283993,307532.0,0.0,172839.0,480371.0,0.0,480371.0,48713.01,0.0,25767.04,74480.05,554.4000000000001,,42.32,596.72,1879.94,0.0,0.0,1879.94,6907.389999999999,0.0,2428.0299999999997,9335.419999999998,388.44999999999993,,8.370000000000001,396.82,2495.832,,151.62400000000002,2647.4559999999997,,,,,,,,,60939.05,0.0,28397.399999999998,89336.45,,,,,,,,,,,,0.0,,,,0.0,,,,,,,,,,,,,,,,0.0,60939.05,0.0,28397.399999999998,89336.45,3049.6899999999996,0.0,1419.87,4469.56,57889.36,0.0,26977.53,84866.88999999998,1383.99237445,,253.10108494999997,1637.0934594,0.0,,0.0,0.0,26253.1,,8786.400000000001,35039.5,27637.1,,9039.52,36676.62,47.741242950345274,,33.507589464268975,47.741242950345296,1550.2099999999998,,0.0,1830.6599999999999,30086.039999999997,0.0,18191.12,30086.039999999997,,,,,,,,,,,,,,0.0,0.0,57889.36,26977.53,0.0,,0.0,,0.0,,,,,,,,57889.36,26977.53
136,GUJARAT,NARMADA,,1054.678245439187,0.0,0.0,1054.678245439187,246831.0,0.0,0.0,246831.0,29237.0,276068.0,26666.890000000003,0.0,0.0,26666.890000000003,2520.84,,0.0,2520.84,2182.85,0.0,0.0,2182.85,3784.2599999999998,0.0,0.0,3784.2599999999998,64.7,,0.0,64.7,4358.960000000001,,0.0,4358.960000000001,,,,,,,,,39578.5,0.0,0.0,39578.5,,,,,,,,,,,,0.0,,,,0.0,,,,,,,,,,,,,,,,0.0,39578.5,0.0,0.0,39578.5,3008.21,0.0,0.0,3008.21,36570.29,0.0,0.0,36570.29,463.51833989999994,,,463.51833989999994,0.25,,,0.25,18038.4,,,18038.4,18502.16,,,18502.16,50.59341886542327,,,50.59341886542327,504.74,0.0,0.0,504.74,18026.91,0.0,0.0,18026.91,,,,,,,,,,,,,,0.0,0.0,36570.29,0.0,0.0,,0.0,,0.0,,,,,,,,36570.29,0.0
137,GUJARAT,NAVSARI,,1822.7008734758315,0.0,1710.720315398887,1811.4256272066652,192564.0,0.0,21560.0,214124.0,5828.0,219952.0,52834.87,0.0,7478.5599999999995,60313.43,2492.76,,2162.79,4655.55,6413.49,0.0,1651.56,8065.05,5288.370000000001,0.0,352.03,5640.41,177.95999999999998,,39.03,216.98999999999995,695.604,,68.824,764.4279999999999,,,,,,,,,67903.05,0.0,11752.800000000001,79655.85,,,,,,,,,,,,0.0,,,,0.0,,,,,,,,,,,,,,,,0.0,67903.05,0.0,11752.800000000001,79655.85,5501.6900000000005,0.0,1175.2800000000002,6676.969999999999,62401.36,0.0,10577.52,72978.87999999999,2293.8664294,,94.41197675000001,2388.27840615,67.53,,0.0,67.53,19155.600000000002,,1213.9,20369.5,21517.0,,1308.31,22825.309999999998,34.48162027237868,,12.368778314765654,34.481620272378684,2405.89,,0.0,2504.91,40772.34,0.0,9363.62,40772.34,,,,,,,,,,,,,,0.0,0.0,62401.36,10577.52,0.0,,0.0,,0.0,,,,,,,,62401.36,10577.52
138,GUJARAT,PANCHMAHAL,,880.5390513568838,0.0,0.0,880.5390513568838,319003.0,0.0,0.0,319003.0,3567.0,322570.0,22217.360000000004,0.0,0.0,22217.360000000004,2271.35,,0.0,2271.35,4892.76,0.0,0.0,4892.76,2642.83,0.0,0.0,2642.83,225.27999999999997,,0.0,225.27999999999997,15307.4,,0.0,15307.4,,,,,,,,,47556.979999999996,0.0,0.0,47556.979999999996,,,,,,,,,,,,0.0,,,,0.0,,,,,,,,,,,,,,,,0.0,47556.979999999996,0.0,0.0,47556.979999999996,4201.2,0.0,0.0,4201.2,43355.78,0.0,0.0,43355.78,1775.6040463,,,1775.6040463,27.300000000000004,,,27.300000000000004,9404.600000000002,,,9404.600000000002,11207.5,,,11207.5,25.850071201579123,,,25.850071201579123,1969.3799999999999,,0.0,1969.3799999999999,31954.49,0.0,0.0,31954.49,,,,,,,,,,,,,,0.0,0.0,43355.78,0.0,0.0,,0.0,,0.0,,,,,,,,43355.78,0.0
139,GUJARAT,PATAN,,699.7538000584624,0.0,538.7930364789783,565.6958492699405,95788.0,0.0,477316.0,573104.0,0.0,573104.0,20983.870000000003,0.0,746.12,21729.99,7476.869999999999,,2916.2,10395.05,225.84,0.0,13.48,239.32000000000002,3319.45,0.0,2002.37,5321.82,44.92,,188.95,233.87,4522.4,,5704.352,10226.751999999999,,,,,,,,,36575.33,0.0,11571.48,48146.81,,,,,,,,,,,,0.0,,,,0.0,,,,,,,,,,,,,,,,0.0,36575.33,0.0,11571.48,48146.81,2403.15,0.0,1037.4,3440.55,34172.18,0.0,10534.079999999998,44706.26,500.62516700000003,,757.62272915,1258.24789615,17.89,,0.0,17.89,39745.9,,18541.8,58287.7,40264.409999999996,,19299.43,59563.840000000004,117.82804023623893,,183.20944970989402,117.82804023623893,541.04,,0.0,1359.82,2716.81,0.0,4632.41,2716.81,,,,,,,,,,,,,,0.0,0.0,34172.18,10534.079999999998,0.0,,0.0,,0.0,,,,,,,,34172.18,10534.079999999998
140,GUJARAT,PORBANDAR,,696.2200870346066,0.0,673.1864046668713,687.9284909038661,144770.0,0.0,81425.0,226195.0,0.0,226195.0,21954.45,0.0,10427.380000000001,32381.829999999998,132.04000000000002,,0.0,132.04000000000002,451.03999999999996,0.0,0.38,451.42,3209.4000000000005,0.0,870.84,4080.24,48.29,,16.9,65.19,650.204,,119.548,769.752,,,,,,,,,26445.42,0.0,11435.039999999999,37880.46,,,,,,,,,,,,0.0,,,,0.0,,,,,,,,,,,,,,,,0.0,26445.42,0.0,11435.039999999999,37880.46,1322.26,0.0,571.75,1894.0100000000002,25123.16,0.0,10863.289999999999,35986.45,345.88440249999996,,30.70407375,376.58847625,0.15,,0.0,0.15,14133.399999999998,,3202.3999999999996,17335.8,14479.44,,3233.11,17712.55,57.633832686652475,,29.761794078957664,57.633832686652475,364.79,,0.0,397.17,10624.81,0.0,7660.890000000001,10624.81,,,,,,,,,,,,,,0.0,0.0,25123.16,10863.29,0.0,,0.0,,0.0,,,,,,,,25123.16,10863.29
141,GUJARAT,RAJKOT,,665.4339742809242,0.0,0.0,665.4339742809242,747383.0,0.0,0.0,747383.0,0.0,747383.0,152287.46,0.0,0.0,152287.46,1768.1499999999996,,0.0,1768.1499999999996,3368.73,0.0,0.0,3368.73,22359.79,0.0,0.0,22359.79,435.39,,0.0,435.39,10422.695999999998,,0.0,10422.695999999998,,,,,,,,,190642.24000000002,0.0,0.0,190642.24000000002,,,,,,,,,,,,0.0,,,,0.0,,,,,,,,,,,,,,,,0.0,190642.24000000002,0.0,0.0,190642.24000000002,9532.1,0.0,0.0,9532.1,181110.13999999998,0.0,0.0,181110.13999999998,6381.4524683,,,6381.4524683,15.5,,,15.5,99844.20000000001,,,99844.20000000001,106241.16000000003,,,106241.16000000003,58.661077728723555,,,58.661077728723555,7163.96,0.0,0.0,7163.96,74086.45000000001,0.0,0.0,74086.45000000001,,,,,,,,,,,,,,0.0,0.0,181110.13999999998,0.0,0.0,,0.0,,0.0,,,,,,,,181110.13999999998,0.0
142,GUJARAT,SABARKANTHA,,866.2583503839363,0.0,0.0,866.2583503839363,377797.0,0.0,0.0,377797.0,17542.0,395339.0,50308.31,0.0,0.0,50308.31,6769.330000000001,,0.0,6769.330000000001,796.15,0.0,0.0,796.15,8230.62,0.0,0.0,8230.62,385.78,,0.0,385.78,8279.064,,0.0,8279.064,,,,,,,,,74769.23,0.0,0.0,74769.23,,,,,,,,,,,,0.0,,,,0.0,,,,,,,,,,,,,,,,0.0,74769.23,0.0,0.0,74769.23,7476.9299999999985,0.0,0.0,7476.9299999999985,67292.3,0.0,0.0,67292.3,1824.53457025,,,1824.53457025,7.300000000000001,,,7.300000000000001,49081.09999999999,,,49081.09999999999,50912.92,,,50912.92,75.65935478501997,,,75.65935478501997,2007.9899999999998,,0.0,2007.9899999999998,17512.260000000002,0.0,0.0,17512.260000000002,,,,,,,,,,,,,,0.0,0.0,67292.3,0.0,0.0,,0.0,,0.0,,,,,,,,67292.3,0.0
143,GUJARAT,SURAT,,1390.9136706118484,0.0,1081.7862796833774,1365.2441135228303,376662.0,0.0,34110.0,410772.0,342.0,411114.0,82120.96999999999,0.0,5913.8,88034.77,10384.66,,1133.3000000000002,11517.960000000001,18577.48,0.0,2690.5,21267.980000000003,8415.230000000001,0.0,92.19,8507.420000000002,359.2200000000001,,48.89,408.10999999999996,595.764,,2.76,598.524,,,,,,,,,120453.3,0.0,9881.44,130334.73999999999,,,,,,,,,,0.0,,0.0,,,,0.0,,,,,,,,,,,,,0.0,0.0,0.0,0.0,120453.3,0.0,9881.44,130334.73999999999,9415.95,0.0,862.14,10278.09,111037.35,0.0,9019.3,120056.65000000001,3362.61559655,,1853.4782489999998,5216.09384555,15.0,,0.0,15.0,29018.0,,317.9000000000001,29335.899999999998,32395.620000000003,,2171.38,34567.00000000001,29.175426106620883,,24.07481733615691,29.175426106620883,4366.72,,0.0,6773.66,77637.64,0.0,8701.4,77637.64,,,,,,,0.0,57.599999999999994,0.0,,,,,0.0,0.0,111037.35,9019.3,0.0,,0.0,,0.0,,,,,,,,111037.35,9019.3
144,GUJARAT,SURENDRANAGAR,,570.9591443394156,0.0,586.0243270962008,578.1299668479039,483042.0,0.0,438770.0,921812.0,0.0,921812.0,69501.38,0.0,53512.270000000004,123013.65,290.01000000000005,,0.0,290.01000000000005,912.13,0.0,0.3,912.43,5302.719999999999,0.0,3125.87,8428.59,85.07000000000001,,51.05,136.11999999999998,4407.352,,549.716,4957.068,,,,,,,,,80498.67,0.0,57239.21,137737.87999999998,,,,,,,,,,,,0.0,,,,0.0,,,,,,,,,,,,,,,,0.0,80498.67,0.0,57239.21,137737.87999999998,4024.9700000000003,0.0,2861.97,6886.9299999999985,76473.7,0.0,54377.23999999999,130850.94,629.670552,,419.78036799999995,1049.45092,0.0,,0.0,0.0,28902.200000000004,,17571.6,46473.8,29531.87,,17991.379999999997,47523.25000000001,38.61702781479123,,33.08623240164451,38.617027814791236,690.12,,0.0,1150.2,46881.38,0.0,38625.09,46881.38,,,,,,,,,,,,,,0.0,0.0,76473.70000000001,54377.23999999999,0.0,,0.0,,0.0,,,,,,,,76473.70000000001,54377.23999999999
145,GUJARAT,TAPI,,1438.767721667277,0.0,0.0,1438.767721667277,303033.0,0.0,0.0,303033.0,10022.0,313055.0,49529.02,0.0,0.0,49529.02,1595.9999999999998,,,1595.9999999999998,5967.94,0.0,0.0,5967.94,5131.93,0.0,0.0,5131.93,165.51,,0.0,165.51,950.632,,0.0,950.632,,,,,,,,,63341.020000000004,0.0,0.0,63341.020000000004,,,,,,,,,,,,0.0,,,,0.0,,,,,,,,,,,,,,,,0.0,63341.020000000004,0.0,0.0,63341.020000000004,5127.84,0.0,0.0,5127.84,58213.18000000001,0.0,0.0,58213.18000000001,500.65143240000003,,,500.65143240000003,0.0,,,0.0,18137.8,,,18137.8,18638.450000000004,,,18638.450000000004,32.01757746269831,,,32.01757746269831,536.4200000000001,,0.0,536.4200000000001,39538.96,0.0,0.0,39538.96,,,,,,,,,,,,,,0.0,0.0,58213.18,0.0,0.0,,0.0,,0.0,,,,,,,,58213.18,0.0
146,GUJARAT,VADODARA,,896.3028246380703,0.0,0.0,896.3028246380703,409610.0,0.0,0.0,409610.0,0.0,409610.0,64018.70999999999,0.0,0.0,64018.70999999999,5450.860000000001,,0.0,5450.860000000001,11805.71,0.0,0.0,11805.71,16063.88,0.0,0.0,16063.88,774.1200000000001,,0.0,774.1200000000001,7573.904000000001,,0.0,7573.904000000001,,,,,,,,,105687.18000000001,0.0,0.0,105687.18000000001,,,,,,,,,,,,0.0,,,,0.0,,,,,,,,,,,,,,,,0.0,105687.18000000001,0.0,0.0,105687.18000000001,7843.329999999999,0.0,0.0,7843.329999999999,97843.85,0.0,0.0,97843.85,2179.8350419999997,,,2179.8350419999997,397.5,,,397.5,54911.9,,,54911.9,57489.24,,,57489.24,58.7561098628069,,,58.7561098628069,2365.37,0.0,0.0,2365.37,40314.119999999995,0.0,0.0,40314.119999999995,,,,,,,0.0,74.97,0.0,,,,,0.0,0.0,97843.85,0.0,0.0,,0.0,,0.0,,,,,,,,97843.85,0.0
147,GUJARAT,VALSAD,,2296.847203386187,0.0,2007.0,2288.7909361724764,255863.0,0.0,7315.000000000001,263178.0,62509.0,325687.0,56234.07,0.0,1537.19,57771.26,1832.84,,0.0,1832.84,2006.0099999999998,0.0,34.5,2040.51,3583.6200000000003,0.0,78.82,3662.44,182.74,,11.17,193.91,3008.7799999999997,,0.0,3008.7799999999997,,,,,,,,,66848.08,0.0,1661.6799999999998,68509.76,,,,,,,,,,,,0.0,,,,0.0,,,,,,,,,,,,,,,,0.0,66848.08,0.0,1661.6799999999998,68509.76,6046.51,0.0,83.08999999999999,6129.6,60801.57,0.0,1578.59,62380.16,5218.46764495,,24.64386925,5243.1115142,55.849999999999994,,0.0,55.849999999999994,13344.800000000001,,271.79999999999995,13616.6,18619.1,,296.44,18915.54,30.62272898545218,,18.778783598021022,30.622728985452184,5887.1,,0.0,5914.9,41513.84,0.0,1306.79,41513.84,,,,,,,,,,,,,,0.0,0.0,60801.57,1578.59,0.0,,0.0,,0.0,,,,,,,,60801.57,1578.59
148,HARYANA,AMBALA,,1148.8125565971818,0.0,0.0,1148.8125565971818,150904.8921654263,0.0,0.0,150904.8921654263,300.0,151204.8921654263,31459.29,0.0,0.0,31459.29,1396.9099999999999,,0.0,1396.9099999999999,2383.6439473381292,0.0,0.0,2383.65,12526.21,0.0,0.0,12526.21,260.44,0.0,0.0,260.44,0.0,0.0,,0.0,,,,,,,,,48026.5,0.0,0.0,48026.5,,,,,,,,,,,,0.0,,,,0.0,0.0,0.0,0.0,0.0,0.0,0.0,0.0,0.0,0.0,0.0,0.0,0.0,0.0,0.0,0.0,0.0,48026.5,0.0,0.0,48026.5,4802.650000000001,0.0,0.0,4802.650000000001,43223.85,0.0,0.0,43223.85,6649.268,,,6649.268,7575.0,,,7575.0,39427.89,,,39427.89,53652.15,,,53652.15,124.12626362529022,,,124.12626362529022,6649.27,,0.0,6649.27,1255.45,0.0,0.0,1255.45,,,,,,,4223.475,0.0,0.0,,,,,3022070.88,0.0,3065294.73,0.0,0.0,,0.0,,0.0,,,,,,,,3065294.73,0.0
149,HARYANA,BHIWANI,,353.5990299873183,0.0,0.0,287.76220660188216,267495.394498802,0.0,61200.0,328695.394498802,1032.0,329727.394498802,17127.289999999997,0.0,0.0,17127.289999999997,3999.8599999999997,,0.0,3999.8599999999997,7884.548529476369,0.0,0.0,7884.54,12426.27,0.0,0.0,12426.27,366.51,,,366.51,2.4,0.0,,2.4,,,,,,,,,41806.869999999995,0.0,0.0,41806.869999999995,,,,,,,,,,,,0.0,,,,0.0,,,,,,,,,,,,,,,,0.0,41806.869999999995,0.0,0.0,41806.869999999995,3669.38,0.0,0.0,3669.38,38137.49,0.0,0.0,38137.49,2612.0,,0.0,2612.0,144.0,,0.0,144.0,39187.299999999996,,11010.24,50197.54,41943.299999999996,,11010.24,52953.54,109.97918321315849,,0.0,109.97918321315852,2612.0,,0.0,2612.0,5257.97,0.0,0.0,5257.97,,,,,,,16327.320000000002,0.0,0.0,,,,,200259.02,135439.6,238396.50999999998,135439.6,0.0,,0.0,,0.0,,,,,,,,238396.50999999998,135439.6
150,HARYANA,CHARKHI DADRI,,469.99361650810636,0.0,0.0,460.31349621018677,134335.68868697458,0.0,2825.0,137160.68868697458,189.0,137349.68868697458,9888.03,0.0,0.0,9888.03,179.35,,0.0,179.35,1732.977988727391,0.0,0.0,1732.98,7279.820000000001,0.0,0.0,7279.820000000001,271.53,,,271.53,0.0,,,0.0,,,,,,,,,19351.71,0.0,0.0,19351.71,,,,,,,,,,,,0.0,,,,0.0,,,,,,,,,,,,,,,,0.0,19351.71,0.0,0.0,19351.71,1935.1599999999999,0.0,0.0,1935.1599999999999,17416.55,0.0,0.0,17416.55,1246.7920000000001,,0.0,1246.7920000000001,28.0,,0.0,28.0,22945.08,,2252.08,25197.160000000003,24219.890000000003,,2252.08,26471.97,139.0625008971352,,0.0,139.06250089713518,832.04,,0.0,832.04,3980.96,0.0,0.0,3980.96,,,,,,,9790.5,0.0,0.0,,,,,99471.37,6780.0,116887.92,6780.0,0.0,,0.0,,0.0,,,,,,,,116887.92,6780.0
151,HARYANA,FARIDABAD,,852.4434781021134,0.0,0.0,750.5674639364553,57731.4169147056,0.0,7836.0,65567.4169147056,8717.0,74284.4169147056,7948.660000000001,0.0,0.0,7948.660000000001,3335.31,,,3335.31,598.0896963266387,0.0,0.0,598.0899999999999,4019.2599999999998,0.0,0.0,4019.2599999999998,76.59,,,76.59,295.176,,,295.176,,,,,,,,,16273.07,0.0,0.0,16273.07,,,,,,,,,,,,0.0,,,,0.0,,,,,,,,,,,,,,,,0.0,16273.07,0.0,0.0,16273.07,1426.38,0.0,0.0,1426.38,14846.69,0.0,0.0,14846.69,919.2192,,0.0,919.2192,5136.0,,0.0,5136.0,12667.8,,874.0,13541.8,18723.010000000002,,874.0,19597.010000000002,126.108984561542,,0.0,126.108984561542,751.29,,0.0,751.29,0.0,0.0,0.0,0.0,,,,,,,0.0,0.0,0.0,,,,,372096.1,67941.6,386942.79,67941.6,0.0,,0.0,,0.0,,,,,,,,386942.79,67941.6
152,HARYANA,FATEHABAD,,289.8189024700119,0.0,0.0,289.05909769590755,251850.3820935636,0.0,662.0,252512.3820935636,0.0,252512.3820935636,13207.23,0.0,0.0,13207.23,7480.07,,,7480.07,8987.010255208865,0.0,0.0,8987.01,29465.25,0.0,0.0,29465.25,333.53999999999996,,,333.53999999999996,2.4,,,2.4,,,,,,,,,59475.50000000001,0.0,0.0,59475.50000000001,,,,,,,,,,,,0.0,,,,0.0,,,,,,,,,,,,,,,,0.0,59475.50000000001,0.0,0.0,59475.50000000001,5947.55,0.0,0.0,5947.55,53527.950000000004,0.0,0.0,53527.950000000004,1625.524,,0.0,1625.524,135.72,,0.0,135.72,89094.84999999999,,1324.0,90418.84999999999,90856.11,,1324.0,92180.10999999999,169.73582959930278,,0.0,169.73582959930275,1415.12,,0.0,1415.12,199.44,0.0,0.0,199.44,,,,,,,4700.429999999999,0.0,0.0,,,,,170671.36,2383.2,224199.31000000003,2383.2,0.0,,0.0,,0.0,,,,,,,,224199.31000000003,2383.2
153,HARYANA,GURGAON,,559.2397586234271,0.0,0.0,554.0565947211771,121112.5354431882,0.0,1133.0,122245.5354431882,3789.0,126034.5354431882,12729.650000000001,0.0,0.0,12729.650000000001,289.11,,0.0,289.11,0.0,0.0,0.0,0.0,7009.31,0.0,0.0,7009.31,275.19,,,275.19,2388.12,0.0,,2388.12,,,,,,,,,22691.38,0.0,0.0,22691.38,,,,,,,,,,,,0.0,,,,0.0,,,,,,,,,,,,,,,,0.0,22691.38,0.0,0.0,22691.38,2269.16,0.0,0.0,2269.16,20422.22,0.0,0.0,20422.22,2232.4836,,0.0,2232.4836,17117.170000000002,,0.0,17117.170000000002,22073.370000000003,,0.0,22073.370000000003,41423.03,,0.0,41423.03,202.83313959011312,,0.0,202.83313959011312,2232.48,,0.0,2232.48,0.0,0.0,0.0,0.0,,,,,,,0.0,0.0,0.0,,,,,297972.59,6798.0,318394.81,6798.0,0.0,,0.0,,0.0,,,,,,,,318394.81,6798.0
154,HARYANA,HISAR,,334.69408202323507,0.0,0.0,334.12821999569496,406838.2969216311,0.0,689.0,407527.2969216311,0.0,407527.2969216311,23263.99,0.0,0.0,23263.99,4235.74,,0.0,4235.74,15181.712158802382,0.0,0.0,15181.71,15067.690000000002,0.0,0.0,15067.690000000002,1129.26,,,1129.26,0.0,,,0.0,,,,,,,,,58878.39,0.0,0.0,58878.39,,,,,,,,,,,,0.0,,,,0.0,,,,,,,,,,,,,,,,0.0,58878.39,0.0,0.0,58878.39,5289.02,0.0,0.0,5289.02,53589.36999999999,0.0,0.0,53589.36999999999,366.197,,0.0,366.197,230.22,,0.0,230.22,48006.94,,1182.09,49189.03,48603.36,,1182.09,49785.450000000004,90.69589733934176,,0.0,90.69589733934177,323.20000000000005,,0.0,323.20000000000005,9744.140000000001,0.0,0.0,9744.140000000001,,,,,,,13847.429999999997,0.0,0.0,,,,,1143623.27,3307.2,1197212.6400000001,3307.2,0.0,,0.0,,0.0,,,,,,,,1197212.6400000001,3307.2
155,HARYANA,JHAJJAR,,465.7151457074066,0.0,0.0,369.8951691662934,153659.78724015743,0.0,39805.0,193464.78724015743,0.0,193464.78724015743,13600.949999999999,0.0,0.0,13600.949999999999,4029.1800000000003,,0.0,4029.1800000000003,11090.938844928885,0.0,0.0,11090.949999999999,4874.8099999999995,0.0,0.0,4874.8099999999995,707.25,,,707.25,2653.2,0.0,,2653.2,,,,,,,,,36956.34999999999,0.0,0.0,36956.34999999999,,,,,,,,,,,,0.0,,,,0.0,,,,,,,,,,,,,,,,0.0,36956.34999999999,0.0,0.0,36956.34999999999,2914.830000000001,0.0,0.0,2914.830000000001,34041.520000000004,0.0,0.0,34041.520000000004,313.94,,0.0,313.94,86.0,,0.0,86.0,15389.400000000001,,6500.030000000001,21889.429999999997,15789.35,,6500.030000000001,22289.38,46.38262333761829,,0.0,46.38262333761829,262.77,,0.0,262.77,18303.34,0.0,0.0,18303.34,,,,,,,20862.69,0.0,0.0,,,,,846860.2799999999,245590.92,880901.7999999999,245590.92,0.0,,0.0,,0.0,,,,,,,,880901.7999999999,245590.92
156,HARYANA,JIND,,508.59831292838953,0.0,0.0,495.53815246111594,268027.45018002583,0.0,7064.0,275091.45018002583,0.0,275091.45018002583,23644.56,0.0,0.0,23644.56,8496.819999999998,,0.0,8496.819999999998,25176.499740216528,0.0,0.0,25176.5,26376.18,0.0,0.0,26376.18,836.17,,,836.17,1133.5919999999999,,,1133.5919999999999,,,,,,,,,85663.84,0.0,0.0,85663.84,,,,,,,,,,,,0.0,,,,0.0,,,,,,,,,,,,,,,,0.0,85663.84,0.0,0.0,85663.84,8566.38,0.0,0.0,8566.38,77097.46,0.0,0.0,77097.46,3359.0199999999995,,0.0,3359.0199999999995,461.62999999999994,,0.0,461.62999999999994,83174.71,,7948.78,91123.49,86995.36,,7948.78,94944.14,112.83816613413723,,0.0,112.83816613413723,3106.86,,0.0,3106.86,6217.0,0.0,0.0,6217.0,,,,,,,6289.5,0.0,0.0,,,,,1227943.1,39406.92,1305040.56,39406.92,0.0,,0.0,,0.0,,,,,,,,1305040.56,39406.92
157,HARYANA,KAITHAL,,493.4044820655019,0.0,0.0,483.5500243526243,222872.1533544723,0.0,4542.0,227414.1533544723,0.0,227414.1533544723,19914.78,0.0,0.0,19914.78,290.95,,0.0,290.95,4921.523797725749,0.0,0.0,4921.5199999999995,34581.53,0.0,0.0,34581.53,505.88,,,505.88,0.0,0.0,,0.0,,,,,,,,,60214.66,0.0,0.0,60214.66,,,,,,,,,,,,0.0,,,,0.0,,,,,,,,,,,,,0.0,0.0,0.0,0.0,60214.66,0.0,0.0,60214.66,5459.15,0.0,0.0,5459.15,54755.51,0.0,0.0,54755.51,4169.871,,0.0,4169.871,573.77,,0.0,573.77,108915.69000000002,,170.63,109086.32000000002,113659.32,,170.63,113829.95000000001,207.5760412057161,,0.0,207.5760412057161,4169.87,,0.0,4169.87,0.0,0.0,0.0,0.0,,,,,,,0.0,0.0,0.0,,,,,1938772.2399999998,45158.399999999994,1993527.7499999998,45158.399999999994,0.0,,2865643440000.0,,2811916080000.0,,,,,,,,1993527.7499999998,45158.399999999994
158,HARYANA,KARNAL,,635.4219266393478,0.0,0.0,634.9435309078541,246865.6991986727,0.0,186.0,247051.6991986727,0.0,247051.6991986727,31482.960000000003,0.0,0.0,31482.960000000003,13956.03,,0.0,13956.03,495.3095550370816,0.0,0.0,495.3,34288.729999999996,0.0,0.0,34288.729999999996,471.56,,,471.56,,,,,,,,,,,,,80694.58,0.0,0.0,80694.58,,,,,,,,,,,,0.0,,,,0.0,,,,,,,,,,,,,0.0,0.0,0.0,0.0,80694.58,0.0,0.0,80694.58,7604.599999999999,0.0,0.0,7604.599999999999,73089.98000000001,0.0,0.0,73089.98000000001,6231.316500000001,,0.0,6231.316500000001,2180.0,,0.0,2180.0,114374.77,,0.0,114374.77,122786.11,,0.0,122786.11,167.9930819518626,,0.0,167.9930819518626,5029.01,,0.0,5029.01,3342.83,0.0,0.0,3342.83,,,,,,,0.0,0.0,0.0,,,,,4336659.63,3878.1,4409749.61,3878.1,0.0,,2740007385000.0,,2668373205000.0,,,,,,,,4409749.61,3878.1
159,HARYANA,KURUKSHETRA,,624.2399999999999,0.0,0.0,624.2399999999999,168420.28138039692,0.0,0.0,168420.28138039692,0.0,168420.28138039692,16198.520000000002,0.0,0.0,16198.520000000002,159.82,,0.0,159.82,807.223590509997,0.0,0.0,807.24,21365.27,0.0,0.0,21365.27,387.71000000000004,,,387.71000000000004,0.0,0.0,,0.0,,,,,,,,,38918.560000000005,0.0,0.0,38918.560000000005,,,,,,,,,,,,0.0,,,,0.0,,,,,,,,,,,,,0.0,0.0,0.0,0.0,38918.560000000005,0.0,0.0,38918.560000000005,3677.5200000000004,0.0,0.0,3677.5200000000004,35241.04,0.0,0.0,35241.04,6322.968,,,6322.968,12575.880000000001,,,12575.880000000001,67780.88,,,67780.88,86679.74,,,86679.74,245.9624914588219,,,245.9624914588219,6322.959999999999,,0.0,6322.959999999999,0.0,0.0,0.0,0.0,,,,,,,0.0,0.0,0.0,,,,,2126680.8899999997,0.0,2161921.9299999997,0.0,0.0,,0.0,,0.0,,,,,,,,2161921.9299999997,0.0
160,HARYANA,MAHENDRAGARH,,501.77279768783376,0.0,0.0,493.28031375541826,188541.7636574411,0.0,3246.0,191787.7636574411,2295.0,194082.7636574411,16701.68,0.0,0.0,16701.68,541.54,,0.0,541.54,3830.113685999999,0.0,0.0,3830.09,6972.290000000001,0.0,0.0,6972.290000000001,222.54999999999995,,,222.54999999999995,200.4,0.0,,200.4,,,,,,,,,28468.550000000003,0.0,0.0,28468.550000000003,,,,,,,,,,,,0.0,,,,0.0,,,,,,,,,,,,,,,,0.0,28468.550000000003,0.0,0.0,28468.550000000003,2846.87,0.0,0.0,2846.87,25621.68,0.0,0.0,25621.68,2477.9259,,0.0,2477.9259,31.08,,0.0,31.08,24762.24,,566.8,25329.04,27271.249999999996,,566.8,27838.049999999996,106.43818047840735,,0.0,106.43818047840735,2477.93,,0.0,2477.93,4109.0,0.0,0.0,4109.0,,,,,,,0.0,0.0,0.0,,,,,144709.21,17301.96,170330.89,17301.96,0.0,,0.0,,0.0,,,,,,,,170330.89,17301.96
161,HARYANA,MEWAT,,585.1893180065235,0.0,0.0,473.1834442371196,110702.2208345696,0.0,26204.0,136906.2208345696,13326.0,150232.2208345696,10287.21,0.0,0.0,10287.21,1690.1699999999998,,0.0,1690.1699999999998,858.8006710348029,0.0,0.0,858.7900000000001,3978.4500000000003,0.0,0.0,3978.4500000000003,1300.0,,,1300.0,1467.4679999999998,0.0,,1467.4679999999998,,,,,,,,,19582.08,0.0,0.0,19582.08,,,,,,,,,,,,0.0,,,,0.0,,,,,,,,,,,,,,,,0.0,19582.08,0.0,0.0,19582.08,1958.2100000000003,0.0,0.0,1958.2100000000003,17623.87,0.0,0.0,17623.87,1696.1518,,0.0,1696.1518,19.91,,0.0,19.91,12526.28,,3604.14,16130.42,14242.33,,3604.14,17846.47,80.81272728407552,,0.0,80.81272728407554,1466.46,,0.0,1466.46,5012.65,0.0,0.0,5012.65,,,,,,,9531.85,0.0,0.0,,,,,522359.91,150377.5,539983.78,150377.5,0.0,,0.0,,0.0,,,,,,,,539983.78,150377.5
162,HARYANA,PALWAL,,515.6906588214823,0.0,0.0,455.6800842343674,120020.17079427991,0.0,15806.0,135826.1707942799,129.0,135955.1707942799,10383.039999999999,0.0,0.0,10383.039999999999,13146.35,,0.0,13146.35,5021.4382080863215,0.0,0.0,5021.4400000000005,9548.760000000002,0.0,0.0,9548.760000000002,514.72,,,514.72,121.716,,,121.716,,,,,,,,,38736.03,0.0,0.0,38736.03,,,,,,,,,,,,0.0,,,,0.0,,,,,,,,,,,,,,,,0.0,38736.03,0.0,0.0,38736.03,3873.61,0.0,0.0,3873.61,34862.42,0.0,0.0,34862.42,3318.432,,0.0,3318.432,680.5999999999999,,0.0,680.5999999999999,30451.75,,3554.7999999999997,34006.55,34450.77,,3554.8,38005.57,98.8192156482539,,0.0,98.8192156482539,2557.19,,0.0,2557.19,5582.360000000001,0.0,0.0,5582.360000000001,,,,,,,5885.050000000001,0.0,0.0,,,,,642761.3300000001,145367.5,677623.75,145367.5,0.0,,0.0,,0.0,,,,,,,,677623.75,145367.5
163,HARYANA,PANCHKULA,,1226.6921386562685,0.0,0.0,1226.6921386562683,50671.513058537996,0.0,0.0,50671.513058537996,37615.240000000005,88286.75305853799,12838.479999999998,0.0,0.0,12838.479999999998,0.0,,0.0,0.0,0.0,0.0,0.0,0.0,2337.78,0.0,0.0,2337.78,71.3,,,71.3,4.8,0.0,,4.8,,,,,,,,,15252.359999999999,0.0,0.0,15252.359999999999,,,,,,,,,,,,0.0,,,,0.0,0.0,0.0,0.0,0.0,0.0,0.0,0.0,0.0,0.0,0.0,0.0,0.0,0.0,0.0,0.0,0.0,15252.359999999999,0.0,0.0,15252.359999999999,1249.36,0.0,0.0,1249.36,14003.000000000002,0.0,0.0,14003.000000000002,1257.498,,,1257.498,90.0,,,90.0,7363.08,,,7363.08,8710.57,,,8710.57,62.2050274941084,,,62.2050274941084,1257.5,,0.0,1257.5,5292.43,0.0,0.0,5292.43,,,,,,,1311.8625,0.0,0.0,,,,,160800.51,0.0,174803.51,0.0,0.0,,0.0,,0.0,,,,,,,,174803.51,0.0
164,HARYANA,PANIPAT,,572.9913525477195,0.0,0.0,570.1939809459619,129637.1821511967,0.0,636.0,130273.1821511967,0.0,130273.1821511967,13655.530000000002,0.0,0.0,13655.530000000002,2520.81,,0.0,2520.81,3126.4907235217192,0.0,0.0,3126.47,16010.57,0.0,0.0,16010.57,287.6,,,287.6,,,,,,,,,,,,,35600.98,0.0,0.0,35600.98,,,,,,,,,,,,0.0,,,,0.0,,,,,,,,,,,,,,,,0.0,35600.98,0.0,0.0,35600.98,3560.12,0.0,0.0,3560.12,32040.86,0.0,0.0,32040.86,2440.66,,0.0,2440.66,636.0,,0.0,636.0,53406.361000000004,,0.0,53406.361000000004,56483.03,,0.0,56483.03,176.28437563785738,,0.0,176.28437563785738,2204.14,,0.0,2204.14,0.0,0.0,0.0,0.0,,,,,,,323.5575,0.0,0.0,,,,,1251557.77,10684.8,1283598.63,10684.8,0.0,,0.0,,0.0,,,,,,,,1283598.63,10684.8
165,HARYANA,REWARI,,520.733176188351,0.0,0.0,513.0736487963239,144017.80794730881,0.0,2150.0,146167.80794730881,4720.0,150887.80794730881,15468.119999999999,0.0,0.0,15468.119999999999,413.06,,0.0,413.06,5326.391035291237,0.0,0.0,5326.38,9250.96,0.0,0.0,9250.96,282.16999999999996,,,282.16999999999996,180.6,0.0,,180.6,,,,,,,,,30921.29,0.0,0.0,30921.29,,,,,,,,,,,,0.0,,,,0.0,,,,,,,,,,,,,,,,0.0,30921.29,0.0,0.0,30921.29,3092.12,0.0,0.0,3092.12,27829.17,0.0,0.0,27829.17,2037.4699999999998,,0.0,2037.4699999999998,1452.0,,0.0,1452.0,31833.15,,108.48,31941.630000000005,35322.62,,108.48,35431.1,126.92660255408266,,0.0,126.92660255408263,1388.81,,0.0,1388.81,702.84,0.0,0.0,702.84,,,,,,,0.0,0.0,0.0,,,,,611593.1799999999,6613.2,639422.35,6613.2,0.0,,0.0,,0.0,,,,,,,,639422.35,6613.2
166,HARYANA,ROHTAK,,483.52368567802574,0.0,0.0,435.67165402695366,150389.1085271402,0.0,16518.0,166907.1085271402,0.0,166907.1085271402,14295.39,0.0,0.0,14295.39,2967.35,,0.0,2967.35,8031.906683791436,0.0,0.0,8031.9,4521.52,0.0,0.0,4521.52,433.99,,,433.99,2184.0,,,2184.0,,,,,,,,,32434.15,0.0,0.0,32434.15,,,,,,,,,,,,0.0,,,,0.0,,,,,,,,,,,,,,,,0.0,32434.15,0.0,0.0,32434.15,2687.56,0.0,0.0,2687.56,29746.590000000004,0.0,0.0,29746.590000000004,435.65,,0.0,435.65,166.06,,0.0,166.06,14166.66,,4810.74,18977.4,14768.369999999999,,4810.74,19579.11,49.64727049386164,,0.0,49.64727049386165,446.18,,0.0,446.18,14967.689999999999,0.0,0.0,14967.689999999999,,,,,,,25158.63,0.0,0.0,,,,,1147561.98,146967.84,1177308.57,146967.84,0.0,,0.0,,0.0,,,,,,,,1177308.57,146967.84
167,HARYANA,SIRSA,,343.99,0.0,0.0,283.6553849385974,352099.7477581738,0.0,74893.0,426992.7477581738,0.0,426992.7477581738,20457.72,0.0,0.0,20457.72,2609.46,,0.0,2609.46,11619.733143107784,0.0,0.0,11619.740000000002,25338.4,0.0,0.0,25338.4,539.2800000000001,,,539.2800000000001,,0.0,,0.0,,,,,,,,,60564.59999999999,0.0,0.0,60564.59999999999,,,,,,,,,,,,0.0,,,,0.0,,,,,,,,,,,,,,,,0.0,60564.59999999999,0.0,0.0,60564.59999999999,5818.16,0.0,0.0,5818.16,54746.44,0.0,0.0,54746.44,1854.48,,0.0,1854.48,162.89999999999998,,0.0,162.89999999999998,79872.61,,50017.05,129889.66000000003,81889.98999999999,,50017.05,131907.04,149.58048413741602,,0.0,149.58048413741608,1863.5800000000002,,0.0,1863.5800000000002,2685.16,0.0,0.0,2685.16,,,,,,,3682.14,0.0,0.0,,,,,1334209.0699999998,429064.56,1388955.51,429064.56,0.0,,0.0,,0.0,,,,,,,,1388955.51,429064.56
168,HARYANA,SONIPAT,,550.8721166883616,0.0,0.0,509.8074079383187,199641.3264966241,0.0,16081.0,215722.3264966241,0.0,215722.3264966241,20865.679999999997,0.0,0.0,20865.679999999997,7558.030000000001,,0.0,7558.030000000001,14970.782420993088,0.0,0.0,14970.779999999999,19632.62,0.0,0.0,19632.62,602.1700000000001,,,602.1700000000001,1050.0,0.0,0.0,1050.0,,,,,,,,,64679.28,0.0,0.0,64679.28,,,,,,,,,,,,0.0,,,,0.0,,,,,,,,,,,,,,,,0.0,64679.28,0.0,0.0,64679.28,5324.12,0.0,0.0,5324.12,59355.159999999996,0.0,0.0,59355.159999999996,2516.632,,0.0,2516.632,939.29,,0.0,939.29,62012.69,,3659.8399999999997,65672.53,65468.58999999999,,3659.8399999999997,69128.43,110.29974479051188,,0.0,110.2997447905119,1883.94,,0.0,1883.94,10235.53,0.0,0.0,10235.53,,,,,,,10332.42,0.0,0.0,,,,,1673452.0300000003,151754.4,1732807.1900000002,151754.4,0.0,,0.0,,0.0,,,,,,,,1732807.1900000002,151754.4
169,HARYANA,YAMUNA NAGAR,,913.3864299168144,0.0,0.0,913.3864299168144,143277.2635817391,0.0,0.0,143277.2635817391,28500.0,171777.2635817391,26607.459999999995,0.0,0.0,26607.459999999995,7225.61,,0.0,7225.61,2150.061389496673,0.0,0.0,2150.0699999999997,21279.96,0.0,0.0,21279.96,223.16000000000003,,,223.16000000000003,24.0,,,24.0,,,,,,,,,57510.26,0.0,0.0,57510.26,,,,,,,,,,,,0.0,,,,0.0,0.0,0.0,0.0,0.0,0.0,0.0,0.0,0.0,0.0,0.0,0.0,0.0,0.0,0.0,0.0,0.0,57510.26,0.0,0.0,57510.26,5751.030000000001,0.0,0.0,5751.030000000001,51759.229999999996,0.0,0.0,51759.229999999996,7801.564,,,7801.564,2340.0,,,2340.0,67109.37000000001,,,67109.37000000001,77250.93000000001,,,77250.93000000001,149.25053946899908,,,149.25053946899908,7801.5599999999995,,0.0,7801.5599999999995,159.41,0.0,0.0,159.41,,,,,,,312.37499999999994,0.0,0.0,,,,,3293067.53,0.0,3344826.7600000002,0.0,0.0,,0.0,,0.0,,,,,,,,3344826.7600000002,0.0
170,HIMACHAL PRADESH,BLS,,0.0,1430.5,0.0,1430.5,0.0,10700.0,0.0,10700.0,28800.0,39500.0,0.0,2321.35,0.0,2321.35,,,,,0.0,0.0,0.0,0.0,0.0,83.02,0.0,83.02,,,,,,,,,,,,,,,,,0.0,2404.37,0.0,2404.37,,,,,,,,,,,,0.0,,,,0.0,,,,,,,,,,,,,,,,0.0,0.0,2404.37,0.0,2404.37,0.0,240.44,0.0,240.44,0.0,2163.93,0.0,2163.93,,632.73,,632.73,,0.0,,0.0,,262.91999999999996,,262.91999999999996,,895.6500000000001,,895.6500000000001,,41.38997102494074,,41.38997102494074,0.0,632.73,0.0,632.73,0.0,1268.28,0.0,1268.28,,,,,,,,,,,,,,0.0,0.0,2163.93,0.0,0.0,,0.0,,0.0,,,,,,,,2163.93,0.0
171,HIMACHAL PRADESH,CHM,,0.0,0.0,0.0,0.0,0.0,0.0,0.0,0.0,215690.2,215690.2,,,,,,,,,,,,,,,,,,,,,,,,,,,,,,,,,,,,,,,,,,,,,,,,0.0,,,,0.0,,,,,,,,,,,,,,,,0.0,,,,0.0,,,,0.0,0.0,0.0,0.0,0.0,,,,,,,,,,,,,,,,,,,,,,,,,0.0,0.0,0.0,0.0,,,,,,,,,,,,,,0.0,0.0,0.0,0.0,0.0,,0.0,,0.0,,,,,,,,0.0,0.0
172,HIMACHAL PRADESH,HMP,,0.0,0.0,0.0,0.0,0.0,0.0,0.0,0.0,516544.5,516544.5,,,,,,,,,,,,,,,,,,,,,,,,,,,,,,,,,,,,,,,,,,,,,,,,0.0,,,,0.0,,,,,,,,,,,,,,,,0.0,,,,0.0,,,,0.0,0.0,0.0,0.0,0.0,,,,,,,,,,,,,,,,,,,,,,,,,0.0,0.0,0.0,0.0,,,,,,,,,,,,,,0.0,0.0,0.0,0.0,0.0,,0.0,,0.0,,,,,,,,0.0,0.0
173,HIMACHAL PRADESH,KIN,,0.0,0.0,0.0,0.0,0.0,0.0,0.0,0.0,172992.7,172992.7,,,,,,,,,,,,,,,,,,,,,,,,,,,,,,,,,,,,,,,,,,,,,,,,0.0,,,,0.0,,,,,,,,,,,,,,,,0.0,,,,0.0,,,,0.0,0.0,0.0,0.0,0.0,,,,,,,,,,,,,,,,,,,,,,,,,0.0,0.0,0.0,0.0,,,,,,,,,,,,,,0.0,0.0,0.0,0.0,0.0,,0.0,,0.0,,,,,,,,0.0,0.0
174,HIMACHAL PRADESH,KNG,,0.0,999.63,0.0,999.63,0.0,2900.0,0.0,2900.0,3678.64077669903,6578.640776699029,0.0,593.37,0.0,593.37,0.0,,0.0,0.0,80.07825,0.0,0.0,80.08,0.0,72.81,0.0,72.81,0.0,20.95,0.0,20.95,0.0,0.0,0.0,0.0,,,,,,,,,80.08,687.1300000000001,0.0,767.21,,,,,,,,,,,,0.0,,,,0.0,,,,,,,,,,,,,,,,0.0,80.08,687.1300000000001,0.0,767.21,8.01,68.72,0.0,76.73,72.07,618.41,0.0,690.48,,103.94,,103.94,,6.139999999999999,,6.139999999999999,,291.26,,291.26,,401.34000000000003,,401.34000000000003,,64.89869180640676,,58.12478275981926,0.0,103.94,0.0,103.94,72.07,217.07,0.0,289.14,,,,,,,,,,,,,,0.0,0.0,690.48,0.0,0.0,,0.0,,0.0,,,,,,,,690.48,0.0
175,HIMACHAL PRADESH,LAS,,0.0,1426.0714285714284,0.0,1426.0714285714284,0.0,8200.0,0.0,8200.0,0.0,8200.0,0.0,1521.9,0.0,1521.9,0.0,,0.0,0.0,0.0,0.0,0.0,0.0,0.0,25.44,0.0,25.44,0.0,0.0,0.0,0.0,0.0,0.0,0.0,0.0,,,,,,,,,0.0,1547.3400000000001,0.0,1547.3400000000001,,,,,,,,,,,,0.0,,,,0.0,,,,,,,,,,,,,,,,0.0,0.0,1547.3400000000001,0.0,1547.3400000000001,0.0,154.74,0.0,154.74,0.0,1392.6000000000001,0.0,1392.6000000000001,,202.85046666666665,,202.85046666666665,,118.92429999999999,,118.92429999999999,,101.7698,,101.7698,,423.54,,423.54,,30.41361482119776,,30.41361482119776,0.0,202.85,0.0,202.85,0.0,969.06,0.0,969.06,,,,,,,,,,,,,,0.0,0.0,1392.6,0.0,0.0,,0.0,,0.0,,,,,,,,1392.6,0.0
176,HIMACHAL PRADESH,MND,,0.0,0.0,0.0,0.0,0.0,0.0,0.0,0.0,635213.2,635213.2,,,,,,,,,,,,,,,,,,,,,,,,,,,,,,,,,,,,,,,,,,,,,,,,0.0,,,,0.0,,,,,,,,,,,,,,,,0.0,,,,0.0,,,,0.0,0.0,0.0,0.0,0.0,,,,,,,,,,,,,,,,,,,,,,,,,0.0,0.0,0.0,0.0,,,,,,,,,,,,,,0.0,0.0,0.0,0.0,0.0,,0.0,,0.0,,,,,,,,0.0,0.0
177,HIMACHAL PRADESH,SHM,,0.0,0.0,0.0,0.0,0.0,0.0,0.0,0.0,472527.5,472527.5,,,,,,,,,,,,,,,,,,,,,,,,,,,,,,,,,,,,,,,,,,,,,,,,0.0,,,,0.0,,,,,,,,,,,,,,,,0.0,,,,0.0,,,,0.0,0.0,0.0,0.0,0.0,,,,,,,,,,,,,,,,,,,,,,,,,0.0,0.0,0.0,0.0,,,,,,,,,,,,,,0.0,0.0,0.0,0.0,0.0,,0.0,,0.0,,,,,,,,0.0,0.0
178,HIMACHAL PRADESH,SLN,,0.0,0.0,0.0,0.0,0.0,0.0,0.0,0.0,385834.2,385834.2,,,,,,,,,,,,,,,,,,,,,,,,,,,,,,,,,,,,,,,,,,,,,,,,0.0,,,,0.0,,,,,,,,,,,,,,,,0.0,,,,0.0,,,,0.0,0.0,0.0,0.0,0.0,,,,,,,,,,,,,,,,,,,,,,,,,0.0,0.0,0.0,0.0,,,,,,,,,,,,,,0.0,0.0,0.0,0.0,0.0,,0.0,,0.0,,,,,,,,0.0,0.0
179,HIMACHAL PRADESH,SRM,,0.0,0.0,0.0,0.0,0.0,0.0,0.0,0.0,1277461.3,1277461.3,,,,,,,,,,,,,,,,,,,,,,,,,,,,,,,,,,,,,,,,,,,,,,,,0.0,,,,0.0,,,,,,,,,,,,,,,,0.0,,,,0.0,,,,0.0,0.0,0.0,0.0,0.0,,,,,,,,,,,,,,,,,,,,,,,,,0.0,0.0,0.0,0.0,,,,,,,,,,,,,,0.0,0.0,0.0,0.0,0.0,,0.0,,0.0,,,,,,,,0.0,0.0
180,HIMACHAL PRADESH,UNA,,0.0,0.0,0.0,0.0,0.0,0.0,0.0,0.0,344705.6,344705.6,,,,,,,,,,,,,,,,,,,,,,,,,,,,,,,,,,,,,,,,,,,,,,,,0.0,,,,0.0,,,,,,,,,,,,,,,,0.0,,,,0.0,,,,0.0,0.0,0.0,0.0,0.0,,,,,,,,,,,,,,,,,,,,,,,,,0.0,0.0,0.0,0.0,,,,,,,,,,,,,,0.0,0.0,0.0,0.0,0.0,,0.0,,0.0,,,,,,,,0.0,0.0
181,JAMMU AND KASHMIR,Bandipora,,0.0,686.3999999999999,0.0,686.3999999999999,0.0,5128.0,0.0,5128.0,29372.0,34500.0,0.0,619.49,0.0,619.49,,,,,0.0,0.0,0.0,0.0,0.0,0.0,0.0,0.0,0.0,21.6,0.0,21.6,,,,,,,,,,,,,0.0,641.0899999999999,0.0,641.0899999999999,,,,,,,,,,,,0.0,,,,0.0,,,,,,,,,,,,,,,,0.0,0.0,641.0899999999999,0.0,641.0899999999999,0.0,64.11,0.0,64.11,0.0,576.98,0.0,576.98,,361.37792249999995,,361.37792249999995,,3.5,,3.5,,31.536000000000005,,31.536000000000005,,396.41999999999996,,396.41999999999996,,68.70602100592741,,68.70602100592741,0.0,404.37,0.0,404.37,0.0,137.57,0.0,137.57,,,,,,,,,,,,,,20512.0,0.0,21088.98,0.0,28819.36,,43546052.96,,43574872.32,,0.0,,0.0,,0.0,,21088.98,0.0
182,JAMMU AND KASHMIR,Doda,,0.0,1406.0,0.0,1406.0,0.0,2245.0,0.0,2245.0,871400.0,873645.0,0.0,252.52,0.0,252.52,,,,,0.0,822.22,0.0,822.22,0.0,0.0,0.0,0.0,,,,,0.0,0.0,0.0,0.0,,,,,,,,,0.0,1074.74,0.0,1074.74,,,,,,,,,,,,0.0,,,,0.0,,,,,,,,,,,,,,,,0.0,0.0,1074.74,0.0,1074.74,0.0,107.47,0.0,107.47,0.0,967.27,0.0,967.27,,308.7555075,,308.7555075,,17.599999999999998,,17.599999999999998,,105.10000000000001,,105.10000000000001,,431.46000000000004,,431.46000000000004,,44.60595283633319,,44.60595283633319,0.0,344.85,0.0,344.85,0.0,499.72,0.0,499.72,,,,,,,,,,,,,,3232.8,0.0,4200.07,0.0,0.0,,0.0,,0.0,,0.0,,0.0,,0.0,,4200.07,0.0
183,JAMMU AND KASHMIR,Jammu,,1330.7,1330.7,0.0,1330.7,60229.0,104982.0,0.0,165211.0,68989.0,234200.0,14105.829999999998,27947.73,0.0,42053.56,325.96000000000004,,,325.96000000000004,0.0,0.0,0.0,0.0,2519.3199999999997,929.81,0.0,3449.13,0.01,2.74,0.0,2.75,0.0,0.0,0.0,0.0,,,,,,,,,47222.12,41590.41,0.0,88812.53,,,,,,,,,0.0,,,0.0,,,,0.0,0.0,0.0,0.0,0.0,0.0,0.0,0.0,0.0,0.0,0.0,0.0,0.0,0.0,0.0,0.0,0.0,47222.12,41590.41,0.0,88812.53,4722.21,4159.04,0.0,8881.25,42499.91,37431.37,0.0,79931.28,7409.55,3442.8085499999997,,10852.35855,2427.81,0.0,,2427.81,7409.55,2675.25,,10084.8,17246.91,6118.0599999999995,,23364.97,40.58105064222489,16.344739719652257,,29.231322205774763,7409.55,3442.81,0.0,10852.36,25253.0,31313.31,0.0,56566.31,-1.0,-1.0,-1.0,[-1.0],[-1.0],[-1.0],8219.37904385462,0.0,2.0,,0.0,,,2956779.11,0.0,3036710.39,0.0,1346670.46,,64191292.16,,65537962.63,,0.0,,0.0,,0.0,,3036710.39,0.0
184,JAMMU AND KASHMIR,Kishtwar,,0.0,1406.0,0.0,1406.0,0.0,2000.0,0.0,2000.0,162400.0,164400.0,0.0,494.91,0.0,494.91,,,,,0.0,1135.0,0.0,1135.0,0.0,0.0,0.0,0.0,,,,,,,,,,,,,,,,,0.0,1629.9099999999999,0.0,1629.9099999999999,,,,,,,,,,,,0.0,,,,0.0,,,,,,,,,,,,,,,,0.0,0.0,1629.9099999999999,0.0,1629.9099999999999,0.0,162.99,0.0,162.99,0.0,1466.92,0.0,1466.92,,147.168,,147.168,,0.0,,0.0,,31.5,,31.5,,178.67000000000002,,178.67000000000002,,12.179941646442888,,12.179941646442888,0.0,147.17,0.0,147.17,0.0,1288.25,0.0,1288.25,,,,,,,,,,,,,,1440.0,0.0,2906.92,0.0,0.0,,0.0,,0.0,,0.0,,0.0,,0.0,,2906.92,0.0
185,JAMMU AND KASHMIR,Poonch,,0.0,1458.1,0.0,1458.1,0.0,24263.0,0.0,24263.0,143137.0,167400.0,0.0,6226.5,0.0,6226.5,,,,,0.0,0.0,0.0,0.0,0.0,0.0,0.0,0.0,,,,,,,,,,,,,,,,,0.0,22602.71,0.0,22602.71,,,,,,,,,,,,0.0,,,,0.0,,,,,,,,,,,,,,,,0.0,0.0,22602.71,0.0,22602.71,0.0,2260.28,0.0,2260.28,0.0,20342.43,0.0,20342.43,,1339.40619,,1339.40619,,17.5,,17.5,,717.5,,717.5,,2074.4,,2074.4,,10.197405128099248,,10.197405128099248,0.0,1495.85,0.0,1495.85,0.0,18111.59,0.0,18111.59,,,,,,,,,,,,,,19410.4,0.0,39752.83,0.0,0.0,,0.0,,0.0,,0.0,,0.0,,0.0,,39752.83,0.0
186,JAMMU AND KASHMIR,Pulwama,,0.0,506.1,0.0,506.1,0.0,66065.0,0.0,66065.0,42535.0,108600.0,0.0,6182.57,0.0,6182.57,,,,,0.0,17665.07,0.0,17665.07,0.0,0.0,0.0,0.0,,,,,,,,,,,,,,,,,0.0,23847.64,0.0,23847.64,,,,,,,,,,,,0.0,,,,0.0,,,,,,,,,,,,,,,,0.0,0.0,23847.64,0.0,23847.64,0.0,2384.76,0.0,2384.76,0.0,21462.88,0.0,21462.88,,3195.6480000000006,,3195.6480000000006,,3572.17835,,3572.17835,,1391.0096,,1391.0096,,8158.82,,8158.82,,38.01363097589885,,38.01363097589885,0.0,3195.65,0.0,3195.65,0.0,13304.06,0.0,13304.06,,,,,,,,,,,,,,84076.96,0.0,105539.84,0.0,742570.6,,586630774.0,,587373344.6,,0.0,,0.0,,0.0,,105539.84,0.0
187,JAMMU AND KASHMIR,Rajouri,,957.1,957.1,0.0,957.1,4457.0,30543.0,0.0,35000.0,228000.0,263000.0,750.78,5144.96,0.0,5895.74,,,,,0.0,0.0,0.0,0.0,0.0,0.0,0.0,0.0,,,,,0.0,0.0,0.0,0.0,,,,,,,,,3140.45,25969.96,0.0,29110.41,,,,,,,,,,,,0.0,,,,0.0,,,,,,,,,,,,,,,,0.0,3140.45,25969.96,0.0,29110.41,314.05,2597.0,0.0,2911.05,2826.4,23372.96,0.0,26199.36,375.25850749999995,1103.7600000000002,,1479.0185075,0.0,17.5,,17.5,0.0,304.5,,304.5,375.26,1425.77,,1801.0299999999997,13.276960090574583,6.100083173034139,,6.874328227865107,424.84,1103.76,0.0,1528.6,2401.56,21947.19,0.0,24348.75,,,,,,,,,,,,,,36512.0,0.0,62711.36,0.0,0.0,,0.0,,0.0,,0.0,,0.0,,0.0,,62711.36,0.0
188,JAMMU AND KASHMIR,Samba,,1601.73,1601.73,0.0,1601.73,10202.0,34587.0,0.0,44789.0,45611.0,90400.0,2875.99,9750.23,0.0,12626.22,29.28,,,29.28,5614.890957936001,5614.890957936001,0.0,0.0,497.18,0.0,0.0,497.18,34.13,0.0,,34.13,0.0,0.0,0.0,0.0,,,,,,,,,14761.199999999999,20631.04,0.0,35392.240000000005,,,,,,,,,,,,0.0,,,,0.0,,,,,,,,,,,,,,,,0.0,14761.199999999999,20631.04,0.0,35392.240000000005,1476.12,2063.1,0.0,3539.2200000000003,13285.08,18567.94,0.0,31853.02,1303.4880000000003,459.3599825,,1762.8479825000002,126.12000000000002,0.0,,126.12000000000002,1200.1,74.36,,1274.46,2629.71,533.72,,3163.4300000000003,19.794461154919656,2.8744168712307347,,9.931334611286466,1303.49,495.49,0.0,1798.98,10655.37,17998.09,0.0,28653.46,,,,,,,1091.6028942364117,0.0,0.0,,,,,317207.16,0.0,349060.18,0.0,270525.56,,19072051.98,,19342577.54,,0.0,,0.0,,0.0,,349060.18,0.0
189,JAMMU AND KASHMIR,Shopian,,0.0,818.8,0.0,818.8,0.0,23400.0,0.0,23400.0,7800.0,31200.0,0.0,3372.15,0.0,3372.15,,,,,0.0,11628.73,0.0,11628.73,0.0,0.0,0.0,0.0,,,,,,,,,,,,,,,,,0.0,15000.88,0.0,15000.88,,,,,,,,,,,,0.0,,,,0.0,,,,,,,,,,,,,,,,0.0,0.0,15000.88,0.0,15000.88,0.0,1500.0900000000001,0.0,1500.0900000000001,0.0,13500.79,0.0,13500.79,,1336.04,,1336.04,,27.000000000000007,,27.000000000000007,,100.80000000000001,,100.80000000000001,,1463.84,,1463.84,,10.842624764921164,,10.842624764921164,0.0,1336.04,0.0,1336.04,0.0,12036.95,0.0,12036.95,,,,,,,,,,,,,,37440.0,0.0,50940.79,0.0,263016.0,,198971604.0,,199234620.0,,0.0,,0.0,,0.0,,50940.79,0.0
190,JAMMU AND KASHMIR,Srinagar,,0.0,698.0,0.0,698.0,0.0,50000.0,0.0,50000.0,147900.0,197900.0,0.0,6142.4,0.0,6142.4,,,,,0.0,7253.75,0.0,7253.75,0.0,0.0,0.0,0.0,0.0,919.8,0.0,919.8,,,,,,,,,,,,,0.0,14315.95,0.0,14315.95,,,,,,,,,,,,0.0,,,,0.0,,,,,,,,,,,,,,,,0.0,0.0,14315.95,0.0,14315.95,0.0,1431.6,0.0,1431.6,0.0,12884.349999999999,0.0,12884.349999999999,,7150.863555,,7150.863555,,336.384,,336.384,,51.51480000000001,,51.51480000000001,,7538.76,,7538.76,,58.51098425609364,,58.51098425609364,0.0,7801.29,0.0,7801.29,0.0,4695.16,0.0,4695.16,,,,,,,,,,,,,,0.0,0.0,12884.35,0.0,562000.0,,425153000.0,,425715000.0,,0.0,,0.0,,0.0,,12884.35,0.0
191,JHARKHAND,BOKARO,,0.0,1259.6,0.0,1256.830677899582,577.0,261866.0,0.0,262443.0,23495.0,285938.0,0.0,21931.61,0.0,21931.61,,,,,0.0,826.49,0.0,826.49,0.0,722.08,0.0,722.08,0.0,400.85,0.0,400.85,0.0,672.102,0.0,672.102,,,,,,,,,0.0,24553.130000000005,0.0,24553.130000000005,,,,,,,,,,,,0.0,,,,0.0,,,,,,,,,,,,,,,,0.0,0.0,24553.130000000005,0.0,24553.130000000005,0.0,2214.7400000000002,0.0,2214.7400000000002,0.0,22338.390000000003,0.0,22338.390000000003,0.0,3857.1366239999998,,3857.1366239999998,0.0,3660.61304,,3660.61304,0.0,2283.0000000000005,,2283.0000000000005,0.0,9800.77,,9800.77,0.0,43.87411089160857,,43.87411089160857,0.0,3883.92,0.0,3883.92,0.0,13416.3,0.0,13416.3,,,,,,,,,,,,,,117909.78,0.0,140248.17,0.0,0.0,,0.0,,0.0,,,,,,,,140248.17,0.0
192,JHARKHAND,CHATRA,,0.0,1206.3,0.0,1203.4182301042358,779.0,325308.0,0.0,326087.0,67102.0,393189.0,0.0,21579.340000000004,0.0,21579.340000000004,,,,,0.0,1931.9700000000003,0.0,1931.9700000000003,0.0,1833.4599999999998,0.0,1833.4599999999998,0.0,63.9,0.0,63.9,0.0,224.0,0.0,224.0,,,,,,,,,0.0,25632.690000000002,0.0,25632.690000000002,,,,,,,,,,,,0.0,,,,0.0,,,,,,,,,,,,,,,,0.0,0.0,25632.690000000002,0.0,25632.690000000002,0.0,2028.8199999999997,0.0,2028.8199999999997,0.0,23603.87,0.0,23603.87,0.0,1448.8536847500002,,1448.8536847500002,0.0,709.17184,,709.17184,0.0,6112.0,,6112.0,0.0,8270.029999999999,,8270.029999999999,0.0,35.03675456609445,,35.03675456609445,0.0,1458.92,0.0,1458.92,0.0,15323.779999999999,0.0,15323.779999999999,,,,,,,,,,,,,,139871.63999999998,0.0,163475.50999999998,0.0,0.0,,0.0,,0.0,,,,,,,,163475.50999999998,0.0
193,JHARKHAND,DEOGHAR,,0.0,1220.6999999999998,0.0,1220.162297454614,84.0,190614.0,0.0,190698.0,64407.0,255105.0,0.0,12580.82,0.0,12580.82,,,,,0.0,854.64,0.0,854.64,0.0,1511.06,0.0,1511.06,0.0,363.0,0.0,363.0,0.0,66.55,0.0,66.55,,,,,,,,,0.0,15376.08,0.0,15376.08,,,,,,,,,,,,0.0,,,,0.0,,,,,,,,,,,,,,,,0.0,0.0,15376.08,0.0,15376.08,0.0,1107.3600000000001,0.0,1107.3600000000001,0.0,14268.720000000001,0.0,14268.720000000001,0.0,2267.2109137499997,,2267.2109137499997,0.0,205.19035,,205.19035,0.0,4966.125,,4966.125,0.0,7438.52,,7438.52,0.0,52.1316558177608,,52.1316558177608,0.0,2282.95,0.0,2282.95,0.0,6814.4400000000005,0.0,6814.4400000000005,,,,,,,,,,,,,,84470.5,0.0,98739.22,0.0,0.0,,0.0,,0.0,,,,,,,,98739.22,0.0
194,JHARKHAND,DHANBAD,,0.0,1295.6000000000001,0.0,1290.0927299694833,748.0,175221.0,0.0,175969.0,49278.0,225247.0,0.0,19006.260000000002,0.0,19006.260000000002,,,,,0.8999999999999999,455.88,0.0,456.78000000000003,0.0,780.52,0.0,780.52,0.0,465.96000000000004,0.0,465.96000000000004,0.0,5261.76,0.0,5261.76,,,,,,,,,0.8999999999999999,25970.38,0.0,25971.28,,,,,,,,,,,,0.0,,,,0.0,,,,,,,,,,,,,,,,0.0,0.8999999999999999,25970.38,0.0,25971.28,0.09,2394.37,0.0,2394.4700000000003,0.81,23576.010000000002,0.0,23576.82,0.0,5344.051632749999,,5344.051632749999,0.0,7905.66168,,7905.66168,0.0,2574.5,,2574.5,0.0,15824.210000000001,,15824.210000000001,0.0,67.11996644046214,,67.1176604817783,0.0,5381.17,0.0,5381.17,0.81,7983.07,0.0,7983.88,,,,,,,,,,,,,,79315.24,0.0,102892.06,0.0,0.0,,0.0,,0.0,,,,,,,,102892.06,0.0
195,JHARKHAND,DUMKA,,0.0,1422.5,0.0,1371.5489112084929,10078.0,271289.0,0.0,281367.0,90276.0,371643.0,0.0,22988.539999999994,0.0,22988.539999999994,0.0,,0.0,0.0,97.01,2585.74,0.0,2682.75,0.0,1125.16,0.0,1125.16,0.0,663.65,0.0,663.65,0.0,0.014,0.0,0.014,,,,,,,,,97.01,27363.11,0.0,27460.119999999995,,,,,,,,,,,,0.0,,,,0.0,,,,,,,,,,,,,,,,0.0,97.01,27363.11,0.0,27460.119999999995,9.7,2083.98,0.0,2093.69,87.30999999999999,25279.129999999997,0.0,25366.440000000002,0.0,1847.8609537500001,,1847.8609537500001,0.0,18.712500000000002,,18.712500000000002,0.0,3749.75,,3749.75,0.0,5616.330000000001,,5616.330000000001,0.0,22.21725985031922,,22.14078916868114,0.0,1860.69,0.0,1860.69,87.31,19649.97,0.0,19737.280000000002,,,,,,,,,,,,,,129556.41,0.0,154922.85,0.0,0.0,,0.0,,0.0,,,,,,,,154922.85,0.0
196,JHARKHAND,EAST SINGHBHUM,,0.0,1403.4000000000003,0.0,1400.637852848486,494.0,250499.0,0.0,250993.0,112342.0,363335.0,0.0,27618.829999999998,0.0,27618.829999999998,0.0,,0.0,0.0,0.0,442.67999999999995,0.0,442.67999999999995,0.0,542.21,0.0,542.21,0.0,240.29,0.0,240.29,0.0,16.773999999999997,0.0,16.773999999999997,,,,,,,,,0.0,28860.789999999997,0.0,28860.789999999997,,,,,,,,,,,,0.0,,,,0.0,,,,,,,,,,,,,,,,0.0,0.0,28860.789999999997,0.0,28860.789999999997,0.0,2746.91,0.0,2746.91,0.0,26113.88,0.0,26113.88,0.0,3639.4462439999998,,3639.4462439999998,0.0,605.70846,,605.70846,0.0,1860.0,,1860.0,0.0,6105.149999999999,,6105.149999999999,0.0,23.37894636875102,,23.37894636875102,0.0,3664.7099999999996,0.0,3664.7099999999996,0.0,20956.49,0.0,20956.49,,,,,,,,,,,,,,130451.09999999999,0.0,156564.96999999997,0.0,0.0,,0.0,,0.0,,,,,,,,156564.96999999997,0.0
197,JHARKHAND,GARHWA,,0.0,1210.3000000000002,0.0,1182.9519168984,6590.0,285053.0,0.0,291643.0,112832.0,404475.0,0.0,25652.46,0.0,25652.46,0.0,,0.0,0.0,5.21,1537.5099999999998,0.0,1542.7200000000003,0.0,2228.42,0.0,2228.42,0.0,970.25,0.0,970.25,0.0,0.6,0.0,0.6,,,,,,,,,5.21,30389.23,0.0,30394.44,,,,,,,,,,,,0.0,,,,0.0,,,,,,,,,,,,,,,,0.0,5.21,30389.23,0.0,30394.44,0.52,2402.4300000000003,0.0,2402.9500000000003,4.69,27986.800000000003,0.0,27991.489999999998,0.0,1742.8217647499996,,1742.8217647499996,0.0,11.255220000000001,,11.255220000000001,0.0,7531.875,,7531.875,0.0,9285.929999999998,,9285.929999999998,0.0,33.17967756227935,,33.17411827666194,0.0,1754.9199999999998,0.0,1754.9199999999998,4.69,18688.77,0.0,18693.46,,,,,,,,,,,,,,129470.74000000002,0.0,157462.23,0.0,0.0,,0.0,,0.0,,,,,,,,157462.23,0.0
198,JHARKHAND,GIRIDIH,,0.0,1215.6000000000004,0.0,1215.1027983612037,180.0,439899.0,0.0,440079.0,68411.0,508490.0,0.0,36246.89,0.0,36246.89,0.0,,0.0,0.0,12.81,2607.94,0.0,2620.75,0.0,2718.29,0.0,2718.29,0.0,583.1600000000001,0.0,583.1600000000001,0.0,96.474,0.0,96.474,,,,,,,,,12.81,42252.759999999995,0.0,42265.56999999999,,,,,,,,,,,,0.0,,,,0.0,,,,,,,,,,,,,,,,0.0,12.81,42252.759999999995,0.0,42265.56999999999,1.2999999999999998,3441.8600000000006,0.0,3443.1600000000008,11.510000000000002,38810.9,0.0,38822.41,0.0,3467.1739454999993,,3467.1739454999993,0.0,764.7658799999998,,764.7658799999998,0.0,9022.875,,9022.875,0.0,13254.800000000001,,13254.800000000001,0.0,34.15226134926013,,34.14213594673798,0.0,3491.2400000000002,0.0,3491.2400000000002,11.510000000000002,25532.04,0.0,25543.55,,,,,,,,,,,,,,180800.59000000005,0.0,219623.0,0.0,0.0,,0.0,,0.0,,,,,,,,219623.0,0.0
199,JHARKHAND,GODDA,,0.0,1084.1,0.0,1051.8640485090323,4948.0,161454.0,0.0,166402.0,44707.0,211109.0,0.0,18365.73,0.0,18365.73,0.0,,0.0,0.0,73.71,1624.68,0.0,1698.3900000000003,0.0,559.58,0.0,559.58,0.0,435.58000000000004,0.0,435.58000000000004,0.0,96.058,0.0,96.058,,,,,,,,,73.71,21081.63,0.0,21155.339999999997,,,,,,,,,,,,0.0,,,,0.0,,,,,,,,,,,,,,,,0.0,73.71,21081.63,0.0,21155.339999999997,7.37,1813.54,0.0,1820.9,66.34,19268.090000000004,0.0,19334.43,0.0,1807.83848475,,1807.83848475,0.0,312.15204,,312.15204,0.0,1869.0,,1869.0,0.0,3988.97,,3988.97,0.0,20.70246713607835,,20.631433148016256,0.0,1820.37,0.0,1820.37,66.34,15266.6,0.0,15332.94,,,,,,,,,,,,,,74866.41,0.0,94200.84,0.0,0.0,,0.0,,0.0,,,,,,,,94200.84,0.0
200,JHARKHAND,GUMLA,,0.0,1460.9,0.0,1447.314238237353,3786.0,403329.0,0.0,407115.0,127611.0,534726.0,0.0,34175.11,0.0,34175.11,0.0,,0.0,0.0,0.0,156.31000000000003,0.0,156.31000000000003,0.0,1139.4400000000003,0.0,1139.4400000000003,0.0,748.1000000000001,0.0,748.1000000000001,0.0,0.216,0.0,0.216,,,,,,,,,0.0,36219.21000000001,0.0,36219.21000000001,,,,,,,,,,,,0.0,,,,0.0,,,,,,,,,,,,,,,,0.0,0.0,36219.21000000001,0.0,36219.21000000001,0.0,3005.44,0.0,3005.44,0.0,33213.770000000004,0.0,33213.770000000004,0.0,1322.8105342499998,,1322.8105342499998,0.0,10.03092,,10.03092,0.0,3789.5,,3789.5,0.0,5122.299999999999,,5122.299999999999,0.0,15.422217953577682,,15.422217953577682,0.0,1331.99,0.0,1331.99,0.0,28082.290000000005,0.0,28082.290000000005,,,,,,,,,,,,,,207247.93000000002,0.0,240461.70000000004,0.0,0.0,,0.0,,0.0,,,,,,,,240461.70000000004,0.0
201,JHARKHAND,HAZARIBAGH,,0.0,1251.1999999999998,0.0,1242.8944292268516,2341.0,350321.0,0.0,352662.0,78384.0,431046.0,0.0,28111.289999999997,0.0,28111.289999999997,0.0,,0.0,0.0,0.0,1195.04,0.0,1195.04,0.0,2376.2000000000003,0.0,2376.2000000000003,0.0,838.45,0.0,838.45,0.0,192.104,0.0,192.104,,,,,,,,,0.0,32713.08,0.0,32713.08,,,,,,,,,,,,0.0,,,,0.0,,,,,,,,,,,,,,,,0.0,0.0,32713.08,0.0,32713.08,0.0,2870.44,0.0,2870.44,0.0,29842.640000000003,0.0,29842.640000000003,0.0,2606.6732872499997,,2606.6732872499997,0.0,695.0365999999999,,695.0365999999999,0.0,7851.375,,7851.375,0.0,11153.1,,11153.1,0.0,37.37303402111877,,37.37303402111877,0.0,2624.7799999999993,0.0,2624.7799999999993,0.0,18671.429999999997,0.0,18671.429999999997,,,,,,,,,,,,,,155505.55000000002,0.0,185348.19,0.0,0.0,,0.0,,0.0,,,,,,,,185348.19,0.0
202,JHARKHAND,JAMTARA,,0.0,1447.4,0.0,1447.4,0.0,98346.0,0.0,98346.0,82083.0,180429.0,0.0,6814.57,0.0,6814.57,0.0,,0.0,0.0,15.600000000000001,1364.0100000000002,0.0,1379.6100000000001,0.0,692.6600000000001,0.0,692.6600000000001,0.0,275.0,0.0,275.0,0.0,0.168,0.0,0.168,,,,,,,,,15.600000000000001,9146.4,0.0,9162.0,,,,,,,,,,,,0.0,,,,0.0,,,,,,,,,,,,,,,,0.0,15.600000000000001,9146.4,0.0,9162.0,1.56,832.6899999999999,0.0,834.25,14.04,8313.71,0.0,8327.75,,1131.29437725,,1131.29437725,,6.3950000000000005,,6.3950000000000005,,2280.25,,2280.25,,3417.94,,3417.94,,41.11209075130117,,41.042778661703345,0.0,1139.1499999999999,0.0,1139.1499999999999,14.04,4887.91,0.0,4901.95,,,,,,,,,,,,,,44250.28999999999,0.0,52578.04,0.0,0.0,,0.0,,0.0,,,,,,,,52578.04,0.0
203,JHARKHAND,KHUNTI,,0.0,1323.2,0.0,1301.7125092063113,2712.0,164293.0,0.0,167005.0,93012.0,260017.0,0.0,11788.720000000001,0.0,11788.720000000001,0.0,,0.0,0.0,0.0,178.75,0.0,178.75,0.0,698.2900000000001,0.0,698.2900000000001,0.0,520.4200000000001,0.0,520.4200000000001,0.0,0.026,0.0,0.026,,,,,,,,,0.0,13186.21,0.0,13186.21,,,,,,,,,,,,0.0,,,,0.0,,,,,,,,,,,,,,,,0.0,0.0,13186.21,0.0,13186.21,0.0,873.9300000000001,0.0,873.9300000000001,0.0,12312.279999999999,0.0,12312.279999999999,0.0,753.797781,,753.797781,0.0,7.762,,7.762,0.0,2385.0,,2385.0,0.0,3146.55,,3146.55,0.0,25.556192679178842,,25.556192679178842,0.0,759.0300000000001,0.0,759.0300000000001,0.0,9160.49,0.0,9160.49,,,,,,,,,,,,,,84096.27999999998,0.0,96408.56,0.0,0.0,,0.0,,0.0,,,,,,,,96408.56,0.0
204,JHARKHAND,KODERMA,,0.0,1115.9,0.0,1115.9,0.0,90902.0,0.0,90902.0,58768.0,149670.0,0.0,5834.139999999999,0.0,5834.139999999999,0.0,,0.0,0.0,1.12,163.93999999999997,0.0,165.05999999999997,0.0,784.03,0.0,784.03,0.0,59.98,0.0,59.98,0.0,0.0,0.0,0.0,,,,,,,,,1.12,6842.1,0.0,6843.22,,,,,,,,,,,,0.0,,,,0.0,,,,,,,,,,,,,,,,0.0,1.12,6842.1,0.0,6843.22,0.11,438.27000000000004,0.0,438.38,1.01,6403.829999999999,0.0,6404.839999999999,,1108.24254675,,1108.24254675,,20.29596,,20.29596,,2504.375,,2504.375,,3632.89,,3632.89,,56.72995691640784,,56.72101098544226,0.0,1115.95,0.0,1115.95,1.01,2763.2200000000003,0.0,2764.2300000000005,,,,,,,,,,,,,,43714.96000000001,0.0,50119.80000000001,0.0,0.0,,0.0,,0.0,,,,,,,,50119.80000000001,0.0
205,JHARKHAND,LATEHAR,,0.0,1237.2,0.0,1232.9465463098447,820.0,237693.0,0.0,238513.0,122748.0,361261.0,0.0,19563.219999999998,0.0,19563.219999999998,0.0,,0.0,0.0,0.0,1689.47,0.0,1689.47,0.0,1496.15,0.0,1496.15,0.0,1193.9499999999998,0.0,1193.9499999999998,0.0,32.0,0.0,32.0,,,,,,,,,0.0,23974.79,0.0,23974.79,,,,,,,,,,,,0.0,,,,0.0,,,,,,,,,,,,,,,,0.0,0.0,23974.79,0.0,23974.79,0.0,1914.1599999999996,0.0,1914.1599999999996,0.0,22060.63,0.0,22060.63,0.0,1019.17437075,,1019.17437075,0.0,118.53748,,118.53748,0.0,5109.0,,5109.0,0.0,6246.719999999999,,6246.719999999999,0.0,28.316145096490892,,28.316145096490892,0.0,1026.2399999999998,0.0,1026.2399999999998,0.0,15806.840000000002,0.0,15806.840000000002,,,,,,,,,,,,,,99717.95000000001,0.0,121778.58,0.0,0.0,,0.0,,0.0,,,,,,,,121778.58,0.0
206,JHARKHAND,LOHARDAGA,,0.0,1194.3000000000002,0.0,1180.8461842383765,1437.0,126126.0,0.0,127563.0,21683.0,149246.0,0.0,17624.68,0.0,17624.68,,,,,0.0,176.92000000000002,0.0,176.92000000000002,0.0,539.02,0.0,539.02,0.0,379.59,0.0,379.59,0.0,0.0,0.0,0.0,,,,,,,,,0.0,18720.22,0.0,18720.22,,,,,,,,,,,,0.0,,,,0.0,,,,,,,,,,,,,,,,0.0,0.0,18720.22,0.0,18720.22,0.0,1667.87,0.0,1667.87,0.0,17052.35,0.0,17052.35,0.0,675.65633625,,675.65633625,0.0,13.340011000000002,,13.340011000000002,0.0,1833.5,,1833.5,0.0,2522.4700000000003,,2522.4700000000003,0.0,14.792506604661531,,14.792506604661531,0.0,680.35,0.0,680.35,0.0,14525.189999999999,0.0,14525.189999999999,,,,,,,,,,,,,,82978.97,0.0,100031.31999999999,0.0,0.0,,0.0,,0.0,,,,,,,,100031.31999999999,0.0
207,JHARKHAND,PAKUR,,0.0,1528.0,0.0,1514.664579403408,1115.0,126644.0,0.0,127759.0,52800.0,180559.0,0.0,21656.65,0.0,21656.65,,,,,0.0,1400.6499999999999,0.0,1400.6499999999999,0.0,571.6999999999999,0.0,571.6999999999999,0.0,361.82,0.0,361.82,0.0,0.0,0.0,0.0,,,,,,,,,0.0,23990.83,0.0,23990.83,,,,,,,,,,,,0.0,,,,0.0,,,,,,,,,,,,,,,,0.0,0.0,23990.83,0.0,23990.83,0.0,1975.38,0.0,1975.38,0.0,22015.45,0.0,22015.45,0.0,1115.790327,,1115.790327,0.0,22.436899999999998,,22.436899999999998,0.0,1911.5,,1911.5,0.0,3049.7200000000003,,3049.7200000000003,0.0,13.852635308385702,,13.852635308385702,0.0,1123.54,0.0,1123.54,0.0,18957.97,0.0,18957.97,,,,,,,,,,,,,,59479.520000000004,0.0,81494.97,0.0,0.0,,0.0,,0.0,,,,,,,,81494.97,0.0
208,JHARKHAND,PALAMAU,,0.0,1169.4,0.0,1146.7691015247133,6722.0,340622.0,0.0,347344.0,104315.0,451659.0,0.0,27062.589999999997,0.0,27062.589999999997,,,,,18.6,5090.829999999999,0.0,5109.429999999999,0.0,2128.3399999999997,0.0,2128.3399999999997,0.0,630.88,0.0,630.88,0.0,35.48,0.0,35.48,,,,,,,,,18.6,34948.07999999999,0.0,34966.67999999999,,,,,,,,,,,,0.0,,,,0.0,,,,,,,,,,,,,,,,0.0,18.6,34948.07999999999,0.0,34966.67999999999,1.8599999999999999,2909.3399999999997,0.0,2911.2,16.740000000000002,32038.740000000005,0.0,32055.480000000003,0.0,2820.7491817500004,,2820.7491817500004,0.0,173.88447999999997,,173.88447999999997,0.0,7094.5,,7094.5,0.0,10089.130000000001,,10089.130000000001,0.0,31.49040817460362,,31.473963266187248,0.0,2840.3199999999997,0.0,2840.3199999999997,16.740000000000002,21930.04,0.0,21946.780000000002,,,,,,,,,,,,,,151282.33000000002,0.0,183337.81000000003,0.0,0.0,,0.0,,0.0,,,,,,,,183337.81000000003,0.0
209,JHARKHAND,RAMGARH,,0.0,1251.2,0.0,1249.8281071656465,122.0,111145.0,0.0,111267.0,28298.0,139565.0,0.0,10917.51,0.0,10917.51,,,,,0.0,165.39,0.0,165.39,0.0,425.64000000000004,0.0,425.64000000000004,0.0,187.42000000000002,0.0,187.42000000000002,0.0,388.024,0.0,388.024,,,,,,,,,0.0,12083.98,0.0,12083.98,,,,,,,,,,,,0.0,,,,0.0,,,,,,,,,,,,,,,,0.0,0.0,12083.98,0.0,12083.98,0.0,626.14,0.0,626.14,0.0,11457.840000000002,0.0,11457.840000000002,0.0,1736.5961969999998,,1736.5961969999998,0.0,3173.76696,,3173.76696,0.0,1428.25,,1428.25,0.0,6338.59,,6338.59,0.0,55.32098545624654,,55.32098545624654,0.0,1748.66,0.0,1748.66,0.0,5107.179999999999,0.0,5107.179999999999,,,,,,,,,,,,,,51363.86,0.0,62821.7,0.0,0.0,,0.0,,0.0,,,,,,,,62821.7,0.0
210,JHARKHAND,RANCHI,,0.0,1323.2,0.0,1309.63584340666,3817.0,368536.0,0.0,372353.0,123913.0,496266.0,0.0,38003.0,0.0,38003.0,,,,,40.53,647.4199999999998,0.0,687.9499999999998,0.0,2909.7099999999996,0.0,2909.7099999999996,0.0,984.43,0.0,984.43,0.0,81.596,0.0,81.596,,,,,,,,,40.53,42626.14,0.0,42666.670000000006,,,,,,,,,,,,0.0,,,,0.0,,,,,,,,,,,,,,,,0.0,40.53,42626.14,0.0,42666.670000000006,4.05,3221.75,0.0,3225.8,36.480000000000004,39404.39,0.0,39440.869999999995,0.0,5297.243339250002,,5297.243339250002,0.0,1452.1173199999998,,1452.1173199999998,0.0,9619.5,,9619.5,0.0,16368.869999999999,,16368.869999999999,0.0,41.540726807343034,,41.50230458912291,0.0,5334.030000000001,0.0,5334.030000000001,36.48,22998.720000000005,0.0,23035.200000000004,,,,,,,,,,,,,,165133.03,0.0,204573.90000000002,0.0,0.0,,0.0,,0.0,,,,,,,,204573.90000000002,0.0
211,JHARKHAND,SAHEBGANJ,,0.0,1410.6,0.0,1401.8584202291777,709.0,113700.0,0.0,114409.0,55796.0,170205.0,0.0,24116.11,0.0,24116.11,,,,,2.65,3145.73,0.0,3148.38,0.0,643.62,0.0,643.62,0.0,522.8,0.0,522.8,0.0,0.0,0.0,0.0,,,,,,,,,2.65,28428.240000000005,0.0,28430.89,,,,,,,,,,,,0.0,,,,0.0,,,,,,,,,,,,,,,,0.0,2.65,28428.240000000005,0.0,28430.89,0.26,2471.29,0.0,2471.55,2.39,25956.95,0.0,25959.339999999997,0.0,1702.6104082499999,,1702.6104082499999,0.0,40.2335,,40.2335,0.0,2207.0,,2207.0,0.0,3949.8299999999995,,3949.8299999999995,0.0,15.216849437241276,,15.215448466717566,0.0,1714.44,0.0,1714.44,2.39,21995.29,0.0,21997.68,,,,,,,,,,,,,,153899.08999999997,0.0,179858.43,0.0,0.0,,0.0,,0.0,,,,,,,,179858.43,0.0
212,JHARKHAND,SARAIKELA KHARSAWAN,,0.0,1307.6000000000001,0.0,1287.61706731582,3164.0,203875.0,0.0,207039.0,65416.0,272455.0,0.0,16738.75,0.0,16738.75,,,,,0.0,743.82,0.0,743.82,0.0,320.76000000000005,0.0,320.76000000000005,0.0,0.9800000000000001,0.0,0.9800000000000001,0.0,125.204,0.0,125.204,,,,,,,,,0.0,17929.510000000002,0.0,17929.510000000002,,,,,,,,,,,,0.0,,,,0.0,,,,,,,,,,,,,,,,0.0,0.0,17929.510000000002,0.0,17929.510000000002,0.0,1499.5899999999997,0.0,1499.5899999999997,0.0,16429.92,0.0,16429.92,0.0,1704.1640489999997,,1704.1640489999997,0.0,405.90646499999997,,405.90646499999997,0.0,1099.5,,1099.5,0.0,3209.5700000000006,,3209.5700000000006,0.0,19.534909482212946,,19.534909482212946,0.0,1716.0000000000002,0.0,1716.0000000000002,0.0,13208.52,0.0,13208.52,,,,,,,,,,,,,,123696.64,0.0,140126.55999999997,0.0,0.0,,0.0,,0.0,,,,,,,,140126.55999999997,0.0
213,JHARKHAND,SIMDEGA,,0.0,1506.5,0.0,1501.2989532776808,1067.0,307993.0,0.0,309060.0,66169.0,375229.0,0.0,22104.280000000002,0.0,22104.280000000002,,,,,0.0,137.85000000000002,0.0,137.85000000000002,0.0,416.84000000000003,0.0,416.84000000000003,0.0,580.8000000000001,0.0,580.8000000000001,0.0,0.0,0.0,0.0,,,,,,,,,0.0,23239.760000000002,0.0,23239.760000000002,,,,,,,,,,,,0.0,,,,0.0,,,,,,,,,,,,,,,,0.0,0.0,23239.760000000002,0.0,23239.760000000002,0.0,1823.54,0.0,1823.54,0.0,21416.219999999998,0.0,21416.219999999998,0.0,840.7711125000001,,840.7711125000001,0.0,0.0,,0.0,0.0,1807.0,,1807.0,0.0,2647.7799999999997,,2647.7799999999997,0.0,12.363432949418712,,12.363432949418712,0.0,846.62,0.0,846.62,0.0,18762.58,0.0,18762.58,,,,,,,,,,,,,,144836.26,0.0,166252.48000000004,0.0,0.0,,0.0,,0.0,,,,,,,,166252.48000000004,0.0
214,JHARKHAND,WEST SINGHBHUM,,0.0,1351.6000000000001,0.0,1342.762949438489,3846.0,584388.0,0.0,588234.0,133986.0,722220.0,0.0,47111.42,0.0,47111.42,,,,,181.54999999999998,864.8500000000001,0.0,1046.4,0.0,473.5300000000001,0.0,473.5300000000001,0.0,837.65,0.0,837.65,0.0,0.0,0.0,0.0,,,,,,,,,181.54999999999998,49287.44999999999,0.0,49468.99999999999,,,,,,,,,,,,0.0,,,,0.0,,,,,,,,,,,,,,,,0.0,181.54999999999998,49287.44999999999,0.0,49468.99999999999,18.16,4424.660000000002,0.0,4442.820000000001,163.39,44862.79000000001,0.0,45026.18,0.0,2234.1930502500004,,2234.1930502500004,0.0,23.049519999999998,,23.049519999999998,0.0,1707.5,,1707.5,0.0,3964.7200000000007,,3964.7200000000007,0.0,8.837435210783815,,8.805366122553592,0.0,2249.72,0.0,2249.72,163.39000000000001,40882.549999999996,0.0,41045.939999999995,,,,,,,,,,,,,,270829.08,0.0,315855.26,0.0,0.0,,0.0,,0.0,,,,,,,,315855.26,0.0
215,KARNATAKA,Bagalkot,,564.7727442751128,592.7200256427899,0.0,582.0296264312113,227697.96350921574,367559.4190352141,0.0,595257.38254443,0.0,595257.38254443,5704.080819679998,10732.547984074903,,16436.628803754902,187.2340990168374,0.0,,187.2340990168374,5683.0345276041935,22406.192058743585,,28089.22658634778,2402.8600066644453,10178.794018659315,,12581.65402532376,103.38441467756192,84.65274261813686,,188.0371572956988,161.06748146495417,137.77467379824395,,298.84215526319815,,,,,,,,,14241.661349107993,43539.96147789419,,57781.62282700218,,,,,,,,,,,,,,,,,,,,,,,,,,,,,,,,,14241.661349107993,43539.96147789419,,57781.62282700218,1374.0311985491521,4349.062489285668,,5723.093687834818,12867.630150558842,39190.89898860852,,52058.52913916735,1260.4368882670112,2379.182261180674,,3639.619149447685,0.0,0.0,,0.0,9561.096807819566,34985.09948220901,,44546.196290028565,10821.517992025461,37364.28837412468,,48185.80636615014,84.09876461638495,95.33919695229555,,92.56082944129228,1387.018481876623,2564.605884533273,,3951.6243664098965,4766.343613879204,5382.136307267541,,10148.479921146745,,,,,,,,,,,,,,0.0,,52058.52913916736,,,,,,,,,,,,,,52058.52913916736,0.0
216,KARNATAKA,Ballari,,626.0285942508586,631.5887407112098,0.0,629.8982922719031,280910.01839446847,643046.4940523824,0.0,923956.5124468509,0.0,923956.5124468509,11015.243044428229,31868.12497170223,,42883.36801613046,1262.6476523419583,0.0,,1262.6476523419583,22063.81038370332,2366.396442719403,,24430.20682642272,2108.323091325262,8629.888979694555,,10738.212071019818,7.998408873369621,697.6509254260942,,705.6493342994639,19.320047242477152,130.30086802075056,,149.62091526322772,,,,,,,,,36477.34262791461,43692.362187563034,,80169.70481547766,,,,,,,,,,,,,,,,,,,,,,,,,,,,,,,,,36477.34262791461,43692.362187563034,,80169.70481547766,3647.7369345830975,4276.407100302571,,7924.144034885668,32829.60569333151,39415.95508726046,,72245.56078059199,1537.0227559310838,2811.460614397483,,4348.483370328567,0.0,0.0,,0.0,8895.635324936513,30178.164916776484,,39073.800241713,10432.67902822171,32989.610557857886,,43422.28958607959,31.778264794513934,83.69608318465023,,60.1037477139281,1650.3360081852234,3094.80966615075,,4745.145674335974,22283.61436020978,10044.49959097788,,32328.11395118766,,,,,,,,,,,,,,0.0,,72245.56078059197,,,,,,,,,,,,,,72245.56078059197,0.0
217,KARNATAKA,Belagavi,,579.6342420983945,868.4828018034698,0.0,760.8293456692993,454554.23499103327,765075.3133753861,0.0,1219629.5483664195,0.0,1219629.5483664195,12945.586756383584,32684.124439920008,,45629.71119630358,980.785489341507,0.0,,980.785489341507,7137.878525188499,32936.95694282655,,40074.83546801505,3549.5013136979287,13407.06550372643,,16956.56681742436,1373.0818361908523,230.82746369075107,,1603.9092998816036,188.5357230814241,155.020979826536,,343.5567029079601,,,,,,,,,26175.369643883794,79413.99532999028,,105589.36497387408,,,,,,,,,,,,,,,,,,,,,,,,,,,,,,,,,26175.369643883794,79413.99532999028,,105589.36497387408,2355.7153411755153,7471.89670565083,,9827.612046826342,23819.654302708284,71942.09862433946,,95761.75292704772,3824.8129147140266,6816.87764713061,,10641.690561844636,0.0,0.0,,0.0,12267.559458303456,48286.72543071269,,60554.284889016155,16092.386049189885,55103.64678158621,,71196.0328307761,67.55927623752368,76.59443891027045,,74.34704425786144,4149.831591474186,7360.410018782345,,11510.24161025653,7832.609625801131,24165.231758990332,,31997.841384791463,,,,,,,,,,,,,,0.0,,95761.75292704772,,,,,,,,,,,,,,95761.75292704772,0.0
218,KARNATAKA,Bengaluru (Rural),,0.0,814.964051557534,0.0,814.964051557534,0.0,203577.34614913847,0.0,203577.34614913847,0.0,203577.34614913847,,10995.844967068835,,10995.844967068835,,0.0,,,,1071.7762573754692,,1071.7762573754692,,6993.228624627984,,6993.228624627984,,1165.9006507955573,,1165.9006507955573,,120.11051765904212,,120.11051765904212,,,,,,,,,,20346.86101752689,,20346.86101752689,,,,,,,,,,,,,,,,,,,,,,,,,,,,,,,,,,20346.86101752689,,20346.86101752689,,2015.4923474150035,,2015.4923474150035,,18331.368670111882,,18331.368670111882,,1503.337532329122,,1503.337532329122,,0.0,,0.0,,23679.34376598602,,23679.34376598602,,25182.685030475754,,25182.685030475754,,137.37482172585672,,137.37482172585672,,1708.0564264163445,,1708.0564264163445,,109.46401834610538,,109.46401834610538,,,,,,,,,,,,,,0.0,,18331.368670111882,,,,,,,,,,,,,,18331.368670111882,0.0
219,KARNATAKA,Bengaluru (Urban),,0.0,872.4250955326929,0.0,872.4250955326929,0.0,172061.46525522167,0.0,172061.46525522167,0.0,172061.46525522167,,8754.570635770142,,8754.570635770142,,0.0,,,,354.21634602487757,,354.21634602487757,,6239.426151306617,,6239.426151306617,,614.6541190590033,,614.6541190590033,,1661.383984290795,,1661.383984290795,,,,,,,,,,17624.251236451433,,17624.251236451433,,,,,,,,,,,,,,,,,,,,,,,,,,,,,,,,,,17624.251236451433,,17624.251236451433,,1762.4309502675253,,1762.4309502675253,,15861.820286183907,,15861.820286183907,,1419.2753054383454,,1419.2753054383454,,0.0,,0.0,,20573.926476826677,,20573.926476826677,,21993.20837816305,,21993.20837816305,,138.65500920672866,,138.65500920672866,,1660.566314684228,,1660.566314684228,,0.0,,0.0,,,,,,,,,,,,,,0.0,,15861.820286183909,,,,,,,,,,,,,,15861.820286183909,0.0
220,KARNATAKA,Bengaluru South,,751.97,870.1605965295353,0.0,864.2578761331276,15802.06,300603.727902834,0.0,316405.787902834,0.0,316405.787902834,646.4182903569583,13794.948499153452,,14441.366789510412,259.5940989197444,0.0,,259.5940989197444,1849.0376178726383,6728.333768158305,,8577.371386030944,569.1133947453683,9472.180236866952,,10041.293631612321,87.83012428339237,645.5581979392036,,733.388322222596,0.0,7674.19313110179,,7674.19313110179,,,,,,,,,3411.993526178101,38315.21383321971,,41727.207359397806,,,,,,,,,,,,,,,,,,,,,,,,,,,,,,,,,3411.993526178101,38315.21383321971,,41727.207359397806,341.20076303371263,3831.5225366323893,,4172.723299666102,3070.792763144389,34483.69129658732,,37554.48405973171,27.702772098358327,1972.8699352497604,,2000.572707348119,0.0,0.0,,0.0,1701.0320991125354,30259.849166132335,,31960.881265244872,1728.7361934758026,32232.713552221066,,33961.44974569687,56.29608791006901,93.4723410988515,,90.43247589736556,27.982651503994617,2730.215433760759,,2758.1980852647534,1341.7780125278587,2521.527365786059,,3863.3053783139176,,,,,,,,,,,,,,0.0,,37554.48405973171,,,,,,,,,,,,,,37554.48405973171,0.0
221,KARNATAKA,Bidar,,795.5923923846201,835.4797607263622,0.0,833.8892789079754,16008.382752774354,385462.5753139865,0.0,401470.95806676085,0.0,401470.95806676085,1141.7879993834774,20054.36377126748,,21196.151770650955,228.30249075215784,0.0,,228.30249075215784,103.95390104808878,2855.2230721660094,,2959.176973214098,412.2032675709001,2754.8666902704545,,3167.069957841354,59.186011097410606,250.41768124594486,,309.6036923433555,297.56072749691737,548.4788849987292,,846.0396124956466,,,,,,,,,2242.9943973489517,26463.350099948613,,28706.344497297563,,,,,,,,,,,,,,,,,,,,,,,,,,,,,,,,,2242.9943973489517,26463.350099948613,,28706.344497297563,176.90001233045624,2646.344353354156,,2823.244365684612,2066.094385018496,23817.00574659446,,25883.10013161296,2.922786556720099,1017.6630786502751,,1020.5858652069952,0.0,0.0,,0.0,1629.7009247842172,10455.94099306764,,12085.641917851855,1632.6234525277437,11473.609353084907,,13106.232805612648,79.01979040096604,48.17402101322284,,50.63625585408538,3.149275585696671,1100.6462091176325,,1103.795484703329,433.24418464858206,12309.931966730615,,12743.176151379197,,,,,,,,,,,,,,0.0,,25883.100131612955,,,,,,,,,,,,,,25883.100131612955,0.0
222,KARNATAKA,Chamarajanagara,,794.6647453201928,779.1882664526337,0.0,782.5359304469588,82807.9,300018.667,0.0,382826.56700000004,0.0,382826.56700000004,6781.045911953259,16497.684894068945,,23278.730806022206,423.94939193380225,0.0,,423.94939193380225,4287.242083882462,5.550649531019349,,4292.792733413481,2601.5214300293205,4998.960787945757,,7600.482217975077,94.37857830638283,248.56853429287068,,342.9471125992535,42.74539188593725,676.3343288204592,,719.0797207063965,,,,,,,,,14230.882787991164,22427.09919465905,,36657.98198265021,,,,,,,,,,,,,,,,,,,,,,,,,,,,,,,,,14230.882787991164,22427.09919465905,,36657.98198265021,1423.0922471780261,2242.724476714875,,3665.8167238929004,12807.790540813137,20184.374717944178,,32992.16525875732,897.649991539954,2207.6701611456438,,3105.3201526855973,0.0,0.0,,0.0,10406.045985671613,19995.81494199993,,30401.860927671543,11303.689722595898,22203.470724404335,,33507.160447000235,88.25635995978939,110.00326259631493,,101.56096207752299,1077.0522626266188,2828.114872304849,,3905.1671349314684,1324.6913034400438,1152.456070432241,,2477.147373872285,,,,,,,,,,,,,,0.0,,32992.16525875732,,,,,,,,,,,,,,32992.16525875732,0.0
223,KARNATAKA,Chikkaballapura,,0.0,736.8507810440829,0.0,736.8507810440829,0.0,340708.24697134417,0.0,340708.24697134417,0.0,340708.24697134417,,18811.29458055675,,18811.29458055675,,0.0,,,,5085.277228518206,,5085.277228518206,,13562.4134009595,,13562.4134009595,,3392.5957968825064,,3392.5957968825064,,317.9692644068115,,317.9692644068115,,,,,,,,,,41169.55027132378,,41169.55027132378,,,,,,,,,,,,,,,,,,,,,,,,,,,,,,,,,,41169.55027132378,,41169.55027132378,,4116.94231187745,,4116.94231187745,,37052.60795944632,,37052.60795944632,,3078.1148090242127,,3078.1148090242127,,0.0,,0.0,,50780.877581395616,,50780.877581395616,,53858.976694740515,,53858.976694740515,,145.35812635291038,,145.35812635291038,,3380.9571149221897,,3380.9571149221897,,931.0899999999999,,931.0899999999999,,,,,,,,,,,,,,32013.596627461957,,69066.2045869083,,,,,,,,,,,,,,69066.2045869083,0.0
224,KARNATAKA,Chikkamagaluru,,862.8799999999999,1644.9985851247811,0.0,1629.4088645461866,11835.845903165737,581955.1078775742,0.0,593790.9537807399,0.0,593790.9537807399,817.030819366853,54334.124043107644,,55151.1548624745,1288.156424581006,0.0,,1288.156424581006,1853.7780726256985,6032.159794199662,,7885.937866825361,108.94236499068904,8176.802349582254,,8285.744714572942,3.8508379888268167,811.2753019469046,,815.1261399357314,0.42597765363128504,388.00382401087205,,388.4298016645033,,,,,,,,,4072.1844972067047,69742.36531284735,,73814.54981005406,,,,,,,,,,,,,,,,,,,,,,,,,,,,,,,,,4072.1844972067047,69742.36531284735,,73814.54981005406,407.2204376163874,6607.186572998684,,7014.407010615072,3664.9640595903174,63135.17873984865,,66800.14279943897,300.0028391061453,2133.68758810054,,2433.690427206685,0.0,0.0,,0.0,374.917132216015,28630.213964474267,,29005.131096690282,674.918994413408,30763.88428099083,,31438.803275404236,18.415432823885666,48.72700908594051,,47.063976150165175,305.73268156424587,2231.1512437149745,,2536.8839252792204,2984.3142458100565,34284.995460824575,,37269.30970663463,,,,,,,,,,,,,,0.0,,66800.14279943897,,,,,,,,,,,,,,66800.14279943897,0.0
225,KARNATAKA,Chitradurga,,617.5,590.5243456018976,0.0,590.8168112133269,8334.256076686066,760378.3815945132,0.0,768712.6376711993,0.0,768712.6376711993,389.2925025676138,31928.08216363124,,32317.374666198855,0.0,0.0,,0.0,141.1948647723382,5412.912113314891,,5554.106978087229,971.4111605614514,11474.657734629269,,12446.068895190721,0.0,1816.641021861837,,1816.641021861837,0.0,1331.2235160107207,,1331.2235160107207,,,,,,,,,1501.8985279014032,51963.51654944796,,53465.41507734936,,,,,,,,,,,,,,,,,,,,,,,,,,,,,,,,,1501.8985279014032,51963.51654944796,,53465.41507734936,150.19133858267716,5196.346031901684,,5346.5373704843605,1351.7071893187263,46767.17051754628,,48118.877706865,147.12606686066414,4211.0500884725625,,4358.176155333226,0.0,0.0,,0.0,3885.644642245806,43928.84226119279,,47814.4869034386,4032.7678192399862,48139.865858979014,,52172.633678219005,298.34625805848833,102.93516867974239,,108.42446076163506,155.85963711057857,4565.3046543864975,,4721.164291497076,0.0,6321.079122982394,,6321.079122982394,,,,,,,,,,,,,,0.0,,48118.877706865,,,,,,,,,,,,,,48118.877706865,0.0
226,KARNATAKA,Dakshina Kannada,,0.0,3853.8488313204325,0.0,3853.8488313204325,0.0,337600.6786218994,0.0,337600.6786218994,0.0,337600.6786218994,,55695.96702296752,,55695.96702296752,,0.0,,,,137.5963176204018,,137.5963176204018,,5381.973381538091,,5381.973381538091,,2.710190434620283,,2.710190434620283,,1294.014131097016,,1294.014131097016,,,,,,,,,,62512.26104365765,,62512.26104365765,,,,,,,,,,,,,,,,,,,,,,,,,,,,,,,,,,62512.26104365765,,62512.26104365765,,6251.228963566622,,6251.228963566622,,56261.032080091034,,56261.032080091034,,3077.1208011046265,,3077.1208011046265,,0.0,,0.0,,18006.33016019519,,18006.33016019519,,21083.450588197462,,21083.450588197462,,37.4743402470539,,37.4743402470539,,3262.792143956318,,3262.792143956318,,34991.90463628282,,34991.90463628282,,,,,,,,,,,,,,0.0,,56261.032080091034,,,,,,,,,,,,,,56261.032080091034,0.0
227,KARNATAKA,Davanagere,,677.3599292292702,670.0923282361751,0.0,671.9218001541595,107846.9593400951,320576.48957840056,0.0,428423.4489184956,0.0,428423.4489184956,5982.154113835101,17596.746679349882,,23578.90079318498,1347.069713366247,0.0,,1347.069713366247,21154.418750932797,510.31906811015165,,21664.737819042948,4924.462754798799,9217.94475126342,,14142.40750606222,139.05355581043597,411.2352367817116,,550.2887925921476,35.52280990038,475.4195288121586,,510.9423387125386,,,,,,,,,33582.68169864376,28211.665264317322,,61794.346962961085,,,,,,,,,,,,,,,,,,,,,,,,,,,,,,,,,33582.68169864376,28211.665264317322,,61794.346962961085,2524.9341514830166,2821.168725421561,,5346.102876904577,31057.747547160743,25390.496538895764,,56448.244086056504,812.6383646709578,1868.8462109794596,,2681.4845756504174,0.0,0.0,,0.0,12937.812714724376,30561.31803806244,,43499.13075278681,13750.448509004204,32430.16121896907,,46180.60972797328,44.27381119034581,127.72558886073469,,81.81053365906297,863.9504744099929,1990.3245126240045,,2854.274987033997,17255.99221516923,1106.8581056411208,,18362.85032081035,,,,,,,,,,,,,,0.0,,56448.244086056504,,,,,,,,,,,,,,56448.244086056504,0.0
228,KARNATAKA,Dharwad,,633.9677647820895,802.893734704162,0.0,773.7436004744518,62064.73623747201,297602.41603885597,0.0,359667.152276328,0.0,359667.152276328,4077.482184627914,16101.218012429006,,20178.700197056918,109.01441095728171,0.0,,109.01441095728171,92.46854472550524,5210.131673809893,,5302.600218535397,506.0977375013469,2284.9775129310874,,2791.075250432434,44.04122843565627,49.23257332074947,,93.27380175640573,132.87202126959818,42.651240979689916,,175.52326224928808,,,,,,,,,4961.976127517302,23688.211013470427,,28650.187140987728,,,,,,,,,,,,,,,,,,,,,,,,,,,,,,,,,4961.976127517302,23688.211013470427,,28650.187140987728,496.19398439479556,2059.116095507739,,2555.3100799025347,4465.7821431225075,21629.09491796269,,26094.877061085193,755.55723424513,761.9742528471818,,1517.5314870923116,0.0,0.0,,0.0,2022.2709500053877,10645.21810742368,,12667.489057429066,2777.8328174757467,11407.19119465784,,14185.024012133586,62.20260479463213,52.740030213581946,,54.359420735832664,810.7842507030953,811.7869529829302,,1622.5712036860255,1632.7269424140245,10183.20149022148,,11815.928432635505,,,,,,,,,,,,,,0.0,,26094.877061085193,,,,,,,,,,,,,,26094.877061085193,0.0
229,KARNATAKA,Gadag,,667.0512068215955,655.6340211763761,0.0,658.2438709693961,88996.05868625235,300330.7625090946,0.0,389326.82119534694,0.0,389326.82119534694,3022.425143322068,11755.248553204825,,14777.673696526896,64.18242679432717,0.0,,64.18242679432717,264.25187125425634,8101.131329585955,,8365.383200840211,663.743722859044,4967.179753822041,,5630.923476681084,21.646164935335523,395.93438904190714,,417.58055397724263,91.62886906954279,204.1284850472492,,295.75735411679204,,,,,,,,,4127.878198234574,25423.62251070198,,29551.500708936554,,,,,,,,,,,,,,,,,,,,,,,,,,,,,,,,,4127.878198234574,25423.62251070198,,29551.500708936554,412.78628765521495,2542.3632122455265,,2955.149499900741,3715.091910579359,22881.25929845645,,26596.35120903581,526.1689698576292,1471.1599888122862,,1997.3289586699152,0.0,0.0,,0.0,2654.974891436176,18460.14385457616,,21115.118746012336,3181.1422262993356,19931.319749013575,,23112.461975312915,85.62755115803432,87.10761715094118,,86.90087521276497,560.861397535015,1566.1443579803513,,2127.005755515366,596.8804957211252,4548.413261684034,,5145.293757405159,,,,,,,,,,,,,,0.0,,26596.35120903581,,,,,,,,,,,,,,26596.35120903581,0.0
230,KARNATAKA,Hassan,,938.4112653003115,1118.2199811795022,0.0,1079.270177481246,139841.11,505724.4135393779,0.0,645565.523539378,0.0,645565.523539378,7066.833160015571,27747.456636705458,,34814.28979672104,2233.377566720263,0.0,,2233.377566720263,24484.944857258924,8358.529778569802,,32843.47463582872,3079.222165857911,9921.276102816117,,13000.49826867403,351.4292872856356,1034.7666319120785,,1386.1959191977141,47.865166254604716,1292.7869941778056,,1340.65216043241,,,,,,,,,37263.67220339291,48354.81614418126,,85618.48834757418,,,,,,,,,,,,,,,,,,,,,,,,,,,,,,,,,37263.67220339291,48354.81614418126,,85618.48834757418,3726.375695081196,4563.357970387498,,8289.733665468693,33537.296508311716,43791.45817379377,,77328.75468210549,933.6852359281784,2806.9098087639263,,3740.5950446921047,0.0,0.0,,0.0,9093.855743010172,34859.8991633899,,43953.75490640008,10027.538097481902,37666.81400151323,,47694.35209899513,29.899661396370234,86.01406660638278,,61.677382876607986,1044.2129661323493,2974.6006604848267,,4018.813626617176,23399.22779916919,11782.983254573048,,35182.21105374224,,,,,,,,,,,,,,0.0,,77328.75468210549,,,,,,,,,,,,,,77328.75468210549,0.0
231,KARNATAKA,Haveri,,895.1042424975999,802.6440142998464,0.0,815.3308388329247,66030.05134587115,415189.9418392408,0.0,481219.9931851119,0.0,481219.9931851119,4167.644412003741,22679.43198126496,,26847.076393268697,469.8139114039337,0.0,,469.8139114039337,18384.65593376357,16105.98904231843,,34490.644976082,3135.8287565035266,8152.347804301196,,11288.176560804724,836.4383050666166,588.0268092035684,,1424.4651142701853,134.75714285714287,528.4384764484931,,663.195619305636,,,,,,,,,27129.138461598537,48054.23411353664,,75183.37257513517,,,,,,,,,,,,,,,,,,,,,,,,,,,,,,,,,27129.138461598537,48054.23411353664,,75183.37257513517,2485.6382375012067,4042.5855514579666,,6528.223788959172,24643.500224097326,44011.648562078684,,68655.14878617601,953.5062622052708,1994.2979633042157,,2947.8042255094865,0.0,0.0,,0.0,8622.016615744858,25819.8916082199,,34441.90822396476,9575.526293315515,27814.175392427664,,37389.70168574318,38.85619415358948,63.197304125510335,,54.460156808037894,1023.2683228230901,2146.2262484778753,,3169.4945713009656,14998.217428386522,16811.04707508006,,31809.264503466584,,,,,,,,,,,,,,0.0,,68655.14878617601,,,,,,,,,,,,,,68655.14878617601,0.0
232,KARNATAKA,Kalburgi,,814.0099781832716,806.8897070329962,0.0,807.9556344368323,153518.5677893483,871967.6194767748,0.0,1025486.187266123,0.0,1025486.187266123,8303.06223727892,35269.524000052195,,43572.58623733112,36.78145729866553,0.0,,36.78145729866553,1497.192650661289,1230.1995645685545,,2727.3922152298437,323.4416245281449,6463.845211426651,,6787.2868359547965,13.90885432617557,215.4676200750184,,229.376474401194,370.0703376956398,2019.7622279222717,,2389.8325656179118,,,,,,,,,10544.457161788832,45198.78863206745,,55743.24579385628,,,,,,,,,,,,,,,,,,,,,,,,,,,,,,,,,10544.457161788832,45198.78863206745,,55743.24579385628,1054.447499704171,4519.854299419029,,5574.301799123201,9490.009662084663,40678.93433264841,,50168.943994733076,255.727458543755,4121.214496834918,,4376.941955378672,0.0,0.0,,0.0,918.6649991538919,17045.167422272476,,17963.83242142637,1174.3863132165889,21166.386553582826,,22340.772866799412,12.374974895005664,52.03279510838844,,44.53108056080437,288.6074711657897,4514.74702257761,,4803.3544937434,8282.737115955195,20323.24180670777,,28605.978922662965,,,,,,,,,,,,,,0.0,,50168.94399473307,,,,,,,,,,,,,,50168.94399473307,0.0
233,KARNATAKA,Kodagu,,2327.541801948052,2185.992629577923,0.0,2186.712362368154,1848.0,361596.4256123089,0.0,363444.4256123089,0.0,363444.4256123089,235.93460130865617,33267.51916231215,,33503.453763620804,30.34592720627569,0.0,,30.34592720627569,325.76076331416095,1383.2986792064887,,1709.0594425206498,65.98598497072906,2295.409745155937,,2361.395730126666,9.204505409150523,233.26522935493273,,242.46973476408323,1.321023354472847,1911.1082602526733,,1912.429283607146,,,,,,,,,668.5528055634453,39090.60107628218,,39759.15388184563,,,,,,,,,,,,,,,,,,,,,,,,,,,,,,,,,668.5528055634453,39090.60107628218,,39759.15388184563,66.85505734437236,3646.743092940673,,3713.598150285045,601.697748219073,35443.85798334151,,36045.555731560584,17.54672566473736,1716.9494397394656,,1734.496165404203,0.0,0.0,,0.0,263.9439398829162,9108.699483606671,,9372.643423489588,281.4922726144721,10825.670653625297,,11107.16292623977,46.78300250377257,30.543149841965068,,30.81423687557303,23.965951794488063,2368.413727269606,,2392.379679064094,313.78455041921967,23966.725633665803,,24280.510184085022,,,,,,,,,,,,,,0.0,,36045.55573156058,,,,,,,,,,,,,,36045.55573156058,0.0
234,KARNATAKA,Kolara,,0.0,777.1159163471583,0.0,777.1159163471583,0.0,298853.4582540112,0.0,298853.4582540112,0.0,298853.4582540112,,17879.452962205738,,17879.452962205738,,0.0,,,,430.6444406345381,,430.6444406345381,,19055.550846760478,,19055.550846760478,,6887.871872594445,,6887.871872594445,,148.24641944779142,,148.24641944779142,,,,,,,,,,44401.766541642995,,44401.766541642995,,,,,,,,,,,,,,,,,,,,,,,,,,,,,,,,,,44401.766541642995,,44401.766541642995,,4440.186915202306,,4440.186915202306,,39961.57962644068,,39961.57962644068,,4537.677975320257,,4537.677975320257,,0.0,,0.0,,75370.21424709371,,75370.21424709371,,79907.88227436013,,79907.88227436013,,199.96177083422617,,199.96177083422617,,4951.099994334169,,4951.099994334169,,0.0,,0.0,,,,,,,,,,,,,,0.0,,39961.57962644068,,,,,,,,,,,,,,39961.57962644068,0.0
235,KARNATAKA,Koppal,,616.0996395180276,608.8812410196122,0.0,610.0952258351217,84590.20589113313,418386.278974555,0.0,502976.48486568814,0.0,502976.48486568814,3565.1768846041464,17556.05370775972,,21121.230592363863,251.15494196391796,0.0,,251.15494196391796,17426.29282578647,18525.830164162482,,35952.12298994895,757.2970651353512,11887.413835303232,,12644.710900438586,0.0,276.2060276391663,,276.2060276391663,0.2744394618834081,85.87679941843393,,86.15123888031734,,,,,,,,,22000.196156951773,48331.38053428304,,70331.5766912348,,,,,,,,,,,,,,,,,,,,,,,,,,,,,,,,,22000.196156951773,48331.38053428304,,70331.5766912348,2200.0156570438667,4744.505236699795,,6944.520893743662,19800.180499907907,43586.87529758325,,63387.05579749115,616.2384306518658,1639.259652833939,,2255.4980834858047,0.0,0.0,,0.0,1882.1324053190006,32107.91272097873,,33990.04512629773,2498.376890380957,33747.18075709111,,36245.55764747207,12.61795007572066,77.4250976393398,,57.181323838843866,674.6816730624365,1819.7375473716775,,2494.419220434114,17243.366421526465,11126.23103388882,,28369.597455415285,,,,,,,,,,,,,,0.0,,63387.05579749114,,,,,,,,,,,,,,63387.05579749114,0.0
236,KARNATAKA,Mandya,,740.2374751429187,771.4539555826758,0.0,750.3779854437631,286283.61,137742.74099999998,0.0,424026.351,0.0,424026.351,11706.631568163291,6502.50554916605,,18209.13711732934,3309.4438572074346,0.0,,3309.4438572074346,33966.7903588668,16773.370244251993,,50740.16060311879,7578.743229507742,6536.389858459599,,14115.133087967344,1542.6190366935978,278.4434851941625,,1821.0625218877606,40.610803204883986,5509.20481842949,,5549.815621634374,,,,,,,,,58144.83885364374,35599.9139555013,,93744.75280914505,,,,,,,,,,,,,,,,,,,,,,,,,,,,,,,,,58144.83885364374,35599.9139555013,,93744.75280914505,5814.488509020795,3559.9960215045617,,9374.484530525357,52330.35034462295,32039.917933996738,,84370.26827861968,2774.8265666350394,970.1620672842948,,3744.988633919334,0.0,0.0,,0.0,20528.762361487115,23526.341582104065,,44055.10394359118,23303.605707534305,24496.50680298503,,47800.112510519335,44.531721179139396,76.45620957409636,,56.65516239994272,3103.3569298054495,1114.2323757385157,,4217.589305543965,28698.221053330388,8741.28686356325,,37439.507916893635,,,,,,,,,,,,,,0.0,,84370.26827861968,,,,,,,,,,,,,,84370.26827861968,0.0
237,KARNATAKA,Mysuru,,872.2449172819681,1013.7171228478117,0.0,958.1885521535712,208662.0305,322953.9881299243,0.0,531616.0186299243,0.0,531616.0186299243,12007.386080758391,23913.758659258972,,35921.144740017364,1300.794622330023,0.0,,1300.794622330023,29502.898825107,3778.5605684297284,,33281.45939353673,2764.797087182464,4212.1551753667745,,6976.952262549239,179.93460999607507,324.2988141101421,,504.2334241062171,387.76805407394863,1780.9302101262595,,2168.698264200208,,,,,,,,,46143.5792794479,34009.703427291875,,80153.28270673977,,,,,,,,,,,,,,,,,,,,,,,,,,,,,,,,,46143.5792794479,34009.703427291875,,80153.28270673977,4614.348025788945,2993.437704785231,,7607.785730574176,41529.23125365897,31016.265722506647,,72545.49697616562,2871.9662869820077,3828.832276832901,,6700.7985638149075,0.0,0.0,,0.0,10251.346612780897,16750.208732020277,,27001.555344801178,13123.314376031387,20579.04410179833,,33702.358477829715,31.600186133652898,66.34919975832342,,46.456857947919794,3994.1125954768686,5689.2491082863335,,9683.361703763201,27283.7663405985,10723.691229173875,,38007.45756977238,,,,,,,,,,,,,,0.0,,72545.4969761656,,,,,,,,,,,,,,72545.4969761656,0.0
238,KARNATAKA,Raichur,,622.7059420829598,647.4747989440214,0.0,637.7011757286674,230809.8192510242,354121.1985699843,0.0,584931.0178210085,0.0,584931.0178210085,8604.300553104471,13177.165742463167,,21781.46629556764,971.7576031657995,0.0,,971.7576031657995,26603.51945495699,8748.013363703827,,35351.53281866082,3177.611366544317,7046.071957727572,,10223.68332427189,11.536155816037965,138.1415003445158,,149.6776561605538,15.784387455652451,109.52548008063468,,125.30986753628713,,,,,,,,,39384.50952104327,29218.918044319715,,68603.42756536299,,,,,,,,,,,,,,,,,,,,,,,,,,,,,,,,,39384.50952104327,29218.918044319715,,68603.42756536299,3736.633971175648,2858.943617079359,,6595.577588255006,35647.875549867626,26359.97442724036,,62007.84997710798,1589.4881451066249,2138.0094287883003,,3727.497573894925,0.0,0.0,,0.0,7870.48348738659,18234.86164178415,,26105.345129170742,9459.978335967244,20372.872972459663,,29832.851308426907,26.537285013615268,77.28714998830336,,48.111410602755264,1884.6815827825517,2635.189333474869,,4519.870916257419,25892.70535051944,5636.250279935414,,31528.955630454857,,,,,,,,,,,,,,0.0,,62007.84997710798,,,,,,,,,,,,,,62007.84997710798,0.0
239,KARNATAKA,Shivamogga,,948.7185403241716,2055.0496626763393,0.0,1960.7011569760127,63037.01341086799,676135.3696482196,0.0,739172.3830590876,0.0,739172.3830590876,4559.171893259265,71728.9533774843,,76288.12527074358,3925.5173819863244,0.0,,3925.5173819863244,12402.475124544357,11331.004674905678,,23733.479799450037,952.478069741013,7152.7132905415765,,8105.191360282591,87.90889226075096,1297.0197997396012,,1384.9286920003522,8.674022346368716,377.86170224637704,,386.53572459274574,,,,,,,,,21936.22538413808,91887.55284491755,,113823.77822905562,,,,,,,,,,,,,,,,,,,,,,,,,,,,,,,,,21936.22538413808,91887.55284491755,,113823.77822905562,2193.62745889458,9145.075506888908,,11338.702965783486,19742.5979252435,82742.47733802864,,102485.07526327213,1024.979989682287,2803.099714582097,,3828.0797042643835,0.0,0.0,,0.0,3061.069759559796,27228.009100980675,,30289.07886054047,4086.0466521799526,30031.103194428146,,34117.149846608096,20.696600658393628,36.2946628631166,,33.289871485155416,1046.349021247175,2932.758399366488,,3979.107420613663,15635.179144436528,53043.75980831675,,68678.93895275328,,,,,,,,,,,,,,0.0,,102485.07526327213,,,,,,,,,,,,,,102485.07526327213,0.0
240,KARNATAKA,Tumakuru,,823.2188197672662,697.932841130964,0.0,726.9344566798025,217921.51392331393,723491.9080913896,0.0,941413.4220147035,0.0,941413.4220147035,9541.18788487626,36355.090461437445,,45896.27834631371,487.67453568245634,0.0,,487.67453568245634,6438.400628925676,7533.236193336023,,13971.6368222617,2556.9055471450115,16339.620255349053,,18896.525802494063,1737.9338580257656,1594.353235738394,,3332.2870937641596,692.4895612261525,1357.3070729657534,,2049.796634191906,,,,,,,,,21454.592015881324,63179.60721882666,,84634.19923470798,,,,,,,,,,,,,,,,,,,,,,,,,,,,,,,,,21454.592015881324,63179.60721882666,,84634.19923470798,2145.4683639702753,6036.334272471552,,8181.802636441828,19309.123651911046,57143.27294635511,,76452.39659826616,313.58154429105997,5218.165363057507,,5531.746907348567,0.0,0.0,,0.0,7077.068615808943,56538.628564002975,,63615.69717981191,7390.64581102625,61756.79849585836,,69147.44430688462,38.275407751582705,108.0736109635063,,90.44509705854374,340.31700554965295,5672.088133329051,,6012.405138878704,12822.630940514795,5337.429064686475,,18160.06000520127,,,,,,,,,,,,,,0.0,,76452.39659826615,,,,,,,,,,,,,,76452.39659826615,0.0
241,KARNATAKA,Udupi,,0.0,3993.1482254220173,0.0,3993.1482254220173,0.0,303666.51657915005,0.0,303666.51657915005,0.0,303666.51657915005,,62592.38690997529,,62592.38690997529,,0.0,,,,962.0129179910267,,962.0129179910267,,3368.0628024390853,,3368.0628024390853,,2.9181660152090076,,2.9181660152090076,,213.0329488080665,,213.0329488080665,,,,,,,,,,67138.41374522868,,67138.41374522868,,,,,,,,,,,,,,,,,,,,,,,,,,,,,,,,,,67138.41374522868,,67138.41374522868,,6713.835656547256,,6713.835656547256,,60424.578088681425,,60424.578088681425,,3758.47580767406,,3758.47580767406,,0.0,,0.0,,10634.168241685367,,10634.168241685367,,14392.638831374006,,14392.638831374006,,23.81917968918346,,23.81917968918346,,3955.314916825184,,3955.314916825184,,45835.09766429989,,45835.09766429989,,,,,,,,,,,,,,0.0,,60424.57808868142,,,,,,,,,,,,,,60424.57808868142,0.0
242,KARNATAKA,Uttara Kannada,,0.0,2512.4683174070065,0.0,2512.4683174070065,0.0,770785.4950491078,0.0,770785.4950491078,0.0,770785.4950491078,,73992.16045634622,,73992.16045634622,,0.0,,,,22847.262084236543,,22847.262084236543,,3993.7988393621126,,3993.7988393621126,,589.612661835898,,589.612661835898,,510.75651317282865,,510.75651317282865,,,,,,,,,,101933.59055495361,,101933.59055495361,,,,,,,,,,,,,,,,,,,,,,,,,,,,,,,,,,101933.59055495361,,101933.59055495361,,10092.89261812348,,10092.89261812348,,91840.69793683011,,91840.69793683011,,3398.442538731255,,3398.442538731255,,0.0,,0.0,,19035.514535918974,,19035.514535918974,,22433.928021710904,,22433.928021710904,,24.42700080212959,,24.42700080212959,,3602.849846801145,,3602.849846801145,,69202.36228578382,,69202.36228578382,,,,,,,,,,,,,,0.0,,91840.69793683011,,,,,,,,,,,,,,91840.69793683011,0.0
243,KARNATAKA,Vijayapura,,635.6034654590768,645.7753615949701,0.0,643.638362084189,206396.15111112484,776028.131795198,0.0,982424.2829063227,0.0,982424.2829063227,5427.891707919629,26570.90246289212,,31998.79417081175,209.2703902875834,0.0,,209.2703902875834,3676.90072122976,5084.777960574578,,8761.678681804337,1803.4666248100493,5967.039597724994,,7770.506222535045,28.84464197464596,242.86232557267948,,271.7069675473254,38.15457651851095,949.3453948830928,,987.4999714016037,,,,,,,,,11184.52866274018,38814.92773362471,,49999.45639636489,,,,,,,,,,,,,,,,,,,,,,,,,,,,,,,,,11184.52866274018,38814.92773362471,,49999.45639636489,1118.469241729661,3508.951858962134,,4627.421100691794,10066.059421010517,35305.975874662574,,45372.035295673086,997.2465057686495,2736.263264915043,,3733.509770683692,0.0,0.0,,0.0,4921.095214005403,21072.571247050793,,25993.6664610562,5918.356125946739,23808.81348025105,,29727.16960619779,58.795163811506725,67.43564762173168,,65.51870422491875,1080.9257561776853,2972.2981195739303,,4053.223875751615,4064.0194027826483,12862.188060661307,,16926.207463443956,,,,,,,,,,,,,,0.0,,45372.03529567309,,,,,,,,,,,,,,45372.03529567309,0.0
244,KARNATAKA,Yadgir,,805.0809662795709,860.2468094836813,0.0,829.1983300576484,227988.48375782088,177093.4133215383,0.0,405081.8970793592,0.0,405081.8970793592,11958.748237415526,9576.069455675612,,21534.817693091132,405.7004152860496,0.0,,405.7004152860496,13306.657463668686,3113.1623802634176,,16419.819843932106,964.7677000846559,3416.2358488025448,,4381.003548887201,51.588345014376976,298.06568078640686,,349.6540258007838,800.2106117066539,1083.5756665234333,,1883.7862782300874,,,,,,,,,27487.672773175946,17487.109032051416,,44974.781805227365,,,,,,,,,,,,,,,,,,,,,,,,,,,,,,,,,27487.672773175946,17487.109032051416,,44974.781805227365,2748.77470878482,1748.7082818093236,,4497.482990594144,24738.898064391127,15738.400750242094,,40477.29881463322,1003.3043679360669,1107.348497531836,,2110.652865467903,0.0,0.0,,0.0,2621.1388378006914,10040.543404674758,,12661.68224247545,3624.43648171754,11147.906323629459,,14772.342805347,14.650759594399682,70.83252295159645,,36.49537700872112,1081.9032559122377,1193.708979428987,,2275.6122353412247,21035.86506055593,4504.251249615709,,25540.116310171637,,,,,,,,,,,,,,0.0,,40477.29881463322,,,,,,,,,,,,,,40477.29881463322,0.0
245,KERALA,ALAPPUZHA,,0.0,2805.6400000000003,0.0,2805.6400000000003,0.0,141403.0,0.0,141403.0,0.0,141403.0,0.0,34519.700000000004,0.0,34519.700000000004,0.0,,0.0,0.0,0.0,5881.259999999999,0.0,5881.259999999999,0.0,910.2600000000001,0.0,910.2600000000001,0.0,127.18000000000002,0.0,127.18000000000002,0.0,313.50399999999996,0.0,313.50399999999996,,,,,,,,,0.0,41751.9,0.0,41751.9,,0.0,,0.0,,,,,,0.0,,0.0,,0.0,,0.0,,0.0,,0.0,,0.0,,0.0,,0.0,,0.0,,0.0,,0.0,0.0,41751.9,0.0,41751.9,0.0,3010.22,0.0,3010.22,0.0,38741.68,0.0,38741.68,,9711.375419999998,,9711.375419999998,,260.97905000000003,,260.97905000000003,,3850.0849999999996,,3850.0849999999996,,13822.509999999998,,13822.509999999998,,35.67865410069981,,35.67865410069981,0.0,10069.859999999999,0.0,10069.859999999999,0.0,24560.690000000006,0.0,24560.690000000006,,,,,,,55962.38240000001,0.0,0.0,,,,,0.0,0.0,38741.68,0.0,0.0,,202286710.0,,202286710.0,,,,,,,,38741.68,0.0
246,KERALA,ERNAKULAM,,0.0,2990.3700000000003,0.0,2990.3700000000003,0.0,226947.5,0.0,226947.5,67499.5,294447.0,0.0,42707.159999999996,0.0,42707.159999999996,0.0,,0.0,0.0,0.0,5227.2,0.0,5227.2,0.0,1937.5,0.0,1937.5,0.0,312.74,0.0,312.74,0.0,761.02,0.0,761.02,,,,,,,,,0.0,50945.61,0.0,50945.61,,0.0,,0.0,,,,,,0.0,,0.0,,0.0,,0.0,,0.0,,0.0,,0.0,,0.0,,0.0,,0.0,,0.0,,0.0,0.0,50945.61,0.0,50945.61,0.0,4986.02,0.0,4986.02,0.0,45959.59000000001,0.0,45959.59000000001,,13367.283242475001,,13367.283242475001,,185.4414,,185.4414,,8167.686,,8167.686,,21720.4,,21720.4,,47.25977755676236,,47.25977755676236,0.0,19145.589999999997,0.0,19145.589999999997,0.0,18460.870000000003,0.0,18460.870000000003,,,,,,,20505.9585,0.0,0.0,,,,,88295.51,0.0,134255.1,0.0,514615.82,,118078238.63000001,,118592854.43,,,,,,,,134255.1,0.0
247,KERALA,IDUKKI,,0.0,3642.0099999999998,0.0,3642.0099999999998,0.0,108891.0,0.0,108891.0,326914.0,435805.0,0.0,18807.079999999998,0.0,18807.079999999998,0.0,,0.0,0.0,0.0,466.84000000000003,0.0,466.84000000000003,0.0,1578.53,0.0,1578.53,0.0,7.960000000000001,0.0,7.960000000000001,0.0,113.88999999999999,0.0,113.88999999999999,,,,,,,,,0.0,20974.309999999998,0.0,20974.309999999998,,0.0,,0.0,,,,,,0.0,,0.0,,0.0,,0.0,,0.0,,0.0,,0.0,,0.0,,0.0,,0.0,,0.0,,0.0,0.0,20974.309999999998,0.0,20974.309999999998,0.0,2097.41,0.0,2097.41,0.0,18876.9,0.0,18876.9,,4358.6981985,,4358.6981985,,13.0352,,13.0352,,6063.040000000001,,6063.040000000001,,10434.78,,10434.78,,55.27803823721056,,55.27803823721056,0.0,4358.7,0.0,4358.7,0.0,8442.12,0.0,8442.12,,,,,,,0.0,0.0,50.256719999999994,,,,,13689.240000000002,0.0,32566.140000000003,0.0,52494.079999999994,,4999578.280000001,,5052072.37,,,,,,,,32566.140000000003,0.0
248,KERALA,KANNUR,,0.0,3299.7300000000005,0.0,3299.7300000000005,0.0,232396.0,0.0,232396.0,64400.0,296796.0,0.0,40273.759999999995,0.0,40273.759999999995,0.0,,0.0,0.0,0.0,1109.31,0.0,1109.31,0.0,2556.85,0.0,2556.85,0.0,246.43,0.0,246.43,0.0,802.7600000000001,0.0,802.7600000000001,,,,,,,,,0.0,44989.12,0.0,44989.12,,0.0,,0.0,,,,,,0.0,,0.0,,0.0,,0.0,,0.0,,0.0,,0.0,,0.0,,0.0,,0.0,,0.0,,0.0,0.0,44989.12,0.0,44989.12,0.0,4351.15,0.0,4351.15,0.0,40637.97000000001,0.0,40637.97000000001,,10512.177198374999,,10512.177198374999,,26.1301375,,26.1301375,,8397.775,,8397.775,,18936.12,,18936.12,,46.59711102695335,,46.59711102695335,0.0,14256.599999999999,0.0,14256.599999999999,0.0,18166.93,0.0,18166.93,,,,,,,0.0,0.0,17.634239999999995,,,,,48370.350000000006,0.0,89008.31999999999,0.0,924894.8300000001,,81979994.67,,78822631.93,,,,,,,,89008.31999999999,0.0
249,KERALA,KASARGOD,,0.0,3592.6100000000006,0.0,3592.6100000000006,0.0,164830.0,0.0,164830.0,31300.0,196130.0,0.0,26769.329999999998,0.0,26769.329999999998,0.0,,0.0,0.0,0.0,185.13,0.0,185.13,0.0,4376.59,0.0,4376.59,0.0,15.52,0.0,15.52,0.0,1044.122,0.0,1044.122,,,,,,,,,0.0,32390.71,0.0,32390.71,,0.0,,0.0,,,,,,0.0,,0.0,,,,0.0,,0.0,,0.0,,0.0,,0.0,,0.0,,0.0,,0.0,,0.0,0.0,32390.71,0.0,32390.71,0.0,3239.0699999999997,0.0,3239.0699999999997,0.0,29151.64,0.0,29151.64,,6339.267341999999,,6339.267341999999,,13.909,,13.909,,15919.492,,15919.492,,22272.67,,22272.67,,76.40280272396338,,76.40280272396338,0.0,11055.2,0.0,11055.2,0.0,3196.88,0.0,3196.88,,,,,,,0.0,0.0,1.3932,,,,,28267.54,0.0,57419.18,0.0,1128390.92,,40598357.66,,41571903.07,,,,,,,,57419.18,0.0
250,KERALA,KOLLAM,,0.0,2417.69,0.0,2417.69,0.0,211200.0,0.0,211200.0,37900.0,249100.0,0.0,33926.13,0.0,33926.13,0.0,,0.0,0.0,0.0,796.15,0.0,796.15,0.0,1548.6899999999996,0.0,1548.6899999999996,0.0,632.8,0.0,632.8,0.0,620.962,0.0,620.962,,,,,,,,,0.0,37524.72,0.0,37524.72,,0.0,,0.0,,,,,,,,0.0,,,,0.0,,0.0,,0.0,,0.0,,0.0,,0.0,,0.0,,0.0,,0.0,0.0,37524.72,0.0,37524.72,0.0,3518.11,0.0,3518.11,0.0,34006.61,0.0,34006.61,,11416.687467,,11416.687467,,18.871499999999997,,18.871499999999997,,5106.654,,5106.654,,16542.199999999997,,16542.199999999997,,48.64407243180075,,48.64407243180075,0.0,12609.600000000002,0.0,12609.600000000002,0.0,16271.489999999998,0.0,16271.489999999998,,,,,,,4590.0,0.0,9.1368,,,,,38222.52,0.0,72229.13,0.0,2765576.6099999994,,108671623.24000001,,108899220.08000001,,,,,,,,72229.13,0.0
251,KERALA,KOTTAYAM,,0.0,2875.89,0.0,2875.89,0.0,197088.0,0.0,197088.0,25000.0,222088.0,0.0,34646.07,0.0,34646.07,0.0,,0.0,0.0,0.0,3841.810000000001,0.0,3841.810000000001,0.0,1568.82,0.0,1568.82,0.0,622.3800000000001,0.0,622.3800000000001,0.0,325.104,0.0,325.104,,,,,,,,,0.0,41004.22,0.0,41004.22,,0.0,,0.0,,,,,,,,0.0,,0.0,,0.0,,,,,,0.0,,0.0,,,,,,0.0,,0.0,0.0,41004.22,0.0,41004.22,0.0,3812.9300000000003,0.0,3812.9300000000003,0.0,37191.29,0.0,37191.29,,8504.394094874999,,8504.394094874999,,2.9712,,2.9712,,5059.8775,,5059.8775,,13567.220000000001,,13567.220000000001,,36.47956282237051,,36.47956282237051,0.0,9194.25,0.0,9194.25,0.0,22934.219999999998,0.0,22934.219999999998,,,,,,,1245.6,0.0,0.0,,,,,33918.270000000004,0.0,71109.56,0.0,2071080.99,,143834362.0,,145366016.19,,,,,,,,71109.56,0.0
252,KERALA,KOZHIKKODE,,0.0,3382.4600000000005,0.0,3382.4600000000005,0.0,166180.0,0.0,166180.0,68050.0,234230.0,0.0,32752.039999999997,0.0,32752.039999999997,0.0,,0.0,0.0,0.0,192.64000000000001,0.0,192.64000000000001,0.0,1271.29,0.0,1271.29,0.0,38.459999999999994,0.0,38.459999999999994,0.0,333.888,0.0,333.888,,,,,,,,,0.0,34588.350000000006,0.0,34588.350000000006,,0.0,,0.0,,,,,,,,0.0,,,,0.0,,0.0,,0.0,,0.0,,0.0,,0.0,,0.0,,0.0,,0.0,0.0,34588.350000000006,0.0,34588.350000000006,0.0,3458.85,0.0,3458.85,0.0,31129.500000000004,0.0,31129.500000000004,,12883.749277125,,12883.749277125,,7.089,,7.089,,4869.7284,,4869.7284,,17760.58,,17760.58,,57.0538556674537,,57.0538556674537,0.0,20961.629999999997,0.0,20961.629999999997,0.0,7816.17,0.0,7816.17,,,,,,,2417.85,0.0,0.0,,,,,26452.05,0.0,57581.549999999996,0.0,0.0,,0.0,,0.0,,,,,,,,57581.549999999996,0.0
253,KERALA,MALAPPURAM,,0.0,2802.79,0.0,2802.79,0.0,254181.0,0.0,254181.0,100800.0,354981.0,0.0,44000.14,0.0,44000.14,0.0,,0.0,0.0,0.0,4736.56,0.0,4736.56,0.0,3265.15,0.0,3265.15,0.0,12.709999999999999,0.0,12.709999999999999,0.0,561.246,0.0,561.246,,,,,,,,,0.0,52575.79,0.0,52575.79,,,,0.0,,,,,,,,0.0,,,,0.0,,,,0.0,,,,0.0,,,,0.0,,,,0.0,0.0,52575.79,0.0,52575.79,0.0,4979.08,0.0,4979.08,0.0,47596.71,0.0,47596.71,,22737.8595075,,22737.8595075,,8.738099999999998,,8.738099999999998,,9535.315,,9535.315,,32281.95,,32281.95,,67.82391051818499,,67.82391051818499,0.0,60165.36000000001,0.0,60165.36000000001,0.0,15314.760000000002,0.0,15314.760000000002,,,,,,,0.0,0.0,29.065679999999997,,,,,60874.090000000004,0.0,108470.8,0.0,1751349.16,,112553066.9,,113922715.41,,,,,,,,108470.8,0.0
254,KERALA,PALAKKAD,,0.0,2187.3299999999995,0.0,2187.3299999999995,0.0,298228.0,0.0,298228.0,149394.0,447622.0,0.0,36306.97,0.0,36306.97,0.0,,0.0,0.0,0.0,19380.010000000002,0.0,19380.010000000002,0.0,4903.1900000000005,0.0,4903.1900000000005,0.0,3027.6800000000003,0.0,3027.6800000000003,0.0,1282.252,0.0,1282.252,,,,,,,,,0.0,64900.119999999995,0.0,64900.119999999995,,,,0.0,,,,,,,,0.0,,,,0.0,,,,0.0,,,,,,,,,,,,0.0,0.0,64900.119999999995,0.0,64900.119999999995,0.0,6490.009999999999,0.0,6490.009999999999,0.0,58410.10999999999,0.0,58410.10999999999,,13904.828318249998,,13904.828318249998,,599.848,,599.848,,18631.938,,18631.938,,33136.6,,33136.6,,56.73093236770141,,56.73093236770141,0.0,22761.33,0.0,22761.33,0.0,19365.500000000004,0.0,19365.500000000004,,,,,,,0.0,0.0,185.27399999999997,,,,,60252.78,0.0,118662.89000000001,0.0,0.0,,0.0,,0.0,,,,,,,,118662.89000000001,0.0
255,KERALA,PATHANAMTHITTA,,0.0,2780.03,0.0,2780.03,0.0,129665.0,0.0,129665.0,133010.0,262675.0,0.0,23944.62,0.0,23944.62,0.0,,0.0,0.0,0.0,959.0000000000002,0.0,959.0000000000002,0.0,1098.09,0.0,1098.09,0.0,16.669999999999998,0.0,16.669999999999998,0.0,359.376,0.0,359.376,,,,,,,,,0.0,26377.780000000002,0.0,26377.780000000002,,0.0,,0.0,,,,,,0.0,,0.0,,0.0,,0.0,,0.0,,0.0,,0.0,,0.0,,0.0,,0.0,,0.0,,0.0,0.0,26377.780000000002,0.0,26377.780000000002,0.0,2245.57,0.0,2245.57,0.0,24132.21,0.0,24132.21,,4681.942882875001,,4681.942882875001,,0.040319999999999995,,0.040319999999999995,,3868.742,,3868.742,,8550.69,,8550.69,,35.432685195429684,,35.432685195429684,0.0,4681.9400000000005,0.0,4681.9400000000005,0.0,15581.52,0.0,15581.52,,,,,,,2484.0,0.0,0.0,,,,,17700.280000000002,0.0,41832.490000000005,0.0,0.0,,0.0,,0.0,,,,,,,,41832.490000000005,0.0
256,KERALA,THIRUVANANTHAPURAM,,0.0,1818.94,0.0,1818.94,0.0,194297.0,0.0,194297.0,24500.0,218797.0,0.0,26699.260000000006,0.0,26699.260000000006,0.0,,0.0,0.0,0.0,1192.46,0.0,1192.46,0.0,1211.05,0.0,1211.05,0.0,406.83000000000004,0.0,406.83000000000004,0.0,494.3820000000001,0.0,494.3820000000001,,,,,,,,,0.0,30003.979999999996,0.0,30003.979999999996,,0.0,,0.0,,,,,,0.0,,0.0,,0.0,,0.0,,0.0,,0.0,,0.0,,0.0,,0.0,,0.0,,0.0,,0.0,0.0,30003.979999999996,0.0,30003.979999999996,0.0,2718.4000000000005,0.0,2718.4000000000005,0.0,27285.580000000005,0.0,27285.580000000005,,11910.05045895,,11910.05045895,,6.359677499999999,,6.359677499999999,,5291.1465,,5291.1465,,17207.51,,17207.51,,63.06448314457671,,63.06448314457671,0.0,13586.05,0.0,13586.05,0.0,8402.06,0.0,8402.06,,,,,,,0.0,0.0,155.8404,,,,,36844.29,0.0,64129.869999999995,0.0,1054492.2100000002,,75636717.43,,75384098.11999999,,,,,,,,64129.869999999995,0.0
257,KERALA,THRISSUR,,0.0,3176.64,0.0,3176.64,0.0,236685.0,0.0,236685.0,65700.0,302385.0,0.0,47873.70999999999,0.0,47873.70999999999,0.0,,0.0,0.0,0.0,9791.8,0.0,9791.8,0.0,4152.900000000001,0.0,4152.900000000001,0.0,328.15999999999997,0.0,328.15999999999997,0.0,850.398,0.0,850.398,,,,,,,,,0.0,62996.939999999995,0.0,62996.939999999995,,0.0,,0.0,,,,,,0.0,,0.0,,0.0,,0.0,,0.0,,0.0,,0.0,,0.0,,0.0,,0.0,,0.0,,0.0,0.0,62996.939999999995,0.0,62996.939999999995,0.0,6114.38,0.0,6114.38,0.0,56882.55999999999,0.0,56882.55999999999,,12862.550137350001,,12862.550137350001,,38.96060000000001,,38.96060000000001,,20148.864999999998,,20148.864999999998,,33050.39,,33050.39,,58.10285261422834,,58.10285261422834,0.0,17127.38,0.0,17127.38,0.0,19567.329999999998,0.0,19567.329999999998,,,,,,,3573.8,0.0,4.83552,,,,,72367.92,0.0,129250.48000000001,0.0,2270036.9699999997,,102804378.17,,105074415.14000002,,,,,,,,129250.48000000001,0.0
258,KERALA,WAYANAD,,0.0,3149.6000000000004,0.0,3149.6000000000004,0.0,142762.0,0.0,142762.0,70300.0,213062.0,0.0,23266.23,0.0,23266.23,0.0,,0.0,0.0,0.0,124.00999999999999,0.0,124.00999999999999,0.0,340.78999999999996,0.0,340.78999999999996,0.0,173.43,0.0,173.43,0.0,490.29799999999994,0.0,490.29799999999994,,,,,,,,,0.0,24394.769999999997,0.0,24394.769999999997,,0.0,,0.0,,,,,,0.0,,0.0,,0.0,,0.0,,0.0,,0.0,,0.0,,0.0,,0.0,,0.0,,0.0,,0.0,0.0,24394.769999999997,0.0,24394.769999999997,0.0,2439.49,0.0,2439.49,0.0,21955.28,0.0,21955.28,,3785.3055,,3785.3055,,158.402,,158.402,,1363.15,,1363.15,,5306.849999999999,,5306.849999999999,,24.171178869046532,,24.171178869046532,0.0,5047.47,0.0,5047.47,0.0,15386.27,0.0,15386.27,,,,,,,0.0,0.0,13.582079999999998,,,,,19271.01,0.0,41226.29,0.0,374.0,,150250.03999999998,,150624.03,,,,,,,,41226.29,0.0
259,MADHYA PRADESH,AGAR MALWA,,1036.1,1036.1,0.0,1036.1,11375.0,240201.0,0.0,251576.0,18667.0,270243.0,1280.87,31857.77,0.0,33138.64,822.45,,,822.45,575.2080000000001,0.0,0.0,575.21,98.82,9411.51,0.0,9510.33,396.75,487.96,0.0,884.71,0.0,478.80000000000007,0.0,478.80000000000007,,,,,,,,,3174.1,42236.04,0.0,45410.14,,,,,,,,,,,,0.0,,,,0.0,,,,,,,,,,,,,,,,0.0,3174.1,42236.04,0.0,45410.14,158.7,4223.599999999999,0.0,4382.299999999999,3015.4,38012.439999999995,0.0,41027.84,90.12725999999999,1503.53574,,1593.663,0.0,0.0,,0.0,395.26,37646.03200000001,,38041.292,485.39,39149.579999999994,,39634.97,16.097035219208063,102.99149436342418,,96.60506134371198,101.86,1664.46,0.0,1766.32,2518.28,2193.17,0.0,4711.450000000001,,,,,,,,,,,,,,0.0,0.0,41027.84,0.0,0.0,,0.0,,0.0,,,,,,,,41027.84,0.0
260,MADHYA PRADESH,ALIRAJPUR,,0.0,912.8,0.0,912.8,0.0,305400.0,0.0,305400.0,29500.0,334900.0,0.0,19981.86,0.0,19981.86,0.0,,0.0,0.0,0.0,0.0,0.0,0.0,0.0,1576.64,0.0,1576.64,0.0,486.63,0.0,486.63,0.0,1058.408,0.0,1058.408,,,,,,,,,0.0,23103.530000000002,0.0,23103.530000000002,,,,,,,,,,,,0.0,,,,0.0,,,,,,,,,,,,,,,,0.0,0.0,23103.530000000002,0.0,23103.530000000002,0.0,1776.22,0.0,1776.22,0.0,21327.309999999998,0.0,21327.309999999998,,2189.0714399999997,,2189.0714399999997,,0.0,,0.0,,6306.57,,6306.57,,8495.650000000001,,8495.650000000001,,39.834606427158434,,39.834606427158434,0.0,2548.66,0.0,2548.66,0.0,12472.07,0.0,12472.07,,,,,,,,,,,,,,0.0,0.0,21327.309999999998,0.0,0.0,,0.0,,0.0,,,,,,,,21327.309999999998,0.0
261,MADHYA PRADESH,ANUPPUR,,0.0,1423.6000000000001,0.0,1423.6000000000001,0.0,294200.0,0.0,294200.0,78200.0,372400.0,0.0,38864.98,0.0,38864.98,0.0,,0.0,0.0,0.0,0.0,0.0,0.0,0.0,1509.7399999999998,0.0,1509.7399999999998,0.0,47.8,0.0,47.8,0.0,8.4,0.0,8.4,,,,,,,,,0.0,40430.92,0.0,40430.92,,,,,,,,,,,,0.0,,,,0.0,,,,,,,,,,,,,,,,0.0,0.0,40430.92,0.0,40430.92,0.0,2695.93,0.0,2695.93,0.0,37734.990000000005,0.0,37734.990000000005,,1512.22785,,1512.22785,,0.0,,0.0,,6038.9712,,6038.9712,,7551.2,,7551.2,,20.01113555350087,,20.01113555350087,0.0,1623.03,0.0,1623.03,0.0,30072.99,0.0,30072.99,,,,,,,,,,,,,,0.0,0.0,37734.990000000005,0.0,0.0,,0.0,,0.0,,,,,,,,37734.990000000005,0.0
262,MADHYA PRADESH,ASHOKNAGAR,,926.0,926.0,0.0,926.0,20650.0,441594.0,0.0,462244.0,5150.0,467394.0,1007.4200000000001,27898.0,0.0,28905.409999999996,1065.65,,0.0,1065.65,2912.6447999999996,0.0,0.0,2912.64,175.68,4994.71,0.0,5170.389999999999,238.4,165.94000000000003,0.0,404.34000000000003,97.0,250.4,0.0,347.4,,,,,,,,,5496.79,33309.04,0.0,38805.83,,,,,,,,,,,,0.0,,,,0.0,,,,,,,,,,,,,,,,0.0,5496.79,33309.04,0.0,38805.83,535.53,2568.45,0.0,3103.9799999999996,4961.26,30740.589999999997,0.0,35701.85,83.42586,1663.26777,,1746.69363,0.0,0.0,,0.0,702.7,19978.84,,20681.54,786.12,21642.12,,22428.239999999998,15.845168364488051,70.40242233476977,,62.82094625348547,92.05,1835.8000000000002,0.0,1927.85,4166.51,8925.94,0.0,13092.45,,,,,,,,,,,,,,0.0,0.0,35701.85,0.0,0.0,,0.0,,0.0,,,,,,,,35701.85,0.0
263,MADHYA PRADESH,BALAGHAT,,1471.6,1471.5999999999997,0.0,1471.5999999999997,101503.0,789990.0,0.0,891493.0,31107.0,922600.0,8495.51,73481.5,0.0,81977.01,601.11,,0.0,601.11,563.69265,0.0,0.0,563.6899999999999,0.0,2683.92,0.0,2683.92,0.0,306.21,0.0,306.21,24.12,570.0600000000001,0.0,594.1800000000001,,,,,,,,,9684.43,77041.69,0.0,86726.12,,,,,,,,,,,,0.0,,,,0.0,,,,,,,,,,,,,,,,0.0,9684.43,77041.69,0.0,86726.12,968.44,7704.2,0.0,8672.64,8715.99,69337.48999999999,0.0,78053.47999999998,342.64302000000004,3254.5239599999995,,3597.1669799999995,0.0,0.0,,0.0,1728.69,10735.6,,12464.29,2071.33,13990.11,,16061.440000000002,23.764712901230954,20.176833629253096,,20.577480978426593,370.51000000000005,3519.2700000000004,0.0,3889.78,6616.8,55082.62999999999,0.0,61699.42999999999,,,,,,,,,,,,,,0.0,0.0,78053.48,0.0,0.0,,0.0,,0.0,,,,,,,,78053.48,0.0
264,MADHYA PRADESH,BARWANI,,742.5,742.5,0.0,742.5,68712.0,298119.0,0.0,366831.0,175369.0,542200.0,5574.889999999999,29369.45,0.0,34944.34,1067.3400000000001,,0.0,1067.3400000000001,9536.2871184,0.0,0.0,9536.289999999999,630.0500000000001,7411.92,0.0,8041.959999999999,1280.67,121.93,0.0,1402.6,245.52800000000002,1672.654,0.0,1918.1819999999998,,,,,,,,,18334.75,38575.939999999995,0.0,56910.69000000001,0.0,0.0,0.0,0.0,,,,,0.0,0.0,0.0,0.0,0.0,0.0,0.0,0.0,0.0,0.0,0.0,0.0,0.0,0.0,0.0,0.0,0.0,0.0,0.0,0.0,0.0,0.0,0.0,0.0,18334.75,38575.939999999995,0.0,56910.69000000001,1307.56,3857.59,0.0,5165.15,17027.190000000002,34718.35,0.0,51745.53999999999,838.60356,2652.6360765,,3491.2396364999995,0.0,0.0,,0.0,2520.2200000000003,30626.996,,33147.21600000001,3358.8300000000004,33279.64,,36638.47000000001,19.726273096147985,95.85605306703803,,70.8050780801592,940.4100000000001,2999.1299999999997,0.0,3939.54,13566.550000000001,5655.039999999999,0.0,19221.59,,,,,,,0.0,0.0,0.0,,,,,0.0,0.0,51745.54,0.0,0.0,,0.0,,0.0,,,,,,,,51745.54,0.0
265,MADHYA PRADESH,BETUL,,1145.5500000000002,1145.5499999999997,0.0,1145.55,26248.0,830202.0,0.0,856450.0,147850.0,1004300.0,3096.89,98943.27999999998,0.0,102040.17,2579.4900000000007,,,2579.4900000000007,3097.02528,0.0,0.0,3097.02,380.2000000000001,11406.679999999998,0.0,11786.880000000001,564.2699999999999,1334.9899999999998,0.0,1899.2600000000002,20.52,275.94,0.0,296.46,,,,,,,,,9738.39,111960.89000000001,0.0,121699.28,,,,,,,,,,,,0.0,,,,0.0,0.0,0.0,0.0,0.0,0.0,0.0,0.0,0.0,0.0,0.0,0.0,0.0,0.0,0.0,0.0,0.0,9738.39,111960.89000000001,0.0,121699.28,585.97,7635.500000000001,0.0,8221.47,9152.420000000002,104325.39000000001,0.0,113477.81,528.117357915,3225.204511341,,3753.321869256,0.0,0.0,,0.0,1514.374,45301.87799999999,,46816.252,2042.5100000000002,48527.07000000001,,50569.58000000001,22.316611344322045,46.5151100801061,,44.56340847607123,577.01,3528.8100000000004,0.0,4105.820000000001,7061.02,55494.72000000001,0.0,62555.740000000005,,,,,,,0.0,0.0,0.0,,,,,0.0,0.0,113477.81000000001,0.0,0.0,,0.0,,0.0,,,,,,,,113477.81000000001,0.0
266,MADHYA PRADESH,BHIND,,951.0,951.0,0.0,951.0,179891.0,266009.0,0.0,445900.0,0.0,445900.0,31979.389999999996,48943.43,0.0,80922.82,6027.16,,0.0,6027.16,5897.305799999999,0.0,0.0,5897.3099999999995,964.14,4047.4900000000002,0.0,5011.63,14.02,23.28,0.0,37.3,6.6,48.0,0.0,54.6,,,,,,,,,44888.62,53062.200000000004,0.0,97950.82,,,,,,,,,,,,0.0,,,,0.0,,,,,,,,,,,,,,,,0.0,44888.62,53062.200000000004,0.0,97950.82,4488.860000000001,4715.37,0.0,9204.22,40399.76,48346.83,0.0,88746.59,1194.78954,2219.6088,,3414.3983399999997,0.0,0.0,,0.0,4320.1900000000005,21024.3456,,25344.5356,5514.980000000001,23243.960000000003,,28758.94,13.65102168923776,48.07752648932723,,32.4056845451752,1315.0900000000001,2443.08,0.0,3758.1700000000005,34764.479999999996,24879.409999999996,0.0,59643.88999999999,,,,,,,,,,,,,,0.0,0.0,88746.59,0.0,0.0,,0.0,,0.0,,,,,,,,88746.59,0.0
267,MADHYA PRADESH,BHOPAL,,0.0,1126.65,0.0,1126.65,0.0,264800.0,0.0,264800.0,12437.0,277237.0,0.0,30342.01,0.0,30342.01,0.0,,0.0,0.0,0.0,0.0,0.0,0.0,0.0,5859.219999999999,0.0,5859.219999999999,0.0,957.5699999999999,0.0,957.5699999999999,0.0,279.644,0.0,279.644,0.0,2469.225,0.0,2469.225,0.0,0.0,0.0,0.0,0.0,39907.659999999996,0.0,39907.659999999996,0.0,0.0,0.0,0.0,,,,,0.0,0.0,0.0,0.0,0.0,0.0,0.0,0.0,0.0,0.0,0.0,0.0,0.0,0.0,0.0,0.0,0.0,0.0,0.0,0.0,0.0,0.0,0.0,0.0,0.0,39907.659999999996,0.0,39907.659999999996,0.0,3042.37,0.0,3042.37,0.0,36865.28999999999,0.0,36865.28999999999,,3579.55156608,,3579.55156608,,0.0,,0.0,,23436.864,,23436.864,,27016.420000000002,,27016.420000000002,,73.2841651320253,,73.2841651320253,0.0,4087.3399999999997,0.0,4087.3399999999997,0.0,9341.08,0.0,9341.08,,,,,,,,,,,,,,0.0,0.0,36865.28999999999,0.0,0.0,,0.0,,0.0,,,,,,,,36865.28999999999,0.0
268,MADHYA PRADESH,BURHANPUR,,883.8000000000001,883.8000000000001,0.0,883.8000000000001,11289.0,245761.0,0.0,257050.0,66250.0,323300.0,1099.76,29219.13,0.0,30318.89,89.15,,0.0,89.15,1383.849,0.0,0.0,1383.85,95.3,4977.460000000001,0.0,5072.76,396.19,238.15999999999997,0.0,634.35,309.65999999999997,2464.944,0.0,2774.6040000000003,,,,,,,,,3373.91,36899.69,0.0,40273.6,0.0,0.0,0.0,0.0,,,,,0.0,0.0,0.0,0.0,0.0,0.0,0.0,0.0,0.0,0.0,0.0,0.0,0.0,0.0,0.0,0.0,0.0,0.0,0.0,0.0,0.0,0.0,0.0,0.0,3373.91,36899.69,0.0,40273.6,168.7,2760.98,0.0,2929.6800000000003,3205.21,34138.71,0.0,37343.92,142.04120999999998,1327.5407699999998,,1469.58198,0.0,0.0,,0.0,381.21299999999997,21731.004,,22112.216999999997,523.26,23058.559999999998,,23581.82,16.32529537846194,67.54373554243848,,63.1476824072031,160.9,1504.28,0.0,1665.18,2663.09,10903.41,0.0,13566.5,,,,,,,,,,,,,,0.0,0.0,37343.920000000006,0.0,0.0,,0.0,,0.0,,,,,,,,37343.920000000006,0.0
269,MADHYA PRADESH,CHHATARPUR,,1092.7,1092.7,0.0,1092.7,96818.0,693616.0,0.0,790434.0,71115.0,861549.0,6958.530000000001,58885.979999999996,0.0,65844.51,3858.06,,,3858.06,2191.3199999999993,0.0,0.0,2191.3199999999997,421.79999999999995,12286.310000000001,0.0,12708.11,1274.13,765.45,0.0,2039.5800000000002,32.316,68.28,0.0,100.59599999999999,,,,,,,,,14736.16,72006.01999999999,0.0,86742.18000000001,,,,,,,,,,,,0.0,,,,0.0,,,,,,,,,,,,,,,,0.0,14736.16,72006.01999999999,0.0,86742.18000000001,905.66,5382.93,0.0,6288.589999999999,13830.5,66623.09,0.0,80453.59,578.9117175,2373.4393275,,2952.351045,0.0,0.0,,0.0,1687.15,49145.2578,,50832.40780000001,2266.04,51518.69,,53784.729999999996,16.38436788257836,77.32858082685749,,66.8518707493351,651.33,2671.82,0.0,3323.1500000000005,11492.04,14806.03,0.0,26298.07,,,,,,,,,,,,,,0.0,0.0,80453.59,0.0,0.0,,0.0,,0.0,,,,,,,,80453.59,0.0
270,MADHYA PRADESH,CHHINDWARA,,1139.25,1139.25,0.0,1139.25,13311.0,865990.0,0.0,879301.0,296723.0,1176024.0,1269.54,87133.86000000002,0.0,88403.40000000001,323.43,,0.0,323.43,1196.1432,0.0,0.0,1196.1399999999999,179.2,13108.65,0.0,13287.86,304.11999999999995,478.35,0.0,782.4699999999999,119.64,593.7,,713.3399999999999,,,,,,,,,3392.0699999999997,101314.56,0.0,104706.63,,,,,,,,,,,,0.0,,,,0.0,0.0,0.0,0.0,0.0,0.0,0.0,0.0,0.0,0.0,0.0,0.0,0.0,0.0,0.0,0.0,0.0,3392.0699999999997,101314.56,0.0,104706.63,169.60000000000002,5750.089999999999,0.0,5919.69,3222.47,95564.47000000002,0.0,98786.94000000002,79.42911,5713.282519999999,,5792.71163,0.0,0.0,,0.0,716.8000000000001,52566.746,,53283.545999999995,796.23,58279.97999999999,,59076.21,24.708686194130593,60.98498741216268,,59.80163977141106,84.14,6065.379999999998,0.0,6149.5199999999995,2421.5299999999997,36932.399999999994,0.0,39353.92999999999,,,,,,,0.0,0.0,0.0,,,,,0.0,0.0,98786.94000000002,0.0,0.0,,0.0,,0.0,,,,,,,,98786.94000000002,0.0
271,MADHYA PRADESH,DAMOH,,1176.0,1176.0,0.0,1176.0,58672.0,415947.0,0.0,474619.0,255981.0,730600.0,3613.58,28006.340000000004,0.0,31619.920000000002,1403.38,,0.0,1403.38,3311.6040000000003,0.0,0.0,3311.6,153.54000000000002,4707.28,0.0,4860.83,1411.22,157.39,0.0,1568.61,21.900000000000002,57.29999999999999,0.0,79.19999999999999,,,,,,,,,9915.22,32928.31,0.0,42843.53,,,,,,,,,,,,0.0,,,,0.0,,,,,,,,,,,,,,,,0.0,9915.22,32928.31,0.0,42843.53,894.5500000000001,2650.7,0.0,3545.25,9020.669999999998,30277.61,0.0,39298.28,777.8661,2210.6763375,,2988.5424375,0.0,0.0,,0.0,614.2067999999999,18829.152000000002,,19443.3588,1392.0500000000002,21039.82,,22431.87,15.431780566188547,69.48969882365219,,57.0810478219403,853.07,2442.45,0.0,3295.52,7553.41,9006.0,0.0,16559.41,,,,,,,,,,,,,,0.0,0.0,39298.28,0.0,0.0,,0.0,,0.0,,,,,,,,39298.28,0.0
272,MADHYA PRADESH,DATIA,,963.8,963.8000000000001,0.0,963.8,132097.0,134103.0,0.0,266200.0,2900.0,269100.0,19116.4,17236.5,0.0,36352.9,1081.8400000000001,,0.0,1081.8400000000001,3177.898649999999,0.0,0.0,3177.8999999999996,1047.08,1933.84,0.0,2980.92,14.23,12.110000000000001,0.0,26.34,78.9,106.78,0.0,185.68,,,,,,,,,24516.35,19289.23,0.0,43805.58,,,,,,,,,,,,0.0,,,,0.0,0.0,0.0,0.0,0.0,0.0,0.0,0.0,0.0,0.0,0.0,0.0,0.0,0.0,0.0,0.0,0.0,24516.35,19289.23,0.0,43805.58,1365.62,1671.8200000000002,0.0,3037.4400000000005,23150.730000000003,17617.41,0.0,40768.14,627.56421,1050.77733,,1678.34154,0.0,0.0,,0.0,4498.639999999999,8166.201599999999,,12664.8416,5126.21,9216.990000000002,,14343.199999999999,22.142757485401106,52.31750864627662,,35.18237525675686,708.4,1186.14,0.0,1894.5400000000002,17943.690000000002,8265.06,0.0,26208.75,,,,,,,0.0,0.0,0.0,,,,,0.0,0.0,40768.14,0.0,0.0,,0.0,,0.0,,,,,,,,40768.14,0.0
273,MADHYA PRADESH,DEWAS,,1069.0,1069.0,0.0,1069.0,28344.0,548738.0,0.0,577082.0,141662.0,718744.0,2585.2,63910.850000000006,0.0,66496.05,351.09999999999997,,,351.09999999999997,884.87964,0.0,0.0,884.88,110.33000000000001,15028.34,0.0,15138.68,228.59,223.91000000000003,0.0,452.50000000000006,,3574.92,,3574.92,,,,,,,,,4160.1,82738.01999999999,0.0,86898.12,,,,,,,,,,,,0.0,,,,0.0,,,,,,,,,,,,,,,,0.0,4160.1,82738.01999999999,0.0,86898.12,416.01,5680.049999999999,0.0,6096.0599999999995,3744.09,77057.97,0.0,80802.06,118.55565,3986.1394499999997,,4104.6951,0.0,25.35,,25.35,441.33000000000004,60113.37999999999,,60554.70999999999,559.89,64124.85,,64684.74,14.953967452705463,83.21637593100363,,80.05333032350907,137.06,4442.530000000001,0.0,4579.59,3165.7,13797.810000000001,0.0,16963.510000000002,,,,,,,0.0,0.0,0.0,,,,,0.0,0.0,80802.06,0.0,0.0,,0.0,,0.0,,,,,,,,80802.06,0.0
274,MADHYA PRADESH,DHAR,,856.5,856.5,0.0,856.5,149070.0,663570.0,0.0,812640.0,2660.0,815300.0,14000.369999999997,70490.06,0.0,84490.43000000001,3624.0499999999997,,0.0,3624.0499999999997,2498.5911115599997,0.0,0.0,2498.5800000000004,1530.39,17682.23,0.0,19212.620000000003,1600.8300000000002,1225.6899999999998,0.0,2826.52,48.39,1613.7500000000002,,1662.1400000000003,,,,,,,,,23302.58,91011.72000000002,0.0,114314.3,0.0,0.0,0.0,0.0,,,,,0.0,0.0,0.0,0.0,0.0,0.0,0.0,0.0,0.0,0.0,0.0,0.0,0.0,0.0,0.0,0.0,0.0,0.0,0.0,0.0,0.0,0.0,0.0,0.0,23302.58,91011.72000000002,0.0,114314.3,1360.6299999999999,8040.6,0.0,9401.24,21941.949999999997,82971.12,0.0,104913.07,1006.71672,4732.6557,,5739.37242,0.0,0.0,,0.0,6121.454000000001,71269.45600000002,,77390.90999999999,7128.18,76002.08999999998,,83130.27,32.48653834321927,91.60065574624036,,79.23728664121639,1135.0,5513.39,0.0,6648.400000000001,14685.49,17741.420000000002,0.0,32426.910000000003,,,,,,,,,,,,,,0.0,0.0,104913.06999999999,0.0,0.0,,0.0,,0.0,,,,,,,,104913.06999999999,0.0
275,MADHYA PRADESH,DINDORI,,0.0,1376.3,0.0,1376.3,0.0,496300.0,0.0,496300.0,116500.0,612800.0,0.0,40800.41,0.0,40800.41,,,,,0.0,0.0,0.0,0.0,0.0,594.4,0.0,594.4,,,,,0.0,47.03999999999999,0.0,47.03999999999999,,,,,,,,,0.0,41441.85,0.0,41441.85,,,,,,,,,,,,0.0,,,,0.0,,,,,,,,,,,,,,,,0.0,0.0,41441.85,0.0,41441.85,0.0,2604.8399999999997,0.0,2604.8399999999997,0.0,38837.009999999995,0.0,38837.009999999995,,1754.34111,,1754.34111,,0.0,,0.0,,2377.6,,2377.6,,4131.95,,4131.95,,10.639207292219458,,10.639207292219458,0.0,1986.42,0.0,1986.42,0.0,34472.98,0.0,34472.98,,,,,,,,,,,,,,0.0,0.0,38837.009999999995,0.0,0.0,,0.0,,0.0,,,,,,,,38837.009999999995,0.0
276,MADHYA PRADESH,GUNA,,1082.0,1082.0,0.0,1082.0,37209.0,580305.0,0.0,617514.0,21486.0,639000.0,3746.6899999999996,56834.729999999996,0.0,60581.42,2153.48,,0.0,2153.48,3640.0643999999998,0.0,0.0,3640.0600000000004,290.15999999999997,11531.510000000002,0.0,11821.66,776.4299999999998,289.92,0.0,1066.35,56.3,271.25,0.0,327.55,,,,,,,,,10663.14,68927.41,0.0,79590.54999999999,,,,,,,,,,,,0.0,,,,0.0,0.0,0.0,0.0,0.0,0.0,0.0,0.0,0.0,0.0,0.0,0.0,0.0,0.0,0.0,0.0,0.0,10663.14,68927.41,0.0,79590.54999999999,878.3199999999999,3446.37,0.0,4324.69,9784.82,65481.04,0.0,75265.86,155.10017999999997,2253.072,,2408.17218,0.0,0.0,,0.0,1160.67,46126.00000000001,,47286.67,1315.77,48379.07,,49694.84,13.447053701549953,73.88256203627797,,66.0257386283768,177.01,2538.97,0.0,2715.98,8447.14,16816.06,0.0,25263.2,,,,,,,0.0,0.0,0.0,,,,,0.0,0.0,75265.85999999999,0.0,0.0,,0.0,,0.0,,,,,,,,75265.85999999999,0.0
277,MADHYA PRADESH,GWALIOR,,870.0,870.0,0.0,870.0,120245.0,327315.0,0.0,447560.0,28100.0,475660.0,15644.27,37694.68,0.0,53338.95,4984.5,,0.0,4984.5,15623.8344,0.0,0.0,15623.83,827.47,3661.49,0.0,4488.969999999999,311.63,853.8000000000001,0.0,1165.43,15.120000000000001,57.3,,72.42,0.0,657.0,0.0,657.0,0.0,0.0,0.0,0.0,37406.82000000001,42924.270000000004,0.0,80331.09,,,,,,,,,,,,0.0,,,,0.0,,,,,,,,,,,,,,,,0.0,37406.82000000001,42924.270000000004,0.0,80331.09,3740.67,2901.3199999999997,0.0,6641.99,33666.149999999994,40022.95,0.0,73689.1,345.36738,3411.3279599999996,,3756.6953399999993,0.0,0.0,,0.0,3309.83,14645.994,,17955.824,3655.19,18057.33,,21712.52,10.857166619883772,45.11743886944866,,29.465036212954153,382.69000000000005,3993.8199999999997,0.0,4376.51,29973.64,21755.899999999994,0.0,51729.53999999999,,,,,,,,,,,,,,0.0,0.0,73689.09999999999,0.0,0.0,,0.0,,0.0,,,,,,,,73689.09999999999,0.0
278,MADHYA PRADESH,HARDA,,1374.0,1374.0,0.0,1374.0,79150.0,190940.0,0.0,270090.0,62910.0,333000.0,9504.220000000001,23620.97,0.0,33125.19,7578.09,,0.0,7578.09,7456.05,0.0,0.0,7456.05,326.81,3276.9900000000002,0.0,3603.7999999999997,52.56999999999999,0.46,0.0,53.03,32.1,25.919999999999998,0.0,58.02,,,,,,,,,24949.84,26924.340000000004,0.0,51874.18,,,,,,,,,,,,0.0,,,,0.0,,,,,,,,,,,,,,,,0.0,24949.84,26924.340000000004,0.0,51874.18,2494.9799999999996,2692.45,0.0,5187.43,22454.86,24231.89,0.0,46686.75,175.43871,1007.87961,,1183.3183199999999,0.0,0.0,,0.0,1307.232,13397.4,,14704.632,1482.67,14405.279999999999,,15887.95,6.602891311724946,59.44761221679366,,34.03096167542183,197.31,1133.54,0.0,1330.8500000000001,20950.32,9700.96,0.0,30651.28,,,,,,,,,,,,,,0.0,0.0,46686.75,0.0,0.0,,0.0,,0.0,,,,,,,,46686.75,0.0
279,MADHYA PRADESH,HOSHANGABAD,,1324.5,1324.5,0.0,1324.5,253623.0,304729.0,0.0,558352.0,107101.0,665453.0,65457.21,63822.1,0.0,129279.31,47900.87,,0.0,47900.87,20157.264,0.0,0.0,20157.26,2084.04,7499.52,0.0,9583.560000000001,67.67,54.79,0.0,122.46,9.6,40.32,0.0,49.92,,,,,,,,,135676.66,71416.73000000001,0.0,207093.39000000004,,,,,,,,,,,,0.0,,,,0.0,,,,,,,,,,,,,,,,0.0,135676.66,71416.73000000001,0.0,207093.39000000004,6783.82,5290.38,0.0,12074.2,128892.83999999998,66126.35,0.0,195019.19,914.5790399999998,1253.90859,,2168.4876299999996,0.0,0.0,,0.0,7997.508,31147.199999999997,,39144.708000000006,8912.060000000001,32401.110000000004,,41313.170000000006,6.914317350754319,48.99878792644687,,21.18415628738895,993.5799999999999,1362.22,0.0,2355.8,119901.78,33616.92999999999,0.0,153518.71,,,,,,,,,,,,,,0.0,0.0,195019.19,0.0,0.0,,0.0,,0.0,,,,,,,,195019.19,0.0
280,MADHYA PRADESH,INDORE,,976.8,976.7999999999998,0.0,976.8000000000001,5376.0,376521.0,0.0,381897.0,7903.0,389800.0,588.11,36531.19,0.0,37119.3,53.17,,0.0,53.17,224.856,0.0,0.0,224.84999999999997,116.86000000000001,14678.14,0.0,14795.0,267.55,1250.4699999999998,0.0,1518.02,,6380.32,,6380.32,,,,,,,,,1250.53,58840.12,0.0,60090.65,,,,,,,,,,,,0.0,,,,0.0,,,,,,,,,,,,,,,,0.0,1250.53,58840.12,0.0,60090.65,125.06,5351.450000000001,0.0,5476.51,1125.4699999999998,53488.67,0.0,54614.14,143.18000999999998,8002.9047359999995,,8146.0847459999995,0.0,1471.4,,1471.4,467.40999999999997,58712.54,,59179.95,610.5799999999999,68186.84000000001,,68797.42000000001,54.25111286840165,127.47903434503047,,125.96997773836596,158.26,9844.35,0.0,10002.61,499.81,2039.38,0.0,2539.19,,,,,,,,,,,,,,0.0,0.0,54614.14,0.0,0.0,,0.0,,0.0,,,,,,,,54614.14,0.0
281,MADHYA PRADESH,JABALPUR,,1279.4499999999998,1279.45,0.0,1279.45,80876.0,369662.0,0.0,450538.0,94827.0,545365.0,12681.3,38946.87,0.0,51628.170000000006,291.37,,0.0,291.37,2915.3886,0.0,0.0,2915.4,1186.11,5886.900000000001,0.0,7073.0,163.31,163.55,0.0,326.8599999999999,193.68,840.24,,1033.92,0.0,547.5,0.0,547.5,0.0,0.0,0.0,0.0,17431.149999999998,46385.06,0.0,63816.21,,,,,,,,,,,,0.0,,,,0.0,,,,,,,,,,,,,,,,0.0,17431.149999999998,46385.06,0.0,63816.21,1151.82,3667.1799999999994,0.0,4819.0,16279.329999999998,42717.88,0.0,58997.21000000001,528.0309,3008.6415785999993,,3536.6724786,6.48,0.0,,6.48,4209.5,21297.9,,25507.4,4744.009999999999,24306.539999999997,,29050.55,29.141309869632227,56.9001551575125,,49.240548832732934,573.98,3382.96,0.0,3956.94,11489.380000000001,18200.05,0.0,29689.43,,,,,,,,,,,,,,0.0,0.0,58997.21,0.0,0.0,,0.0,,0.0,,,,,,,,58997.21,0.0
282,MADHYA PRADESH,JHABUA,,865.4,865.4000000000001,0.0,865.4,17018.0,294182.0,0.0,311200.0,33100.0,344300.0,1685.11,19521.34,0.0,21206.45,138.7,,0.0,138.7,2064.42,0.0,0.0,2064.42,145.38,2440.5899999999997,0.0,2585.97,108.61,1157.73,0.0,1266.3400000000001,0.0,675.504,0.0,675.504,,,,,,,,,4142.219999999999,23795.179999999997,0.0,27937.399999999998,,,,,,,,,,,,0.0,,,,0.0,,,,,,,,,,,,,,,,0.0,4142.219999999999,23795.179999999997,0.0,27937.399999999998,207.11,1496.45,0.0,1703.5600000000002,3935.11,22298.73,0.0,26233.84,128.77638000000002,2864.7828,,2993.55918,0.0,0.0,,0.0,484.61,9762.33,,10246.939999999999,613.39,12627.12,,13240.51,15.58762016817827,56.62708145262086,,50.47110907133687,160.96,3387.4600000000005,0.0,3548.4200000000005,3289.54,9148.92,0.0,12438.46,,,,,,,,,,,,,,0.0,0.0,26233.84,0.0,0.0,,0.0,,0.0,,,,,,,,26233.84,0.0
283,MADHYA PRADESH,KATNI,,1171.3999999999999,1171.3999999999999,0.0,1171.3999999999999,33404.0,433244.0,0.0,466648.0,22752.0,489400.0,2585.8599999999997,31270.530000000002,0.0,33856.39,818.99,,0.0,818.99,1162.4850000000001,0.0,0.0,1162.49,95.83,3248.9,0.0,3344.7299999999996,377.59999999999997,145.67,0.0,523.27,22.14,85.86,0.0,108.0,,,,,,,,,5062.9,34750.96,0.0,39813.86,,,,,,,,,,,,0.0,,,,0.0,,,,,,,,,,,,,,,,0.0,5062.9,34750.96,0.0,39813.86,339.18999999999994,2797.4100000000003,0.0,3136.6,4723.710000000001,31953.549999999996,0.0,36677.26,187.17856999999998,2437.5546799999997,,2624.7332499999998,0.0,0.0,,0.0,383.29200000000003,12995.64,,13378.932,570.47,15433.22,,16003.689999999999,12.07673629414168,48.29892140309919,,43.63382106515045,212.07,2761.7200000000003,0.0,2973.7900000000004,4128.36,16196.17,0.0,20324.53,,,,,,,,,,,,,,0.0,0.0,36677.26,0.0,0.0,,0.0,,0.0,,,,,,,,36677.26,0.0
284,MADHYA PRADESH,KHANDWA,,951.65,951.6500000000001,0.0,886.3980333168337,92560.0,488886.0,42803.0,624249.0,127301.0,751550.0,7381.400000000001,48785.630000000005,0.0,56167.03,1306.5399999999997,,0.0,1306.5399999999997,24904.722660479998,0.0,0.0,24904.72,643.98,9361.11,0.0,10005.09,3060.0199999999995,276.35,0.0,3336.3699999999994,653.788,1711.3999999999999,0.0,2365.188,,,,,,,,,37950.46,60134.490000000005,0.0,98084.95,0.0,0.0,0.0,0.0,,,,,0.0,0.0,0.0,0.0,0.0,0.0,0.0,0.0,0.0,0.0,0.0,0.0,0.0,0.0,0.0,0.0,0.0,0.0,0.0,0.0,0.0,0.0,0.0,0.0,37950.46,60134.490000000005,0.0,98084.95,3762.46,4285.47,0.0,8047.93,34188.00000000001,55849.020000000004,0.0,90037.01999999999,520.61337,2360.8658805,0.0,2881.4792505,0.0,45.92,0.0,45.92,2575.9,37444.388000000006,0.0,40020.288,3096.52,39851.17,0.0,42947.69,9.057330057330056,71.35518223954512,0.0,47.70003494118309,584.26,2659.66,0.0,3243.9199999999996,31027.84,15699.05,0.0,46726.89,,,,,,,,,,,,,,0.0,0.0,90037.02000000002,0.0,0.0,,0.0,,0.0,,,,,,,,90037.02000000002,0.0
285,MADHYA PRADESH,KHARGONE,,950.3000000000001,950.3000000000001,0.0,950.3000000000001,156918.0,499979.0,0.0,656897.0,146103.0,803000.0,14444.550000000001,48959.72,0.0,63404.270000000004,3702.27,,0.0,3702.27,28247.000890319992,0.0,0.0,28246.989999999998,986.3800000000001,9372.09,0.0,10358.470000000003,2397.84,892.6800000000001,0.0,3290.52,1002.172,3820.3240000000005,0.0,4822.495999999999,,,,,,,,,50780.22,63044.78999999999,0.0,113825.00999999998,0.0,0.0,0.0,0.0,,,,,,,,0.0,0.0,0.0,0.0,0.0,0.0,0.0,0.0,0.0,0.0,0.0,0.0,0.0,0.0,0.0,0.0,0.0,0.0,0.0,0.0,0.0,50780.22,63044.78999999999,0.0,113825.00999999998,3499.13,4364.469999999999,0.0,7863.59,47281.090000000004,58680.32,0.0,105961.41,1183.33584,3110.1691245,,4293.5049645,0.0,0.0,,0.0,3945.4828,37488.35,,41433.832800000004,5128.820000000001,40598.51,,45727.33,10.847507957198111,69.1859042350144,,43.15470132003717,1298.46,3445.38,0.0,4743.84,42037.15000000001,17746.6,0.0,59783.75000000001,,,,,,,0.0,0.0,0.0,,,,,0.0,0.0,105961.41,0.0,0.0,,0.0,,0.0,,,,,,,,105961.41,0.0
286,MADHYA PRADESH,MANDLA,,1427.7,1427.7,0.0,1427.7,31070.0,695840.0,0.0,726910.0,150190.0,877100.0,2971.5299999999997,54823.37,0.0,57794.90000000001,1789.44,,0.0,1789.44,588.06,0.0,0.0,588.06,75.46000000000001,1651.5800000000004,0.0,1727.0400000000002,422.73,283.64,0.0,706.37,0.0,64.224,0.0,64.224,,,,,,,,,5847.22,56822.810000000005,0.0,62670.03,,,,,,,,,,,,0.0,,,,0.0,,,,,,,,,,,,,,,,0.0,5847.22,56822.810000000005,0.0,62670.03,584.72,2841.16,0.0,3425.88,5262.5,53981.649999999994,0.0,59244.149999999994,322.74467999999996,2103.0307199999997,,2425.7753999999995,0.0,0.0,,0.0,301.86,6606.360000000001,,6908.220000000001,624.6,8709.4,,9334.0,11.868883610451308,16.134001091111518,,15.755142068879376,357.97,2332.52,0.0,2690.49,4602.67,45042.78,0.0,49645.45,,,,,,,,,,,,,,0.0,0.0,59244.149999999994,0.0,0.0,,0.0,,0.0,,,,,,,,59244.149999999994,0.0
287,MADHYA PRADESH,MANDSAUR,,0.0,753.6999999999999,0.0,753.6999999999999,0.0,499047.0,0.0,499047.0,53283.0,552330.0,0.0,47803.06,0.0,47803.06,,,,,0.0,0.0,0.0,0.0,0.0,15359.41,0.0,15359.41,0.0,463.6300000000001,0.0,463.6300000000001,0.0,3440.3999999999996,0.0,3440.3999999999996,,,,,,,,,0.0,67066.5,0.0,67066.5,,,,,,,,,,,,0.0,,,,0.0,,,,,,,,,,,,,,,,0.0,0.0,67066.5,0.0,67066.5,0.0,6706.65,0.0,6706.65,0.0,60359.85,0.0,60359.85,,3311.24715,,3311.24715,,0.0,,0.0,,61437.689999999995,,61437.689999999995,,64748.93000000001,,64748.93000000001,,107.27152237787206,,107.27152237787206,0.0,3604.9,0.0,3604.9,0.0,2412.5,0.0,2412.5,,,,,,,,,,,,,,0.0,0.0,60359.85,0.0,0.0,,0.0,,0.0,,,,,,,,60359.85,0.0
288,MADHYA PRADESH,MORENA,,753.0,753.0,0.0,753.0,224789.0,213700.0,0.0,438489.0,58400.0,496889.0,26785.69,20516.02,0.0,47301.70999999999,13914.63,,0.0,13914.63,3795.648,0.0,0.0,3795.66,1181.88,2479.77,0.0,3661.6500000000005,239.26999999999998,149.92000000000002,0.0,389.19000000000005,15.780000000000001,67.5,,83.28,,,,,,,,,45932.91,23213.21,0.0,69146.12000000001,,,,,,,,,,,,0.0,,,,0.0,,,,,,,,,,,,,,,,0.0,45932.91,23213.21,0.0,69146.12000000001,3531.71,1829.78,0.0,5361.48,42401.2,21383.43,0.0,63784.63,2713.28079,2868.1225499999996,,5581.40334,0.0,0.0,,0.0,8727.492,11091.8128,,19819.304799999998,11440.750000000002,13959.940000000002,,25400.690000000002,26.982137298001007,65.2839137593922,,39.822587353724565,3071.85,3276.57,0.0,6348.42,30601.88,7117.54,0.0,37719.42,,,,,,,,,,,,,,0.0,0.0,63784.63,0.0,0.0,,0.0,,0.0,,,,,,,,63784.63,0.0
289,MADHYA PRADESH,NARSINGHPUR,,1191.0,1191.0,0.0,1191.0,52769.0,426331.0,0.0,479100.0,34200.0,513300.0,10113.95,92514.68,0.0,102628.62999999999,1390.29,,0.0,1390.29,585.0,0.0,0.0,585.0,249.66000000000003,16935.32,0.0,17184.98,0.0,5.22,0.0,5.22,0.0,43.5,,43.5,,,,,,,,,12338.9,109498.72,0.0,121837.62,,,,,,,,,,,,0.0,,,,0.0,,,,,,,,,,,,,,,,0.0,12338.9,109498.72,0.0,121837.62,616.94,7679.42,0.0,8296.359999999999,11721.96,101819.29999999999,0.0,113541.26,101.25903,2161.90887,,2263.1679,0.0,0.0,,0.0,998.676,69218.63999999998,,70217.31599999999,1099.9299999999998,71380.54999999999,,72480.48,9.383499005285804,70.10512741690425,,63.8362477217533,109.75,2343.21,0.0,2452.96,10613.54,30257.450000000004,0.0,40870.990000000005,,,,,,,,,,,,,,0.0,0.0,113541.25999999998,0.0,0.0,,0.0,,0.0,,,,,,,,113541.25999999998,0.0
290,MADHYA PRADESH,NEEMUCH,,0.0,854.9000000000001,0.0,854.9000000000001,0.0,375744.0,0.0,375744.0,44300.0,420044.0,0.0,29881.06,0.0,29881.06,,,,,0.0,0.0,0.0,0.0,0.0,8374.27,0.0,8374.27,0.0,3574.4900000000002,0.0,3574.4900000000002,0.0,725.9999999999999,0.0,725.9999999999999,,,,,,,,,0.0,42555.82,0.0,42555.82,,,,,,,,,,,,0.0,,,,0.0,,,,,,,,,,,,,,,,0.0,0.0,42555.82,0.0,42555.82,0.0,4255.57,0.0,4255.57,0.0,38300.25,0.0,38300.25,,1893.067755,,1893.067755,,0.0,,0.0,,33497.06,,33497.06,,35390.12,,35390.12,,92.40179894387113,,92.40179894387113,0.0,2063.71,0.0,2063.71,0.0,3215.25,0.0,3215.25,,,,,,,,,,,,,,0.0,0.0,38300.25,0.0,0.0,,0.0,,0.0,,,,,,,,38300.25,0.0
291,MADHYA PRADESH,PANNA,,1182.8999999999999,1183.0,0.0,1182.9950500315767,33782.0,648687.0,0.0,682469.0,31025.0,713494.0,2558.68,54843.69,0.0,57402.37,678.79,,,678.79,1828.7640000000001,0.0,0.0,1828.7599999999998,163.34,3724.91,0.0,3888.25,559.1,311.03,0.0,870.1300000000001,13.379999999999999,51.84,0.0,65.22,,,,,,,,,5802.049999999999,58931.47,0.0,64733.520000000004,,,,,,,,,,,,0.0,,,,0.0,,,,,,,,,,,,,0.0,,,0.0,5802.049999999999,58931.47,0.0,64733.520000000004,580.19,5893.160000000001,0.0,6473.35,5221.859999999999,53038.31,0.0,58260.17,196.56783000000001,2167.42548,,2363.9933100000003,0.0,0.0,,0.0,544.504,14899.572,,15444.076,741.0799999999999,17067.0,,17808.079999999998,14.191877989835042,32.17862710934794,,30.566474488488442,219.15,2416.42,0.0,2635.57,4458.1900000000005,35722.310000000005,0.0,40180.50000000001,,,,,,,,,,,,,,0.0,0.0,58260.17,0.0,0.0,,0.0,,0.0,,,,,,,,58260.17,0.0
292,MADHYA PRADESH,RAISEN,,1207.3,1207.3000000000002,0.0,1207.3,58600.0,602339.0,0.0,660939.0,185600.0,846539.0,10869.33,65419.96,0.0,76289.29000000001,320.25,,0.0,320.25,91.09799999999998,0.0,0.0,91.09,298.40999999999997,9405.769999999999,0.0,9704.18,1762.99,649.9399999999999,0.0,2412.93,0.0,338.22,0.0,338.22,,,,,,,,,13342.08,75813.89,0.0,89155.97,0.0,0.0,0.0,0.0,,,,,0.0,0.0,0.0,0.0,0.0,0.0,0.0,0.0,0.0,0.0,0.0,0.0,0.0,0.0,0.0,0.0,0.0,0.0,0.0,0.0,0.0,0.0,0.0,0.0,13342.08,75813.89,0.0,89155.97,1334.21,5872.55,0.0,7206.759999999999,12007.87,69941.34,0.0,81949.20999999999,243.70319999999998,2983.40196,,3227.1051600000005,0.0,650.0,,650.0,1193.63,38424.182,,39617.812000000005,1437.33,42057.57,,43494.899999999994,11.969899740753355,60.13263400443858,,53.075435382476535,264.59,3382.3,0.0,3646.89,10549.65,27484.870000000003,0.0,38034.520000000004,,,,,,,,,,,,,,0.0,0.0,81949.20999999999,0.0,0.0,,0.0,,0.0,,,,,,,,81949.20999999999,0.0
293,MADHYA PRADESH,RAJGARH,,0.0,972.0,0.0,972.0,0.0,615498.0,0.0,615498.0,0.0,615498.0,0.0,65411.490000000005,0.0,65411.490000000005,,,,,0.0,0.0,0.0,0.0,0.0,15386.64,0.0,15386.64,0.0,735.8800000000001,0.0,735.8800000000001,,924.0,,924.0,,,,,,,,,0.0,82458.01000000001,0.0,82458.01000000001,,,,,,,,,,,,0.0,,,,0.0,,,,,,,,,,,,,,,,0.0,0.0,82458.01000000001,0.0,82458.01000000001,0.0,4954.26,0.0,4954.26,0.0,77503.75,0.0,77503.75,,3873.1901999999995,,3873.1901999999995,,0.0,,0.0,,61546.562,,61546.562,,65419.73000000001,,65419.73000000001,,84.40847055787624,,84.40847055787624,0.0,4534.9,0.0,4534.9,0.0,11422.310000000001,0.0,11422.310000000001,,,,,,,,,,,,,,0.0,0.0,77503.75,0.0,0.0,,0.0,,0.0,,,,,,,,77503.75,0.0
294,MADHYA PRADESH,RATLAM,,992.85,992.85,0.0,992.85,8614.0,452986.0,0.0,461600.0,24500.0,486100.0,532.08,54040.34999999999,0.0,54572.42999999999,162.87,,,162.87,19.44,0.0,0.0,19.44,54.379999999999995,25825.540000000005,0.0,25879.920000000002,250.18,523.4200000000001,0.0,773.6,0.0,3022.8,0.0,3022.8,,,,,,,,,1018.95,83412.11000000002,0.0,84431.06,,,,,,,,,,,,0.0,,,,0.0,,,,,,,,,,,,,,,,0.0,1018.95,83412.11000000002,0.0,84431.06,50.94,8057.459999999999,0.0,8108.4,968.01,75354.65,0.0,76322.66,13.76634,4000.4532900000004,,4014.2196300000005,0.0,208.0,,208.0,217.5,103302.15999999999,,103519.65999999999,231.27,107510.6,,107741.87,23.89128211485419,142.67281448457396,,141.1662932083342,15.46,6050.64,0.0,6066.1,735.05,756.01,0.0,1491.06,,,,,,,,,,,,,,0.0,0.0,76322.66,0.0,0.0,,0.0,,0.0,,,,,,,,76322.66,0.0
295,MADHYA PRADESH,REWA,,1141.5,1141.5,0.0,1141.5,85364.0,505772.0,0.0,591136.0,37600.0,628736.0,4568.08,37714.44,0.0,42282.520000000004,3212.9399999999996,,0.0,3212.9399999999996,934.9007399999999,0.0,0.0,934.91,1336.1,4144.7300000000005,0.0,5480.83,201.31,166.04,0.0,367.34999999999997,3.36,95.57999999999998,,98.94,,,,,,,,,10256.7,42120.79,0.0,52377.49,,,,,,,,,,,,0.0,,,,0.0,,,,,,,,,,,,,,,,0.0,10256.7,42120.79,0.0,52377.49,659.72,3350.1400000000003,0.0,4009.8599999999997,9596.98,38770.65,0.0,48367.63,1101.1998899999999,4245.2564175,,5346.4563075,67.076,106.668,,173.74400000000003,4453.6932,16578.892,,21032.585199999998,5621.969999999999,20930.829999999998,,26552.800000000003,58.58061598544542,53.98627570082007,,54.89787281287093,1263.84,4921.21,0.0,6185.05,3812.38,17163.87,0.0,20976.25,,,,,,,,,,,,,,0.0,0.0,48367.630000000005,0.0,0.0,,0.0,,0.0,,,,,,,,48367.630000000005,0.0
296,MADHYA PRADESH,SAGAR,,1205.0,1205.0,0.0,1205.0,40053.0,885365.0,0.0,925418.0,99782.0,1025200.0,3409.26,87661.81,0.0,91071.06999999999,889.62,,0.0,889.62,1061.1558,0.0,0.0,1061.16,239.64000000000001,13982.849999999999,0.0,14222.49,1033.1599999999999,330.79,0.0,1363.95,30.179999999999993,120.51000000000002,0.0,150.68999999999997,,,,,,,,,6663.02,102095.96999999999,0.0,108758.99,,,,,,,,,,,,0.0,,,,0.0,,,,,,,,,,,,,,,,0.0,6663.02,102095.96999999999,0.0,108758.99,426.13,8402.6,0.0,8828.73,6236.889999999999,93693.37000000001,0.0,99930.26000000001,152.4990075,3493.3845225,,3645.8835299999996,0.0,0.0,,0.0,882.2967999999998,55704.4528,,56586.7496,1034.8000000000002,59197.83,,60232.630000000005,16.591602545499445,63.18251761037094,,60.27466555175579,164.89,3924.8700000000003,0.0,4089.76,5189.71,34064.060000000005,0.0,39253.770000000004,,,,,,,,,,,,,,0.0,0.0,99930.26000000001,0.0,0.0,,0.0,,0.0,,,,,,,,99930.26000000001,0.0
297,MADHYA PRADESH,SATNA,,1075.5,1075.5,0.0,1075.5,47108.0,624998.0,0.0,672106.0,79910.0,752016.0,3693.55,48391.9,0.0,52085.45,362.68,,0.0,362.68,3960.6629999999996,0.0,0.0,3960.6499999999996,0.0,8308.49,0.0,8308.49,0.0,136.41,0.0,136.41,15.600000000000001,63.36000000000001,0.0,78.96000000000001,,,,,,,,,8032.48,56900.16000000001,0.0,64932.64,,,,,,,,,,,,0.0,,,,0.0,,,,,,,,,,,,,,,,0.0,8032.48,56900.16000000001,0.0,64932.64,803.26,4837.52,0.0,5640.780000000001,7229.219999999999,52062.64,0.0,59291.86,346.81278,4197.936540000001,,4544.74932,0.0,0.0,,0.0,459.648,33233.967000000004,,33693.615000000005,806.47,37431.91,,38238.380000000005,11.155698678418974,71.89783307185346,,64.49178689958454,387.45,4689.859999999999,0.0,5077.3099999999995,6382.11,17267.78,0.0,23649.89,,,,,,,,,,,,,,0.0,0.0,59291.86,0.0,0.0,,0.0,,0.0,,,,,,,,59291.86,0.0
298,MADHYA PRADESH,SEHORE,,1157.4,1067.5,0.0,1083.33755132738,81516.0,381200.0,0.0,462716.0,193828.0,656544.0,8481.78,45851.189999999995,0.0,54332.969999999994,1116.0,,,1116.0,3124.332,0.0,0.0,3124.33,817.7,8827.39,0.0,9645.099999999999,1159.98,344.39,0.0,1504.3700000000001,12.599999999999998,60.6,,73.19999999999999,,,,,,,,,14712.380000000001,55083.56999999999,0.0,69795.95,0.0,0.0,0.0,0.0,,,,,0.0,0.0,0.0,0.0,0.0,0.0,0.0,0.0,0.0,0.0,0.0,0.0,0.0,0.0,0.0,0.0,0.0,0.0,0.0,0.0,0.0,0.0,0.0,0.0,14712.380000000001,55083.56999999999,0.0,69795.95,1007.5600000000001,3600.58,0.0,4608.14,13704.82,51482.990000000005,0.0,65187.81,346.70766,2018.8953000000001,,2365.6029599999997,0.0,0.0,,0.0,2725.566,35309.55,,38035.115999999995,3072.27,37328.450000000004,,40400.72,22.41744145490419,72.50637540671201,,61.9758816870823,383.54999999999995,2222.23,0.0,2605.7799999999997,10595.72,14396.789999999999,0.0,24992.51,,,,,,,,,,,,,,0.0,0.0,65187.810000000005,0.0,0.0,,0.0,,0.0,,,,,,,,65187.810000000005,0.0
299,MADHYA PRADESH,SEONI,,1322.0,1322.0,0.0,1322.0,82452.0,722598.0,0.0,805050.0,70780.0,875830.0,6068.54,58525.11,0.0,64593.65000000001,1013.96,,0.0,1013.96,237.6,0.0,0.0,237.6,0.0,5435.389999999999,0.0,5435.389999999999,991.3100000000001,193.08999999999997,0.0,1184.3999999999996,37.68,,,37.68,,,,,,,,,8349.09,64153.59,0.0,72502.68,,,,,,,,,,,,0.0,,,,0.0,,,,,,,,,,,,,,,,0.0,8349.09,64153.59,0.0,72502.68,507.04999999999995,3745.7999999999993,0.0,4252.85,7842.039999999999,60407.79,0.0,68249.83,265.83753,2870.96152,,3136.7990499999996,0.0,0.0,,0.0,743.5500000000001,21741.465000000004,,22485.015,1009.3699999999999,24612.440000000002,,25621.809999999998,12.87126819041984,40.743817974469856,,37.54120706234726,295.4,3190.0099999999998,0.0,3485.4100000000003,6803.1,35476.3,0.0,42279.4,,,,,,,,,,,,,,0.0,0.0,68249.83,0.0,0.0,,0.0,,0.0,,,,,,,,68249.83,0.0
300,MADHYA PRADESH,SHAHDOL,,1131.4,1131.4,0.0,1131.4,5047.0,492753.0,0.0,497800.0,86300.0,584100.0,478.32,46700.01,0.0,47178.33,310.94,,0.0,310.94,0.0,0.0,0.0,0.0,0.0,1211.11,0.0,1211.11,0.0,149.56,0.0,149.56,0.0,26.159999999999997,0.0,26.159999999999997,,,,,,,,,789.26,48086.85,0.0,48876.11,,,,,,,,,,,,0.0,,,,0.0,,,,,,,,,,,,,,,,0.0,789.26,48086.85,0.0,48876.11,78.93,4808.68,0.0,4887.61,710.3299999999999,43278.17,0.0,43988.5,20.61009,2137.05456,,2157.6646499999997,0.0,0.0,,0.0,99.792,4844.448,,4944.24,120.4,6981.51,,7101.91,16.949868371038814,16.13171259320808,,16.144924241563135,22.78,2361.7599999999998,0.0,2384.54,587.76,36071.96,0.0,36659.72,,,,,,,,,,,,,,0.0,0.0,43988.50000000001,0.0,0.0,,0.0,,0.0,,,,,,,,43988.50000000001,0.0
301,MADHYA PRADESH,SHAJAPUR,,0.0,1036.0999999999997,0.0,1036.0999999999997,0.0,339617.0,0.0,339617.0,4708.0,344325.0,0.0,42405.42,0.0,42405.42,,,,,0.0,0.0,0.0,0.0,0.0,13519.960000000001,0.0,13519.960000000001,0.0,571.79,0.0,571.79,0.0,304.8,0.0,304.8,,,,,,,,,0.0,56801.97,0.0,56801.97,,,,,,,,,,,,0.0,,,,0.0,,,,,,,,,,,,,,,,0.0,0.0,56801.97,0.0,56801.97,0.0,3551.76,0.0,3551.76,0.0,53250.21,0.0,53250.21,,2098.7295599999998,,2098.7295599999998,,0.0,,0.0,,54079.835999999996,,54079.835999999996,,56178.57,,56178.57,,105.4992459184668,,105.4992459184668,0.0,2288.53,0.0,2288.53,0.0,2798.52,0.0,2798.52,,,,,,,,,,,,,,0.0,0.0,53250.21,0.0,0.0,,0.0,,0.0,,,,,,,,53250.21,0.0
302,MADHYA PRADESH,SHEOPUR,,799.2,799.2,0.0,799.2,71150.0,462330.0,0.0,533480.0,127120.0,660600.0,8511.2,27407.39,0.0,35918.590000000004,12744.8,,,12744.8,3259.2948000000006,0.0,0.0,3259.29,191.20000000000002,3459.3100000000004,0.0,3650.51,0.0,395.05,0.0,395.05,29.5,132.10000000000002,0.0,161.6,,,,,,,,,24735.99,31393.85,0.0,56129.840000000004,,,,,,,,,,,,0.0,,,,0.0,,,,,,,,,,,,,,,,0.0,24735.99,31393.85,0.0,56129.840000000004,2473.61,2483.63,0.0,4957.24,22262.38,28910.22,0.0,51172.6,365.73875999999996,1353.5645399999999,,1719.3033,0.0,0.0,,0.0,1631.68,15999.66,,17631.34,1997.42,17353.22,,19350.64,8.972176380063587,60.02451728143197,,37.81445539214345,415.28999999999996,1553.23,0.0,1968.5099999999998,20215.41,11357.33,0.0,31572.739999999998,,,,,,,,,,,,,,0.0,0.0,51172.600000000006,0.0,0.0,,0.0,,0.0,,,,,,,,51172.600000000006,0.0
303,MADHYA PRADESH,SHIVPURI,,994.8999999999999,994.9000000000001,0.0,994.9,69421.0,907628.0,0.0,977049.0,50751.0,1027800.0,3064.08,59025.26,0.0,62089.34,1760.69,,0.0,1760.69,2851.83,0.0,0.0,2851.83,579.76,11443.61,0.0,12023.369999999999,1030.6200000000001,321.35999999999996,0.0,1351.9800000000002,80.86,283.32,0.0,364.18,,,,,,,,,9367.83,71073.54999999999,0.0,80441.38,,,,,,,,,,,,0.0,,,,0.0,,,,,,,,,,,,,,,,0.0,9367.83,71073.54999999999,0.0,80441.38,801.5000000000002,4910.84,0.0,5712.34,8566.33,66162.70999999999,0.0,74729.04,285.84975,4109.11233,,4394.962079999999,0.0,0.0,,0.0,2319.0,45774.4792,,48093.4792,2604.85,49883.57000000001,,52488.42,30.408004361260886,75.39529441886526,,70.23831699162736,326.65999999999997,4695.8099999999995,0.0,5022.47,5920.67,15692.43,0.0,21613.1,,,,,,,,,,,,,,0.0,0.0,74729.04,0.0,0.0,,0.0,,0.0,,,,,,,,74729.04,0.0
304,MADHYA PRADESH,SIDHI,,1154.0,1154.0,0.0,1154.0,48890.0,311495.0,0.0,360385.0,124995.0,485380.0,7795.300000000001,39948.5,0.0,47743.799999999996,848.13,,0.0,848.13,0.0,0.0,0.0,0.0,0.0,2116.92,0.0,2116.92,115.06,160.46,0.0,275.52,8.88,256.92,0.0,265.8,,,,,,,,,8767.37,42482.799999999996,0.0,51250.17,,,,,,,,,,,,0.0,,,,0.0,,,,,,,,,,,,,,,,0.0,8767.37,42482.799999999996,0.0,51250.17,816.36,2940.0200000000004,0.0,3756.37,7951.009999999999,39542.78,0.0,47493.79,69.27846,2449.58946,,2518.8679199999997,0.0,0.0,,0.0,39.139199999999995,8467.6536,,8506.7928,108.43,10917.25,,11025.68,1.3637261178139635,27.608706317562902,,23.214992949604568,79.62,2815.2799999999997,0.0,2894.9,7832.24,28259.829999999998,0.0,36092.07,,,,,,,,,,,,,,0.0,0.0,47493.79,0.0,0.0,,0.0,,0.0,,,,,,,,47493.79,0.0
305,MADHYA PRADESH,SINGRAULI,,1120.2,1120.2,0.0,1120.2,6602.0,444658.0,0.0,451260.0,115940.0,567200.0,350.04,32994.76,0.0,33344.8,102.14,,0.0,102.14,0.0,0.0,0.0,0.0,0.0,2697.44,0.0,2697.44,142.28,214.58,0.0,356.86,123.18,146.57999999999998,0.0,269.76,,,,,,,,,717.6400000000001,36053.36,0.0,36771.0,,,,,,,,,,,,0.0,,,,0.0,,,,,,,,,,,,,,,,0.0,717.6400000000001,36053.36,0.0,36771.0,71.77000000000001,2645.58,0.0,2717.35,645.87,33407.78,0.0,34053.65,32.902559999999994,2141.45208,,2174.35464,0.0,0.0,,0.0,68.6664,10789.74,,10858.4064,101.56,12931.19,,13032.75,15.72452660752164,38.707121514808826,,38.27122790068025,38.86,2529.2200000000003,0.0,2568.08,538.35,20088.82,0.0,20627.17,,,,,,,,,,,,,,0.0,0.0,34053.65,0.0,0.0,,0.0,,0.0,,,,,,,,34053.65,0.0
306,MADHYA PRADESH,TIKAMGARH,,943.5999999999999,943.6000000000001,0.0,943.5999999999999,40733.0,447431.0,0.0,488164.0,16700.0,504864.0,3799.4500000000003,43367.34,0.0,47166.79,1269.5,,0.0,1269.5,2109.888,0.0,0.0,2109.89,778.63,8408.78,0.0,9187.41,1671.3200000000002,497.78,0.0,2169.1000000000004,23.04,54.47999999999999,0.0,77.52000000000001,,,,,,,,,9651.83,52328.380000000005,0.0,61980.21000000001,,,,,,,,,,,,0.0,,,,0.0,,,,,,,,,,,,,,,,0.0,9651.83,52328.380000000005,0.0,61980.21000000001,663.89,4954.93,0.0,5618.82,8987.94,47373.44999999999,0.0,56361.39000000001,365.14307999999994,3476.47827,,3841.6213499999994,0.0,0.0,,0.0,2758.374,33635.088,,36393.462,3123.51,37111.549999999996,,40235.060000000005,34.75223466111256,78.33828864057823,,71.38762901340795,494.9,4588.259999999999,0.0,5083.16,5734.68,9150.119999999999,0.0,14884.8,,,,,,,,,,,,,,0.0,0.0,56361.38999999999,0.0,0.0,,0.0,,0.0,,,,,,,,56361.38999999999,0.0
307,MADHYA PRADESH,UJJAIN,,0.0,936.2930941705545,0.0,936.2930941705545,0.0,593933.0,0.0,593933.0,19090.0,613023.0,0.0,73764.02,0.0,73764.02,,,,,0.0,0.0,0.0,0.0,0.0,23047.85,0.0,23047.85,0.0,2355.37,0.0,2355.37,0.0,1030.56,0.0,1030.56,,,,,,,,,0.0,100197.8,0.0,100197.8,,,,,,,,,,,,0.0,,,,0.0,,,,,,,,,,,,,,,,0.0,0.0,100197.8,0.0,100197.8,0.0,8396.96,0.0,8396.96,0.0,91800.84,0.0,91800.84,,3517.8796725,,3517.8796725,,28.84,,28.84,,92923.57800000001,,92923.57800000001,,96470.29999999999,,96470.29999999999,,105.08651119096513,,105.08651119096513,0.0,3859.19,0.0,3859.19,0.0,9505.3,0.0,9505.3,,,,,,,,,,,,,,0.0,0.0,91800.84,0.0,0.0,,0.0,,0.0,,,,,,,,91800.84,0.0
308,MADHYA PRADESH,UMARIA,,0.0,1242.0,0.0,1242.0,0.0,421900.0,0.0,421900.0,32000.0,453900.0,0.0,43759.119999999995,0.0,43759.119999999995,0.0,,0.0,0.0,0.0,0.0,0.0,0.0,0.0,2147.83,0.0,2147.83,0.0,162.6,0.0,162.6,0.0,16.8,0.0,16.8,,,,,,,,,0.0,46086.35,0.0,46086.35,,,,,,,,,,,,0.0,,,,0.0,,,,,,,,,,,,,,,,0.0,0.0,46086.35,0.0,46086.35,0.0,4608.62,0.0,4608.62,0.0,41477.729999999996,0.0,41477.729999999996,,1480.9853099999998,,1480.9853099999998,,0.0,,0.0,,8591.3784,,8591.3784,,10072.369999999999,,10072.369999999999,,24.283802416381032,,24.283802416381032,0.0,1714.96,0.0,1714.96,0.0,31171.39,0.0,31171.39,,,,,,,,,,,,,,0.0,0.0,41477.729999999996,0.0,0.0,,0.0,,0.0,,,,,,,,41477.729999999996,0.0
309,MADHYA PRADESH,VIDISHA,,1135.3,1135.3,0.0,1135.3,76287.0,604483.0,0.0,680770.0,56330.0,737100.0,7639.43,67649.24,0.0,75288.67,2182.2,,,2182.2,687.258,0.0,0.0,687.27,370.46,11711.19,0.0,12081.65,256.75,164.27000000000004,0.0,421.02,7.8,79.23800000000001,,87.038,,,,,,,,,11143.91,79603.94,0.0,90747.85,,,,,,,,,,,,0.0,,,,0.0,,,,,,,,,,,,,,,,0.0,11143.91,79603.94,0.0,90747.85,999.8,5394.9400000000005,0.0,6394.74,10144.109999999999,74209.0,0.0,84353.11,411.70029,3164.84784,,3576.5481299999997,0.0,0.0,,0.0,1481.868,46178.21799999999,,47660.086,1893.57,49343.07000000001,,51236.64,18.666694268891014,66.49202926868709,,60.740665044833555,480.16999999999996,3547.7200000000003,0.0,4027.8900000000003,8182.080000000001,24483.06,0.0,32665.140000000003,,,,,,,,,,,,,,0.0,0.0,84353.11,0.0,0.0,,0.0,,0.0,,,,,,,,84353.11,0.0
310,MAHARASHTRA,Ahmednagar,,563.6742822030417,574.2989138807402,565.0402347059467,571.6674961199379,366203.1400000001,1172429.26,23842.6,1562475.0,0.0,1562475.0,23481.980000000003,76592.29999999999,1401.1,101475.38,3430.8199999999997,0.0,0.0,3430.8199999999997,18349.495049999998,0.0,0.0,18349.495049999998,11132.419999999996,17626.809999999998,199.03000000000003,28958.26,609.3100000000001,2347.37,0.0,2956.68,209.32,5546.068,11.780000000000001,5767.168000000001,,,,,,,,,57213.37,102112.52,1611.9099999999999,160937.80000000002,,,,,,,,,,,,,,,,,,,,,,,,,,,,,,,,,57213.37,102112.52,1611.9099999999999,160937.80000000002,3018.61,5438.45,161.19,8618.25,54194.76,96674.07,1450.72,152319.55,1629.9425,4566.794500000001,11.4975,6208.2345000000005,0.0,0.0,0.0,0.0,44652.082,69936.27028999999,796.1370000000002,115384.48928999997,46282.02999999999,74503.06999999999,807.63,121592.73000000001,85.39945559312375,77.06623916837265,55.670977169956984,80.0596783311702,1629.93,4566.830000000001,0.0,6196.76,12043.38,29656.98,810.8,41700.36,,,,,,,,,,,,,,0.0,0.0,150868.83000000002,1450.72,,,,,,,,,,,,,150868.83000000002,1450.72
311,MAHARASHTRA,Akola,,745.810778534404,781.3032189427089,792.3685051537633,779.6228625440707,48014.32,390222.54000000004,75928.01000000001,514164.87,0.0,514164.87,3135.2999999999997,24897.265262224653,5009.375652480732,33041.94091470539,1770.5199999999998,0.0,0.0,1770.5199999999998,1645.4806878000002,0.0,0.0,1645.4806878000002,702.71,4012.7404749817597,208.16221157619967,4923.61268655796,284.09000000000003,164.52341216670033,0.0,448.6134121667003,120.86200000000001,1440.0769093094596,5.826603829160531,1566.7655131386202,,,,,,,,,7658.959999999999,30514.559831316365,5223.373377066258,43396.89320838262,,,,,,,,,,,,,,,,,,,,,,,,,,,,,,,,,7658.959999999999,30514.559831316365,5223.373377066258,43396.89320838262,582.6499999999999,1980.6951734678184,459.50952286133895,3022.8546963291574,7076.309999999999,28533.864657848546,4763.863854204919,40374.03851205347,302.84988000000004,1944.9773502842154,120.68026454641773,2368.5074948306333,0.0,0.0,0.0,0.0,3353.0031799999997,18159.89105835671,832.9760009436495,22345.870239300362,3655.8599999999997,20104.86618164117,953.7063283433953,24714.43250998456,51.66336692428681,70.45966756596047,20.019596645306883,66.72454266214686,302.88,1944.9884025503393,0.0,2247.8684025503394,3420.4499999999994,8480.558476207381,4236.046168737112,11901.00847620738,,,,,,,,,,,,,,0.0,0.0,35610.17465784855,4763.863854204919,,,,,,,,,,,,,35610.17465784855,4763.863854204919
312,MAHARASHTRA,Amravati,,861.9318735044145,905.7346994330492,679.2710515112814,858.8341104262314,48476.0,626333.0,164430.0,839239.0,0.0,839239.0,4064.5,50899.41114900789,9970.49699071741,64934.40813972529,3023.9399999999996,0.0,0.0,3023.9399999999996,7880.537539439998,0.0,0.0,7880.537539439998,1975.76,14197.65473729718,2058.850082149502,18232.264819446682,40.08,1281.2963515680374,0.0,1321.3763515680375,340.01800000000003,2797.3175097403787,0.0,3137.335509740379,,,,,,,,,17324.84,69175.69665343247,12029.347072866914,98529.88372629936,,,,,,,,,,,,,,,,,,,,,,,,,,,,,,,,,17324.84,69175.69665343247,12029.347072866914,98529.88372629936,1004.5400000000002,5117.328611498339,1006.1520843724372,7128.020695870778,16320.300000000001,64058.36804193412,11023.19498849448,91401.8630304286,909.247565,3445.547820900305,999.8060494462794,5354.601435346585,0.0,0.0,0.0,0.0,9647.570546,61235.90659096782,9369.709664357984,80253.18680132582,10556.889999999998,64681.519476799025,10369.558814822978,85607.96829162202,64.68563690618431,100.97278693465461,94.0703564224915,93.60494682189388,909.24,3445.5473277609794,0.0,4354.78732776098,7540.9299999999985,10610.348524380308,6013.304340432243,18151.27852438031,,,,,,,,,,,,,,0.0,0.0,80378.66804193411,11023.194988494479,,,,,,,,,,,,,80378.66804193411,11023.194988494479
313,MAHARASHTRA,Aurangabad,,637.8012012209131,677.6385353252389,0.0,671.2512645052379,152345.0,797829.0,0.0,950174.0,0.0,950174.0,10190.21,57568.67,,67758.88,604.6400000000001,0.0,,604.6400000000001,9780.790704,0.0,,9780.790704,4224.57,11718.93,,15943.5,1085.67,2950.94,,4036.61,1726.486,6452.638000000001,,8179.124000000001,,,,,,,,,27612.36,78691.23,,106303.59000000003,,,,,,,,,,,,,,,,,,,,,,,,,,,,,,,,,27612.36,78691.23,,106303.59000000003,1519.1899999999998,3973.53,,5492.720000000001,26093.17,74717.70000000001,,100810.87,732.3824999999999,2730.15375,,3462.5362500000006,0.0,0.0,,0.0,18420.6808,50931.6985,,69352.3793,19153.1,53661.84,,72814.94,73.40273335895945,71.81944840379185,,72.22925464287731,732.35,2730.13,,3462.4800000000005,6940.08,21055.88,,27995.96,,,,,,,,,,,,,,0.0,,100810.87000000001,,,,,,,,,,,,,,100810.87000000001,0.0
314,MAHARASHTRA,Beed,,704.9578612067891,695.0376735003406,0.0,696.0364625364059,104227.0,930978.0,0.0,1035205.0,0.0,1035205.0,8985.65,78436.00000000001,,87421.65,1432.3099999999997,0.0,,1432.3099999999997,15298.347960000001,0.0,,15298.347960000001,2249.4100000000003,14335.6,,16585.010000000002,38.980000000000004,275.28999999999996,,314.27000000000004,209.02800000000002,7230.012000000001,,7439.040000000001,,,,,,,,,28213.74,100276.87,,128490.61000000002,,,,,,,,,,,,,,,,,,,,,,,,,,,,,,,,,28213.74,100276.87,,128490.61000000002,1410.68,5013.869999999999,,6424.549999999999,26803.060000000005,95263.0,,122066.06,712.3485,3500.7480000000005,,4213.0965,0.0,0.0,,0.0,10033.812,57778.2145,,67812.02649999999,10746.18,61278.94999999999,,72025.12999999999,40.093108771908874,64.32607623106557,,59.00504202396636,712.35,3500.77,,4213.120000000001,16056.880000000001,33984.049999999996,,50040.92999999999,,,,,,,,,,,,,,0.0,,122066.06000000003,,,,,,,,,,,,,,122066.06000000003,0.0
315,MAHARASHTRA,Bhandara,,1433.474078685026,1456.021272085782,0.0,1449.9462217873024,106831.0,289666.0,0.0,396497.0,0.0,396497.0,6980.854150964433,24816.820784995118,,31797.674935959552,1539.4563998216079,0.0,,1539.4563998216079,47539.794087696886,0.0,,47539.794087696886,1626.29,4578.780379335815,,6205.070379335815,373.04999999999995,1364.6254770698142,,1737.6754770698144,1488.184,2332.1737478993264,,3820.357747899326,,,,,,,,,59547.631966774454,33092.39639090625,,92640.0283576807,,,,,,,,,,,,,,,,,,,,,,,,,,,,,,,,,59547.631966774454,33092.39639090625,,92640.0283576807,5156.419186085405,1679.6713182068304,,6836.090504292235,54391.21278068905,31412.725072699424,,85803.93785338847,1415.347904471513,2232.8376008986916,,3648.1855053702047,16.424999999999997,21.462000000000003,,37.887,5905.950652941242,16508.35822182544,,22414.308874766684,7337.749506076486,18762.641027855305,,26100.390533931793,13.490689269355041,59.72942807232532,,30.4186395017546,1415.362501951165,2232.8256560298632,,3648.188157981028,47053.46327461256,12650.084044844118,,59703.54731945667,,,,,,,,,,,,,,0.0,,85803.93785338846,,,,,,,,,,,,,,85803.93785338846,0.0
316,MAHARASHTRA,Buldhana,,757.7635423834595,757.8867645571144,712.6982499624455,756.411066699975,62489.0,731498.0,26628.0,820615.0,0.0,820615.0,5262.290000000001,59513.024661792406,1781.786376811594,66557.10103860399,881.1000000000001,0.0,0.0,881.1000000000001,2251.85265,0.0,0.0,2251.85265,1373.21,14639.658969200636,125.74666666666666,16138.615635867303,928.7299999999999,793.4899999999998,0.0,1722.2199999999998,530.804,5554.212747756016,16.528,6101.544747756016,,,,,,,,,11228.0,80500.41037874905,1924.0530434782609,93652.46342222732,,,,,,,,,,,,,,,,,,,,,,,,,,,,,,,,,11228.0,80500.41037874905,1924.0530434782609,93652.46342222732,561.39,4573.643763777143,161.91681159420287,5296.950575371346,10666.61,75926.76661497192,1762.1362318840581,88355.51284685597,685.2516350000001,2569.1497994269585,110.96267666666668,3365.364111093625,0.0,0.0,0.0,0.0,5532.940312000001,59664.4211031581,638.772635942029,65836.13405110013,6218.199999999999,62233.62230106791,749.7873913043478,69201.60969237227,58.295934697153065,81.96532668993721,42.54991059928906,79.04972063328995,685.2800000000001,2569.1446471982117,0.0,3254.424647198212,4449.509999999999,16715.024313903996,1295.1147826086958,21164.534313903994,,,,,,,,,,,,,,0.0,0.0,86593.37661497192,1762.1362318840581,,,,,,,,,,,,,86593.37661497192,1762.1362318840581
317,MAHARASHTRA,Chandrapur,,1294.698054813542,1285.5399176775618,0.0,1286.2827651320995,84979.0,962678.0,0.0,1047657.0,0.0,1047657.0,7047.49,93333.80000000002,,100381.29,778.22,0.0,,778.22,9732.689102880704,0.0,,9732.689102880704,486.73,3438.66,,3925.3900000000003,0.0,623.5999999999999,,623.5999999999999,93.41,1073.666,,1167.076,,,,,,,,,18138.52,98469.69999999998,,116608.21999999997,,,,,,,,,,,,,,,,,,,,,,,,,,,,,,,,,18138.52,98469.69999999998,,116608.21999999997,906.93,5146.72,,6053.6500000000015,17231.59,93322.98,,110554.57,2777.2419999999997,14330.272500000001,,17107.514499999997,0.0,0.0,,0.0,1734.468,13190.538,,14925.006000000001,4511.71,27520.889999999996,,32032.6,26.182784061134228,29.4899391339625,,28.97446935029461,2777.2400000000007,14330.259999999998,,17107.499999999996,12719.88,65802.11,,78521.99,,,,,,,,,,,,,,0.0,,110554.56999999999,,,,,,,,,,,,,,110554.56999999999,0.0
318,MAHARASHTRA,Dhule,,652.6346181284523,642.556647798774,0.0,643.3266379290656,49061.0,593071.0,0.0,642132.0,0.0,642132.0,3403.1000000000004,41030.31999999999,,44433.42,674.8899999999999,0.0,,674.8899999999999,12117.881566531814,0.0,,12117.881566531814,2000.0300000000002,6302.250000000001,,8302.279999999999,132.64,454.77000000000004,,587.41,521.598,5775.612,,6297.21,,,,,,,,,18850.1,53562.909999999996,,72413.01,,,,,,,,,,,,,,,,,,,,,,,,,,,,,,,,,18850.1,53562.909999999996,,72413.01,1114.5000000000002,3031.62,,4146.12,17735.600000000002,50531.28999999999,,68266.89,328.03556,1426.774115,,1754.8096749999997,3.25301,0.0,,3.25301,8270.93,25811.726000000002,,34082.655999999995,8602.22,27238.5,,35840.719999999994,48.50255982318048,53.9042244913993,,52.5008829316818,328.02,1426.78,,1754.8000000000002,9133.38,23292.78,,32426.159999999996,,,,,,,,,,,,,,0.0,,68266.89,,,,,,,,,,,,,,68266.89,0.0
319,MAHARASHTRA,Gadchiroli,,1349.683556668053,1420.1789799277497,0.0,1418.3757685379708,22679.71,863969.39,0.0,886649.1,0.0,886649.1,1520.06,92556.10270128299,,94076.162701283,348.19000000000005,0.0,,348.19000000000005,3564.1300799999995,0.0,,3564.1300799999995,263.78,7957.164332877018,,8220.944332877018,140.23,1081.6375995670307,,1221.8675995670308,3.3600000000000003,197.85214536308933,,201.21214536308932,,,,,,,,,5839.74,101792.73877909011,,107632.47877909013,,,,,,,,,,,,,,,,,,,,,,,,,,,,,,,,,5839.74,101792.73877909011,,107632.47877909013,375.23,5735.405152653529,,6110.63515265353,5464.51,96057.33362643662,,101521.8436264366,435.424,3244.0931852790427,,3679.5171852790427,0.0,0.0,,0.0,682.0994999999999,20363.897327262104,,21045.996827262104,1117.52,23608.084382541147,,24725.604382541147,20.450506998797696,24.577076513857968,,24.35495997641883,435.43000000000006,3244.0783852790423,,3679.5083852790417,4346.99,72449.24924389545,,76796.23924389546,,,,,,,,,,,,,,0.0,,101521.84362643662,,,,,,,,,,,,,,101521.84362643662,0.0
320,MAHARASHTRA,Gondia,,1463.055266052548,1502.0603759040912,0.0,1495.1668026379978,81245.98,378458.77,0.0,459704.75,0.0,459704.75,6859.2,36759.59999999999,,43618.799999999996,2000.66,0.0,,2000.66,12740.55834639561,0.0,,12740.55834639561,1064.0900000000001,1677.4400000000003,,2741.53,1001.5300000000002,787.2600000000001,,1788.79,1977.768,1861.32,,3839.0879999999997,,,,,,,,,25643.760000000002,41085.64000000001,,66729.4,,,,,,,,,,,,,,,,,,,,,,,,,,,,,,,,,25643.760000000002,41085.64000000001,,66729.4,1520.0,2660.3,,4180.3,24123.76,38425.34000000001,,62549.1,3349.7000450000005,2560.2492250000005,,5909.949269999999,106.674,190.386,,297.06,4279.22106,5874.35868,,10153.579740000003,7735.560000000001,8625.02,,16360.58,32.066145575979874,22.44617744436353,,26.156379548226916,3349.69,2560.23,,5909.92,16388.2,29800.32,,46188.520000000004,,,,,,,,,,,,,,0.0,,62549.100000000006,,,,,,,,,,,,,,62549.100000000006,0.0
321,MAHARASHTRA,Hingoli,,1003.7873172922909,949.3872997811816,0.0,969.1281491760699,169191.0,297050.0,0.0,466241.0,0.0,466241.0,20023.43,31627.750000000004,,51651.18,385.45000000000005,0.0,,385.45000000000005,35665.488828,0.0,,35665.488828,4344.1,4618.18,,8962.279999999999,19.560000000000002,43.35,,62.91,914.3979999999999,4538.218,,5452.616,,,,,,,,,61352.42999999999,40827.52,,102179.95,,,,,,,,,,,,,,,,,,,,,,,,,,,,,,,,,61352.42999999999,40827.52,,102179.95,3117.79,2056.73,,5174.52,58234.63999999999,38770.79,,97005.43000000001,769.3899999999999,1389.7479999999996,,2159.138,1.02,1.512,,2.532,17624.767659999998,18472.72792,,36097.49558,18395.19,19863.989999999998,,38259.18,31.58805480724188,51.23442158387797,,39.440245767685376,769.3899999999999,1389.7500000000002,,2159.14,39839.450000000004,18906.800000000003,,58746.25000000001,,,,,,,,,,,,,,0.0,,97005.43,,,,,,,,,,,,,,97005.43,0.0
322,MAHARASHTRA,Jalgaon,,673.4533490933031,689.6229968180652,0.0,687.248599416636,167090.0,970793.0,0.0,1137883.0,0.0,1137883.0,12485.029999999995,77284.73,,89769.76000000001,1393.93,0.0,,1393.93,17049.529043100003,0.0,,17049.529043100003,6257.529999999999,16072.159999999998,,22329.690000000002,912.8200000000002,1303.7200000000003,,2216.54,2316.2439999999997,7493.468,,9809.712,,,,,,,,,40415.04000000001,102154.09,,142569.13,,,,,,,,,,,,,,,,,,,,,,,,,,,,,,,,,40415.04000000001,102154.09,,142569.13,2096.63,5207.72,,7304.35,38318.41000000001,96946.37000000001,,135264.78,1281.8405,3605.971,,4887.811500000001,0.0,0.0,,0.0,26842.491760000004,74319.82728999999,,101162.31904999999,28124.319999999996,77925.78000000003,,106050.1,73.39636482829007,80.38029685897473,,78.40185745321139,1281.81,3605.98,,4887.789999999999,11338.739999999998,24308.470000000005,,35647.21000000001,,,,,,,,,,,,,,0.0,,135264.78000000003,,,,,,,,,,,,,,135264.78000000003,0.0
323,MAHARASHTRA,Jalna,,686.8909660946779,685.1178033366273,0.0,685.2425529411765,54299.44,717500.56,0.0,771800.0,0.0,771800.0,3792.0299999999993,54088.97,,57881.0,344.70000000000005,0.0,,344.70000000000005,8632.0626012,0.0,,8632.0626012,1283.49,8942.33,,10225.82,1070.56,154.02,,1224.5800000000002,278.768,4571.996,,4850.764,,,,,,,,,15401.62,67757.35,,83158.97000000002,,,,,,,,,,,,,,,,,,,,,,,,,,,,,,,,,15401.62,67757.35,,83158.97000000002,770.0999999999999,3795.3199999999997,,4565.420000000001,14631.52,63962.03,,78593.55,183.57999999999998,1213.46025,,1397.04025,0.0,0.0,,0.0,5320.392,36314.089,,41634.48099999999,5503.960000000001,37527.590000000004,,43031.55,37.61714435684058,58.67166817563483,,54.75201209259538,183.57999999999998,1213.4299999999998,,1397.01,9127.56,26434.43,,35561.99,,,,,,,,,,,,,,0.0,,78593.55,,,,,,,,,,,,,,78593.55,0.0
324,MAHARASHTRA,Kolhapur,,1643.8246767481555,1675.1275681415898,0.0,1674.0958054061366,18529.670000000002,543646.33,0.0,562176.0,0.0,562176.0,2218.0400000000004,51689.590000000004,,53907.63,672.5999999999999,0.0,,672.5999999999999,10809.044999999998,34689.719999999994,,45498.765,1106.56,21254.479999999996,,22361.039999999997,0.0,577.8700000000001,,577.8700000000001,34.284,3169.038,,3203.3220000000006,,,,,,,,,14840.54,111380.67000000001,,126221.21000000002,,,,,,,,,,,,,,,,,,,,,,,,,,,,,,,,,14840.54,111380.67000000001,,126221.21000000002,1418.9799999999998,6071.99,,7490.969999999999,13421.560000000001,105308.68,,118730.23999999998,78.48,1980.0,,2058.48,0.0,0.0,,0.0,2459.014,49656.797000000006,,52115.811,2537.5,51636.8,,54174.299999999996,18.90614801856118,49.03375486237223,,45.628055666357625,78.48000000000002,1980.0,,2058.48,10884.06,53769.01000000001,,64653.07000000001,,,,,,,,,,,,,,0.0,,118730.24,,,,,,,,,,,,,,118730.24,0.0
325,MAHARASHTRA,Latur,,694.1213961356959,703.0552720230706,0.0,702.4504243852743,44924.0,618624.0,0.0,663548.0,0.0,663548.0,2678.3300000000004,42762.22,,45440.549999999996,618.73,0.0,,618.73,1297.7700195,0.0,,1297.7700195,980.72,7305.749999999998,,8286.47,0.0,2259.18,,2259.18,35.768,10317.583999999999,,10353.352,,,,,,,,,5611.320000000001,62644.7,,68256.01999999999,,,,,,,,,,,,,,,,,,,,,,,,,,,,,,,,,5611.320000000001,62644.7,,68256.01999999999,280.53000000000003,3141.8399999999997,,3422.37,5330.790000000001,59502.86,,64833.649999999994,352.17320000000007,1790.1664250000001,,2142.339625,0.0,0.0,,0.0,3990.3170000000005,29590.412,,33580.72900000001,4342.500000000001,31380.539999999994,,35723.04,81.46072158160423,52.73786839825849,,55.0995355035541,352.18,1790.1499999999999,,2142.33,1677.9299999999998,28122.33,,29800.260000000002,,,,,,,,,,,,,,0.0,,64833.65,,,,,,,,,,,,,,64833.65,0.0
326,MAHARASHTRA,Nagpur,,1180.722033808676,1159.8576672994034,0.0,1165.7830448211732,226924.0,572118.0,0.0,799042.0,0.0,799042.0,16064.960000000003,53459.88,,69524.84000000001,1959.9000000000003,0.0,,1959.9000000000003,13302.944934007879,0.0,,13302.944934007879,2321.9,6736.16,,9058.06,1021.9000000000001,375.5199999999999,,1397.4199999999998,319.66600000000005,1123.8199999999997,,1443.486,,,,,,,,,34991.28,61695.37,,96686.65,,,,,,,,,,,,,,,,,,,,,,,,,,,,,,,,,34991.28,61695.37,,96686.65,1807.58,3446.56,,5254.14,33183.700000000004,58248.810000000005,,91432.51000000001,3720.3637500000004,6423.117824999999,,10143.481575,0.0,0.0,,0.0,9847.9686,27433.635499999997,,37281.6041,13568.32,33856.69,,47425.01,40.88850851472258,58.124260392615746,,51.86887027382273,3720.38,6423.13,,10143.51,19615.370000000003,24392.109999999997,,44007.479999999996,,,,,,,,,,,,,,0.0,,91432.51000000001,,,,,,,,,,,,,,91432.51000000001,0.0
327,MAHARASHTRA,Nanded,,1012.9176963620764,1025.7835175065495,0.0,1024.209696297104,124499.6,893271.4,0.0,1017771.0,0.0,1017771.0,13116.28,92449.76000000001,,105566.03999999998,1602.76,0.0,,1602.76,6337.131299999999,0.0,,6337.131299999999,2372.7,6329.76,,8702.460000000001,82.80999999999999,190.49999999999997,,273.31,275.488,1304.372,,1579.8600000000001,,,,,,,,,23787.16,100274.39000000001,,124061.54999999997,,,,,,,,,,,,,,,,,,,,,,,,,,,,,,,,,23787.16,100274.39000000001,,124061.54999999997,1189.4,5013.73,,6203.129999999999,22597.760000000002,95260.65999999999,,117858.41999999998,1134.2159832,2209.83648,,3344.0524631999997,0.0,1.2125,,1.2125,9499.91169,25365.332290000002,,34865.24398000001,10634.119999999999,27576.37,,38210.49,47.058292503327756,28.948329772227066,,32.42067049600699,1134.23,2209.84,,3344.07,11963.64,67684.29,,79647.93,,,,,,,,,,,,,,0.0,,117858.41999999998,,,,,,,,,,,,,,117858.41999999998,0.0
328,MAHARASHTRA,Nandurbar,,897.3495290034705,937.8563525338369,0.0,936.0856823621766,18153.0,397125.0,0.0,415278.0,0.0,415278.0,1592.09,37846.18630630631,,39438.27630630631,234.68999999999997,0.0,,234.68999999999997,4056.568011394127,0.0,,4056.568011394127,522.43,3948.5538738738733,,4470.9838738738745,203.83000000000004,68.13522522522523,,271.96522522522525,88.298,2428.576036036036,,2516.874036036036,,,,,,,,,6697.91,44291.45216216216,,50989.362162162164,,,,,,,,,,,,,,,,,,,,,,,,,,,,,,,,,6697.91,44291.45216216216,,50989.362162162164,398.04,2747.0259459459458,,3145.065945945946,6299.87,41544.42621621622,,47844.296216216215,888.004925,2177.2656256306304,,3065.2705506306306,0.0,0.0,,0.0,2329.09488,15038.456743243245,,17367.551623243242,3217.12,17215.701621621618,,20432.82162162162,51.066450577551606,41.439257175013616,,42.70691229166033,888.0200000000001,2177.2583783783784,,3065.2783783783784,3163.8999999999996,24328.724594594594,,27492.624594594592,,,,,,,,,,,,,,0.0,,47844.29621621622,,,,,,,,,,,,,,47844.29621621622,0.0
329,MAHARASHTRA,Nashik,,674.9147580553939,930.9255511480231,0.0,899.604249897691,165024.0,1183832.0,0.0,1348856.0,0.0,1348856.0,13144.039999999999,120825.08000000002,,133969.12000000002,2478.11,0.0,,2478.11,23219.885833519285,0.0,,23219.885833519285,5470.750000000001,22855.5,,28326.25,527.65,3002.2800000000007,,3529.9299999999994,234.48399999999998,3766.3959999999997,,4000.880000000001,,,,,,,,,45074.87,150449.19999999998,,195524.06999999998,,,,,,,,,,,,,,,,,,,,,,,,,,,,,,,,,45074.87,150449.19999999998,,195524.06999999998,2663.53,7869.130000000002,,10532.66,42411.340000000004,142580.07,,184991.41,807.00604,2786.6299999999997,,3593.63604,0.0,0.0,,0.0,19636.081483,84936.18414900001,,104572.26563199998,20443.079999999998,87722.79000000001,,108165.86999999998,48.20191958094226,61.525281899496896,,58.47075277711542,807.0,2786.61,,3593.61,22856.089999999997,61188.42,,84044.51,,,,,,,,,,,,,,0.0,,184991.41,,,,,,,,,,,,,,184991.41,0.0
330,MAHARASHTRA,Osmanabad,,771.4737284134675,768.4482097237335,0.0,768.6295035346948,40245.0,631383.0,0.0,671628.0,0.0,671628.0,3828.1899999999996,59813.46,,63641.649999999994,9.48,0.0,,9.48,16.880699999999997,0.0,,16.880699999999997,888.3900000000001,11144.64,,12033.03,596.74,767.3500000000001,,1364.09,9.91,8728.146,,8738.056,,,,,,,,,5349.59,80453.61,,85803.2,,,,,,,,,,,,,,,,,,,,,,,,,,,,,,,,,5349.59,80453.61,,85803.2,303.96999999999997,4022.7200000000003,,4326.6900000000005,5045.620000000001,76430.89,,81476.51,344.088,1971.7859999999998,,2315.8740000000003,0.0,0.0,,0.0,3553.5495,44719.151,,48272.700500000006,3897.65,46690.96,,50588.61,77.24818753691319,61.08912247391074,,62.0898096887066,344.07000000000005,1971.78,,2315.85,1317.7399999999998,29739.929999999997,,31057.67,,,,,,,,,,,,,,0.0,,81476.51,,,,,,,,,,,,,,81476.51,0.0
331,MAHARASHTRA,Palghar,,2177.708087968218,2541.87559901255,0.0,2515.1408595856024,17620.0,222391.0,0.0,240011.0,0.0,240011.0,1172.1599999999999,15058.040000000003,,16230.2,378.78999999999996,0.0,,378.78999999999996,1723.321872,0.0,,1723.321872,127.60999999999999,697.76,,825.3699999999999,262.82,6.43,,269.25,29.239999999999995,173.57,,202.80999999999997,,,,,,,,,3693.95,15935.869999999999,,19629.82,,,,,,,,,,,,,,,,,,,,,,,,,,,,,,,,,3693.95,15935.869999999999,,19629.82,237.45000000000002,1040.74,,1278.19,3456.5,14895.130000000001,,18351.63,112.29517,724.98782,,837.2829900000002,0.0,0.0,,0.0,510.40199999999993,2790.9810000000007,,3301.3829999999994,622.66,3515.98,,4138.639999999999,18.014176189787356,23.60489636545636,,22.55189321057584,112.31,724.99,,837.2999999999998,2833.84,11379.149999999998,,14212.989999999998,,,,,,,,,,,,,,0.0,,18351.63,,,,,,,,,,,,,,18351.63,0.0
332,MAHARASHTRA,Parbhani,,920.896657159336,856.2388625489461,0.0,882.5783295783714,253138.0,368262.0,0.0,621400.0,0.0,621400.0,26142.2,33140.0,,59282.2,354.12000000000006,0.0,,354.12000000000006,15031.1916,0.0,,15031.1916,4241.099999999999,4732.150000000001,,8973.249999999998,6.89,91.9,,98.79,679.04,2720.9559999999997,,3399.996,,,,,,,,,46454.54,40685.01,,87139.55,,,,,,,,,,,,,,,,,,,,,,,,,,,,,,,,,46454.54,40685.01,,87139.55,2322.7000000000003,2087.0299999999997,,4409.73,44131.840000000004,38597.98,,82729.82,847.1400000000001,1103.04296,,1950.1829599999999,0.0,0.0,,0.0,16964.43738,19247.89156,,36212.32894,17811.559999999998,20350.93,,38162.490000000005,40.359885289169895,52.725375783914075,,46.12906204800156,847.13,1103.0399999999997,,1950.1699999999998,26320.300000000003,18247.05,,44567.350000000006,,,,,,,,,,,,,,0.0,,82729.82,,,,,,,,,,,,,,82729.82,0.0
333,MAHARASHTRA,Pune,,534.2110092254062,741.6805333935422,466.5589403934331,680.7634999206961,337817.10000000003,910189.3099999999,27721.61,1275728.02,0.0,1275728.02,21399.410000000003,75663.26921375576,1392.8387165530696,98455.51793030884,11361.65,0.0,0.0,11361.65,38278.448082,0.0,0.0,38278.448082,12185.6,15944.593668101388,2449.9906784518676,30580.18434655326,261.0,557.2099999999999,0.0,818.21,945.6320000000001,7857.36798788166,0.0,8802.99998788166,,,,,,,,,84431.74,100022.50812753654,3842.829395004937,188297.07752254148,,,,,,,,,,,,,,,,,,,,,,,,,,,,,,,,,84431.74,100022.50812753654,3842.829395004937,188297.07752254148,4747.79,5251.053051698193,368.5000026492618,10367.343054347453,79683.95000000001,94771.45507583834,3474.3293923556757,177929.73446819404,2919.7982,5254.2426680712015,353.2551577755835,8527.296025846785,0.0,0.0,0.0,0.0,48369.979081709505,63696.93171220895,9799.764740191711,121866.67553411018,51289.79000000001,68951.09753864311,10153.001450591266,130393.88898923439,64.36652550482249,72.7551323164415,292.2290981658275,68.92356673407316,2919.8,5254.274639630747,0.0,8174.074639630746,30049.079999999998,31667.64,269.82,61716.72,,,,,,,,,,,,,,0.0,0.0,174455.40507583838,3474.3293923556757,,,,,,,,,,,,,174455.40507583838,3474.3293923556757
334,MAHARASHTRA,Raigad,,3080.8574604420032,2932.9855507490297,0.0,2939.020237005649,15294.0,359465.0,0.0,374759.0,0.0,374759.0,1217.99,31043.279999999995,,32261.269999999993,267.6,0.0,,267.6,3783.8448,0.0,,3783.8448,72.91,1015.2399999999999,,1088.15,219.34999999999997,119.16000000000001,,338.51,17.08,423.4080000000001,,440.488,,,,,,,,,5578.7699999999995,32601.109999999997,,38179.880000000005,,,,,,,,,,,,,,,,,,,,,,,,,,,,,,,,,5578.7699999999995,32601.109999999997,,38179.880000000005,292.1099999999999,1640.6799999999998,,1932.79,5286.66,30960.43,,36247.090000000004,92.47533000000001,1922.4217800000004,,2014.8971099999999,0.0,0.0,,0.0,291.557,4060.9970000000003,,4352.554000000001,384.03,5983.42,,6367.450000000001,7.264132741655412,19.326023572670017,,17.566789499515686,92.47000000000001,1922.4200000000003,,2014.8899999999999,4902.63,24977.010000000002,,29879.640000000003,,,,,,,,,,,,,,0.0,,36247.09,,,,,,,,,,,,,,36247.09,0.0
335,MAHARASHTRA,Ratnagiri,,3583.6723387225866,3453.9943299805964,0.0,3455.5786981206984,6247.0,505060.0,0.0,511307.0,0.0,511307.0,487.00999999999993,38183.53,,38670.54000000001,141.94,0.0,,141.94,547.509636,0.0,,547.509636,38.98,1269.17,,1308.15,76.05,32.88,,108.93,60.400000000000006,152.054,,212.454,,,,,,,,,1351.8999999999999,39637.600000000006,,40989.5,,,,,,,,,,,,,,,,,,,,,,,,,,,,,,,,,1351.8999999999999,39637.600000000006,,40989.5,80.08,2211.5699999999997,,2291.65,1271.8200000000002,37426.03,,38697.85,75.69134000000001,1216.1216000000002,,1291.8129400000003,0.0,0.0,,0.0,250.41600000000005,5046.923400000001,,5297.3394,326.09000000000003,6263.079999999999,,6589.17,25.639634539478855,16.73455613646438,,17.02722502671337,75.69,1216.12,,1291.8100000000002,945.9300000000001,31162.950000000004,,32108.880000000005,,,,,,,,,,,,,,0.0,,38697.85,,,,,,,,,,,,,,38697.85,0.0
336,MAHARASHTRA,Sangli,,567.930163898609,707.3278646670788,738.716084150428,650.526325123383,353157.36,446292.96,43307.92,842758.24,0.0,842758.24,21574.53,30681.039999999997,3461.25,55716.82,3678.8500000000004,0.0,0.0,3678.8500000000004,51500.90207999999,0.0,0.0,51500.90207999999,11243.88,6760.669999999998,0.0,18004.55,175.32999999999998,519.27,0.0,694.5999999999999,5278.3060000000005,7893.496,0.0,13171.802000000001,,,,,,,,,93451.69,45854.409999999996,3461.25,142767.35,,,,,,,,,,,,,,,,,,,,,,,,,,,,,,,,,93451.69,45854.409999999996,3461.25,142767.35,6162.369999999999,2683.6400000000003,346.13,9192.14,87289.31999999999,43170.77,3115.12,133575.20999999996,1706.076055,1563.46735,38.8725,3308.415905,0.0,0.0,0.0,0.0,45038.941,24256.239999999998,0.0,69295.181,46745.009999999995,25819.730000000003,38.870000000000005,72603.61000000002,53.55180908729727,59.80836107393962,1.247784997046663,55.622175333467915,1706.0600000000002,1563.48,0.0,3269.54,41137.63,17648.219999999998,3115.13,58785.84999999999,,,,,,,,,,,,,,0.0,0.0,130460.09,3115.12,,,,,,,,,,,,,130460.09,3115.12
337,MAHARASHTRA,Satara,,763.0945516863268,936.0281757386642,0.0,921.3805190158027,74325.75,803181.25,0.0,877507.0,0.0,877507.0,5625.289999999999,51538.06999999999,,57163.36,2532.4300000000003,0.0,,2532.4300000000003,22174.530822,0.0,,22174.530822,3741.9399999999996,10669.32,,14411.259999999998,79.44,535.89,,615.3299999999999,241.496,4495.893999999999,,4737.39,,,,,,,,,34395.119999999995,67239.22,,101634.34000000001,,,,,,,,,,,,,,,,,,,,,,,,,,,,,,,,,34395.119999999995,67239.22,,101634.34000000001,2291.14,3502.56,,5793.7,32103.98,63736.65999999999,,95840.64,1150.9470000000001,3698.9314000000004,,4849.8784,0.0,0.0,,0.0,15709.511,42582.991799999996,,58292.502799999995,16860.47,46282.0,,63142.47,52.51831704355659,72.61441060764716,,65.88277165094057,1150.9599999999998,3698.94,,4849.9,15243.49,17454.66,,32698.15,,,,,,,,,,,,,,0.0,,95840.64,,,,,,,,,,,,,,95840.64,0.0
338,MAHARASHTRA,Sindhudurg,,3528.2304632480445,3462.585621114033,0.0,3463.1169178637733,2260.56,277044.94,0.0,279305.5,0.0,279305.5,184.08,20458.52,,20642.600000000002,40.66,0.0,,40.66,187.75908000000004,0.0,,187.75908000000004,63.41,1708.47,,1771.88,100.56,81.82999999999998,,182.39000000000004,14.304,145.60399999999998,,159.90800000000002,,,,,,,,,590.79,22394.42,,22985.21,,,,,,,,,,,,,,,,,,,,,,,,,,,,,,,,,590.79,22394.42,,22985.21,35.69,1119.73,,1155.4199999999998,555.1,21274.69,,21829.79,61.28167500000001,2153.8266750000003,,2215.1083500000004,0.0,0.0,,0.0,253.685995,6833.84784,,7087.533835,314.97,8987.679999999998,,9302.649999999998,56.741127724734284,42.245879963468326,,42.61447315801021,61.28,2153.83,,2215.1099999999997,240.13,12287.01,,12527.14,,,,,,,,,,,,,,0.0,,21829.789999999994,,,,,,,,,,,,,,21829.789999999994,0.0
339,MAHARASHTRA,Solapur,,640.584204758574,667.0703416746722,0.0,663.5489593568258,197286.0,1286604.0,0.0,1483890.0,0.0,1483890.0,12025.589999999998,82157.47,,94183.06,2254.47,0.0,,2254.47,12438.343056262978,0.0,,12438.343056262978,6809.79,18908.51,,25718.3,10.21,252.21,,262.42,1170.37,9177.905999999999,,10348.276,,,,,,,,,34708.83,110496.17,,145205.0,,,,,,,,,,,,,,,,,,,,,,,,,,,,,,,,,34708.83,110496.17,,145205.0,1769.62,5524.839999999998,,7294.460000000001,32939.21000000001,104971.33,,137910.54,1127.93188,3737.8011100000003,,4865.73299,0.0,0.0,,0.0,27195.280639999997,75729.46777000002,,102924.74841,28323.210000000003,79467.26999999999,,107790.48,85.98630628967724,75.70378502396797,,78.15971136071252,1127.92,3737.8100000000004,,4865.73,9564.25,27573.480000000003,,37137.73,,,,,,,,,,,,,,0.0,,137910.54,,,,,,,,,,,,,,137910.54,0.0
340,MAHARASHTRA,Thane,,2606.931630610883,2522.7612965006238,0.0,2526.544593419491,10493.0,222954.0,0.0,233447.0,0.0,233447.0,662.91,14177.470000000001,,14840.380000000001,45.82,0.0,,45.82,1293.6131999999998,0.0,,1293.6131999999998,22.16,577.26,,599.42,123.4,92.27000000000001,,215.67000000000002,10.872,348.72,,359.592,,,,,,,,,2158.77,15195.74,,17354.51,,,,,,,,,,,,,,,,,,,,,,,,,,,,,,,,,2158.77,15195.74,,17354.51,110.20000000000002,841.4000000000001,,951.6000000000001,2048.5699999999997,14354.34,,16402.91,47.59892000000001,666.0436599999999,,713.6425800000001,0.0,0.0,,0.0,88.632,2309.031,,2397.663,136.21,2975.0699999999997,,3111.2799999999997,6.649028346602753,20.7259267928724,,18.967853874708815,47.599999999999994,666.0399999999998,,713.64,1912.3599999999997,11379.269999999999,,13291.629999999997,,,,,,,,,,,,,,0.0,,16402.909999999996,,,,,,,,,,,,,,16402.909999999996,0.0
341,MAHARASHTRA,Wardha,,1049.7998482814705,1044.1508082728699,0.0,1046.1347991452403,204128.0,377088.0,0.0,581216.0,0.0,581216.0,21104.249999999996,40192.7,,61296.94999999999,1330.77,0.0,,1330.77,8694.12084,0.0,,8694.12084,3750.97,6786.3,,10537.269999999999,53.66,247.54,,301.20000000000005,475.31199999999995,1877.5840000000003,,2352.8959999999997,,,,,,,,,35409.079999999994,49104.119999999995,,84513.2,,,,,,,,,,,,,,,,,,,,,,,,,,,,,,,,,35409.079999999994,49104.119999999995,,84513.2,1770.4799999999998,2544.3,,4314.78,33638.600000000006,46559.82000000001,,80198.42,1140.4008900000001,2264.15702,,3404.5579100000004,0.0,0.0,,0.0,15006.186039999999,27155.98919,,42162.17523,16146.63,29420.159999999996,,45566.79,48.000303223082994,63.187873148994115,,56.817565732591746,1140.4099999999999,2264.1600000000003,,3404.5700000000006,17491.97,17139.649999999998,,34631.619999999995,,,,,,,,,,,,,,0.0,,80198.42000000001,,,,,,,,,,,,,,80198.42000000001,0.0
342,MAHARASHTRA,Washim,,904.8854531073968,911.4934058784714,0.0,911.1178608519158,27347.49,453848.93,0.0,481196.42,0.0,481196.42,2329.44,40475.27,,42804.70999999999,201.13,0.0,,201.13,3781.876176,0.0,,3781.876176,524.62,7261.55,,7786.169999999999,456.25,90.41000000000001,,546.66,728.398,2574.6479999999997,,3303.0460000000003,,,,,,,,,8021.7,50401.89,,58423.590000000004,,,,,,,,,,,,,,,,,,,,,,,,,,,,,,,,,8021.7,50401.89,,58423.590000000004,414.63,2695.4,,3110.03,7607.07,47706.49,,55313.56,593.232193,1413.3919,,2006.6240930000004,0.0,0.0,,0.0,2098.53713,29046.24701,,31144.78414,2691.7599999999998,30459.71,,33151.47,35.38497739602764,63.8481472856209,,59.933712456764674,593.24,1413.3900000000003,,2006.6300000000003,4915.31,17246.78,,22162.09,,,,,,,,,,,,,,0.0,,55313.56,,,,,,,,,,,,,,55313.56,0.0
343,MAHARASHTRA,Yawatmal,,940.7047871131197,1011.1831876014105,0.0,999.2459462342349,193775.68,950290.9899999999,0.0,1144066.67,0.0,1144066.67,17275.430000000004,86645.15,,103920.58000000002,528.35,0.0,,528.35,7223.349260999999,0.0,,7223.349260999999,1618.6799999999998,7280.83,,8899.51,61.58,343.45,,405.03,41.6,3977.1639999999998,,4018.764,,,,,,,,,26748.950000000004,98246.55,,124995.50000000001,,,,,,,,,,,,,,,,,,,,,,,,,,,,,,,,,26748.950000000004,98246.55,,124995.50000000001,1337.47,5030.509999999999,,6367.9800000000005,25411.480000000003,93216.04000000001,,118627.51999999999,1513.933888,5920.207008,,7434.140895999999,0.0,0.0,,0.0,6454.679498,29224.673251,,35679.352749000005,7968.6,35144.86,,43113.46000000001,31.358267995409943,37.70258852446424,,36.3435567058976,1513.9400000000003,5920.22,,7434.160000000001,17522.350000000002,58071.17999999999,,75593.53,,,,,,,,,,,,,,0.0,,118627.52000000002,,,,,,,,,,,,,,118627.52000000002,0.0
344,MANIPUR,BISHNUPUR,,0.0,1987.59,0.0,1987.59,0.0,49600.0,0.0,49600.0,0.0,49600.0,0.0,11830.130000000001,0.0,11830.130000000001,,,,,0.0,0.18300385487999998,0.0,0.18000000000000002,0.0,14.559999999999999,0.0,14.559999999999999,0.0,0.0,0.0,0.0,0.0,0.0,0.0,0.0,,,,,,,,,0.0,11844.869999999999,0.0,11844.869999999999,,,,,,,,,,,,0.0,,,,0.0,,,,,,,,,,,,,,,,0.0,0.0,11844.869999999999,0.0,11844.869999999999,0.0,1184.48,0.0,1184.48,0.0,10660.39,0.0,10660.39,,277.20582,,277.20582,,0.0,,0.0,,57.0,,57.0,,334.2,,334.2,,3.134969733752705,,3.134969733752705,0.0,290.92999999999995,0.0,290.92999999999995,0.0,10312.46,0.0,10312.46,,,,,,,,,,,,,,190080.0,0.0,200740.39,0.0,0.0,,0.0,,0.0,,,,,,,,200740.39,0.0
345,MANIPUR,CHANDEL,,0.0,0.0,0.0,0.0,0.0,0.0,0.0,0.0,331300.0,331300.0,0.0,0.0,0.0,0.0,,,,,0.0,0.0,0.0,0.0,0.0,0.0,0.0,0.0,0.0,0.0,0.0,0.0,0.0,0.0,0.0,0.0,,,,,,,,,0.0,0.0,0.0,0.0,,,,,,,,,,,,0.0,,,,0.0,,,,,,,,,,,,,,,,0.0,0.0,0.0,0.0,0.0,0.0,0.0,0.0,0.0,0.0,0.0,0.0,0.0,,,,0.0,,,,0.0,,,,0.0,,,,,,,,,0.0,0.0,0.0,0.0,0.0,0.0,0.0,0.0,,,,,,,,,,,,,,0.0,0.0,0.0,0.0,0.0,,0.0,,0.0,,,,,,,,0.0,0.0
346,MANIPUR,CHURACHANPUR,,0.0,2133.46,0.0,2133.46,0.0,32100.0,0.0,32100.0,424900.0,457000.0,0.0,8218.09,0.0,8218.09,,,,,0.0,0.0,0.0,0.0,0.0,15.33,0.0,15.33,0.0,0.0,0.0,0.0,0.0,0.0,0.0,0.0,,,,,,,,,0.0,8233.42,0.0,8233.42,,,,,,,,,,,,0.0,,,,0.0,,,,,,,,,,,,,,,,0.0,0.0,8233.42,0.0,8233.42,0.0,823.34,0.0,823.34,0.0,7410.08,0.0,7410.08,,190.99865999999997,,190.99865999999997,,0.0,,0.0,,60.0,,60.0,,251.0,,251.0,,3.387277870144452,,3.387277870144452,0.0,192.05,0.0,192.05,0.0,7158.03,0.0,7158.03,,,,,,,,,,,,,,154080.0,0.0,161490.08,0.0,0.0,,0.0,,0.0,,,,,,,,161490.08,0.0
347,MANIPUR,IMPHAL EAST,,0.0,1717.14,0.0,1717.14,0.0,70900.0,0.0,70900.0,0.001,70900.001,0.0,14609.43,0.0,14609.43,,,,,0.0,190.54385415912003,0.0,190.55,0.0,8.43,0.0,8.43,0.0,0.88,0.0,0.88,0.0,0.0,0.0,0.0,,,,,,,,,0.0,14809.29,0.0,14809.29,,,,,,,,,,,,0.0,,,,0.0,,,,,,,,,,,,,,,,0.0,0.0,14809.29,0.0,14809.29,0.0,1480.93,0.0,1480.93,0.0,13328.36,0.0,13328.36,,500.10183,,500.10183,,18.0,,18.0,,33.0,,33.0,,551.1,,551.1,,4.134792277519515,,4.134792277519515,0.0,502.75,0.0,502.75,0.0,12774.61,0.0,12774.61,,,,,,,,,,,,,,178544.4,0.0,191872.76,0.0,0.0,,0.0,,0.0,,,,,,,,191872.76,0.0
348,MANIPUR,IMPHAL WEST,,0.0,1384.88,0.0,1384.88,0.0,51900.0,0.0,51900.0,0.0,51900.0,0.0,8625.039999999999,0.0,8625.039999999999,,,,,0.0,0.049314727440000004,0.0,0.04,0.0,26.84,0.0,26.84,0.0,1.6400000000000001,0.0,1.6400000000000001,0.0,0.0,0.0,0.0,,,,,,,,,0.0,8653.560000000001,0.0,8653.560000000001,,,,,,,,,,,,0.0,,,,0.0,,,,,,,,,,,,,,,,0.0,0.0,8653.560000000001,0.0,8653.560000000001,0.0,865.3499999999999,0.0,865.3499999999999,0.0,7788.209999999999,0.0,7788.209999999999,,568.0093499999999,,568.0093499999999,,6.0,,6.0,,105.0,,105.0,,679.01,,679.01,,8.718434659568759,,8.718434659568759,0.0,571.06,0.0,571.06,0.0,7106.15,0.0,7106.15,,,,,,,,,,,,,,188560.0,0.0,196348.21000000002,0.0,0.0,,0.0,,0.0,,,,,,,,196348.21000000002,0.0
349,MANIPUR,SENAPATI,,0.0,0.0,0.0,0.0,0.0,0.0,0.0,0.0,327100.0,327100.0,0.0,0.0,0.0,0.0,,,,,0.0,0.0,0.0,0.0,0.0,0.0,0.0,0.0,0.0,0.0,0.0,0.0,0.0,0.0,0.0,0.0,,,,,,,,,0.0,0.0,0.0,0.0,,,,,,,,,,,,0.0,,,,0.0,,,,,,,,,,,,,,,,0.0,0.0,0.0,0.0,0.0,0.0,0.0,0.0,0.0,0.0,0.0,0.0,0.0,,,,0.0,,,,0.0,,,,0.0,,,,,,,,,0.0,0.0,0.0,0.0,0.0,0.0,0.0,0.0,,,,,,,,,,,,,,0.0,0.0,0.0,0.0,0.0,,0.0,,0.0,,,,,,,,0.0,0.0
350,MANIPUR,TAMENGLONG,,0.0,0.0,0.0,0.0,0.0,0.0,0.0,0.0,439100.0,439100.0,0.0,0.0,0.0,0.0,,,,,0.0,0.0,0.0,0.0,0.0,0.0,0.0,0.0,0.0,0.0,0.0,0.0,0.0,0.0,0.0,0.0,,,,,,,,,0.0,0.0,0.0,0.0,,,,,,,,,,,,0.0,,,,0.0,,,,,,,,,,,,,,,,0.0,0.0,0.0,0.0,0.0,0.0,0.0,0.0,0.0,0.0,0.0,0.0,0.0,,,,0.0,,,,0.0,,,,0.0,,,,,,,,,0.0,0.0,0.0,0.0,0.0,0.0,0.0,0.0,,,,,,,,,,,,,,0.0,0.0,0.0,0.0,0.0,,0.0,,0.0,,,,,,,,0.0,0.0
351,MANIPUR,THOUBAL,,0.0,1276.78,0.0,1276.78,0.0,51400.0,0.0,51400.0,0.0,51400.0,0.0,7875.17,0.0,7875.17,,,,,0.0,0.057724656,0.0,0.06,0.0,23.0,0.0,23.0,0.0,1.12,0.0,1.12,0.0,0.0,0.0,0.0,,,,,,,,,0.0,7899.349999999999,0.0,7899.349999999999,,,,,,,,,,,,0.0,,,,0.0,,,,,,,,,,,,,,,,0.0,0.0,7899.349999999999,0.0,7899.349999999999,0.0,789.94,0.0,789.94,0.0,7109.41,0.0,7109.41,,462.91781999999995,,462.91781999999995,,0.0,,0.0,,90.0,,90.0,,552.9200000000001,,552.9200000000001,,7.777297975500078,,7.777297975500078,0.0,465.39,0.0,465.39,0.0,6554.02,0.0,6554.02,,,,,,,,,,,,,,220800.0,0.0,227909.40999999997,0.0,0.0,,0.0,,0.0,,,,,,,,227909.40999999997,0.0
352,MANIPUR,UKHRUL,,0.0,0.0,0.0,0.0,0.0,0.0,0.0,0.0,454400.0,454400.0,0.0,0.0,0.0,0.0,,,,,0.0,0.0,0.0,0.0,0.0,0.0,0.0,0.0,0.0,0.0,0.0,0.0,0.0,0.0,0.0,0.0,,,,,,,,,0.0,0.0,0.0,0.0,,,,,,,,,,,,0.0,,,,0.0,,,,,,,,,,,,,,,,0.0,0.0,0.0,0.0,0.0,0.0,0.0,0.0,0.0,0.0,0.0,0.0,0.0,,,,0.0,,,,0.0,,,,0.0,,,,,,,,,0.0,0.0,0.0,0.0,0.0,0.0,0.0,0.0,,,,,,,,,,,,,,0.0,0.0,0.0,0.0,0.0,,0.0,,0.0,,,,,,,,0.0,0.0
353,MEGHALAYA,EAST GARO HILLS,,0.0,2555.0,0.0,2555.0,0.0,66117.15,0.0,66117.15,78182.85,144300.0,0.0,6753.87,0.0,6753.87,0.0,,0.0,0.0,0.0,51.919999999999995,0.0,51.919999999999995,0.0,0.0,0.0,0.0,0.0,1.73,0.0,1.73,0.0,0.0,0.0,0.0,,,,,,,,,0.0,6807.52,0.0,6807.52,,,,,,,,,,,,0.0,,,,0.0,0.0,0.0,0.0,0.0,0.0,0.0,0.0,0.0,0.0,0.0,0.0,0.0,0.0,0.0,0.0,0.0,0.0,6807.52,0.0,6807.52,0.0,680.76,0.0,680.76,0.0,6126.76,0.0,6126.76,,414.72249,,414.72249,,0.0,,0.0,,0.0,,0.0,,414.72,,414.72,,6.7689937258844814,,6.7689937258844814,0.0,481.84,0.0,481.84,0.0,5644.92,0.0,5644.92,,,,,,,0.0,0.0,46.721208239999996,,,,,13223.43,0.0,19350.19,0.0,0.0,,0.0,,0.0,,0.0,,0.0,,0.0,,19350.19,0.0
354,MEGHALAYA,EAST JAINTIA HILLS,,0.0,4195.0,0.0,4195.0,0.0,100087.0,0.0,100087.0,103913.0,204000.0,0.0,19685.32,0.0,19685.32,0.0,,0.0,0.0,0.0,10.74,0.0,10.74,0.0,0.0,0.0,0.0,0.0,0.52,0.0,0.52,0.0,0.0,0.0,0.0,,,,,,,,,0.0,19696.59,0.0,19696.59,,,,,,,,,,,,0.0,,,,0.0,0.0,0.0,0.0,0.0,0.0,0.0,0.0,0.0,0.0,0.0,0.0,0.0,0.0,0.0,0.0,0.0,0.0,19696.59,0.0,19696.59,0.0,1969.6599999999999,0.0,1969.6599999999999,0.0,17726.93,0.0,17726.93,,171.0607248,,171.0607248,,4.0,,4.0,,0.0,,0.0,,175.06,,175.06,,0.9875370411007433,,0.9875370411007433,0.0,208.68,0.0,208.68,0.0,17514.25,0.0,17514.25,,,,,,,0.0,0.0,18.594527508000002,,,,,20017.4,0.0,37744.33,0.0,0.0,,0.0,,0.0,,0.0,,0.0,,0.0,,37744.33,0.0
355,MEGHALAYA,EAST KHASI HILLS,,0.0,1890.0,0.0,1890.0,0.0,89450.1,0.0,89450.1,167314.7,256764.8,0.0,8807.25,0.0,8807.25,0.0,,0.0,0.0,0.0,85.77,0.0,85.77,0.0,0.0,0.0,0.0,0.0,1.21,0.0,1.21,0.0,0.0,0.0,0.0,,,,,,,,,0.0,8894.23,0.0,8894.23,,,,,,,,,,,,0.0,,,,0.0,0.0,0.0,0.0,0.0,0.0,0.0,0.0,0.0,0.0,0.0,0.0,0.0,0.0,0.0,0.0,0.0,0.0,8894.23,0.0,8894.23,0.0,889.4200000000001,0.0,889.4200000000001,0.0,8004.8099999999995,0.0,8004.8099999999995,,402.3418944,,402.3418944,,0.0,,0.0,,0.0,,0.0,,402.34000000000003,,402.34000000000003,,5.0262279804267695,,5.0262279804267695,0.0,452.81,0.0,452.81,0.0,7552.0,0.0,7552.0,,,,,,,0.0,0.0,897.1462525090909,,,,,17890.02,0.0,25894.83,0.0,0.0,,0.0,,0.0,,0.0,,0.0,,0.0,,25894.83,0.0
356,MEGHALAYA,NORTH GARO HILLS,,0.0,2555.0,0.0,2555.0,0.0,50528.0,0.0,50528.0,65472.0,116000.0,0.0,12516.34,0.0,12516.34,0.0,,0.0,0.0,0.0,78.96,0.0,78.96,0.0,0.0,0.0,0.0,0.0,2.59,0.0,2.59,0.0,0.0,0.0,0.0,,,,,,,,,0.0,12597.890000000001,0.0,12597.890000000001,,,,,,,,,,,,0.0,,,,0.0,0.0,0.0,0.0,0.0,0.0,254.85,0.0,254.85,0.0,0.0,0.0,0.0,0.0,-254.85000000000002,0.0,-254.85000000000002,0.0,12343.04,0.0,12343.04,0.0,1259.79,0.0,1259.79,0.0,11083.25,0.0,11083.25,,437.47133399999996,,437.47133399999996,,0.0,,0.0,,51.0,,51.0,,488.46999999999997,,488.46999999999997,,4.407281257753818,,4.407281257753818,0.0,508.68,0.0,508.68,0.0,10523.57,0.0,10523.57,,,,,,,0.0,0.0,9.42624,,,,,6267.49,0.0,17350.74,0.0,0.0,,0.0,,0.0,,0.0,,0.0,,0.0,,17350.74,0.0
357,MEGHALAYA,RI BHOI,,0.0,2117.0,0.0,2117.0,0.0,90914.58,0.0,90914.58,153885.42,244800.0,0.0,8392.98,0.0,8392.98,0.0,,0.0,0.0,0.0,264.61,0.0,264.61,0.0,0.0,0.0,0.0,0.0,113.18,0.0,113.18,0.0,0.0,0.0,0.0,,,,,,,,,0.0,8770.77,0.0,8770.77,,,,,,,,,,,,0.0,,,,0.0,0.0,0.0,0.0,0.0,0.0,0.0,0.0,0.0,0.0,0.0,0.0,0.0,0.0,0.0,0.0,0.0,0.0,8770.77,0.0,8770.77,0.0,877.0699999999999,0.0,877.0699999999999,0.0,7893.7,0.0,7893.7,,332.56147545,,332.56147545,,10.0,,10.0,,0.0,,0.0,,342.56,,342.56,,4.339663275776886,,4.339663275776886,0.0,455.25,0.0,455.25,0.0,7428.45,0.0,7428.45,,,,,,,0.0,0.0,346.47878317292304,,,,,18182.92,0.0,26076.62,0.0,0.0,,0.0,,0.0,,0.0,,0.0,,0.0,,26076.62,0.0
358,MEGHALAYA,SOUTH GARO HILLS,,0.0,2460.0,0.0,2460.0,0.0,86770.95,0.0,86770.95,101929.05,188700.0,0.0,9918.61,0.0,9918.61,0.0,,0.0,0.0,0.0,99.97,0.0,99.97,0.0,0.0,0.0,0.0,0.0,1.04,0.0,1.04,0.0,0.0,0.0,0.0,,,,,,,,,0.0,10019.619999999999,0.0,10019.619999999999,,,,,,,,,,,,0.0,,,,0.0,0.0,0.0,0.0,0.0,0.0,0.0,0.0,0.0,0.0,0.0,0.0,0.0,0.0,0.0,0.0,0.0,0.0,10019.619999999999,0.0,10019.619999999999,0.0,1001.97,0.0,1001.97,0.0,9017.65,0.0,9017.65,,268.3900845,,268.3900845,,0.0,,0.0,,0.0,,0.0,,268.39,,268.39,,2.9762743064989214,,2.9762743064989214,0.0,327.47,0.0,327.47,0.0,8690.18,0.0,8690.18,,,,,,,0.0,0.0,44.704655040000006,,,,,17354.19,0.0,26371.84,0.0,0.0,,0.0,,0.0,,0.0,,0.0,,0.0,,26371.84,0.0
359,MEGHALAYA,SOUTH WEST GARO HILLS,,0.0,2460.0,0.0,2460.0,0.0,56023.0,0.0,56023.0,33577.0,89600.0,0.0,10970.54,0.0,10970.54,0.0,,0.0,0.0,0.0,155.16,0.0,155.16,0.0,937.2,0.0,937.2,0.0,14.17,0.0,14.17,0.0,0.0,0.0,0.0,,,,,,,,,0.0,12077.07,0.0,12077.07,,,,,,,,,,,,0.0,,,,0.0,0.0,0.0,0.0,0.0,0.0,1607.29,0.0,1607.29,0.0,0.0,0.0,0.0,0.0,-1607.29,0.0,-1607.29,0.0,10469.779999999999,0.0,10469.779999999999,0.0,603.85,0.0,603.85,0.0,9865.93,0.0,9865.93,,266.9092065,,266.9092065,,0.0,,0.0,,2655.4,,2655.4,,2922.3100000000004,,2922.3100000000004,,29.620218266296238,,29.620218266296238,0.0,312.55,0.0,312.55,0.0,6897.98,0.0,6897.98,,,,,,,0.0,0.0,35.436616799999996,,,,,6476.26,0.0,16342.19,0.0,0.0,,0.0,,0.0,,0.0,,0.0,,0.0,,16342.19,0.0
360,MEGHALAYA,SOUTH WEST KHASI HILLS,,0.0,3644.0,0.0,3644.0,0.0,60873.44,0.0,60873.44,73226.56,134100.0,0.0,15986.18,0.0,15986.18,0.0,,0.0,0.0,0.0,32.78,0.0,32.78,0.0,0.0,0.0,0.0,0.0,0.17,0.0,0.17,0.0,0.0,0.0,0.0,,,,,,,,,0.0,16019.130000000001,0.0,16019.130000000001,,,,,,,,,,,,0.0,,,,0.0,0.0,0.0,0.0,0.0,0.0,0.0,0.0,0.0,0.0,0.0,0.0,0.0,0.0,0.0,0.0,0.0,0.0,16019.130000000001,0.0,16019.130000000001,0.0,1601.9099999999999,0.0,1601.9099999999999,0.0,14417.220000000001,0.0,14417.220000000001,,131.35709789999999,,131.35709789999999,,0.0,,0.0,,0.0,,0.0,,131.36,,131.36,,0.9111326594170027,,0.9111326594170027,0.0,158.23,0.0,158.23,0.0,14258.99,0.0,14258.99,,,,,,,0.0,0.0,19.2334896,,,,,12174.69,0.0,26591.91,0.0,0.0,,0.0,,0.0,,0.0,,0.0,,0.0,,26591.91,0.0
361,MEGHALAYA,WEST GARO HILLS,,0.0,2460.0,0.0,2460.0,0.0,183011.12,0.0,183011.12,95088.88,278100.0,0.0,39020.33,0.0,39020.33,0.0,,0.0,0.0,0.0,196.17000000000002,0.0,196.17000000000002,0.0,36.0,0.0,36.0,0.0,26.27,0.0,26.27,0.0,0.0,0.0,0.0,,,,,,,,,0.0,39278.77,0.0,39278.77,,,,,,,,,,,,0.0,,,,0.0,0.0,0.0,0.0,0.0,0.0,2197.24,0.0,2197.24,0.0,0.0,0.0,0.0,0.0,-2197.24,0.0,-2197.24,0.0,37081.53,0.0,37081.53,0.0,1963.94,0.0,1963.94,0.0,35117.59,0.0,35117.59,,1075.137296775,,1075.137296775,,0.0,,0.0,,102.0,,102.0,,1177.13,,1177.13,,3.3519669202812614,,3.3519669202812614,0.0,1260.45,0.0,1260.45,0.0,33755.15,0.0,33755.15,,,,,,,0.0,0.0,50.860310399999996,,,,,19955.53,0.0,55073.12,0.0,0.0,,0.0,,0.0,,0.0,,0.0,,0.0,,55073.12,0.0
362,MEGHALAYA,WEST JAINTIA HILLS,,0.0,4195.0,0.0,4195.0,0.0,99725.83,0.0,99725.83,78174.17,177900.0,0.0,17925.72,0.0,17925.72,0.0,,0.0,0.0,0.0,82.49000000000001,0.0,82.49000000000001,0.0,1.88,0.0,1.88,0.0,4.84,0.0,4.84,0.0,0.0,0.0,0.0,,,,,,,,,0.0,18014.92,0.0,18014.92,,,,,,,,,,,,0.0,,,,0.0,0.0,0.0,0.0,0.0,0.0,0.0,0.0,0.0,0.0,0.0,0.0,0.0,0.0,0.0,0.0,0.0,0.0,18014.92,0.0,18014.92,0.0,1801.49,0.0,1801.49,0.0,16213.43,0.0,16213.43,,569.1656700000001,,569.1656700000001,,5.0,,5.0,,8.5,,8.5,,582.6600000000001,,582.6600000000001,,3.5936874553996287,,3.5936874553996287,0.0,679.77,0.0,679.77,0.0,15520.17,0.0,15520.17,,,,,,,0.0,0.0,88.37560587130434,,,,,19945.17,0.0,36158.6,0.0,0.0,,0.0,,0.0,,0.0,,0.0,,0.0,,36158.6,0.0
363,MEGHALAYA,WEST KHASI HILLS,,0.0,3644.0,0.0,3644.0,0.0,165243.9,0.0,165243.9,225356.1,390600.0,0.0,50300.24,0.0,50300.24,0.0,,0.0,0.0,0.0,156.36,0.0,156.36,0.0,0.0,0.0,0.0,0.0,0.35,0.0,0.35,0.0,0.0,0.0,0.0,,,,,,,,,0.0,50456.95,0.0,50456.95,,,,,,,,,,,,0.0,,,,0.0,0.0,0.0,0.0,0.0,0.0,0.0,0.0,0.0,0.0,0.0,0.0,0.0,0.0,0.0,0.0,0.0,0.0,50456.95,0.0,50456.95,0.0,5045.700000000001,0.0,5045.700000000001,0.0,45411.25,0.0,45411.25,,462.70274557499994,,462.70274557499994,,0.0,,0.0,,0.0,,0.0,,462.7,,462.7,,1.0189105122629305,,1.0189105122629305,0.0,550.86,0.0,550.86,0.0,44860.39,0.0,44860.39,,,,,,,0.0,0.0,195.52620800492303,,,,,16524.39,0.0,61935.64,0.0,0.0,,0.0,,0.0,,0.0,,0.0,,0.0,,61935.64,0.0
364,MIZORAM,AIZAWL,,0.0,2352.0,0.0,2352.0,0.0,21734.0,0.0,21734.0,335866.0,357600.0,0.0,1636.13,0.0,1636.13,0.0,,0.0,0.0,0.0,0.0,0.0,0.0,0.0,0.0,0.0,0.0,0.0,0.0,0.0,0.0,,,,,,,,,,,,,0.0,1636.13,0.0,1636.13,,,,,,,,,,,,0.0,,,,0.0,0.0,0.0,0.0,0.0,0.0,0.0,0.0,0.0,0.0,0.0,0.0,0.0,0.0,0.0,0.0,0.0,0.0,1636.13,0.0,1636.13,0.0,163.59,0.0,163.59,0.0,1472.54,0.0,1472.54,,199.0722045,,199.0722045,,0.0,,0.0,,0.0,,0.0,,199.09,,199.09,,13.520176022383094,,13.520176022383094,0.0,229.32,0.0,229.32,0.0,1243.19,0.0,1243.19,,,,,,,0.0,0.0,356.92271999999997,,,,,0.0,0.0,1472.54,0.0,0.0,,0.0,,0.0,,,,,,,,1472.54,0.0
365,MIZORAM,CHAMPHAI,,0.0,1863.0,0.0,1863.0,0.0,28673.0,0.0,28673.0,289827.0,318500.0,0.0,1739.8899999999999,0.0,1739.8899999999999,0.0,,0.0,0.0,0.0,0.0,0.0,0.0,0.0,0.0,0.0,0.0,0.0,0.0,0.0,0.0,,,,,,,,,,,,,0.0,1739.8899999999999,0.0,1739.8899999999999,,,,,,,,,,,,0.0,,,,0.0,0.0,0.0,0.0,0.0,0.0,0.0,0.0,0.0,0.0,0.0,0.0,0.0,0.0,0.0,0.0,0.0,0.0,1739.8899999999999,0.0,1739.8899999999999,0.0,174.0,0.0,174.0,0.0,1565.8899999999999,0.0,1565.8899999999999,,45.40401951,,45.40401951,,0.0,,0.0,,0.0,,0.0,,45.4,,45.4,,2.89930965776651,,2.89930965776651,0.0,49.88,0.0,49.88,0.0,1516.0200000000002,0.0,1516.0200000000002,,,,,,,0.0,0.0,307.692,,,,,0.0,0.0,1565.8899999999999,0.0,0.0,,0.0,,0.0,,,,,,,,1565.8899999999999,0.0
366,MIZORAM,KOLASIB,,0.0,2199.0,0.0,2199.0,0.0,39515.0,0.0,39515.0,98685.0,138200.0,0.0,2780.2700000000004,0.0,2780.2700000000004,0.0,,0.0,0.0,0.0,0.0,0.0,0.0,0.0,0.0,0.0,0.0,0.0,0.0,0.0,0.0,,,,,,,,,,,,,0.0,2780.2700000000004,0.0,2780.2700000000004,,,,,,,,,,,,0.0,,,,0.0,0.0,0.0,0.0,0.0,0.0,0.0,0.0,0.0,0.0,0.0,0.0,0.0,0.0,0.0,0.0,0.0,0.0,2780.2700000000004,0.0,2780.2700000000004,0.0,278.03,0.0,278.03,0.0,2502.24,0.0,2502.24,,31.224801,,31.224801,,0.0,,0.0,,0.0,,0.0,,31.229999999999997,,31.229999999999997,,1.248081718779973,,1.248081718779973,0.0,36.39,0.0,36.39,0.0,2465.85,0.0,2465.85,,,,,,,0.0,0.0,62.65727999999999,,,,,0.0,0.0,2502.24,0.0,0.0,,0.0,,0.0,,,,,,,,2502.24,0.0
367,MIZORAM,LAWNGTLAI,,0.0,1949.0,0.0,1949.0,0.0,52075.0,0.0,52075.0,203625.0,255700.0,0.0,3247.39,0.0,3247.39,0.0,,0.0,0.0,0.0,0.0,0.0,0.0,0.0,0.0,0.0,0.0,0.0,0.0,0.0,0.0,,,,,,,,,,,,,0.0,3247.39,0.0,3247.39,,,,,,,,,,,,0.0,,,,0.0,0.0,0.0,0.0,0.0,0.0,0.0,0.0,0.0,0.0,0.0,0.0,0.0,0.0,0.0,0.0,0.0,0.0,3247.39,0.0,3247.39,0.0,324.74,0.0,324.74,0.0,2922.6499999999996,0.0,2922.6499999999996,,100.62651420000002,,100.62651420000002,,0.0,,0.0,,0.0,,0.0,,100.62,,100.62,,3.4427659829264545,,3.4427659829264545,0.0,123.67,0.0,123.67,0.0,2798.98,0.0,2798.98,,,,,,,0.0,0.0,227.26008,,,,,0.0,0.0,2922.65,0.0,0.0,,0.0,,0.0,,,,,,,,2922.65,0.0
368,MIZORAM,LUNGLEI,,0.0,2299.0,0.0,2299.0,0.0,74487.0,0.0,74487.0,381213.0,455700.0,0.0,5479.27,0.0,5479.27,0.0,,0.0,0.0,0.0,0.0,0.0,0.0,0.0,0.0,0.0,0.0,0.0,0.0,0.0,0.0,,,,,,,,,,,,,0.0,5479.27,0.0,5479.27,,,,,,,,,,,,0.0,,,,0.0,0.0,0.0,0.0,0.0,0.0,0.0,0.0,0.0,0.0,0.0,0.0,0.0,0.0,0.0,0.0,0.0,0.0,5479.27,0.0,5479.27,0.0,547.9300000000001,0.0,547.9300000000001,0.0,4931.339999999999,0.0,4931.339999999999,,197.9254767,,197.9254767,,0.0,,0.0,,0.0,,0.0,,197.92,,197.92,,4.013513568320173,,4.013513568320173,0.0,212.41000000000003,0.0,212.41000000000003,0.0,4718.94,0.0,4718.94,,,,,,,0.0,0.0,1012.5864,,,,,0.0,0.0,4931.339999999999,0.0,0.0,,0.0,,0.0,,,,,,,,4931.339999999999,0.0
369,MIZORAM,MAMIT,,0.0,2447.0,0.0,2447.0,0.0,71631.0,0.0,71631.0,228769.0,300400.0,0.0,5607.27,0.0,5607.27,0.0,,0.0,0.0,0.0,0.0,0.0,0.0,0.0,0.0,0.0,0.0,0.0,0.0,0.0,0.0,,,,,,,,,,,,,0.0,5607.27,0.0,5607.27,,,,,,,,,,,,0.0,,,,0.0,0.0,0.0,0.0,0.0,0.0,0.0,0.0,0.0,0.0,0.0,0.0,0.0,0.0,0.0,0.0,0.0,0.0,5607.27,0.0,5607.27,0.0,560.74,0.0,560.74,0.0,5046.530000000001,0.0,5046.530000000001,,98.5436928,,98.5436928,,0.0,,0.0,,0.0,,0.0,,98.53999999999999,,98.53999999999999,,1.9526288360517026,,1.9526288360517026,0.0,123.16000000000001,0.0,123.16000000000001,0.0,4923.38,0.0,4923.38,,,,,,,0.0,0.0,175.66415999999998,,,,,0.0,0.0,5046.530000000001,0.0,0.0,,0.0,,0.0,,,,,,,,5046.530000000001,0.0
370,MIZORAM,SAIHA,,0.0,2371.0,0.0,2371.0,0.0,10660.0,0.0,10660.0,129240.0,139900.0,0.0,808.8900000000001,0.0,808.8900000000001,0.0,,0.0,0.0,0.0,0.0,0.0,0.0,0.0,0.0,0.0,0.0,0.0,0.0,0.0,0.0,,,,,,,,,,,,,0.0,808.8900000000001,0.0,808.8900000000001,,,,,,,,,,,,0.0,,,,0.0,0.0,0.0,0.0,0.0,0.0,0.0,0.0,0.0,0.0,0.0,0.0,0.0,0.0,0.0,0.0,0.0,0.0,808.8900000000001,0.0,808.8900000000001,0.0,80.88,0.0,80.88,0.0,728.01,0.0,728.01,,40.7117496,,40.7117496,,0.0,,0.0,,0.0,,0.0,,40.72,,40.72,,5.593329761953819,,5.593329761953819,0.0,45.65,0.0,45.65,0.0,682.35,0.0,682.35,,,,,,,0.0,0.0,30.209759999999996,,,,,0.0,0.0,728.01,0.0,0.0,,0.0,,0.0,,,,,,,,728.01,0.0
371,MIZORAM,SERCHHIP,,0.0,1743.0,0.0,1743.0,0.0,16166.0,0.0,16166.0,125934.0,142100.0,0.0,902.0600000000001,0.0,902.0600000000001,0.0,,0.0,0.0,0.0,0.0,0.0,0.0,0.0,0.0,0.0,0.0,0.0,0.0,0.0,0.0,,,,,,,,,,,,,0.0,902.0600000000001,0.0,902.0600000000001,,,,,,,,,,,,0.0,,,,0.0,0.0,0.0,0.0,0.0,0.0,0.0,0.0,0.0,0.0,0.0,0.0,0.0,0.0,0.0,0.0,0.0,0.0,902.0600000000001,0.0,902.0600000000001,0.0,90.21000000000001,0.0,90.21000000000001,0.0,811.85,0.0,811.85,,48.653083800000005,,48.653083800000005,,0.0,,0.0,,0.0,,0.0,,48.650000000000006,,48.650000000000006,,5.992486296729692,,5.992486296729692,0.0,54.36,0.0,54.36,0.0,757.49,0.0,757.49,,,,,,,0.0,0.0,105.17472,,,,,0.0,0.0,811.85,0.0,0.0,,0.0,,0.0,,,,,,,,811.85,0.0
372,NAGALAND,Dimapur,,0.0,1819.4,0.0,1819.4,0.0,71166.65,0.0,71166.65,21533.35,92700.0,0.0,22788.59,0.0,22788.59,0.0,,0.0,0.0,0.0,18758.4,0.0,18758.4,0.0,64.86,0.0,64.86,0.0,0.0,0.0,0.0,0.0,0.0,0.0,0.0,,,,,,,,,0.0,41611.85,0.0,41611.85,0.0,0.0,0.0,0.0,0.0,0.0,0.0,0.0,0.0,0.0,0.0,0.0,0.0,0.0,0.0,0.0,0.0,0.0,0.0,0.0,0.0,0.0,0.0,0.0,0.0,0.0,0.0,0.0,0.0,0.0,0.0,0.0,0.0,41611.85,0.0,41611.85,0.0,4161.19,0.0,4161.19,0.0,37450.66,0.0,37450.66,,815.991067152,,815.991067152,,2.7,,2.7,,208.84,,208.84,,1027.54,,1027.54,,2.743716666141531,,2.743716666141531,0.0,933.25,0.0,933.25,0.0,36305.86,0.0,36305.86,,F affected,,[],[Fe],[],0.0,0.0,0.0,,,,,0.0,0.0,37450.66,0.0,0.0,,0.0,,0.0,,0.0,,0.0,,0.0,,37450.66,0.0
373,NAGALAND,Kiphire,,0.0,1074.1,0.0,1074.1,0.0,90311.52,0.0,90311.52,22688.48,113000.0,0.0,4656.17,0.0,4656.17,0.0,,0.0,0.0,0.0,5044.08,0.0,5044.08,0.0,0.0,0.0,0.0,0.0,0.0,0.0,0.0,0.0,0.0,0.0,0.0,,,,,,,,,0.0,9700.25,0.0,9700.25,0.0,0.0,0.0,0.0,0.0,0.0,0.0,0.0,0.0,0.0,0.0,0.0,0.0,0.0,0.0,0.0,0.0,0.0,0.0,0.0,0.0,0.0,0.0,0.0,0.0,0.0,0.0,0.0,0.0,0.0,0.0,0.0,0.0,9700.25,0.0,9700.25,0.0,970.03,0.0,970.03,0.0,8730.220000000001,0.0,8730.220000000001,,11.653834464,,11.653834464,,0.0,,0.0,,0.0,,0.0,,11.66,,11.66,,0.1335590626582148,,0.1335590626582148,0.0,11.65,0.0,11.65,0.0,8718.56,0.0,8718.56, ,,,[],[],[],0.0,0.0,0.0,,,,,0.0,0.0,8730.22,0.0,0.0,,0.0,,0.0,,0.0,,0.0,,0.0,,8730.22,0.0
374,NAGALAND,Kohima,,0.0,1779.3000000000002,0.0,1779.3000000000002,0.0,122877.0,0.0,122877.0,23423.0,146300.0,0.0,10494.49,0.0,10494.49,0.0,,0.0,0.0,0.0,6774.48,0.0,6774.48,0.0,0.0,0.0,0.0,0.0,0.0,0.0,0.0,0.0,0.0,0.0,0.0,,,,,,,,,0.0,17268.969999999998,0.0,17268.969999999998,0.0,0.0,0.0,0.0,0.0,0.0,0.0,0.0,0.0,0.0,0.0,0.0,0.0,0.0,0.0,0.0,0.0,0.0,0.0,0.0,0.0,0.0,0.0,0.0,0.0,0.0,0.0,0.0,0.0,0.0,0.0,0.0,0.0,17268.969999999998,0.0,17268.969999999998,0.0,1726.8899999999999,0.0,1726.8899999999999,0.0,15542.08,0.0,15542.08,,219.81725149800002,,219.81725149800002,,0.6,,0.6,,0.0,,0.0,,220.41,,220.41,,1.4181499516152278,,1.4181499516152278,0.0,249.54,0.0,249.54,0.0,15291.95,0.0,15291.95,,,,[],[],[],0.0,0.0,0.0,,,,,0.0,0.0,15542.08,0.0,0.0,,0.0,,0.0,,0.0,,0.0,,0.0,,15542.08,0.0
375,NAGALAND,Longleng,,0.0,1879.5,0.0,1879.5,0.0,36389.16,0.0,36389.16,19810.84,56200.0,0.0,3282.8799999999997,0.0,3282.8799999999997,0.0,,0.0,0.0,0.0,3607.38,0.0,3607.38,0.0,0.0,0.0,0.0,0.0,0.0,0.0,0.0,0.0,0.0,0.0,0.0,,,,,,,,,0.0,6890.26,0.0,6890.26,0.0,0.0,0.0,0.0,0.0,0.0,0.0,0.0,0.0,0.0,0.0,0.0,0.0,0.0,0.0,0.0,0.0,0.0,0.0,0.0,0.0,0.0,0.0,0.0,0.0,0.0,0.0,0.0,0.0,0.0,0.0,0.0,0.0,6890.26,0.0,6890.26,0.0,689.0300000000001,0.0,689.0300000000001,0.0,6201.2300000000005,0.0,6201.2300000000005,,18.538792379999997,,18.538792379999997,,0.0,,0.0,,0.0,,0.0,,18.54,,18.54,,0.29897294568980665,,0.29897294568980665,0.0,18.54,0.0,18.54,0.0,6182.69,0.0,6182.69,,,,[],[],[],0.0,0.0,0.0,,,,,0.0,0.0,6201.23,0.0,0.0,,0.0,,0.0,,0.0,,0.0,,0.0,,6201.23,0.0
376,NAGALAND,Mokokchung,,0.0,2080.4,0.0,2080.4,0.0,136933.0,0.0,136933.0,24567.0,161500.0,0.0,13674.019999999999,0.0,13674.019999999999,0.0,,0.0,0.0,0.0,6991.740000000001,0.0,6991.740000000001,0.0,0.0,0.0,0.0,0.0,0.0,0.0,0.0,0.0,0.0,0.0,0.0,,,,,,,,,0.0,20665.76,0.0,20665.76,0.0,0.0,0.0,0.0,0.0,0.0,0.0,0.0,0.0,0.0,0.0,0.0,0.0,0.0,0.0,0.0,0.0,0.0,0.0,0.0,0.0,0.0,0.0,0.0,0.0,0.0,0.0,0.0,0.0,0.0,0.0,0.0,0.0,20665.76,0.0,20665.76,0.0,2066.58,0.0,2066.58,0.0,18599.18,0.0,18599.18,,72.351705834,,72.351705834,,0.12,,0.12,,0.0,,0.0,,72.47,,72.47,,0.38964083362814916,,0.38964083362814916,0.0,72.35,0.0,72.35,0.0,18526.71,0.0,18526.71,,,,[],[],[],0.0,0.0,0.0,,,,,0.0,0.0,18599.18,0.0,0.0,,0.0,,0.0,,0.0,,0.0,,0.0,,18599.18,0.0
377,NAGALAND,Mon,,0.0,1469.1,0.0,1469.1,0.0,155100.0,0.0,155100.0,23500.0,178600.0,0.0,10937.15,0.0,10937.15,0.0,,0.0,0.0,0.0,9238.32,0.0,9238.32,0.0,0.0,0.0,0.0,0.0,0.0,0.0,0.0,0.0,0.0,0.0,0.0,,,,,,,,,0.0,20175.47,0.0,20175.47,0.0,0.0,0.0,0.0,0.0,0.0,0.0,0.0,0.0,0.0,0.0,0.0,0.0,0.0,0.0,0.0,0.0,0.0,0.0,0.0,0.0,0.0,0.0,0.0,0.0,0.0,0.0,0.0,0.0,0.0,0.0,0.0,0.0,20175.47,0.0,20175.47,0.0,2017.55,0.0,2017.55,0.0,18157.920000000002,0.0,18157.920000000002,,201.262939683,,201.262939683,,0.0,,0.0,,0.0,,0.0,,201.27,,201.27,,1.1084419360807845,,1.1084419360807845,0.0,201.26,0.0,201.26,0.0,17956.65,0.0,17956.65,,,,[],[],[],0.0,0.0,0.0,,,,,0.0,0.0,18157.92,0.0,0.0,,0.0,,0.0,,0.0,,0.0,,0.0,,18157.92,0.0
378,NAGALAND,Peren,,0.0,1394.1999999999998,0.0,1394.1999999999998,0.0,141527.25,0.0,141527.25,23572.75,165100.0,0.0,9471.23,0.0,9471.23,0.0,,0.0,0.0,0.0,6918.0599999999995,0.0,6918.0599999999995,0.0,0.0,0.0,0.0,0.0,0.0,0.0,0.0,0.0,0.0,0.0,0.0,,,,,,,,,0.0,16389.29,0.0,16389.29,0.0,0.0,0.0,0.0,0.0,0.0,0.0,0.0,0.0,0.0,0.0,0.0,0.0,0.0,0.0,0.0,0.0,0.0,0.0,0.0,0.0,0.0,0.0,0.0,0.0,0.0,0.0,0.0,0.0,0.0,0.0,0.0,0.0,16389.29,0.0,16389.29,0.0,1638.9299999999998,0.0,1638.9299999999998,0.0,14750.36,0.0,14750.36,,89.841640638,,89.841640638,,0.0,,0.0,,0.0,,0.0,,89.84,,89.84,,0.6090698803283445,,0.6090698803283445,0.0,92.57,0.0,92.57,0.0,14657.79,0.0,14657.79,,,,[],[],[],0.0,0.0,0.0,,,,,0.0,0.0,14750.36,0.0,0.0,,0.0,,0.0,,0.0,,0.0,,0.0,,14750.36,0.0
379,NAGALAND,Phek,,0.0,1295.1,0.0,1295.1000000000001,0.0,182492.28,0.0,182492.28,20107.72,202600.0,0.0,11344.59,0.0,11344.59,0.0,,0.0,0.0,0.0,2822.9399999999996,0.0,2822.9399999999996,0.0,0.0,0.0,0.0,0.0,0.0,0.0,0.0,0.0,0.0,0.0,0.0,,,,,,,,,0.0,14167.529999999999,0.0,14167.529999999999,0.0,0.0,0.0,0.0,0.0,0.0,0.0,0.0,0.0,0.0,0.0,0.0,0.0,0.0,0.0,0.0,0.0,0.0,0.0,0.0,0.0,0.0,0.0,0.0,0.0,0.0,0.0,0.0,0.0,0.0,0.0,0.0,0.0,14167.529999999999,0.0,14167.529999999999,0.0,1416.76,0.0,1416.76,0.0,12750.77,0.0,12750.77,,39.917564277,,39.917564277,,0.0,,0.0,,0.0,,0.0,,39.91,,39.91,,0.31300070505545935,,0.31300070505545935,0.0,42.35,0.0,42.35,0.0,12708.43,0.0,12708.43,,,,[],[],[],0.0,0.0,0.0,,,,,0.0,0.0,12750.77,0.0,0.0,,0.0,,0.0,,0.0,,0.0,,0.0,,12750.77,0.0
380,NAGALAND,Tuensang,,0.0,2079.5,0.0,2079.5,0.0,229965.8,0.0,229965.8,23634.2,253600.0,0.0,22954.269999999997,0.0,22954.269999999997,0.0,,0.0,0.0,0.0,7567.92,0.0,7567.92,0.0,0.0,0.0,0.0,0.0,0.0,0.0,0.0,0.0,0.0,0.0,0.0,,,,,,,,,0.0,30522.19,0.0,30522.19,0.0,0.0,0.0,0.0,0.0,0.0,0.0,0.0,0.0,0.0,0.0,0.0,0.0,0.0,0.0,0.0,0.0,0.0,0.0,0.0,0.0,0.0,0.0,0.0,0.0,0.0,0.0,0.0,0.0,0.0,0.0,0.0,0.0,30522.19,0.0,30522.19,0.0,3052.21,0.0,3052.21,0.0,27469.98,0.0,27469.98,,90.752593695,,90.752593695,,0.0,,0.0,,0.0,,0.0,,90.75,,90.75,,0.33036063368083995,,0.33036063368083995,0.0,93.9,0.0,93.9,0.0,27376.08,0.0,27376.08,,,,[],[],[],0.0,0.0,0.0,,,,,0.0,0.0,27469.98,0.0,0.0,,0.0,,0.0,,0.0,,0.0,,0.0,,27469.98,0.0
381,NAGALAND,Wokha,,0.0,2166.76,0.0,2166.76,0.0,139599.01,0.0,139599.01,23200.99,162800.0,0.0,14518.93,0.0,14518.93,0.0,,0.0,0.0,0.0,7954.08,0.0,7954.08,0.0,0.0,0.0,0.0,0.0,0.0,0.0,0.0,0.0,0.0,0.0,0.0,,,,,,,,,0.0,22473.01,0.0,22473.01,0.0,0.0,0.0,0.0,0.0,0.0,0.0,0.0,0.0,0.0,0.0,0.0,0.0,0.0,0.0,0.0,0.0,0.0,0.0,0.0,0.0,0.0,0.0,0.0,0.0,0.0,0.0,0.0,0.0,0.0,0.0,0.0,0.0,22473.01,0.0,22473.01,0.0,2247.31,0.0,2247.31,0.0,20225.7,0.0,20225.7,,184.436081472,,184.436081472,,0.0,,0.0,,0.0,,0.0,,184.43,,184.43,,0.9118596636951996,,0.9118596636951996,0.0,188.31,0.0,188.31,0.0,20037.4,0.0,20037.4,,,,[],[],[],0.0,0.0,0.0,,,,,0.0,0.0,20225.7,0.0,0.0,,0.0,,0.0,,0.0,,0.0,,0.0,,20225.7,0.0
382,NAGALAND,Zunheboto,,0.0,2080.4,0.0,2080.4,0.0,102785.83,0.0,102785.83,22714.17,125500.0,0.0,10264.11,0.0,10264.11,0.0,,0.0,0.0,0.0,6524.82,0.0,6524.82,0.0,0.0,0.0,0.0,0.0,0.0,0.0,0.0,0.0,0.0,0.0,0.0,,,,,,,,,0.0,16788.93,0.0,16788.93,0.0,0.0,0.0,0.0,0.0,0.0,0.0,0.0,0.0,0.0,0.0,0.0,0.0,0.0,0.0,0.0,0.0,0.0,0.0,0.0,0.0,0.0,0.0,0.0,0.0,0.0,0.0,0.0,0.0,0.0,0.0,0.0,0.0,16788.93,0.0,16788.93,0.0,1678.89,0.0,1678.89,0.0,15110.04,0.0,15110.04,,66.358772586,,66.358772586,,0.0,,0.0,,0.0,,0.0,,66.36,,66.36,,0.43917818880691245,,0.43917818880691245,0.0,66.36,0.0,66.36,0.0,15043.68,0.0,15043.68,,,,[],[],[],0.0,0.0,0.0,,,,,0.0,0.0,15110.04,0.0,0.0,,0.0,,0.0,,0.0,,0.0,,0.0,,15110.04,0.0
383,ODISHA,ANGUL,,1120.1888871115227,1295.8483490366234,0.0,1290.8599014642723,14443.0,494142.0,0.0,508585.0,130761.0,639346.0,969.3,45100.810000000005,0.0,46070.11000000001,356.39,,0.0,356.39,2563.38264168876,0.0,0.0,2563.38,270.65,4910.2,0.0,5180.849999999999,48.019999999999996,5238.47,0.0,5286.490000000001,4.994,67.544,0.0,72.538,,,,,,,,,4212.74,55317.02,0.0,59529.76,,,,,,,,,,,,0.0,,,,0.0,,,,,,,,,,,,,,,,0.0,4212.74,55317.02,0.0,59529.76,421.28999999999996,4031.0800000000004,0.0,4452.37,3791.4500000000003,51285.94,0.0,55077.39000000001,115.71594999999998,4181.7832825,,4297.499232499999,56.9105,931.433,,988.3435,1074.72,19175.710000000003,,20250.43,1247.35,24288.93,,25536.280000000002,32.89902280130293,47.35982220468222,,46.364361128949646,120.67999999999999,4795.43,0.0,4916.11,2539.1400000000003,26383.36,0.0,28922.5,,,,,,,,,,,,,,1246895.54,0.0,1301972.9300000002,0.0,0.0,,0.0,,0.0,,,,,,,,1301972.9300000002,0.0
384,ODISHA,BALASORE,,1752.1646310752958,1702.4098345238442,1760.0853113053438,1715.3424218112248,23826.0,273272.0,59379.0,356477.0,25584.0,382061.0,6068.91,65001.53999999999,18538.57,89609.02000000002,1476.14,,0.0,1476.14,9398.162634955745,0.0,0.0,9398.15,1424.29,24914.52,0.0,26338.81,1841.5399999999997,20520.61,5158.43,27520.580000000005,2.4,652.8000000000001,16.8,672.0,,,,,,,,,20211.43,111089.47,23713.800000000003,155014.69999999998,,,,,,,,,,,,0.0,,,,0.0,,,,,,,,,,,,,,,,0.0,20211.43,111089.47,23713.800000000003,155014.69999999998,2021.15,7995.719999999999,1994.12,12010.99,18190.28,103093.75,21719.68,143003.71,576.86853875,5594.625464999999,1129.4403049999999,7300.93430875,6.472,902.966,0.0,909.438,3186.4000000000005,58325.94000000001,0.0,61512.340000000004,3769.73,64823.51,1129.44,69722.68,20.723870110850413,62.87821521673235,5.200076612546778,56.55587137069901,631.1800000000001,6103.160000000001,0.0,7947.22,14366.239999999998,37761.689999999995,21719.68,52127.92999999999,,,,,,,,,,,,,,212869.57,18088.34,334153.60000000003,39808.020000000004,0.0,,0.0,,0.0,,,,,,,,334153.60000000003,39808.020000000004
385,ODISHA,BARGARH,,1227.830963680689,1261.9250461569839,0.0,1259.3750840192924,39279.0,485898.0,0.0,525177.0,59368.0,584545.0,3180.66,36839.189999999995,0.0,40019.85,3247.4900000000002,,0.0,3247.4900000000002,1931.1256354973812,0.0,0.0,1931.13,394.30999999999995,7830.09,0.0,8224.400000000001,375.78,2434.7400000000002,0.0,2810.52,69.084,7013.442000000001,0.0,7082.526,,,,,,,,,9198.480000000001,54117.48,0.0,63315.96,,,,,,,,,,,,0.0,,,,0.0,,,,,,,,,,,,,,,,0.0,9198.480000000001,54117.48,0.0,63315.96,919.85,3801.3600000000006,0.0,4721.2,8278.630000000001,50316.119999999995,0.0,58594.74999999999,524.86051,4006.2723024999996,,4531.1328125,0.0,326.076,,326.076,1271.99,24306.100000000002,,25578.09,1796.85,28638.459999999995,,30435.309999999998,21.7046781895072,56.9170675322342,,51.94204258913982,539.55,4321.68,0.0,4861.23,6467.08,21908.32,0.0,28375.4,,,,,,,,,,,,,,1332358.55,0.0,1390953.3,0.0,0.0,,0.0,,0.0,,,,,,,,1390953.3,0.0
386,ODISHA,BHADRAK,,1421.123464595462,1540.3325498560737,1559.4380157735773,1511.8866895999422,79363.0,53236.0,119637.0,252236.0,0.0,252236.0,12529.87,9721.210000000001,21208.09,43459.17,12551.859999999999,,0.0,12551.859999999999,4463.034537394383,0.0,0.0,4463.030000000001,7621.94,2519.4300000000003,1036.43,11177.8,5698.3099999999995,1591.87,10916.009999999998,18206.19,58.014,28.472,19.352,105.83800000000001,,,,,,,,,42923.01,13860.97,33179.89,89963.86999999998,,,,,,,,,,,,0.0,,,,0.0,,,,,,,,,,,,,,,,0.0,42923.01,13860.97,33179.89,89963.86999999998,4069.2599999999998,1386.1100000000001,3317.99,8773.35,38853.75,12474.86,29861.899999999998,81190.51000000001,1857.713344,804.18114,1620.782135,4282.676619,61.88000000000001,271.83,0.0,333.71,20421.68,6777.460000000001,2653.51,29852.649999999998,22341.280000000002,7853.480000000001,4274.31,34469.07,57.50096194061063,62.95445399788054,14.31359022701168,58.8263738293322,2032.66,850.96,0.0,4629.46,16337.529999999999,4574.6,27208.369999999995,20912.129999999997,,,,,,,,,,,,,,94795.3,71005.69,146123.91,100867.59,0.0,,0.0,,0.0,,,,,,,,146123.91,100867.59
387,ODISHA,BOLANGIR,,1363.9742975685972,1225.475238554745,0.0,1226.926474929577,6599.0,623178.0,0.0,629777.0,26419.0,656196.0,554.62,45095.90999999999,0.0,45650.52999999999,322.46,,0.0,322.46,687.6965997622467,0.0,0.0,687.7,105.48,5706.839999999999,0.0,5812.32,17.509999999999998,2345.63,0.0,2363.1400000000003,117.60000000000001,4938.0,0.0,5055.599999999999,,,,,,,,,1805.37,58086.37999999999,0.0,59891.75,,,,,,,,,,,,0.0,,,,0.0,,,,,,,,,,,,,,,,0.0,1805.37,58086.37999999999,0.0,59891.75,180.54,4196.83,0.0,4377.37,1624.83,53889.549999999996,0.0,55514.38,54.183885,5278.719333749999,,5332.90321875,22.88,191.84000000000003,,214.72000000000003,399.81000000000006,19803.79,,20203.599999999995,476.88,25274.339999999997,,25751.21,29.34953195103488,46.900261739057015,,46.386557861224425,62.68,6181.8499999999985,0.0,6244.529999999999,1139.45,27712.090000000004,0.0,28851.540000000005,,,,,,,,,,,,,,1645201.61,0.0,1700715.99,0.0,0.0,,0.0,,0.0,,,,,,,,1700715.99,0.0
388,ODISHA,BOUDH,,1225.0961679303553,1336.4347895728088,0.0,1312.1407978089956,46716.0,167382.0,0.0,214098.0,96900.0,310998.0,3689.9400000000005,14981.17,0.0,18671.11,865.3199999999999,,0.0,865.3199999999999,2025.389150164537,0.0,0.0,2025.3899999999999,372.04999999999995,2733.2700000000004,0.0,3105.3199999999997,251.38,684.78,0.0,936.16,9.616,49.45,0.0,59.065999999999995,,,,,,,,,7213.68,18448.660000000003,0.0,25662.340000000004,,,,,,,,,,,,0.0,,,,0.0,,,,,,,,,,,,,,,,0.0,7213.68,18448.660000000003,0.0,25662.340000000004,721.3599999999999,1380.64,0.0,2102.0,6492.32,17068.019999999997,0.0,23560.34,385.80864999999994,980.284515,,1366.093165,26.4384,16.4424,,42.8808,1228.6000000000001,7519.93,,8748.53,1640.8400000000001,8516.67,,10157.509999999998,25.27355398378392,49.89840649354759,,43.11274794845914,425.26,1091.67,0.0,1516.93,4812.03,8439.97,0.0,13252.0,,,,,,,,,,,,,,472692.13,0.0,496252.47000000003,0.0,0.0,,0.0,,0.0,,,,,,,,496252.47000000003,0.0
389,ODISHA,CUTTACK,,1538.1918685089358,1586.8051219292604,0.0,1577.9414360939527,62005.0,278064.0,0.0,340069.0,32790.0,372859.0,13617.060000000001,34930.259999999995,0.0,48547.32000000001,3996.44,,0.0,3996.44,6174.298012116913,0.0,0.0,6174.28,1817.31,3452.5099999999998,0.0,5269.82,587.5500000000001,8293.900000000001,0.0,8881.45,4.64,237.568,0.0,242.20800000000003,,,,,,,,,26197.28,46914.24999999999,0.0,73111.53,,,,,,,,,,,,0.0,,,,0.0,,,,,,,,,,,,,,,,0.0,26197.28,46914.24999999999,0.0,73111.53,2619.7300000000005,3499.52,0.0,6119.24,23577.55,43414.729999999996,0.0,66992.28,1420.42159,6094.522530000001,,7514.94412,249.43720000000002,315.4855800000001,,564.92278,7797.230000000001,13305.749999999998,,21102.98,9467.070000000002,19715.75,,29182.84,40.15289968635419,45.41258231941095,,43.56149693666196,1513.8,6600.35,0.0,8114.1500000000015,14017.11,23193.149999999998,0.0,37210.259999999995,,,,,,,,,,,,,,555083.12,0.0,622075.4,0.0,0.0,,0.0,,0.0,,,,,,,,622075.4,0.0
390,ODISHA,DEOGARH,,1314.546109145398,1318.0203158660822,0.0,1317.6932432356095,20573.0,197956.0,0.0,218529.0,77735.0,296264.0,2163.54,19788.37,0.0,21951.91,527.69,,0.0,527.69,6744.4622056132275,0.0,0.0,6744.45,0.0,4143.82,0.0,4143.82,17.189999999999998,83.89,0.0,101.08,5.856,165.59199999999998,0.0,171.44799999999998,,,,,,,,,9458.73,24181.68,0.0,33640.41,,,,,,,,,,,,0.0,,,,0.0,,,,,,,,,,,,,,,,0.0,9458.73,24181.68,0.0,33640.41,945.87,2005.32,0.0,2951.19,8512.86,22176.36,0.0,30689.22,53.131225,879.48064,,932.6118649999999,207.948,0.0,,207.948,1701.26,13652.29,,15353.55,1962.3300000000002,14531.77,,16494.11,23.051359942487014,65.52820210350121,,53.74561490973052,57.620000000000005,952.35,0.0,1009.97,6546.039999999999,7571.73,0.0,14117.769999999999,,,,,,,,,,,,,,614368.8600000001,0.0,645058.08,0.0,0.0,,0.0,,0.0,,,,,,,,645058.08,0.0
391,ODISHA,DHENKANAL,,1408.3518146568035,1433.1068713865677,0.0,1428.1735922207417,79290.0,318585.0,0.0,397875.0,49706.0,447581.0,6900.41,28398.1,0.0,35298.51,2082.8900000000003,,0.0,2082.8900000000003,4761.53127583461,0.0,0.0,4761.5199999999995,785.7,2301.01,0.0,3086.7099999999996,577.8199999999999,2361.4,0.0,2939.2199999999993,17.208000000000002,64.056,0.0,81.264,,,,,,,,,15125.560000000001,33124.57000000001,0.0,48250.12999999999,,,,,,,,,,,,0.0,,,,0.0,,,,,,,,,,,,,,,,0.0,15125.560000000001,33124.57000000001,0.0,48250.12999999999,1369.72,2155.85,0.0,3525.56,13755.84,30968.719999999994,0.0,44724.56,804.1634374999999,2849.9497475,,3654.1131850000006,42.6294,248.70865000000003,,291.33805,2823.8700000000003,9546.940000000002,,12370.810000000001,3670.66,12645.620000000003,,16316.28,26.684375508874776,40.83352492450448,,36.48170043483939,848.96,3046.54,0.0,3895.5,10040.37,18126.510000000002,0.0,28166.880000000005,,,,,,,,,,,,,,1027179.8,0.0,1071904.3599999999,0.0,0.0,,0.0,,0.0,,,,,,,,1071904.3599999999,0.0
392,ODISHA,GAJAPATI,,1182.2648275862068,1389.3587795597118,0.0,1379.9096037476986,6500.0,135958.0,0.0,142458.0,290763.0,433221.0,614.78,17241.65,0.0,17856.43,215.17,,0.0,215.17,1161.5529411459684,0.0,0.0,1161.55,227.14999999999998,1459.47,0.0,1686.6200000000001,83.59,684.0400000000001,0.0,767.63,15.232,209.808,0.0,225.04,,,,,,,,,2317.48,19594.96,0.0,21912.440000000002,,,,,,,,,,,,0.0,,,,0.0,,,,,,,,,,,,,,,,0.0,2317.48,19594.96,0.0,21912.440000000002,231.75,1819.3799999999999,0.0,2051.13,2085.73,17775.58,0.0,19861.309999999998,207.5749525,1463.8534875,,1671.42844,18.18,91.19929999999998,,109.37929999999999,623.25,4252.549999999999,,4875.799999999999,849.0,5807.58,,6656.59,40.70517276924625,32.67167653601176,,33.515362279728784,215.26,1555.7800000000002,0.0,1771.04,1229.04,11876.06,0.0,13105.099999999999,,,,,,,,,,,,,,454645.82,0.0,474507.13,0.0,0.0,,0.0,,0.0,,,,,,,,474507.13,0.0
393,ODISHA,GANJAM,,1279.504275359079,1304.3378004522574,1207.7482258870564,1296.0421004588138,123400.0,466320.0,20700.0,610420.0,213017.0,823437.0,12978.240000000002,48758.98999999999,2042.8,63780.030000000006,6612.83,,0.0,6612.83,16967.496,0.0,0.0,16967.5,3618.770000000001,5412.929999999999,0.0,9031.71,1499.7199999999998,5003.839999999999,359.52000000000004,6863.079999999999,47.032,644.792,0.0,691.824,,,,,,,,,41724.090000000004,59820.580000000016,2402.3199999999997,103946.99,,,,,,,,,,,,0.0,,,,0.0,,,,,,,,,,,,,,,,0.0,41724.090000000004,59820.580000000016,2402.3199999999997,103946.99,4172.41,4409.97,225.73000000000002,8808.1,37551.68000000001,55410.61,2176.5899999999997,95138.88,3971.5725737499997,6834.122029999999,245.62237,11051.31697375,636.457,824.3253,0.0,1460.7823,9100.679999999998,14397.519999999999,0.0,23498.2,13708.74,22055.99,245.62000000000003,36010.34,36.50632941056165,39.80463308380832,11.284624113866188,38.47228806433231,4728.080000000001,7364.760000000001,0.0,12346.970000000001,23086.410000000007,32823.96,2176.59,55910.37000000001,,,,,,,,,,,,,,1661026.1,45010.09,1753988.39,47186.68,0.0,,0.0,,0.0,,,,,,,,1753988.39,47186.68
394,ODISHA,JAGATSINGHPUR,,1399.6072570206363,1436.6085801078805,1597.5314771917424,1475.2534583841482,54718.0,76304.0,57966.0,188988.0,0.0,188988.0,9162.630000000001,12024.810000000001,10134.110000000002,31321.550000000003,7242.149999999999,,2732.23,9974.380000000001,7535.342600345846,0.0,736.5091354847696,8271.86,3266.0600000000004,2874.43,475.36999999999995,6615.859999999999,1503.1,4369.47,428.71000000000004,6301.28,0.0,128.808,0.0,128.808,,,,,,,,,28709.289999999997,19397.530000000002,14506.93,62613.75,,,,,,,,,,,,0.0,,,,0.0,,,,,,,,,,,,,,,,0.0,28709.289999999997,19397.530000000002,14506.93,62613.75,2870.9300000000003,1655.46,1406.74,5933.13,25838.36,17742.07,13100.189999999999,56680.619999999995,1196.3325774999998,1174.209015,721.7593949999999,3092.3009875000002,117.97344999999999,364.54775,155.95675,638.47795,11528.880000000001,9953.22,1602.0200000000002,23084.12,12843.19,11492.0,2479.7400000000002,26814.920000000002,49.7059023869936,64.77259981501595,18.929038433793714,55.83969685475798,1238.86,1222.4,0.0,3219.49,12952.65,6201.890000000001,11342.21,19154.54,,,,,,,,,,,,,,108108.94,33068.99,151689.37,46169.17999999999,0.0,,0.0,,0.0,,,,,,,,151689.37,46169.17999999999
395,ODISHA,JAJPUR,,1526.0570689655174,1660.2863141455036,1615.2861987062959,1644.9113357634158,24000.0,222846.0,19367.0,266213.0,20246.0,286459.0,4093.88,35596.41,4212.11,43902.40000000001,2978.0099999999998,,0.0,2978.0099999999998,3248.570644975277,0.0,0.0,3248.57,1540.7,7040.290000000002,320.07000000000005,8901.060000000001,189.32999999999998,2186.96,156.01,2532.3,5.4719999999999995,87.45400000000001,0.0,92.92600000000002,,,,,,,,,12055.949999999999,44911.119999999995,4688.19,61655.26,,,,,,,,,,,,0.0,,,,0.0,,,,,,,,,,,,,,,,0.0,12055.949999999999,44911.119999999995,4688.19,61655.26,1100.48,3675.7700000000004,399.70000000000005,5175.96,10955.470000000001,41235.35,4288.49,56479.30999999999,720.8902387500001,3981.244434999999,476.18301499999995,5178.317688749999,49.760000000000005,309.03999999999996,40.769999999999996,399.57000000000005,4995.36,23640.289999999994,1020.2499999999999,29655.899999999998,5766.01,27930.55,1537.1899999999998,35233.76000000001,52.63133393638063,67.73448024571151,35.84455134557851,64.56417048055579,759.28,4251.16,0.0,5505.05,5151.070000000001,13034.900000000001,3227.49,18185.97,,,,,,,,,,,,,,358968.76,11556.869999999999,411159.58,15845.36,0.0,,0.0,,0.0,,,,,,,,411159.58,15845.36
396,ODISHA,JHARSUGUDA,,0.0,1314.0830628698877,0.0,1314.0830628698877,0.0,211842.0,0.0,211842.0,385.0,212227.0,0.0,17126.420000000002,0.0,17126.420000000002,0.0,,0.0,0.0,0.0,0.0,0.0,0.0,0.0,1590.8100000000002,0.0,1590.8100000000002,0.0,559.53,0.0,559.53,0.0,782.9360000000001,0.0,782.9360000000001,,,,,,,,,0.0,20059.68,0.0,20059.68,,,,,,,,,,,,0.0,,,,0.0,,,,,,,,,,,,,,,,0.0,0.0,20059.68,0.0,20059.68,0.0,1501.58,0.0,1501.58,0.0,18558.1,0.0,18558.1,,2367.3832475,,2367.3832475,,833.28,,833.28,,5801.910000000001,,5801.910000000001,,9002.58,,9002.58,,48.51024619977261,,48.51024619977261,0.0,2717.15,0.0,2717.15,0.0,9205.75,0.0,9205.75,,,,,,,,,,,,,,490884.19,0.0,509442.29000000004,0.0,0.0,,0.0,,0.0,,,,,,,,509442.29000000004,0.0
397,ODISHA,KALAHANDI,,1416.454893825736,1492.965834760275,0.0,1479.6275485261224,97301.0,460836.0,0.0,558137.0,233298.0,791435.0,8416.25,39174.02,0.0,47590.270000000004,3615.58,,0.0,3615.58,7498.943349277426,0.0,0.0,7498.949999999999,817.24,3849.48,0.0,4666.72,939.61,1616.17,0.0,2555.7799999999997,1.992,283.81,0.0,285.80199999999996,,,,,,,,,21289.629999999997,44923.490000000005,0.0,66213.12,,,,,,,,,,,,0.0,,,,0.0,,,,,,,,,,,,,,,,0.0,21289.629999999997,44923.490000000005,0.0,66213.12,2128.97,3033.1000000000004,0.0,5162.06,19160.659999999996,41890.39,0.0,61051.05,1112.1909524999999,3691.03412125,,4803.225073750001,142.63,501.3900000000001,,644.0200000000001,2911.23,16037.869999999999,,18949.1,4166.05,20230.329999999998,,24396.38,21.74272702506073,48.29348688326845,,39.96062311786611,1229.78,4094.16,0.0,5323.94,14877.030000000002,21256.93,0.0,36133.96000000001,,,,,,,,,,,,,,1431454.87,0.0,1492505.92,0.0,0.0,,0.0,,0.0,,,,,,,,1492505.92,0.0
398,ODISHA,KANDHAMAL,,1338.2548548430127,1650.8517926001716,0.0,1648.7744324316493,2973.0,444398.0,0.0,447371.0,356636.0,804007.0,190.98000000000002,30496.73,0.0,30687.71,175.79999999999998,,0.0,175.79999999999998,1056.714,0.0,0.0,1056.71,141.47,2271.8900000000003,0.0,2413.3599999999997,2.42,320.4700000000001,0.0,322.89000000000004,6.3919999999999995,1047.616,0.0,1054.0079999999998,,,,,,,,,1573.78,34136.670000000006,0.0,35710.450000000004,,,,,,,,,,,,0.0,,,,0.0,,,,,,,,,,,,,,,,0.0,1573.78,34136.670000000006,0.0,35710.450000000004,157.38,2712.35,0.0,2869.7299999999996,1416.3999999999999,31424.320000000003,0.0,32840.72,10.424399999999999,2233.4154724999994,,2243.8398725,8.84,148.59,,157.43,421.96000000000004,6583.36,,7005.32,441.21,8965.359999999999,,9406.57,31.150098842134994,28.53000478610197,,28.643007826868594,11.11,2385.38,0.0,2396.49,974.51,22307.0,0.0,23281.51,,,,,,,,,,,,,,789287.5099999999,0.0,822128.2300000001,0.0,0.0,,0.0,,0.0,,,,,,,,822128.2300000001,0.0
399,ODISHA,KENDRAPARA,,1567.037406023661,1632.8389980188804,1525.3823004682208,1540.1737035906285,17287.0,24455.0,184602.0,226344.0,0.0,226344.0,3143.58,5246.759999999999,33765.64,42155.98,1931.07,,1863.49,3794.56,4659.6706067799305,0.0,10157.00648200779,14816.689999999999,1492.1,994.72,477.09000000000003,2963.9100000000008,8716.78,59.49000000000001,36346.920000000006,45123.189999999995,0.0,0.0,0.0,0.0,,,,,,,,,19943.199999999997,6300.97,82610.16,108854.33,,,,,,,,,,,,0.0,,,,0.0,,,,,,,,,,,,,,,,0.0,19943.199999999997,6300.97,82610.16,108854.33,1994.3300000000002,315.05,8053.34,10362.720000000001,17948.87,5985.920000000001,74556.82,98491.61,664.8653850000001,471.97748499999994,2989.8814399999997,4126.72431,50.39999999999999,95.0,178.06,323.46,5486.26,3716.5700000000006,1727.5100000000002,10930.34,6201.5199999999995,4283.5599999999995,4895.46,15380.54,34.55103301767743,71.56059553084569,6.566079400918655,43.80686022313128,710.9100000000001,502.8299999999999,0.0,4395.05,11701.31,1671.5,72651.23999999999,13372.81,,,,,,,,,,,,,,40365.21,166730.06,64300.0,241286.88,0.0,,0.0,,0.0,,,,,,,,64300.0,241286.88
400,ODISHA,KEONJHAR,,1304.0540574445617,1389.2525636235753,0.0,1386.3070261101943,23675.0,661115.0,0.0,684790.0,149192.0,833982.0,2468.12,64978.05,0.0,67446.17,2392.0099999999993,,0.0,2392.0099999999993,3347.7612337518567,0.0,0.0,3347.76,903.5899999999999,7988.030000000001,0.0,8891.62,215.17,6691.5599999999995,0.0,6906.73,0.728,113.79599999999998,0.0,114.524,,,,,,,,,9327.369999999999,79771.45999999999,0.0,89098.83,,,,,,,,,,,,0.0,,,,0.0,,,,,,,,,,,,,,,,0.0,9327.369999999999,79771.45999999999,0.0,89098.83,932.74,6986.979999999999,0.0,7919.719999999999,8394.630000000001,72784.48,0.0,81179.11,268.967405,5715.317094999999,,5984.284499999999,55.5,486.34759999999994,,541.8476,3051.27,24501.34,,27552.61,3375.7299999999996,30702.999999999993,,34078.729999999996,40.21296948168054,42.183443503340264,,41.97967925492161,292.68,6312.23,0.0,6604.909999999999,4995.1900000000005,41484.56999999999,0.0,46479.759999999995,,,,,,,,,,,,,,1512782.4900000002,0.0,1593961.6,0.0,0.0,,0.0,,0.0,,,,,,,,1593961.6,0.0
401,ODISHA,KHURDA,,1413.667141450747,1430.9372239198176,0.0,1429.0091552076613,29107.0,231610.0,0.0,260717.0,28260.0,288977.0,4167.38,25580.93,0.0,29748.309999999998,3644.4300000000003,,0.0,3644.4300000000003,5566.635277752058,0.0,0.0,5566.659999999999,2159.93,3838.9599999999996,0.0,5998.889999999999,540.9,795.98,0.0,1336.88,22.4,210.0,0.0,232.4,,,,,,,,,16101.699999999999,30425.87,0.0,46527.57,,,,,,,,,,,,0.0,,,,0.0,,,,,,,,,,,,,,,,0.0,16101.699999999999,30425.87,0.0,46527.57,1610.18,2135.5800000000004,0.0,3745.7599999999998,14491.519999999997,28290.29,0.0,42781.81,925.6379924999999,5884.951429000001,,6810.5894215,0.0,1845.35,,1845.35,5007.52,10782.330000000002,,15789.850000000002,5933.16,18512.64,,24445.8,40.94228900764033,65.43814149660537,,57.14063991214958,1281.8999999999999,6701.69,0.0,7983.59,8202.1,9981.539999999999,0.0,18183.64,,,,,,,,,,,,,,644628.0700000001,0.0,687409.8800000001,0.0,0.0,,0.0,,0.0,,,,,,,,687409.8800000001,0.0
402,ODISHA,KORAPUT,,1612.9410635446736,1511.7069248448013,0.0,1519.3666621752257,45444.0,555162.0,0.0,600606.0,255565.0,856171.0,3821.68,42108.21000000001,0.0,45929.88999999999,892.59,,0.0,892.59,4638.208500689095,0.0,0.0,4638.219999999999,258.40000000000003,1385.2499999999998,0.0,1643.65,115.75999999999999,1301.67,0.0,1417.4300000000003,39.792,966.376,0.0,1006.1680000000001,,,,,,,,,9766.43,45761.51,0.0,55527.94,,,,,,,,,,,,0.0,,,,0.0,,,,,,,,,,,,,,,,0.0,9766.43,45761.51,0.0,55527.94,976.65,3617.1400000000003,0.0,4593.790000000001,8789.779999999999,42144.37,0.0,50934.15,550.5660912499999,3793.8300749999994,,4344.39616625,197.93,377.35,,575.28,886.7600000000001,5068.87,,5955.630000000001,1635.2600000000002,9240.050000000001,,10875.32,18.604106132349166,21.924755311326283,,21.35172570858648,604.8900000000001,4222.31,0.0,4827.200000000001,7100.18,32475.84,0.0,39576.020000000004,,,,,,,,,,,,,,1410808.82,0.0,1461742.97,0.0,0.0,,0.0,,0.0,,,,,,,,1461742.97,0.0
403,ODISHA,MALKANGIRI,,1348.5277894029946,1493.3675809652939,0.0,1476.3881655077862,39846.0,300053.0,0.0,339899.0,185047.0,524946.0,2869.56,22523.829999999998,0.0,25393.39,1765.7400000000002,,0.0,1765.7400000000002,4231.920237002994,0.0,0.0,4231.93,118.36000000000001,750.91,0.0,869.2699999999999,47.42,1118.21,0.0,1165.6299999999999,1.9799999999999998,11.26,0.0,13.24,,,,,,,,,9034.99,24404.209999999995,0.0,33439.2,,,,,,,,,,,,0.0,,,,0.0,,,,,,,,,,,,,,,,0.0,9034.99,24404.209999999995,0.0,33439.2,903.51,2068.06,0.0,2971.5699999999997,8131.48,22336.15,0.0,30467.63,197.00327499999997,1797.287375,,1994.29065,0.0,0.0,,0.0,602.84,2445.8,,3048.64,799.8499999999999,4243.1,,5042.95,9.836462734951077,18.996559389151667,,16.551828941076153,222.49,2034.2899999999997,0.0,2256.78,7306.14,17856.04,0.0,25162.18,,,,,,,,,,,,,,768247.8200000001,0.0,798715.4500000001,0.0,0.0,,0.0,,0.0,,,,,,,,798715.4500000001,0.0
404,ODISHA,MAYURBHANJ,,1601.7830410234237,1518.7643447628463,0.0,1522.6781930802288,39319.0,794697.0,0.0,834016.0,218556.0,1052572.0,5168.559999999999,99788.71,0.0,104957.27,4091.9999999999995,,,4091.9999999999995,14315.085,0.0,0.0,14315.07,2545.78,18467.380000000005,0.0,21013.159999999996,110.54000000000002,2343.63,0.0,2454.1700000000005,33.748,805.8699999999999,0.0,839.618,,,,,,,,,26265.690000000002,121405.55999999995,0.0,147671.25,,,,,,,,,,,,0.0,,,,0.0,,,,,,,,,,,,,,,,0.0,26265.690000000002,121405.55999999995,0.0,147671.25,2626.6,7991.01,0.0,10617.61,23639.090000000007,113414.55000000003,0.0,137053.64,313.66712999999993,7329.7469525,,7643.4140824999995,0.0,195.46,,195.46,5718.330000000001,42532.71,,48251.04000000001,6031.99,50057.890000000014,,56089.87999999999,25.51701440283868,44.13709704795372,,40.92549457278186,335.66,7961.42,0.0,8297.08,17585.11,62724.98999999999,0.0,80310.09999999999,,,,,,,,,,,,,,1555119.6300000001,0.0,1692173.2699999998,0.0,0.0,,0.0,,0.0,,,,,,,,1692173.2699999998,0.0
405,ODISHA,NABARANGAPUR,,1405.7586206896551,1572.1368547208585,0.0,1570.8138329745245,4250.0,530214.0,0.0,534464.0,31117.0,565581.0,382.36,54350.94,0.0,54733.3,209.08,,0.0,209.08,1255.5489295037669,0.0,0.0,1255.54,45.47,4151.75,0.0,4197.219999999999,4.47,872.4300000000001,0.0,876.8999999999999,3.192,472.368,0.0,475.56,,,,,,,,,1900.12,59847.48000000001,0.0,61747.600000000006,,,,,,,,,,,,0.0,,,,0.0,,,,,,,,,,,,,,,,0.0,1900.12,59847.48000000001,0.0,61747.600000000006,190.01999999999998,4712.81,0.0,4902.83,1710.1,55134.66999999999,0.0,56844.76999999999,186.38761499999998,3552.0159325000004,,3738.4035475,9.3,145.93,,155.23,148.94,15075.790000000003,,15224.730000000001,344.63,18773.73,,19118.36,20.152622653645984,34.05067990794178,,33.632575169184435,205.99,3935.87,0.0,4141.86,1345.87,35977.09,0.0,37322.96,,,,,,,,,,,,,,1295083.2399999998,0.0,1351928.0100000002,0.0,0.0,,0.0,,0.0,,,,,,,,1351928.0100000002,0.0
406,ODISHA,NAYAGARH,,1360.8255934846645,1411.6707102963144,0.0,1409.6301616381397,10348.0,247497.0,0.0,257845.0,133196.0,391041.0,1126.54,27084.340000000004,0.0,28210.88,538.1600000000001,,,538.1600000000001,3860.8991313720617,0.0,0.0,3860.89,679.9399999999999,3888.72,0.0,4568.66,60.620000000000005,1141.7999999999997,0.0,1202.4199999999998,13.32,323.96,0.0,337.2800000000001,,,,,,,,,6279.469999999999,32438.839999999993,0.0,38718.31,,,,,,,,,,,,0.0,,,,0.0,,,,,,,,,,,,,,,,0.0,6279.469999999999,32438.839999999993,0.0,38718.31,627.95,2192.3500000000004,0.0,2820.3,5651.52,30246.489999999998,0.0,35898.01,423.725945,2783.9635874999994,,3207.6895324999996,0.0,19.89,,19.89,1555.6100000000001,9340.75,,10896.36,1979.35,12144.6,,14123.95,35.02332115961723,40.15209698712148,,39.34466005218674,641.54,7509.8,0.0,8151.340000000001,3454.3599999999997,18007.26,0.0,21461.62,,,,,,,,,,,,,,609727.2200000001,0.0,645625.2299999999,0.0,0.0,,0.0,,0.0,,,,,,,,645625.2299999999,0.0
407,ODISHA,NUAPADA,,1088.5534121911144,1124.0455008806478,0.0,1120.571396579462,30178.0,278126.0,0.0,308304.0,77004.0,385308.0,1817.4800000000002,20967.19,0.0,22784.669999999995,1157.3999999999999,,,1157.3999999999999,2195.9369076482544,0.0,0.0,2195.94,596.22,4315.61,0.0,4911.83,80.9,623.96,0.0,704.86,51.134,210.29399999999998,0.0,261.428,,,,,,,,,5899.08,26117.06,0.0,32016.14,,,,,,,,,,,,0.0,,,,0.0,,,,,,,,,,,,,,,,0.0,5899.08,26117.06,0.0,32016.14,589.92,2196.99,0.0,2786.91,5309.16,23920.07,0.0,29229.23,352.77870499999995,1508.908905,,1861.68761,27.67,64.63999999999999,,92.31,2196.12,13824.25,,16020.37,2576.5699999999997,15397.79,,17974.36,48.530652683286995,64.37184339343489,,61.49446974826227,383.7,1647.09,0.0,2030.79,2701.67,8384.1,0.0,11085.77,,,,,,,,,,,,,,827347.41,0.0,856576.6399999999,0.0,0.0,,0.0,,0.0,,,,,,,,856576.6399999999,0.0
408,ODISHA,PURI,,1556.0106755101035,1504.618210094545,1503.2241926965444,1520.624502424691,81983.0,123612.0,53016.0,258611.0,0.0,258611.0,14910.009999999997,22338.89,9250.08,46498.98,3712.94,,0.0,3712.94,10330.2,0.0,0.0,10330.2,4709.55,6233.91,0.0,10943.460000000001,731.5999999999999,1078.83,402.43000000000006,2212.86,289.57599999999996,97.80399999999999,6.664,394.044,,,,,,,,,34683.880000000005,29749.430000000004,9659.189999999999,74092.49999999999,,,,,,,,,,,,0.0,,,,0.0,,,,,,,,,,,,,,,,0.0,34683.880000000005,29749.430000000004,9659.189999999999,74092.49999999999,2877.1000000000004,2008.8700000000001,678.88,5564.8499999999985,31806.780000000002,27740.559999999998,8980.309999999998,68527.65,2959.7422950000005,1886.84195,782.4917449999999,5629.07599,0.0,0.0,0.0,0.0,10928.58,14611.870000000003,629.54,26169.99,13888.31,16498.690000000002,1412.04,31799.04,43.664621190827866,59.47497094507106,15.723733367779067,51.02998723368668,3317.92,2018.4799999999998,0.0,6169.99,17560.3,11110.23,8350.759999999998,28670.53,,,,,,,,,,,,,,208456.05,48935.53,268003.38999999996,57915.840000000004,0.0,,0.0,,0.0,,,,,,,,268003.38999999996,57915.840000000004
409,ODISHA,RAYAGADA,,1190.62369527688,1340.9454074882515,0.0,1337.4257304849225,8569.0,357404.0,0.0,365973.0,362225.0,728198.0,652.97,28546.98,0.0,29199.95,403.38000000000005,,0.0,403.38000000000005,1594.683889565264,0.0,0.0,1594.6799999999998,133.13,1773.35,0.0,1906.4799999999998,1.6800000000000002,1833.83,0.0,1835.51,0.0,119.20200000000001,0.0,119.20200000000001,,,,,,,,,2785.8399999999997,32273.359999999997,0.0,35059.2,,,,,,,,,,,,0.0,,,,0.0,,,,,,,,,,,,,,,,0.0,2785.8399999999997,32273.359999999997,0.0,35059.2,278.59,2332.5299999999997,0.0,2611.1199999999994,2507.25,29940.829999999998,0.0,32448.08,53.591125,2878.38009025,,2931.9712152499997,0.0,672.1299999999999,,672.1299999999999,606.18,5387.49,,5993.67,659.77,8938.0,,9597.769999999999,26.314487984843954,29.852211845830595,,29.578853355884227,59.25,3140.3000000000006,0.0,3199.5499999999997,1841.82,20740.91,0.0,22582.73,,,,,,,,,,,,,,1018038.8900000001,0.0,1050486.97,0.0,0.0,,0.0,,0.0,,,,,,,,1050486.97,0.0
410,ODISHA,SAMBALPUR,,1453.1249310513033,1420.3922886772802,0.0,1423.587157390019,55351.0,511741.0,0.0,567092.0,95188.0,662280.0,4710.81,41547.47,0.0,46258.28,1100.8000000000002,,0.0,1100.8000000000002,9287.54857774634,0.0,0.0,9287.55,458.54999999999995,4521.0,0.0,4979.55,156.77,1346.6200000000001,0.0,1503.39,33.44,304.48,0.0,337.92,,,,,,,,,15747.919999999998,47719.57000000001,0.0,63467.490000000005,,,,,,,,,,,,0.0,,,,0.0,,,,,,,,,,,,,,,,0.0,15747.919999999998,47719.57000000001,0.0,63467.490000000005,1574.79,3818.23,0.0,5393.0199999999995,14173.13,43901.34,0.0,58074.47,371.40812250000005,2774.0358795,,3145.444002,358.05,599.5344,,957.5844,1150.73,11245.900000000001,,12396.630000000001,1880.19,14619.460000000001,,16499.67,13.265877050446868,33.30071473900342,,28.411227859677407,392.5300000000001,2963.9400000000005,0.0,3356.47,12271.83,29091.969999999998,0.0,41363.799999999996,,,,,,,,,,,,,,1356498.63,0.0,1414573.0999999999,0.0,0.0,,0.0,,0.0,,,,,,,,1414573.0999999999,0.0
411,ODISHA,SUBARNAPUR,,1284.5684160057062,1351.7434012244853,0.0,1335.2855964262778,56853.0,175201.0,0.0,232054.0,4655.0,236709.0,3806.58,15300.650000000001,0.0,19107.23,654.0300000000001,,0.0,654.0300000000001,3117.7872926554965,0.0,0.0,3117.78,348.21000000000004,2469.14,0.0,2817.3500000000004,236.48000000000002,646.9399999999999,0.0,883.4200000000001,9.296,172.28000000000003,0.0,181.576,,,,,,,,,8172.39,18589.03,0.0,26761.420000000002,,,,,,,,,,,,0.0,,,,0.0,,,,,,,,,,,,,,,,0.0,8172.39,18589.03,0.0,26761.420000000002,728.4,1247.55,0.0,1975.9399999999998,7443.990000000001,17341.48,0.0,24785.47,708.9199725,1145.5331549999999,,1854.4531275,0.0,58.48000000000001,,58.48000000000001,1187.2500000000002,8197.11,,9384.36,1896.1799999999998,9401.11,,11297.290000000003,25.472629597836637,54.211693580940036,,45.58029361557397,750.6300000000001,1237.4199999999998,0.0,1988.05,5506.099999999999,7848.49,0.0,13354.59,,,,,,,,,,,,,,585292.6699999999,0.0,610078.14,0.0,0.0,,0.0,,0.0,,,,,,,,610078.14,0.0
412,ODISHA,SUNDARGARH,,1191.1889564712776,1281.2516375758503,0.0,1279.92081234028,12122.0,808226.0,0.0,820348.0,154721.0,975069.0,1085.02,71006.76,0.0,72091.78,390.50000000000006,,0.0,390.50000000000006,3124.9086748400673,0.0,0.0,3124.9100000000003,0.0,6392.969999999999,0.0,6392.969999999999,81.82000000000001,3035.1099999999997,0.0,3116.9300000000003,0.794,558.7139999999999,0.0,559.5079999999999,,,,,,,,,4683.05,80993.56,0.0,85676.60999999999,,,,,,,,,,,,0.0,,,,0.0,,,,,,,,,,,,,,,,0.0,4683.05,80993.56,0.0,85676.60999999999,468.30999999999995,5903.6900000000005,0.0,6372.0,4214.740000000001,75089.87,0.0,79304.60999999999,59.669470000000004,5898.20948825,,5957.87895825,0.0,2125.0964999999997,,2125.0964999999997,985.03,20887.969999999998,,21872.999999999996,1044.7,28911.24,,29955.929999999997,24.78681959029501,38.50218411617972,,37.77325176934859,65.14,6605.879999999999,0.0,6671.02,3164.5699999999997,45470.939999999995,0.0,48635.509999999995,,,,,,,,,,,,,,2129720.76,0.0,2209025.37,0.0,0.0,,0.0,,0.0,,,,,,,,2209025.37,0.0
413,PUNJAB,Amritsar,,646.0903340307876,0.0,0.0,646.0903340307876,267640.0,0.0,0.0,267640.0,0.0,267640.0,37328.090000000004,0.0,0.0,37328.090000000004,31660.26,,,31660.26,11649.156386389193,0.0,0.0,11649.16,64073.89000000001,0.0,0.0,64073.89000000001,11520.180000000002,,,11520.180000000002,0.0,,,0.0,,,,,,,,,156231.58,0.0,0.0,156231.58,,,,,,,,,,,,0.0,,,,0.0,,,,,,,,,,,,,,,,0.0,156231.58,0.0,0.0,156231.58,14095.720000000001,0.0,0.0,14095.720000000001,142135.86,0.0,0.0,142135.86,6118.308849999999,,,6118.308849999999,0.0,,,0.0,231752.99103,,,231752.99103,237871.28,,,237871.28,167.3548673782957,,,167.3548673782957,6551.929999999999,0.0,0.0,6551.929999999999,0.0,0.0,0.0,0.0,,,,,,,0.0,0.0,0.0,,,,,3001937.2699999996,0.0,3144073.13,0.0,0.0,,0.0,,0.0,,,,,,,,3144073.13,0.0
414,PUNJAB,Barnala,,518.5225369954919,0.0,0.0,518.5225369954919,141301.0,0.0,0.0,141301.0,0.0,141301.0,13691.15,0.0,0.0,13691.15,19117.32,,,19117.32,5152.378867181131,0.0,0.0,5152.38,14016.95,0.0,0.0,14016.95,8088.66,,,8088.66,,,,,,,,,,,,,60066.46,0.0,0.0,60066.46,,,,,,,,,,,,0.0,,,,0.0,,,,,,,,,,,,,,,,0.0,60066.46,0.0,0.0,60066.46,6006.65,0.0,0.0,6006.65,54059.81,0.0,0.0,54059.81,2421.3297,,,2421.3297,0.0,,,0.0,111928.33176,,,111928.33176,114349.67,,,114349.67,211.52436532795807,,,211.52436532795807,2601.7300000000005,0.0,0.0,2601.7300000000005,0.0,0.0,0.0,0.0,,,,,,,0.0,0.0,0.0,,,,,1136340.09,0.0,1190399.9,0.0,0.0,,0.0,,0.0,,,,,,,,1190399.9,0.0
415,PUNJAB,Bathinda,,377.9346608421452,0.0,0.0,377.9346608421452,337424.0,0.0,0.0,337424.0,0.0,337424.0,25154.26,0.0,0.0,25154.26,22536.12,,,22536.12,46637.645354251974,0.0,0.0,46637.649999999994,30430.609999999997,0.0,0.0,30430.609999999997,11730.240000000003,,,11730.240000000003,,,,,,,,,,,,,136488.87999999998,0.0,0.0,136488.87999999998,,,,,,,,,,,,0.0,,,,0.0,,,,,,,,,,,,,,,,0.0,136488.87999999998,0.0,0.0,136488.87999999998,13648.89,0.0,0.0,13648.89,122839.99,0.0,0.0,122839.99,5623.595149999999,,,5623.595149999999,0.0,,,0.0,125652.69235000001,,,125652.69235000001,131276.27,,,131276.27,106.86769837737693,,,106.86769837737693,6032.2699999999995,0.0,0.0,6032.2699999999995,16351.759999999998,0.0,0.0,16351.759999999998,,,,,,,870.9,0.0,0.0,,,,,3264132.6999999997,0.0,3386972.69,0.0,0.0,,0.0,,0.0,,,,,,,,3386972.69,0.0
416,PUNJAB,Faridkot,,398.97165273242183,0.0,0.0,398.97165273242183,147598.0,0.0,0.0,147598.0,0.0,147598.0,13756.029999999999,0.0,0.0,13756.029999999999,11167.02,,,11167.02,16933.627232191437,0.0,0.0,16933.629999999997,31908.29,0.0,0.0,31908.29,5308.7699999999995,,,5308.7699999999995,0.0,,,0.0,,,,,,,,,79073.74,0.0,0.0,79073.74,,,,,,,,,,,,0.0,,,,0.0,,,,,,,,,,,,,,,,0.0,79073.74,0.0,0.0,79073.74,7907.379999999999,0.0,0.0,7907.379999999999,71166.36,0.0,0.0,71166.36,2482.0072999999998,,,2482.0072999999998,0.0,,,0.0,96187.46061,,,96187.46061,98669.47,,,98669.47,138.64622273782163,,,138.64622273782163,2649.1,0.0,0.0,2649.1,0.0,0.0,0.0,0.0,,,,,,,13161.3,0.0,0.0,,,,,1722885.65,0.0,1794052.01,0.0,0.0,,0.0,,0.0,,,,,,,,1794052.01,0.0
417,PUNJAB,Fatehgarh Sahib,,685.0991369500902,0.0,0.0,685.0991369500902,114246.0,0.0,0.0,114246.0,0.0,114246.0,18002.04,0.0,0.0,18002.04,7124.9,,,7124.9,2428.3227169111965,0.0,0.0,2428.3199999999997,19077.57,0.0,0.0,19077.57,16087.2,,,16087.2,,,,,,,,,,,,,62720.03,0.0,0.0,62720.03,,,,,,,,,,,,0.0,,,,0.0,,,,,,,,,,,,,,,,0.0,62720.03,0.0,0.0,62720.03,6272.01,0.0,0.0,6272.01,56448.01999999999,0.0,0.0,56448.01999999999,2435.6194499999997,,,2435.6194499999997,0.0,,,0.0,111794.16788,,,111794.16788,114229.78,,,114229.78,202.36277552339308,,,202.36277552339308,2617.09,0.0,0.0,2617.09,0.0,0.0,0.0,0.0,,,,,,,0.0,0.0,0.0,,,,,1201788.9600000002,0.0,1258236.98,0.0,0.0,,0.0,,0.0,,,,,,,,1258236.98,0.0
418,PUNJAB,Fazilka,,369.07376785883764,0.0,0.0,369.07376785883764,273954.0,0.0,0.0,273954.0,0.0,273954.0,20714.29,0.0,0.0,20714.29,19199.12,,,19199.12,28255.973625112383,0.0,0.0,28255.97,24100.68,0.0,0.0,24100.68,11817.150000000001,,,11817.150000000001,,,,,,,,,,,,,104087.20999999999,0.0,0.0,104087.20999999999,,,,,,,,,,,,0.0,,,,0.0,,,,,,,,,,,,,,,,0.0,104087.20999999999,0.0,0.0,104087.20999999999,10408.720000000001,0.0,0.0,10408.720000000001,93678.48999999999,0.0,0.0,93678.48999999999,4485.04335,,,4485.04335,0.0,,,0.0,69207.44167999999,,,69207.44167999999,73692.47,,,73692.47,78.6653051303453,,,78.6653051303453,4563.13,0.0,0.0,4563.13,30009.5,0.0,0.0,30009.5,,,,,,,55500.0,0.0,0.0,,,,,3770394.9,0.0,3864073.3900000006,0.0,0.0,,0.0,,0.0,,,,,,,,3864073.3900000006,0.0
419,PUNJAB,Firozpur,,428.6978126872869,0.0,0.0,428.6978126872869,251953.0,0.0,0.0,251953.0,0.0,251953.0,20470.72,0.0,0.0,20470.72,45941.340000000004,,,45941.340000000004,19334.221056162616,0.0,0.0,19334.22,52657.08,0.0,0.0,52657.08,10453.740000000002,,,10453.740000000002,,,,,,,,,,,,,148857.1,0.0,0.0,148857.1,,,,,,,,,,,,0.0,,,,0.0,,,,,,,,,,,,,,,,0.0,148857.1,0.0,0.0,148857.1,14885.71,0.0,0.0,14885.71,133971.39,0.0,0.0,133971.39,3079.3480499999996,,,3079.3480499999996,0.0,,,0.0,176083.51604,,,176083.51604,179162.89,,,179162.89,133.73220207687626,,,133.73220207687626,3132.96,0.0,0.0,3132.96,0.0,0.0,0.0,0.0,,,,,,,1693.5,0.0,0.0,,,,,2702911.7300000004,0.0,2836883.12,0.0,0.0,,0.0,,0.0,,,,,,,,2836883.12,0.0
420,PUNJAB,Gurdaspur,,819.7245864014536,0.0,0.0,819.7245864014536,261425.0,0.0,0.0,261425.0,0.0,261425.0,46271.14,0.0,0.0,46271.14,39409.54,,0.0,39409.54,8839.671519295262,0.0,0.0,8839.69,68771.88,0.0,0.0,68771.88,20448.67,,,20448.67,,,,,,,,,,,,,183740.92,0.0,0.0,183740.92,,,,,,,,,,,,0.0,,,,0.0,,,,,,,,,,,,,,,,0.0,183740.92,0.0,0.0,183740.92,16447.72,0.0,0.0,16447.72,167293.19999999998,0.0,0.0,167293.19999999998,6255.432049999999,,,6255.432049999999,0.0,,,0.0,201952.0358,,,201952.0358,208207.47,,,208207.47,124.45662465659095,,,124.45662465659095,6364.339999999999,0.0,0.0,6364.339999999999,6611.82,0.0,0.0,6611.82,,,,,,,11709.899999999998,0.0,0.0,,,,,2439801.06,0.0,2607094.2600000002,0.0,0.0,,0.0,,0.0,,,,,,,,2607094.2600000002,0.0
421,PUNJAB,Hoshiarpur,,839.0367996714125,0.0,0.0,839.0367996714125,282421.0,0.0,0.0,282421.0,54450.0,336871.0,52496.92000000001,0.0,0.0,52496.92000000001,1271.16,,0.0,1271.16,8698.893803297651,0.0,0.0,8698.91,19566.019999999997,0.0,0.0,19566.019999999997,15142.54,,,15142.54,,,,,,,,,,,,,97175.54999999999,0.0,0.0,97175.54999999999,,,,,,,,,,,,0.0,,,,0.0,,,,,,,,,,,,,,,,0.0,97175.54999999999,0.0,0.0,97175.54999999999,8249.31,0.0,0.0,8249.31,88926.24000000002,0.0,0.0,88926.24000000002,5907.18555,,,5907.18555,0.0,,,0.0,85082.579943,,,85082.579943,90989.79,,,90989.79,102.32051866805566,,,102.32051866805566,6010.06,0.0,0.0,6010.06,13474.8,0.0,0.0,13474.8,,,,,,,5008.2,0.0,0.0,,,,,3681443.3299999996,0.0,3770369.57,0.0,0.0,,0.0,,0.0,,,,,,,,3770369.57,0.0
422,PUNJAB,Jalandhar,,625.5063783512485,0.0,0.0,625.5063783512485,262999.0,0.0,0.0,262999.0,0.0,262999.0,37168.060000000005,0.0,0.0,37168.060000000005,12530.76,,,12530.76,5458.886692045728,0.0,0.0,5458.889999999999,38593.0,0.0,0.0,38593.0,19399.930000000008,,,19399.930000000008,,,,,,,,,,,,,113150.63999999998,0.0,0.0,113150.63999999998,,,,,,,,,,,,0.0,,,,0.0,,,,,,,,,,,,,,,,0.0,113150.63999999998,0.0,0.0,113150.63999999998,10713.84,0.0,0.0,10713.84,102436.79999999999,0.0,0.0,102436.79999999999,11954.5238,,,11954.5238,0.0,,,0.0,251910.52857,,,251910.52857,263865.05,,,263865.05,257.58814215203915,,,257.58814215203915,12162.659999999996,0.0,0.0,12162.659999999996,0.0,0.0,0.0,0.0,,,,,,,0.0,0.0,0.0,,,,,3507638.41,0.0,3610075.21,0.0,0.0,,0.0,,0.0,,,,,,,,3610075.21,0.0
423,PUNJAB,Kapurthala,,620.4522854950116,0.0,0.0,620.4522854950116,162875.0,0.0,0.0,162875.0,0.0,162875.0,19770.49,0.0,0.0,19770.49,3218.39,,,3218.39,5789.86728,0.0,0.0,5789.870000000001,36368.79,0.0,0.0,36368.79,9210.45,,,9210.45,,,,,,,,,,,,,74357.98999999999,0.0,0.0,74357.98999999999,,,,,,,,,,,,0.0,,,,0.0,,,,,,,,,,,,,,,,0.0,74357.98999999999,0.0,0.0,74357.98999999999,7435.8099999999995,0.0,0.0,7435.8099999999995,66922.18,0.0,0.0,66922.18,3051.6372499999998,,,3051.6372499999998,0.0,,,0.0,144594.62987,,,144594.62987,147646.25,,,147646.25,220.62379019930316,,,220.62379019930316,3104.7799999999997,0.0,0.0,3104.7799999999997,0.0,0.0,0.0,0.0,,,,,,,0.0,0.0,0.0,,,,,1740517.0600000003,0.0,1807439.24,0.0,0.0,,0.0,,0.0,,,,,,,,1807439.24,0.0
424,PUNJAB,Ludhiana,,581.2778711409034,0.0,0.0,581.2778711409034,370715.0,0.0,0.0,370715.0,0.0,370715.0,46372.11,0.0,0.0,46372.11,38060.020000000004,,0.0,38060.020000000004,5490.602099147945,0.0,0.0,5490.6,70738.96999999999,0.0,0.0,70738.96999999999,21784.75,,,21784.75,,,,,,,,,,,,,182446.44999999998,0.0,0.0,182446.44999999998,,,,,,,,,,,,0.0,,,,0.0,,,,,,,,,,,,,,,,0.0,182446.44999999998,0.0,0.0,182446.44999999998,18244.64,0.0,0.0,18244.64,164201.81000000003,0.0,0.0,164201.81000000003,13305.852350000003,,,13305.852350000003,0.0,,,0.0,333423.16593200003,,,333423.16593200003,346729.02,,,346729.02,211.16029110763148,,,211.16029110763148,13553.960000000001,0.0,0.0,13553.960000000001,0.0,0.0,0.0,0.0,,,,,,,629.1,0.0,0.0,,,,,2805368.56,0.0,2969570.3700000006,0.0,0.0,,0.0,,0.0,,,,,,,,2969570.3700000006,0.0
425,PUNJAB,Mansa,,404.5459462699781,0.0,0.0,404.5459462699781,216862.0,0.0,0.0,216862.0,0.0,216862.0,17616.030000000002,0.0,0.0,17616.030000000002,9851.41,,,9851.41,28147.1495548382,0.0,0.0,28147.140000000003,36436.130000000005,0.0,0.0,36436.130000000005,14623.699999999999,,,14623.699999999999,,,,,,,,,,,,,106674.41,0.0,0.0,106674.41,,,,,,,,,,,,0.0,,,,0.0,,,,,,,,,,,,,,,,0.0,106674.41,0.0,0.0,106674.41,10667.45,0.0,0.0,10667.45,96006.95999999999,0.0,0.0,96006.95999999999,2869.29055,,,2869.29055,0.0,,,0.0,145003.11813999998,,,145003.11813999998,147872.40999999997,,,147872.40999999997,154.0225937786177,,,154.0225937786177,2919.24,0.0,0.0,2919.24,0.0,0.0,0.0,0.0,,,,,,,435.59999999999997,0.0,0.0,,,,,3123679.45,0.0,3219686.4099999997,0.0,0.0,,0.0,,0.0,,,,,,,,3219686.4099999997,0.0
426,PUNJAB,Moga,,454.25174812636715,0.0,0.0,454.25174812636715,223096.0,0.0,0.0,223096.0,0.0,223096.0,22657.83,0.0,0.0,22657.83,22394.62,,0.0,22394.62,10335.3800054569,0.0,0.0,10335.369999999999,33607.7,0.0,0.0,33607.7,11259.8,,,11259.8,,,,,,,,,,,,,100255.31999999999,0.0,0.0,100255.31999999999,,,,,,,,,,,,0.0,,,,0.0,,,,,,,,,,,,,,,,0.0,100255.31999999999,0.0,0.0,100255.31999999999,10025.539999999999,0.0,0.0,10025.539999999999,90229.77999999998,0.0,0.0,90229.77999999998,3678.0538999999994,,,3678.0538999999994,0.0,,,0.0,222261.3172,,,222261.3172,225939.38,,,225939.38,250.404445184284,,,250.404445184284,3742.1000000000004,0.0,0.0,3742.1000000000004,0.0,0.0,0.0,0.0,,,,,,,0.0,0.0,0.0,,,,,3166792.26,0.0,3257022.0399999996,0.0,0.0,,0.0,,0.0,,,,,,,,3257022.0399999996,0.0
427,PUNJAB,Muktsar,,394.3653787752251,0.0,0.0,394.3653787752251,263428.0,0.0,0.0,263428.0,0.0,263428.0,21324.07,0.0,0.0,21324.07,35965.78,,0.0,35965.78,35226.839942482344,0.0,0.0,35226.82,17683.949999999997,0.0,0.0,17683.949999999997,18748.52,,,18748.52,,,,,,,,,,,,,128949.14,0.0,0.0,128949.14,,,,,,,,,,,,0.0,,,,0.0,,,,,,,,,,,,,,,,0.0,128949.14,0.0,0.0,128949.14,12894.91,0.0,0.0,12894.91,116054.23000000001,0.0,0.0,116054.23000000001,3368.99745,,,3368.99745,0.0,,,0.0,47104.283769999995,,,47104.283769999995,50473.28,,,50473.28,43.49111617904836,,,43.49111617904836,3427.66,0.0,0.0,3427.66,65522.28999999999,0.0,0.0,65522.28999999999,,,,,,,71462.4,0.0,0.0,,,,,835266.11,0.0,951320.3400000001,0.0,0.0,,0.0,,0.0,,,,,,,,951320.3400000001,0.0
428,PUNJAB,Pathankot,,1152.6878131156768,0.0,0.0,1152.6878131156768,71060.0,0.0,0.0,71060.0,24017.0,95077.0,14024.84,0.0,0.0,14024.84,14165.29,,0.0,14165.29,6972.872997279329,0.0,0.0,6972.860000000001,6198.24,0.0,0.0,6198.24,139.26000000000002,,,139.26000000000002,,,,,,,,,,,,,41500.490000000005,0.0,0.0,41500.490000000005,,,,,,,,,,,,0.0,,,,0.0,,,,,,,,,,,,,,,,0.0,41500.490000000005,0.0,0.0,41500.490000000005,4150.05,0.0,0.0,4150.05,37350.44,0.0,0.0,37350.44,2517.86125,,,2517.86125,0.0,,,0.0,17354.51493,,,17354.51493,19872.38,,,19872.38,53.205209898464375,,,53.205209898464375,2561.71,0.0,0.0,2561.71,17434.21,0.0,0.0,17434.21,,,,,,,9822.599999999999,0.0,0.0,,,,,629838.3999999999,0.0,667188.84,0.0,0.0,,0.0,,0.0,,,,,,,,667188.84,0.0
429,PUNJAB,Patiala,,669.1679056914783,0.0,0.0,669.1679056914783,331847.0,0.0,0.0,331847.0,0.0,331847.0,46884.04,0.0,0.0,46884.04,18520.160000000003,,0.0,18520.160000000003,3930.7452330889532,0.0,0.0,3930.75,36554.06999999999,0.0,0.0,36554.06999999999,33564.149999999994,,,33564.149999999994,,,,,,,,,,,,,139453.17,0.0,0.0,139453.17,,,,,,,,,,,,0.0,,,,0.0,,,,,,,,,,,,,,,,0.0,139453.17,0.0,0.0,139453.17,13321.64,0.0,0.0,13321.64,126131.53,0.0,0.0,126131.53,7062.2317,,,7062.2317,0.0,,,0.0,278538.3886,,,278538.3886,285600.63,,,285600.63,226.4307980724566,,,226.4307980724566,7185.1900000000005,0.0,0.0,7185.1900000000005,0.0,0.0,0.0,0.0,,,,,,,193.5,0.0,0.0,,,,,2787522.3499999996,0.0,2913653.8800000004,0.0,0.0,,0.0,,0.0,,,,,,,,2913653.8800000004,0.0
430,PUNJAB,Rupnagar,,833.0728609565584,0.0,0.0,833.0728609565584,111253.0,0.0,0.0,111253.0,26400.0,137653.0,18177.329999999998,0.0,0.0,18177.329999999998,4176.97,,0.0,4176.97,3429.329822641807,0.0,0.0,3429.32,12443.04,0.0,0.0,12443.04,6328.75,,,6328.75,,,,,,,,,,,,,44555.41,0.0,0.0,44555.41,,,,,,,,,,,,0.0,,,,0.0,,,,,,,,,,,,,,,,0.0,44555.41,0.0,0.0,44555.41,3577.86,0.0,0.0,3577.86,40977.549999999996,0.0,0.0,40977.549999999996,2550.3426,,,2550.3426,0.0,,,0.0,38798.00799,,,38798.00799,41348.380000000005,,,41348.380000000005,100.9049589348314,,,100.9049589348314,2594.75,0.0,0.0,2594.75,6083.450000000001,0.0,0.0,6083.450000000001,,,,,,,1209.6,0.0,0.0,,,,,1303535.59,0.0,1344513.14,0.0,0.0,,0.0,,0.0,,,,,,,,1344513.14,0.0
431,PUNJAB,Sangrur,,511.2122805800319,0.0,0.0,511.2122805800319,360325.0,0.0,0.0,360325.0,0.0,360325.0,39036.090000000004,0.0,0.0,39036.090000000004,10611.250000000002,,0.0,10611.250000000002,10439.310990128653,0.0,0.0,10439.310000000001,41348.17,0.0,0.0,41348.17,22757.999999999996,,,22757.999999999996,,,,,,,,,,,,,124192.82,0.0,0.0,124192.82,,,,,,,,,,,,0.0,,,,0.0,,,,,,,,,,,,,,,,0.0,124192.82,0.0,0.0,124192.82,12419.28,0.0,0.0,12419.28,111773.54000000001,0.0,0.0,111773.54000000001,5617.3062,,,5617.3062,0.0,,,0.0,331513.911508,,,331513.911508,337131.20999999996,,,337131.20999999996,301.6198735407324,,,301.6198735407324,5715.12,0.0,0.0,5715.12,0.0,0.0,0.0,0.0,,,,,,,0.0,0.0,0.0,,,,,2830711.69,0.0,2942485.23,0.0,0.0,,0.0,,0.0,,,,,,,,2942485.23,0.0
432,PUNJAB,Tarn Taran,,544.853681228937,0.0,0.0,544.853681228937,241835.0,0.0,0.0,241835.0,0.0,241835.0,29028.96,0.0,0.0,29028.96,7172.76,,0.0,7172.76,5238.069336348914,0.0,0.0,5238.05,36245.4,0.0,0.0,36245.4,19989.84,,,19989.84,,,,,,,,,,,,,97675.01,0.0,0.0,97675.01,,,,,,,,,,,,0.0,,,,0.0,,,,,,,,,,,,,,,,0.0,97675.01,0.0,0.0,97675.01,9767.509999999998,0.0,0.0,9767.509999999998,87907.5,0.0,0.0,87907.5,4180.279299999999,,,4180.279299999999,0.0,,,0.0,165811.65503,,,165811.65503,169991.94999999998,,,169991.94999999998,193.37593493160423,,,193.37593493160423,4253.06,0.0,0.0,4253.06,0.0,0.0,0.0,0.0,,,,,,,0.0,0.0,0.0,,,,,1674397.2399999998,0.0,1762304.74,0.0,0.0,,0.0,,0.0,,,,,,,,1762304.74,0.0
433,RAJASTHAN,AJMER,,0.0,487.9311157048037,0.0,487.9311157048037,0.0,746676.0,0.0,746676.0,140992.0,887668.0,0.0,25296.5,0.0,25296.5,,,,,0.0,434.7721000000001,0.0,434.78,0.0,15321.43,0.0,15321.43,0.0,197.64,0.0,197.64,,,,,,,,,,,,,0.0,41250.35,0.0,41250.35,,,,,,,,,,,,0.0,,,,0.0,0.0,0.0,0.0,0.0,0.0,0.0,0.0,0.0,0.0,0.0,0.0,0.0,0.0,0.0,0.0,0.0,0.0,41250.35,0.0,41250.35,0.0,4042.8399999999997,0.0,4042.8399999999997,0.0,37207.509999999995,0.0,37207.509999999995,,4270.518,,4270.518,,0.0,,0.0,,61285.801550000004,,61285.801550000004,,65556.32,,65556.32,,176.1910969048991,,176.1910969048991,0.0,4270.52,0.0,4270.52,0.0,0.0,0.0,0.0,,,,,,,0.0,0.0,0.0,,,,,0.0,0.0,37207.509999999995,0.0,0.0,,0.0,,0.0,,,,,,,,37207.509999999995,0.0
434,RAJASTHAN,ALWAR,,0.0,701.7673808669135,629.8716929684734,698.0096743367108,0.0,682521.0,37640.0,720161.0,151885.0,872046.0,0.0,62221.15000000001,2960.6099999999997,65181.759999999995,0.0,,0.0,0.0,0.0,0.05,0.0,0.05,0.0,5843.010000000001,527.73,6370.740000000001,0.0,9.249999999999998,0.0,9.249999999999998,,,,,,,,,,,,,0.0,68073.46,3488.34,71561.8,,,,,,,,,,,,0.0,,,,0.0,,,,,,,,,,,,,0.0,0.0,0.0,0.0,0.0,68073.46,3488.34,71561.8,0.0,6286.01,348.84000000000003,6634.849999999999,0.0,61787.45,3139.5,64926.95,,12743.610000000002,0.0,12743.610000000002,,5019.554999999999,0.0,5019.554999999999,,111636.955,2734.7299999999996,114371.68500000001,,129400.13999999997,2734.73,132134.87,,209.4278692517655,87.10718267240006,209.42786925176554,0.0,12743.61,0.0,12743.61,0.0,0.0,443.01,0.0,,,,,,,0.0,0.0,0.0,,,,,0.0,0.0,61787.45,3139.5,0.0,,0.0,,0.0,,,,,,,,61787.45,3139.5
435,RAJASTHAN,BANSWARA,,948.9648614962085,941.0705082317717,0.0,944.3540963142013,165543.0,232453.0,0.0,397996.0,55612.0,453608.0,4596.900000000001,5434.5,0.0,10031.399999999998,1594.64,,0.0,1594.64,3343.7200000000003,1893.8999999999999,0.0,5237.62,1037.34,1359.86,0.0,2397.2000000000003,34.98,988.52,0.0,1023.5,0.0,0.0,0.0,0.0,,,,,,,,,10607.580000000002,9676.79,0.0,20284.37,0.0,0.0,0.0,0.0,,,,,0.0,0.0,0.0,0.0,0.0,0.0,0.0,0.0,0.0,0.0,0.0,0.0,0.0,0.0,0.0,0.0,0.0,0.0,0.0,0.0,0.0,0.0,0.0,0.0,10607.580000000002,9676.79,0.0,20284.37,1060.76,967.6800000000001,0.0,2028.44,9546.819999999998,8709.11,0.0,18255.93,1135.6217155014745,1028.1678918293458,,2163.7896073308198,0.0,0.0,,0.0,4188.7127272727275,5494.3,,9683.012727272728,5324.33,6522.48,,11846.81,55.77071736976292,74.89261244834431,,64.89294163595062,1135.6200000000001,1028.16,0.0,2163.7799999999997,4222.490000000001,2190.97,0.0,6413.460000000001,,,,,,,0.0,0.0,0.0,,,,,0.0,0.0,18255.93,0.0,0.0,,0.0,,0.0,,,,,,,,18255.93,0.0
436,RAJASTHAN,BARAN,,1048.0674517635985,1081.8540239296594,0.0,1077.5831332765542,87123.0,602098.0,0.0,689221.0,6310.0,695531.0,6403.89,39185.18,0.0,45589.07,30.049999999999997,,,30.049999999999997,7002.39,0.0,0.0,7002.39,2406.36,12762.07,0.0,15168.43,,996.34,,996.34,0.0,0.0,0.0,0.0,,,,,,,,,15842.69,52943.590000000004,0.0,68786.28,,,,,,,,,,,,0.0,,,,0.0,,,,,,,,,,,,,0.0,0.0,0.0,0.0,15842.69,52943.590000000004,0.0,68786.28,1584.28,4814.77,0.0,6399.049999999999,14258.41,48128.82,0.0,62387.23000000001,1378.2800000000002,4828.98112984823,,6207.26112984823,0.0,0.0,,0.0,10718.574403813378,54504.239901151035,,65222.81430496441,12096.85,59333.22,,71430.07,84.84010489248101,123.28002224031256,,114.49469707182062,1378.28,4828.9800000000005,0.0,6207.26,3884.95,3396.4199999999996,0.0,7281.369999999999,,,,,,,0.0,0.0,0.0,,,,,0.0,0.0,62387.229999999996,0.0,0.0,,0.0,,0.0,,,,,,,,62387.229999999996,0.0
437,RAJASTHAN,BARMER,,0.0,340.1831091241847,322.8406148818805,331.4383620984668,0.0,1416817.0,1441041.0,2857858.0,0.0,2857858.0,0.0,34696.88,30489.450000000004,65186.329999999994,,,,,0.0,0.0,0.0,0.0,0.0,2671.81,0.0,2671.81,,,,,,,,,,,,,,,,,0.0,37368.69,30489.450000000004,67858.14,,,,,,,,,,,,0.0,,,,0.0,0.0,0.0,0.0,0.0,0.0,0.0,0.0,0.0,0.0,0.0,0.0,0.0,0.0,0.0,0.0,0.0,0.0,37368.69,30489.450000000004,67858.14,0.0,3394.3100000000004,3048.96,6443.259999999999,0.0,33974.37999999999,27440.49,61414.869999999995,,6439.425,1231.38,7670.805,,0.0,0.0,0.0,,36162.087199999994,3762.481,39924.568199999994,,42601.51,4993.849999999999,47595.39,,125.39304617185071,18.198836828351094,125.39313447368285,0.0,6439.419999999999,0.0,7670.8,0.0,1890.03,23989.69,1890.03,,,,,,,0.0,0.0,0.0,,,,,0.0,0.0,33974.37999999999,27440.49,0.0,,0.0,,0.0,,,,,,,,33974.37999999999,27440.49
438,RAJASTHAN,BHARATPUR,,0.0,631.4873960806615,623.6298039850877,629.4454560295093,0.0,351675.0,123477.0,475152.0,25890.0,501042.0,0.0,26390.46,9917.5,36307.96,0.0,,0.0,0.0,0.0,174.17,0.0,174.17,0.0,5595.06,1374.01,6969.07,0.0,860.59,0.0,860.59,,,,,,,,,,,,,0.0,33020.28,11291.509999999998,44311.79,,,,,,,,,,,,0.0,,,,0.0,0.0,0.0,0.0,0.0,0.0,0.0,0.0,0.0,0.0,0.0,0.0,0.0,0.0,0.0,0.0,0.0,0.0,33020.28,11291.509999999998,44311.79,0.0,3203.93,706.3699999999999,3910.29,0.0,29816.350000000002,10585.14,40401.49,,5088.750000000001,1003.3040000000001,6092.054,,425.42999999999995,0.0,425.42999999999995,,35445.921177777775,9450.43895162709,44896.360129404864,,40960.1,10453.740000000002,51413.84,,137.37462834988185,98.758637108248,137.37462834988185,0.0,5088.750000000001,0.0,6092.050000000001,0.0,66.21,2086.39,66.21,,,,,,,0.0,0.0,0.0,,,,,0.0,0.0,29816.350000000002,10585.14,0.0,,0.0,,0.0,,,,,,,,29816.350000000002,10585.14
439,RAJASTHAN,BHILWARA,,636.0633071794065,649.9216859350391,0.0,648.9855378100507,63193.0,872292.0,0.0,935485.0,110015.0,1045500.0,2197.24,28698.68,0.0,30895.92000000001,275.33000000000004,,0.0,275.33000000000004,869.83,44.809999999999995,0.0,914.64,1388.74,8138.479999999999,0.0,9527.22,572.29,1003.02,0.0,1575.3099999999997,,,,,,,,,,,,,5303.429999999999,37884.99,0.0,43188.42,,,,,,,,,,,,0.0,,,,0.0,0.0,0.0,0.0,0.0,0.0,0.0,0.0,0.0,0.0,0.0,0.0,0.0,0.0,0.0,0.0,0.0,5303.429999999999,37884.99,0.0,43188.42,522.6899999999999,3788.51,0.0,4311.19,4780.739999999999,34096.479999999996,0.0,38877.22,321.3168,4513.8309,,4835.1477,0.0,0.0,,0.0,6177.779999999999,46887.708,,53065.488,6499.12,51401.54,,57900.67,135.94380786238116,150.75321558119785,,148.93212529085156,321.32000000000005,4513.820000000001,0.0,4835.139999999999,531.94,869.96,0.0,1401.9,,,,,,,0.0,0.0,0.0,,,,,0.0,0.0,38877.219999999994,0.0,0.0,,0.0,,0.0,,,,,,,,38877.219999999994,0.0
440,RAJASTHAN,BIKANER,,91.86111111111113,323.5581931689188,82.57885956694106,187.0383735378156,45000.0,1315253.0,1677924.0,3038177.0,0.0,3038177.0,279.03,35058.82,659.45,35997.299999999996,37.88,,0.0,37.88,0.0,471.64000000000004,0.0,471.64000000000004,0.0,2032.1399999999999,0.0,2032.1399999999999,0.0,0.0,0.0,0.0,,,,,,,,,,,,,316.91,37562.6,659.45,38538.96000000001,,,,,,,,,,,,0.0,,,,0.0,0.0,0.0,0.0,0.0,0.0,0.0,0.0,0.0,0.0,0.0,0.0,0.0,0.0,0.0,0.0,0.0,316.91,37562.6,659.45,38538.96000000001,30.29,3364.69,65.95,3460.93,286.61999999999995,34197.909999999996,593.5,35078.03,6.4,7990.86,0.0,7997.26,0.0,0.0,0.0,0.0,0.0,40642.8499,0.0,40642.8499,6.4,48633.72,0.0,48640.119999999995,2.232921638406253,142.2125504160927,0.0,141.04910230761445,6.4,7990.86,0.0,7997.26,280.21999999999997,4937.700000000001,593.5,5217.920000000001,,,,,,,0.0,0.0,0.0,,,,,0.0,0.0,34484.53,593.5,0.0,,0.0,,0.0,,,,,,,,34484.53,593.5
441,RAJASTHAN,BUNDI,,698.5892947516412,657.4113400569729,0.0,672.032292396392,150555.0,273463.0,0.0,424018.0,125982.0,550000.0,5497.8,12744.979999999998,0.0,18242.78,149.16,,0.0,149.16,5850.47,532.44,0.0,6382.910000000001,2104.3199999999997,4436.76,0.0,6541.079999999999,1228.1799999999998,1103.17,0.0,2331.35,,,,,,,,,,,,,14829.93,18817.35,0.0,33647.28,,,,,,,,,,,,0.0,,,,0.0,,,,,,,,,,,,,0.0,0.0,0.0,0.0,14829.93,18817.35,0.0,33647.28,1483.0,1811.46,0.0,3294.4399999999996,13346.93,17005.889999999996,0.0,30352.82,886.2940411016666,2650.932952855,,3537.226993956667,0.0,0.0,,0.0,8417.347286648448,17747.048013351552,,26164.395300000004,9303.650000000001,20397.97,,29701.620000000003,69.70629200872412,119.94650088880974,,97.85456507830246,886.2900000000001,2650.93,0.0,3537.22,4043.28,810.1600000000001,0.0,4853.4400000000005,,,,,,,0.0,0.0,0.0,,,,,0.0,0.0,30352.82,0.0,0.0,,0.0,,0.0,,,,,,,,30352.82,0.0
442,RAJASTHAN,CHITTAURGARH,,773.9360745792405,804.494610468239,0.0,801.1457843565786,63932.0,519457.0,0.0,583389.0,204611.0,788000.0,2899.67,24701.290000000005,0.0,27600.96,152.76,,0.0,270.52000000000004,0.16,0.9199999999999999,0.0,1.08,1513.79,12661.650000000001,0.0,14175.419999999998,0.0,1058.79,0.0,1058.79,,,,,,,,,,,,,4684.14,38422.65,0.0,43106.79,,,,,,,,,,,,0.0,,,,0.0,0.0,0.0,0.0,0.0,0.0,0.0,0.0,0.0,0.0,0.0,0.0,0.0,0.0,0.0,0.0,0.0,4684.14,38422.65,0.0,43106.79,431.22,3842.2799999999997,0.0,4273.49,4252.92,34580.369999999995,0.0,38833.29,275.87829999999997,1268.0244,,1543.9027,135.05,1078.019915,,1213.069915,6185.735199999999,51652.20739999999,,57837.9426,6596.68,53998.23,,60594.91,155.109430697027,156.1528404698967,,156.03856897007697,275.87,1268.02,0.0,1543.89,24.77,0.0,0.0,24.77,,,,,,,0.0,0.0,0.0,,,,,0.0,0.0,38833.28999999999,0.0,0.0,,0.0,,0.0,,,,,,,,38833.28999999999,0.0
443,RAJASTHAN,CHURU,,0.0,372.42637522631844,87.45527664130977,194.72069221293975,0.0,519180.0,860121.0,1379301.0,0.0,1379301.0,0.0,12523.619999999999,3953.2999999999997,16476.920000000002,0.0,,0.0,0.0,0.0,0.0,0.0,0.0,0.0,377.86,0.0,377.86,0.0,0.0,0.0,0.0,,,,,,,,,,,,,0.0,12901.48,3953.2999999999997,16854.780000000002,,,,,,,,,,,,0.0,,,,0.0,0.0,0.0,0.0,0.0,0.0,0.0,0.0,0.0,0.0,0.0,0.0,0.0,0.0,0.0,0.0,0.0,0.0,12901.48,3953.2999999999997,16854.780000000002,0.0,1290.1599999999999,395.33000000000004,1685.49,0.0,11611.32,3557.9700000000003,15169.29,,2656.473,0.0,2656.473,,0.0,0.0,0.0,,10753.695600000001,0.0,10753.695600000001,,13410.16,0.0,13410.16,,115.49212320390791,0.0,115.49212320390791,0.0,2656.48,0.0,2656.48,0.0,1799.66,3557.97,1799.66,,,,,,,0.0,0.0,0.0,,,,,0.0,0.0,11611.32,3557.97,0.0,,0.0,,0.0,,,,,,,,11611.32,3557.97
444,RAJASTHAN,DAUSA,,0.0,673.1050835812576,0.0,673.1050835812576,0.0,308562.0,0.0,308562.0,33455.0,342017.0,0.0,24219.819999999996,0.0,24219.819999999996,0.0,,0.0,0.0,0.0,0.0,0.0,0.0,0.0,2474.1099999999997,0.0,2474.1099999999997,,736.7,,736.7,,,,,,,,,,,,,0.0,27430.63,0.0,27430.63,,,,,,,,,,,,0.0,,,,0.0,0.0,0.0,0.0,0.0,0.0,0.0,0.0,0.0,0.0,0.0,0.0,0.0,0.0,0.0,0.0,0.0,0.0,27430.63,0.0,27430.63,0.0,2743.0699999999997,0.0,2743.0699999999997,0.0,24687.559999999998,0.0,24687.559999999998,,3921.822,,3921.822,,0.0,,0.0,,49482.20925,,49482.20925,,53404.04,,53404.04,,216.3196362864536,,216.3196362864536,0.0,3921.83,0.0,3921.83,0.0,0.0,0.0,0.0,,,,,,,0.0,0.0,0.0,,,,,0.0,0.0,24687.559999999998,0.0,0.0,,0.0,,0.0,,,,,,,,24687.559999999998,0.0
445,RAJASTHAN,DHAULPUR,,736.7066666666666,680.8145854182699,0.0,682.6387031001452,8111.0,240415.0,0.0,248526.0,52379.00000000001,300905.0,554.48,18124.7,0.0,18679.18,33.58,,0.0,33.58,188.03,684.91,0.0,872.9399999999999,350.45000000000005,4902.9400000000005,0.0,5253.39,51.42,185.98000000000002,0.0,237.40000000000003,,,,,,,,,,,,,1177.9599999999998,23898.53,0.0,25076.489999999998,,,,,,,,,,,,0.0,,,,0.0,,,,,,,,,,,,,,,,0.0,1177.9599999999998,23898.53,0.0,25076.489999999998,59.199999999999996,1836.25,0.0,1895.4499999999998,1118.76,22062.280000000002,0.0,23181.04,216.37,3084.93,,3301.2999999999997,0.0,15.025,,15.025,1420.25,27201.79,,28622.04,1636.6200000000001,30301.74,,31938.36,146.28874825699882,137.3463667399743,,137.77794266348707,216.37,3084.93,0.0,3301.2999999999997,5.43,263.7,0.0,269.13,,,,,,,0.0,0.0,0.0,,,,,0.0,0.0,23181.04,0.0,0.0,,0.0,,0.0,,,,,,,,23181.04,0.0
446,RAJASTHAN,DUNGARPUR,,810.1781498673739,786.0911808094949,0.0,788.2974894936848,24128.0,239285.0,0.0,263413.0,113664.0,377077.0,818.36,9533.57,0.0,10351.93,100.56,,0.0,100.56,916.48,1088.81,0.0,2005.29,191.66,2663.2100000000005,0.0,2854.87,510.54999999999995,3911.1699999999996,0.0,4421.72,,,,,,,,,,,,,2537.61,17196.760000000002,0.0,19734.370000000003,,,,,,,,,,,,0.0,,,,0.0,0.0,0.0,0.0,0.0,0.0,0.0,0.0,0.0,0.0,0.0,0.0,0.0,0.0,0.0,0.0,0.0,2537.61,17196.760000000002,0.0,19734.370000000003,253.76,1719.7000000000003,0.0,1973.4600000000003,2283.85,15477.06,0.0,17760.909999999996,89.71700000000001,754.09,,843.807,0.0,0.0,,0.0,638.8098,8423.826000000001,,9062.6358,728.54,9177.92,,9906.46,31.899643146441313,59.30015132072888,,55.776759186325485,89.72,754.09,0.0,843.8099999999998,1555.31,6299.14,0.0,7854.450000000001,,,,,,,0.0,0.0,0.0,,,,,0.0,0.0,17760.91,0.0,0.0,,0.0,,0.0,,,,,,,,17760.91,0.0
447,RAJASTHAN,GANGANAGAR,,231.17479969295513,0.0,225.1743902388372,225.9882506267059,151118.0,0.0,963041.0,1114159.0,0.0,1114159.0,6949.95,0.0,40997.72,47947.670000000006,24127.43,,,24127.43,15026.370000000003,0.0,61882.84,76909.21,2833.8,0.0,0.0,2833.8,0.0,0.0,258.71999999999997,258.71999999999997,,,,,,,,,,,,,48937.55,0.0,103139.28,152076.83,,,,,,,,,,,,0.0,,,,0.0,0.0,0.0,0.0,0.0,0.0,0.0,0.0,0.0,0.0,0.0,0.0,0.0,0.0,0.0,0.0,0.0,48937.55,0.0,103139.28,152076.83,4325.089999999999,0.0,10313.92,14639.01,44612.46,0.0,92825.36,137437.82,33.67,,29.82,63.489999999999995,0.0,,0.0,0.0,17352.438000000002,,18385.617,35738.055,17386.1,,18415.4,35801.5,38.97139947001353,,19.83875958035606,38.97139947001352,33.67,0.0,0.0,63.489999999999995,27226.35,0.0,74439.76999999999,27226.35,,,,,,,0.0,0.0,0.0,,,,,0.0,0.0,44612.46000000001,92825.36,0.0,,0.0,,0.0,,,,,,,,44612.46000000001,92825.36
448,RAJASTHAN,HANUMANGARH,,280.6717790379351,0.0,304.8294414354724,301.60534320848467,127850.0,0.0,830110.0,957960.0,0.0,957960.0,6931.26,0.0,41338.95,48270.21000000001,3137.88,,,3137.88,12171.54,0.0,35646.6,47818.14,0.0,0.0,0.0,0.0,0.0,0.0,470.82,470.82,,,,,,,,,,,,,22240.68,0.0,77456.37000000001,99697.05,,,,,,,,,,,,0.0,,,,0.0,0.0,0.0,0.0,0.0,0.0,0.0,0.0,0.0,0.0,0.0,0.0,0.0,0.0,0.0,0.0,0.0,22240.68,0.0,77456.37000000001,99697.05,2159.42,0.0,7745.62,9905.04,20081.260000000002,0.0,69710.75,89792.00999999998,850.1500000000001,,244.29999999999998,1094.45,0.0,,0.0,0.0,11859.001400000001,,35440.2188,47299.2202,12709.15,,35684.51,48393.66,63.288608384135244,,51.189393314517496,63.28860838413532,850.1500000000001,0.0,0.0,1094.45,7372.110000000001,0.0,34270.53999999999,7372.110000000001,,,,,,,0.0,0.0,0.0,,,,,0.0,0.0,20081.260000000002,69710.75,0.0,,0.0,,0.0,,,,,,,,20081.260000000002,69710.75
449,RAJASTHAN,JAIPUR,,0.0,595.9217134432652,515.86,593.2873160014823,0.0,999467.0,34006.0,1033473.0,72671.0,1106144.0,0.0,68130.73,1608.84,69739.56999999999,,,,,0.0,0.0,0.0,0.0,0.0,8160.549999999999,0.0,8160.549999999999,0.0,1423.8899999999999,0.0,1423.8899999999999,0.0,0.0,0.0,0.0,,,,,,,,,0.0,77715.17,1608.84,79324.01,,,,,,,,,,,,0.0,,,,0.0,0.0,0.0,0.0,0.0,0.0,0.0,0.0,0.0,0.0,0.0,0.0,0.0,0.0,0.0,0.0,0.0,0.0,77715.17,1608.84,79324.01,0.0,7771.530000000001,160.89000000000001,7932.42,0.0,69943.64,1447.95,71391.59000000001,,48192.873550000004,0.0,48192.873550000004,,3851.7231,0.0,3851.7231,,109676.8050438408,0.0,109676.8050438408,,161721.43000000002,0.0,161721.43000000002,,231.21677682202417,0.0,231.21677682202412,0.0,48192.86000000001,0.0,48192.86000000001,0.0,0.0,1447.95,0.0,,,,,,,0.0,0.0,0.0,,,,,0.0,0.0,69943.64,1447.95,0.0,,0.0,,0.0,,,,,,,,69943.64,1447.95
450,RAJASTHAN,JAISALMER,,0.0,180.2326057151176,0.0,180.2326057151176,0.0,1209004.0,0.0,1209004.0,2605496.0,3814500.0,0.0,8232.1,0.0,8232.1,,,2.0300000000000002,2.0300000000000002,0.0,0.0,64.71,64.71,0.0,1217.8700000000001,0.0,1217.8700000000001,,,,,,,,,,,,,,,,,0.0,9449.97,66.74,9516.71,,,,,,,,,,,,0.0,,,,0.0,0.0,0.0,0.0,0.0,0.0,0.0,0.0,0.0,0.0,0.0,0.0,0.0,0.0,0.0,0.0,0.0,0.0,9449.97,66.74,9516.71,0.0,945.0,6.68,951.68,0.0,8504.970000000001,60.06,8565.03,,2741.5769999999998,,2741.5769999999998,,0.0,,0.0,,24357.55816,,24357.55816,,27099.129999999997,,27099.129999999997,,318.62699104170844,,318.62699104170844,0.0,2741.57,0.0,2741.57,0.0,0.0,60.06,0.0,,,,,,,0.0,0.0,0.0,,,,,0.0,0.0,8504.970000000001,60.06,0.0,,0.0,,0.0,,,,,,,,8504.970000000001,60.06
451,RAJASTHAN,JALOR,,429.0618515613653,458.7854557559931,424.6971852774162,446.18582159127925,202500.0,620310.0,202343.0,1025153.0,38847.0,1064000.0,8699.3,33789.909999999996,9887.960000000001,52377.17,565.53,,200.88,766.4100000000001,5519.0599999999995,866.97,0.0,6386.030000000001,1963.76,4550.12,0.0,6513.88,,,,,,,,,,,,,,,,,16747.65,39207.0,10088.84,66043.48999999999,,,,,,,,,,,,0.0,,,,0.0,0.0,0.0,0.0,0.0,0.0,0.0,0.0,0.0,0.0,0.0,0.0,0.0,0.0,0.0,0.0,0.0,16747.65,39207.0,10088.84,66043.48999999999,1674.7600000000002,3718.67,1008.8799999999999,6402.31,15072.89,35488.33,9079.960000000003,59641.18,69.12,4116.96,43.2,4229.280000000001,0.0,0.0,0.0,0.0,14990.448,75899.763,976.3299999999998,91866.541,15059.58,80016.73000000001,1019.5299999999999,96095.84,99.91169576637262,225.47335983406379,11.228353428869726,188.041961803928,69.12,4116.96,0.0,4229.28,1052.22,297.87,8103.630000000001,1350.0900000000001,,,,,,,0.0,0.0,0.0,,,,,0.0,0.0,50561.22,9079.960000000003,0.0,,0.0,,0.0,,,,,,,,50561.22,9079.960000000003
452,RAJASTHAN,JHALAWAR,,957.9639011914417,952.2522397517852,0.0,952.5526325976912,32062.0,577564.0,0.0,609626.0,24096.0,633722.0,1978.3600000000001,37522.72,0.0,39501.08000000001,4.33,,,4.33,1152.8000000000002,0.0,0.0,1152.8000000000002,1653.4199999999998,11425.970000000001,0.0,13079.39,0.0,1261.1799999999998,,1261.1799999999998,0.0,0.0,0.0,0.0,,,,,,,,,4788.91,50209.869999999995,0.0,54998.77999999999,,,,,,,,,,,,0.0,,,,0.0,,,,,,,,,,,,,,,,0.0,4788.91,50209.869999999995,0.0,54998.77999999999,447.66999999999996,4836.619999999999,0.0,5284.28,4341.24,45373.25,0.0,49714.48999999999,819.6283105710189,2765.099298651345,,3584.727609222364,0.0,0.0,,0.0,6613.6368643999995,46018.8303784,,52632.4672428,7433.25,48783.909999999996,,56217.16,171.22412029742657,107.51689596843954,,113.08002958493593,819.6399999999999,2765.09,0.0,3584.7299999999996,372.67,5049.4400000000005,0.0,5422.110000000001,,,,,,,,,,,,,,0.0,0.0,49714.49,0.0,0.0,,0.0,,0.0,,,,,,,,49714.49,0.0
453,RAJASTHAN,JHUNJHUNU,,0.0,500.16298625819877,490.47,499.947721151689,0.0,527369.0,11978.0,539347.0,49237.0,588584.0,0.0,23052.579999999998,383.52,23436.099999999995,0.0,,0.0,0.0,0.0,0.0,0.0,0.0,0.0,1778.44,3.2199999999999998,1781.6599999999999,0.0,0.0,0.0,0.0,0.0,0.0,0.0,0.0,,,,,,,,,0.0,24831.02,386.73999999999995,25217.76,,,,,,,,,,,,0.0,,,,0.0,,,,,,,,,,,,,0.0,0.0,0.0,0.0,0.0,24831.02,386.73999999999995,25217.76,0.0,2483.12,38.67,2521.79,0.0,22347.899999999998,348.07,22695.969999999998,,11482.4766,49.056000000000004,11531.5326,,0.0,0.0,0.0,,35569.020000000004,92.16000000000001,35661.18000000001,,47051.50000000001,141.22,47192.719999999994,,210.54103517556464,40.57229867555377,210.5410351755646,0.0,11482.470000000001,0.0,11531.53,0.0,0.0,255.91,0.0,,,,,,,0.0,0.0,0.0,,,,,0.0,0.0,22347.9,348.07,0.0,,0.0,,0.0,,,,,,,,22347.9,348.07
454,RAJASTHAN,JODHPUR,,0.0,297.7709298209355,319.37035625448743,301.38088807191014,0.0,1853131.0,371869.0,2225000.0,0.0,2225000.0,0.0,34419.98,8441.3,42861.27999999999,0.0,,0.0,0.0,0.0,0.0,0.0,0.0,0.0,3575.0500000000006,0.0,3575.0500000000006,0.0,0.0,0.0,0.0,0.0,0.0,0.0,0.0,,,,,,,,,0.0,37995.03,8441.3,46436.33,,,,,,,,,,,,0.0,,,,0.0,0.0,0.0,0.0,0.0,0.0,0.0,0.0,0.0,0.0,0.0,0.0,0.0,0.0,0.0,0.0,0.0,0.0,37995.03,8441.3,46436.33,0.0,3691.7699999999995,844.1400000000001,4535.91,0.0,34303.26,7597.16,41900.42,,15653.639999999998,247.16,15900.799999999997,,0.0,0.0,0.0,,71501.084,960.6300000000001,72461.71399999999,,87154.73,1207.7900000000002,88362.52,,254.0712748584245,15.897914483833436,254.07127485842463,0.0,15653.639999999998,0.0,15900.8,0.0,732.8,6636.530000000002,732.8,,,,,,,0.0,0.0,0.0,,,,,0.0,0.0,34303.26,7597.16,0.0,,0.0,,0.0,,,,,,,,34303.26,7597.16
455,RAJASTHAN,KARAULI,,679.5836136253041,703.9975905598965,0.0,702.1548527443654,29455.0,360787.0,0.0,390242.0,177048.0,567290.0,2339.62,27122.34,0.0,29461.96,,,,,0.0,0.0,0.0,0.0,443.76,3909.78,0.0,4353.54,58.17,237.36,,295.53,,,,,,,,,,,,,2841.55,31269.479999999996,0.0,34111.03,,,,,,,,,,,,0.0,,,,0.0,,,,,,,,,,,,,0.0,0.0,0.0,0.0,2841.55,31269.479999999996,0.0,34111.03,284.16,3001.9500000000003,0.0,3286.11,2557.3900000000003,28267.53,0.0,30824.920000000002,369.3071,4438.7104,,4808.017499999999,0.0,0.0,,0.0,5003.769833333334,38462.620299999995,,43466.39013333333,5373.07,42901.36,,48274.43,210.0997501358807,151.76904384642026,,156.6084518629732,369.30999999999995,4438.709999999999,0.0,4808.02,0.0,1640.09,0.0,1640.09,,,,,,,0.0,0.0,0.0,,,,,0.0,0.0,30824.92,0.0,0.0,,0.0,,0.0,,,,,,,,30824.92,0.0
456,RAJASTHAN,KOTA,,747.274150640653,840.5939764952809,0.0,801.4284552337714,215015.0,297302.0,0.0,512317.0,8077.0,520394.0,13405.220000000001,15817.79,0.0,29223.010000000002,49.02,,,49.02,11870.239999999998,0.0,0.0,11870.239999999998,4292.22,4283.89,0.0,8576.11,63.169999999999995,131.09,,194.26,0.0,0.0,0.0,0.0,,,,,,,,,29679.87,20232.769999999997,0.0,49912.64,,,,,,,,,,,,0.0,,,,0.0,0.0,0.0,0.0,0.0,0.0,0.0,0.0,0.0,0.0,0.0,0.0,0.0,0.0,0.0,0.0,0.0,29679.87,20232.769999999997,0.0,49912.64,2967.99,2023.2799999999997,0.0,4991.2699999999995,26711.88,18209.489999999998,0.0,44921.37,3424.8218996960486,3871.5750658738934,,7296.396965569943,0.0,0.0,,0.0,17362.30272196875,18325.923762331964,,35688.226484300714,20787.119999999995,22197.49,,42984.60999999999,77.81975660268013,121.90066827791446,,95.688555357951,3424.83,3871.58,0.0,7296.41,5924.76,1108.56,0.0,7033.32,,,,,,,0.0,0.0,0.0,,,,,0.0,0.0,44921.369999999995,0.0,0.0,,0.0,,0.0,,,,,,,,44921.369999999995,0.0
457,RAJASTHAN,NAGAUR,,0.0,394.28802728540734,402.3711855136846,394.88776345984314,0.0,1640364.0,131462.0,1771826.0,0.0,1771826.0,0.0,49442.0,4447.59,53889.59,0.0,,0.0,0.0,0.0,0.0,0.0,0.0,0.0,4113.78,0.0,4113.78,0.0,0.0,0.0,0.0,0.0,0.0,0.0,0.0,,,,,,,,,0.0,53555.78,4447.59,58003.37,,,,,,,,,,,,0.0,,,,0.0,0.0,0.0,0.0,0.0,0.0,0.0,0.0,0.0,0.0,0.0,0.0,0.0,0.0,0.0,0.0,0.0,0.0,53555.78,4447.59,58003.37,0.0,4731.419999999999,444.75,5176.16,0.0,48824.36,4002.8399999999997,52827.200000000004,,13933.664,543.2,14476.864,,0.0,0.0,0.0,,82274.9164,697.312,82972.2284,,96208.59999999999,1240.51,97449.11,,197.05040680512758,30.990746569935347,197.05040680512758,0.0,13933.66,0.0,14476.86,0.0,280.21,3305.53,280.21,,,,,,,0.0,0.0,0.0,,,,,0.0,0.0,48824.36,4002.8399999999997,0.0,,0.0,,0.0,,,,,,,,48824.36,4002.8399999999997
458,RAJASTHAN,PALI,,600.7611764705882,545.9789207364914,520.4401202258973,541.1182103985965,55040.0,681214.0,318885.0,1055139.0,180561.0,1235700.0,2457.43,26174.93,11701.67,40334.03,,,,,234.42,700.2000000000002,1206.94,2141.5600000000004,434.42,2661.25,165.78,3261.4500000000003,,,,,,240.09199999999998,,240.09199999999998,,,,,,,,,3126.88,29776.47,13074.390000000001,45977.74,,,,,,,,,,,,0.0,,,,0.0,0.0,0.0,0.0,0.0,0.0,0.0,0.0,0.0,0.0,0.0,0.0,0.0,0.0,0.0,0.0,0.0,3126.88,29776.47,13074.390000000001,45977.74,312.69,2977.6800000000003,1307.4400000000003,4597.8099999999995,2814.19,26798.79,11766.949999999999,41379.93,272.37399999999997,2867.9889999999996,4.607,3144.97,0.0,0.0,0.0,0.0,3341.7000000000003,37882.436,2471.0299999999997,43695.166000000005,3614.0699999999997,40750.42,2475.64,46840.13,128.423098653609,152.06067139598466,21.038926824708188,149.81433817197725,272.37,2867.99,0.0,3144.97,0.02,497.16999999999996,9635.5,497.18999999999994,,,,,,,0.0,0.0,0.0,,,,,0.0,0.0,29612.979999999996,11766.949999999999,0.0,,0.0,,0.0,,,,,,,,29612.979999999996,11766.949999999999
459,RAJASTHAN,PRATAPGARH,,872.12,1020.0900846322431,0.0,1002.7873961069554,34500.0,260539.0,0.0,295039.0,140941.0,435980.0,1074.13,13636.59,0.0,14710.72,207.8,,0.0,207.8,34.38,1164.89,0.0,1199.2700000000002,336.36,4922.04,0.0,5258.4,0.0,848.45,0.0,848.45,,,,,,,,,,,,,1652.67,20571.97,0.0,22224.64,,,,,,,,,,,,0.0,,,,0.0,0.0,0.0,0.0,0.0,0.0,0.0,0.0,0.0,0.0,0.0,0.0,0.0,0.0,0.0,0.0,0.0,1652.67,20571.97,0.0,22224.64,164.73000000000002,1881.14,0.0,2045.86,1487.94,18690.829999999998,0.0,20178.769999999997,94.70502,425.43896,,520.14398,0.0,0.0,,0.0,1345.44,23669.498,,25014.938,1440.15,24094.94,,25535.09,96.78817694261865,128.91316222982073,,126.54433347523167,94.71,425.44000000000005,0.0,520.15,47.79,1177.3100000000002,0.0,1225.1000000000001,,,,,,,0.0,0.0,0.0,,,,,0.0,0.0,20178.77,0.0,0.0,,0.0,,0.0,,,,,,,,20178.77,0.0
460,RAJASTHAN,RAJSAMAND,,612.0348892515738,619.5909683954002,0.0,619.0416938269931,25734.0,328275.0,0.0,354009.0,109537.0,463546.0,446.36,7655.37,0.0,8101.73,0.0,,0.0,0.0,136.44,540.97,0.0,677.4099999999999,160.26,1315.98,0.0,1476.24,651.53,540.3100000000001,0.0,1191.8400000000001,,,,,,,,,,,,,1394.5900000000001,10052.630000000001,0.0,11447.22,,,,,,,,,0.0,0.0,0.0,0.0,,,,0.0,,,,,,,,,,,,,0.0,0.0,0.0,0.0,1394.5900000000001,10052.630000000001,0.0,11447.22,139.47,957.4000000000001,0.0,1096.87,1255.12,9095.23,0.0,10350.349999999999,177.71800000000002,1960.647176,,2138.365176,0.0,256.30199999999996,,256.30199999999996,968.48,8948.182000000003,,9916.662,1146.21,11165.15,,12311.359999999999,91.32274204856907,122.75830297859427,,118.94631582506872,177.72,1960.6499999999999,0.0,2138.37,240.2,237.92,0.0,478.12,,,,,,,0.0,0.0,0.0,,,,,0.0,0.0,10350.349999999999,0.0,0.0,,0.0,,0.0,,,,,,,,10350.349999999999,0.0
461,RAJASTHAN,SAWAI MADHOPUR,,634.7883997386035,740.428769040047,0.0,728.1043440221786,50498.0,382352.0,0.0,432850.0,69215.0,502065.0,3184.94,24114.480000000003,0.0,27299.42,,,,,0.0,0.0,0.0,0.0,1845.44,7662.45,0.0,9507.89,255.37,1069.38,,1324.75,,,,,,,,,,,,,5285.75,32846.31,0.0,38132.06,,,,,,,,,,,,0.0,,,,0.0,0.0,0.0,0.0,0.0,0.0,0.0,0.0,0.0,0.0,0.0,0.0,0.0,0.0,0.0,0.0,0.0,5285.75,32846.31,0.0,38132.06,528.58,3284.6300000000006,0.0,3813.2100000000005,4757.17,29561.680000000004,0.0,34318.85,1289.3400000000001,6547.04,,7836.38,0.0,0.0,,0.0,8201.773000000001,48157.02,,56358.793,9491.119999999999,54704.09,,64195.21000000001,199.5118946768772,185.0506804755345,,187.0552480633821,1289.34,6547.04,0.0,7836.38,0.0,0.0,0.0,0.0,,,,,,,0.0,0.0,0.0,,,,,0.0,0.0,34318.850000000006,0.0,0.0,,0.0,,0.0,,,,,,,,34318.850000000006,0.0
462,RAJASTHAN,SIKAR,,0.0,486.2325906523889,447.19895356302163,485.7367195918945,0.0,726346.0,9346.0,735692.0,52393.0,788085.0,0.0,35863.12,391.94,36255.060000000005,0.0,,0.0,0.0,0.0,0.0,0.0,0.0,0.0,2464.7599999999998,0.0,2464.7599999999998,0.0,702.4299999999998,0.0,702.4299999999998,,,,,,,,,,,,,0.0,39030.310000000005,391.94,39422.25,,,,,,,,,,,,0.0,,,,0.0,0.0,0.0,0.0,0.0,0.0,0.0,0.0,0.0,0.0,0.0,0.0,0.0,0.0,0.0,0.0,0.0,0.0,39030.310000000005,391.94,39422.25,0.0,3701.37,39.2,3740.5700000000006,0.0,35328.94,352.74,35681.67999999999,,11413.8948,0.0,11413.8948,,0.0,0.0,0.0,,49295.170594376585,197.2574396496978,49492.42803402628,,60709.060000000005,197.25000000000003,60906.310000000005,,171.83946079333262,55.91937404320463,171.83946079333262,0.0,11413.89,0.0,11413.89,0.0,385.42,180.3,385.42,,,,,,,0.0,0.0,0.0,,,,,0.0,0.0,35328.94,352.74,0.0,,0.0,,0.0,,,,,,,,35328.94,352.74
463,RAJASTHAN,SIROHI,,0.0,634.4246399882229,0.0,634.4246399882229,0.0,407570.0,0.0,407570.0,106030.0,513600.0,0.0,24865.07,0.0,24865.07,,,,,0.0,0.0,0.0,0.0,0.0,2583.1400000000003,0.0,2583.1400000000003,,,,,,,,,,,,,,,,,0.0,27448.21,0.0,27448.21,,,,,,,,,,,,0.0,,,,0.0,0.0,0.0,0.0,0.0,0.0,0.0,0.0,0.0,0.0,0.0,0.0,0.0,0.0,0.0,0.0,0.0,0.0,27448.21,0.0,27448.21,0.0,2744.83,0.0,2744.83,0.0,24703.380000000005,0.0,24703.380000000005,,1558.4,,1558.4,,327.0,,327.0,,29659.7964,,29659.7964,,31545.22,,31545.22,,127.69596711057352,,127.69596711057352,0.0,1558.4,0.0,1558.4,0.0,1320.04,0.0,1320.04,,,,,,,0.0,0.0,0.0,,,,,0.0,0.0,24703.38,0.0,0.0,,0.0,,0.0,,,,,,,,24703.38,0.0
464,RAJASTHAN,TONK,,649.0829071248172,628.1955909695033,0.0,633.470528677428,141089.0,417585.0,0.0,558674.0,161332.0,720006.0,8305.890000000001,20033.57,0.0,28339.46,114.57000000000001,,,114.57000000000001,0.0,0.0,0.0,0.0,1641.3300000000002,6003.32,0.0,7644.65,1255.9699999999998,3243.41,0.0,4499.38,,,,,,,,,,,,,11409.6,29280.3,0.0,40689.9,,,,,,,,,,,,0.0,,,,0.0,,,,,,,,,,,,,0.0,0.0,0.0,0.0,11409.6,29280.3,0.0,40689.9,1140.9599999999998,2517.1499999999996,0.0,3658.1099999999997,10268.64,26763.15,0.0,37031.79,1658.3352038,4028.2759752750003,,5686.611179075,0.0,0.0,,0.0,6565.339816951788,25360.142496394277,,31925.482313346067,8223.68,29388.439999999995,,37612.119999999995,80.08538618551239,109.8093460597874,,101.5671130129005,1658.34,4028.28,0.0,5686.62,2418.9799999999996,2678.23,0.0,5097.209999999999,,,,,,,0.0,0.0,0.0,,,,,0.0,0.0,37031.79,0.0,0.0,,0.0,,0.0,,,,,,,,37031.79,0.0
465,RAJASTHAN,UDAIPUR,,704.9750518869618,711.8927611835783,0.0,711.4795726846586,46415.0,730677.0,0.0,777092.0,398968.0,1176060.0,1295.19,20119.02,0.0,21414.21,1040.42,,0.0,1040.42,426.48,1137.1699999999998,0.0,1563.6499999999996,516.19,4590.51,0.0,5106.700000000001,337.1600000000001,1627.88,0.0,1965.04,0.0,0.0,0.0,0.0,,,,,,,,,3615.4400000000005,27474.57,0.0,31090.010000000002,0.0,0.0,0.0,0.0,,,,,0.0,0.0,0.0,0.0,0.0,0.0,0.0,0.0,0.0,0.0,0.0,0.0,0.0,0.0,0.0,0.0,0.0,0.0,0.0,0.0,0.0,0.0,0.0,0.0,3615.4400000000005,27474.57,0.0,31090.010000000002,361.56,2747.4399999999996,0.0,3109.0099999999998,3253.8800000000006,24727.130000000005,0.0,27981.01,156.17,2755.2470000000003,,2911.4170000000004,23.061999999999998,1932.862,,1955.9240000000002,2064.76555,21093.142000000003,,23157.90755,2244.02,25781.27,,28025.299999999996,68.96443630373584,104.26309078328133,,100.15828592320291,156.17000000000002,2755.25,0.0,2911.41,1049.58,626.96,0.0,1676.54,,,,,,,0.0,0.0,0.0,,,,,0.0,0.0,27981.010000000006,0.0,0.0,,0.0,,0.0,,,,,,,,27981.010000000006,0.0
466,SIKKIM,Mangan,,0.0,2480.81,0.0,2480.81,0.0,94313.3,0.0,94313.3,1339.92,95653.22,0.0,13769.38,0.0,13769.38,,,,,0.0,0.0,0.0,0.0,0.0,0.0,0.0,0.0,,,,,,,,,,,,,,,,,0.0,13769.38,0.0,13769.38,,,,,,,,,,,,0.0,,,,0.0,0.0,0.0,0.0,0.0,0.0,0.0,0.0,0.0,0.0,0.0,0.0,0.0,0.0,0.0,0.0,0.0,0.0,13769.38,0.0,13769.38,0.0,1376.94,0.0,1376.94,0.0,12392.44,0.0,12392.44,,271.017245,,271.017245,,91.54,,91.54,,0.0,,0.0,,362.54999999999995,,362.54999999999995,,2.9255739789742776,,2.9255739789742776,0.0,688.14,0.0,688.14,0.0,11612.77,0.0,11612.77,NIL,NIL,NIL,[NIL],[NIL],[NIL],0.0,0.0,0.005737756800059999,,,,,0.0,0.0,12392.44,0.0,0.0,,0.0,,0.0,,0.0,,0.0,,0.0,,12392.44,0.0
467,SIKKIM,Soreng,,0.0,2029.12,0.0,2029.1199999999997,0.0,71095.5,0.0,71095.5,2034.0,73129.5,0.0,6614.02,0.0,6614.02,,,,,0.0,0.0,0.0,0.0,0.0,0.0,0.0,0.0,,,,,,,,,,,,,,,,,0.0,6614.02,0.0,6614.02,,,,,,,,,,,,0.0,,,,0.0,0.0,0.0,0.0,0.0,0.0,0.0,0.0,0.0,0.0,0.0,0.0,0.0,0.0,0.0,0.0,0.0,0.0,6614.02,0.0,6614.02,0.0,661.4,0.0,661.4,0.0,5952.62,0.0,5952.62,,135.775985,,135.775985,,83.16,,83.16,,0.0,,0.0,,218.94,,218.94,,3.6780442897413237,,3.6780442897413237,0.0,344.75,0.0,344.75,0.0,5524.71,0.0,5524.71,NIL,NIL,NIL,[NIL],[NIL],[NIL],0.0,0.0,0.005173064640432,,,,,0.0,0.0,5952.62,0.0,0.0,,0.0,,0.0,,0.0,,0.0,,0.0,,5952.62,0.0
468,TAMILNADU,ARIYALUR,,0.0,1247.4596020822423,0.0,1247.4596020822423,0.0,192658.65499999997,0.0,192658.65499999997,739.495,193398.15,0.0,20949.58,0.0,20949.58,9666.569999999998,,,9666.569999999998,0.0,5141.509999999999,0.0,5141.509999999999,0.0,5309.9,0.0,5309.9,0.0,481.58,0.0,481.58,0.0,0.0,0.0,0.0,,,,,,,,,9666.569999999998,31882.57,0.0,41549.13999999999,,,,,,,,,,,,0.0,,,,0.0,,,,,,,,,,,,,,,,0.0,9666.569999999998,31882.57,0.0,41549.13999999999,966.6600000000001,2904.92,0.0,3871.5799999999995,8699.91,28977.65,0.0,37677.56,,972.9065692500001,,972.9065692500001,,0.0,,0.0,,14318.0,,14318.0,,15290.9,,15290.9,,52.76790906094869,,40.58357282159461,0.0,1052.41,0.0,1052.41,8699.91,13607.25,0.0,22307.16,,,,,,,,,,,,,,0.0,0.0,37677.56,0.0,0.0,,0.0,,0.0,,,,,,,,37677.56,0.0
469,TAMILNADU,CHENGALPATTU,,0.0,1184.9800244894207,0.0,1184.9800244894207,0.0,242414.88000000003,0.0,242414.88000000003,20175.27,262590.15,0.0,19024.49,0.0,19024.49,82.63000000000001,,,82.63000000000001,0.0,17544.8,0.0,17544.8,0.0,8314.09,0.0,8314.09,0.0,8166.529999999999,0.0,8166.529999999999,0.0,124.50999999999999,0.0,124.50999999999999,,,,,,,,,82.63000000000001,53174.45999999999,0.0,53257.090000000026,,,,,,,,,,,,0.0,,,,0.0,,,,,,,,,,,,,,,,0.0,82.63000000000001,53174.45999999999,0.0,53257.090000000026,8.269999999999998,5219.099999999999,0.0,5227.369999999999,74.35999999999999,47955.36,0.0,48029.72000000001,,1137.7165625,,1137.7165625,,546.8,,546.8,,32704.516939999998,,32704.516939999998,,34389.02,,34389.02,,71.71048241531291,,71.59945966788894,0.0,1259.1000000000001,0.0,1259.1000000000001,74.35999999999999,14012.650000000005,0.0,14087.010000000006,,,,,,,,,,,,,,0.0,0.0,48029.72,0.0,0.0,,0.0,,0.0,,,,,,,,48029.72,0.0
470,TAMILNADU,CHENNAI,,0.0,708.3150766817178,0.0,708.3150766817178,0.0,53345.84542544,0.0,53345.84542544,2002.8797871000002,55348.72521254,0.0,4492.619999999999,0.0,4492.619999999999,140.16,,0.49,140.65,0.0,93.0,0.0,93.0,0.0,62.42000000000001,0.0,62.42000000000001,,132.97,0.0,132.97,0.0,315.02000000000004,0.0,315.02000000000004,,,,,,,,,140.16,5096.02,0.49,5236.670000000001,,,,,,,,,,,,0.0,,,,0.0,,,,,,,,,,,,,,,,0.0,140.16,5096.02,0.49,5236.670000000001,14.02,504.8500000000001,0.05,518.92,126.14000000000001,4591.170000000001,0.44,4717.750000000001,,4601.055633,,4601.055633,,1914.64,,1914.64,,241.04999999999995,,241.04999999999995,,6756.719999999999,,6756.719999999999,,147.16771541894545,,143.23247783164553,0.0,4633.3099999999995,0.0,4633.3099999999995,126.14000000000001,446.33,0.44,572.47,,,,,,,,,,,,,,0.0,0.0,4717.310000000001,0.44,0.0,,0.0,,0.0,,,,,,,,4717.310000000001,0.44
471,TAMILNADU,COIMBATORE,,0.0,915.7666255160292,0.0,915.7666255160292,0.0,362230.1099999999,0.0,362230.1099999999,4867.355000000001,367097.46499999997,0.0,22917.169999999995,0.0,22917.169999999995,,,,,0.0,6841.219999999999,0.0,6841.219999999999,0.0,15554.0,0.0,15554.0,0.0,1371.71,0.0,1371.71,0.0,1966.64,0.0,1966.64,,,,,,,,,0.0,48650.77999999999,0.0,48650.77999999999,,,,,,,,,,,,0.0,,,,0.0,,,,,,,,,,,,,,,,0.0,0.0,48650.77999999999,0.0,48650.77999999999,0.0,4743.2699999999995,0.0,4743.2699999999995,0.0,43907.509999999995,0.0,43907.509999999995,,4415.540743500001,,4415.540743500001,,483.01,,483.01,,44737.00000000001,,44737.00000000001,,49635.600000000006,,49635.600000000006,,113.04580924766631,,113.04580924766631,0.0,4796.26,0.0,4796.26,0.0,4130.24,0.0,4130.24,,,,,,,,,,,,,,0.0,0.0,43907.509999999995,0.0,0.0,,0.0,,0.0,,,,,,,,43907.509999999995,0.0
472,TAMILNADU,CUDDALORE,,0.0,1424.1572689311045,1440.0,1424.1623658141773,0.0,363556.1525,117.0,363673.1525,1000.8475000000016,364674.0000000001,0.0,23651.760000000002,0.0,23651.760000000002,3614.19,,0.0,3614.19,0.0,31866.0,0.0,31866.0,0.0,16103.37,0.0,16103.37,0.0,2411.3099999999995,0.0,2411.3099999999995,0.0,8548.482999999998,0.0,8548.482999999998,,,,,,,,,3614.19,82580.91,0.0,86195.09999999999,,,,,,,,,,,,0.0,,,,0.0,,,,,,,,,,,,,,,,0.0,3614.19,82580.91,0.0,86195.09999999999,361.41999999999996,8154.26,0.0,8515.68,3252.77,74426.65000000001,0.0,77679.42000000003,,7677.422322999999,34.900000000000006,7712.322322999999,,1053.8,0.0,1053.8,,57970.79,553.1999999999999,58523.99,,66702.02,588.1,67290.12,,89.62115048843391,0.0,85.86832908896587,0.0,7851.03,0.0,7885.929999999999,3252.77,18135.37,0.0,21388.14,,,,,,,,,,,,,,0.0,0.0,77679.42000000001,0.0,0.0,,0.0,,0.0,,,,,,,,77679.42000000001,0.0
473,TAMILNADU,DHARMAPURI,,0.0,821.4884739917987,0.0,821.4884739917987,0.0,281286.58625,0.0,281286.58625,57346.04375,338632.63000000006,0.0,20677.63,0.0,20677.63,0.0,,0.0,0.0,0.0,1417.37,0.0,1417.37,0.0,10224.43,0.0,10224.43,0.0,359.59000000000003,0.0,359.59000000000003,1000.0,6942.660000000001,0.0,7942.66,,,,,,,,,1000.0,39621.7,0.0,40621.69999999999,,,,,,,,,,,,0.0,,,,0.0,,,,,,,,,,,,,,,,0.0,1000.0,39621.7,0.0,40621.69999999999,100.0,3814.1900000000005,0.0,3914.19,900.0,35807.51,0.0,36707.51,,3184.0437557500004,,3184.0437557500004,,12.6,,12.6,,40988.15,,40988.15,,44184.80999999999,,44184.80999999999,,123.39537152960366,,120.36994609549923,0.0,8615.419999999998,0.0,8615.419999999998,900.0,1752.3,0.0,2652.3,,,,,,,,,,,,,,0.0,0.0,36707.509999999995,0.0,0.0,,0.0,,0.0,,,,,,,,36707.509999999995,0.0
474,TAMILNADU,DINDIGUL,,0.0,926.8079063576962,0.0,926.8079063576962,0.0,487741.1000000001,0.0,487741.1000000001,138922.98999999996,626664.09,0.0,18854.949999999997,0.0,18854.949999999997,5832.49,,,5832.49,0.0,5085.259999999999,0.0,5085.259999999999,0.0,20161.5,0.0,20161.5,0.0,466.24999999999994,0.0,466.24999999999994,0.0,4309.686,0.0,4309.686,,,,,,,,,5832.49,48877.68000000001,0.0,54710.170000000006,,,,,,,,,,,,0.0,,,,0.0,,,,,,,,,,,,,,,,0.0,5832.49,48877.68000000001,0.0,54710.170000000006,583.26,4887.81,0.0,5471.07,5249.229999999999,43989.87,0.0,49239.1,,3680.1443280000008,,3680.1443280000008,,217.898,,217.898,,57604.364,,57604.364,,61502.409999999996,,61502.409999999996,,139.8103927108673,,124.90563393725718,0.0,3951.8199999999993,0.0,3951.8199999999993,5249.229999999999,3772.23,0.0,9021.46,,,,,,,,,,,,,,0.0,0.0,49239.1,0.0,0.0,,0.0,,0.0,,,,,,,,49239.1,0.0
475,TAMILNADU,ERODE,,0.0,716.7887065944705,0.0,716.7887065944705,0.0,348110.30999999994,0.0,348110.30999999994,1425.0,349535.31,0.0,18415.47,0.0,18415.47,209.78,,0.0,209.78,0.0,24728.52,0.0,24728.52,0.0,20463.86,0.0,20463.86,0.0,284.94999999999993,0.0,284.94999999999993,0.0,1601.3360000000002,0.0,1601.3360000000002,,,,,,,,,209.78,65494.14,0.0,65703.92,,,,,,,,,,,,0.0,,,,0.0,,,,,,,,,,,,,,,,0.0,209.78,65494.14,0.0,65703.92,20.98,6216.9800000000005,0.0,6237.95,188.8,59277.16,0.0,59465.96000000001,,6389.5142864,,6389.5142864,,193.01799999999997,,193.01799999999997,,57899.3,,57899.3,,64481.81999999999,,64481.81999999999,,108.78021146762089,,108.43484238714045,0.0,18345.239999999998,0.0,18345.239999999998,188.8,3715.55,0.0,3904.3500000000004,,,,,,,,,,,,,,0.0,0.0,59465.96000000001,0.0,0.0,,0.0,,0.0,,,,,,,,59465.96000000001,0.0
476,TAMILNADU,KALLAKURICHCHI,,0.0,1174.460876965725,0.0,1174.460876965725,0.0,252919.55791666656,0.0,252919.55791666656,43823.5875,296743.1454166667,0.0,31659.949999999993,0.0,31659.949999999993,606.9499999999998,,0.0,606.9499999999998,0.0,8041.920000000001,0.0,8041.920000000001,0.0,18445.769999999997,0.0,18445.769999999997,0.0,1225.7700000000002,0.0,1225.7700000000002,0.0,8438.0,0.0,8438.0,,,,,,,,,606.9499999999998,67811.41,0.0,68418.36000000002,,,,,,,,,,,,0.0,,,,0.0,,,,,,,,,,,,,,,,0.0,606.9499999999998,67811.41,0.0,68418.36000000002,60.72,6658.249999999999,0.0,6718.969999999998,546.2300000000001,61153.15999999999,0.0,61699.39,,3138.8793885439563,,3138.8793885439563,,31.599999999999998,,31.599999999999998,,51598.0138,,51598.0138,,54768.49,,54768.49,,89.55954197624457,,88.7666636574527,0.0,3159.600000000001,0.0,3159.600000000001,546.2300000000001,9475.629999999997,0.0,10021.859999999997,,,,,,,,,,,,,,0.0,0.0,61699.39,0.0,0.0,,0.0,,0.0,,,,,,,,61699.39,0.0
477,TAMILNADU,KANCHEEPURAM,,0.0,1219.5508423879094,0.0,1219.5508423879094,0.0,166787.94700000001,0.0,166787.94700000001,3685.029000000002,170472.961,0.0,16284.580000000002,0.0,16284.580000000002,51.040000000000006,,,51.040000000000006,0.0,13222.030000000002,0.0,13222.030000000002,0.0,5479.78,0.0,5479.78,0.0,694.7699999999999,0.0,694.7699999999999,0.0,10106.895999999999,0.0,10106.895999999999,,,,,,,,,51.040000000000006,45788.05000000001,0.0,45839.090000000004,,,,,,,,,,,,0.0,,,,0.0,,,,,,,,,,,,,,,,0.0,51.040000000000006,45788.05000000001,0.0,45839.090000000004,5.119999999999999,4133.780000000001,0.0,4138.91,45.92000000000001,41654.270000000004,0.0,41700.18999999999,,859.5107550999999,,859.5107550999999,,1181.5,,1181.5,,21698.520999999997,,21698.520999999997,,23739.529999999995,,23739.529999999995,,56.99182820872865,,56.92906914812619,0.0,924.4100000000001,0.0,924.4100000000001,45.92000000000001,18325.020000000004,0.0,18370.940000000002,,,,,,,0.0,0.0,0.0,,,,,0.0,0.0,41700.19,0.0,0.0,,0.0,,0.0,,,,,,,,41700.19,0.0
478,TAMILNADU,KANNIYAKUMARI,,0.0,1219.9137226417547,0.0,1219.9137226417547,0.0,113044.99000000003,0.0,113044.99000000003,4772.030000000002,117817.02000000003,0.0,8225.23,0.0,8225.23,10991.079999999998,,0.0,10991.079999999998,6794.79,0.0,0.0,6794.79,0.0,760.2,0.0,760.2,0.0,1355.4899999999998,0.0,1355.4899999999998,0.0,60.0,0.0,60.0,,,,,,,,,17785.870000000003,10400.92,0.0,28186.789999999997,,,,,,,,,,,,0.0,,,,0.0,,,,,,,,,,,,,,,,0.0,17785.870000000003,10400.92,0.0,28186.789999999997,1778.6000000000001,968.6600000000001,0.0,2747.26,16007.270000000004,9432.260000000002,0.0,25439.530000000006,,853.3979590000001,,853.3979590000001,,211.40800000000002,,211.40800000000002,,3961.6000000000004,,3961.6000000000004,,5026.369999999999,,5026.369999999999,,53.28913749196903,,19.75810873864414,0.0,913.8700000000002,0.0,913.8700000000002,16007.270000000004,4948.5599999999995,0.0,20955.83,,,,,,,,,,,,,,0.0,0.0,25439.530000000006,0.0,0.0,,0.0,,0.0,,,,,,,,25439.530000000006,0.0
479,TAMILNADU,KARUR,,0.0,708.5207106784102,0.0,708.5207106784102,0.0,283369.52,0.0,283369.52,6187.115,289556.635,0.0,14079.0,0.0,14079.0,,,,,0.0,8065.97,0.0,8065.97,0.0,7805.24,0.0,7805.24,0.0,345.71000000000004,0.0,345.71000000000004,0.0,0.0,0.0,0.0,,,,,,,,,0.0,30295.920000000002,0.0,30295.920000000002,,,,,,,,,,,,0.0,,,,0.0,,,,,,,,,,,,,,,,0.0,0.0,30295.920000000002,0.0,30295.920000000002,0.0,2982.1800000000007,0.0,2982.1800000000007,0.0,27313.74,0.0,27313.74,,1008.7110587499999,,1008.7110587499999,,214.56154091300704,,214.56154091300704,,27672.863081826014,,27672.863081826014,,28896.109999999997,,28896.109999999997,,105.79331135172258,,105.79331135172258,0.0,1087.61,0.0,1087.61,0.0,4500.8,0.0,4500.8,,,,,,,,,,,,,,0.0,0.0,27313.74,0.0,0.0,,0.0,,0.0,,,,,,,,27313.74,0.0
480,TAMILNADU,KRISHNAGIRI,,0.0,840.6880925872674,0.0,840.6880925872674,0.0,310394.9475,0.0,310394.9475,96804.83750000004,407199.78500000003,0.0,20314.420000000002,0.0,20314.420000000002,5.32,,0.0,5.32,0.0,6563.519999999999,0.0,6563.519999999999,0.0,10615.150000000001,0.0,10615.150000000001,0.0,334.25,0.0,334.25,0.0,7710.245999999999,0.0,7710.245999999999,,,,,,,,,5.32,45537.59,0.0,45542.90999999999,,,,,,,,,,,,0.0,,,,0.0,,,,,,,,,,,,,,,,0.0,5.32,45537.59,0.0,45542.90999999999,0.53,4400.19,0.0,4400.719999999999,4.79,41137.399999999994,0.0,41142.189999999995,,3986.8957672499996,,3986.8957672499996,,1073.1000000000001,,1073.1000000000001,,39233.2,,39233.2,,44293.19,,44293.19,,107.67134043473825,,107.65880474520195,0.0,9836.46,0.0,9836.46,4.79,4454.05,0.0,4458.84,,,,,,,,,,,,,,0.0,0.0,41142.189999999995,0.0,0.0,,0.0,,0.0,,,,,,,,41142.189999999995,0.0
481,TAMILNADU,MADURAI,,0.0,829.3966913239096,0.0,829.3966913239096,0.0,325667.66000000003,0.0,325667.66000000003,36021.25,361688.91000000003,0.0,26230.41,0.0,26230.41,6346.089999999997,,,6346.089999999997,0.0,7097.639999999999,0.0,7097.639999999999,0.0,13020.739999999998,0.0,13020.739999999998,0.0,3276.6299999999987,0.0,3276.6299999999987,0.0,11373.836000000005,0.0,11373.836000000005,,,,,,,,,6346.089999999997,60999.30000000002,0.0,67345.39000000001,,,,,,,,,,,,0.0,,,,0.0,,,,,,,,,,,,,,,,0.0,6346.089999999997,60999.30000000002,0.0,67345.39000000001,634.6200000000001,5915.6399999999985,0.0,6550.27,5711.469999999998,55083.659999999996,0.0,60795.12999999999,,3383.6075834,,3383.6075834,,1009.6999999999998,,1009.6999999999998,,37692.259133333326,,37692.259133333326,,42085.52,,42085.52,,76.40291149861864,,69.2251501065957,0.0,3534.459999999999,0.0,3534.459999999999,5711.469999999998,16898.51,0.0,22609.979999999996,,,,,,,,,,,,,,0.0,0.0,60795.13,0.0,0.0,,0.0,,0.0,,,,,,,,60795.13,0.0
482,TAMILNADU,NAGAPATTINAM,,0.0,1428.6801278487892,0.0,580.5724025349762,0.0,107323.66,156779.80000000002,264103.46,1101.5,265204.96,0.0,7178.939999999999,0.0,7178.939999999999,116.09000000000002,,0.0,116.09000000000002,0.0,4429.0199999999995,0.0,4429.0199999999995,0.0,0.0,0.0,0.0,0.0,17.72,0.0,17.72,0.0,336.106,0.0,336.106,,,,,,,,,116.09000000000002,11961.79,0.0,12077.880000000001,,,,,,,,,,,,0.0,,,,0.0,,,,,,,,,,,,,,,,0.0,116.09000000000002,11961.79,0.0,12077.880000000001,11.600000000000001,1196.1899999999998,0.0,1207.79,104.49000000000001,10765.6,0.0,10870.09,,960.8046839999998,0.0,960.8046839999998,,0.0,0.0,0.0,,14322.990266666646,0.0,14322.990266666646,,15283.780000000002,0.0,15283.780000000002,,141.96867801144387,0.0,140.6039876394768,0.0,1566.8600000000001,0.0,1566.8600000000001,104.49000000000001,518.44,0.0,622.9300000000001,,,,,,,,,,,,,,0.0,0.0,10870.09,0.0,0.0,,0.0,,0.0,,,,,,,,10870.09,0.0
483,TAMILNADU,NAMAKKAL,,0.0,710.7649210586684,0.0,710.7649210586683,0.0,292810.49,0.0,292810.49,1401.3899999999985,294211.88,0.0,25129.029999999995,0.0,25129.029999999995,5950.289999999999,,0.0,5950.289999999999,483.42,4959.290000000001,0.0,5442.710000000001,0.0,5766.71,0.0,5766.71,0.0,566.3499999999999,0.0,566.3499999999999,0.0,0.0,0.0,0.0,,,,,,,,,6433.709999999999,36421.380000000005,0.0,42855.09000000001,,,,,,,,,,,,0.0,,,,0.0,,,,,,,,,,,,,,,,0.0,6433.709999999999,36421.380000000005,0.0,42855.09000000001,643.36,3642.2000000000003,0.0,4285.5599999999995,5790.35,32779.17999999999,0.0,38569.530000000006,,1550.8523769999995,,1550.8523769999995,,57.5,,57.5,,50663.88,,50663.88,,52272.210000000014,,52272.210000000014,,159.46771700817416,,135.52721539515778,0.0,1661.1700000000003,0.0,1661.1700000000003,5790.35,1503.15,0.0,7293.5,,,,,,,,,,,,,,0.0,0.0,38569.52999999999,0.0,0.0,,0.0,,0.0,,,,,,,,38569.52999999999,0.0
484,TAMILNADU,PERAMBALUR,,0.0,868.6355464031988,0.0,868.6355464031988,0.0,159453.77000000002,0.0,159453.77000000002,9242.384999999998,168696.15500000003,0.0,10202.49,0.0,10202.49,5164.58,,0.0,5164.58,0.0,1141.05,0.0,1141.05,0.0,7265.8,0.0,7265.8,0.0,99.01,0.0,99.01,0.0,0.0,0.0,0.0,,,,,,,,,5164.58,18708.35,0.0,23872.93,,,,,,,,,,,,0.0,,,,0.0,,,,,,,,,,,,,,,,0.0,5164.58,18708.35,0.0,23872.93,516.47,1870.8399999999997,0.0,2387.31,4648.110000000001,16837.510000000002,0.0,21485.620000000003,,657.7539622499999,,657.7539622499999,,0.0,,0.0,,24733.399999999998,,24733.399999999998,,25391.139999999996,,25391.139999999996,,150.8010388709494,,118.17736700174346,0.0,711.52,0.0,711.52,4648.110000000001,1138.6,0.0,5786.710000000001,,,,,,,,,,,,,,0.0,0.0,21485.62,0.0,0.0,,0.0,,0.0,,,,,,,,21485.62,0.0
485,TAMILNADU,PUDUKKOTTAI,,0.0,940.5039755259083,1044.0,943.9602477088109,0.0,428006.8950000001,14787.205,442794.10000000003,7682.095,450476.195,0.0,41105.54000000001,0.0,41105.54000000001,12218.489999999998,,0.0,12218.489999999998,0.0,33786.21,0.0,33786.21,0.0,12948.88,0.0,12948.88,0.0,6552.689999999998,0.0,6552.689999999998,0.0,0.0,0.0,0.0,,,,,,,,,12218.489999999998,94393.32000000004,0.0,106611.81,,,,,,,,,,,,0.0,,,,0.0,,,,,,,,,,,,,,,,0.0,12218.489999999998,94393.32000000004,0.0,106611.81,1221.8599999999997,9248.0,0.0,10469.86,10996.63,85145.32000000004,0.0,96141.95000000001,,1739.9102875,0.0,1739.9102875,,0.0,0.0,0.0,,43627.35999999999,0.0,43627.35999999999,,45367.299999999996,0.0,45367.299999999996,,53.28220036051303,0.0,47.187830078337285,0.0,1882.0799999999997,0.0,1882.0799999999997,10996.63,39664.42,0.0,50661.049999999996,,,,,,,,,,,,,,0.0,0.0,96141.95000000004,0.0,0.0,,0.0,,0.0,,,,,,,,96141.95000000004,0.0
486,TAMILNADU,RAMANATHAPURAM,,0.0,872.100656594457,740.1378077858948,841.2587577540967,0.0,312250.57999999996,95236.45499999999,407487.03499999986,1470.0,408957.03499999986,0.0,30291.899999999998,6293.69,36585.590000000004,,,,,0.0,21796.02,6055.34,27851.36,0.0,2078.53,0.0,2078.53,0.0,11187.720000000001,0.0,11187.720000000001,0.0,12204.87,0.0,12204.87,,,,,,,,,0.0,77559.07,12349.03,89908.1,,,,,,,,,,,,0.0,,,,0.0,,,,,,,,,,,,,,,,0.0,0.0,77559.07,12349.03,89908.1,0.0,7671.000000000001,1234.8999999999999,8905.899999999998,0.0,69888.07,11114.130000000001,81002.20000000003,,1405.0838170000002,367.37271899999996,1772.456536,,0.0,0.0,0.0,,5938.6434285714295,29.600000000000005,5968.24342857143,,7343.720000000001,396.97999999999996,7740.700000000001,,10.507830592546053,3.5718495284831104,10.507830592546052,0.0,1492.33,0.0,1892.6899999999998,0.0,62457.11999999999,11084.52,62457.11999999999,,,,,,,,,,,,,,0.0,0.0,69888.07,11114.13,0.0,,0.0,,0.0,,,,,,,,69888.07,11114.13
487,TAMILNADU,RANIPET,,0.0,1083.912478373037,0.0,1083.912478373037,0.0,175584.06,0.0,175584.06,17.0,175601.06,0.0,17332.49,0.0,17332.49,10.959999999999999,,0.0,10.959999999999999,0.0,0.0,0.0,0.0,0.0,4683.900000000001,0.0,4683.900000000001,0.0,7834.160000000001,0.0,7834.160000000001,0.0,2223.114,0.0,2223.114,,,,,,,,,10.959999999999999,32073.69,0.0,32084.65,,,,,,,,,,,,0.0,,,,0.0,,,,,,,,,,,,,,,,0.0,10.959999999999999,32073.69,0.0,32084.65,1.11,3207.37,0.0,3208.49,9.85,28866.32,0.0,28876.170000000002,,1200.2656125,,1200.2656125,,1091.2,,1091.2,,24215.420000000002,,24215.420000000002,,26506.879999999997,,26506.879999999997,,91.82632216368417,,91.7949991290396,0.0,2006.76,0.0,2006.76,9.85,4036.4,0.0,4046.25,,,,,,,,,,,,,,286970.05,0.0,315846.2199999999,0.0,0.0,,0.0,,0.0,,,,,,,,315846.2199999999,0.0
488,TAMILNADU,SALEM,,0.0,899.638201073562,0.0,899.638201073562,0.0,391534.96499999997,0.0,391534.96499999997,11122.96,402657.92499999993,0.0,20770.579999999998,0.0,20770.579999999998,10732.02,,,10732.02,0.0,2621.7499999999995,0.0,2621.7499999999995,0.0,12766.520000000002,0.0,12766.520000000002,0.0,751.49,0.0,751.49,0.0,3712.186,0.0,3712.186,,,,,,,,,10732.02,40622.55999999999,0.0,51354.57999999999,,,,,,,,,,,,0.0,,,,0.0,,,,,,,,,,,,,,,,0.0,10732.02,40622.55999999999,0.0,51354.57999999999,1073.25,4039.7600000000007,0.0,5112.990000000002,9658.77,36582.8,0.0,46241.57,,4906.982236750001,,4906.982236750001,,14.6,,14.6,,65802.058,,65802.058,,70723.53999999996,,70723.53999999996,,193.32456782969035,,152.9436392406226,0.0,13277.349999999999,0.0,13277.349999999999,9658.77,1211.75,0.0,10870.52,,,,,,,,,,,,,,0.0,0.0,46241.57000000001,0.0,0.0,,0.0,,0.0,,,,,,,,46241.57000000001,0.0
489,TAMILNADU,SIVAGANGAI,,0.0,875.4883410392512,0.0,875.4883410392512,0.0,403261.5,0.0,403261.5,15638.615000000003,418900.11499999993,0.0,32275.979999999996,0.0,32275.979999999996,0.0,,0.0,0.0,0.0,23100.969999999998,0.0,23100.969999999998,0.0,2610.1600000000008,0.0,2610.1600000000008,0.0,7517.830000000001,0.0,7517.830000000001,0.0,0.0,0.0,0.0,,,,,,,,,0.0,65504.94,0.0,65504.94,,,,,,,,,,,,0.0,,,,0.0,,,,,,,,,,,,,,,,0.0,0.0,65504.94,0.0,65504.94,0.0,6453.07,0.0,6453.07,0.0,59051.86999999999,0.0,59051.86999999999,,2532.30406275,,2532.30406275,,0.0,,0.0,,12751.48,,12751.48,,15283.769999999999,,15283.769999999999,,25.881940741250027,,25.881940741250027,0.0,6851.960000000001,0.0,6851.960000000001,0.0,39448.48,0.0,39448.48,,,,,,,,,,,,,,39507.2,0.0,98559.07000000004,0.0,0.0,,0.0,,0.0,,,,,,,,98559.07000000004,0.0
490,TAMILNADU,TENKASI,,802.3339555920116,818.0049099157989,0.0,815.4685124842422,40523.34000000001,209847.28499999997,0.0,250370.625,43999.429999999986,294370.055,2068.1900000000005,12356.199999999999,0.0,14424.390000000003,12236.7,,,12236.7,12967.149999999998,239.24,0.0,13206.389999999996,0.0,6479.669999999999,0.0,6479.669999999999,626.88,0.0,0.0,626.88,0.0,2290.946,0.0,2290.946,,,,,,,,,27898.920000000006,21366.05,0.0,49264.969999999994,,,,,,,,,,,,0.0,,,,0.0,,,,,,,,,,,,,,,,0.0,27898.920000000006,21366.05,0.0,49264.969999999994,2789.94,2094.71,0.0,4884.66,25108.980000000003,19271.340000000004,0.0,44380.32,0.0,1842.0415002499994,,1842.0415002499994,0.0,173.60000000000002,,173.60000000000002,0.0,38217.43,,38217.43,0.0,40233.08000000001,,40233.08000000001,0.0,208.77157478410945,,90.65522736203798,0.0,1975.5700000000002,0.0,1975.5700000000002,25108.980000000003,2147.04,0.0,27256.020000000004,,,,,,,,,,,,,,61527.28999999999,0.0,105907.60999999999,0.0,0.0,,0.0,,0.0,,,,,,,,105907.60999999999,0.0
491,TAMILNADU,THANJAVUR,,0.0,965.3669168428055,0.0,965.3669168428055,0.0,335053.26999999996,0.0,335053.26999999996,3319.42,338372.68999999994,0.0,52489.94000000001,0.0,52489.94000000001,4509.330000000001,,,4509.330000000001,17506.539999999994,0.0,0.0,17506.539999999994,0.0,12761.569999999996,0.0,12761.569999999996,,78.78000000000002,,78.78000000000002,0.0,3309.24,0.0,3309.24,,,,,,,,,22015.870000000006,68639.54,0.0,90655.40999999999,,,,,,,,,,,,0.0,,,,0.0,,,,,,,,,,,,,,,,0.0,22015.870000000006,68639.54,0.0,90655.40999999999,2201.61,6773.679999999998,0.0,8975.279999999999,19814.26,61865.860000000015,0.0,81680.11999999998,,2819.3970830000007,,2819.3970830000007,,131.0,,131.0,,83201.67683333335,,83201.67683333335,,86152.07000000002,,86152.07000000002,,139.2562392246709,,105.47495522778377,0.0,2921.66,0.0,2921.66,19814.26,1554.17,0.0,21368.43,,,,,,,,,,,,,,0.0,0.0,81680.12000000001,0.0,0.0,,0.0,,0.0,,,,,,,,81680.12000000001,0.0
492,TAMILNADU,THE NILGIRIS,,0.0,1261.1775706120739,0.0,1261.1775706120739,0.0,111908.26999999999,0.0,111908.26999999999,142576.71000000002,254484.97999999998,0.0,9297.6,0.0,9297.6,164.35,,,164.35,0.0,0.0,0.0,0.0,0.0,208.24999999999994,0.0,208.24999999999994,0.0,0.0,0.0,0.0,0.0,140.79600000000002,0.0,140.79600000000002,,,,,,,,,164.35,9646.65,0.0,9811.0,,,,,,,,,,,,0.0,,,,0.0,,,,,,,,,,,,,,,,0.0,164.35,9646.65,0.0,9811.0,16.44,964.65,0.0,981.0899999999999,147.91,8682.000000000002,0.0,8829.91,,997.1661720000001,,997.1661720000001,,48.42,,48.42,,594.9999999999999,,594.9999999999999,,1640.5700000000002,,1640.5700000000002,,18.896222068647774,,18.57969107272894,0.0,1835.92,0.0,1835.92,147.91,6399.25,0.0,6547.16,,,,,,,,,,,,,,0.0,0.0,8829.91,0.0,0.0,,0.0,,0.0,,,,,,,,8829.91,0.0
493,TAMILNADU,THENI,,0.0,1546.250707344012,0.0,1546.250707344012,0.0,189417.31,0.0,189417.31,68236.81,257654.12,0.0,12334.690000000002,0.0,12334.690000000002,2724.3,,0.0,2724.3,0.0,10780.14,0.0,10780.14,0.0,9638.990000000002,0.0,9638.990000000002,0.0,782.54,0.0,782.54,0.0,2139.926,0.0,2139.926,,,,,,,,,2724.3,35676.27,0.0,38400.56999999999,,,,,,,,,,,,0.0,,,,0.0,,,,,,,,,,,,,,,,0.0,2724.3,35676.27,0.0,38400.56999999999,272.43000000000006,3567.6299999999997,0.0,3840.06,2451.87,32108.639999999996,0.0,34560.51,,1224.8748236,,1224.8748236,,57.981,,57.981,,24893.489999999994,,24893.489999999994,,26176.34,,26176.34,,81.52428754378884,,75.74060683710975,0.0,1270.8400000000001,0.0,1270.8400000000001,2451.87,6369.76,0.0,8821.630000000001,,,,,,,,,,,,,,0.0,0.0,34560.509999999995,0.0,0.0,,0.0,,0.0,,,,,,,,34560.509999999995,0.0
494,TAMILNADU,THIRUVARUR,,0.0,1005.8302968668198,0.0,824.7531480299554,0.0,169945.23,37312.009999999995,207257.24000000002,0.0,207257.24000000002,0.0,8045.150000000001,0.0,8045.150000000001,3541.9700000000003,,0.0,3541.9700000000003,0.0,13228.199999999999,0.0,13228.199999999999,0.0,90.24000000000001,0.0,90.24000000000001,0.0,218.08,0.0,218.08,0.0,2115.612,0.0,2115.612,,,,,,,,,3541.9700000000003,23697.280000000006,0.0,27239.25,,,,,,,,,,,,0.0,,,,0.0,,,,,,,,,,,,,,,,0.0,3541.9700000000003,23697.280000000006,0.0,27239.25,354.1999999999999,2369.7400000000002,0.0,2723.95,3187.7699999999995,21327.54,0.0,24515.309999999998,,1986.4077450000002,0.0,1986.4077450000002,,19.250000000000004,0.0,19.250000000000004,,20228.145500000006,0.0,20228.145500000006,,22233.839999999997,0.0,22233.839999999997,,104.2494352372566,0.0,90.69369304324522,0.0,3507.92,0.0,3507.92,3187.7699999999995,2394.04,0.0,5581.8099999999995,,,,,,,,,,,,,,0.0,0.0,24515.31,0.0,0.0,,0.0,,0.0,,,,,,,,24515.31,0.0
495,TAMILNADU,THOOTHUKUDI,,0.0,640.4141070918004,0.0,640.4141070918004,0.0,459711.76,0.0,459711.76,3890.07,463601.83,0.0,22841.12999999999,0.0,22841.12999999999,1821.4,,0.0,1821.4,0.0,11704.76,0.0,11704.76,0.0,4136.58,0.0,4136.58,0.0,3538.84,0.0,3538.84,0.0,9199.658000000001,0.0,9199.658000000001,,,,,,,,,1821.4,51420.97999999999,0.0,53242.37999999999,,,,,,,,,,,,0.0,,,,0.0,,,,,,,,,,,,,,,,0.0,1821.4,51420.97999999999,0.0,53242.37999999999,182.14,4887.33,0.0,5069.47,1639.26,46533.65,0.0,48172.909999999996,,1425.6572439999995,,1425.6572439999995,,155.0,,155.0,,20101.7,,20101.7,,21682.34,,21682.34,,46.594969446841155,,45.00940466332634,0.0,1506.3200000000002,0.0,1506.3200000000002,1639.2600000000002,26801.960000000003,0.0,28441.22,,,,,,,,,,,,,,0.0,0.0,48172.91,0.0,0.0,,0.0,,0.0,,,,,,,,48172.91,0.0
496,TAMILNADU,TIRUCHIRAPPALLI,,0.0,767.9284676867551,0.0,767.9284676867551,0.0,403609.805,0.0,403609.805,17167.469999999998,420777.275,0.0,22244.33,0.0,22244.33,14344.8,,0.0,14344.8,0.0,17583.87,0.0,17583.87,0.0,16514.78,0.0,16514.78,0.0,3288.12,0.0,3288.12,0.0,0.0,0.0,0.0,,,,,,,,,14344.8,59631.09999999997,0.0,73975.9,,,,,,,,,,,,0.0,,,,0.0,,,,,,,,,,,,,,,,0.0,14344.8,59631.09999999997,0.0,73975.9,1434.49,5760.56,0.0,7195.050000000001,12910.310000000001,53870.54000000002,0.0,66780.85,,5000.708484,,5000.708484,,152.0,,152.0,,52797.67879276251,,52797.67879276251,,57950.379999999976,,57950.379999999976,,107.57341582245128,,86.77694279123426,0.0,8217.819999999998,0.0,8217.819999999998,12910.310000000001,8828.62,0.0,21738.93,,,,,,,,,,,,,,0.0,0.0,66780.85000000002,0.0,0.0,,0.0,,0.0,,,,,,,,66780.85000000002,0.0
497,TAMILNADU,TIRUNELVELI,,0.0,1468.1963306778084,0.0,1468.1963306778084,0.0,298261.0799999999,0.0,298261.0799999999,83758.23000000001,382019.31,0.0,31102.28,0.0,31102.28,6865.340000000001,,0.0,6865.340000000001,17064.620000000003,0.0,0.0,17064.620000000003,0.0,6876.899999999999,0.0,6876.899999999999,0.0,466.04999999999995,0.0,466.04999999999995,0.0,4196.7,0.0,4196.7,,,,,,,,,23929.96000000001,42641.93,0.0,66571.89,,,,,,,,,,,,0.0,,,,0.0,,,,,,,,,,,,,,,,0.0,23929.96000000001,42641.93,0.0,66571.89,2393.05,4038.8100000000004,0.0,6431.860000000001,21536.909999999996,38603.12,0.0,60140.030000000006,,1002.6013912499998,,1002.6013912499998,,30.4,,30.4,,27698.9,,27698.9,,28731.92,,28731.92,,74.42900988313897,,47.77503436562968,0.0,1062.47,0.0,1062.47,21536.909999999996,12254.66,0.0,33791.56999999999,,,,,,,,,,,,,,76589.36999999998,0.0,136729.39999999997,0.0,0.0,,0.0,,0.0,,,,,,,,136729.39999999997,0.0
498,TAMILNADU,TIRUPATHUR,,0.0,867.9807000620079,0.0,867.9807000620079,0.0,94133.09,0.0,94133.09,3541.28,97674.37,0.0,5198.4400000000005,0.0,5198.4400000000005,2.8400000000000003,,0.0,2.8400000000000003,0.0,388.20000000000005,0.0,388.20000000000005,0.0,3240.0900000000006,0.0,3240.0900000000006,0.0,1927.1100000000001,0.0,1927.1100000000001,0.0,1853.416,0.0,1853.416,,,,,,,,,2.8400000000000003,12607.260000000002,0.0,12610.099999999999,,,,,,,,,,,,0.0,,,,0.0,,,,,,,,,,,,,,,,0.0,2.8400000000000003,12607.260000000002,0.0,12610.099999999999,0.28,1260.7200000000003,0.0,1260.99,2.56,11346.539999999999,0.0,11349.099999999999,,3512.05829,,3512.05829,,66.02,,66.02,,11903.904999999999,,11903.904999999999,,15481.990000000002,,15481.990000000002,,136.44679347184254,,136.41601536685732,0.0,3821.9400000000005,0.0,3821.9400000000005,2.56,282.02,0.0,284.58,,,,,,,,,,,,,,83372.49999999999,0.0,94721.6,0.0,0.0,,0.0,,0.0,,,,,,,,94721.6,0.0
499,TAMILNADU,TIRUPPUR,,0.0,628.1191211739077,0.0,628.1191211739077,0.0,464541.51,0.0,464541.51,1253.7999999999993,465795.31,0.0,20845.320000000003,0.0,20845.320000000003,,,,,0.0,15351.419999999998,0.0,15351.419999999998,0.0,17888.049999999996,0.0,17888.049999999996,0.0,369.86,0.0,369.86,0.0,2231.9320000000002,0.0,2231.9320000000002,,,,,,,,,0.0,56686.60999999999,0.0,56686.60999999999,,,,,,,,,,,,0.0,,,,0.0,,,,,,,,,,,,,,,,0.0,0.0,56686.60999999999,0.0,56686.60999999999,0.0,5390.16,0.0,5390.16,0.0,51296.450000000004,0.0,51296.450000000004,,2879.92719,,2879.92719,,251.60000000000002,,251.60000000000002,,52856.939999999995,,52856.939999999995,,55988.429999999986,,55988.429999999986,,109.14679280924895,,109.14679280924895,0.0,3106.37,0.0,3106.37,0.0,3489.5100000000007,0.0,3489.5100000000007,,,,,,,,,,,,,,0.0,0.0,51296.450000000004,0.0,0.0,,0.0,,0.0,,,,,,,,51296.450000000004,0.0
500,TAMILNADU,TIRUVALLUR,,0.0,1161.6589541663075,1301.3,1165.3592280835367,0.0,297920.06909999996,8109.31,306029.3791,14665.890900000002,320695.26999999996,0.0,52543.49,1421.18,53964.67,346.9600000000001,,,346.9600000000001,0.0,10641.409999999998,8.82,10650.229999999998,0.0,10713.929999999997,644.31,11358.239999999996,0.0,7153.639999999998,1720.05,8873.689999999999,0.0,7196.267999999999,63.85,7260.1179999999995,,,,,,,,,346.9600000000001,88248.71,3858.21,92453.87999999998,,,,,,,,,,,,0.0,,,,0.0,,,,,,,,,,,,,,,,0.0,346.9600000000001,88248.71,3858.21,92453.87999999998,34.709999999999994,8210.199999999999,385.83,8630.740000000002,312.25,80038.51,3472.38,83823.13999999998,,4851.919191999999,67.25293875,4919.172130749999,,3336.4847999999997,4.808,3341.2927999999997,,43350.32077666667,2092.8281166666666,45443.14889333333,,51538.74,2164.89,53703.63,,64.3924280949258,62.34599899780553,64.14219355236965,0.0,6442.07,0.0,6511.82,312.25,28277.899999999998,1374.74,28590.149999999998,,,,,,,,,,,,,,0.0,0.0,80350.76,3472.38,0.0,,0.0,,0.0,,,,,,,,80350.76,3472.38
501,TAMILNADU,TIRUVANNAMALAI,,0.0,1060.693321503377,0.0,1060.693321503377,0.0,478395.69,0.0,478395.69,1010.2049999999999,479405.8949999999,0.0,35879.79,0.0,35879.79,225.69999999999996,,0.0,225.69999999999996,0.0,2426.11,0.0,2426.11,0.0,45102.46999999999,0.0,45102.46999999999,0.0,15406.35,0.0,15406.35,0.0,17536.083,0.0,17536.083,,,,,,,,,225.69999999999996,116350.83000000003,0.0,116576.53,,,,,,,,,,,,0.0,,,,0.0,,,,,,,,,,,,,,,,0.0,225.69999999999996,116350.83000000003,0.0,116576.53,22.580000000000005,10061.89,0.0,10084.470000000003,203.12000000000003,106288.94000000002,0.0,106492.06000000001,,3092.2139030000003,,3092.2139030000003,,456.40000000000003,,456.40000000000003,,103985.34,,103985.34,,107533.93,,107533.93,,101.1713260100251,,100.97835463038277,0.0,5858.15,0.0,5858.15,203.12000000000003,6681.850000000001,0.0,6884.970000000001,,,,,,,,,,,,,,2141312.6300000004,0.0,2247804.6899999995,0.0,0.0,,0.0,,0.0,,,,,,,,2247804.6899999995,0.0
502,TAMILNADU,VELLORE,,0.0,845.0438307802176,0.0,845.0438307802176,0.0,139956.45,0.0,139956.45,822.5799999999999,140779.03,0.0,7528.0199999999995,0.0,7528.0199999999995,7.700000000000001,,0.0,7.700000000000001,0.0,4332.71,0.0,4332.71,0.0,6594.12,0.0,6594.12,0.0,1015.1599999999999,0.0,1015.1599999999999,0.0,1927.546,0.0,1927.546,,,,,,,,,7.700000000000001,21397.529999999995,0.0,21405.23,,,,,,,,,,,,0.0,,,,0.0,,,,,,,,,,,,,,,,0.0,7.700000000000001,21397.529999999995,0.0,21405.23,0.8000000000000003,2139.75,0.0,2140.54,6.899999999999999,19257.78,0.0,19264.68,,2849.7363659999996,,2849.7363659999996,,344.1000000000001,,344.1000000000001,,21968.210000000003,,21968.210000000003,,25162.05,,25162.05,,130.65914139636033,,130.61234341811024,0.0,5770.450000000002,0.0,5770.450000000002,6.899999999999999,1436.87,0.0,1443.77,,,,,,,,,,,,,,0.0,0.0,19264.68,0.0,0.0,,0.0,,0.0,,,,,,,,19264.68,0.0
503,TAMILNADU,VILLUPURAM,,0.0,1069.939825333957,0.0,1056.1411489148616,0.0,372363.73500000004,4865.0,377228.73500000004,1940.6949999999988,379169.43,0.0,42578.23,0.0,42578.23,,,,,0.0,8718.850000000002,0.0,8718.850000000002,0.0,26922.480000000003,0.0,26922.480000000003,0.0,6573.370000000001,0.0,6573.370000000001,0.0,13682.682000000003,0.0,13682.682000000003,,,,,,,,,0.0,98475.59999999998,0.0,98475.59999999998,,,,,,,,,,,,0.0,,,,0.0,,,,,,,,,,,,,,,,0.0,0.0,98475.59999999998,0.0,98475.59999999998,0.0,9847.560000000001,0.0,9847.560000000001,0.0,88628.04000000001,0.0,88628.04000000001,,3011.4940849999994,0.0,3011.4940849999994,,28.999999999999996,0.0,28.999999999999996,,88617.45000000001,0.0,88617.45000000001,,91657.98000000003,0.0,91657.98000000003,,103.41871488977984,0.0,103.41871488977984,0.0,3191.600000000001,0.0,3191.600000000001,0.0,7901.289999999999,0.0,7901.289999999999,,,,,,,,,,,,,,0.0,0.0,88628.04,0.0,0.0,,0.0,,0.0,,,,,,,,88628.04,0.0
504,TAMILNADU,VIRUDHUNAGAR,,0.0,868.2010892381329,0.0,868.2010892381329,0.0,400189.04,0.0,400189.04,32752.100000000002,432941.13999999996,0.0,21995.040000000005,0.0,21995.040000000005,5073.98,,0.0,5073.98,0.0,11880.349999999997,0.0,11880.349999999997,0.0,9740.410000000002,0.0,9740.410000000002,0.0,3131.6600000000003,0.0,3131.6600000000003,0.0,10272.927999999998,0.0,10272.927999999998,,,,,,,,,5073.98,57020.38000000002,0.0,62094.360000000015,,,,,,,,,,,,0.0,,,,0.0,,,,,,,,,,,,,,,,0.0,5073.98,57020.38000000002,0.0,62094.360000000015,507.40000000000003,5660.310000000001,0.0,6167.71,4566.580000000001,51360.07,0.0,55926.65,,1799.6559687999998,,1799.6559687999998,,2011.668,,2011.668,,31051.164000000004,,31051.164000000004,,34862.469999999994,,34862.469999999994,,67.8785484521341,,62.33605982121223,0.0,1924.0300000000004,0.0,1924.0300000000004,4566.580000000001,18417.69,0.0,22984.27,,,,,,,,,,,,,,0.0,0.0,55926.65,0.0,0.0,,0.0,,0.0,,,,,,,,55926.65,0.0
505,TELANGANA,Adilabad,,1215.1579210421949,1198.4554747698992,0.0,1199.269505897118,18407.300000000003,359277.2,0.0,377684.5,0.0,377684.5,1968.36839867803,23146.02516111065,,25114.39355978868,,,,,2250.2913744252114,0.0,,2250.2913744252114,365.90014837345376,2411.799484661176,,2777.6996330346296,25.13118539602776,111.95815004887216,,137.08933544489994,188.4287368675131,747.849066317215,,936.2778031847281,,,,,,,,,4798.125743381318,26417.60147015261,,31215.72721353393,,,,,,,,,,,,,,,,,,,,,,,,,,,,,,,,,4798.125743381318,26417.60147015261,,31215.72721353393,479.81127971139165,2641.755847771037,,3121.5671274824285,4318.314463669928,23775.84562238157,,28094.160086051503,254.36042758794025,4511.712405642804,,4766.072833230744,5.309676974696808,88.38252223681155,,93.69219921150837,999.5093865451138,10088.703295258116,,11088.212681803228,1259.1834242018058,14688.81106959313,,15947.994493794935,29.159141484376438,61.78039386227216,,56.76622630805386,254.3643606819956,4511.702427786542,,4766.066788468538,3059.131039468121,9087.034552788442,,12146.165592256562,,,,,,,,,,,,,,0.0,,28094.1600860515,,,,,,,,,,,,,,28094.1600860515,0.0
506,TELANGANA,Bhadradri Kothagudem,,1318.3366814516207,1122.3878368348755,0.0,1143.0379363847808,74889.71503859998,635738.9722482,0.0,710628.6872867999,0.0,710628.6872867999,8103.082804366213,62973.15975462506,0.0,71076.24255899127,61.789594718430585,0.0,,61.789594718430585,5797.041413302004,0.0,0.0,5797.041413302004,575.2591421740058,5660.357625302941,0.0,6235.616767476946,379.08299041188326,4313.759192968516,,4692.8421833804005,0.0,1083.3768223746038,,1083.3768223746038,,,,,,,,,14916.255944972538,74030.65344287053,0.0,88946.90938784307,,,,,,,,,,,,0.0,,,,0.0,,,,,,,,,,,,,,,,0.0,14916.255944972538,74030.65344287053,0.0,88946.90938784307,1491.633315994448,6719.357728910824,0.0,8210.991044905271,13424.62262897809,67311.29571395973,0.0,80735.9183429378,845.6968703267369,4917.520300563335,,5763.217170890072,13.342776969466183,2651.3715550128786,,2664.714331982345,1557.4423397789312,20166.042722473252,,21723.48506225218,2416.4819870751344,27734.922488007556,,30151.404475082683,18.000371808284356,41.2039646449052,,37.34571315211913,845.6968703267368,4917.530000580098,0.0,5763.226870906834,11008.140641902954,40388.60331367146,0.0,51396.74395557441,,,,,,,,,,,,,,0.0,0.0,80735.91834293782,0.0,0.0,,0.0,,0.0,,,,,,,,80735.91834293782,0.0
507,TELANGANA,Hanumakonda,,841.5981171870844,881.0962348910575,0.0,869.3137689127968,37598.0,88441.0,0.0,126039.0,0.0,126039.0,3329.2202892474256,8150.556314423916,,11479.77660367134,517.6640005656806,0.0,,517.6640005656806,2566.6424002882354,0.0,,2566.6424002882354,1257.463851531384,4259.171357718175,,5516.635209249561,371.3227515869786,677.2702659802717,,1048.5930175672504,10.450294053763013,100.0694176882437,,110.5197117420067,,,,,,,,,8052.775274017714,13187.06477436815,,21239.840048385868,,,,,,,,,,,,,,,,,,,,,,,,,,,,,,,,,8052.775274017714,13187.06477436815,,21239.840048385868,805.2816401637637,1291.7519101931252,,2097.0335503568886,7247.493633853951,11895.312864175023,,19142.806498028975,422.1012139604618,750.4973902729546,,1172.5986042334168,0.0,0.0,,0.0,3042.3288190475814,12800.626635477242,,15842.955454524827,3464.430033008043,13551.124025750196,,17015.55405875824,47.80176717679691,113.91986222205186,,88.88745785791772,422.1012139604619,750.4973902729547,,1172.5986042334168,3783.063600845907,622.5471432570291,,4405.610744102936,,,,,,,,,,,,,,0.0,,19142.806498028975,,,,,,,,,,,,,,19142.806498028975,0.0
508,TELANGANA,Hyderabad,,0.0,779.1187499999996,0.0,779.1187499999996,0.0,21782.0,0.0,21782.0,0.0,21782.0,,1725.4299999999998,,1725.4299999999998,,,,,,,,,,0.0,,0.0,,,,,,6.974000000000001,,6.974000000000001,,,,,,,,,,1732.41,,1732.41,,,,,,,,,,,,,,,,,,,,,,,,,,,,,,,,,,1732.41,,1732.41,,173.24000000000004,,173.24000000000004,,1559.17,,1559.17,,1750.5481536,,1750.5481536,,0.0,,0.0,,0.0,,0.0,,1750.55,,1750.55,,112.27447937043426,,112.27447937043426,,2018.36,,2018.36,,0.0,,0.0,,,,,,,,,,,,,,67559.02,,69118.19,,,,,,,,,,,,,,69118.19,0.0
509,TELANGANA,Jagtial,,950.6185642530189,972.0345377939414,0.0,955.788481565316,200687.37999999998,63863.94,0.0,264551.32,0.0,264551.32,15048.615897609332,5851.757737759153,,20900.373635368484,3667.9424434586317,0.0,,3667.9424434586317,12385.312186853964,0.0,,12385.312186853964,7536.096929137724,3482.3551974616335,,11018.452126599357,515.171865278944,214.2876531904079,,729.4595184693519,12.254077108901193,4.703938043490064,,16.958015152391255,,,,,,,,,39165.38939914375,9553.110526386587,,48718.499925530334,,,,,,,,,,,,,,,,,,,,,,,,,,,,,,,,,39165.38939914375,9553.110526386587,,48718.499925530334,3279.9396445509647,955.3310524434696,,4235.270696994434,35885.44975459279,8597.779473943114,,44483.22922853591,747.6506519410401,251.48614646320019,,999.1367984042404,0.0,0.0,,0.0,18003.656396890823,9241.678630421937,,27245.33502731277,18751.31904870983,9493.19279053604,,28244.51183924587,52.25326469904407,110.41447177502765,,63.494742466059705,747.6426518190052,251.47816098840823,,999.1208128074134,17134.13070588296,0.0,,17134.13070588296,,,,,,,,,,,,,,0.0,,44483.2292285359,,,,,,,,,,,,,,44483.2292285359,0.0
510,TELANGANA,Jangaon,,827.1722712096223,898.9862469284774,0.0,883.1786656889739,44979.82000000001,159363.883972,0.0,204343.70397200002,14.0,204357.70397200002,3651.9199999999996,14450.509845983215,0.0,18102.429845983217,165.06000000000003,0.0,,165.06000000000003,715.1999999999999,0.0,0.0,715.1999999999999,1189.9399999999998,5457.841982647006,0.0,6647.781982647005,327.97,875.4688486292583,,1203.4388486292585,29.557999999999993,41.81402278771535,,71.37202278771535,,,,,,,,,6079.67,20825.63362022463,0.0,26905.30362022463,,,,,,,,,,,,0.0,,,,0.0,,,,,,,,,,,,,,,,0.0,6079.67,20825.63362022463,0.0,26905.30362022463,607.97,2082.5536132943284,0.0,2690.5236132943282,5471.7,18743.0800069303,0.0,24214.7800069303,463.96799999999996,1757.5738130456054,,2221.541813045606,35.28,332.10911741162903,,367.3891174116291,2738.3845,15930.682224217806,,18669.06672421781,3237.62,18020.370589390834,,21257.990589390833,59.17027614818063,96.14412670024221,,87.78931951191285,463.97,1757.571956147004,0.0,2221.541956147004,2234.08,1313.1065485430763,0.0,3547.1865485430762,,,,,,,,,,,,,,0.0,0.0,24214.7800069303,0.0,0.0,,0.0,,0.0,,,,,,,,24214.7800069303,0.0
511,TELANGANA,Jayashankar Bhupalapally,,927.2538784318267,1097.2183485802855,0.0,1029.24895062794,87044.7168,130619.54999999999,0.0,217664.2668,0.0,217664.2668,7993.2998796870625,12477.658757700305,0.0,20470.958637387364,308.3897932851362,0.0,,308.3897932851362,2040.5842949584908,0.0,0.0,2040.5842949584908,3442.9110997253183,2173.0851405136555,0.0,5615.996240238975,1574.2269426229855,1163.6359954378001,,2737.862938060785,835.8681187443099,1267.9669186609904,,2103.8350374053,,,,,,,,,16195.29012915234,17082.334812153058,0.0,33277.6249413054,,,,,,,,,,,,0.0,,,,0.0,,,,,,,,,,,,,,,,0.0,16195.29012915234,17082.334812153058,0.0,33277.6249413054,1425.6950129281508,1664.4425006958622,0.0,3090.1375136240126,14769.595116224187,15417.892311457195,0.0,30187.487427681383,774.8634419742526,477.2481550171439,,1252.1115969913965,0.0,0.0,,0.0,8649.94772144755,5884.467838500006,,14534.415559947556,9424.817163389544,6361.6984085949025,,15786.515571984446,63.81229200410862,41.26179039314899,,52.2948973802586,774.8594419419944,477.2527772930446,0.0,1252.112219235039,5344.777952834643,9074.743902862292,0.0,14419.521855696934,,,,,,,,,,,,,,0.0,0.0,30187.487427681383,0.0,0.0,,0.0,,0.0,,,,,,,,30187.487427681383,0.0
512,TELANGANA,Jogulamba Gadwal,,473.01158185217054,479.32402848621075,0.0,475.24927080420326,168505.0,92536.0,0.0,261041.0,0.0,261041.0,6184.456132235051,4532.372292866935,,10716.828425101987,,,,,17757.312115907916,0.0,,17757.312115907916,3469.549411634919,1268.900837581872,,4738.450249216791,435.91765389424137,481.9633713835153,,917.8810252777567,902.0835772596897,707.1455780551398,,1609.2291553148295,,,,,,,,,28749.318890931823,6990.382079887463,,35739.700970819285,,,,,,,,,,,,,,,,,,,,,,,,,,,,,,,,,28749.318890931823,6990.382079887463,,35739.700970819285,2874.9471140692804,699.0430200614658,,3573.9901341307454,25874.371776862543,6291.339059825997,,32165.71083668854,360.23113392660144,121.23733873323357,,481.468472659835,80.74346988306245,17.64,,98.38346988306243,8828.216537912776,3910.4974971551965,,12738.714035067971,9269.18252923439,4049.37692985207,,13318.55945908646,35.82379742074783,64.36430927256473,,41.406078437710676,360.2205214385526,121.23443269687385,,481.4549541354265,16605.18924762815,2241.9621299739265,,18847.151377602077,,,,,,,,,,,,,,0.0,,32165.71083668854,,,,,,,,,,,,,,32165.71083668854,0.0
513,TELANGANA,Kamareddy,,1173.9536286399896,1028.64583058859,0.0,1041.5148816621552,30838.0,317361.8673168366,0.0,348199.8673168366,0.0,348199.8673168366,3053.699999999999,29615.168654322304,,32668.86865432231,15.259999999999998,0.0,,15.259999999999998,5168.599999999999,0.0,,5168.599999999999,1258.9699999999998,9104.07758641048,,10363.047586410477,289.74,1900.2113871017375,,2189.9513871017375,426.5519999999999,2018.575779476996,,2445.127779476996,,,,,,,,,10212.819999999998,42638.021407311506,,52850.84140731151,,,,,,,,,,,,,,,,,,,,,,,,,,,,,,,,,10212.819999999998,42638.021407311506,,52850.84140731151,904.26,4263.844140804368,,5168.104140804369,9308.56,38374.17726650715,,47682.737266507145,563.3999999999999,1487.5678086860098,,2050.96780868601,0.0,0.0,,0.0,2888.3049999999994,26168.030913061924,,29056.335913061925,3451.7299999999996,27655.61472182115,,31107.344721821148,37.08124564916593,72.0682935552051,,65.2381690001494,563.4100000000001,1487.5713087592271,,2050.981308759227,5856.83,10718.562544685996,,16575.392544685994,,,,,,,,,,,,,,0.0,,47682.737266507145,,,,,,,,,,,,,,47682.737266507145,0.0
514,TELANGANA,Karimnagar,,876.5810433760672,906.0673519050684,0.0,889.9368870731112,114062.9,94442.8,0.0,208505.7,0.0,208505.7,9769.746244690674,8673.435400919767,,18443.181645610443,455.1891168051708,0.0,,455.1891168051708,19653.722450138503,0.0,,19653.722450138503,5721.944756232687,4018.9857435458366,,9740.930499778524,4047.032729916898,3287.099315673254,,7334.132045590151,122.83968374884581,111.82278165975943,,234.66246540860521,,,,,,,,,39770.484981071095,16091.345270022939,,55861.830251094034,,,,,,,,,,,,,,,,,,,,,,,,,,,,,,,,,39770.484981071095,16091.345270022939,,55861.830251094034,3977.050498153278,1609.126513603481,,5586.1770117567585,35793.434482917815,14482.21875641946,,50275.653239337276,806.8283534626038,840.3263186942723,,1647.154672156876,8.99983379501385,82.78011842251095,,91.7799522175248,13365.458459833795,11142.77371575509,,24508.232175588884,14181.304646814404,12065.880152683923,,26247.18479949833,39.61984886804405,83.31513530919109,,52.206551498294,806.8163536472758,840.3263188195722,,1647.1426724668481,21612.12983610342,2501.7196787796042,,24113.849514883026,,,,,,,,,,,,,,0.0,,50275.65323933728,,,,,,,,,,,,,,50275.65323933728,0.0
515,TELANGANA,Khammam,,1027.614817356739,1051.1400500395332,0.0,1037.8972018892243,241019.52480000004,187139.1566,0.0,428158.6814,0.0,428158.6814,21062.022096967215,17609.890907617002,,38671.913004584225,549.2175824644023,0.0,,549.2175824644023,57158.429626955345,0.0,,57158.429626955345,7702.8011772003465,6669.789909491062,,14372.59108669141,1608.9844836880482,1087.6907081978075,,2696.6751918858545,328.44719564068674,2958.8334132985356,,3287.2806089392225,,,,,,,,,88409.89704392542,28326.20693928934,,116736.10398321474,,,,,,,,,,,,,,,,,,,,,,,,,,,,,,,,,88409.89704392542,28326.20693928934,,116736.10398321474,8841.010264104627,2809.2836927580934,,11650.29395686272,79568.88677982075,25516.923246531253,,105085.81002635203,2125.7171669920544,1642.9536630502284,,3768.6708300422824,28.80000709551558,10.799992941202808,,39.600000036718384,18708.02146278636,19072.433663933283,,37780.455126719644,20862.543661950003,20726.158319989736,,41588.70198193975,26.219474101327876,81.22514662032081,,39.575944622314545,2125.7021899921574,1642.9656629699052,,3768.667852962062,58706.343117870754,5388.457122508761,,64094.80024037952,,,,,,,,,,,,,,0.0,,105085.810026352,,,,,,,,,,,,,,105085.810026352,0.0
516,TELANGANA,Komarambheem Asifabad,,0.0,1061.7833676088394,0.0,1061.7833676088394,0.0,383114.7561781376,0.0,383114.7561781376,0.0,383114.7561781376,0.0,36391.167415387885,0.0,36391.167415387885,,,,,,,,,0.0,1669.1259332066725,0.0,1669.1259332066725,,396.58807430387577,,396.58807430387577,,158.4988824737509,,158.4988824737509,,,,,,,,,0.0,38615.36833746334,0.0,38615.36833746334,,,,,,,,,,,,0.0,,,,0.0,,,,,,,,,,,,,,,,0.0,0.0,38615.36833746334,0.0,38615.36833746334,0.0,3086.6999012758506,0.0,3086.6999012758506,0.0,35528.668436187494,0.0,35528.668436187494,,2066.996762139783,,2066.996762139783,,0.0,,0.0,,6487.088072858232,,6487.088072858232,,8554.050771195605,,8554.050771195605,,24.07647442954246,,24.07647442954246,0.0,2067.012809735089,0.0,2067.012809735089,0.0,26974.617664991893,0.0,26974.617664991893,,,,,,,,,,,,,,0.0,0.0,35528.668436187494,0.0,0.0,,0.0,,0.0,,,,,,,,35528.668436187494,0.0
517,TELANGANA,Mahabubabad,,1007.3387110587811,1095.0384474171387,0.0,1054.9400359832898,155873.66657830836,185039.57599939295,0.0,340913.24257770134,0.0,340913.24257770134,16069.318561382232,13592.97864940467,,29662.297210786906,394.15336808389975,0.0,,394.15336808389975,7646.975071139723,0.0,,7646.975071139723,6147.517568649744,2849.9440063493444,,8997.461574999088,1356.6651155866607,518.6336944962511,,1875.2988100829116,2676.2442071897517,619.7385101130631,,3295.982717302815,,,,,,,,,34290.86794737064,17581.271300283483,,51872.13924765414,,,,,,,,,,,,,,,,,,,,,,,,,,,,,,,,,34290.86794737064,17581.271300283483,,51872.13924765414,3429.113835832525,1758.1627289689795,,5187.276564801505,30861.754111538132,15823.108571314502,,46684.86268285263,539.8138796215718,963.5943007787442,,1503.408180400316,1052.2783791292477,0.0,,1052.2783791292477,16864.364268307574,8238.49847217563,,25102.862740483197,18456.436600462966,9202.131663431706,,27658.56826389467,59.80358904344568,58.15628213607865,,59.245259971716,539.8145921124333,963.590823873903,,1503.405415986336,12405.317511075162,6628.926645410267,,19034.24415648543,,,,,,,,,,,,,,0.0,,46684.86268285263,,,,,,,,,,,,,,46684.86268285263,0.0
518,TELANGANA,Mahabubnagar,,0.0,598.3116193138567,0.0,598.3116193138567,0.0,248905.29059637975,0.0,248905.29059637975,0.0,248905.29059637975,,14609.692638025088,,14609.692638025088,,,,,,,,,,5992.514215672823,,5992.514215672823,,3271.96002837943,,3271.96002837943,,1761.8292083697534,,1761.8292083697534,,,,,,,,,,25636.025723667895,,25636.025723667895,,,,,,,,,,,,,,,,,,,,,,,,,,,,,,,,,,25636.025723667895,,25636.025723667895,,2410.444646931689,,2410.444646931689,,23225.58107673621,,23225.58107673621,,850.531643045534,,850.531643045534,,32.00494648601332,,32.00494648601332,,17743.81322694931,,17743.81322694931,,18626.342175317543,,18626.342175317543,,80.19752924061189,,80.19752924061189,,850.5379593456128,,850.5379593456128,,4682.828901418666,,4682.828901418666,,,,,,,,,,,,,,0.0,,23225.58107673621,,,,,,,,,,,,,,23225.58107673621,0.0
519,TELANGANA,Mancherial,,1111.3507643831547,1177.8907084000887,0.0,1164.5538858939,100607.136,401341.0,0.0,501948.136,0.0,501948.136,10475.473533306274,42854.68807448723,,53330.16160779351,3059.0350395428886,0.0,,3059.0350395428886,18448.076117518238,0.0,,18448.076117518238,2385.8380540367434,6648.988198976074,,9034.82625301282,273.3885352073288,7759.497946308055,,8032.886481515384,3.0738270000141927,1111.2981547970182,,1114.3719817970325,,,,,,,,,34644.88294393924,58374.44590004866,,93019.32884398791,,,,,,,,,,,,,,,,,,,,,,,,,,,,,,,,,34644.88294393924,58374.44590004866,,93019.32884398791,3464.4794238657637,4044.5076599439544,,7508.987083809718,31180.403520073487,54329.93824010471,,85510.3417601782,531.1331002000877,5986.303305328539,,6517.436405528627,64.62305766623548,84.12685238716061,,148.74991005339612,5377.132948197045,15164.192129679148,,20541.32507787619,5972.889106063369,21234.630287394848,,27207.519393458217,19.15590701774629,39.08458388734204,,31.817811545841163,531.1331002000877,5986.303305328539,,6517.436405528627,25207.51441401011,33095.307952709874,,58302.822366719985,,,,,,,,,,,,,,0.0,,85510.3417601782,,,,,,,,,,,,,,85510.3417601782,0.0
520,TELANGANA,Medak,,931.3877008736239,870.3917156908587,0.0,874.5619975105942,17414.245,237292.52924300003,0.0,254706.774243,0.0,254706.774243,1645.087822434197,20429.275089657367,,22074.362912091558,3.4595237999594333,0.0,,3.4595237999594333,2097.970915039733,0.0,,2097.970915039733,685.7831100681433,5989.665600321585,,6675.448710389729,415.61808684546634,5835.965290774216,,6251.583377619681,209.77920014470064,6747.642985090348,,6957.422185235048,,,,,,,,,5057.698656637044,39002.52896566715,,44060.22762230419,,,,,,,,,,,,,,,,,,,,,,,,,,,,,,,,,5057.698656637044,39002.52896566715,,44060.22762230419,505.78286437119806,3837.252757826085,,4343.035622197283,4551.915792265846,35165.276207841074,,39717.192000106916,48.508210068715165,777.1886969821976,,825.6969070509128,1.7199372549019607,139.43851511377875,,141.15845236868068,2031.6703948801623,23583.242144442625,,25614.912539322788,2081.8985422037795,24499.869356538595,,26581.767898742375,45.73675430773852,69.67062966243861,,66.92761134440426,48.508210068715165,777.1886969821976,,825.6969070509128,2470.017250062067,10665.40685130247,,13135.424101364537,,,,,,,,,,,,,,0.0,,39717.19200010692,,,,,,,,,,,,,,39717.19200010692,0.0
521,TELANGANA,Medchal Malkajgiri,,0.0,727.0077697071296,0.0,727.0077697071296,0.0,103747.27599999998,0.0,103747.27599999998,0.0,103747.27599999998,,7695.157208905546,,7695.157208905546,,,,,,,,,,1164.779485181324,,1164.779485181324,,397.40832415622964,,397.40832415622964,,635.5699377118667,,635.5699377118667,,,,,,,,,,9892.91495595497,,9892.91495595497,,,,,,,,,,,,,,,,,,,,,,,,,,,,,,,,,,9892.91495595497,,9892.91495595497,,989.2836172556771,,989.2836172556771,,8903.631338699292,,8903.631338699292,,1067.1202130637785,,1067.1202130637785,,1505.5986049218207,,1505.5986049218207,,3438.7758798435107,,3438.7758798435107,,6011.518695347514,,6011.518695347514,,67.5176056449988,,67.5176056449988,,1067.1158344183689,,1067.1158344183689,,2892.112643351776,,2892.112643351776,,,,,,,,,,,,,,0.0,,8903.631338699292,,,,,,,,,,,,,,8903.631338699292,0.0
522,TELANGANA,Mulug,,1212.3803370122894,1264.6777850765882,0.0,1253.0357801645016,53444.60006800001,186635.71405999997,0.0,240080.314128,0.0,240080.314128,6229.209147806377,19344.975272252665,,25574.184420059042,106.11432401524071,0.0,,106.11432401524071,5625.198175483772,0.0,,5625.198175483772,1849.8550912953388,3887.1327463281086,,5736.9878376234465,519.39981099478,829.9814921010047,,1349.381303095785,455.68838120539993,1128.6095301818718,,1584.2979113872718,,,,,,,,,14785.486930488434,25190.7231226573,,39976.21005314573,,,,,,,,,,,,,,,,,,,,,,,,,,,,,,,,,14785.486930488434,25190.7231226573,,39976.21005314573,1478.546693219342,2519.090266765159,,3997.636959984501,13306.940237269093,22671.632855892138,,35978.57309316123,45.580119444241916,152.52035863659387,,198.1004780808358,0.0,37.56736494757074,,37.56736494757074,4223.490220645614,11584.293708666351,,15807.783929311965,4269.05933931532,11774.384646478968,,16043.443985794285,32.08144970365806,51.9344359593355,,44.59166277732067,45.57411934473069,152.51435819896395,,198.08847754369464,9037.880897953773,10897.24820941317,,19935.12910736694,,,,,,,,,,,,,,0.0,,35978.573093161234,,,,,,,,,,,,,,35978.573093161234,0.0
523,TELANGANA,Nagarkurnool,,0.0,655.1393082634694,0.0,655.1393082634694,0.0,525784.0,0.0,525784.0,0.0,525784.0,,34120.92736347999,,34120.92736347999,,,,,,,,,,6739.9379813959295,,6739.9379813959295,,7133.852538212734,,7133.852538212734,,135.96364517609058,,135.96364517609058,,,,,,,,,,48130.66221572187,,48130.66221572187,,,,,,,,,,,,,,,,,,,,,,,,,,,,,,,,,,48130.66221572187,,48130.66221572187,,4813.0938883336075,,4813.0938883336075,,43317.56832738827,,43317.56832738827,,5003.1980277064395,,5003.1980277064395,,127.11676240847021,,127.11676240847021,,24731.662670568414,,24731.662670568414,,29862.003959811933,,29862.003959811933,,68.93739679503472,,68.93739679503472,,5003.194144897162,,5003.194144897162,,13474.853746644305,,13474.853746644305,,,,,,,,,,,,,,0.0,,43317.56832738827,,,,,,,,,,,,,,43317.56832738827,0.0
524,TELANGANA,Nalgonda,,720.1585289076983,691.053901377235,0.0,705.2620475897278,343092.0,359713.6102,0.0,702805.6102,0.0,702805.6102,22239.8784334621,22676.218536028126,,44916.09696949022,2070.6103303583322,0.0,,2070.6103303583322,52705.881124283995,0.0,,52705.881124283995,10094.796258159055,7094.316284710019,,17189.11254286907,625.114269348608,615.8314209138841,,1240.945690262492,1489.285133075796,3073.717472759226,,4563.002605835022,,,,,,,,,89225.59170107899,33460.079714411244,,122685.67141549023,,,,,,,,,,,,,,,,,,,,,,,,,,,,,,,,,89225.59170107899,33460.079714411244,,122685.67141549023,8894.079170107898,3289.4809050966605,,12183.56007520456,80331.51253097109,30170.598809314582,,110502.11134028567,3519.5000956440654,2023.2056084358521,,5542.705704079918,1345.3884800852538,1250.7711089630932,,2596.159589048347,26285.716016384707,21258.97573374341,,47544.69175012811,31150.58004928733,24532.952530755712,,55683.53258004305,38.77753457869663,81.31410545017636,,50.391374340865234,3519.5097908618623,2023.2135553602811,,5542.723346222142,49390.62248168375,5813.796278558875,,55204.418760242625,,,,,,,,,,,,,,0.0,,110502.11134028567,,,,,,,,,,,,,,110502.11134028567,0.0
525,TELANGANA,Narayanpet,,509.02729372150975,533.4445955192286,0.0,525.6859332150617,74243.26467017402,159407.86342776203,0.0,233651.12809793602,0.0,233651.12809793602,3354.6630427947216,8648.503392189607,,12003.166434984332,12.357936488226894,0.0,,12.357936488226894,10033.4019009744,0.0,,10033.4019009744,1574.1697079813143,2971.200084102469,,4545.369792083784,446.5323255551895,1458.885110241227,,1905.4174357964164,146.20177034095158,875.5779941831717,,1021.7797645241233,,,,,,,,,15567.318628778152,13954.176580716474,,29521.49520949463,,,,,,,,,,,,,,,,,,,,,,,,,,,,,,,,,15567.318628778152,13954.176580716474,,29521.49520949463,1556.730802894137,1395.437269927508,,2952.1680728216447,14010.587825884013,12558.739310788966,,26569.327136672986,0.0,58.17627412936672,,58.17627412936672,117.87377021698305,261.15751889999297,,379.0312891169761,3932.1629351897027,8265.77655646656,,12197.939491656261,4050.0367054066846,8585.115124055033,,12635.151829461716,28.906972039562824,68.35968891144775,,47.555407649077154,0.0,58.17027403535801,,58.17027403535801,9960.551120477328,3973.6241867339354,,13934.175307211264,,,,,,,,,,,,,,0.0,,26569.327136672975,,,,,,,,,,,,,,26569.327136672975,0.0
526,TELANGANA,Nirmal,,1064.0795374349536,1082.754640060134,0.0,1079.217633129003,61826.202,264611.006,0.0,326437.208,0.0,326437.208,5453.877538708723,25311.295133571504,,30765.17267228023,917.7497674199143,0.0,,917.7497674199143,9847.56620898002,0.0,,9847.56620898002,1832.6551837850716,3956.6896494904913,,5789.344833275562,489.8893640427898,1696.2794671308486,,2186.1688311736384,313.0181725696372,2034.727359200967,,2347.7455317706044,,,,,,,,,18854.77023528296,32999.00358206383,,51853.77381734678,,,,,,,,,,,,,,,,,,,,,,,,,,,,,,,,,18854.77023528296,32999.00358206383,,51853.77381734678,1885.472022885552,3201.7824946164787,,5087.25451750203,16969.2982123974,29797.22108744735,,46766.51929984475,431.35397091443826,1409.5069644469072,,1840.8609353613458,0.0,0.0,,0.0,4511.373853348433,14074.816030391108,,18586.189883739542,4942.753323527586,15484.346416907896,,20427.09974043549,29.127623674599096,51.965739930798364,,43.67889688233287,431.3519702971365,1409.4929929076125,,1840.8449632047486,12026.54488886982,14312.87467053945,,26339.419559409267,,,,,,,,,,,,,,0.0,,46766.519299844746,,,,,,,,,,,,,,46766.519299844746,0.0
527,TELANGANA,Nizamabad,,1044.7888625676217,1026.703844441388,0.0,1036.6654267371905,225205.29999999996,183649.62,0.0,408854.92000000004,0.0,408854.92000000004,24453.158550820674,18834.789772570715,,43287.94832339139,657.1977191457365,0.0,,657.1977191457365,11417.992491618203,0.0,,11417.992491618203,11761.3180880031,7586.07523346201,,19347.39332146511,3215.0235431939673,1730.078092167109,,4945.101635361077,1144.231590265016,999.6921657506014,,2143.923756015618,,,,,,,,,52648.92857567726,29150.63326395359,,81799.56183963089,,,,,,,,,,,,,,,,,,,,,,,,,,,,,,,,,52648.92857567726,29150.63326395359,,81799.56183963089,5264.890691610855,2915.0744860698373,,8179.965177680694,47384.037884066405,26235.558777883754,,73619.59666195017,1277.9353360189027,666.6052882453932,,1944.5406242642962,159.68554202919825,34.83482231730788,,194.52036434650608,31128.84922613693,20600.493864099288,,51729.34309023621,32566.47982540106,21301.93220091708,,53868.412026318154,68.72879830351484,81.19488660891164,,73.17129469436459,1277.9353360189027,666.6052882453935,,1944.5406242642962,14959.428058665339,5733.092837194981,,20692.520895860318,,,,,,,,,,,,,,0.0,,73619.59666195016,,,,,,,,,,,,,,73619.59666195016,0.0
528,TELANGANA,Peddapalle,,956.520116351701,995.135328442837,0.0,972.28918872159,116116.91,80147.28,0.0,196264.19,0.0,196264.19,10289.253274122335,7110.642751423463,,17399.896025545793,1252.460639051257,0.0,,1252.460639051257,18616.01657432564,0.0,,18616.01657432564,5316.8872913287705,2691.9730865324386,,8008.86037786121,635.4858118274104,395.9039192965016,,1031.389731123912,671.7613627231391,1382.6378987035118,,2054.399261426651,,,,,,,,,36781.878951902036,11581.1496562217,,48363.02860812373,,,,,,,,,,,,0.0,,,,0.0,,,,,,,,,,,,,,,,0.0,36781.878951902036,11581.1496562217,,48363.02860812373,2939.121934726285,963.2734765760505,,3902.395411302335,33842.75701717574,10617.876179645651,,44460.633196821385,1284.142916792534,277.62295524787606,,1561.7658720404102,0.0,0.0,,0.0,12196.413875961003,6263.7215385796,,18460.135414540608,13480.546793877078,6541.347491957196,,20021.894285834274,39.83288591717125,61.606929495908844,,45.032859062532864,1284.1429165632503,277.6309557342334,,1561.7738722974839,20362.21022329866,4079.8986876884514,0.0,24442.108910987114,,,,,,,,,,,,,,0.0,,44460.6331968214,,,,,,,,,,,,,,44460.6331968214,0.0
529,TELANGANA,Rajanna Siricilla,,0.0,925.2029400678898,0.0,925.2029400678898,0.0,173139.23,0.0,173139.23,0.0,173139.23,,16505.557892400808,,16505.557892400808,,,,,,,,,,5913.011480383907,,5913.011480383907,,3504.6281932418497,,3504.6281932418497,,421.49075964592566,,421.49075964592566,,,,,,,,,,26344.674325948432,,26344.674325948432,,,,,,,,,,,,,,,,,,,,,,,,,,,,,,,,,,26344.674325948432,,26344.674325948432,,2634.4904323974724,,2634.4904323974724,,23710.18389355096,,23710.18389355096,,569.6965895284692,,569.6965895284692,,135.53935497771897,,135.53935497771897,,25854.462131919503,,25854.462131919503,,26559.695576525053,,26559.695576525053,,112.01809187042682,,112.01809187042682,,569.706589342899,,569.706589342899,,2300.628317025907,,2300.628317025907,,,,,,,,,,,,,,0.0,,23710.18389355096,,,,,,,,,,,,,,23710.18389355096,0.0
530,TELANGANA,Rangareddy,,0.0,720.8992283973392,0.0,720.8992283973392,0.0,480663.5876163496,0.0,480663.5876163496,0.0,480663.5876163496,,32257.587095936113,,32257.587095936113,,,,,,,,,,5864.0022517287125,,5864.0022517287125,,711.6542828958409,,711.6542828958409,,3505.8805851423645,,3505.8805851423645,,,,,,,,,,42339.12441290002,,42339.12441290002,,,,,,,,,,,,,,,,,,,,,,,,,,,,,,,,,,42339.12441290002,,42339.12441290002,,4233.972530175284,,4233.972530175284,,38105.151882724735,,38105.151882724735,,4936.099223246545,,4936.099223246545,,1701.8390666715195,,1701.8390666715195,,24129.711514893595,,24129.711514893595,,30767.66915965792,,30767.66915965792,,80.74411894315709,,80.74411894315709,,4936.100651051271,,4936.100651051271,,7459.982091266778,,7459.982091266778,,,,,,,,,,,,,,0.0,,38105.151882724735,,,,,,,,,,,,,,38105.151882724735,0.0
531,TELANGANA,Sangareddy,,681.759999999999,773.3356460127028,0.0,772.2212068813728,4977.0,403992.8372859999,0.0,408969.8372859999,0.0,408969.8372859999,218.95639252075853,26511.703189512333,,26730.65958203309,50.929160901910095,0.0,,50.929160901910095,801.408434819487,0.0,,801.408434819487,85.26859513265018,4323.1128109874135,,4408.381406120064,0.0,1407.711530828245,,1407.711530828245,179.99703440690786,2912.5426336931564,,3092.5396681000643,,,,,,,,,1336.5579791532493,35155.04793347644,,36491.60591262969,,,,,,,,,,,,,,,,,,,,,,,,,,,,,,,,,1336.5579791532493,35155.04793347644,,36491.60591262969,133.6577978823739,3442.0838354999437,,3575.7416333823176,1202.9001812708755,31712.964097976495,,32915.86427924738,18.647692764555654,2152.55601607269,,2171.2037088372454,0.0,301.2067932682884,,301.2067932682884,244.07597865576696,20166.86437795865,,20410.940356614414,262.7256713873717,22620.645279100823,,22883.37095048819,21.841020184218404,71.32933146587888,,69.52079628337628,18.649692731604617,2152.548637951252,,2171.1983306828565,940.1745098835039,9404.08294031023,,10344.257450193734,,,,,,,,,,,,,,0.0,,32915.86427924737,,,,,,,,,,,,,,32915.86427924737,0.0
532,TELANGANA,Siddipet,,0.0,759.5971312568039,0.0,759.5971312568039,0.0,339370.13198630005,0.0,339370.13198630005,0.0,339370.13198630005,,27254.222292739025,,27254.222292739025,,,,,,,,,,10702.579137028268,,10702.579137028268,,5200.621393274263,,5200.621393274263,,10502.210818668906,,10502.210818668906,,,,,,,,,,53659.64945273214,,53659.64945273214,,,,,,,,,,,,,,,,,,,,,,,,,,,,,,,,,,53659.64945273214,,53659.64945273214,,5365.989154957708,,5365.989154957708,,48293.66029777443,,48293.66029777443,,969.280187757503,,969.280187757503,,247.81835093918767,,247.81835093918767,,36649.84263517273,,36649.84263517273,,37866.96444757906,,37866.96444757906,,78.40980413183576,,78.40980413183576,,969.278187719196,,969.278187719196,,10448.433220479328,,10448.433220479328,,,,,,,,,,,,,,0.0,,48293.66029777443,,,,,,,,,,,,,,48293.66029777443,0.0
533,TELANGANA,Suryapet,,761.0474251316695,781.5584286927576,0.0,771.0222260817737,185312.0,175438.0,0.0,360750.0,0.0,360750.0,12306.468367417283,14105.278850820689,,26411.74721823796,13613.424915561161,0.0,,13613.424915561161,73166.60603655514,0.0,,73166.60603655514,4529.428909097055,8037.459176537709,,12566.888085634766,1771.317963480735,2665.0257873274873,,4436.3437508082225,17.52984231468307,3994.844967523291,,4012.3748098379738,,,,,,,,,105404.76819109617,28802.603182397517,,134207.37137349366,,,,,,,,,,,,,,,,,,,,,,,,,,,,,,,,,105404.76819109617,28802.603182397517,,134207.37137349366,10540.471623491589,2880.2809782270415,,13420.75260171863,94864.29656760459,25922.32220417047,,120786.61877177507,1275.2230751106663,1287.642626321557,,2562.8657014322234,38.16178690638522,0.0,,38.16178690638522,11609.552734006473,19721.84112736894,,31331.393861375414,12922.922089202066,21009.51807075178,,33932.44015995385,13.622535091474175,81.04797828402774,,28.09288024203145,1275.2189613143562,1287.6364083384603,,2562.8553696528165,81941.37447840252,4971.854133418691,,86913.2286118212,,,,,,,,,,,,,,0.0,,120786.61877177506,,,,,,,,,,,,,,120786.61877177506,0.0
534,TELANGANA,Vikarabad,,0.0,811.3629998372423,0.0,811.3629998372423,0.0,358355.07500000007,0.0,358355.07500000007,0.0,358355.07500000007,,24560.690794280446,,24560.690794280446,,,,,,,,,,5180.989564453935,,5180.989564453935,,1920.530559205698,,1920.530559205698,,494.953532591819,,494.953532591819,,,,,,,,,,32157.17845198007,,32157.17845198007,,,,,,,,,,,,,,,,,,,,,,,,,,,,,,,,,,32157.17845198007,,32157.17845198007,,3044.3566031009277,,3044.3566031009277,,29112.82184887913,,29112.82184887913,,2768.1249120388475,,2768.1249120388475,,33.646555791591666,,33.646555791591666,,16581.643682674836,,16581.643682674836,,19383.43316006217,,19383.43316006217,,66.58039973135908,,66.58039973135908,,2768.116919985035,,2768.116919985035,,9729.38868881697,,9729.38868881697,,,,,,,,,,,,,,0.0,,29112.82184887913,,,,,,,,,,,,,,29112.82184887913,0.0
535,TELANGANA,Wanaparthy,,886.0305107705037,1007.5882216339248,0.0,983.501287519607,41569.55,168216.35781376518,0.0,209785.9078137652,0.0,209785.9078137652,3432.1648524381617,15855.712765566881,,19287.87761800504,183.73888100915337,0.0,,183.73888100915337,1996.7963068523502,0.0,,1996.7963068523502,723.267306467083,3462.1037963996023,,4185.371102866685,993.4983096197282,4261.33452965712,,5254.832839276848,57.151540913396744,538.6635444511197,,595.8150853645163,,,,,,,,,7386.6075191527325,24117.819065617412,,31504.426584770146,,,,,,,,,,,,,,,,,,,,,,,,,,,,,,,,,7386.6075191527325,24117.819065617412,,31504.426584770146,683.1255864876671,2411.767554732519,,3094.8931412201855,6703.481932665065,21706.051510884892,,28409.53344354996,192.58161495791438,1113.7486761305058,,1306.3302910884202,0.0,0.0,,0.0,1699.705943047015,10254.30082574271,,11954.006768789724,1892.2827580103453,11368.038897898523,,13260.321655908872,28.228356203804093,52.37267078352696,,46.675605152957786,192.58161495791444,1113.7464400401288,,1306.3280549980432,4811.199174654719,10338.30368283776,,15149.50285749248,,,,,,,,,,,,,,0.0,,28409.533443549957,,,,,,,,,,,,,,28409.533443549957,0.0
536,TELANGANA,Warangal,,1017.109733124978,865.0999999999999,0.0,1011.2342378346635,202000.8923767984,8121.6784607448,0.0,210122.57083754323,169.3289589316,210291.89979647484,20683.521945750916,724.2813255235246,0.0,21407.803271274443,1702.8253893878777,0.0,,1702.8253893878777,18510.492585744763,0.0,0.0,18510.492585744763,7155.45314233205,417.72346222501017,0.0,7573.176604557059,4665.767949324729,109.54566306015673,,4775.313612384885,2594.246106831597,63.457487702396584,,2657.7035945339935,,,,,,,,,55312.30950578133,1315.0079385110878,0.0,56627.31744429242,,,,,,,,,,,,0.0,,,,0.0,,,,,,,,,,,,,,,,0.0,55312.30950578133,1315.0079385110878,0.0,56627.31744429242,5408.068970183649,131.4947940886409,0.0,5539.56376427229,49904.24053559769,1183.513144422447,0.0,51087.75368002014,341.06823358926147,7.9916836072731385,,349.05991719653457,1347.7547533547975,28.79885984602933,,1376.5536132008267,18577.045429915786,1148.8370172588818,,19725.88244717467,20265.865909703112,1185.6230608903334,,21451.488970593447,40.609506711653225,100.17827571056812,,41.989493421361544,497.54983842479953,7.9896836864504985,0.0,505.53952211125,29481.8732925766,0.0,0.0,29481.8732925766,,,,,,,,,,,,,,0.0,0.0,51087.753680020134,0.0,0.0,,0.0,,0.0,,,,,,,,51087.753680020134,0.0
537,TELANGANA,Yadadri Bhuvanagiri,,693.1803648493194,732.833572960081,0.0,727.6755034845473,44253.1911100976,295947.92579565116,0.0,340201.1169057488,0.0,340201.1169057488,2549.594946173128,21199.24319534559,,23748.83814151871,3422.4827355961115,0.0,,3422.4827355961115,7832.757357111402,0.0,,7832.757357111402,1052.6591348236616,7999.292782900613,,9051.951917724275,650.3827320574089,2094.284637174712,,2744.667369232121,145.87984071708456,3823.4477782778554,,3969.32761899494,,,,,,,,,15653.746722957481,35116.28990066377,,50770.03662362124,,,,,,,,,,,,,,,,,,,,,,,,,,,,,,,,,15653.746722957481,35116.28990066377,,50770.03662362124,1479.8810816441385,3511.611369912705,,4991.492451556843,14173.865641313343,31604.678530751065,,45778.54417206441,226.07542919658778,2569.744044108779,,2795.8194733053665,240.6586654030628,783.4620952153343,,1024.120760618397,2448.139352816253,23228.777871945436,,25676.917224761688,2914.868499676326,26581.995845382644,,29496.86434505897,20.565091933566794,84.10778745785565,,64.43381911445523,226.07549110888638,2569.737460261394,,2795.81295137028,11258.99714163702,5092.385203663524,,16351.382345300546,,,,,,,,,,,,,,0.0,,45778.5441720644,,,,,,,,,,,,,,45778.5441720644,0.0
538,TRIPURA,DHALAI,,0.0,2415.237378929307,0.0,2415.237378929307,0.0,99581.0,0.0,99581.0,131908.0,231489.0,0.0,20088.440000000002,0.0,20088.440000000002,0.0,,0.0,0.0,0.0,2581.84,0.0,2581.84,0.0,17.049999999999997,0.0,17.049999999999997,0.0,942.8599999999999,0.0,942.8599999999999,,,,,,,,,,,,,0.0,23630.19,0.0,23630.19,,,,,,,,,,,,0.0,,,,0.0,0.0,0.0,0.0,0.0,0.0,3170.74,0.0,3170.74,0.0,0.0,0.0,0.0,0.0,-3170.74,0.0,-3170.74,0.0,20459.449999999997,0.0,20459.449999999997,0.0,2363.0099999999998,0.0,2363.0099999999998,0.0,18096.440000000002,0.0,18096.440000000002,,890.9767530000001,,890.9767530000001,,2.9007,,2.9007,,40.8,,40.8,,934.66,,934.66,,5.164883258806704,,5.164883258806704,,1011.7700000000001,0.0,1011.7700000000001,0.0,17041.0,0.0,17041.0,,,,,,,9467.12,0.0,0.0,,,,,207165.91,0.0,225262.35,0.0,0.0,,0.0,,0.0,,,,,,,,225262.35,0.0
539,TRIPURA,GOMATI,,0.0,2174.468599840777,0.0,2174.468599840777,0.0,109828.0,0.0,109828.0,51877.0,161705.0,0.0,20059.5,0.0,20059.5,0.0,,0.0,0.0,0.0,4164.16,0.0,4164.16,0.0,35.10999999999999,0.0,35.10999999999999,0.0,471.5,0.0,471.5,,,,,,,,,,,,,0.0,24730.269999999997,0.0,24730.269999999997,,,,,,,,,,,,0.0,,,,0.0,0.0,0.0,0.0,0.0,0.0,836.6200000000001,0.0,836.6200000000001,0.0,0.0,0.0,0.0,0.0,-836.62,0.0,-836.62,0.0,23893.649999999998,0.0,23893.649999999998,0.0,2241.7599999999998,0.0,2241.7599999999998,0.0,21651.89,0.0,21651.89,,859.626027,,859.626027,,0.11879999999999999,,0.11879999999999999,,84.0,,84.0,,943.7600000000001,,943.7600000000001,,4.358788078084639,,4.358788078084639,,934.7099999999999,0.0,934.7099999999999,0.0,20633.049999999996,0.0,20633.049999999996,,,,,,,5327.740000000001,0.0,0.0,,,,,231230.84999999998,0.0,252882.74,0.0,0.0,,0.0,,0.0,,,,,,,,252882.74,0.0
540,TRIPURA,KHOWAI,,0.0,2119.65210052343,0.0,2119.6521005234295,0.0,49560.0,0.0,49560.0,51685.0,101245.0,0.0,9477.18,0.0,9477.18,0.0,,0.0,0.0,0.0,2693.28,0.0,2693.28,0.0,128.17,0.0,128.17,0.0,222.59999999999997,0.0,222.59999999999997,,,,,,,,,,,,,0.0,12521.230000000001,0.0,12521.230000000001,,,,,,,,,,,,0.0,,,,0.0,0.0,0.0,0.0,0.0,0.0,148.73999999999998,0.0,148.73999999999998,0.0,0.0,0.0,0.0,0.0,-148.74,0.0,-148.74,0.0,12372.490000000002,0.0,12372.490000000002,0.0,940.6800000000001,0.0,940.6800000000001,0.0,11431.81,0.0,11431.81,,631.878948,,631.878948,,2.376,,2.376,,306.59999999999997,,306.59999999999997,,940.8599999999999,,940.8599999999999,,8.230192769124049,,8.230192769124049,,679.23,0.0,679.23,0.0,10443.59,0.0,10443.59,,,,,,,628.14,0.0,0.0,,,,,101698.57,0.0,113130.38,0.0,0.0,,0.0,,0.0,,,,,,,,113130.38,0.0
541,TRIPURA,NORTH TRIPURA,,0.0,2490.9001339258884,0.0,2490.9001339258884,0.0,54382.0,0.0,54382.0,81410.0,135792.0,0.0,11384.369999999999,0.0,11384.369999999999,0.0,,0.0,0.0,0.0,2251.87,0.0,2251.87,0.0,13.53,0.0,13.53,0.0,380.11,0.0,380.11,,,,,,,,,,,,,0.0,14029.880000000001,0.0,14029.880000000001,,,,,,,,,,,,0.0,,,,0.0,0.0,27.82,0.0,27.82,0.0,2048.05,0.0,2048.05,0.0,0.0,0.0,0.0,0.0,-2075.87,0.0,-2075.87,0.0,11954.010000000002,0.0,11954.010000000002,0.0,1402.9900000000002,0.0,1402.9900000000002,0.0,10551.02,0.0,10551.02,,948.502359,,948.502359,,1.8717000000000001,,1.8717000000000001,,32.400000000000006,,32.400000000000006,,982.76,,982.76,,9.314360128215093,,9.314360128215093,,1049.11,0.0,1049.11,0.0,9467.630000000001,0.0,9467.630000000001,,,,,,,6545.38,0.0,0.0,,,,,116212.61,0.0,126763.63,0.0,0.0,,0.0,,0.0,,,,,,,,126763.63,0.0
542,TRIPURA,SEPAHIJALA,,0.0,2106.540538299589,0.0,2106.540538299589,0.0,87170.0,0.0,87170.0,17222.0,104392.0,0.0,14910.529999999999,0.0,14910.529999999999,0.0,,0.0,0.0,0.0,3329.76,0.0,3329.76,0.0,294.15999999999997,0.0,294.15999999999997,0.0,365.27,0.0,365.27,,,,,,,,,,,,,0.0,18899.719999999998,0.0,18899.719999999998,,,,,,,,,,,,0.0,,,,0.0,0.0,0.0,0.0,0.0,0.0,511.17,0.0,511.17,0.0,0.0,0.0,0.0,0.0,-511.16999999999996,0.0,-511.16999999999996,0.0,18388.55,0.0,18388.55,0.0,1889.9800000000002,0.0,1889.9800000000002,0.0,16498.57,0.0,16498.57,,982.03104,,982.03104,,1.5147,,1.5147,,703.8,,703.8,,1687.33,,1687.33,,10.227128775402958,,10.227128775402958,,1055.63,0.0,1055.63,0.0,14737.64,0.0,14737.64,,,,,,,3645.020000000001,0.0,0.0,,,,,182163.99,0.0,198662.56,0.0,0.0,,0.0,,0.0,,,,,,,,198662.56,0.0
543,TRIPURA,SOUTH TRIPURA,,0.0,2457.2050409020057,0.0,2457.2050409020057,0.0,98103.0,0.0,98103.0,53098.0,151201.0,0.0,19359.89,0.0,19359.89,0.0,,0.0,0.0,0.0,3466.54,0.0,3466.54,0.0,71.72,0.0,71.72,0.0,403.02,0.0,403.02,,,,,,,,,,,,,0.0,23301.17,0.0,23301.17,,,,,,,,,,,,0.0,,,,0.0,0.0,131.52,0.0,131.52,0.0,1448.3300000000002,0.0,1448.3300000000002,0.0,0.0,0.0,0.0,0.0,-1579.8500000000001,0.0,-1579.8500000000001,0.0,21721.32,0.0,21721.32,0.0,2330.1000000000004,0.0,2330.1000000000004,0.0,19391.22,0.0,19391.22,,908.810361,,908.810361,,0.9503999999999999,,0.9503999999999999,,171.6,,171.6,,1081.38,,1081.38,,5.576647575552235,,5.576647575552235,,988.18,0.0,988.18,0.0,18230.460000000003,0.0,18230.460000000003,,,,,,,3836.1,0.0,0.0,,,,,198671.26,0.0,218062.48,0.0,0.0,,0.0,,0.0,,,,,,,,218062.48,0.0
544,TRIPURA,UNAKOTI,,0.0,2386.834076797386,0.0,2386.834076797386,0.0,42878.0,0.0,42878.0,22825.0,65703.0,0.0,9087.44,0.0,9087.44,0.0,,0.0,0.0,0.0,2197.52,0.0,2197.52,0.0,2.0,0.0,2.0,0.0,280.61,0.0,280.61,,,,,,,,,,,,,0.0,11567.57,0.0,11567.57,,,,,,,,,,,,0.0,,,,0.0,0.0,0.0,0.0,0.0,0.0,390.78000000000003,0.0,390.78000000000003,0.0,0.0,0.0,0.0,0.0,-390.78,0.0,-390.78,0.0,11176.789999999999,0.0,11176.789999999999,0.0,912.73,0.0,912.73,0.0,10264.06,0.0,10264.06,,632.4229439999999,,632.4229439999999,,0.0495,,0.0495,,4.8,,4.8,,637.27,,637.27,,6.208751702542658,,6.208751702542658,,699.51,0.0,699.51,0.0,9559.7,0.0,9559.7,,,,,,,675.44,0.0,0.0,,,,,85583.22,0.0,95847.28000000001,0.0,0.0,,0.0,,0.0,,,,,,,,95847.28000000001,0.0
545,TRIPURA,WEST TRIPURA,,0.0,2012.6827328918241,0.0,2012.6827328918241,0.0,78282.0,0.0,78282.0,19360.0,97642.0,0.0,14428.52,0.0,14428.52,0.0,,0.0,0.0,0.0,3236.48,0.0,3236.48,0.0,260.84,0.0,260.84,0.0,343.92,0.0,343.92,,,,,,,,,,,,,0.0,18269.760000000002,0.0,18269.760000000002,,,,,,,,,,,,0.0,,,,0.0,0.0,0.0,0.0,0.0,0.0,20.090000000000003,0.0,20.090000000000003,0.0,0.0,0.0,0.0,0.0,-20.089999999999996,0.0,-20.089999999999996,0.0,18249.670000000002,0.0,18249.670000000002,0.0,1680.25,0.0,1680.25,0.0,16569.420000000002,0.0,16569.420000000002,,2043.6478078500002,,2043.6478078500002,,5.6913,,5.6913,,624.0,,624.0,,2673.3199999999997,,2673.3199999999997,,16.13405900749694,,16.13405900749694,,2208.4100000000003,0.0,2208.4100000000003,0.0,13731.34,0.0,13731.34,,,,,,,158.82000000000002,0.0,0.0,,,,,155644.98,0.0,172214.4,0.0,0.0,,0.0,,0.0,,,,,,,,172214.4,0.0
546,UTTAR PRADESH,AGRA,,771.813954250767,0.0,0.0,771.813954250767,394717.0,0.0,0.0,394717.0,0.0,394717.0,47526.71,0.0,0.0,47526.71,19914.070000000003,,0.0,19914.070000000003,2060.27,0.0,0.0,2060.27,13795.999999999998,0.0,0.0,13795.999999999998,151.48,,,151.48,,,,,1790.69,0.0,0.0,1790.69,140.0,0.0,0.0,140.0,85379.22,0.0,0.0,85379.22,,,,,,,,,,,,0.0,,,,0.0,,,,,,,,,,,,,,,,0.0,85379.22,0.0,0.0,85379.22,6203.69,0.0,0.0,6203.69,79175.53000000001,0.0,0.0,79175.53000000001,10386.663254439998,,,10386.663254439998,0.0,,,0.0,82090.23999999999,,,82090.23999999999,92476.89,,,92476.89,116.7998370203521,,,116.7998370203521,11671.760000000002,0.0,0.0,11671.760000000002,4936.820000000001,0.0,0.0,4936.820000000001,,,,,,,,,,,,,,0.0,0.0,79175.53,0.0,0.0,,0.0,,0.0,,,,,,,,79175.53,0.0
547,UTTAR PRADESH,ALIGARH,,771.0,0.0,0.0,771.0,371896.0,0.0,0.0,371896.0,0.0,371896.0,58193.619999999995,0.0,0.0,58193.619999999995,26751.260000000006,,0.0,26751.260000000006,3516.9999999999995,0.0,0.0,3516.9999999999995,15408.160000000002,0.0,0.0,15408.160000000002,330.97,,,330.97,,,,,833.952,0.0,0.0,833.952,75.0,0.0,0.0,75.0,105109.95,0.0,0.0,105109.95,,,,,,,,,,,,0.0,,,,0.0,,,,,,,,,,,,,,,,0.0,105109.95,0.0,0.0,105109.95,8674.490000000002,0.0,0.0,8674.490000000002,96435.46,0.0,0.0,96435.46,11080.97957475,,,11080.97957475,0.0,,,0.0,58849.03,,,58849.03,69929.99,,,69929.99,72.51480938650575,,,72.51480938650575,12635.099999999999,0.0,0.0,12635.099999999999,28986.070000000003,0.0,0.0,28986.070000000003,,,,,,,,,,,,,,0.0,0.0,96435.46,0.0,0.0,,0.0,,0.0,,,,,,,,96435.46,0.0
548,UTTAR PRADESH,AMBEDKAR NAGAR,,1013.3000000000001,0.0,0.0,1013.3000000000001,245898.0,0.0,0.0,245898.0,0.0,245898.0,52015.270000000004,0.0,0.0,52015.270000000004,9022.14,,0.0,9022.14,4350.0,0.0,0.0,4350.0,13275.550000000001,0.0,0.0,13275.550000000001,1739.5499999999997,,,1739.5499999999997,,,,,,,,,,,,,80402.51000000001,0.0,0.0,80402.51000000001,,,,,,,,,,,,0.0,,,,0.0,,,,,,,,,,,,,,,,0.0,80402.51000000001,0.0,0.0,80402.51000000001,7062.110000000001,0.0,0.0,7062.110000000001,73340.4,0.0,0.0,73340.4,6033.74346,,,6033.74346,0.0,,,0.0,39455.32,,,39455.32,45489.06,,,45489.06,62.02455945154376,,,62.02455945154376,6670.83,,0.0,6670.83,27214.239999999998,0.0,0.0,27214.239999999998,,,,,,,,,,,,,,0.0,0.0,73340.4,0.0,0.0,,0.0,,0.0,,,,,,,,73340.4,0.0
549,UTTAR PRADESH,AMETHI,,853.0,0.0,0.0,853.0,232992.0,0.0,0.0,232992.0,0.0,232992.0,41244.44,0.0,0.0,41244.44,22768.91,,0.0,22768.91,10586.95,0.0,0.0,10586.95,13720.769999999999,0.0,0.0,13720.769999999999,1992.2700000000002,0.0,0.0,1992.2700000000002,,,,,,,,,,,,,90313.34,0.0,0.0,90313.34,,,,,,,,,,,,0.0,,,,0.0,,,,,,,,,,,,,,,,0.0,90313.34,0.0,0.0,90313.34,8286.1,0.0,0.0,8286.1,82027.23999999999,0.0,0.0,82027.23999999999,4729.24368,,,4729.24368,0.0,,,0.0,45356.99999999999,,,45356.99999999999,50086.24,,,50086.24,61.06049648872741,,,61.06049648872741,5243.709999999999,,0.0,5243.709999999999,31426.530000000002,0.0,0.0,31426.530000000002,,,,,,,,,,,,,,0.0,0.0,82027.23999999999,0.0,0.0,,0.0,,0.0,,,,,,,,82027.23999999999,0.0
550,UTTAR PRADESH,AMROHA,,917.4,0.0,0.0,917.4,214903.0,0.0,0.0,214903.0,0.0,214903.0,37371.65,0.0,0.0,37371.65,3499.84,,0.0,3499.84,0.0,0.0,0.0,0.0,12432.07,0.0,0.0,12432.07,193.17,,,193.17,,,,,,,,,,,,,53496.73,0.0,0.0,53496.73,,,,,,,,,,,,0.0,,,,0.0,,,,,,,,,,,,,,,,0.0,53496.73,0.0,0.0,53496.73,2674.85,0.0,0.0,2674.85,50821.88,0.0,0.0,50821.88,4564.472459999999,,,4564.472459999999,0.0,,,0.0,44426.08,,,44426.08,48990.56,,,48990.56,96.39659138937796,,,96.39659138937796,5188.0199999999995,0.0,0.0,5188.0199999999995,3481.2300000000005,0.0,0.0,3481.2300000000005,,,,,,,,,,,,,,0.0,0.0,50821.88,0.0,0.0,,0.0,,0.0,,,,,,,,50821.88,0.0
551,UTTAR PRADESH,AURAIYA,,811.9000000000001,0.0,0.0,811.9000000000001,209427.0,0.0,0.0,209427.0,0.0,209427.0,34413.100000000006,0.0,0.0,34413.100000000006,18534.570000000003,,0.0,18534.570000000003,9261.45,0.0,0.0,9261.45,10432.289999999997,0.0,0.0,10432.289999999997,206.75,0.0,0.0,206.75,,,,,,,,,,,,,72848.14000000001,0.0,0.0,72848.14000000001,,,,,,,,,,,,0.0,,,,0.0,,,,,,,,,,,,,,,,0.0,72848.14000000001,0.0,0.0,72848.14000000001,6502.76,0.0,0.0,6502.76,66345.38,0.0,0.0,66345.38,2811.57018,,,2811.57018,0.0,,,0.0,29753.600000000002,,,29753.600000000002,32565.16,,,32565.16,49.08429192808904,,,49.08429192808904,3041.6899999999996,,0.0,3041.6899999999996,33550.08,0.0,0.0,33550.08,,,,,,,,,,,,,,0.0,0.0,66345.38,0.0,0.0,,0.0,,0.0,,,,,,,,66345.38,0.0
552,UTTAR PRADESH,AYODHYA,,1114.0,0.0,0.0,1114.0,252201.0,0.0,0.0,252201.0,0.0,252201.0,55698.43,0.0,0.0,55698.43,25938.17,,,25938.17,2709.1400000000003,0.0,0.0,2709.1400000000003,15411.91,0.0,0.0,15411.91,108.99,,,108.99,,,,,,,,,,,,,99866.62999999999,0.0,0.0,99866.62999999999,,,,,,,,,,,,0.0,,,,0.0,,,,,,,,,,,,,,,,0.0,99866.62999999999,0.0,0.0,99866.62999999999,7889.129999999999,0.0,0.0,7889.129999999999,91977.49999999999,0.0,0.0,91977.49999999999,6691.13109,,,6691.13109,0.0,,,0.0,51372.96,,,51372.96,58064.1,,,58064.1,63.1285912315512,,,63.1285912315512,7822.51,,0.0,7822.51,32782.02,0.0,0.0,32782.02,,,,,,,,,,,,,,0.0,0.0,91977.49999999999,0.0,0.0,,0.0,,0.0,,,,,,,,91977.49999999999,0.0
553,UTTAR PRADESH,AZAMGARH,,645.1200000000001,0.0,0.0,645.1200000000001,417119.0,0.0,0.0,417119.0,0.0,417119.0,62092.79000000001,0.0,0.0,62092.79000000001,26851.1,,0.0,26851.1,11602.380000000001,0.0,0.0,11602.380000000001,19462.96,0.0,0.0,19462.96,990.9200000000001,,,990.9200000000001,,,,,,,,,,,,,121000.1,0.0,0.0,121000.1,,,,,,,,,,,,0.0,,,,0.0,,,,,,,,,,,,,,,,0.0,121000.1,0.0,0.0,121000.1,7748.380000000002,0.0,0.0,7748.380000000002,113251.72000000002,0.0,0.0,113251.72000000002,12787.69689,,,12787.69689,0.0,,,0.0,64876.48000000002,,,64876.48000000002,77664.18000000001,,,77664.18000000001,68.57660086751883,,,68.57660086751883,14836.819999999998,0.0,0.0,14836.819999999998,33538.439999999995,0.0,0.0,33538.439999999995,,,,,,,,,,,,,,0.0,0.0,113251.72000000002,0.0,0.0,,0.0,,0.0,,,,,,,,113251.72000000002,0.0
554,UTTAR PRADESH,BAGPAT,,646.0999999999999,0.0,0.0,646.0999999999999,135138.96000000002,0.0,0.0,135138.96000000002,0.0,135138.96000000002,17831.190000000002,0.0,0.0,17831.190000000002,12833.06,,0.0,12833.06,316.64,0.0,0.0,316.64,7029.83,0.0,0.0,7029.83,1014.87,0.0,0.0,1014.87,,,,,,,,,,,,,39025.58,0.0,0.0,39025.58,,,,,,,,,,,,0.0,,,,0.0,,,,,,,,,,,,,,,,0.0,39025.58,0.0,0.0,39025.58,3119.27,0.0,0.0,3119.27,35906.310000000005,0.0,0.0,35906.310000000005,2.45061,,,2.45061,0.0,,,0.0,35149.159999999996,,,35149.159999999996,35151.62,,,35151.62,97.89816887338186,,,97.89816887338186,2.6,,0.0,2.6,2419.6800000000003,0.0,0.0,2419.6800000000003,,,,,,,,,,,,,,0.0,0.0,35906.310000000005,0.0,0.0,,0.0,,0.0,,,,,,,,35906.310000000005,0.0
555,UTTAR PRADESH,BAHRAICH,,1148.5999999999997,0.0,0.0,1148.5999999999997,439645.0,0.0,0.0,439645.0,0.0,439645.0,91019.66,0.0,0.0,91019.66,24462.969999999998,,0.0,24462.969999999998,1188.75,0.0,0.0,1188.75,21831.27,0.0,0.0,21831.27,2194.8900000000003,0.0,0.0,2194.8900000000003,,,,,,,,,,,,,140697.53999999998,0.0,0.0,140697.53999999998,,,,,,,,,,,,0.0,,,,0.0,,,,,,,,,,,,,,,,0.0,140697.53999999998,0.0,0.0,140697.53999999998,8406.59,0.0,0.0,8406.59,132290.94999999998,0.0,0.0,132290.94999999998,9178.596599999997,,,9178.596599999997,0.0,,,0.0,62375.079999999994,,,62375.079999999994,71553.65,,,71553.65,54.088091437849684,,,54.088091437849684,10470.829999999998,0.0,0.0,10470.829999999998,59445.07,0.0,0.0,59445.07,,,,,,,,,,,,,,0.0,0.0,132290.94999999998,0.0,0.0,,0.0,,0.0,,,,,,,,132290.94999999998,0.0
556,UTTAR PRADESH,BALLIA,,928.2000000000002,0.0,0.0,928.2000000000002,304236.0,0.0,0.0,304236.0,0.0,304236.0,57778.82000000001,0.0,0.0,57778.82000000001,13739.18,,0.0,13739.18,5016.65,0.0,0.0,5016.65,16420.579999999998,0.0,0.0,16420.579999999998,573.45,0.0,0.0,573.45,,,,,,,,,,,,,93528.68999999999,0.0,0.0,93528.68999999999,,,,,,,,,,,,0.0,,,,0.0,,,,,,,,,,,,,,,,0.0,93528.68999999999,0.0,0.0,93528.68999999999,6465.430000000001,0.0,0.0,6465.430000000001,87063.26,0.0,0.0,87063.26,7698.0711900000015,,,7698.0711900000015,0.0,,,0.0,46915.44,,,46915.44,54613.51000000001,,,54613.51000000001,62.7285378470781,,,62.7285378470781,8772.29,0.0,0.0,8772.29,31375.530000000002,0.0,0.0,31375.530000000002,,,,,,,,,,,,,,0.0,0.0,87063.26,0.0,0.0,,0.0,,0.0,,,,,,,,87063.26,0.0
557,UTTAR PRADESH,BALRAMPUR,,1019.7099999999999,0.0,0.0,1019.7099999999999,334857.0,0.0,0.0,334857.0,0.0,334857.0,68252.33,0.0,0.0,68252.33,10141.72,,0.0,10141.72,891.15,0.0,0.0,891.15,15196.41,0.0,0.0,15196.41,694.1899999999999,,,694.1899999999999,,,,,,,,,,,,,95175.8,0.0,0.0,95175.8,,,,,,,,,,,,0.0,,,,0.0,,,,,,,,,,,,,,,,0.0,95175.8,0.0,0.0,95175.8,7884.46,0.0,0.0,7884.46,87291.34,0.0,0.0,87291.34,5795.6094299999995,,,5795.6094299999995,0.0,,,0.0,43492.24,,,43492.24,49287.85999999999,,,49287.85999999999,56.46363087105777,,,56.46363087105777,6750.02,,0.0,6750.02,37049.06,0.0,0.0,37049.06,,,,,,,,,,,,,,0.0,0.0,87291.34,0.0,0.0,,0.0,,0.0,,,,,,,,87291.34,0.0
558,UTTAR PRADESH,BANDA,,943.1999999999998,0.0,0.0,943.1999999999998,440460.0,0.0,0.0,440460.0,0.0,440460.0,49665.939999999995,0.0,0.0,49665.939999999995,163.44,,,163.44,6765.9400000000005,0.0,0.0,6765.9400000000005,10414.03,0.0,0.0,10414.03,448.56,,,448.56,,,,,,,,,,,,,67457.92000000001,0.0,0.0,67457.92000000001,,,,,,,,,,,,0.0,,,,0.0,,,,,,,,,,,,,,,,0.0,67457.92000000001,0.0,0.0,67457.92000000001,4389.58,0.0,0.0,4389.58,63068.340000000004,0.0,0.0,63068.340000000004,3762.5159219999996,,,3762.5159219999996,0.0,,,0.0,37248.09,,,37248.09,41010.6,,,41010.6,65.02565312484838,,,65.02565312484838,4256.96,,0.0,4256.96,21563.31,0.0,0.0,21563.31,,,,,,,,,,,,,,0.0,0.0,63068.340000000004,0.0,0.0,,0.0,,0.0,,,,,,,,63068.340000000004,0.0
559,UTTAR PRADESH,BARABANKI,,1055.4,0.0,0.0,1055.4,389132.0,0.0,0.0,389132.0,0.0,389132.0,75465.71000000002,0.0,0.0,75465.71000000002,63782.88999999999,,0.0,63782.88999999999,28404.319999999996,0.0,0.0,28404.319999999996,36173.950000000004,0.0,0.0,36173.950000000004,806.92,,,806.92,,,,,,,,,,,,,204633.79,0.0,0.0,204633.79,,,,,,,,,,,,0.0,,,,0.0,,,,,,,,,,,,,,,,0.0,204633.79,0.0,0.0,204633.79,15406.27,0.0,0.0,15406.27,189227.52000000002,0.0,0.0,189227.52000000002,8511.84234,,,8511.84234,0.0,,,0.0,107211.15000000001,,,107211.15000000001,115722.95999999999,,,115722.95999999999,61.1554598400909,,,61.1554598400909,9670.51,0.0,0.0,9670.51,72345.88,0.0,0.0,72345.88,,,,,,,,,,,,,,0.0,0.0,189227.52000000002,0.0,0.0,,0.0,,0.0,,,,,,,,189227.52000000002,0.0
560,UTTAR PRADESH,BAREILLY,,1274.3,0.0,0.0,1274.3,409364.0,0.0,0.0,409364.0,0.0,409364.0,85207.97,0.0,0.0,85207.97,15677.099999999999,,0.0,15677.099999999999,3823.71,0.0,0.0,3823.71,25229.690000000006,0.0,0.0,25229.690000000006,1394.5,,,1394.5,,,,,1036.6,0.0,0.0,1036.6,87.5,0.0,0.0,87.5,132457.06,0.0,0.0,132457.06,,,,,,,,,,,,0.0,,,,0.0,,,,,,,,,,,,,,,,0.0,132457.06,0.0,0.0,132457.06,7003.6799999999985,0.0,0.0,7003.6799999999985,125453.37999999999,0.0,0.0,125453.37999999999,13150.76467125,,,13150.76467125,0.0,,,0.0,72084.79999999999,,,72084.79999999999,85235.58,,,85235.58,67.9420355194894,,,67.9420355194894,14695.65,0.0,0.0,14695.65,41749.49,0.0,0.0,41749.49,,,,,,,,,,,,,,0.0,0.0,125453.37999999996,0.0,0.0,,0.0,,0.0,,,,,,,,125453.37999999996,0.0
561,UTTAR PRADESH,BASTI,,1062.6999999999998,0.0,0.0,1062.6999999999998,293807.0,0.0,0.0,293807.0,0.0,293807.0,64310.850000000006,0.0,0.0,64310.850000000006,695.04,,0.0,695.04,0.0,0.0,0.0,0.0,11808.839999999998,0.0,0.0,11808.839999999998,2029.9000000000003,0.0,0.0,2029.9000000000003,,,,,,,,,,,,,78844.62999999999,0.0,0.0,78844.62999999999,,,,,,,,,,,,0.0,,,,0.0,,,,,,,,,,,,,,,,0.0,78844.62999999999,0.0,0.0,78844.62999999999,6365.419999999999,0.0,0.0,6365.419999999999,72479.20999999999,0.0,0.0,72479.20999999999,6212.4474599999985,,,6212.4474599999985,0.0,,,0.0,39328.12,,,39328.12,45540.57000000001,,,45540.57000000001,62.832597099223364,,,62.832597099223364,6902.139999999999,,0.0,6902.139999999999,26248.92,0.0,0.0,26248.92,,,,,,,,,,,,,,0.0,0.0,72479.20999999999,0.0,0.0,,0.0,,0.0,,,,,,,,72479.20999999999,0.0
562,UTTAR PRADESH,BIJNOR,,1083.1000000000004,0.0,0.0,1083.1000000000004,458903.0,0.0,0.0,458903.0,0.0,458903.0,96152.89000000001,0.0,0.0,96152.89000000001,20820.739999999998,,0.0,20820.739999999998,3385.5,0.0,0.0,3385.5,25912.11,0.0,0.0,25912.11,357.2900000000001,,,357.2900000000001,,,,,,,,,,,,,146628.52000000002,0.0,0.0,146628.52000000002,,,,,,,,,,,,0.0,,,,0.0,,,,,,,,,,,,,,,,0.0,146628.52000000002,0.0,0.0,146628.52000000002,11040.0,0.0,0.0,11040.0,135588.52,0.0,0.0,135588.52,7567.86474,,,7567.86474,0.0,,,0.0,86484.11,,,86484.11,94051.97000000002,,,94051.97000000002,69.36573243811497,,,69.36573243811497,8345.53,,0.0,8345.53,40758.880000000005,0.0,0.0,40758.880000000005,,,,,,,,,,,,,,0.0,0.0,135588.52,0.0,0.0,,0.0,,0.0,,,,,,,,135588.52,0.0
563,UTTAR PRADESH,BUDAUN,,934.6300000000001,0.0,0.0,934.6300000000001,423788.0,0.0,0.0,423788.0,0.0,423788.0,69135.34,0.0,0.0,69135.34,0.0,,0.0,0.0,0.0,0.0,0.0,0.0,15066.950000000003,0.0,0.0,15066.950000000003,364.69,,,364.69,,,,,,,,,,,,,84566.98000000001,0.0,0.0,84566.98000000001,,,,,,,,,,,,0.0,,,,0.0,,,,,,,,,,,,,,,,0.0,84566.98000000001,0.0,0.0,84566.98000000001,5441.57,0.0,0.0,5441.57,79125.41,0.0,0.0,79125.41,8091.962399999999,,,8091.962399999999,0.0,,,0.0,52939.36,,,52939.36,61031.340000000004,,,61031.340000000004,77.13241549080125,,,77.13241549080125,9105.51,0.0,0.0,9105.51,18340.29,0.0,0.0,18340.29,,,,,,,,,,,,,,0.0,0.0,79125.41000000002,0.0,0.0,,0.0,,0.0,,,,,,,,79125.41000000002,0.0
564,UTTAR PRADESH,BULANDSHAHAR,,779.0,0.0,0.0,779.0,360947.0,0.0,0.0,360947.0,0.0,360947.0,51685.23999999999,0.0,0.0,51685.23999999999,67208.81000000001,,,67208.81000000001,6116.959999999998,0.0,0.0,6116.959999999998,38901.25,0.0,0.0,38901.25,133.42999999999998,0.0,0.0,133.42999999999998,,,,,,,,,,,,,164045.66,0.0,0.0,164045.66,,,,,,,,,,,,0.0,,,,0.0,,,,,,,,,,,,,,,,0.0,164045.66,0.0,0.0,164045.66,12285.66,0.0,0.0,12285.66,151760.0,0.0,0.0,151760.0,6449.50839,,,6449.50839,0.0,,,0.0,132226.74,,,132226.74,138676.22999999998,,,138676.22999999998,91.3786439114391,,,91.3786439114391,6972.129999999999,,0.0,6972.129999999999,18475.12,0.0,0.0,18475.12,,,,,,,,,,,,,,0.0,0.0,151760.0,0.0,0.0,,0.0,,0.0,,,,,,,,151760.0,0.0
565,UTTAR PRADESH,CHANDAULI,,980.61,0.0,0.0,980.61,184927.0,0.0,0.0,184927.0,0.0,184927.0,32077.499999999996,0.0,0.0,32077.499999999996,5385.14,,0.0,5385.14,11451.35,0.0,0.0,11451.35,6762.379999999999,0.0,0.0,6762.379999999999,297.96000000000004,,,297.96000000000004,,,,,,,,,,,,,55974.329999999994,0.0,0.0,55974.329999999994,,,,,,,,,,,,0.0,,,,0.0,,,,,,,,,,,,,,,,0.0,55974.329999999994,0.0,0.0,55974.329999999994,4531.65,0.0,0.0,4531.65,51442.68000000001,0.0,0.0,51442.68000000001,4439.93373,,,4439.93373,0.0,,,0.0,22626.09,,,22626.09,27066.02,,,27066.02,52.613938465103296,,,52.613938465103296,4896.29,,0.0,4896.29,23920.3,0.0,0.0,23920.3,,,,,,,,,,,,,,0.0,0.0,51442.68,0.0,0.0,,0.0,,0.0,,,,,,,,51442.68,0.0
566,UTTAR PRADESH,CHITRAKOOT,,943.2,0.0,0.0,943.2,300665.0,0.0,0.0,300665.0,0.0,300665.0,31002.590000000004,0.0,0.0,31002.590000000004,0.0,,0.0,0.0,1934.03,0.0,0.0,1934.03,7338.989999999999,0.0,0.0,7338.989999999999,901.32,,,901.32,,,,,,,,,,,,,41176.93000000001,0.0,0.0,41176.93000000001,,,,,,,,,,,,0.0,,,,0.0,,,,,,,,,,,,,,,,0.0,41176.93000000001,0.0,0.0,41176.93000000001,3539.43,0.0,0.0,3539.43,37637.5,0.0,0.0,37637.5,2375.03967,,,2375.03967,0.0,,,0.0,28736.329999999998,,,28736.329999999998,31111.370000000003,,,31111.370000000003,82.66056459647957,,,82.66056459647957,2726.88,,0.0,2726.88,6174.29,0.0,0.0,6174.29,,,,,,,,,,,,,,0.0,0.0,37637.5,0.0,0.0,,0.0,,0.0,,,,,,,,37637.5,0.0
567,UTTAR PRADESH,DEORIA,,1086.19,0.0,0.0,1086.19,253800.0,0.0,0.0,253800.0,0.0,253800.0,50418.02,0.0,0.0,50418.02,13193.99,,0.0,13193.99,56357.2,0.0,0.0,56357.2,20840.960000000003,0.0,0.0,20840.960000000003,333.69,,,333.69,,,,,,,,,,,,,141143.86,0.0,0.0,141143.86,,,,,,,,,,,,0.0,,,,0.0,,,,,,,,,,,,,,,,0.0,141143.86,0.0,0.0,141143.86,12066.32,0.0,0.0,12066.32,129077.54000000001,0.0,0.0,129077.54000000001,6870.058470000001,,,6870.058470000001,0.0,,,0.0,69475.14,,,69475.14,76345.17,,,76345.17,59.14675008525882,,,59.14675008525882,7468.53,,0.0,7468.53,52133.91,0.0,0.0,52133.91,,,,,,,,,,,,,,0.0,0.0,129077.54000000001,0.0,0.0,,0.0,,0.0,,,,,,,,129077.54000000001,0.0
568,UTTAR PRADESH,ETAH,,645.1199999999999,0.0,0.0,645.1199999999999,242757.0,0.0,0.0,242757.0,0.0,242757.0,34631.75,0.0,0.0,34631.75,13484.990000000002,,,13484.990000000002,2009.7500000000002,0.0,0.0,2009.7500000000002,12039.599999999999,0.0,0.0,12039.599999999999,175.98999999999998,0.0,0.0,175.98999999999998,,,,,,,,,,,,,62342.09000000001,0.0,0.0,62342.09000000001,,,,,,,,,,,,0.0,,,,0.0,,,,,,,,,,,,,,,,0.0,62342.09000000001,0.0,0.0,62342.09000000001,5151.7,0.0,0.0,5151.7,57190.39,0.0,0.0,57190.39,4426.6667099999995,,,4426.6667099999995,0.0,,,0.0,41172.57,,,41172.57,45599.240000000005,,,45599.240000000005,79.73234664075555,,,79.73234664075555,4840.12,,0.0,4840.12,11177.7,0.0,0.0,11177.7,,,,,,,,,,,,,,0.0,0.0,57190.39,0.0,0.0,,0.0,,0.0,,,,,,,,57190.39,0.0
569,UTTAR PRADESH,ETAWAH,,829.6,0.0,0.0,829.6,240301.0,0.0,0.0,240301.0,0.0,240301.0,38183.950000000004,0.0,0.0,38183.950000000004,21977.41,,0.0,21977.41,12012.46,0.0,0.0,12012.46,9052.2,0.0,0.0,9052.2,175.04999999999998,,,175.04999999999998,,,,,,,,,,,,,81401.07999999999,0.0,0.0,81401.07999999999,,,,,,,,,,,,0.0,,,,0.0,,,,,,,,,,,,,,,,0.0,81401.07999999999,0.0,0.0,81401.07999999999,7023.72,0.0,0.0,7023.72,74377.36,0.0,0.0,74377.36,3091.88142,,,3091.88142,0.0,,,0.0,28675.37,,,28675.37,31767.25,,,31767.25,42.71091364361413,,,42.71091364361413,3431.0400000000004,,0.0,3431.0400000000004,42270.939999999995,0.0,0.0,42270.939999999995,,,,,,,,,,,,,,0.0,0.0,74377.36,0.0,0.0,,0.0,,0.0,,,,,,,,74377.36,0.0
570,UTTAR PRADESH,FARRUKHABAD,,847.3000000000001,0.0,0.0,847.3000000000001,220623.0,0.0,0.0,220623.0,0.0,220623.0,38061.77999999999,0.0,0.0,38061.77999999999,4995.9,,0.0,4995.9,540.1700000000001,0.0,0.0,540.1700000000001,12166.330000000002,0.0,0.0,12166.330000000002,195.4,,,195.4,,,,,,,,,,,,,55959.58,0.0,0.0,55959.58,,,,,,,,,,,,0.0,,,,0.0,,,,,,,,,,,,,,,,0.0,55959.58,0.0,0.0,55959.58,4727.450000000001,0.0,0.0,4727.450000000001,51232.13,0.0,0.0,51232.13,3784.9266299999995,,,3784.9266299999995,0.0,,,0.0,33753.520000000004,,,33753.520000000004,37538.45,,,37538.45,73.27130455048425,,,73.27130455048425,4244.47,,0.0,4244.47,13234.140000000001,0.0,0.0,13234.140000000001,,,,,,,,,,,,,,0.0,0.0,51232.13,0.0,0.0,,0.0,,0.0,,,,,,,,51232.13,0.0
571,UTTAR PRADESH,FATEHPUR,,1148.6,0.0,0.0,1148.6,425255.0,0.0,0.0,425255.0,0.0,425255.0,88377.22,0.0,0.0,88377.22,29337.57,,0.0,29337.57,6721.789999999999,0.0,0.0,6721.789999999999,22362.579999999998,0.0,0.0,22362.579999999998,2120.55,,,2120.55,,,,,,,,,,,,,148919.71,0.0,0.0,148919.71,,,,,,,,,,,,0.0,,,,0.0,,,,,,,,,,,,,,,,0.0,148919.71,0.0,0.0,148919.71,10830.96,0.0,0.0,10830.96,138088.75,0.0,0.0,138088.75,6945.93102,,,6945.93102,0.0,,,0.0,90085.35999999999,,,90085.35999999999,97031.29000000001,,,97031.29000000001,70.26733893963122,,,70.26733893963122,7940.089999999999,,0.0,7940.089999999999,40520.76,0.0,0.0,40520.76,,,,,,,,,,,,,,0.0,0.0,138088.75,0.0,0.0,,0.0,,0.0,,,,,,,,138088.75,0.0
572,UTTAR PRADESH,FIROZABAD,,765.2999999999997,0.0,0.0,765.2999999999997,241953.0,0.0,0.0,241953.0,0.0,241953.0,37278.87,0.0,0.0,37278.87,18253.17,,0.0,18253.17,2915.4899999999993,0.0,0.0,2915.4899999999993,13685.390000000001,0.0,0.0,13685.390000000001,201.12,0.0,0.0,201.12,,,,,,,,,,,,,72334.04000000001,0.0,0.0,72334.04000000001,,,,,,,,,,,,0.0,,,,0.0,,,,,,,,,,,,,,,,0.0,72334.04000000001,0.0,0.0,72334.04000000001,5335.15,0.0,0.0,5335.15,66998.89,0.0,0.0,66998.89,6405.036059999999,,,6405.036059999999,0.0,,,0.0,68630.88,,,68630.88,75035.92,,,75035.92,111.99576590000223,,,111.99576590000223,7151.21,,0.0,7151.21,7236.25,0.0,0.0,7236.25,,,,,,,,,,,,,,0.0,0.0,66998.89,0.0,0.0,,0.0,,0.0,,,,,,,,66998.89,0.0
573,UTTAR PRADESH,G.B.NAGAR,,669.3,0.0,0.0,669.3,144273.0,0.0,0.0,144273.0,0.0,144273.0,18791.37,0.0,0.0,18791.37,27178.910000000003,,0.0,27178.910000000003,2964.3700000000003,0.0,0.0,2964.3700000000003,18190.199999999997,0.0,0.0,18190.199999999997,34.55,,,34.55,,,,,,,,,,,,,67159.4,0.0,0.0,67159.4,,,,,,,,,,,,0.0,,,,0.0,,,,,,,,,,,,,,,,0.0,67159.4,0.0,0.0,67159.4,5924.210000000001,0.0,0.0,5924.210000000001,61235.19,0.0,0.0,61235.19,1530.81,,,1530.81,0.0,,,0.0,60634.0,,,60634.0,62164.82,,,62164.82,101.51813034302661,,,101.51813034302661,1620.99,0.0,0.0,1620.99,3882.66,0.0,0.0,3882.66,,,,,,,,,,,,,,0.0,0.0,61235.19,0.0,0.0,,0.0,,0.0,,,,,,,,61235.19,0.0
574,UTTAR PRADESH,GHAZIABAD,,766.3000000000001,0.0,0.0,766.3000000000002,116914.0,0.0,0.0,116914.0,0.0,116914.0,14387.56,0.0,0.0,14387.56,13177.14,,0.0,13177.14,1136.24,0.0,0.0,1136.24,10492.419999999998,0.0,0.0,10492.419999999998,513.72,,,513.72,,,,,3212.0,0.0,0.0,3212.0,75.0,0.0,0.0,75.0,42994.079999999994,0.0,0.0,42994.079999999994,,,,,,,,,,,,0.0,,,,0.0,,,,,,,,,,,,,,,,0.0,42994.079999999994,0.0,0.0,42994.079999999994,3456.81,0.0,0.0,3456.81,39537.27,0.0,0.0,39537.27,8060.295218999999,,,8060.295218999999,0.0,,,0.0,37002.240000000005,,,37002.240000000005,45062.54,,,45062.54,113.97483943630908,,,113.97483943630908,12199.419999999998,0.0,0.0,12199.419999999998,1678.0,0.0,0.0,1678.0,,,,,,,,,,,,,,0.0,0.0,39537.27,0.0,0.0,,0.0,,0.0,,,,,,,,39537.27,0.0
575,UTTAR PRADESH,GHAZIPUR,,995.7999999999998,0.0,0.0,995.7999999999998,330052.0,0.0,0.0,330052.0,0.0,330052.0,53789.42,0.0,0.0,53789.42,15969.150000000001,,0.0,15969.150000000001,12537.38,0.0,0.0,12537.38,17982.97,0.0,0.0,17982.97,424.72999999999996,0.0,0.0,424.72999999999996,,,,,,,,,,,,,100703.66000000002,0.0,0.0,100703.66000000002,,,,,,,,,,,,0.0,,,,0.0,,,,,,,,,,,,,,,,0.0,100703.66000000002,0.0,0.0,100703.66000000002,5641.139999999999,0.0,0.0,5641.139999999999,95062.52000000002,0.0,0.0,95062.52000000002,6582.7961700000005,,,6582.7961700000005,0.0,,,0.0,51244.479999999996,,,51244.479999999996,57827.3,,,57827.3,60.83080902967857,,,60.83080902967857,7362.549999999998,0.0,0.0,7362.549999999998,36455.439999999995,0.0,0.0,36455.439999999995,,,,,,,,,,,,,,0.0,0.0,95062.52000000002,0.0,0.0,,0.0,,0.0,,,,,,,,95062.52000000002,0.0
576,UTTAR PRADESH,GONDA,,806.3999999999999,0.0,0.0,806.3999999999999,399609.0,0.0,0.0,399609.0,0.0,399609.0,64663.12999999998,0.0,0.0,64663.12999999998,18156.219999999998,,0.0,18156.219999999998,81.35,0.0,0.0,81.35,17143.08,0.0,0.0,17143.08,766.3800000000001,0.0,0.0,766.3800000000001,,,,,,,,,,,,,100810.16,0.0,0.0,100810.16,,,,,,,,,,,,0.0,,,,0.0,,,,,,,,,,,,,,,,0.0,100810.16,0.0,0.0,100810.16,5711.68,0.0,0.0,5711.68,95098.48,0.0,0.0,95098.48,9194.92743,,,9194.92743,0.0,,,0.0,48974.41,,,48974.41,58169.32,,,58169.32,61.16745504239395,,,61.16745504239395,10644.320000000002,0.0,0.0,10644.320000000002,35479.78,0.0,0.0,35479.78,,,,,,,,,,,,,,0.0,0.0,95098.48,0.0,0.0,,0.0,,0.0,,,,,,,,95098.48,0.0
577,UTTAR PRADESH,GORAKHPUR,,1338.3000000000002,0.0,0.0,1338.3000000000002,322654.0,0.0,0.0,322654.0,0.0,322654.0,84010.04,0.0,0.0,84010.04,6912.950000000001,,0.0,6912.950000000001,59574.299999999996,0.0,0.0,59574.299999999996,26544.060000000005,0.0,0.0,26544.060000000005,612.31,,,612.31,,,,,,,,,,,,,177653.66,0.0,0.0,177653.66,,,,,,,,,,,,0.0,,,,0.0,,,,,,,,,,,,,,,,0.0,177653.66,0.0,0.0,177653.66,15079.09,0.0,0.0,15079.09,162574.57000000004,0.0,0.0,162574.57000000004,8686.271460000002,,,8686.271460000002,0.0,,,0.0,88464.86,,,88464.86,97151.1,,,97151.1,59.75786988087989,,,59.75786988087989,9644.510000000002,,0.0,9644.510000000002,64465.229999999996,0.0,0.0,64465.229999999996,,,,,,,,,,,,,,0.0,0.0,162574.57000000004,0.0,0.0,,0.0,,0.0,,,,,,,,162574.57000000004,0.0
578,UTTAR PRADESH,HAMIRPUR,,881.8,0.0,0.0,881.8,381540.0,0.0,0.0,381540.0,0.0,381540.0,40206.1,0.0,0.0,40206.1,0.0,,0.0,0.0,4573.27,0.0,0.0,4573.27,7299.83,0.0,0.0,7299.83,1350.87,,,1350.87,,,,,,,,,,,,,53430.07,0.0,0.0,53430.07,,,,,,,,,,,,0.0,,,,0.0,,,,,,,,,,,,,,,,0.0,53430.07,0.0,0.0,53430.07,4155.43,0.0,0.0,4155.43,49274.64,0.0,0.0,49274.64,2125.79358,,,2125.79358,0.0,,,0.0,31428.769999999997,,,31428.769999999997,33554.57,,,33554.57,68.09703734010031,,,68.09703734010031,2255.1400000000003,,0.0,2255.1400000000003,15590.73,0.0,0.0,15590.73,,,,,,,,,,,,,,0.0,0.0,49274.64,0.0,0.0,,0.0,,0.0,,,,,,,,49274.64,0.0
579,UTTAR PRADESH,HAPUR,,766.3,0.0,0.0,766.3,114481.0,0.0,0.0,114481.0,0.0,114481.0,19027.93,0.0,0.0,19027.93,16607.04,,0.0,16607.04,2068.41,0.0,0.0,2068.41,13864.779999999999,0.0,0.0,13864.779999999999,834.16,,,834.16,,,,,,,,,,,,,52402.32,0.0,0.0,52402.32,,,,,,,,,,,,0.0,,,,0.0,,,,,,,,,,,,,,,,0.0,52402.32,0.0,0.0,52402.32,3162.81,0.0,0.0,3162.81,49239.509999999995,0.0,0.0,49239.509999999995,3.26529,,,3.26529,0.0,,,0.0,49326.8,,,49326.8,49330.07,,,49330.07,100.18391734604997,,,100.18391734604997,3.5599999999999996,,0.0,3.5599999999999996,2391.8,0.0,0.0,2391.8,,,,,,,,,,,,,,0.0,0.0,49239.509999999995,0.0,0.0,,0.0,,0.0,,,,,,,,49239.509999999995,0.0
580,UTTAR PRADESH,HARDOI,,918.2,0.0,0.0,918.2,594843.0,0.0,0.0,594843.0,0.0,594843.0,109601.45,0.0,0.0,109601.45,36244.68,,,36244.68,10458.5,0.0,0.0,10458.5,32650.96,0.0,0.0,32650.96,1999.0599999999997,0.0,0.0,1999.0599999999997,,,,,,,,,,,,,190954.64999999997,0.0,0.0,190954.64999999997,,,,,,,,,,,,0.0,,,,0.0,,,,,,,,,,,,,,,,0.0,190954.64999999997,0.0,0.0,190954.64999999997,15909.950000000003,0.0,0.0,15909.950000000003,175044.7,0.0,0.0,175044.7,8219.505809999999,,,8219.505809999999,0.0,,,0.0,93874.65,,,93874.65,102094.15000000001,,,102094.15000000001,58.324616512239444,,,58.324616512239444,9183.18,,0.0,9183.18,71986.86999999998,0.0,0.0,71986.86999999998,,,,,,,,,,,,,,0.0,0.0,175044.7,0.0,0.0,,0.0,,0.0,,,,,,,,175044.7,0.0
581,UTTAR PRADESH,HATHRAS,,710.8,0.0,0.0,710.8,183799.0,0.0,0.0,183799.0,0.0,183799.0,27404.14,0.0,0.0,27404.14,22133.739999999998,,0.0,22133.739999999998,1799.58,0.0,0.0,1799.58,14568.529999999999,0.0,0.0,14568.529999999999,156.73000000000002,,,156.73000000000002,,,,,,,,,,,,,66062.71,0.0,0.0,66062.71,,,,,,,,,,,,0.0,,,,0.0,,,,,,,,,,,,,,,,0.0,66062.71,0.0,0.0,66062.71,5162.58,0.0,0.0,5162.58,60900.130000000005,0.0,0.0,60900.130000000005,3966.27834,,,3966.27834,0.0,,,0.0,54238.09999999999,,,54238.09999999999,58204.4,,,58204.4,95.57352340627186,,,95.57352340627186,4390.96,,0.0,4390.96,7743.600000000001,0.0,0.0,7743.600000000001,,,,,,,,,,,,,,0.0,0.0,60900.130000000005,0.0,0.0,,0.0,,0.0,,,,,,,,60900.130000000005,0.0
582,UTTAR PRADESH,JALAUN,,871.5,0.0,0.0,871.5,456583.0,0.0,0.0,456583.0,0.0,456583.0,78253.01999999999,0.0,0.0,78253.01999999999,2754.55,,0.0,2754.55,20160.35,0.0,0.0,20160.35,15674.71,0.0,0.0,15674.71,17.599999999999998,,,17.599999999999998,,,,,,,,,,,,,116860.22999999998,0.0,0.0,116860.22999999998,,,,,,,,,,,,0.0,,,,0.0,,,,,,,,,,,,,,,,0.0,116860.22999999998,0.0,0.0,116860.22999999998,9216.36,0.0,0.0,9216.36,107643.87000000001,0.0,0.0,107643.87000000001,4162.2899099999995,,,4162.2899099999995,0.0,,,0.0,50166.0,,,50166.0,54328.3,,,54328.3,50.47040765070969,,,50.47040765070969,4509.25,,0.0,4509.25,52968.61,0.0,0.0,52968.61,,,,,,,,,,,,,,0.0,0.0,107643.87000000001,0.0,0.0,,0.0,,0.0,,,,,,,,107643.87000000001,0.0
583,UTTAR PRADESH,JAUNPUR,,968.0999999999998,0.0,0.0,968.0999999999998,396825.0,0.0,0.0,396825.0,0.0,396825.0,75996.21,0.0,0.0,75996.21,22530.58,,0.0,22530.58,10632.17,0.0,0.0,10632.17,22202.09,0.0,0.0,22202.09,515.3000000000001,,,515.3000000000001,,,,,,,,,,,,,131876.34,0.0,0.0,131876.34,,,,,,,,,,,,0.0,,,,0.0,,,,,,,,,,,,,,,,0.0,131876.34,0.0,0.0,131876.34,10516.36,0.0,0.0,10516.36,121359.98000000001,0.0,0.0,121359.98000000001,12180.133949999998,,,12180.133949999998,0.0,,,0.0,74007.00000000001,,,74007.00000000001,86187.10999999997,,,86187.10999999997,71.01773583021352,,,71.01773583021352,13725.89,,0.0,13725.89,33627.11,0.0,0.0,33627.11,,,,,,,,,,,,,,0.0,0.0,121359.98000000001,0.0,0.0,,0.0,,0.0,,,,,,,,121359.98000000001,0.0
584,UTTAR PRADESH,JHANSI,,931.5,0.0,0.0,931.5,461937.0,0.0,0.0,461937.0,40462.99999999999,502400.0,35906.51,0.0,0.0,35906.51,2923.0100000000007,,,2923.0100000000007,25959.149999999998,0.0,0.0,25959.149999999998,12163.6,0.0,0.0,12163.6,3379.45,,,3379.45,,,,,,,,,,,,,80331.73,0.0,0.0,80331.73,,,,,,,,,,,,0.0,,,,0.0,,,,,,,,,,,,,,,,0.0,80331.73,0.0,0.0,80331.73,5122.299999999999,0.0,0.0,5122.299999999999,75209.43000000001,0.0,0.0,75209.43000000001,3030.0051599999997,,,3030.0051599999997,0.0,,,0.0,40434.770000000004,,,40434.770000000004,43464.770000000004,,,43464.770000000004,57.79164926525836,,,57.79164926525836,3439.34,,0.0,3439.34,31335.34,0.0,0.0,31335.34,,,,,,,,,,,,,,0.0,0.0,75209.43,0.0,0.0,,0.0,,0.0,,,,,,,,75209.43,0.0
585,UTTAR PRADESH,KANNAUJ,,902.3000000000001,0.0,0.0,902.3000000000001,214346.0,0.0,0.0,214346.0,0.0,214346.0,39029.74999999999,0.0,0.0,39029.74999999999,21757.93,,0.0,21757.93,1196.8899999999999,0.0,0.0,1196.8899999999999,11154.81,0.0,0.0,11154.81,209.59,0.0,0.0,209.59,,,,,,,,,,,,,73348.97,0.0,0.0,73348.97,,,,,,,,,,,,0.0,,,,0.0,,,,,,,,,,,,,,,,0.0,73348.97,0.0,0.0,73348.97,5180.2,0.0,0.0,5180.2,68168.77,0.0,0.0,68168.77,4191.1782,,,4191.1782,0.0,,,0.0,39944.5,,,39944.5,44135.67,,,44135.67,64.74470641028141,,,64.74470641028141,4685.36,,0.0,4685.36,28671.840000000004,0.0,0.0,28671.840000000004,,,,,,,,,,,,,,0.0,0.0,68168.77,0.0,0.0,,0.0,,0.0,,,,,,,,68168.77,0.0
586,UTTAR PRADESH,KANPUR DEHAT,,857.2000000000002,0.0,0.0,857.2000000000002,323737.0,0.0,0.0,323737.0,0.0,323737.0,54276.96,0.0,0.0,54276.96,14387.25,,0.0,14387.25,8503.53,0.0,0.0,8503.53,18864.01,0.0,0.0,18864.01,408.65999999999997,0.0,0.0,408.65999999999997,,,,,,,,,,,,,96440.40999999999,0.0,0.0,96440.40999999999,,,,,,,,,,,,0.0,,,,0.0,,,,,,,,,,,,,,,,0.0,96440.40999999999,0.0,0.0,96440.40999999999,7041.54,0.0,0.0,7041.54,89398.87,0.0,0.0,89398.87,3925.69545,,,3925.69545,0.0,,,0.0,61299.45999999999,,,61299.45999999999,65225.14999999999,,,65225.14999999999,72.95970295821411,,,72.95970295821411,4202.93,,0.0,4202.93,23896.489999999998,0.0,0.0,23896.489999999998,,,,,,,,,,,,,,0.0,0.0,89398.87,0.0,0.0,,0.0,,0.0,,,,,,,,89398.87,0.0
587,UTTAR PRADESH,KANPUR NAGAR,,806.3999999999999,0.0,0.0,806.3999999999999,334579.0,0.0,0.0,334579.0,0.0,334579.0,42729.990000000005,0.0,0.0,42729.990000000005,17911.96,,0.0,17911.96,6860.71,0.0,0.0,6860.71,17355.460000000003,0.0,0.0,17355.460000000003,386.41,0.0,0.0,386.41,,,,,3139.0,0.0,0.0,3139.0,100.0,0.0,0.0,100.0,88483.53,0.0,0.0,88483.53,,,,,,,,,,,,0.0,,,,0.0,,,,,,,,,,,,,,,,0.0,88483.53,0.0,0.0,88483.53,5876.82,0.0,0.0,5876.82,82606.71,0.0,0.0,82606.71,7502.79706965,,,7502.79706965,0.0,,,0.0,55330.64,,,55330.64,62833.44,,,62833.44,76.06336095457621,,,76.06336095457621,8000.0,0.0,0.0,8000.0,19276.06,0.0,0.0,19276.06,,,,,,,,,,,,,,0.0,0.0,82606.71,0.0,0.0,,0.0,,0.0,,,,,,,,82606.71,0.0
588,UTTAR PRADESH,KASGANJ,,645.1199999999999,0.0,0.0,645.1199999999999,199388.0,0.0,0.0,199388.0,0.0,199388.0,25330.219999999998,0.0,0.0,25330.219999999998,13607.77,,0.0,13607.77,9647.08,0.0,0.0,9647.08,11306.22,0.0,0.0,11306.22,128.5,0.0,0.0,128.5,,,,,,,,,,,,,60019.77,0.0,0.0,60019.77,,,,,,,,,,,,0.0,,,,0.0,,,,,,,,,,,,,,,,0.0,60019.77,0.0,0.0,60019.77,4222.71,0.0,0.0,4222.71,55797.06,0.0,0.0,55797.06,3786.7027199999998,,,3786.7027199999998,0.0,,,0.0,37232.13,,,37232.13,41018.829999999994,,,41018.829999999994,73.51432136388547,,,73.51432136388547,4325.08,,0.0,4325.08,14239.85,0.0,0.0,14239.85,,,,,,,,,,,,,,0.0,0.0,55797.06,0.0,0.0,,0.0,,0.0,,,,,,,,55797.06,0.0
589,UTTAR PRADESH,KAUSHAMBI,,1019.71,0.0,0.0,1019.7100000000003,178001.0,0.0,0.0,178001.0,0.0,178001.0,35670.119999999995,0.0,0.0,35670.119999999995,6728.200000000001,,,6728.200000000001,2310.83,0.0,0.0,2310.83,10567.18,0.0,0.0,10567.18,629.8699999999999,,,629.8699999999999,,,,,,,,,,,,,55906.21000000001,0.0,0.0,55906.21000000001,,,,,,,,,,,,0.0,,,,0.0,,,,,,,,,,,,,,,,0.0,55906.21000000001,0.0,0.0,55906.21000000001,4449.76,0.0,0.0,4449.76,51456.45,0.0,0.0,51456.45,4266.4484999999995,,,4266.4484999999995,0.0,,,0.0,35109.06,,,35109.06,39375.479999999996,,,39375.479999999996,76.5219520584883,,,76.5219520584883,4995.9,,0.0,4995.9,12138.36,0.0,0.0,12138.36,,,,,,,,,,,,,,0.0,0.0,51456.45,0.0,0.0,,0.0,,0.0,,,,,,,,51456.45,0.0
590,UTTAR PRADESH,KUSHI NAGAR,,1326.6000000000001,0.0,0.0,1326.6000000000001,287378.0,0.0,0.0,287378.0,0.0,287378.0,56267.58999999999,0.0,0.0,56267.58999999999,39647.28,,0.0,39647.28,61688.399999999994,0.0,0.0,61688.399999999994,17767.31,0.0,0.0,17767.31,420.48,,,420.48,,,,,,,,,,,,,175791.06000000003,0.0,0.0,175791.06000000003,,,,,,,,,,,,0.0,,,,0.0,,,,,,,,,,,,,,,,0.0,175791.06000000003,0.0,0.0,175791.06000000003,16913.59,0.0,0.0,16913.59,158877.46999999997,0.0,0.0,158877.46999999997,8272.462199999998,,,8272.462199999998,0.0,,,0.0,59050.838,,,59050.838,67323.34000000001,,,67323.34000000001,42.37437819220059,,,42.37437819220059,9485.760000000002,,0.0,9485.760000000002,90340.84,0.0,0.0,90340.84,,,,,,,,,,,,,,0.0,0.0,158877.47,0.0,0.0,,0.0,,0.0,,,,,,,,158877.47,0.0
591,UTTAR PRADESH,LAKHIMPUR KHERI,,1084.3,0.0,0.0,1084.3000000000002,655505.0,0.0,0.0,655505.0,0.0,655505.0,134549.72999999998,0.0,0.0,134549.72999999998,42161.17999999999,,0.0,42161.17999999999,4082.81,0.0,0.0,4082.81,32715.19,0.0,0.0,32715.19,1640.42,,,1640.42,,,,,,,,,,,,,215149.33,0.0,0.0,215149.33,,,,,,,,,,,,0.0,,,,0.0,,,,,,,,,,,,,,,,0.0,215149.33,0.0,0.0,215149.33,14291.339999999998,0.0,0.0,14291.339999999998,200857.99,0.0,0.0,200857.99,11307.14082,,,11307.14082,0.0,,,0.0,109722.42,,,109722.42,121029.55999999997,,,121029.55999999997,60.256283556357396,,,60.256283556357396,13690.090000000002,,0.0,13690.090000000002,77445.49,0.0,0.0,77445.49,,,,,,,,,,,,,,0.0,0.0,200857.99,0.0,0.0,,0.0,,0.0,,,,,,,,200857.99,0.0
592,UTTAR PRADESH,LALITPUR,,1034.6,0.0,0.0,1034.6,381942.0,0.0,0.0,381942.0,121981.0,503923.0,19387.84,0.0,0.0,19387.84,1948.5600000000002,,0.0,1948.5600000000002,13004.070000000002,0.0,0.0,13004.070000000002,8847.34,0.0,0.0,8847.34,1153.31,,,1153.31,,,,,,,,,,,,,44341.119999999995,0.0,0.0,44341.119999999995,,,,,,,,,,,,0.0,,,,0.0,,,,,,,,,,,,,,,,0.0,44341.119999999995,0.0,0.0,44341.119999999995,3189.85,0.0,0.0,3189.85,41151.270000000004,0.0,0.0,41151.270000000004,3256.65264,,,3256.65264,0.0,,,0.0,29491.4,,,29491.4,32748.06,,,32748.06,79.57970677454182,,,79.57970677454182,3775.8999999999996,,0.0,3775.8999999999996,7883.959999999999,0.0,0.0,7883.959999999999,,,,,,,,,,,,,,0.0,0.0,41151.270000000004,0.0,0.0,,0.0,,0.0,,,,,,,,41151.270000000004,0.0
593,UTTAR PRADESH,LUCKNOW,,885.3000000000001,0.0,0.0,885.3000000000001,245286.0,0.0,0.0,245286.0,0.0,245286.0,35084.91,0.0,0.0,35084.91,22896.58,,0.0,22896.58,4932.35,0.0,0.0,4932.35,9496.94,0.0,0.0,9496.94,755.6,0.0,0.0,755.6,0.0,0.0,,0.0,3883.6000000000004,0.0,0.0,3883.6000000000004,162.5,0.0,0.0,162.5,77212.48000000001,0.0,0.0,77212.48000000001,,,,,,,,,,,,0.0,,,,0.0,,,,,,,,,,,,,,,,0.0,77212.48000000001,0.0,0.0,77212.48000000001,5774.790000000001,0.0,0.0,5774.790000000001,71437.69,0.0,0.0,71437.69,11666.7330165,,,11666.7330165,0.0,,,0.0,35829.96,,,35829.96,47496.71,,,47496.71,66.4869062815441,,,66.4869062815441,13872.83,0.0,0.0,13872.83,25306.780000000002,0.0,0.0,25306.780000000002,,,,,,,0.0,0.0,0.0,,,,,0.0,0.0,71437.69,0.0,0.0,,0.0,,0.0,,,,,,,,71437.69,0.0
594,UTTAR PRADESH,MAHOBA,,853.1000000000001,0.0,0.0,853.1000000000001,229341.0,0.0,0.0,229341.0,0.0,229341.0,9639.68,0.0,0.0,9639.68,1675.8899999999999,,0.0,1675.8899999999999,5577.27,0.0,0.0,5577.27,4529.65,0.0,0.0,4529.65,49.2,,,49.2,,,,,,,,,,,,,21471.690000000002,0.0,0.0,21471.690000000002,,,,,,,,,,,,0.0,,,,0.0,,,,,,,,,,,,,,,,0.0,21471.690000000002,0.0,0.0,21471.690000000002,1388.5300000000002,0.0,0.0,1388.5300000000002,20083.16,0.0,0.0,20083.16,1114.0815794999999,,,1114.0815794999999,0.0,,,0.0,17677.5,,,17677.5,18791.58,,,18791.58,93.56884076011943,,,93.56884076011943,1212.54,,0.0,1212.54,1993.42,0.0,0.0,1993.42,,,,,,,,,,,,,,0.0,0.0,20083.16,0.0,0.0,,0.0,,0.0,,,,,,,,20083.16,0.0
595,UTTAR PRADESH,MAHRAJGANJ,,1389.1,0.0,0.0,1389.1,247760.0,0.0,0.0,247760.0,0.0,247760.0,69578.73,0.0,0.0,69578.73,18097.73,,0.0,18097.73,3439.4899999999993,0.0,0.0,3439.4899999999993,16016.61,0.0,0.0,16016.61,394.30999999999995,,,394.30999999999995,,,,,,,,,,,,,107526.85999999999,0.0,0.0,107526.85999999999,,,,,,,,,,,,0.0,,,,0.0,,,,,,,,,,,,,,,,0.0,107526.85999999999,0.0,0.0,107526.85999999999,7857.600000000001,0.0,0.0,7857.600000000001,99669.26000000001,0.0,0.0,99669.26000000001,6716.817600000001,,,6716.817600000001,0.0,,,0.0,53353.07000000001,,,53353.07000000001,60069.920000000006,,,60069.920000000006,60.2692545324406,,,60.2692545324406,7698.58,,0.0,7698.58,38617.58,0.0,0.0,38617.58,,,,,,,,,,,,,,0.0,0.0,99669.26000000001,0.0,0.0,,0.0,,0.0,,,,,,,,99669.26000000001,0.0
596,UTTAR PRADESH,MAINPURI,,645.12,0.0,0.0,645.12,276072.0,0.0,0.0,276072.0,0.0,276072.0,39523.869999999995,0.0,0.0,39523.869999999995,22298.340000000004,,,22298.340000000004,16686.0,0.0,0.0,16686.0,16183.3,0.0,0.0,16183.3,267.45000000000005,0.0,0.0,267.45000000000005,,,,,,,,,,,,,94958.95,0.0,0.0,94958.95,,,,,,,,,,,,0.0,,,,0.0,,,,,,,,,,,,,,,,0.0,94958.95,0.0,0.0,94958.95,7572.53,0.0,0.0,7572.53,87386.42,0.0,0.0,87386.42,4770.124409999999,,,4770.124409999999,0.0,,,0.0,55734.83,,,55734.83,60504.95,,,60504.95,69.23838967198793,,,69.23838967198793,5240.740000000001,,0.0,5240.740000000001,28499.35,0.0,0.0,28499.35,,,,,,,,,,,,,,0.0,0.0,87386.42,0.0,0.0,,0.0,,0.0,,,,,,,,87386.42,0.0
597,UTTAR PRADESH,MATHURA,,645.12,0.0,0.0,645.12,336078.0,0.0,0.0,336078.0,0.0,336078.0,45496.280000000006,0.0,0.0,45496.280000000006,36892.520000000004,,0.0,36892.520000000004,19030.91,0.0,0.0,19030.91,22403.979999999996,0.0,0.0,22403.979999999996,287.42999999999995,0.0,0.0,287.42999999999995,,,,,,,,,,,,,124111.09,0.0,0.0,124111.09,,,,,,,,,,,,0.0,,,,0.0,,,,,,,,,,,,,,,,0.0,124111.09,0.0,0.0,124111.09,9353.76,0.0,0.0,9353.76,114757.33,0.0,0.0,114757.33,6175.513110000001,,,6175.513110000001,0.0,,,0.0,77715.34000000001,,,77715.34000000001,83890.85,,,83890.85,73.10282489144703,,,73.10282489144703,6972.000000000002,,0.0,6972.000000000002,33236.75000000001,0.0,0.0,33236.75000000001,,,,,,,,,,,,,,0.0,0.0,114757.33,0.0,0.0,,0.0,,0.0,,,,,,,,114757.33,0.0
598,UTTAR PRADESH,MAUNATH BHANJAN,,1019.7100000000002,0.0,0.0,1019.7100000000002,171624.0,0.0,0.0,171624.0,0.0,171624.0,35611.92,0.0,0.0,35611.92,5271.72,,0.0,5271.72,1721.45,0.0,0.0,1721.45,7299.129999999999,0.0,0.0,7299.129999999999,111.1,,,111.1,,,,,,,,,,,,,50015.310000000005,0.0,0.0,50015.310000000005,,,,,,,,,,,,0.0,,,,0.0,,,,,,,,,,,,,,,,0.0,50015.310000000005,0.0,0.0,50015.310000000005,3893.92,0.0,0.0,3893.92,46121.39,0.0,0.0,46121.39,5989.674089999999,,,5989.674089999999,0.0,,,0.0,24303.69,,,24303.69,30293.379999999997,,,30293.379999999997,65.68184523493329,,,65.68184523493329,7033.82,,0.0,7033.82,14783.859999999999,0.0,0.0,14783.859999999999,,,,,,,,,,,,,,0.0,0.0,46121.39,0.0,0.0,,0.0,,0.0,,,,,,,,46121.39,0.0
599,UTTAR PRADESH,MEERUT,,918.0,0.0,0.0,918.0,280220.0,0.0,0.0,280220.0,0.0,280220.0,44950.62,0.0,0.0,44950.62,16722.17,,0.0,16722.17,6208.33,0.0,0.0,6208.33,14370.01,0.0,0.0,14370.01,1333.0500000000002,,,1333.0500000000002,,,,,1376.78,0.0,0.0,1376.78,125.0,0.0,0.0,125.0,85085.95999999999,0.0,0.0,85085.95999999999,,,,,,,,,,,,0.0,,,,0.0,,,,,,,,,,,,,,,,0.0,85085.95999999999,0.0,0.0,85085.95999999999,5989.789999999999,0.0,0.0,5989.789999999999,79096.17,0.0,0.0,79096.17,8766.22398,,,8766.22398,0.0,,,0.0,52687.0,,,52687.0,61453.2,,,61453.2,77.69428026666777,,,77.69428026666777,9444.779999999999,0.0,0.0,9444.779999999999,18415.219999999998,0.0,0.0,18415.219999999998,,,,,,,,,,,,,,0.0,0.0,79096.17000000001,0.0,0.0,,0.0,,0.0,,,,,,,,79096.17000000001,0.0
600,UTTAR PRADESH,MIRZAPUR,,1003.2000000000002,0.0,0.0,1003.2000000000003,295437.0,0.0,0.0,295437.0,156648.0,452085.0,27060.790000000005,0.0,0.0,27060.790000000005,3978.8700000000003,,,3978.8700000000003,21433.850000000002,0.0,0.0,21433.850000000002,8195.230000000001,0.0,0.0,8195.230000000001,3090.33,,,3090.33,,,,,,,,,,,,,63759.08,0.0,0.0,63759.08,,,,,,,,,,,,0.0,,,,0.0,,,,,,,,,,,,,,,,0.0,63759.08,0.0,0.0,63759.08,5317.05,0.0,0.0,5317.05,58442.02999999999,0.0,0.0,58442.02999999999,6474.91239,,,6474.91239,0.0,,,0.0,28771.399999999998,,,28771.399999999998,35246.32,,,35246.32,60.309883144031794,,,60.309883144031794,7319.869999999999,,0.0,7319.869999999999,22542.11,0.0,0.0,22542.11,,,,,,,,,,,,,,0.0,0.0,58442.02999999999,0.0,0.0,,0.0,,0.0,,,,,,,,58442.02999999999,0.0
601,UTTAR PRADESH,MORADABAD,,992.9,0.0,0.0,992.9,224944.0,0.0,0.0,224944.0,0.0,224944.0,42717.87,0.0,0.0,42717.87,9176.18,,0.0,9176.18,2991.09,0.0,0.0,2991.09,13686.550000000001,0.0,0.0,13686.550000000001,2005.9,0.0,0.0,2005.9,,,,,1280.201,0.0,0.0,1280.201,150.0,0.0,0.0,150.0,72007.79000000001,0.0,0.0,72007.79000000001,,,,,,,,,,,,0.0,,,,0.0,,,,,,,,,,,,,,,,0.0,72007.79000000001,0.0,0.0,72007.79000000001,4440.869999999999,0.0,0.0,4440.869999999999,67566.92,0.0,0.0,67566.92,10051.78108125,,,10051.78108125,0.0,,,0.0,47402.83,,,47402.83,57454.62,,,57454.62,85.03365256252616,,,85.03365256252616,11804.710000000001,0.0,0.0,11804.710000000001,12582.819999999998,0.0,0.0,12582.819999999998,,,,,,,,,,,,,,0.0,0.0,67566.92,0.0,0.0,,0.0,,0.0,,,,,,,,67566.92,0.0
602,UTTAR PRADESH,MUZAFFARNAGAR,,869.1,0.0,0.0,869.1,275666.0,0.0,0.0,275666.0,0.0,275666.0,53715.619999999995,0.0,0.0,53715.619999999995,29653.78,,0.0,29653.78,14034.699999999999,0.0,0.0,14034.699999999999,19866.33,0.0,0.0,19866.33,286.73,,,286.73,,,,,,,,,,,,,117557.13,0.0,0.0,117557.13,,,,,,,,,,,,0.0,,,,0.0,,,,,,,,,,,,,,,,0.0,117557.13,0.0,0.0,117557.13,9403.86,0.0,0.0,9403.86,108153.26999999999,0.0,0.0,108153.26999999999,6555.944579999999,,,6555.944579999999,0.0,,,0.0,71932.2,,,71932.2,78488.16,,,78488.16,72.57123154944831,,,72.57123154944831,7363.969999999999,0.0,0.0,7363.969999999999,30173.689999999995,0.0,0.0,30173.689999999995,,,,,,,,,,,,,,0.0,0.0,108153.26999999999,0.0,0.0,,0.0,,0.0,,,,,,,,108153.26999999999,0.0
603,UTTAR PRADESH,PILIBHIT,,1155.4,0.0,0.0,1155.3999999999999,336959.0,0.0,0.0,336959.0,0.0,336959.0,77700.83,0.0,0.0,77700.83,14758.520000000002,,0.0,14758.520000000002,6759.650000000001,0.0,0.0,6759.650000000001,20201.34,0.0,0.0,20201.34,419.28,0.0,0.0,419.28,,,,,,,,,,,,,119839.62,0.0,0.0,119839.62,,,,,,,,,,,,0.0,,,,0.0,,,,,,,,,,,,,,,,0.0,119839.62,0.0,0.0,119839.62,7654.219999999999,0.0,0.0,7654.219999999999,112185.40000000001,0.0,0.0,112185.40000000001,5158.33695,,,5158.33695,0.0,,,0.0,59010.41,,,59010.41,64168.75000000001,,,64168.75000000001,57.19884227359353,,,57.19884227359353,5768.94,,0.0,5768.94,47406.05,0.0,0.0,47406.05,,,,,,,,,,,,,,0.0,0.0,112185.40000000001,0.0,0.0,,0.0,,0.0,,,,,,,,112185.40000000001,0.0
604,UTTAR PRADESH,PRATAPGARH,,943.6000000000001,0.0,0.0,943.6000000000001,371743.0,0.0,0.0,371743.0,0.0,371743.0,69552.9,0.0,0.0,69552.9,32294.34,,0.0,32294.34,16389.0,0.0,0.0,16389.0,28568.539999999994,0.0,0.0,28568.539999999994,1160.42,,,1160.42,,,,,,,,,,,,,147965.19999999998,0.0,0.0,147965.19999999998,,,,,,,,,,,,0.0,,,,0.0,,,,,,,,,,,,,,,,0.0,147965.19999999998,0.0,0.0,147965.19999999998,10344.54,0.0,0.0,10344.54,137620.66000000003,0.0,0.0,137620.66000000003,7853.585279999999,,,7853.585279999999,0.0,,,0.0,95016.46,,,95016.46,102870.03,,,102870.03,74.74897301030235,,,74.74897301030235,8699.649999999998,,0.0,8699.649999999998,33904.57,0.0,0.0,33904.57,,,,,,,,,,,,,,0.0,0.0,137620.66000000003,0.0,0.0,,0.0,,0.0,,,,,,,,137620.66000000003,0.0
605,UTTAR PRADESH,PRAYAGRAJ,,918.3000000000002,0.0,0.0,918.3000000000002,494763.0,0.0,0.0,494763.0,47370.0,542133.0,76671.70999999999,0.0,0.0,76671.70999999999,15422.940000000002,,,15422.940000000002,27707.239999999998,0.0,0.0,27707.239999999998,23886.19,0.0,0.0,23886.19,979.4000000000003,,,979.4000000000003,,,,,2248.4,0.0,0.0,2248.4,162.5,0.0,0.0,162.5,147078.38,0.0,0.0,147078.38,,,,,,,,,,,,0.0,,,,0.0,,,,,,,,,,,,,,,,0.0,147078.38,0.0,0.0,147078.38,12026.330000000002,0.0,0.0,12026.330000000002,135052.05000000002,0.0,0.0,135052.05000000002,16415.989669312497,,,16415.989669312497,0.0,,,0.0,83776.69,,,83776.69,100192.69000000002,,,100192.69000000002,74.18820373330135,,,74.18820373330135,18291.78,0.0,0.0,18291.78,35279.67,0.0,0.0,35279.67,,,,,,,,,,,,,,0.0,0.0,135052.05000000002,0.0,0.0,,0.0,,0.0,,,,,,,,135052.05000000002,0.0
606,UTTAR PRADESH,RAIBARELI,,853.0,0.0,0.0,853.0,392458.0,0.0,0.0,392458.0,0.0,392458.0,64326.850000000006,0.0,0.0,64326.850000000006,23444.530000000002,,0.0,23444.530000000002,23636.58,0.0,0.0,23636.58,18387.469999999998,0.0,0.0,18387.469999999998,1999.06,,,1999.06,,,,,,,,,,,,,131794.48,0.0,0.0,131794.48,,,,,,,,,,,,0.0,,,,0.0,,,,,,,,,,,,,,,,0.0,131794.48,0.0,0.0,131794.48,9694.670000000002,0.0,0.0,9694.670000000002,122099.81000000001,0.0,0.0,122099.81000000001,6725.426490000002,,,6725.426490000002,0.0,,,0.0,61253.82000000001,,,61253.82000000001,67979.22,,,67979.22,55.67512349118316,,,55.67512349118316,7673.420000000001,,0.0,7673.420000000001,53172.600000000006,0.0,0.0,53172.600000000006,,,,,,,,,,,,,,0.0,0.0,122099.81000000001,0.0,0.0,,0.0,,0.0,,,,,,,,122099.81000000001,0.0
607,UTTAR PRADESH,RAMPUR,,1057.6,0.0,0.0,1057.6,229790.0,0.0,0.0,229790.0,0.0,229790.0,46813.26000000001,0.0,0.0,46813.26000000001,18743.8,,0.0,18743.8,63.28,0.0,0.0,63.28,11571.27,0.0,0.0,11571.27,193.17,,,193.17,,,,,,,,,,,,,77384.78,0.0,0.0,77384.78,,,,,,,,,,,,0.0,,,,0.0,,,,,,,,,,,,,,,,0.0,77384.78,0.0,0.0,77384.78,5494.18,0.0,0.0,5494.18,71890.6,0.0,0.0,71890.6,4930.7412,,,4930.7412,0.0,,,0.0,46907.99,,,46907.99,51838.729999999996,,,51838.729999999996,72.10779990708103,,,72.10779990708103,5579.04,,0.0,5579.04,19403.579999999998,0.0,0.0,19403.579999999998,,,,,,,,,,,,,,0.0,0.0,71890.6,0.0,0.0,,0.0,,0.0,,,,,,,,71890.6,0.0
608,UTTAR PRADESH,SAHARANPUR,,963.9900000000001,0.0,0.0,963.9900000000001,368941.0,0.0,0.0,368941.0,0.0,368941.0,72925.43000000001,0.0,0.0,72925.43000000001,15260.65,,0.0,15260.65,8542.529999999999,0.0,0.0,8542.529999999999,35460.76,0.0,0.0,35460.76,357.29,,,357.29,,,,,,,,,,,,,132546.63999999998,0.0,0.0,132546.63999999998,,,,,,,,,,,,0.0,,,,0.0,,,,,,,,,,,,,,,,0.0,132546.63999999998,0.0,0.0,132546.63999999998,7829.98,0.0,0.0,7829.98,124716.66,0.0,0.0,124716.66,6976.312889999999,,,6976.312889999999,0.0,,,0.0,125786.56,,,125786.56,132762.85,,,132762.85,106.45157591616068,,,106.45157591616068,7702.089999999999,,0.0,7702.089999999999,11256.03,0.0,0.0,11256.03,,,,,,,,,,,,,,0.0,0.0,124716.66,0.0,0.0,,0.0,,0.0,,,,,,,,124716.66,0.0
609,UTTAR PRADESH,SAMBHAL,,992.9,0.0,0.0,992.9,241520.0,0.0,0.0,241520.0,0.0,241520.0,40827.11,0.0,0.0,40827.11,0.0,,0.0,0.0,0.0,0.0,0.0,0.0,8787.36,0.0,0.0,8787.36,0.0,,,0.0,,,,,,,,,,,,,49614.469999999994,0.0,0.0,49614.469999999994,,,,,,,,,,,,0.0,,,,0.0,,,,,,,,,,,,,,,,0.0,49614.469999999994,0.0,0.0,49614.469999999994,3073.58,0.0,0.0,3073.58,46540.89,0.0,0.0,46540.89,5401.35906,,,5401.35906,0.0,,,0.0,34589.16,,,34589.16,39990.51,,,39990.51,85.92553773681595,,,85.92553773681595,6263.01,0.0,0.0,6263.01,5910.42,0.0,0.0,5910.42,,,,,,,,,,,,,,0.0,0.0,46540.89,0.0,0.0,,0.0,,0.0,,,,,,,,46540.89,0.0
610,UTTAR PRADESH,SANT KABIR NAGAR,,1110.6000000000001,0.0,0.0,1110.6000000000001,164699.0,0.0,0.0,164699.0,0.0,164699.0,36215.0,0.0,0.0,36215.0,1505.18,,0.0,1505.18,327.45,0.0,0.0,327.45,7589.33,0.0,0.0,7589.33,1613.41,0.0,0.0,1613.41,,,,,,,,,,,,,47250.37,0.0,0.0,47250.37,,,,,,,,,,,,0.0,,,,0.0,,,,,,,,,,,,,,,,0.0,47250.37,0.0,0.0,47250.37,2986.5,0.0,0.0,2986.5,44263.87,0.0,0.0,44263.87,4110.76359,,,4110.76359,0.0,,,0.0,25180.86,,,25180.86,29291.61,,,29291.61,66.17498650705417,,,66.17498650705417,4631.669999999999,,0.0,4631.669999999999,14451.350000000002,0.0,0.0,14451.350000000002,,,,,,,,,,,,,,0.0,0.0,44263.87,0.0,0.0,,0.0,,0.0,,,,,,,,44263.87,0.0
611,UTTAR PRADESH,SANT RAVIDAS NAGAR,,949.6,0.0,0.0,949.6,98305.0,0.0,0.0,98305.0,3195.0,101500.0,19039.199999999997,0.0,0.0,19039.199999999997,8312.6,,,8312.6,1762.01,0.0,0.0,1762.01,6525.89,0.0,0.0,6525.89,1048.2,,,1048.2,,,,,,,,,,,,,36687.9,0.0,0.0,36687.9,,,,,,,,,,,,0.0,,,,0.0,,,,,,,,,,,,,,,,0.0,36687.9,0.0,0.0,36687.9,3170.36,0.0,0.0,3170.36,33517.54000000001,0.0,0.0,33517.54000000001,3336.17811,,,3336.17811,0.0,,,0.0,23564.51,,,23564.51,26900.7,,,26900.7,80.25857506248965,,,80.25857506248965,3626.5,,0.0,3626.5,6326.52,0.0,0.0,6326.52,,,,,,,,,,,,,,0.0,0.0,33517.54,0.0,0.0,,0.0,,0.0,,,,,,,,33517.54,0.0
612,UTTAR PRADESH,SHAHJAHANPUR,,1125.2,0.0,0.0,1125.2,458131.0,0.0,0.0,458131.0,0.0,458131.0,94114.53000000001,0.0,0.0,94114.53000000001,15155.720000000001,,0.0,15155.720000000001,502.62999999999994,0.0,0.0,502.62999999999994,24265.8,0.0,0.0,24265.8,2586.0800000000004,0.0,0.0,2586.0800000000004,,,,,,,,,,,,,136624.75,0.0,0.0,136624.75,,,,,,,,,,,,0.0,,,,0.0,,,,,,,,,,,,,,,,0.0,136624.75,0.0,0.0,136624.75,9403.679999999998,0.0,0.0,9403.679999999998,127221.06999999999,0.0,0.0,127221.06999999999,8071.56693,,,8071.56693,0.0,,,0.0,69330.62999999999,,,69330.62999999999,77402.19000000002,,,77402.19000000002,60.84070036512036,,,60.84070036512036,9367.310000000001,0.0,0.0,9367.310000000001,48523.130000000005,0.0,0.0,48523.130000000005,,,,,,,,,,,,,,0.0,0.0,127221.06999999999,0.0,0.0,,0.0,,0.0,,,,,,,,127221.06999999999,0.0
613,UTTAR PRADESH,SHAMLI,,869.0999999999999,0.0,0.0,869.0999999999999,136126.0,0.0,0.0,136126.0,0.0,136126.0,22471.39,0.0,0.0,22471.39,11198.68,,0.0,11198.68,1136.17,0.0,0.0,1136.17,10344.939999999999,0.0,0.0,10344.939999999999,58.96000000000001,,,58.96000000000001,,,,,,,,,,,,,45210.13999999999,0.0,0.0,45210.13999999999,,,,,,,,,,,,0.0,,,,0.0,,,,,,,,,,,,,,,,0.0,45210.13999999999,0.0,0.0,45210.13999999999,2660.34,0.0,0.0,2660.34,42549.8,0.0,0.0,42549.8,3009.89439,,,3009.89439,0.0,,,0.0,41319.36,,,41319.36,44329.24,,,44329.24,104.18201730677934,,,104.18201730677934,3066.96,,0.0,3066.96,2004.04,0.0,0.0,2004.04,,,,,,,,,,,,,,0.0,0.0,42549.8,0.0,0.0,,0.0,,0.0,,,,,,,,42549.8,0.0
614,UTTAR PRADESH,SHRAWASTI,,1019.71,0.0,0.0,1019.71,185782.0,0.0,0.0,185782.0,0.0,185782.0,37193.01,0.0,0.0,37193.01,1912.44,,0.0,1912.44,0.0,0.0,0.0,0.0,9615.199999999999,0.0,0.0,9615.199999999999,361.73,,,361.73,,,,,,,,,,,,,49082.380000000005,0.0,0.0,49082.380000000005,,,,,,,,,,,,0.0,,,,0.0,,,,,,,,,,,,,,,,0.0,49082.380000000005,0.0,0.0,49082.380000000005,2454.12,0.0,0.0,2454.12,46628.26,0.0,0.0,46628.26,4.526730000000001,,,4.526730000000001,0.0,,,0.0,27471.96,,,27471.96,27476.480000000003,,,27476.480000000003,58.926668076398315,,,58.926668076398315,5.29,0.0,0.0,5.29,19151.010000000002,0.0,0.0,19151.010000000002,,,,,,,,,,,,,,0.0,0.0,46628.26,0.0,0.0,,0.0,,0.0,,,,,,,,46628.26,0.0
615,UTTAR PRADESH,SIDDHARTH NAGAR,,1136.7,0.0,0.0,1136.6999999999996,289503.0,0.0,0.0,289503.0,0.0,289503.0,66226.36000000002,0.0,0.0,66226.36000000002,6128.79,,0.0,6128.79,5182.87,0.0,0.0,5182.87,14153.760000000002,0.0,0.0,14153.760000000002,1147.09,0.0,0.0,1147.09,,,,,,,,,,,,,92838.87000000001,0.0,0.0,92838.87000000001,,,,,,,,,,,,0.0,,,,0.0,,,,,,,,,,,,,,,,0.0,92838.87000000001,0.0,0.0,92838.87000000001,5237.280000000001,0.0,0.0,5237.280000000001,87601.58999999998,0.0,0.0,87601.58999999998,6930.180539999999,,,6930.180539999999,0.0,,,0.0,47152.30000000001,,,47152.30000000001,54082.51,,,54082.51,61.736904547052184,,,61.736904547052184,8079.37,,0.0,8079.37,32369.889999999992,0.0,0.0,32369.889999999992,,,,,,,,,,,,,,0.0,0.0,87601.59,0.0,0.0,,0.0,,0.0,,,,,,,,87601.59,0.0
616,UTTAR PRADESH,SITAPUR,,1003.3000000000002,0.0,0.0,1003.3000000000002,574695.0,0.0,0.0,574695.0,0.0,574695.0,113962.43000000001,0.0,0.0,113962.43000000001,68887.98999999999,,0.0,68887.98999999999,2760.8700000000003,0.0,0.0,2760.8700000000003,36905.82,0.0,0.0,36905.82,2074.02,,,2074.02,,,,,,,,,,,,,224591.13,0.0,0.0,224591.13,,,,,,,,,,,,0.0,,,,0.0,,,,,,,,,,,,,,,,0.0,224591.13,0.0,0.0,224591.13,18029.93,0.0,0.0,18029.93,206561.2,0.0,0.0,206561.2,10628.89782,,,10628.89782,0.0,,,0.0,107818.19875,,,107818.19875,118447.01,,,118447.01,57.34233244191067,,,57.34233244191067,12255.849999999999,,0.0,12255.849999999999,86487.22999999998,0.0,0.0,86487.22999999998,,,,,,,,,,,,,,0.0,0.0,206561.2,0.0,0.0,,0.0,,0.0,,,,,,,,206561.2,0.0
617,UTTAR PRADESH,SONBHADRA,,916.3474617767815,0.0,0.0,916.3474617767815,238206.0,0.0,0.0,238206.0,440603.0,678809.0,16724.32,0.0,0.0,16724.32,912.55,,0.0,912.55,3823.6199999999994,0.0,0.0,3823.6199999999994,3536.7799999999997,0.0,0.0,3536.7799999999997,206.81000000000003,,,206.81000000000003,,,,,,,,,,,,,25204.079999999998,0.0,0.0,25204.079999999998,,,,,,,,,,,,0.0,,,,0.0,,,,,,,,,,,,,,,,0.0,25204.079999999998,0.0,0.0,25204.079999999998,1830.31,0.0,0.0,1830.31,23373.770000000004,0.0,0.0,23373.770000000004,4071.87138,,,4071.87138,0.0,,,0.0,11043.47,,,11043.47,15115.33,,,15115.33,64.66791621548427,,,64.66791621548427,4747.9400000000005,,0.0,4747.9400000000005,7582.39,0.0,0.0,7582.39,,,,,,,,,,,,,,0.0,0.0,23373.770000000004,0.0,0.0,,0.0,,0.0,,,,,,,,23373.770000000004,0.0
618,UTTAR PRADESH,SULTANPUR,,944.5,0.0,0.0,944.5,267020.0,0.0,0.0,267020.0,0.0,267020.0,46063.45999999999,0.0,0.0,46063.45999999999,21808.300000000003,,0.0,21808.300000000003,6309.85,0.0,0.0,6309.85,15066.48,0.0,0.0,15066.48,1667.51,,,1667.51,,,,,,,,,,,,,90915.59000000001,0.0,0.0,90915.59000000001,,,,,,,,,,,,0.0,,,,0.0,,,,,,,,,,,,,,,,0.0,90915.59000000001,0.0,0.0,90915.59000000001,7272.669999999999,0.0,0.0,7272.669999999999,83642.92,0.0,0.0,83642.92,5776.602420000001,,,5776.602420000001,0.0,,,0.0,44641.36000000001,,,44641.36000000001,50417.979999999996,,,50417.979999999996,60.277642148313326,,,60.277642148313326,6429.210000000001,,0.0,6429.210000000001,32572.329999999998,0.0,0.0,32572.329999999998,,,,,,,,,,,,,,0.0,0.0,83642.92,0.0,0.0,,0.0,,0.0,,,,,,,,83642.92,0.0
619,UTTAR PRADESH,UNNAO,,907.2,0.0,0.0,907.2,460234.0,0.0,0.0,460234.0,0.0,460234.0,78009.6,0.0,0.0,78009.6,63234.77999999999,,0.0,63234.77999999999,15099.84,0.0,0.0,15099.84,29854.18,0.0,0.0,29854.18,2908.21,,,2908.21,,,,,,,,,,,,,189106.61,0.0,0.0,189106.61,,,,,,,,,,,,0.0,,,,0.0,,,,,,,,,,,,,,,,0.0,189106.61,0.0,0.0,189106.61,11605.65,0.0,0.0,11605.65,177500.96,0.0,0.0,177500.96,8150.96757,,,8150.96757,0.0,,,0.0,99531.27250000002,,,99531.27250000002,107682.23,,,107682.23,60.66571696288291,,,60.66571696288291,9372.65,0.0,0.0,9372.65,68597.04,0.0,0.0,68597.04,,,,,,,,,,,,,,0.0,0.0,177500.96,0.0,0.0,,0.0,,0.0,,,,,,,,177500.96,0.0
620,UTTAR PRADESH,VARANASI,,1037.6,0.0,0.0,1037.6,156374.0,0.0,0.0,156374.0,0.0,156374.0,27948.960000000003,0.0,0.0,27948.960000000003,12113.170000000002,,0.0,12113.170000000002,2664.2999999999997,0.0,0.0,2664.2999999999997,11512.630000000001,0.0,0.0,11512.630000000001,200.69,,,200.69,,,,,2409.0,0.0,0.0,2409.0,200.0,0.0,0.0,200.0,57048.759999999995,0.0,0.0,57048.759999999995,,,,,,,,,,,,0.0,,,,0.0,,,,,,,,,,,,,,,,0.0,57048.759999999995,0.0,0.0,57048.759999999995,3654.3999999999996,0.0,0.0,3654.3999999999996,53394.35999999999,0.0,0.0,53394.35999999999,10328.04700654,,,10328.04700654,0.0,,,0.0,38375.399999999994,,,38375.399999999994,48703.439999999995,,,48703.439999999995,91.21457771944452,,,91.21457771944452,10946.310000000001,0.0,0.0,10946.310000000001,8690.25,0.0,0.0,8690.25,,,,,,,,,,,,,,0.0,0.0,53394.36,0.0,0.0,,0.0,,0.0,,,,,,,,53394.36,0.0
621,UTTARAKHAND,ALMORA,,0.0,0.0,0.0,0.0,0.0,0.0,0.0,0.0,314100.0,314100.0,,,,,,,,,,,,,,,,,,,,,,,,,,,,,,,,,,,,,,,,,,,,,,,,0.0,,,,0.0,,,,,,,,,,,,,,,,0.0,,,,0.0,,,,0.0,0.0,0.0,0.0,0.0,,,,,,,,,,,,,,,,,,,,,,,,,0.0,0.0,0.0,0.0,,,,,,,,,,,,,,0.0,0.0,0.0,0.0,0.0,,0.0,,0.0,,,,,,,,0.0,0.0
622,UTTARAKHAND,BAGESHWAR,,0.0,0.0,0.0,0.0,0.0,0.0,0.0,0.0,93300.0,93300.0,,,,,,,,,,,,,,,,,,,,,,,,,,,,,,,,,,,,,,,,,,,,,,,,0.0,,,,0.0,,,,,,,,,,,,,,,,0.0,,,,0.0,,,,0.0,0.0,0.0,0.0,0.0,,,,,,,,,,,,,,,,,,,,,,,,,0.0,0.0,0.0,0.0,,,,,,,,,,,,,,0.0,0.0,0.0,0.0,0.0,,0.0,,0.0,,,,,,,,0.0,0.0
623,UTTARAKHAND,CHAMOLI,,0.0,0.0,0.0,0.0,0.0,0.0,0.0,0.0,371900.0,371900.0,,,,,,,,,,,,,,,,,,,,,,,,,,,,,,,,,,,,,,,,,,,,,,,,0.0,,,,0.0,,,,,,,,,,,,,,,,0.0,,,,0.0,,,,0.0,0.0,0.0,0.0,0.0,,,,,,,,,,,,,,,,,,,,,,,,,0.0,0.0,0.0,0.0,,,,,,,,,,,,,,0.0,0.0,0.0,0.0,0.0,,0.0,,0.0,,,,,,,,0.0,0.0
624,UTTARAKHAND,CHAMPAWAT,,0.0,0.0,0.0,0.0,0.0,0.0,0.0,0.0,159600.0,159600.0,,,,,,,,,,,,,,,,,,,,,,,,,,,,,,,,,,,,,,,,,,,,,,,,0.0,,,,0.0,,,,,,,,,,,,,,,,0.0,,,,0.0,,,,0.0,0.0,0.0,0.0,0.0,,,,,,,,,,,,,,,,,,,,,,,,,0.0,0.0,0.0,0.0,,,,,,,,,,,,,,0.0,0.0,0.0,0.0,0.0,,0.0,,0.0,,,,,,,,0.0,0.0
625,UTTARAKHAND,DEHRADUN,,2183.6,0.0,0.0,2183.6,125544.0,0.0,0.0,125544.0,163900.0,289444.0,55304.91,0.0,0.0,55304.91,625.0699999999999,,0.0,625.0699999999999,2189.63,0.0,0.0,2189.63,1590.29,0.0,0.0,1590.29,0.0,0.0,0.0,0.0,0.0,0.0,0.0,0.0,,,,,,,,,59709.89,0.0,0.0,59709.89,,,,,,,,,,,,0.0,,,,0.0,,,,,,,,,,,,,,,,0.0,59709.89,0.0,0.0,59709.89,4826.06,0.0,0.0,4826.06,54883.83,0.0,0.0,54883.83,5460.8099999999995,,,5460.8099999999995,596.2906,,,596.2906,5889.71,,,5889.71,11946.810000000001,,,11946.810000000001,21.76744953841596,,,21.76744953841596,5460.81,,0.0,5460.81,42937.020000000004,0.0,0.0,42937.020000000004,,,,,,,,,,,,,,0.0,0.0,54883.83,0.0,0.0,,0.0,,0.0,,,,,,,,54883.83,0.0
626,UTTARAKHAND,HARIDWAR,,1020.0,0.0,0.0,1020.0,156835.0,0.0,0.0,156835.0,0.0,156835.0,30014.020000000004,0.0,0.0,30014.020000000004,7865.49,,0.0,7865.49,1715.62,0.0,0.0,1715.62,6405.589999999999,0.0,0.0,6405.589999999999,0.0,0.0,0.0,0.0,0.0,0.0,0.0,0.0,,,,,,,,,46000.72,0.0,0.0,46000.72,,,,,,,,,,,,0.0,,,,0.0,,,,,,,,,,,,,,,,0.0,46000.72,0.0,0.0,46000.72,4302.29,0.0,0.0,4302.29,41698.43,0.0,0.0,41698.43,2908.1666999999998,,,2908.1666999999998,2330.8966,,,2330.8966,20371.079999999998,,,20371.079999999998,25610.140000000003,,,25610.140000000003,61.41751619905115,,,61.41751619905115,3287.61,,0.0,3287.61,15708.849999999999,0.0,0.0,15708.849999999999,,,,,,,,,,,,,,0.0,0.0,41698.43,0.0,0.0,,0.0,,0.0,,,,,,,,41698.43,0.0
627,UTTARAKHAND,NAINITAL,,1711.0,0.0,0.0,1711.0,23643.0,0.0,0.0,23643.0,175400.0,199043.0,8223.33,0.0,0.0,8223.33,2215.38,,0.0,2215.38,6837.51,0.0,0.0,6837.51,1257.5300000000002,0.0,0.0,1257.5300000000002,,,,,0.0,0.0,0.0,0.0,,,,,,,,,18533.76,0.0,0.0,18533.76,,,,,,,,,,,,0.0,,,,0.0,,,,,,,,,,,,,,,,0.0,18533.76,0.0,0.0,18533.76,1853.38,0.0,0.0,1853.38,16680.379999999997,0.0,0.0,16680.379999999997,3316.11,,,3316.11,887.9950000000001,,,887.9950000000001,5352.69,,,5352.69,9556.8,,,9556.8,57.29365877755783,,,57.29365877755783,3316.11,,0.0,3316.11,7123.58,0.0,0.0,7123.58,,,,,,,,,,,,,,0.0,0.0,16680.379999999997,0.0,0.0,,0.0,,0.0,,,,,,,,16680.379999999997,0.0
628,UTTARAKHAND,PAURIGARHWAL,,0.0,0.0,0.0,0.0,0.0,0.0,0.0,0.0,402100.0,402100.0,,,,,,,,,,,,,,,,,,,,,,,,,,,,,,,,,,,,,,,,,,,,,,,,0.0,,,,0.0,,,,,,,,,,,,,,,,0.0,,,,0.0,,,,0.0,0.0,0.0,0.0,0.0,,,,,,,,,,,,,,,,,,,,,,,,,0.0,0.0,0.0,0.0,,,,,,,,,,,,,,0.0,0.0,0.0,0.0,0.0,,0.0,,0.0,,,,,,,,0.0,0.0
629,UTTARAKHAND,PITHORAGARH,,0.0,0.0,0.0,0.0,0.0,0.0,0.0,0.0,220300.0,220300.0,,,,,,,,,,,,,,,,,,,,,,,,,,,,,,,,,,,,,,,,,,,,,,,,0.0,,,,0.0,,,,,,,,,,,,,,,,0.0,,,,0.0,,,,0.0,0.0,0.0,0.0,0.0,,,,,,,,,,,,,,,,,,,,,,,,,0.0,0.0,0.0,0.0,,,,,,,,,,,,,,0.0,0.0,0.0,0.0,0.0,,0.0,,0.0,,,,,,,,0.0,0.0
630,UTTARAKHAND,RUDRAPRAYAG,,0.0,0.0,0.0,0.0,0.0,0.0,0.0,0.0,166500.0,166500.0,,,,,,,,,,,,,,,,,,,,,,,,,,,,,,,,,,,,,,,,,,,,,,,,0.0,,,,0.0,,,,,,,,,,,,,,,,0.0,,,,0.0,,,,0.0,0.0,0.0,0.0,0.0,,,,,,,,,,,,,,,,,,,,,,,,,0.0,0.0,0.0,0.0,,,,,,,,,,,,,,0.0,0.0,0.0,0.0,0.0,,0.0,,0.0,,,,,,,,0.0,0.0
631,UTTARAKHAND,TEHRI GARHWAL,,0.0,0.0,0.0,0.0,0.0,0.0,0.0,0.0,469311.0,469311.0,,,,,,,,,,,,,,,,,,,,,,,,,,,,,,,,,,,,,,,,,,,,,,,,0.0,,,,0.0,,,,,,,,,,,,,,,,0.0,,,,0.0,,,,0.0,0.0,0.0,0.0,0.0,,,,,,,,,,,,,,,,,,,,,,,,,0.0,0.0,0.0,0.0,,,,,,,,,,,,,,0.0,0.0,0.0,0.0,0.0,,0.0,,0.0,,,,,,,,0.0,0.0
632,UTTARAKHAND,UDHAMSINGH NAGAR,,1465.3000000000002,0.0,0.0,1465.3000000000002,193282.0,0.0,0.0,193282.0,0.0,193282.0,45701.45,0.0,0.0,45701.45,6181.0599999999995,,0.0,6181.0599999999995,16366.3,0.0,0.0,16366.3,9883.25,0.0,0.0,9883.25,0.0,0.0,0.0,0.0,0.0,0.0,0.0,0.0,,,,,,,,,78132.07,0.0,0.0,78132.07,,,,,,,,,,,,0.0,,,,0.0,,,,,,,,,,,,,,,,0.0,78132.07,0.0,0.0,78132.07,6104.520000000001,0.0,0.0,6104.520000000001,72027.55,0.0,0.0,72027.55,3372.3937599999995,,,3372.3937599999995,4955.8671,,,4955.8671,31268.559999999998,,,31268.559999999998,39596.840000000004,,,39596.840000000004,54.97457570054792,,,54.97457570054792,3545.7,,0.0,3545.7,32257.400000000005,0.0,0.0,32257.400000000005,,,,,,,,,,,,,,0.0,0.0,72027.55,0.0,0.0,,0.0,,0.0,,,,,,,,72027.55,0.0
633,UTTARAKHAND,UTTARKASHI,,0.0,0.0,0.0,0.0,0.0,0.0,0.0,0.0,171100.0,171100.0,,,,,,,,,,,,,,,,,,,,,,,,,,,,,,,,,,,,,,,,,,,,,,,,0.0,,,,0.0,,,,,,,,,,,,,,,,0.0,,,,0.0,,,,0.0,0.0,0.0,0.0,0.0,,,,,,,,,,,,,,,,,,,,,,,,,0.0,0.0,0.0,0.0,,,,,,,,,,,,,,0.0,0.0,0.0,0.0,0.0,,0.0,,0.0,,,,,,,,0.0,0.0
634,WEST BENGAL,ALIPURDUAR,,0.0,0.0,0.0,0.0,0.0,157892.0,0.0,157892.0,0.0,157892.0,,121126.84,,121126.84,,,,,,,,,,,,,,,,,,,,,,,,,,,,,,124952.94,,124952.94,,,,,,,,,,,,,,,,,,,,,,,,,,,,,,,,,,124952.94,,124952.94,,12495.29,,12495.29,,112457.65,,112457.65,,1074.7600000000002,,1074.7600000000002,,537.3900000000001,,537.3900000000001,,4211.9,,4211.9,,5824.049999999999,,5824.049999999999,,5.178882895027594,,5.178882895027594,,,,,,106078.63,,106078.63,,,,,,,,,,,,,,,,,,,,,,,,,,,,,,0.0,0.0
635,WEST BENGAL,BANKURA,,0.0,0.0,0.0,0.0,339245.0,348120.0,0.0,687365.0,0.0,687365.0,62882.9732998894,60909.05670011061,,123792.02999999998,,,,,,,,,,,,,,,,,,,,,,,,,,,,,91574.53437684967,86427.53562315034,,178002.06999999995,,,,,,,,,,,,,,,,,,,,,,,,,,,,,,,,,91574.53437684967,86427.53562315034,,178002.06999999995,8967.718421681908,7265.241578318091,,16232.96,82606.81595516775,79162.29404483225,,161769.11,1784.6778370560987,1945.0221629439013,,3729.6999999999994,110.95667718373122,861.5433228162688,,972.5,42224.02023477333,27756.24976522667,,69980.27,44119.659847252304,30562.81015274769,,74682.46999999999,53.40922457439451,38.6077873582579,,46.166088198173306,,,,,36859.813788492436,47566.57621150756,,84426.39,,,,,,,,,,,,,,,,,,,,,,,,,,,,,,0.0,0.0
636,WEST BENGAL,BIRBHUM,,0.0,0.0,0.0,0.0,507684.0,218646.0,0.0,726330.0,0.0,726330.0,155432.65542752828,57715.524572471724,,213148.18000000005,,,,,,,,,,,,,,,,,,,,,,,,,,,,,190101.64726409997,71544.78273590004,,261646.43000000002,,,,,,,,,,,,,,,,,,,,,,,,,,,,,,,,,190101.64726409997,71544.78273590004,,261646.43000000002,18685.920949289255,6082.739050710744,,24768.660000000003,171415.7263148107,65462.04368518928,,236877.77,5029.007190712783,3052.6428092872175,,8081.650000000001,95.96545414061661,1430.3845458593835,,1526.3500000000001,70511.04239917945,23548.557600820546,,94059.59999999998,75636.01504403287,28031.574955967146,,103667.58999999998,44.124315003119854,42.82111186563712,,43.76417001899334,,,,,91096.20040310953,35959.679596890484,,127055.88,,,,,,,,,,,,,,,,,,,,,,,,,,,,,,0.0,0.0
637,WEST BENGAL,DAKSHIN DINAJPUR,,0.0,0.0,0.0,0.0,381821.0,72540.0,0.0,454361.0,0.0,454361.0,92321.89416338423,12420.035836615767,,104741.93000000001,,,,,,,,,,,,,,,,,,,,,,,,,,,,,113527.4667134301,14955.433286569903,,128482.9,,,,,,,,,,,,,,,,,,,,,,,,,,,,,,,,,113527.4667134301,14955.433286569903,,128482.9,10789.14472886203,1119.80527113797,,11908.95,102738.32198456807,13835.628015431932,,116573.95,3188.8954141261534,506.16458587384665,,3695.0600000000004,23.01550747315599,230.064492526844,,253.07999999999998,33725.85992553823,2465.9400744617706,,36191.799999999996,36937.770847137544,3202.1691528624615,,40139.94,35.95325496233608,23.144371540567857,,34.43302727581934,,,,,62297.82953973992,10303.900460260076,,72601.73,,,,,,,,,,,,,,,,,,,,,,,,,,,,,,0.0,0.0
638,WEST BENGAL,DARJILING,,0.0,0.0,0.0,0.0,0.0,225082.0,0.0,225082.0,0.0,225082.0,,82762.47000000002,,82762.47000000002,,,,,,,,,,,,,,,,,,,,,,,,,,,,,,107951.74000000002,,107951.74000000002,,,,,,,,,,,,,,,,,,,,,,,,,,,,,,,,,,107951.74000000002,,107951.74000000002,,9115.640000000001,,9115.640000000001,,98836.09999999999,,98836.09999999999,,1745.8099999999997,,1745.8099999999997,,872.8999999999999,,872.8999999999999,,50706.0,,50706.0,,53324.72,,53324.72,,53.952675186495625,,53.952675186495625,,,,,,44780.770000000004,,44780.770000000004,,,,,,,,,,,,,,,,,,,,,,,,,,,,,,0.0,0.0
639,WEST BENGAL,HAORA,,0.0,0.0,0.0,0.0,27512.0,31529.0,0.0,59041.0,0.0,59041.0,11607.74911262672,13302.590887373282,,24910.34,,,,,,,,,,,,,,,,,,,,,,,,,,,,,15374.801745718976,17582.678254281025,,32957.479999999996,,,,,,,,,,,,,,,,,,,,,,,,,,,,,,,,,15374.801745718976,17582.678254281025,,32957.479999999996,1537.4754105531338,1758.2645894468662,,3295.74,13837.326335165842,15824.41366483416,,29661.74,760.787724413816,1063.6922755861842,,1824.48,76.95810521718056,454.89189478281946,,531.85,3525.250800553366,1444.7491994466338,,4970.0,4362.996630184362,2963.3333698156375,,7326.33,31.530633335547993,18.72633914014086,,24.69959618012969,,,,,7794.057605743697,10859.1123942563,,18653.17,,,,,,,,,,,,,,,,,,,,,,,,,,,,,,0.0,0.0
640,WEST BENGAL,HUGLI,,0.0,0.0,0.0,0.0,209906.0,103849.0,0.0,313755.0,0.0,313755.0,74555.64858105096,36975.78141894904,,111531.43,,,,,,,,,,,,,,,,,,,,,,,,,,,,,90060.7702588825,48963.219741117486,,139023.99,,,,,,,,,,,,,,,,,,,,,,,,,,,,,,,,,90060.7702588825,48963.219741117486,,139023.99,9006.089120486438,4896.320879513562,,13902.410000000002,81054.68113839607,44066.89886160393,,125121.58000000002,2903.904431826359,2845.0055681736408,,5748.909999999999,206.4551000313108,1216.0448999686894,,1422.5,37668.6060935665,16933.193906433495,,54601.8,40778.96916279196,20994.250837208045,,61773.219999999994,50.31044301212447,47.641770534256075,,49.37055622219603,,,,,37996.77460095109,21853.73539904891,,59850.509999999995,,,,,,,,,,,,,,,,,,,,,,,,,,,,,,0.0,0.0
641,WEST BENGAL,JALPAIGURI,,0.0,0.0,0.0,0.0,0.0,224547.0,0.0,224547.0,0.0,224547.0,,172261.23,,172261.23,,,,,,,,,,,,,,,,,,,,,,,,,,,,,,184452.94999999998,,184452.94999999998,,,,,,,,,,,,,,,,,,,,,,,,,,,,,,,,,,184452.94999999998,,184452.94999999998,,18445.300000000003,,18445.300000000003,,166007.65,,166007.65,,1855.7399999999998,,1855.7399999999998,,927.8699999999999,,927.8699999999999,,4029.3,,4029.3,,6812.91,,6812.91,,4.103973521702162,,4.103973521702162,,,,,,158236.5,,158236.5,,,,,,,,,,,,,,,,,,,,,,,,,,,,,,0.0,0.0
642,WEST BENGAL,JHARGRAM,,0.0,0.0,0.0,0.0,0.0,338843.0,0.0,338843.0,0.0,338843.0,,245713.23,,245713.23,,,,,,,,,,,,,,,,,,,,,,,,,,,,,,262957.31,,262957.31,,,,,,,,,,,,,,,,,,,,,,,,,,,,,,,,,,262957.31,,262957.31,,26295.71,,26295.71,,236661.59999999998,,236661.59999999998,,2964.8299999999995,,2964.8299999999995,,1482.4099999999999,,1482.4099999999999,,42261.5,,42261.5,,46708.759999999995,,46708.759999999995,,19.73651830292705,,19.73651830292705,,,,,,188411.85,,188411.85,,,,,,,,,,,,,,,,,,,,,,,,,,,,,,0.0,0.0
643,WEST BENGAL,KALIMPONG,,0.0,0.0,0.0,0.0,0.0,367861.0,0.0,367861.0,0.0,367861.0,,118256.06,,118256.06,,,,,,,,,,,,,,,,,,,,,,,,,,,,,,150784.97,,150784.97,,,,,,,,,,,,,,,,,,,,,,,,,,,,,,,,,,150784.97,,150784.97,,14697.369999999997,,14697.369999999997,,136087.6,,136087.6,,4261.62,,4261.62,,2130.8,,2130.8,,59108.600000000006,,59108.600000000006,,65501.030000000006,,65501.030000000006,,48.13151969760654,,48.13151969760654,,,,,,67150.62999999999,,67150.62999999999,,,,,,,,,,,,,,,,,,,,,,,,,,,,,,0.0,0.0
644,WEST BENGAL,KOCH BIHAR,,0.0,0.0,0.0,0.0,203467.0,331646.0,0.0,535113.0,0.0,535113.0,48165.0823855616,127988.63761443838,,176153.72000000003,,,,,,,,,,,,,,,,,,,,,,,,,,,,,64322.68815554211,184777.33184445783,,249100.01999999993,,,,,,,,,,,,,,,,,,,,,,,,,,,,,,,,,64322.68815554211,184777.33184445783,,249100.01999999993,6432.279355380789,16941.370644619208,,23373.649999999998,57890.40880016132,167835.96119983867,,225726.37,2120.28112993211,5444.29887006789,,7564.580000000001,25.091474087517643,2697.058525912482,,2722.1499999999996,32680.907683000605,153506.0923169994,,186186.99999999997,34826.28028702023,161647.44971297978,,196473.73,60.158981442402904,96.31276191191806,,87.040663436886,,,,,20353.77226322511,1861.7777367748868,,22215.549999999996,,,,,,,,,,,,,,,,,,,,,,,,,,,,,,0.0,0.0
645,WEST BENGAL,KOLKATTA,,0.0,0.0,0.0,0.0,0.0,394433.0,0.0,394433.0,0.0,394433.0,,157534.04,,157534.04,,,,,,,,,,,,,,,,,,,,,,,,,,,,,,223533.12000000002,,223533.12000000002,,,,,,,,,,,,,,,,,,,,,,,,,,,,,,,,,,223533.12000000002,,223533.12000000002,,18795.48,,18795.48,,204737.63999999996,,204737.63999999996,,5411.490000000001,,5411.490000000001,,2705.73,,2705.73,,179222.2,,179222.2,,187339.45,,187339.45,,91.50220252612077,,91.50220252612077,,,,,,14914.27,,14914.27,,,,,,,,,,,,,,,,,,,,,,,,,,,,,,0.0,0.0
646,WEST BENGAL,MALDA,,0.0,0.0,0.0,0.0,0.0,303994.0,0.0,303994.0,0.0,303994.0,,132534.78,,132534.78,,,,,,,,,,,,,,,,,,,,,,,,,,,,,,166246.96,,166246.96,,,,,,,,,,,,,,,,,,,,,,,,,,,,,,,,,,166246.96,,166246.96,,16307.620000000003,,16307.620000000003,,149939.34,,149939.34,,9603.170000000002,,9603.170000000002,,4801.6,,4801.6,,84524.59999999999,,84524.59999999999,,98929.37999999999,,98929.37999999999,,65.9796021511099,,65.9796021511099,,,,,,46378.829999999994,,46378.829999999994,,,,,,,,,,,,,,,,,,,,,,,,,,,,,,0.0,0.0
647,WEST BENGAL,MURSHIDABAD,,0.0,0.0,0.0,0.0,463561.0,470977.0,0.0,934538.0,0.0,934538.0,148635.3812604863,161896.40873951372,,310531.79000000004,,,,,,,,,,,,,,,,,,,,,,,,,,,,,175619.83279165978,188234.82720834026,,363854.66000000003,,,,,,,,,,,,,,,,,,,,,,,,,,,,,,,,,175619.83279165978,188234.82720834026,,363854.66000000003,17300.437034541676,17690.72296545833,,34991.16,158319.3957571181,170544.1042428819,,328863.49999999994,2943.431895317286,3333.148104682714,,6276.579999999999,146.44950807028718,1520.1104919297131,,1666.56,46459.421654928934,64460.178345071065,,110919.6,49549.29285630123,69313.44714369877,,118862.73999999999,31.29704520368186,40.64253493335976,,36.14348810372693,,,,,105806.82330923667,99229.29669076334,,205036.12,,,,,,,,,,,,,,,,,,,,,,,,,,,,,,0.0,0.0
648,WEST BENGAL,NADIA,,0.0,0.0,0.0,0.0,15450.0,151591.0,0.0,167041.0,0.0,167041.0,6403.72,62831.48,,69235.20000000001,,,,,,,,,,,,,,,,,,,,,,,,,,,,,8644.76,72767.78,,81412.54000000001,,,,,,,,,,,,,,,,,,,,,,,,,,,,,,,,,8644.76,72767.78,,81412.54000000001,864.48,7276.780000000001,,8141.26,7780.28,65490.99999999999,,73271.27999999998,237.48,1873.6,,2111.08,0.0,936.81,,936.81,1064.0,20498.4,,21562.4,1301.48,23308.800000000007,,24610.280000000002,16.72793267080362,35.59084454352508,,33.58789419264957,,,,,6227.9,41139.54,,47367.44,,,,,,,,,,,,,,,,,,,,,,,,,,,,,,0.0,0.0
649,WEST BENGAL,NORTH 24 PARGANAS,,0.0,0.0,0.0,0.0,0.0,622386.0,0.0,622386.0,0.0,622386.0,,67267.77,,67267.77,,,,,,,,,,,,,,,,,,,,,,,,,,,,,,80085.76,,80085.76,,,,,,,,,,,,,,,,,,,,,,,,,,,,,,,,,,80085.76,,80085.76,,7361.68,,7361.68,,72724.07999999999,,72724.07999999999,,3084.72,,3084.72,,1542.35,,1542.35,,2232.8,,2232.8,,6859.890000000001,,6859.890000000001,,9.432762848289043,,9.432762848289043,,,,,,64079.31,,64079.31,,,,,,,,,,,,,,,,,,,,,,,,,,,,,,0.0,0.0
650,WEST BENGAL,PASCHIM BARDDHAMAN,,0.0,0.0,0.0,0.0,0.0,311913.0,0.0,311913.0,0.0,311913.0,,113634.09,,113634.09,,,,,,,,,,,,,,,,,,,,,,,,,,,,,,145529.35,,145529.35,,,,,,,,,,,,,,,,,,,,,,,,,,,,,,,,,,145529.35,,145529.35,,12014.51,,12014.51,,133514.84,,133514.84,,3207.52,,3207.52,,1603.75,,1603.75,,78133.6,,78133.6,,82944.87,,82944.87,,62.124082985831386,,62.124082985831386,,,,,,47811.909999999996,,47811.909999999996,,,,,,,,,,,,,,,,,,,,,,,,,,,,,,0.0,0.0
651,WEST BENGAL,PASCHIM MEDINIPUR,,0.0,0.0,0.0,0.0,0.0,80201.0,0.0,80201.0,0.0,80201.0,,52238.92,,52238.92,,,,,,,,,,,,,,,,,,,,,,,,,,,,,,52238.92,,52238.92,,,,,,,,,,,,,,,,,,,,,,,,,,,,,,,,,,52238.92,,52238.92,,5223.89,,5223.89,,47015.03,,47015.03,,985.3700000000001,,985.3700000000001,,492.68000000000006,,492.68000000000006,,1169.1,,1169.1,,2647.15,,2647.15,,5.630433501797191,,5.630433501797191,,,,,,43833.19,,43833.19,,,,,,,,,,,,,,,,,,,,,,,,,,,,,,0.0,0.0
Total,,,,865.0017635542046,1083.0105601486414,457.8902983808581,984.8203680711697,67637046.25688899,154063038.67015207,13328719.057830002,235028803.98577112,45493253.41163089,280522057.38240194,9239251.813340727,15918558.432118943,824526.3077365623,25982336.543196265,2598030.477470023,0.0,29421.410000000003,2628461.9474700238,3509112.138292006,1081533.7835723532,297445.8444938868,4876861.863585557,2938473.8194239237,2416846.1093187365,37556.769638844235,5392876.728381504,579153.6420723487,488480.6196148088,67146.86,1134781.1316871583,270009.8888683424,641059.519018341,13100.298603829166,924169.7064905127,21210.223,3673.725,0.0,24883.948000000004,1277.5,23725.605606164383,0.0,25003.105606164383,19345213.421830155,21015677.23328448,1269197.6128884163,41630088.268003024,0.0,0.0,0.0,0.0,,,,,0.0,0.0,0.0,0.0,0.0,0.0,0.0,0.0,0.0,974.05,0.0,974.05,0.0,16407.3,0.0,16407.3,0.0,0.0,0.0,0.0,0.0,-17381.35,0.0,-17381.35,19345213.421830155,20998295.88328448,1269197.6128884163,41612706.91800302,1519355.2205983817,1752835.6508470888,97532.07842147723,3369722.2898669494,17825858.201231755,19245460.232437365,1171665.5344669388,38242983.96813609,908830.8315277514,1413863.0785833378,22869.801056833337,2345563.7111679236,91984.24114198038,188961.33395316012,3589.34035,284534.9154451403,11435778.148493255,9998507.94319406,366784.11134937877,21801070.203036673,12436591.398050586,11601329.360364195,393242.3839850619,24431163.36239984,69.76713972285063,60.280862189051064,33.56268255889011,64.84236869380643,985051.8029842692,1606345.1600702368,0.0,2614627.113054505,7443298.471978713,8765108.946644293,942992.3552917783,16208407.418623006,,,,,,,460412.083640691,19475.07,4499.70056796768,,,,,161627924.12662745,2715127.5899999994,196043395.45029664,3886793.134466939,15746907.57,,5607979983052.121,,5482625186637.86,,,,,,,,196043395.45029664,3886793.134466939
