S.No,STATE,DISTRICT,ASSESSMENT UNIT,Rainfall (mm)_C,Rainfall (mm)_NC,Rainfall (mm)_PQ,Rainfall (mm)_Total,Total Geographical Area (ha)_Recharge Worthy Area (ha)_C,Total Geographical Area (ha)_Recharge Worthy Area (ha)_NC,Total Geographical Area (ha)_Recharge Worthy Area (ha)_PQ,Total Geographical Area (ha)_Recharge Worthy Area (ha)_Total,Total Geographical Area (ha)_Hilly Area_Total,Total Geographical Area (ha)_Total_Total,Ground Water Recharge (ham)_Rainfall Recharge_C,Ground Water Recharge (ham)_Rainfall Recharge_NC,Ground Water Recharge (ham)_Rainfall Recharge_PQ,Ground Water Recharge (ham)_Rainfall Recharge_Total,Ground Water Recharge (ham)_Canals_C,Ground Water Recharge (ham)_Canals_NC,Ground Water Recharge (ham)_Canals_PQ,Ground Water Recharge (ham)_Canals_Total,Ground Water Recharge (ham)_Surface Water Irrigation_C,Ground Water Recharge (ham)_Surface Water Irrigation_NC,Ground Water Recharge (ham)_Surface Water Irrigation_PQ,Ground Water Recharge (ham)_Surface Water Irrigation_Total,Ground Water Recharge (ham)_Ground Water Irrigation_C,Ground Water Recharge (ham)_Ground Water Irrigation_NC,Ground Water Recharge (ham)_Ground Water Irrigation_PQ,Ground Water Recharge (ham)_Ground Water Irrigation_Total,Ground Water Recharge (ham)_Tanks and Ponds_C,Ground Water Recharge (ham)_Tanks and Ponds_NC,Ground Water Recharge (ham)_Tanks and Ponds_PQ,Ground Water Recharge (ham)_Tanks and Ponds_Total,Ground Water Recharge (ham)_Water Conservation Structure_C,Ground Water Recharge (ham)_Water Conservation Structure_NC,Ground Water Recharge (ham)_Water Conservation Structure_PQ,Ground Water Recharge (ham)_Water Conservation Structure_Total,Ground Water Recharge (ham)_Pipelines_C,Ground Water Recharge (ham)_Pipelines_NC,Ground Water Recharge (ham)_Pipelines_PQ,Ground Water Recharge (ham)_Pipelines_Total,Ground Water Recharge (ham)_Sewages and Flash Flood Channels_C,Ground Water Recharge (ham)_Sewages and Flash Flood Channels_NC,Ground Water Recharge (ham)_Sewages and Flash Flood Channels_PQ,Ground Water Recharge (ham)_Sewages and Flash Flood Channels_Total,Ground Water Recharge (ham)_C_Total,Ground Water Recharge (ham)_NC_Total,Ground Water Recharge (ham)_PQ_Total,Ground Water Recharge (ham)_Total_Total,Inflows and Outflows (ham)_Base Flow_C,Inflows and Outflows (ham)_Base Flow_NC,Inflows and Outflows (ham)_Base Flow_PQ,Inflows and Outflows (ham)_Base Flow_Total,Inflows and Outflows (ham)_Stream Recharges_C,Inflows and Outflows (ham)_Stream Recharges_NC,Inflows and Outflows (ham)_Stream Recharges_PQ,Inflows and Outflows (ham)_Stream Recharges_Total,Inflows and Outflows (ham)_Lateral Flows_C,Inflows and Outflows (ham)_Lateral Flows_NC,Inflows and Outflows (ham)_Lateral Flows_PQ,Inflows and Outflows (ham)_Lateral Flows_Total,Inflows and Outflows (ham)_Vertical Flows_C,Inflows and Outflows (ham)_Vertical Flows_NC,Inflows and Outflows (ham)_Vertical Flows_PQ,Inflows and Outflows (ham)_Vertical Flows_Total,Inflows and Outflows (ham)_Evaporation_C,Inflows and Outflows (ham)_Evaporation_NC,Inflows and Outflows (ham)_Evaporation_PQ,Inflows and Outflows (ham)_Evaporation_Total,Inflows and Outflows (ham)_Transpiration_C,Inflows and Outflows (ham)_Transpiration_NC,Inflows and Outflows (ham)_Transpiration_PQ,Inflows and Outflows (ham)_Transpiration_Total,Inflows and Outflows (ham)_Evapotranspiration_C,Inflows and Outflows (ham)_Evapotranspiration_NC,Inflows and Outflows (ham)_Evapotranspiration_PQ,Inflows and Outflows (ham)_Evapotranspiration_Total,Inflows and Outflows (ham)_C_Total,Inflows and Outflows (ham)_NC_Total,Inflows and Outflows (ham)_PQ_Total,Inflows and Outflows (ham)_Total_Total,Annual Ground water Recharge (ham)_Total_C,Annual Ground water Recharge (ham)_Total_NC,Annual Ground water Recharge (ham)_Total_PQ,Annual Ground water Recharge (ham)_Total_Total,Environmental Flows (ham)_Total_C,Environmental Flows (ham)_Total_NC,Environmental Flows (ham)_Total_PQ,Environmental Flows (ham)_Total_Total,Annual Extractable Ground water Resource (ham)_Total_C,Annual Extractable Ground water Resource (ham)_Total_NC,Annual Extractable Ground water Resource (ham)_Total_PQ,Annual Extractable Ground water Resource (ham)_Total_Total,Ground Water Extraction for all uses (ha.m)_Domestic_C,Ground Water Extraction for all uses (ha.m)_Domestic_NC,Ground Water Extraction for all uses (ha.m)_Domestic_PQ,Ground Water Extraction for all uses (ha.m)_Domestic_Total,Ground Water Extraction for all uses (ha.m)_Industrial_C,Ground Water Extraction for all uses (ha.m)_Industrial_NC,Ground Water Extraction for all uses (ha.m)_Industrial_PQ,Ground Water Extraction for all uses (ha.m)_Industrial_Total,Ground Water Extraction for all uses (ha.m)_Irrigation_C,Ground Water Extraction for all uses (ha.m)_Irrigation_NC,Ground Water Extraction for all uses (ha.m)_Irrigation_PQ,Ground Water Extraction for all uses (ha.m)_Irrigation_Total,Ground Water Extraction for all uses (ha.m)_C_Total,Ground Water Extraction for all uses (ha.m)_NC_Total,Ground Water Extraction for all uses (ha.m)_PQ_Total,Ground Water Extraction for all uses (ha.m)_Total_Total,Stage of Ground Water Extraction (%)_Total_C,Stage of Ground Water Extraction (%)_Total_NC,Stage of Ground Water Extraction (%)_Total_PQ,Stage of Ground Water Extraction (%)_Total_Total,Allocation of Ground Water Resource for Domestic Utilisation for projected year 2025 (ham)_Total_C,Allocation of Ground Water Resource for Domestic Utilisation for projected year 2025 (ham)_Total_NC,Allocation of Ground Water Resource for Domestic Utilisation for projected year 2025 (ham)_Total_PQ,Allocation of Ground Water Resource for Domestic Utilisation for projected year 2025 (ham)_Total_Total,Net Annual Ground Water Availability for Future Use (ham)_Total_C,Net Annual Ground Water Availability for Future Use (ham)_Total_NC,Net Annual Ground Water Availability for Future Use (ham)_Total_PQ,Net Annual Ground Water Availability for Future Use (ham)_Total_Total,Quality Tagging_Major Parameter Present_C,Quality Tagging_Major Parameter Present_NC,Quality Tagging_Major Parameter Present_PQ,Quality Tagging_Other Parameters Present_C,Quality Tagging_Other Parameters Present_NC,Quality Tagging_Other Parameters Present_PQ,Additional Potential Resources Under Specific Conditions(ham)_Other Parameters Present_Waterlogged and shallow water Table,Additional Potential Resources Under Specific Conditions(ham)_Other Parameters Present_Flood Prone,Additional Potential Resources Under Specific Conditions(ham)_Other Parameters Present_Spring Discharge,Coastal Areas_Other Parameters Present_C,Coastal Areas_Other Parameters Present_NC,Coastal Areas_Other Parameters Present_PQ,Coastal Areas_Other Parameters Present_Total,In-Storage Unconfined Ground Water Resources(ham)_Other Parameters Present_Fresh,In-Storage Unconfined Ground Water Resources(ham)_Other Parameters Present_Saline,Total Ground Water Availability in Unconfined Aquifier (ham)_Other Parameters Present_Fresh,Total Ground Water Availability in Unconfined Aquifier (ham)_Other Parameters Present_Saline,Dynamic Confined Ground Water Resources(ham)_Other Parameters Present_Fresh,Dynamic Confined Ground Water Resources(ham)_Other Parameters Present_Saline,In-Storage Confined Ground Water Resources(ham)_Other Parameters Present_Fresh,In-Storage Confined Ground Water Resources(ham)_Other Parameters Present_Saline,Total Confined Ground Water Resources (ham)_Other Parameters Present_Fresh,Total Confined Ground Water Resources (ham)_Other Parameters Present_Saline,Dynamic Semi Confined Ground Water Resources (ham)_Other Parameters Present_Fresh,Dynamic Semi Confined Ground Water Resources (ham)_Other Parameters Present_Saline,In-Storage Semi Confined Ground Water Resources (ham)_Other Parameters Present_Fresh,In-Storage Semi Confined Ground Water Resources (ham)_Other Parameters Present_Saline,Total Semi-Confined Ground Water Resources (ham)_Other Parameters Present_Fresh,Total Semi-Confined Ground Water Resources (ham)_Other Parameters Present_Saline,Total Ground Water Availability in the area (ham)_Other Parameters Present_Fresh,Total Ground Water Availability in the area (ham)_Other Parameters Present_Saline
1,ANDAMAN AND NICOBAR ISLANDS,N & M ANDAMAN,,0.0,2913.3,0.0,2913.3,0.0,58040.0,0.0,58040.0,286106.0,344146.0,0.0,15655.32,0.0,15655.32,0.0,,0.0,0.0,0.0,0.0,0.0,0.0,0.0,0.0,0.0,0.0,0.0,151.9,0.0,151.9,0.0,0.0,0.0,0.0,,,,,,,,,0.0,15807.22,0.0,15807.22,,,,,,,,,,,,0.0,,,,0.0,0.0,0.0,0.0,0.0,0.0,0.0,0.0,0.0,0.0,0.0,0.0,0.0,0.0,0.0,0.0,0.0,0.0,15807.22,0.0,15807.22,0.0,1580.73,0.0,1580.73,0.0,14226.490000000002,0.0,14226.490000000002,,258.48569999999995,,258.48569999999995,,13.120000000000001,,13.120000000000001,,0.804,,0.804,,272.39000000000004,,272.39000000000004,,1.9146676376253033,,1.9146676376253033,0.0,269.19,0.0,269.19,0.0,13943.4,0.0,13943.4,,,,,,,0.0,0.0,0.0,,,,,0.0,0.0,14226.490000000002,0.0,0.0,,0.0,,0.0,,,,,,,,14226.490000000002,0.0
2,ANDAMAN AND NICOBAR ISLANDS,NICOBAR,,0.0,2805.2,2805.1999999999994,2805.2,0.0,37247.0,828.0,38075.0,156091.0,194166.0,0.0,10996.24,348.4,11344.64,0.0,,0.0,0.0,0.0,0.0,0.0,0.0,0.0,0.0,0.0,0.0,0.0,16.14,0.0,16.14,0.0,0.0,0.0,0.0,,,,,,,,,0.0,11012.380000000001,348.4,11360.78,,,,,,,,,,,,0.0,,,,0.0,0.0,0.0,0.0,0.0,0.0,0.0,0.0,0.0,0.0,0.0,0.0,0.0,0.0,0.0,0.0,0.0,0.0,11012.380000000001,348.4,11360.78,0.0,1101.25,34.84,1136.0900000000001,0.0,9911.130000000001,313.56,10224.69,,87.0793275,3.1096174999999997,90.18894499999999,,0.923,0.0,0.923,,0.253,0.0,0.253,,88.24000000000001,3.1,91.34,,0.8903122045619419,0.9886465110345707,0.8903122045619419,0.0,90.68,3.24,90.68,0.0,9819.3,310.33,9819.3,,,,,,,0.0,0.0,0.0,,,,,56008.0,0.0,65919.13,313.56,0.0,,0.0,,0.0,,,,,,,,65919.13,313.56
3,ANDAMAN AND NICOBAR ISLANDS,SOUTH ANDAMAN,,0.0,3015.7,0.0,3015.7,0.0,31524.0,0.0,31524.0,215321.0,246845.0,0.0,10777.26,0.0,10777.26,0.0,,0.0,0.0,0.0,0.0,0.0,0.0,0.0,0.0,0.0,0.0,0.0,20.46,0.0,20.46,0.0,0.0,0.0,0.0,,,,,,,,,0.0,10797.72,0.0,10797.72,,,,,,,,,,,,0.0,,,,0.0,0.0,0.0,0.0,0.0,0.0,0.0,0.0,0.0,0.0,0.0,0.0,0.0,0.0,0.0,0.0,0.0,0.0,10797.72,0.0,10797.72,0.0,1079.7600000000002,0.0,1079.7600000000002,0.0,9717.960000000001,0.0,9717.960000000001,,318.449725,,318.449725,,13.615,,13.615,,10.647,,10.647,,342.69,,342.69,,3.526357383648419,,3.526357383648419,0.0,331.62,0.0,331.62,0.0,9362.1,0.0,9362.1,,,,,,,0.0,0.0,0.0,,,,,1045.0,0.0,10762.960000000001,0.0,0.0,,0.0,,0.0,,,,,,,,10762.960000000001,0.0
4,ANDHRA PRADESH,Alluri Sitharama Raju,,0.0,1281.457605645003,0.0,1281.457605645003,0.0,639234.6759947998,0.0,639234.6759947998,586107.7108381616,1225342.3868329613,0.0,46817.15,0.0,46817.15,,,,,0.0,108098.23,0.0,108098.23,0.0,71.02000000000001,0.0,71.02000000000001,,68.12999999999998,,68.12999999999998,,3170.2019999999993,,3170.2019999999993,,,,,,,,,0.0,158224.23000000004,0.0,158224.23000000004,,,,,,,,,,,,0.0,,,,0.0,,,,,,,,,,,,,,,,0.0,0.0,158224.23000000004,0.0,158224.23000000004,0.0,7911.840000000001,0.0,7911.840000000001,0.0,150312.39,0.0,150312.39,,1661.26158,,1661.26158,,0.0,,0.0,,577.316,,577.316,,2239.0199999999995,,2239.0199999999995,,1.4895778052627593,,1.4895778052627593,0.0,1810.56,0.0,1810.56,0.0,148119.42,0.0,148119.42,,,,,,,,,,,,,,0.0,0.0,150312.39,0.0,0.0,,0.0,,0.0,,,,,,,,150312.39,0.0
5,ANDHRA PRADESH,Anakapalli,,1208.2565060783431,1176.27042148356,0.0,1182.6367980341586,68851.0,277071.65992,0.0,345922.65992,83322.41,429245.06992,7075.410000000002,29791.720000000005,0.0,36867.13,2015.6999999999998,,,2015.6999999999998,8933.869999999999,24459.570000000007,0.0,33393.439999999995,741.37,2326.8100000000004,0.0,3068.1799999999994,413.49,1626.75,0.0,2040.2400000000002,1350.884,3203.6300000000006,,4554.514,,,,,,,,,20543.990000000005,61408.64,0.0,81952.62999999998,,,,,,,,,,,,0.0,,,,0.0,,,,,,,,,,,,,,,,0.0,20543.990000000005,61408.64,0.0,81952.62999999998,1027.24,3070.58,0.0,4097.830000000001,19516.75,58338.05999999998,0.0,77854.81,1022.639904,3746.4648119999993,,4769.104716000001,37.296,441.25139999999993,,478.5473999999999,3826.4792445399994,11892.84579498,,15719.32503952,4886.33,16080.730000000001,,20967.059999999994,25.036596769441633,27.564732183415092,,26.930975748319202,1172.9800000000002,4297.030000000001,0.0,5470.009999999999,14720.249999999998,41926.73000000001,0.0,56646.98000000001,,,,,,,,,,,,,,1216281.1800000002,0.0,1294136.0,0.0,0.0,,0.0,,0.0,,,,,,,,1294136.0,0.0
6,ANDHRA PRADESH,Ananthapuramu,,525.0142377412491,521.9357421764055,0.0,522.7290030792324,243887.0,702592.3300000001,0.0,946479.3300000001,97831.67,1044311.0,10613.240000000002,31697.030000000006,0.0,42310.27000000001,3375.7100000000005,,0.0,3375.7100000000005,5646.819999999999,3110.6000000000004,0.0,8757.420000000002,2858.3299999999995,5121.44,0.0,7979.77,1777.4399999999996,3714.1599999999994,0.0,5491.6,13058.940000000002,40999.566,0.0,54058.506,,,,,,,,,37330.35,84642.71,0.0,121973.06,,,,,,,,,,,,0.0,,,,0.0,,,,,,,,,,,,,,,,0.0,37330.35,84642.71,0.0,121973.06,1866.46,4232.31,0.0,6098.759999999998,35463.89,80410.40000000001,0.0,115874.28999999996,909.2636279999998,2976.943674000001,,3886.207302,61.2,666.0919999999998,,727.2919999999998,10593.496500000001,25719.2461,,36312.74259999998,11564.060000000001,29362.370000000006,,40926.43000000001,32.60798519282572,36.51563728074976,,35.31968135468189,1344.7899999999995,4719.239999999999,0.0,6064.03,23666.420000000002,51258.689999999995,0.0,74925.11,,,,,,,,,,,,,,0.0,0.0,115874.29,0.0,0.0,,0.0,,0.0,,,,,,,,115874.29,0.0
7,ANDHRA PRADESH,Annamayya,,758.2159012112406,741.16975031912,0.0,744.0411791023712,112199.0,553867.0,0.0,666066.0,128462.0,794528.0,7262.750000000001,40172.58999999999,0.0,47435.340000000004,28.89,,,28.89,73.71,972.3,0.0,1046.0100000000002,1217.9499999999998,7966.420000000001,0.0,9184.37,1709.0,5693.070000000001,0.0,7402.070000000001,2346.15,19127.252000000008,0.0,21473.402000000006,,,,,,,,,12638.43,73931.88,0.0,86570.31000000001,,,,,,,,,,,,0.0,,,,0.0,,,,,,,,,,,,,,,,0.0,12638.43,73931.88,0.0,86570.31000000001,631.9399999999999,3696.61,0.0,4328.540000000001,12006.49,70235.27,0.0,82241.76000000001,851.7100000000002,2653.805392,,3505.5153920000002,0.0,137.74800000000002,,137.74800000000002,4568.6152,27251.604354999996,,31820.219555,5420.309999999999,30043.099999999995,,35463.409999999996,45.14483416885366,42.77494768653982,,43.120927859520506,851.7200000000001,4285.35,0.0,5137.07,6595.439999999999,38896.09999999999,0.0,45491.53999999999,,,,,,,,,,,,,,0.0,0.0,82241.76000000001,0.0,0.0,,0.0,,0.0,,,,,,,,82241.76000000001,0.0
8,ANDHRA PRADESH,Bapatla,,893.7612252157246,923.3622553120294,962.1355820653278,917.3228723712111,238962.0,17931.0,123225.0,380118.0,2767.0,382885.0,22426.54,2214.46,9859.59,34500.590000000004,5854.35,,555.88,6410.230000000001,29701.279999999995,386.28,21325.93,51413.490000000005,3517.8100000000004,46.9,0.0,3564.7100000000005,373.58000000000004,5.63,1.7000000000000002,380.91,5439.666,312.084,674.6479999999998,6426.397999999999,,,,,,,,,67313.27,2965.35,32417.77,102696.38999999997,,,,,,,,,,,,0.0,,,,0.0,,,,,,,,,,,,,,,,0.0,67313.27,2965.35,32417.77,102696.38999999997,3365.6900000000005,148.27,1620.92,5134.879999999999,63947.58000000001,2817.08,30796.85,97561.51000000002,2584.49300375,124.88967749999998,201.87310500000004,2911.2557862500003,55.2368,0.0,0.0,55.2368,15302.204539999999,189.28100000000003,0.0,15491.485539999998,17941.929999999997,314.16,201.85000000000002,18457.94,28.057246263267498,11.151972964914025,0.6554241748750279,27.34394213944921,2676.1300000000006,129.32,209.07000000000005,2805.4500000000003,46344.810000000005,2498.4900000000002,30587.8,48843.3,,,,,,,,,,,,,,709895.5500000002,244502.72999999998,776660.21,275299.57,0.0,,0.0,,0.0,,,,,,,,776660.21,275299.57
9,ANDHRA PRADESH,Chittoor,,0.0,905.3953366299111,0.0,905.3953366299113,0.0,600450.95,0.0,600450.95,85448.05,685899.0,0.0,56445.11,0.0,56445.11,,,,,0.0,1238.79,0.0,1238.79,0.0,14406.239999999998,0.0,14406.239999999998,,7234.200000000001,,7234.200000000001,,11101.248000000001,,11101.248000000001,,,,,,,,,0.0,90425.46999999999,0.0,90425.46999999999,,,,,,,,,,,,0.0,,,,0.0,,,,,,,,,,,,,,,,0.0,0.0,90425.46999999999,0.0,90425.46999999999,0.0,4521.589999999999,0.0,4521.589999999999,0.0,85903.88,0.0,85903.88,,4283.359815999999,,4283.359815999999,,1366.5194,,1366.5194,,45253.99417299999,,45253.99417299999,,50903.85,,50903.85,,59.256753012785914,,59.256753012785914,0.0,5638.470000000001,0.0,5638.470000000001,0.0,34698.53,0.0,34698.53,,,,,,,,,,,,,,3159229.110000001,0.0,3245132.8999999994,0.0,0.0,,0.0,,0.0,,,,,,,,3245132.8999999994,0.0
10,ANDHRA PRADESH,East Godavari,,1165.969671885358,1120.6313985959862,0.0,1143.3723180129882,127679.43216,126873.37999999999,0.0,254552.81216,3081.92,257634.73216,14842.199999999999,13132.189999999999,0.0,27974.39,14267.889999999998,,0.0,14267.889999999998,30124.95,9853.51,0.0,39978.46,4346.55,2672.7699999999995,0.0,7019.320000000001,10532.930000000002,4919.05,0.0,15451.98,913.062,1685.2080000000003,0.0,2598.2699999999995,,,,,,,,,75027.45999999999,32262.54,0.0,107290.00000000001,,,,,,,,,,,,0.0,,,,0.0,,,,,,,,,,,,,,,,0.0,75027.45999999999,32262.54,0.0,107290.00000000001,3751.39,1613.23,0.0,5364.619999999999,71276.07,30649.310000000005,0.0,101925.38,926.0222279999999,1231.4840849999998,,2157.5063130000003,849.3609600000001,271.4364,,1120.79736,16517.202999999998,14371.577999999998,,30888.781000000003,18292.61,15874.44,,34167.05,25.664448110003818,51.79379242142807,,33.5216312168765,964.65,1282.22,0.0,2246.8699999999994,53475.630000000005,15322.800000000001,0.0,68798.43000000001,,,,,,,,,,,,,,0.0,0.0,101925.38,0.0,0.0,,0.0,,0.0,,,,,,,,101925.38,0.0
11,ANDHRA PRADESH,Eluru,,908.8084265189469,1054.5482225924493,898.7511791301935,1003.4783097296948,135041.41,427669.6555,86479.0,649190.0655000001,10631.8045,659821.8700000001,13323.930000000002,38977.63,9793.82,62095.38,10984.38,,,10984.38,42803.979999999996,32217.02,4735.65,79756.65,1459.38,8527.23,12.400000000000004,9999.009999999998,3300.96,21560.319999999996,2205.0,27066.279999999995,2218.9460000000004,7438.892,1961.724,11619.562000000002,,,,,,,,,74091.46000000002,108721.14000000001,18708.62,201521.21999999994,,,,,,,,,,,,0.0,,,,0.0,,,,,,,,,,,,,,,,0.0,74091.46000000002,108721.14000000001,18708.62,201521.21999999994,3704.7000000000007,5436.169999999999,935.34,10076.329999999998,70386.76,103284.97000000002,17773.28,191445.01,3324.6765525000005,6873.950164,0.0,10198.6267165,103.31999999999998,398.5199999999999,15.120000000000001,516.9599999999998,4632.2897324000005,32371.401628046,24.800000000000008,37028.491360446,8059.6900000000005,39644.06999999999,39.920000000000016,47743.61000000001,11.450576784611197,38.383193605032744,0.2246068255268584,27.467734673916134,3749.780000000001,7822.590000000002,0.0,11572.369999999999,62310.70000000001,63886.73,17733.359999999997,126197.43000000002,,,,,,,,,,,,,,4225284.78,767254.81,4398956.5,785028.0900000001,0.0,,0.0,,0.0,,,,,,,,4398956.5,785028.0900000001
12,ANDHRA PRADESH,Guntur,,892.3502961508341,875.1310104529616,848.7697392534694,876.79236730743,155474.6592,574.0,86284.2008,242332.85999999996,2971.0,245303.85999999996,14453.96,25.44,6634.91,21114.309999999998,13415.98,,1064.04,14480.02,24232.67114619702,0.0,4738.516638092579,28971.199999999997,1271.6399999999999,0.0,2.62,1274.26,626.61,0.0,133.24,759.8499999999999,475.35600000000005,0.0,,475.35600000000005,,,,,,,,,54476.24,25.44,12573.329999999998,67075.01,,,,,,,,,,,,0.0,,,,0.0,,,,,,,,,,,,,,,,0.0,54476.24,25.44,12573.329999999998,67075.01,2723.8399999999997,1.27,628.65,3353.7599999999998,51752.399999999994,24.17,11944.68,63721.25,2561.5691644500002,0.0,5.284749999999999,2566.85391445,218.3355,0.0,0.0,218.3355,7827.196238624806,0.0,40.346000000000004,7867.542238624806,10607.129999999996,0.0,45.57000000000001,10652.699999999997,20.49591902984209,0.0,0.3815087553622199,20.486351258880216,2788.2399999999993,0.0,8.81,2788.2399999999993,40918.57,24.17,11895.579999999998,40942.74,,,,,,,,,,,,,,414803.27999999997,362966.13999999996,466579.85000000003,374910.82,0.0,,0.0,,0.0,,,,,,,,466579.85000000003,374910.82
13,ANDHRA PRADESH,Kakinada,,1107.065003450967,1163.3653762728047,1271.2127227829526,1153.7613952043282,169714.76799999995,55469.83399999999,62939.570029999995,288124.17202999996,13855.046000000002,301979.21803,15890.03,4232.929999999999,6053.3099999999995,26176.270000000004,14318.96,,3502.21,17821.170000000002,55667.66999999999,14774.8,17749.64,88192.10999999997,2155.81,524.7099999999999,78.49,2759.0099999999998,1521.25,843.1199999999999,0.0,2364.3700000000003,1096.5240000000001,1740.392,184.652,3021.568,,,,,,,,,90650.34000000001,22115.96,27568.319999999996,140133.53,,,,,,,,,,,,0.0,,,,0.0,,,,,,,,,,,,,,,,0.0,90650.34000000001,22115.96,27568.319999999996,140133.53,4522.5599999999995,1105.88,1378.6599999999999,7007.0599999999995,86127.78,21010.08,26189.66,133327.52,1585.064622,291.88604699999996,250.088364,2127.039033,1694.0402,184.7288,1908.2916000000005,3787.0606000000002,10215.38310061918,3125.037658718737,867.4080890327803,14207.828848370698,13494.42,3601.5999999999995,3025.6299999999997,20121.65,15.66790645248258,17.142247911478677,11.552765480727889,15.957029569192443,1639.67,302.27,258.91999999999996,1941.9400000000003,72600.84,17398.16,23165.600000000002,89999.0,,,,,,,,,,,,,,0.0,0.0,107137.86,26189.66,0.0,,0.0,,0.0,,,,,,,,107137.86,26189.66
14,ANDHRA PRADESH,Konaseema,,1238.853772503997,0.0,1359.634794468795,1282.9793743971202,132007.20964000002,0.0,75988.072,207995.28164,100.61999999999999,208095.90164,18010.39,0.0,11579.14,29589.53,26536.819999999992,,6481.71,33018.53,65100.15,0.0,13208.52,78308.67000000001,1979.71,0.0,6.85,1986.56,427.65999999999997,0.0,0.0,427.65999999999997,194.82800000000003,,197.506,392.334,,,,,,,,,112249.51999999997,0.0,31473.819999999996,143723.34,,,,,,,,,,,,0.0,,,,0.0,,,,,,,,,,,,,,,,0.0,112249.51999999997,0.0,31473.819999999996,143723.34,5612.650000000001,0.0,1573.66,7186.3099999999995,106636.87,0.0,29900.159999999996,136537.03,1292.495076,,0.0,1292.495076,36.32,,8.64,44.96,9257.81618899231,,76.54039174423309,9334.356580736543,10586.630000000001,,85.19000000000001,10671.820000000002,9.92773887680687,,0.2849148633318351,9.92773887680687,1338.3799999999999,0.0,0.0,1338.3799999999999,96004.31999999999,0.0,29814.97,96004.31999999999,,,,,,,,,,,,,,0.0,0.0,106636.87,29900.159999999996,0.0,,0.0,,0.0,,,,,,,,106636.87,29900.159999999996
15,ANDHRA PRADESH,Krishna,,1019.9986212313829,0.0,1080.9061783603188,1050.5343306120765,193506.0,0.0,194550.0,388056.0,0.0,388056.0,29009.689999999995,0.0,24215.6,53225.29,53808.51999999999,,611.3399999999999,54419.859999999986,66707.28,0.0,35851.35,102558.62999999999,8328.92,0.0,2.6100000000000003,8331.53,310.92,0.0,12.0,322.91999999999996,8579.264,0.0,1118.102,9697.366,,,,,,,,,166744.55,0.0,61810.990000000005,228555.54,,,,,,,,,,,,0.0,,,,0.0,,,,,,,,,,,,,,,,0.0,166744.55,0.0,61810.990000000005,228555.54,8337.300000000001,0.0,3090.54,11427.840000000004,158407.25,0.0,58720.45000000001,217127.7,2037.4579479,,219.19479119999997,2256.6527390999995,1011.9400000000002,,0.0,1011.9400000000002,43910.822,,397.65399999999994,44308.47600000001,46960.08,,616.7600000000001,47576.840000000004,29.64515828663145,,1.050332550244421,29.64515828663145,2692.79,0.0,224.72000000000003,2692.79,110791.84999999999,0.0,58098.130000000005,110791.84999999999,,,,,,,,,,,,,,1047098.4299999999,1229202.95,1205505.68,1287923.41,0.0,,0.0,,0.0,,,,,,,,1205505.68,1287923.41
16,ANDHRA PRADESH,Kurnool,,615.6851630437392,608.027393885917,0.0,610.1474209933705,208257.0,543990.0,0.0,752247.0,45494.0,797741.0,11168.34,27740.770000000004,0.0,38909.10999999999,8627.640000000001,,0.0,8627.640000000001,6699.71,4456.580000000001,0.0,11156.289999999999,1054.94,1994.3799999999999,0.0,3049.320000000001,155.68000000000004,1712.1800000000003,0.0,1867.8600000000001,741.68,3103.132,,3844.8120000000004,,,,,,,,,28447.970000000005,39006.91,0.0,67454.88,,,,,,,,,,,,0.0,,,,0.0,,,,,,,,,,,,,,,,0.0,28447.970000000005,39006.91,0.0,67454.88,1422.4,1950.4699999999998,0.0,3372.870000000001,27025.57,37056.44,0.0,64082.01,1615.3296555,3917.1399777499996,,5532.469633250001,7.3500000000000005,63.92500000000001,,71.27499999999999,4751.722275303644,9241.640672403211,,13993.362947706859,6374.450000000001,13222.830000000002,,19597.28,23.586736560968006,35.682947417506924,,30.581562594556566,1656.0699999999997,4015.9,0.0,5671.97,20610.350000000002,24051.96,0.0,44662.31,,,,,,,,,,,,,,0.0,0.0,64082.01,0.0,0.0,,0.0,,0.0,,,,,,,,64082.01,0.0
17,ANDHRA PRADESH,NTR,,1036.307848584752,982.0500029292868,0.0,1033.2844371187387,289249.6,17069.0,0.0,306318.6,11805.400000000001,318124.0,20915.210000000006,1093.38,0.0,22008.590000000004,12898.29,,,12898.29,13871.72,296.97,0.0,14168.689999999999,6096.08,285.08,0.0,6381.159999999999,2115.07,88.93,,2204.0000000000005,6254.922,343.628,,6598.549999999999,,,,,,,,,62151.159999999996,2108.0,0.0,64259.159999999996,,,,,,,,,,,,0.0,,,,0.0,,,,,,,,,,,,,,,,0.0,62151.159999999996,2108.0,0.0,64259.159999999996,3107.62,105.41,0.0,3213.0300000000007,59043.53999999999,2002.5900000000001,0.0,61046.130000000005,2344.47473925,87.99494399999999,,2432.46968325,1054.68,79.2,,1133.8799999999999,19371.958421052626,957.5060627530365,,20329.464483805667,22771.15000000001,1124.69,,23895.840000000004,38.566708567948346,56.16177050719319,,39.143906419620706,2380.39,90.69,0.0,2471.08,36421.16000000001,881.6899999999999,0.0,37302.85000000001,,,,,,,,,,,,,,0.0,0.0,61046.12999999999,0.0,0.0,,0.0,,0.0,,,,,,,,61046.12999999999,0.0
18,ANDHRA PRADESH,Nandyal,,736.4318430136167,693.8613572129656,0.0,716.0411335887916,367930.0,338252.0,0.0,706182.0,262433.0,968615.0,13186.01,9531.720000000001,0.0,22717.730000000003,1952.85,,,1952.85,29504.280000000006,510.58,0.0,30014.86,2186.11,1271.9299999999998,0.0,3458.0400000000013,10155.619999999999,4406.2300000000005,,14561.85,3838.6420000000003,5676.322000000001,,9514.964000000002,,,,,,,,,60823.570000000014,21396.879999999997,0.0,82220.45000000001,,,,,,,,,,,,0.0,,,,0.0,,,,,,,,,,,,,,,,0.0,60823.570000000014,21396.879999999997,0.0,82220.45000000001,3041.23,1069.9099999999999,0.0,4111.139999999999,57782.340000000004,20326.969999999998,0.0,78109.31,368.516,136.89600000000002,,505.4120000000001,65.1,63.300000000000004,,128.39999999999998,6917.5890688259105,5303.292149797569,,12220.881218623483,7350.78,5503.370000000002,,12854.15,12.721499336994658,27.074226999892275,,16.45661701530842,368.81000000000006,137.04999999999998,0.0,505.86,50431.56,14823.600000000004,0.0,65255.16,,,,,,,,,,,,,,0.0,0.0,78109.31,0.0,0.0,,0.0,,0.0,,,,,,,,78109.31,0.0
19,ANDHRA PRADESH,Palnadu,,774.3061185759929,736.3404221523044,807.8792618416093,765.7126717035,434050.9626999999,180400.93399999998,37204.5273,651656.4249,78467.4301,730123.8550000001,19135.850000000002,7739.4,1136.1799999999998,28011.430000000004,7403.54,,74.53,7478.0700000000015,53598.05,3685.08,79.92,57363.05,4574.72,1340.5500000000002,39.64,5954.91,2132.64,401.89000000000004,37.33,2571.8599999999997,932.336,532.438,55.646,1520.42,,,,,,,,,87777.02000000002,13699.37,1423.28,102899.66999999998,,,,,,,,,,,,0.0,,,,0.0,,,,,,,,,,,,,,,,0.0,87777.02000000002,13699.37,1423.28,102899.66999999998,4388.9800000000005,684.9499999999999,71.14,5145.069999999999,83388.04,13014.419999999998,1352.1399999999999,97754.59999999998,3490.0598105000004,814.7852112500001,177.05602499999998,4481.901046749999,59.847199999999994,6.073,0.0,65.9202,17561.70865,7303.622599999999,207.5539,25072.885149999995,21111.919999999995,8124.499999999998,384.63,29621.050000000003,25.317683447170598,62.426907998973434,28.446018903368,30.32746259794616,3562.1999999999994,831.6200000000001,180.73000000000002,4393.82,62258.78,6646.169999999998,963.8399999999999,68904.95,,,,,,,,,,,,,,1472760.7800000003,112950.14000000001,1569163.24,114302.28000000001,0.0,,0.0,,0.0,,,,,,,,1569163.24,114302.28000000001
20,ANDHRA PRADESH,Parvathipuram Manyam,,1140.308129528414,1175.6704288140515,0.0,1168.0701617183431,63377.6,231503.8339,0.0,294881.4339,119994.82000000002,414876.2491000001,7666.91,25683.12,0.0,33350.03,745.42,,0.0,745.42,5994.269999999999,10112.970000000001,0.0,16107.240000000002,1202.34,3240.6899999999996,0.0,4443.030000000001,22177.15,7951.089999999999,0.0,30128.239999999998,1160.7939999999999,5509.462,0.0,6670.255999999999,,,,,,,,,38946.799999999996,52497.73,0.0,91444.52999999998,,,,,,,,,,,,0.0,,,,0.0,,,,,,,,,,,,,,,,0.0,38946.799999999996,52497.73,0.0,91444.52999999998,1947.4700000000003,2625.1,0.0,4572.570000000001,36999.33000000001,49872.63,0.0,86871.96,308.467809375,1458.4464506250004,,1766.9142600000002,1.44,11.52,,12.959999999999999,5269.767070850202,14745.92068842612,,20015.68775927632,5579.670000000001,16215.660000000002,,21795.33,15.080462267830255,32.51414653688807,,25.08902757575632,517.4099999999999,1813.0299999999997,0.0,2330.44,31350.86,34867.76,0.0,66218.62,,,,,,,,,,,,,,0.0,0.0,86871.95999999999,0.0,0.0,,0.0,,0.0,,,,,,,,86871.95999999999,0.0
21,ANDHRA PRADESH,Prakasam,,790.5056619799699,789.3510723716776,828.3873879745804,790.694876865901,287267.0,820238.0,30685.0,1138190.0,293931.0,1432121.0,18184.09,46863.04000000001,2529.2799999999997,67576.40999999999,1020.3399999999999,,155.01,1175.35,2742.7299999999996,0.0,64.02,2806.749999999999,1194.08,2879.2599999999998,73.17000000000002,4146.51,1952.88,6103.809999999999,172.5,8229.19,4935.820000000001,12460.092000000002,287.444,17683.356,,,,,,,,,30029.940000000002,68306.24,3281.4300000000003,101617.61,,,,,,,,,,,,0.0,,,,0.0,,,,,,,,,,,,,,,,0.0,30029.940000000002,68306.24,3281.4300000000003,101617.61,1501.6100000000001,3415.4700000000003,164.07000000000002,5081.150000000001,28528.329999999994,64890.76999999999,3117.3599999999997,96536.45999999999,1327.5884573,3406.603906888001,111.1944288,4845.386792988,421.88135,87.6,0.0,509.48135,11781.56707163462,29688.326011899997,686.97396,42156.867043534636,13531.269999999999,33182.74999999999,798.1300000000001,47512.149999999994,47.430992280305226,51.13631722970771,25.6027536120307,50.004784888743316,1392.0700000000002,3565.940000000001,119.83000000000001,4958.010000000001,16924.390000000003,38974.69,2735.2799999999997,55899.08,,,,,,,,,,,,,,5414536.04,203899.05,5507955.120000001,207016.40999999997,0.0,,0.0,,0.0,,,,,,,,5507955.120000001,207016.40999999997
22,ANDHRA PRADESH,Sri Potti Sriramulu Nellore,,1081.2996762472312,1018.1022445440142,0.0,1040.045797571721,345599.4225697386,649726.8984205355,0.0,995326.320990274,50358.28571428571,1045684.6067045596,35090.45999999999,53765.619999999995,0.0,88856.08000000003,14984.619999999999,,,14984.619999999999,50896.76,14607.849999999999,0.0,65504.61000000001,6168.540000000001,6936.44,0.0,13104.979999999998,5589.78,7054.970000000001,2.04,12646.789999999997,246.98600000000002,1632.7339999999997,0.0,1879.7199999999996,,,,,,,,,112977.06,83997.53000000001,2.04,196976.63000000003,,,,,,,,,,,,0.0,,,,0.0,,,,,,,,,,,,,,,,0.0,112977.06,83997.53000000001,2.04,196976.63000000003,5648.97,4200.13,0.09,9849.18,107328.08999999997,79797.40000000004,1.9499999999999997,187127.43999999997,3857.5730879999996,1932.8365439999998,,5790.409632000001,478.50000000000006,508.7500000000001,,987.2500000000001,19583.725237757993,17527.186219344392,,37110.91145710238,23919.89,19968.879999999997,,43888.770000000004,22.286700527327007,25.024474481624697,,23.454191088557742,4629.18,2544.1899999999996,0.0,7173.369999999997,84775.69000000002,59318.76,1.9500000000000002,144094.45,,,,,,,,,,,,,,1735077.79,0.0,1922203.27,1.9500000000000002,0.0,,0.0,,0.0,,,,,,,,1922203.27,1.9500000000000002
23,ANDHRA PRADESH,Sri Sathya Sai,,0.0,589.840800708202,0.0,589.840800708202,0.0,763624.0,0.0,763624.0,105065.0,868689.0,0.0,43673.04000000001,0.0,43673.04000000001,8667.51,,0.0,8667.51,0.0,969.79,0.0,969.79,0.0,15242.999999999996,0.0,15242.999999999996,,10026.82,,10026.82,0.0,41314.126000000004,0.0,41314.126000000004,,,,,,,,,8667.51,111226.88999999998,0.0,119894.40000000001,,,,,,,,,,,,0.0,,,,0.0,,,,,,,,,,,,,,,,0.0,8667.51,111226.88999999998,0.0,119894.40000000001,433.39,5561.4800000000005,0.0,5994.87,8234.119999999999,105665.41,0.0,113899.53,,8904.829500000002,,8904.829500000002,,132.16500000000002,,132.16500000000002,,60054.71434,,60054.71434,,69091.81999999999,,69091.81999999999,,65.38735807678216,,60.66032054741577,0.0,11143.26,0.0,11143.26,8234.119999999999,45188.11000000001,0.0,53422.23000000001,,,,,,,,,,,,,,1867984.72,0.0,1981884.25,0.0,0.0,,0.0,,0.0,,,,,,,,1981884.25,0.0
24,ANDHRA PRADESH,Srikakulam,,1121.895615849359,1186.4867621352093,1215.1406239896544,1170.325902245538,115519.71944,325359.6818,7510.051439999999,448389.45268,10898.0,459287.45268,11846.859999999999,25363.6,769.6600000000001,37980.12,13871.19,,80.05000000000001,13951.24,28992.019999999997,34422.10999999999,0.0,63414.130000000005,1166.2099999999998,4036.0800000000004,0.0,5202.289999999999,2244.13,6103.7300000000005,0.0,8347.859999999999,1736.9959999999999,2409.818,,4146.814,,,,,,,,,59857.6,72335.11,849.71,133042.42000000004,,,,,,,,,,,,0.0,,,,0.0,,,,,,,,,,,,,,,,0.0,59857.6,72335.11,849.71,133042.42000000004,2992.7200000000003,3617.1300000000006,42.48,6652.299999999999,56864.880000000005,68717.98,807.23,126390.09,1930.0839132750002,5357.181287925,0.0,7287.265201200001,10.219999999999999,359.69034500000004,0.0,369.91034500000006,9924.614250000002,26778.024714999996,0.0,36702.638965000006,11864.960000000001,32494.480000000007,0.0,44359.44,20.86518075831691,47.28672175753712,0.0,35.322845808735366,3011.5899999999997,8548.31,0.0,11559.900000000001,45055.26999999999,41642.91999999999,807.23,86698.18999999997,,,,,,,,,,,,,,0.0,0.0,125582.86,807.23,0.0,,0.0,,0.0,,,,,,,,125582.86,807.23
25,ANDHRA PRADESH,Tirupati,,1233.2122147726845,1132.189255369042,1277.0651237110244,1139.337333722423,53098.0,708836.0079580001,597.1699,762531.1778579999,60409.0,822940.1778579999,5231.240000000002,76223.32999999999,114.30999999999999,81568.88,541.42,,0.0,541.42,3997.29,22164.430000000008,0.0,26161.720000000005,1224.53,15539.73,0.0,16764.26,1556.6499999999999,13818.33,9082.89,24457.869999999995,1923.3760000000002,19315.144,0.0,21238.519999999997,,,,,,,,,14474.619999999999,147061.43000000002,9197.2,170733.25,,,,,,,,,,,,0.0,,,,0.0,,,,,,,,,,,,,,,,0.0,14474.619999999999,147061.43000000002,9197.2,170733.25,723.7,7353.410000000002,459.87,8536.98,13750.92,139708.02,8737.33,162196.27000000002,173.62048800000002,3632.5605819999996,0.0,3806.1810699999996,181.64999999999998,1315.1399999999999,0.0,1496.79,3353.8425791442,44945.78471751375,0.0,48299.627296657956,3709.0800000000004,49893.45,0.0,53602.53,26.973322512239186,35.71265987450112,0.0,34.929558356130954,413.23999999999995,8671.47,0.0,9084.71,9861.97,90278.92999999998,8737.33,100140.89999999998,,,,,,,,,,,,,,3637364.6300000004,4474.110000000001,3790823.5600000005,13211.44,0.0,,0.0,,0.0,,,,,,,,3790823.5600000005,13211.44
26,ANDHRA PRADESH,Visakhapatnam,,0.0,1278.9307347929425,0.0,1278.9307347929425,0.0,100167.25385235802,0.0,100167.25385235802,0.0,100167.25385235802,0.0,8280.470000000001,0.0,8280.470000000001,,,,,0.0,2016.87,0.0,2016.87,0.0,888.3700000000001,0.0,888.3700000000001,0.0,470.60999999999996,0.0,470.60999999999996,0.0,965.3379999999996,0.0,965.3379999999996,,,,,,,,,0.0,12621.7,0.0,12621.7,,,,,,,,,,,,0.0,,,,0.0,,,,,,,,,,,,,,,,0.0,0.0,12621.7,0.0,12621.7,0.0,631.09,0.0,631.09,0.0,11990.609999999999,0.0,11990.609999999999,,2451.0572922799997,,2451.0572922799997,,50.565400000000004,,50.565400000000004,,2880.5773225414805,,2880.5773225414805,,5382.200000000001,,5382.200000000001,,44.88679058029576,,44.88679058029576,0.0,3184.42,0.0,3184.42,0.0,6078.37,0.0,6078.37,,,,,,,,,,,,,,739587.91,0.0,751578.52,0.0,0.0,,0.0,,0.0,,,,,,,,751578.52,0.0
27,ANDHRA PRADESH,Vizianagaram,,1090.9372952530848,1117.43477858781,0.0,1109.8827379478998,114339.94,286839.13187,0.0,401179.07187000004,11740.65,412919.72187,7477.4,20058.01,0.0,27535.410000000003,6216.0599999999995,,50.120000000000005,6266.18,14565.230000000001,11149.34,0.0,25714.57,2683.07,5238.28,0.0,7921.350000000001,41094.439999999995,16787.250000000004,0.0,57881.69,2900.134,14574.428,0.0,17474.561999999998,,,,,,,,,74936.31999999999,67807.21999999999,50.120000000000005,142793.65999999997,,,,,,,,,,,,0.0,,,,0.0,,,,,,,,,,,,,,,,0.0,74936.31999999999,67807.21999999999,50.120000000000005,142793.65999999997,3747.0600000000004,3390.4100000000008,2.5,7139.93,71189.26,64416.81000000002,47.620000000000005,135653.69,497.4000000000001,1311.4000000000005,,1808.7999999999993,72.83999999999999,37.42,,110.25999999999999,10579.105800000001,23310.1694,,33889.27520000001,11149.35,24658.959999999995,,35808.31,15.661561870428208,38.28031844482828,,26.40612621544153,497.40000000000003,1311.4000000000003,0.0,1808.7999999999993,60882.34000000001,41110.40000000001,47.620000000000005,101992.74000000002,,,,,,,,,,,,,,1998746.75,0.0,2134352.79,47.620000000000005,0.0,,0.0,,0.0,,,,,,,,2134352.79,47.620000000000005
28,ANDHRA PRADESH,West Godavari,,1254.5017108410736,1189.8999999999999,1204.713110842777,1215.106207929353,52492.31,16579.0,158765.69,227837.0,0.0,227837.0,9353.34,2893.9299999999994,27182.16,39429.43000000001,2371.2799999999997,,2651.45,5022.7300000000005,38838.92,742.1400000000001,61422.179999999986,101003.24,1084.8899999999999,293.97999999999996,0.54,1379.4099999999996,0.0,269.42,0.0,269.42,66.30799999999999,14.907999999999998,461.634,542.8500000000001,,,,,,,,,51714.54,4214.33,91717.84,147646.71,,,,,,,,,,,,0.0,,,,0.0,,,,,,,,,,,,,,,,0.0,51714.54,4214.33,91717.84,147646.71,2585.71,210.70999999999998,4585.950000000001,7382.370000000002,49128.829999999994,4003.620000000001,87131.89000000001,140264.34000000003,323.68512599999997,150.208074,205.86,679.7532000000001,101.52000000000001,0.0,85.68,187.20000000000002,2881.057689194658,979.9599999999999,319.7923917442331,4180.810080938892,3306.06,1130.1499999999996,610.8700000000001,5047.089999999999,6.729368478752701,28.228203475854336,0.7010865941275921,8.349360889625828,868.29,262.11999999999995,204.92,1130.4099999999999,45278.149999999994,2761.5499999999997,86522.04000000001,48039.7,,,,,,,,,,,,,,0.0,87277.5,53132.45,174409.38999999998,0.0,,0.0,,0.0,,,,,,,,53132.45,174409.38999999998
29,ANDHRA PRADESH,Y.S.R Kadapa,,679.8251512085089,696.3725129220649,0.0,685.4224221162609,582867.992,297940.0,0.0,880807.992,241810.0,1122617.992,38628.089999999975,19026.32,0.0,57654.40999999999,15934.57,,,15934.57,1200.7199999999998,142.70000000000002,0.0,1343.4199999999998,5837.6,3323.2200000000003,0.0,9160.820000000003,2522.9900000000002,411.18000000000006,0.0,2934.1699999999996,13882.770000000004,6335.343999999999,,20218.114,,,,,,,,,78006.70999999998,29238.720000000005,0.0,107245.43,,,,,,,,,,,,0.0,,,,0.0,,,,,,,,,,,,,,,,0.0,78006.70999999998,29238.720000000005,0.0,107245.43,3900.4199999999996,1462.0600000000002,0.0,5362.479999999999,74106.28999999998,27776.66,0.0,101882.94999999998,5692.073300000001,3603.0622000000003,,9295.135499999999,362.38800000000003,68.03999999999999,,430.428,20087.84129,11628.69457625,,31716.53586625,26142.38,15299.88,,41442.259999999995,35.276870559840475,55.08178449100791,,40.67634476622438,5692.080000000001,3603.0799999999995,0.0,9295.159999999998,49073.81,13420.4,0.0,62494.21,,,,,,,,,,,,,,7526010.650000002,0.0,7627893.57,0.0,0.0,,0.0,,0.0,,,,,,,,7627893.57,0.0
30,ARUNACHAL PRADESH,ANJAW,,0.0,0.0,0.0,0.0,0.0,0.0,0.0,0.0,619000.0,619000.0,0.0,0.0,0.0,0.0,,,,,0.0,0.0,0.0,0.0,0.0,0.0,0.0,0.0,,,,,,,,,,,,,,,,,0.0,0.0,0.0,0.0,,,,,,,,,,,,0.0,,,,0.0,0.0,0.0,0.0,0.0,0.0,0.0,0.0,0.0,0.0,0.0,0.0,0.0,0.0,0.0,0.0,0.0,0.0,0.0,0.0,0.0,0.0,0.0,0.0,0.0,0.0,0.0,0.0,0.0,,,,0.0,,,,0.0,,,,0.0,,,,,,,,,0.0,0.0,0.0,0.0,0.0,0.0,0.0,0.0,,,,,,,0.0,0.0,0.0,,,,,0.0,0.0,0.0,0.0,0.0,,0.0,,0.0,,,,,,,,0.0,0.0
31,ARUNACHAL PRADESH,CHANGLANG,,0.0,2599.4999999999995,0.0,2599.4999999999995,0.0,53000.0,0.0,53000.0,413199.99999999994,466199.99999999994,0.0,24248.13,0.0,24248.13,,,,,0.0,10336.2,0.0,10336.2,0.0,29.159999999999997,0.0,29.159999999999997,,,,,,,,,,,,,,,,,0.0,34613.490000000005,0.0,34613.490000000005,,,,,,,,,,,,0.0,,,,0.0,0.0,0.0,0.0,0.0,0.0,0.0,0.0,0.0,0.0,0.0,0.0,0.0,0.0,0.0,0.0,0.0,0.0,34613.490000000005,0.0,34613.490000000005,0.0,3461.36,0.0,3461.36,0.0,31152.129999999997,0.0,31152.129999999997,,180.1710372,,180.1710372,,0.0,,0.0,,64.80000000000001,,64.80000000000001,,244.97,,244.97,,0.7863667749203668,,0.7863667749203668,0.0,188.4,0.0,188.4,0.0,30898.92,0.0,30898.92,,,,,,,1933.4399688,1347.1488,0.0,,,,,0.0,0.0,31152.129999999997,0.0,0.0,,0.0,,0.0,,,,,,,,31152.129999999997,0.0
32,ARUNACHAL PRADESH,DIBANG VALLEY,,0.0,0.0,0.0,0.0,0.0,0.0,0.0,0.0,912900.0,912900.0,0.0,0.0,0.0,0.0,,,,,0.0,0.0,0.0,0.0,0.0,0.0,0.0,0.0,,,,,,,,,,,,,,,,,0.0,0.0,0.0,0.0,,,,,,,,,,,,0.0,,,,0.0,0.0,0.0,0.0,0.0,0.0,0.0,0.0,0.0,0.0,0.0,0.0,0.0,0.0,0.0,0.0,0.0,0.0,0.0,0.0,0.0,0.0,0.0,0.0,0.0,0.0,0.0,0.0,0.0,,,,0.0,,,,0.0,,,,0.0,,,,,,,,,0.0,0.0,0.0,0.0,0.0,0.0,0.0,0.0,,,,,,,0.0,0.0,0.0,,,,,0.0,0.0,0.0,0.0,0.0,,0.0,,0.0,,,,,,,,0.0,0.0
33,ARUNACHAL PRADESH,EAST KAMENG,,0.0,2136.1,0.0,2136.1,0.0,31249.999999999996,0.0,31249.999999999996,382150.0,413400.0,0.0,11748.55,0.0,11748.55,,,,,0.0,6383.153024000001,0.0,6383.14,0.0,32.47,0.0,32.47,,,,,,0.4,,0.4,,,,,,,,,0.0,18164.56,0.0,18164.56,,,,,,,,,,,,0.0,,,,0.0,0.0,0.0,0.0,0.0,0.0,0.0,0.0,0.0,0.0,0.0,0.0,0.0,0.0,0.0,0.0,0.0,0.0,18164.56,0.0,18164.56,0.0,1816.4500000000003,0.0,1816.4500000000003,0.0,16348.109999999999,0.0,16348.109999999999,,14.35968765,,14.35968765,,0.0,,0.0,,94.10000000000001,,94.10000000000001,,108.46,,108.46,,0.6634406056724601,,0.6634406056724601,0.0,16.259999999999998,0.0,16.259999999999998,0.0,16237.75,0.0,16237.75,,,,,,,0.0,526.0773600000001,0.0,,,,,0.0,0.0,16348.109999999999,0.0,0.0,,0.0,,0.0,,,,,,,,16348.109999999999,0.0
34,ARUNACHAL PRADESH,EAST SIANG,,0.0,4418.799999999999,0.0,4418.799999999999,0.0,110100.0,0.0,110100.0,250200.0,360300.0,0.0,77747.55,0.0,77747.55,,,,,0.0,9924.6055,0.0,9924.599999999999,0.0,40.16,0.0,40.16,,,,,,5.0,,5.0,,,,,,,,,0.0,87717.31,0.0,87717.31,,,,,,,,,,,,0.0,,,,0.0,0.0,0.0,0.0,0.0,0.0,1178.4299999999998,0.0,1178.4299999999998,0.0,0.0,0.0,0.0,0.0,-1178.4299999999998,0.0,-1178.4299999999998,0.0,86538.88,0.0,86538.88,0.0,7969.5,0.0,7969.5,0.0,78569.38,0.0,78569.38,,63.666176199999995,,63.666176199999995,,4.199999999999999,,4.199999999999999,,110.42,,110.42,,178.27,,178.27,,0.22689500668071966,,0.22689500668071966,0.0,65.66,0.0,65.66,0.0,78389.12,0.0,78389.12,,,,,,,3733.8136030719998,748.7424,0.0,,,,,0.0,0.0,78569.38,0.0,0.0,,0.0,,0.0,,,,,,,,78569.38,0.0
35,ARUNACHAL PRADESH,KURUNG KUMEY,,0.0,0.0,0.0,0.0,0.0,0.0,0.0,0.0,604000.0,604000.0,0.0,0.0,0.0,0.0,,,,,0.0,0.0,0.0,0.0,0.0,0.0,0.0,0.0,,,,,,,,,,,,,,,,,0.0,0.0,0.0,0.0,,,,,,,,,,,,0.0,,,,0.0,0.0,0.0,0.0,0.0,0.0,0.0,0.0,0.0,0.0,0.0,0.0,0.0,0.0,0.0,0.0,0.0,0.0,0.0,0.0,0.0,0.0,0.0,0.0,0.0,0.0,0.0,0.0,0.0,,,,0.0,,,,0.0,,,,0.0,,,,,,,,,0.0,0.0,0.0,0.0,0.0,0.0,0.0,0.0,,,,,,,0.0,0.0,0.0,,,,,0.0,0.0,0.0,0.0,0.0,,0.0,,0.0,,,,,,,,0.0,0.0
36,ARUNACHAL PRADESH,LOHIT,,0.0,3003.5,0.0,3003.5,0.0,200000.0,0.0,200000.0,321199.99999999994,521200.0,0.0,105754.0,0.0,105754.0,,,,,0.0,17398.2,0.0,17398.2,0.0,15.32,0.0,15.32,,,,,,,,,,,,,,,,,0.0,123167.52000000002,0.0,123167.52000000002,,,,,,,,,,,,0.0,,,,0.0,0.0,0.0,0.0,0.0,0.0,280.21,0.0,280.21,0.0,0.0,0.0,0.0,0.0,-280.21,0.0,-280.21,0.0,122887.31000000001,0.0,122887.31000000001,0.0,12316.75,0.0,12316.75,0.0,110570.56,0.0,110570.56,,227.85980195,,227.85980195,,8.4,,8.4,,34.36,,34.36,,270.62,,270.62,,0.24474869259954912,,0.24474869259954912,0.0,237.07,0.0,237.07,0.0,110290.72,0.0,110290.72,,,,,,,9791.131590444,0.0,0.0,,,,,0.0,0.0,110570.56,0.0,0.0,,0.0,,0.0,,,,,,,,110570.56,0.0
37,ARUNACHAL PRADESH,LOWER DIBANG VALLEY,,0.0,3507.0,0.0,3507.0,0.0,120000.0,0.0,120000.0,270000.0,390000.0,0.0,76744.8,0.0,76744.8,,,,,0.0,2391.534,0.0,2391.5299999999997,0.0,74.13,0.0,74.13,,,,,,,,,,,,,,,,,0.0,79210.45999999999,0.0,79210.45999999999,,,,,,,,,,,,0.0,,,,0.0,0.0,0.0,0.0,0.0,0.0,0.0,0.0,0.0,0.0,0.0,0.0,0.0,0.0,0.0,0.0,0.0,0.0,79210.45999999999,0.0,79210.45999999999,0.0,7921.05,0.0,7921.05,0.0,71289.41,0.0,71289.41,,31.41420315,,31.41420315,,0.0,,0.0,,216.5,,216.5,,247.91000000000003,,247.91000000000003,,0.3477515103575693,,0.3477515103575693,0.0,31.9,0.0,31.9,0.0,71041.01999999999,0.0,71041.01999999999,,,,,,,0.0,1519.7759999999998,0.0,,,,,0.0,0.0,71289.41,0.0,0.0,,0.0,,0.0,,,,,,,,71289.41,0.0
38,ARUNACHAL PRADESH,LOWER SUBANSIRI,,0.0,2136.9,0.0,2136.9,0.0,10135.0,0.0,10135.0,340665.0,350799.99999999994,0.0,3705.7,0.0,3705.7,,,,,0.0,2591.3475,0.0,2591.35,0.0,7.05,0.0,7.05,,,,,,,,,,,,,,,,,0.0,6304.1,0.0,6304.1,,,,,,,,,,,,0.0,,,,0.0,0.0,0.0,0.0,0.0,0.0,165.66,0.0,165.66,0.0,0.0,0.0,0.0,0.0,-165.66,0.0,-165.66,0.0,6138.4400000000005,0.0,6138.4400000000005,0.0,630.4000000000001,0.0,630.4000000000001,0.0,5508.040000000001,0.0,5508.040000000001,,22.28240685,,22.28240685,,0.0,,0.0,,16.83,,16.83,,39.11,,39.11,,0.7100529407920058,,0.7100529407920058,0.0,26.71,0.0,26.71,0.0,5464.5,0.0,5464.5,,,,,,,8164.97333716,0.0,0.0,,,,,0.0,0.0,5508.039999999999,0.0,0.0,,0.0,,0.0,,,,,,,,5508.039999999999,0.0
39,ARUNACHAL PRADESH,PAPUM PARE,,0.0,3336.8,0.0,3336.8,0.0,17819.0,0.0,17819.0,328381.0,346200.00000000006,0.0,10728.76,0.0,10728.76,,,,,0.0,3283.101,0.0,3283.0899999999997,0.0,5.96,0.0,5.96,,,,,,,,,,,,,,,,,0.0,14017.8,0.0,14017.8,,,,,,,,,,,,0.0,,,,0.0,0.0,89.53,0.0,89.53,0.0,2427.05,0.0,2427.05,0.0,0.0,0.0,0.0,0.0,-2516.58,0.0,-2516.58,0.0,11501.22,0.0,11501.22,0.0,1401.79,0.0,1401.79,0.0,10099.43,0.0,10099.43,,105.05508474999999,,105.05508474999999,,25.29,,25.29,,15.36,,15.36,,145.71,,145.71,,1.442754690116175,,1.442754690116175,0.0,123.13999999999999,0.0,123.13999999999999,0.0,9935.64,0.0,9935.64,,,,,,,6968.291028328001,1978.02,0.0,,,,,0.0,0.0,10099.43,0.0,0.0,,0.0,,0.0,,,,,,,,10099.43,0.0
40,ARUNACHAL PRADESH,TAWANG,,0.0,0.0,0.0,0.0,0.0,0.0,0.0,0.0,217200.0,217200.0,0.0,0.0,0.0,0.0,,,,,0.0,0.0,0.0,0.0,0.0,0.0,0.0,0.0,,,,,,,,,,,,,,,,,0.0,0.0,0.0,0.0,,,,,,,,,,,,0.0,,,,0.0,0.0,0.0,0.0,0.0,0.0,0.0,0.0,0.0,0.0,0.0,0.0,0.0,0.0,0.0,0.0,0.0,0.0,0.0,0.0,0.0,0.0,0.0,0.0,0.0,0.0,0.0,0.0,0.0,,,,0.0,,,,0.0,,,,0.0,,,,,,,,,0.0,0.0,0.0,0.0,0.0,0.0,0.0,0.0,,,,,,,0.0,0.0,0.0,,,,,0.0,0.0,0.0,0.0,0.0,,0.0,,0.0,,,,,,,,0.0,0.0
41,ARUNACHAL PRADESH,TIRAP,,0.0,3459.4,0.0,3459.4,0.0,12500.0,0.0,12500.0,223700.0,236200.0,0.0,7863.37,0.0,7863.37,,,,,0.0,2269.398,0.0,2269.3900000000003,0.0,2.4699999999999998,0.0,2.4699999999999998,,1.03,,1.03,,0.023,,0.023,,,,,,,,,0.0,10136.279999999999,0.0,10136.279999999999,,,,,,,,,,,,0.0,,,,0.0,0.0,0.0,0.0,0.0,0.0,0.0,0.0,0.0,0.0,0.0,0.0,0.0,0.0,0.0,0.0,0.0,0.0,10136.279999999999,0.0,10136.279999999999,0.0,1013.63,0.0,1013.63,0.0,9122.65,0.0,9122.65,,48.802706425,,48.802706425,,0.0,,0.0,,6.25,,6.25,,55.04,,55.04,,0.6033334612201499,,0.6033334612201499,0.0,50.06,0.0,50.06,0.0,9066.35,0.0,9066.35,,,,,,,101.640041512,134.09279999999998,0.0,,,,,0.0,0.0,9122.65,0.0,0.0,,0.0,,0.0,,,,,,,,9122.65,0.0
42,ARUNACHAL PRADESH,UPPER SIANG,,0.0,0.0,0.0,0.0,0.0,0.0,0.0,0.0,658999.9999999999,658999.9999999999,0.0,0.0,0.0,0.0,,,,,0.0,0.0,0.0,0.0,0.0,0.0,0.0,0.0,,,,,,,,,,,,,,,,,0.0,0.0,0.0,0.0,,,,,,,,,,,,0.0,,,,0.0,0.0,0.0,0.0,0.0,0.0,0.0,0.0,0.0,0.0,0.0,0.0,0.0,0.0,0.0,0.0,0.0,0.0,0.0,0.0,0.0,0.0,0.0,0.0,0.0,0.0,0.0,0.0,0.0,,,,0.0,,,,0.0,,,,0.0,,,,,,,,,0.0,0.0,0.0,0.0,0.0,0.0,0.0,0.0,,,,,,,0.0,0.0,0.0,,,,,0.0,0.0,0.0,0.0,0.0,,0.0,,0.0,,,,,,,,0.0,0.0
43,ARUNACHAL PRADESH,UPPER SUBANSIRI,,0.0,1746.5,0.0,1746.5,0.0,700.0,0.0,700.0,702500.0,703200.0,0.0,215.17000000000002,0.0,215.17000000000002,,,,,0.0,2530.446,0.0,2530.45,0.0,5.9399999999999995,0.0,5.9399999999999995,,,,,,,,,,,,,,,,,0.0,2751.56,0.0,2751.56,,,,,,,,,,,,0.0,,,,0.0,0.0,0.0,0.0,0.0,0.0,0.0,0.0,0.0,0.0,0.0,0.0,0.0,0.0,0.0,0.0,0.0,0.0,2751.56,0.0,2751.56,0.0,275.17,0.0,275.17,0.0,2476.3900000000003,0.0,2476.3900000000003,,3.62205195,,3.62205195,,0.9,,0.9,,16.64,,16.64,,21.159999999999997,,21.159999999999997,,0.8544696110063437,,0.8544696110063437,0.0,4.39,0.0,4.39,0.0,2454.46,0.0,2454.46,,,,,,,0.0,1142.784,0.0,,,,,0.0,0.0,2476.39,0.0,0.0,,0.0,,0.0,,,,,,,,2476.39,0.0
44,ARUNACHAL PRADESH,WEST KAMENG,,0.0,2521.4,0.0,2521.4,0.0,6175.000000000001,0.0,6175.000000000001,736025.0,742200.0,0.0,2740.2700000000004,0.0,2740.2700000000004,,,,,0.0,755.5744799999999,0.0,755.58,0.0,0.48000000000000004,0.0,0.48000000000000004,,,,,,0.122,,0.122,,,,,,,,,0.0,3496.46,0.0,3496.46,,,,,,,,,,,,0.0,,,,0.0,0.0,0.0,0.0,0.0,0.0,0.0,0.0,0.0,0.0,0.0,0.0,0.0,0.0,0.0,0.0,0.0,0.0,3496.46,0.0,3496.46,0.0,349.63,0.0,349.63,0.0,3146.83,0.0,3146.83,,11.403884799999998,,11.403884799999998,,0.0,,0.0,,1.64,,1.64,,13.040000000000001,,13.040000000000001,,0.414385270256099,,0.414385270256099,0.0,11.73,0.0,11.73,0.0,3133.47,0.0,3133.47,,,,,,,0.0,0.0,0.0,,,,,0.0,0.0,3146.83,0.0,0.0,,0.0,,0.0,,,,,,,,3146.83,0.0
45,ARUNACHAL PRADESH,WEST SIANG,,0.0,2912.8999999999996,0.0,2912.8999999999996,0.0,10459.0,0.0,10459.0,822041.0,832500.0,0.0,5362.0199999999995,0.0,5362.0199999999995,,,,,0.0,2760.603,0.0,2760.6,0.0,1.53,0.0,1.53,,,,,,0.5,,0.5,,,,,,,,,0.0,8124.65,0.0,8124.65,,,,,,,,,,,,0.0,,,,0.0,0.0,0.0,0.0,0.0,0.0,0.0,0.0,0.0,0.0,0.0,0.0,0.0,0.0,0.0,0.0,0.0,0.0,8124.65,0.0,8124.65,0.0,812.4599999999999,0.0,812.4599999999999,0.0,7312.189999999999,0.0,7312.189999999999,,2.3531915,,2.3531915,,1.1800000000000002,,1.1800000000000002,,4.12,,4.12,,7.65,,7.65,,0.10461981978039413,,0.10461981978039413,0.0,2.4,0.0,2.4,0.0,7304.49,0.0,7304.49,,,,,,,0.0,0.0,0.0,,,,,0.0,0.0,7312.189999999999,0.0,0.0,,0.0,,0.0,,,,,,,,7312.189999999999,0.0
46,ASSAM,BAKSA,,0.0,3274.6,0.0,3274.6,0.0,244873.01,0.0,244873.01,1382.9899999999966,246256.0,0.0,135894.52,0.0,135894.52,,,,,0.0,9554.5698,0.0,9554.57,0.0,270.63,0.0,270.63,,633.0999999999999,,633.0999999999999,,,,,,,,,,,,,0.0,146352.83000000002,0.0,146352.83000000002,,,,,,,,,,,,0.0,,,,0.0,0.0,0.0,0.0,0.0,0.0,2422.7400000000002,0.0,2422.7400000000002,0.0,0.0,0.0,0.0,0.0,-2422.7400000000002,0.0,-2422.7400000000002,0.0,143930.09000000003,0.0,143930.09000000003,0.0,14635.279999999999,0.0,14635.279999999999,0.0,129294.81,0.0,129294.81,,1995.3076879070584,,1995.3076879070584,,3.1630499999999997,,3.1630499999999997,,2555.2799999999997,,2555.2799999999997,,4553.76,,4553.76,,3.5219975186939063,,3.5219975186939063,0.0,2042.5900000000001,0.0,2042.5900000000001,0.0,124693.76,0.0,124693.76,,,,,,,18167.56735138,125.46757439999998,0.0,,,,,1943256.77,0.0,2072551.58,0.0,0.0,,0.0,,0.0,,,,,,,,2072551.58,0.0
47,ASSAM,BARPETA,,0.0,2051.4,0.0,2051.4,0.0,227056.25,0.0,227056.25,1143.7499999999982,228200.0,0.0,81977.82999999999,0.0,81977.82999999999,,,,,0.0,379.76399999999995,0.0,379.76,0.0,7083.960000000001,0.0,7083.960000000001,,1289.4899999999998,,1289.4899999999998,,,,,,,,,,,,,0.0,90731.04000000001,0.0,90731.04000000001,,,,,,,,,,,,0.0,,,,0.0,0.0,0.0,0.0,0.0,0.0,4445.8,0.0,4445.8,0.0,0.0,0.0,0.0,0.0,-4445.8,0.0,-4445.8,0.0,86285.24,0.0,86285.24,0.0,9073.11,0.0,9073.11,0.0,77212.13,0.0,77212.13,,3990.619061535558,,3990.619061535558,,14.346707999999998,,14.346707999999998,,24373.44,,24373.44,,28378.4,,28378.4,,36.75381057354589,,36.75381057354589,0.0,4218.97,0.0,4218.97,0.0,48605.369999999995,0.0,48605.369999999995,,,,,,,10111.741090677,783.4795199999999,0.0,,,,,817402.5,0.0,894614.6299999999,0.0,0.0,,0.0,,0.0,,,,,,,,894614.6299999999,0.0
48,ASSAM,BONGAIGAON,,0.0,3102.399999999999,0.0,3102.399999999999,0.0,99730.0,0.0,99730.0,9569.999999999996,109300.0,0.0,50271.670000000006,0.0,50271.670000000006,,,,,0.0,87.6,0.0,87.6,0.0,4569.25,0.0,4569.25,,812.35,,812.35,,,,,,,,,,,,,0.0,55740.869999999995,0.0,55740.869999999995,,,,,,,,,,,,0.0,,,,0.0,0.0,0.0,0.0,0.0,0.0,4224.61,0.0,4224.61,0.0,0.0,0.0,0.0,0.0,-4224.61,0.0,-4224.61,0.0,51516.259999999995,0.0,51516.259999999995,0.0,5574.1,0.0,5574.1,0.0,45942.159999999996,0.0,45942.159999999996,,1675.5529161332975,,1675.5529161332975,,6.7986,,6.7986,,10153.92,,10153.92,,11836.269999999999,,11836.269999999999,,25.763416434926,,25.763416434926,0.0,1766.22,0.0,1766.22,0.0,34015.23,0.0,34015.23,,,,,,,12260.466062019,154.47887999999998,0.0,,,,,576030.11,0.0,621972.27,0.0,0.0,,0.0,,0.0,,,,,,,,621972.27,0.0
49,ASSAM,CACHAR,,0.0,3311.9000000000005,0.0,3311.9000000000005,0.0,273358.0,0.0,273358.0,105241.99999999999,378599.99999999994,0.0,87523.90999999999,0.0,87523.90999999999,,,,,0.0,2339.9078953499998,0.0,2339.9,0.0,0.0,0.0,0.0,,2807.91,,2807.91,,,,,,,,,,,,,0.0,92671.71999999999,0.0,92671.71999999999,,,,,,,,,,,,0.0,,,,0.0,0.0,816.19,0.0,816.19,0.0,38496.75000000001,0.0,38496.75000000001,0.0,0.0,0.0,0.0,0.0,-39312.94000000001,0.0,-39312.94000000001,0.0,53358.77999999998,0.0,53358.77999999998,0.0,9267.18,0.0,9267.18,0.0,44091.6,0.0,44091.6,,1413.3636973076923,,1413.3636973076923,,30.766436250000005,,30.766436250000005,,1.68,,1.68,,1445.7800000000002,,1445.7800000000002,,3.2790372769416405,,3.2790372769416405,0.0,1487.8100000000002,0.0,1487.8100000000002,0.0,42571.4,0.0,42571.4,,,,,,,21749.7228072675,827.9841599999999,0.0,,,,,399217.91000000003,0.0,443309.51999999984,0.0,0.0,,0.0,,0.0,,,,,,,,443309.51999999984,0.0
50,ASSAM,CHIRANG,,0.0,3218.7,0.0,3218.7,0.0,191794.0,0.0,191794.0,506.00000000000006,192300.0,0.0,108649.62,0.0,108649.62,,,,,0.0,167.85792000000004,0.0,167.86,0.0,249.2,0.0,249.2,,134.6,,134.6,,,,,,,,,,,,,0.0,109201.28000000001,0.0,109201.28000000001,,,,,,,,,,,,0.0,,,,0.0,0.0,0.0,0.0,0.0,0.0,1771.51,0.0,1771.51,0.0,0.0,0.0,0.0,0.0,-1771.51,0.0,-1771.51,0.0,107429.77000000002,0.0,107429.77000000002,0.0,10920.129999999997,0.0,10920.129999999997,0.0,96509.64,0.0,96509.64,,946.1947650834366,,946.1947650834366,,4.81734,,4.81734,,1518.7200000000003,,1518.7200000000003,,2469.7,,2469.7,,2.5590189746848084,,2.5590189746848084,0.0,970.0699999999999,0.0,970.0699999999999,0.0,94016.07,0.0,94016.07,,,,,,,22734.217770692005,0.0,0.0,,,,,1530049.6800000002,0.0,1626559.3199999998,0.0,0.0,,0.0,,0.0,,,,,,,,1626559.3199999998,0.0
51,ASSAM,DARRANG,,0.0,1951.1999999999996,0.0,1951.1999999999996,0.0,157654.0,0.0,157654.0,846.0,158500.0,0.0,55331.68,0.0,55331.68,,,,,0.0,96.142464,0.0,96.13,0.0,687.47,0.0,687.47,,1768.64,,1768.64,,,,,,,,,,,,,0.0,57883.92,0.0,57883.92,,,,,,,,,,,,0.0,,,,0.0,0.0,0.0,0.0,0.0,0.0,232.66,0.0,232.66,0.0,0.0,0.0,0.0,0.0,-232.66,0.0,-232.66,0.0,57651.259999999995,0.0,57651.259999999995,0.0,5405.150000000001,0.0,5405.150000000001,0.0,52246.11,0.0,52246.11,,2113.2027640548217,,2113.2027640548217,,56.515820624999996,,56.515820624999996,,15523.199999999997,,15523.199999999997,,17692.920000000002,,17692.920000000002,,33.864569055954604,,33.864569055954604,0.0,2240.2200000000003,0.0,2240.2200000000003,0.0,34426.18,0.0,34426.18,,,,,,,2696.885240469,369.49823999999995,0.0,,,,,1310522.3,0.0,1362768.4100000001,0.0,0.0,,0.0,,0.0,,,,,,,,1362768.4100000001,0.0
52,ASSAM,DHEMAJI,,0.0,2859.3000000000006,0.0,2859.3000000000006,0.0,315155.99,0.0,315155.99,8544.010000000002,323700.0,0.0,143046.67,0.0,143046.67,,,,,,,,,0.0,0.0,0.0,0.0,,369.64000000000004,,369.64000000000004,,,,,,,,,,,,,0.0,143416.31,0.0,143416.31,,,,,,,,,,,,0.0,,,,0.0,0.0,312.98,0.0,312.98,0.0,31905.539999999994,0.0,31905.539999999994,0.0,0.0,0.0,0.0,0.0,-32218.519999999997,0.0,-32218.519999999997,0.0,111197.79000000001,0.0,111197.79000000001,0.0,14341.64,0.0,14341.64,0.0,96856.15,0.0,96856.15,,1510.118604430762,,1510.118604430762,,7.0710749999999996,,7.0710749999999996,,3089.52,,3089.52,,4606.7300000000005,,4606.7300000000005,,4.756259669623457,,4.756259669623457,0.0,1588.46,0.0,1588.46,0.0,92171.07999999999,0.0,92171.07999999999,,,,,,,60315.756747857995,499.47839999999997,0.0,,,,,3661792.6999999997,0.0,3758648.85,0.0,0.0,,0.0,,0.0,,,,,,,,3758648.85,0.0
53,ASSAM,DHUBRI,,0.0,2752.8,0.0,2752.8,0.0,214392.01,0.0,214392.01,3207.989999999997,217600.0,0.0,100423.48000000001,0.0,100423.48000000001,,,,,0.0,378.372,0.0,378.37,0.0,8172.549999999999,0.0,8172.549999999999,,899.2700000000001,,899.2700000000001,,,,,,,,,,,,,0.0,109873.67,0.0,109873.67,,,,,,,,,,,,0.0,,,,0.0,0.0,0.0,0.0,0.0,0.0,738.0500000000001,0.0,738.0500000000001,0.0,0.0,0.0,0.0,0.0,-738.05,0.0,-738.05,0.0,109135.62,0.0,109135.62,0.0,10675.43,0.0,10675.43,0.0,98460.19,0.0,98460.19,,4664.775503269316,,4664.775503269316,,28.298699999999997,,28.298699999999997,,23600.64,,23600.64,,28293.72,,28293.72,,28.73620292627914,,28.73620292627914,0.0,4986.539999999999,0.0,4986.539999999999,0.0,69844.70999999999,0.0,69844.70999999999,,,,,,,1606.9255014869998,301.20768,0.0,,,,,724058.9600000001,0.0,822519.15,0.0,0.0,,0.0,,0.0,,,,,,,,822519.15,0.0
54,ASSAM,DIBRUGARH,,0.0,2649.3999999999996,0.0,2649.3999999999996,0.0,334688.0,0.0,334688.0,3412.0000000000073,338100.0,0.0,146601.44,0.0,146601.44,,,,,0.0,5.5,0.0,5.5,0.0,1877.68,0.0,1877.68,,1372.02,,1372.02,,,,,,,,,,,,,0.0,149856.64,0.0,149856.64,,,,,,,,,,,,0.0,,,,0.0,0.0,0.0,0.0,0.0,0.0,11411.08,0.0,11411.08,0.0,0.0,0.0,0.0,0.0,-11411.08,0.0,-11411.08,0.0,138445.56000000003,0.0,138445.56000000003,0.0,14985.650000000001,0.0,14985.650000000001,0.0,123459.91000000002,0.0,123459.91000000002,,2689.9690769373597,,2689.9690769373597,,84.33982837500001,,84.33982837500001,,5633.04,,5633.04,,8407.33,,8407.33,,6.8097652104233655,,6.8097652104233655,0.0,2761.8800000000006,0.0,2761.8800000000006,0.0,114980.67,0.0,114980.67,,,,,,,74771.16243405899,1227.9815999999998,0.0,,,,,3959350.4699999993,0.0,4082810.38,0.0,0.0,,0.0,,0.0,,,,,,,,4082810.38,0.0
55,ASSAM,DIMA HASAO,,0.0,2791.8,0.0,2791.8,0.0,234300.0,0.0,234300.0,254500.0,488800.0,0.0,62795.41,0.0,62795.41,,,,,,,,,0.0,63.01,0.0,63.01,,100.86000000000001,,100.86000000000001,,,,,,,,,,,,,0.0,62959.28,0.0,62959.28,,,,,,,,,,,,0.0,,,,0.0,0.0,0.0,0.0,0.0,0.0,0.0,0.0,0.0,0.0,0.0,0.0,0.0,0.0,0.0,0.0,0.0,0.0,62959.28,0.0,62959.28,0.0,6295.92,0.0,6295.92,0.0,56663.36,0.0,56663.36,,236.37712281465662,,236.37712281465662,,1.188,,1.188,,336.0,,336.0,,573.55,,573.55,,1.0122061240279432,,1.0122061240279432,0.0,243.95000000000002,0.0,243.95000000000002,0.0,56082.24,0.0,56082.24,,,,,,,0.0,0.0,0.0,,,,,351450.0,0.0,408113.36000000004,0.0,0.0,,0.0,,0.0,,,,,,,,408113.36000000004,0.0
56,ASSAM,GOALPARA,,0.0,2583.1999999999994,0.0,2583.1999999999994,0.0,171983.00000000003,0.0,171983.00000000003,10417.0,182400.0,0.0,76542.7,0.0,76542.7,,,,,0.0,368.17999999999995,0.0,368.17999999999995,0.0,3229.48,0.0,3229.48,,764.0200000000001,,764.0200000000001,,,,,,,,,,,,,0.0,80904.38,0.0,80904.38,,,,,,,,,,,,0.0,,,,0.0,0.0,0.0,0.0,0.0,0.0,14370.13,0.0,14370.13,0.0,0.0,0.0,0.0,0.0,-14370.13,0.0,-14370.13,0.0,66534.25,0.0,66534.25,0.0,8090.44,0.0,8090.44,0.0,58443.81,0.0,58443.81,,2453.0109858438595,,2453.0109858438595,,47.29462000000001,,47.29462000000001,,9972.48,,9972.48,,12472.77,,12472.77,,21.34147311751236,,21.34147311751236,0.0,2604.68,0.0,2604.68,0.0,45819.38,0.0,45819.38,,,,,,,32905.477107285,742.1327999999999,0.0,,,,,1006473.27,0.0,1064917.08,0.0,0.0,,0.0,,0.0,,,,,,,,1064917.08,0.0
57,ASSAM,GOLAGHAT,,0.0,1751.6999999999996,0.0,1751.6999999999996,0.0,348140.0,0.0,348140.0,2060.0,350200.0,0.0,107331.28,0.0,107331.28,,,,,0.0,345.770976,0.0,345.77,0.0,1171.63,0.0,1171.63,,760.9599999999999,,760.9599999999999,,,,,,,,,,,,,0.0,109609.64000000001,0.0,109609.64000000001,,,,,,,,,,,,0.0,,,,0.0,0.0,0.0,0.0,0.0,0.0,1653.0500000000002,0.0,1653.0500000000002,0.0,0.0,0.0,0.0,0.0,-1653.0500000000002,0.0,-1653.0500000000002,0.0,107956.59000000001,0.0,107956.59000000001,0.0,10960.970000000001,0.0,10960.970000000001,0.0,96995.62000000001,0.0,96995.62000000001,,1994.8528738767668,,1994.8528738767668,,117.15003324999999,,117.15003324999999,,3833.76,,3833.76,,5945.79,,5945.79,,6.1299572083770375,,6.1299572083770375,0.0,2052.65,0.0,2052.65,0.0,90992.02,0.0,90992.02,,,,,,,7609.247648156999,0.0,0.0,,,,,1044420.0,0.0,1141415.6199999999,0.0,0.0,,0.0,,0.0,,,,,,,,1141415.6199999999,0.0
58,ASSAM,HAILAKANDI,,0.0,2838.3,0.0,2838.3,0.0,104981.0,0.0,104981.0,27719.0,132700.0,0.0,28604.879999999997,0.0,28604.879999999997,,,,,0.0,38.753550000000004,0.0,38.760000000000005,0.0,0.0,0.0,0.0,,1779.91,,1779.91,,,,,,,,,,,,,0.0,30423.550000000003,0.0,30423.550000000003,,,,,,,,,,,,0.0,,,,0.0,0.0,188.99,0.0,188.99,0.0,6316.23,0.0,6316.23,0.0,0.0,0.0,0.0,0.0,-6505.219999999999,0.0,-6505.219999999999,0.0,23918.33,0.0,23918.33,0.0,3042.36,0.0,3042.36,0.0,20875.97,0.0,20875.97,,536.2171388008037,,536.2171388008037,,0.0,,0.0,,5.039999999999999,,5.039999999999999,,541.2600000000001,,541.2600000000001,,2.592741798345179,,2.592741798345179,0.0,566.95,0.0,566.95,0.0,20303.979999999996,0.0,20303.979999999996,,,,,,,3067.6013640472497,99.4896,0.0,,,,,153686.4,0.0,174562.37,0.0,0.0,,0.0,,0.0,,,,,,,,174562.37,0.0
59,ASSAM,JORHAT,,0.0,2265.3,0.0,2265.3,0.0,279408.0,0.0,279408.0,5692.0,285100.0,0.0,112913.36,0.0,112913.36,,,,,0.0,14058.047999999999,0.0,14058.05,0.0,1774.5800000000002,0.0,1774.5800000000002,,898.9599999999999,,898.9599999999999,,,,,,,,,,,,,0.0,129644.94999999998,0.0,129644.94999999998,,,,,,,,,,,,0.0,,,,0.0,0.0,1106.71,0.0,1106.71,0.0,58060.009999999995,0.0,58060.009999999995,0.0,0.0,0.0,0.0,0.0,-59166.72,0.0,-59166.72,0.0,70478.22999999998,0.0,70478.22999999998,0.0,12964.489999999998,0.0,12964.489999999998,0.0,57513.74,0.0,57513.74,,1388.05091982111,,1388.05091982111,,28.037898,,28.037898,,5722.08,,5722.08,,7138.18,,7138.18,,12.411260335356387,,12.411260335356387,0.0,1416.15,0.0,1416.15,0.0,50347.45999999999,0.0,50347.45999999999,,,,,,,115311.30453202501,0.0,0.0,,,,,1985814.4800000002,0.0,2043328.2200000002,0.0,0.0,,0.0,,0.0,,,,,,,,2043328.2200000002,0.0
60,ASSAM,KAMRUP,,0.0,1896.1999999999998,0.0,1896.1999999999998,0.0,263024.0,0.0,263024.0,47476.0,310500.0,0.0,85070.85000000002,0.0,85070.85000000002,,,,,0.0,1868.7349439999998,0.0,1868.74,0.0,0.0,0.0,0.0,,1538.9,,1538.9,,,,,,,,,,,,,0.0,88478.48999999999,0.0,88478.48999999999,,,,,,,,,,,,0.0,,,,0.0,0.0,14.35,0.0,14.35,0.0,12604.4,0.0,12604.4,0.0,0.0,0.0,0.0,0.0,-12618.75,0.0,-12618.75,0.0,75859.73999999999,0.0,75859.73999999999,0.0,7912.589999999999,0.0,7912.589999999999,0.0,67947.15,0.0,67947.15,,3545.514473584539,,3545.514473584539,,282.70172437499997,,282.70172437499997,,20233.92,,20233.92,,24062.149999999998,,24062.149999999998,,35.41303792727142,,35.41303792727142,0.0,3696.9600000000005,0.0,3696.9600000000005,0.0,43733.55000000001,0.0,43733.55000000001,,,,,,,46023.522131355,752.76,0.0,,,,,1534922.0199999998,0.0,1602869.1700000002,0.0,0.0,,0.0,,0.0,,,,,,,,1602869.1700000002,0.0
61,ASSAM,KAMRUP (M),,0.0,1813.4,0.0,1813.4,0.0,65912.0,0.0,65912.0,29545.0,95457.0,0.0,20383.94,0.0,20383.94,,,,,0.0,139.15845,0.0,139.16,0.0,0.0,0.0,0.0,,9264.09,,9264.09,,,,,,,,,,,,,0.0,29787.190000000002,0.0,29787.190000000002,,,,,,,,,,,,0.0,,,,0.0,0.0,13.349999999999998,0.0,13.349999999999998,0.0,3957.0699999999997,0.0,3957.0699999999997,0.0,0.0,0.0,0.0,0.0,-3970.42,0.0,-3970.42,0.0,25816.770000000004,0.0,25816.770000000004,0.0,2448.3,0.0,2448.3,0.0,23368.47,0.0,23368.47,,3615.685020047216,,3615.685020047216,,159.2905,,159.2905,,1533.84,,1533.84,,5308.799999999999,,5308.799999999999,,22.71779025327717,,22.71779025327717,0.0,3639.11,0.0,3639.11,0.0,18036.25,0.0,18036.25,,,,,,,11357.571181367999,22.813919999999996,0.0,,,,,689190.0899999999,0.0,712558.5599999999,0.0,0.0,,0.0,,0.0,,,,,,,,712558.5599999999,0.0
62,ASSAM,KARBI ANGLONG,,0.0,1122.2000000000003,0.0,1122.2000000000003,0.0,656090.0,0.0,656090.0,387310.0,1043400.0,0.0,132896.26,0.0,132896.26,,,,,,,,,0.0,0.0,0.0,0.0,,599.5900000000001,,599.5900000000001,,,,,,,,,,,,,0.0,133495.85,0.0,133495.85,,,,,,,,,,,,0.0,,,,0.0,0.0,113.89,0.0,113.89,0.0,12804.06,0.0,12804.06,0.0,0.0,0.0,0.0,0.0,-12917.949999999999,0.0,-12917.949999999999,0.0,120577.90000000001,0.0,120577.90000000001,0.0,13349.590000000002,0.0,13349.590000000002,0.0,107228.30999999998,0.0,107228.30999999998,,1947.0749679389207,,1947.0749679389207,,32.9758,,32.9758,,1058.3999999999999,,1058.3999999999999,,3038.47,,3038.47,,2.833645331163011,,2.833645331163011,0.0,2032.0300000000002,0.0,2032.0300000000002,0.0,104104.88,0.0,104104.88,,,,,,,31329.308314376998,50.00832,0.0,,,,,2272059.26,0.0,2379287.57,0.0,0.0,,0.0,,0.0,,,,,,,,2379287.57,0.0
63,ASSAM,KARIMGANJ,,0.0,3751.0,0.0,3751.0,0.0,167648.0,0.0,167648.0,13252.0,180900.0,0.0,59811.729999999996,0.0,59811.729999999996,,,,,,,,,0.0,28.73,0.0,28.73,,1349.1599999999999,,1349.1599999999999,,,,,,,,,,,,,0.0,61189.62,0.0,61189.62,,,,,,,,,,,,0.0,,,,0.0,0.0,1600.98,0.0,1600.98,0.0,21348.940000000002,0.0,21348.940000000002,0.0,0.0,0.0,0.0,0.0,-22949.920000000002,0.0,-22949.920000000002,0.0,38239.7,0.0,38239.7,0.0,6118.960000000001,0.0,6118.960000000001,0.0,32120.74,0.0,32120.74,,1325.9369290812822,,1325.9369290812822,,4.193,,4.193,,85.67999999999999,,85.67999999999999,,1415.81,,1415.81,,4.407775163336834,,4.407775163336834,0.0,1404.17,0.0,1404.17,0.0,30626.700000000004,0.0,30626.700000000004,,,,,,,11164.054681329748,924.7392,0.0,,,,,245716.02000000002,0.0,277836.76,0.0,0.0,,0.0,,0.0,,,,,,,,277836.76,0.0
64,ASSAM,KOKRAJHAR,,0.0,3102.4,0.0,3102.4,0.0,327030.0,0.0,327030.0,2570.0,329600.0,0.0,178565.7,0.0,178565.7,,,,,0.0,949.3199999999999,0.0,949.3299999999999,0.0,1874.8799999999999,0.0,1874.8799999999999,,701.9100000000001,,701.9100000000001,,,,,,,,,,,,,0.0,182091.82,0.0,182091.82,,,,,,,,,,,,0.0,,,,0.0,0.0,0.0,0.0,0.0,0.0,6014.13,0.0,6014.13,0.0,0.0,0.0,0.0,0.0,-6014.13,0.0,-6014.13,0.0,176077.69,0.0,176077.69,0.0,18209.2,0.0,18209.2,0.0,157868.49,0.0,157868.49,,1730.2443885360783,,1730.2443885360783,,0.0,,0.0,,6328.5599999999995,,6328.5599999999995,,8058.830000000001,,8058.830000000001,,5.104774233287467,,5.104774233287467,0.0,1750.75,0.0,1750.75,0.0,149789.15,0.0,149789.15,,,,,,,36866.945403489,100.53935999999999,0.0,,,,,1569744.0,0.0,1727612.49,0.0,0.0,,0.0,,0.0,,,,,,,,1727612.49,0.0
65,ASSAM,LAKHIMPUR,,0.0,3270.3000000000006,0.0,3270.3000000000006,0.0,224930.0,0.0,224930.0,2770.0,227700.0,0.0,117077.75,0.0,117077.75,,,,,0.0,0.0,0.0,0.0,0.0,0.0,0.0,0.0,,993.5499999999998,,993.5499999999998,,,,,,,,,,,,,0.0,118071.30000000002,0.0,118071.30000000002,,,,,,,,,,,,0.0,,,,0.0,0.0,0.0,0.0,0.0,0.0,35437.57,0.0,35437.57,0.0,0.0,0.0,0.0,0.0,-35437.57000000001,0.0,-35437.57000000001,0.0,82633.73000000001,0.0,82633.73000000001,0.0,11082.79,0.0,11082.79,0.0,71550.94,0.0,71550.94,,2433.850480171887,,2433.850480171887,,11.57484,,11.57484,,4480.5599999999995,,4480.5599999999995,,6925.990000000001,,6925.990000000001,,9.679802948780267,,9.679802948780267,0.0,2537.1800000000003,0.0,2537.1800000000003,0.0,64521.62000000001,0.0,64521.62000000001,,,,,,,67788.100709577,0.0,0.0,,,,,481022.1699999999,0.0,552573.11,0.0,0.0,,0.0,,0.0,,,,,,,,552573.11,0.0
66,ASSAM,MORIGAON,,0.0,1884.8000000000002,0.0,1884.8000000000002,0.0,149066.0,0.0,149066.0,6034.0,155100.0,0.0,44332.78,0.0,44332.78,,,,,0.0,12.8275,0.0,12.829999999999998,0.0,3604.42,0.0,3604.42,,1091.14,,1091.14,,,,,,,,,,,,,0.0,49041.170000000006,0.0,49041.170000000006,,,,,,,,,,,,0.0,,,,0.0,0.0,0.0,0.0,0.0,0.0,6683.8,0.0,6683.8,0.0,0.0,0.0,0.0,0.0,-6683.799999999999,0.0,-6683.799999999999,0.0,42357.37000000001,0.0,42357.37000000001,0.0,4743.950000000001,0.0,4743.950000000001,0.0,37613.42,0.0,37613.42,,2320.4527200327175,,2320.4527200327175,,14.753178000000002,,14.753178000000002,,10822.559999999998,,10822.559999999998,,13157.78,,13157.78,,34.98161028696673,,34.98161028696673,0.0,2470.27,0.0,2470.27,0.0,24305.82,0.0,24305.82,,,,,,,20477.273804673,948.8923199999998,0.0,,,,,1199579.2,0.0,1237192.62,0.0,0.0,,0.0,,0.0,,,,,,,,1237192.62,0.0
67,ASSAM,NAGAON,,0.0,1884.8,0.0,1884.8,0.0,377341.0,0.0,377341.0,19959.0,397300.0,0.0,121045.3,0.0,121045.3,,,,,0.0,15319.573199999999,0.0,15319.560000000001,0.0,0.0,0.0,0.0,,3474.7999999999997,,3474.7999999999997,,,,,,,,,,,,,0.0,139839.66,0.0,139839.66,,,,,,,,,,,,0.0,,,,0.0,0.0,13.25,0.0,13.25,0.0,25709.47,0.0,25709.47,0.0,0.0,0.0,0.0,0.0,-25722.719999999998,0.0,-25722.719999999998,0.0,114116.94,0.0,114116.94,0.0,13983.97,0.0,13983.97,0.0,100132.97000000002,0.0,100132.97000000002,,1805.122223720017,,1805.122223720017,,98.72791600000001,,98.72791600000001,,27137.04,,27137.04,,29040.850000000002,,29040.850000000002,,29.00228566075689,,29.00228566075689,0.0,1912.3100000000002,0.0,1912.3100000000002,0.0,70984.95,0.0,70984.95,,,,,,,73563.120849141,852.1329599999998,0.0,,,,,1291438.91,0.0,1391571.8800000001,0.0,0.0,,0.0,,0.0,,,,,,,,1391571.8800000001,0.0
68,ASSAM,NALBARI,,0.0,1896.1999999999998,0.0,1896.1999999999998,0.0,103630.0,0.0,103630.0,1014.0,104644.0,0.0,32705.939999999995,0.0,32705.939999999995,,,,,,,,,0.0,0.0,0.0,0.0,,198.87,,198.87,,,,,,,,,,,,,0.0,32904.81,0.0,32904.81,,,,,,,,,,,,0.0,,,,0.0,0.0,0.0,0.0,0.0,0.0,0.0,0.0,0.0,0.0,0.0,0.0,0.0,0.0,0.0,0.0,0.0,0.0,32904.81,0.0,32904.81,0.0,3290.4899999999993,0.0,3290.4899999999993,0.0,29614.32,0.0,29614.32,,398.2840194766078,,398.2840194766078,,36.9035,,36.9035,,7479.36,,7479.36,,7914.569999999999,,7914.569999999999,,26.725482806966355,,26.725482806966355,0.0,409.00000000000006,0.0,409.00000000000006,0.0,21689.03,0.0,21689.03,,,,,,,0.0,214.90704,0.0,,,,,608148.26,0.0,637762.58,0.0,0.0,,0.0,,0.0,,,,,,,,637762.58,0.0
69,ASSAM,SIBSAGAR,,0.0,2412.4,0.0,2412.4,0.0,264459.0,0.0,264459.0,2341.0,266800.0,0.0,110712.35999999999,0.0,110712.35999999999,,,,,0.0,19.45,0.0,19.450000000000003,0.0,428.38,0.0,428.38,,342.71,,342.71,,,,,,,,,,,,,0.0,111502.88999999998,0.0,111502.88999999998,,,,,,,,,,,,0.0,,,,0.0,0.0,177.16,0.0,177.16,0.0,6609.04,0.0,6609.04,0.0,0.0,0.0,0.0,0.0,-6786.200000000001,0.0,-6786.200000000001,0.0,104716.68999999999,0.0,104716.68999999999,0.0,10280.16,0.0,10280.16,0.0,94436.53,0.0,94436.53,,1759.4402470680975,,1759.4402470680975,,72.05845515,,72.05845515,,2721.6,,2721.6,,4553.11,,4553.11,,4.821344028629599,,4.821344028629599,0.0,1795.6000000000001,0.0,1795.6000000000001,0.0,89847.27,0.0,89847.27,,,,,,,55459.165848635996,47.4336,0.0,,,,,1230192.1199999999,0.0,1324628.65,0.0,0.0,,0.0,,0.0,,,,,,,,1324628.65,0.0
70,ASSAM,SONITPUR,,0.0,1978.7000000000003,0.0,1978.7000000000003,0.0,513224.0,0.0,513224.0,7176.0,520400.0,0.0,173842.04,0.0,173842.04,,,,,0.0,1775.2522,0.0,1775.24,0.0,361.71000000000004,0.0,361.71000000000004,,817.6999999999999,,817.6999999999999,,,,,,,,,,,,,0.0,176796.68999999997,0.0,176796.68999999997,,,,,,,,,,,,0.0,,,,0.0,0.0,8.26,0.0,8.26,0.0,24999.709999999995,0.0,24999.709999999995,0.0,0.0,0.0,0.0,0.0,-25007.969999999998,0.0,-25007.969999999998,0.0,151788.71999999997,0.0,151788.71999999997,0.0,16894.35,0.0,16894.35,0.0,134894.37,0.0,134894.37,,4011.166862536086,,4011.166862536086,,104.11879535000001,,104.11879535000001,,8942.639999999998,,8942.639999999998,,13057.930000000002,,13057.930000000002,,9.680114892860244,,9.680114892860244,0.0,4160.16,0.0,4160.16,0.0,121687.45,0.0,121687.45,,,,,,,70904.625681129,23.855040000000002,0.0,,,,,5962423.56,0.0,6097317.93,0.0,0.0,,0.0,,0.0,,,,,,,,6097317.93,0.0
71,ASSAM,TINSUKIA,,0.0,2322.6,0.0,2322.6,0.0,371757.0,0.0,371757.0,7243.0,379000.0,0.0,151965.94000000003,0.0,151965.94000000003,,,,,0.0,1782.0,0.0,1782.0,0.0,1316.55,0.0,1316.55,,1253.35,,1253.35,,,,,,,,,,,,,0.0,156317.84,0.0,156317.84,,,,,,,,,,,,0.0,,,,0.0,0.0,0.0,0.0,0.0,0.0,12189.11,0.0,12189.11,0.0,0.0,0.0,0.0,0.0,-12189.11,0.0,-12189.11,0.0,144128.72999999998,0.0,144128.72999999998,0.0,15631.79,0.0,15631.79,0.0,128496.94,0.0,128496.94,,2070.001665580253,,2070.001665580253,,68.68270857142858,,68.68270857142858,,4331.04,,4331.04,,6469.759999999999,,6469.759999999999,,5.034952583306652,,5.034952583306652,0.0,2146.38,0.0,2146.38,0.0,121950.81000000001,0.0,121950.81000000001,,,,,,,63077.507026028994,351.0432,0.0,,,,,1979761.0999999999,0.0,2108258.04,0.0,0.0,,0.0,,0.0,,,,,,,,2108258.04,0.0
72,ASSAM,UDALGURI,,0.0,1957.8000000000002,0.0,1957.8000000000002,0.0,200169.00999999998,0.0,200169.00999999998,1030.9899999999982,201200.0,0.0,71487.36,0.0,71487.36,,,,,0.0,484.8336,0.0,484.84,0.0,0.0,0.0,0.0,,373.61,,373.61,,,,,,,,,,,,,0.0,72345.81,0.0,72345.81,,,,,,,,,,,,0.0,,,,0.0,0.0,0.0,0.0,0.0,0.0,15818.26,0.0,15818.26,0.0,0.0,0.0,0.0,0.0,-15818.26,0.0,-15818.26,0.0,56527.549999999996,0.0,56527.549999999996,0.0,7234.57,0.0,7234.57,0.0,49292.979999999996,0.0,49292.979999999996,,1528.6906266757226,,1528.6906266757226,,62.6773653,,62.6773653,,4569.599999999999,,4569.599999999999,,6160.969999999999,,6160.969999999999,,12.498676282099398,,12.498676282099398,0.0,1560.71,0.0,1560.71,0.0,43099.990000000005,0.0,43099.990000000005,,,,,,,65958.39639542,13.102559999999999,0.0,,,,,1501442.1199999999,0.0,1550735.1,0.0,0.0,,0.0,,0.0,,,,,,,,1550735.1,0.0
73,BIHAR,ARARIA,,1632.2,1632.2,0.0,1632.1999999999996,98344.0,180593.0,0.0,278937.0,0.0,278937.0,28251.030000000002,55816.13,0.0,84067.15999999999,41376.840000000004,,0.0,41376.840000000004,26425.44,0.0,0.0,26425.44,1712.5900000000001,5735.1,0.0,7447.69,254.95999999999998,594.9200000000001,0.0,849.88,0.0,2.88,,2.88,,,,,,,,,98020.86,62149.03,0.0,160169.89,,,,,,,,,,,,0.0,,,,0.0,,,,,,,,,,,,,,,,0.0,98020.86,62149.03,0.0,160169.89,9802.119999999999,5064.09,0.0,14866.210000000001,88218.73999999999,57084.939999999995,0.0,145303.68,5785.4233749999985,4652.218095,,10437.641469999999,114.93,0.0,,114.93,4921.2,16480.2,,21401.399999999998,10821.529999999999,21132.420000000002,,31953.96,12.266702063529813,37.01925586678379,,21.99115672775803,6331.13,5091.03,0.0,11422.16,76851.5,36213.51,0.0,113065.01000000001,,,,,,,,,,,,,,0.0,0.0,145303.68,0.0,0.0,,0.0,,0.0,,,,,,,,145303.68,0.0
74,BIHAR,ARWAL,,874.4000000000001,874.4000000000001,0.0,874.4000000000002,21371.8,42311.2,0.0,63683.0,0.0,63683.0,2871.21,7723.65,0.0,10594.86,2958.6,,0.0,2958.6,4902.91,0.0,0.0,4902.91,799.43,1280.18,0.0,2079.61,162.51,379.13,0.0,541.64,0.0,73.44,,73.44,,,,,,,,,11694.66,9456.4,0.0,21151.059999999998,,,,,,,,,,,,0.0,,,,0.0,,,,,,,,,,,,,,,,0.0,11694.66,9456.4,0.0,21151.059999999998,1169.4599999999998,861.6800000000001,0.0,2031.14,10525.2,8594.72,0.0,19119.92,2154.54317,387.31245,,2541.85562,130.83,0.0,,130.83,2513.9599999999996,4025.6899999999996,,6539.65,4799.33,4413.0,,9212.33,45.59846843765439,51.34547722322542,,48.18184385708727,2257.46,405.81,0.0,2663.2700000000004,5622.95,4163.22,0.0,9786.17,,,,,,,,,,,,,,0.0,0.0,19119.92,0.0,0.0,,0.0,,0.0,,,,,,,,19119.92,0.0
75,BIHAR,AURANGABAD,,974.9,974.9,0.0,974.9000000000001,142675.0,166379.0,0.0,309054.0,21230.0,330284.0,22283.0,27950.980000000003,0.0,50233.979999999996,31950.079999999998,,0.0,31950.079999999998,36974.35,0.0,0.0,36974.35,3573.63,3858.0,0.0,7431.630000000001,1668.3899999999999,3892.96,0.0,5561.349999999999,0.0,374.4,,374.4,,,,,,,,,96449.45,36076.340000000004,0.0,132525.79,,,,,,,,,,,,0.0,,,,0.0,,,,,,,,,,,,,,,,0.0,96449.45,36076.340000000004,0.0,132525.79,9644.95,3154.609999999999,0.0,12799.569999999998,86804.49999999999,32921.729999999996,0.0,119726.23,9270.825895,0.0,,9270.825895,2630.1000000000004,0.0,,2630.1000000000004,11527.859999999999,12445.09,,23972.95,23428.769999999997,12445.09,,35873.85999999999,26.9902712416983,37.80205353728373,,29.9632419729578,9974.130000000001,0.0,0.0,9974.130000000001,62672.43,20476.64,0.0,83149.07,,,,,,,,,,,,,,0.0,0.0,119726.22999999998,0.0,0.0,,0.0,,0.0,,,,,,,,119726.22999999998,0.0
76,BIHAR,BANKA,,974.9,974.9000000000001,0.0,974.9,47719.2,219580.8,0.0,267300.0,34654.0,301954.0,4752.280000000001,39997.85,0.0,44750.13,2428.39,,0.0,2428.39,12417.430000000002,0.0,0.0,12417.430000000002,1290.52,4299.89,0.0,5590.409999999999,950.78,2218.52,0.0,3169.2999999999997,0.0,1873.44,,1873.44,,,,,,,,,21839.400000000005,48389.7,0.0,70229.09999999999,,,,,,,,,,,,0.0,,,,0.0,,,,,,,,,,,,,,,,0.0,21839.400000000005,48389.7,0.0,70229.09999999999,2183.95,4412.469999999999,0.0,6596.4,19655.45,43977.23,0.0,63632.68000000001,5094.371429999999,2069.03827,,7163.409699999999,102.90969999999997,0.0,,102.90969999999997,3958.6900000000005,13189.829999999998,,17148.52,9155.96,15258.870000000003,,24414.829999999998,46.582296513180815,34.69720580400358,,38.3683824097932,5489.080000000001,2229.34,0.0,7718.42,10104.789999999999,28558.059999999998,0.0,38662.85,,,,,,,,,,,,,,0.0,0.0,63632.68000000001,0.0,0.0,,0.0,,0.0,,,,,,,,63632.68000000001,0.0
77,BIHAR,BEGUSARAI,,1090.7,1090.7000000000003,0.0,1090.7000000000005,336.5,188794.5,0.0,189131.0,0.0,189131.0,70.47,46899.52,0.0,46969.99,291.95,,0.0,291.95,877.8399999999999,0.0,0.0,877.8399999999999,16.740000000000002,7187.43,0.0,7204.17,139.66999999999996,822.75,0.0,962.4199999999998,0.0,0.0,,0.0,,,,,,,,,1396.6699999999996,54909.700000000004,0.0,56306.37000000001,,,,,,,,,,,,0.0,,,,0.0,,,,,,,,,,,,,,,,0.0,1396.6699999999996,54909.700000000004,0.0,56306.37000000001,139.67999999999998,5491.0,0.0,5630.68,1256.9900000000002,49418.7,0.0,50675.69,0.0,9811.196934,,9811.196934,0.0,76.88988,,76.88988,56.550000000000004,24281.85,,24338.399999999998,56.55,34169.96000000001,,34226.51,4.498842472891589,69.14378565199006,,67.5402939752769,0.0,10568.0,0.0,10568.0,1200.4400000000003,14491.94,0.0,15692.380000000001,,,,,,,,,,,,,,0.0,0.0,50675.689999999995,0.0,0.0,,0.0,,0.0,,,,,,,,50675.689999999995,0.0
78,BIHAR,BHAGALPUR,,1207.8999999999999,1207.8999999999999,0.0,1207.9,11453.66,248801.34,0.0,260255.0,0.0,260255.0,2549.13,62075.11,0.0,64624.24000000001,1147.4299999999998,,0.0,1147.4299999999998,3161.11,0.0,0.0,3161.11,341.02,6532.08,0.0,6873.1,821.83,1917.69,0.0,2739.52,0.0,198.72,,198.72,,,,,,,,,8020.52,70723.6,0.0,78744.11999999998,,,,,,,,,,,,0.0,,,,0.0,,,,,,,,,,,,,,,,0.0,8020.52,70723.6,0.0,78744.11999999998,802.0600000000001,6626.67,0.0,7428.73,7218.459999999998,64096.93,0.0,71315.39,1413.699385,5731.786040999999,,7145.485425999999,897.15,300.0,,1197.15,991.4000000000001,18988.7,,19980.100000000002,3302.26,25020.500000000004,,28322.760000000002,45.74743089246184,39.03541090033486,,39.71479367917641,1516.2,6148.93,0.0,7665.129999999999,3813.7,38659.29,0.0,42472.99,,,,,,,,,,,,,,0.0,0.0,71315.39,0.0,0.0,,0.0,,0.0,,,,,,,,71315.39,0.0
79,BIHAR,BHOJPUR,,1051.5,1051.5,0.0,1051.5,56636.8,170893.2,0.0,227530.0,0.0,227530.0,11104.230000000001,37998.71000000001,0.0,49102.94,12961.29,,0.0,12961.29,13682.319999999998,0.0,0.0,13682.319999999998,2681.4600000000005,7590.690000000001,0.0,10272.150000000001,489.20000000000005,1141.46,0.0,1630.6599999999999,0.0,96.48,,96.48,,,,,,,,,40918.5,46827.340000000004,0.0,87745.84,,,,,,,,,,,,0.0,,,,0.0,,,,,,,,,,,,,,,,0.0,40918.5,46827.340000000004,0.0,87745.84,4091.85,4682.73,0.0,8774.579999999998,36826.65,42144.61,0.0,78971.26,4504.00729,4309.225405,,8813.232694999999,727.2942999999999,0.0,,727.2942999999999,8028.349999999999,22726.659999999996,,30755.010000000002,13259.64,27035.879999999997,,40295.520000000004,36.00555575921241,64.15026737701452,,51.025550307795534,4764.61,4558.56,0.0,9323.17,23306.41,14859.410000000002,0.0,38165.82,,,,,,,,,,,,,,0.0,0.0,78971.26000000001,0.0,0.0,,0.0,,0.0,,,,,,,,78971.26000000001,0.0
80,BIHAR,BUXAR,,975.4,975.4000000000001,0.0,975.4000000000001,49281.0,121725.0,0.0,171006.0,0.0,171006.0,8344.28,22905.050000000003,0.0,31249.330000000005,10528.769999999999,,0.0,10528.769999999999,12199.71,0.0,0.0,12199.71,2061.89,4240.51,0.0,6302.4,430.53999999999996,1004.58,0.0,1435.1199999999997,0.0,90.72,,90.72,,,,,,,,,33565.19,28240.86,0.0,61806.049999999996,,,,,,,,,,,,0.0,,,,0.0,,,,,,,,,,,,,,,,0.0,33565.19,28240.86,0.0,61806.049999999996,3274.9,2392.85,0.0,5667.749999999999,30290.289999999997,25848.010000000002,0.0,56138.30000000001,3864.43458,1458.038855,,5322.473435,270.27599999999995,224.0,,494.27599999999995,6443.4,13251.6,,19695.0,10578.130000000001,14933.65,,25511.780000000002,34.92251147149797,57.77485384754958,,45.44451827005805,4088.0400000000004,1542.4,0.0,5630.4400000000005,19488.55,10829.999999999998,0.0,30318.549999999996,,,,,,,,,,,,,,0.0,0.0,56138.3,0.0,0.0,,0.0,,0.0,,,,,,,,56138.3,0.0
81,BIHAR,DARBHANGA,,1123.6,1123.6,0.0,1123.6,5912.8099999999995,244516.19,0.0,250429.0,0.0,250429.0,1092.69,59170.810000000005,0.0,60263.50000000001,1981.92,,0.0,1981.92,1859.6499999999999,0.0,0.0,1859.6499999999999,244.76,8707.44,0.0,8952.199999999999,1253.5700000000002,2924.9599999999996,0.0,4178.530000000001,0.0,37.44,,37.44,,,,,,,,,6432.590000000002,70840.65,0.0,77273.23999999998,,,,,,,,,,,,0.0,,,,0.0,,,,,,,,,,,,,,,,0.0,6432.590000000002,70840.65,0.0,77273.23999999998,643.27,6649.32,0.0,7292.579999999999,5789.32,64191.329999999994,0.0,69980.65000000001,426.18933000000004,12547.424178999998,,12973.613508999999,60.0,733.6,,793.6,715.65,25460.249999999996,,26175.899999999998,1201.84,38741.29000000001,,39943.130000000005,20.759605618621876,60.35283892700153,,57.07739210767547,447.44,13173.01,0.0,13620.45,4566.23,24824.429999999997,0.0,29390.659999999996,,,,,,,,,,,,,,0.0,0.0,69980.65,0.0,0.0,,0.0,,0.0,,,,,,,,69980.65,0.0
82,BIHAR,EAST CHAMPARAN,,1197.7000000000003,1197.7,0.0,1197.7,147947.81999999998,247939.18000000002,0.0,395887.0,0.0,395887.0,33362.33,62467.51000000001,0.0,95829.84,40998.95,,0.0,40998.95,36836.960000000014,0.0,0.0,36836.960000000014,6066.120000000002,11262.059999999998,0.0,17328.180000000004,637.44,1487.41,0.0,2124.85,0.0,7.199999999999999,,7.199999999999999,,,,,,,,,117901.80000000002,75224.17999999998,0.0,193125.98,,,,,,,,,,,,0.0,,,,0.0,,,,,,,,,,,,,,,,0.0,117901.80000000002,75224.17999999998,0.0,193125.98,11790.220000000003,5577.14,0.0,17367.360000000004,106111.57999999999,69647.04000000002,0.0,175758.62,14912.694785000002,3653.7897949999997,,18566.48458,7170.84,18.0,,7188.84,17634.099999999995,32738.449999999993,,50372.549999999996,39717.630000000005,36410.23,,76127.87,37.43006182737078,52.27821598735566,,43.31387558687022,16756.309999999998,3984.0999999999995,0.0,20740.409999999996,64550.33999999999,33500.85,0.0,98051.18999999999,,,,,,,,,,,,,,0.0,0.0,175758.62,0.0,0.0,,0.0,,0.0,,,,,,,,175758.62,0.0
83,BIHAR,GAYA,,1003.9000000000002,1003.9,0.0,1003.9,36320.0,454658.0,0.0,490978.0,7608.0,498586.0,4902.82,90059.46,0.0,94962.28,3019.78,,0.0,3019.78,9674.529999999999,0.0,0.0,9674.529999999999,1265.4700000000003,14132.009999999997,0.0,15397.489999999998,2678.0699999999993,6248.910000000001,0.0,8926.98,0.0,404.64,,404.64,,,,,,,,,21540.670000000002,110845.01999999999,0.0,132385.69,,,,,,,,,,,,0.0,,,,0.0,,,,,,,,,,,,,,,,0.0,21540.670000000002,110845.01999999999,0.0,132385.69,2000.6600000000003,10904.47,0.0,12905.130000000001,19540.010000000002,99940.55000000002,0.0,119480.56,5142.563475,10147.248565,,15289.81204,1952.8509999999992,56.6575,,2009.5084999999992,3954.609999999999,44162.53,,48117.13999999999,11049.989999999998,54366.4,,65416.38,56.55058518393796,54.39874005096029,,54.750647301954395,5539.25,10929.970000000001,0.0,16469.22,8626.929999999998,44791.43000000001,0.0,53418.36000000001,,,,,,,,,,,,,,0.0,0.0,119480.56000000003,0.0,0.0,,0.0,,0.0,,,,,,,,119480.56000000003,0.0
84,BIHAR,GOPALGANJ,,1135.5,1135.5,0.0,1135.5,77162.0,124751.0,0.0,201913.0,0.0,201913.0,15267.12,32441.429999999997,0.0,47708.549999999996,23653.860000000004,,0.0,23653.860000000004,18181.739999999998,0.0,0.0,18181.739999999998,6260.020000000001,9204.789999999999,0.0,15464.81,418.04,975.4199999999998,0.0,1393.4599999999998,0.0,8.64,,8.64,,,,,,,,,63780.780000000006,42630.28,0.0,106411.06000000001,,,,,,,,,,,,0.0,,,,0.0,,,,,,,,,,,,,,,,0.0,63780.780000000006,42630.28,0.0,106411.06000000001,6378.08,4140.38,0.0,10518.460000000001,57402.700000000004,38489.9,0.0,95892.6,8533.29777,0.0,,8533.29777,513.0530000000001,0.0,,513.0530000000001,18197.7,26758.199999999997,,44955.90000000001,27244.049999999996,26758.209999999995,,54002.24999999999,47.46126924343279,69.5200818916131,,56.315346543946035,8946.79,0.0,0.0,8946.79,29745.149999999998,11773.74,0.0,41518.89,,,,,,,,,,,,,,0.0,0.0,95892.6,0.0,0.0,,0.0,,0.0,,,,,,,,95892.6,0.0
85,BIHAR,JAMUI,,1107.3,1107.3,0.0,1107.3000000000002,8352.9,246761.1,0.0,255114.0,54712.0,309826.0,1137.15,34679.33,0.0,35816.48,1715.14,,0.0,1715.14,2032.1200000000001,0.0,0.0,2032.1200000000001,159.32,3923.1499999999996,0.0,4082.47,1736.5200000000002,4051.9500000000003,0.0,5788.469999999999,0.0,324.0,,324.0,,,,,,,,,6780.250000000001,42978.43,0.0,49758.68,,,,,,,,,,,,0.0,,,,0.0,,,,,,,,,,,,,,,,0.0,6780.250000000001,42978.43,0.0,49758.68,634.54,3636.5,0.0,4271.04,6145.71,39341.92999999999,0.0,45487.64,6360.5987700000005,0.0,,6360.5987700000005,8.7525,6.0,,14.752499999999998,463.14,11404.550000000001,,11867.69,6832.4800000000005,11410.550000000001,,18243.03,111.17478696521638,29.00353388865265,,40.105466012305754,6835.0599999999995,0.0,0.0,6835.0599999999995,497.10999999999996,27931.38,0.0,28428.49,,,,,,,,,,,,,,0.0,0.0,45487.63999999999,0.0,0.0,,0.0,,0.0,,,,,,,,45487.63999999999,0.0
86,BIHAR,JEHANABAD,,936.6000000000001,936.5999999999999,0.0,936.6,15594.0,77663.0,0.0,93257.0,0.0,93257.0,2734.29,15285.5,0.0,18019.79,4001.4,,0.0,4001.4,3736.52,0.0,0.0,3736.52,1118.71,5362.77,0.0,6481.48,159.61,372.54,0.0,532.1500000000001,0.0,79.20000000000002,,79.20000000000002,,,,,,,,,11750.529999999999,21100.01,0.0,32850.54,,,,,,,,,,,,0.0,,,,0.0,,,,,,,,,,,,,,,,0.0,11750.529999999999,21100.01,0.0,32850.54,1035.74,2110.01,0.0,3145.7400000000002,10714.789999999999,18990.0,0.0,29704.79,2804.380264,788.889465,,3593.269729,5.1348,0.0,,5.1348,3517.9500000000003,16864.04,,20381.989999999998,6327.469999999999,17652.93,,23980.4,59.05360721022064,92.95908372827805,,80.72906760155517,2966.66,834.54,0.0,3801.2000000000003,4225.04,2332.11,0.0,6557.15,,,,,,,,,,,,,,0.0,0.0,29704.79,0.0,0.0,,0.0,,0.0,,,,,,,,29704.79,0.0
87,BIHAR,KAIMUR,,1126.3,1126.3,0.0,1126.3,65809.0,232231.0,0.0,298040.0,38166.0,336206.0,11934.140000000001,38669.049999999996,0.0,50603.19,3155.97,,0.0,3155.97,16848.58,0.0,0.0,16848.58,2270.0499999999997,6252.67,0.0,8522.72,1073.8999999999999,2505.7699999999995,0.0,3579.67,0.0,279.36,,279.36,,,,,,,,,35282.64,47706.85,0.0,82989.49,,,,,,,,,,,,0.0,,,,0.0,,,,,,,,,,,,,,,,0.0,35282.64,47706.85,0.0,82989.49,3324.1899999999996,4770.69,0.0,8094.879999999999,31958.449999999997,42936.159999999996,0.0,74894.61,4965.115075,760.503415,,5725.61849,57.475500000000004,3.63,,61.105500000000006,7138.46,19662.399999999998,,26800.859999999993,12161.05,20426.53,,32587.58,38.05269029004849,47.57418921487157,,43.5112486733024,5341.78,818.19,0.0,6159.969999999998,19420.74,22458.800000000003,0.0,41879.54000000001,,,,,,,,,,,,,,0.0,0.0,74894.60999999999,0.0,0.0,,0.0,,0.0,,,,,,,,74894.60999999999,0.0
88,BIHAR,KATIHAR,,1342.7000000000003,1342.7,0.0,1342.6999999999998,22050.7,278940.3,0.0,300991.0,0.0,300991.0,4818.77,85018.23000000001,0.0,89837.0,13435.44,,0.0,13435.44,5854.789999999999,0.0,0.0,5854.789999999999,965.46,11671.63,0.0,12637.090000000002,481.17999999999995,1122.83,0.0,1604.01,0.0,1.44,,1.44,,,,,,,,,25555.64,97814.13000000002,0.0,123369.77,,,,,,,,,,,,0.0,,,,0.0,,,,,,,,,,,,,,,,0.0,25555.64,97814.13000000002,0.0,123369.77,2555.550000000001,9578.63,0.0,12134.180000000002,23000.089999999997,88235.49999999999,0.0,111235.59,1567.0325999999998,8795.8094565,,10362.842056499998,66.1947,90.84,,157.03470000000002,2806.65,33929.189999999995,,36735.83999999999,4439.879999999999,42815.79,,47255.67,19.303750550541324,48.5244487762862,,42.482509419871825,1700.9,9547.23,0.0,11248.13,18630.420000000002,44668.3,0.0,63298.72,,,,,,,,,,,,,,0.0,0.0,111235.58999999998,0.0,0.0,,0.0,,0.0,,,,,,,,111235.58999999998,0.0
89,BIHAR,KHAGARIA,,0.0,1233.9000000000003,0.0,1233.9000000000003,0.0,148572.0,0.0,148572.0,0.0,148572.0,0.0,41543.17,0.0,41543.17,0.0,,0.0,0.0,339.28999999999996,0.0,0.0,339.28999999999996,0.0,6261.639999999999,0.0,6261.639999999999,254.39999999999998,593.65,0.0,848.05,0.0,0.0,,0.0,,,,,,,,,593.6899999999999,48398.46000000001,0.0,48992.15,,,,,,,,,,,,0.0,,,,0.0,,,,,,,,,,,,,,,,0.0,593.6899999999999,48398.46000000001,0.0,48992.15,59.37,4478.71,0.0,4538.08,534.32,43919.75,0.0,44454.07,,5935.952440999999,,5935.952440999999,,17.788,,17.788,,22362.98,,22362.98,,28316.719999999998,,28316.719999999998,,64.47377318859967,,63.6988244270997,0.0,6491.719999999999,0.0,6491.719999999999,534.32,15047.27,0.0,15581.59,,,,,,,,,,,,,,0.0,0.0,44454.07,0.0,0.0,,0.0,,0.0,,,,,,,,44454.07,0.0
90,BIHAR,KISHANGANJ,,0.0,2090.6,0.0,2090.6,0.0,191143.0,0.0,191143.0,0.0,191143.0,0.0,58813.16,0.0,58813.16,0.0,,0.0,0.0,440.95,0.0,0.0,440.95,0.0,4405.2300000000005,0.0,4405.2300000000005,235.29000000000002,549.1099999999999,0.0,784.3999999999999,0.0,2.88,,2.88,,,,,,,,,676.24,63770.37999999999,0.0,64446.619999999995,,,,,,,,,,,,0.0,,,,0.0,,,,,,,,,,,,,,,,0.0,676.24,63770.37999999999,0.0,64446.619999999995,67.63,5137.59,0.0,5205.23,608.61,58632.78999999999,0.0,59241.399999999994,,5983.585962999999,,5983.585962999999,,298.5,,298.5,,14119.349999999999,,14119.349999999999,,20401.43,,20401.43,,34.79525705667427,,34.4377918145081,0.0,6552.17,0.0,6552.17,608.61,37662.77,0.0,38271.38,,,,,,,,,,,,,,0.0,0.0,59241.399999999994,0.0,0.0,,0.0,,0.0,,,,,,,,59241.399999999994,0.0
91,BIHAR,LAKHISARAI,,1146.8,1146.8,0.0,1146.8,24037.0,90457.0,0.0,114494.0,8280.0,122774.0,3610.6600000000003,19141.6,0.0,22752.260000000006,6316.62,,0.0,6316.62,6484.33,0.0,0.0,6484.33,570.14,1978.2899999999997,0.0,2548.43,623.2500000000001,1454.2699999999998,0.0,2077.52,0.0,1327.6799999999998,,1327.6799999999998,,,,,,,,,17605.010000000002,23901.84,0.0,41506.85,,,,,,,,,,,,0.0,,,,0.0,,,,,,,,,,,,,,,,0.0,17605.010000000002,23901.84,0.0,41506.85,1613.4700000000003,2390.2000000000003,0.0,4003.67,15991.54,21511.64,0.0,37503.18,3328.186435,104.706455,,3432.89289,86.298,0.0,,86.298,1628.9599999999998,5652.28,,7281.24,5043.4400000000005,5756.96,,10800.42,31.538175810459784,26.762069279701596,,28.798677872116446,3561.2799999999993,112.04,0.0,3673.3199999999993,10715.01,15747.349999999997,0.0,26462.359999999997,,,,,,,,,,,,,,0.0,0.0,37503.18,0.0,0.0,,0.0,,0.0,,,,,,,,37503.18,0.0
92,BIHAR,MADHEPURA,,1392.7,1392.6999999999998,0.0,1392.7,107784.0,71056.0,0.0,178840.0,0.0,178840.0,25558.559999999998,16978.21,0.0,42536.77,26931.529999999995,,0.0,26931.529999999995,28226.63,0.0,0.0,28226.63,6634.169999999999,4085.1400000000003,0.0,10719.31,127.14000000000003,296.7800000000001,0.0,423.92,0.0,0.0,,0.0,,,,,,,,,87478.03,21360.129999999997,0.0,108838.16,,,,,,,,,,,,0.0,,,,0.0,,,,,,,,,,,,,,,,0.0,87478.03,21360.129999999997,0.0,108838.16,8747.789999999999,1700.0599999999997,0.0,10447.84,78730.23999999999,19660.070000000003,0.0,98390.31,7409.01163,0.0,,7409.01163,145.76,0.0,,145.76,19285.350000000002,11875.350000000002,,31160.7,26840.11,11875.350000000002,,38715.46,34.091233559049236,60.40339632564889,,39.348854577244445,8137.46,0.0,0.0,8137.46,51161.68,7784.719999999999,0.0,58946.4,,,,,,,,,,,,,,0.0,0.0,98390.31,0.0,0.0,,0.0,,0.0,,,,,,,,98390.31,0.0
93,BIHAR,MADHUBANI,,1293.3,1293.3,0.0,1293.2999999999995,52482.81999999999,296162.18,0.0,348645.0,0.0,348645.0,11758.19,73416.43000000001,0.0,85174.62,27340.86,,0.0,27340.86,13320.039999999999,0.0,0.0,13320.039999999999,1796.7699999999998,11169.3,0.0,12966.07,1004.3700000000001,2343.7699999999995,0.0,3348.139999999999,0.0,23.04,,23.04,,,,,,,,,55220.23000000001,86952.54000000001,0.0,142172.77000000002,,,,,,,,,,,,0.0,,,,0.0,,,,,,,,,,,,,,,,0.0,55220.23000000001,86952.54000000001,0.0,142172.77000000002,5522.0700000000015,6085.690000000001,0.0,11607.74,49698.16,80866.84999999999,0.0,130565.01,7848.898679999999,7809.51226,,15658.410940000005,7800.6,914.4,,8715.0,4991.01,31025.879999999997,,36016.89,20640.54,39749.79,,60390.32,41.53179916520048,49.15461650849514,,46.253065809898075,8424.52,8382.26,0.0,16806.780000000002,28965.779999999995,40544.31,0.0,69510.09,,,,,,,,,,,,,,0.0,0.0,130565.01,0.0,0.0,,0.0,,0.0,,,,,,,,130565.01,0.0
94,BIHAR,MUNGER,,1146.7999999999997,1146.8,0.0,1146.8,32937.0,100205.0,0.0,133142.0,6408.0,139550.0,5306.24,22351.559999999998,0.0,27657.800000000003,665.38,,0.0,665.38,8948.170000000002,0.0,0.0,8948.170000000002,993.92,1855.6100000000001,0.0,2849.53,151.82,354.34,0.0,506.15999999999997,0.0,979.2000000000002,,979.2000000000002,,,,,,,,,16065.529999999999,25540.710000000003,0.0,41606.24,,,,,,,,,,,,0.0,,,,0.0,,,,,,,,,,,,,,,,0.0,16065.529999999999,25540.710000000003,0.0,41606.24,1472.1299999999999,2554.07,0.0,4026.19,14593.400000000001,22986.640000000003,0.0,37580.04,3065.77443,1396.723089,,4462.497519,14.277000000000001,735.0,,749.2769999999999,2889.3,5394.200000000001,,8283.500000000002,5969.32,7525.93,,13495.25,40.90424438444776,32.74045271514236,,35.910685566061126,3227.36,1470.34,0.0,4697.7,8462.49,15387.1,0.0,23849.59,,,,,,,,,,,,,,0.0,0.0,37580.04000000001,0.0,0.0,,0.0,,0.0,,,,,,,,37580.04000000001,0.0
95,BIHAR,MUZAFFARPUR,,1154.4999999999998,1154.4999999999998,0.0,1154.5,41129.350000000006,263147.65,0.0,304277.0,0.0,304277.0,9379.03,69264.49,0.0,78643.51999999999,15214.210000000001,,0.0,15214.210000000001,10670.7,0.0,0.0,10670.7,2437.09,16077.280000000002,0.0,18514.370000000003,362.21,845.18,0.0,1207.3899999999999,0.0,1.44,,1.44,,,,,,,,,38063.240000000005,86188.39000000001,0.0,124251.62999999998,,,,,,,,,,,,0.0,,,,0.0,,,,,,,,,,,,,,,,0.0,38063.240000000005,86188.39000000001,0.0,124251.62999999998,3632.8700000000003,8618.84,0.0,12251.72,34430.37,77569.54999999999,0.0,111999.92,8285.74444,7817.047685,,16102.792125000002,1350.33,39.349999999999994,,1389.68,7475.7699999999995,49317.183999999994,,56792.954,17111.84,57173.579999999994,,74285.41999999998,49.69984348120568,73.70621590559698,,66.3263152330823,9724.060000000001,8477.900000000001,0.0,18201.959999999995,16646.21,21310.179999999997,0.0,37956.39,,,,,,,,,,,,,,0.0,0.0,111999.91999999998,0.0,0.0,,0.0,,0.0,,,,,,,,111999.91999999998,0.0
96,BIHAR,NALANDA,,1002.1999999999999,1002.2000000000002,0.0,1002.2,11911.0,219735.0,0.0,231646.0,3350.0,234996.0,2100.82,45173.6,0.0,47274.42,1101.49,,0.0,1101.49,3034.4000000000005,0.0,0.0,3034.4000000000005,506.85,10393.069999999998,0.0,10899.92,462.64000000000004,1079.5800000000002,0.0,1542.2200000000003,0.0,154.08,,154.08,,,,,,,,,7206.2,56800.33,0.0,64006.53,,,,,,,,,,,,0.0,,,,0.0,,,,,,,,,,,,,,,,0.0,7206.2,56800.33,0.0,64006.53,705.8399999999999,5297.89,0.0,6003.7300000000005,6500.36,51502.44,0.0,58002.79999999999,671.282815,8620.245588,,9291.528402999998,853.5,1147.2896,,2000.7896,1593.8699999999997,32682.620000000003,,34276.48999999999,3118.650000000001,42450.14,,45568.79000000001,47.976573605154194,82.423551194856,,78.56308660961197,709.3700000000001,9109.37,0.0,9818.740000000002,3343.62,9288.649999999998,0.0,12632.269999999997,,,,,,,,,,,,,,0.0,0.0,58002.8,0.0,0.0,,0.0,,0.0,,,,,,,,58002.8,0.0
97,BIHAR,NAWADA,,1041.8,1041.8000000000002,0.0,1041.8,21728.0,223930.0,0.0,245658.0,2999.0,248657.0,2946.5,45467.14,0.0,48413.64,1242.56,,0.0,1242.56,5765.52,0.0,0.0,5765.52,725.16,7579.719999999999,0.0,8304.87,957.2100000000002,2233.5099999999998,0.0,3190.72,0.0,2413.44,,2413.44,,,,,,,,,11636.97,57693.81,0.0,69330.78,,,,,,,,,,,,0.0,,,,0.0,,,,,,,,,,,,,,,,0.0,11636.97,57693.81,0.0,69330.78,1063.6200000000001,5697.5199999999995,0.0,6761.130000000001,10573.349999999999,51996.28999999999,0.0,62569.63999999999,4492.802812,1489.52412,,5982.326932000001,82.69500000000001,0.9,,83.59500000000001,2197.5,22968.9,,25166.4,6772.99,24459.320000000003,,31232.300000000003,64.05718149876813,47.04051000561772,,49.916061527603496,4769.9,1581.3899999999999,0.0,6351.29,3665.65,27445.109999999993,0.0,31110.759999999995,,,,,,,,,,,,,,0.0,0.0,62569.63999999999,0.0,0.0,,0.0,,0.0,,,,,,,,62569.63999999999,0.0
98,BIHAR,PATNA,,1074.8,1074.7999999999997,0.0,1074.8,20510.0,299574.0,0.0,320084.0,0.0,320084.0,4119.69,73485.04999999999,0.0,77604.73999999999,8396.89,,0.0,8396.89,6532.48,0.0,0.0,6532.48,915.5799999999999,12860.4,0.0,13775.98,641.5400000000001,1496.87,0.0,2138.41,0.0,18.72,,18.72,,,,,,,,,20606.18,87861.04000000001,0.0,108385.83,,,,,,,,,,,,0.0,,,,0.0,,,,,,,,,,,,,,,,0.0,20606.18,87861.04000000001,0.0,108385.83,1462.0100000000002,8786.110000000002,0.0,10248.12,19144.17,79074.93,0.0,98219.10000000002,4416.436125,12341.752884000001,,16758.189008999998,1433.958,0.0,,1433.958,2808.49,39449.09,,42257.58,8658.9,51790.840000000004,,60449.74,45.229957736480614,65.49590369539374,,61.54580931814686,4707.91,13156.25,0.0,17864.16,10193.800000000001,27401.829999999998,0.0,37595.63,,,,,,,,,,,,,,0.0,0.0,98219.09999999999,0.0,0.0,,0.0,,0.0,,,,,,,,98219.09999999999,0.0
99,BIHAR,PURNEA,,1598.1999999999998,1598.1999999999996,0.0,1598.1999999999996,102587.0,217652.0,0.0,320239.0,0.0,320239.0,26978.13,56728.600000000006,0.0,83706.73,40465.77,,0.0,40465.77,27579.780000000006,0.0,0.0,27579.780000000006,4483.469999999999,9772.55,0.0,14256.019999999999,225.0,525.1400000000001,0.0,750.1400000000001,0.0,10.08,,10.08,,,,,,,,,99732.14,67036.37,0.0,166768.50999999998,,,,,,,,,,,,0.0,,,,0.0,,,,,,,,,,,,,,,,0.0,99732.14,67036.37,0.0,166768.50999999998,9973.259999999998,5309.51,0.0,15282.779999999995,89758.88,61726.86000000001,0.0,151485.74,8596.030027999997,2486.303715,,11082.333743,1028.7,2.6,,1031.3,13033.35,28408.649999999998,,41441.999999999985,22658.09,30897.559999999998,,53555.65,25.243285121204718,50.05529197500083,,35.35359169780602,9330.39,2698.71,0.0,12029.1,66366.42,30616.890000000003,0.0,96983.31,,,,,,,,,,,,,,0.0,0.0,151485.74000000002,0.0,0.0,,0.0,,0.0,,,,,,,,151485.74000000002,0.0
100,BIHAR,ROHTAS,,949.1,949.1,0.0,949.1,96037.0,279106.0,0.0,375143.0,8783.0,383926.0,16104.029999999999,53832.899999999994,0.0,69936.93,4858.710000000001,,0.0,4858.710000000001,25348.65,0.0,0.0,25348.65,2380.12,5314.8499999999985,0.0,7694.970000000001,1697.74,3961.500000000001,0.0,5659.240000000001,0.0,4839.84,,4839.84,,,,,,,,,50389.24999999999,67949.09,0.0,118338.33999999998,,,,,,,,,,,,0.0,,,,0.0,,,,,,,,,,,,,,,,0.0,50389.24999999999,67949.09,0.0,118338.33999999998,5038.92,6794.92,0.0,11833.830000000002,45350.33,61154.17,0.0,106504.5,7157.955870000001,2322.93446,,9480.89033,247.275,0.0,,247.275,7437.870000000001,16608.959999999995,,24046.829999999998,14843.1,18931.87,,33775.00000000001,32.72986106165049,30.957610903720873,,31.712275068189616,7548.23,2449.58,0.0,9997.81,30116.96,42095.659999999996,0.0,72212.62,,,,,,,,,,,,,,0.0,0.0,106504.5,0.0,0.0,,0.0,,0.0,,,,,,,,106504.5,0.0
101,BIHAR,SAHARSA,,1692.8999999999996,1692.8999999999999,0.0,1692.8999999999999,22194.0,143934.0,0.0,166128.0,0.0,166128.0,6133.1,40424.39,0.0,46557.490000000005,10539.850000000002,,0.0,10539.850000000002,5802.07,0.0,0.0,5802.07,795.6299999999999,5272.84,0.0,6068.470000000001,135.69,316.60999999999996,0.0,452.3,0.0,0.0,,0.0,,,,,,,,,23406.329999999998,46013.840000000004,0.0,69420.17,,,,,,,,,,,,0.0,,,,0.0,,,,,,,,,,,,,,,,0.0,23406.329999999998,46013.840000000004,0.0,69420.17,2340.66,3427.32,0.0,5767.98,21065.670000000002,42586.52,0.0,63652.189999999995,5505.508013999999,732.1454699999999,,6237.6534839999995,65.997,0.0,,65.997,2299.5,15239.4,,17538.899999999998,7871.0,15971.550000000001,,23842.550000000003,37.364109472900694,37.503768798201875,,37.45754859337912,5920.83,787.38,0.0,6708.21,12779.35,26559.739999999998,0.0,39339.09,,,,,,,,,,,,,,0.0,0.0,63652.19,0.0,0.0,,0.0,,0.0,,,,,,,,63652.19,0.0
102,BIHAR,SAMASTIPUR,,1192.3,1192.3,0.0,1192.3,2244.66,259042.34,0.0,261287.0,0.0,261287.0,479.68,70401.76999999999,0.0,70881.44999999998,889.5400000000001,,0.0,889.5400000000001,1417.2800000000002,0.0,0.0,1417.2800000000002,144.65,13426.050000000003,0.0,13570.700000000003,664.13,1549.7199999999996,0.0,2213.8500000000004,0.0,28.8,,28.8,,,,,,,,,3595.28,85406.34,0.0,89001.62,,,,,,,,,,,,0.0,,,,0.0,,,,,,,,,,,,,,,,0.0,3595.28,85406.34,0.0,89001.62,359.53000000000003,8207.84,0.0,8567.37,3235.7499999999995,77198.50000000001,0.0,80434.25,0.0,14531.018065999999,,14531.018065999999,23.0,241.3,,264.3,430.5,39958.5,,40389.0,453.51,54730.9,,55184.4,14.015606891756164,70.89632570581034,,68.60808672922293,0.0,15596.7,0.0,15596.7,2782.2400000000002,21528.260000000002,0.0,24310.500000000004,,,,,,,,,,,,,,0.0,0.0,80434.25000000001,0.0,0.0,,0.0,,0.0,,,,,,,,80434.25000000001,0.0
103,BIHAR,SARAN,,1123.7999999999997,1123.8,0.0,1123.8000000000004,93564.1,169392.9,0.0,262957.0,0.0,262957.0,18231.390000000003,39896.3,0.0,58127.69000000001,17643.339999999997,,0.0,17643.339999999997,24677.040000000005,0.0,0.0,24677.040000000005,3758.3100000000004,5445.21,0.0,9203.53,450.68000000000006,1051.75,0.0,1502.43,0.0,4.32,,4.32,,,,,,,,,64760.759999999995,46397.58,0.0,111158.34,,,,,,,,,,,,0.0,,,,0.0,,,,,,,,,,,,,,,,0.0,64760.759999999995,46397.58,0.0,111158.34,6385.37,4506.89,0.0,10892.26,58375.39,41890.69,0.0,100266.07999999999,11445.879874999999,1472.726455,,12918.60633,173.90200000000002,0.0,,173.90200000000002,11893.5,17231.7,,29125.199999999997,23513.23,18704.38,,42217.61000000001,40.2793540223029,44.650446196995084,,42.10557548475019,12108.169999999998,1557.93,0.0,13666.1,34199.86,23101.11,0.0,57300.97,,,,,,,,,,,,,,0.0,0.0,100266.08000000002,0.0,0.0,,0.0,,0.0,,,,,,,,100266.08000000002,0.0
104,BIHAR,SHEIKHPURA,,1008.4000000000001,1008.4000000000001,0.0,1008.4,3791.4,62467.6,0.0,66259.0,2550.0,68809.0,713.7800000000001,12505.64,0.0,13219.42,307.78,,0.0,307.78,1171.6,0.0,0.0,1171.6,123.07,2257.15,0.0,2380.2200000000003,268.84,627.34,0.0,896.1800000000001,0.0,31.68,,31.68,,,,,,,,,2585.07,15421.81,0.0,18006.88,,,,,,,,,,,,0.0,,,,0.0,,,,,,,,,,,,,,,,0.0,2585.07,15421.81,0.0,18006.88,258.5,1417.12,0.0,1675.62,2326.5699999999997,14004.690000000002,0.0,16331.259999999998,583.9912400000001,1493.347349,,2077.338589,2.4,0.0,,2.4,384.59999999999997,7053.6,,7438.200000000001,970.98,8546.96,,9517.949999999999,41.73439870710961,61.029269480438316,,58.2805613283972,616.48,1576.42,0.0,2192.9,1323.1000000000001,5374.65,0.0,6697.75,,,,,,,,,,,,,,0.0,0.0,16331.260000000002,0.0,0.0,,0.0,,0.0,,,,,,,,16331.260000000002,0.0
105,BIHAR,SHEOHAR,,1293.1000000000001,1293.1000000000001,0.0,1293.1000000000001,12235.0,32064.0,0.0,44299.0,0.0,44299.0,3308.05,9430.65,0.0,12738.7,0.0,,0.0,0.0,3149.2799999999997,0.0,0.0,3149.2799999999997,671.1600000000001,1758.3800000000003,0.0,2429.54,29.759999999999998,69.43,0.0,99.19,0.0,2.88,,2.88,,,,,,,,,7158.249999999999,11261.34,0.0,18419.59,,,,,,,,,,,,0.0,,,,0.0,,,,,,,,,,,,,,,,0.0,7158.249999999999,11261.34,0.0,18419.59,582.18,1126.13,0.0,1708.31,6576.070000000001,10135.21,0.0,16711.28,2336.80008,0.0,,2336.80008,181.002,0.0,,181.002,1974.0,5171.7,,7145.7,4491.82,5171.7300000000005,,9663.54,68.30553811014785,51.02735907790762,,57.82645015821649,2524.1,0.0,0.0,2524.1,1896.95,4963.48,0.0,6860.429999999999,,,,,,,,,,,,,,0.0,0.0,16711.28,0.0,0.0,,0.0,,0.0,,,,,,,,16711.28,0.0
106,BIHAR,SITAMARHI,,0.0,1293.1000000000004,0.0,1293.1000000000004,0.0,218520.0,0.0,218520.0,0.0,218520.0,0.0,58583.24,0.0,58583.24,0.0,,0.0,0.0,1601.6299999999999,0.0,0.0,1601.6299999999999,0.0,5823.3,0.0,5823.3,358.13,835.7699999999999,0.0,1193.8999999999999,0.0,21.6,,21.6,,,,,,,,,1959.76,65263.91000000001,0.0,67223.67,,,,,,,,,,,,0.0,,,,0.0,,,,,,,,,,,,,,,,0.0,1959.76,65263.91000000001,0.0,67223.67,195.95999999999998,5229.859999999999,0.0,5425.82,1763.8000000000002,60034.05,0.0,61797.85,,11891.920313999999,,11891.920313999999,,88.0,,88.0,,17228.700000000004,,17228.700000000004,,29208.589999999997,,29208.589999999997,,48.65337254441437,,47.2647349381896,0.0,12870.98,0.0,12870.98,1763.8000000000002,29846.4,0.0,31610.2,,,,,,,,,,,,,,0.0,0.0,61797.850000000006,0.0,0.0,,0.0,,0.0,,,,,,,,61797.850000000006,0.0
107,BIHAR,SIWAN,,1135.4,1135.4,0.0,1135.4,67324.1,154982.90000000002,0.0,222307.0,0.0,222307.0,14307.75,36836.74999999999,0.0,51144.49999999999,23419.690000000002,,0.0,23419.690000000002,17574.579999999998,0.0,0.0,17574.579999999998,4493.920000000001,9577.660000000002,0.0,14071.579999999998,608.5500000000001,1420.01,0.0,2028.5599999999997,0.0,0.0,,0.0,,,,,,,,,60404.490000000005,47834.41999999999,0.0,108238.91000000002,,,,,,,,,,,,0.0,,,,0.0,,,,,,,,,,,,,,,,0.0,60404.490000000005,47834.41999999999,0.0,108238.91000000002,5873.88,4618.179999999999,0.0,10492.060000000001,54530.610000000015,43216.240000000005,0.0,97746.85,10916.452266,0.0,,10916.452266,218.81364000000005,0.0,,218.81364000000005,14043.539999999997,29930.17999999999,,43973.719999999994,25178.8,29930.15,,55108.97,46.17369950565378,69.25671923332524,,56.3792797414955,11593.96,0.0,0.0,11593.96,28674.299999999996,13286.09,0.0,41960.39,,,,,,,,,,,,,,0.0,0.0,97746.85000000002,0.0,0.0,,0.0,,0.0,,,,,,,,97746.85000000002,0.0
108,BIHAR,SUPAUL,,1273.7999999999997,1273.7999999999995,0.0,1273.7999999999997,38581.7,202444.30000000002,0.0,241026.0,0.0,241026.0,8649.59,41204.899999999994,0.0,49854.48999999999,38157.25000000001,,0.0,38157.25000000001,10438.3,0.0,0.0,10438.3,1375.8200000000002,6844.3,0.0,8220.119999999999,115.95,270.59000000000003,0.0,386.54,0.0,0.0,,0.0,,,,,,,,,58736.91,48319.78999999999,0.0,107056.69999999998,,,,,,,,,,,,0.0,,,,0.0,,,,,,,,,,,,,,,,0.0,58736.91,48319.78999999999,0.0,107056.69999999998,5873.71,3703.5199999999995,0.0,9577.23,52863.200000000004,44616.27,0.0,97479.46999999999,6897.590639,904.24808,,7801.838718999999,61.3,10.0,,71.3,4022.85,20012.55,,24035.399999999998,10981.74,20926.79,,31908.530000000006,20.773884290016493,46.9039433372624,,32.73358995488999,7496.129999999999,982.71,0.0,8478.84,41282.909999999996,23611.019999999997,0.0,64893.92999999999,,,,,,,,,,,,,,0.0,0.0,97479.47,0.0,0.0,,0.0,,0.0,,,,,,,,97479.47,0.0
109,BIHAR,VAISHALI,,1176.5,1176.5,0.0,1176.5,36302.79,163215.21,0.0,199518.0,0.0,199518.0,8336.89,43950.2,0.0,52287.090000000004,6830.73,,0.0,6830.73,9305.579999999998,0.0,0.0,9305.579999999998,2472.47,8673.739999999998,0.0,11146.21,314.74,734.4899999999999,0.0,1049.23,0.0,18.72,,18.72,,,,,,,,,27260.409999999996,53377.15000000001,0.0,80637.56,,,,,,,,,,,,0.0,,,,0.0,,,,,,,,,,,,,,,,0.0,27260.409999999996,53377.15000000001,0.0,80637.56,2215.31,5337.75,0.0,7553.0599999999995,25045.1,48039.399999999994,0.0,73084.5,4338.741879,7373.588014999999,,11712.329894,1042.5900000000001,1220.7,,2263.29,7402.6,25969.24,,33371.84,12783.919999999998,34563.52,,47347.44,51.04359735037991,71.9482757902888,,64.78451655275744,5243.77,8010.1,0.0,13253.87,12938.93,13854.52,0.0,26793.45,,,,,,,,,,,,,,0.0,0.0,73084.5,0.0,0.0,,0.0,,0.0,,,,,,,,73084.5,0.0
110,BIHAR,WEST CHAMPARAN,,1472.0,1472.0,0.0,1472.0,128470.0,258711.0,0.0,387181.0,47257.0,434438.0,31455.000000000004,63935.55,0.0,95390.55,42319.439999999995,,0.0,42319.439999999995,32340.680000000004,0.0,0.0,32340.680000000004,3310.79,5959.930000000001,0.0,9270.719999999998,264.61,617.6299999999999,0.0,882.2399999999998,0.0,14.399999999999999,,14.399999999999999,,,,,,,,,109690.52,70527.51,0.0,180218.03,,,,,,,,,,,,0.0,,,,0.0,,,,,,,,,,,,,,,,0.0,109690.52,70527.51,0.0,180218.03,10969.089999999998,5135.61,0.0,16104.700000000003,98721.43,65391.9,0.0,164113.33,10655.1019,3728.9137299999998,,14384.015630000002,4264.0,132.0,,4396.0,10155.75,18281.969999999998,,28437.719999999998,25074.85,22142.899999999998,,47217.75000000001,25.399601687293227,33.86183915744916,,28.771428865650346,11608.590000000004,4062.6099999999997,0.0,15671.2,72693.09,42915.3,0.0,115608.39,,,,,,,,,,,,,,0.0,0.0,164113.33,0.0,0.0,,0.0,,0.0,,,,,,,,164113.33,0.0
111,CHANDIGARH,CHANDIGARH,,0.0,1078.0,0.0,1078.0,0.0,11400.0,0.0,11400.0,0.0,11400.0,0.0,1471.09,0.0,1471.09,,,,,0.0,1528.839,0.0,1528.8400000000001,0.0,119.15,0.0,119.15,0.0,110.47,0.0,110.47,0.0,70.809,0.0,70.809,0.0,2213.5425,0.0,2213.5425,0.0,0.0,0.0,0.0,0.0,5513.9,0.0,5513.9,,,,,,,,,,,,0.0,,,,0.0,0.0,0.0,0.0,0.0,0.0,0.0,0.0,0.0,0.0,0.0,0.0,0.0,0.0,0.0,0.0,0.0,0.0,5513.9,0.0,5513.9,0.0,551.39,0.0,551.39,0.0,4962.51,0.0,4962.51,,2513.5406132499998,,2513.5406132499998,,217.659741,,217.659741,,550.5,,550.5,,3281.7,,3281.7,,66.12984155195656,,66.12984155195656,0.0,2513.54,0.0,2513.54,0.0,1680.81,0.0,1680.81,,,,[],[],[],0.0,0.0,0.0,0.0,0.0,0.0,,0.0,0.0,4962.51,0.0,4.9,,1218.26,,1223.16,,0.0,,0.0,,0.0,,4962.51,0.0
112,CHHATTISGARH,BALOD,,1122.9,1122.9,0.0,1122.9,114082.0,147388.0,0.0,261470.0,19404.0,280874.0,6814.01,10013.939999999999,0.0,16827.95,788.4000000000001,,0.0,788.4000000000001,8208.419238,0.0,0.0,8208.43,5805.47,2870.7,0.0,8676.17,2014.5300000000002,1332.3400000000001,0.0,3346.87,1184.7759999999998,672.24,,1857.0159999999998,,,,,,,,,24815.62,14889.220000000001,0.0,39704.84,,,,,,,,,,,,0.0,,,,0.0,,,,,,,,,,,,,,,,0.0,24815.62,14889.220000000001,0.0,39704.84,2481.57,1357.43,0.0,3839.01,22334.05,13531.789999999999,0.0,35865.840000000004,765.06993,1494.3475949999997,,2259.417525,10.0,62.5794,,72.57939999999999,17430.275993847576,6769.481099328903,,24199.75709317648,18205.36,8326.41,,26531.78,81.51392156818848,61.53221414166197,,73.97506931386522,800.6300000000001,1555.5900000000001,0.0,2356.2200000000003,4454.08,5144.139999999999,0.0,9598.22,,,,,,,,,,,,,,48469.53,0.0,84335.37,0.0,0.0,,0.0,,0.0,,,,,,,,84335.37,0.0
113,CHHATTISGARH,BALODA BAZAR,,1389.9367175722618,1400.1206569302428,0.0,1396.6826873149962,137313.0,269435.0,0.0,406748.0,0.0,406748.0,9251.21,16820.96,0.0,26072.170000000002,734.4300000000001,,0.0,734.4300000000001,29868.82,0.0,0.0,29868.83,3903.8,3391.97,0.0,7295.77,2237.81,1501.9099999999999,,3739.72,566.192,363.52,0.0,929.712,,,,,,,,,46562.27999999999,22078.36,0.0,68640.64,,,,,,,,,,,,0.0,,,,0.0,,,,,,,,,,,,,,,,0.0,46562.27999999999,22078.36,0.0,68640.64,4656.22,2103.95,0.0,6760.170000000001,41906.06,19974.41,0.0,61880.47,1785.069,2737.233915,,4522.302915,0.0,1145.1135000000002,,1145.1135000000002,11937.617841477375,9016.428963943928,,20954.0468054213,13722.72,12898.779999999999,,26621.5,32.74638560628224,64.57652566458783,,43.02084324828173,2269.12,3375.0699999999997,0.0,5644.1900000000005,27699.29,6881.71,0.0,34581.0,,,,,,,,,,,,,,76057.67,0.0,137938.14,0.0,0.0,,0.0,,0.0,,,,,,,,137938.14,0.0
114,CHHATTISGARH,BALRAMPUR,,1317.0,1317.0,0.0,1317.0,16893.0,549238.0,0.0,566131.0,147789.0,713920.0,1324.25,45071.009999999995,0.0,46395.26,106.92999999999999,,0.0,106.92999999999999,1014.9857999999999,0.0,0.0,1014.9899999999999,138.17,2505.09,0.0,2643.2599999999998,292.91,554.89,,847.8,9.639999999999999,153.8,0.0,163.44,,,,,,,,,2886.89,48284.78999999999,0.0,51171.68000000001,,,,,,,,,,,,0.0,,,,0.0,,,,,,,,,,,,,,,,0.0,2886.89,48284.78999999999,0.0,51171.68000000001,288.71,3709.4700000000003,0.0,3998.17,2598.18,44575.32000000001,0.0,47173.5,59.94468,2015.043455,,2074.988135,0.0,9.986999999999998,,9.986999999999998,552.7791189867984,9519.507106868947,,10072.286225855745,612.73,11544.54,,12157.27,23.58304659415437,25.898950360872337,,25.7713970767486,63.67,2136.98,0.0,2200.6499999999996,1981.7300000000002,32908.85,0.0,34890.58,,,,,,,,,,,,,,102632.39,0.0,149805.89,0.0,0.0,,0.0,,0.0,,,,,,,,149805.89,0.0
115,CHHATTISGARH,BASTAR,,1760.4394160583943,1362.6000000000001,0.0,1368.9949647096862,6165.0,377368.0,0.0,383533.0,229465.0,612998.0,452.77,23346.820000000003,0.0,23799.590000000004,169.69,,0.0,169.69,99.864,0.0,0.0,99.86999999999999,15.28,1437.46,0.0,1452.74,235.95000000000002,1156.1699999999998,0.0,1392.12,11.76,194.14,0.0,205.9,,,,,,,,,985.32,26134.61,0.0,27119.93,,,,,,,,,,,,0.0,,,,0.0,,,,,,,,,,,,,,,,0.0,985.32,26134.61,0.0,27119.93,98.53999999999999,2389.05,0.0,2487.59,886.78,23745.559999999998,0.0,24632.340000000004,33.51576,2265.7046499999997,,2299.2204099999994,0.0,72.29249999999999,,72.29249999999999,61.096024887525054,6000.516058835975,,6061.6120837235,94.60999999999999,8338.5,,8433.11,10.668937053158617,35.116038535204055,,34.235927240367744,35.02000000000001,2365.31,0.0,2400.3299999999995,790.6700000000001,15307.45,0.0,16098.12,,,,,,,,,,,,,,72392.81000000001,0.0,97025.15000000001,0.0,0.0,,0.0,,0.0,,,,,,,,97025.15000000001,0.0
116,CHHATTISGARH,BEMETARA,,1122.9,1122.9,0.0,1122.8999999999999,57182.0,228299.0,0.0,285481.0,0.0,285481.0,3483.63,14691.39,0.0,18175.02,550.68,,,550.68,8872.314599999998,0.0,0.0,8872.33,4042.68,10075.21,0.0,14117.89,1434.1799999999998,1238.99,,2673.17,954.732,2003.1999999999998,0.0,2957.9320000000002,,,,,,,,,19338.239999999998,28008.79,0.0,47347.03,,,,,,,,,,,,0.0,,,,0.0,,,,,,,,,,,,,,,,0.0,19338.239999999998,28008.79,0.0,47347.03,1933.8400000000001,2800.88,0.0,4734.72,17404.4,25207.91,0.0,42612.31,459.54522,2005.5757199999998,,2465.1209400000002,0.0,212.2956,,212.2956,13541.74489935668,23327.807090807644,,36869.55199016432,14001.28,25545.66,,39546.939999999995,80.4467835719703,101.33985721148639,,92.8063744960083,534.46,2355.06,0.0,2889.52,3683.4299999999994,683.4300000000001,0.0,4366.86,,,,,,,,,,,,,,52301.619999999995,0.0,94913.93,0.0,0.0,,0.0,,0.0,,,,,,,,94913.93,0.0
117,CHHATTISGARH,BIJAPUR,,1528.1,1528.1,0.0,1528.1,90.0,437639.0,0.0,437729.0,223519.0,661248.0,10.159999999999998,50064.08,0.0,50074.24,1.55,,0.0,1.55,7.371,0.0,0.0,7.369999999999999,0.39,1253.0300000000002,0.0,1253.42,23.85,791.29,,815.14,0.0,61.727999999999994,0.0,61.727999999999994,,,,,,,,,43.32,52170.119999999995,0.0,52213.44,,,,,,,,,,,,0.0,,,,0.0,,,,,,,,,,,,,,,,0.0,43.32,52170.119999999995,0.0,52213.44,4.34,5217.01,0.0,5221.35,38.98,46953.11,0.0,46992.090000000004,0.1314,680.4563599999999,,680.58776,0.0,1.905,,1.905,1.5399999999999998,4242.3024803731505,,4243.8424803731505,1.67,4924.66,,4926.33,4.284248332478194,10.488463916447706,,10.48331751152162,0.15000000000000002,711.73,0.0,711.88,37.290000000000006,41997.18,0.0,42034.47,,,,,,,,,,,,,,87545.79999999999,0.0,134537.89,0.0,0.0,,0.0,,0.0,,,,,,,,134537.89,0.0
118,CHHATTISGARH,BILASPUR,,1103.2636540769722,1117.287990151593,0.0,1114.4551268124499,64153.0,253442.0,0.0,317595.0,33253.0,350848.0,3301.7400000000002,19114.59,0.0,22416.33,1497.22,,0.0,1497.22,14128.615,0.0,0.0,14128.61,1779.48,6823.39,0.0,8602.87,1747.97,1858.08,,3606.05,210.72199999999998,729.564,,940.286,,,,,,,,,22665.739999999998,28525.620000000003,0.0,51191.36,,,,,,,,,,,,0.0,,,,0.0,,,,,,,,,,,,,,,,0.0,22665.739999999998,28525.620000000003,0.0,51191.36,2266.58,2455.66,0.0,4722.24,20399.160000000003,26069.96,0.0,46469.12,802.64157,4898.62485,,5701.26642,0.0,664.5881999999999,,664.5881999999999,5927.102496191679,15639.088630333605,,21566.191126525286,6729.72,21202.3,,27932.019999999997,32.990181948668464,81.32847154349298,,60.10877761403701,941.8000000000001,5587.320000000001,0.0,6529.120000000001,13530.28,6449.91,0.0,19980.190000000002,,,,,,,,,,,,,,58168.969999999994,0.0,104638.09,0.0,0.0,,0.0,,0.0,,,,,,,,104638.09,0.0
119,CHHATTISGARH,DANTEWADA,,1327.8999999999999,1327.8999999999999,0.0,1327.8999999999999,60.0,311806.0,0.0,311866.0,29184.0,341050.0,4.24,25621.629999999997,0.0,25625.87,62.03,,0.0,62.03,2.1734999999999998,0.0,0.0,2.18,0.0,1590.8600000000001,0.0,1590.8600000000001,0.0,358.28,,358.28,0.0,21.248,0.0,21.248,,,,,,,,,68.45,27592.010000000002,0.0,27660.46,,,,,,,,,,,,0.0,,,,0.0,,,,,,,,,,,,,,,,0.0,68.45,27592.010000000002,0.0,27660.46,6.85,2759.2,0.0,2766.0499999999997,61.599999999999994,24832.809999999998,0.0,24894.41,0.12044999999999999,778.668735,,778.7891850000001,0.0,158.44529999999997,,158.44529999999997,0.0,3652.091284459683,,3652.091284459683,0.12,4589.21,,4589.33,0.19480519480519481,18.48042972180756,,18.435182838235573,0.12,819.88,0.0,820.0,61.48,20202.39,0.0,20263.87,,,,,,,,,,,,,,58581.89,0.0,83476.30000000002,0.0,0.0,,0.0,,0.0,,,,,,,,83476.30000000002,0.0
120,CHHATTISGARH,DHAMTARI,,1385.3,1385.2999999999997,0.0,1385.2999999999997,113324.0,135382.0,0.0,248706.0,159487.0,408193.0,9831.92,11154.57,0.0,20986.49,1194.4099999999999,,0.0,1194.4099999999999,23095.56153366,0.0,0.0,23095.559999999998,9554.189999999999,5387.91,0.0,14942.099999999999,6388.22,910.4000000000001,,7298.62,266.05600000000004,404.906,0.0,670.962,,,,,,,,,50330.340000000004,17857.78,0.0,68188.12,,,,,,,,,,,,0.0,,,,0.0,,,,,,,,,,,,,,,,0.0,50330.340000000004,17857.78,0.0,68188.12,5033.03,1496.5300000000002,0.0,6529.570000000001,45297.31,16361.25,0.0,61658.560000000005,689.64195,1426.016675,,2115.6586249999996,0.0,78.9864,,78.9864,30491.488208441526,12381.19121020159,,42872.679418643114,31181.13,13886.2,,45067.329999999994,68.83660420453224,84.87248834899535,,73.09176536072201,711.02,1469.03,0.0,2180.05,14094.8,2432.04,0.0,16526.84,,,,,,,,,,,,,,46576.65,0.0,108235.21,0.0,0.0,,0.0,,0.0,,,,,,,,108235.21,0.0
121,CHHATTISGARH,DURG,,1122.9,1122.9,0.0,1122.9,73161.0,158838.0,0.0,231999.0,0.0,231999.0,3760.21,10750.29,0.0,14510.5,536.1,,,536.1,12191.688,0.0,0.0,12191.69,3559.19,5694.04,0.0,9253.23,1833.59,1411.1100000000001,,3244.7000000000003,1024.0,2344.4,0.0,3368.4,,,,,,,,,22904.78,20199.84,0.0,43104.619999999995,,,,,,,,,,,,0.0,,,,0.0,,,,,,,,,,,,,,,,0.0,22904.78,20199.84,0.0,43104.619999999995,2290.4700000000003,1744.33,0.0,4034.7999999999997,20614.31,18455.510000000002,0.0,39069.82,523.05084,4439.45631,,4962.5071499999995,0.0,408.38340000000005,,408.38340000000005,10780.401057092593,13234.61479710266,,24015.015854195255,11303.44,18082.47,,29385.91,54.83297767424668,97.97870663016084,,75.2138351290075,543.5,4591.6900000000005,0.0,5135.19,9290.42,1382.3600000000001,0.0,10672.78,,,,,,,,,,,,,,43279.64,0.0,82349.45999999999,0.0,0.0,,0.0,,0.0,,,,,,,,82349.45999999999,0.0
122,CHHATTISGARH,GARIABAND,,1385.3000000000002,1385.3000000000002,0.0,1385.3,64270.5,198869.5,0.0,263140.0,319126.0,582266.0,5148.47,17618.32,0.0,22766.79,682.6100000000001,,0.0,682.6100000000001,3230.2209999999995,0.0,0.0,3230.2200000000003,2224.52,4424.25,0.0,6648.77,1359.78,1300.4099999999999,,2660.19,445.524,859.6,0.0,1305.124,,,,,,,,,13091.119999999999,24202.579999999998,0.0,37293.7,,,,,,,,,,,,0.0,,,,0.0,,,,,,,,,,,,,,,,0.0,13091.119999999999,24202.579999999998,0.0,37293.7,1286.6999999999998,2238.12,0.0,3524.8199999999997,11804.42,21964.460000000003,0.0,33768.88,298.07433,1431.409185,,1729.4835150000001,0.0,17.244899999999998,,17.244899999999998,7062.036646604249,12603.554708281397,,19665.591354885648,7360.1,14052.210000000001,,21412.309999999998,62.350373843018126,63.97703380825206,,63.40841034704141,317.11,1560.44,0.0,1877.55,4425.29,7783.22,0.0,12208.51,,,,,,,,,,,,,,48711.22,0.0,82480.09999999999,0.0,0.0,,0.0,,0.0,,,,,,,,82480.09999999999,0.0
123,CHHATTISGARH,GOURELA-PENDRA-MARWAHI,,1229.8,1229.8,0.0,1229.8,11361.0,153762.0,0.0,165123.0,65616.0,230739.0,889.1600000000001,10953.18,0.0,11842.34,380.31,,0.0,380.31,446.7477599999999,0.0,0.0,446.75,95.57,873.9200000000001,0.0,969.49,222.76,406.46999999999997,,629.23,14.068,78.068,,92.136,,,,,,,,,2048.61,12311.63,0.0,14360.24,,,,,,,,,,,,0.0,,,,0.0,,,,,,,,,,,,,,,,0.0,2048.61,12311.63,0.0,14360.24,204.87,1053.4499999999998,0.0,1258.33,1843.7399999999998,11258.18,0.0,13101.919999999998,73.24016999999999,1074.665485,,1147.905655,0.0,1.617,,1.617,383.79,3632.89,,4016.6800000000003,457.04,4709.18,,5166.22,24.78874461691996,41.82896347366981,,39.431014690976596,84.29,1240.24,0.0,1324.53,1375.6399999999999,6383.42,0.0,7759.0599999999995,,,,,,,,,,,,,,30376.67,0.0,43478.590000000004,0.0,0.0,,0.0,,0.0,,,,,,,,43478.590000000004,0.0
124,CHHATTISGARH,JANJGIR-CHAMPA,,1386.0,1386.0,0.0,1386.0,118718.0,96540.0,0.0,215258.0,22300.0,237558.0,6487.2699999999995,6016.22,0.0,12503.49,474.66999999999996,,,474.66999999999996,29718.855000000003,0.0,0.0,29718.85,1009.49,1910.9100000000003,0.0,2920.4,856.09,1009.54,,1865.6299999999999,466.19999999999993,692.8000000000001,0.0,1159.0,,,,,,,,,39012.57,9629.470000000001,0.0,48642.03999999999,,,,,,,,,,,,0.0,,,,0.0,,,,,,,,,,,,,,,,0.0,39012.57,9629.470000000001,0.0,48642.03999999999,3901.27,621.18,0.0,4522.4400000000005,35111.3,9008.289999999999,0.0,44119.59,1342.6298699999998,1520.688185,,2863.3180549999997,0.0,231.78828,,231.78828,3789.3174829008767,4354.529698284303,,8143.8471811851805,5131.95,6107.01,,11238.960000000001,14.616234659497081,67.79322157701408,,25.47385413146405,1433.42,1626.75,0.0,3060.17,29888.559999999998,2795.22,0.0,32683.78,,,,,,,,,,,,,,40208.37,0.0,84327.95999999999,0.0,0.0,,0.0,,0.0,,,,,,,,84327.95999999999,0.0
125,CHHATTISGARH,JASHPUR,,1408.3687514806918,1481.3918922277733,0.0,1480.0250307646256,8442.0,442563.0,0.0,451005.0,194736.0,645741.0,586.22,27740.51,0.0,28326.729999999996,143.95,,0.0,143.95,535.2816,0.0,0.0,535.29,53.74,3825.06,0.0,3878.7999999999997,149.84000000000003,540.61,0.0,690.45,23.36,1248.5600000000002,0.0,1271.92,,,,,,,,,1492.3999999999999,33354.74,0.0,34847.14,,,,,,,,,,,,0.0,,,,0.0,,,,,,,,,,,,,,,,0.0,1492.3999999999999,33354.74,0.0,34847.14,149.23000000000002,2571.96,0.0,2721.1800000000003,1343.17,30782.779999999995,0.0,32125.950000000004,40.3617,2203.74225,,2244.1039499999997,0.0,29.639699999999998,,29.639699999999998,214.99954175766874,13024.810998174007,,13239.810539931676,255.37,15258.2,,15513.569999999998,19.01248538904234,49.567323029304056,,48.28984045607989,41.67,2278.7999999999997,0.0,2320.47,1087.48,15449.51,0.0,16536.99,,,,,,,,,,,,,,83608.05000000002,0.0,115734.0,0.0,0.0,,0.0,,0.0,,,,,,,,115734.0,0.0
126,CHHATTISGARH,KABIRDHAM,,1117.0,1117.0,0.0,1117.0,40198.0,383765.0,0.0,423963.0,20742.0,444705.0,2798.87,31300.21,0.0,34099.08,742.48,,0.0,742.48,23379.273,0.0,0.0,23379.27,1865.26,10293.72,0.0,12158.98,901.73,1458.48,0.0,2360.21,16.72,272.64,0.0,289.35999999999996,,,,,,,,,29704.33,43325.05,0.0,73029.38,,,,,,,,,,,,0.0,,,,0.0,,,,,,,,,,,,,,,,0.0,29704.33,43325.05,0.0,73029.38,2970.43,4332.51,0.0,7302.9400000000005,26733.9,38992.53999999999,0.0,65726.44,201.44714999999997,2374.7648249999997,,2576.211975,0.0,75.1842,,75.1842,6374.036300000001,29777.2863,,36151.3226,6575.49,32227.240000000005,,38802.729999999996,24.59607464679676,82.64975813322243,,59.03671338353331,221.6,2615.62,0.0,2837.22,20138.260000000002,7493.42,0.0,27631.68,,,,,,,,,,,,,,76869.54,0.0,142595.97999999998,0.0,0.0,,0.0,,0.0,,,,,,,,142595.97999999998,0.0
127,CHHATTISGARH,KANKER,,1402.9209756980586,1397.3076138484184,0.0,1397.5057469538492,22097.0,603939.0,0.0,626036.0,17412.0,643448.0,1917.9899999999998,55736.81999999999,0.0,57654.81,499.72,,0.0,499.72,3317.3276400000004,0.0,0.0,3317.34,142.94,9210.07,0.0,9353.0,356.84000000000003,0.0,,356.84000000000003,20.654000000000003,1.078,0.0,21.732,,,,,,,,,6255.479999999999,64948.009999999995,0.0,71203.49,,,,,,,,,,,,0.0,,,,0.0,,,,,,,,,,,,,,,,0.0,6255.479999999999,64948.009999999995,0.0,71203.49,625.5500000000001,4750.83,0.0,5376.38,5629.929999999999,60197.17999999999,0.0,65827.11,61.10538,1995.968555,,2057.073935,0.0,30.551999999999996,,30.551999999999996,571.25,22162.989999999998,,22734.239999999998,632.36,24189.51,,24821.880000000005,11.232111234065078,40.183792662712776,,37.70768608860393,63.989999999999995,2086.08,0.0,2150.0699999999997,4994.679999999999,35917.56,0.0,40912.24,,,,,,,,,,,,,,117057.88,0.0,182884.99000000002,0.0,0.0,,0.0,,0.0,,,,,,,,182884.99000000002,0.0
128,CHHATTISGARH,KHAIRAGARH-CHHUIKHADAN_GANDAI,,1208.7,1208.7,0.0,1208.7000000000003,21813.0,127225.0,0.0,149038.0,7521.0,156559.0,1136.72,7972.379999999999,0.0,9109.1,373.21,,0.0,373.21,4220.547062622856,0.0,0.0,4220.54,944.38,3080.15,0.0,4024.53,678.47,517.6600000000001,,1196.13,576.3199999999999,91.2,0.0,667.52,,,,,,,,,7929.64,11661.39,0.0,19591.03,,,,,,,,,,,,0.0,,,,0.0,,,,,,,,,,,,,,,,0.0,7929.64,11661.39,0.0,19591.03,792.96,960.22,0.0,1753.18,7136.68,10701.17,0.0,17837.85,140.28264,945.384675,,1085.6673149999997,0.0,11.821499999999999,,11.821499999999999,2790.7969000000003,7320.6237,,10111.420600000001,2931.08,8277.82,,11208.9,41.07063788764523,77.354345365974,,62.83772988336599,150.45999999999998,1011.1199999999999,0.0,1161.58,4195.43,2357.62,0.0,6553.05,,,,,,,,,,,,,,27347.429999999997,0.0,45185.28,0.0,0.0,,0.0,,0.0,,,,,,,,45185.28,0.0
129,CHHATTISGARH,KONDAGAON,,1362.4,1362.4,0.0,1362.4000000000003,14149.0,358092.0,0.0,372241.0,13786.0,386027.0,1056.1200000000001,31513.39,0.0,32569.51,125.10000000000001,,0.0,125.10000000000001,386.15970599999997,0.0,0.0,386.16999999999996,361.27,3374.4300000000003,0.0,3735.7000000000003,135.35,533.04,,668.39,0.0,39.028,0.0,39.028,,,,,,,,,2064.01,35459.88,0.0,37523.88999999999,,,,,,,,,,,,0.0,,,,0.0,,,,,,,,,,,,,,,,0.0,2064.01,35459.88,0.0,37523.88999999999,187.25,2312.81,0.0,2500.06,1876.7600000000002,33147.07,0.0,35023.83,51.644580000000005,1535.811595,,1587.456175,0.0,21.752999999999997,,21.752999999999997,1399.04,12107.610800000002,,13506.6508,1450.68,13665.18,,15115.87,77.2970438415141,41.225906241486804,,43.15881501252147,53.699999999999996,1605.0800000000002,0.0,1658.7800000000002,640.62,19412.63,0.0,20053.25,,,,,,,,,,,,,,68763.8,0.0,103787.62999999999,0.0,0.0,,0.0,,0.0,,,,,,,,103787.62999999999,0.0
130,CHHATTISGARH,KORBA,,1392.0,1392.0,0.0,1392.0,5740.0,425690.0,0.0,431430.0,283114.0,714544.0,479.21,37873.28999999999,0.0,38352.5,245.21999999999997,,0.0,245.21999999999997,390.555,0.0,0.0,390.56000000000006,180.59,2493.42,0.0,2674.0099999999998,344.78,6346.24,,6691.0199999999995,0.0,202.76,0.0,202.76,,,,,,,,,1640.36,46915.70999999999,0.0,48556.07,,,,,,,,,,,,0.0,,,,0.0,,,,,,,,,,,,,,,,0.0,1640.36,46915.70999999999,0.0,48556.07,164.04999999999998,2673.4199999999996,0.0,2837.47,1476.31,44242.28999999999,0.0,45718.6,34.19028,3611.8319499999993,,3646.0222299999996,0.0,2438.7845999999995,,2438.7845999999995,711.3465,9549.3574,,10260.7039,745.55,15599.960000000001,,16345.509999999998,50.50091105526617,35.26029055005969,,35.752428989514115,36.14,3843.0699999999997,0.0,3879.21,728.8199999999999,28411.09,0.0,29139.91,,,,,,,,,,,,,,79528.69,0.0,125247.29,0.0,0.0,,0.0,,0.0,,,,,,,,125247.29,0.0
131,CHHATTISGARH,KOREA,,1317.0,1317.0,0.0,1317.0,7134.0,65513.0,0.0,72647.0,19045.0,91692.0,964.43,8631.890000000001,0.0,9596.32,287.33,,0.0,287.33,2751.36372,0.0,0.0,2751.37,274.87,855.67,0.0,1130.54,728.54,139.68,,868.22,37.6,118.6,0.0,156.2,,,,,,,,,5044.139999999999,9745.84,0.0,14789.98,,,,,,,,,,,,0.0,,,,0.0,,,,,,,,,,,,,,,,0.0,5044.139999999999,9745.84,0.0,14789.98,504.42,487.3,0.0,991.72,4539.72,9258.54,0.0,13798.26,42.928380000000004,620.0335299999999,,662.96191,0.0,390.6302999999999,,390.6302999999999,1090.2812000000001,4651.965200000001,,5742.246400000001,1133.21,5662.63,,6795.84,24.96211220075247,61.16115499852028,,49.251427353883756,44.540000000000006,639.09,0.0,683.6300000000001,3404.8999999999996,3576.85,0.0,6981.75,,,,,,,,,,,,,,13458.86,0.0,27257.120000000003,0.0,0.0,,0.0,,0.0,,,,,,,,27257.120000000003,0.0
132,CHHATTISGARH,MAHASAMUND,,1397.6869671948225,1407.706924752551,0.0,1406.2419211694075,67215.0,392505.0,0.0,459720.0,36580.0,496300.0,6585.76,40751.009999999995,0.0,47336.77,1420.06,,0.0,1420.06,30708.601000000002,0.0,0.0,30708.6,4658.09,13552.680000000002,0.0,18210.77,2284.57,1962.63,,4247.200000000001,79.67999999999999,634.5600000000001,,714.24,,,,,,,,,45736.76,56900.880000000005,0.0,102637.64000000001,,,,,,,,,,,,0.0,,,,0.0,,,,,,,,,,,,,,,,0.0,45736.76,56900.880000000005,0.0,102637.64000000001,4573.67,4239.59,0.0,8813.259999999998,41163.09,52661.28999999999,0.0,93824.37999999999,346.69452,2570.881515,,2917.576035,0.0,124.18109999999999,,124.18109999999999,14735.974600000001,38839.1491,,53575.1237,15082.67,41534.200000000004,,56616.87,36.641248263917994,78.87045683841016,,60.343452309517,365.32,2712.63,0.0,3077.95,26061.789999999997,10985.33,0.0,37047.119999999995,,,,,,,,,,,,,,83531.83,0.0,177356.21,0.0,0.0,,0.0,,0.0,,,,,,,,177356.21,0.0
133,CHHATTISGARH,MANENDRAGARH-CHIRMIRI_BHARATPUR,,1317.0,1317.0,0.0,1317.0,11656.0,318184.0,0.0,329840.0,176238.0,506078.0,1619.65,45897.840000000004,0.0,47517.49,115.82,,0.0,115.82,1169.09088,0.0,0.0,1169.09,228.52,1254.6,0.0,1483.1200000000001,356.87,303.09999999999997,,659.97,10.0,163.39999999999998,0.0,173.39999999999998,,,,,,,,,3499.9500000000003,47618.94,0.0,51118.89,,,,,,,,,,,,0.0,,,,0.0,,,,,,,,,,,,,,,,0.0,3499.9500000000003,47618.94,0.0,51118.89,350.0,4046.4,0.0,4396.4,3149.95,43572.54,0.0,46722.490000000005,35.26338,1066.4602849999999,,1101.723665,0.0,720.6917999999998,,720.6917999999998,894.2059999999999,6843.4997,,7737.7057,929.47,8630.65,,9560.119999999999,29.50745249924602,19.80754392560085,,20.461495095830717,36.55,1099.6100000000001,0.0,1136.16,2219.19,34908.740000000005,0.0,37127.93000000001,,,,,,,,,,,,,,60568.67,0.0,107291.16,0.0,0.0,,0.0,,0.0,,,,,,,,107291.16,0.0
134,CHHATTISGARH,MOHLA-MANPUR_AMBAGARHCHOWKI,,1208.7,1208.6999999999998,0.0,1208.7,6211.0,148671.0,0.0,154882.0,84116.0,238998.0,485.02,12016.939999999999,0.0,12501.960000000001,151.76999999999998,,0.0,151.76999999999998,493.14535714285637,0.0,0.0,493.14,409.66999999999996,1531.92,0.0,1941.5899999999997,477.79999999999995,535.55,0.0,1013.35,28.799999999999997,760.8,0.0,789.6,,,,,,,,,2046.2,14845.21,0.0,16891.41,,,,,,,,,,,,0.0,,,,0.0,,,,,,,,,,,,,,,,0.0,2046.2,14845.21,0.0,16891.41,204.62,1484.5300000000002,0.0,1689.15,1841.58,13360.68,0.0,15202.26,29.58033,713.17569,,742.75602,0.0,31.499999999999996,,31.499999999999996,1638.6765,3468.8084,,5107.4849,1668.25,4213.46,,5881.72,90.58797337069257,31.536269112051187,,38.689773757322925,30.57,737.25,0.0,767.82,172.32999999999998,9123.15,0.0,9295.48,,,,,,,,,,,,,,29710.35,0.0,44912.61,0.0,0.0,,0.0,,0.0,,,,,,,,44912.61,0.0
135,CHHATTISGARH,MUNGELI,,1351.0,1351.0,0.0,1351.0,69850.0,94092.0,0.0,163942.0,111094.0,275036.0,4414.6,5265.67,0.0,9680.27,978.6700000000001,,0.0,978.6700000000001,8118.1935,0.0,0.0,8118.19,1091.9699999999998,2237.41,0.0,3329.38,1253.49,614.94,,1868.43,80.0,2843.744,0.0,2923.744,,,,,,,,,15936.92,10961.759999999998,0.0,26898.68,,,,,,,,,,,,0.0,,,,0.0,,,,,,,,,,,,,,,,0.0,15936.92,10961.759999999998,0.0,26898.68,1593.68,750.2,0.0,2343.88,14343.239999999998,10211.560000000001,0.0,24554.800000000003,444.94011,1474.6131399999997,,1919.55325,0.0,30.677099999999996,,30.677099999999996,3094.45,6221.121999999999,,9315.572,3539.41,7726.4,,11265.81,24.67650265909237,75.66326790421834,,45.88027595419224,516.09,1720.8899999999999,0.0,2236.98,10732.67,2238.8900000000003,0.0,12971.560000000001,,,,,,,,,,,,,,30331.030000000002,0.0,54885.83,0.0,0.0,,0.0,,0.0,,,,,,,,54885.83,0.0
136,CHHATTISGARH,NARAYANPUR,,1404.1,1404.0999999999997,0.0,1404.1,3261.0,347782.0,0.0,351043.0,340273.0,691316.0,219.78,25654.07,0.0,25873.850000000002,56.81999999999999,,,56.81999999999999,308.88,0.0,0.0,308.88,8.8,259.84,0.0,268.64,53.31,94.93,,148.23999999999998,0.0,228.8,0.0,228.8,,,,,,,,,647.5899999999999,26237.64,0.0,26885.23,,,,,,,,,,,,0.0,,,,0.0,,,,,,,,,,,,,,,,0.0,647.5899999999999,26237.64,0.0,26885.23,64.75999999999999,2313.9700000000003,0.0,2378.73,582.83,23923.670000000002,0.0,24506.5,7.20729,385.5078899999999,,392.71518,0.0,10.65,,10.65,35.2,1358.67,,1393.8700000000001,42.410000000000004,1754.8300000000002,,1797.25,7.276564349810408,7.335120405857462,,7.333768592006202,7.56,404.46000000000004,0.0,412.02,540.07,22149.89,0.0,22689.96,,,,,,,,,,,,,,67847.51000000001,0.0,92354.01000000001,0.0,0.0,,0.0,,0.0,,,,,,,,92354.01000000001,0.0
137,CHHATTISGARH,RAIGARH,,1466.0,1466.0,0.0,1466.0,15887.0,370032.0,0.0,385919.0,134470.0,520389.0,1414.73,34386.11,0.0,35800.840000000004,175.39000000000001,,0.0,175.39000000000001,1019.7569999999998,0.0,0.0,1019.75,106.81,2484.83,0.0,2591.6400000000003,848.43,1527.48,,2375.91,7.140000000000001,47.64,0.0,54.779999999999994,,,,,,,,,3572.25,38446.06,0.0,42018.310000000005,,,,,,,,,,,,0.0,,,,0.0,,,,,,,,,,,,,,,,0.0,3572.25,38446.06,0.0,42018.310000000005,357.21000000000004,3350.08,0.0,3707.28,3215.04,35095.979999999996,0.0,38311.02,113.92161,3030.9439399999997,,3144.8655499999995,0.0,2666.4093000000003,,2666.4093000000003,424.9327,10264.7697,,10689.7024,538.84,15962.119999999999,,16500.96,16.759978102916296,45.48133432945882,,43.071053707262294,119.22999999999999,3183.05,0.0,3302.28,2670.89,18981.74,0.0,21652.63,,,,,,,,,,,,,,71035.37999999999,0.0,109346.4,0.0,0.0,,0.0,,0.0,,,,,,,,109346.4,0.0
138,CHHATTISGARH,RAIPUR,,1378.2569290358279,1375.1823990529035,0.0,1376.3351963014957,108435.0,180763.0,0.0,289198.0,0.0,289198.0,6500.36,13257.74,0.0,19758.100000000002,1098.7800000000002,,0.0,1098.7800000000002,17054.40735,0.0,0.0,17054.39,4139.1,2410.0,0.0,6549.1,2213.43,2031.6599999999999,,4245.09,617.52,1620.24,0.0,2237.7599999999998,,,,,,,,,31623.579999999994,19319.64,0.0,50943.219999999994,,,,,,,,,,,,0.0,,,,0.0,,,,,,,,,,,,,,,,0.0,31623.579999999994,19319.64,0.0,50943.219999999994,3162.3500000000004,1761.1599999999999,0.0,4923.51,28461.230000000003,17558.480000000003,0.0,46019.71000000001,1025.89017,6361.435349999999,,7387.325519999999,0.0,1896.5229,,1896.5229,12306.253800000002,5636.8253,,17943.079100000003,13332.150000000001,13894.79,,27226.940000000002,46.84319686816065,79.13435559342265,,59.163649662286,1126.62,7053.07,0.0,8179.69,15028.35,4031.9500000000003,0.0,19060.3,,,,,,,,,,,,,,54171.45,0.0,100191.16,0.0,0.0,,0.0,,0.0,,,,,,,,100191.16,0.0
139,CHHATTISGARH,RAJNANDGAON,,1208.7,1208.6999999999998,0.0,1208.6999999999998,36795.0,222937.0,0.0,259732.0,12728.0,272460.0,2760.16,17632.789999999997,0.0,20392.95,865.11,,0.0,865.11,3762.5739107142863,0.0,0.0,3762.5699999999997,2044.1799999999998,6246.74,0.0,8290.92,2105.66,1193.53,,3299.1899999999996,216.84,1811.6799999999998,0.0,2028.52,,,,,,,,,11754.52,26884.739999999998,0.0,38639.26,,,,,,,,,,,,0.0,,,,0.0,,,,,,,,,,,,,,,,0.0,11754.52,26884.739999999998,0.0,38639.26,1175.45,2260.98,0.0,3436.4300000000003,10579.07,24623.760000000002,0.0,35202.83,295.86243,2925.739625,,3221.6020550000003,0.0,228.58650000000003,,228.58650000000003,6681.537399999999,14313.894,,20995.4314,6977.41,17468.239999999998,,24445.65,65.9548523641492,70.94058746511497,,69.44228631618537,348.11,3732.52,0.0,4080.63,3549.41,6348.75,0.0,9898.16,,,,,,,,,,,,,,47898.49999999999,0.0,83101.33,0.0,0.0,,0.0,,0.0,,,,,,,,83101.33,0.0
140,CHHATTISGARH,SAKTI,,1386.0,1386.0,0.0,1386.0,69846.0,84543.0,0.0,154389.0,30999.0,185388.0,3807.93,5442.66,0.0,9250.59,96.08999999999999,,,96.08999999999999,17141.609999999997,0.0,0.0,17141.61,1620.79,2783.33,0.0,4404.12,812.4000000000001,633.45,,1445.85,410.20000000000005,249.60000000000002,0.0,659.8,,,,,,,,,23889.019999999997,9109.039999999999,0.0,32998.06,,,,,,,,,,,,0.0,,,,0.0,,,,,,,,,,,,,,,,0.0,23889.019999999997,9109.039999999999,0.0,32998.06,2388.91,762.2199999999999,0.0,3151.13,21500.11,8346.82,0.0,29846.93,792.3441899999999,1146.9176,,1939.26179,0.0,8.867999999999999,,8.867999999999999,5986.286555301409,6300.260145187609,,12286.546700489016,6778.63,7456.029999999999,,14234.66,31.528350320068128,89.32779190158647,,47.69220821035865,855.25,1231.2200000000003,0.0,2086.4700000000003,14658.58,806.49,0.0,15465.07,,,,,,,,,,,,,,28836.899999999998,0.0,58683.83,0.0,0.0,,0.0,,0.0,,,,,,,,58683.83,0.0
141,CHHATTISGARH,SARANGARH-BILAIRAGH,,1384.8541965052993,1425.9763763418862,0.0,1418.4087015348932,41892.0,185746.0,0.0,227638.0,28300.0,255938.0,2995.75,11541.22,0.0,14536.970000000001,105.67,,0.0,105.67,5391.651599999999,0.0,0.0,5391.65,184.02,2423.31,0.0,2607.33,765.6600000000001,1020.36,,1786.02,78.72,234.39999999999998,0.0,313.12,,,,,,,,,9521.47,15219.29,0.0,24740.760000000002,,,,,,,,,,,,0.0,,,,0.0,,,,,,,,,,,,,,,,0.0,9521.47,15219.29,0.0,24740.760000000002,952.15,992.8100000000001,0.0,1944.96,8569.32,14226.48,0.0,22795.8,310.6515,1537.968745,,1848.6202449999996,0.0,45.4551,,45.4551,681.546241008772,6299.444718421053,,6980.990959429824,992.19,7882.86,,8875.050000000001,11.578398285978352,55.40977107478449,,38.93282973179271,344.34000000000003,1683.6599999999999,0.0,2028.0,7543.4400000000005,6197.92,0.0,13741.36,,,,,,,,,,,,,,42469.9,0.0,65265.7,0.0,0.0,,0.0,,0.0,,,,,,,,65265.7,0.0
142,CHHATTISGARH,SUKMA,,1403.3989813242783,1403.8471658247056,0.0,1403.8466593374123,589.0,520610.0,0.0,521199.0,42380.0,563579.0,50.0,44217.11,0.0,44267.11,148.85,,,148.85,19.47,0.0,0.0,19.46,0.0,833.3499999999999,0.0,833.3499999999999,36.97,812.9300000000001,,849.9,0.0,40.708,0.0,40.708,,,,,,,,,255.27999999999997,45904.11,0.0,46159.39,,,,,,,,,,,,0.0,,,,0.0,,,,,,,,,,,,,,,,0.0,255.27999999999997,45904.11,0.0,46159.39,25.53,4590.41,0.0,4615.9400000000005,229.75,41313.7,0.0,41543.45,1.05777,620.34962,,621.40739,0.0,1.605,,1.605,0.0,1945.335,,1945.335,1.0499999999999998,2567.31,,2568.36,0.45701849836779096,6.21418560913208,,6.1823464348772195,1.0899999999999999,635.51,0.0,636.6,228.66,38731.22,0.0,38959.880000000005,,,,,,,,,,,,,,103749.34,0.0,145292.79,0.0,0.0,,0.0,,0.0,,,,,,,,145292.79,0.0
143,CHHATTISGARH,SURAJPUR,,1228.710542365498,1242.5265764054159,0.0,1241.805208349129,13773.0,250015.0,0.0,263788.0,14932.0,278720.0,1323.52,27462.390000000007,0.0,28785.909999999996,120.49000000000001,,0.0,120.49000000000001,1234.659,0.0,0.0,1234.65,444.90000000000003,7706.139999999999,0.0,8151.040000000001,279.70000000000005,356.53000000000003,0.0,636.23,12.399999999999999,890.1,0.0,902.5000000000001,,,,,,,,,3415.6600000000003,36415.16,0.0,39830.82,,,,,,,,,,,,0.0,,,,0.0,,,,,,,,,,,,,,,,0.0,3415.6600000000003,36415.16,0.0,39830.82,341.58000000000004,2469.61,0.0,2811.1899999999996,3074.08,33945.55,0.0,37019.630000000005,110.75048999999999,2077.332165,,2188.0826549999997,0.0,955.0473000000001,,955.0473000000001,1689.7671000000003,17843.7948,,19533.5619,1800.5499999999997,20876.2,,22676.749999999996,58.57199552386404,61.49907719863133,,61.25601471435558,115.91000000000001,2182.14,0.0,2298.05,1268.3700000000001,12964.550000000003,0.0,14232.920000000004,,,,,,,,,,,,,,48422.62,0.0,85442.24999999999,0.0,0.0,,0.0,,0.0,,,,,,,,85442.24999999999,0.0
144,CHHATTISGARH,SURGUJA,,1389.229706728709,1367.4850023932215,0.0,1369.1545895797785,32666.0,392776.0,0.0,425442.0,93673.0,519115.0,2829.5399999999995,32224.079999999998,0.0,35053.619999999995,239.98999999999995,,,239.98999999999995,1151.0647199999999,0.0,0.0,1151.05,453.15,4324.34,0.0,4777.49,653.5400000000001,327.02,,980.56,26.8,183.79999999999998,0.0,210.60000000000005,,,,,,,,,5354.07,37059.240000000005,0.0,42413.31,,,,,,,,,,,,0.0,,,,0.0,,,,,,,,,,,,,,,,0.0,5354.07,37059.240000000005,0.0,42413.31,535.41,2990.71,0.0,3526.12,4818.660000000001,34068.53,0.0,38887.19,200.2317,2130.56121,,2330.79291,0.0,1059.2258999999997,,1059.2258999999997,1613.3236,13489.607200000002,,15102.930800000002,1813.56,16679.39,,18492.949999999997,37.63618931404166,48.95834953841566,,47.555377490633795,209.72000000000003,2226.29,0.0,2436.0099999999998,3010.23,17293.41,0.0,20303.64,,,,,,,,,,,,,,78078.22,0.0,116965.41,0.0,0.0,,0.0,,0.0,,,,,,,,116965.41,0.0
145,DADRA AND NAGAR HAVELI,DADRA NAGAR HAVELI,,2265.7000000000003,2265.7000000000003,0.0,2265.7000000000003,4235.0,37365.0,0.0,41600.0,7500.0,49100.0,638.09,5567.72,0.0,6205.8099999999995,47.01,,,47.01,2067.6627999999982,0.0,0.0,2067.66,53.69,212.89,0.0,266.58,0.0,3.5,0.0,3.5,33.128,192.186,,225.314,,,,,,,,,2839.5699999999997,5976.29,0.0,8815.86,,,,,,,,,,,,0.0,,,,0.0,,,,,,,,,,,,,,,,0.0,2839.5699999999997,5976.29,0.0,8815.86,283.95,298.81,0.0,582.76,2555.62,5677.48,0.0,8233.1,257.85,1034.5500000000002,,1292.4,5426.98,3139.0,,8565.98,178.98,709.64,,888.6199999999999,5863.8099999999995,4883.1900000000005,,10747.0,229.44764871146725,86.00981421334819,,130.53406371840498,763.68,1034.55,0.0,1798.23,0.0,794.29,0.0,794.29,,,,,,,,,,,,,,0.0,0.0,8233.099999999999,0.0,0.0,,0.0,,0.0,,0.0,,0.0,,0.0,,8233.099999999999,0.0
146,DAMAN AND DIU,DAMAN,,2275.0,0.0,0.0,2194.7813822284907,6840.0,0.0,250.0,7090.0,110.0,7200.0,2824.29,0.0,0.0,2824.29,12.280000000000001,,0.0,12.280000000000001,0.0,0.0,0.0,0.0,62.38,0.0,0.0,62.38,26.46,,,26.46,12.0,,,12.0,,,,,,,,,2937.41,0.0,0.0,2937.41,,,,,,,,,,,,0.0,,,,0.0,,,,,,,,,,,,,,,,0.0,2937.41,0.0,0.0,2937.41,146.88,0.0,0.0,146.88,2790.5299999999997,0.0,0.0,2790.5299999999997,0.0,,0.0,0.0,4215.38,,0.0,4215.38,215.10000000000002,,0.0,215.10000000000002,4430.48,,0.0,4430.48,158.76840600172727,,0.0,158.76840600172727,1412.67,0.0,0.0,1412.67,0.0,0.0,0.0,0.0,,,Partly Saline,[],[],[],,,,,,,,0.0,0.0,2790.53,0.0,0.0,,0.0,,0.0,,0.0,,0.0,,0.0,,2790.53,0.0
147,DAMAN AND DIU,DIU,,923.0,0.0,0.0,848.237,3676.0,0.0,324.0,4000.0,0.0,4000.0,545.42,0.0,0.0,545.42,0.0,,,0.0,0.0,0.0,0.0,0.0,12.239999999999998,0.0,0.0,12.239999999999998,24.98,,,24.98,0.0,0.0,0.0,0.0,,,,,,,,,582.64,0.0,0.0,582.64,,,,,,,,,,,,0.0,,,,0.0,,,,,,,,,,,,,,,,0.0,582.64,0.0,0.0,582.64,29.13,0.0,0.0,29.13,553.5100000000001,0.0,0.0,553.5100000000001,0.0,,0.0,0.0,1239.8899999999999,,0.0,1239.8899999999999,42.2,,0.0,42.2,1282.09,,0.0,1282.09,231.62905819226384,,0.0,231.62905819226384,175.69,0.0,0.0,175.69,0.0,0.0,0.0,0.0,,,Partly Saline,[],[],[],,,,,,,,0.0,0.0,553.51,0.0,0.0,,0.0,,0.0,,0.0,,0.0,,0.0,,553.51,0.0
148,DELHI,CENTRAL,,0.0,494.0,0.0,494.0,0.0,7930.5,0.0,7930.5,0.0,7930.5,0.0,358.40000000000003,0.0,358.40000000000003,0.0,,0.0,0.0,0.0,0.0,0.0,0.0,0.0,68.85,0.0,68.85,0.0,2.3,0.0,2.3,0.0,51.312,0.0,51.312,0.0,1982.268083813955,0.0,1982.268083813955,0.0,0.0,0.0,0.0,0.0,2463.12,0.0,2463.12,,,,,,,,,,,,0.0,,,,0.0,,,,,,,,,,,,,,,,0.0,0.0,2463.12,0.0,2463.12,0.0,246.31,0.0,246.31,0.0,2216.81,0.0,2216.81,,1547.323189480484,,1547.323189480484,,0.0,,0.0,,248.57,,248.57,,1795.8899999999999,,1795.8899999999999,,81.01235559204441,,81.01235559204441,0.0,2130.21,0.0,2130.21,0.0,450.71,0.0,450.71,,,,,,,,,,,,,,0.0,0.0,2216.81,0.0,0.0,,0.0,,0.0,,,,,,,,2216.81,0.0
149,DELHI,EAST,,0.0,600.26,0.0,600.26,0.0,3159.9,0.0,3159.9,0.0,3159.9,0.0,140.4,0.0,140.4,0.0,,0.0,0.0,0.0,0.0,0.0,0.0,0.0,33.019999999999996,0.0,33.019999999999996,0.0,4.76,0.0,4.76,0.0,50.928000000000004,0.0,50.928000000000004,0.0,1430.688759940876,0.0,1430.688759940876,0.0,0.0,0.0,0.0,0.0,1659.79,0.0,1659.79,,,,,,,,,,,,0.0,,,,0.0,,,,,,,,,,,,,,,,0.0,0.0,1659.79,0.0,1659.79,0.0,165.99,0.0,165.99,0.0,1493.8000000000002,0.0,1493.8000000000002,,1348.8436047634113,,1348.8436047634113,,0.2,,0.2,,118.99000000000001,,118.99000000000001,,1468.0300000000002,,1468.0300000000002,,98.27486946043648,,98.27486946043648,0.0,1506.1,0.0,1506.1,0.0,36.86,0.0,36.86,,,,,,,,,,,,,,0.0,0.0,1493.8000000000002,0.0,0.0,,0.0,,0.0,,,,,,,,1493.8000000000002,0.0
150,DELHI,NAZUL LAND,,0.0,600.26,0.0,600.26,0.0,2579.0,0.0,2579.0,0.0,2579.0,0.0,373.62,0.0,373.62,0.0,,0.0,0.0,0.0,0.0,0.0,0.0,0.0,64.02000000000001,0.0,64.02000000000001,0.0,0.06999999999999999,0.0,0.06999999999999999,0.0,2.976,0.0,2.976,0.0,113.55217867059986,0.0,113.55217867059986,0.0,0.0,0.0,0.0,0.0,554.24,0.0,554.24,,,,,,,,,,,,0.0,,,,0.0,,,,,,,,,,,,,,,,0.0,0.0,554.24,0.0,554.24,0.0,55.419999999999995,0.0,55.419999999999995,0.0,498.82,0.0,498.82,,86.27302730635886,,86.27302730635886,,0.0,,0.0,,232.79999999999998,,232.79999999999998,,319.07,,319.07,,63.96495729922618,,63.96495729922618,0.0,86.27,0.0,86.27,0.0,179.75,0.0,179.75,,,,,,,,,,,,,,0.0,0.0,498.82,0.0,0.0,,0.0,,0.0,,,,,,,,498.82,0.0
151,DELHI,NEW DELHI,,0.0,671.7299999999999,0.0,671.73,0.0,15809.0,0.0,15809.0,0.0,15809.0,0.0,1114.21,0.0,1114.21,0.0,,0.0,0.0,0.0,0.0,0.0,0.0,0.0,190.10000000000002,0.0,190.10000000000002,0.0,6.620000000000001,0.0,6.620000000000001,0.0,60.768,0.0,60.768,0.0,1650.718357250994,0.0,1650.718357250994,0.0,0.0,0.0,0.0,0.0,3022.42,0.0,3022.42,,,,,,,,,,,,0.0,,,,0.0,,,,,,,,,,,,,,,,0.0,0.0,3022.42,0.0,3022.42,0.0,302.24,0.0,302.24,0.0,2720.18,0.0,2720.18,,2984.661961105391,,2984.661961105391,,2.2,,2.2,,686.8693166666668,,686.8693166666668,,3673.74,,3673.74,,135.05503312280806,,135.05503312280806,0.0,2984.67,0.0,2984.67,0.0,0.0,0.0,0.0,,,,,,,,,,,,,,0.0,0.0,2720.18,0.0,0.0,,0.0,,0.0,,,,,,,,2720.18,0.0
152,DELHI,NORTH,,0.0,600.88,0.0,600.8799999999999,0.0,29114.0,0.0,29114.0,0.0,29114.0,0.0,2029.0100000000002,0.0,2029.0100000000002,0.0,,0.0,0.0,0.0,0.0,0.0,0.0,0.0,136.54999999999998,0.0,136.54999999999998,0.0,14.59,0.0,14.59,0.0,68.64,0.0,68.64,0.0,2202.8692532189357,0.0,2202.8692532189357,0.0,0.0,0.0,0.0,0.0,4451.68,0.0,4451.68,,,,,,,,,,,,0.0,,,,0.0,,,,,,,,,,,,,,,,0.0,0.0,4451.68,0.0,4451.68,0.0,445.17,0.0,445.17,0.0,4006.5099999999998,0.0,4006.5099999999998,,4044.734111001524,,4044.734111001524,,50.308,,50.308,,491.80379999999997,,491.80379999999997,,4586.85,,4586.85,,114.48492578328771,,114.48492578328771,0.0,4075.38,0.0,4075.38,0.0,29.6,0.0,29.6,,,,,,,,,,,,,,0.0,0.0,4006.5099999999998,0.0,0.0,,0.0,,0.0,,,,,,,,4006.5099999999998,0.0
153,DELHI,NORTH EAST,,0.0,494.0,0.0,494.0,0.0,3567.2,0.0,3567.2,0.0,3567.2,0.0,148.03,0.0,148.03,0.0,,0.0,0.0,0.0,0.0,0.0,0.0,0.0,42.88,0.0,42.88,0.0,2.4000000000000004,0.0,2.4000000000000004,0.0,35.087999999999994,0.0,35.087999999999994,0.0,1547.2571575530105,0.0,1547.2571575530105,0.0,0.0,0.0,0.0,0.0,1775.6399999999999,0.0,1775.6399999999999,,,,,,,,,,,,0.0,,,,0.0,,,,,,,,,,,,,,,,0.0,0.0,1775.6399999999999,0.0,1775.6399999999999,0.0,177.57,0.0,177.57,0.0,1598.0700000000002,0.0,1598.0700000000002,,1573.2531495356648,,1573.2531495356648,,0.0,,0.0,,154.72299999999998,,154.72299999999998,,1727.98,,1727.98,,108.12918082436937,,108.12918082436937,0.0,1573.25,0.0,1573.25,0.0,102.19,0.0,102.19,,,,,,,,,,,,,,0.0,0.0,1598.0700000000002,0.0,0.0,,0.0,,0.0,,,,,,,,1598.0700000000002,0.0
154,DELHI,NORTH WEST,,0.0,600.88,0.0,600.88,0.0,15436.0,0.0,15436.0,0.0,15436.0,0.0,1240.1,0.0,1240.1,0.0,,0.0,0.0,0.0,0.0,0.0,0.0,0.0,141.41000000000003,0.0,141.41000000000003,0.0,0.8,0.0,0.8,0.0,45.84,0.0,45.84,0.0,2386.295628685567,0.0,2386.295628685567,0.0,0.0,0.0,0.0,0.0,3814.4300000000003,0.0,3814.4300000000003,,,,,,,,,,,,0.0,,,,0.0,,,,,,,,,,,,,,,,0.0,0.0,3814.4300000000003,0.0,3814.4300000000003,0.0,381.45,0.0,381.45,0.0,3432.9800000000005,0.0,3432.9800000000005,,1857.9720236442963,,1857.9720236442963,,0.56,,0.56,,511.320375,,511.320375,,2369.85,,2369.85,,69.03186153138088,,69.03186153138088,0.0,2412.69,0.0,2412.69,0.0,1063.13,0.0,1063.13,,,,,,,,,,,,,,0.0,0.0,3432.98,0.0,0.0,,0.0,,0.0,,,,,,,,3432.98,0.0
155,DELHI,SHAHDARA,,0.0,494.0,0.0,494.0,0.0,3458.5,0.0,3458.5,0.0,3458.5,0.0,114.94,0.0,114.94,0.0,,0.0,0.0,0.0,0.0,0.0,0.0,0.0,94.07000000000001,0.0,94.07000000000001,0.0,1.86,0.0,1.86,0.0,50.832,0.0,50.832,0.0,1352.6224275800569,0.0,1352.6224275800569,0.0,0.0,0.0,0.0,0.0,1614.31,0.0,1614.31,,,,,,,,,,,,0.0,,,,0.0,,,,,,,,,,,,,,,,0.0,0.0,1614.31,0.0,1614.31,0.0,161.42000000000002,0.0,161.42000000000002,0.0,1452.89,0.0,1452.89,,1358.5881518278675,,1358.5881518278675,,0.5,,0.5,,338.427,,338.427,,1697.54,,1697.54,,116.83885221868138,,116.83885221868138,0.0,1388.3600000000001,0.0,1388.3600000000001,0.0,3.86,0.0,3.86,,,,,,,,,,,,,,0.0,0.0,1452.89,0.0,0.0,,0.0,,0.0,,,,,,,,1452.89,0.0
156,DELHI,SOUTH,,0.0,698.9600000000002,0.0,698.9600000000002,0.0,15785.0,0.0,15785.0,0.0,15785.0,0.0,1171.3400000000001,0.0,1171.3400000000001,0.0,,0.0,0.0,0.0,0.0,0.0,0.0,0.0,197.28,0.0,197.28,0.0,26.15,0.0,26.15,0.0,63.023999999999994,0.0,63.023999999999994,0.0,3054.7057075406537,0.0,3054.7057075406537,0.0,0.0,0.0,0.0,0.0,4512.5,0.0,4512.5,,,,,,,,,,,,0.0,,,,0.0,,,,,,,,,,,,,,,,0.0,0.0,4512.5,0.0,4512.5,0.0,451.24,0.0,451.24,0.0,4061.26,0.0,4061.26,,3858.5832116189094,,3858.5832116189094,,0.0,,0.0,,709.8975,,709.8975,,4568.49,,4568.49,,112.48947371012936,,112.48947371012936,0.0,3858.59,0.0,3858.59,0.0,6.34,0.0,6.34,,,,,,,,,,,,,,0.0,0.0,4061.26,0.0,0.0,,0.0,,0.0,,,,,,,,4061.26,0.0
157,DELHI,SOUTH EAST,,0.0,698.96,0.0,698.96,0.0,10352.0,0.0,10352.0,0.0,10352.0,0.0,678.51,0.0,678.51,0.0,,0.0,0.0,0.0,0.0,0.0,0.0,0.0,60.55,0.0,60.55,0.0,3.07,0.0,3.07,0.0,56.4,0.0,56.4,0.0,1892.6136565052734,0.0,1892.6136565052734,0.0,0.0,0.0,0.0,0.0,2691.12,0.0,2691.12,,,,,,,,,,,,0.0,,,,0.0,,,,,,,,,,,,,,,,0.0,0.0,2691.12,0.0,2691.12,0.0,269.1,0.0,269.1,0.0,2422.02,0.0,2422.02,,2144.4464332080397,,2144.4464332080397,,12.739999999999998,,12.739999999999998,,220.1652,,220.1652,,2377.36,,2377.36,,98.15608459054839,,98.15608459054839,0.0,2144.45,0.0,2144.45,0.0,44.66,0.0,44.66,,,,,,,,,,,,,,0.0,0.0,2422.02,0.0,0.0,,0.0,,0.0,,,,,,,,2422.02,0.0
158,DELHI,SOUTH WEST,,0.0,641.95,0.0,641.95,0.0,30516.0,0.0,30516.0,0.0,30516.0,0.0,2986.6499999999996,0.0,2986.6499999999996,0.0,,0.0,0.0,0.0,0.0,0.0,0.0,0.0,1102.01,0.0,1102.01,0.0,25.58,0.0,25.58,0.0,69.456,0.0,69.456,0.0,3260.024724791327,0.0,3260.024724791327,0.0,0.0,0.0,0.0,0.0,7443.699999999999,0.0,7443.699999999999,,,,,,,,,,,,0.0,,,,0.0,,,,,,,,,,,,,,,,0.0,0.0,7443.699999999999,0.0,7443.699999999999,0.0,744.37,0.0,744.37,0.0,6699.33,0.0,6699.33,,2357.8741609485533,,2357.8741609485533,,0.0,,0.0,,3981.46,,3981.46,,6339.33,,6339.33,,94.62632830447224,,94.62632830447224,0.0,2857.8900000000003,0.0,2857.8900000000003,0.0,328.56,0.0,328.56,,,,,,,,,,,,,,0.0,0.0,6699.33,0.0,0.0,,0.0,,0.0,,,,,,,,6699.33,0.0
159,DELHI,WEST,,0.0,634.3400000000001,0.0,634.3399999999999,0.0,11054.0,0.0,11054.0,0.0,11054.0,0.0,1404.45,0.0,1404.45,0.0,,0.0,0.0,0.0,0.0,0.0,0.0,0.0,203.32999999999998,0.0,203.32999999999998,0.0,6.22,0.0,6.22,0.0,60.384,0.0,60.384,0.0,2312.0149839262926,0.0,2312.0149839262926,0.0,0.0,0.0,0.0,0.0,3986.42,0.0,3986.42,,,,,,,,,,,,0.0,,,,0.0,,,,,,,,,,,,,,,,0.0,0.0,3986.42,0.0,3986.42,0.0,398.65,0.0,398.65,0.0,3587.77,0.0,3587.77,,2797.796427761049,,2797.796427761049,,0.6,,0.6,,731.9770000000001,,731.9770000000001,,3530.37,,3530.37,,98.40012040905633,,98.40012040905633,0.0,2797.79,0.0,2797.79,0.0,169.29999999999998,0.0,169.29999999999998,,,,,,,,,,,,,,0.0,0.0,3587.77,0.0,0.0,,0.0,,0.0,,,,,,,,3587.77,0.0
160,GOA,GOA NORTH,,3407.864405735409,3342.6927218271235,0.0,3354.447550688474,17854.0,81133.0,0.0,98987.0,47323.0,146310.0,2674.45,11999.66,0.0,14674.11,286.73,,0.0,286.73,689.4,26.27,0.0,715.67,0.0,371.88,0.0,371.88,7.2700000000000005,29.490000000000002,0.0,36.76,319.2,172.4,0.0,491.6,,,,,,,,,3977.05,12599.7,0.0,16576.75,,,,,,,,,,,,0.0,,,,0.0,,,,,,,,,,,,,,,,0.0,3977.05,12599.7,0.0,16576.75,795.4100000000001,2519.9400000000005,0.0,3315.35,3181.64,10079.76,0.0,13261.4,284.79635999999994,1516.6884420000001,,1801.484802,21.3077,84.241,,105.5487,194.67000000000002,1480.6800000000003,,1675.3500000000004,500.78000000000003,3081.62,,3582.3999999999996,15.739681422159643,30.572354897338823,,27.013739122566243,294.8,1569.96,0.0,1864.76,2670.85,6944.87,0.0,9615.72,,,,,,,,,,,,,,0.0,0.0,13261.4,0.0,0.0,,0.0,,0.0,,,,,,,,13261.4,0.0
161,GOA,SOUTH GOA,,3412.9789982506213,3350.3588546588553,0.0,3355.9348670186596,10861.0,111111.0,0.0,121972.0,101915.7,223887.7,2074.37,17917.079999999998,0.0,19991.449999999997,459.62,,0.0,459.62,359.07000000000005,140.98000000000002,0.0,500.05000000000007,0.0,213.31,0.0,213.31,12.389999999999999,154.51,0.0,166.89999999999998,33.0,554.8,0.0,587.8,,,,,,,,,2938.45,18980.68,0.0,21919.13,,,,,,,,,,,,0.0,,,,0.0,,,,,,,,,,,,,,,,0.0,2938.45,18980.68,0.0,21919.13,587.6899999999999,3796.1300000000006,0.0,4383.82,2350.76,15184.550000000001,0.0,17535.309999999998,200.72870225,1970.8319175000001,,2171.5606197499997,31.75431,343.68323,,375.43754,73.17000000000002,853.2,,926.3699999999999,305.63000000000005,3167.7299999999996,,3473.3599999999997,13.001327230342529,20.86153359829563,,19.80780493758023,207.77999999999997,2040.08,0.0,2247.86,2038.0700000000002,11947.580000000002,0.0,13985.650000000001,,,,,,,,,,,,,,0.0,0.0,17535.31,0.0,0.0,,0.0,,0.0,,,,,,,,17535.31,0.0
162,GUJARAT,AHMEDABAD,,740.6952661879233,0.0,686.5818808345911,700.6612739488277,184138.41779761555,0.0,523587.62406988454,707726.0418675,0.0,707726.0418675,24716.2,0.0,74811.78,99527.98,2715.34,,437018.41000000003,439733.74999999994,10753.56,0.0,0.0,10753.56,4291.950000000001,0.0,7893.970000000001,12185.92,192.98000000000002,,215.74,408.72,3131.1839999999997,,1593.82,4725.004,,,,,,,,,45801.229999999996,0.0,521533.7200000001,567334.9500000001,,,,,,,,,,,,0.0,,,,0.0,,,,,,,,,,,,,,,,0.0,45801.229999999996,0.0,521533.7200000001,567334.9500000001,3548.96,0.0,52097.2,55646.16,42252.27,0.0,469436.52,511688.79,1038.9482400629533,,2111.691883158526,3150.640123221479,4831.5972170000005,,0.0,4831.5972170000005,25238.5,,38854.8,64093.3,31109.039999999997,,40966.509999999995,72075.55,73.62690809274862,,8.726741157675589,73.6269080927487,1101.83,0.0,2239.5,1101.83,13353.84,0.0,428573.86999999994,13353.84,,,,,,,,,,,,,,0.0,0.0,42252.270000000004,469436.52,0.0,,0.0,,0.0,,,,,,,,42252.270000000004,469436.52
163,GUJARAT,AMRELI,,731.2230239672564,0.0,855.8197262769545,735.3287154845392,723203.7847804805,0.0,24642.93082871956,747846.7156092,0.0,747846.7156092,132123.42,0.0,1402.46,133525.88,31.189999999999998,,0.0,31.189999999999998,1619.81,0.0,0.0,1619.81,12194.640000000001,0.0,341.07,12535.710000000001,372.91999999999996,,3.3499999999999996,376.27,3803.776,,40.82,3844.5959999999995,,,,,,,,,150145.76,0.0,1787.7,151933.46000000002,,,,,,,,,,,,0.0,,,,0.0,,,,,,,,,,,,,,,,0.0,150145.76,0.0,1787.7,151933.46000000002,7507.31,0.0,89.38,7596.69,142638.44999999998,0.0,1698.3200000000002,144336.77,1207.639072744312,,37.12953095208433,1244.7686036963962,120.79060000000001,,0.0,120.79060000000001,77626.40000000001,,1263.2,78889.6,78954.82999999999,,1300.3300000000002,80255.15999999999,55.35311832118198,,76.56566489236421,55.35311832118198,1230.14,0.0,37.82,1230.14,63661.11000000001,0.0,397.29999999999995,63661.11000000001,,,,,,,,,,,,,,0.0,0.0,142638.44999999998,1698.32,0.0,,0.0,,0.0,,,,,,,,142638.44999999998,1698.32
164,GUJARAT,ANAND,,871.61872192178,0.0,830.526111890072,859.2947436590291,212911.55886292248,0.0,91207.58485797752,304119.1437209,0.0,304119.1437209,32160.870000000006,0.0,15326.88,47487.75,51942.00000000001,,0.0,51942.00000000001,26138.48,0.0,0.0,26138.48,6525.029999999999,0.0,1135.6399999999999,7660.67,588.26,,74.69,662.95,1034.344,,38.384,1072.728,,,,,,,,,118388.98000000001,0.0,16575.59,134964.57,,,,,,,,,,,,0.0,,,,0.0,,,,,,,,,,,,,,,,0.0,118388.98000000001,0.0,16575.59,134964.57,9516.099999999999,0.0,846.3900000000001,10362.490000000002,108872.87999999999,0.0,15729.2,124602.07999999997,3587.389184161038,,513.3185401627298,4100.707724323768,330.418325,,0.0,330.418325,26110.0,,4193.600000000001,30303.6,30027.829999999998,,4706.910000000001,34734.74,27.580633487421295,,29.92466241131145,27.580633487421295,3689.85,0.0,527.98,3689.85,78742.59,0.0,11007.630000000001,78742.59,,,,,,,,,,,,,,0.0,0.0,108872.87999999999,15729.199999999999,0.0,,0.0,,0.0,,,,,,,,108872.87999999999,15729.199999999999
165,GUJARAT,ARVALLI,,900.7735204687687,0.0,0.0,900.7735204687687,310371.55839049997,0.0,0.0,310371.55839049997,6518.06,316889.61839049996,81761.61000000002,0.0,0.0,81761.61000000002,1215.75,,0.0,1215.75,1671.9699999999998,0.0,0.0,1671.9699999999998,7073.24,0.0,0.0,7073.24,252.70999999999998,,0.0,252.70999999999998,638.9639999999999,,0.0,638.9639999999999,,,,,,,,,92614.24,0.0,0.0,92614.24,,,,,,,,,,,,0.0,,,,0.0,,,,,,,,,,,,,,,,0.0,92614.24,0.0,0.0,92614.24,4630.72,0.0,0.0,4630.72,87983.52,0.0,0.0,87983.52,2060.977531562971,,,2060.977531562971,23.5697,,,23.5697,35456.4,,,35456.4,37540.96000000001,,,37540.96000000001,42.66817240319551,,,42.66817240319551,2144.33,0.0,0.0,2144.33,50359.219999999994,0.0,0.0,50359.219999999994,,,,,,,,,,,,,,0.0,0.0,87983.52,0.0,0.0,,0.0,,0.0,,,,,,,,87983.52,0.0
166,GUJARAT,BANASKANTHA,,761.4791955385194,0.0,553.3197347831494,686.1250139204933,669984.1173371309,0.0,380151.340270169,1050135.4576073,29809.160000000003,1079944.6176073,99386.1,0.0,46776.25,146162.34999999998,593.59,,7091.9,7685.49,87.97999999999999,0.0,0.0,87.97999999999999,12802.419999999998,0.0,4953.089999999999,17755.51,342.73999999999995,,182.94,525.68,18076.4,,1287.6000000000001,19364.000000000004,,,,,,,,,131289.23,0.0,60291.78,191581.00999999995,,,,,,,,,,,,0.0,,,,0.0,,,,,,,,,,,,,,,,0.0,131289.23,0.0,60291.78,191581.00999999995,13128.949999999997,0.0,6029.1900000000005,19158.14,118160.27999999998,0.0,54262.59,172422.87000000002,4264.023371931932,,851.1567615557535,5115.180133487685,102.45541499999999,,0.0,102.45541499999999,137201.30000000005,,41591.450000000004,178792.75,141567.8,,42442.590000000004,184010.38999999998,119.80997336837727,,78.21703682039505,119.80997336837721,4557.4400000000005,0.0,909.7299999999999,4557.4400000000005,11934.72,0.0,22817.249999999996,11934.72,,,,,,,,,,,,,,0.0,0.0,118160.27999999998,54262.59000000001,0.0,,0.0,,0.0,,,,,,,,118160.27999999998,54262.59000000001
167,GUJARAT,BHARUCH,,827.2945037366014,0.0,770.5944003792935,805.1483121615796,332922.5546340981,0.0,213375.74515520202,546298.2997893001,4390.0,550688.2997893001,41682.990000000005,0.0,25064.38,66747.37,8432.5,,1014.77,9447.27,9495.130000000001,0.0,0.0,9495.130000000001,3864.75,0.0,1010.8299999999999,4875.580000000001,529.98,,248.42,778.4,5391.5380000000005,,105.46,5496.9980000000005,,,,,,,,,69396.90000000001,0.0,27443.86,96840.76000000001,,,,,,,,,,,,0.0,,,,0.0,,,,,,,,,,,,,,,,0.0,69396.90000000001,0.0,27443.86,96840.76000000001,5548.400000000001,0.0,2265.14,7813.540000000001,63848.5,0.0,25178.72,89027.22,1836.7278024960235,,621.0708013187776,2457.798603814801,880.9601299999999,,0.0,880.9601299999999,14288.9,,3944.3,18233.2,17006.6,,4565.37,21571.97,26.63586458569896,,18.13185896661943,26.635864585698965,1891.72,0.0,635.76,1891.72,46786.91,0.0,20681.16,46786.91,,,,,,,,,,,,,,0.0,0.0,63848.5,25178.72,0.0,,0.0,,0.0,,,,,,,,63848.5,25178.72
168,GUJARAT,BHAVNAGAR,,672.2708352493528,0.0,766.7252042666614,690.7422200079321,585752.2326168802,0.0,142395.76093801972,728147.9935549,0.0,728147.9935549,92561.12,0.0,12950.320000000002,105511.43999999999,379.19000000000005,,0.0,379.19000000000005,6777.039999999999,0.0,0.0,6777.039999999999,8690.02,0.0,1202.85,9892.870000000003,488.5100000000001,,19.23,507.73,4931.1759999999995,,234.676,5165.852,,,,,,,,,113827.04000000001,0.0,14407.08,128234.12,,,,,,,,,,,,0.0,,,,0.0,,,,,,,,,,,,,,,,0.0,113827.04000000001,0.0,14407.08,128234.12,5691.37,0.0,739.48,6430.85,108135.67,0.0,13667.600000000002,121803.27,3194.0591839951035,,716.4872457372866,3910.5464297323897,37.63915,,0.0,37.63915,42949.200000000004,,4967.500000000001,47916.700000000004,46180.9,,5683.98,51864.880000000005,42.70644459871567,,41.587257455588386,42.70644459871568,3322.21,0.0,745.23,3322.21,61826.619999999995,0.0,9217.67,61826.619999999995,,,,,,,,,,,,,,0.0,0.0,108135.67,13667.6,0.0,,0.0,,0.0,,,,,,,,108135.67,13667.6
169,GUJARAT,BOTAD,,712.1873527632814,0.0,720.5236515712016,713.7112831571797,203056.10549596814,0.0,45423.75749893186,248479.8629949,0.0,248479.8629949,37198.25,0.0,5887.88,43086.130000000005,522.85,,0.0,522.85,312.7,0.0,0.0,312.7,3881.34,0.0,806.26,4687.6,38.45,,3.78,42.23,1781.64,,36.64,1818.2800000000002,,,,,,,,,43735.229999999996,0.0,6734.56,50469.78999999999,,,,,,,,,,,,0.0,,,,0.0,,,,,,,,,,,,,,,,0.0,43735.229999999996,0.0,6734.56,50469.78999999999,2186.78,0.0,338.56000000000006,2525.34,41548.45,0.0,6395.999999999999,47944.45,907.4415803272004,,112.09928058964229,1019.5408609168428,16.89945,,0.0,16.89945,22817.9,,3710.0,26527.9,23742.25,,3822.09,27564.34,57.14352761655369,,59.75750469043153,57.14352761655369,943.85,0.0,116.6,943.85,17769.800000000003,0.0,2569.41,17769.800000000003,,,,,,,,,,,,,,0.0,0.0,41548.45,6395.999999999999,0.0,,0.0,,0.0,,,,,,,,41548.45,6395.999999999999
170,GUJARAT,CHHOTA UDEPUR,,1118.5761612363217,0.0,0.0,1118.5761612363217,326493.2852432,0.0,0.0,326493.2852432,17298.0,343791.2852432,42927.38,0.0,0.0,42927.38,8720.48,,0.0,8720.48,1931.3199999999997,0.0,0.0,1931.3199999999997,5646.45,0.0,0.0,5646.45,316.22999999999996,,0.0,316.22999999999996,3454.728,,0.0,3454.728,,,,,,,,,62996.579999999994,0.0,0.0,62996.579999999994,,,,,,,,,,,,0.0,,,,0.0,,,,,,,,,,,,,,,,0.0,62996.579999999994,0.0,0.0,62996.579999999994,6299.68,0.0,0.0,6299.68,56696.899999999994,0.0,0.0,56696.899999999994,2237.9732894603612,,,2237.9732894603612,1.005,,,1.005,22300.800000000003,,,22300.800000000003,24539.77,,,24539.77,43.28238404568857,,,43.28238404568857,2312.0200000000004,0.0,0.0,2312.0200000000004,32083.079999999994,0.0,0.0,32083.079999999994,,,,,,,,,,,,,,0.0,0.0,56696.899999999994,0.0,0.0,,0.0,,0.0,,,,,,,,56696.899999999994,0.0
171,GUJARAT,DAHOD,,724.1545317554293,0.0,0.0,724.1545317554293,351971.34179060004,0.0,0.0,351971.34179060004,12158.0,364129.34179060004,19357.579999999998,0.0,0.0,19357.579999999998,858.56,,0.0,858.56,3947.95,0.0,0.0,3947.95,2869.53,0.0,0.0,2869.53,225.08999999999997,,0.0,225.08999999999997,9973.224000000002,,0.0,9973.224000000002,,,,,,,,,37231.92,0.0,0.0,37231.92,,,,,,,,,,,,0.0,,,,0.0,,,,,,,,,,,,,,,,0.0,37231.92,0.0,0.0,37231.92,3385.9700000000003,0.0,0.0,3385.9700000000003,33845.95,0.0,0.0,33845.95,2310.5840834121764,,,2310.5840834121764,3.014505,,,3.014505,10539.2,,,10539.2,12852.78,,,12852.78,37.974351436434794,,,37.974351436434794,2524.79,0.0,0.0,2524.79,20778.969999999998,0.0,0.0,20778.969999999998,,,,,,,,,,,,,,0.0,0.0,33845.95,0.0,0.0,,0.0,,0.0,,,,,,,,33845.95,0.0
172,GUJARAT,DANG,,2388.385835099386,0.0,0.0,2388.385835099386,144921.7961807,0.0,0.0,144921.7961807,35515.0,180436.7961807,35324.46,0.0,0.0,35324.46,0.0,,0.0,0.0,7.650000000000001,0.0,0.0,7.650000000000001,1114.06,0.0,0.0,1114.06,98.28,,0.0,98.28,1204.008,,0.0,1204.008,,,,,,,,,37748.46,0.0,0.0,37748.46,,,,,,,,,,,,0.0,,,,0.0,,,,,,,,,,,,,,,,0.0,37748.46,0.0,0.0,37748.46,3774.84,0.0,0.0,3774.84,33973.62,0.0,0.0,33973.62,494.5717248951862,,,494.5717248951862,1.28,,,1.28,4053.6999999999994,,,4053.6999999999994,4549.55,,,4549.55,13.391419577896027,,,13.391419577896027,522.8100000000001,0.0,0.0,522.8100000000001,29395.829999999998,0.0,0.0,29395.829999999998,,,,,,,,,,,,,,0.0,0.0,33973.619999999995,0.0,0.0,,0.0,,0.0,,,,,,,,33973.619999999995,0.0
173,GUJARAT,DEVBHUMI DWARKA,,937.1143847195049,0.0,811.8838027246114,919.2956464277555,360785.62323287915,0.0,59851.3569656209,420636.98019850004,12245.0,432881.98019850004,36703.39,0.0,4428.87,41132.259999999995,522.4200000000001,,0.0,522.4200000000001,195.52,0.0,0.0,195.52,4962.2,0.0,572.21,5534.41,209.75,,12.190000000000001,221.94,1404.472,,110.412,1514.884,,,,,,,,,43997.74,0.0,5123.69,49121.43000000001,,,,,,,,,,,,0.0,,,,0.0,,,,,,,,,,,,,,,,0.0,43997.74,0.0,5123.69,49121.43000000001,2199.89,0.0,256.18,2456.0699999999997,41797.85,0.0,4867.51,46665.36,1582.0671323249596,,99.22747105777309,1681.2946033827327,215.299455,,0.0,215.299455,26738.600000000002,,2734.7000000000003,29473.3,28535.96,,2833.93,31369.89,68.27135845504016,,58.22134931412569,68.27135845504016,1630.77,0.0,102.28,1630.77,13213.179999999998,0.0,2030.52,13213.179999999998,,,,,,,,,,,,,,0.0,0.0,41797.85,4867.51,0.0,,0.0,,0.0,,,,,,,,41797.85,4867.51
174,GUJARAT,GANDHINAGAR,,794.8286971662835,0.0,0.0,794.8286971662835,215520.63809380002,0.0,0.0,215520.63809380002,0.0,215520.63809380002,45828.31,0.0,0.0,45828.31,9522.83,,1781.26,11304.09,136.5,0.0,0.0,136.5,7400.160000000001,0.0,0.0,7400.160000000001,368.47,,0.0,368.47,1699.6040000000003,0.0,0.0,1699.6040000000003,,,,,,,,,64955.89,0.0,1781.26,66737.15,,,,,,,,,,,,0.0,,,,0.0,,,,,,,,,,,,,,,,0.0,64955.89,0.0,1781.26,66737.15,5496.05,0.0,178.13,5674.17,59459.840000000004,0.0,1603.13,61062.97000000001,1365.0,,,1365.0,765.7780369999999,,,765.7780369999999,58919.5,,,58919.5,61050.26,,,61050.26,102.6747801541343,,,102.67478015413427,1807.1100000000001,0.0,0.0,1807.1100000000001,6419.36,0.0,1603.13,6419.36,,,,,,,,,,,,,,0.0,0.0,59459.840000000004,1603.13,0.0,,0.0,,0.0,,,,,,,,59459.840000000004,1603.13
175,GUJARAT,GIR SOMNATH,,1109.2631539757315,0.0,1074.6508042298171,1107.9002542852907,315649.8155469033,0.0,12938.53086829669,328588.3464152,0.0,328588.3464152,67566.29000000001,0.0,4272.63,71838.92,1075.8999999999999,,0.0,1075.8999999999999,223.95,0.0,0.0,223.95,6981.57,0.0,327.19,7308.76,334.94,,42.019999999999996,376.96999999999997,768.42,,51.352000000000004,819.7719999999999,,,,,,,,,76951.07,0.0,4693.179999999999,81644.25,,,,,,,,,,,,0.0,,,,0.0,,,,,,,,,,,,,,,,0.0,76951.07,0.0,4693.179999999999,81644.25,6124.09,0.0,316.39000000000004,6440.4800000000005,70826.98,0.0,4376.79,75203.77,3001.049456709222,,28.594439933280277,3029.643896642502,264.75440000000003,,0.0,264.75440000000003,30463.100000000002,,1400.9,31864.000000000004,33728.9,,1429.49,35158.39,47.621541960422434,,32.660694253094164,47.62154196042242,3081.92,0.0,29.369999999999997,3081.92,37017.200000000004,0.0,2946.5199999999995,37017.200000000004,,,,,,,,,,,,,,0.0,0.0,70826.98,4376.79,0.0,,0.0,,0.0,,,,,,,,70826.98,4376.79
176,GUJARAT,JAMNAGAR,,806.897198247494,0.0,821.0944106734894,808.2899847443357,579332.2086783141,0.0,63016.18533288585,642348.3940112,99.0,642447.3940112,123294.57,0.0,4368.96,127663.53,336.74000000000007,,0.0,336.74000000000007,3592.1,0.0,0.0,3592.1,10919.79,0.0,1164.47,12084.26,243.82999999999998,,14.11,257.94,5011.26,,90.112,5101.372,,,,,,,,,143398.27000000002,0.0,5637.64,149035.91,,,,,,,,,,,,0.0,,,,0.0,,,,,,,,,,,,,,,,0.0,143398.27000000002,0.0,5637.64,149035.91,7169.92,0.0,291.47,7461.39,136228.34999999998,0.0,5346.17,141574.52000000002,2425.867069730028,,94.6093897598116,2520.4764594898397,58.134595000000004,,0.0,58.134595000000004,52152.100000000006,,4094.2999999999993,56246.399999999994,54636.14,,4188.92,58825.06,40.10629211907801,,78.35366252850172,40.106292119078,2500.55,0.0,97.52,2500.55,81517.53,0.0,1579.58,81517.53,,,,,,,,,,,,,,0.0,0.0,136228.34999999998,5346.17,0.0,,0.0,,0.0,,,,,,,,136228.34999999998,5346.17
177,GUJARAT,JUNAGADH,,1191.65176741303,0.0,1046.6799009315246,1181.572134546403,509083.68539174146,0.0,38040.56400895857,547124.2494007,8142.0,555266.2494007,145869.34999999998,0.0,9299.59,155168.94,1064.58,,0.0,1064.58,150.60000000000002,0.0,0.0,150.60000000000002,11847.38,0.0,1155.42,13002.8,226.98000000000002,,22.05,249.03000000000003,1370.9180000000001,,82.53200000000001,1453.45,,,,,,,,,160529.83,0.0,10559.58,171089.41,,,,,,,,,,,,0.0,,,,0.0,,,,,,,,,,,,,,,,0.0,160529.83,0.0,10559.58,171089.41,8026.51,0.0,533.1700000000001,8559.68,152503.32,0.0,10026.41,162529.72999999998,3164.335482018051,,134.58129376512088,3298.916775783172,139.11970000000002,,0.0,139.11970000000002,66244.90000000001,,5371.700000000001,71616.6,69548.36,,5506.29,75054.65000000001,45.604489135056205,,54.91786192665171,45.60448913505623,3412.46,0.0,138.21,3412.46,82706.83,0.0,4878.52,82706.83,,,,,,,,,,,,,,0.0,0.0,152503.32,10026.41,0.0,,0.0,,0.0,,,,,,,,152503.32,10026.41
178,GUJARAT,KACHCHH,,561.0764367649773,0.0,559.8458016982928,560.3503823285158,840179.3932216847,0.0,1208956.387411015,2049135.7806327,0.0,2049135.7806327,63910.27,0.0,99623.51000000001,163533.78,22.79,,2891.9300000000003,2914.7200000000003,6271.549999999999,0.0,0.0,6271.549999999999,7140.48,0.0,9243.32,16383.8,490.82,,110.72000000000001,601.54,22162.04,,527.342,22689.381999999998,,,,,,,,,99997.97000000002,0.0,112396.82000000002,212394.79000000004,,,,,,,,,,,,0.0,,,,0.0,,,,,,,,,,,,,,,,0.0,99997.97000000002,0.0,112396.82000000002,212394.79000000004,8947.99,0.0,10826.359999999999,19774.36,91049.98,0.0,101570.45999999999,192620.44,1082.626072310583,,2436.7911539317215,3519.4172262423044,554.3724,,0.0,554.3724,47921.5,,61055.0,108976.50000000001,49558.48,,63491.799999999996,113050.27999999998,54.429973515644924,,62.510103823493566,54.4299735156449,1193.74,0.0,2686.89,1193.74,42668.65,0.0,43849.979999999996,42668.65,,,,,,,,,,,,,,0.0,0.0,91049.98,101570.45999999999,0.0,,0.0,,0.0,,,,,,,,91049.98,101570.45999999999
179,GUJARAT,KHEDA,,872.2679907135799,0.0,794.5189952490185,859.3040285066547,286444.62416776834,0.0,57319.67856403167,343764.3027318,0.0,343764.3027318,46026.64,0.0,9400.96,55427.6,18921.830000000005,,0.0,18921.830000000005,14272.210000000001,0.0,0.0,14272.210000000001,5399.630000000002,0.0,1789.7700000000002,7189.400000000001,686.6899999999999,,12.41,699.0999999999999,1814.8839999999998,,9.6,1824.484,,,,,,,,,87121.88999999998,0.0,11212.74,98334.62999999999,,,,,,,,,,,,0.0,,,,0.0,,,,,,,,,,,,,,,,0.0,87121.88999999998,0.0,11212.74,98334.62999999999,7750.51,0.0,1121.28,8871.79,79371.38,0.0,10091.460000000001,89462.84000000001,2888.15985169827,,344.6425085775658,3232.802360275836,655.6231849999999,,0.0,655.6231849999999,27105.000000000004,,6695.5,33800.5,30648.780000000002,,7040.129999999999,37688.91,38.614397280228715,,69.76324535795612,38.61439728022872,2972.2499999999995,0.0,354.67999999999995,2972.2499999999995,48638.5,0.0,3041.29,48638.5,,,,,,,,,,,,,,0.0,0.0,79371.38000000002,10091.46,0.0,,0.0,,0.0,,,,,,,,79371.38000000002,10091.46
180,GUJARAT,MAHESANA,,760.57159030549,0.0,759.5224473620445,760.2099148771478,288807.09175789414,0.0,151940.89301780832,440747.9847763,2428.0,443175.9847763,51321.74999999999,0.0,24111.12,75432.87000000001,6875.46,,174738.08,181613.53999999998,5605.38,0.0,0.0,5605.38,14544.57,0.0,5113.92,19658.49,431.41999999999996,,45.86000000000001,477.2799999999999,3329.5879999999993,,681.24,4010.8279999999995,,,,,,,,,82108.16,0.0,204690.21999999997,286798.38,,,,,,,,,,,,0.0,,,,0.0,,,,,,,,,,,,,,,,0.0,82108.16,0.0,204690.21999999997,286798.38,8210.830000000002,0.0,20469.02,28679.850000000002,73897.33,0.0,184221.2,258118.53000000003,1450.221965036102,,476.8271512306607,1927.0491162667627,805.3152659999998,,0.0,805.3152659999998,78787.4,,25489.5,104276.9,81042.94,,25966.329999999998,107009.26999999999,109.66964570979762,,14.095190998647276,109.6696457097976,1484.4399999999998,0.0,488.07,1484.4399999999998,4875.91,0.0,162162.28,4875.91,,,,,,,,,,,,,,0.0,0.0,73897.33,184221.2,0.0,,0.0,,0.0,,,,,,,,73897.33,184221.2
181,GUJARAT,MAHISAGAR,,751.5878413953664,0.0,0.0,751.5878413953664,245901.05541709997,0.0,0.0,245901.05541709997,4096.0,249997.05541709997,17689.09,0.0,0.0,17689.09,4970.2300000000005,,0.0,4970.2300000000005,4364.75,0.0,0.0,4364.75,3893.89,0.0,0.0,3893.89,423.83000000000004,,0.0,423.83000000000004,2662.772,,0.0,2662.772,,,,,,,,,34004.549999999996,0.0,0.0,34004.549999999996,,,,,,,,,,,,0.0,,,,0.0,,,,,,,,,,,,,,,,0.0,34004.549999999996,0.0,0.0,34004.549999999996,3400.45,0.0,0.0,3400.45,30604.1,0.0,0.0,30604.1,905.570891462,,,905.570891462,21.466900000000003,,,21.466900000000003,14097.800000000003,,,14097.800000000003,15024.829999999998,,,15024.829999999998,49.094173656470865,,,49.094173656470865,941.6,0.0,0.0,941.6,15543.24,0.0,0.0,15543.24,,,,,,,,,,,,,,0.0,0.0,30604.1,0.0,0.0,,0.0,,0.0,,,,,,,,30604.1,0.0
182,GUJARAT,MORBI,,653.023686019774,0.0,563.9055579578458,626.0317954051432,348052.0734933345,0.0,151217.64783996547,499269.7213333,0.0,499269.7213333,40445.58,0.0,12742.56,53188.14,131.32,,65.65,196.96999999999997,19025.3,0.0,0.0,19025.3,8416.73,0.0,1751.8400000000001,10168.57,334.32,,62.49999999999999,396.82,2495.832,,151.624,2647.4559999999997,,,,,,,,,70849.1,0.0,14774.190000000002,85623.29,,,,,,,,,,,,0.0,,,,0.0,,,,,,,,,,,,,,,,0.0,70849.1,0.0,14774.190000000002,85623.29,4615.11,0.0,849.5799999999999,5464.69,66233.98999999999,0.0,13924.61,80158.6,1465.4459470656059,,177.15846366355743,1642.6044107291632,212.912792,,0.0,212.912792,32060.100000000002,,6040.800000000001,38100.9,33738.45,,6217.959999999999,39956.41,50.93827202619079,,44.65446429020273,50.93827202619079,1538.01,0.0,185.49,1538.01,32422.98,0.0,10022.560000000001,32422.98,,,,,,,,,,,,,,0.0,0.0,66233.98999999999,13924.61,0.0,,0.0,,0.0,,,,,,,,66233.98999999999,13924.61
183,GUJARAT,NARMADA,,1122.704494102334,0.0,0.0,1122.704494102334,250995.3840286,0.0,0.0,250995.3840286,29237.0,280232.3840286,28186.56,0.0,0.0,28186.56,1889.27,,0.0,1889.27,1966.0100000000002,0.0,0.0,1966.0100000000002,5214.379999999999,0.0,0.0,5214.379999999999,64.69999999999999,,0.0,64.69999999999999,4358.96,,0.0,4358.96,,,,,,,,,41679.88,0.0,0.0,41679.88,,,,,,,,,,,,0.0,,,,0.0,,,,,,,,,,,,,,,,0.0,41679.88,0.0,0.0,41679.88,2986.7400000000002,0.0,0.0,2986.7400000000002,38693.14,0.0,0.0,38693.14,545.9010641720691,,,545.9010641720691,38.334999999999994,,,38.334999999999994,23847.800000000003,,,23847.800000000003,24432.04,,,24432.04,63.1430791091134,,,63.1430791091134,564.93,0.0,0.0,564.93,14242.070000000002,0.0,0.0,14242.070000000002,,,,,,,,,,,,,,0.0,0.0,38693.14,0.0,0.0,,0.0,,0.0,,,,,,,,38693.14,0.0
184,GUJARAT,NAVSARI,,1894.6411272609266,0.0,0.0,1894.6411272609266,216782.1528127,0.0,0.0,216782.1528127,5828.0,222610.1528127,59194.36,0.0,0.0,59194.36,2792.0299999999997,,0.0,2792.0299999999997,12162.25,0.0,0.0,12162.25,5329.539999999999,0.0,0.0,5329.539999999999,177.95999999999998,,39.03,216.98999999999998,695.604,,68.824,764.4279999999999,,,,,,,,,80351.73999999999,0.0,107.85,80459.59,,,,,,,,,,,,0.0,,,,0.0,,,,,,,,,,,,,,,,0.0,80351.73999999999,0.0,107.85,80459.59,5391.900000000001,0.0,10.79,5402.69,74959.84,0.0,97.06,75056.90000000001,2691.8607987367313,,,2691.8607987367313,157.634744,,,157.634744,19285.8,,,19285.8,22135.309999999998,,,22135.309999999998,29.52955876106459,,,29.529558761064585,2739.64,0.0,0.0,2739.64,52776.76,0.0,97.06,52776.76,,,,,,,,,,,,,,0.0,0.0,74959.84,97.06,0.0,,0.0,,0.0,,,,,,,,74959.84,97.06
185,GUJARAT,PANCHMAHAL,,912.0972931895716,0.0,0.0,912.0972931895716,325474.4081905,0.0,0.0,325474.4081905,3567.0,329041.4081905,20567.940000000006,0.0,0.0,20567.940000000006,13082.64,,0.0,13082.64,5446.820000000001,0.0,0.0,5446.820000000001,3109.92,0.0,0.0,3109.92,225.28,,0.0,225.28,15307.399999999998,,0.0,15307.399999999998,,,,,,,,,57739.98999999999,0.0,0.0,57739.98999999999,,,,,,,,,,,,0.0,,,,0.0,,,,,,,,,,,,,,,,0.0,57739.98999999999,0.0,0.0,57739.98999999999,3862.0699999999997,0.0,0.0,3862.0699999999997,53877.92,0.0,0.0,53877.92,1541.3577570347186,,,1541.3577570347186,287.52246,,,287.52246,11054.1,,,11054.1,12882.98,,,12882.98,23.911427909614922,,,23.911427909614922,1610.2700000000002,0.0,0.0,1610.2700000000002,40926.03,0.0,0.0,40926.03,,,,,,,,,,,,,,0.0,0.0,53877.92,0.0,0.0,,0.0,,0.0,,,,,,,,53877.92,0.0
186,GUJARAT,PATAN,,812.7893343659163,0.0,579.4073846632314,627.470085857073,117107.99367722118,0.0,451542.77316027886,568650.7668375,0.0,568650.7668375,23741.890000000003,0.0,55448.62000000001,79190.51000000001,7080.27,,7808.67,14888.939999999999,526.74,0.0,0.0,526.74,3340.51,0.0,3430.17,6770.679999999999,44.92,,188.95000000000002,233.87,4522.400000000001,,5704.352000000001,10226.752,,,,,,,,,39256.73,0.0,72580.77,111837.5,,,,,,,,,,,,0.0,,,,0.0,,,,,,,,,,,,,,,,0.0,39256.73,0.0,72580.77,111837.5,3221.6499999999996,0.0,5887.29,9108.939999999999,36035.079999999994,0.0,66693.48,102728.56,927.5415835742813,,537.2862727896712,1464.8278563639526,40.027210000000004,,0.0,40.027210000000004,39429.100000000006,,26463.074999999997,65892.175,40396.66,,27000.37,67397.03,112.10370561130989,,40.48427222571082,112.10370561130986,956.37,0.0,553.98,956.37,465.26,0.0,48867.91,465.26,,,,,,,,,,,,,,0.0,0.0,36035.079999999994,66693.48000000001,0.0,,0.0,,0.0,,,,,,,,36035.079999999994,66693.48000000001
187,GUJARAT,PORBANDAR,,854.1054830377232,0.0,829.1235397473026,843.628727150456,133858.1144973844,0.0,96682.56949331559,230540.6839907,0.0,230540.6839907,19392.04,0.0,13074.4,32466.44,74.66,,0.0,74.66,0.0,0.0,0.0,0.0,2572.89,0.0,2029.08,4601.969999999999,48.29,,16.9,65.19,650.204,,119.548,769.752,,,,,,,,,22738.079999999998,0.0,15239.919999999998,37978.0,,,,,,,,,,,,0.0,,,,0.0,,,,,,,,,,,,,,,,0.0,22738.079999999998,0.0,15239.919999999998,37978.0,1531.86,0.0,1192.59,2724.45,21206.22,0.0,14047.330000000002,35253.55,522.8751859142212,,364.1131590035357,886.988344917757,147.81136999999998,,0.0,147.81136999999998,11366.800000000001,,8119.7,19486.5,12037.49,,8483.82,20521.31,56.763958876216506,,60.39453760963826,56.76395887621651,533.3299999999999,0.0,371.39,533.3299999999999,9158.279999999999,0.0,5556.24,9158.279999999999,,,,,,,,,,,,,,0.0,0.0,21206.22,14047.33,0.0,,0.0,,0.0,,,,,,,,21206.22,14047.33
188,GUJARAT,RAJKOT,,813.229033260049,0.0,558.09,809.3926023437416,764586.5087459704,0.0,11672.315738029456,776258.8244839999,0.0,776258.8244839999,135167.25999999998,0.0,0.0,135167.25999999998,708.0700000000002,,0.0,708.0700000000002,2218.7,0.0,0.0,2218.7,23473.47,0.0,0.0,23473.47,435.39000000000004,,0.0,435.39000000000004,10422.696,,0.0,10422.696,,,,,,,,,172425.6,0.0,0.0,172425.6,,,,,,,,,,,,0.0,,,,0.0,,,,,,,,,,,,,,,,0.0,172425.6,0.0,0.0,172425.6,8621.26,0.0,0.0,8621.26,163804.34,0.0,0.0,163804.34,2555.8729967329477,,0.0,2555.8729967329477,194.62484599999996,,0.0,194.62484599999996,104804.2,,1631.9,106436.09999999999,107554.69,,1631.9,109186.59,65.66046418550326,,0.0,65.66046418550326,2687.8199999999997,0.0,0.0,2687.8199999999997,56117.70999999999,0.0,0.0,56117.70999999999,,,,,,,,,,,,,,0.0,0.0,163804.34,0.0,0.0,,0.0,,0.0,,,,,,,,163804.34,0.0
189,GUJARAT,RANA AND KUTCH,,0.0,0.0,0.0,0.0,0.0,,,,,,,,,,,,,,,,,,,,,,,,,,,,,,,,,,,,,,,,,,,,,,,,,0.0,,,,0.0,,,,,,,,,,,,,,,,0.0,,,,0.0,,,,,,,,,,,,0.0,,,,,,,,,,,,,,,,,,,,,0.0,0.0,0.0,0.0,,,,,,,,,,,,,,,,,,,,,,,,,,,,,,0.0,0.0,,,,
190,GUJARAT,SABARKANTHA,,919.2909244799047,0.0,0.0,919.2909244799047,407378.4033349,0.0,0.0,407378.4033349,17542.0,424920.4033349,57339.46,0.0,0.0,57339.46,5248.400000000001,,0.0,5248.400000000001,4574.96,0.0,0.0,4574.96,8792.32,0.0,0.0,8792.32,385.78,,0.0,385.78,8279.064,,0.0,8279.064,,,,,,,,,84619.95999999999,0.0,0.0,84619.95999999999,,,,,,,,,,,,0.0,,,,0.0,,,,,,,,,,,,,,,,0.0,84619.95999999999,0.0,0.0,84619.95999999999,8462.0,0.0,0.0,8462.0,76157.95999999999,0.0,0.0,76157.95999999999,2055.74800988359,,,2055.74800988359,323.23173499999996,,,323.23173499999996,52489.479999999996,,,52489.479999999996,54868.46,,,54868.46,72.04560101137163,,,72.04560101137163,2345.1499999999996,0.0,0.0,2345.1499999999996,22813.47,0.0,0.0,22813.47,,,,,,,,,,,,,,0.0,0.0,76157.95999999999,0.0,0.0,,0.0,,0.0,,,,,,,,76157.95999999999,0.0
191,GUJARAT,SURAT,,1579.3955917259693,0.0,1278.636530015379,1551.1879835455604,381733.0653565435,0.0,39507.31723355656,421240.38259010005,342.0,421582.38259010005,97851.33000000002,0.0,9489.73,107341.06,10035.36,,0.0,10035.36,28712.0,0.0,0.0,28712.0,9245.21,0.0,607.98,9853.19,359.21999999999997,,84.17,443.38999999999993,595.7639999999999,,2.76,598.5239999999999,,,,,,,,,146798.86000000002,0.0,10184.640000000001,156983.5,,,,,,,,,,,,0.0,,,,0.0,,,,,,,,,,,,,,,,0.0,146798.86000000002,0.0,10184.640000000001,156983.5,12329.93,0.0,722.8,13052.729999999998,134468.93000000002,0.0,9461.84,143930.77000000002,19059.922030623,,171.50721346174637,19231.42924408475,6082.08844,,0.0,6082.08844,31880.100000000002,,2096.5000000000005,33976.6,57022.1,,2268.01,59290.11,42.40540919006345,,23.97007347408115,42.40540919006345,22068.21,0.0,198.45,22068.21,80223.3,0.0,7166.88,80223.3,,,,,,,,,,,,,,0.0,0.0,134468.93000000002,9461.84,0.0,,0.0,,0.0,,,,,,,,134468.93000000002,9461.84
192,GUJARAT,SURENDRANAGAR,,612.2503187773877,0.0,601.9395104838145,606.8768025894974,444181.2525799377,0.0,483425.9549578622,927607.2075378,0.0,927607.2075378,61888.49,0.0,43955.78,105844.27,224.86999999999998,,107060.43000000001,107285.3,7886.83,0.0,0.0,7886.83,6307.52,0.0,4558.84,10866.350000000002,85.07000000000001,,51.050000000000004,136.11999999999998,4407.352,,549.716,4957.067999999999,,,,,,,,,80800.14,0.0,156175.82,236975.95999999996,,,,,,,,,,,,0.0,,,,0.0,,,,,,,,,,,,,,,,0.0,80800.14,0.0,156175.82,236975.95999999996,4741.79,0.0,14262.929999999998,19004.72,76058.35,0.0,141912.88999999998,217971.24,1275.7224297076546,,1547.4993647095926,2823.221794417246,353.60116,,0.0,353.60116,35705.9,,22086.9,57792.8,37335.2,,23634.379999999994,60969.58,49.08757552589557,,16.65414607510283,49.08757552589559,1324.4799999999998,0.0,1606.6599999999999,1324.4799999999998,38674.380000000005,0.0,119546.76,38674.380000000005,,,,,,,,,,,,,,0.0,0.0,76058.35,141912.88999999998,0.0,,0.0,,0.0,,,,,,,,76058.35,141912.88999999998
193,GUJARAT,TAPI,,1484.2740874851677,0.0,0.0,1484.2740874851677,308550.35837279994,0.0,0.0,308550.35837279994,10022.0,318572.35837279994,56384.47000000001,0.0,0.0,56384.47000000001,3073.2799999999997,,0.0,3073.2799999999997,11567.470000000001,0.0,0.0,11567.470000000001,6372.25,0.0,0.0,6372.25,165.51,,0.0,165.51,950.6319999999998,,0.0,950.6319999999998,,,,,,,,,78513.59999999999,0.0,0.0,78513.59999999999,,,,,,,,,,,,0.0,,,,0.0,,,,,,,,,,,,,,,,0.0,78513.59999999999,0.0,0.0,78513.59999999999,7698.36,0.0,0.0,7698.36,70815.23999999999,0.0,0.0,70815.23999999999,504.7393008592086,,,504.7393008592086,67.52595600000001,,,67.52595600000001,22555.8,,,22555.8,23128.059999999998,,,23128.059999999998,32.65972126903757,,,32.65972126903757,864.0799999999999,0.0,0.0,864.0799999999999,47327.840000000004,0.0,0.0,47327.840000000004,,,,,,,,,,,,,,0.0,0.0,70815.23999999999,0.0,0.0,,0.0,,0.0,,,,,,,,70815.23999999999,0.0
194,GUJARAT,VADODARA,,897.5771420857637,0.0,0.0,897.5771420857637,406398.8860795999,0.0,0.0,406398.8860795999,0.0,406398.8860795999,64529.38,0.0,0.0,64529.38,5850.129999999999,,20771.74,26621.879999999997,13758.64,0.0,0.0,13758.64,16763.190000000002,0.0,0.0,16763.190000000002,828.7200000000001,,0.0,828.7200000000001,7573.9039999999995,,0.0,7573.9039999999995,,,,,,,,,109303.96,0.0,20771.74,130075.7,,,,,,,,,,,,0.0,,,,0.0,,,,,,,,,,,,,,,,0.0,109303.96,0.0,20771.74,130075.7,6671.289999999999,0.0,2077.17,8748.460000000001,102632.67,0.0,18694.57,121327.23999999999,6601.440139243167,,,6601.440139243167,2630.936181,,,2630.936181,59413.7,,,59413.7,68646.06,,,68646.06,66.88519357432678,,,66.88519357432679,6819.849999999999,0.0,0.0,6819.849999999999,35103.28,0.0,18694.57,35103.28,,,,,,,,,,,,,,0.0,0.0,102632.67,18694.57,0.0,,0.0,,0.0,,,,,,,,102632.67,18694.57
195,GUJARAT,VALSAD,,2487.498485634224,0.0,0.0,2487.498485634224,238387.728139,0.0,0.0,238387.728139,62509.0,300896.728139,56360.68,0.0,0.0,56360.68,594.5,,0.0,594.5,12526.14,0.0,0.0,12526.14,4228.83,0.0,0.0,4228.83,182.74,,11.17,193.91000000000003,3008.7799999999997,,0.0,3008.7799999999997,,,,,,,,,76901.69,0.0,11.17,76912.86000000002,,,,,,,,,,,,0.0,,,,0.0,,,,,,,,,,,,,,,,0.0,76901.69,0.0,11.17,76912.86000000002,7690.16,0.0,1.12,7691.280000000001,69211.53,0.0,10.05,69221.58,4370.275950418159,,,4370.275950418159,368.18157900000006,,,368.18157900000006,15732.199999999999,,,15732.199999999999,20470.649999999998,,,20470.649999999998,29.57693609720808,,,29.57693609720808,4608.56,0.0,0.0,4608.56,48502.59,0.0,10.05,48502.59,,,,,,,,,,,,,,0.0,0.0,69211.53,10.05,0.0,,0.0,,0.0,,,,,,,,69211.53,10.05
196,HARYANA,AMBALA,,1065.56151208585,0.0,0.0,1065.56151208585,150904.89216542628,0.0,0.0,150904.89216542628,300.0,151204.89216542628,28502.88,0.0,0.0,28502.88,1396.9099999999999,,0.0,1396.9099999999999,2383.6439473381292,0.0,0.0,2383.65,11218.04,0.0,0.0,11218.04,235.58999999999997,,,235.58999999999997,25.675999999999995,,,25.675999999999995,,,,,,,,,43762.73,0.0,0.0,43762.73,,,,,,,,,,,,0.0,,,,0.0,0.0,0.0,0.0,0.0,0.0,0.0,0.0,0.0,0.0,0.0,0.0,0.0,0.0,0.0,0.0,0.0,43762.73,0.0,0.0,43762.73,4376.2699999999995,0.0,0.0,4376.2699999999995,39386.46000000001,0.0,0.0,39386.46000000001,6915.1,,,6915.1,7575.0,,,7575.0,35677.36,,,35677.36,50167.46,,,50167.46,127.37235080278855,,,127.37235080278855,6915.1,0.0,0.0,6915.1,1314.52,0.0,0.0,1314.52,,,,,,,1564.6125000000002,0.0,0.0,,,,,0.0,0.0,39386.46000000001,0.0,0.0,,0.0,,0.0,,,,,,,,39386.46000000001,0.0
197,HARYANA,BHIWANI,,426.2299999999999,0.0,0.0,346.86997112045,267495.394498802,0.0,61200.0,328695.394498802,1032.0,329727.394498802,18254.04,0.0,0.0,18254.04,4080.5,,0.0,4080.5,8578.993505498747,0.0,0.0,8578.98,13108.939999999999,0.0,0.0,13108.939999999999,190.91,,,190.91,0.0,,,0.0,,,,,,,,,44213.369999999995,0.0,0.0,44213.369999999995,,,,,,,,,,,,0.0,,,,0.0,0.0,0.0,0.0,0.0,0.0,0.0,0.0,0.0,0.0,0.0,0.0,0.0,0.0,0.0,0.0,0.0,44213.369999999995,0.0,0.0,44213.369999999995,4421.33,0.0,0.0,4421.33,39792.04,0.0,0.0,39792.04,767.6,,0.0,767.6,1993.2,,0.0,1993.2,38885.89,,13262.400000000001,52148.29,41646.69,,13262.4,54909.090000000004,104.66085679447448,,0.0,104.66085679447448,797.6800000000001,0.0,0.0,797.6800000000001,9102.869999999999,0.0,0.0,9102.869999999999,,,,,,,2540.735,0.0,0.0,,,,,0.0,0.0,39792.04,0.0,0.0,,0.0,,0.0,,,,,,,,39792.04,0.0
198,HARYANA,CHARKHI DADRI,,662.6296896828354,0.0,0.0,648.9819828123481,134335.6886869746,0.0,2825.0,137160.6886869746,189.0,137349.6886869746,15326.1,0.0,0.0,15326.1,179.35,,0.0,179.35,1732.977988727391,0.0,0.0,1732.98,7303.34,0.0,0.0,7303.34,267.93999999999994,,,267.93999999999994,0.0,,,0.0,,,,,,,,,24809.71,0.0,0.0,24809.71,,,,,,,,,,,,0.0,,,,0.0,0.0,0.0,0.0,0.0,0.0,0.0,0.0,0.0,0.0,0.0,0.0,0.0,0.0,0.0,0.0,0.0,24809.71,0.0,0.0,24809.71,2480.9799999999996,0.0,0.0,2480.9799999999996,22328.730000000003,0.0,0.0,22328.730000000003,1253.5,,0.0,1253.5,28.0,,0.0,28.0,23033.780000000002,,1868.1299999999999,24901.91,24315.28,,1868.13,26183.41,108.89683381007337,,0.0,108.89683381007337,1265.99,0.0,0.0,1265.99,7958.049999999999,0.0,0.0,7958.049999999999,,,,,,,9790.5,0.0,0.0,,,,,0.0,0.0,22328.73,0.0,0.0,,0.0,,0.0,,,,,,,,22328.73,0.0
199,HARYANA,FARIDABAD,,683.2010658368391,0.0,0.0,601.5438395675418,57725.4180947312,0.0,7836.0,65561.4180947312,8717.0,74278.4180947312,6807.5599999999995,0.0,0.0,6807.5599999999995,757.6800000000001,,,757.6800000000001,1870.8458676675828,0.0,0.0,1870.84,4550.59,0.0,0.0,4550.59,73.83,,,73.83,295.176,,,295.176,,,,,,,,,14355.66,0.0,0.0,14355.66,,,,,,,,,,,,0.0,,,,0.0,0.0,0.0,0.0,0.0,0.0,0.0,0.0,0.0,0.0,0.0,0.0,0.0,0.0,0.0,0.0,0.0,14355.66,0.0,0.0,14355.66,1261.1000000000001,0.0,0.0,1261.1000000000001,13094.560000000001,0.0,0.0,13094.560000000001,4434.3684,,0.0,4434.3684,5104.0,,0.0,5104.0,14148.074999999999,,994.25,15142.324999999999,23686.45,,994.25,24680.699999999997,180.88771214916727,,0.0,180.88771214916727,4455.120000000001,0.0,0.0,4455.120000000001,260.26,0.0,0.0,260.26,,,,,,,0.0,0.0,0.0,,,,,0.0,0.0,13094.560000000001,0.0,0.0,,0.0,,0.0,,,,,,,,13094.560000000001,0.0
200,HARYANA,FATEHABAD,,292.17262287671184,0.0,0.0,291.4066474629885,251850.3820935636,0.0,662.0,252512.3820935636,0.0,252512.3820935636,14633.48,0.0,0.0,14633.48,7480.07,,,7480.07,8987.010255208865,0.0,0.0,8987.01,33261.46,0.0,0.0,33261.46,333.53999999999996,,,333.53999999999996,88.71999999999998,,,88.71999999999998,,,,,,,,,64784.270000000004,0.0,0.0,64784.270000000004,,,,,,,,,,,,0.0,,,,0.0,0.0,0.0,0.0,0.0,0.0,0.0,0.0,0.0,0.0,0.0,0.0,0.0,0.0,0.0,0.0,0.0,64784.270000000004,0.0,0.0,64784.270000000004,6478.429999999999,0.0,0.0,6478.429999999999,58305.84,0.0,0.0,58305.84,1651.04,,0.0,1651.04,98.19999999999999,,0.0,98.19999999999999,101448.092,,0.0,101448.092,103197.33000000002,,0.0,103197.33000000002,176.99312796110993,,0.0,176.99312796110993,1713.29,0.0,0.0,1713.29,514.74,0.0,0.0,514.74,,,,,,,4700.43,0.0,0.0,,,,,0.0,0.0,58305.84,0.0,0.0,,0.0,,0.0,,,,,,,,58305.84,0.0
201,HARYANA,GURGAON,,564.7243768788898,0.0,0.0,559.4903868972614,121112.69042921941,0.0,1133.0,122245.69042921941,3789.0,126034.69042921941,13012.300000000001,0.0,0.0,13012.300000000001,227.87,,0.0,227.87,0.0,0.0,0.0,0.0,6661.340000000001,0.0,0.0,6661.340000000001,197.59,,,197.59,2372.64,0.0,,2372.64,15.8619241725,0.0,0.0,15.8619241725,0.0,0.0,0.0,0.0,22487.6,0.0,0.0,22487.6,,,,,,,,,0.0,0.0,0.0,0.0,,,,0.0,0.0,0.0,0.0,0.0,0.0,0.0,0.0,0.0,0.0,0.0,0.0,0.0,0.0,0.0,0.0,0.0,22487.6,0.0,0.0,22487.6,2154.21,0.0,0.0,2154.21,20333.39,0.0,0.0,20333.39,5164.973,,0.0,5164.973,17117.170000000002,,0.0,17117.170000000002,20980.7,,0.0,20980.7,43262.850000000006,,0.0,43262.850000000006,212.7675217954311,,0.0,212.7675217954311,5164.97,0.0,0.0,5164.97,0.0,0.0,0.0,0.0,,,,,,,0.0,0.0,0.0,,,,,0.0,0.0,20333.39,0.0,0.0,,0.0,,0.0,,,,,,,,20333.39,0.0
202,HARYANA,HISAR,,366.4849020914901,0.0,0.0,365.8652918237892,406838.29692163103,0.0,689.0,407527.29692163103,0.0,407527.29692163103,25601.850000000002,0.0,0.0,25601.850000000002,4235.74,,0.0,4235.74,15181.71215880238,0.0,0.0,15181.710000000001,15708.810000000001,0.0,0.0,15708.810000000001,1129.2600000000002,,,1129.2600000000002,0.0,,,0.0,,,,,,,,,61857.36,0.0,0.0,61857.36,,,,,,,,,,,,0.0,,,,0.0,0.0,0.0,0.0,0.0,0.0,0.0,0.0,0.0,0.0,0.0,0.0,0.0,0.0,0.0,0.0,0.0,61857.36,0.0,0.0,61857.36,4963.75,0.0,0.0,4963.75,56893.61,0.0,0.0,56893.61,366.2,,0.0,366.2,230.22,,0.0,230.22,49830.75,,1325.87,51156.619999999995,50427.17,,1325.8700000000001,51753.03999999999,88.63415416951042,,0.0,88.63415416951041,366.2,0.0,0.0,366.2,14471.95,0.0,0.0,14471.95,,,,,,,0.0,0.0,0.0,,,,,0.0,0.0,56893.61,0.0,0.0,,0.0,,0.0,,,,,,,,56893.61,0.0
203,HARYANA,JHAJJAR,,534.6919486898547,0.0,0.0,424.6801304090451,153659.7872401574,0.0,39805.0,193464.78724015743,0.0,193464.78724015743,16467.03,0.0,0.0,16467.03,4029.18,,0.0,4029.18,19235.468844928888,0.0,0.0,19235.48,6992.56,0.0,0.0,6992.56,846.3299999999999,,,846.3299999999999,489.325,0.0,0.0,489.325,,,,,,,,,48059.92,0.0,0.0,48059.92,,,,,,,,,,,,0.0,,,,0.0,0.0,0.0,0.0,0.0,0.0,0.0,0.0,0.0,0.0,0.0,0.0,0.0,0.0,0.0,0.0,0.0,48059.92,0.0,0.0,48059.92,3630.13,0.0,0.0,3630.13,44429.78999999999,0.0,0.0,44429.78999999999,408.15,,0.0,408.15,115.0,,0.0,115.0,22140.199999999997,,2334.96,24475.159999999996,22663.350000000002,,2334.96,24998.31,51.00935656009179,,0.0,51.00935656009179,408.15,0.0,0.0,408.15,21766.44,0.0,0.0,21766.44,,,,,,,79143.26999999999,0.0,0.0,,,,,0.0,0.0,44429.78999999999,0.0,0.0,,0.0,,0.0,,,,,,,,44429.78999999999,0.0
204,HARYANA,JIND,,543.6857917821612,0.0,0.0,529.7246293009725,268027.4501800258,0.0,7064.0,275091.4501800258,0.0,275091.4501800258,26892.879999999997,0.0,0.0,26892.879999999997,8507.44,,0.0,8507.44,22216.31595427431,0.0,0.0,22216.33,27021.949999999993,0.0,0.0,27021.949999999993,854.24,,,854.24,643.7960000000002,,,643.7960000000002,,,,,,,,,86136.65000000001,0.0,0.0,86136.65000000001,,,,,,,,,,,,0.0,,,,0.0,0.0,0.0,0.0,0.0,0.0,0.0,0.0,0.0,0.0,0.0,0.0,0.0,0.0,0.0,0.0,0.0,86136.65000000001,0.0,0.0,86136.65000000001,7866.01,0.0,0.0,7866.01,78270.64,0.0,0.0,78270.64,1954.54,,0.0,1954.54,612.26,,0.0,612.26,86124.825,,7290.78,93415.605,88691.62999999999,,7290.78,95982.40999999999,113.314047259611,,0.0,113.314047259611,2722.83,0.0,0.0,2722.83,6595.39,0.0,0.0,6595.39,,,,,,,28734.665105699998,0.0,0.0,,,,,0.0,0.0,78270.64,0.0,0.0,,0.0,,0.0,,,,,,,,78270.64,0.0
205,HARYANA,KAITHAL,,493.4044820655019,0.0,0.0,483.5500243526243,222872.1533544723,0.0,4542.0,227414.1533544723,0.0,227414.1533544723,19354.05,0.0,0.0,19354.05,164.53,,0.0,164.53,2622.8111629180075,0.0,0.0,2622.82,24340.74,0.0,0.0,24340.74,520.25,,,520.25,0.0,,,0.0,,,,,,,,,47002.39,0.0,0.0,47002.39,,,,,,,,,,,,0.0,,,,0.0,0.0,0.0,0.0,0.0,0.0,0.0,0.0,0.0,0.0,0.0,0.0,0.0,0.0,0.0,0.0,0.0,47002.39,0.0,0.0,47002.39,4700.24,0.0,0.0,4700.24,42302.15,0.0,0.0,42302.15,2702.33,,0.0,2702.33,633.75,,0.0,633.75,77138.99,,0.0,77138.99,80475.06999999999,,0.0,80475.06999999999,190.23872309090672,,0.0,190.23872309090672,3073.65,0.0,0.0,3073.65,0.0,0.0,0.0,0.0,,,,,,,0.0,0.0,0.0,,,,,0.0,0.0,42302.15,0.0,54579.41,,2902918.26,,2957497.6799999997,,,,,,,,42302.15,0.0
206,HARYANA,KARNAL,,654.8896528319781,0.0,0.0,654.396600261112,246865.69919867272,0.0,186.0,247051.69919867272,0.0,247051.69919867272,32918.76,0.0,0.0,32918.76,20569.730000000003,,0.0,20569.730000000003,1333.9357247665405,0.0,0.0,1333.93,62301.43000000001,0.0,0.0,62301.43000000001,484.36000000000007,,,484.36000000000007,0.0,0.0,0.0,0.0,,,,,,,,,117608.2,0.0,0.0,117608.2,,,,,,,,,,,,0.0,,,,0.0,0.0,0.0,0.0,0.0,0.0,0.0,0.0,0.0,0.0,0.0,0.0,0.0,0.0,0.0,0.0,0.0,117608.2,0.0,0.0,117608.2,11760.83,0.0,0.0,11760.83,105847.36999999998,0.0,0.0,105847.36999999998,8100.379999999999,,0.0,8100.379999999999,3603.45,,0.0,3603.45,172316.9585,,0.0,172316.9585,184020.79,,0.0,184020.79,173.85485345549924,,0.0,173.85485345549924,8100.379999999999,0.0,0.0,8100.379999999999,0.0,0.0,0.0,0.0,,,,,,,0.0,0.0,0.0,,,,,0.0,0.0,105847.37,0.0,95686.98,,3660026.9699999997,,3755713.99,,,,,,,,105847.37,0.0
207,HARYANA,KURUKSHETRA,,624.2399999999999,0.0,0.0,624.2399999999999,168420.28138039692,0.0,0.0,168420.28138039692,0.0,168420.28138039692,18880.13,0.0,0.0,18880.13,67.6,,0.0,67.6,306.40489309212614,0.0,0.0,306.40999999999997,21340.58,0.0,0.0,21340.58,395.43,,,395.43,0.0,,,0.0,,,,,,,,,40990.15,0.0,0.0,40990.15,,,,,,,,,,,,0.0,,,,0.0,0.0,0.0,0.0,0.0,0.0,0.0,0.0,0.0,0.0,0.0,0.0,0.0,0.0,0.0,0.0,0.0,40990.15,0.0,0.0,40990.15,3901.59,0.0,0.0,3901.59,37088.56,0.0,0.0,37088.56,4125.0,,,4125.0,12575.879999999997,,,12575.879999999997,68017.905,,,68017.905,84718.78,,,84718.78,228.42294227654025,,,228.42294227654025,4125.0,0.0,0.0,4125.0,0.0,0.0,0.0,0.0,,,,,,,0.0,0.0,0.0,,,,,0.0,0.0,37088.56,0.0,0.0,,0.0,,0.0,,,,,,,,37088.56,0.0
208,HARYANA,MAHENDRAGARH,,338.64685533912075,0.0,0.0,332.91527126166005,188541.7636574411,0.0,3246.0,191787.7636574411,2295.0,194082.7636574411,10568.45,0.0,0.0,10568.45,541.54,,0.0,541.54,3830.1136859999992,0.0,0.0,3830.09,7036.42,0.0,0.0,7036.42,224.02000000000004,,,224.02000000000004,200.4,0.0,,200.4,,,,,,,,,22400.92,0.0,0.0,22400.92,,,,,,,,,,,,0.0,,,,0.0,0.0,0.0,0.0,0.0,0.0,0.0,0.0,0.0,0.0,0.0,0.0,0.0,0.0,0.0,0.0,0.0,22400.92,0.0,0.0,22400.92,2240.11,0.0,0.0,2240.11,20160.809999999998,0.0,0.0,20160.809999999998,3221.08,,0.0,3221.08,31.08,,0.0,31.08,26081.160000000003,,0.0,26081.160000000003,29333.32,,0.0,29333.32,145.49673351417925,,0.0,145.49673351417925,3221.08,0.0,0.0,3221.08,249.8,0.0,0.0,249.8,,,,,,,0.0,0.0,0.0,,,,,0.0,0.0,20160.809999999998,0.0,0.0,,0.0,,0.0,,,,,,,,20160.809999999998,0.0
209,HARYANA,MEWAT,,537.9379164138426,0.0,0.0,434.97601244936635,110702.22083456958,0.0,26204.0,136906.22083456957,13326.0,150232.22083456957,9155.3,0.0,0.0,9155.3,1690.1699999999998,,0.0,1690.1699999999998,1245.080671034803,0.0,0.0,1245.07,3325.07,0.0,0.0,3325.07,1500.19,,,1500.19,1467.468,0.0,,1467.468,,,,,,,,,18383.27,0.0,0.0,18383.27,,,,,,,,,,,,0.0,,,,0.0,0.0,0.0,0.0,0.0,0.0,0.0,0.0,0.0,0.0,0.0,0.0,0.0,0.0,0.0,0.0,0.0,18383.27,0.0,0.0,18383.27,1838.33,0.0,0.0,1838.33,16544.940000000002,0.0,0.0,16544.940000000002,2062.87,,0.0,2062.87,19.91,,0.0,19.91,10488.3786964,,3712.18,14200.5586964,12571.159999999998,,3712.1800000000003,16283.339999999998,75.98190141517586,,0.0,75.98190141517586,2062.87,0.0,0.0,2062.87,4649.46,0.0,0.0,4649.46,,,,,,,9531.85,0.0,0.0,,,,,0.0,0.0,16544.940000000002,0.0,0.0,,0.0,,0.0,,,,,,,,16544.940000000002,0.0
210,HARYANA,PALWAL,,499.74629213654384,0.0,0.0,441.5911527600985,120020.1707942799,0.0,15806.0,135826.1707942799,129.0,135955.1707942799,10903.73,0.0,0.0,10903.73,13146.349999999999,,0.0,13146.349999999999,7904.068208086322,0.0,0.0,7904.070000000001,10685.16,0.0,0.0,10685.16,494.61000000000007,,,494.61000000000007,121.716,,,121.716,,,,,,,,,43255.62999999999,0.0,0.0,43255.62999999999,,,,,,,,,,,,0.0,,,,0.0,0.0,0.0,0.0,0.0,0.0,0.0,0.0,0.0,0.0,0.0,0.0,0.0,0.0,0.0,0.0,0.0,43255.62999999999,0.0,0.0,43255.62999999999,4015.0,0.0,0.0,4015.0,39240.630000000005,0.0,0.0,39240.630000000005,2263.33,,0.0,2263.33,732.5,,0.0,732.5,34078.33,,0.0,34078.33,37074.159999999996,,0.0,37074.159999999996,94.47901320646481,,0.0,94.47901320646481,2263.33,0.0,0.0,2263.33,7223.11,0.0,0.0,7223.11,,,,,,,5885.049999999999,0.0,0.0,,,,,0.0,0.0,39240.630000000005,0.0,0.0,,2200560.0,,2200560.0,,,,,,,,39240.630000000005,0.0
211,HARYANA,PANCHKULA,,1379.0,0.0,0.0,1379.0,50671.513058537996,0.0,0.0,50671.513058537996,37615.240000000005,88286.75305853799,12231.14,0.0,0.0,12231.14,0.0,,0.0,0.0,0.0,0.0,0.0,0.0,2264.8,0.0,0.0,2264.8,73.79,,,73.79,0.0,,,0.0,,,,,,,,,14569.73,0.0,0.0,14569.73,,,,,,,,,,,,0.0,,,,0.0,0.0,0.0,0.0,0.0,0.0,0.0,0.0,0.0,0.0,0.0,0.0,0.0,0.0,0.0,0.0,0.0,14569.73,0.0,0.0,14569.73,1136.24,0.0,0.0,1136.24,13433.490000000002,0.0,0.0,13433.490000000002,1143.1799999999998,,,1143.1799999999998,90.0,,,90.0,7133.210000000001,,,7133.210000000001,8366.39,,,8366.39,62.28009251505006,,,62.28009251505006,1143.1799999999998,0.0,0.0,1143.1799999999998,5067.1,0.0,0.0,5067.1,,,,,,,0.0,0.0,0.0,,,,,0.0,0.0,13433.49,0.0,0.0,,0.0,,0.0,,,,,,,,13433.49,0.0
212,HARYANA,PANIPAT,,484.29119005660766,0.0,0.0,481.92685695430424,129637.18214,0.0,636.0,130273.18214,0.0,130273.18214,12902.72,0.0,0.0,12902.72,1887.7000000000003,,,1887.7000000000003,1692.0249886180145,0.0,0.0,1692.03,34558.5,0.0,0.0,34558.5,290.99,,,290.99,73.76,,,73.76,,,,,,,,,51405.7,0.0,0.0,51405.7,,,,,,,,,,,,0.0,,,,0.0,0.0,0.0,0.0,0.0,0.0,0.0,0.0,0.0,0.0,0.0,0.0,0.0,0.0,0.0,0.0,0.0,51405.7,0.0,0.0,51405.7,5140.56,0.0,0.0,5140.56,46265.14000000001,0.0,0.0,46265.14000000001,2443.4800000000005,,0.0,2443.4800000000005,2768.0,,0.0,2768.0,97545.7375,,1605.12,99150.85750000001,102757.22,,1605.12,104362.34,222.10506657928622,,0.0,222.10506657928622,2443.48,0.0,0.0,2443.48,0.0,0.0,0.0,0.0,,,,,,,0.0,0.0,0.0,,,,,0.0,0.0,46265.14,0.0,0.0,,0.0,,0.0,,,,,,,,46265.14,0.0
213,HARYANA,REWARI,,550.0000000000001,0.0,0.0,541.9099833499162,144017.8079473088,0.0,2150.0,146167.8079473088,4720.0,150887.8079473088,13582.79,0.0,0.0,13582.79,413.06000000000006,,0.0,413.06000000000006,5326.391035291237,0.0,0.0,5326.379999999999,9179.88,0.0,0.0,9179.88,283.53,,,283.53,180.6,0.0,,180.6,,,,,,,,,28966.250000000004,0.0,0.0,28966.250000000004,,,,,,,,,,,,0.0,,,,0.0,0.0,0.0,0.0,0.0,0.0,0.0,0.0,0.0,0.0,0.0,0.0,0.0,0.0,0.0,0.0,0.0,28966.250000000004,0.0,0.0,28966.250000000004,2564.61,0.0,0.0,2564.61,26401.64,0.0,0.0,26401.64,1995.45,,0.0,1995.45,1452.0,,0.0,1452.0,31590.680000000004,,110.4,31701.08,35038.13,,110.4,35148.53,132.71194516704264,,0.0,132.71194516704264,1995.45,0.0,0.0,1995.45,233.96,0.0,0.0,233.96,,,,,,,0.0,0.0,0.0,,,,,0.0,0.0,26401.64,0.0,0.0,,0.0,,0.0,,,,,,,,26401.64,0.0
214,HARYANA,ROHTAK,,490.7829235517313,0.0,0.0,442.2124797715655,150389.1085271402,0.0,16518.0,166907.10852714023,0.0,166907.10852714023,14639.510000000002,0.0,0.0,14639.510000000002,2967.35,,0.0,2967.35,10257.756683791436,0.0,0.0,10257.75,5008.8099999999995,0.0,0.0,5008.8099999999995,516.28,,,516.28,2184.0,,,2184.0,,,,,,,,,35573.700000000004,0.0,0.0,35573.700000000004,,,,,,,,,,,,0.0,,,,0.0,0.0,0.0,0.0,0.0,0.0,0.0,0.0,0.0,0.0,0.0,0.0,0.0,0.0,0.0,0.0,0.0,35573.700000000004,0.0,0.0,35573.700000000004,3557.37,0.0,0.0,3557.37,32016.33,0.0,0.0,32016.33,523.22,,0.0,523.22,166.06,,0.0,166.06,15684.24,,6900.139999999999,22584.379999999997,16373.519999999999,,6900.14,23273.659999999996,51.14115203085424,,0.0,51.14115203085424,523.22,0.0,0.0,523.22,15642.810000000001,0.0,0.0,15642.810000000001,,,,,,,87115.26000000001,0.0,0.0,,,,,0.0,0.0,32016.33,0.0,0.0,,0.0,,0.0,,,,,,,,32016.33,0.0
215,HARYANA,SIRSA,,343.99,0.0,0.0,283.6553849385974,352099.7477581738,0.0,74893.0,426992.7477581738,0.0,426992.7477581738,21080.21,0.0,0.0,21080.21,2476.69,,0.0,2476.69,10862.08445224186,0.0,0.0,10862.08,26842.809999999998,0.0,0.0,26842.809999999998,529.55,,,529.55,9.799999999999999,,,9.799999999999999,,,,,,,,,61801.14,0.0,0.0,61801.14,,,,,,,,,,,,0.0,,,,0.0,0.0,0.0,0.0,0.0,0.0,0.0,0.0,0.0,0.0,0.0,0.0,0.0,0.0,0.0,0.0,0.0,61801.14,0.0,0.0,61801.14,5226.56,0.0,0.0,5226.56,56574.58,0.0,0.0,56574.58,1476.33,,0.0,1476.33,266.07,,0.0,266.07,84597.76,,43102.32,127700.08000000002,86340.16,,43102.32,129442.48,152.6129933266849,,0.0,152.6129933266849,1476.3300000000002,0.0,0.0,1476.3300000000002,1774.06,0.0,0.0,1774.06,,,,,,,2361.4725,0.0,0.0,,,,,0.0,0.0,56574.58,0.0,0.0,,0.0,,0.0,,,,,,,,56574.58,0.0
216,HARYANA,SONIPAT,,702.7787537730278,0.0,0.0,650.3901794285873,199641.3264966241,0.0,16081.0,215722.3264966241,0.0,215722.3264966241,26114.42,0.0,0.0,26114.42,7558.030000000001,,0.0,7558.030000000001,24173.96242099309,0.0,0.0,24173.96,20580.149999999998,0.0,0.0,20580.149999999998,680.72,,,680.72,39.120000000000005,,,39.120000000000005,,,,,,,,,79146.4,0.0,0.0,79146.4,,,,,,,,,,,,0.0,,,,0.0,0.0,0.0,0.0,0.0,0.0,0.0,0.0,0.0,0.0,0.0,0.0,0.0,0.0,0.0,0.0,0.0,79146.4,0.0,0.0,79146.4,6637.49,0.0,0.0,6637.49,72508.91,0.0,0.0,72508.91,8951.354,,0.0,8951.354,939.29,,0.0,939.29,65960.5375,,6190.0,72150.5375,75851.18,,6190.0,82041.18,104.60946109933246,,0.0,104.60946109933246,8951.35,0.0,0.0,8951.35,9806.63,0.0,0.0,9806.63,,,,,,,28821.149999999998,0.0,0.0,,,,,0.0,0.0,72508.91,0.0,0.0,,0.0,,0.0,,,,,,,,72508.91,0.0
217,HARYANA,YAMUNA NAGAR,,900.9999999999999,0.0,0.0,900.9999999999999,143277.2635817391,0.0,0.0,143277.2635817391,28500.0,171777.2635817391,25822.57,0.0,0.0,25822.57,11768.009999999998,,0.0,11768.009999999998,2150.061389496673,0.0,0.0,2150.0699999999997,20096.55,0.0,0.0,20096.55,196.17999999999998,,,196.17999999999998,0.0,0.0,,0.0,,,,,,,,,60033.38,0.0,0.0,60033.38,,,,,,,,,,,,0.0,,,,0.0,0.0,0.0,0.0,0.0,0.0,0.0,0.0,0.0,0.0,0.0,0.0,0.0,0.0,0.0,0.0,0.0,60033.38,0.0,0.0,60033.38,5395.43,0.0,0.0,5395.43,54637.950000000004,0.0,0.0,54637.950000000004,5072.96,,,5072.96,2340.0,,,2340.0,63967.78,,,63967.78,71380.73000000001,,,71380.73000000001,130.64313357291041,,,130.64313357291041,5072.96,0.0,0.0,5072.96,3547.79,0.0,0.0,3547.79,,,,,,,64.575,0.0,0.0,,,,,0.0,0.0,54637.950000000004,0.0,0.0,,0.0,,0.0,,,,,,,,54637.950000000004,0.0
218,HIMACHAL PRADESH,BLS,,0.0,1506.9,0.0,1506.9,0.0,10700.0,0.0,10700.0,28800.0,39500.0,0.0,2393.96,0.0,2393.96,,,,,229.1328,0.0,0.0,229.13,0.0,87.97,0.0,87.97,,,,,,,,,,,,,,,,,229.13,2481.9300000000003,0.0,2711.06,,,,,,,,,,,,0.0,,,,0.0,,,,,,,,,,,,,,,,0.0,229.13,2481.9300000000003,0.0,2711.06,22.910000000000004,248.2,0.0,271.11,206.22,2233.73,0.0,2439.95,,756.46,,756.46,,0.0,,0.0,,277.8,,277.8,,1034.26,,1034.26,,46.30192547890747,,42.38857353634296,0.0,756.46,0.0,756.46,206.22,1199.47,0.0,1405.69,,,,,,,0.0,0.0,0.0,,,,,0.0,0.0,2439.95,0.0,0.0,,0.0,,0.0,,,,,,,,2439.95,0.0
219,HIMACHAL PRADESH,KNG,,0.0,1110.7,0.0,1110.7,0.0,2900.0,0.0,2900.0,3678.64077669903,6578.640776699029,0.0,566.9,0.0,566.9,0.0,,0.0,0.0,0.0,80.07825,0.0,80.08,0.0,75.61,0.0,75.61,0.0,20.95,0.0,20.95,0.0,0.0,0.0,0.0,,,,,,,,,0.0,743.5400000000001,0.0,743.5400000000001,,,,,,,,,,,,0.0,,,,0.0,,,,,,,,,,,,,,,,0.0,0.0,743.5400000000001,0.0,743.5400000000001,0.0,74.36,0.0,74.36,0.0,669.1800000000001,0.0,669.1800000000001,,103.94,,103.94,,9.21,,9.21,,302.45000000000005,,302.45000000000005,,415.6,,415.6,,62.10586090439044,,62.10586090439044,0.0,103.94,0.0,103.94,0.0,253.58,0.0,253.58,,,,,,,0.0,0.0,0.0,,,,,0.0,0.0,669.18,0.0,0.0,,0.0,,0.0,,,,,,,,669.18,0.0
220,HIMACHAL PRADESH,LAS,,0.0,1618.3,0.0,1618.3,0.0,8200.0,0.0,8200.0,0.0,8200.0,0.0,1700.3600000000001,0.0,1700.3600000000001,0.0,,0.0,0.0,0.0,0.0,0.0,0.0,0.0,23.85,0.0,23.85,0.0,0.0,0.0,0.0,0.0,0.0,0.0,0.0,,,,,,,,,0.0,1724.21,0.0,1724.21,,,,,,,,,,,,0.0,,,,0.0,,,,,,,,,,,,,,,,0.0,0.0,1724.21,0.0,1724.21,0.0,86.21000000000001,0.0,86.21000000000001,0.0,1638.0,0.0,1638.0,,205.7379,,205.7379,,323.3243,,323.3243,,95.37980000000002,,95.37980000000002,,624.44,,624.44,,38.12210012210013,,38.12210012210013,0.0,205.74,0.0,205.74,0.0,1013.56,0.0,1013.56,,,,,,,0.0,0.0,0.0,,,,,0.0,0.0,1638.0,0.0,0.0,,0.0,,0.0,,,,,,,,1638.0,0.0
221,JAMMU AND KASHMIR,Anantnag,,1235.1,1235.0999999999997,0.0,1235.1,27940.18,32546.320000000003,0.0,60486.50000000001,31902.370000000006,92388.87,6073.56,7074.84,0.0,13148.4,,,,,345.0,451.7799999999999,0.0,796.7799999999999,0.0,0.0,0.0,0.0,,,,,,,,,,,,,,,,,6418.56,7526.62,0.0,13945.180000000002,,,,,,,,,,,,0.0,,,,0.0,,,,,,,,,,,,,,,,0.0,6418.56,7526.62,0.0,13945.180000000002,641.8600000000001,752.6500000000001,0.0,1394.5099999999998,5776.7,6773.97,0.0,12550.67,652.24,1307.636,,1959.8760000000004,0.0,37.80000000000001,,37.80000000000001,168.32,200.93200000000002,,369.25200000000007,820.5800000000002,1546.3799999999997,,2366.96,14.204995931933459,22.82826761854569,,18.859232216288056,652.24,1307.6399999999999,0.0,1959.88,4956.12,5227.589999999999,0.0,10183.71,,,,,,,,,,,,,,0.0,0.0,12550.67,0.0,0.0,,0.0,,0.0,,,,,,,,12550.67,0.0
222,JAMMU AND KASHMIR,Bandipora,,0.0,1069.1,0.0,1069.1,0.0,33937.020000000004,0.0,33937.020000000004,17445.82,51382.84,0.0,6385.66,0.0,6385.66,,,,,0.0,102.54999999999998,0.0,102.54999999999998,0.0,0.0,0.0,0.0,,,,,,,,,,,,,,,,,0.0,6488.21,0.0,6488.21,,,,,,,,,,,,0.0,,,,0.0,,,,,,,,,,,,,,,,0.0,0.0,6488.21,0.0,6488.21,0.0,648.83,0.0,648.83,0.0,5839.38,0.0,5839.38,,660.861,,660.861,,1.08,,1.08,,11.2036,,11.2036,,673.1400000000001,,673.1400000000001,,11.527593682890993,,11.527593682890993,0.0,660.8499999999999,0.0,660.8499999999999,0.0,5166.25,0.0,5166.25,,,,,,,,,,,,,,0.0,0.0,5839.379999999999,0.0,0.0,,0.0,,0.0,,,,,,,,5839.379999999999,0.0
223,JAMMU AND KASHMIR,Baramulla,,0.0,1534.9999999999993,0.0,1534.9999999999993,0.0,57627.19000000002,0.0,57627.19000000002,64042.939999999995,121670.12999999999,0.0,15508.849999999999,0.0,15508.849999999999,,,,,0.0,1648.7999999999995,0.0,1648.7999999999995,0.0,0.0,0.0,0.0,,,,,,,,,,,,,,,,,0.0,17157.65,0.0,17157.65,,,,,,,,,,,,0.0,,,,0.0,,,,,,,,,,,,,,,,0.0,0.0,17157.65,0.0,17157.65,0.0,1715.8000000000002,0.0,1715.8000000000002,0.0,15441.85,0.0,15441.85,,1846.3229999999999,,1846.3229999999999,,5.400000000000001,,5.400000000000001,,364.11699999999996,,364.11699999999996,,2215.84,,2215.84,,14.349575989923489,,14.349575989923489,0.0,1846.31,0.0,1846.31,0.0,13226.019999999999,0.0,13226.019999999999,,,,,,,,,,,,,,0.0,0.0,15441.849999999999,0.0,0.0,,0.0,,0.0,,,,,,,,15441.849999999999,0.0
224,JAMMU AND KASHMIR,Barmulla,,0.0,0.0,0.0,0.0,0.0,0.0,0.0,0.0,0.0,0.0,0.0,0.0,0.0,0.0,,,,,0.0,0.0,0.0,0.0,0.0,0.0,0.0,0.0,,,,,,,,,,,,,,,,,0.0,0.0,0.0,0.0,,,,,,,,,,,,0.0,,,,0.0,,,,,,,,,,,,,,,,0.0,0.0,0.0,0.0,0.0,0.0,0.0,0.0,0.0,0.0,0.0,0.0,0.0,,,,0.0,,,,0.0,,,,0.0,,,,,,,,,0.0,0.0,0.0,0.0,0.0,0.0,0.0,0.0,,,,,,,,,,,,,,0.0,0.0,0.0,0.0,0.0,,0.0,,0.0,,,,,,,,0.0,0.0
225,JAMMU AND KASHMIR,Budgam,,0.0,721.8000000000002,0.0,721.8000000000002,0.0,29168.483999999997,0.0,29168.483999999997,31614.36600000001,60782.850000000006,0.0,3689.03,0.0,3689.03,,,,,0.0,1587.7400000000002,0.0,1587.7400000000002,0.0,0.0,0.0,0.0,,,,,,,,,,,,,,,,,0.0,5276.7699999999995,0.0,5276.7699999999995,,,,,,,,,,,,0.0,,,,0.0,,,,,,,,,,,,,,,,0.0,0.0,5276.7699999999995,0.0,5276.7699999999995,0.0,511.69000000000005,0.0,511.69000000000005,0.0,4765.08,0.0,4765.08,,1212.714,,1212.714,,5.400000000000001,,5.400000000000001,,106.43419999999998,,106.43419999999998,,1324.54,,1324.54,,27.796805090365744,,27.796805090365744,0.0,1212.7199999999998,0.0,1212.7199999999998,0.0,3440.54,0.0,3440.54,,,,,,,,,,,,,,0.0,0.0,4765.08,0.0,0.0,,0.0,,0.0,,,,,,,,4765.08,0.0
226,JAMMU AND KASHMIR,Doda,,0.0,1262.8,0.0,1262.8,0.0,974.99,0.0,974.99,109013.25,109988.23999999999,0.0,216.69,0.0,216.69,,,,,0.0,822.22,0.0,822.22,0.0,0.0,0.0,0.0,,,,,,,,,,,,,,,,,0.0,1038.91,0.0,1038.91,,,,,,,,,,,,0.0,,,,0.0,,,,,,,,,,,,,,,,0.0,0.0,1038.91,0.0,1038.91,0.0,103.89,0.0,103.89,0.0,935.02,0.0,935.02,,170.325,,170.325,,5.400000000000001,,5.400000000000001,,16.8054,,16.8054,,192.51999999999998,,192.51999999999998,,20.589933905157107,,20.589933905157107,0.0,170.32,0.0,170.32,0.0,742.51,0.0,742.51,,,,,,,,,,,,,,0.0,0.0,935.02,0.0,0.0,,0.0,,0.0,,,,,,,,935.02,0.0
227,JAMMU AND KASHMIR,Ganderbal,,0.0,721.8000000000001,0.0,721.8000000000001,0.0,4098.89,0.0,4098.89,11071.689999999999,15170.58,0.0,520.7099999999999,0.0,520.7099999999999,,,,,0.0,272.15999999999997,0.0,272.15999999999997,0.0,0.0,0.0,0.0,0.0,146.88,,146.88,,,,,,,,,,,,,0.0,939.75,0.0,939.75,,,,,,,,,,,,0.0,,,,0.0,,,,,,,,,,,,,,,,0.0,0.0,939.75,0.0,939.75,0.0,93.98,0.0,93.98,0.0,845.77,0.0,845.77,,245.268,,245.268,,10.426,,10.426,,190.4612,,190.4612,,446.15000000000003,,446.15000000000003,,52.75074783924708,,52.75074783924708,0.0,245.26999999999998,0.0,245.26999999999998,0.0,399.62,0.0,399.62,,,,,,,,,,,,,,0.0,0.0,845.77,0.0,0.0,,0.0,,0.0,,,,,,,,845.77,0.0
228,JAMMU AND KASHMIR,Jammu,,1338.9000000000003,1338.9000000000003,0.0,1338.9,59123.399999999994,110299.46,0.0,169422.86,80626.34,250049.19999999998,12665.57,27396.309999999998,0.0,40061.88,2791.5200000000004,,,2791.5200000000004,3856.3799999999997,0.0,0.0,3856.3799999999997,0.0,0.0,0.0,0.0,0.0,25.78,,25.78,,,,,,,,,,,,,19313.47,27422.09,0.0,46735.560000000005,,,,,,,,,,,,0.0,,,,0.0,,,,,,,,,,,,,,,,0.0,19313.47,27422.09,0.0,46735.560000000005,1931.35,2742.23,0.0,4673.58,17382.12,24679.859999999997,0.0,42061.98,4101.4259999999995,3631.3289999999997,,7732.754999999999,0.0,719.394,,719.394,3176.2206,2011.0462,,5187.266799999999,7277.66,6361.77,,13639.44,41.8686558371476,25.77717215575778,,32.42700414959068,4101.43,3631.3100000000004,0.0,7732.740000000001,10104.46,18318.09,0.0,28422.55,,,,,,,,,,,,,,0.0,0.0,42061.979999999996,0.0,0.0,,0.0,,0.0,,,,,,,,42061.979999999996,0.0
229,JAMMU AND KASHMIR,Kathua,,1338.9,1338.9000000000003,0.0,1338.8999999999999,21110.07,61799.299999999996,0.0,82909.37000000001,164903.15000000002,247812.52000000002,4623.22,15818.259999999998,0.0,20441.48,109.67,,,109.67,2862.3599999999997,1197.8999999999999,0.0,4060.26,0.0,0.0,0.0,0.0,,,,,,,,,,,,,,,,,7595.25,17016.16,0.0,24611.41,,,,,,,,,,,,0.0,,,,0.0,,,,,,,,,,,,,,,,0.0,7595.25,17016.16,0.0,24611.41,600.1700000000001,1604.5800000000002,0.0,2204.75,6995.08,15411.580000000002,0.0,22406.66,1750.9409999999998,1962.1439999999998,,3713.0849999999996,0.0,641.1990000000001,,641.1990000000001,1786.9742,1204.3870000000002,,2991.3611999999994,3537.91,3807.7399999999993,,7345.65,50.577119918571334,24.70700603053028,,32.78333316969151,1750.9399999999998,1962.1399999999999,0.0,3713.08,3457.17,11603.85,0.0,15061.02,,,,,,,,,,,,,,0.0,0.0,22406.66,0.0,0.0,,0.0,,0.0,,,,,,,,22406.66,0.0
230,JAMMU AND KASHMIR,Kishtwar,,0.0,1262.8,0.0,1262.8,0.0,3374.3,0.0,3374.3,255453.98999999996,258828.28999999998,0.0,749.94,0.0,749.94,,,,,0.0,567.5,0.0,567.5,0.0,0.0,0.0,0.0,,,,,,,,,,,,,,,,,0.0,1317.44,0.0,1317.44,,,,,,,,,,,,0.0,,,,0.0,,,,,,,,,,,,,,,,0.0,0.0,1317.44,0.0,1317.44,0.0,131.75,0.0,131.75,0.0,1185.69,0.0,1185.69,,150.5,,150.5,,4.32,,4.32,,31.5,,31.5,,186.34,,186.34,,15.715743575470823,,15.715743575470823,0.0,150.5,0.0,150.5,0.0,999.35,0.0,999.35,,,,,,,,,,,,,,0.0,0.0,1185.69,0.0,0.0,,0.0,,0.0,,,,,,,,1185.69,0.0
231,JAMMU AND KASHMIR,Kulgam,,0.0,1235.1,0.0,1235.1,0.0,24824.4,0.0,24824.4,17516.43,42340.83,0.0,5396.27,0.0,5396.27,,,,,0.0,1415.54,0.0,1415.54,0.0,0.0,0.0,0.0,,,,,,,,,,,,,,,,,0.0,6811.8099999999995,0.0,6811.8099999999995,,,,,,,,,,,,0.0,,,,0.0,,,,,,,,,,,,,,,,0.0,0.0,6811.8099999999995,0.0,6811.8099999999995,0.0,681.1800000000001,0.0,681.1800000000001,0.0,6130.629999999999,0.0,6130.629999999999,,1067.7800000000002,,1067.7800000000002,,29.160000000000004,,29.160000000000004,,157.8,,157.8,,1254.75,,1254.75,,20.4669014440604,,20.4669014440604,0.0,1067.78,0.0,1067.78,0.0,4875.88,0.0,4875.88,,,,,,,,,,,,,,0.0,0.0,6130.63,0.0,0.0,,0.0,,0.0,,,,,,,,6130.63,0.0
232,JAMMU AND KASHMIR,Kupwara,,0.0,0.0,0.0,0.0,0.0,0.0,0.0,0.0,0.0,0.0,0.0,0.0,0.0,0.0,,,,,0.0,0.0,0.0,0.0,0.0,0.0,0.0,0.0,,,,,,,,,,,,,,,,,0.0,0.0,0.0,0.0,,,,,,,,,,,,0.0,,,,0.0,,,,,,,,,,,,,,,,0.0,0.0,0.0,0.0,0.0,0.0,0.0,0.0,0.0,0.0,0.0,0.0,0.0,,,,0.0,,,,0.0,,,,0.0,,,,,,,,,0.0,0.0,0.0,0.0,0.0,0.0,0.0,0.0,,,,,,,,,,,,,,0.0,0.0,0.0,0.0,0.0,,0.0,,0.0,,,,,,,,0.0,0.0
233,JAMMU AND KASHMIR,Kupwarar,,0.0,1069.1000000000001,0.0,1069.1000000000001,0.0,19704.769999999997,0.0,19704.769999999997,62642.530000000006,82347.29999999999,0.0,3707.69,0.0,3707.69,,,,,0.0,2541.1499999999996,0.0,2541.1499999999996,0.0,0.0,0.0,0.0,,,,,,,,,,,,,,,,,0.0,6248.84,0.0,6248.84,,,,,,,,,,,,0.0,,,,0.0,,,,,,,,,,,,,,,,0.0,0.0,6248.84,0.0,6248.84,0.0,624.88,0.0,624.88,0.0,5623.96,0.0,5623.96,,1171.836,,1171.836,,10.8,,10.8,,16.8054,,16.8054,,1199.43,,1199.43,,21.327143151800513,,21.327143151800513,0.0,1171.82,0.0,1171.82,0.0,4424.53,0.0,4424.53,,,,,,,,,,,,,,0.0,0.0,5623.96,0.0,0.0,,0.0,,0.0,,,,,,,,5623.96,0.0
234,JAMMU AND KASHMIR,Mirpur,,0.0,0.0,0.0,0.0,0.0,0.0,0.0,0.0,0.0,0.0,0.0,0.0,0.0,0.0,,,,,0.0,0.0,0.0,0.0,0.0,0.0,0.0,0.0,,,,,,,,,,,,,,,,,0.0,0.0,0.0,0.0,,,,,,,,,,,,0.0,,,,0.0,,,,,,,,,,,,,,,,0.0,0.0,0.0,0.0,0.0,0.0,0.0,0.0,0.0,0.0,0.0,0.0,0.0,,,,0.0,,,,0.0,,,,0.0,,,,,,,,,0.0,0.0,0.0,0.0,0.0,0.0,0.0,0.0,,,,,,,,,,,,,,0.0,0.0,0.0,0.0,0.0,,0.0,,0.0,,,,,,,,0.0,0.0
235,JAMMU AND KASHMIR,Muzaffarabad,,0.0,0.0,0.0,0.0,0.0,0.0,0.0,0.0,0.0,0.0,0.0,0.0,0.0,0.0,,,,,0.0,0.0,0.0,0.0,0.0,0.0,0.0,0.0,,,,,,,,,,,,,,,,,0.0,0.0,0.0,0.0,,,,,,,,,,,,0.0,,,,0.0,,,,,,,,,,,,,,,,0.0,0.0,0.0,0.0,0.0,0.0,0.0,0.0,0.0,0.0,0.0,0.0,0.0,,,,0.0,,,,0.0,,,,0.0,,,,,,,,,0.0,0.0,0.0,0.0,0.0,0.0,0.0,0.0,,,,,,,,,,,,,,0.0,0.0,0.0,0.0,0.0,,0.0,,0.0,,,,,,,,0.0,0.0
236,JAMMU AND KASHMIR,Poonch,,0.0,1350.1000000000001,0.0,1350.1000000000001,0.0,8117.56,0.0,8117.56,159115.13999999998,167232.7,0.0,1928.86,0.0,1928.86,,,,,0.0,3226.3599999999997,0.0,3226.3599999999997,0.0,0.0,0.0,0.0,,,,,,,,,,,,,,,,,0.0,5155.22,0.0,5155.22,,,,,,,,,,,,0.0,,,,0.0,,,,,,,,,,,,,,,,0.0,0.0,5155.22,0.0,5155.22,0.0,515.53,0.0,515.53,0.0,4639.6900000000005,0.0,4639.6900000000005,,444.5,,444.5,,5.400000000000001,,5.400000000000001,,332.5,,332.5,,782.4,,782.4,,16.863195601430267,,16.863195601430267,0.0,444.5,0.0,444.5,0.0,3857.29,0.0,3857.29,,,,,,,,,,,,,,0.0,0.0,4639.6900000000005,0.0,0.0,,0.0,,0.0,,,,,,,,4639.6900000000005,0.0
237,JAMMU AND KASHMIR,Pulwama,,0.0,721.8000000000002,0.0,721.8000000000002,0.0,38779.45,0.0,38779.45,12085.089999999998,50864.54,0.0,4888.0,0.0,4888.0,,,,,0.0,1840.1,0.0,1840.1,0.0,0.0,0.0,0.0,,,,,,,,,,,,,,,,,0.0,6728.1,0.0,6728.1,,,,,,,,,,,,0.0,,,,0.0,,,,,,,,,,,,,,,,0.0,0.0,6728.1,0.0,6728.1,0.0,672.82,0.0,672.82,0.0,6055.28,0.0,6055.28,,1492.047,,1492.047,,15.120000000000003,,15.120000000000003,,481.7548,,481.7548,,1988.8999999999999,,1988.8999999999999,,32.8457148141787,,32.8457148141787,0.0,1492.04,0.0,1492.04,0.0,4066.39,0.0,4066.39,,,,,,,,,,,,,,0.0,0.0,6055.279999999999,0.0,0.0,,0.0,,0.0,,,,,,,,6055.279999999999,0.0
238,JAMMU AND KASHMIR,Rajouri,,2198.7999999999997,2198.7999999999997,0.0,2198.7999999999997,4457.280000000001,61089.92,0.0,65547.2,216328.25999999998,281875.46,1706.84,23918.19,0.0,25625.03,,,,,796.53,2313.8999999999996,0.0,3110.43,0.0,0.0,0.0,0.0,,,,,,,,,,,,,,,,,2503.37,26232.090000000004,0.0,28735.460000000003,,,,,,,,,,,,0.0,,,,0.0,,,,,,,,,,,,,,,,0.0,2503.37,26232.090000000004,0.0,28735.460000000003,250.33999999999997,2459.8500000000004,0.0,2710.18,2253.0299999999997,23772.239999999998,0.0,26025.270000000004,343.0,885.5,,1228.5,0.0,5.400000000000001,,5.400000000000001,119.0,668.5,,787.5,462.0,1559.42,,2021.42,20.505718965126967,6.559836178668903,,7.767143241933703,343.0,885.5,0.0,1228.5,1791.0300000000002,22212.82,0.0,24003.85,,,,,,,,,,,,,,0.0,0.0,26025.269999999997,0.0,0.0,,0.0,,0.0,,,,,,,,26025.269999999997,0.0
239,JAMMU AND KASHMIR,Ramban,,0.0,1350.0999999999997,0.0,1350.0999999999997,0.0,1553.44,0.0,1553.44,63103.97999999999,64657.41999999999,0.0,369.12,0.0,369.12,,,,,0.0,338.40000000000003,0.0,338.40000000000003,0.0,0.0,0.0,0.0,,,,,,,,,,,,,,,,,0.0,707.52,0.0,707.52,,,,,,,,,,,,0.0,,,,0.0,,,,,,,,,,,,,,,,0.0,0.0,707.52,0.0,707.52,0.0,70.75,0.0,70.75,0.0,636.77,0.0,636.77,,147.0,,147.0,,5.400000000000001,,5.400000000000001,,59.5,,59.5,,211.91,,211.91,,33.27889190759615,,33.27889190759615,0.0,147.0,0.0,147.0,0.0,424.86,0.0,424.86,,,,,,,,,,,,,,0.0,0.0,636.77,0.0,0.0,,0.0,,0.0,,,,,,,,636.77,0.0
240,JAMMU AND KASHMIR,Reasi,,2198.8,2198.8,0.0,2198.8,1294.15,26080.340000000004,0.0,27374.489999999998,185950.78999999998,213325.27999999997,469.14,10092.800000000001,0.0,10561.94,,,,,153.62,13580.28,0.0,13733.900000000001,0.0,0.0,0.0,0.0,,,,,,,,,,,,,,,,,622.76,23673.08,0.0,24295.840000000004,,,,,,,,,,,,0.0,,,,0.0,,,,,,,,,,,,,,,,0.0,622.76,23673.08,0.0,24295.840000000004,62.28,2367.2999999999997,0.0,2429.58,560.48,21305.78,0.0,21866.259999999995,183.951,1819.071,,2003.022,0.0,36.491,,36.491,0.0,364.117,,364.117,183.95,2219.68,,2403.63,32.82008278618327,10.418205763881913,,10.992414797958135,183.95,1819.07,0.0,2003.0199999999998,376.53,19086.100000000002,0.0,19462.63,,,,,,,,,,,,,,0.0,0.0,21866.260000000002,0.0,0.0,,0.0,,0.0,,,,,,,,21866.260000000002,0.0
241,JAMMU AND KASHMIR,Samba,,1338.9,1338.8999999999999,0.0,1338.9000000000003,10202.44,68967.7725,0.0,79170.2125,25252.0775,104422.29000000001,2151.88,17281.64,0.0,19433.52,,,,,1903.23,585.09,0.0,2488.3200000000006,0.0,0.0,0.0,0.0,,,,,,,,,,,,,,,,,4055.1099999999997,17866.730000000003,0.0,21921.840000000004,,,,,,,,,,,,0.0,,,,0.0,,,,,,,,,,,,,,,,0.0,4055.1099999999997,17866.730000000003,0.0,21921.840000000004,350.4,1786.69,0.0,2137.09,3704.71,16080.04,0.0,19784.749999999996,613.17,1526.112,,2139.2819999999997,0.0,156.39,,156.39,319.3026,112.03599999999999,,431.33860000000004,932.47,1794.55,,2727.03,25.169851351387827,11.160109054455088,,13.783494863468079,613.16,1526.1100000000001,0.0,2139.27,2772.25,14285.5,0.0,17057.75,,,,,,,,,,,,,,0.0,0.0,19784.75,0.0,0.0,,0.0,,0.0,,,,,,,,19784.75,0.0
242,JAMMU AND KASHMIR,Shopian,,0.0,1235.1,0.0,1235.1,0.0,27983.059999999998,0.0,27983.059999999998,1674.85,29657.91,0.0,6082.91,0.0,6082.91,,,,,0.0,1301.7599999999998,0.0,1301.7599999999998,0.0,0.0,0.0,0.0,,,,,,,,,,,,,,,,,0.0,7384.67,0.0,7384.67,,,,,,,,,,,,0.0,,,,0.0,,,,,,,,,,,,,,,,0.0,0.0,7384.67,0.0,7384.67,0.0,738.4499999999999,0.0,738.4499999999999,0.0,6646.22,0.0,6646.22,,869.7600000000001,,869.7600000000001,,27.000000000000007,,27.000000000000007,,129.60000000000002,,129.60000000000002,,1026.3600000000001,,1026.3600000000001,,15.442762953979857,,15.442762953979857,0.0,869.7599999999999,0.0,869.7599999999999,0.0,5619.860000000001,0.0,5619.860000000001,,,,,,,,,,,,,,0.0,0.0,6646.22,0.0,0.0,,0.0,,0.0,,,,,,,,6646.22,0.0
243,JAMMU AND KASHMIR,Srinagar,,0.0,721.8000000000001,0.0,721.8000000000001,0.0,87500.0,0.0,87500.0,0.0,87500.0,0.0,11115.720000000001,0.0,11115.720000000001,,,,,0.0,157.63,0.0,157.63,0.0,14.3,0.0,14.3,0.0,919.8,0.0,919.8,,,,,,,,,,,,,0.0,12207.449999999999,0.0,12207.449999999999,,,,,,,,,,,,0.0,,,,0.0,,,,,,,,,,,,,,,,0.0,0.0,12207.449999999999,0.0,12207.449999999999,0.0,1220.74,0.0,1220.74,0.0,10986.71,0.0,10986.71,,6574.7,,6574.7,,328.41900000000004,,328.41900000000004,,44.8144,,44.8144,,6947.93,,6947.93,,63.23940469894992,,63.23940469894992,0.0,6574.7,0.0,6574.7,0.0,4038.78,0.0,4038.78,,,,,,,,,,,,,,124215.0,0.0,135201.71,0.0,0.0,,0.0,,0.0,,,,,,,,135201.71,0.0
244,JAMMU AND KASHMIR,Srinagar Hilly Area,,0.0,0.0,0.0,0.0,0.0,0.0,0.0,0.0,0.0,0.0,0.0,0.0,0.0,0.0,,,,,0.0,0.0,0.0,0.0,0.0,0.0,0.0,0.0,,,,,,,,,,,,,,,,,0.0,0.0,0.0,0.0,,,,,,,,,,,,0.0,,,,0.0,,,,,,,,,,,,,,,,0.0,0.0,0.0,0.0,0.0,0.0,0.0,0.0,0.0,0.0,0.0,0.0,0.0,,,,0.0,,,,0.0,,,,0.0,,,,,,,,,0.0,0.0,0.0,0.0,0.0,0.0,0.0,0.0,,,,,,,,,,,,,,0.0,0.0,0.0,0.0,0.0,,0.0,,0.0,,,,,,,,0.0,0.0
245,JAMMU AND KASHMIR,Udhampur,,2198.8,2198.8,0.0,2198.8,4827.62,29814.11,0.0,34641.73,215247.52,249889.25,2153.32,12492.92,0.0,14646.239999999998,,,,,797.65,2006.88,0.0,2804.5300000000007,0.0,0.0,0.0,0.0,0.0,34.13,0.0,34.13,,,,,,,,,,,,,2950.9700000000003,14533.93,0.0,17484.9,,,,,,,,,,,,0.0,,,,0.0,,,,,,,,,,,,,,,,0.0,2950.9700000000003,14533.93,0.0,17484.9,295.1,1287.75,0.0,1582.8500000000001,2655.87,13246.18,0.0,15902.05,306.585,1464.795,,1771.3799999999999,0.0,119.899,,119.899,0.0,464.94939999999997,,464.94939999999997,306.58,2049.6400000000003,,2356.2200000000003,11.543486691743194,15.473442154643832,,14.817083332023232,306.58,1464.7799999999997,0.0,1771.3600000000001,2349.3,11196.539999999999,0.0,13545.84,,,,,,,,,,,,,,0.0,0.0,15902.05,0.0,0.0,,0.0,,0.0,,,,,,,,15902.05,0.0
246,JHARKHAND,BOKARO,,0.0,1211.5,0.0,1208.8364292436834,577.0,261866.0,0.0,262443.0,23495.0,285938.0,0.0,18446.32,0.0,18446.32,0.0,,0.0,0.0,0.0,826.49,0.0,826.49,0.0,693.98,0.0,693.98,0.0,330.62,0.0,330.62,0.0,672.102,0.0,672.102,,,,,,,,,0.0,20969.510000000002,0.0,20969.510000000002,,,,,,,,,,,,0.0,,,,0.0,,,,,,,,,,,,,,,,0.0,0.0,20969.510000000002,0.0,20969.510000000002,0.0,1599.3499999999997,0.0,1599.3499999999997,0.0,19370.16,0.0,19370.16,0.0,4385.0975535,,4385.0975535,0.0,2057.9241,,2057.9241,0.0,2393.0,,2393.0,0.0,8836.03,,8836.03,0.0,45.6167114778608,,45.6167114778608,0.0,4406.129999999999,0.0,4406.129999999999,0.0,11106.570000000002,0.0,11106.570000000002,,,,,,,,,,,,,,121362.34999999999,0.0,140732.50999999998,0.0,0.0,,0.0,,0.0,,,,,,,,140732.50999999998,0.0
247,JHARKHAND,CHATRA,,0.0,1151.0,0.0,1148.250338099955,779.0,325308.0,0.0,326087.0,67102.0,393189.0,0.0,22138.749999999996,0.0,22138.749999999996,0.0,,0.0,0.0,0.2,1931.97,0.0,1932.1699999999998,0.0,1869.05,0.0,1869.05,0.0,61.93,0.0,61.93,0.0,224.0,0.0,224.0,,,,,,,,,0.2,26225.72,0.0,26225.92,,,,,,,,,,,,0.0,,,,0.0,,,,,,,,,,,,,,,,0.0,0.2,26225.72,0.0,26225.92,0.02,1753.0,0.0,1753.02,0.18,24472.719999999998,0.0,24472.899999999998,0.0,1931.2012395,,1931.2012395,0.0,1115.2247628750004,,1115.2247628750004,0.0,6228.5,,6228.5,0.0,9274.93,,9274.93,0.0,37.899056582186205,,37.898777831805795,0.0,1940.46,0.0,1940.46,0.18,15188.52,0.0,15188.7,,,,,,,,,,,,,,147565.33,0.0,172038.21999999997,0.0,0.0,,0.0,,0.0,,,,,,,,172038.21999999997,0.0
248,JHARKHAND,DEOGHAR,,0.0,1309.6000000000001,0.0,1309.0231381556177,84.0,190614.0,0.0,190698.0,64407.0,255105.0,0.0,14293.31,0.0,14293.31,0.0,,0.0,0.0,0.0,854.64,0.0,854.64,0.0,1663.9900000000002,0.0,1663.9900000000002,0.0,367.74,0.0,367.74,0.0,2.55,0.0,2.55,,,,,,,,,0.0,17182.23,0.0,17182.23,,,,,,,,,,,,0.0,,,,0.0,,,,,,,,,,,,,,,,0.0,0.0,17182.23,0.0,17182.23,0.0,1095.84,0.0,1095.84,0.0,16086.39,0.0,16086.39,0.0,2873.8922692499996,,2873.8922692499996,0.0,87.6626,,87.6626,0.0,5456.5,,5456.5,0.0,8418.039999999999,,8418.039999999999,0.0,52.3301996283815,,52.3301996283815,0.0,2887.67,0.0,2887.67,0.0,7654.5599999999995,0.0,7654.5599999999995,,,,,,,,,,,,,,87476.32999999997,0.0,103562.71999999999,0.0,0.0,,0.0,,0.0,,,,,,,,103562.71999999999,0.0
249,JHARKHAND,DHANBAD,,0.0,1393.6,0.0,1388.3265797554548,748.0,196925.0,0.0,197673.0,50178.0,247851.0,0.0,20511.190000000002,0.0,20511.190000000002,,,,,0.8999999999999999,456.18,0.0,457.08,0.0,843.59,0.0,843.59,0.0,585.1100000000001,0.0,585.1100000000001,0.0,5669.608,0.0,5669.608,,,,,,,,,0.8999999999999999,28065.65,0.0,28066.550000000003,,,,,,,,,,,,0.0,,,,0.0,,,,,,,,,,,,,,,,0.0,0.8999999999999999,28065.65,0.0,28066.550000000003,0.09,2210.34,0.0,2210.4300000000003,0.81,25855.309999999998,0.0,25856.12,0.0,5892.486981749998,,5892.486981749998,0.0,10083.33815,,10083.33815,0.0,2962.0,,2962.0,0.0,18937.83,,18937.83,0.0,73.24541844595946,,73.24312387164046,0.0,5920.740000000001,0.0,5920.740000000001,0.81,7034.5199999999995,0.0,7035.33,,,,,,,,,,,,,,89207.47,0.0,115063.58999999998,0.0,0.0,,0.0,,0.0,,,,,,,,115063.58999999998,0.0
250,JHARKHAND,DUMKA,,0.0,1475.5,0.0,1422.6505578123945,10078.0,271289.0,0.0,281367.0,90276.0,371643.0,0.0,23956.409999999996,0.0,23956.409999999996,0.0,,0.0,0.0,97.01,2585.7400000000002,0.0,2682.7499999999995,0.0,1125.1599999999999,0.0,1125.1599999999999,0.0,663.6500000000001,0.0,663.6500000000001,0.0,0.014,0.0,0.014,,,,,,,,,97.01,28330.980000000003,0.0,28427.989999999998,,,,,,,,,,,,0.0,,,,0.0,,,,,,,,,,,,,,,,0.0,97.01,28330.980000000003,0.0,28427.989999999998,9.7,2233.7000000000003,0.0,2243.4,87.30999999999999,26097.28,0.0,26184.589999999997,0.0,2453.8892512499997,,2453.8892512499997,0.0,23.615625,,23.615625,0.0,3749.75,,3749.75,0.0,6227.25,,6227.25,0.0,23.86168213698899,,23.78211765011406,0.0,2465.65,0.0,2465.65,87.31,19858.25,0.0,19945.56,,,,,,,,,,,,,,131604.94999999998,0.0,157789.53999999998,0.0,0.0,,0.0,,0.0,,,,,,,,157789.53999999998,0.0
251,JHARKHAND,EAST SINGHBHUM,,0.0,1441.2,0.0,1438.3634555545375,494.0,250499.0,0.0,250993.0,112342.0,363335.0,0.0,25280.070000000003,0.0,25280.070000000003,0.0,,0.0,0.0,0.0,460.39,0.0,460.39,0.0,545.35,0.0,545.35,0.0,242.66000000000005,0.0,242.66000000000005,0.0,1571.308,0.0,1571.308,,,,,,,,,0.0,28099.77,0.0,28099.77,,,,,,,,,,,,0.0,,,,0.0,,,,,,,,,,,,,,,,0.0,0.0,28099.77,0.0,28099.77,0.0,2227.3599999999997,0.0,2227.3599999999997,0.0,25872.41,0.0,25872.41,0.0,4996.449850499999,,4996.449850499999,0.0,758.044075,,758.044075,0.0,1860.0,,1860.0,0.0,7614.490000000001,,7614.490000000001,0.0,29.43092661255755,,29.43092661255755,0.0,5020.410000000001,0.0,5020.410000000001,0.0,18978.12,0.0,18978.12,,,,,,,,,,,,,,137534.95,0.0,163407.36000000002,0.0,0.0,,0.0,,0.0,,,,,,,,163407.36000000002,0.0
252,JHARKHAND,GARHWA,,0.0,1113.8999999999999,0.0,1088.730182791975,6590.0,285053.0,0.0,291643.0,112832.0,404475.0,0.0,25246.97,0.0,25246.97,0.0,,0.0,0.0,5.21,1537.5100000000002,0.0,1542.7200000000003,0.0,2228.42,0.0,2228.42,0.0,970.25,0.0,970.25,0.0,1.2,0.0,1.2,,,,,,,,,5.21,29984.34,0.0,29989.550000000003,,,,,,,,,,,,0.0,,,,0.0,,,,,,,,,,,,,,,,0.0,5.21,29984.34,0.0,29989.550000000003,0.52,2617.34,0.0,2617.86,4.6899999999999995,27367.000000000004,0.0,27371.690000000002,0.0,2328.6441914999996,,2328.6441914999996,0.0,60.52900000000001,,60.52900000000001,0.0,7531.875,,7531.875,0.0,9921.05,,9921.05,0.0,36.25187269338984,,36.24566111920747,0.0,2339.790000000001,0.0,2339.790000000001,4.69,17434.82,0.0,17439.51,,,,,,,,,,,,,,130687.94000000002,0.0,158059.63,0.0,0.0,,0.0,,0.0,,,,,,,,158059.63,0.0
253,JHARKHAND,GIRIDIH,,0.0,1242.1000000000001,0.0,1241.5919593981992,180.0,439899.0,0.0,440079.0,68411.0,508490.0,0.0,37672.22,0.0,37672.22,0.0,,0.0,0.0,12.809999999999999,2607.94,0.0,2620.7500000000005,0.0,2255.72,0.0,2255.72,0.0,583.1599999999999,0.0,583.1599999999999,0.0,96.474,0.0,96.474,,,,,,,,,12.809999999999999,43215.54,0.0,43228.34999999999,,,,,,,,,,,,0.0,,,,0.0,,,,,,,,,,,,,,,,0.0,12.809999999999999,43215.54,0.0,43228.34999999999,1.2999999999999998,3196.0599999999995,0.0,3197.36,11.510000000000002,40019.479999999996,0.0,40030.990000000005,0.0,4568.297732999999,,4568.297732999999,0.0,1561.7608499999997,,1561.7608499999997,0.0,9022.875,,9022.875,0.0,15152.91,,15152.91,0.0,37.86383531220296,,37.85294842820524,0.0,4590.2,0.0,4590.2,11.510000000000002,24844.690000000006,0.0,24856.200000000004,,,,,,,,,,,,,,185252.97,0.0,225283.96000000002,0.0,0.0,,0.0,,0.0,,,,,,,,225283.96000000002,0.0
254,JHARKHAND,GODDA,,0.0,1216.3999999999999,0.0,1180.230078965397,4948.0,161454.0,0.0,166402.0,44707.0,211109.0,0.0,20062.7,0.0,20062.7,0.0,,0.0,0.0,73.70999999999998,1624.6799999999998,0.0,1698.3899999999999,0.0,559.58,0.0,559.58,0.0,435.58000000000004,0.0,435.58000000000004,0.0,96.03,0.0,96.03,,,,,,,,,73.70999999999998,22778.58,0.0,22852.29,,,,,,,,,,,,0.0,,,,0.0,,,,,,,,,,,,,,,,0.0,73.70999999999998,22778.58,0.0,22852.29,7.370000000000001,1651.96,0.0,1659.33,66.33999999999999,21126.62,0.0,21192.960000000003,0.0,2422.79475525,,2422.79475525,0.0,258.59942500000005,,258.59942500000005,0.0,1869.0,,1869.0,0.0,4550.409999999999,,4550.409999999999,0.0,21.538750637820904,,21.471328214652406,0.0,2434.4300000000003,0.0,2434.4300000000003,66.33999999999999,16564.56,0.0,16630.9,,,,,,,,,,,,,,74983.96,0.0,96176.92,0.0,0.0,,0.0,,0.0,,,,,,,,96176.92,0.0
255,JHARKHAND,GUMLA,,0.0,1382.0,0.0,1369.1479753877898,3786.0,403329.0,0.0,407115.0,127611.0,534726.0,0.0,33671.6,0.0,33671.6,0.0,,0.0,0.0,12.879999999999997,520.93,0.0,533.81,0.0,1101.53,0.0,1101.53,0.0,70.63,0.0,70.63,0.0,0.0,0.0,0.0,,,,,,,,,12.879999999999997,35364.72,0.0,35377.600000000006,,,,,,,,,,,,0.0,,,,0.0,,,,,,,,,,,,,,,,0.0,12.879999999999997,35364.72,0.0,35377.600000000006,1.2800000000000002,3013.7000000000003,0.0,3014.9800000000005,11.6,32351.019999999997,0.0,32362.62,0.0,1801.4399617499998,,1801.4399617499998,0.0,12.53865,,12.53865,0.0,3789.5,,3789.5,0.0,5603.4400000000005,,5603.4400000000005,0.0,17.320752174120017,,17.314543754492068,0.0,1810.09,0.0,1810.09,11.6,26738.939999999995,0.0,26750.539999999994,,,,,,,,,,,,,,210579.71000000002,0.0,242942.33,0.0,0.0,,0.0,,0.0,,,,,,,,242942.33,0.0
256,JHARKHAND,HAZARIBAGH,,0.0,1347.2,0.0,1338.2571731573005,2341.0,350321.0,0.0,352662.0,78384.0,431046.0,0.0,30507.080000000005,0.0,30507.080000000005,0.0,,0.0,0.0,0.0,1195.04,0.0,1195.04,0.0,2377.67,0.0,2377.67,0.0,834.5000000000001,0.0,834.5000000000001,0.0,192.05200000000002,0.0,192.05200000000002,,,,,,,,,0.0,35106.35,0.0,35106.35,,,,,,,,,,,,0.0,,,,0.0,,,,,,,,,,,,,,,,0.0,0.0,35106.35,0.0,35106.35,0.0,3077.4,0.0,3077.4,0.0,32028.949999999997,0.0,32028.949999999997,0.0,3324.3265417499997,,3324.3265417499997,0.0,470.25293875,,470.25293875,0.0,7851.375,,7851.375,0.0,11645.929999999998,,11645.929999999998,0.0,36.360636236904426,,36.360636236904426,0.0,3340.24,0.0,3340.24,0.0,20367.1,0.0,20367.1,,,,,,,,,,,,,,154461.44999999998,0.0,186490.4,0.0,0.0,,0.0,,0.0,,,,,,,,186490.4,0.0
257,JHARKHAND,JAMTARA,,0.0,1443.8000000000002,0.0,1443.8000000000002,0.0,98346.0,0.0,98346.0,82083.0,180429.0,0.0,6859.4400000000005,0.0,6859.4400000000005,0.0,,0.0,0.0,15.600000000000001,1364.0099999999998,0.0,1379.6099999999997,0.0,661.27,0.0,661.27,0.0,275.0,0.0,275.0,0.0,0.168,0.0,0.168,,,,,,,,,15.600000000000001,9159.880000000001,0.0,9175.480000000001,,,,,,,,,,,,0.0,,,,0.0,,,,,,,,,,,,,,,,0.0,15.600000000000001,9159.880000000001,0.0,9175.480000000001,1.56,727.42,0.0,728.98,14.04,8432.460000000001,0.0,8446.5,,1483.2839339999998,,1483.2839339999998,,10.15625,,10.15625,,2280.25,,2280.25,,3773.71,,3773.71,,44.752183822988776,,44.6777955366128,0.0,1490.39,0.0,1490.39,14.04,4651.64,0.0,4665.68,,,,,,,,,,,,,,44796.14,0.0,53242.64,0.0,0.0,,0.0,,0.0,,,,,,,,53242.64,0.0
258,JHARKHAND,KHUNTI,,0.0,1432.5,0.0,1409.2375827071046,2712.0,164293.0,0.0,167005.0,93012.0,260017.0,0.0,12313.720000000001,0.0,12313.720000000001,0.0,,0.0,0.0,0.0,178.74999999999997,0.0,178.74999999999997,0.0,698.2900000000001,0.0,698.2900000000001,0.0,520.42,0.0,520.42,0.0,0.026,0.0,0.026,,,,,,,,,0.0,13711.21,0.0,13711.21,,,,,,,,,,,,0.0,,,,0.0,,,,,,,,,,,,,,,,0.0,0.0,13711.21,0.0,13711.21,0.0,1112.93,0.0,1112.93,0.0,12598.279999999999,0.0,12598.279999999999,0.0,993.4229272499999,,993.4229272499999,0.0,12.593750000000002,,12.593750000000002,0.0,2385.0,,2385.0,0.0,3391.0099999999998,,3391.0099999999998,0.0,26.916452087110304,,26.916452087110304,0.0,998.18,0.0,998.18,0.0,9202.51,0.0,9202.51,,,,,,,,,,,,,,84627.93999999999,0.0,97226.21999999999,0.0,0.0,,0.0,,0.0,,,,,,,,97226.21999999999,0.0
259,JHARKHAND,KODERMA,,0.0,1129.6,0.0,1129.6,0.0,90902.0,0.0,90902.0,58768.0,149670.0,0.0,5716.82,0.0,5716.82,0.0,,0.0,0.0,1.12,163.94,0.0,165.06,0.0,810.5899999999999,0.0,810.5899999999999,0.0,59.98,0.0,59.98,0.0,0.0,0.0,0.0,,,,,,,,,1.12,6751.33,0.0,6752.450000000001,,,,,,,,,,,,0.0,,,,0.0,,,,,,,,,,,,,,,,0.0,1.12,6751.33,0.0,6752.450000000001,0.11,543.6,0.0,543.71,1.01,6207.73,0.0,6208.74,,1390.936671,,1390.936671,,98.94105,,98.94105,,2591.875,,2591.875,,4081.7500000000005,,4081.7500000000005,,65.75269865151996,,65.74200240306408,0.0,1397.61,0.0,1397.61,1.01,2119.3,0.0,2120.3100000000004,,,,,,,,,,,,,,43604.9,0.0,49813.64,0.0,0.0,,0.0,,0.0,,,,,,,,49813.64,0.0
260,JHARKHAND,LATEHAR,,0.0,1283.8729091727569,0.0,1279.4589955264496,820.0,237693.0,0.0,238513.0,122748.0,361261.0,0.0,20261.43,0.0,20261.43,0.0,,0.0,0.0,0.0,1689.4699999999998,0.0,1689.4699999999998,0.0,1497.97,0.0,1497.97,0.0,1193.95,0.0,1193.95,0.0,32.0,0.0,32.0,,,,,,,,,0.0,24674.820000000003,0.0,24674.820000000003,,,,,,,,,,,,0.0,,,,0.0,,,,,,,,,,,,,,,,0.0,0.0,24674.820000000003,0.0,24674.820000000003,0.0,2094.1899999999996,0.0,2094.1899999999996,0.0,22580.63,0.0,22580.63,0.0,1351.4623042499998,,1351.4623042499998,0.0,105.73747499999999,,105.73747499999999,0.0,5109.0,,5109.0,0.0,6566.2,,6566.2,0.0,29.078905238693515,,29.078905238693515,0.0,1357.9599999999998,0.0,1357.9599999999998,0.0,16007.939999999997,0.0,16007.939999999997,,,,,,,,,,,,,,100632.85,0.0,123213.48000000001,0.0,0.0,,0.0,,0.0,,,,,,,,123213.48000000001,0.0
261,JHARKHAND,LOHARDAGA,,0.0,1252.7,0.0,1238.588306954211,1437.0,126126.0,0.0,127563.0,21683.0,149246.0,0.0,18750.25,0.0,18750.25,0.0,,0.0,0.0,0.0,176.92,0.0,176.92,0.0,539.02,0.0,539.02,0.0,379.59000000000003,0.0,379.59000000000003,0.0,0.02,0.0,0.02,,,,,,,,,0.0,19845.809999999998,0.0,19845.809999999998,,,,,,,,,,,,0.0,,,,0.0,,,,,,,,,,,,,,,,0.0,0.0,19845.809999999998,0.0,19845.809999999998,0.0,1984.5900000000001,0.0,1984.5900000000001,0.0,17861.22,0.0,17861.22,0.0,874.5961005,,874.5961005,0.0,8.170013749999999,,8.170013749999999,0.0,1833.5,,1833.5,0.0,2716.28,,2716.28,0.0,15.207695778899764,,15.207695778899764,0.0,878.78,0.0,878.78,0.0,15140.75,0.0,15140.75,,,,,,,,,,,,,,83213.96,0.0,101075.18000000001,0.0,0.0,,0.0,,0.0,,,,,,,,101075.18000000001,0.0
262,JHARKHAND,PAKUR,,0.0,1674.8,0.0,1660.183401560751,1115.0,126644.0,0.0,127759.0,52800.0,180559.0,0.0,24490.43,0.0,24490.43,0.0,,0.0,0.0,0.0,1400.6499999999999,0.0,1400.6499999999999,0.0,571.6999999999999,0.0,571.6999999999999,0.0,361.82000000000005,0.0,361.82000000000005,0.0,0.014,0.0,0.014,,,,,,,,,0.0,26824.63,0.0,26824.63,,,,,,,,,,,,0.0,,,,0.0,,,,,,,,,,,,,,,,0.0,0.0,26824.63,0.0,26824.63,0.0,2682.4700000000003,0.0,2682.4700000000003,0.0,24142.159999999996,0.0,24142.159999999996,0.0,1525.9235624999997,,1525.9235624999997,0.0,28.456749999999996,,28.456749999999996,0.0,1911.5,,1911.5,0.0,3465.8899999999994,,3465.8899999999994,0.0,14.356171941532986,,14.356171941532986,0.0,1533.24,0.0,1533.24,0.0,20668.940000000002,0.0,20668.940000000002,,,,,,,,,,,,,,60526.19,0.0,84668.35,0.0,0.0,,0.0,,0.0,,,,,,,,84668.35,0.0
263,JHARKHAND,PALAMAU,,0.0,1044.1000000000001,0.0,1023.8939788797275,6722.0,340622.0,0.0,347344.0,104315.0,451659.0,0.0,25405.28,0.0,25405.28,0.0,,0.0,0.0,18.6,6201.820000000001,0.0,6220.42,0.0,1773.6399999999999,0.0,1773.6399999999999,0.0,652.98,0.0,652.98,0.0,228.088,0.0,228.088,,,,,,,,,18.6,34261.759999999995,0.0,34280.35999999999,,,,,,,,,,,,0.0,,,,0.0,,,,,,,,,,,,,,,,0.0,18.6,34261.759999999995,0.0,34280.35999999999,1.8599999999999999,2872.7899999999995,0.0,2874.65,16.740000000000002,31388.969999999998,0.0,31405.71,0.0,3663.9820732499998,,3663.9820732499998,0.0,217.35559999999998,,217.35559999999998,0.0,7094.5,,7094.5,0.0,10975.84,,10975.84,0.0,34.9671875184181,,34.948549165104055,0.0,3681.5499999999993,0.0,3681.5499999999993,16.740000000000002,20395.57,0.0,20412.31,,,,,,,,,,,,,,151183.96,0.0,182589.67,0.0,0.0,,0.0,,0.0,,,,,,,,182589.67,0.0
264,JHARKHAND,RAMGARH,,0.0,1309.2,0.0,1307.764512389118,122.0,111145.0,0.0,111267.0,28298.0,139565.0,0.0,8865.71,0.0,8865.71,0.0,,0.0,0.0,0.0,165.39,0.0,165.39,0.0,431.9200000000001,0.0,431.9200000000001,0.0,268.69,0.0,268.69,0.0,1675.248,0.0,1675.248,,,,,,,,,0.0,11406.96,0.0,11406.96,,,,,,,,,,,,0.0,,,,0.0,,,,,,,,,,,,,,,,0.0,0.0,11406.96,0.0,11406.96,0.0,837.22,0.0,837.22,0.0,10569.74,0.0,10569.74,0.0,1996.4525085,,1996.4525085,0.0,2901.555225,,2901.555225,0.0,1457.0,,1457.0,0.0,6355.0199999999995,,6355.0199999999995,0.0,60.12465774938646,,60.12465774938646,0.0,2006.0399999999997,0.0,2006.0399999999997,0.0,4253.150000000001,0.0,4253.150000000001,,,,,,,,,,,,,,51414.32,0.0,61984.06,0.0,0.0,,0.0,,0.0,,,,,,,,61984.06,0.0
265,JHARKHAND,RANCHI,,0.0,1327.6,0.0,1314.0618196779121,3817.0,370491.0,0.0,374308.0,123913.0,498221.0,0.0,34672.079999999994,0.0,34672.079999999994,0.0,,0.0,0.0,40.53,647.4199999999998,0.0,687.9499999999998,0.0,2823.1000000000004,0.0,2823.1000000000004,0.0,997.0600000000001,0.0,997.0600000000001,0.0,1430.84,0.0,1430.84,,,,,,,,,40.53,40570.48,0.0,40611.009999999995,,,,,,,,,,,,0.0,,,,0.0,,,,,,,,,,,,,,,,0.0,40.53,40570.48,0.0,40611.009999999995,4.05,3673.71,0.0,3677.7599999999993,36.480000000000004,36896.770000000004,0.0,36933.25,0.0,6109.024655249999,,6109.024655249999,0.0,1694.9850666666664,,1694.9850666666664,0.0,9322.125,,9322.125,0.0,17126.129999999997,,17126.129999999997,0.0,46.41633942483311,,46.37049271320557,0.0,6138.3,0.0,6138.3,36.48,19741.379999999997,0.0,19777.859999999997,,,,,,,,,,,,,,174658.71000000002,0.0,211591.96000000002,0.0,0.0,,0.0,,0.0,,,,,,,,211591.96000000002,0.0
266,JHARKHAND,SAHEBGANJ,,0.0,1574.0,0.0,1564.2458198218671,709.0,113700.0,0.0,114409.0,55796.0,170205.0,0.0,26791.85,0.0,26791.85,0.0,,0.0,0.0,2.65,3145.7300000000005,0.0,3148.3800000000006,0.0,640.05,0.0,640.05,0.0,522.8000000000001,0.0,522.8000000000001,0.0,0.088,0.0,0.088,,,,,,,,,2.65,31100.489999999994,0.0,31103.14,,,,,,,,,,,,0.0,,,,0.0,,,,,,,,,,,,,,,,0.0,2.65,31100.489999999994,0.0,31103.14,0.26,2950.1200000000003,0.0,2950.38,2.39,28150.37,0.0,28152.76,0.0,2190.0456067500004,,2190.0456067500004,0.0,50.291875,,50.291875,0.0,2207.0,,2207.0,0.0,4447.330000000001,,4447.330000000001,0.0,15.798477959614743,,15.797136763855486,0.0,2200.55,0.0,2200.55,2.39,23692.539999999997,0.0,23694.929999999997,,,,,,,,,,,,,,158872.84999999998,0.0,187025.61,0.0,0.0,,0.0,,0.0,,,,,,,,187025.61,0.0
267,JHARKHAND,SARAIKELA KHARSAWAN,,0.0,1343.6360093569829,0.0,1322.6732708418597,3164.0,199637.0,0.0,202801.0,65416.0,268217.0,0.0,17173.29,0.0,17173.29,0.0,,0.0,0.0,1.34,743.8199999999999,0.0,745.1600000000001,0.0,318.85,0.0,318.85,0.0,0.9800000000000001,0.0,0.9800000000000001,0.0,251.76399999999998,0.0,251.76399999999998,,,,,,,,,1.34,18488.69,0.0,18490.03,,,,,,,,,,,,0.0,,,,0.0,,,,,,,,,,,,,,,,0.0,1.34,18488.69,0.0,18490.03,0.14,1406.62,0.0,1406.76,1.2000000000000002,17082.07,0.0,17083.269999999997,0.0,2100.367242,,2100.367242,0.0,527.18308125,,527.18308125,0.0,1099.5,,1099.5,0.0,3727.05,,3727.05,0.0,21.818491552838736,,21.816958931164823,0.0,2110.44,0.0,2110.44,1.2000000000000002,13344.95,0.0,13346.150000000001,,,,,,,,,,,,,,123587.61,0.0,140670.87999999998,0.0,0.0,,0.0,,0.0,,,,,,,,140670.87999999998,0.0
268,JHARKHAND,SIMDEGA,,0.0,1553.1,0.0,1547.7380712483011,1067.0,307993.0,0.0,309060.0,66169.0,375229.0,0.0,24064.01,0.0,24064.01,0.0,,0.0,0.0,0.0,137.85000000000002,0.0,137.85000000000002,0.0,477.49,0.0,477.49,0.0,580.8,0.0,580.8,0.0,0.0,0.0,0.0,,,,,,,,,0.0,25260.149999999998,0.0,25260.149999999998,,,,,,,,,,,,0.0,,,,0.0,,,,,,,,,,,,,,,,0.0,0.0,25260.149999999998,0.0,25260.149999999998,0.0,2149.42,0.0,2149.42,0.0,23110.730000000003,0.0,23110.730000000003,0.0,1114.7384699999998,,1114.7384699999998,0.0,0.0,,0.0,0.0,2034.0,,2034.0,0.0,3148.7400000000002,,3148.7400000000002,0.0,13.62458044380251,,13.62458044380251,0.0,1120.1,0.0,1120.1,0.0,19956.64,0.0,19956.64,,,,,,,,,,,,,,145934.37000000002,0.0,169045.1,0.0,0.0,,0.0,,0.0,,,,,,,,169045.1,0.0
269,JHARKHAND,WEST SINGHBHUM,,0.0,1338.0,0.0,1329.2518691541122,3846.0,584388.0,0.0,588234.0,133986.0,722220.0,0.0,47944.06,0.0,47944.06,0.0,,0.0,0.0,181.55,864.8500000000001,0.0,1046.4,0.0,567.16,0.0,567.16,0.0,837.6500000000001,0.0,837.6500000000001,0.0,0.392,0.0,0.392,,,,,,,,,181.55,50214.09999999999,0.0,50395.649999999994,,,,,,,,,,,,0.0,,,,0.0,,,,,,,,,,,,,,,,0.0,181.55,50214.09999999999,0.0,50395.649999999994,18.160000000000004,4544.75,0.0,4562.91,163.39,45669.34999999999,0.0,45832.74,0.0,2865.9199027500003,,2865.9199027500003,0.0,29.838275000000003,,29.838275000000003,0.0,2025.5,,2025.5,0.0,4921.2699999999995,,4921.2699999999995,0.0,10.775870468925001,,10.737455364876723,0.0,2879.6600000000003,0.0,2879.6600000000003,163.39000000000001,40734.33,0.0,40897.72,,,,,,,,,,,,,,260670.77000000005,0.0,306503.51,0.0,0.0,,0.0,,0.0,,,,,,,,306503.51,0.0
270,KARNATAKA,Bagalkot,,706.3056447347839,627.4572537665124,0.0,661.1480702759477,268498.0,359882.0,0.0,628380.0,27812.0,656192.0,9677.77,12364.78,0.0,22042.55,1932.27,,,1932.27,26750.470000000005,3070.32,0.0,29820.79,3747.3799999999997,6808.910000000001,0.0,10556.29,248.68,286.88,0.0,535.5600000000001,240.15200000000002,219.558,,459.7080000000001,,,,,,,,,42596.71,22750.449999999997,0.0,65347.15999999999,,,,,,,,,,,,0.0,,,,0.0,,,,,,,,,,,,,,,,0.0,42596.71,22750.449999999997,0.0,65347.15999999999,4259.66,2275.02,0.0,6534.68,38337.05,20475.43,0.0,58812.48000000001,2214.459891,2235.529881,,4449.989772,20.987500000000004,20.075000000000003,,41.06249999999999,14205.402000000002,30953.2,,45158.602,16440.84,33208.78,,49649.630000000005,42.88498984663661,162.18843755662274,,84.42022849572062,2289.87,2311.6400000000003,0.0,4601.51,22209.03,1703.9099999999999,0.0,23912.94,,,,,,,,,,,,,,0.0,0.0,58812.48,0.0,0.0,,0.0,,0.0,,,,,,,,58812.48,0.0
271,KARNATAKA,Ballari,,582.9988519111166,693.2093889411861,0.0,618.8174010550931,253726.0,122165.0,0.0,375891.0,46726.0,422617.0,8365.369999999999,7704.460000000001,0.0,16069.829999999998,1525.23,,,1525.23,46817.16,2598.3599999999997,0.0,49415.520000000004,0.0,1320.75,0.0,1320.75,87.16,318.51000000000005,0.0,405.66999999999996,52.34,70.638,0.0,122.978,,,,,,,,,56847.26,12012.71,0.0,68859.97,,,,,,,,,,,,0.0,,,,0.0,,,,,,,,,,,,,,,,0.0,56847.26,12012.71,0.0,68859.97,5684.74,1201.27,0.0,6886.01,51162.52,10811.44,0.0,61973.95999999999,1317.075417,653.3056889999999,,1970.3811059999998,27.373107765,443.92572947400004,,471.298837239,8466.0,5593.0,,14059.0,9810.45,6690.2300000000005,,16500.68,19.175071908107736,61.88102602428539,,26.62518257668221,1380.28,728.6800000000001,0.0,2108.96,41288.86,4355.84,0.0,45644.7,,,,,,,,,,,,,,0.0,0.0,61973.96,0.0,0.0,,0.0,,0.0,,,,,,,,61973.96,0.0
272,KARNATAKA,Belagavi,,564.4111257830696,1015.6204103235574,0.0,845.010631376729,489899.0,805730.0,0.0,1295629.0,44262.0,1339891.0,15337.779999999999,45401.31,0.0,60739.090000000004,3305.0699999999997,,0.0,3305.0699999999997,31396.21,2526.88,0.0,33923.09,8647.289999999999,11488.29,0.0,20135.579999999998,537.66,819.26,0.0,1356.9199999999998,316.37600000000003,339.168,0.0,655.544,,,,,,,,,59540.36,60574.92,0.0,120115.28,,,,,,,,,,,,0.0,,,,0.0,,,,,,,,,,,,,,,,0.0,59540.36,60574.92,0.0,120115.28,5954.0599999999995,5505.51,0.0,11459.57,53586.29999999999,55069.41000000001,0.0,108655.71,4366.416306,8255.889347625001,,12622.305653625,57.95652500000004,174.2318208333334,,232.1883458333334,26482.480000000003,38758.92,,65241.4,30906.86,47189.020000000004,,78095.88,57.67679425524809,85.6900773042602,,71.87462122331169,4773.2,9155.520000000004,0.0,13928.720000000001,22999.739999999998,14253.809999999998,0.0,37253.549999999996,,,,,,,,,,,,,,0.0,0.0,108655.71,0.0,0.0,,0.0,,0.0,,,,,,,,108655.71,0.0
273,KARNATAKA,Bengaluru (Rural),,0.0,834.6499277892789,0.0,834.6499277892789,0.0,223651.0,0.0,223651.0,6386.0,230037.0,0.0,13376.71,0.0,13376.71,0.0,,0.0,0.0,0.0,0.0,0.0,0.0,0.0,1022.27,0.0,1022.27,0.0,2606.0299999999997,0.0,2606.0299999999997,0.0,497.64000000000004,0.0,497.64000000000004,,,,,,,,,0.0,17502.649999999998,0.0,17502.649999999998,,,,,,,,,,,,0.0,,,,0.0,,,,,,,,,,,,,,,,0.0,0.0,17502.649999999998,0.0,17502.649999999998,0.0,1750.25,0.0,1750.25,0.0,15752.400000000001,0.0,15752.400000000001,,2616.6596325,,2616.6596325,,1053.244734,,1053.244734,,19494.575899999996,,19494.575899999996,,23164.46,,23164.46,,147.05352835123534,,147.05352835123534,0.0,2771.15,0.0,2771.15,0.0,0.0,0.0,0.0,,,,,,,,,,,,,,0.0,0.0,15752.400000000001,0.0,0.0,,0.0,,0.0,,,,,,,,15752.400000000001,0.0
274,KARNATAKA,Bengaluru (Urban),,0.0,784.6996883009587,0.0,784.6996883009587,0.0,213026.0,0.0,213026.0,6533.0,219559.0,0.0,13181.769999999999,0.0,13181.769999999999,0.0,,,0.0,0.0,0.0,0.0,0.0,0.0,2490.04,0.0,2490.04,0.0,1903.45,0.0,1903.45,0.0,7284.012,0.0,7284.012,0.0,6880.25,0.0,6880.25,0.0,0.0,0.0,0.0,0.0,31739.53,0.0,31739.53,,,,,,,,,,,,0.0,,,,0.0,,,,,,,,,,,,,,,,0.0,0.0,31739.53,0.0,31739.53,0.0,3173.95,0.0,3173.95,0.0,28565.58,0.0,28565.58,,16075.3160205,,16075.3160205,,12714.330000000002,,12714.330000000002,,24542.85,,24542.85,,53332.509999999995,,53332.509999999995,,186.7020028999936,,186.7020028999936,0.0,16447.68,0.0,16447.68,0.0,0.0,0.0,0.0,,,,,,,,,,,,,,0.0,0.0,28565.58,0.0,0.0,,0.0,,0.0,,,,,,,,28565.58,0.0
275,KARNATAKA,Bengaluru South,,853.95723892907,929.0275800363485,0.0,922.5498390499201,23643.0,250355.0,0.0,273998.0,78812.0,352810.0,1569.9,16052.65,0.0,17622.55,417.37999999999994,,,417.37999999999994,1733.76,5801.17,0.0,7534.93,835.8299999999999,6104.620000000001,0.0,6940.45,57.61,1520.03,0.0,1577.6399999999999,1477.8,12402.9,0.0,13880.7,,,,,,,,,6092.279999999999,41881.37,0.0,47973.65000000001,,,,,,,,,,,,0.0,,,,0.0,,,,,,,,,,,,,,,,0.0,6092.279999999999,41881.37,0.0,47973.65000000001,609.24,4188.14,0.0,4797.380000000001,5483.04,37693.229999999996,0.0,43176.270000000004,248.739543,2885.6365274999994,,3134.3760705,0.0,884.8799999999999,,884.8799999999999,5537.8,32729.53630136986,,38267.33630136986,5786.56,36500.04,,42286.6,105.53561527911523,96.83447133609936,,97.93944683040012,250.03999999999996,3045.85,0.0,3295.89,641.4200000000001,2671.5899999999997,0.0,3313.0099999999998,,,,,,,,,,,,,,0.0,0.0,43176.270000000004,0.0,0.0,,0.0,,0.0,,,,,,,,43176.270000000004,0.0
276,KARNATAKA,Bidar,,868.945782917355,849.4250661194798,0.0,850.2268161096176,22397.0,522917.0,0.0,545314.0,139.0,545453.0,1234.4,29793.59,0.0,31027.989999999998,642.25,,0.0,642.25,1875.23,496.59000000000003,0.0,2371.82,412.61999999999995,2656.01,0.0,3068.6299999999997,25.150000000000006,237.59,0.0,262.74,0.0,113.18200000000002,0.0,113.18200000000002,,,,,,,,,4189.65,33296.979999999996,0.0,37486.63,,,,,,,,,,,,0.0,,,,0.0,,,,,,,,,,,,,,,,0.0,4189.65,33296.979999999996,0.0,37486.63,399.81000000000006,3329.7200000000003,0.0,3729.52,3789.84,29967.260000000002,0.0,33757.1,433.09111500000006,3873.9727964999993,,4307.0639115,0.0,56.14,,56.14,2138.84,13892.899999999998,,16031.740000000002,2571.93,17823.02,,20394.95,67.86381483123297,59.47497368795145,,60.416771582867014,443.4699999999999,3972.5600000000004,0.0,4416.03,1252.3,12045.660000000002,0.0,13297.960000000001,,,,,,,,,,,,,,0.0,0.0,33757.1,0.0,0.0,,0.0,,0.0,,,,,,,,33757.1,0.0
277,KARNATAKA,Chamarajanagara,,1215.6250596628574,1074.2518880548014,0.0,1105.2710278716684,79195.0,281745.0,0.0,360940.0,202986.0,563926.0,5952.12,17669.78,0.0,23621.9,482.81,,,482.81,4936.0,0.0,0.0,4936.0,2037.6,4592.74,0.0,6630.34,184.63,392.98,,577.61,354.562,960.992,0.0,1315.554,,,,,,,,,13947.720000000001,23616.48,0.0,37564.200000000004,,,,,,,,,,,,0.0,,,,0.0,,,,,,,,,,,,,,,,0.0,13947.720000000001,23616.48,0.0,37564.200000000004,1394.78,2032.45,0.0,3427.23,12552.94,21584.03,0.0,34136.97,960.0958248,1658.42551575,,2618.52134055,1.3344400000000005,28.07414,,29.40858,9086.72498630137,21059.15,,30145.874986301373,10048.14,22745.63,,32793.770000000004,80.04610872034758,105.38175678962642,,96.0652629685646,1147.34,1902.55,0.0,3049.89,2623.5400000000004,1498.1399999999999,0.0,4121.68,,,,,,,,,,,,,,0.0,0.0,34136.97,0.0,0.0,,0.0,,0.0,,,,,,,,34136.97,0.0
278,KARNATAKA,Chikkaballapura,,0.0,919.2245446902393,0.0,919.2245446902393,0.0,373482.0,0.0,373482.0,51623.0,425105.0,0.0,22204.47,0.0,22204.47,0.0,,,0.0,0.0,0.0,0.0,0.0,0.0,5510.48,0.0,5510.48,0.0,3826.0299999999997,0.0,3826.0299999999997,0.0,2416.032,,2416.032,,,,,,,,,0.0,33957.01,0.0,33957.01,,,,,,,,,,,,0.0,,,,0.0,,,,,,,,,,,,,,,,0.0,0.0,33957.01,0.0,33957.01,0.0,3395.7200000000003,0.0,3395.7200000000003,0.0,30561.29,0.0,30561.29,,3019.285548,,3019.285548,,105.16336,,105.16336,,47097.57,,47097.57,,50221.990000000005,,50221.990000000005,,164.3320357223141,,164.3320357223141,0.0,3150.21,0.0,3150.21,0.0,0.0,0.0,0.0,,,,,,,,,,,,,,0.0,0.0,30561.29,0.0,0.0,,0.0,,0.0,,,,,,,,30561.29,0.0
279,KARNATAKA,Chikkamagaluru,,923.3,1255.9747461247796,0.0,1244.6974230567612,14356.0,409138.0,0.0,423494.0,297454.0,720948.0,848.3100000000001,29206.88,0.0,30055.19,1155.0,,,1155.0,2094.6800000000003,11817.46,0.0,13912.14,0.0,9864.009999999998,0.0,9864.009999999998,17.59,1635.5800000000002,0.0,1653.1700000000003,0.0,10935.228,0.0,10935.228,,,,,,,,,4115.58,63459.170000000006,0.0,67574.75,,,,,,,,,,,,0.0,,,,0.0,,,,,,,,,,,,,,,,0.0,4115.58,63459.170000000006,0.0,67574.75,411.56,6345.92,0.0,6757.470000000001,3704.02,57113.24999999999,0.0,60817.27,71.39038649999999,2434.4324699999997,,2505.8228564999995,0.0,0.152354,,0.152354,501.21000000000004,30802.489999999994,,31303.7,572.6,33237.08000000001,,33809.68000000001,15.458879811664083,58.19504230629497,,55.592235560721505,75.1,2550.44,0.0,2625.54,3127.71,25016.79,0.0,28144.5,,,,,,,,,,,,,,0.0,0.0,60817.26999999999,0.0,0.0,,0.0,,0.0,,,,,,,,60817.26999999999,0.0
280,KARNATAKA,Chitradurga,,517.0,570.3091963191823,0.0,569.3475194918929,14440.0,786021.0,0.0,800461.0,43012.0,843473.0,418.07,26639.190000000002,0.0,27057.260000000002,350.98,,0.0,350.98,1499.4,0.0,0.0,1499.4,710.24,4984.31,0.0,5694.55,0.0,4445.61,0.0,4445.61,50.22,748.0699999999999,0.0,798.29,,,,,,,,,3028.91,36817.159999999996,0.0,39846.07,,,,,,,,,,,,0.0,,,,0.0,,,,,,,,,,,,,,,,0.0,3028.91,36817.159999999996,0.0,39846.07,302.89,3681.7200000000003,0.0,3984.6100000000006,2726.02,33135.44,0.0,35861.46000000001,196.684119,3732.122007,,3928.806126,0.0,95.61,,95.61,3881.0999999999995,43892.759999999995,,47773.86,4077.7799999999997,47720.490000000005,,51798.270000000004,149.5873104379278,144.0164669610544,,144.4399363550731,204.02,3869.8500000000004,0.0,4073.8700000000003,0.0,661.19,0.0,661.19,,,,,,,,,,,,,,0.0,0.0,35861.46,0.0,0.0,,0.0,,0.0,,,,,,,,35861.46,0.0
281,KARNATAKA,Dakshina Kannada,,0.0,4060.446932644342,0.0,4060.4469326443414,0.0,357624.0,0.0,357624.0,128476.0,486100.0,0.0,64480.979999999996,0.0,64480.979999999996,0.0,,0.0,0.0,0.0,168.51999999999998,0.0,168.51999999999998,0.0,7764.73,0.0,7764.73,0.0,48.19,0.0,48.19,0.0,2424.178,0.0,2424.178,,,,,,,,,0.0,74886.61,0.0,74886.61,,,,,,,,,,,,0.0,,,,0.0,,,,,,,,,,,,,,,,0.0,0.0,74886.61,0.0,74886.61,0.0,7488.650000000001,0.0,7488.650000000001,0.0,67397.95999999999,0.0,67397.95999999999,,5152.37100675,,5152.37100675,,53.12346875,,53.12346875,,24647.0495,,24647.0495,,29852.52,,29852.52,,44.29291331666419,,44.29291331666419,0.0,5412.63,0.0,5412.63,0.0,37285.16999999999,0.0,37285.16999999999,,,,,,,,,,,,,,0.0,0.0,67397.95999999999,0.0,0.0,,0.0,,0.0,,,,,,,,67397.95999999999,0.0
282,KARNATAKA,Davanagere,,743.280655561526,726.4463885649399,0.0,732.5659672031878,148880.0,260672.0,0.0,409552.0,38412.0,447964.0,6196.9400000000005,11901.59,0.0,18098.53,762.38,,,762.38,33807.21,0.0,0.0,33807.21,0.0,5894.749999999999,0.0,5894.749999999999,283.57,1410.91,0.0,1694.48,324.52199999999993,959.828,0.0,1284.35,,,,,,,,,41374.619999999995,20167.07,0.0,61541.69,,,,,,,,,,,,0.0,,,,0.0,,,,,,,,,,,,,,,,0.0,41374.619999999995,20167.07,0.0,61541.69,4137.47,2016.7,0.0,6154.17,37237.15,18150.37,0.0,55387.520000000004,2351.272914,1302.3954089999997,,3653.668323,140.9671067796607,88.11967630057798,,229.08678308023866,16258.6,30088.1,,46346.7,18750.84,31478.649999999998,,50229.479999999996,50.35519635632695,173.43255261462988,,90.68736061842088,2402.04,1330.22,0.0,3732.2599999999998,18435.54,0.0,0.0,18435.54,,,,,,,,,,,,,,0.0,0.0,55387.520000000004,0.0,0.0,,0.0,,0.0,,,,,,,,55387.520000000004,0.0
283,KARNATAKA,Dharwad,,764.6804908122429,771.9098815163132,0.0,770.6776163745893,70964.0,345364.0,0.0,416328.0,9157.0,425485.0,3038.83,15584.57,0.0,18623.4,708.7099999999999,,,708.7099999999999,1381.72,7302.07,0.0,8683.79,641.33,2891.8499999999995,0.0,3533.1799999999994,16.54,503.10999999999996,0.0,519.6500000000001,109.37800000000001,214.226,0.0,323.60400000000004,,,,,,,,,5896.509999999999,26495.829999999998,0.0,32392.339999999997,,,,,,,,,,,,0.0,,,,0.0,,,,,,,,,,,,,,,,0.0,5896.509999999999,26495.829999999998,0.0,32392.339999999997,589.65,2649.5899999999997,0.0,3239.2400000000002,5306.86,23846.239999999998,0.0,29153.1,289.17197999999996,1416.7918547999998,,1705.9638347999999,0.9125000000000001,98.0625,,98.97500000000001,2764.2,11558.810000000001,,14323.01,3054.29,13073.649999999998,,16127.939999999999,57.55361927768964,54.82478579432228,,55.321526698704425,296.21,1451.3000000000002,0.0,1747.51,2245.53,10738.079999999998,0.0,12983.609999999999,,,,,,,,,,,,,,0.0,0.0,29153.1,0.0,0.0,,0.0,,0.0,,,,,,,,29153.1,0.0
284,KARNATAKA,Gadag,,696.5247615284754,720.7461797331705,0.0,710.9034351941687,177170.0,258817.0,0.0,435987.0,29528.0,465515.0,5612.6,11284.08,0.0,16896.69,1593.17,,,1593.17,7673.96,1722.1700000000003,0.0,9396.13,1217.04,2299.6299999999997,0.0,3516.67,197.59,942.0,0.0,1139.59,235.39600000000002,417.448,0.0,652.844,,,,,,,,,16529.75,16665.329999999998,0.0,33195.08,,,,,,,,,,,,0.0,,,,0.0,,,,,,,,,,,,,,,,0.0,16529.75,16665.329999999998,0.0,33195.08,1652.98,1666.5300000000002,0.0,3319.51,14876.77,14998.8,0.0,29875.570000000003,373.28068199999996,299.79917400000005,,673.079856,9.397533333333337,18.28318004385965,,27.68071337719299,8605.58,14992.820000000002,,23598.4,8988.28,15310.91,,24299.19,60.41822250394407,102.08089980531776,,81.3346490125544,411.70000000000005,320.48,0.0,732.18,5850.070000000001,1743.42,0.0,7593.490000000001,,,,,,,,,,,,,,0.0,0.0,29875.57,0.0,0.0,,0.0,,0.0,,,,,,,,29875.57,0.0
285,KARNATAKA,Hassan,,841.5074653576725,954.1001993924273,0.0,931.9436958428435,117342.0,478955.0,0.0,596297.0,85569.0,681866.0,5943.680000000001,25937.04,0.0,31880.719999999998,669.16,,0.0,669.16,21377.07,7647.52,0.0,29024.590000000004,4310.28,11815.500000000002,0.0,16125.78,859.2800000000001,707.8699999999999,0.0,1567.1499999999999,143.34,5669.338,0.0,5812.678000000001,,,,,,,,,33302.81,51777.28999999999,0.0,85080.09999999999,,,,,,,,,,,,0.0,,,,0.0,,,,,,,,,,,,,,,,0.0,33302.81,51777.28999999999,0.0,85080.09999999999,3330.28,5177.740000000001,0.0,8508.02,29972.53,46599.55,0.0,76572.07999999999,219.806358,945.5174984999999,,1165.3238565,14.661000000000001,24.471855,,39.132855,12309.27,36802.452876712334,,49111.72287671232,12543.72,37772.450000000004,,50316.17,41.85072131047996,81.05754240116053,,65.710857012112,225.97,967.2900000000001,0.0,1193.26,17422.649999999998,14017.11,0.0,31439.76,,,,,,,,,,,,,,0.0,0.0,76572.08,0.0,0.0,,0.0,,0.0,,,,,,,,76572.08,0.0
286,KARNATAKA,Haveri,,764.6851966182619,862.3003744332719,0.0,823.720091186565,187241.0,286513.0,0.0,473754.0,8010.0,481764.0,8111.630000000001,15611.44,0.0,23723.07,1283.1599999999999,,,1283.1599999999999,19010.47,4731.13,0.0,23741.6,2556.09,3055.81,0.0,5611.9000000000015,467.53,1675.2600000000002,0.0,2142.79,254.71,486.71000000000004,0.0,741.4200000000001,,,,,,,,,31683.58,25560.360000000004,0.0,57243.94,,,,,,,,,,,,0.0,,,,0.0,,,,,,,,,,,,,,,,0.0,31683.58,25560.360000000004,0.0,57243.94,3168.3500000000004,2556.0199999999995,0.0,5724.37,28515.23,23004.339999999997,0.0,51519.57,667.90671246,1317.53243277,,1985.4391452299997,7.066399999999995,65.94929499999998,,73.01569499999997,15062.880000000001,19279.0,,34341.88,15737.840000000002,20662.47,,36400.31,55.19099793338508,89.81987746659979,,70.6533653134139,767.22,1417.4599999999996,0.0,2184.6800000000003,12853.46,4161.57,0.0,17015.03,,,,,,,,,,,,,,0.0,0.0,51519.56999999999,0.0,0.0,,0.0,,0.0,,,,,,,,51519.56999999999,0.0
287,KARNATAKA,Kalburgi,,810.147174343115,850.537129443687,0.0,837.5752589469536,351812.0,744455.0,0.0,1096267.0,1262.0,1097529.0,15833.69,41884.369999999995,0.0,57718.06,211.14999999999998,,,211.14999999999998,3522.2,0.0,0.0,3522.2,824.43,5379.860000000001,0.0,6204.290000000001,50.22,375.11000000000007,0.0,425.33,0.0,3801.3999999999996,0.0,3801.3999999999996,,,,,,,,,20441.690000000002,51440.740000000005,0.0,71882.43000000001,,,,,,,,,,,,0.0,,,,0.0,,,,,,,,,,,,,,,,0.0,20441.690000000002,51440.740000000005,0.0,71882.43000000001,2044.1799999999998,5125.35,0.0,7169.5199999999995,18397.51,46315.39,0.0,64712.899999999994,1575.1049399999997,5678.569259999999,,7253.6741999999995,1.7999999999999998,45.9,,47.699999999999996,4822.981095890411,16052.087260273973,,20875.068356164382,6399.890000000001,21776.559999999998,,28176.45,34.786718420047066,47.017978257335194,,43.54070054038685,1681.6700000000003,5971.549999999999,0.0,7653.219999999999,12190.699999999999,24541.910000000003,0.0,36732.61,,,,,,,,,,,,,,0.0,0.0,64712.899999999994,0.0,0.0,,0.0,,0.0,,,,,,,,64712.899999999994,0.0
288,KARNATAKA,Kodagu,,962.7799999999999,2248.9083539960257,0.0,2215.343046899295,5287.0,197296.0,0.0,202583.0,208756.0,411339.0,285.05,18725.31,0.0,19010.36,95.85000000000001,,,95.85000000000001,1188.0,809.37,0.0,1997.37,435.0,1650.2800000000002,0.0,2085.28,1.21,69.5,0.0,70.71000000000001,333.44,699.6,0.0,1033.04,,,,,,,,,2338.56,21954.03,0.0,24292.59,,,,,,,,,,,,0.0,,,,0.0,,,,,,,,,,,,,,,,0.0,2338.56,21954.03,0.0,24292.59,233.85999999999999,2063.2,0.0,2297.06,2104.7,19890.83,0.0,21995.53,12.0411675,917.5887399690716,,929.6299074690717,19.71,80.2635,,99.9735,1373.6999999999998,5390.990000000001,,6764.69,1405.45,6388.869999999999,,7794.319999999999,66.77673777735545,32.11967524733759,,35.43592720884652,12.2,944.03,0.0,956.23,699.09,13475.519999999999,0.0,14174.609999999999,,,,,,,,,,,,,,0.0,0.0,21995.53,0.0,0.0,,0.0,,0.0,,,,,,,,21995.53,0.0
289,KARNATAKA,Kolara,,0.0,822.0379211156774,0.0,822.0379211156774,0.0,382763.0,0.0,382763.0,16230.0,398993.0,0.0,20540.050000000003,0.0,20540.050000000003,,,,,0.0,0.0,0.0,0.0,0.0,11473.12,0.0,11473.12,0.0,6549.01,0.0,6549.01,0.0,2646.2400000000002,0.0,2646.2400000000002,,,,,,,,,0.0,41208.42,0.0,41208.42,,,,,,,,,,,,0.0,,,,0.0,,,,,,,,,,,,,,,,0.0,0.0,41208.42,0.0,41208.42,0.0,4120.84,0.0,4120.84,0.0,37087.58,0.0,37087.58,,4143.4934685,,4143.4934685,,172.84,,172.84,,67392.97,,67392.97,,71709.3,,71709.3,,193.3512512814263,,193.3512512814263,0.0,4297.599999999999,0.0,4297.599999999999,0.0,0.0,0.0,0.0,,,,,,,,,,,,,,0.0,0.0,37087.58,0.0,0.0,,0.0,,0.0,,,,,,,,37087.58,0.0
290,KARNATAKA,Koppal,,607.1234865873744,642.2999238087859,0.0,627.305894629408,230119.0,309747.0,0.0,539866.0,17738.0,557604.0,7823.79,11182.98,0.0,19006.769999999997,621.0699999999999,,0.0,621.0699999999999,30047.63,4054.4300000000003,0.0,34102.06,1938.74,8895.759999999998,0.0,10834.5,200.71999999999997,237.32999999999998,0.0,438.04999999999995,65.39999999999999,94.35,0.0,159.75,,,,,,,,,40697.35,24464.870000000003,0.0,65162.219999999994,,,,,,,,,,,,0.0,,,,0.0,,,,,,,,,,,,,,,,0.0,40697.35,24464.870000000003,0.0,65162.219999999994,4069.72,2446.49,0.0,6516.200000000001,36627.63,22018.379999999997,0.0,58646.01,1419.380172,1373.6056680000002,,2792.98584,129.05300000000003,48.98136,,178.03436000000002,9280.907260273972,24964.566849315073,,34245.47410958904,10829.34,26387.16,,37216.5,29.566040718441243,119.84151422584223,,63.45956016445108,1495.46,1431.38,0.0,2926.84,25722.21,269.8,0.0,25992.01,,,,,,,,,,,,,,0.0,0.0,58646.009999999995,0.0,0.0,,0.0,,0.0,,,,,,,,58646.009999999995,0.0
291,KARNATAKA,Mandya,,741.358920253094,716.856018265069,0.0,733.2386905881351,322094.0,159649.0,0.0,481743.0,13828.0,495571.0,14145.74,7571.210000000001,0.0,21716.95,4036.2200000000003,,,4036.2200000000003,29573.83,3506.76,0.0,33080.590000000004,5343.83,5836.209999999999,0.0,11180.040000000003,647.52,482.33,0.0,1129.8500000000001,445.908,459.06199999999995,0.0,904.9699999999999,,,,,,,,,54193.04000000001,17855.57,0.0,72048.61000000002,,,,,,,,,,,,0.0,,,,0.0,,,,,,,,,,,,,,,,0.0,54193.04000000001,17855.57,0.0,72048.61000000002,5419.310000000001,1645.67,0.0,7064.96,48773.729999999996,16209.900000000001,0.0,64983.630000000005,2721.5863649999997,1229.348178,,3950.934543,11.4554,55.9685,,67.4239,19960.03050851507,17506.81401696439,,37466.84452547946,22693.09,18792.16,,41485.24,46.527280156756525,115.93014145676406,,63.839523892401814,2757.74,1245.69,0.0,4003.4300000000003,26044.48,763.25,0.0,26807.73,,,,,,,,,,,,,,0.0,0.0,64983.63,0.0,0.0,,0.0,,0.0,,,,,,,,64983.63,0.0
292,KARNATAKA,Mysuru,,787.6996216817964,824.9578182953769,0.0,811.4970007111968,220978.0,390667.0,0.0,611645.0,19411.0,631056.0,10597.460000000001,18479.56,0.0,29077.02,4393.24,,0.0,4393.24,11741.85,13516.4,0.0,25258.25,2923.82,3412.900000000001,0.0,6336.7,631.43,832.57,0.0,1464.0,734.484,1575.984,0.0,2310.468,,,,,,,,,31022.289999999994,37817.39,0.0,68839.68000000001,,,,,,,,,,,,0.0,,,,0.0,,,,,,,,,,,,,,,,0.0,31022.289999999994,37817.39,0.0,68839.68000000001,3102.2499999999995,3781.7300000000005,0.0,6883.979999999999,27920.04,34035.659999999996,0.0,61955.7,1309.63329695,3003.1538839,,4312.787180850001,29.70366391304347,62.982704407894744,,92.68636832093821,12091.826709259258,15462.505916768196,,27554.33262602746,13431.17,18528.64,,31959.810000000005,48.10584082257762,54.43890319741119,,51.58493891603195,1350.6599999999999,3180.9600000000005,0.0,4531.620000000001,14447.840000000002,15329.21,0.0,29777.050000000003,,,,,,,,,,,,,,0.0,0.0,61955.7,0.0,0.0,,0.0,,0.0,,,,,,,,61955.7,0.0
293,KARNATAKA,Raichur,,604.39354207057,494.068542696524,0.0,552.4216742998115,443588.0,395079.0,0.0,838667.0,8325.0,846992.0,17423.809999999998,13827.71,0.0,31251.52,1447.95,,0.0,1447.95,34185.11,0.0,0.0,34185.11,4666.21,4567.14,0.0,9233.35,142.27,859.29,0.0,1001.56,653.914,1447.6840000000002,0.0,2101.598,,,,,,,,,58519.28,20701.83,0.0,79221.11,,,,,,,,,,,,0.0,,,,0.0,,,,,,,,,,,,,,,,0.0,58519.28,20701.83,0.0,79221.11,5851.92,2018.83,0.0,7870.75,52667.36,18683.0,0.0,71350.35999999999,1876.4039355,1428.506121,,3304.9100564999994,51.25,122.1,,173.35,15818.919999999998,14522.237945205481,,30341.15794520548,17746.579999999998,16072.859999999999,,33819.44,33.69559438711186,86.02933147781405,,47.39911613620451,2052.3199999999997,1536.75,0.0,3589.0699999999997,34744.85,4162.67,0.0,38907.52,,,,,,,,,,,,,,0.0,0.0,71350.36,0.0,0.0,,0.0,,0.0,,,,,,,,71350.36,0.0
294,KARNATAKA,Shivamogga,,793.1825617619447,2069.6936193002402,0.0,1916.53446524615,80956.0,593775.0,0.0,674731.0,172586.0,847317.0,3595.92,61249.69,0.0,64845.61,1347.48,,,1347.48,25372.85,4990.67,0.0,30363.52,1482.83,9743.32,0.0,11226.15,11.870000000000001,1854.0,0.0,1865.87,29.612000000000002,683.926,0.0,713.538,,,,,,,,,31840.559999999998,78521.62000000001,0.0,110362.18000000001,,,,,,,,,,,,0.0,,,,0.0,,,,,,,,,,,,,,,,0.0,31840.559999999998,78521.62000000001,0.0,110362.18000000001,3184.06,7852.17,0.0,11036.23,28656.5,70669.45,0.0,99325.94999999998,206.33293049999997,2490.2437987499998,,2696.57672925,266.37999999999994,0.0,,266.37999999999994,5012.2,32852.56780821918,,37864.76780821918,5484.91,35342.81,,40827.72,19.140195069181512,50.01144058712782,,41.10478681553008,210.55,2539.42,0.0,2749.97,23167.38,37037.630000000005,0.0,60205.01000000001,,,,,,,,,,,,,,0.0,0.0,99325.95,0.0,0.0,,0.0,,0.0,,,,,,,,99325.95,0.0
295,KARNATAKA,Tumakuru,,796.0283372990941,732.3732987522958,0.0,745.3500171944853,202147.0,789450.0,0.0,991597.0,68728.0,1060325.0,9764.48,43168.740000000005,0.0,52933.22,1185.01,,,1185.01,11748.710000000001,0.0,0.0,11748.710000000001,0.0,9233.58,0.0,9233.58,1985.1,4935.13,0.0,6920.2300000000005,799.1899999999999,1928.1499999999999,0.0,2727.3399999999997,,,,,,,,,25482.49,59265.600000000006,0.0,84748.09,,,,,,,,,,,,0.0,,,,0.0,,,,,,,,,,,,,,,,0.0,25482.49,59265.600000000006,0.0,84748.09,2548.26,5926.5599999999995,0.0,8474.82,22934.23,53339.03999999999,0.0,76273.26999999999,1419.1968689999999,4373.012367,,5792.209235999999,35.279999999999994,105.76499998200003,,141.04499998200004,7164.460639999999,56202.78093121553,,63367.24157121553,8618.93,60681.530000000006,,69300.46,37.58107422834776,113.76569582054724,,90.85812106915046,1467.82,4516.38,0.0,5984.199999999999,14266.679999999998,1677.1699999999998,0.0,15943.849999999999,,,,,,,,,,,,,,0.0,0.0,76273.26999999999,0.0,0.0,,0.0,,0.0,,,,,,,,76273.26999999999,0.0
296,KARNATAKA,Udupi,,0.0,4419.644793935846,0.0,4419.644793935846,0.0,286998.0,0.0,286998.0,70074.0,357072.0,0.0,44022.009999999995,0.0,44022.009999999995,0.0,,,0.0,0.0,0.0,0.0,0.0,0.0,2325.6399999999994,0.0,2325.6399999999994,0.0,644.01,0.0,644.01,0.0,4886.0380000000005,0.0,4886.0380000000005,,,,,,,,,0.0,51877.719999999994,0.0,51877.719999999994,,,,,,,,,,,,0.0,,,,0.0,,,,,,,,,,,,,,,,0.0,0.0,51877.719999999994,0.0,51877.719999999994,0.0,5187.77,0.0,5187.77,0.0,46689.95,0.0,46689.95,,2110.3168499999997,,2110.3168499999997,,57.303,,57.303,,13903.749999999998,,13903.749999999998,,16071.359999999999,,16071.359999999999,,34.42145472419653,,34.42145472419653,0.0,2144.62,0.0,2144.62,0.0,30584.28,0.0,30584.28,,,,,,,,,,,,,,0.0,0.0,46689.95,0.0,0.0,,0.0,,0.0,,,,,,,,46689.95,0.0
297,KARNATAKA,Uttara Kannada,,0.0,2600.682383060916,0.0,2600.682383060916,0.0,658548.0,0.0,658548.0,371143.0,1029691.0,0.0,81452.15999999999,0.0,81452.15999999999,0.0,,0.0,0.0,0.0,0.0,0.0,0.0,0.0,6963.53,0.0,6963.53,0.0,1317.5300000000002,0.0,1317.5300000000002,0.0,1783.192,0.0,1783.192,,,,,,,,,0.0,91516.4,0.0,91516.4,,,,,,,,,,,,0.0,,,,0.0,,,,,,,,,,,,,,,,0.0,0.0,91516.4,0.0,91516.4,0.0,8867.380000000001,0.0,8867.380000000001,0.0,82649.02,0.0,82649.02,,3147.0192690000003,,3147.0192690000003,,23.722194875,,23.722194875,,23438.18140672348,,23438.18140672348,,26608.93,,26608.93,,32.19509438829402,,32.19509438829402,0.0,3194.97,0.0,3194.97,0.0,55992.149999999994,0.0,55992.149999999994,,,,,,,,,,,,,,0.0,0.0,82649.02,0.0,0.0,,0.0,,0.0,,,,,,,,82649.02,0.0
298,KARNATAKA,Vijayanagara,,673.774794843769,659.6871430823415,0.0,661.1915314968143,57639.0,482114.0,0.0,539753.0,27012.0,566765.0,2186.8,20146.399999999998,0.0,22333.199999999997,438.21000000000004,,,438.21000000000004,5667.180000000001,5433.04,0.0,11100.22,0.0,5013.8099999999995,0.0,5013.8099999999995,160.76,715.9100000000001,0.0,876.6700000000001,15.0,277.5,0.0,292.5,,,,,,,,,8467.960000000001,31586.670000000002,0.0,40054.63,,,,,,,,,,,,0.0,,,,0.0,,,,,,,,,,,,,,,,0.0,8467.960000000001,31586.670000000002,0.0,40054.63,846.8,3158.65,0.0,4005.45,7621.16,28428.019999999997,0.0,36049.18000000001,177.874866,1394.76501,,1572.6398760000002,12.986874628199999,19.172874942,,32.1597495702,4377.0,25833.0,,30210.0,4567.84,27246.940000000002,,31814.780000000002,59.936282665630955,95.84536664882044,,88.25382435883422,187.14,1445.04,0.0,1632.1799999999998,4141.71,2988.27,0.0,7129.98,,,,,,,,,,,,,,0.0,0.0,36049.18,0.0,0.0,,0.0,,0.0,,,,,,,,36049.18,0.0
299,KARNATAKA,Vijayapura,,612.0418353459866,620.3726719980247,0.0,612.6782934205156,968711.9437730254,80129.2180123979,0.0,1048841.1617854235,1462.87,1050304.0364782591,57584.399999999994,4828.4400000000005,0.0,62412.83999999999,1070.66,,,1070.66,23426.549999999996,1171.3000000000002,0.0,24597.85,5518.7,863.51,0.0,6382.2,911.8699999999999,14.03,0.0,925.9,2855.838,166.74599999999998,0.0,3022.584,,,,,,,,,91368.04000000001,7044.04,0.0,98412.08,,,,,,,,,,,,0.0,,,,0.0,,,,,,,,,,,,,,,,0.0,91368.04000000001,7044.04,0.0,98412.08,9136.820000000002,704.4200000000001,0.0,9841.23,82231.21999999999,6339.62,0.0,88570.83999999998,4882.862762999999,189.712692,,5072.575454999999,26.4625,0.0,,26.4625,29096.989999999998,4834.16,,33931.15,34006.31,5023.880000000001,,39030.20999999999,41.354500152132005,79.24575920954254,,44.06665895908857,5041.58,195.88,0.0,5237.459999999999,48066.189999999995,2681.17,0.0,50747.35999999999,,,,,,,,,,,,,,0.0,0.0,88570.84,0.0,0.0,,0.0,,0.0,,,,,,,,88570.84,0.0
300,KARNATAKA,Yadgir,,832.9290364695171,845.5272824751211,0.0,836.9877057611172,349278.0,166004.0,0.0,515282.0,12217.0,527499.0,15842.46,7819.39,0.0,23661.850000000002,1208.3200000000002,,,1208.3200000000002,24557.4,0.0,0.0,24557.4,1013.61,2360.5600000000004,0.0,3374.17,1011.1800000000001,1149.02,0.0,2160.2000000000003,2205.746,2544.9719999999998,0.0,4750.718,,,,,,,,,45838.700000000004,13873.95,0.0,59712.649999999994,,,,,,,,,,,,0.0,,,,0.0,,,,,,,,,,,,,,,,0.0,45838.700000000004,13873.95,0.0,59712.649999999994,4583.88,1077.78,0.0,5661.660000000001,41254.82,12796.169999999998,0.0,54050.99,2118.9284775,948.222477,,3067.1509544999994,125.10000000000001,1042.3500000000001,,1167.4500000000003,6739.1,9308.55,,16047.650000000001,8983.11,11299.130000000001,,20282.239999999998,21.774692023865335,88.30087440226258,,37.52427106330522,2226.92,1003.5,0.0,3230.42,32163.719999999998,2247.02,0.0,34410.74,,,,,,,,,,,,,,0.0,0.0,54050.990000000005,0.0,0.0,,0.0,,0.0,,,,,,,,54050.990000000005,0.0
301,KERALA,ALAPPUZHA,,0.0,2688.5,0.0,2688.5,0.0,141403.0,0.0,141403.0,0.0,141403.0,0.0,31758.43,0.0,31758.43,0.0,,0.0,0.0,0.0,5881.259999999999,0.0,5881.259999999999,0.0,883.47,0.0,883.47,0.0,128.95999999999998,0.0,128.95999999999998,0.0,0.0,0.0,0.0,,,,,,,,,0.0,38652.12,0.0,38652.12,,0.0,,0.0,,,,,,0.0,,0.0,,0.0,,0.0,0.0,0.0,0.0,0.0,0.0,0.0,0.0,0.0,0.0,0.0,0.0,0.0,0.0,0.0,0.0,0.0,0.0,38652.12,0.0,38652.12,0.0,3014.71,0.0,3014.71,0.0,35637.41,0.0,35637.41,,10259.142216749999,,10259.142216749999,,261.51965,,261.51965,,3737.237,,3737.237,,14257.91,,14257.91,,40.00826659400894,,40.00826659400894,0.0,10454.89,0.0,10454.89,0.0,21183.760000000002,0.0,21183.760000000002,,,,,,,0.0,0.0,0.0,,,,,0.0,0.0,35637.41,0.0,0.0,,202.28,,202.28,,,,,,,,35637.41,0.0
302,KERALA,ERNAKULAM,,0.0,3146.2000000000007,0.0,3146.2000000000007,0.0,226947.5,0.0,226947.5,67499.5,294447.0,0.0,44815.58000000001,0.0,44815.58000000001,0.0,,0.0,0.0,0.0,5301.45,0.0,5301.45,0.0,1881.8200000000002,0.0,1881.8200000000002,0.0,319.32,0.0,319.32,0.0,0.0,0.0,0.0,,,,,,,,,0.0,52318.17,0.0,52318.17,,0.0,,0.0,,,,,,0.0,,0.0,,0.0,,0.0,0.0,0.0,0.0,0.0,0.0,0.0,0.0,0.0,0.0,0.0,0.0,0.0,0.0,0.0,0.0,0.0,0.0,52318.17,0.0,52318.17,0.0,5123.02,0.0,5123.02,0.0,47195.15000000001,0.0,47195.15000000001,,15247.354157774998,,15247.354157774998,,220.74995,,220.74995,,7933.2675,,7933.2675,,23401.37,,23401.37,,49.58426872252762,,49.58426872252762,0.0,19007.469999999994,0.0,19007.469999999994,0.0,20033.690000000002,0.0,20033.690000000002,,,,,,,0.0,0.0,0.0,,,,,0.0,0.0,47195.15,0.0,0.6799999999999999,,119.22,,119.91999999999999,,,,,,,,47195.15,0.0
303,KERALA,IDUKKI,,0.0,3606.9000000000005,0.0,3606.9000000000005,0.0,108891.0,0.0,108891.0,326914.0,435805.0,0.0,19216.649999999998,0.0,19216.649999999998,0.0,,0.0,0.0,0.0,467.52000000000004,0.0,467.52000000000004,0.0,1579.1599999999999,0.0,1579.1599999999999,0.0,7.960000000000001,0.0,7.960000000000001,0.0,0.0,0.0,0.0,,,,,,,,,0.0,21271.29,0.0,21271.29,0.0,0.0,0.0,0.0,,,,,0.0,0.0,0.0,0.0,0.0,0.0,0.0,0.0,0.0,0.0,0.0,0.0,0.0,0.0,0.0,0.0,0.0,0.0,0.0,0.0,0.0,0.0,0.0,0.0,0.0,21271.29,0.0,21271.29,0.0,2127.12,0.0,2127.12,0.0,19144.17,0.0,19144.17,,4047.4775175000004,,4047.4775175000004,,13.2675,,13.2675,,6066.22,,6066.22,,10126.96,,10126.96,,52.89840196780534,,52.89840196780534,0.0,4115.09,0.0,4115.09,0.0,8949.59,0.0,8949.59,,,,,,,0.0,0.0,50.256719999999994,,,,,0.0,0.0,19144.17,0.0,0.08,,10.78,,10.86,,,,,,,,19144.17,0.0
304,KERALA,KANNUR,,0.0,3279.992644451712,0.0,3279.992644451712,0.0,232396.0,0.0,232396.0,64400.0,296796.0,0.0,40443.96000000001,0.0,40443.96000000001,0.0,,0.0,0.0,0.0,1109.31,0.0,1109.31,0.0,2473.14,0.0,2473.14,0.0,247.23,0.0,247.23,0.0,848.0600000000001,0.0,848.0600000000001,,,,,,,,,0.0,45121.719999999994,0.0,45121.719999999994,0.0,0.0,0.0,0.0,,,,,0.0,0.0,0.0,0.0,0.0,0.0,0.0,0.0,0.0,0.0,0.0,0.0,0.0,0.0,0.0,0.0,0.0,0.0,0.0,0.0,0.0,0.0,0.0,0.0,0.0,45121.719999999994,0.0,45121.719999999994,0.0,4512.19,0.0,4512.19,0.0,40609.53,0.0,40609.53,,11984.6058225,,11984.6058225,,48.7225,,48.7225,,8149.015000000001,,8149.015000000001,,20182.309999999998,,20182.309999999998,,49.6984574803008,,49.6984574803008,0.0,14322.080000000002,0.0,14322.080000000002,0.0,18219.94,0.0,18219.94,,,,,,,0.0,0.0,17.634239999999995,,,,,0.0,0.0,40609.53,0.0,4.999999999999999,,81.99000000000001,,87.00000000000001,,,,,,,,40609.53,0.0
305,KERALA,KASARGOD,,0.0,3452.999999999999,0.0,3452.999999999999,0.0,164830.0,0.0,164830.0,31300.0,196130.0,0.0,29622.12,0.0,29622.12,0.0,,0.0,0.0,0.0,372.09,0.0,372.09,0.0,3895.34,0.0,3895.34,0.0,16.14,0.0,16.14,0.0,1321.904,0.0,1321.904,,,,,,,,,0.0,35227.6,0.0,35227.6,,0.0,,0.0,,,,,,0.0,,0.0,,,,0.0,0.0,0.0,0.0,0.0,0.0,0.0,0.0,0.0,0.0,0.0,0.0,0.0,0.0,0.0,0.0,0.0,0.0,35227.6,0.0,35227.6,0.0,3522.7599999999998,0.0,3522.7599999999998,0.0,31704.840000000004,0.0,31704.840000000004,,7745.386438124999,,7745.386438124999,,22.7563,,22.7563,,15371.64,,15371.64,,23139.78,,23139.78,,72.9850079672378,,72.9850079672378,0.0,11365.26,0.0,11365.26,0.0,5781.15,0.0,5781.15,,,,,,,0.0,0.0,1.3932,,,,,0.0,0.0,31704.840000000004,0.0,1.28,,40.69,,41.97,,,,,,,,31704.840000000004,0.0
306,KERALA,KOLLAM,,0.0,2361.0,0.0,2361.0,0.0,211200.0,0.0,211200.0,37900.0,249100.0,0.0,33911.00000000001,0.0,33911.00000000001,0.0,,0.0,0.0,0.0,797.84,0.0,797.84,0.0,1458.9899999999998,0.0,1458.9899999999998,0.0,633.0899999999999,0.0,633.0899999999999,0.0,655.0300000000001,0.0,655.0300000000001,,,,,,,,,0.0,37455.950000000004,0.0,37455.950000000004,,0.0,,0.0,,,,,0.0,0.0,0.0,0.0,0.0,0.0,0.0,0.0,0.0,0.0,0.0,0.0,0.0,0.0,0.0,0.0,0.0,0.0,0.0,0.0,0.0,0.0,0.0,0.0,0.0,37455.950000000004,0.0,37455.950000000004,0.0,3646.2200000000003,0.0,3646.2200000000003,0.0,33809.73,0.0,33809.73,,12096.867522,,12096.867522,,22.2817,,22.2817,,4843.892,,4843.892,,16963.059999999998,,16963.059999999998,,50.172125006617904,,50.172125006617904,0.0,12609.600000000002,0.0,12609.600000000002,0.0,16333.940000000002,0.0,16333.940000000002,,,,,,,0.0,0.0,9.1368,,,,,0.0,0.0,33809.73,0.0,5.310000000000001,,108.66000000000001,,113.97000000000001,,,,,,,,33809.73,0.0
307,KERALA,KOTTAYAM,,0.0,2950.0418950925473,0.0,2950.0418950925473,0.0,197088.0,0.0,197088.0,25000.0,222088.0,0.0,35334.649999999994,0.0,35334.649999999994,0.0,,0.0,0.0,0.0,3842.4700000000007,0.0,3842.4700000000007,0.0,1515.6999999999998,0.0,1515.6999999999998,0.0,622.84,0.0,622.84,0.0,338.032,0.0,338.032,,,,,,,,,0.0,41653.689999999995,0.0,41653.689999999995,,,,,,,,,,,,0.0,,,,0.0,0.0,0.0,0.0,0.0,0.0,0.0,0.0,0.0,0.0,0.0,0.0,0.0,0.0,0.0,0.0,0.0,0.0,41653.689999999995,0.0,41653.689999999995,0.0,3885.68,0.0,3885.68,0.0,37768.009999999995,0.0,37768.009999999995,,8895.350024624999,,8895.350024624999,,15.81375,,15.81375,,4897.6915,,4897.6915,,13808.85,,13808.85,,36.562291738431554,,36.562291738431554,0.0,9183.519999999999,0.0,9183.519999999999,0.0,23670.989999999998,0.0,23670.989999999998,,,,,,,0.0,0.0,0.0,,,,,0.0,0.0,37768.01,0.0,2.62,,143.85000000000002,,146.45000000000002,,,,,,,,37768.01,0.0
308,KERALA,KOZHIKKODE,,0.0,3366.454063665905,0.0,3366.454063665905,0.0,166180.0,0.0,166180.0,68050.0,234230.0,0.0,32804.99,0.0,32804.99,0.0,,0.0,0.0,0.0,223.96,0.0,223.96,0.0,1133.77,0.0,1133.77,0.0,64.69000000000001,0.0,64.69000000000001,0.0,686.6319999999998,0.0,686.6319999999998,,,,,,,,,0.0,34914.08,0.0,34914.08,,0.0,,0.0,,,,,,,,0.0,,,,0.0,0.0,0.0,0.0,0.0,0.0,0.0,0.0,0.0,0.0,0.0,0.0,0.0,0.0,0.0,0.0,0.0,0.0,34914.08,0.0,34914.08,0.0,3491.4000000000005,0.0,3491.4000000000005,0.0,31422.68,0.0,31422.68,,15128.769331499998,,15128.769331499998,,7.089,,7.089,,4344.6975,,4344.6975,,19480.57,,19480.57,,61.99525311017392,,61.99525311017392,0.0,20923.94,0.0,20923.94,0.0,7434.5599999999995,0.0,7434.5599999999995,,,,,,,0.0,0.0,0.0,,,,,25266.799999999992,0.0,56689.48000000001,0.0,0.0,,0.0,,0.0,,,,,,,,56689.48000000001,0.0
309,KERALA,MALAPPURAM,,0.0,2763.564808148524,0.0,2763.564808148524,0.0,254181.0,0.0,254181.0,100800.0,354981.0,0.0,43614.57,0.0,43614.57,0.0,,0.0,0.0,0.0,4862.740000000001,0.0,4862.740000000001,0.0,3158.93,0.0,3158.93,0.0,16.120000000000005,0.0,16.120000000000005,0.0,1040.824,0.0,1040.824,,,,,,,,,0.0,52693.23,0.0,52693.23,,,,,,,,,,,,0.0,,,,0.0,0.0,0.0,0.0,0.0,0.0,0.0,0.0,0.0,0.0,0.0,0.0,0.0,0.0,0.0,0.0,0.0,0.0,52693.23,0.0,52693.23,0.0,5133.21,0.0,5133.21,0.0,47560.02000000001,0.0,47560.02000000001,,25590.55077,,25590.55077,,6.0425,,6.0425,,9214.831,,9214.831,,34811.41,,34811.41,,73.1946916759076,,73.1946916759076,0.0,49258.69,0.0,49258.69,0.0,10735.33,0.0,10735.33,,,,,,,0.0,0.0,29.065679999999997,,,,,0.0,0.0,47560.02000000001,0.0,2.13,,112.55,,114.68,,,,,,,,47560.02000000001,0.0
310,KERALA,PALAKKAD,,0.0,2182.7,0.0,2182.7,0.0,298228.0,0.0,298228.0,149394.0,447622.0,0.0,35922.01999999999,0.0,35922.01999999999,0.0,,0.0,0.0,0.0,19513.989999999998,0.0,19513.989999999998,0.0,4637.01,0.0,4637.01,0.0,3028.26,0.0,3028.26,0.0,1351.9479999999999,0.0,1351.9479999999999,,,,,,,,,0.0,64453.23,0.0,64453.23,,,,,,,,,0.0,0.0,0.0,0.0,,,,0.0,0.0,0.0,0.0,0.0,0.0,0.0,0.0,0.0,0.0,0.0,0.0,0.0,0.0,0.0,0.0,0.0,0.0,64453.23,0.0,64453.23,0.0,6036.69,0.0,6036.69,0.0,58416.53999999999,0.0,58416.53999999999,,16057.643432249999,,16057.643432249999,,612.7676,,612.7676,,17634.799,,17634.799,,34305.25,,34305.25,,58.72523432575775,,58.72523432575775,0.0,22322.489999999998,0.0,22322.489999999998,0.0,19891.980000000003,0.0,19891.980000000003,,,,,,,0.0,0.0,185.27399999999997,,,,,0.0,0.0,58416.54,0.0,0.0,,0.0,,0.0,,,,,,,,58416.54,0.0
311,KERALA,PATHANAMTHITTA,,0.0,2776.4,0.0,2776.4,0.0,129665.0,0.0,129665.0,133010.0,262675.0,0.0,23884.489999999994,0.0,23884.489999999994,0.0,,0.0,0.0,0.0,959.0000000000002,0.0,959.0000000000002,0.0,1071.95,0.0,1071.95,0.0,25.08,0.0,25.08,0.0,359.412,0.0,359.412,,,,,,,,,0.0,26299.94,0.0,26299.94,,0.0,,0.0,,,,,,0.0,,0.0,,0.0,,0.0,0.0,0.0,0.0,0.0,0.0,0.0,0.0,0.0,0.0,0.0,0.0,0.0,0.0,0.0,0.0,0.0,0.0,26299.94,0.0,26299.94,0.0,2526.49,0.0,2526.49,0.0,23773.450000000004,0.0,23773.450000000004,,3869.505880874999,,3869.505880874999,,4.0734,,4.0734,,3776.149,,3776.149,,7649.73,,7649.73,,32.177618309500716,,32.177618309500716,0.0,4195.9800000000005,0.0,4195.9800000000005,0.0,15797.240000000002,0.0,15797.240000000002,,,,,,,0.0,0.0,0.0,,,,,0.0,0.0,23773.450000000004,0.0,0.0,,0.0,,0.0,,,,,,,,23773.450000000004,0.0
312,KERALA,THIRUVANANTHAPURAM,,0.0,1808.7000000000003,0.0,1808.7000000000003,0.0,194297.0,0.0,194297.0,24500.0,218797.0,0.0,25966.519999999997,0.0,25966.519999999997,0.0,,0.0,0.0,0.0,1192.68,0.0,1192.68,0.0,1120.9500000000003,0.0,1120.9500000000003,0.0,408.63000000000005,0.0,408.63000000000005,0.0,549.3679999999999,0.0,549.3679999999999,,,,,,,,,0.0,29238.170000000002,0.0,29238.170000000002,,,,,,,,,,,,0.0,,,,0.0,,,,,,,,,,,,,,,,0.0,0.0,29238.170000000002,0.0,29238.170000000002,0.0,2470.5000000000005,0.0,2470.5000000000005,0.0,26767.67,0.0,26767.67,,12784.768416524996,,12784.768416524996,,7.0931,,7.0931,,4892.458,,4892.458,,17684.3,,17684.3,,66.0658921751501,,66.0658921751501,0.0,13568.35,0.0,13568.35,0.0,8299.79,0.0,8299.79,,,,,,,,,,,,,,0.0,0.0,26767.67,0.0,2.4500000000000006,,76.53,,78.97999999999999,,,,,,,,26767.67,0.0
313,KERALA,THRISSUR,,0.0,3006.160989923316,0.0,3006.160989923316,0.0,236685.0,0.0,236685.0,65700.0,302385.0,0.0,48319.44,0.0,48319.44,0.0,,0.0,0.0,0.0,10098.589999999998,0.0,10098.589999999998,0.0,4102.16,0.0,4102.16,0.0,478.25,0.0,478.25,0.0,935.552,0.0,935.552,,,,,,,,,0.0,63934.00000000001,0.0,63934.00000000001,,,,,,,,,,,,0.0,,,,0.0,,,,,,,,,,,,,0.0,0.0,0.0,0.0,0.0,63934.00000000001,0.0,63934.00000000001,0.0,6092.28,0.0,6092.28,0.0,57841.719999999994,0.0,57841.719999999994,,14531.16498945,,14531.16498945,,39.11115,,39.11115,,19901.977,,19901.977,,34472.21000000001,,34472.21000000001,,59.59748430717484,,59.59748430717484,0.0,17127.38,0.0,17127.38,0.0,20773.289999999997,0.0,20773.289999999997,,,,,,,0.0,0.0,4.83552,,,,,0.0,0.0,57841.71999999999,0.0,2.27,,102.82,,105.08000000000001,,,,,,,,57841.71999999999,0.0
314,KERALA,WAYANAD,,0.0,3060.4000000000005,0.0,3060.4000000000005,0.0,142762.0,0.0,142762.0,70300.0,213062.0,0.0,22654.219999999998,0.0,22654.219999999998,0.0,,0.0,0.0,0.0,124.01,0.0,124.01,0.0,331.1,0.0,331.1,0.0,173.43,0.0,173.43,0.0,401.352,0.0,401.352,,,,,,,,,0.0,23684.11,0.0,23684.11,,,,,,,,,0.0,0.0,0.0,0.0,0.0,0.0,0.0,0.0,0.0,0.0,0.0,0.0,0.0,0.0,0.0,0.0,0.0,0.0,0.0,0.0,0.0,0.0,0.0,0.0,0.0,23684.11,0.0,23684.11,0.0,2368.42,0.0,2368.42,0.0,21315.690000000002,0.0,21315.690000000002,,4277.88468,,4277.88468,,1.843,,1.843,,1324.38,,1324.38,,5604.110000000001,,5604.110000000001,,26.291009111128936,,26.291009111128936,0.0,5047.469999999999,0.0,5047.469999999999,0.0,14941.99,0.0,14941.99,,,,,,,0.0,0.0,13.582079999999998,,,,,0.0,0.0,21315.690000000002,0.0,0.03,,15.020000000000001,,15.049999999999999,,,,,,,,21315.690000000002,0.0
315,LADAKH,KARGIL,,0.0,89.3,0.0,89.3,0.0,24900.0,0.0,24900.0,668100.0,693000.0,0.0,489.19,0.0,489.19,,,,,0.0,1071.6599999999999,0.0,1071.6599999999999,0.0,0.0,0.0,0.0,,,,,,,,,,,,,,,,,0.0,1560.8500000000001,0.0,1560.8500000000001,,,,,,,,,,,,0.0,,,,0.0,0.0,0.0,0.0,0.0,0.0,0.0,0.0,0.0,0.0,0.0,0.0,0.0,0.0,0.0,0.0,0.0,0.0,1560.8500000000001,0.0,1560.8500000000001,0.0,156.07,0.0,156.07,0.0,1404.78,0.0,1404.78,,454.569,,454.569,,17.899,,17.899,,7.239,,7.239,,479.71999999999997,,479.71999999999997,,34.14911943507168,,34.14911943507168,0.0,454.57000000000005,0.0,454.57000000000005,0.0,925.06,0.0,925.06,,,,,,,0.0,0.0,0.0,,,,,0.0,0.0,1404.78,0.0,0.0,,0.0,,0.0,,,,,,,,1404.78,0.0
316,LADAKH,LEH,,0.0,62.4,0.0,62.4,0.0,71400.0,0.0,71400.0,2799200.0,2870600.0,0.0,980.19,0.0,980.19,,,,,0.0,4200.85,0.0,4200.85,0.0,0.0,0.0,0.0,,,,,,,,,,,,,,,,,0.0,5181.039999999999,0.0,5181.039999999999,,,,,,,,,,,,0.0,,,,0.0,0.0,0.0,0.0,0.0,0.0,0.0,0.0,0.0,0.0,0.0,0.0,0.0,0.0,0.0,0.0,0.0,0.0,5181.039999999999,0.0,5181.039999999999,0.0,518.12,0.0,518.12,0.0,4662.92,0.0,4662.92,,1281.61,,1281.61,,49.855,,49.855,,65.67200000000001,,65.67200000000001,,1397.1599999999999,,1397.1599999999999,,29.96319902550333,,29.96319902550333,0.0,1281.61,0.0,1281.61,0.0,3265.76,0.0,3265.76,,,,,,,0.0,0.0,0.0,,,,,0.0,0.0,4662.92,0.0,0.0,,0.0,,0.0,,,,,,,,4662.92,0.0
317,LAKSHDWEEP,AMINI,,0.0,1805.54,0.0,1805.54,0.0,571.0,0.0,571.0,0.0,571.0,0.0,300.70000000000005,0.0,300.70000000000005,0.0,,0.0,0.0,0.0,0.0,0.0,0.0,0.0,0.0,0.0,0.0,0.0,0.0,0.0,0.0,,0.0,,0.0,,,,,,,,,0.0,300.70000000000005,0.0,300.70000000000005,,,,,,,,,,,,0.0,,,,0.0,0.0,0.0,0.0,0.0,0.0,0.0,0.0,0.0,0.0,52.92,0.0,52.92,0.0,-52.92,0.0,-52.92,0.0,247.78000000000003,0.0,247.78000000000003,0.0,120.28,0.0,120.28,0.0,127.5,0.0,127.5,,70.27935,,70.27935,,0.0,,0.0,,0.0,,0.0,,70.27000000000001,,70.27000000000001,,55.11372549019609,,55.11372549019609,0.0,72.19999999999999,0.0,72.19999999999999,0.0,55.31,0.0,55.31,,,,,,,0.0,0.0,0.0,,,,,0.0,0.0,127.5,0.0,0.0,,0.0,,0.0,,,,,,,,127.5,0.0
318,LAKSHDWEEP,ANDROTH,,0.0,1805.54,0.0,1805.54,0.0,712.0,0.0,712.0,0.0,712.0,0.0,374.95,0.0,374.95,0.0,,0.0,0.0,0.0,0.0,0.0,0.0,0.0,0.0,0.0,0.0,0.0,0.0,0.0,0.0,,0.0,,0.0,,,,,,,,,0.0,374.95,0.0,374.95,,,,,,,,,,,,0.0,,,,0.0,0.0,0.0,0.0,0.0,0.0,0.0,0.0,0.0,0.0,63.07000000000001,0.0,63.07000000000001,0.0,-63.07000000000001,0.0,-63.07000000000001,0.0,311.88,0.0,311.88,0.0,149.97,0.0,149.97,0.0,161.91,0.0,161.91,,85.66841,,85.66841,,0.0,,0.0,,0.0,,0.0,,85.67,,85.67,,52.912111666975484,,52.912111666975484,0.0,88.0,0.0,88.0,0.0,73.9,0.0,73.9,,,,,,,0.0,0.0,0.0,,,,,0.0,0.0,161.91,0.0,0.0,,0.0,,0.0,,,,,,,,161.91,0.0
319,LAKSHDWEEP,KAVARATTI,,0.0,1805.5399999999997,0.0,1805.5399999999997,0.0,634.0,0.0,634.0,0.0,634.0,0.0,333.87,0.0,333.87,0.0,,0.0,0.0,0.0,0.0,0.0,0.0,0.0,0.0,0.0,0.0,0.0,0.0,0.0,0.0,,0.0,,0.0,,,,,,,,,0.0,333.87,0.0,333.87,,,,,,,,,,,,0.0,,,,0.0,0.0,0.0,0.0,0.0,0.0,0.0,0.0,0.0,0.0,64.15,0.0,64.15,0.0,-64.15,0.0,-64.15,0.0,269.72,0.0,269.72,0.0,133.55,0.0,133.55,0.0,136.17000000000002,0.0,136.17000000000002,,100.7995,,100.7995,,0.0,,0.0,,0.0,,0.0,,100.80000000000001,,100.80000000000001,,74.02511566424323,,74.02511566424323,0.0,103.55,0.0,103.55,0.0,32.620000000000005,0.0,32.620000000000005,,,,,,,0.0,0.0,0.0,,,,,0.0,0.0,136.17000000000002,0.0,0.0,,0.0,,0.0,,,,,,,,136.17000000000002,0.0
320,LAKSHDWEEP,KILTAN,,0.0,1805.5400000000002,0.0,1805.5400000000002,0.0,267.0,0.0,267.0,0.0,267.0,0.0,140.60000000000002,0.0,140.60000000000002,0.0,,0.0,0.0,0.0,0.0,0.0,0.0,0.0,0.0,0.0,0.0,0.0,0.0,0.0,0.0,,0.0,,0.0,,,,,,,,,0.0,140.60000000000002,0.0,140.60000000000002,,,,,,,,,,,,0.0,,,,0.0,0.0,0.0,0.0,0.0,0.0,0.0,0.0,0.0,0.0,26.14,0.0,26.14,0.0,-26.14,0.0,-26.14,0.0,114.46000000000002,0.0,114.46000000000002,0.0,56.239999999999995,0.0,56.239999999999995,0.0,58.220000000000006,0.0,58.220000000000006,,36.122460000000004,,36.122460000000004,,0.0,,0.0,,0.0,,0.0,,36.13,,36.13,,62.057712126417044,,62.057712126417044,0.0,37.11,0.0,37.11,0.0,21.1,0.0,21.1,,,,,,,0.0,0.0,0.0,,,,,0.0,0.0,58.22,0.0,0.0,,0.0,,0.0,,,,,,,,58.22,0.0
321,LAKSHDWEEP,MINICOY,,0.0,1805.54,0.0,1805.54,0.0,437.0,0.0,437.0,0.0,437.0,0.0,230.14000000000001,0.0,230.14000000000001,0.0,,0.0,0.0,0.0,0.0,0.0,0.0,0.0,0.0,0.0,0.0,0.0,0.0,0.0,0.0,,0.0,,0.0,,,,,,,,,0.0,230.14000000000001,0.0,230.14000000000001,,,,,,,,,,,,0.0,,,,0.0,0.0,0.0,0.0,0.0,0.0,0.0,0.0,0.0,0.0,51.41,0.0,51.41,0.0,-51.41,0.0,-51.41,0.0,178.73000000000002,0.0,178.73000000000002,0.0,92.05,0.0,92.05,0.0,86.68,0.0,86.68,,56.924539999999986,,56.924539999999986,,0.0,,0.0,,0.0,,0.0,,56.92,,56.92,,65.66682048915551,,65.66682048915551,0.0,58.48,0.0,58.48,0.0,28.2,0.0,28.2,,,,,,,0.0,0.0,0.0,,,,,0.0,0.0,86.68,0.0,0.0,,0.0,,0.0,,,,,,,,86.68,0.0
322,MADHYA PRADESH,AGAR MALWA,,1036.1,1036.1,0.0,1036.1,11375.0,240201.0,0.0,251576.0,20617.0,272193.0,1013.36,30635.100000000002,0.0,31648.46,822.45,,,822.45,575.2080000000001,0.0,0.0,575.21,146.48,8759.02,0.0,8905.5,396.75,486.57,0.0,883.3199999999999,0.0,794.762,0.0,794.762,,,,,,,,,2954.25,40675.45,0.0,43629.7,,,,,,,,,,,,0.0,,,,0.0,,,,,,,,,,,,,,,,0.0,2954.25,40675.45,0.0,43629.7,147.71,2033.77,0.0,2181.48,2806.54,38641.68,0.0,41448.22,96.49358999999998,1594.49082,,1690.98441,0.0,4.0296,,4.0296,585.9,35036.04,,35621.94,682.39,36634.56,,37316.95,24.314280216921905,94.80581589620326,,90.03269621711136,101.86,1664.46,0.0,1766.3200000000002,2118.78,4375.98,0.0,6494.76,,,,,,,,,,,,,,0.0,0.0,41448.22,0.0,0.0,,0.0,,0.0,,,,,,,,41448.22,0.0
323,MADHYA PRADESH,ALIRAJPUR,,0.0,836.2,0.0,836.2,0.0,305400.0,0.0,305400.0,26400.0,331800.0,0.0,20453.23,0.0,20453.23,0.0,,0.0,0.0,0.0,0.0,0.0,0.0,0.0,1794.99,0.0,1794.99,0.0,486.63,0.0,486.63,0.0,429.204,0.0,429.204,,,,,,,,,0.0,23164.059999999998,0.0,23164.059999999998,,,,,,,,,,,,0.0,,,,0.0,,,,,,,,,,,,,,,,0.0,0.0,23164.059999999998,0.0,23164.059999999998,0.0,1158.19,0.0,1158.19,0.0,22005.870000000003,0.0,22005.870000000003,,1941.1634399999998,,1941.1634399999998,,0.0,,0.0,,7179.838,,7179.838,,9120.99,,9120.99,,41.44798637818,,41.44798637818,0.0,2049.42,0.0,2049.42,0.0,12776.62,0.0,12776.62,,,,,,,,,,,,,,0.0,0.0,22005.870000000003,0.0,0.0,,0.0,,0.0,,,,,,,,22005.870000000003,0.0
324,MADHYA PRADESH,ANUPPUR,,0.0,1423.6000000000001,0.0,1423.6000000000001,0.0,294200.0,0.0,294200.0,78200.0,372400.0,0.0,29039.979999999996,0.0,29039.979999999996,0.0,,0.0,0.0,0.0,0.0,0.0,0.0,0.0,403.24,0.0,403.24,0.0,50.62,0.0,50.62,0.0,230.79,0.0,230.79,,,,,,,,,0.0,29724.640000000003,0.0,29724.640000000003,,,,,,,,,,,,0.0,,,,0.0,,,,,,,,,,,,,,,,0.0,0.0,29724.640000000003,0.0,29724.640000000003,0.0,1486.23,0.0,1486.23,0.0,28238.410000000003,0.0,28238.410000000003,,1579.2133799999997,,1579.2133799999997,,3929.0797299999995,,3929.0797299999995,,1612.9376,,1612.9376,,7121.24,,7121.24,,25.218275391567722,,25.218275391567722,0.0,1623.03,0.0,1623.03,0.0,21073.35,0.0,21073.35,,,,,,,,,,,,,,0.0,0.0,28238.409999999996,0.0,0.0,,0.0,,0.0,,,,,,,,28238.409999999996,0.0
325,MADHYA PRADESH,ASHOKNAGAR,,932.1121549636804,935.8884767456079,0.0,935.7197757028755,20650.0,441594.0,0.0,462244.0,5150.0,467394.0,1276.85,26852.019999999997,0.0,28128.87,1078.16,,0.0,1078.16,2912.6447999999996,0.0,0.0,2912.64,258.36,5062.129999999999,0.0,5320.49,238.4,165.91,0.0,404.30999999999995,104.60000000000001,990.4639999999999,0.0,1095.0639999999999,,,,,,,,,5869.01,33070.52,0.0,38939.53,,,,,,,,,,,,0.0,,,,0.0,,,,,,,,,,,,,,,,0.0,5869.01,33070.52,0.0,38939.53,293.46000000000004,1653.5300000000002,0.0,1946.9900000000002,5575.55,31416.989999999998,0.0,36992.54,88.34898,1761.7017,,1850.0506799999998,0.0,1.4052499999999999,,1.4052499999999999,1033.4394,20248.5516,,21281.990999999998,1121.79,22011.66,,23133.449999999997,20.11980880809965,70.06291818535131,,62.53544633593692,92.05000000000001,1835.8,0.0,1927.85,4450.0599999999995,9331.23,0.0,13781.289999999999,,,,,,,,,,,,,,0.0,0.0,36992.54,0.0,0.0,,0.0,,0.0,,,,,,,,36992.54,0.0
326,MADHYA PRADESH,BALAGHAT,,1471.6000000000001,1471.6,0.0,1471.6,101503.0,790290.0,0.0,891793.0,31107.0,922900.0,7994.4800000000005,61298.61,0.0,69293.09,476.37,,0.0,476.37,573.5508,0.0,0.0,573.54,519.08,3207.1000000000004,0.0,3726.1800000000003,909.4000000000001,303.28000000000003,0.0,1212.68,45.540000000000006,1085.018,0.0,1130.5579999999998,,,,,,,,,10518.410000000002,65894.01,0.0,76412.42,,,,,,,,,,,,0.0,,,,0.0,,,,,,,,,,,,,,,,0.0,10518.410000000002,65894.01,0.0,76412.42,743.53,3763.0299999999997,0.0,4506.56,9774.88,62130.979999999996,0.0,71905.85999999999,483.93744,3412.26966,,3896.2070999999996,0.0,431.08398,,431.08398,1889.37,10530.0216,,12419.391599999999,2373.33,14373.4,,16746.73,24.279888857970636,23.13403072026226,,23.289798633936098,499.1000000000001,3519.2700000000004,0.0,4018.3700000000003,7386.39,47650.560000000005,0.0,55036.950000000004,,,,,,,,,,,,,,0.0,0.0,71905.86,0.0,0.0,,0.0,,0.0,,,,,,,,71905.86,0.0
327,MADHYA PRADESH,BARWANI,,742.5,742.5,0.0,742.5,68712.0,298119.0,0.0,366831.0,175369.0,542200.0,5361.049999999999,27936.049999999996,0.0,33297.1,1078.61,,0.0,1078.61,9670.007318400003,0.0,0.0,9670.01,626.86,7558.09,0.0,8184.95,1280.67,121.93,0.0,1402.6,385.952,2369.046,0.0,2754.998,,,,,,,,,18403.14,37985.13,0.0,56388.27,,,,,,,,,,,,0.0,,,,0.0,,,,,,,,,,,,,,,,0.0,18403.14,37985.13,0.0,56388.27,920.1600000000001,2185.37,0.0,3105.5299999999997,17482.980000000003,35799.759999999995,0.0,53282.740000000005,599.22999,3205.8301859999997,,3805.060176,2.8350000000000004,35.153,,37.988,2507.4432,30974.324399999998,,33481.7676,3109.51,34215.31,,37324.82,17.7859266555244,95.57413234055201,,70.05048914526542,641.12,3498.79,0.0,4139.910000000001,14331.58,5833.860000000001,0.0,20165.440000000002,,,,,,,,,,,,,,0.0,0.0,53282.73999999999,0.0,0.0,,0.0,,0.0,,,,,,,,53282.73999999999,0.0
328,MADHYA PRADESH,BETUL,,1081.3,1081.3,0.0,1081.3,26248.0,830202.0,0.0,856450.0,147850.0,1004300.0,2596.37,82251.37,0.0,84847.73999999999,221.91,,0.0,221.91,5457.545280000001,0.0,0.0,5457.54,411.8,10843.370000000003,0.0,11255.17,564.27,1935.6600000000003,0.0,2499.9300000000003,36.059999999999995,1160.4539999999997,0.0,1196.514,,,,,,,,,9287.96,96190.84000000001,0.0,105478.79999999999,,,,,,,,,,,,0.0,,,,0.0,,,,,,,,,,,,,,,,0.0,9287.96,96190.84000000001,0.0,105478.79999999999,529.71,4809.55,0.0,5339.26,8758.25,91381.29000000001,0.0,100139.54000000001,556.8184499999999,3215.7840864,,3772.6025364,0.0,168.93003,,168.93003,1647.2112000000002,43180.8036,,44828.014800000004,2204.0199999999995,46565.51,,48769.530000000006,25.16507293123626,50.957378693165744,,48.70157182667306,578.52,3339.0000000000005,0.0,3917.5199999999995,6532.52,44692.56,0.0,51225.08,,,,,,,,,,,,,,0.0,0.0,100139.54000000001,0.0,0.0,,0.0,,0.0,,,,,,,,100139.54000000001,0.0
329,MADHYA PRADESH,BHIND,,951.0,951.0,0.0,951.0,179891.0,266009.0,0.0,445900.0,0.0,445900.0,30952.86,49512.369999999995,0.0,80465.23,6027.16,,0.0,6027.16,3860.505539999999,0.0,0.0,3860.51,0.0,5279.54,0.0,5279.54,0.0,1.15,0.0,1.15,7.2,294.992,0.0,302.192,,,,,,,,,40847.73,55088.06,0.0,95935.79000000001,,,,,,,,,,,,0.0,,,,0.0,,,,,,,,,,,,,,,,0.0,40847.73,55088.06,0.0,95935.79000000001,2042.38,3526.91,0.0,5569.29,38805.350000000006,51561.15,0.0,90366.5,1263.8862299999998,2347.9668899999997,,3611.8531199999998,148.38344999999998,100.50019499999999,,248.88364499999997,4444.0648,21118.176,,25562.2408,5856.3099999999995,23566.650000000005,,29422.96,15.091501558419132,45.70621485362526,,32.559587900383434,1315.0900000000001,2443.08,0.0,3758.17,32897.850000000006,27899.379999999997,0.0,60797.23,,,,,,,,,,,,,,0.0,0.0,90366.5,0.0,0.0,,0.0,,0.0,,,,,,,,90366.5,0.0
330,MADHYA PRADESH,BHOPAL,,0.0,1106.7,0.0,1106.7,0.0,264800.0,0.0,264800.0,12437.0,277237.0,0.0,30498.589999999997,0.0,30498.589999999997,0.0,,0.0,0.0,0.0,0.0,0.0,0.0,0.0,5929.2,0.0,5929.2,0.0,1490.14,0.0,1490.14,0.0,377.252,0.0,377.252,0.0,1234.6125,0.0,1234.6125,0.0,0.0,0.0,0.0,0.0,39529.799999999996,0.0,39529.799999999996,,,,,,,,,,,,0.0,,,,0.0,,,,,,,,,,,,,,,,0.0,0.0,39529.799999999996,0.0,39529.799999999996,0.0,1976.5,0.0,1976.5,0.0,37553.3,0.0,37553.3,,5208.8027624999995,,5208.8027624999995,,850.92643,,850.92643,,23716.8,,23716.8,,29776.53,,29776.53,,79.291380517824,,79.291380517824,0.0,5584.57,0.0,5584.57,0.0,7401.01,0.0,7401.01,,,,,,,,,,,,,,0.0,0.0,37553.3,0.0,0.0,,0.0,,0.0,,,,,,,,37553.3,0.0
331,MADHYA PRADESH,BURHANPUR,,883.8000000000001,883.8000000000001,0.0,883.8000000000001,11289.0,245761.0,0.0,257050.0,66250.0,323300.0,1056.85,24095.5,0.0,25152.35,133.96,,0.0,133.96,1133.0779199999997,0.0,0.0,1133.08,87.39,4954.34,0.0,5041.73,375.41999999999996,289.21999999999997,0.0,664.64,353.322,3549.586,,3902.9080000000004,,,,,,,,,3140.02,32888.66,0.0,36028.68,,,,,,,,,,,,0.0,,,,0.0,,,,,,,,,,,,,,,,0.0,3140.02,32888.66,0.0,36028.68,157.0,1644.4299999999998,0.0,1801.43,2983.02,31244.23,0.0,34227.25,152.22252,1606.0156949999998,,1758.2382149999999,0.0,71.03557,,71.03557,389.71799999999996,22345.092,,22734.809999999998,541.9499999999999,24022.14,,24564.09,18.1678299173321,76.88504405453422,,71.7676412799743,160.9,1698.24,0.0,1859.14,2432.3900000000003,7129.87,0.0,9562.26,,,,,,,,,,,,,,0.0,0.0,34227.25,0.0,0.0,,0.0,,0.0,,,,,,,,34227.25,0.0
332,MADHYA PRADESH,CHHATARPUR,,1095.1,1095.0999999999997,0.0,1095.1,116640.0,673794.0,0.0,790434.0,78302.0,868736.0,8345.51,57537.73000000001,0.0,65883.23999999999,3858.06,,,3858.06,1977.588,0.0,0.0,1977.5899999999997,492.95,12139.7,0.0,12632.65,1274.13,765.45,0.0,2039.58,28.379999999999995,1783.386,0.0,1811.7660000000003,,,,,,,,,15976.610000000002,72226.25,0.0,88202.86000000002,,,,,,,,,,,,0.0,,,,0.0,,,,,,,,,,,,,,,,0.0,15976.610000000002,72226.25,0.0,88202.86000000002,798.8100000000001,3611.32,0.0,4410.13,15177.8,68614.93000000001,0.0,83792.73,619.32543,2536.7328449999995,,3156.0582750000003,0.0,86.3955,,86.3955,1971.7796,48558.797999999995,,50530.5776,2591.13,51181.92999999999,,53773.06,17.071841768899315,74.59299309931525,,64.17389670917751,652.3000000000001,2671.8200000000006,0.0,3324.12,12553.69,17297.91,0.0,29851.6,,,,,,,,,,,,,,0.0,0.0,83792.73000000001,0.0,0.0,,0.0,,0.0,,,,,,,,83792.73000000001,0.0
333,MADHYA PRADESH,CHHINDWARA,,1221.6,1221.6,0.0,1221.5999999999997,13311.0,871466.0,0.0,884777.0,296723.0,1181500.0,1039.41,88794.66,0.0,89834.07,708.57,,0.0,708.57,1234.683,0.0,0.0,1234.68,185.57,14025.979999999998,0.0,14211.529999999997,304.11999999999995,563.26,0.0,867.38,119.64,1057.864,,1177.5040000000001,,,,,,,,,3591.9900000000002,104441.78,0.0,108033.76999999999,,,,,,,,,,,,0.0,,,,0.0,,,,,,,,,,,,,,,,0.0,3591.9900000000002,104441.78,0.0,108033.76999999999,297.05,6065.62,0.0,6362.669999999999,3294.9399999999996,98376.16,0.0,101671.1,82.344,5386.171410000001,,5468.515410000001,0.0,589.6283000000001,,589.6283000000001,770.9,56103.795999999995,,56874.696,853.25,62079.6,,62932.85,25.89576744948315,63.1043130774773,,61.898464755471316,84.19,5590.789999999999,0.0,5674.98,2439.85,36091.96,0.0,38531.81,,,,,,,,,,,,,,0.0,0.0,101671.1,0.0,0.0,,0.0,,0.0,,,,,,,,101671.1,0.0
334,MADHYA PRADESH,DAMOH,,1176.0,1176.0,0.0,1176.0,57667.0,416952.0,0.0,474619.0,255981.0,730600.0,3002.29,24963.64,0.0,27965.929999999997,1403.3899999999999,,0.0,1403.3899999999999,3311.6040000000003,0.0,0.0,3311.6000000000004,158.29999999999998,4671.320000000001,0.0,4829.620000000001,1411.2199999999998,157.39,0.0,1568.61,52.620000000000005,478.27799999999996,0.0,530.898,,,,,,,,,9339.42,30270.63,0.0,39610.049999999996,,,,,,,,,,,,0.0,,,,0.0,,,,,,,,,,,,,,,,0.0,9339.42,30270.63,0.0,39610.049999999996,466.98,1513.5399999999997,0.0,1980.52,8872.44,28757.089999999997,0.0,37629.53,300.76583999999997,2064.7128375,,2365.4786775,0.0,299.3657,,299.3657,633.1823999999999,18685.269,,19318.4514,933.9700000000001,21049.35,,21983.32,10.52664205111559,73.1970793985066,,58.42039483352569,313.59000000000003,2421.59,0.0,2735.1800000000003,7925.64,7350.880000000001,0.0,15276.52,,,,,,,,,,,,,,0.0,0.0,37629.53,0.0,0.0,,0.0,,0.0,,,,,,,,37629.53,0.0
335,MADHYA PRADESH,DATIA,,963.8,963.8000000000001,0.0,963.8,132097.0,134103.0,0.0,266200.0,2900.0,269100.0,21853.86,19042.79,0.0,40896.649999999994,1081.8400000000001,,0.0,1081.8400000000001,3394.740239999999,0.0,0.0,3394.7400000000002,1561.5,2129.6,0.0,3691.1,14.23,12.11,0.0,26.340000000000003,41.4,440.34999999999997,0.0,481.75,,,,,,,,,27947.57,21624.850000000002,0.0,49572.42,,,,,,,,,,,,0.0,,,,0.0,,,,,,,,,,,,,,,,0.0,27947.57,21624.850000000002,0.0,49572.42,1397.37,1081.24,0.0,2478.61,26550.2,20543.61,0.0,47093.81,671.54379,1124.41608,,1795.9598700000001,0.0,33.36099999999999,,33.36099999999999,6245.9888,8990.193599999999,,15236.182400000002,6917.530000000001,10147.96,,17065.489999999998,26.05453066266921,49.39716047958464,,36.237225231936,708.4,1186.14,0.0,1894.54,19595.8,10333.93,0.0,29929.73,,,,,,,,,,,,,,0.0,0.0,47093.81,0.0,0.0,,0.0,,0.0,,,,,,,,47093.81,0.0
336,MADHYA PRADESH,DEWAS,,1069.0,1069.0,0.0,1069.0,18544.0,558538.0,0.0,577082.0,125002.0,702084.0,1774.33,65679.56,0.0,67453.89,267.81,,,267.81,884.87964,0.0,0.0,884.88,116.84,15245.469999999998,0.0,15362.309999999998,228.59,240.3,0.0,468.89,,3459.1760000000004,,3459.1760000000004,,,,,,,,,3272.46,84624.48999999999,0.0,87896.94999999998,,,,,,,,,,,,0.0,,,,0.0,,,,,,,,,,,,,,,,0.0,3272.46,84624.48999999999,0.0,87896.94999999998,188.04000000000002,4231.24,0.0,4419.280000000001,3084.42,80393.24999999999,0.0,83477.67,128.09529,4237.96536,,4366.060649999999,0.0,98.9131575,,98.9131575,467.41999999999996,60981.88,,61449.299999999996,595.51,65318.770000000004,,65914.28,19.30703341308901,81.24907252785528,,78.96037347472684,137.06,4442.53,0.0,4579.59,2479.95,16595.0,0.0,19074.95,,,,,,,,,,,,,,0.0,0.0,83477.67,0.0,0.0,,0.0,,0.0,,,,,,,,83477.67,0.0
337,MADHYA PRADESH,DHAR,,902.3,902.3,0.0,902.3,149070.0,663570.0,0.0,812640.0,2660.0,815300.0,13672.98,72004.05,0.0,85677.03,3624.05,,0.0,3624.05,24737.154600400005,0.0,0.0,24737.15,1660.21,18253.749999999996,0.0,19913.970000000005,1600.8300000000004,1310.71,0.0,2911.54,50.050000000000004,1198.428,,1248.478,,,,,,,,,45345.270000000004,92766.95,0.0,138112.22,,,,,,,,,,,,0.0,,,,0.0,,,,,,,,,,,,,,,,0.0,45345.270000000004,92766.95,0.0,138112.22,2267.28,4638.34,0.0,6905.62,43077.99,88128.61,0.0,131206.6,1076.12439,5103.24969,,6179.37408,0.0,635.013495,,635.013495,6640.870000000001,73014.9452,,79655.8152,7717.01,78753.18,,86470.19,17.914043807522127,89.36164997950155,,65.90384172747407,1135.0,5513.39,0.0,6648.400000000001,35302.09,20509.560000000005,0.0,55811.65,,,,,,,,,,,,,,0.0,0.0,131206.6,0.0,0.0,,0.0,,0.0,,,,,,,,131206.6,0.0
338,MADHYA PRADESH,DINDORI,,0.0,1376.7,0.0,1376.7,0.0,456000.0,0.0,456000.0,116500.0,572500.0,0.0,31542.109999999997,0.0,31542.109999999997,,,,,0.0,0.0,0.0,0.0,0.0,601.1899999999999,0.0,601.1899999999999,,,,,0.0,694.048,,694.048,,,,,,,,,0.0,32837.350000000006,0.0,32837.350000000006,,,,,,,,,,,,0.0,,,,0.0,,,,,,,,,,,,,,,,0.0,0.0,32837.350000000006,0.0,32837.350000000006,0.0,1641.86,0.0,1641.86,0.0,31195.490000000005,0.0,31195.490000000005,,1879.7624099999998,,1879.7624099999998,,0.1825,,0.1825,,2404.6659999999997,,2404.6659999999997,,4284.61,,4284.61,,13.734709728874266,,13.734709728874266,0.0,1986.4199999999998,0.0,1986.4199999999998,0.0,26804.21,0.0,26804.21,,,,,,,,,,,,,,0.0,0.0,31195.489999999998,0.0,0.0,,0.0,,0.0,,,,,,,,31195.489999999998,0.0
339,MADHYA PRADESH,GUNA,,1082.0,1082.0,0.0,1082.0,37209.0,580305.0,0.0,617514.0,21486.0,639000.0,3675.83,64777.920000000006,0.0,68453.75,2114.44,,0.0,2114.44,3640.0643999999998,0.0,0.0,3640.0600000000004,349.16999999999996,12649.220000000001,0.0,12998.39,777.8100000000001,293.91,0.0,1071.72,31.980000000000004,1026.2820000000002,0.0,1058.2620000000002,,,,,,,,,10589.289999999999,78747.32999999999,0.0,89336.62,,,,,,,,,,,,0.0,,,,0.0,,,,,,,,,,,,,,,,0.0,10589.289999999999,78747.32999999999,0.0,89336.62,529.48,3937.37,0.0,4466.85,10059.81,74809.96,0.0,84869.76999999999,166.68089999999998,2407.71885,,2574.39975,0.0,259.90555,,259.90555,1396.6992000000002,50596.812000000005,,51993.5112,1563.3700000000001,53264.44,,54827.81,15.540750769646744,71.19966378808384,,64.60228418198848,177.01,2538.97,0.0,2715.98,8486.119999999999,21414.27,0.0,29900.39,,,,,,,,,,,,,,0.0,0.0,84869.77,0.0,0.0,,0.0,,0.0,,,,,,,,84869.77,0.0
340,MADHYA PRADESH,GWALIOR,,879.0,879.0,0.0,879.0,131133.0,297167.0,0.0,428300.0,28100.0,456400.0,17037.170000000002,37297.56,0.0,54334.73,3909.5299999999997,,0.0,3909.5299999999997,15623.8344,0.0,0.0,15623.83,1051.03,3936.64,0.0,4987.67,330.77,853.8,0.0,1184.5700000000002,4.32,356.18,0.0,360.5,0.0,843.1500000000001,0.0,843.1500000000001,0.0,0.0,0.0,0.0,37956.65,43287.34,0.0,81243.99,,,,,,,,,,,,0.0,,,,0.0,,,,,,,,,,,,,,,,0.0,37956.65,43287.34,0.0,81243.99,1897.83,2164.37,0.0,4062.2,36058.82,41122.97,0.0,77181.79,341.66628,5246.426688750001,,5588.09296875,0.0,293.425,,293.425,4204.1448,15746.457600000002,,19950.602400000003,4545.82,21286.32,,25832.14,12.606679863622825,51.76260372244514,,33.469215989937524,350.68,5652.540000000001,0.0,6003.22,31503.98,19430.519999999997,0.0,50934.5,,,,,,,,,,,,,,0.0,0.0,77181.79000000001,0.0,0.0,,0.0,,0.0,,,,,,,,77181.79000000001,0.0
341,MADHYA PRADESH,HARDA,,1374.5,1374.5,0.0,1374.5,79150.0,190940.0,0.0,270090.0,62910.0,333000.0,10632.24,18082.0,0.0,28714.239999999998,7578.09,,0.0,7578.09,7456.05,0.0,0.0,7456.05,383.59,3376.38,0.0,3759.9700000000003,52.56999999999999,0.46,0.0,53.03,41.62,110.714,,152.334,,,,,,,,,26144.16,21569.559999999998,0.0,47713.72,,,,,,,,,,,,0.0,,,,0.0,,,,,,,,,,,,,,,,0.0,26144.16,21569.559999999998,0.0,47713.72,1307.2,1078.48,0.0,2385.68,24836.96,20491.08,0.0,45328.04,187.43115,1076.7879599999999,,1264.21911,0.0,16.1695,,16.1695,1534.3776,13505.486399999998,,15039.863999999998,1721.8200000000002,14598.45,,16320.27,6.932490932867791,71.24295059118407,,36.004799678080055,197.31,1133.54,0.0,1330.85,23105.260000000002,5835.870000000001,0.0,28941.130000000005,,,,,,,,,,,,,,0.0,0.0,45328.04,0.0,0.0,,0.0,,0.0,,,,,,,,45328.04,0.0
342,MADHYA PRADESH,HOSHANGABAD,,1437.7,1437.7,0.0,1437.7,253623.0,304729.0,0.0,558352.0,112048.0,670400.0,73043.73,64365.84,0.0,137409.57,17689.760000000002,,,17689.760000000002,20742.264000000003,0.0,0.0,20742.26,2137.98,8477.53,0.0,10615.51,67.67,57.97,,125.64,9.6,177.00199999999998,,186.602,,,,,,,,,113691.01,73078.33999999998,0.0,186769.35000000003,,,,,,,,,,,,0.0,,,,0.0,,,,,,,,,,,,,,,,0.0,113691.01,73078.33999999998,0.0,186769.35000000003,5684.550000000001,3655.4900000000002,0.0,9340.02,108006.46,69422.85,0.0,177429.31,961.21509,1317.8500199999999,,2279.06511,2.4016999999999995,16.233374999999995,,18.635074999999997,8551.9368,33910.0992,,42462.036,9515.529999999999,35244.17,,44759.7,8.81014894849808,50.76739142803846,,25.226779047948728,993.5799999999999,1362.22,0.0,2355.8,98458.57,34134.31,0.0,132592.88,,,,,,,,,,,,,,0.0,0.0,177429.31,0.0,0.0,,0.0,,0.0,,,,,,,,177429.31,0.0
343,MADHYA PRADESH,INDORE,,941.4000000000001,941.4,0.0,941.3999999999999,5376.0,376521.0,0.0,381897.0,7903.0,389800.0,499.83000000000004,39397.32,0.0,39897.15,53.17,,0.0,53.17,224.856,0.0,0.0,224.84999999999997,121.59,13618.24,0.0,13739.83,267.55,1250.47,0.0,1518.02,,538.764,,538.764,0.0,1231.875,0.0,1231.875,0.0,0.0,0.0,0.0,1166.99,56036.68999999999,0.0,57203.67999999999,,,,,,,,,,,,0.0,,,,0.0,,,,,,,,,,,,,,,,0.0,1166.99,56036.68999999999,0.0,57203.67999999999,58.349999999999994,2801.82,0.0,2860.17,1108.6399999999999,53234.869999999995,0.0,54343.509999999995,151.66407,7896.678840749999,,8048.34291075,0.0,1572.6193200000002,,1572.6193200000002,486.38,54472.971999999994,,54959.352,638.05,63942.299999999996,,64580.35,57.55249675277818,120.11356466165878,,118.8372815815541,158.26,8808.04,0.0,8966.300000000001,464.0,1847.99,0.0,2311.99,,,,,,,,,,,,,,0.0,0.0,54343.509999999995,0.0,0.0,,0.0,,0.0,,,,,,,,54343.509999999995,0.0
344,MADHYA PRADESH,JABALPUR,,1227.3,1227.3,0.0,1227.3,80876.0,362992.0,0.0,443868.0,78225.0,522093.0,13893.720000000001,39032.78,0.0,52926.5,319.21999999999997,,0.0,319.21999999999997,2808.1944,0.0,0.0,2808.1999999999994,1183.68,5420.16,0.0,6603.83,163.31,163.55,0.0,326.86,98.7,765.52,,864.22,0.0,547.5,0.0,547.5,0.0,0.0,0.0,0.0,18466.82,45929.53,0.0,64396.350000000006,,,,,,,,,,,,0.0,,,,0.0,,,,,,,,,,,,,,,,0.0,18466.82,45929.53,0.0,64396.350000000006,923.3399999999999,2296.4900000000002,0.0,3219.8300000000004,17543.48,43633.03999999999,0.0,61176.520000000004,457.51563749999997,5392.104558,,5849.6201955,0.0,319.91118499999993,,319.91118499999993,4734.6768,21680.554,,26415.230799999998,5192.19,27392.56,,32584.749999999996,29.596123460111674,62.77939836417542,,53.26349063333448,473.05999999999995,5892.199999999999,0.0,6365.259999999999,12335.75,15740.39,0.0,28076.14,,,,,,,,,,,,,,0.0,0.0,61176.51999999999,0.0,0.0,,0.0,,0.0,,,,,,,,61176.51999999999,0.0
345,MADHYA PRADESH,JHABUA,,849.0999999999999,849.0999999999999,0.0,849.0999999999999,17018.0,294235.0,0.0,311253.0,34747.0,346000.0,1869.03,19316.42,0.0,21185.45,138.7,,0.0,138.7,2064.42,0.0,0.0,2064.42,84.76,1949.58,0.0,2034.3400000000001,108.61,1260.52,0.0,1369.1299999999999,0.0,449.4599999999999,0.0,449.4599999999999,,,,,,,,,4265.52,22975.980000000003,0.0,27241.5,,,,,,,,,,,,0.0,,,,0.0,0.0,0.0,0.0,0.0,0.0,0.0,0.0,0.0,0.0,0.0,0.0,0.0,0.0,0.0,0.0,0.0,4265.52,22975.980000000003,0.0,27241.5,213.27,1148.81,0.0,1362.0800000000002,4052.25,21827.170000000002,0.0,25879.420000000002,128.81360999999998,2742.93558,,2871.74919,0.0,6.39623,,6.39623,282.528,7798.335999999999,,8080.8640000000005,411.33,10547.67,,10959.0,10.15065704238386,48.323580198440744,,42.34638952495844,142.35,3005.5000000000005,0.0,3147.8500000000004,3627.38,11016.94,0.0,14644.32,,,,,,,,,,,,,,0.0,0.0,25879.420000000002,0.0,0.0,,0.0,,0.0,,,,,,,,25879.420000000002,0.0
346,MADHYA PRADESH,KATNI,,1171.3999999999999,1171.3999999999999,0.0,1171.3999999999999,33404.0,433244.0,0.0,466648.0,22752.0,489400.0,2258.43,32482.539999999997,0.0,34740.97,462.65999999999997,,0.0,462.65999999999997,1270.161,0.0,0.0,1270.17,124.17,3564.1100000000006,0.0,3688.28,377.59999999999997,145.67000000000002,0.0,523.27,71.58,757.1,0.0,828.6800000000001,,,,,,,,,4564.61,36949.42,0.0,41514.03,,,,,,,,,,,,0.0,,,,0.0,,,,,,,,,,,,,,,,0.0,4564.61,36949.42,0.0,41514.03,228.24,1847.49,0.0,2075.73,4336.370000000001,35101.93,0.0,39438.3,237.93692999999996,2596.3063199999997,,2834.2432499999995,0.0,1147.0154200000002,,1147.0154200000002,496.72440000000006,14256.4968,,14753.2212,734.65,17999.82,,18734.47,16.94158939389397,51.27871886246711,,47.503239236985365,251.51999999999998,2744.59,0.0,2996.11,3588.14,16953.82,0.0,20541.96,,,,,,,,,,,,,,0.0,0.0,39438.3,0.0,0.0,,0.0,,0.0,,,,,,,,39438.3,0.0
347,MADHYA PRADESH,KHANDWA,,950.3000000000002,950.3000000000001,0.0,950.3000000000001,92560.0,488886.0,0.0,581446.0,171004.0,752450.0,7545.34,47953.29,0.0,55498.630000000005,1494.53,,0.0,1494.53,49405.402872000006,0.0,0.0,49405.39,653.9399999999999,9881.679999999998,0.0,10535.61,3060.0199999999995,276.35,0.0,3336.37,291.722,2256.9559999999997,0.0,2548.678,,,,,,,,,62450.939999999995,60368.27999999999,0.0,122819.22,,,,,,,,,,,,0.0,,,,0.0,,,,,,,,,,,,,,,,0.0,62450.939999999995,60368.27999999999,0.0,122819.22,5920.78,3018.4300000000003,0.0,8939.209999999997,56530.16,57349.850000000006,0.0,113880.01,555.55263,2553.1558739999996,,3108.708504,0.0,50.9614,,50.9614,2615.77488,39526.64,,42142.41488,3171.35,42130.75,,45302.1,5.610014194192976,73.46270304107159,,39.78055498941386,584.26,2701.72,0.0,3285.9799999999996,53330.1,15179.75,0.0,68509.85,,,,,,,,,,,,,,0.0,0.0,113880.01000000001,0.0,0.0,,0.0,,0.0,,,,,,,,113880.01000000001,0.0
348,MADHYA PRADESH,KHARGONE,,950.2999999999998,950.3,0.0,950.3000000000001,161918.0,494979.0,0.0,656897.0,146103.0,803000.0,13519.91,44200.91,0.0,57720.81999999999,3888.8700000000003,,0.0,3888.8700000000003,20296.083287879996,0.0,0.0,20296.09,908.8700000000001,8564.03,0.0,9472.900000000001,2360.4,916.31,0.0,3276.7100000000005,1227.478,5144.76,0.0,6372.237999999999,,,,,,,,,42201.62,58826.02999999999,0.0,101027.65,,,,,,,,,,,,0.0,,,,0.0,,,,,,,,,,,,,,,,0.0,42201.62,58826.02999999999,0.0,101027.65,2801.3,2941.3,0.0,5742.59,39400.32,55884.73,0.0,95285.04999999999,1264.3198499999999,3328.6211864999996,,4592.9410365,3.024,75.2336,,78.2576,3635.47944,34256.075600000004,,37891.55504,4902.789999999999,37659.909999999996,,42562.700000000004,12.443528377434495,67.38855139856629,,44.66881215888537,1335.96,3530.65,0.0,4866.610000000001,34425.88,18022.79,0.0,52448.67,,,,,,,,,,,,,,0.0,0.0,95285.05,0.0,0.0,,0.0,,0.0,,,,,,,,95285.05,0.0
349,MADHYA PRADESH,MANDLA,,1445.1,1445.1,0.0,1445.1,31070.0,542920.0,0.0,573990.0,180410.0,754400.0,2519.31,39649.549999999996,0.0,42168.86,1814.45,,0.0,1814.45,534.5999999999999,0.0,0.0,534.6,82.28,1759.3099999999997,0.0,1841.59,422.73,292.2,0.0,714.9300000000001,0.0,571.3140000000001,0.0,571.3140000000001,,,,,,,,,5373.37,42272.37,0.0,47645.74,,,,,,,,,,,,0.0,,,,0.0,,,,,,,,,,,,,,,,0.0,5373.37,42272.37,0.0,47645.74,268.67,2113.61,0.0,2382.2799999999997,5104.700000000001,40158.76,0.0,45263.46000000001,342.6474,2232.7137599999996,,2575.3611599999995,0.0,9.47175,,9.47175,329.10299999999995,7037.226000000001,,7366.329000000001,671.75,9279.429999999998,,9951.179999999998,13.159441299194857,23.10686385735017,,21.98501837906337,357.97,2332.52,0.0,2690.4900000000002,4417.63,30779.519999999997,0.0,35197.149999999994,,,,,,,,,,,,,,0.0,0.0,45263.46,0.0,0.0,,0.0,,0.0,,,,,,,,45263.46,0.0
350,MADHYA PRADESH,MANDSAUR,,880.9000000000001,880.9000000000002,0.0,880.9,74088.0,421552.0,0.0,495640.0,57366.0,553006.0,7217.38,38873.05,0.0,46090.43,327.59999999999997,,,327.59999999999997,793.1519999999999,0.0,0.0,793.1499999999999,1365.77,14515.93,0.0,15881.710000000001,2643.73,0.0,0.0,2643.73,262.98,3350.052,,3613.032,,,,,,,,,12610.609999999999,56739.02,0.0,69349.63,,,,,,,,,,,,0.0,,,,0.0,,,,,,,,,,,,,,,,0.0,12610.609999999999,56739.02,0.0,69349.63,630.5400000000001,2836.95,0.0,3467.4900000000002,11980.07,53902.07000000001,0.0,65882.13999999998,361.61499,3140.19282,,3501.8078099999993,0.0,43.648889999999994,,43.648889999999994,5463.079199999999,58063.7592,,63526.83839999999,5824.709999999999,61247.63,,67072.34,48.61999971619531,113.62760279892774,,101.80655941048668,372.77,3244.75,0.0,3617.52,6144.21,965.37,0.0,7109.58,,,,,,,,,,,,,,0.0,0.0,65882.13999999998,0.0,0.0,,0.0,,0.0,,,,,,,,65882.13999999998,0.0
351,MADHYA PRADESH,MORENA,,753.0,753.0,0.0,753.0,224789.0,213700.0,0.0,438489.0,58400.0,496889.0,30532.88,21301.17,0.0,51834.05,10037.27,,0.0,10037.27,3874.24044,0.0,0.0,3874.24,1514.99,2444.7000000000003,0.0,3959.6899999999996,239.26999999999998,151.69,0.0,390.96000000000004,80.386,956.588,,1036.9740000000002,,,,,,,,,46279.03,24854.160000000003,0.0,71133.19,,,,,,,,,,,,0.0,,,,0.0,,,,,,,,,,,,,,,,0.0,46279.03,24854.160000000003,0.0,71133.19,2313.96,1242.7099999999998,0.0,3556.6699999999996,43965.06999999999,23611.450000000004,0.0,67576.52,2902.34787,3078.5662199999997,,5980.914089999999,308.06,94.9615,,403.02149999999995,11311.2436,11239.8984,,22551.142,14521.660000000002,14413.44,,28935.1,33.02999403844917,61.044281482077544,,42.818274749868735,3071.8500000000004,3276.57,0.0,6348.420000000001,29273.909999999996,9000.01,0.0,38273.92,,,,,,,,,,,,,,0.0,0.0,67576.51999999999,0.0,0.0,,0.0,,0.0,,,,,,,,67576.51999999999,0.0
352,MADHYA PRADESH,NARSINGHPUR,,1243.1000000000004,1243.1000000000001,0.0,1243.1000000000001,52769.0,426331.0,0.0,479100.0,34200.0,513300.0,11898.4,93232.11,0.0,105130.51,2076.27,,0.0,2076.27,371.70000000000005,0.0,0.0,371.7,289.15999999999997,18114.43,0.0,18403.59,0.0,3.6400000000000006,0.0,3.6400000000000006,0.0,96.66399999999999,,96.66399999999999,,,,,,,,,14635.529999999999,111446.84000000001,0.0,126082.37,,,,,,,,,,,,0.0,,,,0.0,,,,,,,,,,,,,,,,0.0,14635.529999999999,111446.84000000001,0.0,126082.37,731.77,5572.35,0.0,6304.119999999999,13903.759999999998,105874.49,0.0,119778.24999999999,106.29383999999999,2269.4291099999996,,2375.72295,0.0,199.655,,199.655,1156.68,74708.8524,,75865.5324,1262.99,77177.94,,78440.93000000001,9.083801791745543,72.89568998159992,,65.48845888130776,109.75,2343.21,0.0,2452.96,12637.32,28622.78,0.0,41260.1,,,,,,,,,,,,,,0.0,0.0,119778.25,0.0,0.0,,0.0,,0.0,,,,,,,,119778.25,0.0
353,MADHYA PRADESH,NEEMUCH,,850.1999999999999,850.2,0.0,850.2,17976.0,357768.0,0.0,375744.0,44300.0,420044.0,1110.79,26337.63,0.0,27448.420000000002,201.60000000000002,,,201.60000000000002,447.5519999999999,0.0,0.0,447.56000000000006,272.53999999999996,8697.51,0.0,8970.05,0.0,753.4399999999999,,753.4399999999999,0.0,1328.132,,1328.132,,,,,,,,,2032.4700000000003,37116.72,0.0,39149.19,,,,,,,,,,,,0.0,,,,0.0,,,,,,,,,,,,,,,,0.0,2032.4700000000003,37116.72,0.0,39149.19,101.63,1855.8400000000001,0.0,1957.47,1930.84,35260.88,0.0,37191.72,96.50016,1693.2094499999998,,1789.70961,0.0,90.6587,,90.6587,1090.1384,34790.0076,,35880.14600000001,1186.64,36573.86,,37760.5,61.45718961695429,103.72361665392356,,101.52931889140918,99.6,1746.6,0.0,1846.1999999999998,741.0999999999999,1974.39,0.0,2715.49,,,,,,,,,,,,,,0.0,0.0,37191.72,0.0,0.0,,0.0,,0.0,,,,,,,,37191.72,0.0
354,MADHYA PRADESH,NIWARI,,1070.3,1070.3,0.0,1070.3,12830.0,139732.0,0.0,152562.0,3900.0,156462.0,1287.9,13618.43,0.0,14906.330000000002,301.2,,0.0,301.2,569.2679999999999,0.0,0.0,569.27,198.19,2731.9900000000002,0.0,2930.18,319.73,109.26,,428.99,444.72,596.662,,1041.382,,,,,,,,,3121.01,17056.34,0.0,20177.35,,,,,,,,,,,,0.0,,,,0.0,,,,,,,,,,,,,,,,0.0,3121.01,17056.34,0.0,20177.35,156.06,852.82,0.0,1008.8800000000001,2964.95,16203.519999999999,0.0,19168.47,164.36826,997.1748899999998,,1161.54315,0.0,5.788169999999999,,5.788169999999999,792.7848,10927.9584,,11720.7432,957.1499999999999,11930.92,,12888.07,32.2821632742542,73.63165534402401,,67.23577833807288,193.82999999999998,1145.48,0.0,1339.31,1978.34,4124.3,0.0,6102.64,,,,,,,,,,,,,,0.0,0.0,19168.47,0.0,0.0,,0.0,,0.0,,,,,,,,19168.47,0.0
355,MADHYA PRADESH,PANNA,,1182.8999999999999,1182.8999999999999,0.0,1182.8999999999999,32712.0,629763.0,0.0,662475.0,51025.0,713500.0,2179.62,44725.259999999995,0.0,46904.88,641.86,,0.0,641.86,1850.3640000000003,0.0,0.0,1850.36,163.85,3888.6699999999996,0.0,4052.52,575.0,311.03,0.0,886.03,30.719999999999995,325.0,0.0,355.71999999999997,,,,,,,,,5441.41,49249.96,0.0,54691.369999999995,,,,,,,,,,,,0.0,,,,0.0,,,,,,,,,,,,,,,,0.0,5441.41,49249.96,0.0,54691.369999999995,272.07000000000005,2462.5,0.0,2734.57,5169.34,46787.46,0.0,51956.8,209.1888,2306.5753425,,2515.7641425,0.0,211.1233,,211.1233,655.3764,15554.6028,,16209.9792,864.57,18072.28,,18936.850000000002,16.724959085685988,38.62633278233099,,36.44729852492841,219.15,2416.42,0.0,2635.5699999999997,4294.8,28605.340000000004,0.0,32900.14000000001,,,,,,,,,,,,,,0.0,0.0,51956.8,0.0,0.0,,0.0,,0.0,,,,,,,,51956.8,0.0
356,MADHYA PRADESH,RAISEN,,1237.6000000000004,1237.6000000000001,0.0,1237.6000000000001,58600.0,602340.0,0.0,660940.0,185700.0,846640.0,15457.18,67886.96,0.0,83344.14000000001,225.28,,0.0,225.28,91.09799999999998,0.0,0.0,91.09,334.8,10505.6,0.0,10840.4,1762.99,649.9300000000001,0.0,2412.9199999999996,0.0,567.768,0.0,567.768,,,,,,,,,17871.34,79610.26000000001,0.0,97481.6,,,,,,,,,,,,0.0,,,,0.0,,,,,,,,,,,,,,,,0.0,17871.34,79610.26000000001,0.0,97481.6,893.56,4613.16,0.0,5506.719999999999,16977.78,74997.1,0.0,91974.88,259.4493,3221.9192399999997,,3481.36854,0.0,612.592635,,612.592635,1339.1999999999998,42022.3572,,43361.557199999996,1598.65,45856.86,,47455.51,9.416130966475006,61.14484426731166,,51.59616408306268,271.93,3455.59,0.0,3727.52,15366.65,28906.549999999996,0.0,44273.2,,,,,,,,,,,,,,0.0,0.0,91974.88,0.0,0.0,,0.0,,0.0,,,,,,,,91974.88,0.0
357,MADHYA PRADESH,RAJGARH,,0.0,999.5999999999999,0.0,999.5999999999999,0.0,615498.0,0.0,615498.0,0.0,615498.0,0.0,73586.36,0.0,73586.36,,,,,0.0,0.0,0.0,0.0,0.0,18783.86,0.0,18783.86,0.0,735.8800000000001,0.0,735.8800000000001,,1243.994,,1243.994,,,,,,,,,0.0,94350.08,0.0,94350.08,,,,,,,,,,,,0.0,,,,0.0,,,,,,,,,,,,,,,,0.0,0.0,94350.08,0.0,94350.08,0.0,4717.5,0.0,4717.5,0.0,89632.57999999999,0.0,89632.57999999999,,4203.28014,,4203.28014,,2.13957,,2.13957,,75135.42,,75135.42,,79340.82,,79340.82,,88.51783581371865,,88.51783581371865,0.0,4534.900000000001,0.0,4534.900000000001,0.0,11122.25,0.0,11122.25,,,,,,,,,,,,,,0.0,0.0,89632.57999999999,0.0,0.0,,0.0,,0.0,,,,,,,,89632.57999999999,0.0
358,MADHYA PRADESH,RATLAM,,953.5,953.5,0.0,953.5,8614.0,452986.0,0.0,461600.0,24500.0,486100.0,443.91,51428.17999999999,0.0,51872.09,1008.0,,,1008.0,19.44,0.0,0.0,19.44,57.5,25216.369999999995,0.0,25273.869999999995,250.18,600.23,0.0,850.41,0.0,4277.934,0.0,4277.934,,,,,,,,,1779.03,81522.73999999999,0.0,83301.76999999999,,,,,,,,,,,,0.0,,,,0.0,,,,,,,,,,,,,,,,0.0,1779.03,81522.73999999999,0.0,83301.76999999999,88.95,4327.92,0.0,4416.87,1690.08,77194.81999999999,0.0,78884.9,14.69928,4580.71569,,4595.414970000001,0.0,41.35307649999999,,41.35307649999999,230.0,100865.40800000001,,101095.40800000001,244.7,105487.46,,105732.16000000002,14.478604563097605,136.65095663154602,,134.03345887489243,15.46,6050.639999999999,0.0,6066.099999999999,1444.62,1105.08,0.0,2549.7,,,,,,,,,,,,,,0.0,0.0,78884.9,0.0,0.0,,0.0,,0.0,,,,,,,,78884.9,0.0
359,MADHYA PRADESH,REWA,,1143.1,1143.1000000000001,0.0,1143.1,85364.0,508396.0,0.0,593760.0,37600.0,631360.0,3912.96,40715.479999999996,0.0,44628.439999999995,2227.3500000000004,,0.0,2227.3500000000004,889.41834,0.0,0.0,889.4200000000001,658.95,4894.78,0.0,5553.72,201.31,207.85999999999999,0.0,409.1700000000001,11.219999999999999,551.9680000000001,,563.1880000000001,,,,,,,,,7901.21,46370.06000000001,0.0,54271.270000000004,,,,,,,,,,,,0.0,,,,0.0,,,,,,,,,,,,,,,,0.0,7901.21,46370.06000000001,0.0,54271.270000000004,395.06,2318.5,0.0,2713.56,7506.15,44051.56,0.0,51557.70999999999,1184.46588,4591.5545475,,5776.0204275,75.168,110.55852000000002,,185.72651999999997,2635.812,19579.056,,22214.868,3895.4400000000005,24281.2,,28176.640000000003,51.896644751303945,55.11995488922526,,54.65068173120956,1263.8400000000001,4921.21,0.0,6185.05,3531.33,19440.7,0.0,22972.03,,,,,,,,,,,,,,0.0,0.0,51557.71000000001,0.0,0.0,,0.0,,0.0,,,,,,,,51557.71000000001,0.0
360,MADHYA PRADESH,SAGAR,,1197.6000000000001,1197.6,0.0,1197.6000000000001,40053.0,885365.0,0.0,925418.0,99782.0,1025200.0,3433.4900000000002,87349.95,0.0,90783.44,889.6200000000001,,0.0,889.6200000000001,1061.2092862911795,0.0,0.0,1061.21,307.8299999999999,14158.060000000003,0.0,14465.890000000003,1033.16,330.79,0.0,1363.95,38.58,683.8100000000001,0.0,722.384,,,,,,,,,6763.890000000001,102522.59999999999,0.0,109286.48999999999,,,,,,,,,,,,0.0,,,,0.0,,,,,,,,,,,,,,,,0.0,6763.890000000001,102522.59999999999,0.0,109286.48999999999,338.18,5497.290000000001,0.0,5835.47,6425.709999999999,97025.31,0.0,103451.01999999999,159.14456249999995,3702.7824674999997,,3861.92703,0.0,153.29817499999996,,153.29817499999996,926.0135999999999,56164.174199999994,,57090.18780000001,1085.1399999999999,60020.299999999996,,61105.44,16.8874723571403,61.86045682307019,,59.067025148712894,164.89,3924.87,0.0,4089.7599999999998,5334.82,36782.92999999999,0.0,42117.74999999999,,,,,,,,,,,,,,0.0,0.0,103451.02,0.0,0.0,,0.0,,0.0,,,,,,,,103451.02,0.0
361,MADHYA PRADESH,SATNA,,1075.5,1075.5,0.0,1075.5,47108.0,624998.0,0.0,672106.0,79910.0,752016.0,3066.24,57125.0,0.0,60191.240000000005,594.0699999999999,,0.0,594.0699999999999,5665.8915,0.0,0.0,5665.900000000001,136.56,10140.78,0.0,10277.34,0.0,136.58,0.0,136.58,48.0,1075.614,0.0,1123.614,,,,,,,,,9510.77,68477.98,0.0,77988.75,,,,,,,,,,,,0.0,,,,0.0,,,,,,,,,,,,,,,,0.0,9510.77,68477.98,0.0,77988.75,475.54,3423.92,0.0,3899.46,9035.23,65054.06,0.0,74089.28999999998,369.42233999999996,4471.61646,,4841.038799999999,0.0,1638.5893399999998,,1638.5893399999998,546.2856,40563.234399999994,,41109.51999999999,915.71,46673.46000000001,,47589.17,10.134883118636715,71.74565276940442,,64.23218524566778,387.45,4689.86,0.0,5077.3099999999995,8101.5,20405.3,0.0,28506.8,,,,,,,,,,,,,,0.0,0.0,74089.29,0.0,0.0,,0.0,,0.0,,,,,,,,74089.29,0.0
362,MADHYA PRADESH,SEHORE,,1217.7,1217.7000000000003,0.0,1217.7,95559.0,368413.0,0.0,463972.0,193828.0,657800.0,9848.100000000002,43032.62,0.0,52880.72,3247.5400000000004,,0.0,3247.5400000000004,3070.8863999999994,0.0,0.0,3070.88,744.39,9189.54,0.0,9933.93,1067.19,344.39,0.0,1411.5800000000002,23.64,1000.5840000000001,,1024.224,,,,,,,,,18001.739999999998,53567.12999999999,0.0,71568.87,,,,,,,,,,,,0.0,,,,0.0,,,,,,,,,,,,,,,,0.0,18001.739999999998,53567.12999999999,0.0,71568.87,900.09,2678.35,0.0,3578.4399999999996,17101.649999999998,50888.78,0.0,67990.43000000001,371.83353,2197.5949199999995,,2569.42845,0.0,134.383875,,134.383875,3038.8992000000003,36758.184,,39797.08320000001,3410.77,39090.17,,42500.94,19.94409896121135,76.8149089052636,,62.51017974147244,393.95,2321.02,0.0,2714.97,13668.760000000002,11675.18,0.0,25343.940000000002,,,,,,,,,,,,,,0.0,0.0,67990.43,0.0,0.0,,0.0,,0.0,,,,,,,,67990.43,0.0
363,MADHYA PRADESH,SEONI,,1323.6,1323.6,0.0,1323.6000000000001,71956.0,733064.0,0.0,805020.0,70780.0,875800.0,4212.0199999999995,58618.46,0.0,62830.48000000001,608.95,,0.0,608.95,850.4999999999999,0.0,0.0,850.4999999999999,214.29,6372.2,0.0,6586.49,181.42,243.47,0.0,424.89,37.68,504.21,,541.89,,,,,,,,,6104.86,65738.34000000001,0.0,71843.2,,,,,,,,,,,,0.0,,,,0.0,,,,,,,,,,,,,,,,0.0,6104.86,65738.34000000001,0.0,71843.2,305.26,3286.92,0.0,3592.18,5799.6,62451.42,0.0,68251.02,282.48152999999996,3095.7774299999996,,3378.2589599999997,0.0,12.365835,,12.365835,829.2192,25259.702800000003,,26088.922000000002,1111.69,28367.830000000005,,29479.519999999997,19.168390923511964,45.42383503849873,,43.19279037881045,295.4,3237.3199999999997,0.0,3532.72,4674.990000000001,33942.049999999996,0.0,38617.03999999999,,,,,,,,,,,,,,0.0,0.0,68251.02,0.0,0.0,,0.0,,0.0,,,,,,,,68251.02,0.0
364,MADHYA PRADESH,SHAHDOL,,1131.4,1226.0,0.0,1225.040887505022,5047.0,492753.0,0.0,497800.0,86300.0,584100.0,233.0,49758.21,0.0,49991.21,456.58,,0.0,456.58,23.958000000000002,0.0,0.0,23.96,5.0,853.73,0.0,858.73,0.0,178.68,0.0,178.68,0.0,175.69600000000003,0.0,175.69600000000003,,,,,,,,,718.54,50966.32,0.0,51684.86,,,,,,,,,,,,0.0,,,,0.0,,,,,,,,,,,,,,,,0.0,718.54,50966.32,0.0,51684.86,35.93,2548.34,0.0,2584.27,682.61,48417.98,0.0,49100.590000000004,53.650619999999996,2286.85713,,2340.5077499999998,0.0,1676.22892,,1676.22892,20.0,3414.96,,3434.96,73.65,7378.05,,7451.700000000001,10.789469829038543,15.238244139883573,,15.176396047379473,55.94,2384.5299999999997,0.0,2440.47,606.67,40942.26,0.0,41548.93,,,,,,,,,,,,,,0.0,0.0,49100.590000000004,0.0,0.0,,0.0,,0.0,,,,,,,,49100.590000000004,0.0
365,MADHYA PRADESH,SHAJAPUR,,0.0,1036.0999999999997,0.0,1036.0999999999997,0.0,340617.0,0.0,340617.0,6708.0,347325.0,0.0,41830.39,0.0,41830.39,,,,,0.0,0.0,0.0,0.0,0.0,13430.779999999999,0.0,13430.779999999999,0.0,571.79,0.0,571.79,0.0,752.404,0.0,752.404,,,,,,,,,0.0,56585.380000000005,0.0,56585.380000000005,,,,,,,,,,,,0.0,,,,0.0,,,,,,,,,,,,,,,,0.0,0.0,56585.380000000005,0.0,56585.380000000005,0.0,2829.26,0.0,2829.26,0.0,53756.119999999995,0.0,53756.119999999995,,2209.8457799999996,,2209.8457799999996,,55.11054,,55.11054,,53723.1204,,53723.1204,,55988.06,,55988.06,,104.15197376596377,,104.15197376596377,0.0,2288.5299999999997,0.0,2288.5299999999997,0.0,2526.71,0.0,2526.71,,,,,,,,,,,,,,0.0,0.0,53756.119999999995,0.0,0.0,,0.0,,0.0,,,,,,,,53756.119999999995,0.0
366,MADHYA PRADESH,SHEOPUR,,799.2,799.2,0.0,799.2,71150.0,462330.0,0.0,533480.0,127120.0,660600.0,8472.61,26732.77,0.0,35205.380000000005,12744.8,,,12744.8,3259.2948000000006,0.0,0.0,3259.29,195.93,3479.5999999999995,0.0,3675.5299999999997,0.0,395.05,0.0,395.05,29.5,443.158,0.0,472.658,,,,,,,,,24702.13,31050.58,0.0,55752.71,,,,,,,,,,,,0.0,,,,0.0,,,,,,,,,,,,,,,,0.0,24702.13,31050.58,0.0,55752.71,2397.67,2003.31,0.0,4400.9800000000005,22304.46,29047.270000000004,0.0,51351.729999999996,392.34726,1458.30567,,1850.6529300000002,0.0,44.7855,,44.7855,1677.0456,16094.6568,,17771.702400000002,2069.4,17597.739999999998,,19667.14,9.277965034795733,60.58311159706229,,38.29888496453771,415.28999999999996,1553.23,0.0,1968.5099999999998,20212.12,11354.61,0.0,31566.73,,,,,,,,,,,,,,0.0,0.0,51351.729999999996,0.0,0.0,,0.0,,0.0,,,,,,,,51351.729999999996,0.0
367,MADHYA PRADESH,SHIVPURI,,994.8999999999999,994.9000000000001,0.0,994.8999999999999,69421.0,907628.0,0.0,977049.0,50751.0,1027800.0,3161.83,65212.37,0.0,68374.2,1941.44,,0.0,1941.44,2851.83,0.0,0.0,2851.83,662.8800000000001,11956.19,0.0,12619.070000000002,1056.6100000000001,321.36,0.0,1377.9700000000003,80.86,1777.0179999999998,0.0,1857.8780000000002,,,,,,,,,9755.45,79266.93,0.0,89022.38,,,,,,,,,,,,0.0,,,,0.0,,,,,,,,,,,,,,,,0.0,9755.45,79266.93,0.0,89022.38,626.89,5688.01,0.0,6314.9,9128.56,73578.92,0.0,82707.48000000001,332.31497999999993,4419.949979999999,,4752.2649599999995,0.0,42.9897,,42.9897,2651.4764,47824.77,,50476.246399999996,2983.8,52287.76,,55271.560000000005,32.68642589849878,71.06350568885763,,66.82776455043728,353.03999999999996,4695.8099999999995,0.0,5048.85,6124.03,21015.3,0.0,27139.329999999998,,,,,,,,,,,,,,0.0,0.0,82707.48,0.0,0.0,,0.0,,0.0,,,,,,,,82707.48,0.0
368,MADHYA PRADESH,SIDHI,,1154.1499999999996,1154.15,0.0,1154.1499999999996,48890.0,311515.0,0.0,360405.0,124995.0,485400.0,2979.76,23661.4,0.0,26641.160000000003,1008.65,,0.0,1008.65,71.87400000000001,0.0,0.0,71.88,37.019999999999996,1923.34,0.0,1960.36,172.59,167.39000000000001,0.0,339.98,0.0,336.80999999999995,0.0,336.80999999999995,,,,,,,,,4269.9,26088.93,0.0,30358.829999999998,,,,,,,,,,,,0.0,,,,0.0,,,,,,,,,,,,,,,,0.0,4269.9,26088.93,0.0,30358.829999999998,213.49,1304.44,0.0,1517.9299999999998,4056.41,24784.489999999998,0.0,28840.899999999998,272.1513,2689.89378,,2962.04508,0.0,88.261015,,88.261015,148.096,7693.380000000001,,7841.476000000001,420.24,10471.54,,10891.78,10.359899517060652,42.250375133803445,,37.76504894091378,290.1,2867.42,0.0,3157.5199999999995,3618.2200000000003,14135.43,0.0,17753.65,,,,,,,,,,,,,,0.0,0.0,28840.899999999998,0.0,0.0,,0.0,,0.0,,,,,,,,28840.899999999998,0.0
369,MADHYA PRADESH,SINGRAULI,,1175.6,1175.6,0.0,1175.6,6602.0,444658.0,0.0,451260.0,115940.0,567200.0,634.1400000000001,33056.09,0.0,33690.229999999996,120.77,,0.0,120.77,134.5194,0.0,0.0,134.51999999999998,36.769999999999996,2220.83,0.0,2257.6000000000004,141.2,214.58,0.0,355.78,9.06,461.70000000000005,0.0,470.76,,,,,,,,,1076.46,35953.2,0.0,37029.659999999996,,,,,,,,,,,,0.0,,,,0.0,,,,,,,,,,,,,,,,0.0,1076.46,35953.2,0.0,37029.659999999996,53.82,1797.6599999999999,0.0,1851.4700000000003,1022.6400000000001,34155.54,0.0,35178.18,179.2296,2534.2504799999997,,2713.48008,0.0,2222.24921,,2222.24921,147.0636,8883.2772,,9030.3408,326.3,13639.779999999999,,13966.080000000002,31.907611671751546,39.9343122667655,,39.700973728601085,194.31,2751.44,0.0,2945.75,681.26,20298.57,0.0,20979.829999999998,,,,,,,,,,,,,,0.0,0.0,35178.18,0.0,0.0,,0.0,,0.0,,,,,,,,35178.18,0.0
370,MADHYA PRADESH,TIKAMGARH,,1070.3,1070.3,0.0,1070.3,26862.0,308676.0,0.0,335538.0,12800.0,348338.0,2196.9,27464.829999999998,0.0,29661.73,477.01,,,477.01,1555.092,0.0,0.0,1555.09,519.12,6289.2,0.0,6808.31,1392.3899999999999,402.76,,1795.15,25.86,539.3299999999999,0.0,565.19,,,,,,,,,6166.37,34696.11,0.0,40862.48,,,,,,,,,,,,0.0,,,,0.0,,,,,,,,,,,,,,,,0.0,6166.37,34696.11,0.0,40862.48,308.33,1734.79,0.0,2043.12,5858.04,32961.32,0.0,38819.36,249.29207999999997,2914.2351899999994,,3163.52727,0.0,0.0,,0.0,2076.516,25156.7748,,27233.290800000002,2325.8199999999997,28071.02,,30396.839999999997,39.70304060743866,85.16351893674161,,78.30330020896788,301.03,3445.49,0.0,3746.52,3480.4800000000005,4359.0599999999995,0.0,7839.54,,,,,,,,,,,,,,0.0,0.0,38819.36,0.0,0.0,,0.0,,0.0,,,,,,,,38819.36,0.0
371,MADHYA PRADESH,UJJAIN,,0.0,967.8022721418072,0.0,967.8022721418072,0.0,593933.0,0.0,593933.0,19090.0,613023.0,0.0,70468.12,0.0,70468.12,,,,,0.0,0.0,0.0,0.0,0.0,23964.93,0.0,23964.93,0.0,2355.3799999999997,0.0,2355.3799999999997,0.0,1886.73,0.0,1886.73,,,,,,,,,0.0,98675.18000000001,0.0,98675.18000000001,,,,,,,,,,,,0.0,,,,0.0,,,,,,,,,,,,,,,,0.0,0.0,98675.18000000001,0.0,98675.18000000001,0.0,4933.780000000001,0.0,4933.780000000001,0.0,93741.40000000001,0.0,93741.40000000001,,3948.208431,,3948.208431,,59.594770000000004,,59.594770000000004,,95859.72679999999,,95859.72679999999,,99867.52000000002,,99867.52000000002,,106.53512748902834,,106.53512748902834,0.0,4104.22,0.0,4104.22,0.0,10011.68,0.0,10011.68,,,,,,,,,,,,,,0.0,0.0,93741.4,0.0,0.0,,0.0,,0.0,,,,,,,,93741.4,0.0
372,MADHYA PRADESH,UMARIA,,0.0,1250.6000000000001,0.0,1250.6000000000001,0.0,421900.0,0.0,421900.0,32000.0,453900.0,0.0,35763.74,0.0,35763.74,0.0,,0.0,0.0,0.0,0.0,0.0,0.0,0.0,1155.65,0.0,1155.65,0.0,314.33,0.0,314.33,0.0,156.49599999999998,0.0,156.49599999999998,,,,,,,,,0.0,37390.22,0.0,37390.22,,,,,,,,,,,,0.0,,,,0.0,,,,,,,,,,,,,,,,0.0,0.0,37390.22,0.0,37390.22,0.0,1869.51,0.0,1869.51,0.0,35520.71,0.0,35520.71,,1601.48568,,1601.48568,,528.7178299999999,,528.7178299999999,,4622.6376,,4622.6376,,6752.839999999999,,6752.839999999999,,19.01099386808428,,19.01099386808428,0.0,1714.96,0.0,1714.96,0.0,28654.4,0.0,28654.4,,,,,,,,,,,,,,0.0,0.0,35520.71,0.0,0.0,,0.0,,0.0,,,,,,,,35520.71,0.0
373,MADHYA PRADESH,VIDISHA,,1135.3,1135.3000000000002,0.0,1135.3,76287.0,594483.0,0.0,670770.0,66330.0,737100.0,9945.21,68320.36,0.0,78265.57,2190.09,,0.0,2190.09,687.258,0.0,0.0,687.27,393.15000000000003,12899.72,0.0,13292.87,256.75,164.27000000000004,0.0,421.02,7.8,637.8059999999999,,645.606,,,,,,,,,13480.27,82022.16,0.0,95502.43000000001,,,,,,,,,,,,0.0,,,,0.0,,,,,,,,,,,,,,,,0.0,13480.27,82022.16,0.0,95502.43000000001,674.02,4559.55,0.0,5233.57,12806.250000000002,77462.61,0.0,90268.86000000002,446.17308,3586.4009399999995,,4032.5740199999996,0.0,16.212169999999997,,16.212169999999997,1572.6239999999998,51598.89360000001,,53171.51760000001,2018.81,55201.5,,57220.31,15.764255734504633,71.26212246140429,,63.38875886989155,480.16999999999996,3780.3700000000003,0.0,4260.54,10753.44,22067.16,0.0,32820.6,,,,,,,,,,,,,,0.0,0.0,90268.86,0.0,0.0,,0.0,,0.0,,,,,,,,90268.86,0.0
374,MAHARASHTRA,Ahmednagar,,566.8528895738032,575.3870307023896,565.0402347059465,573.2289649434391,366203.14,1172429.26,23842.6,1562475.0,0.0,1562475.0,23826.46,77986.57,1628.54,103441.56999999999,3430.8199999999997,0.0,0.0,3430.8199999999997,18349.49505,0.0,0.0,18349.49505,11132.420000000002,17626.81,199.03000000000003,28958.259999999995,609.31,2347.3699999999994,0.0,2956.68,209.32,5546.068,11.780000000000001,5767.168000000001,,,,,,,,,57557.85,103506.79,1839.35,162903.99000000002,,,,,,,,,,,,,,,,,,,,,,,,,,,,,,,,,57557.85,103506.79,1839.35,162903.99000000002,3001.65,5175.38,91.95999999999998,8268.99,54556.200000000004,98331.41,1747.39,154635.0,1629.9425,4566.7945,11.4975,6208.2345000000005,0.0,0.0,0.0,0.0,44652.082,69936.27029,796.137,115384.48928999997,46282.03,74503.06999999999,807.6300000000001,121592.73000000001,84.8336760991418,75.76731585563554,46.21921837712246,79.00254310993547,1629.93,4566.829999999999,11.5,6208.260000000001,12151.12,30994.77,1053.8400000000001,43145.89,,,,,,,,,,,,,,0.0,0.0,152887.61000000002,1747.39,,,,,,,,,,,,,152887.61000000002,1747.39
375,MAHARASHTRA,Akola,,771.7301625848289,781.3032189427089,792.3685051537635,782.0432955075287,48014.32,390222.54,75928.01,514164.86999999994,0.0,514164.86999999994,3206.3599999999997,25850.745262224656,5153.016329267574,34210.12159149223,1770.5199999999998,0.0,0.0,1770.5199999999998,1663.5526878000005,0.0,0.0,1663.5526878000005,704.8599999999999,4017.8147842193584,208.16221157619967,4930.836995795557,284.09,164.5234121667003,0.0,448.61341216670036,153.262,1822.130512638442,5.826603829160531,1981.2191164676024,,,,,,,,,7782.649999999999,31855.16052688783,5367.014053853102,45004.82458074093,,,,,,,,,,,,,,,,,,,,,,,,,,,,,,,,,7782.649999999999,31855.16052688783,5367.014053853102,45004.82458074093,645.48,2135.703766227,423.6884855431859,3204.8722517701863,7137.169999999999,29719.456760660833,4943.325568309916,41799.95232897074,307.269855,1947.3062053646345,120.97226454641773,2375.548324911052,0.1548,0.4342047335152479,0.0,0.589004733515248,3362.59521,18181.433305529376,832.9760009436494,22377.004516473025,3670.04,20129.156044496223,953.9963283433952,24753.192372839618,51.42150179973295,67.73056522062969,19.298674852798722,64.5723663183915,307.26,1947.321551257591,121.02197620892018,2375.603527466511,3467.13,9639.560716164608,4283.449239966521,13106.690716164609,,,,,,,,,,,,,,0.0,0.0,36856.62676066083,4943.325568309916,,,,,,,,,,,,,36856.62676066083,4943.325568309916
376,MAHARASHTRA,Amravati,,861.8842210578431,903.7677054218763,700.393565651037,861.5018507719493,48476.0,626333.0,164430.0,839239.0,0.0,839239.0,4020.67,50701.7559058971,9947.095464130793,64669.5213700279,3023.94,0.0,0.0,3023.94,7880.537539440001,0.0,0.0,7880.537539440001,1788.6000000000001,11354.733455886286,944.6792073853123,14088.012663271598,40.08,1281.2963515680374,0.0,1321.3763515680375,342.87800000000004,3358.432240389041,0.0,3701.3102403890402,,,,,,,,,17096.69,66696.24716153895,10891.774671516103,94684.71183305504,,,,,,,,,,,,,,,,,,,,,,,,,,,,,,,,,17096.69,66696.24716153895,10891.774671516103,94684.71183305504,1035.8799999999999,4934.833241479293,893.5520726570011,6864.2653141362935,16060.81,61761.41392005965,9998.222598859104,87820.44651891878,940.7594750000001,3268.9039730018058,1025.320395269607,5234.983843271411,0.0,0.0,0.0,0.0,8614.275348,48860.513973991736,4393.579857826825,61868.36917981856,9555.09,52129.43881203517,5418.91237162691,67103.44118366207,59.493201152370276,84.40454242111176,54.19875700952349,79.26338480817327,940.7500000000001,3268.925636086346,1025.2556579382683,5234.931294024614,7811.969999999999,14439.185108024483,6321.336581452276,22251.155108024483,,,,,,,,,,,,,,0.0,0.0,77822.22392005965,9998.222598859104,,,,,,,,,,,,,77822.22392005965,9998.222598859104
377,MAHARASHTRA,Aurangabad,,621.1322065049723,679.8254889205582,0.0,670.4149724155786,152345.0,797829.0,0.0,950174.0,0.0,950174.0,11796.610000000002,67822.03,,79618.64000000001,604.64,0.0,,604.64,9780.790704000001,0.0,,9780.790704000001,4224.57,11718.930000000002,,15943.5,1085.67,2950.9400000000005,,4036.61,1726.486,6843.637999999999,,8570.124,,,,,,,,,29218.76,89335.56000000001,,118554.31999999999,,,,,,,,,,,,,,,,,0.0,0.0,,0.0,0.0,0.0,,0.0,0.0,0.0,,0.0,,,,,29218.76,89335.56000000001,,118554.31999999999,1532.6200000000003,4466.790000000001,,5999.410000000001,27686.14,84868.76999999999,,112554.91000000002,732.3824999999999,2730.15375,,3462.5362500000006,0.0,0.0,,0.0,18420.6808,50931.69849999999,,69352.3793,19153.1,53661.84,,72814.94,69.17938000746943,63.22919490879861,,64.69281526678844,732.35,2730.13,,3462.48,8533.039999999999,31206.940000000002,,39739.98,,,,,,,,,,,,,,0.0,,112554.90999999999,,,,,,,,,,,,,,112554.90999999999,0.0
378,MAHARASHTRA,Beed,,703.6892532645091,694.8909383465561,0.0,695.7767744553012,104227.0,930978.0,0.0,1035205.0,0.0,1035205.0,8981.970000000001,78079.34,,87061.31,1450.2599999999998,0.0,,1450.2599999999998,15298.34796,0.0,,15298.34796,2292.93,14449.550000000001,,16742.48,38.980000000000004,275.28999999999996,,314.27000000000004,278.18000000000006,9145.132,,9423.312,,,,,,,,,28340.69,101949.23,,130289.92000000001,,,,,,,,,,,,,,,,,,,,,,,,,,,,,,,,,28340.69,101949.23,,130289.92000000001,1458.9900000000002,5372.74,,6831.7300000000005,26881.700000000004,96576.49000000002,,123458.19,936.3014999999998,3960.9719999999998,,4897.273499999999,21.137500000000003,18.516500000000004,,39.654,10207.573,58238.95700000001,,68446.53,11164.999999999998,62218.41999999999,,73383.42,41.53383156571198,64.42398144724454,,59.439896211016865,936.33,3961.01,,4897.339999999999,15716.699999999999,34358.07,,50074.77,,,,,,,,,,,,,,0.0,,123458.19000000003,,,,,,,,,,,,,,123458.19000000003,0.0
379,MAHARASHTRA,Bhandara,,1433.474078685026,1456.0212720857814,0.0,1449.9462217873024,106831.0,289666.0,0.0,396497.0,0.0,396497.0,7648.024150964433,25088.410784995118,,32736.434935959547,1539.4563998216079,0.0,,1539.4563998216079,47539.794087696886,0.0,,47539.794087696886,1636.1899999999998,4871.990379335815,,6508.180379335815,373.05,1373.3954770698142,,1746.4454770698144,1807.693582116178,2455.411747899326,,4263.105330015504,,,,,,,,,60544.20354889062,33789.23639090625,,94333.43993979688,,,,,,,,,,,,,,,,,,,,,,,,,,,,,,,,,60544.20354889062,33789.23639090625,,94333.43993979688,5345.5483442970235,1714.5213182068303,,7060.069662503853,55198.655204593604,32074.71507269942,,87273.37027729301,1424.6919044715132,2277.112100898692,,3701.8040053702043,24.5285,147.13270000000003,,171.6612,5905.950652941242,16508.35822182544,,22414.308874766688,7355.209506076486,18932.571027855305,,26287.780533931793,13.324979528603423,59.026466750970066,,30.121193269387703,1425.102501951165,2334.3056560298633,,3759.408157981028,47843.04569851711,13084.934044844114,,60927.979743361226,,,,,,,,,,,,,,0.0,,87273.37027729303,,,,,,,,,,,,,,87273.37027729303,0.0
380,MAHARASHTRA,Buldhana,,759.5478084142809,758.0494526300823,712.6982499624455,756.6919572515735,62489.0,731498.0,26628.0,820615.0,0.0,820615.0,4899.959999999998,60224.11466179241,1803.2702898550724,66927.34495164746,881.1,0.0,0.0,881.1,2251.8526500000003,0.0,0.0,2251.8526500000003,1184.19,13739.580335121147,78.48130434782608,15002.251639468977,928.73,793.4899999999999,0.0,1722.2199999999998,549.0919999999999,6218.868964293247,17.248,6785.208964293248,,,,,,,,,10694.92,80976.07596120678,1898.9915942028983,93569.9875554097,,,,,,,,,,,,,,,,,,,,,,,,,,,,,,,,,10694.92,80976.07596120678,1898.9915942028983,93569.9875554097,683.02,4667.296596120679,154.4544927536232,5504.771088874303,10011.9,76308.7793650861,1744.5371014492753,88065.21646653539,685.251635,2569.1497994269585,110.96267666666668,3365.364111093625,0.0,0.0,0.0,0.0,4769.970376,56057.17650007816,411.7121688405797,61238.85904491874,5455.259999999999,58626.37872866042,522.7231884057971,64604.36191706622,54.48775956611631,76.82782927004074,29.963432017097517,74.23671731965,685.28,2569.1446471982117,110.94927536231884,3365.3739225605304,4556.640000000001,20634.020636425696,1351.8139130434784,25190.660636425695,,,,,,,,,,,,,,0.0,0.0,86320.67936508611,1744.5371014492753,,,,,,,,,,,,,86320.67936508611,1744.5371014492753
381,MAHARASHTRA,Chandrapur,,1294.698054813542,1285.5399176775618,0.0,1286.2827651320995,84979.0,962678.0,0.0,1047657.0,0.0,1047657.0,6812.95,93572.77999999998,,100385.73,778.22,0.0,,778.22,9732.689102880708,0.0,,9732.689102880708,487.28000000000003,3436.42,,3923.7000000000007,0.0,623.6000000000001,,623.6000000000001,120.81800000000001,1801.4419999999998,,1922.2599999999998,,,,,,,,,17931.95,99434.22,,117366.16999999998,,,,,,,,,,,,,,,,,,,,,,,,,,,,,,,,,17931.95,99434.22,,117366.16999999998,1033.27,5195.19,,6228.459999999999,16898.68,94239.02999999998,,111137.71,2881.9619999999995,14951.219000000003,,17833.181000000004,1.224,22.736000000000004,,23.960000000000004,1736.094,13209.228000000003,,14945.322000000004,4619.33,28183.259999999995,,32802.590000000004,27.335448685932867,29.906143983018502,,29.51526534063011,2881.94,14951.209999999997,,17833.149999999998,12279.35,66055.73999999999,,78335.09,,,,,,,,,,,,,,0.0,,111137.70999999999,,,,,,,,,,,,,,111137.70999999999,0.0
382,MAHARASHTRA,Dhule,,653.0618287438087,642.5567899458919,0.0,643.3594095139317,49061.0,593071.0,0.0,642132.0,0.0,642132.0,3555.8,41618.36,,45174.16,674.8900000000001,0.0,,674.8900000000001,12035.00388321989,0.0,,12035.00388321989,1872.72,6394.889999999999,,8267.61,132.64,454.77000000000004,,587.4099999999999,555.3979999999999,5936.0019999999995,,6491.4,,,,,,,,,18826.41,54404.04999999999,,73230.46,,,,,,,,,,,,,,,,,,,,,,,,,,,,,,,,,18826.41,54404.04999999999,,73230.46,1285.25,2720.21,,4005.46,17541.16,51683.840000000004,,69225.00000000001,328.33961999999997,1428.1175750000002,,1756.457195,5.8586100000000005,96.8825,,102.74110999999999,7682.616,26179.144,,33861.76,8016.839999999999,27704.12,,35720.96,45.70302078083775,53.603060453712416,,51.601242325749354,328.32,1428.14,,1756.4599999999998,9524.32,23979.710000000003,,33504.03,,,,,,,,,,,,,,0.0,,69225.0,,,,,,,,,,,,,,69225.0,0.0
383,MAHARASHTRA,Gadchiroli,,1160.5982037468734,1290.9714525129184,0.0,1287.636618615527,22679.71,863969.3899999999,0.0,886649.0999999999,0.0,886649.0999999999,1808.54,90899.30640030564,,92707.84640030564,348.19,0.0,,348.19,3564.130080000001,0.0,,3564.130080000001,266.48,8259.704122122825,,8526.184122122824,140.23000000000002,1081.6375995670307,,1221.8675995670305,3.3600000000000003,1044.9812698099392,,1048.3412698099391,,,,,,,,,6130.919999999999,101285.56660023559,,107416.48660023557,,,,,,,,,,,,,,,,,,,,,,,,,,,,,,,,,6130.919999999999,101285.56660023559,,107416.48660023557,389.87,5600.019637388175,,5989.889637388175,5741.049999999999,95685.54696284741,,101426.59696284743,501.2739999999999,4281.626462471745,,4782.900462471745,0.19328,1.3539999999999999,,1.5472799999999998,688.8855000000001,21122.86111744644,,21811.74661744644,1190.3600000000001,25405.967474133267,,26596.327474133268,20.73418625512755,26.551520350296837,,26.222241769459647,501.29,4281.620762471745,,4782.910762471745,4550.689999999999,70279.57948871414,,74830.26948871414,,,,,,,,,,,,,,0.0,,101426.59696284743,,,,,,,,,,,,,,101426.59696284743,0.0
384,MAHARASHTRA,Gondia,,1463.055266052548,1502.0603759040914,0.0,1495.1668026379975,81245.98,378458.76999999996,0.0,459704.75,0.0,459704.75,6989.950000000001,36336.11,,43326.06,2000.66,0.0,,2000.66,12740.558346395612,0.0,,12740.558346395612,1065.68,1661.1100000000001,,2726.79,1001.53,787.26,,1788.7900000000004,1978.28,1861.864,,3840.144,,,,,,,,,25776.6,40646.36,,66422.96,,,,,,,,,,,,,,,,,,,,,,,,,,,,,,,,,25776.6,40646.36,,66422.96,1756.5100000000002,2616.0099999999998,,4372.52,24020.09,38030.35,,62050.44,3428.456045,2601.521945,,6029.9779899999985,108.703,210.00600000000003,,318.709,4285.5957,5895.439290000001,,10181.034989999998,7822.750000000001,8706.95,,16529.7,32.56752993015431,22.89474064792988,,26.639134226928928,3428.45,2601.52,,6029.970000000001,16197.34,29323.399999999994,,45520.73999999999,,,,,,,,,,,,,,0.0,,62050.44,,,,,,,,,,,,,,62050.44,0.0
385,MAHARASHTRA,Hingoli,,1003.7873172922909,945.2800720417438,0.0,966.5113651523568,169191.0,297050.0,0.0,466241.0,0.0,466241.0,19322.29,32176.52,,51498.81,624.66,0.0,,624.66,35862.83074799999,0.0,,35862.83074799999,4344.1,4665.58,,9009.68,19.56,43.349999999999994,,62.90999999999999,981.156,4902.974,,5884.13,,,,,,,,,61154.61,41788.44,,102943.04999999999,,,,,,,,,,,,,,,,,,,,,,,,,,,,,,,,,61154.61,41788.44,,102943.04999999999,3057.71,2105.97,,5163.68,58096.90000000001,39682.47,,97779.37000000001,769.39,1389.7479999999996,,2159.138,1.02,1.512,,2.532,17624.76766,18662.31844,,36287.0861,18395.190000000002,20053.58,,38448.770000000004,31.662945871466462,50.535110339653755,,39.321965359359545,769.39,1389.75,,2159.14,39701.70999999999,19722.64,,59424.34999999999,,,,,,,,,,,,,,0.0,,97779.37000000001,,,,,,,,,,,,,,97779.37000000001,0.0
386,MAHARASHTRA,Jalgaon,,673.453349093303,689.6229968180654,0.0,687.2485994166359,167090.0,970793.0,0.0,1137883.0,0.0,1137883.0,11970.78,77326.28,,89297.06,1393.9299999999998,0.0,,1393.9299999999998,17050.2846273,0.0,,17050.2846273,6261.98,16072.160000000002,,22334.139999999996,950.62,1303.72,,2254.3399999999997,3645.4100000000003,8842.752000000002,,12488.162,,,,,,,,,41272.97,103544.93,,144817.89999999997,,,,,,,,,,,,,,,,,,,,,,,,,,,,,,,,,41272.97,103544.93,,144817.89999999997,2437.16,5393.04,,7830.200000000001,38835.810000000005,98151.89,,136987.7,1281.8405,3605.9710000000005,,4887.811500000001,151.816,161.8309,,313.6469,26842.49176,74406.22729000001,,101248.71905000001,28276.120000000003,78174.04,,106450.16,72.80939936620351,79.64598542116713,,77.70782340312306,1281.81,3605.98,,4887.79,11600.14,25064.489999999998,,36664.63,,,,,,,,,,,,,,0.0,,136987.7,,,,,,,,,,,,,,136987.7,0.0
387,MAHARASHTRA,Jalna,,681.6342488983312,685.1178033366273,0.0,684.8727203420575,54299.44,717500.56,0.0,771800.0,0.0,771800.0,3517.34,54866.469999999994,,58383.80999999999,344.70000000000005,0.0,,344.70000000000005,8632.0626012,0.0,,8632.0626012,1300.8899999999999,8631.07,,9931.96,1070.56,157.80999999999997,,1228.37,414.57800000000003,5718.938,,6133.516,,,,,,,,,15280.150000000001,69374.27,,84654.42000000001,,,,,,,,,,,,,,,,,,,,,,,,,,,,,,,,,15280.150000000001,69374.27,,84654.42000000001,781.0,3522.1799999999994,,4303.18,14499.150000000001,65852.08999999998,,80351.23999999999,185.9077,1240.650465,,1426.558165,14.962557499999999,53.8754044,,68.8379619,5389.8820000000005,35067.871,,40457.753000000004,5590.79,36362.4,,41953.189999999995,38.55943279433622,55.21829299571207,,52.21224961805194,1321.87,4375.14,,5697.010000000001,8367.0,26937.75,,35304.75,,,,,,,,,,,,,,0.0,,80351.23999999999,,,,,,,,,,,,,,80351.23999999999,0.0
388,MAHARASHTRA,Kolhapur,,1643.8254565030034,1675.1278112801754,0.0,1674.0960662319276,18529.67,543646.3300000001,0.0,562176.0,0.0,562176.0,2218.0400000000004,51911.619999999995,,54129.659999999996,672.5999999999999,0.0,,672.5999999999999,7915.32,46727.625,,54642.94500000001,1108.6299999999999,21277.829999999998,,22386.46,0.0,696.1700000000001,,696.1700000000001,34.28399999999999,3427.596,,3461.8799999999997,,,,,,,,,11948.87,124040.82000000002,,135989.69,,,,,,,,,,,,,,,,,,,,,,,,,,,,,,,,,11948.87,124040.82000000002,,135989.69,1152.7800000000002,7043.230000000001,,8196.010000000002,10796.089999999998,116997.59,,127793.68,82.08000000000001,2058.3,,2140.38,0.0,0.0,,0.0,2463.620000000001,49714.41500000001,,52178.035,2545.7,51772.72000000001,,54318.42,23.579833069194496,44.25109953119548,,42.504778014061415,82.08000000000001,2058.3,,2140.38,8250.39,65224.87,,73475.26000000001,,,,,,,,,,,,,,0.0,,127793.68,,,,,,,,,,,,,,127793.68,0.0
389,MAHARASHTRA,Latur,,694.1213961356959,703.4042581600455,0.0,702.7757832138744,44924.0,618624.0,0.0,663548.0,0.0,663548.0,2516.01,42337.56,,44853.57,618.73,0.0,,618.73,1297.7700195000002,0.0,,1297.7700195000002,980.72,7306.26,,8286.98,0.0,2259.1800000000003,,2259.1800000000003,841.904,12719.619999999999,,13561.524,,,,,,,,,6255.14,64622.55,,70877.69,,,,,,,,,,,,,,,,,,,,,,,,,,,,,,,,,6255.14,64622.55,,70877.69,371.22,3582.8799999999997,,3954.1,5883.92,61039.670000000006,,66923.59,352.1732,1847.461425,,2199.634625,192.53650000000002,0.0,,192.53650000000002,3990.3170000000005,29590.412000000004,,33580.729,4535.039999999999,31437.839999999997,,35972.880000000005,77.07514718079102,51.503948170099854,,53.75216721039623,352.17999999999995,1847.4399999999998,,2199.62,1813.6399999999999,29601.84,,31415.48,,,,,,,,,,,,,,0.0,,66923.59000000001,,,,,,,,,,,,,,66923.59000000001,0.0
390,MAHARASHTRA,Mumbai,,0.0,2205.0,0.0,2205.0,0.0,7004.0,0.0,7004.0,0.0,7004.0,,1365.05,,1365.05,,,,,,0.0,,0.0,,0.0,,0.0,,190.37,,190.37,,,,,,,,,,,,,,1555.42,,1555.42,,,,,,,,,,,,,,,,,,,,,,,,,,,,,,,,,,1555.42,,1555.42,,77.77,,77.77,,1477.65,,1477.65,,619.365945,,619.365945,,60.772499999999994,,60.772499999999994,,0.0,,0.0,,680.14,,680.14,,46.02849118532805,,46.02849118532805,,619.37,,619.37,,797.51,,797.51,,,,,,,,,,,,,,0.0,,1477.65,,,,,,,,,,,,,,1477.65,0.0
391,MAHARASHTRA,Mumbai Sub,,0.0,2141.851063188469,0.0,2141.851063188469,0.0,36494.0,0.0,36494.0,0.0,36494.0,,6912.880000000001,,6912.880000000001,,,,,,0.0,,0.0,,0.0,,0.0,,240.48,,240.48,,,,,,,,,,,,,,7153.36,,7153.36,,,,,,,,,,,,,,,,,,,,,,,,,,,,,,,,,,7153.36,,7153.36,,357.67999999999995,,357.67999999999995,,6795.68,,6795.68,,1787.6583100000005,,1787.6583100000005,,82.271,,82.271,,0.0,,0.0,,1869.91,,1869.91,,27.516157323476094,,27.516157323476094,,1787.67,,1787.67,,4925.77,,4925.77,,,,,,,,,,,,,,0.0,,6795.68,,,,,,,,,,,,,,6795.68,0.0
392,MAHARASHTRA,Nagpur,,1177.768261620631,1159.8576672994034,0.0,1164.944188040178,226924.0,572118.0,0.0,799042.0,0.0,799042.0,15498.293464439856,52805.69877247228,,68303.99223691215,2033.5128076720687,0.0,,2033.5128076720687,15260.570164199678,0.0,,15260.570164199678,2249.066006208984,6527.155020164776,,8776.221026373758,1022.8739903647281,375.5296967334751,,1398.403687098203,2248.539840215066,4845.686632366014,,7094.226472581082,,,,,,,,,38312.89110437865,64554.04020279075,,102866.9313071694,,,,,,,,,,,,,,,,,,,,,,,,,,,,,,,,,38312.89110437865,64554.04020279075,,102866.9313071694,2205.0829836382686,3580.3929902676077,,5785.475973905876,36107.80812074037,60973.647212523145,,97081.45533326351,3969.936182435377,6282.552219945885,,10252.488402381261,280.17830583906294,74.13971431140331,,354.31802015046634,9527.696371110553,26332.221956196146,,35859.918327306696,13777.802878497727,32688.891863866684,,46466.6947423644,38.15740582321235,53.61150818144406,,47.863615747057395,3969.936818992595,6282.571820213074,,10252.508639205666,22343.405242242647,28284.745385869523,,50628.15062811217,,,,,,,,,,,,,,0.0,,97081.45533326353,,,,,,,,,,,,,,97081.45533326353,0.0
393,MAHARASHTRA,Nanded,,1020.5756626527312,1025.8106364986052,0.0,1025.170264401324,124499.6,893271.4,0.0,1017771.0,0.0,1017771.0,13231.360000000002,93755.53,,106986.89,1602.7599999999998,0.0,,1602.7599999999998,6337.131300000001,0.0,,6337.131300000001,2372.7,6329.759999999999,,8702.46,82.80999999999999,190.49999999999997,,273.31,275.488,1430.996,,1706.484,,,,,,,,,23902.24,101706.79000000001,,125609.03000000001,,,,,,,,,,,,,,,,,,,,,,,,,,,,,,,,,23902.24,101706.79000000001,,125609.03000000001,1204.1399999999996,5085.33,,6289.470000000001,22698.099999999995,96621.45999999999,,119319.56,1156.7549832,2229.1414800000002,,3385.8964632,0.0,1.2125,,1.2125,9499.911689999999,25365.332290000002,,34865.24398,10656.66,27595.670000000006,,38252.33,46.94956846608307,28.56060134053036,,32.05872532550405,1156.78,2229.14,,3385.9199999999996,12064.63,69025.79,,81090.42,,,,,,,,,,,,,,0.0,,119319.56,,,,,,,,,,,,,,119319.56,0.0
394,MAHARASHTRA,Nandurbar,,852.4362915220624,943.2044167453572,0.0,939.2366800071278,18153.0,397125.0,0.0,415278.0,0.0,415278.0,1549.34,38350.80630630632,,39900.14630630631,234.68999999999997,0.0,,234.68999999999997,4056.568011394127,0.0,,4056.568011394127,423.39,4086.3652252252255,,4509.755225225225,203.83,237.78522522522522,,441.61522522522523,100.86800000000001,2591.787981981982,,2692.6559819819818,,,,,,,,,6568.71,45266.738738738735,,51835.44873873874,,,,,,,,,,,,,,,,,,,,,,,,,,,,,,,,,6568.71,45266.738738738735,,51835.44873873874,460.67999999999995,2314.2744144144144,,2774.9544144144143,6108.03,42952.46432432432,,49060.494324324325,821.9984249999999,2169.6841006306304,,2991.6825256306306,0.0,0.0,,0.0,1886.38788,15611.129545945947,,17497.517425945945,2708.41,17780.79378378378,,20489.203783783785,44.34179268929589,41.396446195787604,,41.763141741572674,822.0,2169.6783783783785,,2991.6783783783785,3399.6200000000003,25171.67054054054,,28571.29054054054,,,,,,,,,,,,,,0.0,,49060.49432432432,,,,,,,,,,,,,,49060.49432432432,0.0
395,MAHARASHTRA,Nashik,,741.4743583357573,1015.0780175312038,0.0,981.6043403891889,165024.0,1183832.0,0.0,1348856.0,0.0,1348856.0,13482.609999999997,122741.06999999999,,136223.68,2478.11,0.0,,2478.11,23219.885833519285,0.0,,23219.885833519285,5474.22,22867.870000000006,,28342.090000000004,527.65,3002.2799999999997,,3529.93,552.04,6567.796,,7119.835999999998,,,,,,,,,45734.46,155179.01,,200913.46999999997,,,,,,,,,,,,,,,,,,,,,,,,,,,,,,,,,45734.46,155179.01,,200913.46999999997,3023.7799999999997,8119.150000000001,,11142.929999999998,42710.68,147059.86000000002,,189770.54,807.00604,2786.6300000000006,,3593.63604,19.8075,1182.561,,1202.3685,19662.687853,84983.718589,,104646.406442,20489.47,88952.89,,109442.35999999999,47.97270846542364,60.48753888382594,,57.67089032892038,806.9999999999999,2786.61,,3593.6100000000006,23032.020000000004,63033.049999999996,,86065.07,,,,,,,,,,,,,,0.0,,189770.53999999998,,,,,,,,,,,,,,189770.53999999998,0.0
396,MAHARASHTRA,Osmanabad,,771.4737284134675,768.4482097237335,0.0,768.6295035346949,40245.0,631383.0,0.0,671628.0,0.0,671628.0,3818.3100000000004,59810.09,,63628.399999999994,9.48,0.0,,9.48,16.8807,0.0,,16.8807,888.3899999999999,11144.64,,12033.029999999999,596.74,767.3500000000001,,1364.0900000000001,9.91,12123.985999999999,,12133.895999999999,,,,,,,,,5339.709999999999,83846.09,,89185.8,,,,,,,,,,,,,,,,,,,,,,,,,,,,,,,,,5339.709999999999,83846.09,,89185.8,310.36,4192.31,,4502.67,5029.35,79653.78,,84683.12999999998,344.08799999999997,1971.7859999999996,,2315.874,0.0,0.792,,0.792,3553.5495,44719.151000000005,,48272.7005,3897.6500000000005,46691.740000000005,,50589.38999999999,77.49808623380756,58.6183606101305,,59.73963173066467,344.07000000000005,1971.78,,2315.85,1311.79,32962.04,,34273.83,,,,,,,,,,,,,,0.0,,84683.13,,,,,,,,,,,,,,84683.13,0.0
397,MAHARASHTRA,Palghar,,2196.0084793064875,2524.949604501832,0.0,2503.6465782038927,17880.0,258206.0,0.0,276086.0,0.0,276086.0,1149.69,17182.170000000002,,18331.86,378.79,0.0,,378.79,1723.3218719999998,0.0,,1723.3218719999998,144.18,837.37,,981.55,262.82,6.43,,269.25,29.240000000000002,430.578,,459.81800000000004,,,,,,,,,3688.0399999999995,18456.61,,22144.65,,,,,,,,,,,,,,,,,,,,,,,,,,,,,,,,,3688.0399999999995,18456.61,,22144.65,221.10999999999999,1169.52,,1390.6299999999999,3466.93,17287.09,,20754.02,145.96491,871.2676800000002,,1017.2325900000001,5.1000000000000005,38.70000000000001,,43.8,579.636,3349.551,,3929.187,730.6899999999999,4259.509999999999,,4990.2,21.075995188827,24.63983238358798,,24.044498367063344,145.98000000000002,871.26,,1017.2400000000001,2736.24,13027.58,,15763.82,,,,,,,,,,,,,,0.0,,20754.02,,,,,,,,,,,,,,20754.02,0.0
398,MAHARASHTRA,Parbhani,,918.9042775087107,881.1226762468026,0.0,896.5136626971355,253138.0,368262.0,0.0,621400.0,0.0,621400.0,25368.789999999997,33924.94,,59293.729999999996,354.12,0.0,,354.12,15031.191600000002,0.0,,15031.191600000002,4241.1,4732.15,,8973.25,6.89,91.9,,98.79000000000002,797.632,2720.956,,3518.5879999999997,,,,,,,,,45799.71,41469.94999999999,,87269.65999999999,,,,,,,,,,,,,,,,,0.0,0.0,,0.0,0.0,0.0,,0.0,0.0,0.0,,0.0,,,,,45799.71,41469.94999999999,,87269.65999999999,2289.9500000000003,2073.5,,4363.45,43509.759999999995,39396.45,,82906.21,847.14,1103.04296,,1950.1829599999999,0.0,0.0,,0.0,16964.437380000003,19247.89156,,36212.32894000001,17811.559999999998,20350.93,,38162.49,40.936930012944224,51.656760951811656,,46.030918552422065,847.13,1103.04,,1950.17,25698.210000000003,19045.530000000002,,44743.740000000005,,,,,,,,,,,,,,0.0,,82906.20999999999,,,,,,,,,,,,,,82906.20999999999,0.0
399,MAHARASHTRA,Pune,,534.2110092254062,741.701462405112,466.55894039343315,680.778432071046,337817.1,910189.31,27721.61,1275728.0199999998,0.0,1275728.0199999998,20189.780000000002,75083.38921375576,1486.6425861612197,96759.81179991698,11361.650000000003,0.0,0.0,11361.650000000003,38278.448081999995,0.0,0.0,38278.448081999995,11738.650000000001,15464.405344705798,2327.824415596927,29530.879760302727,261.0,557.21,0.0,818.21,1016.5939999999997,21098.49298550801,0.0,22115.086985508013,,,,,,,,,82846.15,112203.57989864821,3814.4670017581457,198864.1969004063,,,,,,,,,,,,,,,,,,,,,,,,,,,,,,,,,82846.15,112203.57989864821,3814.4670017581457,198864.1969004063,7120.759999999999,7469.6429382807055,237.31521326557643,14827.718151546283,75725.39,104733.9369603675,3577.1517884925706,184036.4787488601,2919.7982,5221.082668071201,353.2551577755835,8494.136025846785,0.0,0.0,0.0,0.0,46574.607581709504,61691.84240793,9311.327872883601,117577.77786252309,49494.41,66912.87698726302,9664.547030659183,126071.8340179222,65.36038969228156,63.88843857992621,270.1743622328051,64.50610724755079,2919.8,5221.114639630746,353.25915777558345,8494.173797406329,28213.480000000003,43296.100000000006,214.61999999999998,71509.58000000002,,,,,,,,,,,,,,0.0,0.0,180459.3269603675,3577.1517884925706,,,,,,,,,,,,,180459.3269603675,3577.1517884925706
400,MAHARASHTRA,Raigad,,2869.1412455865043,3077.818677534669,0.0,3069.302504089295,15294.0,359465.0,0.0,374759.0,0.0,374759.0,1111.59,31595.34,,32706.929999999997,202.12000000000006,0.0,,202.12000000000006,3778.9199999999996,0.0,,3778.9199999999996,69.4,987.5899999999999,,1056.99,219.34999999999997,127.75,,347.1,0.0,0.0,,0.0,,,,,,,,,5381.339999999998,32710.68,,38092.02,,,,,,,,,,,,,,,,,,,,,,,,,,,,,,,,,5381.339999999998,32710.68,,38092.02,307.72,1646.46,,1954.18,5073.62,31064.22,,36137.84,80.77938000000002,1902.0307500000004,,1982.81013,0.0,0.0,,0.0,277.51700000000005,3950.328000000001,,4227.845,358.31999999999994,5852.370000000001,,6210.6900000000005,7.062413030538352,18.83958457672525,,17.186112949750182,80.8,1902.03,,1982.8300000000002,4715.3,25211.85,,29927.149999999998,,,,,,,,,,,,,,0.0,,36137.840000000004,,,,,,,,,,,,,,36137.840000000004,0.0
401,MAHARASHTRA,Ratnagiri,,3583.6723387225866,3453.9943299805964,0.0,3455.5786981206984,6247.0,505060.0,0.0,511307.0,0.0,511307.0,473.39000000000004,38183.53,,38656.920000000006,141.94,0.0,,141.94,547.509636,0.0,,547.509636,47.339999999999996,1344.85,,1392.1899999999998,76.05,32.88,,108.93,60.400000000000006,169.054,,229.454,,,,,,,,,1346.6399999999999,39730.280000000006,,41076.92,,,,,,,,,,,,,,,,,,,,,,,,,,,,,,,,,1346.6399999999999,39730.280000000006,,41076.92,70.91000000000001,2216.28,,2287.19,1275.73,37514.00000000001,,38789.73,80.07140000000001,1251.8251699999998,,1331.89657,0.0,0.0,,0.0,254.80800000000005,5347.92,,5602.728,334.85999999999996,6599.780000000001,,6934.639999999999,26.24850085833209,17.592845337740577,,17.8775155176383,80.07000000000001,1251.8600000000001,,1331.9300000000003,940.8700000000001,30914.22,,31855.09,,,,,,,,,,,,,,0.0,,38789.73000000001,,,,,,,,,,,,,,38789.73000000001,0.0
402,MAHARASHTRA,Sangli,,595.8872956041466,694.4741335718135,709.313597866164,653.9239502892312,353157.3599999999,446292.96,43307.92,842758.24,0.0,842758.24,23386.213356259283,31109.694883490334,3188.1600000000003,57684.06823974963,3672.727293650744,0.0,0.0,3672.727293650744,51450.18105063931,0.0,0.0,51450.18105063931,10848.562660518248,6614.827327714427,0.0,17463.389988232677,318.4253552686851,693.4399999999999,0.0,1011.865355268685,5295.290366848695,7933.119750123948,0.0,13228.410116972644,,,,,,,,,94971.30740224077,46351.031001487354,3188.1600000000003,144510.49840372812,,,,,,,,,,,,,,,,,,,,,,,,,,,,,,,,,94971.30740224077,46351.031001487354,3188.1600000000003,144510.49840372812,6882.616074081969,2698.8029300941994,318.81000000000006,9900.229004176168,88088.6913281588,43652.228071393154,2869.3500000000004,134610.26939955194,1714.1288190141943,1661.340245141299,38.8725,3414.341564155493,0.0,0.0,0.0,0.0,43437.977642073,23635.759350024786,0.0,67073.73699209778,45152.130705772455,25297.093505205747,38.870000000000005,70488.0942109782,51.25757917956369,57.95143712671983,1.3546622057260356,53.47558262996137,1714.1000636994588,1661.329395141299,38.870000000000005,3414.2994588407573,43125.74062238635,18566.260000000002,2830.49,61692.00062238635,,,,,,,,,,,,,,0.0,0.0,131740.91939955196,2869.3500000000004,,,,,,,,,,,,,131740.91939955196,2869.3500000000004
403,MAHARASHTRA,Satara,,763.0945516863268,936.0281757386643,0.0,921.3805190158027,74325.75,803181.25,0.0,877507.0,0.0,877507.0,5764.040000000001,50141.07,,55905.11,2904.9700000000003,0.0,,2904.9700000000003,24550.873919999998,9797.73,,34348.603919999994,3447.3199999999997,11582.03,,15029.35,610.77,943.4300000000002,,1554.2,21.959999999999997,1829.2179999999996,,1851.1779999999999,,,,,,,,,37299.96,74293.45,,111593.41,,,,,,,,,,,,,,,,,,,,,,,,,,,,,,,,,37299.96,74293.45,,111593.41,3028.81,3867.02,,6895.829999999999,34271.15,70426.43000000001,,104697.57999999999,1150.947,3703.6764000000003,,4854.6234,0.0,0.0,,0.0,14533.389,46116.86724999999,,60650.256250000006,15684.34,49820.56999999999,,65504.91,45.765432440988995,70.74129698182911,,62.5658300793581,1150.96,3703.69,,4854.650000000001,18586.79,21009.059999999998,,39595.85,,,,,,,,,,,,,,0.0,,104697.58000000002,,,,,,,,,,,,,,104697.58000000002,0.0
404,MAHARASHTRA,Sindhudurg,,3528.2304632480445,3462.5862989159805,0.0,3463.117590179928,2260.56,277044.94,0.0,279305.5,0.0,279305.5,186.43,20708.42,,20894.849999999995,40.660000000000004,0.0,,40.660000000000004,187.75908,0.0,,187.75908,67.78,1789.4899999999998,,1857.27,100.56,81.83,,182.39000000000001,14.304,165.644,,179.94799999999998,,,,,,,,,597.4900000000001,22745.379999999997,,23342.870000000003,,,,,,,,,,,,,,,,,,,,,,,,,,,,,,,,,597.4900000000001,22745.379999999997,,23342.870000000003,37.519999999999996,1137.26,,1174.78,559.97,21608.12,,22168.09,62.17848,2161.30005,,2223.47853,0.0,0.0,,0.0,271.12393000000003,7157.96484,,7429.08877,333.29,9319.250000000002,,9652.54,59.51925996035502,43.12846281860709,,43.54249734641099,62.17,2161.3099999999995,,2223.48,226.67999999999998,12288.869999999999,,12515.55,,,,,,,,,,,,,,0.0,,22168.09,,,,,,,,,,,,,,22168.09,0.0
405,MAHARASHTRA,Solapur,,640.584204758574,667.0703416746724,0.0,663.5489593568257,197286.0,1286604.0,0.0,1483890.0,0.0,1483890.0,12164.32,82629.17,,94793.48999999999,2254.4700000000003,0.0,,2254.4700000000003,12438.343056262973,0.0,,12438.343056262973,6810.549999999999,18901.43,,25711.98,10.21,252.21,,262.42,1340.742,9711.446000000002,,11052.188,,,,,,,,,35018.7,111494.31000000001,,146513.00999999998,,,,,,,,,,,,,,,,,,,,,,,,,,,,,,,,,35018.7,111494.31000000001,,146513.00999999998,1817.9699999999998,5839.94,,7657.910000000001,33200.729999999996,105654.37,,138855.1,1127.93188,3725.077210000001,,4853.0090900000005,2.061,0.5873999999999999,,2.6484,27198.340640000002,75700.14568,,102898.48631999998,28328.34,79425.81999999998,,107754.16,85.32444919132803,75.17513946654547,,77.60187418395147,1127.92,3725.09,,4853.01,9686.650000000001,28004.69,,37691.34,,,,,,,,,,,,,,0.0,,138855.09999999998,,,,,,,,,,,,,,138855.09999999998,0.0
406,MAHARASHTRA,Thane,,2606.931630610883,2522.7612965006238,0.0,2526.544593419492,10493.0,222954.0,0.0,233447.0,0.0,233447.0,670.5,14096.720000000001,,14767.22,45.82,0.0,,45.82,1293.6132,0.0,,1293.6132,22.16,577.2599999999999,,599.4200000000001,123.4,92.27000000000001,,215.67,11.072,357.32,,368.392,,,,,,,,,2166.5599999999995,15123.59,,17290.149999999998,,,,,,,,,,,,,,,,,,,,,,,,,,,,,,,,,2166.5599999999995,15123.59,,17290.149999999998,115.34,837.8500000000001,,953.1899999999998,2051.2200000000003,14285.74,,16336.96,49.41151,690.1942500000002,,739.6057600000001,0.0,0.0,,0.0,88.632,2309.031,,2397.663,138.01999999999998,2999.22,,3137.24,6.728678542525909,20.99450220989602,,19.203327914128455,49.41,690.2,,739.61,1913.1999999999998,11286.519999999999,,13199.719999999998,,,,,,,,,,,,,,0.0,,16336.96,,,,,,,,,,,,,,16336.96,0.0
407,MAHARASHTRA,Wardha,,1030.1509933963002,1044.1508082728699,0.0,1039.2339542786158,204128.0,377088.0,0.0,581216.0,0.0,581216.0,19747.85,39165.76,,58913.61,1330.7699999999998,0.0,,1330.7699999999998,8694.12084,0.0,,8694.12084,3465.0299999999997,6280.349999999999,,9745.380000000001,53.66,247.54,,301.20000000000005,2781.534,7690.778000000001,,10472.311999999998,,,,,,,,,36072.97,53384.42,,89457.39,,,,,,,,,,,,,,,,,,,,,,,,,,,,,,,,,36072.97,53384.42,,89457.39,1905.52,2669.2200000000003,,4574.74,34167.450000000004,50715.200000000004,,84882.65,1161.77339,2293.72102,,3455.49441,44.997749999999996,73.80189999999999,,118.79965000000001,13862.47438,25131.174020000002,,38993.648400000005,15069.25,27498.66,,42567.91000000001,44.10411078380154,54.22173234060005,,50.14912941572868,1161.78,2293.75,,3455.5299999999997,19241.8,23216.53,,42458.33,,,,,,,,,,,,,,0.0,,84882.65,,,,,,,,,,,,,,84882.65,0.0
408,MAHARASHTRA,Washim,,904.9859016677583,911.5348271152694,0.0,911.1626367461338,27347.489999999998,453848.93,0.0,481196.42,0.0,481196.42,2242.21,40335.92,,42578.13,201.13,0.0,,201.13,3781.8761759999998,0.0,,3781.8761759999998,551.15,7476.59,,8027.74,456.74000000000007,92.82,,549.5600000000001,1928.854,6156.004,,8084.858,,,,,,,,,9161.95,54061.33000000001,,63223.280000000006,,,,,,,,,,,,,,,,,,,,,,,,,,,,,,,,,9161.95,54061.33000000001,,63223.280000000006,459.26,2819.9900000000002,,3279.25,8702.69,51241.34,,59944.03,628.342011,1480.58455,,2108.9265609999998,4.8674,3.6439999999999997,,8.511399999999998,2204.61058,29906.311295,,32110.921875,2837.83,31390.56,,34228.39,32.60865318654347,61.26022465454651,,57.10058199290238,628.33,1480.5800000000002,,2108.91,5864.860000000001,19850.78,,25715.64,,,,,,,,,,,,,,0.0,,59944.03,,,,,,,,,,,,,,59944.03,0.0
409,MAHARASHTRA,Yawatmal,,997.3505881155984,1011.1831876014104,0.0,1008.8402984658229,193775.68,950290.99,0.0,1144066.6700000002,0.0,1144066.6700000002,16338.069999999998,86658.88999999998,,102996.96,528.3499999999999,0.0,,528.3499999999999,7223.349261,0.0,,7223.349261,1727.36,7587.0,,9314.36,61.58,588.1199999999999,,649.6999999999999,67.92,4120.62,,4188.54,,,,,,,,,25946.570000000003,98954.59000000001,,124901.16000000002,,,,,,,,,,,,,,,,,,,,,,,,,,,,,,,,,25946.570000000003,98954.59000000001,,124901.16000000002,1729.3100000000002,5137.39,,6866.7,24217.260000000002,93817.2,,118034.46,1594.0081440000001,6042.592247999999,,7636.600392,12.401,10.807400000000001,,23.208400000000005,6885.714758000001,30454.899586,,37340.614344,8492.089999999998,36508.29,,45000.38,35.066270915867435,38.91428224248858,,38.124781525666315,1593.9999999999998,6042.590000000002,,7636.590000000001,15728.450000000003,57308.91,,73037.36,,,,,,,,,,,,,,0.0,,118034.45999999999,,,,,,,,,,,,,,118034.45999999999,0.0
410,MANIPUR,BISHNUPUR,,0.0,1987.59,0.0,1987.59,0.0,49600.0,0.0,49600.0,0.0,49600.0,0.0,11830.130000000001,0.0,11830.130000000001,,,,,0.0,0.18300385487999998,0.0,0.18000000000000002,0.0,83.56,0.0,83.56,,0.0,,0.0,0.0,0.0,,0.0,,,,,,,,,0.0,11913.869999999999,0.0,11913.869999999999,,,,,,,,,,,,0.0,,,,0.0,,,,,,,,,,,,,,,,0.0,0.0,11913.869999999999,0.0,11913.869999999999,0.0,1191.38,0.0,1191.38,0.0,10722.490000000002,0.0,10722.490000000002,,284.87519999999995,,284.87519999999995,,0.0,,0.0,,327.0,,327.0,,611.87,,611.87,,5.706417072900044,,5.706417072900044,0.0,290.92999999999995,0.0,290.92999999999995,0.0,10104.57,0.0,10104.57,,,,,,,,,,,,,,190080.0,0.0,200802.49,0.0,0.0,,0.0,,0.0,,,,,,,,200802.49,0.0
411,MANIPUR,CHANDEL,,0.0,0.0,0.0,0.0,0.0,0.0,0.0,0.0,331300.0,331300.0,0.0,0.0,0.0,0.0,,,,,0.0,0.0,0.0,0.0,0.0,0.0,0.0,0.0,,0.0,,0.0,,,,,,,,,,,,,0.0,0.0,0.0,0.0,,,,,,,,,,,,0.0,,,,0.0,,,,,,,,,,,,,,,,0.0,0.0,0.0,0.0,0.0,0.0,0.0,0.0,0.0,0.0,0.0,0.0,0.0,,,,0.0,,,,0.0,,,,0.0,,,,,,,,,0.0,0.0,0.0,0.0,0.0,0.0,0.0,0.0,,,,,,,,,,,,,,0.0,0.0,0.0,0.0,0.0,,0.0,,0.0,,,,,,,,0.0,0.0
412,MANIPUR,CHURACHANPUR,,0.0,2133.46,0.0,2133.46,0.0,32100.0,0.0,32100.0,424900.0,457000.0,0.0,8218.09,0.0,8218.09,,,,,0.0,0.0,0.0,0.0,0.0,69.0,0.0,69.0,,0.0,,0.0,0.0,0.0,,0.0,,,,,,,,,0.0,8287.09,0.0,8287.09,,,,,,,,,,,,0.0,,,,0.0,,,,,,,,,,,,,,,,0.0,0.0,8287.09,0.0,8287.09,0.0,828.71,0.0,828.71,0.0,7458.38,0.0,7458.38,,191.144295,,191.144295,,0.0,,0.0,,270.0,,270.0,,461.14,,461.14,,6.182843995612989,,6.182843995612989,0.0,192.05,0.0,192.05,0.0,6996.33,0.0,6996.33,,,,,,,,,,,,,,154080.0,0.0,161538.38,0.0,0.0,,0.0,,0.0,,,,,,,,161538.38,0.0
413,MANIPUR,IMPHAL EAST,,0.0,1717.14,0.0,1717.14,0.0,70900.0,0.0,70900.0,0.0,70900.0,0.0,14609.43,0.0,14609.43,,,,,0.0,190.54385415912003,0.0,190.55,0.0,146.44,0.0,146.44,,1.9200000000000002,,1.9200000000000002,0.0,0.0,,0.0,,,,,,,,,0.0,14948.34,0.0,14948.34,,,,,,,,,,,,0.0,,,,0.0,,,,,,,,,,,,,,,,0.0,0.0,14948.34,0.0,14948.34,0.0,1494.83,0.0,1494.83,0.0,13453.510000000002,0.0,13453.510000000002,,500.3931,,500.3931,,12.0,,12.0,,573.0,,573.0,,1085.3899999999999,,1085.3899999999999,,8.067708724340337,,8.067708724340337,0.0,502.75,0.0,502.75,0.0,12365.759999999998,0.0,12365.759999999998,,,,,,,,,,,,,,178544.4,0.0,191997.91,0.0,0.0,,0.0,,0.0,,,,,,,,191997.91,0.0
414,MANIPUR,IMPHAL WEST,,0.0,1384.88,0.0,1384.88,0.0,51900.0,0.0,51900.0,0.0,51900.0,0.0,8625.039999999999,0.0,8625.039999999999,,,,,0.0,0.049314727440000004,0.0,0.04,0.0,72.83000000000001,0.0,72.83000000000001,,1.47,,1.47,0.0,0.0,,0.0,,,,,,,,,0.0,8699.38,0.0,8699.38,,,,,,,,,,,,0.0,,,,0.0,,,,,,,,,,,,,,,,0.0,0.0,8699.38,0.0,8699.38,0.0,869.9300000000001,0.0,869.9300000000001,0.0,7829.450000000001,0.0,7829.450000000001,,568.36851,,568.36851,,12.0,,12.0,,285.0,,285.0,,865.36,,865.36,,11.05262821781862,,11.05262821781862,0.0,571.06,0.0,571.06,0.0,6961.4,0.0,6961.4,,,,,,,,,,,,,,188560.0,0.0,196389.45,0.0,0.0,,0.0,,0.0,,,,,,,,196389.45,0.0
415,MANIPUR,SENAPATI,,0.0,0.0,0.0,0.0,0.0,0.0,0.0,0.0,327100.0,327100.0,0.0,0.0,0.0,0.0,,,,,0.0,0.0,0.0,0.0,0.0,0.0,0.0,0.0,,0.0,,0.0,,,,,,,,,,,,,0.0,0.0,0.0,0.0,,,,,,,,,,,,0.0,,,,0.0,,,,,,,,,,,,,,,,0.0,0.0,0.0,0.0,0.0,0.0,0.0,0.0,0.0,0.0,0.0,0.0,0.0,,,,0.0,,,,0.0,,,,0.0,,,,,,,,,0.0,0.0,0.0,0.0,0.0,0.0,0.0,0.0,,,,,,,,,,,,,,0.0,0.0,0.0,0.0,0.0,,0.0,,0.0,,,,,,,,0.0,0.0
416,MANIPUR,TAMENGLONG,,0.0,0.0,0.0,0.0,0.0,0.0,0.0,0.0,439100.0,439100.0,0.0,0.0,0.0,0.0,,,,,0.0,0.0,0.0,0.0,0.0,0.0,0.0,0.0,,0.0,,0.0,,,,,,,,,,,,,0.0,0.0,0.0,0.0,,,,,,,,,,,,0.0,,,,0.0,,,,,,,,,,,,,,,,0.0,0.0,0.0,0.0,0.0,0.0,0.0,0.0,0.0,0.0,0.0,0.0,0.0,,,,0.0,,,,0.0,,,,0.0,,,,,,,,,0.0,0.0,0.0,0.0,0.0,0.0,0.0,0.0,,,,,,,,,,,,,,0.0,0.0,0.0,0.0,0.0,,0.0,,0.0,,,,,,,,0.0,0.0
417,MANIPUR,THOUBAL,,0.0,1276.78,0.0,1276.78,0.0,51400.0,0.0,51400.0,0.0,51400.0,0.0,7875.17,0.0,7875.17,,,,,0.0,0.057724656,0.0,0.06,0.0,61.33,0.0,61.33,,0.9,,0.9,0.0,0.0,,0.0,,,,,,,,,0.0,7937.459999999999,0.0,7937.459999999999,,,,,,,,,,,,0.0,,,,0.0,,,,,,,,,,,,,,,,0.0,0.0,7937.459999999999,0.0,7937.459999999999,0.0,793.75,0.0,793.75,0.0,7143.709999999999,0.0,7143.709999999999,,463.20471,,463.20471,,0.0,,0.0,,240.0,,240.0,,703.1999999999999,,703.1999999999999,,9.843624671214258,,9.843624671214258,0.0,465.39,0.0,465.39,0.0,6438.32,0.0,6438.32,,,,,,,,,,,,,,220800.0,0.0,227943.71000000002,0.0,0.0,,0.0,,0.0,,,,,,,,227943.71000000002,0.0
418,MANIPUR,UKHRUL,,0.0,0.0,0.0,0.0,0.0,0.0,0.0,0.0,454400.0,454400.0,0.0,0.0,0.0,0.0,,,,,0.0,0.0,0.0,0.0,0.0,0.0,0.0,0.0,,0.0,,0.0,,,,,,,,,,,,,0.0,0.0,0.0,0.0,,,,,,,,,,,,0.0,,,,0.0,,,,,,,,,,,,,,,,0.0,0.0,0.0,0.0,0.0,0.0,0.0,0.0,0.0,0.0,0.0,0.0,0.0,,,,0.0,,,,0.0,,,,0.0,,,,,,,,,0.0,0.0,0.0,0.0,0.0,0.0,0.0,0.0,,,,,,,,,,,,,,0.0,0.0,0.0,0.0,0.0,,0.0,,0.0,,,,,,,,0.0,0.0
419,MEGHALAYA,EAST GARO HILLS,,0.0,2975.0,0.0,2975.0,0.0,50215.0,0.0,50215.0,94085.0,144300.0,0.0,8181.95,0.0,8181.95,,,,,0.0,727.3144737770017,0.0,727.3199999999999,0.0,0.0,0.0,0.0,,49.81,,49.81,,468.216,,468.216,,,,,,,,,0.0,9427.3,0.0,9427.3,,,,,,,,,,,,0.0,,,,0.0,0.0,0.0,0.0,0.0,0.0,0.0,0.0,0.0,0.0,0.0,0.0,0.0,0.0,0.0,0.0,0.0,0.0,9427.3,0.0,9427.3,0.0,942.72,0.0,942.72,0.0,8484.58,0.0,8484.58,,339.06568858870764,,339.06568858870764,,0.0,,0.0,,0.0,,0.0,,339.06000000000006,,339.06000000000006,,3.9961907366068807,,3.9961907366068807,0.0,368.38,0.0,368.38,0.0,8116.200000000001,0.0,8116.200000000001,,,,,,,0.0,0.0,72.644561568,,,,,26817.32,0.0,35301.9,0.0,0.0,,0.0,,0.0,,,,,,,,35301.9,0.0
420,MEGHALAYA,EAST JAINTIA HILLS,,0.0,2320.0,0.0,2320.0,0.0,82735.0,0.0,82735.0,121265.0,204000.0,0.0,16773.68,0.0,16773.68,,,,,0.0,0.8203418991127648,0.0,0.8200000000000001,0.0,0.0,0.0,0.0,,43.14,,43.14,,136.406,,136.406,,,,,,,,,0.0,16954.04,0.0,16954.04,,,,,,,,,,,,0.0,,,,0.0,0.0,0.0,0.0,0.0,0.0,0.0,0.0,0.0,0.0,0.0,0.0,0.0,0.0,0.0,0.0,0.0,0.0,16954.04,0.0,16954.04,0.0,1695.41,0.0,1695.41,0.0,15258.630000000001,0.0,15258.630000000001,,190.46355907878507,,190.46355907878507,,0.0,,0.0,,0.0,,0.0,,190.47,,190.47,,1.2482772044410277,,1.2482772044410277,0.0,211.46,0.0,211.46,0.0,15047.17,0.0,15047.17,,,,,,,0.0,0.0,13.930422048,,,,,21591.5,0.0,36850.13,0.0,0.0,,0.0,,0.0,,,,,,,,36850.13,0.0
421,MEGHALAYA,EAST KHASI HILLS,,0.0,4032.0,0.0,4032.0,0.0,86732.0,0.0,86732.0,188068.0,274800.0,0.0,21763.6,0.0,21763.6,,,,,0.0,9.936,0.0,9.93,0.0,0.0,0.0,0.0,,87.9,,87.9,,832.572,,832.572,,,,,,,,,0.0,22693.989999999998,0.0,22693.989999999998,,,,,,,,,,,,0.0,,,,0.0,0.0,0.0,0.0,0.0,0.0,0.0,0.0,0.0,0.0,0.0,0.0,0.0,0.0,0.0,0.0,0.0,0.0,22693.989999999998,0.0,22693.989999999998,0.0,2269.39,0.0,2269.39,0.0,20424.6,0.0,20424.6,,649.3054645152952,,649.3054645152952,,2.1,,2.1,,0.0,,0.0,,651.38,,651.38,,3.1891934236166195,,3.1891934236166195,0.0,694.9000000000001,0.0,694.9000000000001,0.0,19727.63,0.0,19727.63,,,,,,,0.0,0.0,200.57725540676572,,,,,17382.789999999997,0.0,37807.39000000001,0.0,0.0,,0.0,,0.0,,,,,,,,37807.39000000001,0.0
422,MEGHALAYA,NORTH GARO HILLS,,0.0,2803.0,0.0,2803.0,0.0,37031.0,0.0,37031.0,78969.0,116000.0,0.0,7338.23,0.0,7338.23,,,,,0.0,2496.230339447336,0.0,2496.24,0.0,0.0,0.0,0.0,,52.75,,52.75,,81.206,,81.206,,,,,,,,,0.0,9968.42,0.0,9968.42,,,,,,,,,,,,0.0,,,,0.0,0.0,0.0,0.0,0.0,0.0,620.77,0.0,620.77,0.0,0.0,0.0,0.0,0.0,-620.77,0.0,-620.77,0.0,9347.65,0.0,9347.65,0.0,996.84,0.0,996.84,0.0,8350.810000000001,0.0,8350.810000000001,,407.56567577573844,,407.56567577573844,,0.0,,0.0,,1.7999999999999998,,1.7999999999999998,,409.37,,409.37,,4.902159191743076,,4.902159191743076,0.0,439.32000000000005,0.0,439.32000000000005,0.0,7909.6900000000005,0.0,7909.6900000000005,,,,,,,0.0,0.0,6.2570001600000005,,,,,37706.229999999996,0.0,46057.04,0.0,0.0,,0.0,,0.0,,,,,,,,46057.04,0.0
423,MEGHALAYA,RI BHOI,,0.0,2030.0,0.0,2030.0,0.0,68878.0,0.0,68878.0,175922.0,244800.0,0.0,6373.199999999999,0.0,6373.199999999999,,,,,0.0,57.29162108108109,0.0,57.300000000000004,0.0,0.0,0.0,0.0,,110.22,,110.22,,39.42,,39.42,,,,,,,,,0.0,6580.14,0.0,6580.14,,,,,,,,,,,,0.0,,,,0.0,0.0,0.0,0.0,0.0,0.0,0.0,0.0,0.0,0.0,0.0,0.0,0.0,0.0,0.0,0.0,0.0,0.0,6580.14,0.0,6580.14,0.0,658.0100000000001,0.0,658.0100000000001,0.0,5922.129999999999,0.0,5922.129999999999,,314.694000741914,,314.694000741914,,22.472099999999998,,22.472099999999998,,0.0,,0.0,,337.15999999999997,,337.15999999999997,,5.693221864430535,,5.693221864430535,0.0,349.65,0.0,349.65,0.0,5550.01,0.0,5550.01,,,,,,,0.0,0.0,32.70526415999999,,,,,9954.85,0.0,15876.98,0.0,0.0,,0.0,,0.0,,,,,,,,15876.98,0.0
424,MEGHALAYA,SOUTH GARO HILLS,,0.0,4210.0,0.0,4210.0,0.0,65957.0,0.0,65957.0,122743.0,188700.0,0.0,23405.14,0.0,23405.14,,,,,0.0,27.816000000000003,0.0,27.8,0.0,0.0,0.0,0.0,,84.77,,84.77,,11.808,,11.808,,,,,,,,,0.0,23529.510000000002,0.0,23529.510000000002,,,,,,,,,,,,0.0,,,,0.0,0.0,0.0,0.0,0.0,0.0,0.0,0.0,0.0,0.0,0.0,0.0,0.0,0.0,0.0,0.0,0.0,0.0,23529.510000000002,0.0,23529.510000000002,0.0,2352.96,0.0,2352.96,0.0,21176.550000000003,0.0,21176.550000000003,,251.53597413548732,,251.53597413548732,,0.0,,0.0,,0.0,,0.0,,251.54,,251.54,,1.1878233234403146,,1.1878233234403146,0.0,272.05,0.0,272.05,0.0,20904.5,0.0,20904.5,,,,,,,0.0,0.0,7.28950464,,,,,31202.960000000003,0.0,52379.509999999995,0.0,0.0,,0.0,,0.0,,,,,,,,52379.509999999995,0.0
425,MEGHALAYA,SOUTH WEST GARO HILLS,,0.0,1634.0,0.0,1634.0,0.0,42520.0,0.0,42520.0,44080.0,86600.0,0.0,7713.02,0.0,7713.02,,,,,0.0,62.80159014176327,0.0,62.8,0.0,149.7,0.0,149.7,,69.77000000000001,,69.77000000000001,,97.014,,97.014,,,,,,,,,0.0,8092.3,0.0,8092.3,,,,,,,,,,,,0.0,,,,0.0,0.0,0.0,0.0,0.0,0.0,2840.8900000000003,0.0,2840.8900000000003,0.0,0.0,0.0,0.0,0.0,-2840.8900000000003,0.0,-2840.8900000000003,0.0,5251.41,0.0,5251.41,0.0,809.23,0.0,809.23,0.0,4442.18,0.0,4442.18,,252.0600480962227,,252.0600480962227,,0.0,,0.0,,511.92,,511.92,,763.99,,763.99,,17.19853765493519,,17.19853765493519,0.0,258.33000000000004,0.0,258.33000000000004,0.0,3671.92,0.0,3671.92,,,,,,,0.0,0.0,4.95592128,,,,,52013.57,0.0,56455.75,0.0,0.0,,0.0,,0.0,,,,,,,,56455.75,0.0
426,MEGHALAYA,SOUTH WEST KHASI HILLS,,0.0,3918.0,0.0,3918.0,0.0,48537.0,0.0,48537.0,85563.0,134100.0,0.0,14093.95,0.0,14093.95,,,,,0.0,217.75999999999996,0.0,217.76,0.0,0.0,0.0,0.0,,44.739999999999995,,44.739999999999995,,1.4,,1.4,,,,,,,,,0.0,14357.85,0.0,14357.85,,,,,,,,,,,,0.0,,,,0.0,0.0,0.0,0.0,0.0,0.0,0.0,0.0,0.0,0.0,0.0,0.0,0.0,0.0,0.0,0.0,0.0,0.0,14357.85,0.0,14357.85,0.0,1435.78,0.0,1435.78,0.0,12922.07,0.0,12922.07,,135.17260693219356,,135.17260693219356,,0.0,,0.0,,0.0,,0.0,,135.17000000000002,,135.17000000000002,,1.046039837270654,,1.046039837270654,0.0,147.29000000000002,0.0,147.29000000000002,0.0,12774.779999999999,0.0,12774.779999999999,,,,,,,0.0,0.0,49.83324336,,,,,9707.4,0.0,22629.47,0.0,0.0,,0.0,,0.0,,,,,,,,22629.47,0.0
427,MEGHALAYA,WEST GARO HILLS,,0.0,2678.0,0.0,2678.0,0.0,127784.0,0.0,127784.0,153316.0,281100.0,0.0,30234.149999999998,0.0,30234.149999999998,,,,,0.0,72.0,0.0,72.0,0.0,860.49,0.0,860.49,,136.27,,136.27,,4.2,,4.2,,,,,,,,,0.0,31307.109999999993,0.0,31307.109999999993,,,,,,,,,,,,0.0,,,,0.0,0.0,0.0,0.0,0.0,2310.23,8283.86,0.0,10594.09,0.0,0.0,0.0,0.0,-2310.23,-8283.86,0.0,-10594.09,-2310.23,23023.249999999993,0.0,20713.019999999993,0.0,3130.72,0.0,3130.72,-2310.23,19892.53,0.0,17582.3,,986.9358490037639,,986.9358490037639,,0.6,,0.6,,1933.2000000000003,,1933.2000000000003,,2920.7300000000005,,2920.7300000000005,,14.682546664501702,,16.61176296616484,0.0,1071.79,0.0,1071.79,0.0,16886.940000000002,0.0,16886.940000000002,,,,,,,0.0,0.0,14.935125600000001,,,,,87850.29000000001,0.0,105432.59000000001,0.0,0.0,,0.0,,0.0,,,,,,,,105432.59000000001,0.0
428,MEGHALAYA,WEST JAINTIA HILLS,,0.0,2320.0,0.0,2320.0,0.0,79186.0,0.0,79186.0,98714.0,177900.0,0.0,11074.58,0.0,11074.58,,,,,0.0,60.080303529067216,0.0,60.09,0.0,0.0,0.0,0.0,,58.400000000000006,,58.400000000000006,,64.4,,64.4,,,,,,,,,0.0,11257.47,0.0,11257.47,,,,,,,,,,,,0.0,,,,0.0,0.0,0.0,0.0,0.0,0.0,0.0,0.0,0.0,0.0,0.0,0.0,0.0,0.0,0.0,0.0,0.0,0.0,11257.47,0.0,11257.47,0.0,1125.75,0.0,1125.75,0.0,10131.720000000001,0.0,10131.720000000001,,593.442584335598,,593.442584335598,,0.0,,0.0,,0.0,,0.0,,593.45,,593.45,,5.857347024986873,,5.857347024986873,0.0,667.29,0.0,667.29,0.0,9464.419999999998,0.0,9464.419999999998,,,,,,,0.0,0.0,30.431306159999995,,,,,13703.150000000001,0.0,23834.87,0.0,0.0,,0.0,,0.0,,,,,,,,23834.87,0.0
429,MEGHALAYA,WEST KHASI HILLS,,0.0,4062.0,0.0,4062.0,0.0,123970.0,0.0,123970.0,266630.0,390600.0,0.0,29585.9,0.0,29585.9,,,,,0.0,2044.0079999999998,0.0,2044.0,0.0,0.0,0.0,0.0,,70.76,,70.76,,5.202,,5.202,,,,,,,,,0.0,31705.86,0.0,31705.86,,,,,,,,,,,,0.0,,,,0.0,0.0,0.0,0.0,0.0,0.0,0.0,0.0,0.0,0.0,0.0,0.0,0.0,0.0,0.0,0.0,0.0,0.0,31705.86,0.0,31705.86,0.0,3170.59,0.0,3170.59,0.0,28535.269999999997,0.0,28535.269999999997,,453.13455800698966,,453.13455800698966,,0.0,,0.0,,0.0,,0.0,,453.13,,453.13,,1.5879646486611134,,1.5879646486611134,0.0,497.18000000000006,0.0,497.18000000000006,0.0,28038.1,0.0,28038.1,,,,,,,0.0,0.0,16.386185951999998,,,,,18404.16,0.0,46939.43,0.0,0.0,,0.0,,0.0,,,,,,,,46939.43,0.0
430,MIZORAM,AIZAWL,,0.0,2262.0,0.0,2262.0,0.0,21734.0,0.0,21734.0,335866.0,357600.0,0.0,1573.19,0.0,1573.19,0.0,,0.0,0.0,0.0,0.0,0.0,0.0,0.0,0.0,0.0,0.0,0.0,0.0,0.0,0.0,,,,,,,,,,,,,0.0,1573.19,0.0,1573.19,,,,,,,,,,,,0.0,,,,0.0,0.0,0.0,0.0,0.0,0.0,0.0,0.0,0.0,0.0,0.0,0.0,0.0,0.0,0.0,0.0,0.0,0.0,1573.19,0.0,1573.19,0.0,157.32,0.0,157.32,0.0,1415.87,0.0,1415.87,,196.92470875,,196.92470875,,0.0,,0.0,,0.0,,0.0,,196.94,,196.94,,13.909469089676312,,13.909469089676312,0.0,210.20999999999998,0.0,210.20999999999998,0.0,1205.6399999999999,0.0,1205.6399999999999,,,,,,,0.0,0.0,0.0,,,,,0.0,0.0,1415.87,0.0,0.0,,0.0,,0.0,,,,,,,,1415.87,0.0
431,MIZORAM,CHAMPHAI,,0.0,1745.0,0.0,1745.0,0.0,28673.0,0.0,28673.0,289827.0,318500.0,0.0,1601.31,0.0,1601.31,0.0,,0.0,0.0,0.0,0.0,0.0,0.0,0.0,0.0,0.0,0.0,0.0,0.0,0.0,0.0,,,,,,,,,,,,,0.0,1601.31,0.0,1601.31,,,,,,,,,,,,0.0,,,,0.0,0.0,0.0,0.0,0.0,0.0,0.0,0.0,0.0,0.0,0.0,0.0,0.0,0.0,0.0,0.0,0.0,0.0,1601.31,0.0,1601.31,0.0,160.14,0.0,160.14,0.0,1441.17,0.0,1441.17,,43.988182411249994,,43.988182411249994,,0.0,,0.0,,0.0,,0.0,,43.99,,43.99,,3.052381051506762,,3.052381051506762,0.0,45.71999999999999,0.0,45.71999999999999,0.0,1395.45,0.0,1395.45,,,,,,,0.0,0.0,0.0,,,,,0.0,0.0,1441.17,0.0,0.0,,0.0,,0.0,,,,,,,,1441.17,0.0
432,MIZORAM,KOLASIB,,0.0,2242.0,0.0,2242.0,0.0,39515.0,0.0,39515.0,98685.0,138200.0,0.0,2834.97,0.0,2834.97,0.0,,0.0,0.0,0.0,0.0,0.0,0.0,0.0,0.0,0.0,0.0,0.0,0.0,0.0,0.0,,,,,,,,,,,,,0.0,2834.97,0.0,2834.97,,,,,,,,,,,,0.0,,,,0.0,0.0,0.0,0.0,0.0,0.0,0.0,0.0,0.0,0.0,0.0,0.0,0.0,0.0,0.0,0.0,0.0,0.0,2834.97,0.0,2834.97,0.0,283.49,0.0,283.49,0.0,2551.4800000000005,0.0,2551.4800000000005,,31.029024125,,31.029024125,,0.0,,0.0,,0.0,,0.0,,31.02,,31.02,,1.215764967783404,,1.215764967783404,0.0,33.36,0.0,33.36,0.0,2518.13,0.0,2518.13,,,,,,,0.0,0.0,0.0,,,,,0.0,0.0,2551.48,0.0,0.0,,0.0,,0.0,,,,,,,,2551.48,0.0
433,MIZORAM,LAWNGTLAI,,0.0,2003.0,0.0,2003.0,0.0,52075.0,0.0,52075.0,203625.0,255700.0,0.0,3337.8100000000004,0.0,3337.8100000000004,0.0,,0.0,0.0,0.0,0.0,0.0,0.0,0.0,0.0,0.0,0.0,0.0,0.0,0.0,0.0,,,,,,,,,,,,,0.0,3337.8100000000004,0.0,3337.8100000000004,,,,,,,,,,,,0.0,,,,0.0,0.0,0.0,0.0,0.0,0.0,0.0,0.0,0.0,0.0,0.0,0.0,0.0,0.0,0.0,0.0,0.0,0.0,3337.8100000000004,0.0,3337.8100000000004,0.0,333.79,0.0,333.79,0.0,3004.02,0.0,3004.02,,101.86309952499998,,101.86309952499998,,0.0,,0.0,,0.0,,0.0,,101.85000000000001,,101.85000000000001,,3.3904567879042085,,3.3904567879042085,0.0,113.37,0.0,113.37,0.0,2890.67,0.0,2890.67,,,,,,,0.0,0.0,0.0,,,,,0.0,0.0,3004.02,0.0,0.0,,0.0,,0.0,,,,,,,,3004.02,0.0
434,MIZORAM,LUNGLEI,,0.0,2168.0,0.0,2168.0,0.0,74487.0,0.0,74487.0,381213.0,455700.0,0.0,5167.599999999999,0.0,5167.599999999999,0.0,,0.0,0.0,0.0,0.0,0.0,0.0,0.0,0.0,0.0,0.0,0.0,0.0,0.0,0.0,,,,,,,,,,,,,0.0,5167.599999999999,0.0,5167.599999999999,,,,,,,,,,,,0.0,,,,0.0,0.0,0.0,0.0,0.0,0.0,0.0,0.0,0.0,0.0,0.0,0.0,0.0,0.0,0.0,0.0,0.0,0.0,5167.599999999999,0.0,5167.599999999999,0.0,516.75,0.0,516.75,0.0,4650.85,0.0,4650.85,,189.463092225,,189.463092225,,0.0,,0.0,,0.0,,0.0,,189.46,,189.46,,4.073663953900899,,4.073663953900899,0.0,194.72,0.0,194.72,0.0,4456.13,0.0,4456.13,,,,,,,0.0,0.0,0.0,,,,,0.0,0.0,4650.85,0.0,0.0,,0.0,,0.0,,,,,,,,4650.85,0.0
435,MIZORAM,MAMIT,,0.0,2177.0,0.0,2177.0,0.0,71631.0,0.0,71631.0,228769.0,300400.0,0.0,4990.110000000001,0.0,4990.110000000001,0.0,,0.0,0.0,0.0,0.0,0.0,0.0,0.0,0.0,0.0,0.0,0.0,0.0,0.0,0.0,,,,,,,,,,,,,0.0,4990.110000000001,0.0,4990.110000000001,,,,,,,,,,,,0.0,,,,0.0,0.0,0.0,0.0,0.0,0.0,0.0,0.0,0.0,0.0,0.0,0.0,0.0,0.0,0.0,0.0,0.0,0.0,4990.110000000001,0.0,4990.110000000001,0.0,499.01,0.0,499.01,0.0,4491.1,0.0,4491.1,,100.27799760000002,,100.27799760000002,,0.0,,0.0,,0.0,,0.0,,100.28,,100.28,,2.2328605464140185,,2.2328605464140185,0.0,112.89999999999999,0.0,112.89999999999999,0.0,4378.2,0.0,4378.2,,,,,,,0.0,0.0,0.0,,,,,0.0,0.0,4491.1,0.0,0.0,,0.0,,0.0,,,,,,,,4491.1,0.0
436,MIZORAM,SAIHA,,0.0,2249.0,0.0,2249.0,0.0,10660.0,0.0,10660.0,129240.0,139900.0,0.0,767.1800000000001,0.0,767.1800000000001,0.0,,0.0,0.0,0.0,0.0,0.0,0.0,0.0,0.0,0.0,0.0,0.0,0.0,0.0,0.0,,,,,,,,,,,,,0.0,767.1800000000001,0.0,767.1800000000001,,,,,,,,,,,,0.0,,,,0.0,0.0,0.0,0.0,0.0,0.0,0.0,0.0,0.0,0.0,0.0,0.0,0.0,0.0,0.0,0.0,0.0,0.0,767.1800000000001,0.0,767.1800000000001,0.0,76.72,0.0,76.72,0.0,690.4599999999999,0.0,690.4599999999999,,39.817859125,,39.817859125,,0.0,,0.0,,0.0,,0.0,,39.81,,39.81,,5.765721403122557,,5.765721403122557,0.0,41.84,0.0,41.84,0.0,648.62,0.0,648.62,,,,,,,0.0,0.0,0.0,,,,,0.0,0.0,690.46,0.0,0.0,,0.0,,0.0,,,,,,,,690.46,0.0
437,MIZORAM,SERCHHIP,,0.0,1686.0,0.0,1686.0,0.0,16166.0,0.0,16166.0,125934.0,142100.0,0.0,872.1800000000001,0.0,872.1800000000001,0.0,,0.0,0.0,0.0,0.0,0.0,0.0,0.0,0.0,0.0,0.0,0.0,0.0,0.0,0.0,,,,,,,,,,,,,0.0,872.1800000000001,0.0,872.1800000000001,,,,,,,,,,,,0.0,,,,0.0,0.0,0.0,0.0,0.0,0.0,0.0,0.0,0.0,0.0,0.0,0.0,0.0,0.0,0.0,0.0,0.0,0.0,872.1800000000001,0.0,872.1800000000001,0.0,87.22,0.0,87.22,0.0,784.96,0.0,784.96,,47.50849125,,47.50849125,,0.0,,0.0,,0.0,,0.0,,47.51,,47.51,,6.052537708927843,,6.052537708927843,0.0,49.83,0.0,49.83,0.0,735.1300000000001,0.0,735.1300000000001,,,,,,,0.0,0.0,0.0,,,,,0.0,0.0,784.96,0.0,0.0,,0.0,,0.0,,,,,,,,784.96,0.0
438,NAGALAND,Dimapur,,0.0,1744.96,0.0,1744.96,0.0,63045.67,0.0,63045.67,29654.33,92700.0,0.0,21620.04,0.0,21620.04,0.0,,0.0,0.0,0.0,1372.56,0.0,1372.56,0.0,225.44,0.0,225.44,0.0,0.0,0.0,0.0,,4.176,,4.176,,,,,,,,,0.0,23222.22,0.0,23222.22,0.0,0.0,0.0,0.0,,,,,0.0,0.0,0.0,0.0,0.0,0.0,0.0,0.0,0.0,0.0,0.0,0.0,0.0,0.0,0.0,0.0,0.0,0.0,0.0,0.0,0.0,0.0,0.0,0.0,0.0,23222.22,0.0,23222.22,0.0,1649.9099999999999,0.0,1649.9099999999999,0.0,21572.31,0.0,21572.31,,808.358854152213,,808.358854152213,,2.3800000000000003,,2.3800000000000003,,737.8265879999999,,737.8265879999999,,1548.56,,1548.56,,7.17846164828894,,7.17846164828894,0.0,859.22,0.0,859.22,0.0,19972.879999999997,0.0,19972.879999999997,,,,,,,0.0,0.0,0.0,,,,,0.0,0.0,21572.31,0.0,0.0,,0.0,,0.0,,,,,,,,21572.31,0.0
439,NAGALAND,Kiphire,,0.0,1074.0999999999997,0.0,1074.0999999999997,0.0,3576.2,0.0,3576.2,109423.8,113000.0,0.0,184.39000000000001,0.0,184.39000000000001,0.0,,0.0,0.0,0.0,327.09000000000003,0.0,327.09000000000003,0.0,0.0,0.0,0.0,0.0,0.0,0.0,0.0,,0.538,,0.538,,,,,,,,,0.0,512.02,0.0,512.02,0.0,0.0,0.0,0.0,,,,,0.0,0.0,0.0,0.0,0.0,0.0,0.0,0.0,0.0,0.0,0.0,0.0,0.0,0.0,0.0,0.0,0.0,0.0,0.0,0.0,0.0,0.0,0.0,0.0,0.0,512.02,0.0,512.02,0.0,51.2,0.0,51.2,0.0,460.82000000000005,0.0,460.82000000000005,,9.655869122529701,,9.655869122529701,,0.0,,0.0,,0.0,,0.0,,9.66,,9.66,,2.09626318302157,,2.09626318302157,0.0,10.42,0.0,10.42,0.0,450.39,0.0,450.39,,,,,,,0.0,0.0,0.0,,,,,0.0,0.0,460.82000000000005,0.0,0.0,,0.0,,0.0,,,,,,,,460.82000000000005,0.0
440,NAGALAND,Kohima,,0.0,1779.3000000000002,0.0,1779.3000000000002,0.0,28263.57,0.0,28263.57,118036.43000000001,146300.0,0.0,2413.88,0.0,2413.88,0.0,,0.0,0.0,0.0,1928.6700000000003,0.0,1928.6700000000003,0.0,0.0,0.0,0.0,0.0,0.0,0.0,0.0,,11.106,,11.106,,,,,,,,,0.0,4353.65,0.0,4353.65,0.0,0.0,0.0,0.0,,,,,0.0,0.0,0.0,0.0,0.0,0.0,0.0,0.0,0.0,0.0,0.0,0.0,0.0,0.0,0.0,0.0,0.0,0.0,0.0,0.0,0.0,0.0,0.0,0.0,0.0,4353.65,0.0,4353.65,0.0,435.36,0.0,435.36,0.0,3918.29,0.0,3918.29,,212.36010119833506,,212.36010119833506,,0.2,,0.2,,0.0,,0.0,,212.56,,212.56,,5.424815416929324,,5.424815416929324,0.0,224.74,0.0,224.74,0.0,3693.3399999999997,0.0,3693.3399999999997,,,,,,,0.0,0.0,0.0,,,,,0.0,0.0,3918.2900000000004,0.0,0.0,,0.0,,0.0,,,,,,,,3918.2900000000004,0.0
441,NAGALAND,Longleng,,0.0,1879.5,0.0,1879.5,0.0,12889.619999999999,0.0,12889.619999999999,43310.38,56200.0,0.0,1162.85,0.0,1162.85,0.0,,0.0,0.0,0.0,340.05,0.0,340.05,0.0,0.0,0.0,0.0,0.0,0.0,0.0,0.0,,0.33,,0.33,,,,,,,,,0.0,1503.24,0.0,1503.24,0.0,0.0,0.0,0.0,,,,,0.0,0.0,0.0,0.0,0.0,0.0,0.0,0.0,0.0,0.0,0.0,0.0,0.0,0.0,0.0,0.0,0.0,0.0,0.0,0.0,0.0,0.0,0.0,0.0,0.0,1503.24,0.0,1503.24,0.0,150.32,0.0,150.32,0.0,1352.92,0.0,1352.92,,8.668099014250153,,8.668099014250153,,0.0,,0.0,,0.0,,0.0,,8.66,,8.66,,0.6400969754309198,,0.6400969754309198,0.0,15.65,0.0,15.65,0.0,1337.28,0.0,1337.28,,,,,,,0.0,0.0,0.0,,,,,0.0,0.0,1352.92,0.0,0.0,,0.0,,0.0,,,,,,,,1352.92,0.0
442,NAGALAND,Mokokchung,,0.0,2080.4,0.0,2080.4,0.0,55042.96,0.0,55042.96,106457.04000000001,161500.0,0.0,5496.54,0.0,5496.54,0.0,,0.0,0.0,0.0,768.67,0.0,768.67,0.0,25.190000000000005,0.0,25.190000000000005,0.0,0.0,0.0,0.0,,0.634,,0.634,,,,,,,,,0.0,6291.039999999999,0.0,6291.039999999999,0.0,0.0,0.0,0.0,,,,,0.0,0.0,0.0,0.0,0.0,0.0,0.0,0.0,0.0,0.0,0.0,0.0,0.0,0.0,0.0,0.0,0.0,0.0,0.0,0.0,0.0,0.0,0.0,0.0,0.0,6291.039999999999,0.0,6291.039999999999,0.0,629.0999999999999,0.0,629.0999999999999,0.0,5661.9400000000005,0.0,5661.9400000000005,,63.52043218061355,,63.52043218061355,,0.0,,0.0,,82.73628000000001,,82.73628000000001,,146.25,,146.25,,2.5830369096104864,,2.5830369096104864,0.0,64.31,0.0,64.31,0.0,5514.910000000001,0.0,5514.910000000001,,,,,,,0.0,0.0,0.0,,,,,0.0,0.0,5661.9400000000005,0.0,0.0,,0.0,,0.0,,,,,,,,5661.9400000000005,0.0
443,NAGALAND,Mon,,0.0,1469.1,0.0,1469.1,0.0,61512.44,0.0,61512.44,117087.56,178600.0,0.0,4337.66,0.0,4337.66,0.0,,0.0,0.0,0.0,288.54,0.0,288.54,0.0,3.48,0.0,3.48,0.0,0.0,0.0,0.0,,0.524,,0.524,,,,,,,,,0.0,4630.2,0.0,4630.2,0.0,0.0,0.0,0.0,,,,,0.0,0.0,0.0,0.0,0.0,0.0,0.0,0.0,0.0,0.0,0.0,0.0,0.0,0.0,0.0,0.0,0.0,0.0,0.0,0.0,0.0,0.0,0.0,0.0,0.0,4630.2,0.0,4630.2,0.0,463.02,0.0,463.02,0.0,4167.18,0.0,4167.18,,139.76813891535903,,139.76813891535903,,0.34,,0.34,,10.988460000000003,,10.988460000000003,,151.1,,151.1,,3.6259532825555887,,3.6259532825555887,0.0,140.02,0.0,140.02,0.0,4015.8199999999997,0.0,4015.8199999999997,,,,,,,0.0,0.0,0.0,,,,,0.0,0.0,4167.18,0.0,0.0,,0.0,,0.0,,,,,,,,4167.18,0.0
444,NAGALAND,Peren,,0.0,1394.1999999999996,0.0,1394.1999999999998,0.0,63838.44,0.0,63838.44,101261.56,165100.0,0.0,4272.17,0.0,4272.17,0.0,,0.0,0.0,0.0,1704.5700000000002,0.0,1704.5700000000002,0.0,53.09,0.0,53.09,0.0,0.0,0.0,0.0,,0.488,,0.488,,,,,,,,,0.0,6030.3099999999995,0.0,6030.3099999999995,0.0,0.0,0.0,0.0,,,,,0.0,0.0,0.0,0.0,0.0,0.0,0.0,0.0,0.0,0.0,0.0,0.0,0.0,0.0,0.0,0.0,0.0,0.0,0.0,0.0,0.0,0.0,0.0,0.0,0.0,6030.3099999999995,0.0,6030.3099999999995,0.0,603.04,0.0,603.04,0.0,5427.2699999999995,0.0,5427.2699999999995,,78.57733632370935,,78.57733632370935,,0.0,,0.0,,183.0033,,183.0033,,261.57,,261.57,,4.819550160577971,,4.819550160577971,0.0,79.47,0.0,79.47,0.0,5164.799999999999,0.0,5164.799999999999,,,,,,,0.0,0.0,0.0,,,,,0.0,0.0,5427.2699999999995,0.0,0.0,,0.0,,0.0,,,,,,,,5427.2699999999995,0.0
445,NAGALAND,Phek,,0.0,1295.1,0.0,1295.1,0.0,11309.0,0.0,11309.0,191291.0,202600.0,0.0,703.0000000000001,0.0,703.0000000000001,0.0,,0.0,0.0,0.0,1156.26,0.0,1156.26,0.0,0.0,0.0,0.0,0.0,0.0,0.0,0.0,,2.002,,2.002,,,,,,,,,0.0,1861.26,0.0,1861.26,0.0,0.0,0.0,0.0,,,,,0.0,0.0,0.0,0.0,0.0,0.0,0.0,0.0,0.0,0.0,0.0,0.0,0.0,0.0,0.0,0.0,0.0,0.0,0.0,0.0,0.0,0.0,0.0,0.0,0.0,1861.26,0.0,1861.26,0.0,186.13,0.0,186.13,0.0,1675.1299999999999,0.0,1675.1299999999999,,37.332896791674,,37.332896791674,,0.0,,0.0,,0.0,,0.0,,37.33,,37.33,,2.2284837594694142,,2.2284837594694142,0.0,38.17,0.0,38.17,0.0,1636.96,0.0,1636.96,,,,,,,0.0,0.0,0.0,,,,,0.0,0.0,1675.1299999999999,0.0,0.0,,0.0,,0.0,,,,,,,,1675.1299999999999,0.0
446,NAGALAND,Tuensang,,0.0,2079.4999999999995,0.0,2079.4999999999995,0.0,10123.43,0.0,10123.43,243476.56999999998,253600.0,0.0,1010.48,0.0,1010.48,0.0,,0.0,0.0,0.0,1871.3400000000001,0.0,1871.3400000000001,0.0,0.0,0.0,0.0,0.0,0.0,0.0,0.0,,0.42,,0.42,,,,,,,,,0.0,2882.24,0.0,2882.24,0.0,0.0,0.0,0.0,,,,,0.0,0.0,0.0,0.0,0.0,0.0,0.0,0.0,0.0,0.0,0.0,0.0,0.0,0.0,0.0,0.0,0.0,0.0,0.0,0.0,0.0,0.0,0.0,0.0,0.0,2882.24,0.0,2882.24,0.0,288.23,0.0,288.23,0.0,2594.01,0.0,2594.01,,43.99273166109057,,43.99273166109057,,0.0,,0.0,,0.0,,0.0,,43.989999999999995,,43.989999999999995,,1.6958300083654263,,1.6958300083654263,0.0,44.55,0.0,44.55,0.0,2549.4600000000005,0.0,2549.4600000000005,,,,,,,0.0,0.0,0.0,,,,,0.0,0.0,2594.01,0.0,0.0,,0.0,,0.0,,,,,,,,2594.01,0.0
447,NAGALAND,Wokha,,0.0,2166.76,0.0,2166.76,0.0,66920.62000000001,0.0,66920.62000000001,95879.38,162800.0,0.0,6960.049999999999,0.0,6960.049999999999,0.0,,0.0,0.0,0.0,1714.13,0.0,1714.13,0.0,1.5699999999999998,0.0,1.5699999999999998,0.0,0.0,0.0,0.0,,0.398,,0.398,,,,,,,,,0.0,8676.15,0.0,8676.15,0.0,0.0,0.0,0.0,,,,,0.0,0.0,0.0,0.0,0.0,0.0,0.0,0.0,0.0,0.0,0.0,0.0,0.0,0.0,0.0,0.0,0.0,0.0,0.0,0.0,0.0,0.0,0.0,0.0,0.0,8676.15,0.0,8676.15,0.0,867.62,0.0,867.62,0.0,7808.530000000001,0.0,7808.530000000001,,168.31651905905176,,168.31651905905176,,0.29000000000000004,,0.29000000000000004,,5.205419999999999,,5.205419999999999,,173.82000000000002,,173.82000000000002,,2.226027177970758,,2.226027177970758,0.0,169.74999999999997,0.0,169.74999999999997,0.0,7633.2699999999995,0.0,7633.2699999999995,,,,,,,0.0,0.0,0.0,,,,,0.0,0.0,7808.529999999999,0.0,0.0,,0.0,,0.0,,,,,,,,7808.529999999999,0.0
448,NAGALAND,Zunheboto,,0.0,2080.4,0.0,2080.4,0.0,8985.47,0.0,8985.47,116514.53,125500.0,0.0,897.2900000000001,0.0,897.2900000000001,0.0,,0.0,0.0,0.0,857.4,0.0,857.4,0.0,0.0,0.0,0.0,0.0,0.0,0.0,0.0,,0.358,,0.358,,,,,,,,,0.0,1755.0499999999997,0.0,1755.0499999999997,0.0,0.0,0.0,0.0,,,,,0.0,0.0,0.0,0.0,0.0,0.0,0.0,0.0,0.0,0.0,0.0,0.0,0.0,0.0,0.0,0.0,0.0,0.0,0.0,0.0,0.0,0.0,0.0,0.0,0.0,1755.0499999999997,0.0,1755.0499999999997,0.0,175.51,0.0,175.51,0.0,1579.54,0.0,1579.54,,58.52082650741721,,58.52082650741721,,0.36,,0.36,,0.0,,0.0,,58.88999999999999,,58.88999999999999,,3.7283006444914344,,3.7283006444914344,0.0,58.66,0.0,58.66,0.0,1520.5100000000002,0.0,1520.5100000000002,,,,,,,0.0,0.0,0.0,,,,,0.0,0.0,1579.54,0.0,0.0,,0.0,,0.0,,,,,,,,1579.54,0.0
449,ODISHA,ANGUL,,1120.1887474901337,1295.8483287799863,0.0,1290.8598778178673,14443.0,494142.0,0.0,508585.0,130761.0,639346.0,969.31,42283.97,0.0,43253.28,356.46000000000004,,0.0,356.46000000000004,2563.38264168876,0.0,0.0,2563.38,504.82,5631.400000000001,0.0,6136.22,61.48,6405.85,0.0,6467.33,6.16,74.188,0.0,80.34800000000001,,,,,,,,,4461.62,54395.399999999994,0.0,58857.01999999999,,,,,,,,,,,,0.0,,,,0.0,0.0,0.0,0.0,0.0,0.0,0.0,0.0,0.0,0.0,0.0,0.0,0.0,0.0,0.0,0.0,0.0,4461.62,54395.399999999994,0.0,58857.01999999999,446.16999999999996,3704.7700000000004,0.0,4150.9400000000005,4015.45,50690.630000000005,0.0,54706.08,118.56733,4424.6400475,,4543.2073775,66.30000000000001,1175.72,,1242.02,2000.5,21976.660000000003,,23977.16,2185.37,27577.019999999997,,29762.39,54.42403715648309,54.402598665670546,,54.40417226019484,120.67999999999999,4795.43,0.0,4916.109999999999,1827.97,22742.82,0.0,24570.79,,,,,,,0.0,0.0,0.0,,,,,0.0,0.0,54706.08,0.0,0.0,,0.0,,0.0,,,,,,,,54706.08,0.0
450,ODISHA,BALASORE,,1752.1646310752958,1702.4098345238442,1760.0853113053438,1715.3424218112248,23826.0,273272.0,59379.0,356477.0,25584.0,382061.0,6108.129999999999,68125.08,17603.83,91837.04,1476.14,,0.0,1476.14,9398.162634955745,0.0,0.0,9398.150000000001,1891.29,27899.7,0.0,29790.989999999998,2103.33,24471.940000000002,5870.6,32445.870000000003,4.8,732.0,16.8,753.6,,,,,,,,,20981.84,121228.72000000002,23491.230000000003,165701.78999999998,,,,,,,,,,,,0.0,,,,0.0,0.0,0.0,0.0,0.0,0.0,0.0,0.0,0.0,0.0,0.0,0.0,0.0,0.0,0.0,0.0,0.0,20981.84,121228.72000000002,23491.230000000003,165701.78999999998,2098.1800000000003,9268.640000000001,1618.77,12985.58,18883.66,111960.08,21872.460000000003,152716.19999999998,608.4049037499999,5891.0658725,1179.7763599999998,7679.247136249999,11.05,1093.95,0.0,1105.0,4226.719999999999,65455.56999999999,0.0,69682.29000000001,4846.17,72440.58,1179.78,78466.53,25.66329832246503,64.70215098095679,5.393906309578346,59.06797680958983,631.1800000000001,6103.160000000001,1212.88,6734.340000000002,14014.71,39307.4,20659.579999999998,53322.11,,,,,,,0.0,0.0,0.0,,,,,0.0,0.0,130843.74000000002,21872.46,0.0,,0.0,,0.0,,,,,,,,130843.74000000002,21872.46
451,ODISHA,BARGARH,,1227.8290547111687,1261.926858414729,0.0,1259.3766179592785,39279.0,485898.0,0.0,525177.0,59368.0,584545.0,2981.8799999999997,36955.030000000006,0.0,39936.909999999996,3197.6000000000004,,0.0,3197.6000000000004,1931.1256354973812,0.0,0.0,1931.13,498.05,8939.32,0.0,9437.369999999999,484.19,3126.9600000000005,0.0,3611.1499999999996,79.71,7396.892,0.0,7476.601999999999,,,,,,,,,9172.56,56418.21000000001,0.0,65590.77,,,,,,,,,,,,0.0,,,,0.0,0.0,0.0,0.0,0.0,0.0,0.0,0.0,0.0,0.0,0.0,0.0,0.0,0.0,0.0,0.0,0.0,9172.56,56418.21000000001,0.0,65590.77,917.26,3412.31,0.0,4329.5599999999995,8255.3,53005.899999999994,0.0,61261.200000000004,533.7144975,3838.5366437499997,,4372.25114125,0.0,422.10999999999996,,422.10999999999996,1606.7000000000003,27730.039999999997,,29336.739999999998,2140.39,31990.680000000004,,34131.07000000001,25.92746478020181,60.353055037269456,,55.714008214008224,539.61,3950.5099999999998,0.0,4490.12,6109.0199999999995,21194.320000000003,0.0,27303.340000000004,,,,,,,0.0,0.0,0.0,,,,,0.0,0.0,61261.2,0.0,0.0,,0.0,,0.0,,,,,,,,61261.2,0.0
452,ODISHA,BHADRAK,,1421.1224571903783,1540.3309510481627,1559.4347863119267,1511.8845034412218,79363.0,53236.0,119637.0,252236.0,0.0,252236.0,12580.76,9721.2,19809.690000000002,42111.65,12551.859999999999,,0.0,12551.859999999999,4463.034537394383,0.0,0.0,4463.030000000001,7577.629999999999,3562.59,945.81,12086.03,6693.87,2099.0099999999998,12618.75,21411.63,66.00399999999999,33.936,19.352,119.292,,,,,,,,,43933.17,15416.74,33393.61,92743.52,,,,,,,,,,,,0.0,,,,0.0,0.0,0.0,0.0,0.0,0.0,0.0,0.0,0.0,0.0,0.0,0.0,0.0,0.0,0.0,0.0,0.0,43933.17,15416.74,33393.61,92743.52,4393.32,1541.6900000000003,3339.3599999999997,9274.36,39539.850000000006,13875.05,30054.25,83469.15,1949.3174487499996,832.78692,1695.5976449999998,4477.702013749999,70.72,313.82000000000005,0.0,384.53999999999996,19651.140000000003,9518.77,2460.67,31630.579999999998,21671.18,10665.380000000001,4156.27,36492.83,54.80845273818691,76.86732660422847,13.829225483916584,60.538463986640444,2032.66,850.96,1745.8400000000001,2883.62,17785.32,3191.49,25847.730000000003,20976.809999999998,,,,,,,0.0,0.0,0.0,,,,,0.0,0.0,53414.90000000001,30054.25,0.0,,0.0,,0.0,,,,,,,,53414.90000000001,30054.25
453,ODISHA,BOLANGIR,,1363.9746749507503,1225.4771906421602,0.0,1226.9284105167385,6599.0,623178.0,0.0,629777.0,26419.0,656196.0,554.62,45081.67999999999,0.0,45636.3,322.46,,0.0,322.46,687.6965997622467,0.0,0.0,687.7,180.33,6547.089999999999,0.0,6727.419999999999,13.049999999999999,2939.73,0.0,2952.7799999999997,128.4,5179.200000000001,0.0,5307.600000000001,,,,,,,,,1886.5600000000002,59747.7,0.0,61634.26,,,,,,,,,,,,0.0,,,,0.0,0.0,0.0,0.0,0.0,0.0,0.0,0.0,0.0,0.0,0.0,0.0,0.0,0.0,0.0,0.0,0.0,1886.5600000000002,59747.7,0.0,61634.26,188.66,4593.490000000001,0.0,4782.150000000001,1697.9,55154.21000000001,0.0,56852.11,57.622915000000006,5672.371012500001,,5729.993927500001,53.040000000000006,276.25000000000006,,329.2900000000001,667.69,22719.190000000002,,23386.88,778.3599999999999,28667.82,,29446.18,45.84251133753459,51.9775734254919,,51.79434852989625,62.68,6181.8499999999985,0.0,6244.529999999999,914.49,25976.910000000003,0.0,26891.400000000005,,,,,,,0.0,0.0,0.0,,,,,0.0,0.0,56852.11,0.0,0.0,,0.0,,0.0,,,,,,,,56852.11,0.0
454,ODISHA,BOUDH,,1225.09382053258,1336.4350912284474,0.0,1312.140521443451,46716.0,167382.0,0.0,214098.0,96900.0,310998.0,3689.9300000000003,14737.83,0.0,18427.760000000002,865.3199999999999,,0.0,865.3199999999999,2025.389150164537,0.0,0.0,2025.3899999999999,445.24,2985.2299999999996,0.0,3430.4700000000003,321.35,841.02,0.0,1162.37,11.56,61.98400000000001,0.0,73.544,,,,,,,,,7358.789999999999,18626.059999999998,0.0,25984.85,,,,,,,,,,,,0.0,,,,0.0,0.0,0.0,0.0,0.0,0.0,0.0,0.0,0.0,0.0,0.0,0.0,0.0,0.0,0.0,0.0,0.0,7358.789999999999,18626.059999999998,0.0,25984.85,735.88,1398.68,0.0,2134.56,6622.91,17227.38,0.0,23850.29,408.28827,1042.4604399999998,,1450.7487099999998,39.78,26.520000000000003,,66.3,1425.56,8257.990000000002,,9683.550000000001,1873.63,9326.960000000001,,11200.59,28.290132283241054,54.140327780544695,,46.96207048216185,425.26,1091.67,0.0,1516.93,4732.3099999999995,7851.21,0.0,12583.52,,,,,,,0.0,0.0,0.0,,,,,0.0,0.0,23850.29,0.0,0.0,,0.0,,0.0,,,,,,,,23850.29,0.0
455,ODISHA,CUTTACK,,1538.1919325860817,1586.8059879380285,0.0,1577.9421558860113,62005.0,278064.0,0.0,340069.0,32790.0,372859.0,13803.74,34284.009999999995,0.0,48087.75,3996.44,,0.0,3996.44,6174.298012116913,0.0,0.0,6174.28,2049.1600000000003,4008.62,0.0,6057.7699999999995,730.9399999999998,10850.489999999998,0.0,11581.429999999998,6.496,254.272,0.0,260.768,,,,,,,,,26761.06,49397.4,0.0,76158.46,,,,,,,,,,,,0.0,,,,0.0,0.0,0.0,0.0,0.0,0.0,0.0,0.0,0.0,0.0,0.0,0.0,0.0,0.0,0.0,0.0,0.0,26761.06,49397.4,0.0,76158.46,2676.11,4423.91,0.0,7100.02,24084.949999999997,44973.48999999999,0.0,69058.43999999999,1477.267785,5684.620814000001,,7161.888599000001,300.56,682.89,,983.4499999999999,8872.94,15444.780000000002,,24317.72,10650.74,21812.309999999998,,32463.059999999998,44.22155744562476,48.500372108101914,,47.00809922726317,1513.84,5886.780000000001,0.0,7400.620000000001,13397.630000000001,22959.03,0.0,36356.66,,,,,,,0.0,0.0,0.0,,,,,0.0,0.0,69058.44,0.0,0.0,,0.0,,0.0,,,,,,,,69058.44,0.0
456,ODISHA,DEOGARH,,1314.546541583629,1318.021047101376,0.0,1317.6939463412177,20573.0,197956.0,0.0,218529.0,77735.0,296264.0,2163.53,19124.73,0.0,21288.260000000002,527.69,,0.0,527.69,6744.462205613227,0.0,0.0,6744.45,0.0,4342.61,0.0,4342.61,26.020000000000003,166.65,0.0,192.67000000000002,6.92,181.702,0.0,188.622,,,,,,,,,9468.61,23815.690000000002,0.0,33284.3,,,,,,,,,,,,0.0,,,,0.0,0.0,0.0,0.0,0.0,0.0,0.0,0.0,0.0,0.0,0.0,0.0,0.0,0.0,0.0,0.0,0.0,9468.61,23815.690000000002,0.0,33284.3,946.8599999999999,2381.58,0.0,3328.43,8521.75,21434.11,0.0,29955.86,55.7912355,922.7238325,,978.5150679999999,265.20000000000005,53.04,,318.24,2052.42,14299.130000000001,,16351.550000000003,2373.42,15274.89,,17648.31,27.85132161821222,71.26440052794354,,58.91438269507202,57.620000000000005,952.35,0.0,1009.97,6146.5,6129.6,0.0,12276.1,,,,,,,0.0,0.0,0.0,,,,,0.0,0.0,29955.86,0.0,0.0,,0.0,,0.0,,,,,,,,29955.86,0.0
457,ODISHA,DHENKANAL,,1408.3531021566403,1433.1072956667765,0.0,1428.1741885265474,79290.0,318585.0,0.0,397875.0,49706.0,447581.0,6489.860000000001,27931.379999999997,0.0,34421.240000000005,2083.0200000000004,,0.0,2083.0200000000004,4761.531275834609,0.0,0.0,4761.5199999999995,821.71,2460.6,0.0,3282.31,741.8499999999999,2969.6300000000006,0.0,3711.48,19.346000000000004,67.824,0.0,87.17,,,,,,,,,14917.32,33429.43,0.0,48346.75,,,,,,,,,,,,0.0,,,,0.0,0.0,0.0,0.0,0.0,0.0,0.0,0.0,0.0,0.0,0.0,0.0,0.0,0.0,0.0,0.0,0.0,14917.32,33429.43,0.0,48346.75,1349.85,2173.08,0.0,3522.9300000000003,13567.470000000001,31256.350000000006,0.0,44823.82000000001,831.5258449999998,2968.2334725,,3799.7593174999997,57.459999999999994,346.97,,404.43,2930.94,10258.010000000002,,13188.95,3819.92,13573.22,,17393.13,28.15499131378216,43.42547994247568,,38.80331930656512,848.96,3046.54,0.0,3895.5,9730.109999999999,17604.83,0.0,27334.940000000002,,,,,,,0.0,0.0,0.0,,,,,0.0,0.0,44823.82000000001,0.0,0.0,,0.0,,0.0,,,,,,,,44823.82000000001,0.0
458,ODISHA,GAJAPATI,,1182.26,1389.3601985907412,0.0,1379.910737761305,6500.0,135958.0,0.0,142458.0,290763.0,433221.0,614.78,17095.89,0.0,17710.670000000002,215.17,,0.0,215.17,1161.5529411459684,0.0,0.0,1161.55,256.93,1618.45,0.0,1875.3799999999999,105.88,915.6599999999999,0.0,1021.54,16.968,227.62599999999998,0.0,244.594,,,,,,,,,2371.27,19857.609999999997,0.0,22228.879999999997,,,,,,,,,,,,0.0,,,,0.0,0.0,0.0,0.0,0.0,0.0,0.0,0.0,0.0,0.0,0.0,0.0,0.0,0.0,0.0,0.0,0.0,2371.27,19857.609999999997,0.0,22228.879999999997,237.13,1870.2799999999997,0.0,2107.41,2134.14,17987.33,0.0,20121.47,212.352328,1516.8848849999997,,1729.2372129999999,26.52,132.6,,159.12,682.9300000000001,4707.71,,5390.64,921.8,6357.1900000000005,,7278.990000000001,43.193042630755244,35.342599485304376,,36.17523968179263,215.26,1555.7800000000002,0.0,1771.04,1209.43,11591.250000000002,0.0,12800.680000000002,,,,,,,0.0,0.0,0.0,,,,,0.0,0.0,20121.47,0.0,0.0,,0.0,,0.0,,,,,,,,20121.47,0.0
459,ODISHA,GANJAM,,1279.5041167747165,1304.338893184937,1207.7502415458937,1296.0429715278005,123400.0,466320.0,20700.0,610420.0,213017.0,823437.0,13255.550000000003,47618.09,2058.0699999999997,62931.70999999999,6613.16,,0.0,6613.16,16967.496,0.0,0.0,16967.5,3981.2900000000004,7046.119999999998,0.0,11027.41,1882.9499999999994,6208.11,445.62,8536.680000000002,55.050000000000004,730.9780000000001,0.0,786.0279999999999,,,,,,,,,42755.48000000001,61603.3,2503.6899999999996,106862.47,,,,,,,,,,,,0.0,,,,0.0,0.0,0.0,0.0,0.0,0.0,0.0,0.0,0.0,0.0,0.0,0.0,0.0,0.0,0.0,0.0,0.0,42755.48000000001,61603.3,2503.6899999999996,106862.47,4275.53,4707.460000000001,235.0,9217.98,38479.95,56895.84,2268.6899999999996,97644.48000000001,4256.2670075,7099.930542499999,250.34656499999997,11606.544114999999,784.5499999999998,1076.2700000000002,0.0,1860.8199999999997,10049.830000000002,18505.030000000002,0.0,28554.86,15090.650000000001,26681.24,250.33999999999997,42022.250000000015,39.21691686189821,46.894887218468,11.034561795573659,43.79718375071914,4728.080000000001,7364.76,254.13,12092.84,22917.480000000003,30036.02,2014.5600000000002,52953.5,,,,,,,0.0,0.0,0.0,,,,,0.0,0.0,95375.79,2268.6899999999996,0.0,,0.0,,0.0,,,,,,,,95375.79,2268.6899999999996
460,ODISHA,JAGATSINGHPUR,,1399.6060232464638,1436.607063718809,1597.5307040333992,1475.2522517831824,54718.0,76304.0,57966.0,188988.0,0.0,188988.0,8697.779999999999,12003.599999999999,10031.57,30732.95,7242.149999999999,,2732.23,9974.380000000001,7535.342600345846,0.0,736.5091354847696,8271.86,3438.5899999999997,3359.28,507.8,7305.67,1874.15,5654.46,506.47999999999996,8035.089999999999,0.0,152.11399999999998,0.0,152.11399999999998,,,,,,,,,28788.02,21169.46,14514.59,64472.07,,,,,,,,,,,,0.0,,,,0.0,0.0,0.0,0.0,0.0,0.0,0.0,0.0,0.0,0.0,0.0,0.0,0.0,0.0,0.0,0.0,0.0,28788.02,21169.46,14514.59,64472.07,2878.7999999999997,1843.71,1411.76,6134.2699999999995,25909.219999999998,19325.75,13102.830000000002,58337.8,1222.02739125,1203.92111,744.4963399999999,3170.4448412499996,154.70000000000002,472.94000000000005,207.74,835.38,11999.240000000002,11604.7,1705.2500000000002,25309.190000000002,13375.970000000003,13281.56,2657.48,29315.01,51.626293651449195,68.72468080152129,20.28172539825366,58.93124279733135,1238.86,1222.4,758.2299999999999,2461.26,12516.41,6025.700000000001,10431.62,18542.11,,,,,,,0.0,0.0,0.0,,,,,0.0,0.0,45234.97,13102.830000000002,0.0,,0.0,,0.0,,,,,,,,45234.97,13102.830000000002
461,ODISHA,JAJPUR,,1526.0570833333334,1660.286067643126,1615.287333608716,1644.9112132765867,24000.0,222846.0,19367.0,266213.0,20246.0,286459.0,3887.129999999999,34638.28,3934.71,42460.119999999995,2978.02,,0.0,2978.02,3248.570644975277,0.0,0.0,3248.57,1821.68,6718.8099999999995,335.46000000000004,8875.949999999999,236.14000000000001,2941.03,187.78,3364.95,6.826,93.78999999999999,0.0,100.61599999999999,,,,,,,,,12178.36,44391.90000000001,4457.95,61028.21000000001,,,,,,,,,,,,0.0,,,,0.0,0.0,0.0,0.0,0.0,0.0,0.0,0.0,0.0,0.0,0.0,0.0,0.0,0.0,0.0,0.0,0.0,12178.36,44391.90000000001,4457.95,61028.21000000001,1122.4099999999999,3185.25,271.72,4579.379999999999,11055.95,41206.65,4186.23,56448.83,743.69963625,4134.54042,487.59108999999995,5365.83114625,68.51,559.13,53.04,680.6800000000001,5824.83,22584.5,1067.17,29476.500000000004,6637.05,27278.16,1607.7999999999997,35523.020000000004,60.03147626391219,66.19844127100843,38.406872054330506,64.89386291535439,759.28,4251.16,494.61,5010.4400000000005,4403.320000000001,13811.869999999999,2571.41,18215.19,,,,,,,0.0,0.0,0.0,,,,,0.0,0.0,52262.600000000006,4186.23,0.0,,0.0,,0.0,,,,,,,,52262.600000000006,4186.23
462,ODISHA,JHARSUGUDA,,0.0,1314.0807746339256,0.0,1314.0807746339256,0.0,211842.0,0.0,211842.0,385.0,212227.0,0.0,17384.63,0.0,17384.63,0.0,,0.0,0.0,0.0,0.0,0.0,0.0,0.0,1772.44,0.0,1772.44,0.0,1064.19,0.0,1064.19,0.0,830.012,0.0,830.012,,,,,,,,,0.0,21051.26,0.0,21051.26,,,,,,,,,,,,0.0,,,,0.0,0.0,0.0,0.0,0.0,0.0,0.0,0.0,0.0,0.0,0.0,0.0,0.0,0.0,0.0,0.0,0.0,0.0,21051.26,0.0,21051.26,0.0,1562.0800000000002,0.0,1562.0800000000002,0.0,19489.18,0.0,19489.18,,2517.746275,,2517.746275,,1029.8600000000001,,1029.8600000000001,,6450.87,,6450.87,,9998.47,,9998.47,,51.30267153364071,,51.30267153364071,0.0,2717.15,0.0,2717.15,0.0,9291.31,0.0,9291.31,,,,,,,0.0,0.0,0.0,,,,,0.0,0.0,19489.18,0.0,0.0,,0.0,,0.0,,,,,,,,19489.18,0.0
463,ODISHA,KALAHANDI,,1416.454340243163,1492.9660571005734,0.0,1479.627635598428,97301.0,460836.0,0.0,558137.0,233298.0,791435.0,8681.99,39404.780000000006,0.0,48086.770000000004,3615.58,,0.0,3615.58,7498.943349277426,0.0,0.0,7498.949999999999,986.5,4448.920000000001,0.0,5435.42,1159.3,2203.8,1.2,3364.3,2.3680000000000003,297.49000000000007,0.0,299.858,,,,,,,,,21944.68,46355.020000000004,1.2,68300.90000000001,,,,,,,,,,,,0.0,,,,0.0,0.0,0.0,0.0,0.0,0.0,0.0,0.0,0.0,0.0,0.0,0.0,0.0,0.0,0.0,0.0,0.0,21944.68,46355.020000000004,1.2,68300.90000000001,2194.47,3337.9099999999994,0.13,5532.51,19750.210000000003,43017.10999999999,1.0699999999999998,62768.39,1178.0438875,3916.2980687500008,,5094.341956249999,174.59,667.4200000000001,,842.0099999999999,3452.2799999999997,18491.8,,21944.079999999998,4804.91,23075.499999999996,,27880.420000000002,24.328399546131404,53.6426087201116,,44.41868794143195,1229.78,4094.1600000000003,0.0,5323.94,14893.57,19763.760000000002,1.0699999999999998,34657.33,,,,,,,0.0,0.0,0.0,,,,,0.0,0.0,62767.31999999999,1.0699999999999998,0.0,,0.0,,0.0,,,,,,,,62767.31999999999,1.0699999999999998
464,ODISHA,KANDHAMAL,,1338.2534981500169,1650.8518043960594,0.0,1648.7744351332562,2973.0,444398.0,0.0,447371.0,356636.0,804007.0,190.98000000000002,31053.87,0.0,31244.85,175.82,,0.0,175.82,1056.714,0.0,0.0,1056.71,178.3,2749.8300000000004,0.0,2928.1300000000006,2.98,433.58,1.1500000000000001,437.71,6.3919999999999995,1121.44,0.0,1127.832,,,,,,,,,1611.19,35358.740000000005,1.1500000000000001,36971.08,,,,,,,,,,,,0.0,,,,0.0,0.0,0.0,0.0,0.0,0.0,0.0,0.0,0.0,0.0,0.0,0.0,0.0,0.0,0.0,0.0,0.0,1611.19,35358.740000000005,1.1500000000000001,36971.08,161.12,2658.3300000000004,0.13,2819.58,1450.07,32700.410000000007,1.02,34151.49999999999,10.840864999999999,2321.554395,,2332.3952600000002,8.84,196.69,,205.52999999999997,530.36,8035.8,,8566.16,550.05,10554.06,,11104.11,37.93265152716766,32.275008172680394,,32.51523843881551,11.11,2385.3799999999997,0.0,2396.49,899.75,22082.52,1.02,22982.27,,,,,,,0.0,0.0,0.0,,,,,0.0,0.0,34150.48000000001,1.02,0.0,,0.0,,0.0,,,,,,,,34150.48000000001,1.02
465,ODISHA,KENDRAPARA,,1567.0347654306706,1632.8428080147207,1525.3814107647809,1540.1731879351785,17287.0,24455.0,184602.0,226344.0,0.0,226344.0,3143.5899999999997,5643.940000000001,31124.21,39911.74,1931.07,,1863.49,3794.56,4659.670606779931,0.0,10157.006482007786,14816.689999999999,1535.47,997.9999999999999,454.6799999999999,2988.1500000000005,68.29,81.07,751.5,900.8599999999999,0.0,0.0,0.0,0.0,,,,,,,,,11338.09,6723.01,44350.9,62412.00000000001,,,,,,,,,,,,0.0,,,,0.0,0.0,0.0,0.0,0.0,0.0,0.0,0.0,0.0,0.0,0.0,0.0,0.0,0.0,0.0,0.0,0.0,11338.09,6723.01,44350.9,62412.00000000001,1133.82,336.15,3630.0200000000004,5099.99,10204.27,6386.860000000001,40720.88,57312.01,692.85312875,490.65453499999995,3105.0991650000005,4288.60682875,61.88,119.34,234.26000000000002,415.48,5546.06,3714.6600000000003,1682.4699999999998,10943.189999999999,6300.79,4324.66,5021.849999999999,15647.300000000001,61.74660215772416,67.71183335786284,12.332371009663838,64.04295548283932,710.9100000000001,502.8299999999999,3181.31,1213.74,3885.42,2050.02,35622.81,5935.4400000000005,,,,,,,0.0,0.0,0.0,,,,,0.0,0.0,16591.13,40720.88,0.0,,0.0,,0.0,,,,,,,,16591.13,40720.88
466,ODISHA,KEONJHAR,,1304.0540574445617,1389.2525636235753,0.0,1386.3070261101943,23675.0,661115.0,0.0,684790.0,149192.0,833982.0,2420.37,64530.990000000005,0.0,66951.35999999999,2392.2599999999993,,0.0,2392.2599999999993,3347.7612337518567,0.0,0.0,3347.76,1033.46,9210.939999999999,0.0,10244.4,270.2,8742.78,0.0,9012.98,0.892,129.212,0.0,130.10399999999998,,,,,,,,,9464.95,82613.93000000001,0.0,92078.88000000002,,,,,,,,,,,,0.0,,,,0.0,0.0,0.0,0.0,0.0,0.0,0.0,0.0,0.0,0.0,0.0,0.0,0.0,0.0,0.0,0.0,0.0,9464.95,82613.93000000001,0.0,92078.88000000002,946.5,7426.67,0.0,8373.17,8518.45,75187.26000000001,0.0,83705.71,282.866605,6048.3049525,,6331.171557500001,70.72,621.0100000000001,,691.73,3383.52,28332.710000000006,,31716.23,3737.11,35002.04,,38739.140000000014,43.870774612752314,46.55315275486831,,46.280164160844,292.68,6312.23,0.0,6604.909999999999,4771.5199999999995,39921.28999999999,0.0,44692.80999999999,,,,,,,0.0,0.0,0.0,,,,,0.0,0.0,83705.71,0.0,0.0,,0.0,,0.0,,,,,,,,83705.71,0.0
467,ODISHA,KHURDA,,1413.667458686914,1430.9367962523206,0.0,1429.0088107027927,29107.0,231610.0,0.0,260717.0,28260.0,288977.0,4167.389999999999,24762.78,0.0,28930.17,3644.4300000000003,,0.0,3644.4300000000003,5566.635277752058,0.0,0.0,5566.659999999999,2276.74,4341.679999999999,0.0,6618.42,692.07,1292.8699999999997,0.0,1984.9400000000003,27.52,222.27599999999998,0.0,249.796,,,,,,,,,16374.810000000001,30619.61,0.0,46994.42,,,,,,,,,,,,0.0,,,,0.0,0.0,0.0,0.0,0.0,0.0,0.0,0.0,0.0,0.0,0.0,0.0,0.0,0.0,0.0,0.0,0.0,16374.810000000001,30619.61,0.0,46994.42,1637.49,2593.66,0.0,4231.15,14737.32,28025.95,0.0,42763.270000000004,1008.02269,6292.610110499999,,7300.6328005,0.0,2234.31,,2234.31,5235.719999999999,12228.919999999998,,17464.639999999996,6243.740000000001,20755.83,,26999.569999999996,42.366861817481066,74.05932715929345,,63.13729048316462,1281.8999999999999,6701.69,0.0,7983.59,8219.699999999999,8153.4,0.0,16373.099999999999,,,,,,,0.0,0.0,0.0,,,,,0.0,0.0,42763.270000000004,0.0,0.0,,0.0,,0.0,,,,,,,,42763.270000000004,0.0
468,ODISHA,KORAPUT,,1612.9389331925006,1511.7071117619723,0.0,1519.3666737595029,45444.0,555162.0,0.0,600606.0,255565.0,856171.0,3990.9700000000007,41312.99,0.0,45303.95999999999,892.59,,0.0,892.59,4638.208500689095,0.0,0.0,4638.219999999999,296.2,1916.73,0.0,2212.9300000000003,147.81,1796.9400000000003,0.0,1944.7500000000005,42.36,1027.504,0.0,1069.864,,,,,,,,,10008.15,46054.18000000001,0.0,56062.330000000016,,,,,,,,,,,,0.0,,,,0.0,0.0,0.0,0.0,0.0,0.0,0.0,0.0,0.0,0.0,0.0,0.0,0.0,0.0,0.0,0.0,0.0,10008.15,46054.18000000001,0.0,56062.330000000016,1000.81,3691.8,0.0,4692.61,9007.339999999998,42362.38,0.0,51369.719999999994,580.9538742499999,4019.178519999999,,4600.13239425,234.26000000000002,453.05,,687.3100000000001,1060.7,7083.430000000001,,8144.130000000002,1875.9199999999998,11555.67,,13431.59,20.82657033041942,27.278141596388117,,26.146901326306633,604.8900000000001,4222.31,0.0,4827.2,7107.48,30603.590000000004,0.0,37711.07000000001,,,,,,,0.0,0.0,0.0,,,,,0.0,0.0,51369.71999999999,0.0,0.0,,0.0,,0.0,,,,,,,,51369.71999999999,0.0
469,ODISHA,MALKANGIRI,,1348.5314086733927,1493.3699754043453,0.0,1476.3907035325199,39846.0,300053.0,0.0,339899.0,185047.0,524946.0,2750.38,24794.620000000003,0.0,27545.000000000004,1765.7400000000002,,0.0,1765.7400000000002,4231.920237002994,0.0,0.0,4231.93,133.9,1127.78,0.0,1261.6799999999998,58.980000000000004,1726.49,0.0,1785.4699999999998,2.3400000000000003,12.34,0.0,14.68,,,,,,,,,8943.27,27661.230000000003,0.0,36604.5,,,,,,,,,,,,0.0,,,,0.0,0.0,0.0,0.0,0.0,0.0,0.0,0.0,0.0,0.0,0.0,0.0,0.0,0.0,0.0,0.0,0.0,8943.27,27661.230000000003,0.0,36604.5,894.3299999999999,2042.57,0.0,2936.9000000000005,8048.94,25618.66,0.0,33667.600000000006,210.72618,1921.3882874999995,,2132.1144674999996,0.0,0.0,,0.0,963.75,3718.01,,4681.76,1174.48,5639.4,,6813.88,14.591735060765767,22.01286093808185,,20.238686452256765,222.49,2034.2900000000002,0.0,2256.78,6862.6900000000005,19866.36,0.0,26729.050000000003,,,,,,,0.0,0.0,0.0,,,,,0.0,0.0,33667.6,0.0,0.0,,0.0,,0.0,,,,,,,,33667.6,0.0
470,ODISHA,MAYURBHANJ,,1601.7830410234237,1518.7643447628463,0.0,1522.6781930802288,39319.0,794697.0,0.0,834016.0,218556.0,1052572.0,5183.659999999999,97562.06,0.0,102745.72000000002,4092.3599999999997,,0.0,4092.3599999999997,14315.085,0.0,0.0,14315.07,2939.5099999999998,20637.719999999998,0.0,23577.23,145.86,3063.6400000000003,0.0,3209.5,39.95,853.3780000000002,0.0,893.3280000000001,,,,,,,,,26716.38,122116.8,0.0,148833.18000000002,,,,,,,,,,,,0.0,,,,0.0,0.0,0.0,0.0,0.0,0.0,0.0,0.0,0.0,0.0,0.0,0.0,0.0,0.0,0.0,0.0,0.0,26716.38,122116.8,0.0,148833.18000000002,2671.6400000000003,7990.269999999998,0.0,10661.900000000005,24044.739999999998,114126.53,0.0,138171.27,326.73084500000004,7687.30925625,,8014.040101250002,0.0,282.88000000000005,,282.88000000000005,6586.8,47517.259999999995,,54104.06000000001,6913.539999999999,55487.439999999995,,62400.97999999998,28.752816624342785,48.619229902109524,,45.16205141633278,335.66,7961.42,0.0,8297.08,17122.27,58364.98000000001,0.0,75487.25000000001,,,,,,,0.0,0.0,0.0,,,,,0.0,0.0,138171.27,0.0,0.0,,0.0,,0.0,,,,,,,,138171.27,0.0
471,ODISHA,NABARANGAPUR,,1405.76,1572.1373965229131,0.0,1570.8143814363546,4250.0,530214.0,0.0,534464.0,31117.0,565581.0,382.36,51587.14,0.0,51969.5,209.08,,0.0,209.08,1255.5489295037669,0.0,0.0,1255.54,71.44,4651.009999999999,0.0,4722.45,6.2,1145.81,0.0,1152.01,3.99,503.972,0.0,507.962,,,,,,,,,1928.6100000000001,57887.94,0.0,59816.55,,,,,,,,,,,,0.0,,,,0.0,0.0,0.0,0.0,0.0,0.0,0.0,0.0,0.0,0.0,0.0,0.0,0.0,0.0,0.0,0.0,0.0,1928.6100000000001,57887.94,0.0,59816.55,192.86,5271.25,0.0,5464.109999999999,1735.75,52616.69,0.0,54352.44,197.5228525,3764.0023662499993,,3961.5252187499996,17.68,187.85000000000002,,205.53000000000003,233.11,16839.340000000004,,17072.45,448.31,20791.200000000004,,21239.510000000002,25.828028229871812,39.51445824509296,,39.077380886672245,205.99,3935.87,0.0,4141.86,1278.97,31653.62,0.0,32932.59,,,,,,,0.0,0.0,0.0,,,,,0.0,0.0,54352.44,0.0,0.0,,0.0,,0.0,,,,,,,,54352.44,0.0
472,ODISHA,NAYAGARH,,1360.8275686122922,1411.6697928863784,0.0,1409.6293603133668,10348.0,247497.0,0.0,257845.0,133196.0,391041.0,1126.54,25476.059999999998,0.0,26602.6,538.22,,,538.22,3860.8991313720617,0.0,0.0,3860.89,911.86,4780.87,0.0,5692.73,78.92,1514.6899999999998,0.0,1593.61,16.128,345.312,0.0,361.44000000000005,,,,,,,,,6532.55,32116.92,0.0,38649.47,,,,,,,,,,,,0.0,,,,0.0,0.0,0.0,0.0,0.0,0.0,0.0,0.0,0.0,0.0,0.0,0.0,0.0,0.0,0.0,0.0,0.0,6532.55,32116.92,0.0,38649.47,653.26,2148.6099999999997,0.0,2801.87,5879.29,29968.31,0.0,35847.600000000006,475.43549499999995,2980.515175,,3455.95067,0.0,48.620000000000005,,48.620000000000005,2072.3900000000003,11457.830000000002,,13530.220000000001,2547.83,14486.949999999997,,17034.779999999995,43.33567488591309,48.340897434656796,,47.52000133900175,641.54,7509.8,0.0,8151.340000000001,3330.12,15445.1,0.0,18775.22,,,,,,,0.0,0.0,0.0,,,,,0.0,0.0,35847.6,0.0,0.0,,0.0,,0.0,,,,,,,,35847.6,0.0
473,ODISHA,NUAPADA,,1088.5506007687718,1124.044630994585,0.0,1120.5703366482433,30178.0,278126.0,0.0,308304.0,77004.0,385308.0,1817.4600000000003,21950.29,0.0,23767.75,1157.3999999999999,,0.0,1157.3999999999999,2195.9369076482544,0.0,0.0,2195.94,715.27,4711.570000000001,0.0,5426.84,106.62,829.44,0.0,936.06,58.099999999999994,222.852,0.0,280.952,,,,,,,,,6050.79,27714.15,0.0,33764.94,,,,,,,,,,,,0.0,,,,0.0,0.0,0.0,0.0,0.0,0.0,0.0,0.0,0.0,0.0,0.0,0.0,0.0,0.0,0.0,0.0,0.0,6050.79,27714.15,0.0,33764.94,605.1,2129.5499999999997,0.0,2734.65,5445.69,25584.6,0.0,31030.29,370.9241324999999,1589.146125,,1960.0702574999998,44.2,83.97999999999999,,128.18,2584.9300000000003,15173.689999999999,,17758.620000000003,3000.05,16846.81,,19846.859999999997,55.09035585940442,65.84746292691698,,63.959634279924536,383.7,1647.09,0.0,2030.79,2432.88,8679.85,0.0,11112.73,,,,,,,0.0,0.0,0.0,,,,,0.0,0.0,31030.290000000005,0.0,0.0,,0.0,,0.0,,,,,,,,31030.290000000005,0.0
474,ODISHA,PURI,,1556.0100956295817,1504.6178739119177,1503.2239497510186,1520.6241081005833,81983.0,123612.0,53016.0,258611.0,0.0,258611.0,14614.81,21581.84,9020.75,45217.4,3712.94,,0.0,3712.94,10330.2,0.0,0.0,10330.2,5107.39,6540.86,0.0,11648.25,944.77,1562.3999999999999,643.6300000000001,3150.7999999999997,330.094,103.584,6.664,440.3419999999999,,,,,,,,,35040.21,29788.68,9671.060000000001,74499.95,,,,,,,,,,,,0.0,,,,0.0,0.0,0.0,0.0,0.0,0.0,0.0,0.0,0.0,0.0,0.0,0.0,0.0,0.0,0.0,0.0,0.0,35040.21,29788.68,9671.060000000001,74499.95,3131.14,2053.44,738.07,5922.650000000001,31909.07,27735.239999999998,8932.990000000002,68577.3,3144.203075,1965.1808050000002,813.156855,5922.540735,0.0,0.0,0.0,0.0,11757.850000000002,15429.570000000003,763.71,27951.129999999997,14902.05,17394.74,1576.87,33873.65,46.70161179877696,62.7171064681611,17.65220827516878,54.14897079034028,3317.92,2018.4799999999998,833.5899999999999,5336.4,16833.3,10287.199999999999,7335.6900000000005,27120.5,,,,,,,0.0,0.0,0.0,,,,,0.0,0.0,59644.31,8932.990000000002,0.0,,0.0,,0.0,,,,,,,,59644.31,8932.990000000002
475,ODISHA,RAYAGADA,,1190.6238767650837,1340.945092304507,0.0,1337.425426930402,8569.0,357404.0,0.0,365973.0,362225.0,728198.0,652.97,28080.58,0.0,28733.55,403.4500000000001,,0.0,403.4500000000001,1594.683889565264,0.0,0.0,1594.6799999999998,167.45000000000002,2382.53,0.0,2549.9800000000005,0.34,2362.65,0.0,2362.9900000000002,0.0,126.39800000000001,0.0,126.39800000000001,,,,,,,,,2818.89,32952.18,0.0,35771.07,,,,,,,,,,,,0.0,,,,0.0,0.0,0.0,0.0,0.0,0.0,0.0,0.0,0.0,0.0,0.0,0.0,0.0,0.0,0.0,0.0,0.0,2818.89,32952.18,0.0,35771.07,281.89000000000004,2480.3999999999996,0.0,2762.29,2537.0000000000005,30471.779999999995,0.0,33008.78,56.77721,3027.4384799999993,,3084.21569,6.63,780.13,,786.7600000000001,788.23,7075.180000000001,,7863.410000000001,851.64,10882.73,,11734.37,33.56878202601497,35.71412631621783,,35.54923871769875,59.25,3140.3000000000006,0.0,3199.5499999999997,1682.88,19476.18,0.0,21159.06,,,,,,,0.0,0.0,0.0,,,,,0.0,0.0,33008.78,0.0,0.0,,0.0,,0.0,,,,,,,,33008.78,0.0
476,ODISHA,SAMBALPUR,,1453.123923325685,1420.3917922347437,0.0,1423.586611043711,55351.0,511741.0,0.0,567092.0,95188.0,662280.0,4628.35,42013.19,0.0,46641.54,1100.8000000000002,,0.0,1100.8000000000002,9287.54857774634,0.0,0.0,9287.55,617.44,6073.4400000000005,0.0,6690.880000000001,226.07,2041.11,0.0,2267.18,37.92,324.738,0.0,362.65799999999996,,,,,,,,,15898.130000000001,50452.48000000001,0.0,66350.60999999999,,,,,,,,,,,,0.0,,,,0.0,0.0,0.0,0.0,0.0,0.0,0.0,0.0,0.0,0.0,0.0,0.0,0.0,0.0,0.0,0.0,0.0,15898.130000000001,50452.48000000001,0.0,66350.60999999999,1589.84,4004.370000000001,0.0,5594.21,14308.29,46448.11,0.0,60756.4,384.40778,2885.177759,,3269.5855389999992,388.96000000000004,746.9800000000001,,1135.94,1516.8400000000001,15118.220000000003,,16635.059999999998,2290.21,18750.37,,21040.590000000004,16.006175440950663,40.36842403275397,,34.631067673529046,392.5300000000001,2963.9400000000005,0.0,3356.47,12009.960000000001,27618.97,0.0,39628.93,,,,,,,0.0,0.0,0.0,,,,,0.0,0.0,60756.4,0.0,0.0,,0.0,,0.0,,,,,,,,60756.4,0.0
477,ODISHA,SUBARNAPUR,,1284.5654554728862,1351.7417792706665,0.0,1335.2836465219302,56853.0,175201.0,0.0,232054.0,4655.0,236709.0,3852.2999999999997,15471.260000000002,0.0,19323.559999999998,654.3100000000001,,0.0,654.3100000000001,3117.7872926554965,0.0,0.0,3117.78,480.48,2918.4000000000005,0.0,3398.88,298.04999999999995,846.7599999999999,0.0,1144.81,11.416,182.124,0.0,193.54000000000002,,,,,,,,,8414.34,19418.54,0.0,27832.88,,,,,,,,,,,,0.0,,,,0.0,0.0,0.0,0.0,0.0,0.0,0.0,0.0,0.0,0.0,0.0,0.0,0.0,0.0,0.0,0.0,0.0,8414.34,19418.54,0.0,27832.88,746.5600000000001,1302.31,0.0,2048.87,7667.780000000001,18116.229999999996,0.0,25784.010000000002,733.8534875,1199.2513000000001,,1933.1047875,0.0,79.55999999999999,,79.55999999999999,1626.4600000000003,9744.380000000001,,11370.840000000002,2360.32,11023.2,,13383.52,30.78231248157876,60.84709677454969,,51.90627834848031,750.63,1237.42,0.0,1988.05,5290.68,7126.27,0.0,12416.95,,,,,,,0.0,0.0,0.0,,,,,0.0,0.0,25784.010000000002,0.0,0.0,,0.0,,0.0,,,,,,,,25784.010000000002,0.0
478,ODISHA,SUNDARGARH,,1191.1894365616236,1281.251407056937,0.0,1279.9205923217953,12122.0,808226.0,0.0,820348.0,154721.0,975069.0,1015.0899999999999,72073.66000000002,0.0,73088.75,400.97,,0.0,400.97,3124.9086748400678,0.0,0.0,3124.91,0.0,8415.41,0.0,8415.41,112.94000000000001,4080.56,0.0,4193.5,0.794,591.592,0.0,592.386,,,,,,,,,4654.71,85161.20999999999,0.0,89815.92000000001,,,,,,,,,,,,0.0,,,,0.0,0.0,0.0,0.0,0.0,0.0,0.0,0.0,0.0,0.0,0.0,0.0,0.0,0.0,0.0,0.0,0.0,4654.71,85161.20999999999,0.0,89815.92000000001,465.46999999999997,6077.82,0.0,6543.289999999999,4189.24,79083.38999999998,0.0,83272.62999999998,62.83767,6258.824743249999,,6321.66241325,0.0,2397.85,,2397.85,1546.55,27491.03,,29037.58,1609.39,36147.700000000004,,37757.090000000004,38.417230810361794,45.708333949771266,,45.341536588912845,65.14,6605.879999999999,0.0,6671.02,2577.54,42588.63,0.0,45166.17,,,,,,,0.0,0.0,0.0,,,,,0.0,0.0,83272.62999999999,0.0,0.0,,0.0,,0.0,,,,,,,,83272.62999999999,0.0
479,PUDUCHERRY,KARAIKAL,,0.0,1261.0,0.0,779.940248447205,0.0,9958.0,6142.0,16100.0,0.0,16100.0,0.0,1275.73,0.0,1275.73,2163.1000000000004,,,2163.1000000000004,0.0,0.0,0.0,0.0,0.0,0.0,0.0,0.0,0.0,419.07000000000005,,419.07000000000005,,420.0,,420.0,,,,,,,,,2163.1000000000004,2114.8,0.0,4277.9,,,,,,,,,,,,0.0,,,,0.0,,,,,,,,,,,,,,,,0.0,2163.1000000000004,2114.8,0.0,4277.9,216.32,211.48000000000002,0.0,427.79999999999995,1946.7800000000002,1903.32,0.0,3850.1,,933.7426349999998,0.0,933.7426349999998,,17.58,0.0,17.58,,528.78,0.0,528.78,,1480.1,0.0,1480.1,,77.76411743689972,0.0,38.44315732058907,0.0,973.37,0.0,973.37,1946.78,383.59000000000003,0.0,2330.37,,,,,,,,,,,,,,0.0,0.0,3850.1000000000004,0.0,0.0,,0.0,,0.0,,,,,,,,3850.1000000000004,0.0
480,PUDUCHERRY,PUDUCHERRY,,0.0,1579.208609271523,0.0,1481.1211180124224,0.0,30200.0,2000.0,32200.0,0.0,32200.0,0.0,5431.619999999999,0.0,5431.619999999999,122.28999999999999,,,122.28999999999999,0.0,0.0,0.0,0.0,0.0,6199.639999999999,0.0,6199.639999999999,0.0,2278.62,0.0,2278.62,0.0,685.0,0.0,685.0,,,,,,,,,122.28999999999999,14594.88,0.0,14717.17,,,,,,,,,,,,0.0,,,,0.0,,,,,,,,,,,,,,,,0.0,122.28999999999999,14594.88,0.0,14717.17,12.24,1207.13,0.0,1219.37,110.05000000000001,13387.75,0.0,13497.800000000001,,4253.431796999999,0.0,4253.431796999999,,547.2,0.0,547.2,,6888.5,0.0,6888.5,,11689.139999999998,0.0,11689.139999999998,,87.31220705495694,0.0,86.6003348693861,0.0,4484.28,0.0,4484.28,110.05000000000001,1561.6599999999999,0.0,1671.7099999999998,,,,,,,,,,,,,,0.0,0.0,13497.8,0.0,0.0,,0.0,,0.0,,,,,,,,13497.8,0.0
481,PUNJAB,Amritsar,,646.2683642205948,0.0,0.0,646.2683642205948,267640.0,0.0,0.0,267640.0,0.0,267640.0,34860.97,0.0,0.0,34860.97,38071.56,,,38071.56,11649.156386389193,0.0,0.0,11649.160000000002,63488.96,0.0,0.0,63488.96,273.51000000000005,,,273.51000000000005,,,,,0.0,0.0,0.0,0.0,0.0,0.0,0.0,0.0,148344.15999999997,0.0,0.0,148344.15999999997,210.10000000000002,,,210.10000000000002,,,,,,,,0.0,,,,0.0,0.0,0.0,0.0,0.0,0.0,0.0,0.0,0.0,0.0,0.0,0.0,0.0,210.10000000000002,0.0,0.0,210.10000000000002,148554.25999999998,0.0,0.0,148554.25999999998,14834.400000000001,0.0,0.0,14834.400000000001,133929.96000000002,0.0,0.0,133929.96000000002,6391.821599999999,,,6391.821599999999,438.40819999999997,,,438.40819999999997,230369.88044500002,,,230369.88044500002,237200.12,,,237200.12,177.10758668187458,,,177.10758668187458,6453.150000000001,0.0,0.0,6453.150000000001,0.0,0.0,0.0,0.0,,,,,,,44.362590000000004,59.5,0.0,,,,,3009017.38,0.0,3142947.34,0.0,28642.9,,8092502.800000001,,8121145.679999999,,,,,,,,3142947.34,0.0
482,PUNJAB,Barnala,,518.5023357368447,0.0,0.0,517.9651226813683,141154.6,0.0,146.4,141301.0,0.0,141301.0,14687.23,0.0,0.0,14687.23,22988.670000000002,,,22988.670000000002,5152.378867181131,0.0,0.0,5152.38,13645.28,0.0,0.0,13645.28,147.61,,,147.61,,,,,,,,,,,,,56621.17,0.0,0.0,56621.17,,,,,,,,,,,,0.0,,,,0.0,0.0,0.0,0.0,0.0,0.0,0.0,0.0,0.0,0.0,0.0,0.0,0.0,0.0,0.0,0.0,0.0,56621.17,0.0,0.0,56621.17,5662.110000000001,0.0,0.0,5662.110000000001,50959.060000000005,0.0,0.0,50959.060000000005,2515.46685,,0.0,2515.46685,43.93692,,0.0,43.93692,108961.74419,,0.0,108961.74419,111521.14,,0.0,111521.14,218.84457837330592,,0.0,218.84457837330592,2539.61,0.0,0.0,2539.61,0.0,0.0,0.0,0.0,,,,,,,0.0,0.0,0.0,,,,,1042826.23,1405.44,1093785.29,1405.44,39378.84,,4500694.78,,4540073.62,,,,,,,,1093785.29,1405.44
483,PUNJAB,Bathinda,,378.5371467675453,0.0,0.0,350.8219865806819,312719.0,0.0,24705.0,337424.0,0.0,337424.0,20834.14,0.0,0.0,20834.14,27099.65,,,27099.65,46637.645354251974,0.0,0.0,46637.65000000001,26201.13,0.0,0.0,26201.13,345.23,,,345.23,,,,,,,,,,,,,121117.8,0.0,0.0,121117.8,,,,,,,,,,,,0.0,,,,0.0,0.0,0.0,0.0,0.0,0.0,0.0,0.0,0.0,0.0,0.0,0.0,0.0,0.0,0.0,0.0,0.0,121117.8,0.0,0.0,121117.8,12111.79,0.0,0.0,12111.79,109006.01,0.0,0.0,109006.01,5858.760999999999,,0.0,5858.760999999999,347.68980000000005,,0.0,347.68980000000005,112186.40122000001,,3885.194,116071.59522,118392.86999999998,,3885.19,122278.06,108.61132335730845,,0.0,108.61132335730848,5914.99,0.0,0.0,5914.99,18363.870000000003,0.0,0.0,18363.870000000003,,,,,,,178.76916,0.0,0.0,,,,,2246277.33,234834.84,2355283.3400000003,234834.84,23437.24,,13107642.23,,13131079.459999999,,,,,,,,2355283.3400000003,234834.84
484,PUNJAB,Faridkot,,398.8498068000632,0.0,0.0,376.2480114906706,139234.0,0.0,8364.0,147598.0,0.0,147598.0,10980.07,0.0,0.0,10980.07,13428.41,,,13428.41,16933.627232191437,0.0,0.0,16933.629999999997,22171.83,0.0,0.0,22171.83,93.28,,,93.28,,,,,,,,,,,,,63607.22,0.0,0.0,63607.22,,,,,,,,,,,,0.0,,,,0.0,0.0,0.0,0.0,0.0,0.0,0.0,0.0,0.0,0.0,0.0,0.0,0.0,0.0,0.0,0.0,0.0,63607.22,0.0,0.0,63607.22,6360.72,0.0,0.0,6360.72,57246.49999999999,0.0,0.0,57246.49999999999,2607.0636,,0.0,2607.0636,66.46275999999999,,0.0,66.46275999999999,67327.0266,,20769.6125,88096.6391,70000.54,,20769.61,90770.15,122.27916117142532,,0.0,122.27916117142532,2632.08,0.0,0.0,2632.08,0.0,0.0,0.0,0.0,,,,,,,4772.444845000001,23.2624,0.0,,,,,1007678.1799999999,72264.96,1064924.68,72264.96,13053.22,,5970195.52,,5983248.76,,,,,,,,1064924.68,72264.96
485,PUNJAB,Fatehgarh Sahib,,685.0991369500902,0.0,0.0,685.0991369500902,114246.0,0.0,0.0,114246.0,0.0,114246.0,16196.41,0.0,0.0,16196.41,8567.74,,,8567.74,2428.3227169111965,0.0,0.0,2428.32,11439.68,0.0,0.0,11439.68,129.9,,,129.9,,,,,,,,,,,,,38762.049999999996,0.0,0.0,38762.049999999996,,,,,,,,,,,,0.0,,,,0.0,0.0,0.0,0.0,0.0,0.0,0.0,0.0,0.0,0.0,0.0,0.0,0.0,0.0,0.0,0.0,0.0,38762.049999999996,0.0,0.0,38762.049999999996,3876.21,0.0,0.0,3876.21,34885.840000000004,0.0,0.0,34885.840000000004,2530.30775,,,2530.30775,2588.58804,,,2588.58804,67117.80929500001,,,67117.80929500001,72236.72,,,72236.72,207.06601876291356,,,207.06601876291356,2554.58,0.0,0.0,2554.58,0.0,0.0,0.0,0.0,,,,,,,0.32922,19.63395,0.0,,,,,1195038.54,0.0,1229924.38,0.0,25082.4,,3824648.1899999995,,3849730.6100000003,,,,,,,,1229924.38,0.0
486,PUNJAB,Fazilka,,366.90680840385266,0.0,0.0,258.8446545770458,193268.5,0.0,80685.5,273954.0,0.0,273954.0,12723.31,0.0,0.0,12723.31,23086.95,,,23086.95,28255.973625112383,0.0,0.0,28255.97,16876.0,0.0,0.0,16876.0,238.95000000000002,,,238.95000000000002,,,,,,,,,,,,,81181.18,0.0,0.0,81181.18,6690.58,,,6690.58,,,,,,,,0.0,,,,0.0,0.0,0.0,0.0,0.0,0.0,0.0,0.0,0.0,0.0,0.0,0.0,0.0,6690.58,0.0,0.0,6690.58,87871.76,0.0,0.0,87871.76,8118.120000000001,0.0,0.0,8118.120000000001,86444.22,0.0,0.0,86444.22,5069.536099999999,,0.0,5069.536099999999,256.70232,,0.0,256.70232,48438.83823,,41960.93359,90399.77182,53765.1,,41960.91999999999,95726.02,62.19629259191649,,0.0,62.19629259191651,5118.18,0.0,0.0,5118.18,40552.78,0.0,0.0,40552.78,,,,,,,52758.834504,2545.25831,0.0,,,,,0.0,0.0,86444.22,0.0,10842.139999999998,,9694905.26,,9705747.41,,,,,,,,86444.22,0.0
487,PUNJAB,Firozpur,,429.26167678765086,0.0,0.0,407.8078442407909,239360.78,0.0,12592.22,251953.0,0.0,251953.0,20725.61,0.0,0.0,20725.61,55108.5,,,55108.5,19334.221056162616,0.0,0.0,19334.22,49862.16,0.0,0.0,49862.16,137.01,,,137.01,,,,,,,,,,,,,145167.5,0.0,0.0,145167.5,11165.279999999999,,,11165.279999999999,,,,,,,,0.0,,,,0.0,0.0,0.0,0.0,0.0,0.0,0.0,0.0,0.0,0.0,0.0,0.0,0.0,11165.279999999999,0.0,0.0,11165.279999999999,156332.78,0.0,0.0,156332.78,14516.75,0.0,0.0,14516.75,152981.31,0.0,0.0,152981.31,3480.64,,0.0,3480.64,134.21326,,0.0,134.21326,165856.23012999998,,5743.91622,171600.14635,169471.08000000002,,5743.92,175215.0,110.77894417298428,,0.0,110.77894417298427,3514.03,0.0,0.0,3514.03,21373.46,0.0,0.0,21373.46,,,,,,,799.77449,135.8,0.0,,,,,2725305.05,150405.13,2878286.3600000003,150405.13,23346.55,,9110339.34,,9133685.899999999,,,,,,,,2878286.3600000003,150405.13
488,PUNJAB,Gurdaspur,,819.7245864014536,0.0,0.0,819.7245864014536,261425.0,0.0,0.0,261425.0,0.0,261425.0,42909.3,0.0,0.0,42909.3,47390.07999999999,,0.0,47390.07999999999,8839.671519295262,0.0,0.0,8839.69,68417.54000000001,0.0,0.0,68417.54000000001,295.29,,,295.29,,,,,,,,,,,,,167851.9,0.0,0.0,167851.9,754.96,,,754.96,,,,,,,,0.0,,,,0.0,0.0,0.0,0.0,0.0,0.0,0.0,0.0,0.0,0.0,0.0,0.0,0.0,754.96,0.0,0.0,754.96,168606.86,0.0,0.0,168606.86,16785.18,0.0,0.0,16785.18,152576.64,0.0,0.0,152576.64,7070.633999999999,,,7070.633999999999,110.515,,,110.515,200933.32877000005,,,200933.32877000005,208114.46000000002,,,208114.46000000002,136.39994955977534,,,136.39994955977534,7138.48,0.0,0.0,7138.48,3991.66,0.0,0.0,3991.66,,,,,,,3995.97126,137.20000000000002,0.0,,,,,2767176.5,0.0,2919753.1399999997,0.0,31075.0,,9136126.55,,9167201.51,,,,,,,,2919753.1399999997,0.0
489,PUNJAB,Hoshiarpur,,840.1326828370504,0.0,0.0,840.1326828370504,336871.0,0.0,0.0,336871.0,0.0,336871.0,55052.3,0.0,0.0,55052.3,1528.5299999999997,,0.0,1528.5299999999997,8532.67380329765,0.0,0.0,8532.689999999999,20854.550000000003,0.0,0.0,20854.550000000003,207.26999999999998,,,207.26999999999998,1103.774,1966.5,,3070.2740000000003,,,,,,,,,87279.12,1966.5,0.0,89245.62,186.99,,,186.99,,,,,,,,0.0,,,,0.0,0.0,0.0,0.0,0.0,0.0,0.0,0.0,0.0,0.0,0.0,0.0,0.0,186.99,0.0,0.0,186.99,87466.11,1966.5,0.0,89432.61,7876.35,196.64,0.0,8073.009999999999,79776.75,1769.86,0.0,81546.61,6676.99975,,,6676.99975,131.51477200000002,,,131.51477200000002,87984.0764155,,,87984.0764155,94792.59,,,94792.59,118.82232605364345,,,116.24344653934725,6741.080000000001,0.0,0.0,6741.080000000001,7778.849999999999,1769.86,0.0,9548.71,,,,,,,722.9042450000002,84.4725,0.0,,,,,4407400.42,0.0,4488947.029999999,0.0,97457.65999999999,,12144639.680000002,,12242097.329999998,,,,,,,,4488947.029999999,0.0
490,PUNJAB,Jalandhar,,625.0923083357732,0.0,0.0,625.0923083357732,262999.0,0.0,0.0,262999.0,0.0,262999.0,32727.980000000003,0.0,0.0,32727.980000000003,15012.770000000002,,,15012.770000000002,5323.226692045728,0.0,0.0,5323.23,26538.620000000003,0.0,0.0,26538.620000000003,211.54999999999998,,,211.54999999999998,,,,,0.0,0.0,0.0,0.0,0.0,0.0,0.0,0.0,79814.14999999998,0.0,0.0,79814.14999999998,1434.04,,,1434.04,,,,,,,,0.0,,,,0.0,0.0,0.0,0.0,0.0,0.0,0.0,0.0,0.0,0.0,0.0,0.0,0.0,1434.04,0.0,0.0,1434.04,81248.18999999997,0.0,0.0,81248.18999999997,7981.440000000001,0.0,0.0,7981.440000000001,74700.79,0.0,0.0,74700.79,13512.456949999998,,,13512.456949999998,2750.6515700000004,,,2750.6515700000004,173883.31133549998,,,173883.31133549998,190146.38000000003,,,190146.38000000003,254.54400147575421,,,254.54400147575421,13642.11,0.0,0.0,13642.11,0.0,0.0,0.0,0.0,,,,,,,0.05364,60.428200000000004,0.0,,,,,3394749.5100000002,0.0,3469450.3,0.0,36514.409999999996,,8274308.54,,8310822.9399999995,,,,,,,,3469450.3,0.0
491,PUNJAB,Kapurthala,,620.4522854950116,0.0,0.0,620.4522854950116,162875.0,0.0,0.0,162875.0,0.0,162875.0,20788.59,0.0,0.0,20788.59,3870.1000000000004,,,3870.1000000000004,5372.11728,0.0,0.0,5372.120000000001,38150.83,0.0,0.0,38150.83,93.34,,,93.34,,,,,,,,,,,,,68274.98,0.0,0.0,68274.98,4864.7300000000005,,,4864.7300000000005,,,,,,,,0.0,,,,0.0,0.0,0.0,0.0,0.0,0.0,0.0,0.0,0.0,0.0,0.0,0.0,0.0,4864.7300000000005,0.0,0.0,4864.7300000000005,73139.70999999999,0.0,0.0,73139.70999999999,6827.5,0.0,0.0,6827.5,71176.94,0.0,0.0,71176.94,3449.3302999999996,,,3449.3302999999996,1822.7186900000002,,,1822.7186900000002,146009.43912,,,146009.43912,151281.47999999998,,,151281.47999999998,212.54282637045083,,,212.54282637045083,3482.42,0.0,0.0,3482.42,0.0,0.0,0.0,0.0,,,,,,,0.0,560.98,0.0,,,,,1703563.9,0.0,1774740.8399999999,0.0,27919.4,,5519471.68,,5547391.1,,,,,,,,1774740.8399999999,0.0
492,PUNJAB,Ludhiana,,552.4253321284544,0.0,0.0,552.4253321284544,370715.0,0.0,0.0,370715.0,0.0,370715.0,40166.119999999995,0.0,0.0,40166.119999999995,45759.0,,0.0,45759.0,5490.602099147946,0.0,0.0,5490.6,63209.70999999999,0.0,0.0,63209.70999999999,430.47999999999996,,,430.47999999999996,,,,,0.0,0.0,0.0,0.0,0.0,0.0,0.0,0.0,155055.90999999997,0.0,0.0,155055.90999999997,776.6999999999999,,,776.6999999999999,,,,,,,,0.0,,,,0.0,0.0,0.0,0.0,0.0,0.0,0.0,0.0,0.0,0.0,0.0,0.0,0.0,776.6999999999999,0.0,0.0,776.6999999999999,155832.61,0.0,0.0,155832.61,15505.629999999997,0.0,0.0,15505.629999999997,141103.68,0.0,0.0,141103.68,15013.5815,,,15013.5815,8200.97219,,,8200.97219,289979.115725,,,289979.115725,313193.61,,,313193.61,221.95991628283545,,,221.95991628283545,15157.630000000001,0.0,0.0,15157.630000000001,0.0,0.0,0.0,0.0,,,,,,,121.30743,16.56592,0.0,,,,,2803431.4699999997,0.0,2944535.15,0.0,70041.9,,11948506.989999998,,12018548.89,,,,,,,,2944535.15,0.0
493,PUNJAB,Malerkotla,,570.2195923734386,0.0,0.0,570.2195923734386,74529.0,0.0,0.0,74529.0,0.0,74529.0,8764.68,0.0,0.0,8764.68,4261.5,,,4261.5,1507.9075985589297,0.0,0.0,1507.91,7007.58,0.0,0.0,7007.58,42.28,,,42.28,,,,,,,,,,,,,21583.95,0.0,0.0,21583.95,,,,,,,,,,,,0.0,,,,0.0,0.0,0.0,0.0,0.0,0.0,0.0,0.0,0.0,0.0,0.0,0.0,0.0,0.0,0.0,0.0,0.0,21583.95,0.0,0.0,21583.95,2158.3900000000003,0.0,0.0,2158.3900000000003,19425.559999999998,0.0,0.0,19425.559999999998,1998.21075,,,1998.21075,541.9751699999999,,,541.9751699999999,56250.61501000001,,,56250.61501000001,58790.799999999996,,,58790.799999999996,302.6466161078497,,,302.6466161078497,2017.38,0.0,0.0,2017.38,0.0,0.0,0.0,0.0,,,,,,,0.0,0.0,0.0,,,,,517466.9,0.0,536892.46,0.0,20584.71,,2402721.83,,2423306.55,,,,,,,,536892.46,0.0
494,PUNJAB,Mansa,,405.4825354970806,0.0,0.0,307.74767363576836,164591.0,0.0,52271.0,216862.0,0.0,216862.0,12507.359999999999,0.0,0.0,12507.359999999999,11845.31,,,11845.31,28147.1495548382,0.0,0.0,28147.14,15612.980000000001,0.0,0.0,15612.980000000001,435.87,,,435.87,,,,,,,,,,,,,68548.66,0.0,0.0,68548.66,58.92,,,58.92,,,,,,,,0.0,,,,0.0,0.0,0.0,0.0,0.0,0.0,0.0,0.0,0.0,0.0,0.0,0.0,0.0,58.92,0.0,0.0,58.92,68607.58,0.0,0.0,68607.58,6854.87,0.0,0.0,6854.87,61811.63,0.0,0.0,61811.63,3243.2111499999996,,0.0,3243.2111499999996,54.429919999999996,,0.0,54.429919999999996,60442.221685,,26834.125500000002,87276.34718499999,63739.84,,26834.120000000003,90573.96,103.11949385576791,,0.0,103.11949385576793,3274.33,0.0,0.0,3274.33,12917.23,0.0,0.0,12917.23,,,,,,,789.0529176542344,150.5,0.0,,,,,1080135.32,412265.16000000003,1141946.95,412265.16000000003,13321.13,,7740274.83,,7753595.959999999,,,,,,,,1141946.95,412265.16000000003
495,PUNJAB,Moga,,454.25174812636715,0.0,0.0,454.25174812636715,223096.0,0.0,0.0,223096.0,0.0,223096.0,20358.28,0.0,0.0,20358.28,26306.71,,0.0,26306.71,10335.3800054569,0.0,0.0,10335.369999999999,25624.29,0.0,0.0,25624.29,191.66,,,191.66,,,,,,,,,,,,,82816.31,0.0,0.0,82816.31,901.26,,,901.26,,,,,,,,0.0,,,,0.0,0.0,0.0,0.0,0.0,0.0,0.0,0.0,0.0,0.0,0.0,0.0,0.0,901.26,0.0,0.0,901.26,83717.56999999999,0.0,0.0,83717.56999999999,8281.63,0.0,0.0,8281.63,76337.20000000001,0.0,0.0,76337.20000000001,4157.38285,,,4157.38285,122.01075999999999,,,122.01075999999999,170265.65626000002,,,170265.65626000002,174545.03999999998,,,174545.03999999998,228.65004218126933,,,228.65004218126933,4197.27,0.0,0.0,4197.27,0.0,0.0,0.0,0.0,,,,,,,0.0,19.6,0.0,,,,,1727554.95,0.0,1803892.15,0.0,27359.13,,7281736.680000001,,7309095.81,,,,,,,,1803892.15,0.0
496,PUNJAB,Muktsar,,394.7310039678262,0.0,0.0,291.921549721366,194817.0,0.0,68611.0,263428.0,0.0,263428.0,13534.45,0.0,0.0,13534.45,43248.8,,0.0,43248.8,35226.839942482344,0.0,0.0,35226.82,6055.110000000001,0.0,0.0,6055.110000000001,210.58,,,210.58,,,,,,,,,,,,,98275.76,0.0,0.0,98275.76,,,,,,,,,,,,0.0,,,,0.0,0.0,0.0,0.0,0.0,0.0,0.0,0.0,0.0,0.0,0.0,0.0,0.0,0.0,0.0,0.0,0.0,98275.76,0.0,0.0,98275.76,9827.570000000002,0.0,0.0,9827.570000000002,88448.19,0.0,0.0,88448.19,3808.0486499999997,,0.0,3808.0486499999997,73.156125,,0.0,73.156125,16255.696201,,30648.493593,46904.189794,20136.89,,30648.489999999998,50785.38,22.76687629221129,,0.0,22.76687629221129,3844.5800000000004,0.0,0.0,3844.5800000000004,68274.76999999999,0.0,0.0,68274.76999999999,,,,,,,64878.83834338363,16.94,0.0,,,,,838909.07,339087.0,927357.26,339087.0,17365.899999999998,,11593148.39,,11610514.290000001,,,,,,,,927357.26,339087.0
497,PUNJAB,Pathankot,,1156.9724070850825,0.0,0.0,1156.9724070850825,78136.0,0.0,0.0,78136.0,16941.0,95077.0,14982.289999999999,0.0,0.0,14982.289999999999,17033.149999999998,,0.0,17033.149999999998,7024.8129972793295,0.0,0.0,7024.799999999999,7041.92,0.0,0.0,7041.92,17.159999999999997,,,17.159999999999997,539.184,1732.44,,2271.624,,,,,,,,,46638.50000000001,1732.44,0.0,48370.94,62.33,,,62.33,,,,,,,,0.0,,,,0.0,0.0,0.0,0.0,0.0,0.0,0.0,0.0,0.0,0.0,0.0,0.0,0.0,62.33,0.0,0.0,62.33,46700.83000000001,1732.44,0.0,48433.270000000004,4381.3099999999995,173.25999999999996,0.0,4554.57,42381.85,1559.18,0.0,43941.03,2845.98165,,,2845.98165,88.87328,,,88.87328,19649.356400000004,,,19649.356400000004,22584.21,,,22584.21,53.2874567768986,,,51.39663316950013,2873.2799999999997,0.0,0.0,2873.2799999999997,19770.34,1559.18,0.0,21329.52,,,,,,,4169.698915000001,0.84,0.0,,,,,656978.4400000001,0.0,700919.47,0.0,17668.62,,4022078.34,,4039746.9499999997,,,,,,,,700919.47,0.0
498,PUNJAB,Patiala,,668.9759799113605,0.0,0.0,667.7763077562853,331251.9,0.0,595.1,331847.0,0.0,331847.0,43746.09,0.0,0.0,43746.09,21988.299999999996,,0.0,21988.299999999996,3852.155233088952,0.0,0.0,3852.1600000000003,22365.45,0.0,0.0,22365.45,358.19000000000005,,,358.19000000000005,,,,,,,,,,,,,92310.19,0.0,0.0,92310.19,147.3,,,147.3,,,,,,,,0.0,,,,0.0,0.0,0.0,0.0,0.0,0.0,0.0,0.0,0.0,0.0,0.0,0.0,0.0,147.3,0.0,0.0,147.3,92457.49,0.0,0.0,92457.49,9231.01,0.0,0.0,9231.01,83373.77999999998,0.0,0.0,83373.77999999998,7982.586499999999,,0.0,7982.586499999999,677.8701800000001,,0.0,677.8701800000001,170164.744455,,0.0,170164.744455,178825.22,,0.0,178825.22,214.48616099689858,,0.0,214.48616099689858,8059.179999999999,0.0,0.0,8059.179999999999,0.0,0.0,0.0,0.0,,,,,,,251.69808,533.463224,0.0,,,,,2700234.41,6998.38,2783608.1900000004,6998.38,159026.05,,10787234.11,,10946260.14,,,,,,,,2783608.1900000004,6998.38
499,PUNJAB,Rupnagar,,839.7394535535004,0.0,0.0,839.7394535535004,137653.0,0.0,0.0,137653.0,0.0,137653.0,23795.73,0.0,0.0,23795.73,5022.82,,0.0,5022.82,3386.3298226418065,0.0,0.0,3386.3199999999997,11029.470000000001,0.0,0.0,11029.470000000001,111.17,,,111.17,1.632,10.992,,12.623999999999999,,,,,,,,,43347.15,11.0,0.0,43358.149999999994,258.9,,,258.9,,,,,,,,0.0,,,,0.0,0.0,0.0,0.0,0.0,0.0,0.0,0.0,0.0,0.0,0.0,0.0,0.0,258.9,0.0,0.0,258.9,43606.05,11.0,0.0,43617.049999999996,4334.71,1.1,0.0,4335.81,39530.240000000005,9.899999999999999,0.0,39540.14,2882.697,,,2882.697,656.9499099999999,,,656.9499099999999,34450.94553,,,34450.94553,37990.56,,,37990.56,96.10505779878896,,,96.0809951608669,2910.36,0.0,0.0,2910.36,6597.24,9.899999999999999,0.0,6607.139999999999,,,,,,,1101.92414,92.9089,0.0,,,,,1625826.17,0.0,1665366.3099999998,0.0,14156.84,,5562919.9799999995,,5577076.83,,,,,,,,1665366.3099999998,0.0
500,PUNJAB,SAS Nagar,,743.0459665002567,0.0,0.0,727.9789455399833,107165.0,0.0,2218.0,109383.0,0.0,109383.0,16420.98,0.0,0.0,16420.98,101.06,,0.0,101.06,1845.9,0.0,0.0,1845.9,4809.79,0.0,0.0,4809.79,74.19999999999999,,,74.19999999999999,893.614,0.0,,893.614,,,,,,,,,24145.55,0.0,0.0,24145.55,29.46,,,29.46,,,,,,,,0.0,,,,0.0,0.0,0.0,0.0,0.0,0.0,0.0,0.0,0.0,0.0,0.0,0.0,0.0,29.46,0.0,0.0,29.46,24175.01,0.0,0.0,24175.01,2414.5499999999997,0.0,0.0,2414.5499999999997,21789.920000000002,0.0,0.0,21789.920000000002,4160.061949999999,,0.0,4160.061949999999,3490.0252600000003,,0.0,3490.0252600000003,20069.990855,,0.0,20069.990855,27720.09,,0.0,27720.09,127.21519858723667,,0.0,127.21519858723667,4199.98,0.0,0.0,4199.98,1390.47,0.0,0.0,1390.47,,,,,,,0.01248,5.2219999999999995,0.0,,,,,1168974.0,29011.44,1190763.92,29011.44,19068.920000000002,,3811917.8100000005,,3830986.7299999995,,,,,,,,1190763.92,29011.44
501,PUNJAB,SBS Nagar,,761.2923762116845,0.0,0.0,761.2923762116845,125961.0,0.0,0.0,125961.0,0.0,125961.0,18390.98,0.0,0.0,18390.98,5072.65,,,5072.65,13888.792572633312,0.0,0.0,13888.79,16074.85,0.0,0.0,16074.85,122.25999999999999,,,122.25999999999999,,1297.74,,1297.74,,,,,,,,,53549.53,1297.74,0.0,54847.27,258.9,,,258.9,,,,,,,,0.0,,,,0.0,0.0,0.0,0.0,0.0,0.0,0.0,0.0,0.0,0.0,0.0,0.0,0.0,258.9,0.0,0.0,258.9,53808.43,1297.74,0.0,55106.17,5354.959999999999,129.78,0.0,5484.74,48712.369999999995,1167.96,0.0,49880.33,2591.6751999999997,,,2591.6751999999997,269.44518,,,269.44518,57909.85237,,,57909.85237,60770.97,,,60770.97,124.75469783137221,,,121.83353638598622,2616.54,0.0,0.0,2616.54,1046.51,1167.96,0.0,2214.4700000000003,,,,,,,0.0,26.608373399999998,0.0,,,,,1397346.6600000001,0.0,1447226.99,0.0,17185.57,,4225883.98,,4243069.55,,,,,,,,1447226.99,0.0
502,PUNJAB,Sangrur,,495.8245356827947,0.0,0.0,495.8245356827947,285796.0,0.0,0.0,285796.0,0.0,285796.0,29036.989999999998,0.0,0.0,29036.989999999998,8460.88,,0.0,8460.88,8812.503391569722,0.0,0.0,8812.500000000002,24070.74,0.0,0.0,24070.74,314.49,,,314.49,,,,,,,,,,,,,70695.59999999999,0.0,0.0,70695.59999999999,29.46,,,29.46,,,,,,,,0.0,,,,0.0,0.0,0.0,0.0,0.0,0.0,0.0,0.0,0.0,0.0,0.0,0.0,0.0,29.46,0.0,0.0,29.46,70725.06,0.0,0.0,70725.06,7069.57,0.0,0.0,7069.57,63684.95,0.0,0.0,63684.95,4980.6878,,,4980.6878,1593.7118289999999,,,1593.7118289999999,192910.13068,,,192910.13068,199484.52,,,199484.52,313.2365182040655,,,313.2365182040655,5028.47,0.0,0.0,5028.47,0.0,0.0,0.0,0.0,,,,,,,0.0,63.756,0.0,,,,,2199385.24,0.0,2263070.19,0.0,41718.619999999995,,9022721.5,,9064440.12,,,,,,,,2263070.19,0.0
503,PUNJAB,Tarn Taran,,544.853681228937,0.0,0.0,544.853681228937,241835.0,0.0,0.0,241835.0,0.0,241835.0,26516.53,0.0,0.0,26516.53,8625.220000000003,,0.0,8625.220000000003,5238.069336348913,0.0,0.0,5238.049999999999,27395.57,0.0,0.0,27395.57,295.44,,,295.44,,,,,,,,,,,,,68070.81,0.0,0.0,68070.81,3550.1099999999997,,,3550.1099999999997,,,,,,,,0.0,,,,0.0,0.0,0.0,0.0,0.0,0.0,0.0,0.0,0.0,0.0,0.0,0.0,0.0,3550.1099999999997,0.0,0.0,3550.1099999999997,71620.92,0.0,0.0,71620.92,6584.570000000001,0.0,0.0,6584.570000000001,68586.46,0.0,0.0,68586.46,4725.04545,,,4725.04545,102.0582,,,102.0582,126621.08885,,,126621.08885,131448.19,,,131448.19,191.65326509051494,,,191.65326509051494,4770.37,0.0,0.0,4770.37,0.0,0.0,0.0,0.0,,,,,,,0.0,28.602,0.0,,,,,1710151.94,0.0,1778738.4,0.0,60397.04000000001,,8112077.750000001,,8172474.790000001,,,,,,,,1778738.4,0.0
504,RAJASTHAN,AJMER,,0.0,527.3759499702683,0.0,527.3759499702683,0.0,746676.0,0.0,746676.0,140992.0,887668.0,0.0,28840.869999999995,0.0,28840.869999999995,,,,,0.0,438.23010000000005,0.0,438.24,0.0,8683.17,0.0,8683.17,0.0,70.39,0.0,70.39,,,,,0.0,0.0,0.0,0.0,0.0,0.0,0.0,0.0,0.0,38032.66,0.0,38032.66,,,,,,,,,,,,0.0,,,,0.0,0.0,0.0,0.0,0.0,0.0,0.0,0.0,0.0,0.0,0.0,0.0,0.0,0.0,0.0,0.0,0.0,0.0,38032.66,0.0,38032.66,0.0,3803.2800000000007,0.0,3803.2800000000007,0.0,34229.38,0.0,34229.38,,1273.4378191116762,,1273.4378191116762,,176.0,,176.0,,45810.92250000001,,45810.92250000001,,47260.39,,47260.39,,138.06966413063867,,138.06966413063867,0.0,1273.43,0.0,1273.43,0.0,0.0,0.0,0.0,,,,,,,0.0,0.0,0.0,,,,,0.0,0.0,34229.38,0.0,0.0,,0.0,,0.0,,,,,,,,34229.38,0.0
505,RAJASTHAN,ALWAR,,0.0,662.1931195972653,614.585247077577,659.7048422236765,0.0,682521.0,37640.0,720161.0,151885.0,872046.0,0.0,71157.34,3894.72,75052.06,0.0,,0.0,0.0,0.0,0.0,0.0,0.0,0.0,6093.550000000001,586.62,6680.17,0.0,9.25,0.0,9.25,,,,,,,,,,,,,0.0,77260.14,4481.34,81741.48,,,,,,,,,,,,0.0,,,,0.0,0.0,0.0,0.0,0.0,0.0,0.0,0.0,0.0,0.0,0.0,0.0,0.0,0.0,0.0,0.0,0.0,0.0,77260.14,4481.34,81741.48,0.0,7726.03,314.89,8040.919999999999,0.0,69534.11,4166.450000000001,73700.55999999998,,13731.71661804417,0.0,13731.71661804417,,3413.3472002752283,0.0,3413.3472002752283,,113614.47500000002,2754.95,116369.42500000002,,130759.52,2754.95,133514.47,,188.05090048610674,66.12223835639452,188.0509004861068,0.0,13731.72,0.0,13731.72,0.0,0.0,1411.5,0.0,,,,,,,0.0,0.0,0.0,,,,,0.0,0.0,69534.10999999999,4166.45,0.0,,0.0,,0.0,,,,,,,,69534.10999999999,4166.45
506,RAJASTHAN,BANSWARA,,956.3225049080904,967.26650398145,0.0,962.7144420546941,165543.0,232453.0,0.0,397996.0,55612.0,453608.0,4640.23,5575.33,0.0,10215.560000000001,1465.64,,0.0,1465.64,3709.41,3394.2799999999997,0.0,7103.690000000001,1741.43,1263.1599999999999,0.0,3004.59,34.980000000000004,1347.73,,1382.71,0.0,0.0,0.0,0.0,,,,,,,,,11591.689999999999,11580.5,0.0,23172.190000000002,0.0,0.0,0.0,0.0,,,,,0.0,0.0,0.0,0.0,0.0,0.0,0.0,0.0,0.0,0.0,0.0,0.0,0.0,0.0,0.0,0.0,0.0,0.0,0.0,0.0,0.0,0.0,0.0,0.0,11591.689999999999,11580.5,0.0,23172.190000000002,1159.17,1158.06,0.0,2317.23,10432.52,10422.44,0.0,20854.96,1276.4863841961853,1200.2714391741843,,2476.75782337037,0.0,4.0200000000000005,,4.0200000000000005,4937.084587203211,7010.042433046677,,11947.127020249887,6213.59,8214.31,,14427.910000000002,59.559818720692604,78.81369429807222,,69.1821513922827,1276.49,1200.27,0.0,2476.76,4218.92,2385.71,0.0,6604.63,,,,,,,0.0,0.0,0.0,,,,,0.0,0.0,20854.96,0.0,0.0,,0.0,,0.0,,,,,,,,20854.96,0.0
507,RAJASTHAN,BARAN,,923.5489854573419,934.9564482360015,0.0,933.5144544783167,87123.0,602098.0,0.0,689221.0,6310.0,695531.0,5559.05,34042.38,0.0,39601.43,30.049999999999997,,,30.049999999999997,6656.12,0.0,0.0,6656.12,2891.2799999999997,14560.69,0.0,17451.96,,996.34,,996.34,0.0,0.0,0.0,0.0,,,,,,,,,15136.500000000002,49599.41,0.0,64735.91,,,,,,,,,,,,0.0,,,,0.0,0.0,0.0,0.0,0.0,0.0,0.0,0.0,0.0,0.0,0.0,0.0,0.0,0.0,0.0,0.0,0.0,15136.500000000002,49599.41,0.0,64735.91,1513.6500000000003,4959.9400000000005,0.0,6473.59,13622.85,44639.47,0.0,58262.31999999999,1879.5100000000002,6890.45,,8769.96,0.0,102.57,,102.57,11730.720000000001,57581.880000000005,,69312.6,13610.23,64574.91,,78185.12999999999,99.90736152860818,144.65877395049716,,134.19501660764627,1879.51,6890.45,0.0,8769.96,2324.2200000000003,237.23,0.0,2561.4500000000003,,,,,,,0.0,0.0,0.0,,,,,0.0,0.0,58262.32,0.0,0.0,,0.0,,0.0,,,,,,,,58262.32,0.0
508,RAJASTHAN,BARMER,,0.0,337.8796052277747,319.5814766894211,328.65299094286695,0.0,1416817.0,1441041.0,2857858.0,0.0,2857858.0,0.0,36442.06,29390.239999999998,65832.3,,,367.72,367.72,,,,,0.0,2725.89,632.2299999999999,3358.109999999999,,,,,,,,,,,,,,,,,0.0,39167.95,30390.190000000002,69558.14,,,,,,,,,,,,0.0,,,,0.0,,,,,,,,,,,,,,,,0.0,0.0,39167.95,30390.190000000002,69558.14,0.0,3916.8100000000004,2869.95,6786.76,0.0,35251.14,27520.24,62771.38,,7406.1449999999995,1571.6500000000003,8977.795,,438.0,852.0,1290.0,,38697.495,4997.890000000001,43695.385,,46541.649999999994,7421.5599999999995,53963.21000000001,,132.02877977846956,26.96764272404601,132.0287797784696,0.0,7406.149999999999,1571.6500000000003,7406.149999999999,0.0,1424.12,20629.2,1424.12,,,,,,,,,,,,,,0.0,0.0,35251.14,27520.239999999998,0.0,,0.0,,0.0,,,,,,,,35251.14,27520.239999999998
509,RAJASTHAN,BHARATPUR,,0.0,651.8354104499894,638.2794236983406,648.312637577028,0.0,351675.0,123477.0,475152.0,25890.0,501042.0,0.0,32588.199999999997,11747.62,44335.82,0.0,,0.0,0.0,0.0,177.96,0.0,177.96,0.0,6348.379999999999,1342.54,7690.92,0.0,860.5899999999999,0.0,860.5899999999999,,,,,,,,,,,,,0.0,39975.130000000005,13090.16,53065.29,,,,,,,,,,,,0.0,,,,0.0,0.0,0.0,0.0,0.0,0.0,0.0,0.0,0.0,0.0,0.0,0.0,0.0,0.0,0.0,0.0,0.0,0.0,39975.130000000005,13090.16,53065.29,0.0,3642.2400000000002,1196.7,4838.9400000000005,0.0,36332.89000000001,11893.46,48226.350000000006,,6391.8347507358785,1365.432633450048,7757.267384185925,,71.8466,0.0,71.8466,,38398.526,9067.54,47466.066000000006,,44862.240000000005,10432.98,55295.219999999994,,123.47556167428463,87.72031015364747,123.47556167428459,0.0,6391.829999999999,1365.43,6391.829999999999,0.0,0.0,2201.2799999999997,0.0,,,,,,,0.0,0.0,0.0,,,,,0.0,0.0,36332.89,11893.46,0.0,,0.0,,0.0,,,,,,,,36332.89,11893.46
510,RAJASTHAN,BHILWARA,,643.7862114753962,656.5634989318876,0.0,655.7003796662253,63193.0,872292.0,0.0,935485.0,110015.0,1045500.0,2084.9100000000003,29412.429999999997,0.0,31497.339999999997,272.06,,0.0,272.06,1274.15,59.13000000000001,0.0,1333.28,908.9300000000001,11245.81,0.0,12154.740000000002,37.550000000000004,151.22000000000003,0.0,188.76999999999998,0.0,0.0,0.0,0.0,,,,,,,,,4577.6,40868.59,0.0,45446.189999999995,0.0,0.0,0.0,0.0,,,,,0.0,0.0,0.0,0.0,0.0,0.0,0.0,0.0,0.0,0.0,0.0,0.0,0.0,0.0,0.0,0.0,0.0,0.0,0.0,0.0,0.0,0.0,0.0,0.0,4577.6,40868.59,0.0,45446.189999999995,457.76000000000005,4086.8700000000003,0.0,4544.629999999999,4119.84,36781.72,0.0,40901.560000000005,360.6734,4382.504000000001,,4743.1774000000005,447.0379000000001,288.83520000000004,,735.8730999999999,4019.5450000000005,54581.92,,58601.465000000004,4827.2699999999995,59253.25,,64080.520000000004,117.17129791448211,161.09428814095696,,156.67011233801352,360.67,4382.5,0.0,4743.17,596.01,0.0,0.0,596.01,,,,,,,0.0,0.0,0.0,,,,,0.0,0.0,40901.56,0.0,0.0,,0.0,,0.0,,,,,,,,40901.56,0.0
511,RAJASTHAN,BIKANER,,319.1431214861892,343.2999351912255,321.74666866517043,331.03870720830287,45001.0,1315254.0,1677922.0,3038177.0,0.0,3038177.0,1021.5399999999998,27681.089999999997,30674.91,59377.53999999999,511.49,,90.75999999999999,602.25,562.3,0.0,0.0,562.3,0.0,1450.92,0.0,1450.92,0.0,0.0,0.0,0.0,,,,,0.0,0.0,0.0,0.0,0.0,0.0,0.0,0.0,2095.33,29132.01,30765.670000000002,61993.01,,,,,,,,,,,,0.0,,,,0.0,0.0,0.0,0.0,0.0,0.0,0.0,0.0,0.0,0.0,0.0,0.0,0.0,0.0,0.0,0.0,0.0,2095.33,29132.01,30765.670000000002,61993.01,209.53000000000003,2913.21,3076.57,6199.31,1885.8,26218.8,27689.1,55793.7,12.8,10004.9,0.0,10017.7,0.0,71.0,11.0,82.0,0.0,29018.64,0.0,29018.64,12.8,39094.53999999999,11.0,39118.34,0.678757026195779,149.10880742062943,0.03972682391265877,139.14924958903526,12.8,10004.9,0.0,10017.699999999999,1873.0,2950.64,27689.1,4823.639999999999,,,,,,,0.0,0.0,0.0,,,,,0.0,0.0,28104.6,27689.1,0.0,,0.0,,0.0,,,,,,,,28104.6,27689.1
512,RAJASTHAN,BUNDI,,721.6128877154529,703.3412036363237,0.0,709.8288843398158,150555.0,273463.0,0.0,424018.0,125982.0,550000.0,6156.99,12622.320000000002,0.0,18779.31,152.14,,0.0,152.14,5960.219999999999,609.94,0.0,6570.16,1989.54,4835.11,0.0,6824.65,1228.1799999999998,1103.17,0.0,2331.35,,,,,,,,,,,,,15487.070000000002,19170.54,0.0,34657.61,,,,,,,,,,,,0.0,,,,0.0,0.0,0.0,0.0,0.0,0.0,0.0,0.0,0.0,0.0,0.0,0.0,0.0,0.0,0.0,0.0,0.0,15487.070000000002,19170.54,0.0,34657.61,1479.3899999999999,1258.4599999999998,0.0,2737.85,14007.680000000002,17912.079999999998,0.0,31919.760000000002,1028.112643365953,2892.0233851450002,,3920.136028510953,0.0,66.0,,66.0,7995.577500000001,20172.9,,28168.4775,9023.69,23130.940000000002,,32154.62,64.41958982501028,129.1359797410463,,100.73578247455495,1028.11,2892.02,0.0,3920.13,4983.990000000001,393.32,0.0,5377.31,,,,,,,0.0,0.0,0.0,,,,,0.0,0.0,31919.76,0.0,0.0,,0.0,,0.0,,,,,,,,31919.76,0.0
513,RAJASTHAN,CHITTAURGARH,,775.9779023024463,807.7595360924967,0.0,804.2766740373919,63932.0,519457.0,0.0,583389.0,204611.0,788000.0,2546.6800000000003,20791.229999999996,0.0,23337.910000000003,361.63,,0.0,361.63,0.18999999999999997,0.9800000000000001,0.0,1.1700000000000002,1033.8600000000001,8912.96,0.0,9946.82,0.0,1097.8,0.0,1097.8,,,,,,,,,,,,,3942.3600000000006,30802.97,0.0,34745.33,,,,,,,,,,,,0.0,,,,0.0,,,,,,,,,,,,,,,,0.0,3942.3600000000006,30802.97,0.0,34745.33,394.24,3080.3200000000006,0.0,3474.5600000000004,3548.1200000000003,27722.65,0.0,31270.769999999993,388.7663,1774.6627999999998,,2163.4291,0.0,107.2294,,107.2294,5227.938,43040.859,,48268.797,5616.719999999999,44922.76,,50539.48999999999,158.3012975885821,162.0435275848449,,161.61894958135025,388.78000000000003,1774.6699999999998,0.0,2163.4500000000003,115.86,0.0,0.0,115.86,,,,,,,,,,,,,,0.0,0.0,31270.77,0.0,0.0,,0.0,,0.0,,,,,,,,31270.77,0.0
514,RAJASTHAN,CHURU,,0.0,403.0917412265496,94.54010121831695,210.68142240888682,0.0,519180.0,860121.0,1379301.0,0.0,1379301.0,0.0,15942.98,5449.36,21392.34,0.0,,0.0,0.0,0.0,0.0,0.0,0.0,0.0,544.27,0.0,544.27,0.0,0.0,0.0,0.0,,,,,,,,,,,,,0.0,16487.25,5449.36,21936.609999999997,,,,,,,,,,,,0.0,,,,0.0,0.0,0.0,0.0,0.0,0.0,0.0,0.0,0.0,0.0,0.0,0.0,0.0,0.0,0.0,0.0,0.0,0.0,16487.25,5449.36,21936.609999999997,0.0,1236.37,544.94,1781.31,0.0,15250.880000000001,4904.42,20155.3,,3758.5431000000003,0.0,3758.5431000000003,,4.760000000000001,0.0,4.760000000000001,,15893.7775,0.0,15893.7775,,19657.07,0.0,19657.07,,128.89138200549738,0.0,128.89138200549738,0.0,3758.54,0.0,3758.54,0.0,1798.97,4904.42,1798.97,,,,,,,0.0,0.0,0.0,,,,,0.0,0.0,15250.880000000001,4904.42,0.0,,0.0,,0.0,,,,,,,,15250.880000000001,4904.42
515,RAJASTHAN,DAUSA,,0.0,660.0536942656582,0.0,660.0536942656582,0.0,308562.0,0.0,308562.0,33455.0,342017.0,0.0,23993.460000000003,0.0,23993.460000000003,0.0,,0.0,0.0,0.0,0.0,0.0,0.0,0.0,2372.74,0.0,2372.74,,562.37,,562.37,,0.0,,0.0,,,,,,,,,0.0,26928.57,0.0,26928.57,,,,,,,,,,,,0.0,,,,0.0,0.0,0.0,0.0,0.0,0.0,0.0,0.0,0.0,0.0,0.0,0.0,0.0,0.0,0.0,0.0,0.0,0.0,26928.57,0.0,26928.57,0.0,2692.8500000000004,0.0,2692.8500000000004,0.0,24235.719999999998,0.0,24235.719999999998,,11605.089949023235,,11605.089949023235,,3.1891999999999996,,3.1891999999999996,,47454.87,,47454.87,,59063.15,,59063.15,,243.70288978416986,,243.70288978416986,0.0,11605.1,0.0,11605.1,0.0,0.0,0.0,0.0,,,,,,,0.0,0.0,0.0,,,,,0.0,0.0,24235.719999999998,0.0,0.0,,0.0,,0.0,,,,,,,,24235.719999999998,0.0
516,RAJASTHAN,DHAULPUR,,757.1700000000001,708.4963968138428,0.0,710.0849291824599,8111.0,240415.0,0.0,248526.0,52379.00000000001,300905.0,761.88,20673.63,0.0,21435.510000000002,27.55,,0.0,27.55,188.03,653.0600000000001,0.0,841.09,759.32,4807.54,0.0,5566.86,51.42,185.98000000000002,0.0,237.40000000000003,,,,,,,,,,,,,1788.1999999999998,26320.210000000003,0.0,28108.41,,,,,,,,,,,,0.0,,,,0.0,0.0,0.0,0.0,0.0,0.0,0.0,0.0,0.0,0.0,0.0,0.0,0.0,0.0,0.0,0.0,0.0,1788.1999999999998,26320.210000000003,0.0,28108.41,178.82,2632.04,0.0,2810.8599999999997,1609.38,23688.170000000002,0.0,25297.55,438.56,4580.576999999999,,5019.137,0.0,15.73,,15.73,3078.29,27239.83,,30318.119999999995,3516.85,31836.15,,35353.0,218.5220395431781,134.39683183631323,,139.74871084354018,438.56,4580.57,0.0,5019.129999999999,0.0,1215.67,0.0,1215.67,,,,,,,0.0,0.0,0.0,,,,,0.0,0.0,25297.55,0.0,0.0,,0.0,,0.0,,,,,,,,25297.55,0.0
517,RAJASTHAN,DUNGARPUR,,825.4056299734748,790.0456601960005,0.0,793.2845487504413,24128.0,239285.0,0.0,263413.0,113664.0,377077.0,713.81,8338.7,0.0,9052.51,98.63,,0.0,98.63,273.02,5376.84,0.0,5649.86,194.45,3233.99,0.0,3428.4399999999996,468.01,3761.6100000000006,0.0,4229.620000000001,,,,,,,,,,,,,1747.9200000000003,20711.14,0.0,22459.06,,,,,,,,,,,,0.0,,,,0.0,0.0,0.0,0.0,0.0,0.0,0.0,0.0,0.0,0.0,0.0,0.0,0.0,0.0,0.0,0.0,0.0,1747.9200000000003,20711.14,0.0,22459.06,174.79,2051.95,0.0,2226.7400000000002,1573.13,18659.190000000002,0.0,20232.32,96.082524,809.6380509999999,,905.720575,0.0,1.1105000000000003,,1.1105000000000003,674.5801580157481,10922.324158000001,,11596.904316015747,770.66,11733.100000000002,,12503.760000000002,48.98895831876577,62.88107897502518,,61.800920507386216,96.08000000000001,809.62,0.0,905.6999999999999,802.47,6926.09,0.0,7728.56,,,,,,,0.0,0.0,0.0,,,,,0.0,0.0,20232.320000000003,0.0,0.0,,0.0,,0.0,,,,,,,,20232.320000000003,0.0
518,RAJASTHAN,GANGANAGAR,,255.0598595799309,0.0,244.4680822207985,245.9046888550018,151118.0,0.0,963041.0,1114159.0,0.0,1114159.0,5918.42,0.0,37840.22,43758.64,24273.189999999995,,,24273.189999999995,15142.51,0.0,62752.10999999999,77894.62000000001,2818.8100000000004,0.0,0.0,2818.8100000000004,0.0,0.0,258.71999999999997,258.71999999999997,,,,,,,,,,,,,48152.92999999999,0.0,100851.04999999999,149003.98,,,,,,,,,,,,0.0,,,,0.0,0.0,0.0,0.0,0.0,0.0,0.0,0.0,0.0,0.0,0.0,0.0,0.0,0.0,0.0,0.0,0.0,48152.92999999999,0.0,100851.04999999999,149003.98,4815.29,0.0,9556.64,14371.93,43337.63999999999,0.0,91294.41,134632.05,43.715,,38.08,81.795,39.0,,0.0,39.0,17262.035099999997,,16897.3727,34159.4078,17344.72,,16935.43,34280.15,40.02229932225198,,18.550347168024857,40.02229932225199,43.730000000000004,0.0,38.080000000000005,43.730000000000004,25992.900000000005,0.0,74358.98000000001,25992.900000000005,,,,,,,0.0,0.0,0.0,,,,,0.0,0.0,43337.63999999999,91294.41,0.0,,0.0,,0.0,,,,,,,,43337.63999999999,91294.41
519,RAJASTHAN,HANUMANGARH,,304.37562205709816,0.0,323.2152575923673,320.7009068854649,127850.0,0.0,830110.0,957960.0,0.0,957960.0,6578.989999999999,0.0,39677.799999999996,46256.78999999999,3132.13,,,3132.13,13115.38,0.0,36659.53,49774.91,0.0,0.0,0.0,0.0,0.0,0.0,470.18999999999994,470.18999999999994,,,,,,,,,,,,,22826.5,0.0,76807.52,99634.02,,,,,,,,,,,,0.0,,,,0.0,0.0,0.0,0.0,0.0,0.0,0.0,0.0,0.0,0.0,0.0,0.0,0.0,0.0,0.0,0.0,0.0,22826.5,0.0,76807.52,99634.02,2282.66,0.0,6339.870000000001,8622.52,20543.839999999997,0.0,70467.65,91011.49,1502.1999999999998,,325.15000000000003,1827.3500000000001,200.0,,0.0,200.0,11457.6185,,34714.0701,46171.6886,13159.830000000002,,35039.22000000001,48199.05,64.05730379520091,,49.72383781777881,64.05730379520084,1502.1999999999998,0.0,325.15000000000003,1502.1999999999998,7384.01,0.0,36346.84,7384.01,,,,,,,0.0,0.0,0.0,,,,,0.0,0.0,20543.839999999997,70467.65,0.0,,0.0,,0.0,,,,,,,,20543.839999999997,70467.65
520,RAJASTHAN,JAIPUR,,0.0,592.1169059077546,564.95,591.2229892827283,0.0,999466.0,34006.0,1033472.0,72672.0,1106144.0,0.0,65118.86,1762.52,66881.38,,,,,0.0,0.0,0.0,0.0,0.0,8392.830000000002,0.0,8392.830000000002,0.0,1126.02,0.0,1126.02,0.0,0.0,0.0,0.0,0.0,0.0,0.0,0.0,0.0,0.0,0.0,0.0,0.0,74637.70999999999,1762.52,76400.23,,,,,,,,,,,,0.0,,,,0.0,0.0,0.0,0.0,0.0,0.0,0.0,0.0,0.0,0.0,0.0,0.0,0.0,0.0,0.0,0.0,0.0,0.0,74637.70999999999,1762.52,76400.23,0.0,7153.53,176.26,7329.79,0.0,67484.18,1586.2600000000002,69070.44,,41267.099300809874,0.0,41267.099300809874,,1662.6283170833328,0.0,1662.6283170833328,,107436.26647875064,0.0,107436.26647875064,,150366.0,0.0,150366.0,,222.81666606899572,0.0,222.8166660689957,0.0,41267.090000000004,0.0,41267.090000000004,0.0,0.0,1586.26,0.0,,,,,,,0.0,0.0,0.0,,,,,0.0,0.0,67484.18000000001,1586.26,0.0,,0.0,,0.0,,,,,,,,67484.18000000001,1586.26
521,RAJASTHAN,JAISALMER,,0.0,194.05041841879762,210.1032973875224,205.01534486826583,0.0,1209004.0,2605496.0,3814500.0,0.0,3814500.0,0.0,9102.97,23333.35,32436.32,0.0,,20377.38,20377.38,0.0,0.0,0.0,0.0,0.0,1498.95,0.0,1498.95,,,,,,,,,0.0,0.0,0.0,0.0,0.0,0.0,0.0,0.0,0.0,10601.92,43710.729999999996,54312.65,,,,,,,,,,,,0.0,,,,0.0,0.0,0.0,0.0,0.0,0.0,0.0,0.0,0.0,0.0,0.0,0.0,0.0,0.0,0.0,0.0,0.0,0.0,10601.92,43710.729999999996,54312.65,0.0,1060.2,4371.08,5431.280000000001,0.0,9541.72,39339.65,48881.369999999995,,4143.2546,835.4569999999999,4978.7116,,5.84,0.0,5.84,,29979.0,3501.9,33480.9,,34128.1,4337.37,38465.46,,357.6724112633781,11.025441253290255,357.6723064604706,0.0,4143.26,835.46,4143.26,0.0,0.0,35002.270000000004,0.0,,,,,,,0.0,0.0,0.0,,,,,0.0,0.0,9541.72,39339.65,0.0,,0.0,,0.0,,,,,,,,9541.72,39339.65
522,RAJASTHAN,JALOR,,464.2,502.3190195708598,459.93465610374466,486.42355741045486,202500.0,620310.0,202343.0,1025153.0,38847.0,1064000.0,8136.57,31087.4,10648.8,49872.770000000004,502.69000000000005,,178.56,681.25,4007.91,0.0,1825.87,5833.78,1620.46,3155.33,534.54,5310.31,,,,,,,,,,,,,,,,,14267.630000000001,34242.73,13187.759999999998,61698.12000000001,,,,,,,,,,,,0.0,,,,0.0,,,,,,,,,,,,,,,,0.0,14267.630000000001,34242.73,13187.759999999998,61698.12000000001,1105.1799999999998,2462.9700000000003,1269.63,4837.780000000001,13162.45,31779.760000000002,11918.130000000001,56860.34,198.72000000000003,4243.115,171.36,4613.195,0.0,2.582,0.0,2.582,13290.54,62346.118749999994,2619.545,78256.20375,13489.26,66591.83,2790.91,82871.98999999999,102.48289642125896,209.5416390809748,23.417348191368944,178.1867869871108,198.72,4243.11,171.36,4441.83,471.5,0.0,9127.22,471.5,,,,,,,,,,,,,,0.0,0.0,44942.21000000001,11918.130000000001,0.0,,0.0,,0.0,,,,,,,,44942.21000000001,11918.130000000001
523,RAJASTHAN,JHALAWAR,,965.5576164930449,965.0858720418861,0.0,965.1106824512077,32062.0,577564.0,0.0,609626.0,24096.0,633722.0,2070.26,37805.3,0.0,39875.56,4.33,,,4.33,738.8100000000001,0.0,0.0,738.8100000000001,1588.2799999999997,11602.67,0.0,13190.95,0.0,1709.2299999999998,,1709.2299999999998,0.0,0.0,0.0,0.0,,,,,,,,,4401.68,51117.200000000004,0.0,55518.88,,,,,,,,,,,,0.0,,,,0.0,0.0,0.0,0.0,0.0,0.0,0.0,0.0,0.0,0.0,0.0,0.0,0.0,0.0,0.0,0.0,0.0,4401.68,51117.200000000004,0.0,55518.88,428.40999999999997,4933.46,0.0,5361.87,3973.27,46183.740000000005,0.0,50157.01000000001,997.2189384810529,3092.527290930526,,4089.7462294115785,0.0,0.41,,0.41,6353.123865,47239.13832745451,,53592.26219245451,7350.34,50332.090000000004,,57682.42,184.994727264948,108.98227384789539,,115.00370536441464,997.22,3092.52,0.0,4089.7400000000002,0.08,5321.150000000001,0.0,5321.2300000000005,,,,,,,0.0,0.0,0.0,,,,,0.0,0.0,50157.01,0.0,0.0,,0.0,,0.0,,,,,,,,50157.01,0.0
524,RAJASTHAN,JHUNJHUNU,,0.0,503.60548153190643,492.65000000000003,503.36217850474736,0.0,527369.0,11978.0,539347.0,49237.0,588584.0,0.0,22886.420000000002,472.08,23358.5,0.0,,0.0,0.0,0.0,0.0,0.0,0.0,0.0,1765.6200000000003,4.9,1770.5200000000004,0.0,0.0,0.0,0.0,0.0,0.0,0.0,0.0,,,,,,,,,0.0,24652.039999999997,476.98,25129.02,,,,,,,,,,,,0.0,,,,0.0,0.0,0.0,0.0,0.0,0.0,0.0,0.0,0.0,0.0,0.0,0.0,0.0,0.0,0.0,0.0,0.0,0.0,24652.039999999997,476.98,25129.02,0.0,2294.26,47.699999999999996,2341.96,0.0,22357.78,429.28000000000003,22787.060000000005,,13220.1826,62.83840000000001,13283.020999999999,,564.1575,0.0,564.1575,,35312.16,97.92000000000002,35410.08,,49096.490000000005,160.76,49257.25,,219.59465564112364,37.44875139768915,219.5946556411235,0.0,13220.170000000002,62.84,13220.170000000002,0.0,0.0,268.52,0.0,,,,,,,0.0,0.0,0.0,,,,,0.0,0.0,22357.78,429.28,0.0,,0.0,,0.0,,,,,,,,22357.78,429.28
525,RAJASTHAN,JODHPUR,,0.0,319.40045633579064,343.7308632438682,323.41180050491846,0.0,1853131.0,365841.0,2218972.0,6028.0,2225000.0,0.0,37260.34999999999,9188.689999999999,46449.04,0.0,,0.0,0.0,0.0,0.0,0.0,0.0,0.0,4041.7699999999995,21.71,4063.479999999999,0.0,59.59,0.0,59.59,0.0,0.0,0.0,0.0,,,,,,,,,0.0,41361.71,9210.4,50572.10999999999,,,,,,,,,,,,0.0,,,,0.0,,,,,,,,,,,,,,,,0.0,0.0,41361.71,9210.4,50572.10999999999,0.0,3833.08,921.03,4754.11,0.0,37528.63,8289.37,45817.99999999999,,15815.839999999997,220.84,16036.679999999997,,677.58,129.5,807.08,,80484.01499999998,298.14,80782.15499999998,,96977.43999999997,648.4799999999999,97625.92000000001,,258.4092198409587,7.823031183310672,258.4092198409589,0.0,15815.839999999997,220.84,15815.839999999997,0.0,267.33,7640.889999999999,267.33,,,,,,,0.0,0.0,0.0,,,,,0.0,0.0,37528.63,8289.37,0.0,,0.0,,0.0,,,,,,,,37528.63,8289.37
526,RAJASTHAN,KARAULI,,688.6133868613139,692.5564378428269,0.0,692.2588210648778,29455.0,360787.0,0.0,390242.0,177048.0,567290.0,2522.9300000000003,26082.57,0.0,28605.5,,,,,0.0,0.0,0.0,0.0,587.99,4620.42,0.0,5208.41,58.17,232.60000000000002,,290.77,,,,,,,,,,,,,3169.09,30935.59,0.0,34104.68,,,,,,,,,,,,0.0,,,,0.0,0.0,0.0,0.0,0.0,0.0,0.0,0.0,0.0,0.0,0.0,0.0,0.0,0.0,0.0,0.0,0.0,3169.09,30935.59,0.0,34104.68,316.92,2959.76,0.0,3276.68,2852.17,27975.83,0.0,30828.0,372.4203,4463.2281,,4835.648400000001,0.0,0.06999999999999999,,0.06999999999999999,5117.160876303805,39109.5,,44226.6608763038,5489.58,43572.8,,49062.37999999999,192.47029454766022,155.751589854528,,159.14876086674448,372.41999999999996,4463.24,0.0,4835.66,0.0,1806.94,0.0,1806.94,,,,,,,0.0,0.0,0.0,,,,,0.0,0.0,30828.0,0.0,0.0,,0.0,,0.0,,,,,,,,30828.0,0.0
527,RAJASTHAN,KOTA,,792.2574939887915,850.0360089067682,0.0,825.7868674863415,215015.0,297302.0,0.0,512317.0,8077.0,520394.0,13597.15,15272.789999999999,0.0,28869.940000000002,49.019999999999996,,,49.019999999999996,12448.760000000002,0.0,0.0,12448.760000000002,4615.28,5690.609999999999,0.0,10305.9,63.169999999999995,131.09,,194.26,0.0,0.0,0.0,0.0,0.0,0.0,0.0,0.0,0.0,0.0,0.0,0.0,30773.38,21094.489999999998,0.0,51867.869999999995,,,,,,,,,,,,0.0,,,,0.0,0.0,0.0,0.0,0.0,0.0,0.0,0.0,0.0,0.0,0.0,0.0,0.0,0.0,0.0,0.0,0.0,30773.38,21094.489999999998,0.0,51867.869999999995,3077.34,2109.44,0.0,5186.780000000001,27696.04,18985.050000000003,0.0,46681.09,4327.299999999999,4768.687,,9095.987000000001,0.0,180.92999999999998,,180.92999999999998,19572.65,22576.2,,42148.850000000006,23899.96,27525.820000000007,,51425.78,86.29378062712215,144.98681857566876,,110.16405143924446,4327.3099999999995,4768.6900000000005,0.0,9096.0,4581.4,0.0,0.0,4581.4,,,,,,,0.0,0.0,0.0,,,,,0.0,0.0,46681.09,0.0,0.0,,0.0,,0.0,,,,,,,,46681.09,0.0
528,RAJASTHAN,NAGAUR,,0.0,436.23675061754585,442.8322511448175,436.72610887863704,0.0,1640364.0,131462.0,1771826.0,0.0,1771826.0,0.0,59499.87999999999,5440.589999999999,64940.47,0.0,,0.0,0.0,0.0,0.0,0.0,0.0,0.0,4554.16,0.0,4554.16,0.0,0.0,0.0,0.0,0.0,0.0,0.0,0.0,,,,,,,,,0.0,64054.03999999999,5440.589999999999,69494.63,,,,,,,,,,,,0.0,,,,0.0,0.0,0.0,0.0,0.0,0.0,0.0,0.0,0.0,0.0,0.0,0.0,0.0,0.0,0.0,0.0,0.0,0.0,64054.03999999999,5440.589999999999,69494.63,0.0,6009.3899999999985,526.63,6536.04,0.0,58044.65000000001,4913.96,62958.610000000015,,14476.768000000002,630.4000000000001,15107.168000000001,,1147.65,9.6,1157.25,,91082.88025,2623.1575000000003,93706.03775,,106707.29000000001,3263.1499999999996,109970.44,,183.83656374876924,66.40570944818435,183.8365637487692,0.0,14476.770000000002,630.4000000000001,14476.770000000002,0.0,536.02,2080.0,536.02,,,,,,,0.0,0.0,0.0,,,,,0.0,0.0,58044.65000000001,4913.96,0.0,,0.0,,0.0,,,,,,,,58044.65000000001,4913.96
529,RAJASTHAN,PALI,,619.14,571.1436719004602,502.6745799896514,552.9545532389571,55040.0,681214.0,318885.0,1055139.0,180561.0,1235700.0,2501.47,26143.53,11038.82,39683.82,,,,,322.59,869.26,1292.63,2484.4799999999996,91.35,3890.0,241.01999999999998,4222.37,,,,,,240.092,,240.092,,,,,,,,,2916.0499999999997,31142.89,12572.47,46631.41,,,,,,,,,,,,0.0,,,,0.0,0.0,0.0,0.0,0.0,0.0,0.0,0.0,0.0,0.0,0.0,0.0,0.0,0.0,0.0,0.0,0.0,2916.0499999999997,31142.89,12572.47,46631.41,291.61,2939.4100000000003,1257.2600000000002,4488.27,2624.44,28203.479999999996,11315.210000000001,42143.130000000005,106.50099999999999,4530.71601,249.13649999999998,4886.35351,0.07,17.509999999999998,0.37,17.95,1015.0,43042.09,3559.14,47616.229999999996,1121.57,47590.32,3808.6600000000003,52520.54000000001,42.73559311700782,168.73917686753552,33.659649268550915,158.01221749634746,106.5,4530.7300000000005,249.13,4637.2300000000005,1502.87,483.84000000000003,8084.91,1986.71,,,,,,,0.0,0.0,0.0,,,,,0.0,0.0,30827.920000000002,11315.210000000001,0.0,,0.0,,0.0,,,,,,,,30827.920000000002,11315.210000000001
530,RAJASTHAN,PRATAPGARH,,891.91,1043.2551630274163,0.0,1025.5578141194894,34500.0,260539.0,0.0,295039.0,140941.0,435980.0,932.7,14506.789999999999,0.0,15439.489999999998,205.65,,0.0,205.65,42.08,1202.79,0.0,1244.87,204.22,5041.700000000001,0.0,5245.920000000001,0.0,855.9700000000001,0.0,855.9700000000001,,,,,,,,,,,,,1384.65,21607.239999999998,0.0,22991.89,,,,,,,,,,,,0.0,,,,0.0,,,,,,,,,,,,,,,,0.0,1384.65,21607.239999999998,0.0,22991.89,138.45999999999998,2160.73,0.0,2299.19,1246.19,19446.51,0.0,20692.7,135.14000000000001,488.82093,,623.96093,0.0,19.0,,19.0,1085.8500000000001,25256.732460000003,,26342.58246,1220.99,25764.56,,26985.550000000003,97.97783644548583,132.48937727129447,,130.41096618614293,135.14,488.82000000000005,0.0,623.96,25.2,929.45,0.0,954.6500000000001,,,,,,,,,,,,,,0.0,0.0,20692.699999999997,0.0,0.0,,0.0,,0.0,,,,,,,,20692.699999999997,0.0
531,RAJASTHAN,RAJSAMAND,,641.5790989870728,641.661213921255,0.0,641.6552447348325,25734.0,328275.0,0.0,354009.0,109537.0,463546.0,500.13,8290.93,0.0,8791.060000000001,0.0,,0.0,0.0,133.42000000000002,390.96999999999997,0.0,524.39,159.26,1009.82,0.0,1169.0800000000002,740.98,600.19,0.0,1341.17,,,,,,,,,,,,,1533.79,10291.91,0.0,11825.699999999999,,,,,,,,,0.0,0.0,0.0,0.0,,,,0.0,0.0,0.0,0.0,0.0,0.0,0.0,0.0,0.0,0.0,0.0,0.0,0.0,0.0,0.0,0.0,0.0,1533.79,10291.91,0.0,11825.699999999999,153.38,1029.2,0.0,1182.5800000000002,1380.4099999999999,9262.71,0.0,10643.119999999999,241.45881428571428,2272.639342826375,,2514.098157112089,0.0,391.642,,391.642,900.060000253,9513.122214949608,,10413.182215202609,1141.52,12177.410000000002,,13318.93,82.69427199165466,131.46703286619146,,125.1412179887101,241.45,2272.63,0.0,2514.08,347.69,240.73999999999998,0.0,588.43,,,,,,,0.0,0.0,0.0,,,,,0.0,0.0,10643.119999999999,0.0,0.0,,0.0,,0.0,,,,,,,,10643.119999999999,0.0
532,RAJASTHAN,SAWAI MADHOPUR,,669.4327341676898,776.5496160082855,0.0,764.0529351738478,50498.0,382352.0,0.0,432850.0,69215.0,502065.0,3807.62,28116.010000000002,0.0,31923.63,,,,,0.0,0.0,0.0,0.0,1974.62,9301.69,0.0,11276.31,255.37,1069.38,,1324.7500000000002,,,,,,,,,,,,,6037.610000000001,38487.08,0.0,44524.69,,,,,,,,,,,,0.0,,,,0.0,0.0,0.0,0.0,0.0,0.0,0.0,0.0,0.0,0.0,0.0,0.0,0.0,0.0,0.0,0.0,0.0,6037.610000000001,38487.08,0.0,44524.69,497.03000000000003,3251.7299999999996,0.0,3748.7599999999998,5540.580000000001,35235.35,0.0,40775.93000000001,1287.0400000000002,6276.360000000001,,7563.4,0.0002,0.217624,,0.21782400000000002,7898.443000000001,49488.947693530565,,57387.390693530564,9185.49,55765.53999999999,,64951.03,165.78571196517328,158.26588922772157,,159.28767289918338,1287.04,6276.360000000001,0.0,7563.400000000001,0.0,0.0,0.0,0.0,,,,,,,0.0,0.0,0.0,,,,,0.0,0.0,40775.93,0.0,0.0,,0.0,,0.0,,,,,,,,40775.93,0.0
533,RAJASTHAN,SIKAR,,0.0,516.4070595005685,474.133117911406,515.8700246298722,0.0,726346.0,9346.0,735692.0,52393.0,788085.0,0.0,33572.54,380.90999999999997,33953.45,0.0,,0.0,0.0,0.0,0.0,0.0,0.0,0.0,2589.1,0.0,2589.1,0.0,1264.07,0.0,1264.07,,,,,,,,,,,,,0.0,37425.71000000001,380.90999999999997,37806.62,,,,,,,,,,,,0.0,,,,0.0,0.0,0.0,0.0,0.0,0.0,0.0,0.0,0.0,0.0,0.0,0.0,0.0,0.0,0.0,0.0,0.0,0.0,37425.71000000001,380.90999999999997,37806.62,0.0,3530.43,38.09,3568.51,0.0,33895.28,342.82,34238.1,,13792.762500644782,0.0,13792.762500644782,,221.33599999999998,0.0,221.33599999999998,,51781.85108378975,133.34363389705396,51915.194717686805,,65795.95999999999,133.34,65929.3,,194.1154048587296,38.89504696342104,194.11540485872962,0.0,13792.77,0.0,13792.77,0.0,879.35,209.48000000000002,879.35,,,,,,,0.0,0.0,0.0,,,,,0.0,0.0,33895.28,342.82,0.0,,0.0,,0.0,,,,,,,,33895.28,342.82
534,RAJASTHAN,SIROHI,,0.0,676.8444860024046,0.0,676.8444860024046,0.0,407570.0,0.0,407570.0,106030.0,513600.0,0.0,26307.47,0.0,26307.47,,,,,0.0,0.0,0.0,0.0,0.0,4487.9,0.0,4487.9,,,,,0.0,345.008,0.0,345.008,,,,,,,,,0.0,31140.370000000003,0.0,31140.370000000003,,,,,,,,,,,,0.0,,,,0.0,0.0,0.0,0.0,0.0,0.0,0.0,0.0,0.0,0.0,0.0,0.0,0.0,0.0,0.0,0.0,0.0,0.0,31140.370000000003,0.0,31140.370000000003,0.0,3114.05,0.0,3114.05,0.0,28026.32,0.0,28026.32,,1930.88,,1930.88,,340.77,,340.77,,30659.800000000003,,30659.800000000003,,32931.45,,32931.45,,117.50186967108061,,117.50186967108061,0.0,1930.88,0.0,1930.88,0.0,763.1,0.0,763.1,,,,,,,0.0,0.0,0.0,,,,,0.0,0.0,28026.32,0.0,0.0,,0.0,,0.0,,,,,,,,28026.32,0.0
535,RAJASTHAN,TONK,,654.6861466357277,637.9634724348825,640.0268248587571,642.0783334740094,141089.0,417585.0,29500.0,588174.0,131832.0,720006.0,8340.57,20843.69,0.0,29184.26,114.57000000000001,,,114.57000000000001,2321.55,1234.19,0.0,3555.7400000000002,1704.1799999999998,5705.879999999999,0.0,7410.0599999999995,1099.56,2828.2799999999997,0.0,3927.84,,,,,,,,,,,,,13672.27,30612.040000000005,0.0,44284.31,,,,,,,,,,,,0.0,,,,0.0,0.0,0.0,0.0,0.0,0.0,0.0,0.0,0.0,0.0,0.0,0.0,0.0,0.0,0.0,0.0,0.0,13672.27,30612.040000000005,0.0,44284.31,1361.84,2835.67,0.0,4197.51,12310.43,27776.370000000003,0.0,40086.799999999996,5350.751720532092,5560.8095512643395,0.0,10911.561271796432,9.0,27.0,0.0,36.0,6816.694260611089,23396.37492682079,83.01299692858971,30296.082184360464,12176.439999999999,28984.159999999996,83.02,41243.62,98.91157335690141,104.34826437003825,0.0,102.67868724867041,5350.75,5560.820000000001,0.0,10911.57,506.16,2517.97,0.0,3024.1299999999997,,,,,,,0.0,0.0,0.0,,,,,0.0,0.0,40086.8,0.0,0.0,,0.0,,0.0,,,,,,,,40086.8,0.0
536,RAJASTHAN,UDAIPUR,,728.7171379775539,729.4458354513763,0.0,729.3804967494198,69678.0,707414.0,0.0,777092.0,398968.0,1176060.0,1944.3400000000001,19596.7,0.0,21541.040000000005,745.5100000000001,,0.0,765.4500000000002,587.46,1245.34,0.0,1832.7999999999997,683.3,5395.1,0.0,6078.39,342.53999999999996,1620.03,0.0,1962.5700000000002,0.0,0.0,0.0,0.0,0.0,25.7325,0.0,25.7325,0.0,413.0,0.0,413.0,4323.09,28295.89,0.0,32618.98,,,,,,,,,,,,0.0,,,,0.0,,,,,,,,,,,,,,,,0.0,4323.09,28295.89,0.0,32618.98,401.07,2829.59,0.0,3230.659999999999,3922.0199999999995,25466.3,0.0,29388.319999999996,346.016,3451.1375000000003,,3797.1535000000003,100.844,1958.947,,2059.7909999999997,2733.2,21580.407499999998,,24313.607499999995,3180.09,26990.49,,30170.559999999998,81.0829623510334,105.98512544028776,,102.66173772437486,346.02,3451.15,0.0,3797.1699999999996,853.4300000000001,676.13,0.0,1529.56,,,,,,,,,,,,,,0.0,0.0,29388.319999999996,0.0,0.0,,0.0,,0.0,,,,,,,,29388.319999999996,0.0
537,SIKKIM,Gangtok,,0.0,2756.4,0.0,2756.4,0.0,35500.0,0.0,35500.0,31697.0,67197.0,0.0,6676.200000000001,0.0,6676.200000000001,,,,,0.0,0.0,0.0,0.0,0.0,136.85,0.0,136.85,,3.3099999999999996,,3.3099999999999996,,0.304,,0.304,,,,,,,,,0.0,6816.66,0.0,6816.66,,,,,,,,,,,,0.0,,,,0.0,,,,,,,,,,,,,,,,0.0,0.0,6816.66,0.0,6816.66,0.0,681.69,0.0,681.69,0.0,6134.97,0.0,6134.97,,116.98414249999999,,116.98414249999999,,6.08225,,6.08225,,285.09999999999997,,285.09999999999997,,408.16999999999996,,408.16999999999996,,6.653170268151269,,6.653170268151269,0.0,121.38000000000001,0.0,121.38000000000001,0.0,5722.410000000001,0.0,5722.410000000001,,,,,,,0.0,0.0,0.00573775680006,,,,,0.0,0.0,6134.97,0.0,0.0,,0.0,,0.0,,,,,,,,6134.97,0.0
538,SIKKIM,Gyalsingh,,0.0,2041.7,0.0,2041.7,0.0,30200.000000000007,0.0,30200.000000000007,58995.0,89195.0,0.0,3686.95,0.0,3686.95,,,,,0.0,0.0,0.0,0.0,0.0,102.30000000000001,0.0,102.30000000000001,,2.32,,2.32,,,,,,,,,,,,,0.0,3791.5699999999997,0.0,3791.5699999999997,,,,,,,,,,,,0.0,,,,0.0,,,,,,,,,,,,,,,,0.0,0.0,3791.5699999999997,0.0,3791.5699999999997,0.0,379.15,0.0,379.15,0.0,3412.42,0.0,3412.42,,31.201112499999994,,31.201112499999994,,0.0,,0.0,,206.1,,206.1,,237.31,,237.31,,6.954302225400156,,6.954302225400156,0.0,31.93,0.0,31.93,0.0,3174.38,0.0,3174.38,,,,,,,0.0,0.0,0.003936191999988,,,,,0.0,0.0,3412.42,0.0,0.0,,0.0,,0.0,,,,,,,,3412.42,0.0
539,SIKKIM,Mangan,,0.0,2738.8,0.0,2738.8,0.0,20000.0,0.0,20000.0,403642.0,423642.0,0.0,3666.92,0.0,3666.92,,,,,0.0,0.0,0.0,0.0,0.0,40.96,0.0,40.96,,8.709999999999999,,8.709999999999999,,,,,,,,,,,,,0.0,3716.59,0.0,3716.59,,,,,,,,,,,,0.0,,,,0.0,,,,,,,,,,,,,,,,0.0,0.0,3716.59,0.0,3716.59,0.0,371.65,0.0,371.65,0.0,3344.94,0.0,3344.94,,21.258694999999996,,21.258694999999996,,0.0,,0.0,,83.60000000000001,,83.60000000000001,,104.86,,104.86,,3.134884332753353,,3.134884332753353,0.0,21.57,0.0,21.57,0.0,3239.77,0.0,3239.77,,,,,,,0.0,0.0,0.003187551351158515,,,,,0.0,0.0,3344.9400000000005,0.0,0.0,,0.0,,0.0,,,,,,,,3344.9400000000005,0.0
540,SIKKIM,Namchi,,0.0,2203.5,0.0,2203.5,0.0,28000.0,0.0,28000.0,45130.0,73130.0,0.0,3478.3199999999997,0.0,3478.3199999999997,,,,,0.0,0.0,0.0,0.0,0.0,66.88,0.0,66.88,,0.76,,0.76,,,,,,,,,,,,,0.0,3545.96,0.0,3545.96,,,,,,,,,,,,0.0,,,,0.0,,,,,,,,,,,,,,,,0.0,0.0,3545.96,0.0,3545.96,0.0,354.58,0.0,354.58,0.0,3191.38,0.0,3191.38,,60.6018625,,60.6018625,,16.189999999999998,,16.189999999999998,,136.45000000000002,,136.45000000000002,,213.28,,213.28,,6.683002337546766,,6.683002337546766,0.0,62.19,0.0,62.19,0.0,2976.51,0.0,2976.51,,,,,,,0.0,0.0,0.005173064640431999,,,,,0.0,0.0,3191.38,0.0,0.0,,0.0,,0.0,,,,,,,,3191.38,0.0
541,SIKKIM,Pakyong,,0.0,2756.4,0.0,2756.4,0.0,26100.0,0.0,26100.0,2356.0,28456.0,0.0,4964.389999999999,0.0,4964.389999999999,,,,,0.0,0.0,0.0,0.0,0.0,57.89999999999999,0.0,57.89999999999999,,0.52,,0.52,,,,,,,,,,,,,0.0,5022.8099999999995,0.0,5022.8099999999995,,,,,,,,,,,,0.0,,,,0.0,,,,,,,,,,,,,,,,0.0,0.0,5022.8099999999995,0.0,5022.8099999999995,0.0,502.28000000000003,0.0,502.28000000000003,0.0,4520.53,0.0,4520.53,,37.84977,,37.84977,,61.20205,,61.20205,,120.6,,120.6,,219.65,,219.65,,4.858943530957654,,4.858943530957654,0.0,39.27,0.0,39.27,0.0,4299.450000000001,0.0,4299.450000000001,,,,,,,0.0,0.0,0.00573775680006,,,,,0.0,0.0,4520.53,0.0,0.0,,0.0,,0.0,,,,,,,,4520.53,0.0
542,SIKKIM,Soreng,,0.0,2041.7,0.0,2041.7,0.0,9800.0,0.0,9800.0,19188.0,28988.0,0.0,1239.6000000000001,0.0,1239.6000000000001,,,,,0.0,0.0,0.0,0.0,0.0,30.66,0.0,30.66,,0.71,,0.71,,,,,,,,,,,,,0.0,1270.97,0.0,1270.97,,,,,,,,,,,,0.0,,,,0.0,,,,,,,,,,,,,,,,0.0,0.0,1270.97,0.0,1270.97,0.0,127.10000000000001,0.0,127.10000000000001,0.0,1143.8700000000001,0.0,1143.8700000000001,,27.086102499999996,,27.086102499999996,,0.0,,0.0,,62.7,,62.7,,89.8,,89.8,,7.850542456747707,,7.850542456747707,0.0,27.72,0.0,27.72,0.0,1053.44,0.0,1053.44,,,,,,,0.0,0.0,0.003936191999987999,,,,,0.0,0.0,1143.8700000000001,0.0,0.0,,0.0,,0.0,,,,,,,,1143.8700000000001,0.0
543,TAMILNADU,ARIYALUR,,0.0,956.9732747011358,0.0,956.9732747011358,0.0,192658.65000000002,0.0,192658.65000000002,739.49,193398.14,0.0,17739.530000000002,0.0,17739.530000000002,9666.57,,0.0,9666.57,0.0,3492.3999999999996,0.0,3492.3999999999996,0.0,6341.16,0.0,6341.16,0.0,481.5899999999999,0.0,481.5899999999999,0.0,0.0,0.0,0.0,,,,,,,,,9666.57,28054.68,0.0,37721.25,,,,,,,,,,,,0.0,,,,0.0,,,,,,,,,,,,,,,,0.0,9666.57,28054.68,0.0,37721.25,966.6600000000001,2414.81,0.0,3381.47,8699.91,25639.870000000003,0.0,34339.78,,1219.855783675,,1219.855783675,,53.34,,53.34,,16653.4,,16653.4,,17926.61,,17926.61,,69.91693015604213,,52.20362506690491,0.0,1326.88,0.0,1326.88,8699.91,7775.179999999999,0.0,16475.09,,,,,,,,,,,,,,0.0,0.0,34339.78,0.0,0.0,,0.0,,0.0,,,,,,,,34339.78,0.0
544,TAMILNADU,CHENGALPATTU,,0.0,1185.0136510287655,0.0,1185.0136510287655,0.0,242414.87999999995,0.0,242414.87999999995,20175.27,262590.14999999997,0.0,18801.64,0.0,18801.64,82.63,,,82.63,0.0,31270.000000000004,0.0,31270.000000000004,0.0,9297.87,0.0,9297.87,0.0,3211.2799999999997,0.0,3211.2799999999997,0.0,124.50999999999999,0.0,124.50999999999999,,,,,,,,,82.63,62705.35,0.0,62787.979999999996,,,,,,,,,,,,0.0,,,,0.0,,,,,,,,,,,,,,,,0.0,82.63,62705.35,0.0,62787.979999999996,8.27,6195.859999999999,0.0,6204.120000000001,74.35999999999999,56509.490000000005,0.0,56583.85,,781.8141845000001,,781.8141845000001,,322.95,,322.95,,37533.39744,,37533.39744,,38638.2,,38638.2,,68.37471015930244,,68.28485513092517,0.0,1459.2499999999998,0.0,1459.2499999999998,74.35999999999999,17274.39,0.0,17348.75,,,,,,,,,,,,,,0.0,0.0,56583.850000000006,0.0,0.0,,0.0,,0.0,,,,,,,,56583.850000000006,0.0
545,TAMILNADU,CHENNAI,,0.0,1321.911175091026,0.0,1321.911175091026,0.0,44628.481400000004,0.0,44628.481400000004,0.0,44628.481400000004,0.0,8083.42,0.0,8083.42,137.62,,0.0,137.62,0.0,24.41,0.0,24.41,0.0,46.089999999999996,0.0,46.089999999999996,0.0,262.45000000000005,0.0,262.45000000000005,0.0,1663.898,0.0,1663.898,,,,,,,,,137.62,10080.27,0.0,10217.89,,,,,,,,,,,,0.0,,,,0.0,,,,,,,,,,,,,,,,0.0,137.62,10080.27,0.0,10217.89,13.77,907.6,0.0,921.3600000000001,123.85,9172.670000000002,0.0,9296.520000000002,,10296.865307500002,,10296.865307500002,,1137.2,,1137.2,,175.9,,175.9,,11609.989999999998,,11609.989999999998,,126.57154350914179,,124.88533343659773,0.0,10458.56,0.0,10458.56,123.85,711.3,0.0,835.15,,,,,,,,,,,,,,0.0,0.0,9296.520000000002,0.0,0.0,,0.0,,0.0,,,,,,,,9296.520000000002,0.0
546,TAMILNADU,COIMBATORE,,1029.6820573462892,954.7793243447668,0.0,960.9890225035142,29882.630999999998,330568.179,0.0,360450.81,6647.13,367097.94,1920.38,22302.73,0.0,24223.11,13042.589999999998,,,13042.589999999998,2111.52,1089.14,0.0,3200.66,0.0,15783.830000000002,0.0,15783.830000000002,137.38,0.08,0.0,137.46,3917.45,78.768,0.0,3996.218,,,,,,,,,21129.35,39254.54,0.0,60383.89,,,,,,,,,,,,0.0,,,,0.0,,,,,,,,,,,,,,,,0.0,21129.35,39254.54,0.0,60383.89,2112.9500000000003,3849.0200000000004,0.0,5961.969999999999,19016.399999999998,35405.520000000004,0.0,54421.91999999999,0.0,1647.6050705,,1647.6050705,0.0,404.57000000000005,,404.57000000000005,0.0,45128.28999999999,,45128.28999999999,0.0,47180.45999999999,,47180.45999999999,0.0,133.25735648000648,,86.6938542410852,0.0,5832.9800000000005,0.0,5832.9800000000005,19016.399999999998,3152.01,0.0,22168.409999999996,,,,,,,,,,,,,,138998.72999999998,0.0,193420.64999999997,0.0,0.0,,0.0,,0.0,,,,,,,,193420.64999999997,0.0
547,TAMILNADU,CUDDALORE,,0.0,1262.9252722951553,0.0,1262.9252722951553,0.0,363673.1525,0.0,363673.1525,1000.8475000000008,364674.00000000006,0.0,57521.960000000014,0.0,57521.960000000014,0.0,,0.0,0.0,0.0,31088.75,0.0,31088.75,0.0,14516.59,0.0,14516.59,0.0,2798.3199999999997,0.0,2798.3199999999997,0.0,5899.282000000001,0.0,5899.282000000001,,,,,,,,,0.0,111824.88,0.0,111824.88,,,,,,,,,,,,0.0,,,,0.0,,,,,,,,,,,,,,,,0.0,0.0,111824.88,0.0,111824.88,0.0,10884.23,0.0,10884.23,0.0,100940.65,0.0,100940.65,,1594.0196205,,1594.0196205,,80.29299999999999,,80.29299999999999,,63909.118,,63909.118,,65583.43999999999,,65583.43999999999,,64.97227826450492,,64.97227826450492,0.0,3360.2700000000004,0.0,3360.2700000000004,0.0,41022.47,0.0,41022.47,,,,,,,,,,,,,,0.0,0.0,100940.65,0.0,0.0,,0.0,,0.0,,,,,,,,100940.65,0.0
548,TAMILNADU,DHARMAPURI,,0.0,868.7838762610146,0.0,868.7838762610146,0.0,285599.885,0.0,285599.885,57398.979999999996,342998.86500000005,0.0,24282.390000000003,0.0,24282.390000000003,150.15,,,150.15,0.0,0.0,0.0,0.0,0.0,16123.0,0.0,16123.0,0.0,312.78000000000003,0.0,312.78000000000003,0.0,6942.66,0.0,6942.66,,,,,,,,,150.15,47660.82,0.0,47810.969999999994,,,,,,,,,,,,0.0,,,,0.0,,,,,,,,,,,,,,,,0.0,150.15,47660.82,0.0,47810.969999999994,15.030000000000001,4766.099999999999,0.0,4781.12,135.12,42894.72000000001,0.0,43029.84,,736.590608875,,736.590608875,,30.8,,30.8,,40307.49,,40307.49,,41074.89,,41074.89,,95.75744986795576,,95.45675745017877,0.0,1522.3500000000001,0.0,1522.3500000000001,135.12,5480.35,0.0,5615.47,,,,,,,,,,,,,,0.0,0.0,43029.84000000001,0.0,0.0,,0.0,,0.0,,,,,,,,43029.84000000001,0.0
549,TAMILNADU,DINDIGUL,,0.0,934.6951200926064,0.0,934.6951200926064,0.0,487741.1000000001,0.0,487741.1000000001,138923.05,626664.15,0.0,27301.41,0.0,27301.41,5832.49,,,5832.49,0.0,4228.44,0.0,4228.44,0.0,21045.68,0.0,21045.68,0.0,497.77,0.0,497.77,0.0,3260.3179999999998,0.0,3260.3179999999998,,,,,,,,,5832.49,56333.68,0.0,62166.16999999999,,,,,,,,,,,,0.0,,,,0.0,,,,,,,,,,,,,,,,0.0,5832.49,56333.68,0.0,62166.16999999999,583.26,5495.21,0.0,6078.47,5249.2300000000005,50838.47000000001,0.0,56087.7,,1694.7735564999998,,1694.7735564999998,,349.6,,349.6,,60130.573,,60130.573,,62174.950000000004,,62174.950000000004,,122.29901883357228,,110.85309256753264,0.0,4055.24,0.0,4055.24,5249.2300000000005,4860.32,0.0,10109.55,,,,,,,,,,,,,,0.0,0.0,56087.70000000001,0.0,0.0,,0.0,,0.0,,,,,,,,56087.70000000001,0.0
550,TAMILNADU,ERODE,,0.0,716.9194571166054,0.0,716.9194571166054,0.0,346340.12000000005,0.0,346340.12000000005,1425.0,347765.12000000005,0.0,17671.890000000003,0.0,17671.890000000003,,,0.0,0.0,0.0,35094.770000000004,0.0,35094.770000000004,0.0,18473.38,0.0,18473.38,0.0,538.88,0.0,538.88,0.0,1826.886,0.0,1826.886,,,,,,,,,0.0,73605.86,0.0,73605.86,,,,,,,,,,,,0.0,,,,0.0,,,,,,,,,,,,,,,,0.0,0.0,73605.86,0.0,73605.86,0.0,7236.179999999999,0.0,7236.179999999999,0.0,66369.68000000001,0.0,66369.68000000001,,931.9614986,,931.9614986,,411.9119999999999,,411.9119999999999,,52781.09,,52781.09,,54124.990000000005,,54124.990000000005,,81.55077740317567,,81.55077740317567,0.0,18347.45,0.0,18347.45,0.0,12329.27,0.0,12329.27,,,,,,,,,,,,,,0.0,0.0,66369.68000000001,0.0,0.0,,0.0,,0.0,,,,,,,,66369.68000000001,0.0
551,TAMILNADU,KALLAKURICHCHI,,0.0,1111.814314161314,0.0,1111.814314161314,0.0,257922.99625000003,0.0,257922.99625000003,57622.310000000005,315545.30624999997,0.0,27997.62,0.0,27997.62,1150.72,,,1150.72,0.0,9800.859999999999,0.0,9800.859999999999,0.0,18018.1,0.0,18018.1,0.0,1292.2399999999998,0.0,1292.2399999999998,0.0,8872.0,0.0,8872.0,,,,,,,,,1150.72,65980.82,0.0,67131.54,,,,,,,,,,,,0.0,,,,0.0,,,,,,,,,,,,,,,,0.0,1150.72,65980.82,0.0,67131.54,115.08999999999999,5982.030000000001,0.0,6097.120000000001,1035.63,59998.79,0.0,61034.42,,676.852266375,,676.852266375,,20.4,,20.4,,50210.553,,50210.553,,50907.82000000001,,50907.82000000001,,84.84807776956836,,83.40837841991456,0.0,1542.74,0.0,1542.74,1035.63,11439.15,0.0,12474.779999999999,,,,,,,,,,,,,,0.0,0.0,61034.42,0.0,0.0,,0.0,,0.0,,,,,,,,61034.42,0.0
552,TAMILNADU,KANCHEEPURAM,,0.0,1267.8443760160733,0.0,1267.8443760160733,0.0,166794.04,0.0,166794.04,3685.0,170479.03999999998,0.0,16343.899999999998,0.0,16343.899999999998,51.040000000000006,,,51.040000000000006,0.0,21834.79,0.0,21834.79,0.0,6140.2699999999995,0.0,6140.2699999999995,0.0,3443.62,0.0,3443.62,0.0,10106.896,0.0,10106.896,,,,,,,,,51.040000000000006,57869.47,0.0,57920.51000000001,,,,,,,,,,,,0.0,,,,0.0,,,,,,,,,,,,,,,,0.0,51.040000000000006,57869.47,0.0,57920.51000000001,5.12,5660.299999999999,0.0,5665.410000000001,45.92,52209.17,0.0,52255.090000000004,,318.50159755000004,,318.50159755000004,,668.03,,668.03,,24849.299999999996,,24849.299999999996,,25835.83,,25835.83,,49.48523410734168,,49.441748162714866,0.0,929.45,0.0,929.45,45.92,25890.440000000002,0.0,25936.36,,,,,,,,,,,,,,0.0,0.0,52255.09,0.0,0.0,,0.0,,0.0,,,,,,,,52255.09,0.0
553,TAMILNADU,KANNIYAKUMARI,,0.0,1260.5914533198602,0.0,1260.5914533198602,0.0,113044.97,0.0,113044.97,4772.030000000001,117817.0,0.0,8789.0,0.0,8789.0,11766.24,,0.0,11766.24,0.0,10737.369999999999,0.0,10737.369999999999,0.0,960.4200000000001,0.0,960.4200000000001,0.0,680.47,0.0,680.47,0.0,0.0,0.0,0.0,,,,,,,,,11766.24,21167.29,0.0,32933.53,,,,,,,,,,,,0.0,,,,0.0,,,,,,,,,,,,,,,,0.0,11766.24,21167.29,0.0,32933.53,1176.63,2116.72,0.0,3293.35,10589.61,19050.57,0.0,29640.180000000008,,1032.848905,,1032.848905,,106.7537625,,106.7537625,,3801.0,,3801.0,,4940.63,,4940.63,,25.934289630179048,,16.668690945871447,0.0,1201.76,0.0,1201.76,10589.61,14092.08,0.0,24681.690000000002,,,,,,,,,,,,,,0.0,0.0,29640.18,0.0,0.0,,0.0,,0.0,,,,,,,,29640.18,0.0
554,TAMILNADU,KARUR,,0.0,648.7941706186325,0.0,648.7941706186324,0.0,283369.52,0.0,283369.52,6187.115,289556.635,0.0,13382.390000000001,0.0,13382.390000000001,6737.95,,,6737.95,0.0,4909.31,0.0,4909.31,0.0,8567.71,0.0,8567.71,0.0,418.62,0.0,418.62,0.0,0.0,0.0,0.0,,,,,,,,,6737.95,27278.039999999997,0.0,34015.99,,,,,,,,,,,,0.0,,,,0.0,,,,,,,,,,,,,,,,0.0,6737.95,27278.039999999997,0.0,34015.99,673.8,2547.0199999999995,0.0,3220.8199999999997,6064.15,24731.019999999997,0.0,30795.17,,463.61046035000004,,463.61046035000004,,329.761540913007,,329.761540913007,,29038.260000000002,,29038.260000000002,,29831.629999999997,,29831.629999999997,,120.62434141414305,,96.87113271334434,0.0,1102.41,0.0,1102.41,6064.15,1599.4299999999998,0.0,7663.58,,,,,,,,,,,,,,0.0,0.0,30795.17,0.0,0.0,,0.0,,0.0,,,,,,,,30795.17,0.0
555,TAMILNADU,KRISHNAGIRI,,0.0,792.9798626246802,0.0,792.9798626246802,0.0,310361.425,0.0,310361.425,97194.87499999999,407556.30000000005,0.0,19715.62,0.0,19715.62,99.87,,,99.87,0.0,5597.82,0.0,5597.82,0.0,16475.260000000002,0.0,16475.260000000002,0.0,21.73,0.0,21.73,0.0,6492.53,0.0,6492.53,,,,,,,,,99.87,48302.95,0.0,48402.82000000001,,,,,,,,,,,,0.0,,,,0.0,,,,,,,,,,,,,,,,0.0,99.87,48302.95,0.0,48402.82000000001,9.989999999999998,4506.55,0.0,4516.53,89.88000000000001,43796.4,0.0,43886.28,,527.3933475,,527.3933475,,574.55,,574.55,,40979.08,,40979.08,,42081.02,,42081.02,,96.08328538418682,,95.8865048484401,0.0,1748.36,0.0,1748.36,89.88000000000001,5600.849999999999,0.0,5690.73,,,,,,,,,,,,,,4633211.1,0.0,4677097.379999999,0.0,0.0,,0.0,,0.0,,,,,,,,4677097.379999999,0.0
556,TAMILNADU,MADURAI,,0.0,852.2824285540589,0.0,852.2824285540589,0.0,325646.735,0.0,325646.735,36021.25,361667.98500000004,0.0,25645.2,0.0,25645.2,9420.9,,,9420.9,0.0,14467.22,0.0,14467.22,0.0,16945.26,0.0,16945.26,0.0,3276.629999999999,0.0,3276.629999999999,0.0,11157.692000000001,0.0,11157.692000000001,,,,,,,,,9420.9,71492.0,0.0,78705.70000000001,,,,,,,,,,,,0.0,,,,0.0,,,,,,,,,,,,,,,,0.0,9420.9,71492.0,0.0,78705.70000000001,721.3799999999999,6824.779999999999,0.0,7546.149999999999,8699.519999999999,64667.22,0.0,73366.73999999999,,4706.206767900001,,4706.206767900001,,3634.3499999999995,,3634.3499999999995,,40779.149999999994,,40779.149999999994,,49119.7,,49119.7,,75.95764902217846,,66.95090990822273,0.0,6197.550000000001,0.0,6197.550000000001,8699.519999999999,17042.39,0.0,25741.909999999996,,,,,,,,,,,,,,0.0,0.0,73366.74,0.0,0.0,,0.0,,0.0,,,,,,,,73366.74,0.0
557,TAMILNADU,MAYILADUTHURAI,,0.0,1427.614982654568,0.0,1317.92599140965,0.0,107323.645,8932.385,116256.03000000001,1102.21,117358.24,0.0,7102.8,0.0,7102.8,116.08999999999997,,0.0,116.08999999999997,0.0,27676.190000000002,588.59,28264.780000000002,0.0,4244.18,51.29,4295.47,0.0,17.72,0.0,17.72,0.0,328.34,0.0,328.34,,,,,,,,,116.08999999999997,39369.25,639.88,40125.22,,,,,,,,,,,,0.0,,,,0.0,,,,,,,,,,,,,,,,0.0,116.08999999999997,39369.25,639.88,40125.22,11.600000000000001,3936.9399999999996,63.99,4012.53,104.49000000000001,35432.31,575.89,36112.689999999995,,1355.6616589999999,0.0,1355.6616589999999,,0.0,0.0,0.0,,42550.879499999995,7206.6415000000015,49757.52099999999,,43906.56999999999,7206.64,51113.20999999999,,123.91675846141557,1251.3917588428346,123.55240201706398,0.0,2989.4100000000003,0.0,2989.4100000000003,104.49000000000001,2561.67,0.0,2666.16,,,,,,,,,,,,,,0.0,0.0,35536.799999999996,575.89,0.0,,0.0,,0.0,,,,,,,,35536.799999999996,575.89
558,TAMILNADU,NAGAPATTINAM,,0.0,0.0,0.0,0.0,0.0,0.0,153843.69,153843.69,0.0,153843.69,0.0,0.0,0.0,0.0,,,0.0,0.0,0.0,0.0,0.0,0.0,0.0,0.0,0.0,0.0,0.0,0.0,0.0,0.0,0.0,0.0,0.0,0.0,,,,,,,,,0.0,0.0,0.0,0.0,,,,,,,,,,,,0.0,,,,0.0,,,,,,,,,,,,,,,,0.0,0.0,0.0,0.0,0.0,0.0,0.0,0.0,0.0,0.0,0.0,0.0,0.0,,,0.0,0.0,,,0.0,0.0,,,0.0,0.0,,,0.0,0.0,,,0.0,0.0,0.0,0.0,0.0,0.0,0.0,0.0,0.0,0.0,,,,,,,,,,,,,,0.0,0.0,0.0,0.0,0.0,,0.0,,0.0,,,,,,,,0.0,0.0
559,TAMILNADU,NAMAKKAL,,0.0,747.2290228620261,0.0,747.2290228620261,0.0,292810.44000000006,0.0,292810.44000000006,1401.3899999999999,294211.83,0.0,26321.67,0.0,26321.67,7512.09,,0.0,7512.09,0.0,6322.66,0.0,6322.66,0.0,19137.46,0.0,19137.46,0.0,486.84000000000003,0.0,486.84000000000003,0.0,0.0,0.0,0.0,,,,,,,,,7512.09,52268.62999999999,0.0,59780.72,0.0,0.0,0.0,0.0,,,,,0.0,0.0,0.0,0.0,0.0,0.0,0.0,0.0,0.0,0.0,0.0,0.0,0.0,0.0,0.0,0.0,0.0,0.0,0.0,0.0,0.0,0.0,0.0,0.0,7512.09,52268.62999999999,0.0,59780.72,751.19,4812.52,0.0,5563.71,6760.900000000001,47456.10999999999,0.0,54217.009999999995,,5718.7375685,,5718.7375685,,84.80000000000001,,84.80000000000001,,55115.149999999994,,55115.149999999994,,60918.670000000006,,60918.670000000006,,128.368444021223,,112.36080706036724,0.0,6186.030000000001,0.0,6186.030000000001,6760.900000000001,3205.54,0.0,9966.44,,,,,,,0.0,0.0,0.0,,,,,0.0,0.0,54217.01,0.0,0.0,,0.0,,0.0,,,,,,,,54217.01,0.0
560,TAMILNADU,PERAMBALUR,,0.0,829.0160385044517,0.0,829.0160385044517,0.0,159453.77000000002,0.0,159453.77000000002,9242.385,168696.155,0.0,9833.46,0.0,9833.46,6923.69,,,6923.69,0.0,1251.7599999999998,0.0,1251.7599999999998,0.0,7213.22,0.0,7213.22,0.0,99.00999999999999,0.0,99.00999999999999,0.0,0.0,0.0,0.0,,,,,,,,,6923.69,18397.449999999997,0.0,25321.14,,,,,,,,,,,,0.0,,,,0.0,,,,,,,,,,,,,,,,0.0,6923.69,18397.449999999997,0.0,25321.14,692.3799999999999,1728.7200000000003,0.0,2421.1000000000004,6231.3099999999995,16668.73,0.0,22900.04,,490.73113449999994,,490.73113449999994,,32.9,,32.9,,24539.239999999998,,24539.239999999998,,25062.870000000003,,25062.870000000003,,150.35860560462618,,109.44465599186728,0.0,855.1199999999999,0.0,855.1199999999999,6231.3099999999995,1342.46,0.0,7573.7699999999995,,,,,,,,,,,,,,0.0,0.0,22900.04,0.0,0.0,,0.0,,0.0,,,,,,,,22900.04,0.0
561,TAMILNADU,PUDUKKOTTAI,,0.0,940.1745937644298,1044.0,943.6418657226914,0.0,428006.895,14787.204999999998,442794.1,7682.095,450476.195,0.0,38958.18,0.0,38958.18,12218.490000000002,,0.0,12218.490000000002,0.0,25971.71,2617.4399999999996,28589.149999999998,0.0,13244.809999999998,10.030000000000001,13254.839999999998,0.0,6552.69,0.0,6552.69,0.0,0.0,0.0,0.0,,,,,,,,,12218.490000000002,84727.39999999998,2627.47,99573.35999999999,,,,,,,,,,,,0.0,,,,0.0,,,,,,,,,,,,,,,,0.0,12218.490000000002,84727.39999999998,2627.47,99573.35999999999,1221.86,8429.14,262.74,9913.740000000002,10996.630000000001,76298.26,2364.73,89659.62000000001,,895.9832041250002,2.44,898.4232041250002,,546.0,0.0,546.0,,42923.38,32.4,42955.77999999999,,44365.36999999999,34.84,44400.20999999999,,58.14728933530069,1.473318306952591,50.822413545626766,0.0,1943.5,132.21,1943.5,10996.630000000001,31148.150000000005,2200.12,42144.780000000006,,,,,,,,,,,,,,0.0,0.0,87294.89,2364.73,0.0,,0.0,,0.0,,,,,,,,87294.89,2364.73
562,TAMILNADU,RAMANATHAPURAM,,0.0,932.5226270744831,0.0,714.5766764508987,0.0,312250.58,95236.455,407487.03500000003,1470.0,408957.03500000003,0.0,33450.64,0.0,33450.64,0.0,,0.0,0.0,0.0,93.93,437.11999999999995,531.05,0.0,291.25,9.78,301.03,0.0,2593.09,0.0,2593.09,0.0,12204.87,0.0,12204.87,,,,,,,,,0.0,48633.80999999999,446.90000000000003,49080.70999999999,,,,,,,,,,,,0.0,,,,0.0,,,,,,,,,,,,,,,,0.0,0.0,48633.80999999999,446.90000000000003,49080.70999999999,0.0,4863.43,41.03999999999999,4904.47,0.0,43770.380000000005,405.86,44176.24,,679.0073584999999,47.655248,726.6626065,,62.3,6.3999999999999995,68.69999999999999,,3781.2,809.5999999999999,4590.8,,4522.4400000000005,863.6500000000001,5386.09,,10.332192683728127,212.79505248115115,10.332192683728131,0.0,1437.1100000000001,379.22,1437.1100000000001,0.0,38489.85,259.36,38489.85,,,,,,,,,,,,,,0.0,0.0,43770.380000000005,405.86,0.0,,0.0,,0.0,,,,,,,,43770.380000000005,405.86
563,TAMILNADU,RANIPET,,0.0,995.4878062710349,0.0,995.4878062710349,0.0,175601.0,0.0,175601.0,0.0,175601.0,0.0,14705.939999999999,0.0,14705.939999999999,16.77,,,16.77,0.0,1546.1,0.0,1546.1,0.0,8578.56,0.0,8578.56,0.0,737.71,0.0,737.71,0.0,2755.934,0.0,2755.934,,,,,,,,,16.77,28324.239999999998,0.0,28341.010000000002,,,,,,,,,,,,0.0,,,,0.0,,,,,,,,,,,,,,,,0.0,16.77,28324.239999999998,0.0,28341.010000000002,1.6800000000000002,2509.3499999999995,0.0,2511.0299999999997,15.09,25814.89,0.0,25829.98,,770.7122962499999,,770.7122962499999,,1084.27,,1084.27,,21072.850000000002,,21072.850000000002,,22927.83,,22927.83,,88.81629943029004,,88.76441251599886,0.0,1477.79,0.0,1477.79,15.09,3379.33,0.0,3394.42,,,,,,,,,,,,,,0.0,0.0,25829.98,0.0,0.0,,0.0,,0.0,,,,,,,,25829.98,0.0
564,TAMILNADU,SALEM,,0.0,896.9931961223051,0.0,896.9931961223051,0.0,394848.0,0.0,394848.0,22578.49,417426.48999999993,0.0,20903.079999999994,0.0,20903.079999999994,9992.36,,0.0,9992.36,0.0,1339.12,0.0,1339.12,0.0,18104.61,0.0,18104.61,0.0,1171.75,0.0,1171.75,0.0,1484.872,0.0,1484.872,,,,,,,,,9992.36,43003.43,0.0,52995.79,,,,,,,,,,,,0.0,,,,0.0,,,,,,,,,,,,,,,,0.0,9992.36,43003.43,0.0,52995.79,999.2599999999998,4300.370000000001,0.0,5299.63,8993.099999999999,38703.06,0.0,47696.16000000001,,1056.5343009999997,,1056.5343009999997,,337.5,,337.5,,68596.24999999999,,68596.24999999999,,69990.28,,69990.28,,180.8391377839375,,146.74195993975192,0.0,2324.6299999999997,0.0,2324.6299999999997,8993.099999999999,712.73,0.0,9705.829999999998,,,,,,,,,,,,,,0.0,0.0,47696.16,0.0,0.0,,0.0,,0.0,,,,,,,,47696.16,0.0
565,TAMILNADU,SIVAGANGAI,,0.0,875.4883410392513,0.0,875.4883410392513,0.0,403261.49999999994,0.0,403261.49999999994,15638.615000000002,418900.115,0.0,30227.57,0.0,30227.57,1691.4899999999998,,,1691.4899999999998,0.0,26319.21,0.0,26319.21,0.0,3263.4199999999996,0.0,3263.4199999999996,0.0,4536.96,0.0,4536.96,0.0,0.0,0.0,0.0,,,,,,,,,1691.4899999999998,64347.16,0.0,66038.65,,,,,,,,,,,,0.0,,,,0.0,,,,,,,,,,,,,,,,0.0,1691.4899999999998,64347.16,0.0,66038.65,169.17000000000002,6175.67,0.0,6344.83,1522.3200000000002,58171.49,0.0,59693.810000000005,,1463.0968002249997,,1463.0968002249997,,225.49999999999997,,225.49999999999997,,15893.92,,15893.92,,17582.530000000002,,17582.530000000002,,30.225338907426995,,29.454528032303518,0.0,2249.61,0.0,2249.61,1522.3200000000002,39802.45,0.0,41324.77,,,,,,,,,,,,,,42332.92,0.0,102026.73000000001,0.0,0.0,,0.0,,0.0,,,,,,,,102026.73000000001,0.0
566,TAMILNADU,TENKASI,,0.0,950.6183394769014,0.0,801.7731302136287,38243.12999999999,206001.35000000003,0.0,244244.47999999998,43999.43,288243.91,0.0,13555.98,0.0,13555.98,12900.3,,,12900.3,126.13,16246.109999999999,0.0,16372.239999999998,0.0,10675.39,0.0,10675.39,1101.36,0.0,0.0,1101.36,0.0,3454.046,0.0,3454.046,,,,,,,,,14127.789999999999,43931.62000000001,0.0,58059.409999999996,,,,,,,,,,,,0.0,,,,0.0,,,,,,,,,,,,,,,,0.0,14127.789999999999,43931.62000000001,0.0,58059.409999999996,1412.76,4262.36,0.0,5675.13,12715.029999999999,39669.26,0.0,52384.29000000001,0.0,932.74,,932.74,0.0,179.53999999999996,,179.53999999999996,0.0,39052.1,,39052.1,0.0,40164.38,,40164.38,0.0,101.24812008088881,,76.67256729068961,0.0,932.74,0.0,932.74,12715.029999999999,8887.92,0.0,21602.949999999997,,,,,,,,,,,,,,64290.490000000005,0.0,116674.78,0.0,0.0,,0.0,,0.0,,,,,,,,116674.78,0.0
567,TAMILNADU,THANJAVUR,,0.0,1016.4128388088767,0.0,1016.4128388088767,0.0,339469.96499999997,0.0,339469.96499999997,188.11,339658.07499999995,0.0,65218.75,0.0,65218.75,4509.33,,,4509.33,0.0,27053.24,0.0,27053.24,0.0,4592.89,0.0,4592.89,,78.77999999999999,,78.77999999999999,,3309.24,,3309.24,,,,,,,,,4509.33,100252.92,0.0,104762.25,,,,,,,,,,,,0.0,,,,0.0,,,,,,,,,,,,,,,,0.0,4509.33,100252.92,0.0,104762.25,450.9599999999999,9957.1,0.0,10408.06,4058.3700000000003,90295.82,0.0,94354.19,,20290.11106525,,20290.11106525,,684.1999999999999,,684.1999999999999,,74142.80025,,74142.80025,,95117.13,,95117.13,,105.33946089641802,,100.8085915421456,0.0,20705.93,0.0,20705.93,4058.3700000000003,7647.23,0.0,11705.6,,,,,,,,,,,,,,0.0,0.0,94354.19,0.0,0.0,,0.0,,0.0,,,,,,,,94354.19,0.0
568,TAMILNADU,THE NILGIRIS,,0.0,1802.8144956132378,0.0,1802.8144956132378,0.0,111908.26999999999,0.0,111908.26999999999,142576.71000000002,254484.98000000004,0.0,14224.01,0.0,14224.01,164.35,,,164.35,0.0,0.0,0.0,0.0,0.0,220.82000000000002,0.0,220.82000000000002,0.0,0.0,0.0,0.0,0.0,132.116,0.0,132.116,,,,,,,,,164.35,14576.95,0.0,14741.3,,,,,,,,,,,,0.0,,,,0.0,,,,,,,,,,,,,,,,0.0,164.35,14576.95,0.0,14741.3,16.439999999999998,1457.7000000000003,0.0,1474.1399999999999,147.91,13119.25,0.0,13267.16,,199.265661,,199.265661,,52.4,,52.4,,650.6999999999999,,650.6999999999999,,902.35,,902.35,,6.878060864759799,,6.801380250181651,0.0,2762.5800000000004,0.0,2762.5800000000004,147.91,10224.800000000001,0.0,10372.710000000001,,,,,,,,,,,,,,0.0,0.0,13267.159999999998,0.0,0.0,,0.0,,0.0,,,,,,,,13267.159999999998,0.0
569,TAMILNADU,THENI,,0.0,1269.4177876705144,0.0,1269.4177876705144,0.0,189417.31,0.0,189417.31,68236.81,257654.12,0.0,10954.71,0.0,10954.71,2721.6900000000005,,,2721.6900000000005,0.0,6741.5,0.0,6741.5,0.0,7124.5,0.0,7124.5,0.0,2245.39,0.0,2245.39,0.0,1618.98,0.0,1618.98,,,,,,,,,2721.6900000000005,28685.04,0.0,31406.730000000003,,,,,,,,,,,,0.0,,,,0.0,,,,,,,,,,,,,,,,0.0,2721.6900000000005,28685.04,0.0,31406.730000000003,272.16999999999996,2868.5299999999997,0.0,3140.69,2449.52,25816.510000000002,0.0,28266.030000000002,,616.2289283,,616.2289283,,92.10499999999999,,92.10499999999999,,20927.776,,20927.776,,21636.12,,21636.12,,83.80730005721145,,76.54460141731964,0.0,912.4200000000001,0.0,912.4200000000001,2449.52,6054.57,0.0,8504.09,,,,,,,,,,,,,,0.0,0.0,28266.030000000002,0.0,0.0,,0.0,,0.0,,,,,,,,28266.030000000002,0.0
570,TAMILNADU,THIRUVARUR,,0.0,1040.1279156728167,0.0,852.8762651169659,0.0,169945.2,37312.0,207257.19999999995,2452.0,209709.19999999995,0.0,7779.4800000000005,0.0,7779.4800000000005,3680.2599999999998,,0.0,3680.2599999999998,0.0,11641.34,9216.85,20858.190000000002,0.0,373.34,0.0,373.34,0.0,218.12,0.0,218.12,0.0,0.0,0.0,0.0,,,,,,,,,3680.2599999999998,20012.28,9216.85,32909.39,,,,,,,,,,,,0.0,,,,0.0,,,,,,,,,,,,,,,,0.0,3680.2599999999998,20012.28,9216.85,32909.39,368.02000000000004,2001.23,921.6899999999999,3290.94,3312.2400000000002,18011.05,8295.16,29618.45,,1359.901483,0.0,1359.901483,,19.95,0.0,19.95,,12958.488000000001,0.0,12958.488000000001,,14338.380000000001,0.0,14338.380000000001,,79.60879571152155,0.0,67.24281290551318,0.0,3605.92,0.0,3605.92,3312.2400000000002,5774.94,8295.16,9087.18,,,,,,,,,,,,,,0.0,0.0,21323.29,8295.16,0.0,,0.0,,0.0,,,,,,,,21323.29,8295.16
571,TAMILNADU,THOOTHUKUDI,,0.0,654.8336418623015,0.0,654.8336418623015,0.0,459711.56,0.0,459711.56,3890.0600000000004,463601.61999999994,0.0,23498.819999999996,0.0,23498.819999999996,8066.71,,0.0,8066.71,0.0,11946.56,0.0,11946.56,0.0,4006.84,0.0,4006.84,50.95,2269.0400000000004,0.0,2319.9900000000002,80.2,18810.056,0.0,18890.256,,,,,,,,,8197.86,60531.32000000001,0.0,68729.18,,,,,,,,,,,,0.0,,,,0.0,,,,,,,,,,,,,,,,0.0,8197.86,60531.32000000001,0.0,68729.18,819.8100000000001,5895.970000000001,0.0,6715.74,7378.050000000001,54635.35,0.0,62013.4,,448.01365699999997,,448.01365699999997,,305.04535000000004,,305.04535000000004,,20861.18,,20861.18,,21614.22,,21614.22,,39.56087038885997,,34.85411217575557,0.0,1501.92,0.0,1501.92,7378.050000000001,32288.790000000005,0.0,39666.840000000004,,,,,,,,,,,,,,0.0,0.0,62013.4,0.0,0.0,,0.0,,0.0,,,,,,,,62013.4,0.0
572,TAMILNADU,TIRUCHIRAPPALLI,,0.0,742.132408621738,0.0,742.132408621738,0.0,403609.805,0.0,403609.805,17167.47,420777.27499999997,0.0,20128.07,0.0,20128.07,15031.499999999996,,0.0,15031.499999999996,0.0,24416.9,0.0,24416.9,0.0,18037.420000000002,0.0,18037.420000000002,0.0,2872.35,0.0,2872.35,0.0,0.0,0.0,0.0,,,,,,,,,15031.499999999996,65454.74000000001,0.0,80486.23999999999,,,,,,,,,,,,0.0,,,,0.0,,,,,,,,,,,,,,,,0.0,15031.499999999996,65454.74000000001,0.0,80486.23999999999,1503.1599999999999,6490.03,0.0,7993.200000000001,13528.339999999998,58964.710000000014,0.0,72493.05,,739.349438,,739.349438,,260.29999999999995,,260.29999999999995,,51991.65299999999,,51991.65299999999,,52991.3,,52991.3,,89.86951686864904,,73.0984556450584,0.0,9581.47,0.0,9581.47,13528.339999999998,16298.119999999999,0.0,29826.46,,,,,,,,,,,,,,0.0,0.0,72493.05000000002,0.0,0.0,,0.0,,0.0,,,,,,,,72493.05000000002,0.0
573,TAMILNADU,TIRUNELVELI,,0.0,1986.8051625445457,0.0,1971.9213214381807,2280.27,302107.03,0.0,304387.30000000005,83758.23,388145.53,0.0,40368.85,0.0,40368.85,7907.749999999999,,,7907.749999999999,0.0,20006.51,0.0,20006.51,0.0,10586.59,0.0,10586.59,0.0,1209.78,0.0,1209.78,0.0,3599.424,0.0,3599.424,,,,,,,,,7907.749999999999,75771.15,0.0,83678.9,,,,,,,,,,,,0.0,,,,0.0,,,,,,,,,,,,,,,,0.0,7907.749999999999,75771.15,0.0,83678.9,790.8100000000001,7099.500000000001,0.0,7890.310000000001,7116.9400000000005,68671.65000000001,0.0,75788.59000000001,0.0,722.37036475,,722.37036475,0.0,87.2356625,,87.2356625,0.0,31938.9,,31938.9,0.0,32748.55,,32748.55,0.0,47.6886022106648,,43.210396182327706,0.0,1215.21,0.0,1215.21,7116.9400000000005,35662.62,0.0,42779.560000000005,,,,,,,,,,,,,,80710.15999999999,0.0,156498.75,0.0,0.0,,0.0,,0.0,,,,,,,,156498.75,0.0
574,TAMILNADU,TIRUPATHUR,,0.0,856.7035724209509,0.0,856.7035724209509,0.0,110880.69,0.0,110880.69,5300.084999999999,116180.775,0.0,6155.389999999999,0.0,6155.389999999999,0.0,,,0.0,0.0,0.0,0.0,0.0,0.0,3577.9700000000003,0.0,3577.9700000000003,0.0,59.22,0.0,59.22,0.0,244.57000000000002,0.0,244.57000000000002,,,,,,,,,0.0,10037.150000000001,0.0,10037.150000000001,,,,,,,,,,,,0.0,,,,0.0,,,,,,,,,,,,,,,,0.0,0.0,10037.150000000001,0.0,10037.150000000001,0.0,1003.72,0.0,1003.72,0.0,9033.43,0.0,9033.43,,529.4774915,,529.4774915,,71.69,,71.69,,11974.789999999999,,11974.789999999999,,12575.96,,12575.96,,139.2157796097385,,139.2157796097385,0.0,1960.06,0.0,1960.06,0.0,116.06,0.0,116.06,,,,,,,,,,,,,,0.0,0.0,9033.43,0.0,0.0,,0.0,,0.0,,,,,,,,9033.43,0.0
575,TAMILNADU,TIRUPPUR,,0.0,629.3855212147866,0.0,629.3855212147866,0.0,471390.79,0.0,471390.79,1238.38,472629.17,0.0,17672.73,0.0,17672.73,,,,,0.0,21670.840000000004,0.0,21670.840000000004,0.0,16070.07,0.0,16070.07,0.0,443.14,0.0,443.14,0.0,6152.965999999999,0.0,6152.965999999999,,,,,,,,,0.0,62009.740000000005,0.0,62009.740000000005,,,,,,,,,,,,0.0,,,,0.0,,,,,,,,,,,,,,,,0.0,0.0,62009.740000000005,0.0,62009.740000000005,0.0,6065.5,0.0,6065.5,0.0,55944.24,0.0,55944.24,,572.5195199999999,,572.5195199999999,,296.05,,296.05,,45914.55000000001,,45914.55000000001,,46783.04,,46783.04,,83.6244088756948,,83.6244088756948,0.0,3104.6600000000003,0.0,3104.6600000000003,0.0,11072.52,0.0,11072.52,,,,,,,,,,,,,,204507.48,0.0,260451.71999999997,0.0,0.0,,0.0,,0.0,,,,,,,,260451.71999999997,0.0
576,TAMILNADU,TIRUVALLUR,,0.0,1262.0789651324797,1330.6000000000001,1263.6373173520574,0.0,297300.18000000005,6918.755,304218.93500000006,19736.01,323954.94499999995,0.0,54634.49999999999,1238.56,55873.06,290.53999999999996,,0.0,290.53999999999996,0.0,5909.990000000001,21.84,5931.830000000001,0.0,12141.3,80.3,12221.6,0.0,7011.0,1720.05,8731.05,0.0,6280.136,63.85,6343.986,,,,,,,,,290.53999999999996,85976.93,3124.6,89392.06999999999,,,,,,,,,,,,0.0,,,,0.0,,,,,,,,,,,,,,,,0.0,290.53999999999996,85976.93,3124.6,89392.06999999999,29.07,7582.75,312.46000000000004,7924.29,261.46999999999997,78394.18000000001,2812.14,81467.79,,2095.22283425,45.590435,2140.81326925,,1158.2600000000002,1.6,1159.8600000000001,,39680.30027666666,504.2400583333333,40184.540335,,42933.82,551.4300000000001,43485.25,,54.76659109132845,19.608909940472383,54.584533978169404,0.0,4401.0,69.75,4401.0,261.46999999999997,33401.64,2236.55,33663.11,,,,,,,,,,,,,,0.0,0.0,78655.65000000001,2812.14,0.0,,0.0,,0.0,,,,,,,,78655.65000000001,2812.14
577,TAMILNADU,TIRUVANNAMALAI,,0.0,1069.2988064772046,0.0,1069.2988064772046,0.0,478395.18500000006,0.0,478395.18500000006,1010.1850000000007,479405.37000000005,0.0,28997.980000000007,0.0,28997.980000000007,980.23,,,980.23,0.0,13556.85,0.0,13556.85,0.0,33170.07,0.0,33170.07,0.0,25443.280000000002,0.0,25443.280000000002,0.0,19451.31,0.0,19451.31,,,,,,,,,980.23,120619.47999999998,0.0,121599.70999999999,,,,,,,,,,,,0.0,,,,0.0,0.0,0.0,0.0,0.0,0.0,0.0,0.0,0.0,0.0,0.0,0.0,0.0,0.0,0.0,0.0,0.0,980.23,120619.47999999998,0.0,121599.70999999999,98.03999999999998,11355.510000000002,0.0,11453.549999999997,882.19,109263.97,0.0,110146.15999999999,,8121.3894420000015,,8121.3894420000015,,228.6,,228.6,,82925.18,,82925.18,,91275.12,,91275.12,,83.53633864850416,,82.867273811452,0.0,8196.43,0.0,8196.43,882.19,22959.030000000002,0.0,23841.22,,,,,,,0.0,0.0,0.0,,,,,2161364.51,0.0,2271510.67,0.0,0.0,,0.0,,0.0,,,,,,,,2271510.67,0.0
578,TAMILNADU,VELLORE,,0.0,967.0539005901244,0.0,967.0539005901244,0.0,132023.80500000002,0.0,132023.80500000002,0.0,132023.80500000002,0.0,7761.22,0.0,7761.22,6.199999999999999,,,6.199999999999999,0.0,0.0,0.0,0.0,0.0,5832.849999999999,0.0,5832.849999999999,0.0,1323.32,0.0,1323.32,0.0,2076.14,0.0,2076.14,,,,,,,,,6.199999999999999,16993.519999999997,0.0,16999.72,,,,,,,,,,,,0.0,,,,0.0,,,,,,,,,,,,,,,,0.0,6.199999999999999,16993.519999999997,0.0,16999.72,0.63,1663.9199999999998,0.0,1664.5500000000002,5.57,15329.6,0.0,15335.17,,2003.6890961499998,,2003.6890961499998,,335.28000000000003,,335.28000000000003,,16290.75,,16290.75,,18629.719999999998,,18629.719999999998,,121.52776328149461,,121.48362228785203,0.0,2864.6,0.0,2864.6,5.57,641.9000000000001,0.0,647.4700000000001,,,,,,,,,,,,,,0.0,0.0,15335.17,0.0,0.0,,0.0,,0.0,,,,,,,,15335.17,0.0
579,TAMILNADU,VILLUPURAM,,0.0,979.6062450684138,0.0,966.9725723386366,0.0,372363.73500000004,4865.0,377228.73500000004,1940.6949999999988,379169.43000000005,0.0,41807.219999999994,0.0,41807.219999999994,,,,,0.0,11270.220000000001,0.0,11270.220000000001,0.0,28764.44,0.0,28764.44,0.0,7396.679999999999,0.0,7396.679999999999,0.0,13856.078,0.0,13856.078,,,,,,,,,0.0,103094.63,0.0,103094.63,,,,,,,,,,,,0.0,,,,0.0,,,,,,,,,,,,,,,,0.0,0.0,103094.63,0.0,103094.63,0.0,9669.539999999999,0.0,9669.539999999999,0.0,93425.09,0.0,93425.09,,2174.349783,0.0,2174.349783,,19.630000000000003,0.0,19.630000000000003,,79391.09,0.0,79391.09,,81585.09999999999,0.0,81585.09999999999,,87.32675558567831,0.0,87.32675558567831,0.0,3726.44,0.0,3726.44,0.0,15622.9,0.0,15622.9,,,,,,,,,,,,,,0.0,0.0,93425.09,0.0,0.0,,0.0,,0.0,,,,,,,,93425.09,0.0
580,TAMILNADU,VIRUDHUNAGAR,,0.0,793.2014154886832,0.0,793.2014154886832,0.0,400189.0399999999,0.0,400189.0399999999,32752.1,432941.14,0.0,20273.6,0.0,20273.6,5270.689999999999,,,5270.689999999999,0.0,15931.890000000001,0.0,15931.890000000001,0.0,14401.800000000001,0.0,14401.800000000001,0.0,16437.56,0.0,16437.56,0.0,10272.928000000002,0.0,10272.928000000002,,,,,,,,,5270.689999999999,77317.76000000001,0.0,82588.44999999998,,,,,,,,,,,,0.0,,,,0.0,,,,,,,,,,,,,,,,0.0,5270.689999999999,77317.76000000001,0.0,82588.44999999998,527.0599999999998,7324.960000000001,0.0,7852.010000000001,4743.630000000001,69992.8,0.0,74736.43000000001,,487.37780000000004,,487.37780000000004,,65.35999999999999,,65.35999999999999,,41148.011999999995,,41148.011999999995,,41700.759999999995,,41700.759999999995,,59.57864237464424,,55.79709921921611,0.0,487.38,0.0,487.38,4743.630000000001,29470.34999999999,0.0,34213.979999999996,,,,,,,,,,,,,,0.0,0.0,74736.43000000001,0.0,0.0,,0.0,,0.0,,,,,,,,74736.43000000001,0.0
581,TELANGANA,Adilabad,,1182.059334943868,1163.2302340954875,0.0,1164.0997767152253,17592.5,363356.00000000006,0.0,380948.5,34351.5,415300.0,984.1699999999997,25539.31,,26523.48,76.00000000000003,0.0,,76.00000000000003,2028.2999999999995,91.81000000000006,,2120.1099999999997,271.78999999999996,3675.5300000000016,,3947.3200000000015,118.86999999999998,253.89999999999998,,372.77,12956.431999999999,15060.512000000004,,28016.944,,,,,,,,,16435.559999999998,44621.12000000001,,61056.68,,,,,,,,,,,,,,,,,,,,,,,,,,,,,,,,,16435.559999999998,44621.12000000001,,61056.68,1639.4399999999998,4175.660000000001,,5815.1,14796.109999999999,40445.35,0.0,55241.46,128.3988875,2718.4819125,,2846.8808,6.1,258.66999999999996,,264.77,1193.67,15425.19,,16618.86,1328.2000000000003,18402.37,,19730.57,8.976683736468575,45.499346649243975,,35.716959689334786,165.86999999999995,3296.3100000000004,,3462.18,13430.469999999998,22094.859999999997,,35525.329999999994,,,,,,,,,,,,,,0.0,0.0,55322.580000000016,0.0,0.0,,0.0,,0.0,,,,,,,,55322.580000000016,0.0
582,TELANGANA,Bhadradri Kothagudem,,1340.7965876690587,1165.3826388373948,0.0,1188.2043323766002,92482.096046449,618361.2791775564,0.0,710843.3752240054,37391.20922231607,748234.5844463216,9830.789999999999,55102.29775564681,,64933.087755646826,438.8399999999999,0.0,,438.8399999999999,5971.479999999999,20982.52241067761,,26954.002410677615,319.89000000000004,7202.239904517453,,7522.129904517454,100.14999999999998,1330.6059989733058,,1430.7559989733059,766.764,7119.332,,7886.096,,,,,,,,,17427.929999999997,91736.97606981521,,109164.9060698152,,,,,,,,,,,,,,,,,,,,,,,,,,,,,,,,,17427.929999999997,91736.97606981521,,109164.9060698152,1715.8299999999995,8732.722850102668,,10448.552850102666,15712.1,83004.23,0.0,98716.33,592.5525600000001,3517.5607999999997,,4110.113359999999,183.60000000000002,3374.82,,3558.42,1118.0128,22500.247600000006,,23618.260400000003,1894.1599999999999,29392.620000000003,,31286.780000000002,12.055422254186263,35.41099050012271,,31.69362151125351,593.22,3542.7356878850096,,4135.95568788501,13855.169999999998,56271.865495893224,,70127.03549589321,,,,,,,,,,,,,,0.0,0.0,100956.55321971251,0.0,0.0,,0.0,,0.0,,,,,,,,100956.55321971251,0.0
583,TELANGANA,Hanumakonda,,1031.1269144060627,920.4937229864612,0.0,976.5654181178386,81337.77061122001,79147.0716,0.0,160484.84221122,6936.77109278,167421.61330400003,7092.930000000002,6086.23,,13179.160000000002,584.0200000000001,0.0,,584.0200000000001,20504.600000000006,1195.76,,21700.359999999997,6705.799999999999,3067.1300000000006,,9772.93,1545.6399999999999,3387.58,,4933.219999999999,328.0560000000001,2364.494,,2692.5500000000006,,,,,,,,,36761.06,16101.249999999996,,52862.31,,,,,,,,,,,,,,,,,,,,,,,,,,,,,,,,,36761.06,16101.249999999996,,52862.31,3665.830000000001,1542.56,,5208.389999999999,33095.21,14558.7,0.0,47653.909999999996,724.476,979.1299999999999,,1703.6059999999998,544.1700000000001,376.47,,920.6400000000001,16690.91,9465.300000000001,,26156.21,17959.57,10820.900000000001,,28780.47,54.266372686560985,74.32600438225941,,60.39477138392212,724.47,979.1299999999999,,1703.5999999999997,15391.330000000002,4803.13,,20194.460000000003,,,,,,,,,,,,,,0.0,0.0,48106.240000000005,0.0,0.0,,0.0,,0.0,,,,,,,,48106.240000000005,0.0
584,TELANGANA,Hyderabad,,0.0,830.0894729593243,0.0,830.0894729593243,0.0,21782.0,0.0,21782.0,0.0,21782.0,,1356.83,,1356.83,,,,,,,,,,0.0,,0.0,,435.87000000000006,,435.87000000000006,,10.067999999999998,,10.067999999999998,,4329.0825,,4329.0825,,282.15,,282.15,,6414.0,,6414.0,,,,,,,,,,,,,,,,,,,,,,,,,,,,,,,,,,6414.0,,6414.0,,609.06,,609.06,0.0,5804.9400000000005,0.0,5804.9400000000005,,5551.067202059117,,5551.067202059117,,415.80000000000007,,415.80000000000007,,0.0,,0.0,,5966.859999999999,,5966.859999999999,,102.78934838258446,,102.78934838258446,,5962.350000000001,,5962.350000000001,,862.4900000000001,,862.4900000000001,,,,,,,,,,,,,,71198.11000000003,0.0,77003.04999999999,0.0,0.0,,0.0,,0.0,,,,,,,,77003.04999999999,0.0
585,TELANGANA,Jagtial,,1039.3936712385196,1007.3267897345512,0.0,1031.7153819060711,202851.38,63863.94,0.0,266715.32,31763.899999999998,298479.22,15309.650000000001,4441.7699999999995,,19751.42,4827.26,0.0,,4827.26,22740.219999999998,0.0,,22740.219999999998,6250.11,1877.3500000000004,,8127.46,703.56,213.64,,917.2,225.26200000000003,403.91800000000006,,629.18,,,,,,,,,50055.85,6936.670000000001,,56992.520000000004,,,,,,,,,,,,,,,,,,,,,,,,,,,,,,,,,50055.85,6936.670000000001,,56992.520000000004,4994.28,693.7099999999999,,5687.989999999998,45061.57000000001,6242.9400000000005,0.0,51304.51,213.64325999999997,89.81515999999999,,303.45841999999993,470.48,125.22,,595.7,15099.289999999999,4638.461,,19737.751000000004,15783.539999999997,4853.5599999999995,,20637.1,35.02660914832749,77.74478050405736,,40.224728781153935,1278.3799999999999,331.28999999999996,,1609.6699999999998,28257.539999999997,1192.94,,29450.479999999996,,,,,,,,,,,,,,0.0,0.0,54334.55999999999,0.0,0.0,,0.0,,0.0,,,,,,,,54334.55999999999,0.0
586,TELANGANA,Jangaon,,871.3325596152109,908.3049619370137,0.0,893.711326774926,83172.0,127541.0,0.0,210713.0,4657.0,215370.0,5842.1671063377435,8938.341253390052,,14780.508359727794,191.33273954617775,0.0,,191.33273954617775,8746.316061065649,4781.320281119792,,13527.63634218544,2100.222975984135,3542.0102081347927,,5642.233184118926,1120.2808818984126,1684.8135991600204,,2805.0944810584333,449.9078765324889,862.1723904045668,,1312.0802669370557,,,,,,,,,18450.249432390083,19808.64654387932,,38258.8959762694,,,,,,,,,,,,,,,,,,,,,,,,,,,,,,,,,18450.249432390083,19808.64654387932,,38258.8959762694,1832.4947033703545,1867.191880141338,,3699.686583511693,16617.76,17941.47,0.0,34559.229999999996,515.6595,879.3173999999999,,1394.9769000000001,150.12,375.84000000000003,,525.96,6756.035000000002,11296.500000000002,,18052.535,7421.9,12551.859999999999,,19973.76,44.662457515332996,69.96004229307854,,57.795732138707955,528.7985822150671,1001.0569705880997,,1529.855552803167,9153.796709482409,5471.852033329065,,14625.648742811474,,,,,,,,,,,,,,0.0,0.0,34617.09939275771,0.0,0.0,,0.0,,0.0,,,,,,,,34617.09939275771,0.0
587,TELANGANA,Jayashankar Bhupalapally,,1102.408759086958,1056.48646840995,0.0,1074.2664053953097,89251.54000000001,141268.69,0.0,230520.23,5781.0768,236301.30680000002,7505.125200722572,13084.23852815335,,20589.36372887592,176.90088360555194,0.0,,176.90088360555194,694.8823163635735,1646.5673692827236,,2341.449685646297,3485.7238989636435,2664.852399702485,,6150.5762986661275,11051.371289878005,3206.4284960501204,,14257.799785928126,527.2097017823262,201.70171365566293,,728.911415437989,,,,,,,,,23441.21329131567,20803.798506844338,,44245.011798160005,,,,,,,,,,,,,,,,,,,,,,,,,,,,,,,,,23441.21329131567,20803.798506844338,,44245.011798160005,2322.6143269059994,1922.0438509462929,,4244.658177852292,21118.61,18881.780000000002,0.0,40000.39000000001,309.36528,322.8609599999999,,632.22624,33.120000000000005,985.4855999999999,,1018.6055999999999,9028.890000000001,6518.660000000001,,15547.55,9371.39,7827.070000000001,,17198.46,44.37503225827836,41.45303038166952,,42.99573079162477,318.9218232652301,317.5853423319225,,636.5071655971526,12131.954327057869,11365.105285241274,,23497.05961229914,,,,,,,,,,,,,,0.0,0.0,40071.18362030772,0.0,0.0,,0.0,,0.0,,,,,,,,40071.18362030772,0.0
588,TELANGANA,Jogulamba Gadwal,,582.9666561808093,564.91197261322,0.0,578.0184468072032,189010.14,71358.76,0.0,260368.89999999997,672.1,261041.0,8597.22,3374.5699999999997,,11971.789999999997,2308.37,0.0,,2308.37,17134.59,0.0,,17134.59,2951.0499999999997,1374.67,,4325.72,1699.0299999999997,352.88000000000005,,2051.91,687.516,1216.122,,1903.6379999999997,,,,,,,,,33377.77,6318.209999999999,,39695.98000000001,,,,,,,,,,,,,,,,,,,,,,,,,,,,,,,,,33377.77,6318.209999999999,,39695.98000000001,3336.07,598.53,,3934.6,30041.700000000004,5719.7,0.0,35761.4,252.491305,105.55222,,358.04352500000005,109.67349999999999,22.586999999999996,,132.2605,7796.814,4103.2265,,11900.040500000001,8158.89,4231.360000000001,,12390.25,27.15854961603371,73.97870517684495,,34.64699368592952,441.12,304.26,,745.3800000000001,21695.469999999994,1373.2600000000002,,23068.729999999996,,,,,,,,,,,,,,0.0,0.0,35762.99999999999,0.0,0.0,,0.0,,0.0,,,,,,,,35762.99999999999,0.0
589,TELANGANA,Kamareddy,,1034.5349380424827,1000.5597001776039,0.0,1003.5630650788385,30836.240659651965,317995.3684596941,0.0,348831.60911934613,17845.742778,366677.3518973459,2771.169999999999,29216.189999999988,,31987.35999999999,142.02,0.0,,142.02,4501.6799999999985,16851.73,,21353.41,1508.6699999999998,8705.519999999999,,10214.189999999997,289.31,1697.8499999999995,,1987.1599999999994,195.288,2445.327999999999,,2640.6159999999995,,,,,,,,,9408.099999999999,58916.229999999996,,68324.32999999999,,,,,,,,,,,,,,,,,,,,,,,,,,,,,,,,,9408.099999999999,58916.229999999996,,68324.32999999999,940.8299999999999,5513.569999999999,,6454.399999999999,8467.259999999998,53402.719999999994,0.0,61869.98,216.43776000000003,809.07492,,1025.5126799999998,71.97999999999999,630.6220000000002,,702.6020000000002,3458.8724999999995,27155.706000000002,,30614.5785,3747.29,28595.540000000008,,32342.83,44.256229287868805,53.54697288827238,,52.27548158250577,282.34999999999997,1717.7299999999998,,2000.0799999999997,4679.450000000001,24146.750000000004,,28826.200000000004,,,,,,,,,,,,,,128966.04000000004,0.0,197886.96999999997,0.0,0.0,,0.0,,0.0,,,,,,,,197886.96999999997,0.0
590,TELANGANA,Karimnagar,,906.8990706008599,907.7450005782085,0.0,907.1170764550395,153428.15999999997,53267.96,0.0,206696.12,4285.8,210981.92,12037.85,3923.9665189873413,,15961.816518987345,1923.6699999999998,0.0,,1923.6699999999998,61765.22,2953.0099999999998,,64718.229999999996,6737.1,2552.8164556962024,,9289.916455696202,5236.660000000002,1524.56,,6761.22,86.63799999999998,28.759645569620247,,115.39764556962024,,,,,,,,,87787.04,10983.112974683545,,98770.15297468356,,,,,,,,,,,,,,,,,,,,,,,,,,,,,,,,,87787.04,10983.112974683545,,98770.15297468356,8775.02,968.2773417721519,,9743.29734177215,79012.04999999999,10014.82,0.0,89026.87000000001,609.9119999999999,169.344,,779.2560000000001,591.38172,270.49787999999995,,861.8795999999999,17118.8334,5930.616600000001,,23049.45,18319.979999999996,6370.41,,24690.39,23.186311455024896,63.609830231596774,,27.73363817013897,691.9899999999999,507.7109493670886,,1199.7009493670885,60713.82000000001,3779.4399999999996,,64493.26000000001,,,,,,,,,,,,,,0.0,0.0,89373.9656329114,0.0,0.0,,0.0,,0.0,,,,,,,,89373.9656329114,0.0
591,TELANGANA,Khammam,,1030.1062212724105,1057.3467461279558,0.0,1042.0124818908787,241019.52479999998,187139.1566,0.0,428158.6814,7969.378599999998,436128.06,21248.36,15144.52,,36392.88,1667.6799999999994,0.0,,1667.6799999999994,38427.17,10448.829999999998,,48875.99999999999,7229.910000000002,6215.81,,13445.720000000001,1462.0800000000002,1079.8400000000001,,2541.9200000000005,273.60600000000005,373.28600000000006,,646.8919999999999,,,,,,,,,70308.76999999999,33262.34,,103571.10999999999,,,,,,,,,,,,,,,,,,,,,,,,,,,,,,,,,70308.76999999999,33262.34,,103571.10999999999,6998.72,2985.6099999999997,,9984.330000000002,63310.1,30276.680000000004,0.0,93586.78,1981.3359600000001,2037.9063599999997,,4019.2423200000007,907.4,403.909,,1311.3089999999997,18777.95,18425.44,,37203.39,21666.690000000002,20867.249999999996,,42533.939999999995,34.22311763841789,68.92185668970308,,45.44866272779125,2150.4300000000003,2268.5200000000004,,4418.95,41615.29000000001,10319.07,,51934.36000000001,,,,,,,,,,,,,,0.0,0.0,93586.78,0.0,0.0,,0.0,,0.0,,,,,,,,93586.78,0.0
592,TELANGANA,Komarambheem Asifabad,,1101.3398936292153,1170.919954830199,0.0,1154.8104910619504,87242.0,289574.0,0.0,376816.0,52728.0,429544.0,8775.448899487836,24707.47941176471,,33482.928311252545,8716.776182458387,0.0,,8716.776182458387,4011.9453918053778,6385.560000000001,,10397.505391805378,678.5990806658131,1951.5570588235294,,2630.1561394893424,310.3498729193342,2878.3900000000003,,3188.7398729193346,991.868,6710.596000000002,,7702.464000000001,,,,,,,,,23484.99942733675,42633.50647058823,,66118.50589792497,,,,,,,,,,,,,,,,,,,,,,,,,,,,,,,,,23484.99942733675,42633.50647058823,,66118.50589792497,2306.086516965429,4057.7176470588233,,6363.804164024252,21178.91,38575.759999999995,0.0,59754.66999999999,132.03500000000003,301.62280000000004,,433.65780000000007,177.24999999999997,248.27849999999998,,425.52849999999995,2394.44,6257.35,,8651.79,2703.65,6807.0599999999995,,9510.710000000001,12.765765565838846,17.645951758306254,,15.916262277073914,265.5890131241997,594.6688235294116,,860.2578366536115,18458.242429257367,31241.340000000007,,49699.582429257374,,,,,,,,,,,,,,0.0,0.0,64155.361733900725,0.0,0.0,,0.0,,0.0,,,,,,,,64155.361733900725,0.0
593,TELANGANA,Mahabubabad,,1036.843618184294,1221.299567035459,0.0,1112.5642618711618,197161.1572432728,137298.27413415306,0.0,334459.4313774259,9111.798700782087,343571.230078208,16599.940000000002,12505.220000000001,,29105.160000000007,729.7199999999999,0.0,,729.7199999999999,15930.109999999999,0.0,,15930.109999999999,8934.369999999999,1579.9099999999999,,10514.28,1682.3000000000002,912.3400000000001,,2594.64,3524.5739999999987,0.0,,3524.5739999999987,,,,,,,,,47400.939999999995,14997.470000000001,,62398.409999999996,,,,,,,,,,,,,,,,,,,,,,,,,,,,,,,,,47400.939999999995,14997.470000000001,,62398.409999999996,4740.18,1499.83,,6240.009999999999,42660.78,13497.699999999999,0.0,56158.479999999996,983.5198600000001,304.23866,,1287.75852,1232.69,352.87,,1585.5600000000002,22828.854,4731.745000000001,,27560.599000000002,25045.040000000005,5388.889999999999,,30433.929999999997,58.70741228828916,39.92450565651926,,54.19293755813903,1235.92,409.12999999999994,,1645.0499999999997,17802.239999999998,8028.340000000002,,25830.58,,,,,,,,,,,,,,0.0,0.0,56158.4,0.0,0.0,,0.0,,0.0,,,,,,,,56158.4,0.0
594,TELANGANA,Mahabubnagar,,0.0,657.1479274498134,0.0,657.1479274498134,0.0,254263.42661270744,0.0,254263.42661270744,11087.171562120599,265350.598174828,,15247.129999999996,,15247.129999999996,,,,,,,,,,7786.859999999999,,7786.859999999999,,3278.9399999999996,,3278.9399999999996,,8461.572,,8461.572,,,,,,,,,,34774.47,,34774.47,,,,,,,,,,,,,,,,,,,,,,,,,,,,,,,,,,34774.47,,34774.47,,3246.5299999999993,,3246.5299999999993,0.0,31527.850000000002,0.0,31527.850000000002,,112.60800000000003,,112.60800000000003,,718.26,,718.26,,21417.836999999996,,21417.836999999996,,22248.790000000005,,22248.790000000005,,70.56868768406346,,70.56868768406346,,1747.09,,1747.09,,9334.739999999998,,9334.739999999998,,,,,,,,,,,,,,0.0,0.0,31527.94,0.0,0.0,,0.0,,0.0,,,,,,,,31527.94,0.0
595,TELANGANA,Mancherial,,1114.6322221624878,1022.6451325094844,0.0,1045.6007643705416,99403.136,298922.0,0.0,398325.136,12200.864,410526.0,7082.692421228985,27026.518147393654,,34109.210568622635,3809.7189071675457,0.0,,3809.7189071675457,2276.8225535301717,1067.1132142464862,,3343.935767776658,3005.722317401095,7513.8271716920735,,10519.54948909317,7220.670345614271,20668.233113703063,,27888.90345931733,6433.300054478768,9921.786587011009,,16355.086641489777,,,,,,,,,29828.926599420836,66197.46423404627,,96026.39083346711,,,,,,,,,,,,,,,,,,,,,,,,,,,,,,,,,29828.926599420836,66197.46423404627,,96026.39083346711,2850.2079288714554,6307.773189822076,,9157.98111869353,26978.739999999998,59889.65999999999,0.0,86868.4,71.18594999999999,407.494395,,478.680345,191.0775,1868.7570000000003,,2059.8345,7596.740000000001,14354.289999999997,,21951.030000000002,7859.0999999999985,16630.670000000002,,24489.77,29.130715518960482,27.768850248941146,,28.191805075263275,65.49606018599047,603.199959775068,,668.6960199610584,19682.146145058174,38675.96979845867,,58358.11594351684,,,,,,,,,,,,,,0.0,0.0,90662.75971477357,0.0,0.0,,0.0,,0.0,,,,,,,,90662.75971477357,0.0
596,TELANGANA,Medak,,815.1585423025803,871.911354719707,0.0,868.0288928400283,17414.245000000003,237142.63424299995,0.0,254556.87924299997,20572.626640000002,275129.50588300003,1209.42,17915.28,,19124.699999999997,67.69000000000001,0.0,,67.69000000000001,1725.27,0.0,,1725.27,442.92,6115.71,,6558.63,787.75,9918.58,,10706.33,285.16,9921.596000000001,,10206.756000000001,,,,,,,,,4518.25,43871.09,,48389.34,,,,,,,,,,,,,,,,,,,,,,,,,,,,,,,,,4518.25,43871.09,,48389.34,430.62,4011.2999999999997,,4441.919999999998,4087.6400000000003,39859.67,0.0,43947.31,33.876,639.6600000000001,,673.536,0.8639999999999999,1030.944,,1031.808,1332.0,24855.050000000003,,26187.050000000007,1366.6800000000003,26525.35,,27892.03,33.434451174760994,66.5468379442178,,63.466978980055885,88.97,1287.21,,1376.1799999999998,2665.87,14528.84,,17194.71,,,,,,,,,,,,,,0.0,0.0,44388.85999999999,0.0,0.0,,0.0,,0.0,,,,,,,,44388.85999999999,0.0
597,TELANGANA,Medchal Malkajgiri,,0.0,767.2712035927598,0.0,767.2712035927598,0.0,103806.889,0.0,103806.889,4906.210999999999,108713.09999999998,,5442.530000000001,,5442.530000000001,,,,,,1544.0600000000004,,1544.0600000000004,,1540.04,,1540.04,,1268.4199999999998,,1268.4199999999998,,688.7840000000007,,688.7840000000007,,,,,,,,,,10483.89,,10483.89,,,,,,,,,,,,,,,,,,,,,,,,,,,,,,,,,,10483.89,,10483.89,,1018.91,,1018.91,0.0,9464.96,0.0,9464.96,,1123.6477519999999,,1123.6477519999999,,1413.096,,1413.096,,4249.5225,,4249.5225,,6786.329999999999,,6786.329999999999,,71.69951061599838,,71.69951061599838,,4474.090000000001,,4474.090000000001,,3732.2000000000003,,3732.2000000000003,,,,,,,,,,,,,,212978.35000000003,0.0,222443.33000000005,0.0,0.0,,0.0,,0.0,,,,,,,,222443.33000000005,0.0
598,TELANGANA,Mulug,,1254.2920605598554,1403.0275024634598,0.0,1375.0127531250873,53441.53006800001,230289.35378399998,0.0,283730.883852,18910.508820000003,302641.392672,5305.91,27888.883488597956,,33194.79348859795,338.38999999999993,0.0,,338.38999999999993,7842.839999999998,0.0,,7842.839999999998,1782.69,3707.9597940678414,,5490.649794067842,611.6800000000001,1155.5472866819757,,1767.2272866819758,609.1499999999999,10223.086763902515,,10832.236763902516,,,,,,,,,16490.679999999997,42975.467333250286,,59466.14733325027,,,,,,,,,,,,,,,,,,,,,,,,,,,,,,,,,16490.679999999997,42975.467333250286,,59466.14733325027,1606.6999999999998,3942.782724530248,,5549.482724530249,14883.96,39032.630000000005,0.0,53916.59,150.59376,394.98048,,545.5742399999999,45.14399999999999,53.568000000000005,,98.71199999999999,4338.57424,7634.599440000001,,11973.173680000002,4534.31,8083.260000000002,,12617.570000000002,30.46440597797898,20.70898117805539,,23.402017820489025,163.61,660.9729323892673,,824.5829323892673,10336.630000000001,28652.01470522192,,38988.64470522192,,,,,,,,,,,,,,0.0,0.0,53917.564608720044,0.0,0.0,,0.0,,0.0,,,,,,,,53917.564608720044,0.0
599,TELANGANA,Nagarkurnool,,624.6829131082872,690.1127890060352,0.0,667.3420097775328,213412.18928231808,399809.3838437573,0.0,613221.5731260754,22618.9443,635840.5174260754,11472.66,20522.570000000003,,31995.230000000003,10306.740000000002,0.0,,10306.740000000002,9839.07,4187.45,,14026.519999999999,5664.840000000001,5161.18,,10826.02,4322.14,2757.429999999999,,7079.57,3650.2999999999997,3013.3000000000006,,6663.6,,,,,,,,,45255.759999999995,35641.93,,80897.68999999999,,,,,,,,,,,,,,,,,,,,,,,,,,,,,,,,,45255.759999999995,35641.93,,80897.68999999999,4519.52,3473.1899999999996,,7992.709999999998,40736.30000000001,32168.760000000002,0.0,72905.06,711.5887326250001,679.7762550000001,,1391.3649876250001,271.769,126.58200000000002,,398.351,15036.46,14996.69,,30033.15000000001,16019.789999999997,15803.089999999998,,31822.879999999997,39.325589216497306,49.12558022130787,,43.649754900414315,982.1599999999999,823.4,,1805.56,24468.079999999998,17155.83,,41623.91,,,,,,,,,,,,,,232050.96999999997,0.0,304974.85,0.0,0.0,,0.0,,0.0,,,,,,,,304974.85,0.0
600,TELANGANA,Nalgonda,,716.5517355932008,678.3927187383487,0.0,697.0896205757849,345271.0,359402.0,0.0,704673.0,7430.0,712103.0,20671.339999999997,20763.73,,41435.07,2091.23,0.0,,2091.23,46575.03,4605.3,,51180.329999999994,11410.460000000001,8697.96,,20108.42,499.3599999999999,467.8300000000001,,967.1899999999998,2100.848,3298.016,,5398.864,,,,,,,,,83348.36,37832.97000000001,,121181.32999999999,,,,,,,,,,,,,,,,,,,,,,,,,,,,,,,,,83348.36,37832.97000000001,,121181.32999999999,8233.009999999998,3608.0099999999993,,11841.019999999999,75115.39000000001,34224.89000000001,0.0,109340.28,3853.7099999999996,1334.5800000000002,,5188.29,1501.92,2817.56,,4319.4800000000005,26670.65,21064.659999999996,,47735.31,32026.28,25216.8,,57243.08,42.636109590857465,73.67971087708388,,52.353149269418374,3853.709999999999,1334.5799999999997,,5188.290000000001,43910.29,10697.159999999998,,54607.45,,,,,,,,,,,,,,349889.93,0.0,459317.66,0.0,0.0,,0.0,,0.0,,,,,,,,459317.66,0.0
601,TELANGANA,Narayanpet,,509.06994801730974,568.4499614512778,0.0,549.4320270648105,74243.26467017402,157567.71773775798,0.0,231810.982407932,0.0,231810.982407932,3379.870000000001,7883.857111460037,,11263.727111460035,298.9,0.0,,298.9,10393.13,0.0,,10393.13,1357.54,2401.3368176387394,,3758.876817638739,547.5899999999999,1120.388870690247,,1667.9788706902468,27.240000000000002,1404.3000057546883,,1431.5400057546883,,,,,,,,,16004.280000000002,12809.928805543708,,28814.208805543713,,,,,,,,,,,,,,,,,,,,,,,,,,,,,,,,,16004.280000000002,12809.928805543708,,28814.208805543713,1556.4700000000003,1268.6417894763551,,2825.111789476355,14447.800000000001,11541.28,0.0,25989.079999999994,0.0,186.978,,186.978,127.30000000000001,277.59,,404.89,3624.1359999999995,7061.963999999999,,10686.099999999999,3751.4399999999996,7526.280000000002,,11277.72,25.96547571256523,65.21183092343311,,43.39407166394501,224.72000000000003,862.6136559459406,,1087.3336559459406,10546.43,3764.627858346838,,14311.057858346838,,,,,,,,,,,,,,0.0,0.0,27761.737016067353,0.0,0.0,,0.0,,0.0,,,,,,,,27761.737016067353,0.0
602,TELANGANA,Nirmal,,1071.5636784489147,1053.0198100547414,0.0,1056.5703898677505,62502.674,263934.534,0.0,326437.20800000004,36391.791999999994,362829.0,5668.369999999999,21755.560000000005,,27423.930000000004,1558.11,0.0,,1558.11,12479.03,9880.4,,22359.43,1672.83,4756.490000000001,,6429.32,1225.53,3063.919999999999,,4289.449999999999,1781.7900000000004,6770.616,,8552.406,,,,,,,,,24385.65,46226.97,,70612.62,,,,,,,,,,,,,,,,,,,,,,,,,,,,,,,,,24385.65,46226.97,,70612.62,2438.58,4238.36,,6676.9400000000005,21947.1,41988.53999999999,0.0,63935.64,220.86942000000005,859.4866800000002,,1080.3561,62.84,708.88,,771.7199999999999,5204.77,16225.63,,21430.400000000005,5488.52,17794.14,,23282.660000000003,25.00795093657021,42.37856329369871,,36.41577686561048,274.70000000000005,1145.6499999999996,,1420.35,16605.2,24068.300000000003,,40673.5,,,,,,,,,,,,,,0.0,0.0,64990.31,0.0,0.0,,0.0,,0.0,,,,,,,,64990.31,0.0
603,TELANGANA,Nizamabad,,980.8232323192343,996.119482124273,0.0,987.6979114776411,227378.16,185612.87,0.0,412991.0300000001,14718.800000000001,427709.83,19347.565684343397,17227.9865361382,,36575.5522204816,2599.2397726098156,0.0,,2599.2397726098156,31447.533787705415,0.0,,31447.533787705415,16172.69746452579,7783.114797581103,,23955.812262106894,5410.2372298074515,3918.6908221613057,,9328.92805196876,55.98856484933069,51.601034389570906,,107.58959923890164,,,,,,,,,75033.36789676617,28981.179201085553,,104014.54709785168,,,,,,,,,,,,,,,,,,,,,,,,,,,,,,,,,75033.36789676617,28981.179201085553,,104014.54709785168,6896.883772441868,2690.4617062113866,,9587.345478653251,68136.49999999999,26290.749999999996,0.0,94427.25000000001,1484.2912000000001,705.6806,,2189.9718,277.24000000000007,95.43999999999998,,372.68000000000006,32591.159999999993,17560.670000000002,,50151.83,34352.67999999999,18361.820000000003,,52714.50000000001,50.417441459423365,69.84137006361554,,55.82551646902775,2650.1058706644517,1424.592282784804,,4074.6981534492547,29530.245606877383,6580.192478005376,,36110.43808488276,,,,,,,,,,,,,,346082.5340559004,0.0,441710.4356750988,0.0,0.0,,0.0,,0.0,,,,,,,,441710.4356750988,0.0
604,TELANGANA,Peddapalle,,994.8732395425443,1040.4704962646958,0.0,1013.6961589101006,113952.91,80111.28,0.0,194064.19,22754.5,216818.69,9737.070000000002,6844.65,,16581.719999999998,110.75999999999998,0.0,,110.75999999999998,23557.769999999997,0.0,,23557.769999999997,4896.25,2022.3400000000001,,6918.59,182.90000000000003,201.93000000000006,,384.83,195.17199999999997,1745.5960000000002,,1940.768,,,,,,,,,38679.92999999999,10814.52,,49494.450000000004,,,,,,,,,,,,,,,,,,,,,,,,,,,,,,,,,38679.92999999999,10814.52,,49494.450000000004,3813.82,925.9799999999999,,4739.8,34866.100000000006,9888.54,0.0,44754.64,791.2271599999999,399.24672000000004,,1190.47388,613.8,898.1999999999998,,1512.0,12676.349999999999,4932.129999999999,,17608.48,14081.42,6229.56,,20310.98,40.387138223087746,62.99777317986275,,45.382959174735845,946.22,867.2699999999999,,1813.4899999999998,21409.390000000003,3491.67,,24901.060000000005,,,,,,,,,,,,,,0.0,0.0,53797.149999999994,0.0,0.0,,0.0,,0.0,,,,,,,,53797.149999999994,0.0
605,TELANGANA,Rajanna Siricilla,,0.0,1144.2134212535207,0.0,1144.2134212535207,0.0,173139.23,0.0,173139.23,17242.77,190382.0,,17792.1,,17792.1,,,,,,12433.870000000003,,12433.870000000003,,11759.51,,11759.51,,6118.43,,6118.43,,2571.9179999999997,,2571.9179999999997,,,,,,,,,,50675.930000000015,,50675.930000000015,,,,,,,,,,,,,,,,,,,,,,,,,,,,,,,,,,50675.930000000015,,50675.930000000015,,4868.86,,4868.86,0.0,45807.07,0.0,45807.07,,117.8139505,,117.8139505,,1094.445,,1094.445,,27196.981780000002,,27196.981780000002,,28409.150000000005,,28409.150000000005,,62.019138093748424,,62.019138093748424,,231.44000000000003,,231.44000000000003,,17284.32,,17284.32,,,,,,,,,,,,,,0.0,0.0,45807.07,0.0,0.0,,0.0,,0.0,,,,,,,,45807.07,0.0
606,TELANGANA,Rangareddy,,0.0,715.0674569892739,0.0,715.0674569892739,0.0,482697.8458559441,0.0,482697.8458559441,22175.574485999998,504873.4203419442,,30365.040000000005,,30365.040000000005,,,,,,,,,,9375.8,,9375.8,,16718.679999999997,,16718.679999999997,,1262.432,,1262.432,,,,,,,,,,57721.679999999986,,57721.679999999986,,,,,,,,,,,,,,,,,,,,,,,,,,,,,,,,,,57721.679999999986,,57721.679999999986,,5562.180000000001,,5562.180000000001,0.0,52159.42,0.0,52159.42,,3755.2539500000003,,3755.2539500000003,,1139.2214999999999,,1139.2214999999999,,29779.8328695,,29779.8328695,,34673.61000000001,,34673.61000000001,,66.47621848555833,,66.47621848555833,,5334.230000000002,,5334.230000000002,,18777.420000000002,,18777.420000000002,,,,,,,,,,,,,,550861.5099999999,0.0,603021.0099999999,0.0,0.0,,0.0,,0.0,,,,,,,,603021.0099999999,0.0
607,TELANGANA,Sangareddy,,851.5,861.9578954969234,0.0,861.8312744532772,4977.0,406083.787286,0.0,411060.787286,37913.292874000006,448974.08016,360.5,29970.739999999994,,30331.239999999998,50.84,0.0,,50.84,377.61,0.0,,377.61,66.56,4873.7,,4940.26,0.0,1808.55,,1808.55,387.0,3490.03,,3877.03,,,,,,,,,1242.5,40143.029999999984,,41385.52999999999,,,,,,,,,,,,,,,,,,,,,,,,,,,,,,,,,1242.5,40143.029999999984,,41385.52999999999,95.87,3772.98,,3868.85,1146.6299999999999,36370.100000000006,0.0,37516.729999999996,7.299200000000001,2151.65136,,2158.95056,0.0,1653.28,,1653.28,154.88,15440.82,,15595.699999999997,162.17000000000002,19245.730000000003,,19407.9,14.14318481114222,52.91635161849981,,51.731320933354276,21.12,2787.14,,2808.26,970.6399999999999,17701.85,,18672.489999999998,,,,,,,,,,,,,,0.0,0.0,37516.67999999999,0.0,0.0,,0.0,,0.0,,,,,,,,37516.67999999999,0.0
608,TELANGANA,Siddipet,,0.0,784.0110210257311,0.0,784.0110210257311,0.0,340727.36174538,0.0,340727.36174538,24451.483159699997,365178.8449050801,,23728.69999999999,,23728.69999999999,,,,,,6577.620000000001,,6577.620000000001,,14185.359999999999,,14185.359999999999,,6983.4800000000005,,6983.4800000000005,,15018.638,,15018.638,,,,,,,,,,66493.87,,66493.87,,,,,,,,,,,,,,,,,,,,,,,,,,,,,,,,,,66493.87,,66493.87,,5876.610000000001,,5876.610000000001,0.0,60617.329999999994,0.0,60617.329999999994,,330.52003199999996,,330.52003199999996,,952.5049999999999,,952.5049999999999,,39533.38853699999,,39533.38853699999,,40816.56999999999,,40816.56999999999,,67.33481992690868,,67.33481992690868,,341.08000000000004,,341.08000000000004,,20197.15,,20197.15,,,,,,,,,,,,,,97499.5,0.0,158116.75999999998,0.0,0.0,,0.0,,0.0,,,,,,,,158116.75999999998,0.0
609,TELANGANA,Suryapet,,771.0672046550717,791.2853019379913,0.0,780.8157742896742,186807.0,173943.0,0.0,360750.0,834.0,361584.0,11556.74,11512.66,,23069.399999999998,4172.099999999999,0.0,,4172.099999999999,18556.340000000004,0.0,,18556.340000000004,3344.9,4333.369999999999,,7678.27,2531.05,3248.17,,5779.22,169.174,3236.81,,3405.984000000001,,,,,,,,,40330.34,22331.05,,62661.39000000001,,,,,,,,,,,,,,,,,,,,,,,,,,,,,,,,,40330.34,22331.05,,62661.39000000001,3978.3599999999997,1951.1299999999999,,5929.490000000001,36351.98,20379.929999999997,0.0,56731.91,908.198064,651.43902,,1559.637084,1155.1999999999998,111.6,,1266.8,7576.150000000001,10493.446,,18069.596000000005,9639.549999999997,11256.519999999999,,20896.070000000003,26.51726260852916,55.23335948651443,,36.83300985283239,1189.3399999999997,839.86,,2029.1999999999998,26503.22,9070.859999999999,,35574.08,,,,,,,,,,,,,,284377.02,0.0,345222.09,0.0,0.0,,0.0,,0.0,,,,,,,,345222.09,0.0
610,TELANGANA,Vikarabad,,0.0,809.6982028621826,0.0,809.6982028621826,0.0,367296.2206900041,0.0,367296.2206900041,102.82499999999999,367399.0456900041,,23187.40914774654,,23187.40914774654,,,,,,0.0,,0.0,,5170.009459735038,,5170.009459735038,,3412.571459190958,,3412.571459190958,,21209.571438461753,,21209.571438461753,,,,,,,,,,52979.56750513428,,52979.56750513428,,,,,,,,,,,,,,,,,,,,,,,,,,,,,,,,,,52979.56750513428,,52979.56750513428,,5296.980753563,,5296.980753563,0.0,47682.740000000005,0.0,47682.740000000005,,517.1600000000001,,517.1600000000001,,68.39999999999999,,68.39999999999999,,19359.9435,,19359.9435,,19945.649999999998,,19945.649999999998,,41.829915814401595,,41.829915814401595,,1699.1902820790292,,1699.1902820790292,,27683.83667643444,,27683.83667643444,,,,,,,,,,,,,,144846.01456217072,0.0,192528.60131374205,0.0,0.0,,0.0,,0.0,,,,,,,,192528.60131374205,0.0
611,TELANGANA,Wanaparthy,,635.6865370920037,627.0564628364331,0.0,630.1284031198568,75539.16724468599,136674.79604208012,0.0,212213.96328676614,6809.0,219022.96328676614,4281.311816846095,0.0,,4281.311816846095,753.3007206833147,0.0,,753.3007206833147,15215.86043122368,31698.695550945413,,46914.5559821691,1546.020634675841,8952.003559853529,,10498.02419452937,34.07001957411471,890.1588791286335,,924.2288987027483,272.690875,567.3313270973596,,840.0222020973595,,,,,,,,,22103.277789669715,42108.23946171428,,64211.51725138401,,,,,,,,,,,,,,,,,,,,,,,,,,,,,,,,,22103.277789669715,42108.23946171428,,64211.51725138401,2188.6837162890247,4211.086360510205,,6399.770076799229,19914.67,37897.15,0.0,57811.82,83.55180625,177.90906499999997,,261.46087124999997,109.67,151.88000000000005,,261.55000000000007,7273.199999999999,15649.519999999999,,22922.719999999998,7466.400000000001,15979.31,,23445.71,37.491959444971975,42.16493852440091,,40.55521863867977,417.6247433492497,1970.3239165975801,,2387.9486599468296,13307.951729639954,13670.64995580323,,26978.601685443184,,,,,,,,,,,,,,102694.0227769498,0.0,166520.55995153458,0.0,0.0,,0.0,,0.0,,,,,,,,166520.55995153458,0.0
612,TELANGANA,Warangal,,961.6484544271548,937.3543336244709,0.0,959.0900217959003,153293.76419654957,18043.6784607448,0.0,171337.44265729436,5272.9629941256,176610.40565142,11594.229999999998,1440.87,,13035.099999999997,1792.1099999999997,0.0,,1792.1099999999997,24320.539999999997,731.1600000000001,,25051.699999999993,6757.029999999999,750.49,,7507.5199999999995,2671.6899999999996,99.13000000000002,,2770.8199999999997,446.882,144.50400000000002,,591.3860000000001,,,,,,,,,47582.52999999999,3166.1400000000003,,50748.66999999999,,,,,,,,,,,,,,,,,,,,,,,,,,,,,,,,,47582.52999999999,3166.1400000000003,,50748.66999999999,4544.839999999999,293.20000000000005,,4838.039999999999,43037.6,2872.9300000000003,0.0,45910.530000000006,779.2789110699999,127.171724224,,906.450635294,998.0496,258.3252,,1256.3747999999998,21161.28922952738,1910.781774827,,23072.071004354384,22938.44,2296.27,,25234.709999999995,53.29860401137609,79.92780889196742,,54.96497208810265,960.2199999999999,543.1,,1503.3200000000004,20308.919999999995,671.11,,20980.029999999995,,,,,,,,,,,,,,0.0,0.0,46297.67999999999,0.0,0.0,,0.0,,0.0,,,,,,,,46297.67999999999,0.0
613,TELANGANA,Yadadri Bhuvanagiri,,743.3551191289639,742.4653055332226,0.0,742.5827140566225,45295.14078104067,297986.8537528409,0.0,343281.99453388155,2165.154,345447.1485338815,2971.0135800371086,20535.845620548534,,23506.85920058564,6993.979999999998,0.0,,6993.979999999998,11539.477094350683,7790.50986547812,,19329.986959828802,3129.3062215852274,16134.561579027299,,19263.867800612526,838.9357580779981,4318.165257858987,,5157.101015936985,0.0,7126.1120183171715,,7126.1120183171715,,,,,,,,,25472.712654051014,55905.15034123012,,81377.86299528113,,,,,,,,,,,,,,,,,,,,,,,,,,,,,,,,,25472.712654051014,55905.15034123012,,81377.86299528113,2547.2504069555252,5297.484378349698,,7844.734785305223,22925.45,50607.63999999999,0.0,73533.09,271.04332,2195.24532,,2466.2886399999998,690.68,3577.3419999999996,,4268.022,7310.369999999999,33613.38249999999,,40923.752499999995,8272.05,39386.03,,47658.08,36.08238878626155,77.82625311119034,,64.81174665718524,306.65349839259227,2509.852149684434,,2816.5056480770263,15865.070202786626,14531.318770308071,,30396.388973094698,,,,,,,,,,,,,,241908.3603355965,0.0,318882.45854557236,0.0,0.0,,0.0,,0.0,,,,,,,,318882.45854557236,0.0
614,TRIPURA,DHALAI,,0.0,2433.973669722805,0.0,2433.973669722805,0.0,99581.0,0.0,99581.0,131908.0,231489.0,0.0,21205.300000000003,0.0,21205.300000000003,,,,,0.0,930.62,0.0,930.62,0.0,56.540000000000006,0.0,56.540000000000006,,519.5200000000001,,519.5200000000001,,,,,,,,,,,,,0.0,22711.97,0.0,22711.97,,,,,,,,,,,,0.0,,,,0.0,0.0,87.36,0.0,87.36,0.0,2346.99,0.0,2346.99,0.0,0.0,0.0,0.0,0.0,-2434.35,0.0,-2434.35,0.0,20277.620000000003,0.0,20277.620000000003,0.0,2271.17,0.0,2271.17,0.0,18006.45,0.0,18006.45,,956.1518099999998,,956.1518099999998,,0.14700000000000002,,0.14700000000000002,,135.3006,,135.3006,,1091.58,,1091.58,,6.062161058953874,,6.062161058953874,0.0,1012.2,0.0,1012.2,0.0,16858.809999999998,0.0,16858.809999999998,,,,,,,0.0,0.0,0.0,,,,,130216.83,0.0,148223.28,0.0,0.0,,0.0,,0.0,,,,,,,,148223.28,0.0
615,TRIPURA,GOMATI,,0.0,2187.3660126136624,0.0,2187.3660126136624,0.0,109828.0,0.0,109828.0,51877.0,161705.0,0.0,19946.23,0.0,19946.23,,,,,0.0,3309.9700000000003,0.0,3309.9700000000003,0.0,68.63,0.0,68.63,,546.89,,546.89,,,,,,,,,,,,,0.0,23871.72,0.0,23871.72,,,,,,,,,,,,0.0,,,,0.0,0.0,36.8,0.0,36.8,0.0,1844.1299999999999,0.0,1844.1299999999999,0.0,0.0,0.0,0.0,0.0,-1880.93,0.0,-1880.93,0.0,21990.79,0.0,21990.79,0.0,2387.18,0.0,2387.18,0.0,19603.61,0.0,19603.61,,904.3657559999999,,904.3657559999999,,0.165,,0.165,,164.18999999999997,,164.18999999999997,,1068.73,,1068.73,,5.451699967505984,,5.451699967505984,0.0,935.36,0.0,935.36,0.0,18503.879999999997,0.0,18503.879999999997,,,,,,,0.0,0.0,0.0,,,,,142575.78,0.0,162179.38999999998,0.0,0.0,,0.0,,0.0,,,,,,,,162179.38999999998,0.0
616,TRIPURA,KHOWAI,,0.0,2223.762969128329,0.0,2223.762969128329,0.0,49560.0,0.0,49560.0,51685.0,101245.0,0.0,9851.14,0.0,9851.14,,,,,0.0,1762.49,0.0,1762.49,0.0,136.99,0.0,136.99,,487.09,,487.09,,,,,,,,,,,,,0.0,12237.710000000001,0.0,12237.710000000001,,,,,,,,,,,,0.0,,,,0.0,0.0,0.0,0.0,0.0,0.0,290.84000000000003,0.0,290.84000000000003,0.0,0.0,0.0,0.0,0.0,-290.84000000000003,0.0,-290.84000000000003,0.0,11946.87,0.0,11946.87,0.0,1059.55,0.0,1059.55,0.0,10887.32,0.0,10887.32,,660.643722,,660.643722,,24.0,,24.0,,327.714,,327.714,,1012.3700000000001,,1012.3700000000001,,9.29861526987358,,9.29861526987358,0.0,679.5100000000001,0.0,679.5100000000001,0.0,9856.1,0.0,9856.1,,,,,,,0.0,0.0,0.0,,,,,64386.590000000004,0.0,75273.91,0.0,0.0,,0.0,,0.0,,,,,,,,75273.91,0.0
617,TRIPURA,NORTH TRIPURA,,0.0,2537.5705400684046,0.0,2537.5705400684046,0.0,54382.0,0.0,54382.0,81410.0,135792.0,0.0,12433.779999999997,0.0,12433.779999999997,,,,,0.0,581.88,0.0,581.88,0.0,13.53,0.0,13.53,,692.5700000000002,,692.5700000000002,,,,,,,,,,,,,0.0,13721.76,0.0,13721.76,,,,,,,,,,,,0.0,,,,0.0,0.0,142.37,0.0,142.37,0.0,2282.54,0.0,2282.54,0.0,0.0,0.0,0.0,0.0,-2424.91,0.0,-2424.91,0.0,11296.85,0.0,11296.85,0.0,1372.1699999999998,0.0,1372.1699999999998,0.0,9924.68,0.0,9924.68,,1005.7027499999998,,1005.7027499999998,,11.26885,,11.26885,,32.400000000000006,,32.400000000000006,,1049.36,,1049.36,,10.573237625797507,,10.573237625797507,0.0,1049.12,0.0,1049.12,0.0,8831.880000000001,0.0,8831.880000000001,,,,,,,0.0,0.0,0.0,,,,,71806.76999999999,0.0,81731.45,0.0,0.0,,0.0,,0.0,,,,,,,,81731.45,0.0
618,TRIPURA,SEPAHIJALA,,0.0,2051.776096164583,0.0,2051.776096164583,0.0,87170.0,0.0,87170.0,17222.0,104392.0,0.0,14748.929999999998,0.0,14748.929999999998,,,,,0.0,2966.5299999999997,0.0,2966.5299999999997,0.0,318.15999999999997,0.0,318.15999999999997,,857.8100000000002,,857.8100000000002,,,,,,,,,,,,,0.0,18891.43,0.0,18891.43,,,,,,,,,,,,0.0,,,,0.0,0.0,13.27,0.0,13.27,0.0,1902.46,0.0,1902.46,0.0,0.0,0.0,0.0,0.0,-1915.73,0.0,-1915.73,0.0,16975.7,0.0,16975.7,0.0,1889.1399999999999,0.0,1889.1399999999999,0.0,15086.560000000001,0.0,15086.560000000001,,1026.741204,,1026.741204,,3.4913275,,3.4913275,,761.202,,761.202,,1791.41,,1791.41,,11.874211218461996,,11.874211218461996,0.0,1056.06,0.0,1056.06,0.0,13265.83,0.0,13265.83,,,,,,,0.0,0.0,0.0,,,,,116082.31,0.0,131168.87,0.0,0.0,,0.0,,0.0,,,,,,,,131168.87,0.0
619,TRIPURA,SOUTH TRIPURA,,0.0,2450.6342498938193,0.0,2450.6342498938193,0.0,98103.0,0.0,98103.0,53098.0,151201.0,0.0,21448.82,0.0,21448.82,,,,,0.0,2923.87,0.0,2923.87,0.0,123.43,0.0,123.43,,1236.5399999999997,,1236.5399999999997,,,,,,,,,,,,,0.0,25732.659999999996,0.0,25732.659999999996,,,,,,,,,,,,0.0,,,,0.0,0.0,53.28,0.0,53.28,0.0,2604.8199999999997,0.0,2604.8199999999997,0.0,0.0,0.0,0.0,0.0,-2658.1,0.0,-2658.1,0.0,23074.559999999998,0.0,23074.559999999998,0.0,2573.2700000000004,0.0,2573.2700000000004,0.0,20501.29,0.0,20501.29,,956.106477,,956.106477,,5.5396,,5.5396,,295.29600000000005,,295.29600000000005,,1256.96,,1256.96,,6.13112638277884,,6.13112638277884,0.0,988.86,0.0,988.86,0.0,19211.58,0.0,19211.58,,,,,,,0.0,0.0,0.0,,,,,126775.94000000002,0.0,147277.22999999998,0.0,0.0,,0.0,,0.0,,,,,,,,147277.22999999998,0.0
620,TRIPURA,UNAKOTI,,0.0,2376.5733333333333,0.0,2376.5733333333333,0.0,42878.0,0.0,42878.0,22825.0,65703.0,0.0,8895.960000000001,0.0,8895.960000000001,,,,,0.0,1119.53,0.0,1119.53,0.0,6.71,0.0,6.71,,425.98,,425.98,,,,,,,,,,,,,0.0,10448.18,0.0,10448.18,,,,,,,,,,,,0.0,,,,0.0,0.0,0.0,0.0,0.0,0.0,528.52,0.0,528.52,0.0,0.0,0.0,0.0,0.0,-528.52,0.0,-528.52,0.0,9919.66,0.0,9919.66,0.0,929.9100000000001,0.0,929.9100000000001,0.0,8989.75,0.0,8989.75,,670.5578519999999,,670.5578519999999,,4.826740000000001,,4.826740000000001,,16.049999999999997,,16.049999999999997,,691.44,,691.44,,7.6914263466726,,7.6914263466726,0.0,699.51,0.0,699.51,0.0,8269.35,0.0,8269.35,,,,,,,0.0,0.0,0.0,,,,,53564.03,0.0,62553.78,0.0,0.0,,0.0,,0.0,,,,,,,,62553.78,0.0
621,TRIPURA,WEST TRIPURA,,0.0,2022.725481847679,0.0,2022.725481847679,0.0,78282.0,0.0,78282.0,19360.0,97642.0,0.0,13982.19,0.0,13982.19,,,,,0.0,2246.3500000000004,0.0,2246.3500000000004,0.0,323.21,0.0,323.21,,1124.11,,1124.11,,,,,,,,,,,,,0.0,17675.86,0.0,17675.86,,,,,,,,,,,,0.0,,,,0.0,0.0,9.14,0.0,9.14,0.0,985.5500000000002,0.0,985.5500000000002,0.0,0.0,0.0,0.0,0.0,-994.69,0.0,-994.69,0.0,16681.170000000002,0.0,16681.170000000002,0.0,1666.8999999999999,0.0,1666.8999999999999,0.0,15014.27,0.0,15014.27,,2238.9547398749996,,2238.9547398749996,,211.93411,,211.93411,,773.193,,773.193,,3224.0700000000006,,3224.0700000000006,,21.473371665755316,,21.473371665755316,0.0,2315.6799999999994,0.0,2315.6799999999994,0.0,11713.47,0.0,11713.47,,,,,,,0.0,0.0,0.0,,,,,100289.52,0.0,115303.79000000001,0.0,0.0,,0.0,,0.0,,,,,,,,115303.79000000001,0.0
622,UTTAR PRADESH,AGRA,,614.65,0.0,0.0,614.65,394717.0,0.0,0.0,394717.0,0.0,394717.0,38315.03999999999,0.0,0.0,38315.03999999999,19914.07,,0.0,19914.07,13319.430000000002,0.0,0.0,13319.430000000002,14046.699999999999,0.0,0.0,14046.699999999999,492.23,,,492.23,524.732,,,524.732,1119.18125,0.0,0.0,1119.18125,1400.0,0.0,0.0,1400.0,89131.38,0.0,0.0,89131.38,,,,,,,,,,,,0.0,,,,0.0,,,,,,,,,,,,,,,,0.0,89131.38,0.0,0.0,89131.38,8612.719999999998,0.0,0.0,8612.719999999998,80518.66,0.0,0.0,80518.66,11068.301810019999,,,11068.301810019999,223.66718999999998,,,223.66718999999998,83152.89000000001,,,83152.89000000001,94444.82000000002,,,94444.82000000002,117.29556850548681,,,117.29556850548681,11660.590000000002,0.0,0.0,11660.590000000002,4498.09,0.0,0.0,4498.09,,,,,,,,,,,,,,0.0,0.0,80518.66,0.0,0.0,,0.0,,0.0,,,,,,,,80518.66,0.0
623,UTTAR PRADESH,ALIGARH,,667.4699999999999,0.0,0.0,667.4699999999999,380843.0,0.0,0.0,380843.0,0.0,380843.0,48702.17,0.0,0.0,48702.17,26939.66,,0.0,26939.66,5332.43,0.0,0.0,5332.43,16685.85,0.0,0.0,16685.85,469.8,,,469.8,72.526,,,72.526,525.75,0.0,0.0,525.75,500.0,0.0,0.0,500.0,99228.18000000001,0.0,0.0,99228.18000000001,,,,,,,,,,,,0.0,,,,0.0,,,,,,,,,,,,,,,,0.0,99228.18000000001,0.0,0.0,99228.18000000001,7941.279999999999,0.0,0.0,7941.279999999999,91286.90000000001,0.0,0.0,91286.90000000001,11863.3807815,,,11863.3807815,872.353378,,,872.353378,60271.956,,,60271.956,73007.68000000001,,,73007.68000000001,79.97607542812824,,,79.97607542812824,12629.150000000001,0.0,0.0,12629.150000000001,20664.039999999997,0.0,0.0,20664.039999999997,,,,,,,,,,,,,,0.0,0.0,91286.90000000001,0.0,0.0,,0.0,,0.0,,,,,,,,91286.90000000001,0.0
624,UTTAR PRADESH,AMBEDKAR NAGAR,,1013.3,0.0,0.0,1013.3,245898.0,0.0,0.0,245898.0,0.0,245898.0,53130.21,0.0,0.0,53130.21,8632.48,,0.0,8632.48,4350.000000000001,0.0,0.0,4350.000000000001,13154.379999999997,0.0,0.0,13154.379999999997,1274.8200000000002,,,1274.8200000000002,1.224,,,1.224,,,,,,,,,80543.11000000002,0.0,0.0,80543.11000000002,,,,,,,,,,,,0.0,,,,0.0,,,,,,,,,,,,,,,,0.0,80543.11000000002,0.0,0.0,80543.11000000002,8054.33,0.0,0.0,8054.33,72488.78,0.0,0.0,72488.78,6394.31601,,,6394.31601,78.58,,,78.58,39080.47,,,39080.47,45553.36,,,45553.36,62.84194602254307,,,62.84194602254307,6670.829999999999,0.0,0.0,6670.829999999999,26658.910000000003,0.0,0.0,26658.910000000003,,,,,,,,,,,,,,0.0,0.0,72488.78,0.0,0.0,,0.0,,0.0,,,,,,,,72488.78,0.0
625,UTTAR PRADESH,AMETHI,,853.0,0.0,0.0,853.0,232992.0,0.0,0.0,232992.0,0.0,232992.0,41774.90000000001,0.0,0.0,41774.90000000001,21727.77,,0.0,21727.77,10586.949999999999,0.0,0.0,10586.949999999999,14378.900000000001,0.0,0.0,14378.900000000001,1269.22,0.0,0.0,1269.22,33.532,,,33.532,,,,,,,,,89771.29000000001,0.0,0.0,89771.29000000001,,,,,,,,,,,,0.0,,,,0.0,,,,,,,,,,,,,,,,0.0,89771.29000000001,0.0,0.0,89771.29000000001,8661.28,0.0,0.0,8661.28,81110.01,0.0,0.0,81110.01,5013.25602,,,5013.25602,608.0856977,,,608.0856977,47641.448000000004,,,47641.448000000004,53262.78,,,53262.78,65.66733255241863,,,65.66733255241863,5243.71,0.0,0.0,5243.71,27616.77,0.0,0.0,27616.77,,,,,,,,,,,,,,0.0,0.0,81110.01000000001,0.0,0.0,,0.0,,0.0,,,,,,,,81110.01000000001,0.0
626,UTTAR PRADESH,AMROHA,,902.5899999999999,0.0,0.0,902.5899999999999,214903.0,0.0,0.0,214903.0,0.0,214903.0,40464.45999999999,0.0,0.0,40464.45999999999,3499.84,,0.0,3499.84,0.0,0.0,0.0,0.0,11356.84,0.0,0.0,11356.84,206.85,,,206.85,0.0,,,0.0,,,,,,,,,55527.990000000005,0.0,0.0,55527.990000000005,,,,,,,,,,,,0.0,,,,0.0,,,,,,,,,,,,,,,,0.0,55527.990000000005,0.0,0.0,55527.990000000005,5220.61,0.0,0.0,5220.61,50307.380000000005,0.0,0.0,50307.380000000005,4894.99164,,,4894.99164,2416.3795999999998,,,2416.3795999999998,40929.33,,,40929.33,48240.68,,,48240.68,95.89185523078324,,,95.89185523078324,5188.0199999999995,0.0,0.0,5188.0199999999995,4489.42,0.0,0.0,4489.42,,,,,,,,,,,,,,0.0,0.0,50307.380000000005,0.0,0.0,,0.0,,0.0,,,,,,,,50307.380000000005,0.0
627,UTTAR PRADESH,AURAIYA,,624.8821124305844,0.0,0.0,624.8821124305844,209427.0,0.0,0.0,209427.0,0.0,209427.0,27581.8,0.0,0.0,27581.8,18534.57,,0.0,18534.57,9261.449999999999,0.0,0.0,9261.449999999999,12300.53,0.0,0.0,12300.53,290.91999999999996,0.0,0.0,290.91999999999996,157.26399999999998,,,157.26399999999998,,,,,,,,,68126.53,0.0,0.0,68126.53,,,,,,,,,,,,0.0,,,,0.0,,,,,,,,,,,,,,,,0.0,68126.53,0.0,0.0,68126.53,6812.66,0.0,0.0,6812.66,61313.869999999995,0.0,0.0,61313.869999999995,2946.3778199999997,,,2946.3778199999997,10.6115,,,10.6115,35224.4223,,,35224.4223,38181.420000000006,,,38181.420000000006,62.272076448607805,,,62.272076448607805,3041.69,0.0,0.0,3041.69,23037.15,0.0,0.0,23037.15,,,,,,,,,,,,,,0.0,0.0,61313.869999999995,0.0,0.0,,0.0,,0.0,,,,,,,,61313.869999999995,0.0
628,UTTAR PRADESH,AYODHYA,,952.71,0.0,0.0,952.71,252201.0,0.0,0.0,252201.0,0.0,252201.0,50656.439999999995,0.0,0.0,50656.439999999995,25938.17,,,25938.17,2709.1400000000003,0.0,0.0,2709.1400000000003,13654.739999999998,0.0,0.0,13654.739999999998,2311.06,,,2311.06,,,,,,,,,,,,,95269.54000000001,0.0,0.0,95269.54000000001,,,,,,,,,,,,0.0,,,,0.0,,,,,,,,,,,,,,,,0.0,95269.54000000001,0.0,0.0,95269.54000000001,9526.93,0.0,0.0,9526.93,85742.61,0.0,0.0,85742.61,7259.8631399999995,,,7259.8631399999995,676.0511581506848,,,676.0511581506848,45480.06,,,45480.06,53415.969999999994,,,53415.969999999994,62.29804527760467,,,62.29804527760467,7822.509999999999,0.0,0.0,7822.509999999999,31763.99,0.0,0.0,31763.99,,,,,,,,,,,,,,0.0,0.0,85742.61,0.0,0.0,,0.0,,0.0,,,,,,,,85742.61,0.0
629,UTTAR PRADESH,AZAMGARH,,913.9300000000002,0.0,0.0,913.9300000000001,417119.0,0.0,0.0,417119.0,0.0,417119.0,78955.16000000002,0.0,0.0,78955.16000000002,27171.16,,0.0,27171.16,12277.380000000001,0.0,0.0,12277.380000000001,18509.969999999998,0.0,0.0,18509.969999999998,3404.0099999999998,,,3404.0099999999998,,,,,,,,,,,,,140317.67,0.0,0.0,140317.67,,,,,,,,,,,,0.0,,,,0.0,,,,,,,,,,,,,,,,0.0,140317.67,0.0,0.0,140317.67,13163.250000000002,0.0,0.0,13163.250000000002,127154.42,0.0,0.0,127154.42,13833.728490000001,,,13833.728490000001,25.567999999999998,,,25.567999999999998,61649.020000000004,,,61649.020000000004,75508.28000000001,,,75508.28000000001,59.38313430237031,,,59.38313430237031,14836.82,0.0,0.0,14836.82,50643.05,0.0,0.0,50643.05,,,,,,,,,,,,,,0.0,0.0,127154.42,0.0,0.0,,0.0,,0.0,,,,,,,,127154.42,0.0
630,UTTAR PRADESH,BAGPAT,,674.7574509803925,0.0,0.0,674.7574509803925,135138.96,0.0,0.0,135138.96,0.0,135138.96,17341.03,0.0,0.0,17341.03,12833.06,,0.0,12833.06,316.64,0.0,0.0,316.64,5648.46,0.0,0.0,5648.46,210.5,0.0,0.0,210.5,23.339000000000002,,,23.339000000000002,,,,,,,,,36373.020000000004,0.0,0.0,36373.020000000004,,,,,,,,,,,,0.0,,,,0.0,,,,,,,,,,,,,,,,0.0,36373.020000000004,0.0,0.0,36373.020000000004,3637.3100000000004,0.0,0.0,3637.3100000000004,32735.71,0.0,0.0,32735.71,2540.21166,,,2540.21166,155.41055,,,155.41055,28712.049999999996,,,28712.049999999996,31407.670000000002,,,31407.670000000002,95.94314587953035,,,95.94314587953035,2597.17,0.0,0.0,2597.17,3679.54,0.0,0.0,3679.54,,,,,,,,,,,,,,0.0,0.0,32735.71,0.0,0.0,,0.0,,0.0,,,,,,,,32735.71,0.0
631,UTTAR PRADESH,BAHRAICH,,1158.8,0.0,0.0,1158.8,438725.0,0.0,0.0,438725.0,0.0,438725.0,85877.53,0.0,0.0,85877.53,28332.47,,0.0,28332.47,2424.0,0.0,0.0,2424.0,25237.079999999998,0.0,0.0,25237.079999999998,2519.2599999999998,0.0,0.0,2519.2599999999998,4548.799999999999,,,4548.799999999999,,,,,,,,,148939.14,0.0,0.0,148939.14,,,,,,,,,,,,0.0,,,,0.0,,,,,,,,,,,,,,,,0.0,148939.14,0.0,0.0,148939.14,9345.7,0.0,0.0,9345.7,139593.44,0.0,0.0,139593.44,9863.251919999999,,,9863.251919999999,396.11789999999996,,,396.11789999999996,72340.06,,,72340.06,82599.43,,,82599.43,59.17142668022222,,,59.17142668022222,10470.830000000002,0.0,0.0,10470.830000000002,56386.439999999995,0.0,0.0,56386.439999999995,,,,,,,,,,,,,,0.0,0.0,139593.44,0.0,0.0,,0.0,,0.0,,,,,,,,139593.44,0.0
632,UTTAR PRADESH,BALLIA,,922.03,0.0,0.0,922.03,292700.0,0.0,0.0,292700.0,0.0,292700.0,56638.36999999999,0.0,0.0,56638.36999999999,14540.930000000002,,0.0,14540.930000000002,6545.5,0.0,0.0,6545.5,15887.879999999997,0.0,0.0,15887.879999999997,1824.21,0.0,0.0,1824.21,,,,,,,,,,,,,95436.89,0.0,0.0,95436.89,,,,,,,,,,,,0.0,,,,0.0,,,,,,,,,,,,,,,,0.0,95436.89,0.0,0.0,95436.89,9543.72,0.0,0.0,9543.72,85893.17,0.0,0.0,85893.17,8267.970510000001,,,8267.970510000001,9.0155,,,9.0155,45364.22,,,45364.22,53641.2,,,53641.2,62.451065666804475,,,62.451065666804475,8772.289999999999,0.0,0.0,8772.289999999999,31747.649999999994,0.0,0.0,31747.649999999994,,,,,,,,,,,,,,0.0,0.0,85893.17,0.0,0.0,,0.0,,0.0,,,,,,,,85893.17,0.0
633,UTTAR PRADESH,BALRAMPUR,,1065.2,0.0,0.0,1065.2000000000003,334857.0,0.0,0.0,334857.0,0.0,334857.0,62232.090000000004,0.0,0.0,62232.090000000004,10570.720000000001,,0.0,10570.720000000001,891.1500000000001,0.0,0.0,891.1500000000001,15858.210000000001,0.0,0.0,15858.210000000001,2599.02,,,2599.02,5888.4,,,5888.4,,,,,,,,,98039.58,0.0,0.0,98039.58,,,,,,,,,,,,0.0,,,,0.0,,,,,,,,,,,,,,,,0.0,98039.58,0.0,0.0,98039.58,6843.72,0.0,0.0,6843.72,91195.85999999999,0.0,0.0,91195.85999999999,6278.673059999999,,,6278.673059999999,551.6495,,,551.6495,45424.02,,,45424.02,52254.34,,,52254.34,57.29902651282636,,,57.29902651282636,6750.0199999999995,0.0,0.0,6750.0199999999995,38470.170000000006,0.0,0.0,38470.170000000006,,,,,,,,,,,,,,0.0,0.0,91195.85999999999,0.0,0.0,,0.0,,0.0,,,,,,,,91195.85999999999,0.0
634,UTTAR PRADESH,BANDA,,943.2,0.0,0.0,943.2,440460.0,0.0,0.0,440460.0,0.0,440460.0,50435.83000000001,0.0,0.0,50435.83000000001,0.16,,,0.16,6853.9400000000005,0.0,0.0,6853.9400000000005,11177.640000000001,0.0,0.0,11177.640000000001,4088.0300000000007,,,4088.0300000000007,745.52,,,745.52,,,,,,,,,73301.12,0.0,0.0,73301.12,,,,,,,,,,,,0.0,,,,0.0,,,,,,,,,,,,,,,,0.0,73301.12,0.0,0.0,73301.12,6850.910000000001,0.0,0.0,6850.910000000001,66450.20999999999,0.0,0.0,66450.20999999999,4029.3170519999994,,,4029.3170519999994,0.0,,,0.0,39960.0175,,,39960.0175,43989.34,,,43989.34,66.19894805449073,,,66.19894805449073,4256.96,0.0,0.0,4256.96,22233.22,0.0,0.0,22233.22,,,,,,,,,,,,,,0.0,0.0,66450.20999999999,0.0,0.0,,0.0,,0.0,,,,,,,,66450.20999999999,0.0
635,UTTAR PRADESH,BARABANKI,,978.3900000000001,0.0,0.0,978.3900000000001,389132.0,0.0,0.0,389132.0,0.0,389132.0,78573.45,0.0,0.0,78573.45,64088.44,,0.0,64088.44,28404.319999999996,0.0,0.0,28404.319999999996,36797.72,0.0,0.0,36797.72,2642.7200000000003,,,2642.7200000000003,,,,,,,,,,,,,210506.63999999998,0.0,0.0,210506.63999999998,,,,,,,,,,,,0.0,,,,0.0,,,,,,,,,,,,,,,,0.0,210506.63999999998,0.0,0.0,210506.63999999998,19707.37,0.0,0.0,19707.37,190799.27000000002,0.0,0.0,190799.27000000002,9120.5397,,,9120.5397,360.088455,,,360.088455,108984.70000000001,,,108984.70000000001,118465.32,,,118465.32,62.08897969054075,,,62.08897969054075,9670.509999999998,0.0,0.0,9670.509999999998,71783.97999999998,0.0,0.0,71783.97999999998,,,,,,,,,,,,,,0.0,0.0,190799.27000000002,0.0,0.0,,0.0,,0.0,,,,,,,,190799.27000000002,0.0
636,UTTAR PRADESH,BAREILLY,,877.8599999999999,0.0,0.0,877.8599999999999,412000.0,0.0,0.0,412000.0,0.0,412000.0,73476.58,0.0,0.0,73476.58,18442.660000000003,,0.0,18442.660000000003,6663.709999999999,0.0,0.0,6663.709999999999,23552.779999999995,0.0,0.0,23552.779999999995,1681.62,,,1681.62,12.318000000000001,,,12.318000000000001,1111.79,0.0,0.0,1111.79,87.5,0.0,0.0,87.5,125028.95999999998,0.0,0.0,125028.95999999998,,,,,,,,,,,,0.0,,,,0.0,,,,,,,,,,,,,,,,0.0,125028.95999999998,0.0,0.0,125028.95999999998,10788.650000000001,0.0,0.0,10788.650000000001,114240.31000000003,0.0,0.0,114240.31000000003,13539.46010625,,,13539.46010625,2136.240049,,,2136.240049,67089.85,,,67089.85,82765.54000000001,,,82765.54000000001,72.44863043526404,,,72.44863043526404,14209.899999999998,0.0,0.0,14209.899999999998,32942.42,0.0,0.0,32942.42,,,,,,,,,,,,,,0.0,0.0,114240.31000000003,0.0,0.0,,0.0,,0.0,,,,,,,,114240.31000000003,0.0
637,UTTAR PRADESH,BASTI,,1110.7800000000002,0.0,0.0,1110.7800000000002,293807.0,0.0,0.0,293807.0,0.0,293807.0,67940.77,0.0,0.0,67940.77,695.04,,0.0,695.04,0.0,0.0,0.0,0.0,13609.45,0.0,0.0,13609.45,1131.74,0.0,0.0,1131.74,76.804,,,76.804,,,,,,,,,83453.81,0.0,0.0,83453.81,,,,,,,,,,,,0.0,,,,0.0,,,,,,,,,,,,,,,,0.0,83453.81,0.0,0.0,83453.81,8056.589999999999,0.0,0.0,8056.589999999999,75397.22,0.0,0.0,75397.22,6574.78515,,,6574.78515,227.98899999999998,,,227.98899999999998,42529.44,,,42529.44,49332.24,,,49332.24,65.42978640326527,,,65.42978640326527,6902.139999999999,0.0,0.0,6902.139999999999,25737.620000000003,0.0,0.0,25737.620000000003,,,,,,,,,,,,,,0.0,0.0,75397.22,0.0,0.0,,0.0,,0.0,,,,,,,,75397.22,0.0
638,UTTAR PRADESH,BIJNOR,,1053.5,0.0,0.0,1053.5,458903.0,0.0,0.0,458903.0,0.0,458903.0,97985.06,0.0,0.0,97985.06,20820.74,,0.0,20820.74,3385.4999999999995,0.0,0.0,3385.4999999999995,25612.219999999998,0.0,0.0,25612.219999999998,597.72,,,597.72,360.68399999999997,,,360.68399999999997,,,,,,,,,148761.90000000002,0.0,0.0,148761.90000000002,,,,,,,,,,,,0.0,,,,0.0,,,,,,,,,,,,,,,,0.0,148761.90000000002,0.0,0.0,148761.90000000002,13642.810000000001,0.0,0.0,13642.810000000001,135119.09,0.0,0.0,135119.09,8006.9028,,,8006.9028,1494.62292,,,1494.62292,85592.11,,,85592.11,95093.68000000001,,,95093.68000000001,70.37767942338866,,,70.37767942338866,8345.529999999999,0.0,0.0,8345.529999999999,39686.79,0.0,0.0,39686.79,,,,,,,,,,,,,,0.0,0.0,135119.09,0.0,0.0,,0.0,,0.0,,,,,,,,135119.09,0.0
639,UTTAR PRADESH,BUDAUN,,784.54,0.0,0.0,784.54,423788.0,0.0,0.0,423788.0,0.0,423788.0,65662.37999999999,0.0,0.0,65662.37999999999,0.0,,0.0,0.0,80.0,0.0,0.0,80.0,15658.580000000002,0.0,0.0,15658.580000000002,1017.9600000000002,,,1017.9600000000002,12.27,,,12.27,,,,,,,,,82431.18000000001,0.0,0.0,82431.18000000001,,,,,,,,,,,,0.0,,,,0.0,,,,,,,,,,,,,,,,0.0,82431.18000000001,0.0,0.0,82431.18000000001,6280.589999999999,0.0,0.0,6280.589999999999,76150.59,0.0,0.0,76150.59,7923.8253325,,,7923.8253325,63.9986,,,63.9986,55202.87500000001,,,55202.87500000001,63190.67,,,63190.67,82.98119554950264,,,82.98119554950264,8346.720000000001,0.0,0.0,8346.720000000001,14088.89,0.0,0.0,14088.89,,,,,,,,,,,,,,0.0,0.0,76150.59,0.0,0.0,,0.0,,0.0,,,,,,,,76150.59,0.0
640,UTTAR PRADESH,BULANDSHAHAR,,673.1300000000002,0.0,0.0,673.1300000000002,360947.0,0.0,0.0,360947.0,0.0,360947.0,44643.850000000006,0.0,0.0,44643.850000000006,67831.45999999999,,,67831.45999999999,6116.96,0.0,0.0,6116.96,38809.790000000015,0.0,0.0,38809.790000000015,598.51,0.0,0.0,598.51,44.97,,,44.97,,,,,,,,,158045.53,0.0,0.0,158045.53,,,,,,,,,,,,0.0,,,,0.0,,,,,,,,,,,,,,,,0.0,158045.53,0.0,0.0,158045.53,12652.11,0.0,0.0,12652.11,145393.42,0.0,0.0,145393.42,6212.4396125,,,6212.4396125,1201.8997300000003,,,1201.8997300000003,130687.11500000002,,,130687.11500000002,138101.49000000002,,,138101.49000000002,94.98469050387563,,,94.98469050387563,6412.300000000001,0.0,0.0,6412.300000000001,13923.39,0.0,0.0,13923.39,,,,,,,,,,,,,,0.0,0.0,145393.42,0.0,0.0,,0.0,,0.0,,,,,,,,145393.42,0.0
641,UTTAR PRADESH,CHANDAULI,,949.0600000000001,0.0,0.0,949.0600000000001,188369.0,0.0,0.0,188369.0,0.0,188369.0,31108.14,0.0,0.0,31108.14,5385.139999999999,,0.0,5385.139999999999,11451.350000000002,0.0,0.0,11451.350000000002,7446.219999999999,0.0,0.0,7446.219999999999,331.59999999999997,,,331.59999999999997,1081.728,,,1081.728,,,,,,,,,56804.22000000001,0.0,0.0,56804.22000000001,,,,,,,,,,,,0.0,,,,0.0,,,,,,,,,,,,,,,,0.0,56804.22000000001,0.0,0.0,56804.22000000001,5382.35,0.0,0.0,5382.35,51421.87,0.0,0.0,51421.87,4696.30389,,,4696.30389,130.8635,,,130.8635,24751.200000000004,,,24751.200000000004,29578.379999999997,,,29578.379999999997,57.52101197408807,,,57.52101197408807,4896.29,0.0,0.0,4896.29,21643.5,0.0,0.0,21643.5,,,,,,,,,,,,,,0.0,0.0,51421.87,0.0,0.0,,0.0,,0.0,,,,,,,,51421.87,0.0
642,UTTAR PRADESH,CHITRAKOOT,,943.2,0.0,0.0,943.2,300665.0,0.0,0.0,300665.0,0.0,300665.0,32296.960000000003,0.0,0.0,32296.960000000003,0.0,,0.0,0.0,1934.03,0.0,0.0,1934.03,7868.99,0.0,0.0,7868.99,462.46999999999997,,,462.46999999999997,1310.2920000000001,,,1310.2920000000001,,,,,,,,,43872.74,0.0,0.0,43872.74,,,,,,,,,,,,0.0,,,,0.0,,,,,,,,,,,,,,,,0.0,43872.74,0.0,0.0,43872.74,3825.58,0.0,0.0,3825.58,40047.16,0.0,0.0,40047.16,2631.5390399999997,,,2631.5390399999997,0.036,,,0.036,30537.93,,,30537.93,33169.490000000005,,,33169.490000000005,82.82607305986242,,,82.82607305986242,2834.09,0.0,0.0,2834.09,6675.129999999999,0.0,0.0,6675.129999999999,,,,,,,,,,,,,,0.0,0.0,40047.16,0.0,0.0,,0.0,,0.0,,,,,,,,40047.16,0.0
643,UTTAR PRADESH,DEORIA,,1019.3799999999999,0.0,0.0,1019.3799999999999,253800.0,0.0,0.0,253800.0,0.0,253800.0,52459.67,0.0,0.0,52459.67,13193.990000000002,,0.0,13193.990000000002,56357.2,0.0,0.0,56357.2,23118.96,0.0,0.0,23118.96,2033.3000000000004,,,2033.3000000000004,,,,,,,,,,,,,147163.11000000002,0.0,0.0,147163.11000000002,,,,,,,,,,,,0.0,,,,0.0,,,,,,,,,,,,,,,,0.0,147163.11000000002,0.0,0.0,147163.11000000002,12996.16,0.0,0.0,12996.16,134166.95,0.0,0.0,134166.95,6612.395845,,,6612.395845,44.279646,,,44.279646,77061.54,,,77061.54,83718.23000000001,,,83718.23000000001,62.398548972008385,,,62.398548972008385,6846.16,0.0,0.0,6846.16,50214.950000000004,0.0,0.0,50214.950000000004,,,,,,,,,,,,,,0.0,0.0,134166.95,0.0,0.0,,0.0,,0.0,,,,,,,,134166.95,0.0
644,UTTAR PRADESH,ETAH,,658.23,0.0,0.0,658.23,242757.0,0.0,0.0,242757.0,0.0,242757.0,31068.85,0.0,0.0,31068.85,13484.990000000002,,,13484.990000000002,26028.440000000002,0.0,0.0,26028.440000000002,15207.27,0.0,0.0,15207.27,644.85,0.0,0.0,644.85,135.264,,,135.264,,,,,,,,,86569.68,0.0,0.0,86569.68,,,,,,,,,,,,0.0,,,,0.0,,,,,,,,,,,,,,,,0.0,86569.68,0.0,0.0,86569.68,8130.74,0.0,0.0,8130.74,78438.94,0.0,0.0,78438.94,4666.914089999999,,,4666.914089999999,74.4745,,,74.4745,52220.55713375796,,,52220.55713375796,56961.950000000004,,,56961.950000000004,72.6194795595147,,,72.6194795595147,4840.12,0.0,0.0,4840.12,21303.79,0.0,0.0,21303.79,,,,,,,,,,,,,,0.0,0.0,78438.94,0.0,0.0,,0.0,,0.0,,,,,,,,78438.94,0.0
645,UTTAR PRADESH,ETAWAH,,587.4799999999999,0.0,0.0,587.4799999999999,240301.0,0.0,0.0,240301.0,0.0,240301.0,27439.87,0.0,0.0,27439.87,21977.41,,0.0,21977.41,12012.460000000001,0.0,0.0,12012.460000000001,9664.369999999999,0.0,0.0,9664.369999999999,149.67000000000002,,,149.67000000000002,13.562,,,13.562,,,,,,,,,71257.34999999999,0.0,0.0,71257.34999999999,,,,,,,,,,,,0.0,,,,0.0,,,,,,,,,,,,,,,,0.0,71257.34999999999,0.0,0.0,71257.34999999999,6551.48,0.0,0.0,6551.48,64705.869999999995,0.0,0.0,64705.869999999995,3282.95454,,,3282.95454,161.1671,,,161.1671,30479.59571428572,,,30479.59571428572,33923.719999999994,,,33923.719999999994,52.42757728162838,,,52.42757728162838,3431.0400000000004,0.0,0.0,3431.0400000000004,30634.07,0.0,0.0,30634.07,,,,,,,,,,,,,,0.0,0.0,64705.869999999995,0.0,0.0,,0.0,,0.0,,,,,,,,64705.869999999995,0.0
646,UTTAR PRADESH,FARRUKHABAD,,753.48,0.0,0.0,753.48,220623.0,0.0,0.0,220623.0,0.0,220623.0,30877.31,0.0,0.0,30877.31,4995.9,,0.0,4995.9,540.1700000000001,0.0,0.0,540.1700000000001,10202.61,0.0,0.0,10202.61,414.40999999999997,,,414.40999999999997,34.199999999999996,,,34.199999999999996,,,,,,,,,47064.6,0.0,0.0,47064.6,,,,,,,,,,,,0.0,,,,0.0,,,,,,,,,,,,,,,,0.0,47064.6,0.0,0.0,47064.6,3462.85,0.0,0.0,3462.85,43601.75,0.0,0.0,43601.75,4037.2671900000005,,,4037.2671900000005,12.638359000000001,,,12.638359000000001,28319.030000000002,,,28319.030000000002,32368.910000000003,,,32368.910000000003,74.23763954428435,,,74.23763954428435,4244.469999999999,0.0,0.0,4244.469999999999,11025.64,0.0,0.0,11025.64,,,,,,,,,,,,,,0.0,0.0,43601.75,0.0,0.0,,0.0,,0.0,,,,,,,,43601.75,0.0
647,UTTAR PRADESH,FATEHPUR,,746.9,0.0,0.0,746.9,425255.0,0.0,0.0,425255.0,0.0,425255.0,60709.950000000004,0.0,0.0,60709.950000000004,29337.569999999996,,0.0,29337.569999999996,6721.79,0.0,0.0,6721.79,18376.91,0.0,0.0,18376.91,1073.35,,,1073.35,365.37,,,365.37,,,,,,,,,116584.93000000001,0.0,0.0,116584.93000000001,,,,,,,,,,,,0.0,,,,0.0,,,,,,,,,,,,,,,,0.0,116584.93000000001,0.0,0.0,116584.93000000001,9982.21,0.0,0.0,9982.21,106602.71999999999,0.0,0.0,106602.71999999999,7470.48201,,,7470.48201,16.52975,,,16.52975,72559.2,,,72559.2,80046.23,,,80046.23,75.08835609447864,,,75.08835609447864,7940.09,0.0,0.0,7940.09,28472.71,0.0,0.0,28472.71,,,,,,,,,,,,,,0.0,0.0,106602.71999999999,0.0,0.0,,0.0,,0.0,,,,,,,,106602.71999999999,0.0
648,UTTAR PRADESH,FIROZABAD,,656.9199999999998,0.0,0.0,656.92,241953.0,0.0,0.0,241953.0,0.0,241953.0,31311.059999999998,0.0,0.0,31311.059999999998,18253.170000000002,,0.0,18253.170000000002,16197.95,0.0,0.0,16197.95,13987.72,0.0,0.0,13987.72,601.0,,,601.0,205.542,,,205.542,,,,,,,,,80556.45,0.0,0.0,80556.45,,,,,,,,,,,,0.0,,,,0.0,,,,,,,,,,,,,,,,0.0,80556.45,0.0,0.0,80556.45,8055.65,0.0,0.0,8055.65,72500.8,0.0,0.0,72500.8,6817.89705,,,6817.89705,28.5530065,,,28.5530065,69968.3,,,69968.3,76814.75,,,76814.75,105.95021020457705,,,105.95021020457705,7151.210000000001,0.0,0.0,7151.210000000001,8186.52,0.0,0.0,8186.52,,,,,,,,,,,,,,0.0,0.0,72500.8,0.0,0.0,,0.0,,0.0,,,,,,,,72500.8,0.0
649,UTTAR PRADESH,G.B.NAGAR,,537.1600000000001,0.0,0.0,537.1600000000001,144273.0,0.0,0.0,144273.0,0.0,144273.0,13950.479999999998,0.0,0.0,13950.479999999998,17715.010000000002,,0.0,17715.010000000002,3764.3700000000003,0.0,0.0,3764.3700000000003,13915.76,0.0,0.0,13915.76,281.03000000000003,,,281.03000000000003,,,,,,,,,,,,,49626.65,0.0,0.0,49626.65,,,,,,,,,,,,0.0,,,,0.0,,,,,,,,,,,,,,,,0.0,49626.65,0.0,0.0,49626.65,4962.67,0.0,0.0,4962.67,44663.98,0.0,0.0,44663.98,1558.5134999999998,,,1558.5134999999998,0.0,,,0.0,46259.2,,,46259.2,47817.71,,,47817.71,107.06101426697754,,,107.06101426697754,1602.73,0.0,0.0,1602.73,1813.7599999999998,0.0,0.0,1813.7599999999998,,,,,,,,,,,,,,0.0,0.0,44663.98,0.0,0.0,,0.0,,0.0,,,,,,,,44663.98,0.0
650,UTTAR PRADESH,GHAZIABAD,,729.8299999999999,0.0,0.0,729.8299999999999,116914.0,0.0,0.0,116914.0,0.0,116914.0,16097.41,0.0,0.0,16097.41,13360.71,,0.0,13360.71,1136.24,0.0,0.0,1136.24,10558.480000000001,0.0,0.0,10558.480000000001,77.79999999999998,,,77.79999999999998,,,,,766.5,0.0,0.0,766.5,824.9999999999998,0.0,0.0,824.9999999999998,42822.13,0.0,0.0,42822.13,,,,,,,,,,,,0.0,,,,0.0,,,,,,,,,,,,,,,,0.0,42822.13,0.0,0.0,42822.13,4282.21,0.0,0.0,4282.21,38539.92,0.0,0.0,38539.92,7198.326658499999,,,7198.326658499999,3388.9820448800006,,,3388.9820448800006,37218.5,,,37218.5,47805.78,,,47805.78,124.04223983858816,,,124.04223983858816,7936.88,0.0,0.0,7936.88,2062.38,0.0,0.0,2062.38,,,,,,,,,,,,,,0.0,0.0,38539.920000000006,0.0,0.0,,0.0,,0.0,,,,,,,,38539.920000000006,0.0
651,UTTAR PRADESH,GHAZIPUR,,853.7699999999999,0.0,0.0,853.7699999999999,330052.0,0.0,0.0,330052.0,0.0,330052.0,59027.009999999995,0.0,0.0,59027.009999999995,15969.150000000003,,0.0,15969.150000000003,12537.38,0.0,0.0,12537.38,17250.399999999998,0.0,0.0,17250.399999999998,497.56000000000006,0.0,0.0,497.56000000000006,135.36,,,135.36,,,,,,,,,105416.87,0.0,0.0,105416.87,,,,,,,,,,,,0.0,,,,0.0,,,,,,,,,,,,,,,,0.0,105416.87,0.0,0.0,105416.87,9762.26,0.0,0.0,9762.26,95654.61,0.0,0.0,95654.61,7013.641439999999,,,7013.641439999999,68.533,,,68.533,49221.36000000001,,,49221.36000000001,56303.52,,,56303.52,58.86127181951816,,,58.86127181951816,7362.55,0.0,0.0,7362.55,39002.170000000006,0.0,0.0,39002.170000000006,,,,,,,,,,,,,,0.0,0.0,95654.61,0.0,0.0,,0.0,,0.0,,,,,,,,95654.61,0.0
652,UTTAR PRADESH,GONDA,,1047.0,0.0,0.0,1047.0,399609.0,0.0,0.0,399609.0,0.0,399609.0,78660.56999999998,0.0,0.0,78660.56999999998,19921.63,,0.0,19921.63,81.35,0.0,0.0,81.35,20441.229999999996,0.0,0.0,20441.229999999996,3147.9100000000003,,,3147.9100000000003,0.0,,,0.0,,,,,,,,,122252.69,0.0,0.0,122252.69,,,,,,,,,,,,0.0,,,,0.0,,,,,,,,,,,,,,,,0.0,122252.69,0.0,0.0,122252.69,9280.05,0.0,0.0,9280.05,112972.64000000001,0.0,0.0,112972.64000000001,9939.225209999999,,,9939.225209999999,686.0497399999999,,,686.0497399999999,58613.45,,,58613.45,69238.73000000001,,,69238.73000000001,61.288051691099724,,,61.288051691099724,10644.32,0.0,0.0,10644.32,43028.81,0.0,0.0,43028.81,,,,,,,,,,,,,,0.0,0.0,112972.64000000001,0.0,0.0,,0.0,,0.0,,,,,,,,112972.64000000001,0.0
653,UTTAR PRADESH,GORAKHPUR,,1338.3,0.0,0.0,1338.3,321087.0,0.0,0.0,321087.0,0.0,321087.0,74592.34,0.0,0.0,74592.34,8354.91,,0.0,8354.91,60024.29,0.0,0.0,60024.29,27580.219999999998,0.0,0.0,27580.219999999998,3426.86,,,3426.86,,,,,,,,,,,,,173978.61,0.0,0.0,173978.61,,,,,,,,,,,,0.0,,,,0.0,,,,,,,,,,,,,,,,0.0,173978.61,0.0,0.0,173978.61,14940.59,0.0,0.0,14940.59,159038.02000000005,0.0,0.0,159038.02000000005,9538.746479999998,,,9538.746479999998,1156.0623699999999,,,1156.0623699999999,90729.76000000001,,,90729.76000000001,101424.58,,,101424.58,63.77379446751159,,,63.77379446751159,9998.109999999999,0.0,0.0,9998.109999999999,57154.05,0.0,0.0,57154.05,,,,,,,,,,,,,,0.0,0.0,159038.02000000002,0.0,0.0,,0.0,,0.0,,,,,,,,159038.02000000002,0.0
654,UTTAR PRADESH,HAMIRPUR,,735.88,0.0,0.0,735.88,381540.0,0.0,0.0,381540.0,0.0,381540.0,32779.74,0.0,0.0,32779.74,0.0,,0.0,0.0,4573.27,0.0,0.0,4573.27,5962.660000000001,0.0,0.0,5962.660000000001,603.97,,,603.97,1734.96,,,1734.96,,,,,,,,,45654.6,0.0,0.0,45654.6,,,,,,,,,,,,0.0,,,,0.0,,,,,,,,,,,,,,,,0.0,45654.6,0.0,0.0,45654.6,4308.34,0.0,0.0,4308.34,41346.259999999995,0.0,0.0,41346.259999999995,2213.38482,,,2213.38482,426.452935,,,426.452935,25197.530000000002,,,25197.530000000002,27837.36,,,27837.36,67.32739551291944,,,67.32739551291944,2268.15,0.0,0.0,2268.15,13454.14,0.0,0.0,13454.14,,,,,,,,,,,,,,0.0,0.0,41346.259999999995,0.0,0.0,,0.0,,0.0,,,,,,,,41346.259999999995,0.0
655,UTTAR PRADESH,HAPUR,,788.3200000000002,0.0,0.0,788.3200000000002,114481.0,0.0,0.0,114481.0,0.0,114481.0,18497.960000000003,0.0,0.0,18497.960000000003,16607.04,,0.0,16607.04,2068.41,0.0,0.0,2068.41,12237.160000000002,0.0,0.0,12237.160000000002,866.0,,,866.0,5.225,,,5.225,,,,,,,,,50281.78999999999,0.0,0.0,50281.78999999999,,,,,,,,,,,,0.0,,,,0.0,,,,,,,,,,,,,,,,0.0,50281.78999999999,0.0,0.0,50281.78999999999,3645.76,0.0,0.0,3645.76,46636.030000000006,0.0,0.0,46636.030000000006,3.4383,,,3.4383,1550.9840950000003,,,1550.9840950000003,43090.45,,,43090.45,44644.87,,,44644.87,95.73042559583223,,,95.73042559583223,3.56,0.0,0.0,3.56,1991.04,0.0,0.0,1991.04,,,,,,,,,,,,,,0.0,0.0,46636.03,0.0,0.0,,0.0,,0.0,,,,,,,,46636.03,0.0
656,UTTAR PRADESH,HARDOI,,816.35,0.0,0.0,816.35,594843.0,0.0,0.0,594843.0,0.0,594843.0,98087.60999999999,0.0,0.0,98087.60999999999,36244.68000000001,,,36244.68000000001,10182.25,0.0,0.0,10182.25,31121.969999999998,0.0,0.0,31121.969999999998,2221.2999999999997,0.0,0.0,2221.2999999999997,,,,,,,,,,,,,177857.81000000003,0.0,0.0,177857.81000000003,,,,,,,,,,,,0.0,,,,0.0,,,,,,,,,,,,,,,,0.0,177857.81000000003,0.0,0.0,177857.81000000003,16072.22,0.0,0.0,16072.22,161785.58999999997,0.0,0.0,161785.58999999997,8745.49344,,,8745.49344,1513.9534,,,1513.9534,88700.30000000002,,,88700.30000000002,98959.73999999999,,,98959.73999999999,61.1672152013044,,,61.1672152013044,9183.179999999998,0.0,0.0,9183.179999999998,62388.15000000001,0.0,0.0,62388.15000000001,,,,,,,,,,,,,,0.0,0.0,161785.58999999997,0.0,0.0,,0.0,,0.0,,,,,,,,161785.58999999997,0.0
657,UTTAR PRADESH,HATHRAS,,618.98,0.0,0.0,618.98,183799.0,0.0,0.0,183799.0,0.0,183799.0,22819.16,0.0,0.0,22819.16,22306.13,,0.0,22306.13,15763.88,0.0,0.0,15763.88,11440.21,0.0,0.0,11440.21,304.96,,,304.96,67.476,,,67.476,,,,,,,,,72701.83,0.0,0.0,72701.83,,,,,,,,,,,,0.0,,,,0.0,,,,,,,,,,,,,,,,0.0,72701.83,0.0,0.0,72701.83,7270.189999999999,0.0,0.0,7270.189999999999,65431.64,0.0,0.0,65431.64,4206.08991,,,4206.08991,194.67445600999997,,,194.67445600999997,57072.899999999994,,,57072.899999999994,61473.689999999995,,,61473.689999999995,93.95101513579668,,,93.95101513579668,4390.96,0.0,0.0,4390.96,8677.25,0.0,0.0,8677.25,,,,,,,,,,,,,,0.0,0.0,65431.64,0.0,0.0,,0.0,,0.0,,,,,,,,65431.64,0.0
658,UTTAR PRADESH,JALAUN,,687.1999999999999,0.0,0.0,687.1999999999999,456583.0,0.0,0.0,456583.0,0.0,456583.0,65326.90000000001,0.0,0.0,65326.90000000001,2754.55,,0.0,2754.55,20910.350000000002,0.0,0.0,20910.350000000002,14696.44,0.0,0.0,14696.44,48.46,,,48.46,0.0,,,0.0,,,,,,,,,103736.70999999999,0.0,0.0,103736.70999999999,,,,,,,,,,,,0.0,,,,0.0,,,,,,,,,,,,,,,,0.0,103736.70999999999,0.0,0.0,103736.70999999999,9969.16,0.0,0.0,9969.16,93767.54999999999,0.0,0.0,93767.54999999999,4367.289239999999,,,4367.289239999999,31.58379,,,31.58379,47860.775,,,47860.775,52259.64,,,52259.64,55.73318274818955,,,55.73318274818955,4509.25,0.0,0.0,4509.25,41365.94,0.0,0.0,41365.94,,,,,,,,,,,,,,0.0,0.0,93767.54999999999,0.0,0.0,,0.0,,0.0,,,,,,,,93767.54999999999,0.0
659,UTTAR PRADESH,JAUNPUR,,901.7200000000001,0.0,0.0,901.7200000000001,399094.0,0.0,0.0,399094.0,0.0,399094.0,69133.5,0.0,0.0,69133.5,23984.539999999997,,0.0,23984.539999999997,15634.76,0.0,0.0,15634.76,20828.069999999996,0.0,0.0,20828.069999999996,1427.48,,,1427.48,85.16799999999999,,,85.16799999999999,,,,,,,,,131093.50999999998,0.0,0.0,131093.50999999998,,,,,,,,,,,,0.0,,,,0.0,,,,,,,,,,,,,,,,0.0,131093.50999999998,0.0,0.0,131093.50999999998,11918.640000000001,0.0,0.0,11918.640000000001,119174.87,0.0,0.0,119174.87,13796.439359999997,,,13796.439359999997,228.63389999999998,,,228.63389999999998,69600.95000000001,,,69600.95000000001,83626.01999999999,,,83626.01999999999,70.17085061640931,,,70.17085061640931,14572.660000000003,0.0,0.0,14572.660000000003,34772.64,0.0,0.0,34772.64,,,,,,,,,,,,,,0.0,0.0,119174.87,0.0,0.0,,0.0,,0.0,,,,,,,,119174.87,0.0
660,UTTAR PRADESH,JHANSI,,764.9900000000001,0.0,0.0,764.9900000000001,461937.0,0.0,0.0,461937.0,40462.99999999999,502400.0,32707.649999999998,0.0,0.0,32707.649999999998,2923.0099999999998,,,2923.0099999999998,25959.15,0.0,0.0,25959.15,12150.45,0.0,0.0,12150.45,417.63000000000005,,,417.63000000000005,0.0,,,0.0,,,,,,,,,74157.88,0.0,0.0,74157.88,,,,,,,,,,,,0.0,,,,0.0,,,,,,,,,,,,,,,,0.0,74157.88,0.0,0.0,74157.88,6798.88,0.0,0.0,6798.88,67359.0,0.0,0.0,67359.0,3242.6213099999995,,,3242.6213099999995,81.28817499999997,,,81.28817499999997,40748.340000000004,,,40748.340000000004,44072.240000000005,,,44072.240000000005,65.42888107008716,,,65.42888107008716,3439.34,0.0,0.0,3439.34,23090.04,0.0,0.0,23090.04,,,,,,,,,,,,,,0.0,0.0,67359.0,0.0,0.0,,0.0,,0.0,,,,,,,,67359.0,0.0
661,UTTAR PRADESH,KANNAUJ,,714.62,0.0,0.0,714.62,214346.0,0.0,0.0,214346.0,0.0,214346.0,24960.550000000003,0.0,0.0,24960.550000000003,21757.93,,0.0,21757.93,1508.47,0.0,0.0,1508.47,10931.31,0.0,0.0,10931.31,339.34000000000003,,,339.34000000000003,45.699999999999996,,,45.699999999999996,,,,,,,,,59543.299999999996,0.0,0.0,59543.299999999996,,,,,,,,,,,,0.0,,,,0.0,,,,,,,,,,,,,,,,0.0,59543.299999999996,0.0,0.0,59543.299999999996,5292.33,0.0,0.0,5292.33,54250.97,0.0,0.0,54250.97,4464.92163,,,4464.92163,19.009,,,19.009,38278.34117045498,,,38278.34117045498,42762.27,,,42762.27,78.8230514588034,,,78.8230514588034,4685.36,0.0,0.0,4685.36,16936.739999999998,0.0,0.0,16936.739999999998,,,,,,,,,,,,,,0.0,0.0,54250.97,0.0,0.0,,0.0,,0.0,,,,,,,,54250.97,0.0
662,UTTAR PRADESH,KANPUR DEHAT,,670.38,0.0,0.0,670.38,323737.0,0.0,0.0,323737.0,0.0,323737.0,43417.259999999995,0.0,0.0,43417.259999999995,14387.25,,0.0,14387.25,8585.53,0.0,0.0,8585.53,14513.039999999999,0.0,0.0,14513.039999999999,440.22999999999996,,,440.22999999999996,,,,,,,,,,,,,81343.31,0.0,0.0,81343.31,,,,,,,,,,,,0.0,,,,0.0,,,,,,,,,,,,,,,,0.0,81343.31,0.0,0.0,81343.31,7782.959999999999,0.0,0.0,7782.959999999999,73560.35,0.0,0.0,73560.35,4090.9659899999997,,,4090.9659899999997,965.1222399999998,,,965.1222399999998,47473.729999999996,,,47473.729999999996,52529.82,,,52529.82,71.41050851443745,,,71.41050851443745,4202.93,0.0,0.0,4202.93,20918.56,0.0,0.0,20918.56,,,,,,,,,,,,,,0.0,0.0,73560.35,0.0,0.0,,0.0,,0.0,,,,,,,,73560.35,0.0
663,UTTAR PRADESH,KANPUR NAGAR,,709.6,0.0,0.0,709.6,309483.0,0.0,0.0,309483.0,0.0,309483.0,43580.659999999996,0.0,0.0,43580.659999999996,17911.96,,0.0,17911.96,6860.71,0.0,0.0,6860.71,17302.280000000002,0.0,0.0,17302.280000000002,724.79,,,724.79,105.50399999999999,,,105.50399999999999,1220.56,0.0,0.0,1220.56,150.0,0.0,0.0,150.0,87856.46999999999,0.0,0.0,87856.46999999999,,,,,,,,,,,,0.0,,,,0.0,,,,,,,,,,,,,,,,0.0,87856.46999999999,0.0,0.0,87856.46999999999,7830.3,0.0,0.0,7830.3,80026.16999999998,0.0,0.0,80026.16999999998,8071.899985199999,,,8071.899985199999,616.517419875,,,616.517419875,54595.039873485686,,,54595.039873485686,63283.47,,,63283.47,79.07846895584284,,,79.07846895584284,8284.69,0.0,0.0,8284.69,16603.66,0.0,0.0,16603.66,,,,,,,,,,,,,,0.0,0.0,80026.16999999998,0.0,0.0,,0.0,,0.0,,,,,,,,80026.16999999998,0.0
664,UTTAR PRADESH,KASGANJ,,724.77,0.0,0.0,724.77,199388.0,0.0,0.0,199388.0,0.0,199388.0,27416.54,0.0,0.0,27416.54,13607.77,,0.0,13607.77,19043.35,0.0,0.0,19043.35,12927.71,0.0,0.0,12927.71,295.66,0.0,0.0,295.66,8.772,,,8.772,,,,,,,,,73299.8,0.0,0.0,73299.8,,,,,,,,,,,,0.0,,,,0.0,,,,,,,,,,,,,,,,0.0,73299.8,0.0,0.0,73299.8,6712.5199999999995,0.0,0.0,6712.5199999999995,66587.28,0.0,0.0,66587.28,4071.27351,,,4071.27351,13.524,,,13.524,42566.47,,,42566.47,46651.270000000004,,,46651.270000000004,70.06033284435105,,,70.06033284435105,4325.080000000001,0.0,0.0,4325.080000000001,19682.199999999997,0.0,0.0,19682.199999999997,,,,,,,,,,,,,,0.0,0.0,66587.28,0.0,0.0,,0.0,,0.0,,,,,,,,66587.28,0.0
665,UTTAR PRADESH,KAUSHAMBI,,846.45,0.0,0.0,846.45,178001.0,0.0,0.0,178001.0,0.0,178001.0,31767.04,0.0,0.0,31767.04,6728.199999999999,,,6728.199999999999,2240.83,0.0,0.0,2240.83,9762.18,0.0,0.0,9762.18,751.5300000000001,,,751.5300000000001,157.856,,,157.856,,,,,,,,,51407.649999999994,0.0,0.0,51407.649999999994,,,,,,,,,,,,0.0,,,,0.0,,,,,,,,,,,,,,,,0.0,51407.649999999994,0.0,0.0,51407.649999999994,5140.77,0.0,0.0,5140.77,46266.88,0.0,0.0,46266.88,4631.75364,,,4631.75364,0.7,,,0.7,32447.0,,,32447.0,37079.46,,,37079.46,80.14255553864882,,,80.14255553864882,4995.9,0.0,0.0,4995.9,10236.21,0.0,0.0,10236.21,,,,,,,,,,,,,,0.0,0.0,46266.88,0.0,0.0,,0.0,,0.0,,,,,,,,46266.88,0.0
666,UTTAR PRADESH,KUSHI NAGAR,,1112.0,0.0,0.0,1112.0,287378.0,0.0,0.0,287378.0,0.0,287378.0,49299.39,0.0,0.0,49299.39,39647.280000000006,,0.0,39647.280000000006,61688.399999999994,0.0,0.0,61688.399999999994,22274.66,0.0,0.0,22274.66,875.26,,,875.26,,,,,,,,,,,,,173784.99000000002,0.0,0.0,173784.99000000002,,,,,,,,,,,,0.0,,,,0.0,,,,,,,,,,,,,,,,0.0,173784.99000000002,0.0,0.0,173784.99000000002,16769.100000000002,0.0,0.0,16769.100000000002,157015.88999999998,0.0,0.0,157015.88999999998,8828.70249,,,8828.70249,191.64802191780822,,,191.64802191780822,72569.98000000001,,,72569.98000000001,81590.31999999999,,,81590.31999999999,51.96309749287158,,,51.96309749287158,9454.67,0.0,0.0,9454.67,74799.59999999999,0.0,0.0,74799.59999999999,,,,,,,,,,,,,,0.0,0.0,157015.88999999998,0.0,0.0,,0.0,,0.0,,,,,,,,157015.88999999998,0.0
667,UTTAR PRADESH,LAKHIMPUR KHERI,,1130.0,0.0,0.0,1130.0,655505.0,0.0,0.0,655505.0,0.0,655505.0,139912.53999999998,0.0,0.0,139912.53999999998,42161.18,,0.0,42161.18,4803.969999999999,0.0,0.0,4803.969999999999,37634.020000000004,0.0,0.0,37634.020000000004,3468.16,,,3468.16,,,,,,,,,,,,,227979.86000000002,0.0,0.0,227979.86000000002,,,,,,,,,,,,0.0,,,,0.0,,,,,,,,,,,,,,,,0.0,227979.86000000002,0.0,0.0,227979.86000000002,17663.829999999998,0.0,0.0,17663.829999999998,210316.03000000003,0.0,0.0,210316.03000000003,12418.52421,,,12418.52421,1849.6943500000007,,,1849.6943500000007,116147.28000000001,,,116147.28000000001,130415.51000000001,,,130415.51000000001,62.0093057100783,,,62.0093057100783,13690.090000000002,0.0,0.0,13690.090000000002,78628.95,0.0,0.0,78628.95,,,,,,,,,,,,,,0.0,0.0,210316.03000000003,0.0,0.0,,0.0,,0.0,,,,,,,,210316.03000000003,0.0
668,UTTAR PRADESH,LALITPUR,,909.89,0.0,0.0,909.89,381942.0,0.0,0.0,381942.0,121981.0,503923.0,16130.369999999999,0.0,0.0,16130.369999999999,1948.5600000000002,,0.0,1948.5600000000002,12794.07,0.0,0.0,12794.07,8085.96,0.0,0.0,8085.96,699.81,,,699.81,0.0,,,0.0,,,,,,,,,39658.76,0.0,0.0,39658.76,,,,,,,,,,,,0.0,,,,0.0,,,,,,,,,,,,,,,,0.0,39658.76,0.0,0.0,39658.76,3319.46,0.0,0.0,3319.46,36339.3,0.0,0.0,36339.3,3522.4989299999997,,,3522.4989299999997,1.67339,,,1.67339,27055.285,,,27055.285,30579.47,,,30579.47,84.1498597936669,,,84.1498597936669,3775.9,0.0,0.0,3775.9,5506.42,0.0,0.0,5506.42,,,,,,,,,,,,,,0.0,0.0,36339.3,0.0,0.0,,0.0,,0.0,,,,,,,,36339.3,0.0
669,UTTAR PRADESH,LUCKNOW,,879.8300000000002,0.0,0.0,879.8300000000002,245286.0,0.0,0.0,245286.0,0.0,245286.0,41891.18,0.0,0.0,41891.18,22896.579999999998,,0.0,22896.579999999998,4932.349999999999,0.0,0.0,4932.349999999999,8444.48,0.0,0.0,8444.48,890.8199999999999,0.0,0.0,890.8199999999999,0.0,0.0,,0.0,3883.6000000000004,0.0,0.0,3883.6000000000004,100.0,0.0,0.0,100.0,83039.01000000001,0.0,0.0,83039.01000000001,,,,,,,,,,,,0.0,,,,0.0,,,,,,,,,,,,,,,,0.0,83039.01000000001,0.0,0.0,83039.01000000001,6403.97,0.0,0.0,6403.97,76635.04,0.0,0.0,76635.04,12737.5729365,,,12737.5729365,7318.565889726028,,,7318.565889726028,30888.789999999997,,,30888.789999999997,50944.91,,,50944.91,66.47730594255579,,,66.47730594255579,13872.830000000002,0.0,0.0,13872.830000000002,25816.23,0.0,0.0,25816.23,,,,,,,,,,,,,,0.0,0.0,76635.04,0.0,0.0,,0.0,,0.0,,,,,,,,76635.04,0.0
670,UTTAR PRADESH,MAHOBA,,809.7,0.0,0.0,809.7,229341.0,0.0,0.0,229341.0,0.0,229341.0,9414.19,0.0,0.0,9414.19,9106.16,,0.0,9106.16,5577.27,0.0,0.0,5577.27,6143.91,0.0,0.0,6143.91,394.23,,,394.23,0.0,,,0.0,,,,,,,,,30635.760000000002,0.0,0.0,30635.760000000002,,,,,,,,,,,,0.0,,,,0.0,,,,,,,,,,,,,,,,0.0,30635.760000000002,0.0,0.0,30635.760000000002,2792.43,0.0,0.0,2792.43,27843.33,0.0,0.0,27843.33,1171.788189,,,1171.788189,0.41499989,,,0.41499989,24406.699999999997,,,24406.699999999997,25578.910000000003,,,25578.910000000003,91.86728024270087,,,91.86728024270087,1212.54,0.0,0.0,1212.54,3218.42,0.0,0.0,3218.42,,,,,,,,,,,,,,0.0,0.0,27843.33,0.0,0.0,,0.0,,0.0,,,,,,,,27843.33,0.0
671,UTTAR PRADESH,MAHRAJGANJ,,1389.1,0.0,0.0,1389.1,247760.0,0.0,0.0,247760.0,0.0,247760.0,69228.27,0.0,0.0,69228.27,18097.73,,0.0,18097.73,7239.51,0.0,0.0,7239.51,17689.42,0.0,0.0,17689.42,573.44,,,573.44,,,,,,,,,,,,,112828.37999999999,0.0,0.0,112828.37999999999,,,,,,,,,,,,0.0,,,,0.0,,,,,,,,,,,,,,,,0.0,112828.37999999999,0.0,0.0,112828.37999999999,9237.14,0.0,0.0,9237.14,103591.24,0.0,0.0,103591.24,7231.064639999999,,,7231.064639999999,24.029000105,,,24.029000105,59101.2,,,59101.2,66356.32,,,66356.32,64.0559182417355,,,64.0559182417355,7698.580000000001,0.0,0.0,7698.580000000001,36767.40000000001,0.0,0.0,36767.40000000001,,,,,,,,,,,,,,0.0,0.0,103591.24,0.0,0.0,,0.0,,0.0,,,,,,,,103591.24,0.0
672,UTTAR PRADESH,MAINPURI,,659.74,0.0,0.0,659.74,276072.0,0.0,0.0,276072.0,0.0,276072.0,38118.26,0.0,0.0,38118.26,22298.339999999997,,,22298.339999999997,16686.0,0.0,0.0,16686.0,17024.11,0.0,0.0,17024.11,1080.36,0.0,0.0,1080.36,104.83200000000001,,,104.83200000000001,,,,,,,,,95311.9,0.0,0.0,95311.9,,,,,,,,,,,,0.0,,,,0.0,,,,,,,,,,,,,,,,0.0,95311.9,0.0,0.0,95311.9,9076.71,0.0,0.0,9076.71,86235.19000000002,0.0,0.0,86235.19000000002,5040.03096,,,5040.03096,9.588740164999999,,,9.588740164999999,58325.69000000001,,,58325.69000000001,63375.29,,,63375.29,73.49121628884913,,,73.49121628884913,5240.74,0.0,0.0,5240.74,24311.54,0.0,0.0,24311.54,,,,,,,,,,,,,,0.0,0.0,86235.19,0.0,0.0,,0.0,,0.0,,,,,,,,86235.19,0.0
673,UTTAR PRADESH,MATHURA,,556.8900000000001,0.0,0.0,556.8900000000001,336078.0,0.0,0.0,336078.0,0.0,336078.0,36380.96,0.0,0.0,36380.96,36892.520000000004,,0.0,36892.520000000004,40839.85999999999,0.0,0.0,40839.85999999999,24283.910000000003,0.0,0.0,24283.910000000003,291.73,0.0,0.0,291.73,211.92,,,211.92,,,,,,,,,138900.9,0.0,0.0,138900.9,,,,,,,,,,,,0.0,,,,0.0,,,,,,,,,,,,,,,,0.0,138900.9,0.0,0.0,138900.9,10969.689999999999,0.0,0.0,10969.689999999999,127931.21,0.0,0.0,127931.21,6606.14376,,,6606.14376,1574.8192592450002,,,1574.8192592450002,84118.90999999999,,,84118.90999999999,92299.91,,,92299.91,72.14807864320207,,,72.14807864320207,6972.000000000001,0.0,0.0,6972.000000000001,36892.7,0.0,0.0,36892.7,,,,,,,,,,,,,,0.0,0.0,127931.21,0.0,0.0,,0.0,,0.0,,,,,,,,127931.21,0.0
674,UTTAR PRADESH,MAUNATH BHANJAN,,897.3000000000001,0.0,0.0,897.3000000000001,171624.0,0.0,0.0,171624.0,0.0,171624.0,31453.04,0.0,0.0,31453.04,7108.01,,0.0,7108.01,3421.46,0.0,0.0,3421.46,7060.86,0.0,0.0,7060.86,2102.09,,,2102.09,,,,,,,,,,,,,51145.46000000001,0.0,0.0,51145.46000000001,,,,,,,,,,,,0.0,,,,0.0,,,,,,,,,,,,,,,,0.0,51145.46000000001,0.0,0.0,51145.46000000001,4494.89,0.0,0.0,4494.89,46650.57,0.0,0.0,46650.57,6509.678639999999,,,6509.678639999999,9.369,,,9.369,23739.05,,,23739.05,30258.11,,,30258.11,64.86117961688358,,,64.86117961688358,7033.82,0.0,0.0,7033.82,15868.32,0.0,0.0,15868.32,,,,,,,,,,,,,,0.0,0.0,46650.57,0.0,0.0,,0.0,,0.0,,,,,,,,46650.57,0.0
675,UTTAR PRADESH,MEERUT,,856.8899999999999,0.0,0.0,856.8899999999999,281049.0,0.0,0.0,281049.0,0.0,281049.0,45483.67,0.0,0.0,45483.67,16954.39,,0.0,16954.39,8702.36,0.0,0.0,8702.36,12866.430000000002,0.0,0.0,12866.430000000002,373.90000000000003,,,373.90000000000003,72.81599999999999,0.0,0.0,72.81599999999999,0.0,0.0,0.0,0.0,0.0,0.0,0.0,0.0,84453.57999999999,0.0,0.0,84453.57999999999,,,,,,,,,,,,0.0,,,,0.0,,,,,,,,,,,,,,,,0.0,84453.57999999999,0.0,0.0,84453.57999999999,6762.380000000001,0.0,0.0,6762.380000000001,77691.2,0.0,0.0,77691.2,9622.18137375,,,9622.18137375,2890.7595270000006,,,2890.7595270000006,47248.7422,,,47248.7422,59761.66999999999,,,59761.66999999999,76.92205809666989,,,76.92205809666989,9910.16,0.0,0.0,9910.16,19784.030000000002,0.0,0.0,19784.030000000002,,,,,,,,,,,,,,0.0,0.0,77691.2,0.0,0.0,,0.0,,0.0,,,,,,,,77691.2,0.0
676,UTTAR PRADESH,MIRZAPUR,,1003.2000000000002,0.0,0.0,1003.2000000000002,295437.0,0.0,0.0,295437.0,156648.0,452085.0,26962.180000000004,0.0,0.0,26962.180000000004,4107.719999999999,,,4107.719999999999,21100.16,0.0,0.0,21100.16,8031.719999999999,0.0,0.0,8031.719999999999,1031.99,,,1031.99,1335.0720000000001,,,1335.0720000000001,,,,,,,,,62568.81999999999,0.0,0.0,62568.81999999999,,,,,,,,,,,,0.0,,,,0.0,,,,,,,,,,,,,,,,0.0,62568.81999999999,0.0,0.0,62568.81999999999,5508.399999999999,0.0,0.0,5508.399999999999,57060.42,0.0,0.0,57060.42,6922.268069999998,,,6922.268069999998,142.77146,,,142.77146,28200.879999999994,,,28200.879999999994,35265.93,,,35265.93,61.80453981937042,,,61.80453981937042,7319.87,0.0,0.0,7319.87,21396.899999999998,0.0,0.0,21396.899999999998,,,,,,,,,,,,,,0.0,0.0,57060.42,0.0,0.0,,0.0,,0.0,,,,,,,,57060.42,0.0
677,UTTAR PRADESH,MORADABAD,,902.59,0.0,0.0,902.59,224944.0,0.0,0.0,224944.0,0.0,224944.0,41850.45000000001,0.0,0.0,41850.45000000001,9176.18,,0.0,9176.18,3746.0900000000006,0.0,0.0,3746.0900000000006,12806.930000000002,0.0,0.0,12806.930000000002,2044.74,0.0,0.0,2044.74,181.642,,,181.642,450.0,0.0,0.0,450.0,600.0,0.0,0.0,600.0,70856.02,0.0,0.0,70856.02,,,,,,,,,,,,0.0,,,,0.0,,,,,,,,,,,,,,,,0.0,70856.02,0.0,0.0,70856.02,6442.07,0.0,0.0,6442.07,64413.95,0.0,0.0,64413.95,10265.865215625,,,10265.865215625,1154.68999979,,,1154.68999979,43241.03,,,43241.03,54661.6,,,54661.6,84.85987895479163,,,84.85987895479163,11109.49,0.0,0.0,11109.49,12714.540000000003,0.0,0.0,12714.540000000003,,,,,,,,,,,,,,0.0,0.0,64413.95,0.0,0.0,,0.0,,0.0,,,,,,,,64413.95,0.0
678,UTTAR PRADESH,MUZAFFARNAGAR,,869.0999999999999,0.0,0.0,869.0999999999999,275666.0,0.0,0.0,275666.0,0.0,275666.0,47940.35,0.0,0.0,47940.35,29653.780000000002,,0.0,29653.780000000002,14034.7,0.0,0.0,14034.7,19474.02,0.0,0.0,19474.02,342.74,,,342.74,,,,,,,,,,,,,111445.57,0.0,0.0,111445.57,,,,,,,,,,,,0.0,,,,0.0,,,,,,,,,,,,,,,,0.0,111445.57,0.0,0.0,111445.57,8633.03,0.0,0.0,8633.03,102812.54000000001,0.0,0.0,102812.54000000001,6771.552087499998,,,6771.552087499998,2562.9850442477773,,,2562.9850442477773,70259.38,,,70259.38,79593.85,,,79593.85,77.41648051881609,,,77.41648051881609,7242.549999999999,0.0,0.0,7242.549999999999,24128.38,0.0,0.0,24128.38,,,,,,,,,,,,,,0.0,0.0,102812.54000000001,0.0,0.0,,0.0,,0.0,,,,,,,,102812.54000000001,0.0
679,UTTAR PRADESH,PILIBHIT,,1244.84,0.0,0.0,1244.84,336959.0,0.0,0.0,336959.0,0.0,336959.0,75538.83,0.0,0.0,75538.83,14758.52,,0.0,14758.52,6759.65,0.0,0.0,6759.65,21162.09,0.0,0.0,21162.09,1510.5,0.0,0.0,1510.5,,,,,,,,,,,,,119729.6,0.0,0.0,119729.6,,,,,,,,,,,,0.0,,,,0.0,,,,,,,,,,,,,,,,0.0,119729.6,0.0,0.0,119729.6,11972.970000000001,0.0,0.0,11972.970000000001,107756.62999999999,0.0,0.0,107756.62999999999,5496.48609,,,5496.48609,525.010000495,,,525.010000495,61628.89000000001,,,61628.89000000001,67650.39,,,67650.39,62.780721705940515,,,62.780721705940515,5768.94,0.0,0.0,5768.94,39833.78,0.0,0.0,39833.78,,,,,,,,,,,,,,0.0,0.0,107756.62999999999,0.0,0.0,,0.0,,0.0,,,,,,,,107756.62999999999,0.0
680,UTTAR PRADESH,PRATAPGARH,,837.75,0.0,0.0,837.75,371743.0,0.0,0.0,371743.0,0.0,371743.0,64345.79000000001,0.0,0.0,64345.79000000001,32294.34,,0.0,32294.34,16389.0,0.0,0.0,16389.0,27246.69,0.0,0.0,27246.69,829.1,,,829.1,591.688,,,591.688,,,,,,,,,141696.61,0.0,0.0,141696.61,,,,,,,,,,,,0.0,,,,0.0,,,,,,,,,,,,,,,,0.0,141696.61,0.0,0.0,141696.61,12168.759999999997,0.0,0.0,12168.759999999997,129527.85,0.0,0.0,129527.85,8330.098619999999,,,8330.098619999999,35.9,,,35.9,91157.06,,,91157.06,99523.07999999997,,,99523.07999999997,76.83527519371313,,,76.83527519371313,8699.65,0.0,0.0,8699.65,29635.220000000005,0.0,0.0,29635.220000000005,,,,,,,,,,,,,,0.0,0.0,129527.85,0.0,0.0,,0.0,,0.0,,,,,,,,129527.85,0.0
681,UTTAR PRADESH,PRAYAGRAJ,,843.0900000000001,0.0,0.0,843.0900000000001,499630.0,0.0,0.0,499630.0,47370.0,547000.0,73683.7,0.0,0.0,73683.7,16630.440000000002,,,16630.440000000002,30636.880000000005,0.0,0.0,30636.880000000005,19695.499999999996,0.0,0.0,19695.499999999996,2036.6999999999996,,,2036.6999999999996,89.25800000000002,,,89.25800000000002,227.16288445500004,0.0,0.0,227.16288445500004,25.0,0.0,0.0,25.0,143024.59999999998,0.0,0.0,143024.59999999998,,,,,,,,,,,,0.0,,,,0.0,,,,,,,,,,,,,,,,0.0,143024.59999999998,0.0,0.0,143024.59999999998,14038.14,0.0,0.0,14038.14,128986.46000000002,0.0,0.0,128986.46000000002,16204.079233124998,,,16204.079233124998,1711.1935774299998,,,1711.1935774299998,75874.78000000001,,,75874.78000000001,93790.05,,,93790.05,72.71309717314513,,,72.71309717314513,16988.510000000002,0.0,0.0,16988.510000000002,36429.920000000006,0.0,0.0,36429.920000000006,,,,,,,,,,,,,,0.0,0.0,128986.46000000002,0.0,0.0,,0.0,,0.0,,,,,,,,128986.46000000002,0.0
682,UTTAR PRADESH,RAIBARELI,,748.3,0.0,0.0,748.3,392458.0,0.0,0.0,392458.0,0.0,392458.0,56874.340000000004,0.0,0.0,56874.340000000004,23444.53,,0.0,23444.53,23636.579999999998,0.0,0.0,23636.579999999998,17887.11,0.0,0.0,17887.11,2055.51,,,2055.51,328.68,,,328.68,,,,,,,,,124226.74999999997,0.0,0.0,124226.74999999997,,,,,,,,,,,,0.0,,,,0.0,,,,,,,,,,,,,,,,0.0,124226.74999999997,0.0,0.0,124226.74999999997,9250.279999999999,0.0,0.0,9250.279999999999,114976.47,0.0,0.0,114976.47,7227.30441,,,7227.30441,75.72210028500001,,,75.72210028500001,58540.315,,,58540.315,65843.32,,,65843.32,57.26677815034677,,,57.26677815034677,7673.42,0.0,0.0,7673.42,48687.02999999999,0.0,0.0,48687.02999999999,,,,,,,,,,,,,,0.0,0.0,114976.47,0.0,0.0,,0.0,,0.0,,,,,,,,114976.47,0.0
683,UTTAR PRADESH,RAMPUR,,1051.6100000000001,0.0,0.0,1051.6100000000001,229790.0,0.0,0.0,229790.0,0.0,229790.0,48735.97,0.0,0.0,48735.97,18743.8,,0.0,18743.8,168.28,0.0,0.0,168.28,13073.439999999999,0.0,0.0,13073.439999999999,545.38,,,545.38,48.019999999999996,,,48.019999999999996,,,,,,,,,81314.89,0.0,0.0,81314.89,,,,,,,,,,,,0.0,,,,0.0,,,,,,,,,,,,,,,,0.0,81314.89,0.0,0.0,81314.89,7026.51,0.0,0.0,7026.51,74288.38,0.0,0.0,74288.38,5280.5718,,,5280.5718,851.9623497599999,,,851.9623497599999,47015.01,,,47015.01,53147.53,,,53147.53,71.54218465929665,,,71.54218465929665,5579.04,0.0,0.0,5579.04,20842.38,0.0,0.0,20842.38,,,,,,,,,,,,,,0.0,0.0,74288.38,0.0,0.0,,0.0,,0.0,,,,,,,,74288.38,0.0
684,UTTAR PRADESH,SAHARANPUR,,1102.65,0.0,0.0,1102.65,368941.0,0.0,0.0,368941.0,0.0,368941.0,90875.27,0.0,0.0,90875.27,15260.650000000003,,0.0,15260.650000000003,8542.53,0.0,0.0,8542.53,34852.01,0.0,0.0,34852.01,379.09000000000003,,,379.09000000000003,244.44,,,244.44,,,,,,,,,150153.97,0.0,0.0,150153.97,,,,,,,,,,,,0.0,,,,0.0,,,,,,,,,,,,,,,,0.0,150153.97,0.0,0.0,150153.97,12934.099999999999,0.0,0.0,12934.099999999999,137219.87,0.0,0.0,137219.87,7382.82288,,,7382.82288,1519.0562501,,,1519.0562501,123853.49099999998,,,123853.49099999998,132755.4,,,132755.4,96.74648431018043,,,96.74648431018043,7702.09,0.0,0.0,7702.09,21476.32,0.0,0.0,21476.32,,,,,,,,,,,,,,0.0,0.0,137219.87,0.0,0.0,,0.0,,0.0,,,,,,,,137219.87,0.0
685,UTTAR PRADESH,SAMBHAL,,784.5400000000001,0.0,0.0,784.5400000000001,241520.0,0.0,0.0,241520.0,0.0,241520.0,38992.55,0.0,0.0,38992.55,0.0,,0.0,0.0,41.6,0.0,0.0,41.6,7922.289999999999,0.0,0.0,7922.289999999999,719.47,,,719.47,32.256,,,32.256,,,,,,,,,47708.170000000006,0.0,0.0,47708.170000000006,,,,,,,,,,,,0.0,,,,0.0,,,,,,,,,,,,,,,,0.0,47708.170000000006,0.0,0.0,47708.170000000006,4269.030000000001,0.0,0.0,4269.030000000001,43439.14,0.0,0.0,43439.14,5842.790789999999,,,5842.790789999999,1378.20035005,,,1378.20035005,30964.462000000003,,,30964.462000000003,38185.44,,,38185.44,87.90560770770325,,,87.90560770770325,6263.01,0.0,0.0,6263.01,4940.88,0.0,0.0,4940.88,,,,,,,,,,,,,,0.0,0.0,43439.14,0.0,0.0,,0.0,,0.0,,,,,,,,43439.14,0.0
686,UTTAR PRADESH,SANT KABIR NAGAR,,1253.9200000000003,0.0,0.0,1253.9200000000003,164699.0,0.0,0.0,164699.0,0.0,164699.0,43464.01,0.0,0.0,43464.01,1505.18,,0.0,1505.18,600.6999999999999,0.0,0.0,600.6999999999999,7339.2,0.0,0.0,7339.2,1062.61,0.0,0.0,1062.61,,,,,,,,,,,,,53971.7,0.0,0.0,53971.7,,,,,,,,,,,,0.0,,,,0.0,,,,,,,,,,,,,,,,0.0,53971.7,0.0,0.0,53971.7,5397.18,0.0,0.0,5397.18,48574.520000000004,0.0,0.0,48574.520000000004,4393.34586,,,4393.34586,250.17669984,,,250.17669984,24634.212000000003,,,24634.212000000003,29277.72,,,29277.72,60.27382257199865,,,60.27382257199865,4631.669999999999,0.0,0.0,4631.669999999999,19058.47,0.0,0.0,19058.47,,,,,,,,,,,,,,0.0,0.0,48574.520000000004,0.0,0.0,,0.0,,0.0,,,,,,,,48574.520000000004,0.0
687,UTTAR PRADESH,SANT RAVIDAS NAGAR,,949.6,0.0,0.0,949.6,98305.0,0.0,0.0,98305.0,3195.0,101500.0,18566.03,0.0,0.0,18566.03,51072.14000000001,,,51072.14000000001,1762.01,0.0,0.0,1762.01,15474.900000000001,0.0,0.0,15474.900000000001,966.69,,,966.69,6.984,,,6.984,,,,,,,,,87848.73999999999,0.0,0.0,87848.73999999999,,,,,,,,,,,,0.0,,,,0.0,,,,,,,,,,,,,,,,0.0,87848.73999999999,0.0,0.0,87848.73999999999,8784.869999999999,0.0,0.0,8784.869999999999,79063.87,0.0,0.0,79063.87,3522.47922,,,3522.47922,408.677120195,,,408.677120195,58966.020000000004,,,58966.020000000004,62897.170000000006,,,62897.170000000006,79.55235431809751,,,79.55235431809751,3648.8500000000004,0.0,0.0,3648.8500000000004,16040.320000000002,0.0,0.0,16040.320000000002,,,,,,,,,,,,,,0.0,0.0,79063.87,0.0,0.0,,0.0,,0.0,,,,,,,,79063.87,0.0
688,UTTAR PRADESH,SHAHJAHANPUR,,898.18,0.0,0.0,898.18,458131.0,0.0,0.0,458131.0,0.0,458131.0,91439.82999999999,0.0,0.0,91439.82999999999,15238.19,,0.0,15238.19,1367.6299999999997,0.0,0.0,1367.6299999999997,24221.52,0.0,0.0,24221.52,2255.2699999999995,0.0,0.0,2255.2699999999995,0.17200000000000001,,,0.17200000000000001,,,,,,,,,134522.6,0.0,0.0,134522.6,,,,,,,,,,,,0.0,,,,0.0,,,,,,,,,,,,,,,,0.0,134522.6,0.0,0.0,134522.6,10734.880000000001,0.0,0.0,10734.880000000001,123787.72000000002,0.0,0.0,123787.72000000002,8534.9638125,,,8534.9638125,2061.1278002,,,2061.1278002,69247.97,,,69247.97,79844.05000000002,,,79844.05000000002,64.50078408423711,,,64.50078408423711,9152.090000000002,0.0,0.0,9152.090000000002,43326.530000000006,0.0,0.0,43326.530000000006,,,,,,,,,,,,,,0.0,0.0,123787.72000000002,0.0,0.0,,0.0,,0.0,,,,,,,,123787.72000000002,0.0
689,UTTAR PRADESH,SHAMLI,,869.0999999999999,0.0,0.0,869.0999999999999,136126.0,0.0,0.0,136126.0,0.0,136126.0,23665.92,0.0,0.0,23665.92,11198.68,,0.0,11198.68,1136.17,0.0,0.0,1136.17,10265.93,0.0,0.0,10265.93,167.57,,,167.57,536.2919999999999,,,536.2919999999999,,,,,,,,,46970.57000000001,0.0,0.0,46970.57000000001,,,,,,,,,,,,0.0,,,,0.0,,,,,,,,,,,,,,,,0.0,46970.57000000001,0.0,0.0,46970.57000000001,3262.06,0.0,0.0,3262.06,43708.51,0.0,0.0,43708.51,3041.9319,,,3041.9319,296.761150155,,,296.761150155,40937.06,,,40937.06,44275.77,,,44275.77,101.29782506884814,,,101.29782506884814,3066.96,0.0,0.0,3066.96,1741.0800000000002,0.0,0.0,1741.0800000000002,,,,,,,,,,,,,,0.0,0.0,43708.51,0.0,0.0,,0.0,,0.0,,,,,,,,43708.51,0.0
690,UTTAR PRADESH,SHRAWASTI,,1184.5100000000002,0.0,0.0,1184.5100000000002,185782.0,0.0,0.0,185782.0,0.0,185782.0,44898.770000000004,0.0,0.0,44898.770000000004,1912.44,,0.0,1912.44,0.0,0.0,0.0,0.0,9434.380000000001,0.0,0.0,9434.380000000001,648.72,,,648.72,655.952,,,655.952,,,,,,,,,57550.25,0.0,0.0,57550.25,,,,,,,,,,,,0.0,,,,0.0,,,,,,,,,,,,,,,,0.0,57550.25,0.0,0.0,57550.25,5071.05,0.0,0.0,5071.05,52479.2,0.0,0.0,52479.2,3309.95286,,,3309.95286,0.0,,,0.0,26706.13,,,26706.13,30016.08,,,30016.08,57.19614628271773,,,57.19614628271773,3632.46,0.0,0.0,3632.46,22140.620000000003,0.0,0.0,22140.620000000003,,,,,,,,,,,,,,0.0,0.0,52479.2,0.0,0.0,,0.0,,0.0,,,,,,,,52479.2,0.0
691,UTTAR PRADESH,SIDDHARTH NAGAR,,1158.57,0.0,0.0,1158.57,289503.0,0.0,0.0,289503.0,0.0,289503.0,69788.1,0.0,0.0,69788.1,6128.79,,0.0,6128.79,5332.870000000001,0.0,0.0,5332.870000000001,14641.02,0.0,0.0,14641.02,578.44,0.0,0.0,578.44,,,,,,,,,,,,,96469.22000000002,0.0,0.0,96469.22000000002,,,,,,,,,,,,0.0,,,,0.0,,,,,,,,,,,,,,,,0.0,96469.22000000002,0.0,0.0,96469.22000000002,8322.06,0.0,0.0,8322.06,88147.15999999997,0.0,0.0,88147.15999999997,7512.4007999999985,,,7512.4007999999985,4.503509795,,,4.503509795,49166.808,,,49166.808,56683.740000000005,,,56683.740000000005,64.30580406674477,,,64.30580406674477,8079.370000000001,0.0,0.0,8079.370000000001,30896.46,0.0,0.0,30896.46,,,,,,,,,,,,,,0.0,0.0,88147.15999999997,0.0,0.0,,0.0,,0.0,,,,,,,,88147.15999999997,0.0
692,UTTAR PRADESH,SITAPUR,,991.2599999999999,0.0,0.0,991.2599999999999,574695.0,0.0,0.0,574695.0,0.0,574695.0,98708.40000000001,0.0,0.0,98708.40000000001,68887.98999999999,,0.0,68887.98999999999,3491.0699999999993,0.0,0.0,3491.0699999999993,33846.91,0.0,0.0,33846.91,2253.1,,,2253.1,,,,,,,,,,,,,207187.47999999998,0.0,0.0,207187.47999999998,,,,,,,,,,,,0.0,,,,0.0,,,,,,,,,,,,,,,,0.0,207187.47999999998,0.0,0.0,207187.47999999998,19153.71,0.0,0.0,19153.71,188033.77000000005,0.0,0.0,188033.77000000005,11470.15566,,,11470.15566,626.0798000400001,,,626.0798000400001,95746.29999999999,,,95746.29999999999,107842.54000000002,,,107842.54000000002,57.3527510510479,,,57.3527510510479,12255.85,0.0,0.0,12255.85,79405.53000000001,0.0,0.0,79405.53000000001,,,,,,,,,,,,,,0.0,0.0,188033.77000000002,0.0,0.0,,0.0,,0.0,,,,,,,,188033.77000000002,0.0
693,UTTAR PRADESH,SONBHADRA,,973.0899999999999,0.0,0.0,973.0899999999999,241458.89,0.0,0.0,241458.89,439498.63,680957.52,15475.2,0.0,0.0,15475.2,2274.7599999999993,,0.0,2274.7599999999993,23814.510000000002,0.0,0.0,23814.510000000002,6401.55,0.0,0.0,6401.55,339.2199999999999,,,339.2199999999999,9058.310000000001,,,9058.310000000001,,,,,,,,,57363.6,0.0,0.0,57363.6,,,,,,,,,,,,0.0,,,,0.0,,,,,,,,,,,,,,,,0.0,57363.6,0.0,0.0,57363.6,5595.3499999999985,0.0,0.0,5595.3499999999985,51768.25,0.0,0.0,51768.25,4400.05602,,,4400.05602,685.006800035,,,685.006800035,21249.33,,,21249.33,26334.41,,,26334.41,50.86980919772254,,,50.86980919772254,4730.88,0.0,0.0,4730.88,25103.030000000002,0.0,0.0,25103.030000000002,,,,,,,,,,,,,,0.0,0.0,51768.25,0.0,0.0,,0.0,,0.0,,,,,,,,51768.25,0.0
694,UTTAR PRADESH,SULTANPUR,,887.59,0.0,0.0,887.59,265381.0,0.0,0.0,265381.0,0.0,265381.0,49237.600000000006,0.0,0.0,49237.600000000006,21874.219999999998,,0.0,21874.219999999998,6308.94,0.0,0.0,6308.94,15103.24,0.0,0.0,15103.24,1892.5400000000002,,,1892.5400000000002,12.530000000000001,,,12.530000000000001,,,,,,,,,94429.06000000001,0.0,0.0,94429.06000000001,,,,,,,,,,,,0.0,,,,0.0,,,,,,,,,,,,,,,,0.0,94429.06000000001,0.0,0.0,94429.06000000001,9442.89,0.0,0.0,9442.89,84986.17000000001,0.0,0.0,84986.17000000001,6270.959879999999,,,6270.959879999999,5.8125,,,5.8125,46135.583999999995,,,46135.583999999995,52412.36,,,52412.36,61.67163433768105,,,61.67163433768105,6567.919999999999,0.0,0.0,6567.919999999999,32276.870000000003,0.0,0.0,32276.870000000003,,,,,,,,,,,,,,0.0,0.0,84986.17000000001,0.0,0.0,,0.0,,0.0,,,,,,,,84986.17000000001,0.0
695,UTTAR PRADESH,UNNAO,,765.6800000000002,0.0,0.0,765.6800000000002,460234.0,0.0,0.0,460234.0,0.0,460234.0,66500.26,0.0,0.0,66500.26,63365.509999999995,,0.0,63365.509999999995,15099.84,0.0,0.0,15099.84,26691.890000000003,0.0,0.0,26691.890000000003,2954.15,,,2954.15,19.532,,,19.532,,,,,,,,,174631.18999999997,0.0,0.0,174631.18999999997,,,,,,,,,,,,0.0,,,,0.0,,,,,,,,,,,,,,,,0.0,174631.18999999997,0.0,0.0,174631.18999999997,16464.08,0.0,0.0,16464.08,158167.11,0.0,0.0,158167.11,8781.444479999998,,,8781.444479999998,1331.944171164,,,1331.944171164,87098.1725,,,87098.1725,97211.53,,,97211.53,61.46127978187121,,,61.46127978187121,9372.65,0.0,0.0,9372.65,60364.369999999995,0.0,0.0,60364.369999999995,,,,,,,,,,,,,,0.0,0.0,158167.11,0.0,0.0,,0.0,,0.0,,,,,,,,158167.11,0.0
696,UTTAR PRADESH,VARANASI,,925.7799999999999,0.0,0.0,925.7799999999999,160532.0,0.0,0.0,160532.0,0.0,160532.0,28731.55,0.0,0.0,28731.55,12645.560000000001,,0.0,12645.560000000001,0.0,0.0,0.0,0.0,7791.120000000001,0.0,0.0,7791.120000000001,297.37,,,297.37,700.274,,,700.274,954.1099999999999,0.0,0.0,954.1099999999999,100.0,0.0,0.0,100.0,51219.99,0.0,0.0,51219.99,,,,,,,,,,,,0.0,,,,0.0,,,,,,,,,,,,,,,,0.0,51219.99,0.0,0.0,51219.99,4588.7,0.0,0.0,4588.7,46631.29000000001,0.0,0.0,46631.29000000001,10689.828621959998,,,10689.828621959998,241.689574935,,,241.689574935,30240.230000000003,,,30240.230000000003,41171.74,,,41171.74,88.29208885278531,,,88.29208885278531,10946.310000000001,0.0,0.0,10946.310000000001,8726.59,0.0,0.0,8726.59,,,,,,,,,,,,,,0.0,0.0,46631.29000000001,0.0,0.0,,0.0,,0.0,,,,,,,,46631.29000000001,0.0
697,UTTARAKHAND,DEHRADUN,,2183.6000000000004,0.0,0.0,2183.6000000000004,140841.68,0.0,0.0,140841.68,46651.07000000001,187492.75,53918.439999999995,0.0,0.0,53918.439999999995,625.0699999999999,,0.0,625.0699999999999,118.38,0.0,0.0,118.38,2052.3500000000004,0.0,0.0,2052.3500000000004,0.0,0.0,0.0,0.0,0.0,0.0,0.0,0.0,,,,,,,,,56714.24,0.0,0.0,56714.24,,,,,,,,,,,,0.0,,,,0.0,,,,,,,,,,,,,,,,0.0,56714.24,0.0,0.0,56714.24,5671.42,0.0,0.0,5671.42,51042.82,0.0,0.0,51042.82,7978.2427105,,,7978.2427105,712.0701869000001,,,712.0701869000001,11711.990000000002,,,11711.990000000002,20402.3,,,20402.3,39.970949880903916,,,39.970949880903916,8502.77,0.0,0.0,8502.77,30115.99,0.0,0.0,30115.99,,,,,,,,,,,,,,0.0,0.0,51042.82,0.0,0.0,,0.0,,0.0,,,,,,,,51042.82,0.0
698,UTTARAKHAND,HARIDWAR,,1019.9999999999999,0.0,0.0,1019.9999999999999,159432.38,0.0,0.0,159432.38,69877.49,229309.87000000002,31880.230000000003,0.0,0.0,31880.230000000003,7865.49,,0.0,7865.49,700.54,0.0,0.0,700.54,6862.679999999999,0.0,0.0,6862.679999999999,0.0,0.0,0.0,0.0,181.8,0.0,0.0,181.8,,,,,,,,,47490.740000000005,0.0,0.0,47490.740000000005,,,,,,,,,,,,0.0,,,,0.0,,,,,,,,,,,,,,,,0.0,47490.740000000005,0.0,0.0,47490.740000000005,3933.1399999999994,0.0,0.0,3933.1399999999994,43557.600000000006,0.0,0.0,43557.600000000006,2536.910835,,,2536.910835,3592.1284483,,,3592.1284483,22359.84,,,22359.84,28488.89,,,28488.89,65.40509578121842,,,65.40509578121842,6703.45,0.0,0.0,6703.45,10902.16,0.0,0.0,10902.16,,,,,,,,,,,,,,0.0,0.0,43557.600000000006,0.0,0.0,,0.0,,0.0,,,,,,,,43557.600000000006,0.0
699,UTTARAKHAND,NAINITAL,,1711.0,0.0,0.0,1711.0,62524.0,0.0,0.0,62524.0,174023.43,236547.43,21746.62,0.0,0.0,21746.62,2215.38,,0.0,2215.38,3300.5299999999997,0.0,0.0,3300.5299999999997,2756.12,0.0,0.0,2756.12,0.0,0.0,0.0,0.0,17.28,0.0,0.0,17.28,,,,,,,,,30035.93,0.0,0.0,30035.93,,,,,,,,,,,,0.0,,,,0.0,,,,,,,,,,,,,,,,0.0,30035.93,0.0,0.0,30035.93,3003.59,0.0,0.0,3003.59,27032.339999999997,0.0,0.0,27032.339999999997,3963.111097,,,3963.111097,2041.0800000000002,,,2041.0800000000002,8060.139999999999,,,8060.139999999999,14064.33,,,14064.33,52.02779337637807,,,52.02779337637807,4081.22,0.0,0.0,4081.22,12849.9,0.0,0.0,12849.9,,,,,,,,,,,,,,0.0,0.0,27032.339999999997,0.0,0.0,,0.0,,0.0,,,,,,,,27032.339999999997,0.0
700,UTTARAKHAND,UDHAMSINGH NAGAR,,1465.3000000000002,0.0,0.0,1465.3000000000002,267065.99,0.0,0.0,267065.99,0.0,267065.99,59392.11,0.0,0.0,59392.11,6181.0599999999995,,0.0,6181.0599999999995,3960.4800000000005,0.0,0.0,3960.4800000000005,9949.169999999998,0.0,0.0,9949.169999999998,0.0,0.0,0.0,0.0,128.52,0.0,0.0,128.52,,,,,,,,,79611.33,0.0,0.0,79611.33,,,,,,,,,,,,0.0,,,,0.0,,,,,,,,,,,,,,,,0.0,79611.33,0.0,0.0,79611.33,4836.83,0.0,0.0,4836.83,74774.5,0.0,0.0,74774.5,3212.6671000000006,,,3212.6671000000006,6612.585000000001,,,6612.585000000001,32366.870000000003,,,32366.870000000003,42192.130000000005,,,42192.130000000005,56.42582698647267,,,56.42582698647267,7031.04,0.0,0.0,7031.04,28764.0,0.0,0.0,28764.0,,,,,,,,,,,,,,0.0,0.0,74774.5,0.0,0.0,,0.0,,0.0,,,,,,,,74774.5,0.0
701,WEST BENGAL,ALIPURDUAR,,0.0,3468.3,0.0,3468.3,0.0,237597.0,0.0,237597.0,0.0,237597.0,0.0,124234.32999999999,0.0,124234.32999999999,0.0,,0.0,0.0,0.0,161.47,0.0,161.47,0.0,4214.75,0.0,4214.75,0.0,473.94000000000005,0.0,473.94000000000005,0.0,0.0,0.0,0.0,,,,,,,,,0.0,129084.49,0.0,129084.49,,,,,,,,,,,,0.0,,,,0.0,0.0,0.0,0.0,0.0,0.0,0.0,0.0,0.0,0.0,0.0,0.0,0.0,0.0,0.0,0.0,0.0,0.0,129084.49,0.0,129084.49,0.0,12908.470000000001,0.0,12908.470000000001,0.0,116176.02,0.0,116176.02,,3418.698186,,3418.698186,,163.88600000000002,,163.88600000000002,,9366.1,,9366.1,,12948.7,,12948.7,,11.145759684313509,,11.145759684313509,0.0,3688.97,0.0,3688.97,0.0,102957.05,0.0,102957.05,,,,,,,22839.015,130.59,0.0,,,,,2817928.7300000004,0.0,2934104.7499999995,0.0,0.0,,0.0,,0.0,,,,,,,,2934104.7499999995,0.0
702,WEST BENGAL,BANKURA,,1331.3632625478526,1333.8073208457604,0.0,1332.8032761580287,282638.0,405363.0,0.0,688001.0,0.0,688001.0,50133.38,64646.259999999995,0.0,114779.63999999998,1753.0100000000004,,0.0,1753.0100000000004,2475.1900000000005,5860.260000000001,0.0,8335.449999999999,6591.1900000000005,15489.730000000003,0.0,22080.920000000006,5914.61,6401.200000000001,0.0,12315.809999999998,0.0,0.0,0.0,0.0,,,,,,,,,66867.39,92397.45,0.0,159264.84000000003,,,,,,,,,,,,0.0,,,,0.0,0.0,0.0,0.0,0.0,0.0,0.0,0.0,0.0,0.0,0.0,0.0,0.0,0.0,0.0,0.0,0.0,66867.39,92397.45,0.0,159264.84000000003,6151.959999999999,6920.800000000001,0.0,13072.76,60715.42999999999,85476.65,0.0,146192.08,2517.546474,6192.438743999999,,8709.985217999998,32.339999999999996,358.56000000000006,,390.90000000000003,14647.1,35587.4,,50234.49999999999,17196.97,42138.350000000006,,59335.319999999985,28.32388735449951,49.29808316072285,,40.58723290618752,2586.31,6397.040000000001,0.0,8983.35,43449.67999999999,44782.090000000004,0.0,88231.76999999999,,,,,,,1584.75625,0.0,0.0,,,,,793907.8800000001,0.0,940099.9599999998,0.0,0.0,,0.0,,0.0,,,,,,,,940099.9599999998,0.0
703,WEST BENGAL,BIRBHUM,,1392.8,1392.8,0.0,1392.8,382688.0,72121.0,0.0,454809.0,0.0,454809.0,81964.43,6754.299999999999,0.0,88718.72999999998,1434.48,,0.0,1434.48,1004.2100000000002,544.87,0.0,1549.08,10809.98,215.68,0.0,11025.66,9516.9,1814.97,0.0,11331.869999999999,0.0,0.0,0.0,0.0,,,,,,,,,104730.02000000002,9329.82,0.0,114059.84000000003,,,,,,,,,,,,0.0,,,,0.0,0.0,0.0,0.0,0.0,0.0,0.0,0.0,0.0,0.0,0.0,0.0,0.0,0.0,0.0,0.0,0.0,104730.02000000002,9329.82,0.0,114059.84000000003,8179.719999999998,932.9699999999999,0.0,9112.69,96550.30000000002,8396.85,0.0,104947.15000000002,6992.977476,1543.544412,,8536.521888000001,88.65090000000001,1228.646,,1317.2969,24022.2,479.29999999999995,,24501.5,31103.83,3251.5000000000005,,34355.33000000001,32.21515624498318,38.722854403734736,,32.7358389436969,7349.219999999999,1618.7399999999998,0.0,8967.96,65090.22000000001,5070.16,0.0,70160.38,,,,,,,410.3,0.0,0.0,,,,,433930.97000000003,0.0,538878.12,0.0,0.0,,0.0,,0.0,,,,,,,,538878.12,0.0
704,WEST BENGAL,DAKSHIN DINAJPUR,,0.0,1584.9,0.0,1584.9,0.0,224036.0,0.0,224036.0,0.0,224036.0,0.0,79079.80000000002,0.0,79079.80000000002,0.0,,0.0,0.0,0.0,2954.79,0.0,2954.79,0.0,26030.52,0.0,26030.52,0.0,6033.72,0.0,6033.72,0.0,0.0,0.0,0.0,,,,,,,,,0.0,114098.83,0.0,114098.83,,,,,,,,,,,,0.0,,,,0.0,0.0,0.0,0.0,0.0,0.0,0.0,0.0,0.0,0.0,0.0,0.0,0.0,0.0,0.0,0.0,0.0,0.0,114098.83,0.0,114098.83,0.0,11165.689999999999,0.0,11165.689999999999,0.0,102933.14,0.0,102933.14,,3964.681392,,3964.681392,,174.69000000000003,,174.69000000000003,,58067.8,,58067.8,,62207.170000000006,,62207.170000000006,,60.43454032394232,,60.43454032394232,0.0,4075.1200000000003,0.0,4075.1200000000003,0.0,40615.53,0.0,40615.53,,,,,,,0.0,0.0,0.0,,,,,585457.05,0.0,688390.19,0.0,0.0,,0.0,,0.0,,,,,,,,688390.19,0.0
705,WEST BENGAL,DARJILING,,3118.5,3118.5,0.0,3118.5,4570.0,103902.0,0.0,108472.0,114759.0,223231.0,2101.7300000000005,39338.0,0.0,41439.73,51.42,,0.0,51.42,7.16,579.92,0.0,587.08,0.0,746.4499999999999,0.0,746.4499999999999,0.0,280.06,0.0,280.06,0.0,0.0,0.0,0.0,,,,,,,,,2160.31,40944.43,0.0,43104.74,,,,,,,,,,,,0.0,,,,0.0,0.0,0.0,0.0,0.0,0.0,0.0,0.0,0.0,0.0,0.0,0.0,0.0,0.0,0.0,0.0,0.0,2160.31,40944.43,0.0,43104.74,216.04000000000002,4094.45,0.0,4310.49,1944.2700000000002,36849.979999999996,0.0,38794.25,24.21264,3374.5096799999997,,3398.72232,0.0,834.51,,834.51,0.0,2132.7,,2132.7,24.21,6341.700000000001,,6365.910000000001,1.2451974262833865,17.20950730502432,,16.40941634391695,24.77,3706.84,0.0,3731.6099999999997,1919.5,30175.95,0.0,32095.45,,,,,,,4002.15,29.97,0.0,,,,,647124.42,0.0,685918.6699999999,0.0,0.0,,0.0,,0.0,,,,,,,,685918.6699999999,0.0
706,WEST BENGAL,HAORA,,1600.0,1600.0,1600.0,1600.0,14185.0,46421.0,71749.0,132355.0,0.0,132355.0,5030.02,15294.45,0.0,20324.47,60.39,,0.0,60.39,41.77,463.02000000000004,0.0,504.79,0.0,556.23,0.0,556.23,248.3,932.05,0.0,1180.35,0.0,0.0,0.0,0.0,,,,,,,,,5380.4800000000005,17245.749999999996,0.0,22626.229999999996,,,,,,,,,,,,0.0,,,,0.0,0.0,0.0,0.0,0.0,0.0,0.0,0.0,0.0,0.0,0.0,0.0,0.0,0.0,0.0,0.0,0.0,5380.4800000000005,17245.749999999996,0.0,22626.229999999996,368.17,1334.99,0.0,1703.1599999999999,5012.3099999999995,15910.76,0.0,20923.07,59.24826,2617.9553459999997,0.0,2677.203606,0.0,345.1886,0.0,345.1886,0.0,1248.0,0.0,1248.0,59.25,4211.14,0.0,4270.389999999999,1.1820896951704902,26.46724606492713,0.0,20.409958959177594,60.14,3041.3099999999995,0.0,3101.45,4952.17,11276.27,0.0,16228.44,,,,,,,0.0,0.0,0.0,,,,,177012.59000000003,0.0,197935.65999999997,0.0,442.77,,105398.9,,105841.67000000001,,,,,,,,197935.65999999997,0.0
707,WEST BENGAL,HUGLI,,1476.1,1476.1,0.0,1476.1000000000001,185330.0,115041.0,0.0,300371.0,0.0,300371.0,60282.39,37162.53,0.0,97444.92000000001,426.77,,0.0,426.77,1857.6100000000001,1707.82,0.0,3565.4300000000003,11014.160000000002,10785.41,0.0,21799.570000000003,4466.259999999999,2897.6599999999994,0.0,7363.92,0.0,0.0,0.0,0.0,,,,,,,,,78047.2,52553.409999999996,0.0,130600.60999999997,,,,,,,,,,,,0.0,,,,0.0,0.0,0.0,0.0,0.0,0.0,0.0,0.0,0.0,0.0,0.0,0.0,0.0,0.0,0.0,0.0,0.0,78047.2,52553.409999999996,0.0,130600.60999999997,7804.7300000000005,4421.8,0.0,12226.529999999999,70242.47,48131.61,0.0,118374.07999999999,4700.381232,5893.694219249999,,10594.075451249999,552.8398,1582.57595,,2135.415749999999,24475.899999999998,26312.699999999997,,50788.600000000006,29729.12,33788.97,,63518.090000000004,42.32356863305063,70.20120457221356,,53.65878239560553,5053.1900000000005,6126.730000000001,0.0,11179.92,40160.53,14740.71,0.0,54901.24,,,,,,,940.8,0.0,0.0,,,,,886440.1100000001,0.0,1004814.19,0.0,0.0,,0.0,,0.0,,,,,,,,1004814.19,0.0
708,WEST BENGAL,JALPAIGURI,,3468.2999999999997,3468.3,0.0,3468.3,19391.0,320828.0,0.0,340219.0,0.0,340219.0,10139.119999999999,170864.99000000002,0.0,181004.11000000002,164.29,,0.0,164.29,23.75,506.3499999999999,0.0,530.0999999999999,0.0,5715.2300000000005,0.0,5715.2300000000005,0.0,945.01,0.0,945.01,0.0,0.0,0.0,0.0,,,,,,,,,10327.16,178031.57,0.0,188358.73,,,,,,,,,,,,0.0,,,,0.0,0.0,0.0,0.0,0.0,0.0,0.0,0.0,0.0,0.0,0.0,0.0,0.0,0.0,0.0,0.0,0.0,10327.16,178031.57,0.0,188358.73,1032.71,17803.17,0.0,18835.870000000003,9294.45,160228.4,0.0,169522.85,165.94506,6226.262855999999,,6392.207915999999,0.0,1498.0500000000002,,1498.0500000000002,0.0,12700.500000000002,,12700.500000000002,165.95,20424.829999999998,,20590.780000000002,1.785474127032799,12.747321947919342,,12.146315378723283,185.25,8582.28,0.0,8767.53,9109.19,137447.55000000002,0.0,146556.74000000002,,,,,,,36330.115000000005,176.28599999999997,0.0,,,,,4979336.8,0.0,5148859.65,0.0,0.0,,0.0,,0.0,,,,,,,,5148859.65,0.0
709,WEST BENGAL,JHARGRAM,,1535.5,1535.5,0.0,1535.5,172784.0,129276.0,0.0,302060.0,0.0,302060.0,51588.31,36085.729999999996,0.0,87674.04,621.78,,0.0,621.78,1356.9,1306.6200000000001,0.0,2663.52,4304.66,4888.659999999999,0.0,9193.32,153.17000000000002,1264.42,0.0,1417.59,0.0,0.0,0.0,0.0,,,,,,,,,58024.81999999999,43545.42999999999,0.0,101570.24999999999,,,,,,,,,,,,0.0,,,,0.0,0.0,0.0,0.0,0.0,0.0,0.0,0.0,0.0,0.0,0.0,0.0,0.0,0.0,0.0,0.0,0.0,58024.81999999999,43545.42999999999,0.0,101570.24999999999,4932.29,3069.2599999999998,0.0,8001.549999999999,53092.53,40476.170000000006,0.0,93568.7,1455.171342,1366.00155,,2821.1728919999996,62.06999999999999,1.02,,63.089999999999996,9565.9,10863.699999999999,,20429.6,11083.14,12230.74,,23313.88,20.87514006207653,30.217137639257857,,24.9163235141666,1494.23,1415.6799999999998,0.0,2909.9100000000003,41970.33,28195.76,0.0,70166.09,,,,,,,0.0,0.0,0.0,,,,,434745.03,0.0,528313.73,0.0,0.0,,0.0,,0.0,,,,,,,,528313.73,0.0
710,WEST BENGAL,KALIMPONG,,0.0,3118.5,0.0,3118.5,0.0,21071.0,0.0,21071.0,84289.0,105360.0,0.0,3714.73,0.0,3714.73,0.0,,0.0,0.0,0.0,287.58,0.0,287.58,0.0,0.0,0.0,0.0,0.0,0.0,0.0,0.0,0.0,0.0,0.0,0.0,,,,,,,,,0.0,4002.31,0.0,4002.31,,,,,,,,,,,,0.0,,,,0.0,0.0,0.0,0.0,0.0,0.0,0.0,0.0,0.0,0.0,0.0,0.0,0.0,0.0,0.0,0.0,0.0,0.0,4002.31,0.0,4002.31,0.0,400.24,0.0,400.24,0.0,3602.07,0.0,3602.07,,62.41762799999999,,62.41762799999999,,2.46,,2.46,,0.0,,0.0,,64.87,,64.87,,1.8009089218144012,,1.8009089218144012,0.0,62.82,0.0,62.82,0.0,3536.8,0.0,3536.8,,,,,,,0.0,0.0,0.0,,,,,114209.0,0.0,117811.07,0.0,0.0,,0.0,,0.0,,,,,,,,117811.07,0.0
711,WEST BENGAL,KOCH BIHAR,,0.0,3286.3000000000006,0.0,3286.3000000000006,0.0,339637.0,0.0,339637.0,0.0,339637.0,0.0,166743.96000000002,0.0,166743.96000000002,0.0,,0.0,0.0,0.0,484.1,0.0,484.1,0.0,35558.450000000004,0.0,35558.450000000004,0.0,4539.780000000001,0.0,4539.780000000001,0.0,0.0,0.0,0.0,,,,,,,,,0.0,207326.29000000004,0.0,207326.29000000004,,,,,,,,,,,,0.0,,,,0.0,0.0,0.0,0.0,0.0,0.0,0.0,0.0,0.0,0.0,0.0,0.0,0.0,0.0,0.0,0.0,0.0,0.0,207326.29000000004,0.0,207326.29000000004,0.0,20732.63,0.0,20732.63,0.0,186593.66,0.0,186593.66,,6963.916614000001,,6963.916614000001,,101.07,,101.07,,79018.79999999999,,79018.79999999999,,86083.77000000002,,86083.77000000002,,46.13434883050154,,46.13434883050154,0.0,7285.719999999999,0.0,7285.719999999999,0.0,100188.07999999999,0.0,100188.07999999999,,,,,,,26878.225,271.00299999999993,0.0,,,,,5223045.37,0.0,5409639.029999999,0.0,0.0,,0.0,,0.0,,,,,,,,5409639.029999999,0.0
712,WEST BENGAL,KOLKATTA,,0.0,0.0,1623.6,1623.6,0.0,0.0,18700.0,18700.0,0.0,18700.0,0.0,0.0,0.0,0.0,0.0,,0.0,0.0,0.0,0.0,0.0,0.0,0.0,0.0,0.0,0.0,0.0,0.0,0.0,0.0,0.0,0.0,0.0,0.0,0.0,0.0,0.0,0.0,0.0,0.0,0.0,0.0,0.0,0.0,0.0,0.0,,,,,,,,,,,,0.0,,,,0.0,0.0,0.0,0.0,0.0,0.0,0.0,0.0,0.0,0.0,0.0,0.0,0.0,0.0,0.0,0.0,0.0,0.0,0.0,0.0,0.0,0.0,0.0,0.0,0.0,0.0,0.0,0.0,0.0,,,0.0,0.0,,,0.0,0.0,,,0.0,0.0,,,0.0,0.0,,,0.0,0.0,0.0,0.0,0.0,0.0,0.0,0.0,0.0,0.0,,,,,,,0.0,0.0,0.0,,,,,0.0,0.0,0.0,0.0,121.35,,12533.79,,12655.14,,,,,,,,0.0,0.0
713,WEST BENGAL,MALDA,,0.0,1447.1999999999998,0.0,1447.1999999999998,0.0,323886.0,0.0,323886.0,0.0,323886.0,0.0,94424.83000000002,0.0,94424.83000000002,0.0,,0.0,0.0,0.0,2846.38,0.0,2846.38,0.0,12506.07,0.0,12506.07,0.0,8055.010000000001,0.0,8055.010000000001,0.0,0.0,0.0,0.0,,,,,,,,,0.0,117832.3,0.0,117832.3,,,,,,,,,,,,0.0,,,,0.0,0.0,0.0,0.0,0.0,0.0,0.0,0.0,0.0,0.0,0.0,0.0,0.0,0.0,0.0,0.0,0.0,0.0,117832.3,0.0,117832.3,0.0,10679.270000000002,0.0,10679.270000000002,0.0,107153.03,0.0,107153.03,,10303.261464000001,,10303.261464000001,,307.23,,307.23,,27805.499999999996,,27805.499999999996,,38415.990000000005,,38415.990000000005,,35.85152001767939,,35.85152001767939,0.0,11251.119999999999,0.0,11251.119999999999,0.0,67789.17,0.0,67789.17,,,,,,,12467.98,21.057,0.0,,,,,1887875.8199999998,0.0,1995028.8500000003,0.0,0.0,,0.0,,0.0,,,,,,,,1995028.8500000003,0.0
714,WEST BENGAL,MURSHIDABAD,,1433.1999999999998,1433.2,0.0,1433.2,197437.0,315901.0,0.0,513338.0,0.0,513338.0,50571.76,91776.73999999999,0.0,142348.50000000003,354.11999999999995,,0.0,354.11999999999995,347.24999999999994,938.07,0.0,1285.3200000000002,11926.440000000002,28801.350000000002,0.0,40727.79000000001,6626.869999999999,5411.970000000001,0.0,12038.840000000002,0.0,0.0,0.0,0.0,,,,,,,,,69826.44,126928.13,0.0,196754.56999999998,,,,,,,,,,,,0.0,,,,0.0,0.0,0.0,0.0,0.0,0.0,0.0,0.0,0.0,0.0,0.0,0.0,0.0,0.0,0.0,0.0,0.0,69826.44,126928.13,0.0,196754.56999999998,6151.929999999999,9692.29,0.0,15844.22,63674.509999999995,117235.84000000003,0.0,180910.35,5028.096774,13207.420025999998,,18235.5168,116.373,268.28774999999996,,384.66075000000006,26503.199999999997,64401.6,,90904.79999999999,31647.7,77877.3,,109524.99999999999,49.70230630750045,66.42789440498741,,60.54103593299111,10256.67,15214.099999999999,0.0,25470.770000000004,31856.280000000002,37351.850000000006,0.0,69208.13,,,,,,,2869.35,55.504999999999995,0.0,,,,,1295331.43,0.0,1476241.7799999998,0.0,0.0,,0.0,,0.0,,,,,,,,1476241.7799999998,0.0
715,WEST BENGAL,NADIA,,0.0,1443.8000000000002,0.0,1443.8000000000002,0.0,379789.0,0.0,379789.0,0.0,379789.0,0.0,120704.54000000002,0.0,120704.54000000002,0.0,,0.0,0.0,0.0,1422.71,0.0,1422.71,0.0,60856.20000000001,0.0,60856.20000000001,0.0,7014.889999999999,0.0,7014.889999999999,0.0,0.0,0.0,0.0,,,,,,,,,0.0,189998.34,0.0,189998.34,,,,,,,,,,,,0.0,,,,0.0,0.0,0.0,0.0,0.0,0.0,0.0,0.0,0.0,0.0,0.0,0.0,0.0,0.0,0.0,0.0,0.0,0.0,189998.34,0.0,189998.34,0.0,17219.870000000003,0.0,17219.870000000003,0.0,172778.47000000003,0.0,172778.47000000003,,11466.499673999997,,11466.499673999997,,477.111,,477.111,,135235.99999999997,,135235.99999999997,,147179.61,,147179.61,,85.18399890912332,,85.18399890912332,0.0,12202.949999999999,0.0,12202.949999999999,0.0,24862.4,0.0,24862.4,,,,,,,0.0,7.976401184415576,0.0,,,,,2486952.0300000003,0.0,2659730.5,0.0,0.0,,0.0,,0.0,,,,,,,,2659730.5,0.0
716,WEST BENGAL,NORTH 24 PARGANAS,,0.0,1623.6,1623.6,1623.6,0.0,294213.0,93020.0,387233.0,0.0,387233.0,0.0,96390.13,0.0,96390.13,0.0,,0.0,0.0,0.0,433.20000000000005,0.0,433.20000000000005,0.0,37826.21000000001,0.0,37826.21000000001,0.0,18529.96,0.0,18529.96,0.0,0.0,0.0,0.0,,,,,,,,,0.0,153179.50000000003,0.0,153179.50000000003,,,,,,,,,,,,0.0,,,,0.0,0.0,0.0,0.0,0.0,0.0,0.0,0.0,0.0,0.0,0.0,0.0,0.0,0.0,0.0,0.0,0.0,0.0,153179.50000000003,0.0,153179.50000000003,0.0,10876.899999999998,0.0,10876.899999999998,0.0,142302.6,0.0,142302.6,,12994.498808999999,0.0,12994.498808999999,,2139.4225214285716,0.0,2139.4225214285716,,84074.19999999998,0.0,84074.19999999998,,99208.11,0.0,99208.11,,69.71630174009469,0.0,69.71630174009469,0.0,14196.579999999998,0.0,14196.579999999998,0.0,41892.409999999996,0.0,41892.409999999996,,,,,,,0.0,164.883,0.0,,,,,1356354.5300000003,0.0,1498657.1299999997,0.0,835.35,,182230.38999999998,,183065.74,,,,,,,,1498657.1299999997,0.0
717,WEST BENGAL,PASCHIM BARDDHAMAN,,1348.2,1348.2,0.0,1348.2,15440.0,143725.0,0.0,159165.0,0.0,159165.0,974.56,18674.11,0.0,19648.670000000002,122.99000000000001,,0.0,122.99000000000001,56.65,185.57999999999998,0.0,242.23000000000002,0.0,996.28,0.0,996.28,0.0,3872.66,0.0,3872.66,0.0,0.0,0.0,0.0,,,,,,,,,1154.2,23728.63,0.0,24882.83,,,,,,,,,,,,0.0,,,,0.0,0.0,0.0,0.0,0.0,0.0,0.0,0.0,0.0,0.0,0.0,0.0,0.0,0.0,0.0,0.0,0.0,1154.2,23728.63,0.0,24882.83,115.42,2158.77,0.0,2274.19,1038.78,21569.86,0.0,22608.64,36.29925,4909.696614,,4945.995864,0.0,3683.06,,3683.06,0.0,2602.84,,2602.84,36.29,11195.599999999999,,11231.89,3.4935212460771288,51.90390665493424,,49.67963574987262,36.480000000000004,5251.3099999999995,0.0,5287.79,1002.31,10182.36,0.0,11184.67,,,,,,,3045.8687499999996,7.638,0.0,,,,,285693.32,0.0,308301.95999999996,0.0,0.0,,0.0,,0.0,,,,,,,,308301.95999999996,0.0
718,WEST BENGAL,PASCHIM MEDINIPUR,,1535.5,1535.5,0.0,1535.5,169765.0,461912.0,0.0,631677.0,0.0,631677.0,50332.97,137776.74,0.0,188109.70999999996,821.8799999999999,,0.0,821.8799999999999,497.13999999999993,1084.6200000000001,0.0,1581.7600000000002,7215.23,35867.3,0.0,43082.530000000006,1814.1400000000003,5913.48,0.0,7727.620000000002,0.0,0.0,0.0,0.0,,,,,,,,,60681.350000000006,180642.14,0.0,241323.49000000002,,,,,,,,,,,,0.0,,,,0.0,0.0,0.0,0.0,0.0,0.0,0.0,0.0,0.0,0.0,0.0,0.0,0.0,0.0,0.0,0.0,0.0,60681.350000000006,180642.14,0.0,241323.49000000002,5325.799999999999,17152.3,0.0,22478.100000000006,55355.55,163489.84,0.0,218845.38999999998,2914.12788,8938.600193999999,,11852.728074,850.35,398.46,,1248.81,16033.8,87152.59999999999,,103186.4,19798.27,96489.65000000001,,116287.92000000001,35.76564590181111,59.01874391705319,,53.13702061533031,2999.83,9307.96,0.0,12307.789999999999,35471.58,66781.25,0.0,102252.83,,,,,,,4096.305,21.384,0.0,,,,,1231134.6900000002,0.0,1449980.08,0.0,0.0,,0.0,,0.0,,,,,,,,1449980.08,0.0
719,WEST BENGAL,PURBA BARDDHAMAN,,1348.1999999999998,1348.1999999999998,0.0,1348.2,460666.0,82603.0,0.0,543269.0,0.0,543269.0,124436.31000000001,23930.239999999998,0.0,148366.55,3110.3900000000003,,0.0,3110.3900000000003,1556.37,383.52,0.0,1939.8899999999999,28573.649999999994,8814.769999999999,0.0,37388.420000000006,10773.19,3155.04,0.0,13928.229999999998,0.0,0.0,0.0,0.0,,,,,,,,,168449.91000000003,36283.57,0.0,204733.48000000004,,,,,,,,,,,,0.0,,,,0.0,0.0,0.0,0.0,0.0,0.0,0.0,0.0,0.0,0.0,0.0,0.0,0.0,0.0,0.0,0.0,0.0,168449.91000000003,36283.57,0.0,204733.48000000004,14755.17,3464.76,0.0,18219.930000000004,153694.74,32818.81,0.0,186513.54999999996,8425.002708,2943.6368159999997,,11368.639523999997,856.425,226.46800000000005,,1082.893,63497.0,20443.199999999997,,83940.2,72778.40999999999,23613.319999999996,,96391.73000000001,47.35257042628784,71.95056737279626,,51.680818900289026,8704.02,3084.74,0.0,11788.760000000002,80637.28,10539.14,0.0,91176.42,,,,,,,6165.719999999999,0.0,0.0,,,,,1166596.6099999999,0.0,1353110.16,0.0,0.0,,0.0,,0.0,,,,,,,,1353110.16,0.0
720,WEST BENGAL,PURBA MEDINIPUR,,0.0,1669.6,1669.6000000000004,1669.5999999999997,0.0,164955.0,216040.0,380995.0,0.0,380995.0,0.0,56117.12,0.0,56117.12,0.0,,0.0,0.0,0.0,167.88,0.0,167.88,0.0,6324.85,0.0,6324.85,0.0,4506.71,0.0,4506.71,0.0,0.0,0.0,0.0,,,,,,,,,0.0,67116.56,0.0,67116.56,,,,,,,,,,,,0.0,,,,0.0,0.0,0.0,0.0,0.0,0.0,0.0,0.0,0.0,0.0,0.0,0.0,0.0,0.0,0.0,0.0,0.0,0.0,67116.56,0.0,67116.56,0.0,6711.67,0.0,6711.67,0.0,60404.89,0.0,60404.89,,4848.400266,0.0,4848.400266,,18.048,0.0,18.048,,17103.2,0.0,17103.2,,21969.680000000004,0.0,21969.680000000004,,36.37069780277723,0.0,36.37069780277723,0.0,5247.87,0.0,5247.87,0.0,38035.75,0.0,38035.75,,,,,,,0.0,0.0,0.0,,,,,369864.73000000004,0.0,430269.62000000005,0.0,5390.75,,274308.06,,279698.82999999996,,,,,,,,430269.62000000005,0.0
721,WEST BENGAL,PURULIYA,,0.0,1363.3,0.0,1363.3,0.0,619313.0,0.0,619313.0,0.0,619313.0,0.0,39274.93,0.0,39274.93,0.0,,0.0,0.0,0.0,5099.800000000001,0.0,5099.800000000001,0.0,899.9499999999998,0.0,899.9499999999998,0.0,13301.939999999999,0.0,13301.939999999999,0.0,0.0,0.0,0.0,,,,,,,,,0.0,58576.579999999994,0.0,58576.579999999994,,,,,,,,,,,,0.0,,,,0.0,0.0,0.0,0.0,0.0,0.0,0.0,0.0,0.0,0.0,0.0,0.0,0.0,0.0,0.0,0.0,0.0,0.0,58576.579999999994,0.0,58576.579999999994,0.0,5718.62,0.0,5718.62,0.0,52857.96000000001,0.0,52857.96000000001,,7229.187809999999,,7229.187809999999,,137.37000000000003,,137.37000000000003,,2001.1999999999996,,2001.1999999999996,,9367.75,,9367.75,,17.72249629005735,,17.72249629005735,0.0,7635.530000000001,0.0,7635.530000000001,0.0,43083.86000000001,0.0,43083.86000000001,,,,,,,152.05124999999998,0.0,0.0,,,,,131930.41999999998,0.0,184788.37999999998,0.0,0.0,,0.0,,0.0,,,,,,,,184788.37999999998,0.0
722,WEST BENGAL,SOUTH 24 PARGANAS,,0.0,0.0,1623.6000000000001,1623.6000000000001,0.0,0.0,551301.0,551301.0,0.0,551301.0,0.0,0.0,0.0,0.0,0.0,,0.0,0.0,0.0,0.0,0.0,0.0,0.0,0.0,0.0,0.0,0.0,0.0,0.0,0.0,0.0,0.0,0.0,0.0,,,,,,,,,0.0,0.0,0.0,0.0,,,,,,,,,,,,0.0,,,,0.0,0.0,0.0,0.0,0.0,0.0,0.0,0.0,0.0,0.0,0.0,0.0,0.0,0.0,0.0,0.0,0.0,0.0,0.0,0.0,0.0,0.0,0.0,0.0,0.0,0.0,0.0,0.0,0.0,,,0.0,0.0,,,0.0,0.0,,,0.0,0.0,,,0.0,0.0,,,0.0,0.0,0.0,0.0,0.0,0.0,0.0,0.0,0.0,0.0,,,,,,,0.0,0.0,0.0,,,,,0.0,0.0,0.0,0.0,5433.410000000003,,427109.2699999999,,432542.68,,,,,,,,0.0,0.0
723,WEST BENGAL,UTTAR DINAJPUR,,1912.4,1912.4,0.0,1912.3999999999999,18645.0,300638.0,0.0,319283.0,0.0,319283.0,5201.24,89133.02,0.0,94334.26,417.02,,0.0,417.02,19.08,534.49,0.0,553.5700000000002,0.0,19541.300000000003,0.0,19541.300000000003,0.0,5638.319999999999,0.0,5638.319999999999,0.0,0.0,0.0,0.0,,,,,,,,,5637.34,114847.13,0.0,120484.47,,,,,,,,,,,,0.0,,,,0.0,0.0,0.0,0.0,0.0,0.0,0.0,0.0,0.0,0.0,0.0,0.0,0.0,0.0,0.0,0.0,0.0,5637.34,114847.13,0.0,120484.47,563.74,9722.32,0.0,10286.06,5073.6,105124.81,0.0,110198.41,460.35333,7673.091174,,8133.444504,0.0,843.0299999999999,,843.0299999999999,0.0,43425.1,,43425.1,460.34000000000003,51941.240000000005,,52401.58,9.07324187953327,49.409116649057445,,47.55202910822398,496.14,8246.009999999998,0.0,8742.15,4577.469999999999,52610.649999999994,0.0,57188.119999999995,,,,,,,9473.9,194.75300000000001,0.0,,,,,2396872.61,0.0,2507071.02,0.0,0.0,,0.0,,0.0,,,,,,,,2507071.02,0.0
Total,,,,886.8070179398875,1193.4601895917183,516.624275633739,1055.8274543653101,72155469.37807271,156950210.77390388,17443773.04968053,246549453.2025576,45727128.066959016,292276581.26940936,9469049.725680666,17550897.805711053,911621.7846694146,27931569.32606118,3360281.405707217,0.0,801079.3200000002,4161380.6757072154,4459188.309809544,1352453.8926123737,285481.2222555852,6097123.295198239,3058961.711260531,2727668.515200967,58821.12713890628,5845451.223600402,446596.58474340255,806541.0315459295,36583.65,1289721.2662893329,370723.2578618227,896156.2930095735,16569.69060382916,1283449.2334752255,10274.516058627501,40491.375919477534,0.0,50765.89197810504,3787.5,695.15,0.0,4482.65,21178987.599146437,23374903.893930215,2110156.87732133,46661558.69039805,31380.02,0.0,0.0,31380.02,,,,,0.0,0.0,0.0,0.0,0.0,0.0,0.0,0.0,0.0,4797.86,0.0,4797.86,2310.23,388806.44,0.0,391116.67000000004,0.0,257.69000000000005,0.0,257.69000000000005,29069.79,-393861.99,0.0,-364792.19999999995,21208057.389146436,22981041.903930217,2110156.87732133,46296766.49039805,1799657.0987738182,1899499.3323049624,183464.22026421942,3882620.291342998,19439780.494653493,21081542.26864997,1926692.6570571107,42448015.4203606,1216561.5461939215,1579882.679439542,28052.427737567166,2824496.6533710305,240224.37815063953,182473.88062279182,3523.2416000000007,426221.5003734321,11306437.490947168,10005196.772672009,606291.085525175,21917925.349144354,12763222.653090347,11767553.938227298,637866.0189190354,25168642.640236687,65.65517885657508,55.81922701986867,33.10678621121292,60.537946316828936,1304485.84897584,1795591.7354393653,29428.8160672851,3101738.4404824898,8516146.20871331,10402734.768977622,1563812.2997344632,18918880.97769093,,,,,,,1494067.0398690004,22492.654512984413,761.1517388483571,,,,,164113427.83173063,4258799.779999999,204683852.64372844,6185492.437057113,997160.9599999998,,185654015.04999998,,186651176.05999997,,,,,,,,204683852.64372844,6185492.437057113
