S.No,STATE,DISTRICT,ASSESSMENT UNIT,Rainfall (mm)_C,Rainfall (mm)_NC,Rainfall (mm)_PQ,Rainfall (mm)_Total,Total Geographical Area (ha)_Recharge Worthy Area (ha)_C,Total Geographical Area (ha)_Recharge Worthy Area (ha)_NC,Total Geographical Area (ha)_Recharge Worthy Area (ha)_PQ,Total Geographical Area (ha)_Recharge Worthy Area (ha)_Total,Total Geographical Area (ha)_Hilly Area_Total,Total Geographical Area (ha)_Total_Total,Ground Water Recharge (ham)_Rainfall Recharge_C,Ground Water Recharge (ham)_Rainfall Recharge_NC,Ground Water Recharge (ham)_Rainfall Recharge_PQ,Ground Water Recharge (ham)_Rainfall Recharge_Total,Ground Water Recharge (ham)_Canals_C,Ground Water Recharge (ham)_Canals_NC,Ground Water Recharge (ham)_Canals_PQ,Ground Water Recharge (ham)_Canals_Total,Ground Water Recharge (ham)_Surface Water Irrigation_C,Ground Water Recharge (ham)_Surface Water Irrigation_NC,Ground Water Recharge (ham)_Surface Water Irrigation_PQ,Ground Water Recharge (ham)_Surface Water Irrigation_Total,Ground Water Recharge (ham)_Ground Water Irrigation_C,Ground Water Recharge (ham)_Ground Water Irrigation_NC,Ground Water Recharge (ham)_Ground Water Irrigation_PQ,Ground Water Recharge (ham)_Ground Water Irrigation_Total,Ground Water Recharge (ham)_Tanks and Ponds_C,Ground Water Recharge (ham)_Tanks and Ponds_NC,Ground Water Recharge (ham)_Tanks and Ponds_PQ,Ground Water Recharge (ham)_Tanks and Ponds_Total,Ground Water Recharge (ham)_Water Conservation Structure_C,Ground Water Recharge (ham)_Water Conservation Structure_NC,Ground Water Recharge (ham)_Water Conservation Structure_PQ,Ground Water Recharge (ham)_Water Conservation Structure_Total,Ground Water Recharge (ham)_Pipelines_C,Ground Water Recharge (ham)_Pipelines_NC,Ground Water Recharge (ham)_Pipelines_PQ,Ground Water Recharge (ham)_Pipelines_Total,Ground Water Recharge (ham)_Sewages and Flash Flood Channels_C,Ground Water Recharge (ham)_Sewages and Flash Flood Channels_NC,Ground Water Recharge (ham)_Sewages and Flash Flood Channels_PQ,Ground Water Recharge (ham)_Sewages and Flash Flood Channels_Total,Ground Water Recharge (ham)_C_Total,Ground Water Recharge (ham)_NC_Total,Ground Water Recharge (ham)_PQ_Total,Ground Water Recharge (ham)_Total_Total,Inflows and Outflows (ham)_Base Flow_C,Inflows and Outflows (ham)_Base Flow_NC,Inflows and Outflows (ham)_Base Flow_PQ,Inflows and Outflows (ham)_Base Flow_Total,Inflows and Outflows (ham)_Stream Recharges_C,Inflows and Outflows (ham)_Stream Recharges_NC,Inflows and Outflows (ham)_Stream Recharges_PQ,Inflows and Outflows (ham)_Stream Recharges_Total,Inflows and Outflows (ham)_Lateral Flows_C,Inflows and Outflows (ham)_Lateral Flows_NC,Inflows and Outflows (ham)_Lateral Flows_PQ,Inflows and Outflows (ham)_Lateral Flows_Total,Inflows and Outflows (ham)_Vertical Flows_C,Inflows and Outflows (ham)_Vertical Flows_NC,Inflows and Outflows (ham)_Vertical Flows_PQ,Inflows and Outflows (ham)_Vertical Flows_Total,Inflows and Outflows (ham)_Evaporation_C,Inflows and Outflows (ham)_Evaporation_NC,Inflows and Outflows (ham)_Evaporation_PQ,Inflows and Outflows (ham)_Evaporation_Total,Inflows and Outflows (ham)_Transpiration_C,Inflows and Outflows (ham)_Transpiration_NC,Inflows and Outflows (ham)_Transpiration_PQ,Inflows and Outflows (ham)_Transpiration_Total,Inflows and Outflows (ham)_Evapotranspiration_C,Inflows and Outflows (ham)_Evapotranspiration_NC,Inflows and Outflows (ham)_Evapotranspiration_PQ,Inflows and Outflows (ham)_Evapotranspiration_Total,Inflows and Outflows (ham)_C_Total,Inflows and Outflows (ham)_NC_Total,Inflows and Outflows (ham)_PQ_Total,Inflows and Outflows (ham)_Total_Total,Annual Ground water Recharge (ham)_Total_C,Annual Ground water Recharge (ham)_Total_NC,Annual Ground water Recharge (ham)_Total_PQ,Annual Ground water Recharge (ham)_Total_Total,Environmental Flows (ham)_Total_C,Environmental Flows (ham)_Total_NC,Environmental Flows (ham)_Total_PQ,Environmental Flows (ham)_Total_Total,Annual Extractable Ground water Resource (ham)_Total_C,Annual Extractable Ground water Resource (ham)_Total_NC,Annual Extractable Ground water Resource (ham)_Total_PQ,Annual Extractable Ground water Resource (ham)_Total_Total,Ground Water Extraction for all uses (ha.m)_Domestic_C,Ground Water Extraction for all uses (ha.m)_Domestic_NC,Ground Water Extraction for all uses (ha.m)_Domestic_PQ,Ground Water Extraction for all uses (ha.m)_Domestic_Total,Ground Water Extraction for all uses (ha.m)_Industrial_C,Ground Water Extraction for all uses (ha.m)_Industrial_NC,Ground Water Extraction for all uses (ha.m)_Industrial_PQ,Ground Water Extraction for all uses (ha.m)_Industrial_Total,Ground Water Extraction for all uses (ha.m)_Irrigation_C,Ground Water Extraction for all uses (ha.m)_Irrigation_NC,Ground Water Extraction for all uses (ha.m)_Irrigation_PQ,Ground Water Extraction for all uses (ha.m)_Irrigation_Total,Ground Water Extraction for all uses (ha.m)_C_Total,Ground Water Extraction for all uses (ha.m)_NC_Total,Ground Water Extraction for all uses (ha.m)_PQ_Total,Ground Water Extraction for all uses (ha.m)_Total_Total,Stage of Ground Water Extraction (%)_Total_C,Stage of Ground Water Extraction (%)_Total_NC,Stage of Ground Water Extraction (%)_Total_PQ,Stage of Ground Water Extraction (%)_Total_Total,Allocation of Ground Water Resource for Domestic Utilisation for projected year 2025 (ham)_Total_C,Allocation of Ground Water Resource for Domestic Utilisation for projected year 2025 (ham)_Total_NC,Allocation of Ground Water Resource for Domestic Utilisation for projected year 2025 (ham)_Total_PQ,Allocation of Ground Water Resource for Domestic Utilisation for projected year 2025 (ham)_Total_Total,Net Annual Ground Water Availability for Future Use (ham)_Total_C,Net Annual Ground Water Availability for Future Use (ham)_Total_NC,Net Annual Ground Water Availability for Future Use (ham)_Total_PQ,Net Annual Ground Water Availability for Future Use (ham)_Total_Total,Quality Tagging_Major Parameter Present_C,Quality Tagging_Major Parameter Present_NC,Quality Tagging_Major Parameter Present_PQ,Quality Tagging_Other Parameters Present_C,Quality Tagging_Other Parameters Present_NC,Quality Tagging_Other Parameters Present_PQ,Additional Potential Resources Under Specific Conditions(ham)_Other Parameters Present_Waterlogged and shallow water Table,Additional Potential Resources Under Specific Conditions(ham)_Other Parameters Present_Flood Prone,Additional Potential Resources Under Specific Conditions(ham)_Other Parameters Present_Spring Discharge,Coastal Areas_Other Parameters Present_C,Coastal Areas_Other Parameters Present_NC,Coastal Areas_Other Parameters Present_PQ,Coastal Areas_Other Parameters Present_Total,In-Storage Unconfined Ground Water Resources(ham)_Other Parameters Present_Fresh,In-Storage Unconfined Ground Water Resources(ham)_Other Parameters Present_Saline,Total Ground Water Availability in Unconfined Aquifier (ham)_Other Parameters Present_Fresh,Total Ground Water Availability in Unconfined Aquifier (ham)_Other Parameters Present_Saline,Dynamic Confined Ground Water Resources(ham)_Other Parameters Present_Fresh,Dynamic Confined Ground Water Resources(ham)_Other Parameters Present_Saline,In-Storage Confined Ground Water Resources(ham)_Other Parameters Present_Fresh,In-Storage Confined Ground Water Resources(ham)_Other Parameters Present_Saline,Total Confined Ground Water Resources (ham)_Other Parameters Present_Fresh,Total Confined Ground Water Resources (ham)_Other Parameters Present_Saline,Dynamic Semi Confined Ground Water Resources (ham)_Other Parameters Present_Fresh,Dynamic Semi Confined Ground Water Resources (ham)_Other Parameters Present_Saline,In-Storage Semi Confined Ground Water Resources (ham)_Other Parameters Present_Fresh,In-Storage Semi Confined Ground Water Resources (ham)_Other Parameters Present_Saline,Total Semi-Confined Ground Water Resources (ham)_Other Parameters Present_Fresh,Total Semi-Confined Ground Water Resources (ham)_Other Parameters Present_Saline,Total Ground Water Availability in the area (ham)_Other Parameters Present_Fresh,Total Ground Water Availability in the area (ham)_Other Parameters Present_Saline
1,ANDAMAN AND NICOBAR ISLANDS,N & M ANDAMAN,,0.0,3015.7,0.0,3015.7,0.0,58040.0,0.0,58040.0,286106.0,344146.0,0.0,16376.36,0.0,16376.36,0.0,,0.0,0.0,0.0,0.0,0.0,0.0,0.0,0.0,0.0,0.0,0.0,151.9,0.0,151.9,0.0,0.0,0.0,0.0,,,,,,,,,0.0,16528.260000000002,0.0,16528.260000000002,,,,,,,,,,,,0.0,,,,0.0,0.0,0.0,0.0,0.0,0.0,0.0,0.0,0.0,0.0,0.0,0.0,0.0,0.0,0.0,0.0,0.0,0.0,16528.260000000002,0.0,16528.260000000002,0.0,1652.84,0.0,1652.84,0.0,14875.42,0.0,14875.42,,262.06306500000005,,262.06306500000005,,83.244524676865,,83.244524676865,,0.804,,0.804,,346.11,,346.11,,2.326724220223698,,2.326724220223698,0.0,269.19,0.0,269.19,0.0,14522.18,0.0,14522.18,,,,,,,0.0,0.0,0.0,,,,,0.0,0.0,14875.419999999998,0.0,0.0,,0.0,,0.0,,,,,,,,14875.419999999998,0.0
2,ANDAMAN AND NICOBAR ISLANDS,NICOBAR,,0.0,2805.2,2805.1999999999994,2805.2,0.0,37247.0,828.0,38075.0,156091.0,194166.0,0.0,10996.24,348.4,11344.64,0.0,,0.0,0.0,0.0,0.0,0.0,0.0,0.0,0.0,0.0,0.0,0.0,16.14,0.0,16.14,0.0,0.0,0.0,0.0,,,,,,,,,0.0,11012.380000000001,348.4,11360.78,,,,,,,,,,,,0.0,,,,0.0,0.0,0.0,0.0,0.0,0.0,0.0,0.0,0.0,0.0,0.0,0.0,0.0,0.0,0.0,0.0,0.0,0.0,11012.380000000001,348.4,11360.78,0.0,1101.25,34.84,1136.0900000000001,0.0,9911.130000000001,313.56,10224.69,,88.2878425,3.1517749999999998,91.4396175,,0.945722794520548,0.0,0.945722794520548,,0.253,0.0,0.253,,89.45,3.15,92.6,,0.9025207014739994,1.0045924225028702,0.9025207014739992,0.0,90.68,3.24,90.68,0.0,9819.279999999999,310.32,9819.279999999999,,,,,,,0.0,0.0,0.0,,,,,0.0,0.0,9911.130000000001,313.56,0.0,,0.0,,0.0,,,,,,,,9911.130000000001,313.56
3,ANDAMAN AND NICOBAR ISLANDS,SOUTH ANDAMAN,,0.0,3015.7,0.0,3015.7,0.0,31524.0,0.0,31524.0,215321.0,246845.0,0.0,10777.26,0.0,10777.26,0.0,,0.0,0.0,0.0,0.0,0.0,0.0,0.0,0.0,0.0,0.0,0.0,20.46,0.0,20.46,0.0,0.0,0.0,0.0,,,,,,,,,0.0,10797.72,0.0,10797.72,,,,,,,,,,,,0.0,,,,0.0,0.0,0.0,0.0,0.0,0.0,0.0,0.0,0.0,0.0,0.0,0.0,0.0,0.0,0.0,0.0,0.0,0.0,10797.72,0.0,10797.72,0.0,1079.7600000000002,0.0,1079.7600000000002,0.0,9717.960000000001,0.0,9717.960000000001,,322.8561875,,322.8561875,,13.610097499999998,,13.610097499999998,,10.647,,10.647,,347.12,,347.12,,3.5719430827046006,,3.5719430827046006,0.0,331.62,0.0,331.62,0.0,9362.07,0.0,9362.07,,,,,,,0.0,0.0,0.0,,,,,0.0,0.0,9717.960000000001,0.0,0.0,,0.0,,0.0,,,,,,,,9717.960000000001,0.0
4,ANDHRA PRADESH,Alluri Sitharama Raju,,0.0,1257.8327553966874,0.0,1257.8327553966876,0.0,639234.6759947998,0.0,639234.6759947998,586107.7108381616,1225342.3868329613,0.0,46193.78999999999,0.0,46193.78999999999,,,,,0.0,3291.5399999999995,0.0,3291.5399999999995,0.0,15.700000000000001,0.0,15.700000000000001,,68.12999999999998,,68.12999999999998,,3186.9019999999996,,3186.9019999999996,,,,,,,,,0.0,52755.61000000001,0.0,52755.61000000001,,,,,,,,,,,,0.0,,,,0.0,,,,,,,,,,,,,,,,0.0,0.0,52755.61000000001,0.0,52755.61000000001,0.0,2638.05,0.0,2638.05,0.0,50117.560000000005,0.0,50117.560000000005,,1579.6632419999996,,1579.6632419999996,,0.0,,0.0,,566.488552631579,,566.488552631579,,2146.4799999999996,,2146.4799999999996,,4.282890068870071,,4.282890068870071,0.0,2173.3500000000004,0.0,2173.3500000000004,0.0,47784.37999999999,0.0,47784.37999999999,,,,,,,,,,,,,,0.0,0.0,50117.560000000005,0.0,0.0,,0.0,,0.0,,,,,,,,50117.560000000005,0.0
5,ANDHRA PRADESH,Anakapalli,,1205.7473777133002,1176.3544357473602,0.0,1182.5528327897212,73066.0,273414.65992,0.0,346480.65992,82764.41,429245.06992,6895.809999999999,28297.31,0.0,35193.12,2015.6999999999998,,,2015.6999999999998,8920.3,17037.26,0.0,25957.559999999998,968.49,2253.2999999999997,0.0,3221.790000000001,514.78,1525.46,0.0,2040.2400000000002,1331.75,3123.8740000000007,,4455.624,,,,,,,,,20660.109999999997,52237.34000000001,0.0,72897.44999999998,,,,,,,,,,,,0.0,,,,0.0,,,,,,,,,,,,,,,,0.0,20660.109999999997,52237.34000000001,0.0,72897.44999999998,1033.0700000000002,2612.14,0.0,3645.22,19627.04,49625.19999999999,0.0,69252.23999999999,1097.549568,3860.3264615999997,,4957.8760296,78.252,411.2049999999999,,489.45699999999994,4410.046265254999,11866.493657107998,,16276.539922362997,5585.849999999999,16138.12,,21723.969999999994,28.459971549454217,32.52000999492194,,31.369339100078204,1954.1899999999998,6208.969999999999,0.0,8163.160000000001,13485.43,31575.15000000001,0.0,45060.58000000001,,,,,,,,,,,,,,1247986.28,0.0,1317238.5100000002,0.0,0.0,,0.0,,0.0,,,,,,,,1317238.5100000002,0.0
6,ANDHRA PRADESH,Ananthapuramu,,514.4061897518113,515.2427086785875,0.0,515.0271560668945,243887.0,702592.3300000001,0.0,946479.3300000001,97831.67,1044311.0,10732.19,31577.250000000015,0.0,42309.44000000001,8479.499999999998,,0.0,8479.499999999998,6520.349999999999,867.49,0.0,7387.84,3103.41,5317.780000000001,0.0,8421.190000000002,1810.31,3681.2899999999995,0.0,5491.6,13058.940000000002,40971.742,0.0,54030.68200000001,,,,,,,,,43704.57,82415.45,0.0,126120.02,,,,,,,,,,,,0.0,,,,0.0,,,,,,,,,,,,,,,,0.0,43704.57,82415.45,0.0,126120.02,2185.29,4120.8,0.0,6306.090000000001,41519.280000000006,78294.64999999998,0.0,119813.93000000002,851.04,2615.76,,3466.799999999999,61.2,666.0919999999998,,727.2919999999998,11161.2021415,26463.665289149998,,37624.86743065,12073.450000000004,29745.649999999994,,41819.100000000006,29.079141064103236,37.99193176034378,,34.9033705847058,851.0400000000001,2615.76,0.0,3466.7999999999997,29525.700000000004,49382.12999999999,0.0,78907.82999999999,,,,,,,,,,,,,,0.0,0.0,119813.93,0.0,0.0,,0.0,,0.0,,,,,,,,119813.93,0.0
7,ANDHRA PRADESH,Annamayya,,731.5034296205848,751.5163167330784,0.0,748.1451404215197,112199.0,553867.0,0.0,666066.0,128462.0,794528.0,7353.17,40177.3,0.0,47530.47,28.89,,,28.89,73.71,954.94,0.0,1028.65,1162.32,7071.679999999999,0.0,8233.999999999998,1716.6299999999997,6764.83,0.0,8481.460000000001,2564.532,21524.843999999997,0.0,24089.375999999997,,,,,,,,,12899.160000000002,76493.67,0.0,89392.83,,,,,,,,,,,,0.0,,,,0.0,,,,,,,,,,,,,,,,0.0,12899.160000000002,76493.67,0.0,89392.83,644.94,3824.9300000000003,0.0,4469.870000000002,12254.22,72668.73999999999,0.0,84922.96000000002,612.4663499999999,3213.2996099999996,,3825.765959999999,0.0,137.74800000000002,,137.74800000000002,4391.245,24895.113349999992,,29286.35834999999,5003.71,28246.21,,33249.920000000006,40.83254584951143,38.86982215461559,,39.153039413604986,726.8699999999999,3812.829999999999,0.0,4539.699999999999,7187.640000000001,44298.63999999999,0.0,51486.27999999999,,,,,,,,,,,,,,0.0,0.0,84922.95999999999,0.0,0.0,,0.0,,0.0,,,,,,,,84922.95999999999,0.0
8,ANDHRA PRADESH,Bapatla,,811.1236974916511,796.8393118063689,860.6876210184622,826.5172888418859,238962.0,17931.0,123225.0,380118.0,2767.0,382885.0,20661.840000000004,1945.7800000000002,9054.56,31662.18000000001,9235.07,,555.88,9790.95,29737.280000000002,386.28,21325.93,51449.48999999999,3523.21,46.9,0.0,3570.11,932.9799999999999,5.63,0.0,938.61,5871.284000000001,312.084,674.6459999999998,6858.013999999998,,,,,,,,,69961.73,2696.67,31611.04,104269.43999999999,,,,,,,,,,,,0.0,,,,0.0,,,,,,,,,,,,,,,,0.0,69961.73,2696.67,31611.04,104269.43999999999,3498.12,134.85,1580.58,5213.550000000001,66463.60999999999,2561.8199999999997,30030.460000000003,99055.88999999998,2056.1748487500004,126.45972499999999,204.409198,2387.04377175,63.941599999999994,0.0,0.0,63.941599999999994,15322.370539999998,189.28100000000003,0.0,15511.651539999997,17442.43,315.71,204.44,17962.58,26.24357900511273,12.323660522597217,0.6807754526570688,25.726953095402678,2440.21,150.08,242.59000000000003,2590.29,49016.5,2222.4900000000002,29787.82,51238.99,,,,,,,,,,,,,,722005.07,246755.28999999998,791030.5099999999,276785.74,0.0,,0.0,,0.0,,,,,,,,791030.5099999999,276785.74
9,ANDHRA PRADESH,Chittoor,,1067.8172783371226,905.4552209138711,0.0,906.2877831319943,3079.0,597371.95,0.0,600450.95,85448.05,685899.0,321.41,53330.979999999996,0.0,53652.39,,,,,38.599999999999994,432.23999999999995,0.0,470.84,140.64,11067.04,0.0,11207.680000000002,71.62,7521.7300000000005,,7593.35,233.95399999999998,9868.592,,10102.546,,,,,,,,,806.2199999999999,82220.23999999999,0.0,83026.45999999999,,,,,,,,,,,,0.0,,,,0.0,,,,,,,,,,,,,,,,0.0,806.2199999999999,82220.23999999999,0.0,83026.45999999999,40.31,4111.160000000001,0.0,4151.470000000001,765.9100000000001,78109.08,0.0,78874.99,39.105643,4247.697439999999,,4286.803083,4.32,1409.1091999999996,,1413.4291999999998,441.57141549999994,37363.11956524309,,37804.69098074309,484.99,43019.75000000001,,43504.74,63.32206133879959,55.076503269530264,,55.156571176744364,52.56,6157.959999999999,0.0,6210.519999999999,274.38,35371.65,0.0,35646.03,,,,,,,,,,,,,,3225230.859999999,0.0,3304105.86,0.0,0.0,,0.0,,0.0,,,,,,,,3304105.86,0.0
10,ANDHRA PRADESH,East Godavari,,1168.3393487619032,1120.9157596337388,0.0,1144.7026385901859,127679.43216,126873.37999999999,0.0,254552.81216,3081.92,257634.73216,15046.12,13252.710000000005,0.0,28298.830000000005,14267.889999999998,,0.0,14267.889999999998,34067.020000000004,10382.66,0.0,44449.67999999999,4544.570000000001,2991.78,0.0,7536.3499999999985,10554.640000000001,5055.919999999999,,15610.560000000001,911.03,1809.2659999999998,0.0,2720.2960000000003,,,,,,,,,79391.12999999999,33492.2,0.0,112883.32999999999,,,,,,,,,,,,0.0,,,,0.0,,,,,,,,,,,,,,,,0.0,79391.12999999999,33492.2,0.0,112883.32999999999,3969.64,1674.6599999999999,0.0,5644.3,75421.48999999999,31817.540000000008,0.0,107239.03000000003,942.2500404,1373.6413431,,2315.8913835000003,984.8519600000002,327.79810000000003,,1312.6500599999997,17683.198625506073,14938.911999999998,,32622.110625506073,19610.32,16640.389999999996,,36250.71,26.000971341192013,52.29942352551452,,33.80365339000175,1145.8000000000002,1665.66,0.0,2811.46,56168.46,15646.409999999998,0.0,71814.87,,,,,,,,,,,,,,0.0,0.0,107239.03,0.0,0.0,,0.0,,0.0,,,,,,,,107239.03,0.0
11,ANDHRA PRADESH,Eluru,,1047.4828962612285,1111.5507578695865,967.3867204754914,1079.019489633348,135041.41,427669.6555,86479.0,649190.0655000001,10631.8045,659821.8700000001,15988.96,41486.590000000004,9781.0,67256.54999999999,11520.079999999998,,,11520.079999999998,20658.609999999993,12908.42,13275.039999999997,46842.06999999999,1519.1200000000001,8450.54,12.400000000000004,9982.060000000001,1831.1999999999998,20096.74,2205.0,24132.94,2220.6180000000004,7441.366,1961.724,11623.708000000002,,,,,,,,,53738.47,90383.61,27235.149999999998,171357.23,,,,,,,,,,,,0.0,,,,0.0,,,,,,,,,,,,,,,,0.0,53738.47,90383.61,27235.149999999998,171357.23,2687.100000000001,4519.16,1361.69,8567.960000000001,51051.36999999998,85864.45,25873.46,162789.28000000003,3324.9485750000003,6869.651734,0.0,10194.600309000003,103.31999999999998,398.5199999999999,15.120000000000001,516.9599999999998,4823.938236078946,32185.180701063953,24.800000000000008,37033.9189371429,8251.680000000002,39453.66999999999,39.920000000000016,47745.280000000006,16.163483957433474,45.94878322751732,0.1542893760633484,34.8428399289432,3818.8700000000013,8054.029999999999,0.0,11872.900000000001,42918.29999999999,46630.47,25833.54,89548.76999999999,,,,,,,,,,,,,,4299127.2,767183.4,4436043.0,793056.8499999999,0.0,,0.0,,0.0,,,,,,,,4436043.0,793056.8499999999
12,ANDHRA PRADESH,Guntur,,905.4088376458715,995.1196864111497,875.8965633124343,895.1132921822489,155474.6592,574.0,86284.2008,242332.85999999996,2971.0,245303.85999999996,14676.250000000002,22.31,6191.42,20889.980000000003,13415.98,,1064.04,14480.02,22337.481146197017,0.0,4131.636638092579,26469.13,1894.93,0.0,0.28,1895.2100000000003,626.61,0.0,133.24,759.8499999999999,475.35600000000005,0.0,,475.35600000000005,,,,,,,,,53426.649999999994,22.31,11520.619999999999,64969.57999999999,,,,,,,,,,,,0.0,,,,0.0,,,,,,,,,,,,,,,,0.0,53426.649999999994,22.31,11520.619999999999,64969.57999999999,2671.35,1.11,575.98,3248.44,50755.3,21.2,10944.639999999998,61721.13999999999,2583.24006365,0.0,5.3294999999999995,2588.56956365,230.08849999999998,0.0,0.0,230.08849999999998,7888.878294511945,0.0,39.86419804132,7928.742492553265,10702.21,0.0,45.15,10747.36,21.08589644825269,0.0,0.41253069995906677,21.077092749598737,3064.74,0.0,9.69,3064.74,39571.560000000005,21.2,10895.13,39592.76,,,,,,,,,,,,,,425280.05000000005,368173.37999999995,476056.55,379118.02,0.0,,0.0,,0.0,,,,,,,,476056.55,379118.02
13,ANDHRA PRADESH,Kakinada,,1053.2808228816011,1016.1751723270572,1317.3476566887662,1103.5810993840319,169714.76799999995,56262.49399999999,62939.570029999995,288916.83202999993,13062.686000000002,301979.51803000004,15200.000000000002,3706.5799999999995,5925.27,24831.850000000006,14318.96,,3811.3700000000003,18130.33,57590.08,15165.969999999998,21257.09,94013.14000000001,2257.7100000000005,583.75,113.86,2955.32,1731.6899999999998,843.1199999999999,0.0,2574.81,1082.932,2009.7479999999998,243.16199999999998,3335.842,,,,,,,,,92181.38,22309.079999999998,31350.69,145841.15,,,,,,,,,,,,0.0,,,,0.0,,,,,,,,,,,,,,,,0.0,92181.38,22309.079999999998,31350.69,145841.15,4609.02,1115.5500000000002,1567.62,7292.19,87572.36,21193.53,29783.070000000003,138548.95999999996,1604.5551839999996,297.9827879999999,253.22531999999995,2155.7632919999996,1800.0634,217.49679999999995,2550.3232,4567.883399999999,10883.583985356412,3608.6698170352083,1185.024450785107,15677.278253176724,14288.25,4124.15,3988.5299999999997,22400.93,16.315935758725697,19.459476547795482,13.391937097149487,16.928469026456742,1896.1299999999999,353.6500000000001,300.56,2249.78,73011.4,17081.5,25747.210000000003,90092.9,,,,,,,,,,,,,,0.0,0.0,108765.89,29783.070000000003,0.0,,0.0,,0.0,,,,,,,,108765.89,29783.070000000003
14,ANDHRA PRADESH,Konaseema,,1258.0160230228164,0.0,1386.4178272979475,1304.925767663448,132007.20964000002,0.0,75988.072,207995.28164,100.61999999999999,208095.90164,19456.550000000003,0.0,12601.810000000001,32058.360000000004,26536.819999999992,,6481.71,33018.53,59402.70000000001,0.0,14976.89,74379.59000000001,1624.9200000000005,0.0,0.0,1624.9200000000005,433.35999999999996,0.0,0.0,433.35999999999996,206.49000000000004,,197.506,403.996,,,,,,,,,107660.55000000002,0.0,34257.99999999999,141918.54999999996,,,,,,,,,,,,0.0,,,,0.0,,,,,,,,,,,,,,,,0.0,107660.55000000002,0.0,34257.99999999999,141918.54999999996,5383.220000000001,0.0,1712.8899999999999,7096.110000000001,102277.33000000002,0.0,32545.109999999997,134822.44,1310.2349519999998,,0.0,1310.2349519999998,50.204,,13.764,63.968,9392.754212550608,,0.0,9392.754212550608,10753.36,,13.77,10767.130000000001,10.513923271168693,,0.04231050378997029,10.513923271168695,1556.89,0.0,0.0,1556.89,91277.44,0.0,32531.34,91277.44,,,,,,,,,,,,,,0.0,0.0,102277.33000000002,32545.109999999997,0.0,,0.0,,0.0,,,,,,,,102277.33000000002,32545.109999999997
15,ANDHRA PRADESH,Krishna,,1019.9986212313829,0.0,1094.129817527628,1057.1639381944874,193506.0,0.0,194550.0,388056.0,0.0,388056.0,28925.339999999997,0.0,24496.3,53421.64,53808.51999999999,,611.3399999999999,54419.859999999986,59355.69,0.0,32094.679999999993,91450.37000000002,8031.959999999999,0.0,6.42,8038.380000000001,379.47,0.0,12.0,391.4699999999999,8579.264,0.0,1118.102,9697.366,,,,,,,,,159080.24,0.0,58338.840000000004,217419.08000000002,,,,,,,,,,,,0.0,,,,0.0,,,,,,,,,,,,,,,,0.0,159080.24,0.0,58338.840000000004,217419.08000000002,7954.139999999998,0.0,2917.03,10871.150000000001,151126.10000000003,0.0,55421.810000000005,206547.91,2032.9382120999996,,220.9611492,2253.8993613,1034.5400000000002,,0.0,1034.5400000000002,45310.328,,401.5039999999999,45711.83200000001,48377.759999999995,,622.4300000000001,49000.19,32.01151885743097,,1.1230777197641146,32.01151885743098,2837.9699999999993,0.0,245.75999999999996,2837.9699999999993,101943.32000000002,0.0,54776.02999999999,101943.32000000002,,,,,,,,,,,,,,1050914.16,1220026.3,1202040.29,1275448.1099999999,0.0,,0.0,,0.0,,,,,,,,1202040.29,1275448.1099999999
16,ANDHRA PRADESH,Kurnool,,615.6851630437392,608.027393885917,0.0,610.1474209933705,208257.0,543990.0,0.0,752247.0,45494.0,797741.0,11039.47,27695.63,0.0,38735.100000000006,8627.640000000001,,0.0,8627.640000000001,6537.860000000001,5235.109999999999,0.0,11772.970000000003,1091.13,1855.28,0.0,2946.4100000000008,155.68000000000004,1712.1800000000003,0.0,1867.8600000000001,741.68,3381.0520000000006,,4122.732,,,,,,,,,28193.4,39879.329999999994,0.0,68072.73,,,,,,,,,,,,0.0,,,,0.0,,,,,,,,,,,,,,,,0.0,28193.4,39879.329999999994,0.0,68072.73,1409.71,1994.2199999999998,0.0,3403.93,26783.690000000002,37885.11,0.0,64668.80000000001,1631.2988434999997,3955.8513850000004,,5587.1502285,7.3500000000000005,63.92500000000001,,71.27499999999999,5267.807800809717,8806.832423076923,,14074.640223886645,6906.450000000002,12826.750000000002,,19733.199999999997,25.786028736145024,33.85696913642326,,30.514251076253146,1853.78,4495.32,0.0,6349.1,19673.789999999997,24878.97,0.0,44552.759999999995,,,,,,,,,,,,,,0.0,0.0,64668.8,0.0,0.0,,0.0,,0.0,,,,,,,,64668.8,0.0
17,ANDHRA PRADESH,NTR,,1035.19988508195,982.0500029292868,0.0,1032.2382126974987,289249.6,17069.0,0.0,306318.6,11805.400000000001,318124.0,20941.97,1095.45,0.0,22037.420000000006,14397.27,,,14397.27,20634.879999999997,336.05999999999995,0.0,20970.94,6450.150000000001,268.59999999999997,0.0,6718.750000000001,2208.25,88.93,,2297.18,6539.384,343.628,,6883.012000000001,,,,,,,,,71172.03,2132.66,0.0,73304.69,,,,,,,,,,,,0.0,,,,0.0,,,,,,,,,,,,,,,,0.0,71172.03,2132.66,0.0,73304.69,3558.62,106.63,0.0,3665.2500000000005,67613.41,2026.03,0.0,69639.44,2351.1741952499997,88.60147199999999,,2439.7756672499995,1129.2599999999998,89.1,,1218.3599999999997,20211.514405887272,893.6997881573562,,21105.214194044624,23691.859999999997,1071.42,,24763.28,35.04017915972585,52.882731252745515,,35.55927503150513,2458.91,97.80999999999999,0.0,2556.7200000000003,43978.63,958.4999999999999,0.0,44937.13,,,,,,,,,,,,,,0.0,0.0,69639.44,0.0,0.0,,0.0,,0.0,,,,,,,,69639.44,0.0
18,ANDHRA PRADESH,Nandyal,,736.4318430136167,693.8613572129656,0.0,716.0411335887916,367930.0,338252.0,0.0,706182.0,262433.0,968615.0,13044.34,9750.170000000002,0.0,22794.51,1952.85,,,1952.85,49251.64,4937.179999999999,0.0,54188.81999999999,2057.48,1306.21,0.0,3363.6900000000005,10155.619999999999,4406.2300000000005,,14561.85,3838.6420000000003,5676.322000000001,,9514.964000000002,,,,,,,,,80300.63999999998,26076.22,0.0,106376.86000000002,,,,,,,,,,,,0.0,,,,0.0,,,,,,,,,,,,,,,,0.0,80300.63999999998,26076.22,0.0,106376.86000000002,4015.25,1303.8099999999997,0.0,5319.06,76285.39,24772.409999999996,0.0,101057.8,368.516,136.89600000000002,,505.4120000000001,65.1,63.300000000000004,,128.39999999999998,6798.56370049644,5359.9938753957,,12158.55757589214,7231.72,5560.009999999998,,12791.73,9.479823069659867,22.444364516815277,,12.657835416959404,368.81000000000006,137.04999999999998,0.0,505.86,69053.67000000001,19212.4,0.0,88266.07,,,,,,,,,,,,,,0.0,0.0,101057.79999999999,0.0,0.0,,0.0,,0.0,,,,,,,,101057.79999999999,0.0
19,ANDHRA PRADESH,Palnadu,,774.3071773339465,735.2448829241097,552.8155050211591,750.8479318209083,434050.9626999999,180400.93399999998,37204.5273,651656.4249,78467.4301,730123.8550000001,19438.56,7692.700000000001,1084.19,28215.449999999997,7303.22,,62.730000000000004,7365.950000000001,53935.74000000001,3643.2700000000004,17.93,57596.94,6181.89,2127.69,54.05,8363.630000000001,2157.65,376.50000000000006,32.16,2566.31,8373.846,1273.8020000000001,740.8,10388.448000000002,,,,,,,,,97390.81,15113.900000000001,1991.88,114496.59,,,,,,,,,,,,0.0,,,,0.0,,,,,,,,,,,,,,,,0.0,97390.81,15113.900000000001,1991.88,114496.59,4869.700000000001,755.7099999999999,99.59,5725.000000000001,92521.11,14358.19,1892.29,108771.59000000003,3519.5285892,821.6772434499999,178.556175,4519.762007650001,59.91599999999999,6.073,0.0,65.98899999999999,23722.475,11970.158700000004,285.47309999999993,35978.106799999994,27301.929999999997,12797.890000000001,464.03000000000003,40563.850000000006,29.50886559834831,89.1330313918398,24.522139841144856,37.51878988728406,3915.5299999999997,914.17,198.64,4829.7,65062.29999999999,5353.229999999999,1418.3799999999999,70415.52999999998,,,,,,,,,,,,,,1522219.7800000003,116087.34999999999,1629099.07,117979.64,0.0,,0.0,,0.0,,,,,,,,1629099.07,117979.64
20,ANDHRA PRADESH,Parvathipuram Manyam,,1140.308129528414,1175.6704288140515,0.0,1168.0701617183431,63377.6,231503.8339,0.0,294881.4339,119994.82000000002,414876.2491000001,7538.540000000001,25468.9,0.0,33007.439999999995,745.42,,0.0,745.42,6338.510000000001,11938.089999999998,0.0,18276.600000000002,1555.8200000000002,3519.3100000000004,0.0,5075.129999999999,22177.15,7951.089999999999,0.0,30128.239999999998,1160.79,5509.462,0.0,6670.252,,,,,,,,,39516.189999999995,54387.200000000004,0.0,93903.38999999998,,,,,,,,,,,,0.0,,,,0.0,,,,,,,,,,,,,,,,0.0,39516.189999999995,54387.200000000004,0.0,93903.38999999998,1975.81,2719.41,0.0,4695.219999999999,37540.380000000005,51667.79,0.0,89208.17,308.65885950000006,1458.188459625,,1766.847319125,1.44,11.52,,12.959999999999999,5960.410551417003,14767.495097857516,,20727.90564927452,6270.470000000001,16237.09,,22507.56,16.703267255152983,31.425942545636264,,25.230379683833892,530.62,1846.06,0.0,2376.68,31208.649999999994,36708.52,0.0,67917.16999999998,,,,,,,,,,,,,,0.0,0.0,89208.17000000001,0.0,0.0,,0.0,,0.0,,,,,,,,89208.17000000001,0.0
21,ANDHRA PRADESH,Prakasam,,789.3013742124677,789.3510723716776,828.3873879745804,790.3976320444401,280306.0,820238.0,30685.0,1131229.0,293771.0,1425000.0,17239.01,46827.94,2529.2799999999997,66596.22999999998,954.77,,155.01,1109.78,2509.8399999999997,0.0,64.02,2573.859999999999,1136.81,2922.94,73.58,4133.33,1951.02,6103.809999999999,172.5,8227.33,4966.635999999999,13208.880000000001,290.626,18466.141999999996,,,,,,,,,28758.090000000004,69063.51999999999,3285.04,101106.65000000002,,,,,,,,,,,,0.0,,,,0.0,,,,,,,,,,,,,,,,0.0,28758.090000000004,69063.51999999999,3285.04,101106.65000000002,1437.9699999999998,3453.32,164.24,5055.530000000001,27320.119999999995,65610.19999999998,3120.8,96051.12000000001,1306.5944906,3451.4147618159996,112.1279208,4870.137173216,422.48505,87.6,0.0,510.08505,11363.836783320548,30041.7107161,690.54006,42096.08755942056,13093.240000000002,33580.82,802.6600000000001,47476.72000000001,47.92526533558419,51.18231616425496,25.719687259677006,50.224792080776226,1494.57,3941.2999999999993,131.73000000000002,5435.869999999999,16018.83,38705.66,2723.47,54724.490000000005,,,,,,,,,,,,,,5543722.57,205121.64,5636652.879999999,208242.44,0.0,,0.0,,0.0,,,,,,,,5636652.879999999,208242.44
22,ANDHRA PRADESH,Sri Potti Sriramulu Nellore,,1081.2996762472312,1018.1022445440142,0.0,1040.045797571721,345599.4225697386,649726.8984205355,0.0,995326.320990274,50358.28571428571,1045684.6067045596,35499.990000000005,56289.439999999995,0.0,91789.43000000002,11238.439999999999,,,11238.439999999999,45309.42,13473.340000000002,0.0,58782.76,7283.96,7426.379999999999,0.0,14710.34,4893.76,7054.970000000001,2.04,11950.769999999999,246.98600000000002,1632.7339999999997,0.0,1879.7199999999996,,,,,,,,,104472.34,85876.85999999999,2.04,190351.24000000002,,,,,,,,,,,,0.0,,,,0.0,,,,,,,,,,,,,,,,0.0,104472.34,85876.85999999999,2.04,190351.24000000002,5223.829999999999,4293.950000000001,0.09,9517.9,99248.51000000001,81582.90999999999,1.9499999999999997,180833.37000000002,3914.5527360000006,1772.0631360000004,,5686.615871999999,571.3000000000001,534.6500000000002,,1105.95,19724.1092135,17619.71580475,,37343.825018250005,24210.1,19926.75,,44136.85,24.393414067374913,24.42515227760324,,24.407732903938925,5146.460000000001,2793.47,0.0,7939.930000000001,76166.98000000001,60744.98000000001,1.9500000000000002,136911.96000000002,,,,,,,,,,,,,,1728433.0200000003,0.0,1909264.4400000004,1.9500000000000002,0.0,,0.0,,0.0,,,,,,,,1909264.4400000004,1.9500000000000002
23,ANDHRA PRADESH,Sri Sathya Sai,,0.0,589.840800708202,0.0,589.840800708202,0.0,763624.0,0.0,763624.0,105065.0,868689.0,0.0,43716.420000000006,0.0,43716.420000000006,8667.51,,0.0,8667.51,0.0,386.33,0.0,386.33,0.0,15461.98,0.0,15461.98,,10235.01,,10235.01,,46891.586,,46891.586,,,,,,,,,8667.51,116691.35999999999,0.0,125358.87,,,,,,,,,,,,0.0,,,,0.0,,,,,,,,,,,,,,,,0.0,8667.51,116691.35999999999,0.0,125358.87,433.39,5834.7699999999995,0.0,6268.150000000001,8234.119999999999,110856.59000000001,0.0,119090.70999999998,,8913.9015,,8913.9015,,136.84500000000003,,136.84500000000003,,59350.518222055856,,59350.518222055856,,68401.25,,68401.25,,61.70246622235087,,57.43626014153415,0.0,12703.34,0.0,12703.34,8234.119999999999,48319.59999999999,0.0,56553.71999999999,,,,,,,,,,,,,,1988549.2700000003,0.0,2107639.98,0.0,0.0,,0.0,,0.0,,,,,,,,2107639.98,0.0
24,ANDHRA PRADESH,Srikakulam,,1121.895615849359,1186.4867621352093,1215.1406239896544,1170.325902245538,115519.71944,325359.6818,7510.051439999999,448389.45268,10898.0,459287.45268,11610.17,25965.639999999996,782.2000000000002,38358.009999999995,13871.19,,80.05000000000001,13951.24,15258.509999999998,14401.019999999997,0.0,29659.530000000002,1590.5,5623.01,0.0,7213.509999999999,2244.13,6103.7300000000005,0.0,8347.859999999999,1736.9959999999999,2409.818,,4146.814,,,,,,,,,46311.59,54503.149999999994,862.2500000000002,101676.98999999999,,,,,,,,,,,,0.0,,,,0.0,,,,,,,,,,,,,,,,0.0,46311.59,54503.149999999994,862.2500000000002,101676.98999999999,2315.6600000000003,2725.52,43.11,5084.289999999998,43995.93,51777.63,819.1399999999999,96592.70000000001,1851.3416432,5069.572868950001,0.0,6920.914512150001,10.219999999999999,359.69034500000004,0.0,369.91034500000006,7456.92547636,20146.8229372,0.0,27603.74841356,9318.560000000001,25575.880000000005,0.0,34894.44,21.180504651225696,49.39561737375775,0.0,36.434314439183424,2276.49,6940.53,0.0,9217.020000000002,34857.75,29757.670000000002,819.14,64615.42,,,,,,,,,,,,,,0.0,0.0,95773.56,819.14,0.0,,0.0,,0.0,,,,,,,,95773.56,819.14
25,ANDHRA PRADESH,Tirupati,,1155.5085012618179,1058.7097247170987,1212.5763724193066,1065.5706979067977,53098.0,708836.0079580001,597.1699,762531.1778579999,60409.0,822940.1778579999,5378.110000000001,76914.46999999999,115.00999999999999,82407.59,541.42,,0.0,541.42,197.83,23413.929999999993,0.0,23611.759999999995,921.73,16484.11,0.0,17405.84,1556.6499999999999,13818.33,9082.89,24457.869999999995,1969.1200000000001,19755.32,0.0,21724.44,,,,,,,,,10564.880000000001,150386.81000000003,9197.900000000001,170149.59,,,,,,,,,,,,0.0,,,,0.0,,,,,,,,,,,,,,,,0.0,10564.880000000001,150386.81000000003,9197.900000000001,170149.59,528.23,7519.5700000000015,459.90000000000003,8507.7,10036.650000000001,142867.24,8738.0,161641.88999999998,173.86136800000003,3642.7388420000007,0.0,3816.6002100000005,181.64999999999998,1333.74,0.0,1515.39,3617.473789215,46734.45329706199,0.0,50351.927086277006,3972.9500000000007,51711.03,0.0,55683.98,39.58442308937744,36.195162725898534,0.0,36.41763463310188,465.36,9841.73,0.0,10307.09,5948.16,91329.40999999999,8738.0,97277.56999999999,,,,,,,,,,,,,,3670550.1800000006,4429.89,3823454.07,13167.89,0.0,,0.0,,0.0,,,,,,,,3823454.07,13167.89
26,ANDHRA PRADESH,Visakhapatnam,,0.0,1140.5769642950484,0.0,1140.5769642950484,0.0,100167.25385235802,0.0,100167.25385235802,0.0,100167.25385235802,0.0,7346.7300000000005,0.0,7346.7300000000005,,,,,0.0,3526.5699999999997,0.0,3526.5699999999997,0.0,735.85,0.0,735.85,0.0,470.60999999999996,0.0,470.60999999999996,0.0,992.4339999999999,0.0,992.4339999999999,,,,,,,,,0.0,13072.16,0.0,13072.16,,,,,,,,,,,,0.0,,,,0.0,,,,,,,,,,,,,,,,0.0,0.0,13072.16,0.0,13072.16,0.0,653.56,0.0,653.56,0.0,12418.599999999999,0.0,12418.599999999999,,2494.13571776,,2494.13571776,,58.441399999999994,,58.441399999999994,,2893.1668289199997,,2893.1668289199997,,5445.759999999999,,5445.759999999999,,43.85164189200071,,43.85164189200071,0.0,4154.709999999999,0.0,4154.709999999999,0.0,6032.499999999999,0.0,6032.499999999999,,,,,,,,,,,,,,748566.1999999998,0.0,760984.7999999999,0.0,0.0,,0.0,,0.0,,,,,,,,760984.7999999999,0.0
27,ANDHRA PRADESH,Vizianagaram,,1090.9372952530848,1117.43477858781,0.0,1109.8827379478998,114339.94,286839.13187,0.0,401179.07187000004,11740.65,412919.72187,7442.700000000001,19691.239999999998,0.0,27133.940000000002,6447.07,,50.120000000000005,6497.19,15241.140000000001,11207.58,0.0,26448.719999999998,2951.71,5427.030000000001,0.0,8378.74,41094.439999999995,16787.250000000004,0.0,57881.69,3037.728,14194.804000000002,,17232.532,,,,,,,,,76214.81999999998,67307.86,50.120000000000005,143572.8,,,,,,,,,,,,0.0,,,,0.0,,,,,,,,,,,,,,,,0.0,76214.81999999998,67307.86,50.120000000000005,143572.8,3810.91,3365.5000000000005,2.5,7178.84,72403.91,63942.36,47.620000000000005,136393.89,516.9,1356.86,,1873.76,75.24,39.92,,115.16,11132.179400000003,24057.849,,35190.0284,11724.339999999997,25454.649999999998,,37178.990000000005,16.192965269417076,39.80874337450166,,27.26806534568199,516.9,1356.86,0.0,1873.76,61484.80999999999,39980.97,47.620000000000005,101465.78,,,,,,,,,,,,,,2008522.1600000001,0.0,2144868.45,47.620000000000005,0.0,,0.0,,0.0,,,,,,,,2144868.45,47.620000000000005
28,ANDHRA PRADESH,West Godavari,,1138.5102896595713,963.8668194704145,1126.2521456241582,1117.260067842361,52492.31,16579.0,158765.69,227837.0,0.0,227837.0,8957.61,2535.4,27764.32,39257.33,2371.2799999999997,,2651.45,5022.7300000000005,36689.28,169.33,56325.280000000006,93183.89000000003,593.44,167.62,0.0,761.0600000000001,0.0,269.42,0.0,269.42,66.30799999999999,14.907999999999998,461.634,542.8500000000001,,,,,,,,,48677.729999999996,3156.6299999999997,87202.54000000001,139036.9,,,,,,,,,,,,0.0,,,,0.0,,,,,,,,,,,,,,,,0.0,48677.729999999996,3156.6299999999997,87202.54000000001,139036.9,2433.9599999999996,157.84999999999997,4360.2699999999995,6952.079999999999,46243.77,2998.78,82842.27,132084.82,781.1495009999999,256.476924,0.0,1037.6264250000002,70.87,2.7680000000000002,79.956,153.59400000000002,2788.0310000000004,981.72,321.20000000000005,4090.951000000001,3640.0200000000004,1240.9599999999998,401.15000000000003,5282.129999999999,7.871373808839549,41.382162079245546,0.48423347163229596,9.912118685973816,899.4599999999999,295.31,0.0,1194.77,42485.409999999996,1718.9999999999998,82441.12000000001,44204.409999999996,,,,,,,,,,,,,,0.0,0.0,49242.549999999996,82842.27,0.0,,0.0,,0.0,,,,,,,,49242.549999999996,82842.27
29,ANDHRA PRADESH,Y.S.R Kadapa,,679.8251512085089,696.3725129220649,0.0,685.4224221162609,582867.992,297940.0,0.0,880807.992,241810.0,1122617.992,36551.01999999999,18365.699999999997,0.0,54916.720000000016,15934.57,,,15934.57,5133.37,249.69999999999996,0.0,5383.07,5307.41,3119.81,0.0,8427.220000000001,2347.510000000001,423.4200000000001,0.0,2770.930000000001,13882.770000000004,6335.343999999999,,20218.114,,,,,,,,,79156.6,28493.910000000003,0.0,107650.51,,,,,,,,,,,,0.0,,,,0.0,,,,,,,,,,,,,,,,0.0,79156.6,28493.910000000003,0.0,107650.51,3957.89,1424.7300000000002,0.0,5382.61,75198.70999999999,27069.179999999993,0.0,102267.89,5407.1045,2728.1818,,8135.2863,371.72800000000007,56.03999999999999,,427.76800000000003,19095.62610625,11131.932943125,,30227.55904937499,24874.519999999997,13916.230000000001,,38790.74999999999,33.078386584025175,51.409869083585114,,37.93052736298754,5407.149999999998,2728.1799999999994,0.0,8135.33,50647.32999999999,13825.489999999998,0.0,64472.819999999985,,,,,,,,,,,,,,7656816.4,0.0,7759084.25,0.0,0.0,,0.0,,0.0,,,,,,,,7759084.25,0.0
30,ARUNACHAL PRADESH,ANJAW,,0.0,0.0,0.0,0.0,0.0,0.0,0.0,0.0,619000.0,619000.0,0.0,0.0,0.0,0.0,,,,,0.0,0.0,0.0,0.0,0.0,0.0,0.0,0.0,,,,,,,,,,,,,,,,,0.0,0.0,0.0,0.0,,,,,,,,,,,,0.0,,,,0.0,0.0,0.0,0.0,0.0,0.0,0.0,0.0,0.0,0.0,0.0,0.0,0.0,0.0,0.0,0.0,0.0,0.0,0.0,0.0,0.0,0.0,0.0,0.0,0.0,0.0,0.0,0.0,0.0,,,,0.0,,,,0.0,,,,0.0,,,,,,,,,0.0,0.0,0.0,0.0,0.0,0.0,0.0,0.0,,,,,,,0.0,0.0,0.0,,,,,0.0,0.0,0.0,0.0,0.0,,0.0,,0.0,,,,,,,,0.0,0.0
31,ARUNACHAL PRADESH,CHANGLANG,,0.0,2222.9,0.0,2222.8999999999996,0.0,53000.0,0.0,53000.0,413199.99999999994,466199.99999999994,0.0,19742.160000000003,0.0,19742.160000000003,,,,,0.0,10336.2,0.0,10336.2,0.0,29.159999999999997,0.0,29.159999999999997,,,,,,,,,,,,,,,,,0.0,30107.52,0.0,30107.52,,,,,,,,,,,,0.0,,,,0.0,0.0,0.0,0.0,0.0,0.0,0.0,0.0,0.0,0.0,0.0,0.0,0.0,0.0,0.0,0.0,0.0,0.0,30107.52,0.0,30107.52,0.0,3010.7700000000004,0.0,3010.7700000000004,0.0,27096.75,0.0,27096.75,,182.82127847499999,,182.82127847499999,,0.0,,0.0,,64.80000000000001,,64.80000000000001,,247.62000000000003,,247.62000000000003,,0.9138365302111878,,0.9138365302111878,0.0,225.58999999999997,0.0,225.58999999999997,0.0,26806.36,0.0,26806.36,,,,,,,1933.4399688,1347.1488,0.0,,,,,0.0,0.0,27096.75,0.0,0.0,,0.0,,0.0,,,,,,,,27096.75,0.0
32,ARUNACHAL PRADESH,DIBANG VALLEY,,0.0,0.0,0.0,0.0,0.0,0.0,0.0,0.0,912900.0,912900.0,0.0,0.0,0.0,0.0,,,,,0.0,0.0,0.0,0.0,0.0,0.0,0.0,0.0,,,,,,,,,,,,,,,,,0.0,0.0,0.0,0.0,,,,,,,,,,,,0.0,,,,0.0,0.0,0.0,0.0,0.0,0.0,0.0,0.0,0.0,0.0,0.0,0.0,0.0,0.0,0.0,0.0,0.0,0.0,0.0,0.0,0.0,0.0,0.0,0.0,0.0,0.0,0.0,0.0,0.0,,,,0.0,,,,0.0,,,,0.0,,,,,,,,,0.0,0.0,0.0,0.0,0.0,0.0,0.0,0.0,,,,,,,0.0,0.0,0.0,,,,,0.0,0.0,0.0,0.0,0.0,,0.0,,0.0,,,,,,,,0.0,0.0
33,ARUNACHAL PRADESH,EAST KAMENG,,0.0,2026.2999999999997,0.0,2026.2999999999997,0.0,31249.999999999996,0.0,31249.999999999996,382150.0,413400.0,0.0,11144.66,0.0,11144.66,,,,,0.0,6383.153024,0.0,6383.14,0.0,32.47,0.0,32.47,,,,,,5.680000000000001,,5.680000000000001,,,,,,,,,0.0,17565.95,0.0,17565.95,,,,,,,,,,,,0.0,,,,0.0,0.0,0.0,0.0,0.0,0.0,0.0,0.0,0.0,0.0,0.0,0.0,0.0,0.0,0.0,0.0,0.0,0.0,17565.95,0.0,17565.95,0.0,1756.5900000000001,0.0,1756.5900000000001,0.0,15809.359999999999,0.0,15809.359999999999,,14.722563350000001,,14.722563350000001,,0.0,,0.0,,94.10000000000001,,94.10000000000001,,108.82,,108.82,,0.6883264091652034,,0.6883264091652034,0.0,23.5,0.0,23.5,0.0,15691.77,0.0,15691.77,,,,,,,0.0,621.0,0.0,,,,,0.0,0.0,15809.36,0.0,0.0,,0.0,,0.0,,,,,,,,15809.36,0.0
34,ARUNACHAL PRADESH,EAST SIANG,,0.0,4398.6,0.0,4398.6,0.0,110100.0,0.0,110100.0,250200.0,360300.0,0.0,70296.68,0.0,70296.68,,,,,0.0,9924.605499999998,0.0,9924.599999999999,0.0,40.16,0.0,40.16,,,,,,5.0,,5.0,,,,,,,,,0.0,80266.44,0.0,80266.44,,,,,,,,,,,,0.0,,,,0.0,0.0,0.08,0.0,0.08,0.0,254.72,0.0,254.72,0.0,0.0,0.0,0.0,0.0,-254.79999999999998,0.0,-254.79999999999998,0.0,80011.64,0.0,80011.64,0.0,8026.64,0.0,8026.64,0.0,71985.0,0.0,71985.0,,64.39847205,,64.39847205,,4.199999999999999,,4.199999999999999,,110.42,,110.42,,179.01999999999998,,179.01999999999998,,0.24869069945127453,,0.24869069945127453,0.0,75.08,0.0,75.08,0.0,71795.3,0.0,71795.3,,,,,,,3733.8136030719998,748.7424,0.0,,,,,0.0,0.0,71985.0,0.0,0.0,,0.0,,0.0,,,,,,,,71985.0,0.0
35,ARUNACHAL PRADESH,KURUNG KUMEY,,0.0,0.0,0.0,0.0,0.0,0.0,0.0,0.0,604000.0,604000.0,0.0,0.0,0.0,0.0,,,,,0.0,0.0,0.0,0.0,0.0,0.0,0.0,0.0,,,,,,,,,,,,,,,,,0.0,0.0,0.0,0.0,,,,,,,,,,,,0.0,,,,0.0,0.0,0.0,0.0,0.0,0.0,0.0,0.0,0.0,0.0,0.0,0.0,0.0,0.0,0.0,0.0,0.0,0.0,0.0,0.0,0.0,0.0,0.0,0.0,0.0,0.0,0.0,0.0,0.0,,,,0.0,,,,0.0,,,,0.0,,,,,,,,,0.0,0.0,0.0,0.0,0.0,0.0,0.0,0.0,,,,,,,0.0,0.0,0.0,,,,,0.0,0.0,0.0,0.0,0.0,,0.0,,0.0,,,,,,,,0.0,0.0
36,ARUNACHAL PRADESH,LOHIT,,0.0,2998.2,0.0,2998.2,0.0,200000.0,0.0,200000.0,321199.99999999994,521200.0,0.0,105536.64,0.0,105536.64,,,,,0.0,17398.2,0.0,17398.2,0.0,15.32,0.0,15.32,,,,,,,,,,,,,,,,,0.0,122950.16,0.0,122950.16,,,,,,,,,,,,0.0,,,,0.0,0.0,0.0,0.0,0.0,0.0,1278.16,0.0,1278.16,0.0,0.0,0.0,0.0,0.0,-1278.16,0.0,-1278.16,0.0,121672.0,0.0,121672.0,0.0,12295.029999999999,0.0,12295.029999999999,0.0,109376.97,0.0,109376.97,,230.9697005,,230.9697005,,8.4,,8.4,,34.36,,34.36,,273.72,,273.72,,0.2502537782862334,,0.2502537782862334,0.0,279.47,0.0,279.47,0.0,109054.75,0.0,109054.75,,,,,,,9791.131590444,0.0,0.0,,,,,0.0,0.0,109376.97,0.0,0.0,,0.0,,0.0,,,,,,,,109376.97,0.0
37,ARUNACHAL PRADESH,LOWER DIBANG VALLEY,,0.0,3996.1,0.0,3996.1,0.0,120000.0,0.0,120000.0,270000.0,390000.0,0.0,77315.63,0.0,77315.63,,,,,0.0,2235.7290000000003,0.0,2235.73,0.0,74.13,0.0,74.13,,,,,,,,,,,,,,,,,0.0,79625.49,0.0,79625.49,,,,,,,,,,,,0.0,,,,0.0,0.0,0.0,0.0,0.0,0.0,0.0,0.0,0.0,0.0,0.0,0.0,0.0,0.0,0.0,0.0,0.0,0.0,79625.49,0.0,79625.49,0.0,7962.55,0.0,7962.55,0.0,71662.94,0.0,71662.94,,31.620995724999997,,31.620995724999997,,0.0,,0.0,,216.5,,216.5,,248.13,,248.13,,0.3462459117641559,,0.3462459117641559,0.0,34.28,0.0,34.28,0.0,71412.15,0.0,71412.15,,,,,,,0.0,1519.7759999999998,0.0,,,,,0.0,0.0,71662.94,0.0,0.0,,0.0,,0.0,,,,,,,,71662.94,0.0
38,ARUNACHAL PRADESH,LOWER SUBANSIRI,,0.0,1444.4,0.0,1444.4,0.0,10135.0,0.0,10135.0,340665.0,350799.99999999994,0.0,2643.04,0.0,2643.04,,,,,0.0,2591.3475,0.0,2591.35,0.0,7.05,0.0,7.05,,,,,,,,,,,,,,,,,0.0,5241.4400000000005,0.0,5241.4400000000005,,,,,,,,,,,,0.0,,,,0.0,0.0,0.0,0.0,0.0,0.0,231.75,0.0,231.75,0.0,0.0,0.0,0.0,0.0,-231.75,0.0,-231.75,0.0,5009.6900000000005,0.0,5009.6900000000005,0.0,524.15,0.0,524.15,0.0,4485.54,0.0,4485.54,,22.949197975,,22.949197975,,0.0,,0.0,,16.83,,16.83,,39.790000000000006,,39.790000000000006,,0.887072682441802,,0.887072682441802,0.0,43.11,0.0,43.11,0.0,4425.59,0.0,4425.59,,,,,,,8164.97333716,0.0,0.0,,,,,0.0,0.0,4485.54,0.0,0.0,,0.0,,0.0,,,,,,,,4485.54,0.0
39,ARUNACHAL PRADESH,PAPUM PARE,,0.0,3199.6000000000004,0.0,3199.6000000000004,0.0,17819.0,0.0,17819.0,328381.0,346200.00000000006,0.0,9018.400000000001,0.0,9018.400000000001,,,,,0.0,3283.101,0.0,3283.0899999999997,0.0,5.96,0.0,5.96,,,,,,,,,,,,,,,,,0.0,12307.439999999999,0.0,12307.439999999999,,,,,,,,,,,,0.0,,,,0.0,0.0,325.18,0.0,325.18,0.0,1158.28,0.0,1158.28,0.0,0.0,0.0,0.0,0.0,-1483.46,0.0,-1483.46,0.0,10823.98,0.0,10823.98,0.0,1230.75,0.0,1230.75,0.0,9593.23,0.0,9593.23,,108.02722865000001,,108.02722865000001,,25.29,,25.29,,15.36,,15.36,,148.68,,148.68,,1.549842962172282,,1.549842962172282,0.0,190.73,0.0,190.73,0.0,9361.849999999999,0.0,9361.849999999999,,,,,,,6968.291028328001,386.1,0.0,,,,,0.0,0.0,9593.23,0.0,0.0,,0.0,,0.0,,,,,,,,9593.23,0.0
40,ARUNACHAL PRADESH,TAWANG,,0.0,0.0,0.0,0.0,0.0,0.0,0.0,0.0,217200.0,217200.0,0.0,0.0,0.0,0.0,,,,,0.0,0.0,0.0,0.0,0.0,0.0,0.0,0.0,,,,,,,,,,,,,,,,,0.0,0.0,0.0,0.0,,,,,,,,,,,,0.0,,,,0.0,0.0,0.0,0.0,0.0,0.0,0.0,0.0,0.0,0.0,0.0,0.0,0.0,0.0,0.0,0.0,0.0,0.0,0.0,0.0,0.0,0.0,0.0,0.0,0.0,0.0,0.0,0.0,0.0,,,,0.0,,,,0.0,,,,0.0,,,,,,,,,0.0,0.0,0.0,0.0,0.0,0.0,0.0,0.0,,,,,,,0.0,0.0,0.0,,,,,0.0,0.0,0.0,0.0,0.0,,0.0,,0.0,,,,,,,,0.0,0.0
41,ARUNACHAL PRADESH,TIRAP,,0.0,2907.3,0.0,2907.3,0.0,12500.0,0.0,12500.0,223700.0,236200.0,0.0,6396.06,0.0,6396.06,,,,,0.0,2269.398,0.0,2269.3900000000003,0.0,2.4699999999999998,0.0,2.4699999999999998,,1.03,,1.03,,0.023,,0.023,,,,,,,,,0.0,8668.97,0.0,8668.97,,,,,,,,,,,,0.0,,,,0.0,0.0,0.0,0.0,0.0,0.0,0.0,0.0,0.0,0.0,0.0,0.0,0.0,0.0,0.0,0.0,0.0,0.0,8668.97,0.0,8668.97,0.0,866.9000000000001,0.0,866.9000000000001,0.0,7802.07,0.0,7802.07,,49.293620475,,49.293620475,,0.0,,0.0,,6.25,,6.25,,55.540000000000006,,55.540000000000006,,0.7118623647314112,,0.7118623647314112,0.0,56.199999999999996,0.0,56.199999999999996,0.0,7739.620000000001,0.0,7739.620000000001,,,,,,,101.640041512,134.09279999999998,0.0,,,,,0.0,0.0,7802.07,0.0,0.0,,0.0,,0.0,,,,,,,,7802.07,0.0
42,ARUNACHAL PRADESH,UPPER SIANG,,0.0,0.0,0.0,0.0,0.0,0.0,0.0,0.0,658999.9999999999,658999.9999999999,0.0,0.0,0.0,0.0,,,,,0.0,0.0,0.0,0.0,0.0,0.0,0.0,0.0,,,,,,,,,,,,,,,,,0.0,0.0,0.0,0.0,,,,,,,,,,,,0.0,,,,0.0,0.0,0.0,0.0,0.0,0.0,0.0,0.0,0.0,0.0,0.0,0.0,0.0,0.0,0.0,0.0,0.0,0.0,0.0,0.0,0.0,0.0,0.0,0.0,0.0,0.0,0.0,0.0,0.0,,,,0.0,,,,0.0,,,,0.0,,,,,,,,,0.0,0.0,0.0,0.0,0.0,0.0,0.0,0.0,,,,,,,0.0,0.0,0.0,,,,,0.0,0.0,0.0,0.0,0.0,,0.0,,0.0,,,,,,,,0.0,0.0
43,ARUNACHAL PRADESH,UPPER SUBANSIRI,,0.0,1735.4,0.0,1735.4,0.0,700.0,0.0,700.0,702500.0,703200.0,0.0,213.79000000000002,0.0,213.79000000000002,,,,,0.0,2480.0460000000003,0.0,2480.05,0.0,5.9399999999999995,0.0,5.9399999999999995,,,,,,,,,,,,,,,,,0.0,2699.7799999999997,0.0,2699.7799999999997,,,,,,,,,,,,0.0,,,,0.0,0.0,0.0,0.0,0.0,0.0,0.0,0.0,0.0,0.0,0.0,0.0,0.0,0.0,0.0,0.0,0.0,0.0,2699.7799999999997,0.0,2699.7799999999997,0.0,269.96999999999997,0.0,269.96999999999997,0.0,2429.81,0.0,2429.81,,3.73278565,,3.73278565,,0.9,,0.9,,16.64,,16.64,,21.28,,21.28,,0.875788641910273,,0.875788641910273,0.0,7.199999999999999,0.0,7.199999999999999,0.0,2405.06,0.0,2405.06,,,,,,,0.0,0.0,0.0,,,,,0.0,0.0,2429.81,0.0,0.0,,0.0,,0.0,,,,,,,,2429.81,0.0
44,ARUNACHAL PRADESH,WEST KAMENG,,0.0,2388.7,0.0,2388.7,0.0,6175.000000000001,0.0,6175.000000000001,736025.0,742200.0,0.0,2596.03,0.0,2596.03,,,,,0.0,755.5744799999999,0.0,755.58,0.0,0.53,0.0,0.53,,,,,,0.122,,0.122,,,,,,,,,0.0,3352.2599999999998,0.0,3352.2599999999998,,,,,,,,,,,,0.0,,,,0.0,0.0,0.0,0.0,0.0,0.0,0.0,0.0,0.0,0.0,0.0,0.0,0.0,0.0,0.0,0.0,0.0,0.0,3352.2599999999998,0.0,3352.2599999999998,0.0,335.21999999999997,0.0,335.21999999999997,0.0,3017.04,0.0,3017.04,,11.52654305,,11.52654305,,0.0,,0.0,,1.64,,1.64,,13.150000000000002,,13.150000000000002,,0.4358576618142286,,0.4358576618142286,0.0,13.29,0.0,13.29,0.0,3002.13,0.0,3002.13,,,,,,,0.0,4.4639999999999995,0.0,,,,,0.0,0.0,3017.0399999999995,0.0,0.0,,0.0,,0.0,,,,,,,,3017.0399999999995,0.0
45,ARUNACHAL PRADESH,WEST SIANG,,0.0,2891.8999999999996,0.0,2891.8999999999996,0.0,10459.0,0.0,10459.0,822041.0,832500.0,0.0,5323.37,0.0,5323.37,,,,,0.0,874.0830000000001,0.0,874.08,0.0,1.65,0.0,1.65,,,,,,0.5,,0.5,,,,,,,,,0.0,6199.6,0.0,6199.6,,,,,,,,,,,,0.0,,,,0.0,0.0,0.0,0.0,0.0,0.0,0.0,0.0,0.0,0.0,0.0,0.0,0.0,0.0,0.0,0.0,0.0,0.0,6199.6,0.0,6199.6,0.0,619.96,0.0,619.96,0.0,5579.639999999999,0.0,5579.639999999999,,2.3703556249999997,,2.3703556249999997,,1.1800000000000002,,1.1800000000000002,,4.46,,4.46,,8.01,,8.01,,0.14355764888057293,,0.14355764888057293,0.0,2.59,0.0,2.59,0.0,5571.4,0.0,5571.4,,,,,,,0.0,2.9674799999999997,0.0,,,,,0.0,0.0,5579.64,0.0,0.0,,0.0,,0.0,,,,,,,,5579.64,0.0
46,ASSAM,BAKSA,,0.0,3274.6,0.0,3274.6,0.0,244873.01,0.0,244873.01,1382.9899999999966,246256.0,0.0,125520.63,0.0,125520.63,,,,,0.0,9554.5698,0.0,9554.57,0.0,970.7799999999999,0.0,970.7799999999999,,3923.6499999999996,,3923.6499999999996,,,,,,,,,,,,,0.0,139969.63,0.0,139969.63,,,,,,,,,,,,0.0,,,,0.0,0.0,0.0,0.0,0.0,0.0,2422.7400000000002,0.0,2422.7400000000002,0.0,0.0,0.0,0.0,0.0,-2422.7400000000002,0.0,-2422.7400000000002,0.0,137546.89,0.0,137546.89,0.0,12987.400000000001,0.0,12987.400000000001,0.0,124559.49,0.0,124559.49,,2014.1122386992774,,2014.1122386992774,,3.1630499999999997,,3.1630499999999997,,2464.02,,2464.02,,4481.299999999999,,4481.299999999999,,3.597718648334221,,3.597718648334221,0.0,2272.88,0.0,2272.88,0.0,119819.42000000001,0.0,119819.42000000001,,,,,,,,,,,,,,1800730.98,0.0,1925290.47,0.0,0.0,,0.0,,0.0,,,,,,,,1925290.47,0.0
47,ASSAM,BARPETA,,0.0,2051.4999999999995,0.0,2051.4999999999995,0.0,227056.25,0.0,227056.25,1143.7499999999982,228200.0,0.0,79511.84,0.0,79511.84,,,,,0.0,379.76399999999995,0.0,379.76,0.0,10441.580000000002,0.0,10441.580000000002,,4271.3,,4271.3,,,,,,,,,,,,,0.0,94604.48,0.0,94604.48,,,,,,,,,,,,0.0,,,,0.0,0.0,0.0,0.0,0.0,0.0,4445.8,0.0,4445.8,0.0,0.0,0.0,0.0,0.0,-4445.8,0.0,-4445.8,0.0,90158.68,0.0,90158.68,0.0,6018.849999999999,0.0,6018.849999999999,0.0,84139.83000000002,0.0,84139.83000000002,,4057.5038485262276,,4057.5038485262276,,18.516707999999998,,18.516707999999998,,31337.279999999995,,31337.279999999995,,35413.310000000005,,35413.310000000005,,42.08863982729701,,42.08863982729701,0.0,5215.49,0.0,5215.49,0.0,47568.52,0.0,47568.52,,,,,,,,,,,,,,711441.5200000001,0.0,795581.3500000001,0.0,0.0,,0.0,,0.0,,,,,,,,795581.3500000001,0.0
48,ASSAM,BONGAIGAON,,0.0,3102.399999999999,0.0,3102.399999999999,0.0,99730.0,0.0,99730.0,9569.999999999996,109300.0,0.0,46133.36000000001,0.0,46133.36000000001,,,,,0.0,198.6,0.0,198.6,0.0,6462.26,0.0,6462.26,,1666.62,,1666.62,,,,,,,,,,,,,0.0,54460.84,0.0,54460.84,,,,,,,,,,,,0.0,,,,0.0,0.0,0.0,0.0,0.0,0.0,4224.61,0.0,4224.61,0.0,0.0,0.0,0.0,0.0,-4224.61,0.0,-4224.61,0.0,50236.229999999996,0.0,50236.229999999996,0.0,5446.089999999999,0.0,5446.089999999999,0.0,44790.14,0.0,44790.14,,1702.7671480681952,,1702.7671480681952,,6.7986,,6.7986,,14360.544000000002,,14360.544000000002,,16070.11,,16070.11,,35.87867776256113,,35.87867776256113,0.0,2165.52,0.0,2165.52,0.0,28257.28,0.0,28257.28,,,,,,,,,,,,,,544470.5599999999,0.0,589260.7,0.0,0.0,,0.0,,0.0,,,,,,,,589260.7,0.0
49,ASSAM,CACHAR,,0.0,3311.9000000000005,0.0,3311.9000000000005,0.0,273358.0,0.0,273358.0,105241.99999999999,378599.99999999994,0.0,85892.43,0.0,85892.43,,,,,0.0,2609.934556226827,0.0,2609.95,0.0,0.0,0.0,0.0,,2367.1100000000006,,2367.1100000000006,,,,,,,,,,,,,0.0,90869.49,0.0,90869.49,,,,,,,,,,,,0.0,,,,0.0,0.0,816.19,0.0,816.19,0.0,38496.75000000001,0.0,38496.75000000001,0.0,0.0,0.0,0.0,0.0,-39312.94000000001,0.0,-39312.94000000001,0.0,51556.549999999996,0.0,51556.549999999996,0.0,9086.98,0.0,9086.98,0.0,42469.57,0.0,42469.57,,1435.9666030769229,,1435.9666030769229,,0.0,,0.0,,0.0,,0.0,,1435.96,,1435.96,,3.3811503153905256,,3.3811503153905256,0.0,1817.0,0.0,1817.0,0.0,40652.579999999994,0.0,40652.579999999994,,,,,,,,,,,,,,388147.9999999999,0.0,430617.57,0.0,0.0,,0.0,,0.0,,,,,,,,430617.57,0.0
50,ASSAM,CHIRANG,,0.0,3218.7,0.0,3218.7,0.0,191794.0,0.0,191794.0,506.00000000000006,192300.0,0.0,91989.21,0.0,91989.21,,,,,0.0,261.66717000000006,0.0,261.67,0.0,414.53999999999996,0.0,414.53999999999996,,105.36000000000001,,105.36000000000001,,,,,,,,,,,,,0.0,92770.78,0.0,92770.78,,,,,,,,,,,,0.0,,,,0.0,0.0,0.0,0.0,0.0,0.0,1771.51,0.0,1771.51,0.0,0.0,0.0,0.0,0.0,-1771.51,0.0,-1771.51,0.0,90999.27,0.0,90999.27,0.0,9277.109999999999,0.0,9277.109999999999,0.0,81722.16,0.0,81722.16,,955.5489517880088,,955.5489517880088,,5.58448,,5.58448,,1464.4800000000002,,1464.4800000000002,,2425.61,,2425.61,,2.96811782752683,,2.96811782752683,0.0,1085.85,0.0,1085.85,0.0,79166.25,0.0,79166.25,,,,,,,,,,,,,,1423426.7400000002,0.0,1505148.9000000001,0.0,0.0,,0.0,,0.0,,,,,,,,1505148.9000000001,0.0
51,ASSAM,DARRANG,,0.0,1951.1999999999996,0.0,1951.1999999999996,0.0,157654.0,0.0,157654.0,846.0,158500.0,0.0,47412.57000000001,0.0,47412.57000000001,,,,,0.0,102.4908591,0.0,102.47,0.0,1757.1799999999998,0.0,1757.1799999999998,,4925.12,,4925.12,,,,,,,,,,,,,0.0,54197.34,0.0,54197.34,,,,,,,,,,,,0.0,,,,0.0,0.0,0.0,0.0,0.0,0.0,232.66,0.0,232.66,0.0,0.0,0.0,0.0,0.0,-232.66,0.0,-232.66,0.0,53964.67999999999,0.0,53964.67999999999,0.0,4579.99,0.0,4579.99,0.0,49384.69,0.0,49384.69,,2149.59713184425,,2149.59713184425,,60.148975,,60.148975,,22453.2,,22453.2,,24662.949999999997,,24662.949999999997,,49.94047750426295,,49.94047750426295,0.0,2790.0,0.0,2790.0,0.0,24081.339999999997,0.0,24081.339999999997,,,,,,,,,,,,,,1243817.2500000002,0.0,1293201.94,0.0,0.0,,0.0,,0.0,,,,,,,,1293201.94,0.0
52,ASSAM,DHEMAJI,,0.0,2859.3000000000006,0.0,2859.3000000000006,0.0,315155.99,0.0,315155.99,8544.010000000002,323700.0,0.0,134479.87,0.0,134479.87,,,,,0.0,16.269714285714286,0.0,16.27,0.0,996.37,0.0,996.37,,289.68,,289.68,,,,,,,,,,,,,0.0,135782.19,0.0,135782.19,,,,,,,,,,,,0.0,,,,0.0,0.0,312.98,0.0,312.98,0.0,31905.539999999994,0.0,31905.539999999994,0.0,0.0,0.0,0.0,0.0,-32218.519999999997,0.0,-32218.519999999997,0.0,103563.67000000001,0.0,103563.67000000001,0.0,13578.210000000001,0.0,13578.210000000001,0.0,89985.46,0.0,89985.46,,1534.058288159758,,1534.058288159758,,7.0710749999999996,,7.0710749999999996,,2780.568,,2780.568,,4321.6900000000005,,4321.6900000000005,,4.802653673160086,,4.802653673160086,0.0,1935.75,0.0,1935.75,0.0,85262.07,0.0,85262.07,,,,,,,,,,,,,,3659094.54,0.0,3749080.0000000005,0.0,0.0,,0.0,,0.0,,,,,,,,3749080.0000000005,0.0
53,ASSAM,DHUBRI,,0.0,2752.8,0.0,2752.8,0.0,214392.01,0.0,214392.01,3207.989999999997,217600.0,0.0,87359.38999999998,0.0,87359.38999999998,,,,,0.0,563.9014999999999,0.0,563.8999999999999,0.0,8635.0,0.0,8635.0,,3127.5699999999997,,3127.5699999999997,,,,,,,,,,,,,0.0,99685.85999999999,0.0,99685.85999999999,,,,,,,,,,,,0.0,,,,0.0,0.0,0.0,0.0,0.0,0.0,738.0500000000001,0.0,738.0500000000001,0.0,0.0,0.0,0.0,0.0,-738.05,0.0,-738.05,0.0,98947.80999999998,0.0,98947.80999999998,0.0,9388.100000000002,0.0,9388.100000000002,0.0,89559.70999999998,0.0,89559.70999999998,,4751.290522639854,,4751.290522639854,,28.298699999999997,,28.298699999999997,,22757.76,,22757.76,,27537.369999999995,,27537.369999999995,,30.74749795415818,,30.74749795415818,0.0,6348.380000000001,0.0,6348.380000000001,0.0,60425.27000000001,0.0,60425.27000000001,,,,,,,,,,,,,,636624.8,0.0,726184.51,0.0,0.0,,0.0,,0.0,,,,,,,,726184.51,0.0
54,ASSAM,DIBRUGARH,,0.0,2649.3999999999996,0.0,2649.3999999999996,0.0,334688.0,0.0,334688.0,3412.0000000000073,338100.0,0.0,135247.42,0.0,135247.42,,,,,0.0,42.96673,0.0,42.98,0.0,688.03,0.0,688.03,,1610.9,,1610.9,,,,,,,,,,,,,0.0,137589.33000000002,0.0,137589.33000000002,,,,,,,,,,,,0.0,,,,0.0,0.0,0.0,0.0,0.0,0.0,11411.08,0.0,11411.08,0.0,0.0,0.0,0.0,0.0,-11411.08,0.0,-11411.08,0.0,126178.25000000001,0.0,126178.25000000001,0.0,13758.93,0.0,13758.93,0.0,112419.31999999999,0.0,112419.31999999999,,2717.7305625393765,,2717.7305625393765,,84.33982837500001,,84.33982837500001,,2172.744,,2172.744,,4974.799999999999,,4974.799999999999,,4.425218014127821,,4.425218014127821,0.0,3109.33,0.0,3109.33,0.0,107052.91,0.0,107052.91,,,,,,,,,,,,,,3863924.2199999997,0.0,3976343.54,0.0,0.0,,0.0,,0.0,,,,,,,,3976343.54,0.0
55,ASSAM,DIMA HASAO,,0.0,2791.8,0.0,2791.8,0.0,234300.0,0.0,234300.0,254500.0,488800.0,0.0,62795.41,0.0,62795.41,,,,,,,,,0.0,6.47,0.0,6.47,,28.85,,28.85,,,,,,,,,,,,,0.0,62830.729999999996,0.0,62830.729999999996,,,,,,,,,,,,0.0,,,,0.0,0.0,0.0,0.0,0.0,0.0,0.0,0.0,0.0,0.0,0.0,0.0,0.0,0.0,0.0,0.0,0.0,0.0,62830.729999999996,0.0,62830.729999999996,0.0,6283.090000000001,0.0,6283.090000000001,0.0,56547.64,0.0,56547.64,,239.15051158774,,239.15051158774,,1.188,,1.188,,43.2,,43.2,,283.52,,283.52,,0.5013825510666757,,0.5013825510666757,0.0,279.9,0.0,279.9,0.0,56223.37,0.0,56223.37,,,,,,,,,,,,,,351450.0,0.0,407997.64,0.0,0.0,,0.0,,0.0,,,,,,,,407997.64,0.0
56,ASSAM,GOALPARA,,0.0,2583.1999999999994,0.0,2583.1999999999994,0.0,171983.00000000003,0.0,171983.00000000003,10417.0,182400.0,0.0,68066.14,0.0,68066.14,,,,,0.0,436.88,0.0,436.88,0.0,5165.73,0.0,5165.73,,1403.1799999999998,,1403.1799999999998,,,,,,,,,,,,,0.0,75071.93,0.0,75071.93,,,,,,,,,,,,0.0,,,,0.0,0.0,0.0,0.0,0.0,0.0,14370.13,0.0,14370.13,0.0,0.0,0.0,0.0,0.0,-14370.13,0.0,-14370.13,0.0,60701.799999999996,0.0,60701.799999999996,0.0,7507.200000000001,0.0,7507.200000000001,0.0,53194.6,0.0,53194.6,,2495.923593963731,,2495.923593963731,,43.68142,,43.68142,,14837.85,,14837.85,,17377.44,,17377.44,,32.66767679426107,,32.66767679426107,0.0,3258.2400000000002,0.0,3258.2400000000002,0.0,35054.84,0.0,35054.84,,,,,,,,,,,,,,957346.26,0.0,1010540.8599999999,0.0,0.0,,0.0,,0.0,,,,,,,,1010540.8599999999,0.0
57,ASSAM,GOLAGHAT,,0.0,1751.6999999999996,0.0,1751.6999999999996,0.0,348140.0,0.0,348140.0,2060.0,350200.0,0.0,105354.07,0.0,105354.07,,,,,0.0,355.59622924675324,0.0,355.59000000000003,0.0,1095.98,0.0,1095.98,,731.06,,731.06,,,,,,,,,,,,,0.0,107536.69,0.0,107536.69,,,,,,,,,,,,0.0,,,,0.0,0.0,0.0,0.0,0.0,0.0,1653.0500000000002,0.0,1653.0500000000002,0.0,0.0,0.0,0.0,0.0,-1653.0500000000002,0.0,-1653.0500000000002,0.0,105883.64,0.0,105883.64,0.0,6700.4800000000005,0.0,6700.4800000000005,0.0,99183.16,0.0,99183.16,,2016.6695847979686,,2016.6695847979686,,121.91445825,,121.91445825,,3587.22,,3587.22,,5725.81,,5725.81,,5.772965894613562,,5.772965894613562,0.0,2329.91,0.0,2329.91,0.0,93144.12,0.0,93144.12,,,,,,,,,,,,,,819742.53,0.0,918925.69,0.0,0.0,,0.0,,0.0,,,,,,,,918925.69,0.0
58,ASSAM,HAILAKANDI,,0.0,2838.3,0.0,2838.3,0.0,104981.0,0.0,104981.0,27719.0,132700.0,0.0,26653.729999999996,0.0,26653.729999999996,,,,,0.0,56.635264285714285,0.0,56.64000000000001,0.0,0.33999999999999997,0.0,0.33999999999999997,,1139.92,,1139.92,,,,,,,,,,,,,0.0,27850.629999999997,0.0,27850.629999999997,,,,,,,,,,,,0.0,,,,0.0,0.0,188.99,0.0,188.99,0.0,6316.23,0.0,6316.23,0.0,0.0,0.0,0.0,0.0,-6505.219999999999,0.0,-6505.219999999999,0.0,21345.409999999996,0.0,21345.409999999996,0.0,2785.0699999999997,0.0,2785.0699999999997,0.0,18560.34,0.0,18560.34,,545.2111063304587,,545.2111063304587,,0.0,,0.0,,0.81,,0.81,,546.03,,546.03,,2.9419180898625776,,2.9419180898625776,0.0,700.9899999999999,0.0,700.9899999999999,0.0,17858.54,0.0,17858.54,,,,,,,,,,,,,,148581.90000000002,0.0,167142.24,0.0,0.0,,0.0,,0.0,,,,,,,,167142.24,0.0
59,ASSAM,JORHAT,,0.0,2265.3,0.0,2265.3,0.0,279408.0,0.0,279408.0,5692.0,285100.0,0.0,112679.40000000001,0.0,112679.40000000001,,,,,0.0,18254.9008,0.0,18254.91,0.0,2613.1699999999996,0.0,2613.1699999999996,,740.96,,740.96,,,,,,,,,,,,,0.0,134288.44,0.0,134288.44,,,,,,,,,,,,0.0,,,,0.0,0.0,1106.71,0.0,1106.71,0.0,58060.009999999995,0.0,58060.009999999995,0.0,0.0,0.0,0.0,0.0,-59166.72,0.0,-59166.72,0.0,75121.72,0.0,75121.72,0.0,11817.560000000001,0.0,11817.560000000001,0.0,63304.159999999996,0.0,63304.159999999996,,1399.5790028490076,,1399.5790028490076,,28.277698,,28.277698,,8834.022,,8834.022,,10261.89,,10261.89,,16.210451256283946,,16.210451256283946,0.0,1553.67,0.0,1553.67,0.0,52888.17999999999,0.0,52888.17999999999,,,,,,,,,,,,,,1923048.2199999997,0.0,1986352.38,0.0,0.0,,0.0,,0.0,,,,,,,,1986352.38,0.0
60,ASSAM,KAMRUP,,0.0,1896.1999999999998,0.0,1896.1999999999998,0.0,263024.0,0.0,263024.0,47476.0,310500.0,0.0,81630.90000000001,0.0,81630.90000000001,,,,,0.0,7553.6305085338145,0.0,7553.63,0.0,4040.8900000000003,0.0,4040.8900000000003,,897.03,,897.03,,,,,,,,,,,,,0.0,94122.45999999999,0.0,94122.45999999999,,,,,,,,,,,,0.0,,,,0.0,0.0,14.35,0.0,14.35,0.0,12604.4,0.0,12604.4,0.0,0.0,0.0,0.0,0.0,-12618.75,0.0,-12618.75,0.0,81503.70999999999,0.0,81503.70999999999,0.0,7792.12,0.0,7792.12,0.0,73711.59,0.0,73711.59,,3595.589693965292,,3595.589693965292,,306.590018375,,306.590018375,,11056.392,,11056.392,,14958.560000000001,,14958.560000000001,,20.293362278577902,,20.293362278577902,0.0,4388.660000000001,0.0,4388.660000000001,0.0,57959.95,0.0,57959.95,,,,,,,,,,,,,,1455557.5900000003,0.0,1529269.1800000002,0.0,0.0,,0.0,,0.0,,,,,,,,1529269.1800000002,0.0
61,ASSAM,KAMRUP (M),,0.0,1813.4,0.0,1813.4,0.0,65912.0,0.0,65912.0,29545.0,95457.0,0.0,19560.28,0.0,19560.28,,,,,0.0,144.61845,0.0,144.62,0.0,512.33,0.0,512.33,,953.96,,953.96,,,,,,,,,,,,,0.0,21171.190000000002,0.0,21171.190000000002,,,,,,,,,,,,0.0,,,,0.0,0.0,13.349999999999998,0.0,13.349999999999998,0.0,3957.0699999999997,0.0,3957.0699999999997,0.0,0.0,0.0,0.0,0.0,-3970.42,0.0,-3970.42,0.0,17200.770000000004,0.0,17200.770000000004,0.0,1733.1000000000001,0.0,1733.1000000000001,0.0,15467.670000000002,0.0,15467.670000000002,,3621.6512303663208,,3621.6512303663208,,179.112234,,179.112234,,1429.758,,1429.758,,5230.509999999999,,5230.509999999999,,33.815758934603586,,33.815758934603586,0.0,3700.9199999999996,0.0,3700.9199999999996,0.0,10157.89,0.0,10157.89,,,,,,,,,,,,,,689574.02,0.0,705041.69,0.0,0.0,,0.0,,0.0,,,,,,,,705041.69,0.0
62,ASSAM,KARBI ANGLONG,,0.0,1122.2000000000003,0.0,1122.2000000000003,0.0,656090.0,0.0,656090.0,387310.0,1043400.0,0.0,141672.3,0.0,141672.3,,,,,,,,,0.0,207.23000000000002,0.0,207.23000000000002,,588.45,,588.45,,,,,,,,,,,,,0.0,142467.98,0.0,142467.98,,,,,,,,,,,,0.0,,,,0.0,0.0,113.89,0.0,113.89,0.0,12804.06,0.0,12804.06,0.0,0.0,0.0,0.0,0.0,-12917.949999999999,0.0,-12917.949999999999,0.0,129550.03000000001,0.0,129550.03000000001,0.0,12693.72,0.0,12693.72,0.0,116856.31,0.0,116856.31,,1974.9336740679048,,1974.9336740679048,,39.3998,,39.3998,,578.3399999999999,,578.3399999999999,,2592.68,,2592.68,,2.21869062954324,,2.21869062954324,0.0,2418.8999999999996,0.0,2418.8999999999996,0.0,113819.67,0.0,113819.67,,,,,,,,,,,,,,1813210.14,0.0,1930066.45,0.0,0.0,,0.0,,0.0,,,,,,,,1930066.45,0.0
63,ASSAM,KARIMGANJ,,0.0,3751.0,0.0,3751.0,0.0,167648.0,0.0,167648.0,13252.0,180900.0,0.0,59811.729999999996,0.0,59811.729999999996,,,,,0.0,81.18883363865334,0.0,81.19,0.0,22.450000000000003,0.0,22.450000000000003,,1429.55,,1429.55,,,,,,,,,,,,,0.0,61344.93000000001,0.0,61344.93000000001,,,,,,,,,,,,0.0,,,,0.0,0.0,1600.98,0.0,1600.98,0.0,21348.940000000002,0.0,21348.940000000002,0.0,0.0,0.0,0.0,0.0,-22949.920000000002,0.0,-22949.920000000002,0.0,38395.01000000001,0.0,38395.01000000001,0.0,6134.49,0.0,6134.49,0.0,32260.52,0.0,32260.52,,1348.5388569648965,,1348.5388569648965,,4.193,,4.193,,60.58800000000001,,60.58800000000001,,1413.34,,1413.34,,4.381020516718267,,4.381020516718267,0.0,1743.81,0.0,1743.81,0.0,30451.909999999996,0.0,30451.909999999996,,,,,,,,,,,,,,241798.68999999997,0.0,274059.21,0.0,0.0,,0.0,,0.0,,,,,,,,274059.21,0.0
64,ASSAM,KOKRAJHAR,,0.0,3102.4,0.0,3102.4,0.0,327030.0,0.0,327030.0,2570.0,329600.0,0.0,161100.0,0.0,161100.0,,,,,0.0,949.3199999999999,0.0,949.3299999999999,0.0,3240.77,0.0,3240.77,,668.1500000000001,,668.1500000000001,,,,,,,,,,,,,0.0,165958.25000000003,0.0,165958.25000000003,,,,,,,,,,,,0.0,,,,0.0,0.0,0.0,0.0,0.0,0.0,6014.13,0.0,6014.13,0.0,0.0,0.0,0.0,0.0,-6014.13,0.0,-6014.13,0.0,159944.12000000002,0.0,159944.12000000002,0.0,15464.760000000002,0.0,15464.760000000002,0.0,144479.36000000002,0.0,144479.36000000002,,1738.6889444489125,,1738.6889444489125,,5.4,,5.4,,7729.884000000001,,7729.884000000001,,9474.009999999998,,9474.009999999998,,6.557344938405041,,6.557344938405041,0.0,1844.12,0.0,1844.12,0.0,134899.91,0.0,134899.91,,,,,,,,,,,,,,1374530.8800000001,0.0,1519010.2400000002,0.0,0.0,,0.0,,0.0,,,,,,,,1519010.2400000002,0.0
65,ASSAM,LAKHIMPUR,,0.0,3270.3000000000006,0.0,3270.3000000000006,0.0,224930.0,0.0,224930.0,2770.0,227700.0,0.0,114775.47,0.0,114775.47,,,,,0.0,0.0,0.0,0.0,0.0,2238.0,0.0,2238.0,,1008.1699999999998,,1008.1699999999998,,,,,,,,,,,,,0.0,118021.64,0.0,118021.64,,,,,,,,,,,,0.0,,,,0.0,0.0,0.0,0.0,0.0,0.0,35437.57,0.0,35437.57,0.0,0.0,0.0,0.0,0.0,-35437.57000000001,0.0,-35437.57000000001,0.0,82584.06999999999,0.0,82584.06999999999,0.0,11802.16,0.0,11802.16,0.0,70781.91,0.0,70781.91,,2468.0954002366275,,2468.0954002366275,,11.57484,,11.57484,,5328.666,,5328.666,,7808.34,,7808.34,,11.03154746742494,,11.03154746742494,0.0,3009.5500000000006,0.0,3009.5500000000006,0.0,62432.11,0.0,62432.11,,,,,,,,,,,,,,457346.06999999995,0.0,528127.98,0.0,0.0,,0.0,,0.0,,,,,,,,528127.98,0.0
66,ASSAM,MORIGAON,,0.0,1884.8000000000002,0.0,1884.8000000000002,0.0,149066.0,0.0,149066.0,6034.0,155100.0,0.0,41942.41,0.0,41942.41,,,,,0.0,693.153617647059,0.0,693.15,0.0,2066.6000000000004,0.0,2066.6000000000004,,952.6400000000001,,952.6400000000001,,,,,,,,,,,,,0.0,45654.799999999996,0.0,45654.799999999996,,,,,,,,,,,,0.0,,,,0.0,0.0,0.0,0.0,0.0,0.0,6683.8,0.0,6683.8,0.0,0.0,0.0,0.0,0.0,-6683.799999999999,0.0,-6683.799999999999,0.0,38971.0,0.0,38971.0,0.0,4565.51,0.0,4565.51,0.0,34405.49,0.0,34405.49,,2362.003997579949,,2362.003997579949,,14.993178000000002,,14.993178000000002,,5565.888,,5565.888,,7942.9,,7942.9,,23.086141194326835,,23.086141194326835,0.0,3111.33,0.0,3111.33,0.0,25713.27,0.0,25713.27,,,,,,,,,,,,,,1188492.83,0.0,1222898.3199999998,0.0,0.0,,0.0,,0.0,,,,,,,,1222898.3199999998,0.0
67,ASSAM,NAGAON,,0.0,1884.8,0.0,1884.8,0.0,377341.0,0.0,377341.0,19959.0,397300.0,0.0,115900.82000000002,0.0,115900.82000000002,,,,,0.0,15337.3532,0.0,15337.340000000002,0.0,14300.32,0.0,14300.32,,9254.51,,9254.51,,,,,,,,,,,,,0.0,154792.99,0.0,154792.99,,,,,,,,,,,,0.0,,,,0.0,0.0,13.25,0.0,13.25,0.0,25709.47,0.0,25709.47,0.0,0.0,0.0,0.0,0.0,-25722.719999999998,0.0,-25722.719999999998,0.0,129070.26999999999,0.0,129070.26999999999,0.0,15479.269999999997,0.0,15479.269999999997,0.0,113591.00000000001,0.0,113591.00000000001,,1836.006639106047,,1836.006639106047,,102.95034100000001,,102.95034100000001,,38379.528,,38379.528,,40318.45,,40318.45,,35.49440536662235,,35.49440536662235,0.0,2377.2200000000007,0.0,2377.2200000000007,0.0,72731.34,0.0,72731.34,,,,,,,,,,,,,,1187134.88,0.0,1300725.8800000001,0.0,0.0,,0.0,,0.0,,,,,,,,1300725.8800000001,0.0
68,ASSAM,NALBARI,,0.0,1896.1999999999998,0.0,1896.1999999999998,0.0,103630.0,0.0,103630.0,1014.0,104644.0,0.0,30147.919999999995,0.0,30147.919999999995,,,,,,,,,0.0,3499.5499999999997,0.0,3499.5499999999997,,3988.6800000000003,,3988.6800000000003,,,,,,,,,,,,,0.0,37636.15,0.0,37636.15,,,,,,,,,,,,0.0,,,,0.0,0.0,0.0,0.0,0.0,0.0,0.0,0.0,0.0,0.0,0.0,0.0,0.0,0.0,0.0,0.0,0.0,0.0,37636.15,0.0,37636.15,0.0,3763.62,0.0,3763.62,0.0,33872.53,0.0,33872.53,,402.4156756282827,,402.4156756282827,,36.9035,,36.9035,,11058.767999999996,,11058.767999999996,,11498.11,,11498.11,,33.945235268815175,,33.945235268815175,0.0,460.78000000000003,0.0,460.78000000000003,0.0,22316.05,0.0,22316.05,,,,,,,,,,,,,,587457.35,0.0,621329.88,0.0,0.0,,0.0,,0.0,,,,,,,,621329.88,0.0
69,ASSAM,SIBSAGAR,,0.0,2412.4,0.0,2412.4,0.0,264459.0,0.0,264459.0,2341.0,266800.0,0.0,101354.61000000002,0.0,101354.61000000002,,,,,0.0,19.450000000000003,0.0,19.450000000000003,0.0,1025.61,0.0,1025.61,,551.5699999999999,,551.5699999999999,,,,,,,,,,,,,0.0,102951.23999999999,0.0,102951.23999999999,,,,,,,,,,,,0.0,,,,0.0,0.0,177.16,0.0,177.16,0.0,6609.04,0.0,6609.04,0.0,0.0,0.0,0.0,0.0,-6786.200000000001,0.0,-6786.200000000001,0.0,96165.04,0.0,96165.04,0.0,8837.669999999998,0.0,8837.669999999998,0.0,87327.37000000001,0.0,87327.37000000001,,1774.2312712234443,,1774.2312712234443,,73.53563115,,73.53563115,,3797.55,,3797.55,,5645.3099999999995,,5645.3099999999995,,6.464536834213602,,6.464536834213602,0.0,1972.4800000000002,0.0,1972.4800000000002,0.0,81483.82,0.0,81483.82,,,,,,,,,,,,,,1171837.95,0.0,1259165.3199999998,0.0,0.0,,0.0,,0.0,,,,,,,,1259165.3199999998,0.0
70,ASSAM,SONITPUR,,0.0,1978.7000000000003,0.0,1978.7000000000003,0.0,513224.0,0.0,513224.0,7176.0,520400.0,0.0,169812.61000000004,0.0,169812.61000000004,,,,,0.0,2029.5903598651687,0.0,2029.5800000000002,0.0,3422.4,0.0,3422.4,,732.5699999999999,,732.5699999999999,,,,,,,,,,,,,0.0,175997.17000000004,0.0,175997.17000000004,,,,,,,,,,,,0.0,,,,0.0,0.0,8.26,0.0,8.26,0.0,24999.709999999995,0.0,24999.709999999995,0.0,0.0,0.0,0.0,0.0,-25007.969999999998,0.0,-25007.969999999998,0.0,150989.20000000004,0.0,150989.20000000004,0.0,15812.980000000001,0.0,15812.980000000001,0.0,135176.22000000003,0.0,135176.22000000003,,4063.052011244663,,4063.052011244663,,104.11879535000001,,104.11879535000001,,10060.470000000001,,10060.470000000001,,14227.64,,14227.64,,10.525253628189926,,10.525253628189926,0.0,4854.25,0.0,4854.25,0.0,120157.4,0.0,120157.4,,,,,,,,,,,,,,5905557.169999999,0.0,6040733.3900000015,0.0,0.0,,0.0,,0.0,,,,,,,,6040733.3900000015,0.0
71,ASSAM,TINSUKIA,,0.0,2322.6,0.0,2322.6,0.0,371757.0,0.0,371757.0,7243.0,379000.0,0.0,134967.79,0.0,134967.79,,,,,0.0,1784.9657,0.0,1784.96,0.0,2283.52,0.0,2283.52,,1226.5500000000002,,1226.5500000000002,,,,,,,,,,,,,0.0,140262.82,0.0,140262.82,,,,,,,,,,,,0.0,,,,0.0,0.0,0.0,0.0,0.0,0.0,12189.11,0.0,12189.11,0.0,0.0,0.0,0.0,0.0,-12189.11,0.0,-12189.11,0.0,128073.71,0.0,128073.71,0.0,14026.27,0.0,14026.27,0.0,114047.43999999999,0.0,114047.43999999999,,2096.6631038830606,,2096.6631038830606,,68.68270857142858,,68.68270857142858,,8631.144,,8631.144,,10796.49,,10796.49,,9.46666580152961,,9.46666580152961,0.0,2502.52,0.0,2502.52,0.0,102845.1,0.0,102845.1,,,,,,,,,,,,,,1847947.36,0.0,1961994.7999999998,0.0,0.0,,0.0,,0.0,,,,,,,,1961994.7999999998,0.0
72,ASSAM,UDALGURI,,0.0,1957.8000000000002,0.0,1957.8000000000002,0.0,200169.00999999998,0.0,200169.00999999998,1030.9899999999982,201200.0,0.0,65868.9,0.0,65868.9,,,,,0.0,487.6056,0.0,487.61,0.0,1482.45,0.0,1482.45,,412.62,,412.62,,,,,,,,,,,,,0.0,68251.58,0.0,68251.58,,,,,,,,,,,,0.0,,,,0.0,0.0,0.0,0.0,0.0,0.0,15818.26,0.0,15818.26,0.0,0.0,0.0,0.0,0.0,-15818.26,0.0,-15818.26,0.0,52433.32,0.0,52433.32,0.0,5634.78,0.0,5634.78,0.0,46798.53999999999,0.0,46798.53999999999,,1541.7520798798857,,1541.7520798798857,,62.6773653,,62.6773653,,4112.64,,4112.64,,5717.07,,5717.07,,12.216342646586838,,12.216342646586838,0.0,1717.35,0.0,1717.35,0.0,40905.880000000005,0.0,40905.880000000005,,,,,,,,,,,,,,1502127.53,0.0,1548926.0699999998,0.0,0.0,,0.0,,0.0,,,,,,,,1548926.0699999998,0.0
73,BIHAR,ARARIA,,1632.2,1632.2,0.0,1632.1999999999996,98344.0,180593.0,0.0,278937.0,0.0,278937.0,28251.030000000002,51166.81,0.0,79417.83999999998,41376.840000000004,,0.0,41376.840000000004,26425.44,0.0,0.0,26425.44,2005.42,4686.44,0.0,6691.860000000001,184.60999999999999,431.2,0.0,615.8100000000001,0.0,2.88,,2.88,,,,,,,,,98243.34000000003,56287.33,0.0,154530.66999999998,,,,,,,,,,,,0.0,,,,0.0,,,,,,,,,,,,,,,,0.0,98243.34000000003,56287.33,0.0,154530.66999999998,9824.35,3524.61,0.0,13348.96,88418.98999999999,52762.72,0.0,141181.71,5911.033380000001,4753.22491,,10664.25829,117.22860000000001,0.0,,117.22860000000001,5845.158627328924,13598.02120184151,,19443.179829170436,11873.42,18351.260000000002,,30224.680000000004,13.428585872785929,34.780731546819425,,21.408353815802347,8529.18,6858.5599999999995,0.0,15387.740000000002,73927.43,32306.129999999997,0.0,106233.56,,,,,,,,,,,,,,0.0,0.0,141181.71,0.0,0.0,,0.0,,0.0,,,,,,,,141181.71,0.0
74,BIHAR,ARWAL,,874.4000000000001,874.4000000000001,0.0,874.4000000000002,21371.8,42311.2,0.0,63683.0,0.0,63683.0,2860.13,7364.860000000001,0.0,10224.99,2958.6,,0.0,2958.6,4902.91,0.0,0.0,4902.91,1036.15,1362.04,0.0,2398.19,164.61999999999998,384.15,0.0,548.77,0.0,96.48,,96.48,,,,,,,,,11922.41,9207.529999999999,0.0,21129.94,,,,,,,,,,,,0.0,,,,0.0,,,,,,,,,,,,,,,,0.0,11922.41,9207.529999999999,0.0,21129.94,1134.0,920.7499999999999,0.0,2054.75,10788.41,8286.78,0.0,19075.189999999995,2580.258365,0.0,,2580.258365,133.44660000000002,0.0,,133.44660000000002,3163.8961199999994,4127.541016,,7291.4371360000005,5877.61,4127.53,,10005.150000000001,54.48078076380115,49.80861082350442,,52.451115821126834,3208.5,0.0,0.0,3208.5,4282.54,4159.25,0.0,8441.79,,,,,,,,,,,,,,0.0,0.0,19075.190000000002,0.0,0.0,,0.0,,0.0,,,,,,,,19075.190000000002,0.0
75,BIHAR,AURANGABAD,,974.9,974.9,0.0,974.9000000000001,142675.0,166379.0,0.0,309054.0,21230.0,330284.0,21869.81,27094.280000000002,0.0,48964.09,31950.079999999998,,0.0,31950.079999999998,36974.35,0.0,0.0,36974.35,4395.76,4643.82,0.0,9039.580000000002,1149.3200000000002,2657.2499999999995,0.0,3806.5699999999997,0.0,397.43999999999994,,397.43999999999994,,,,,,,,,96339.31999999999,34792.79,0.0,131132.11,,,,,,,,,,,,0.0,,,,0.0,,,,,,,,,,,,,,,,0.0,96339.31999999999,34792.79,0.0,131132.11,9633.95,2744.45,0.0,12378.399999999998,86705.37,32048.340000000004,0.0,118753.71000000002,9451.498705,0.0,,9451.498705,2682.702,0.0,,2682.702,13964.022372,14760.843863999999,,28724.866236,26098.2,14760.849999999999,,40859.049999999996,30.09986578685957,46.05807976325762,,34.40654611969596,12905.42,0.0,0.0,12905.42,57153.240000000005,17287.489999999998,0.0,74440.73000000001,,,,,,,,,,,,,,0.0,0.0,118753.70999999999,0.0,0.0,,0.0,,0.0,,,,,,,,118753.70999999999,0.0
76,BIHAR,BANKA,,974.9,974.9000000000001,0.0,974.9,47719.2,219580.8,0.0,267300.0,34654.0,301954.0,5327.450000000001,41000.9,0.0,46328.35,2428.39,,0.0,2428.39,12417.430000000002,0.0,0.0,12417.430000000002,1545.4600000000005,5173.6,0.0,6719.060000000001,530.98,1237.15,0.0,1768.1299999999999,0.0,2737.44,,2737.44,,,,,,,,,22249.71,50149.09,0.0,72398.8,,,,,,,,,,,,0.0,,,,0.0,,,,,,,,,,,,,,,,0.0,22249.71,50149.09,0.0,72398.8,2224.98,4710.96,0.0,6935.95,20024.729999999996,45438.13,0.0,65462.85999999999,5194.730005,2109.79563,,7304.525635,104.96789400000002,0.0,,104.96789400000002,4780.279080000001,15872.004139,,20652.283219,10079.98,17981.8,,28061.78,50.33765748651793,39.574251845311416,,42.866718624881344,7128.589999999999,2895.2200000000003,0.0,10023.810000000001,8323.470000000001,26670.899999999998,0.0,34994.369999999995,,,,,,,,,,,,,,0.0,0.0,65462.85999999999,0.0,0.0,,0.0,,0.0,,,,,,,,65462.85999999999,0.0
77,BIHAR,BEGUSARAI,,1090.7,1090.7000000000003,0.0,1090.7000000000005,336.5,188794.5,0.0,189131.0,0.0,189131.0,70.47,46899.52,0.0,46969.99,291.95,,0.0,291.95,877.8399999999999,0.0,0.0,877.8399999999999,12.52,7165.4000000000015,0.0,7177.92,139.66999999999996,822.75,0.0,962.4199999999998,0.0,1.44,,1.44,,,,,,,,,1392.4499999999996,54889.11,0.0,56281.560000000005,,,,,,,,,,,,0.0,,,,0.0,,,,,,,,,,,,,,,,0.0,1392.4499999999996,54889.11,0.0,56281.560000000005,139.25999999999996,5488.94,0.0,5628.200000000001,1253.1900000000003,49400.16999999999,0.0,50653.36,0.0,10004.0339895,,10004.0339895,0.0,78.42767760000002,,78.42767760000002,42.2994,24150.495834303998,,24192.795234304,42.3,34232.98,,34275.280000000006,3.37538601489,69.29729189191052,,67.66635026778086,0.0,13713.84,0.0,13713.84,1210.8900000000003,11457.359999999999,0.0,12668.25,,,,,,,,,,,,,,0.0,0.0,50653.359999999986,0.0,0.0,,0.0,,0.0,,,,,,,,50653.359999999986,0.0
78,BIHAR,BHAGALPUR,,1207.8999999999999,1207.8999999999999,0.0,1207.9,11453.66,248801.34,0.0,260255.0,0.0,260255.0,2558.02,61209.52,0.0,63767.54,1147.4299999999998,,0.0,1147.4299999999998,3161.11,0.0,0.0,3161.11,419.74,8168.880000000002,0.0,8588.62,821.83,1917.69,0.0,2739.52,0.0,384.47999999999996,,384.47999999999996,,,,,,,,,8108.13,71680.56999999999,0.0,79788.7,,,,,,,,,,,,0.0,,,,0.0,,,,,,,,,,,,,,,,0.0,8108.13,71680.56999999999,0.0,79788.7,810.84,6865.219999999998,0.0,7676.060000000001,7297.289999999999,64815.350000000006,0.0,72112.64,1440.61631,5841.115878,,7281.732188,915.0930000000001,306.0,,1221.093,1231.244668,24029.528346,,25260.773014,3586.95,30176.619999999995,,33763.57,49.15454915454916,46.55782927963823,,46.820598996237,1946.56,7899.14,0.0,9845.699999999999,3204.4,32580.710000000006,0.0,35785.11000000001,,,,,,,,,,,,,,0.0,0.0,72112.64,0.0,0.0,,0.0,,0.0,,,,,,,,72112.64,0.0
79,BIHAR,BHOJPUR,,1051.5,1051.5,0.0,1051.5,56636.8,170893.2,0.0,227530.0,0.0,227530.0,10563.35,37928.130000000005,0.0,48491.48,12961.29,,0.0,12961.29,13682.319999999998,0.0,0.0,13682.319999999998,2734.45,7477.05,0.0,10211.5,1182.99,2760.3500000000004,0.0,3943.3500000000004,0.0,145.44000000000003,,145.44000000000003,,,,,,,,,41124.4,48310.97000000001,0.0,89435.37,,,,,,,,,,,,0.0,,,,0.0,,,,,,,,,,,,,,,,0.0,41124.4,48310.97000000001,0.0,89435.37,4112.45,4831.08,0.0,8943.529999999999,37011.950000000004,43479.89000000001,0.0,80491.84000000001,4579.962694999999,4381.893838999999,,8961.856533999999,741.8401860000001,0.0,,741.8401860000001,8181.282353999999,22346.455616000003,,30527.73797,13503.109999999999,26728.309999999998,,40231.420000000006,36.48310883376855,61.472809613823756,,49.98198575159917,5899.8,5644.65,0.0,11544.449999999999,22189.01,15488.830000000002,0.0,37677.84,,,,,,,,,,,,,,0.0,0.0,80491.84,0.0,0.0,,0.0,,0.0,,,,,,,,80491.84,0.0
80,BIHAR,BUXAR,,975.4,975.4000000000001,0.0,975.4000000000001,49281.0,121725.0,0.0,171006.0,0.0,171006.0,8325.29,21844.869999999995,0.0,30170.160000000003,10528.769999999999,,0.0,10528.769999999999,12199.71,0.0,0.0,12199.71,2393.8799999999997,4577.679999999999,0.0,6971.56,1395.7500000000002,3256.76,0.0,4652.5199999999995,0.0,129.6,,129.6,,,,,,,,,34843.40000000001,29808.91,0.0,64652.30999999999,,,,,,,,,,,,0.0,,,,0.0,,,,,,,,,,,,,,,,0.0,34843.40000000001,29808.91,0.0,64652.30999999999,3484.35,2800.74,0.0,6285.080000000001,31359.05,27008.170000000006,0.0,58367.22,3929.6056219999996,1482.6307299999999,,5412.236351999999,275.6815199999999,228.48000000000002,,504.16151999999994,7466.568,14285.515000000001,,21752.083,11671.869999999999,15996.619999999999,,27668.489999999998,37.220100736470016,59.22881853898282,,47.40415938946552,5062.030000000001,1909.88,0.0,6971.910000000001,18782.349999999995,10584.3,0.0,29366.649999999994,,,,,,,,,,,,,,0.0,0.0,58367.22,0.0,0.0,,0.0,,0.0,,,,,,,,58367.22,0.0
81,BIHAR,DARBHANGA,,1123.6,1123.6,0.0,1123.6,5912.8099999999995,244516.19,0.0,250429.0,0.0,250429.0,1222.45,59580.00000000001,0.0,60802.450000000004,1981.92,,0.0,1981.92,1859.6499999999999,0.0,0.0,1859.6499999999999,227.12,8987.62,0.0,9214.74,1262.3600000000001,2945.45,0.0,4207.81,0.0,43.2,,43.2,,,,,,,,,6553.500000000002,71556.27,0.0,78109.77,,,,,,,,,,,,0.0,,,,0.0,,,,,,,,,,,,,,,,0.0,6553.500000000002,71556.27,0.0,78109.77,655.35,7032.240000000002,0.0,7687.589999999999,5898.15,64524.030000000006,0.0,70422.18000000001,432.79145,12741.818799,,13174.610249000001,61.2,748.272,,809.4720000000001,664.092,26371.863759999997,,27035.95576,1158.08,39862.0,,41020.09,19.63463119791799,61.778534291797946,,58.24882160705618,542.22,15963.579999999998,0.0,16505.8,4630.639999999999,21440.279999999995,0.0,26070.919999999995,,,,,,,,,,,,,,0.0,0.0,70422.18000000001,0.0,0.0,,0.0,,0.0,,,,,,,,70422.18000000001,0.0
82,BIHAR,EAST CHAMPARAN,,1197.7000000000003,1197.7,0.0,1197.7,147947.81999999998,247939.18000000002,0.0,395887.0,0.0,395887.0,32741.980000000003,61014.670000000006,0.0,93756.64999999997,40998.95,,0.0,40998.95,36836.960000000014,0.0,0.0,36836.960000000014,6688.070000000001,11840.359999999997,0.0,18528.43,1061.54,2476.4,0.0,3537.9400000000005,0.0,77.75999999999999,,77.75999999999999,,,,,,,,,118327.50000000001,75409.18999999999,0.0,193736.69000000006,,,,,,,,,,,,0.0,,,,0.0,,,,,,,,,,,,,,,,0.0,118327.50000000001,75409.18999999999,0.0,193736.69000000006,11455.02,5618.5,0.0,17073.510000000002,106872.47999999998,69790.68999999999,0.0,176663.16999999998,15229.902344999997,3731.51253,,18961.414874999995,7314.2568,18.36,,7332.616800000001,19477.941381999997,34622.843732999994,,54100.78511499999,42022.12000000002,38372.72,,80394.84,39.31986981119932,54.982577189020496,,45.50741391089043,22388.259999999995,5323.1900000000005,0.0,27711.449999999997,57692.0,30306.3,0.0,87998.3,,,,,,,,,,,,,,0.0,0.0,176663.16999999998,0.0,0.0,,0.0,,0.0,,,,,,,,176663.16999999998,0.0
83,BIHAR,GAYA,,1003.9000000000002,1003.9,0.0,1003.9,36320.0,454658.0,0.0,490978.0,7608.0,498586.0,4451.0,88449.02,0.0,92900.01999999997,3019.78,,0.0,3019.78,9674.529999999999,0.0,0.0,9674.529999999999,1427.1200000000003,14557.040000000005,0.0,15984.160000000003,3660.2999999999997,8510.27,0.0,12170.57,0.0,931.6800000000001,,931.6800000000001,,,,,,,,,22232.74,112448.01,0.0,134680.75000000003,,,,,,,,,,,,0.0,,,,0.0,,,,,,,,,,,,,,,,0.0,22232.74,112448.01,0.0,134680.75000000003,2156.75,10919.250000000002,0.0,13075.99,20075.989999999998,101528.76000000001,0.0,121604.75000000001,5243.648399999999,10346.690769999997,,15590.33917,1991.9080199999996,57.79065,,2049.6986699999998,4459.7519999999995,45504.002019999985,,49963.75401999999,11695.289999999999,55908.46,,67603.76,58.255109710654374,55.06662348678344,,55.59302576585207,7188.15,14183.590000000002,0.0,21371.739999999998,7348.549999999999,42662.93,0.0,50011.479999999996,,,,,,,,,,,,,,0.0,0.0,121604.75000000001,0.0,0.0,,0.0,,0.0,,,,,,,,121604.75000000001,0.0
84,BIHAR,GOPALGANJ,,1135.5,1135.5,0.0,1135.5,77162.0,124751.0,0.0,201913.0,0.0,201913.0,16028.29,30739.96,0.0,46768.24999999999,23653.860000000004,,0.0,23653.860000000004,18181.739999999998,0.0,0.0,18181.739999999998,6140.39,9541.4,0.0,15681.79,433.99000000000007,974.21,0.0,1408.2,0.0,8.64,,8.64,,,,,,,,,64438.26999999999,41264.20999999999,0.0,105702.47999999998,,,,,,,,,,,,0.0,,,,0.0,,,,,,,,,,,,,,,,0.0,64438.26999999999,41264.20999999999,0.0,105702.47999999998,6443.84,3575.9900000000002,0.0,10019.83,57994.43,37688.219999999994,0.0,95682.65,8663.306025,0.0,,8663.306025,523.31406,0.0,,523.31406,17856.280300000002,27747.5112,,45603.79150000001,27042.890000000003,27747.53,,54790.420000000006,46.63015051617889,73.62388035306525,,57.26264897554574,10799.630000000001,0.0,0.0,10799.630000000001,28815.22,9940.690000000002,0.0,38755.91,,,,,,,,,,,,,,0.0,0.0,95682.65,0.0,0.0,,0.0,,0.0,,,,,,,,95682.65,0.0
85,BIHAR,JAMUI,,1107.3,1107.3,0.0,1107.3000000000002,8352.9,246761.1,0.0,255114.0,54712.0,309826.0,1273.05,33454.21,0.0,34727.26,1715.14,,0.0,1715.14,2032.1200000000001,0.0,0.0,2032.1200000000001,187.99,4015.03,0.0,4203.02,1996.1200000000003,4657.66,0.0,6653.780000000001,0.0,541.4399999999999,,541.4399999999999,,,,,,,,,7204.420000000001,42668.34,0.0,49872.759999999995,,,,,,,,,,,,0.0,,,,0.0,,,,,,,,,,,,,,,,0.0,7204.420000000001,42668.34,0.0,49872.759999999995,701.8299999999999,4158.57,0.0,4860.39,6502.589999999999,38509.770000000004,0.0,45012.35999999999,6483.486239999999,0.0,,6483.486239999999,8.92755,6.120000000000001,,15.047550000000001,550.1981999999999,11722.533614999998,,12272.731815,7042.599999999999,11728.67,,18771.269999999997,108.30453711521102,30.45634912906517,,41.702479052420266,8817.98,0.0,0.0,8817.98,430.39,26781.099999999995,0.0,27211.489999999994,,,,,,,,,,,,,,0.0,0.0,45012.36,0.0,0.0,,0.0,,0.0,,,,,,,,45012.36,0.0
86,BIHAR,JEHANABAD,,936.6000000000001,936.5999999999999,0.0,936.6,15594.0,77663.0,0.0,93257.0,0.0,93257.0,2615.39,15285.5,0.0,17900.89,4001.4,,0.0,4001.4,3736.52,0.0,0.0,3736.52,1138.33,5827.53,0.0,6965.86,560.15,1307.01,0.0,1867.1599999999999,0.0,125.28,,125.28,,,,,,,,,12051.789999999999,22545.32,0.0,34597.11,,,,,,,,,,,,0.0,,,,0.0,,,,,,,,,,,,,,,,0.0,12051.789999999999,22545.32,0.0,34597.11,1194.9699999999998,2254.53,0.0,3449.52,10856.82,20290.79,0.0,31147.61,2851.675649999999,802.195905,,3653.8715549999997,5.237496,0.0,,5.237496,3581.613098,18307.0544776,,21888.6675756,6438.5,19109.260000000002,,25547.76,59.303737190079595,94.1770133149079,,82.02157404693328,3673.4700000000003,1033.37,0.0,4706.84,3596.52,2012.7900000000002,0.0,5609.31,,,,,,,,,,,,,,0.0,0.0,31147.61,0.0,0.0,,0.0,,0.0,,,,,,,,31147.61,0.0
87,BIHAR,KAIMUR,,1126.3,1126.3,0.0,1126.3,65809.0,232231.0,0.0,298040.0,38166.0,336206.0,10253.3,37722.66999999999,0.0,47975.969999999994,3155.97,,0.0,3155.97,16848.58,0.0,0.0,16848.58,2215.8,6411.909999999999,0.0,8627.710000000001,1444.8699999999997,3363.1,0.0,4807.97,0.0,408.96,,408.96,,,,,,,,,33918.520000000004,47906.64,0.0,81825.16000000002,,,,,,,,,,,,0.0,,,,0.0,,,,,,,,,,,,,,,,0.0,33918.520000000004,47906.64,0.0,81825.16000000002,2949.78,4221.759999999999,0.0,7171.539999999999,30968.74,43684.880000000005,0.0,74653.62,5061.866354999999,775.3224150000001,,5837.188769999999,58.62501,3.7026000000000003,,62.32761,6901.2269,19901.29708,,26802.523979999998,12021.699999999999,20680.34,,32702.04,38.81882181838847,47.33981185252197,,43.805029146610714,6911.65,1058.65,0.0,7970.299999999999,17097.260000000002,22878.87,0.0,39976.130000000005,,,,,,,,,,,,,,0.0,0.0,74653.62,0.0,0.0,,0.0,,0.0,,,,,,,,74653.62,0.0
88,BIHAR,KATIHAR,,1342.7000000000003,1342.7,0.0,1342.6999999999998,22050.7,278940.3,0.0,300991.0,0.0,300991.0,5042.9400000000005,81572.97,0.0,86615.91,13435.44,,0.0,13435.44,5854.789999999999,0.0,0.0,5854.789999999999,1040.0099999999998,11322.810000000001,0.0,12362.820000000002,427.12,996.55,0.0,1423.67,0.0,10.08,,10.08,,,,,,,,,25800.3,93902.41,0.0,119702.71000000002,,,,,,,,,,,,0.0,,,,0.0,,,,,,,,,,,,,,,,0.0,25800.3,93902.41,0.0,119702.71000000002,2580.0300000000007,7700.439999999999,0.0,10280.46,23220.269999999997,86201.97,0.0,109422.23999999998,1599.45555,8977.781410999998,,10577.236960999999,67.518594,92.65679999999999,,160.17539399999998,3054.015352,33039.852252000004,,36093.867604,4721.01,42110.30999999999,,46831.299999999996,20.331417334940554,48.85075132273658,,42.798703444564836,2248.4300000000003,12620.47,0.0,14868.899999999998,18126.22,41163.770000000004,0.0,59289.990000000005,,,,,,,,,,,,,,0.0,0.0,109422.23999999999,0.0,0.0,,0.0,,0.0,,,,,,,,109422.23999999999,0.0
89,BIHAR,KHAGARIA,,0.0,1233.9000000000003,0.0,1233.9000000000003,0.0,148572.0,0.0,148572.0,0.0,148572.0,0.0,40716.6,0.0,40716.6,0.0,,0.0,0.0,339.28999999999996,0.0,0.0,339.28999999999996,0.0,6080.240000000002,0.0,6080.240000000002,254.39999999999998,593.65,0.0,848.05,0.0,1.44,,1.44,,,,,,,,,593.6899999999999,47391.92999999999,0.0,47985.62,,,,,,,,,,,,0.0,,,,0.0,,,,,,,,,,,,,,,,0.0,593.6899999999999,47391.92999999999,0.0,47985.62,59.37,3768.0299999999997,0.0,3827.3900000000003,534.32,43623.90000000001,0.0,44158.22,,6064.374844,,6064.374844,,18.14376,,18.14376,,21693.26764,,21693.26764,,27775.78,,27775.78,,63.671015200383266,,62.90058793130701,0.0,8732.8,0.0,8732.8,534.32,13179.69,0.0,13714.01,,,,,,,,,,,,,,0.0,0.0,44158.22,0.0,0.0,,0.0,,0.0,,,,,,,,44158.22,0.0
90,BIHAR,KISHANGANJ,,0.0,2090.6,0.0,2090.6,0.0,191143.0,0.0,191143.0,0.0,191143.0,0.0,62116.219999999994,0.0,62116.219999999994,0.0,,0.0,0.0,440.95,0.0,0.0,440.95,0.0,4884.8,0.0,4884.8,164.72,384.38,0.0,549.0999999999999,0.0,5.76,,5.76,,,,,,,,,605.67,67391.16,0.0,67996.83,,,,,,,,,,,,0.0,,,,0.0,,,,,,,,,,,,,,,,0.0,605.67,67391.16,0.0,67996.83,60.58000000000001,5271.45,0.0,5332.030000000001,545.09,62119.71,0.0,62664.79999999999,,6113.958342,,6113.958342,,304.46999999999997,,304.46999999999997,,15636.771099999998,,15636.771099999998,,22055.199999999997,,22055.199999999997,,35.50435119545793,,35.195516462192494,0.0,8839.84,0.0,8839.84,545.0899999999999,37338.62,0.0,37883.71,,,,,,,,,,,,,,0.0,0.0,62664.799999999996,0.0,0.0,,0.0,,0.0,,,,,,,,62664.799999999996,0.0
91,BIHAR,LAKHISARAI,,1146.8,1146.8,0.0,1146.8,24037.0,90457.0,0.0,114494.0,8280.0,122774.0,3833.9,19141.6,0.0,22975.500000000004,6316.62,,0.0,6316.62,6484.33,0.0,0.0,6484.33,709.11,2330.17,0.0,3039.28,856.8299999999999,1988.01,0.0,2844.84,0.0,1409.7600000000002,,1409.7600000000002,,,,,,,,,18200.79,24869.54,0.0,43070.33,,,,,,,,,,,,0.0,,,,0.0,,,,,,,,,,,,,,,,0.0,18200.79,24869.54,0.0,43070.33,1820.0900000000001,2486.9700000000003,0.0,4307.06,16380.699999999997,22382.57,0.0,38763.27,3390.4171099999994,106.66358499999998,,3497.0806949999997,88.02396,0.0,,88.02396,2082.2668000000003,6794.4972,,8876.764,5560.71,6901.16,,12461.87,33.946717783733305,30.832741727156442,,32.14865515731775,4545.41,143.0,0.0,4688.41,9664.99,15445.07,0.0,25110.059999999998,,,,,,,,,,,,,,0.0,0.0,38763.27,0.0,0.0,,0.0,,0.0,,,,,,,,38763.27,0.0
92,BIHAR,MADHEPURA,,1392.7,1392.6999999999998,0.0,1392.7,107784.0,71056.0,0.0,178840.0,0.0,178840.0,25915.48,16765.78,0.0,42681.26,26931.529999999995,,0.0,26931.529999999995,28226.63,0.0,0.0,28226.63,6192.4400000000005,3792.7000000000003,0.0,9985.14,242.52000000000004,566.03,0.0,808.55,0.0,18.720000000000002,,18.720000000000002,,,,,,,,,87508.59999999999,21143.230000000003,0.0,108651.83,,,,,,,,,,,,0.0,,,,0.0,,,,,,,,,,,,,,,,0.0,87508.59999999999,21143.230000000003,0.0,108651.83,8750.869999999999,1862.5199999999998,0.0,10613.39,78757.73,19280.71,0.0,98038.44,7573.0937300000005,0.0,,7573.0937300000005,148.6752,0.0,,148.6752,18070.527,11059.857999999998,,29130.385000000002,25792.309999999998,11059.869999999999,,36852.17999999999,32.74892508963882,57.3623585438503,,37.58952100829021,11053.439999999999,0.0,0.0,11053.439999999999,49485.06,8220.839999999998,0.0,57705.899999999994,,,,,,,,,,,,,,0.0,0.0,98038.44,0.0,0.0,,0.0,,0.0,,,,,,,,98038.44,0.0
93,BIHAR,MADHUBANI,,1293.3,1293.3,0.0,1293.2999999999995,52482.81999999999,296162.18,0.0,348645.0,0.0,348645.0,11823.84,75394.18000000002,0.0,87218.02,27340.86,,0.0,27340.86,13320.039999999999,0.0,0.0,13320.039999999999,1797.82,10788.54,0.0,12586.359999999999,906.74,2115.93,0.0,3022.6699999999996,0.0,82.08,,82.08,,,,,,,,,55189.3,88380.73,0.0,143570.03000000003,,,,,,,,,,,,0.0,,,,0.0,,,,,,,,,,,,,,,,0.0,55189.3,88380.73,0.0,143570.03000000003,5518.97,7314.259999999999,0.0,12833.229999999998,49670.33000000001,81066.47,0.0,130736.79999999997,7999.217724999999,7959.077215000001,,15958.29494,7956.612000000002,932.6880000000001,,8889.300000000003,5123.546048,30193.083424000004,,35316.629472,21079.360000000004,39084.86,,60164.21000000001,42.438534231602645,48.21334887284471,,46.01933808996397,10836.820000000002,10782.439999999999,0.0,21619.260000000002,26512.579999999994,39158.240000000005,0.0,65670.82,,,,,,,,,,,,,,0.0,0.0,130736.80000000002,0.0,0.0,,0.0,,0.0,,,,,,,,130736.80000000002,0.0
94,BIHAR,MUNGER,,1146.7999999999997,1146.8,0.0,1146.8,32937.0,100205.0,0.0,133142.0,6408.0,139550.0,4789.02,22351.559999999998,0.0,27140.58,665.38,,0.0,665.38,8948.170000000002,0.0,0.0,8948.170000000002,985.7,1992.2200000000003,0.0,2977.92,255.24,595.56,0.0,850.8,0.0,1321.9199999999998,,1321.9199999999998,,,,,,,,,15643.51,26261.260000000002,0.0,41904.77,,,,,,,,,,,,0.0,,,,0.0,,,,,,,,,,,,,,,,0.0,15643.51,26261.260000000002,0.0,41904.77,1445.0700000000002,2626.13,0.0,4071.2000000000003,14198.439999999999,23635.129999999997,0.0,37833.57,3114.8238599999995,1419.06598,,4533.88984,14.562540000000002,749.6999999999999,,764.26254,2873.2285,5820.447,,8693.6755,6002.64,7989.220000000001,,13991.859999999997,42.27675716487164,33.802310374429936,,36.982658522576635,3941.85,1795.8500000000001,0.0,5737.7,7368.77,15269.130000000001,0.0,22637.9,,,,,,,,,,,,,,0.0,0.0,37833.56999999999,0.0,0.0,,0.0,,0.0,,,,,,,,37833.56999999999,0.0
95,BIHAR,MUZAFFARPUR,,1154.4999999999998,1154.4999999999998,0.0,1154.5,41129.350000000006,263147.65,0.0,304277.0,0.0,304277.0,9120.190000000002,69264.49,0.0,78384.68,15214.210000000001,,0.0,15214.210000000001,10670.7,0.0,0.0,10670.7,2274.0899999999997,15601.03,0.0,17875.12,391.46,913.3600000000002,0.0,1304.8199999999997,0.0,12.959999999999999,,12.959999999999999,,,,,,,,,37670.649999999994,85791.84,0.0,123462.48999999999,,,,,,,,,,,,0.0,,,,0.0,,,,,,,,,,,,,,,,0.0,37670.649999999994,85791.84,0.0,123462.48999999999,3720.82,8579.219999999998,0.0,12300.04,33949.83,77212.62000000001,0.0,111162.45000000001,8456.27477,7977.932750000001,,16434.207519999996,1377.3365999999999,40.13700000000001,,1417.4735999999998,6951.99744,47667.3617312,,54619.3591712,16785.61,55685.399999999994,,72471.00999999998,49.44239779698455,72.11955765780256,,65.19378621108115,12829.21,11185.16,0.0,24014.369999999995,13901.430000000002,20643.96,0.0,34545.39,,,,,,,,,,,,,,0.0,0.0,111162.45000000001,0.0,0.0,,0.0,,0.0,,,,,,,,111162.45000000001,0.0
96,BIHAR,NALANDA,,1002.1999999999999,1002.2000000000002,0.0,1002.2,11911.0,219735.0,0.0,231646.0,3350.0,234996.0,2265.12,44427.67,0.0,46692.79,1101.49,,0.0,1101.49,3034.4000000000005,0.0,0.0,3034.4000000000005,617.05,10732.639999999998,0.0,11349.690000000002,1878.9200000000003,4445.07,0.0,6323.99,0.0,267.84,,267.84,,,,,,,,,8896.98,59873.22,0.0,68770.20000000001,,,,,,,,,,,,0.0,,,,0.0,,,,,,,,,,,,,,,,0.0,8896.98,59873.22,0.0,68770.20000000001,872.9500000000002,5620.890000000001,0.0,6493.84,8024.029999999999,54252.329999999994,0.0,62276.36000000001,682.48138,8764.045951999999,,9446.527332,870.5699999999999,1170.235392,,2040.805392,1939.6624399999998,33699.504907999995,,35639.167347999995,3492.7100000000005,43633.77,,47126.47999999999,43.52812738736023,80.42745813866428,,75.6731446731954,875.81,11246.609999999997,0.0,12122.419999999998,4338.0,8556.89,0.0,12894.89,,,,,,,,,,,,,,0.0,0.0,62276.35999999999,0.0,0.0,,0.0,,0.0,,,,,,,,62276.35999999999,0.0
97,BIHAR,NAWADA,,1041.8,1041.8000000000002,0.0,1041.8,21728.0,223930.0,0.0,245658.0,2999.0,248657.0,2874.33,46032.16000000001,0.0,48906.490000000005,1242.56,,0.0,1242.56,5765.52,0.0,0.0,5765.52,756.56,8080.84,0.0,8837.400000000001,1681.57,3887.1000000000004,0.0,5568.670000000001,0.0,2773.4400000000005,,2773.4400000000005,,,,,,,,,12320.539999999999,60773.53999999999,0.0,73094.08,,,,,,,,,,,,0.0,,,,0.0,,,,,,,,,,,,,,,,0.0,12320.539999999999,60773.53999999999,0.0,73094.08,1133.6999999999998,5998.959999999999,0.0,7132.67,11186.839999999998,54774.579999999994,0.0,65961.42,4571.282921999999,1515.5424150000001,,6086.825336999999,84.3489,0.9180000000000001,,85.2669,2285.63872,24388.75408,,26674.392799999998,6941.250000000001,25905.2,,32846.45,62.04835324363272,47.294201069182094,,49.79645677731013,5964.41,1977.41,0.0,7941.820000000001,3102.4399999999996,28502.030000000002,0.0,31604.47,,,,,,,,,,,,,,0.0,0.0,65961.42,0.0,0.0,,0.0,,0.0,,,,,,,,65961.42,0.0
98,BIHAR,PATNA,,1074.8,1074.7999999999997,0.0,1074.8,20510.0,299574.0,0.0,320084.0,0.0,320084.0,4218.28,72116.31999999999,0.0,76334.59999999999,8396.89,,0.0,8396.89,6532.48,0.0,0.0,6532.48,1022.81,12452.119999999999,0.0,13474.929999999998,1202.45,2805.86,0.0,4008.3099999999995,0.0,50.4,,50.4,,,,,,,,,21372.909999999996,87424.70000000001,0.0,108716.22000000002,,,,,,,,,,,,0.0,,,,0.0,,,,,,,,,,,,,,,,0.0,21372.909999999996,87424.70000000001,0.0,108716.22000000002,2129.1900000000005,8638.61,0.0,10767.810000000001,19243.72,78786.09,0.0,98029.81000000001,4496.453615,12565.384222999997,,17061.837837999996,1462.63716,0.0,,1462.63716,3120.7817880000002,38102.61179936,,41223.39358736,9079.86,50667.97,,59747.83000000001,47.18349674595141,64.31080664112156,,60.94863389003814,5950.51,16628.74,0.0,22579.250000000007,9140.15,25792.429999999997,0.0,34932.579999999994,,,,,,,,,,,,,,0.0,0.0,98029.81,0.0,0.0,,0.0,,0.0,,,,,,,,98029.81,0.0
99,BIHAR,PURNEA,,1598.1999999999998,1598.1999999999996,0.0,1598.1999999999996,102587.0,217652.0,0.0,320239.0,0.0,320239.0,28348.46,57032.8,0.0,85381.26,40465.77,,0.0,40465.77,27579.780000000006,0.0,0.0,27579.780000000006,5171.87,10379.51,0.0,15551.380000000001,183.55,428.43,0.0,611.9800000000001,0.0,14.399999999999999,,14.399999999999999,,,,,,,,,101749.43000000002,67855.14,0.0,169604.57,,,,,,,,,,,,0.0,,,,0.0,,,,,,,,,,,,,,,,0.0,101749.43000000002,67855.14,0.0,169604.57,10174.97,5507.369999999999,0.0,15682.320000000003,91574.45999999998,62347.770000000004,0.0,153922.23,8773.87073,2537.740975,,11311.611705000001,1049.2740000000001,2.652,,1051.926,15246.72924,30484.6431344,,45731.3723744,25069.88,33025.04,,58094.92000000001,27.37649777022983,52.96907972811217,,37.74303425827446,12333.830000000002,3567.43,0.0,15901.259999999998,62944.62,28293.04,0.0,91237.66,,,,,,,,,,,,,,0.0,0.0,153922.22999999998,0.0,0.0,,0.0,,0.0,,,,,,,,153922.22999999998,0.0
100,BIHAR,ROHTAS,,949.1,949.1,0.0,949.1,96037.0,279106.0,0.0,375143.0,8783.0,383926.0,15801.220000000001,53073.35,0.0,68874.56999999999,4858.710000000001,,0.0,4858.710000000001,25348.65,0.0,0.0,25348.65,2513.62,5552.81,0.0,8066.43,3814.3700000000003,8900.17,0.0,12714.54,0.0,6219.360000000001,,6219.360000000001,,,,,,,,,52336.56999999999,73745.69,0.0,126082.25999999998,,,,,,,,,,,,0.0,,,,0.0,,,,,,,,,,,,,,,,0.0,52336.56999999999,73745.69,0.0,126082.25999999998,4548.44,6862.58,0.0,11410.999999999998,47788.13,66883.10999999999,0.0,114671.24,7274.714917,2360.8229199999996,,9635.537837,252.2205,0.0,,252.2205,7713.34804,17060.841500000002,,24774.189540000003,15240.289999999999,19421.670000000002,,34661.96,31.89137135100285,29.038228036943863,,30.22724791325183,9264.59,3006.59,0.0,12271.180000000002,30557.96,46815.67,0.0,77373.63,,,,,,,,,,,,,,0.0,0.0,114671.23999999999,0.0,0.0,,0.0,,0.0,,,,,,,,114671.23999999999,0.0
101,BIHAR,SAHARSA,,1692.8999999999996,1692.8999999999999,0.0,1692.8999999999999,22194.0,143934.0,0.0,166128.0,0.0,166128.0,6202.150000000001,39910.43,0.0,46112.58,10539.850000000002,,0.0,10539.850000000002,5802.07,0.0,0.0,5802.07,770.8499999999999,5100.969999999999,0.0,5871.820000000001,127.06,296.46999999999997,0.0,423.53000000000003,0.0,1.44,,1.44,,,,,,,,,23441.980000000003,45309.31,0.0,68751.29000000001,,,,,,,,,,,,0.0,,,,0.0,,,,,,,,,,,,,,,,0.0,23441.980000000003,45309.31,0.0,68751.29000000001,2344.19,3058.5099999999998,0.0,5402.7,21097.789999999997,42250.799999999996,0.0,63348.59,5612.488784,746.3717099999999,,6358.860494,67.31694,0.0,,67.31694,2252.412,14894.630000000001,,17147.042,7932.21,15640.99,,23573.200000000004,37.597350243793315,37.01939371562196,,37.21187795971466,7653.45,1017.79,0.0,8671.240000000002,11124.61,26338.39,0.0,37463.0,,,,,,,,,,,,,,0.0,0.0,63348.59,0.0,0.0,,0.0,,0.0,,,,,,,,63348.59,0.0
102,BIHAR,SAMASTIPUR,,1192.3,1192.3,0.0,1192.3,2244.66,259042.34,0.0,261287.0,0.0,261287.0,513.85,70263.59,0.0,70777.43999999999,889.5400000000001,,0.0,889.5400000000001,1417.2800000000002,0.0,0.0,1417.2800000000002,130.82999999999998,13167.720000000001,0.0,13298.550000000001,676.22,1577.9599999999998,0.0,2254.1800000000003,0.0,7.199999999999999,,7.199999999999999,,,,,,,,,3627.7200000000003,85016.47000000002,0.0,88644.18999999997,,,,,,,,,,,,0.0,,,,0.0,,,,,,,,,,,,,,,,0.0,3627.7200000000003,85016.47000000002,0.0,88644.18999999997,362.79,8323.4,0.0,8686.19,3264.93,76693.06999999999,0.0,79958.0,0.0,14809.302096,,14809.302096,23.46,246.12600000000003,,269.586,389.4,39180.44846,,39569.848459999994,412.86,54235.87000000002,,54648.73000000001,12.64529407981182,70.71808443709455,,68.34679456714777,0.0,20062.689999999995,0.0,20062.689999999995,2852.0699999999997,17680.400000000005,0.0,20532.470000000005,,,,,,,,,,,,,,0.0,0.0,79957.99999999999,0.0,0.0,,0.0,,0.0,,,,,,,,79957.99999999999,0.0
103,BIHAR,SARAN,,1123.7999999999997,1123.8,0.0,1123.8000000000004,93564.1,169392.9,0.0,262957.0,0.0,262957.0,18634.3,38909.86,0.0,57544.15999999999,17643.339999999997,,0.0,17643.339999999997,24677.040000000005,0.0,0.0,24677.040000000005,3848.2299999999996,5463.99,0.0,9312.220000000001,643.3699999999999,1670.94,0.0,2314.31,0.0,5.76,,5.76,,,,,,,,,65446.280000000006,46050.55,0.0,111496.83000000002,,,,,,,,,,,,0.0,,,,0.0,,,,,,,,,,,,,,,,0.0,65446.280000000006,46050.55,0.0,111496.83000000002,6457.099999999999,4244.13,0.0,10701.210000000001,58989.18,41806.42,0.0,100795.6,11638.903773999999,1497.5588649999997,,13136.462639000001,177.38003999999998,0.0,,177.38003999999998,11994.2566,17160.4245,,29154.681099999998,23810.58,18658.010000000002,,42468.579999999994,40.36431765961147,44.62953297603575,,42.133366932683565,14992.96,1929.13,0.0,16922.09,31966.03,22716.83,0.0,54682.86,,,,,,,,,,,,,,0.0,0.0,100795.6,0.0,0.0,,0.0,,0.0,,,,,,,,100795.6,0.0
104,BIHAR,SHEIKHPURA,,1008.4000000000001,1008.4000000000001,0.0,1008.4,3791.4,62467.6,0.0,66259.0,2550.0,68809.0,713.7800000000001,12822.72,0.0,13536.5,307.78,,0.0,307.78,1171.6,0.0,0.0,1171.6,111.67999999999999,2406.92,0.0,2518.6000000000004,328.87000000000006,767.3800000000001,0.0,1096.25,0.0,73.44,,73.44,,,,,,,,,2633.71,16070.46,0.0,18704.17,,,,,,,,,,,,0.0,,,,0.0,,,,,,,,,,,,,,,,0.0,2633.71,16070.46,0.0,18704.17,263.39,1467.63,0.0,1731.02,2370.3199999999997,14602.830000000002,0.0,16973.149999999998,593.626145,1517.986017,,2111.612162,2.4480000000000004,0.0,,2.4480000000000004,349.00800000000004,7521.624000000001,,7870.632,945.09,9039.619999999999,,9984.71,39.8718316514226,61.90320643327354,,58.82649950068196,758.88,1940.58,0.0,2699.46,1259.97,5296.23,0.0,6556.2,,,,,,,,,,,,,,0.0,0.0,16973.15,0.0,0.0,,0.0,,0.0,,,,,,,,16973.15,0.0
105,BIHAR,SHEOHAR,,1293.1000000000001,1293.1000000000001,0.0,1293.1000000000001,12235.0,32064.0,0.0,44299.0,0.0,44299.0,3156.48,9430.65,0.0,12587.130000000001,0.0,,0.0,0.0,3149.2799999999997,0.0,0.0,3149.2799999999997,609.9000000000001,1598.97,0.0,2208.87,37.91,88.48,0.0,126.39000000000001,0.0,2.88,,2.88,,,,,,,,,6953.57,11120.98,0.0,18074.55,,,,,,,,,,,,0.0,,,,0.0,,,,,,,,,,,,,,,,0.0,6953.57,11120.98,0.0,18074.55,519.08,1112.1000000000001,0.0,1631.1799999999998,6434.49,10008.880000000001,0.0,16443.37,2383.62885,0.0,,2383.62885,184.62204,0.0,,184.62204,1793.88,4702.896000000001,,6496.776000000001,4362.15,4702.9,,9065.050000000001,67.7932516796203,46.987275299534005,,55.128906057578234,3297.8700000000003,0.0,0.0,3297.8700000000003,1158.1,5305.98,0.0,6464.08,,,,,,,,,,,,,,0.0,0.0,16443.370000000003,0.0,0.0,,0.0,,0.0,,,,,,,,16443.370000000003,0.0
106,BIHAR,SITAMARHI,,0.0,1293.1000000000004,0.0,1293.1000000000004,0.0,218520.0,0.0,218520.0,0.0,218520.0,0.0,61674.479999999996,0.0,61674.479999999996,0.0,,0.0,0.0,1601.6299999999999,0.0,0.0,1601.6299999999999,0.0,6240.579999999999,0.0,6240.579999999999,389.96,909.9099999999999,0.0,1299.87,0.0,25.92,,25.92,,,,,,,,,1991.5899999999997,68850.89,0.0,70842.48,,,,,,,,,,,,0.0,,,,0.0,,,,,,,,,,,,,,,,0.0,1991.5899999999997,68850.89,0.0,70842.48,199.17000000000002,4776.4800000000005,0.0,4975.65,1792.4200000000003,64074.409999999996,0.0,65866.83,,12133.472861000002,,12133.472861000002,,89.76,,89.76,,18463.191120000003,,18463.191120000003,,30686.44,,30686.44,,47.89188070557341,,46.588609167922606,0.0,16898.7,0.0,16898.7,1792.4200000000003,28622.76,0.0,30415.18,,,,,,,,,,,,,,0.0,0.0,65866.83,0.0,0.0,,0.0,,0.0,,,,,,,,65866.83,0.0
107,BIHAR,SIWAN,,1135.4,1135.4,0.0,1135.4,67324.1,154982.90000000002,0.0,222307.0,0.0,222307.0,14692.060000000001,35328.439999999995,0.0,50020.5,23419.690000000002,,0.0,23419.690000000002,17574.579999999998,0.0,0.0,17574.579999999998,4213.589999999999,8975.63,0.0,13189.219999999998,652.35,1522.17,0.0,2174.52,0.0,18.72,,18.72,,,,,,,,,60552.26999999998,45844.96,0.0,106397.23,,,,,,,,,,,,0.0,,,,0.0,,,,,,,,,,,,,,,,0.0,60552.26999999998,45844.96,0.0,106397.23,5982.28,3836.2999999999997,0.0,9818.56,54569.98999999999,42008.659999999996,0.0,96578.65000000001,11107.79242,0.0,,11107.79242,223.18991280000003,0.0,,223.18991280000003,13139.338859079997,27882.143669039997,,41021.482528119996,24470.320000000003,27882.160000000003,,52352.479999999996,44.842082617204085,66.37240987929633,,54.20709442511361,14511.58,0.0,0.0,14511.58,26695.870000000003,14126.500000000004,0.0,40822.37000000001,,,,,,,,,,,,,,0.0,0.0,96578.65,0.0,0.0,,0.0,,0.0,,,,,,,,96578.65,0.0
108,BIHAR,SUPAUL,,1273.7999999999997,1273.7999999999995,0.0,1273.7999999999997,38581.7,202444.30000000002,0.0,241026.0,0.0,241026.0,8649.59,45219.97,0.0,53869.56,38157.25000000001,,0.0,38157.25000000001,10438.3,0.0,0.0,10438.3,1453.8100000000002,7234.08,0.0,8687.890000000001,81.14999999999998,189.41000000000003,0.0,270.56000000000006,0.0,1.44,,1.44,,,,,,,,,58780.100000000006,52644.899999999994,0.0,111425.0,,,,,,,,,,,,0.0,,,,0.0,,,,,,,,,,,,,,,,0.0,58780.100000000006,52644.899999999994,0.0,111425.0,5878.039999999999,4099.369999999999,0.0,9977.41,52902.060000000005,48545.53,0.0,101447.59,7041.398521999999,923.10106,,7964.499581999999,62.525999999999996,10.2,,72.72600000000001,4263.79468,21210.99652,,25474.791199999996,11367.769999999999,22144.31,,33512.08,21.48833145627977,45.61554894961493,,33.03388478720885,9938.060000000001,1302.85,0.0,11240.91,38637.619999999995,26021.47,0.0,64659.09,,,,,,,,,,,,,,0.0,0.0,101447.59,0.0,0.0,,0.0,,0.0,,,,,,,,101447.59,0.0
109,BIHAR,VAISHALI,,1176.5,1176.5,0.0,1176.5,36302.79,163215.21,0.0,199518.0,0.0,199518.0,8572.420000000002,43950.2,0.0,52522.619999999995,6830.73,,0.0,6830.73,9305.579999999998,0.0,0.0,9305.579999999998,2333.02,8398.49,0.0,10731.510000000002,314.74,734.4899999999999,0.0,1049.23,0.0,0.0,,0.0,,,,,,,,,27356.490000000005,53083.18,0.0,80439.66999999998,,,,,,,,,,,,0.0,,,,0.0,,,,,,,,,,,,,,,,0.0,27356.490000000005,53083.18,0.0,80439.66999999998,2234.81,5308.33,0.0,7543.15,25121.68,47774.850000000006,0.0,72896.53000000001,4428.965649000001,7526.928895000001,,11955.894544000002,1063.4418,1245.114,,2308.5558,6985.086768,25147.8886,,32132.975368,12477.470000000003,33919.939999999995,,46397.41,49.66813525210099,70.99957404366522,,63.64831083180502,6945.209999999999,10609.18,0.0,17554.39,12357.52,12969.16,0.0,25326.68,,,,,,,,,,,,,,0.0,0.0,72896.53,0.0,0.0,,0.0,,0.0,,,,,,,,72896.53,0.0
110,BIHAR,WEST CHAMPARAN,,1472.0,1472.0,0.0,1472.0,128470.0,258711.0,0.0,387181.0,47257.0,434438.0,32229.030000000002,65264.85,0.0,97493.88,42319.439999999995,,0.0,42319.439999999995,32340.680000000004,0.0,0.0,32340.680000000004,4024.480000000001,7300.79,0.0,11325.269999999999,520.31,1214.15,0.0,1734.4600000000003,0.0,135.35999999999999,,135.35999999999999,,,,,,,,,111433.93999999999,73915.15,0.0,185349.08999999997,,,,,,,,,,,,0.0,,,,0.0,,,,,,,,,,,,,,,,0.0,111433.93999999999,73915.15,0.0,185349.08999999997,11143.410000000002,5342.98,0.0,16486.390000000003,100290.52999999998,68572.17,0.0,168862.7,10880.611090999997,3807.8409649999994,,14688.452055999996,4349.280000000001,134.64000000000001,,4483.92,12078.559724,22012.604479999998,,34091.164204,27308.46,25955.07,,53263.530000000006,27.229350567795386,37.85073448893334,,31.542507611213132,15480.219999999996,5417.54,0.0,20897.76,68382.46999999999,41328.46000000001,0.0,109710.93,,,,,,,,,,,,,,0.0,0.0,168862.7,0.0,0.0,,0.0,,0.0,,,,,,,,168862.7,0.0
111,CHANDIGARH,CHANDIGARH,,0.0,1009.8,0.0,1009.8,0.0,11400.0,0.0,11400.0,0.0,11400.0,0.0,1417.72,0.0,1417.72,,,,,0.0,1528.839,0.0,1528.8400000000001,0.0,119.15,0.0,119.15,0.0,110.47,0.0,110.47,0.0,72.15,0.0,72.15,0.0,2070.0975,0.0,2070.0975,0.0,0.0,0.0,0.0,0.0,5318.43,0.0,5318.43,,,,,,,,,,,,0.0,,,,0.0,0.0,0.0,0.0,0.0,0.0,0.0,0.0,0.0,0.0,0.0,0.0,0.0,0.0,0.0,0.0,0.0,0.0,5318.43,0.0,5318.43,0.0,531.85,0.0,531.85,0.0,4786.58,0.0,4786.58,,2438.2092132499997,,2438.2092132499997,,218.178,,218.178,,550.5,,550.5,,3206.89,,3206.89,,66.9975222392606,,66.9975222392606,0.0,3435.82,0.0,3435.82,0.0,582.08,0.0,582.08,,,,[],[],[],0.0,0.0,0.0,0.0,0.0,0.0,,0.0,0.0,4786.58,0.0,4.9,,1218.26,,1223.16,,0.0,,0.0,,0.0,,4786.58,0.0
112,CHHATTISGARH,BALOD,,1122.9,1122.9,0.0,1122.9,114082.0,147388.0,0.0,261470.0,19404.0,280874.0,6814.01,10023.38,0.0,16837.39,788.4000000000001,,0.0,788.4000000000001,8208.419238,0.0,0.0,8208.43,5805.47,2876.26,0.0,8681.73,2014.5300000000002,1332.3400000000001,0.0,3346.87,1224.09,1450.558,,2674.648,,,,,,,,,24854.920000000002,15682.54,0.0,40537.46,,,,,,,,,,,,0.0,,,,0.0,,,,,,,,,,,,,,,,0.0,24854.920000000002,15682.54,0.0,40537.46,2485.5,1434.7399999999998,0.0,3920.24,22369.42,14247.8,0.0,36617.219999999994,776.3812800000001,1514.70328,,2291.0845600000002,10.0,74.7558,,84.7558,17430.275993847576,6783.171099328903,,24213.447093176477,18216.660000000003,8372.65,,26589.29,81.43554906653819,58.76451101222645,,72.61416896203482,800.6300000000001,1555.5900000000001,0.0,2356.2200000000003,4489.47,5834.27,0.0,10323.740000000002,,,,,,,,,,,,,,48388.61,0.0,85005.82999999999,0.0,0.0,,0.0,,0.0,,,,,,,,85005.82999999999,0.0
113,CHHATTISGARH,BALODA BAZAR,,1389.9367175722618,1400.1206569302428,0.0,1396.6826873149962,137313.0,269435.0,0.0,406748.0,0.0,406748.0,8622.58,16823.62,0.0,25446.2,734.4300000000001,,0.0,734.4300000000001,29868.82,0.0,0.0,29868.82,3903.8,3413.0,0.0,7316.799999999999,2237.81,1501.9099999999999,,3739.72,566.192,363.52,,929.712,,,,,,,,,45933.64,22102.050000000003,0.0,68035.69,,,,,,,,,,,,0.0,,,,0.0,,,,,,,,,,,,,,,,0.0,45933.64,22102.050000000003,0.0,68035.69,4593.360000000001,2105.38,0.0,6698.74,41340.28,19996.67,0.0,61336.95,1844.06541,2821.73251,,4665.79792,0.0,1219.5534249999998,,1219.5534249999998,11937.617841477375,9066.00896394393,,21003.626805421307,13781.67,13107.3,,26888.979999999996,33.337147208485284,65.54741364437179,,43.83814323992308,2269.12,3375.0699999999997,0.0,5644.1900000000005,27133.56,6806.05,0.0,33939.61,,,,,,,,,,,,,,75708.75,0.0,137045.7,0.0,0.0,,0.0,,0.0,,,,,,,,137045.7,0.0
114,CHHATTISGARH,BALRAMPUR,,1317.0,1317.0,0.0,1317.0,16893.0,549238.0,0.0,566131.0,147789.0,713920.0,1416.67,46692.29,0.0,48108.96,106.92999999999999,,0.0,106.92999999999999,1014.9857999999999,0.0,0.0,1014.9899999999999,138.17,3161.8599999999997,0.0,3300.03,292.91,554.89,,847.8,9.639999999999999,153.8,0.0,163.44,,,,,,,,,2979.31,50562.84,0.0,53542.15,,,,,,,,,,,,0.0,,,,0.0,,,,,,,,,,,,,,,,0.0,2979.31,50562.84,0.0,53542.15,277.08,4539.030000000001,0.0,4816.110000000001,2702.23,46023.81,0.0,48726.04,60.98930999999999,2049.580485,,2110.569795,0.0,19.411299999999997,,19.411299999999997,552.7791189867984,11274.047106868946,,11826.826225855744,613.7900000000001,13343.05,,13956.839999999998,22.71420271405469,28.991624118038033,,28.64349329434528,63.67,2136.98,0.0,2200.6499999999996,2085.75,32593.35,0.0,34679.1,,,,,,,,,,,,,,102110.03,0.0,150836.07,0.0,0.0,,0.0,,0.0,,,,,,,,150836.07,0.0
115,CHHATTISGARH,BASTAR,,1362.6,1362.6000000000001,0.0,1362.6000000000001,6165.0,377368.0,0.0,383533.0,229465.0,612998.0,367.53000000000003,23650.84,0.0,24018.370000000003,169.69,,0.0,169.69,99.864,0.0,0.0,99.86999999999999,15.28,1684.15,0.0,1699.4299999999998,235.95000000000002,1156.1699999999998,0.0,1392.12,11.76,194.14,,205.9,,,,,,,,,900.08,26685.320000000003,0.0,27585.399999999998,,,,,,,,,,,,0.0,,,,0.0,,,,,,,,,,,,,,,,0.0,900.08,26685.320000000003,0.0,27585.399999999998,90.02,1978.9299999999998,0.0,2068.95,810.06,24706.390000000003,0.0,25516.45,34.006319999999995,2298.13636,,2332.14268,0.0,79.9575,,79.9575,61.096024887525054,7367.296058835976,,7428.392083723501,95.11999999999999,9745.41,,9840.529999999999,11.742340073574796,39.44489664414752,,38.565435238836116,35.02000000000001,2365.31,0.0,2400.3299999999995,713.9200000000002,14893.82,0.0,15607.74,,,,,,,,,,,,,,72233.48,0.0,97749.93000000001,0.0,0.0,,0.0,,0.0,,,,,,,,97749.93000000001,0.0
116,CHHATTISGARH,BEMETARA,,1122.9,1122.9,0.0,1122.8999999999999,57182.0,228299.0,0.0,285481.0,0.0,285481.0,3826.2700000000004,14691.39,0.0,18517.66,550.68,,,550.68,8872.314599999998,0.0,0.0,8872.33,4445.8,9542.25,0.0,13988.050000000001,1434.1799999999998,1238.99,,2673.17,954.732,2003.1999999999998,,2957.9320000000002,,,,,,,,,20084.0,27475.829999999998,0.0,47559.83,,,,,,,,,,,,0.0,,,,0.0,,,,,,,,,,,,,,,,0.0,20084.0,27475.829999999998,0.0,47559.83,2008.4099999999999,2747.58,0.0,4755.99,18075.59,24728.25,0.0,42803.84,472.0763999999999,2061.85872,,2533.93512,0.0,255.66125,,255.66125,14383.10489935668,22342.698773807217,,36725.8036731639,14855.18,24660.23,,39515.41,82.18365209655674,99.72492998898022,,92.31744161271513,534.46,2355.06,0.0,2889.52,3513.27,633.5799999999999,0.0,4146.85,,,,,,,,,,,,,,52093.33,0.0,94897.17,0.0,0.0,,0.0,,0.0,,,,,,,,94897.17,0.0
117,CHHATTISGARH,BIJAPUR,,1528.1,1528.1,0.0,1528.1,90.0,437639.0,0.0,437729.0,223519.0,661248.0,10.159999999999998,50064.08,0.0,50074.24,1.55,,0.0,1.55,7.371,0.0,0.0,7.369999999999999,0.39,1338.46,0.0,1338.85,23.85,791.29,,815.14,0.0,61.727999999999994,0.0,61.727999999999994,,,,,,,,,43.32,52255.55,0.0,52298.869999999995,,,,,,,,,,,,0.0,,,,0.0,,,,,,,,,,,,,,,,0.0,43.32,52255.55,0.0,52298.869999999995,4.34,5225.5599999999995,0.0,5229.900000000001,38.98,47029.990000000005,0.0,47068.97,0.13359,689.145915,,689.279505,0.0,2.489,,2.489,1.5399999999999998,4537.192480373151,,4538.732480373151,1.67,5228.83,,5230.5,4.284248332478194,11.118075934100771,,11.112416524092199,0.15000000000000002,711.73,0.0,711.88,37.290000000000006,41778.58,0.0,41815.87,,,,,,,,,,,,,,87545.79999999999,0.0,134614.77000000002,0.0,0.0,,0.0,,0.0,,,,,,,,134614.77000000002,0.0
118,CHHATTISGARH,BILASPUR,,1103.2636540769722,1117.287990151593,0.0,1114.4551268124499,64153.0,253442.0,0.0,317595.0,33253.0,350848.0,3491.94,19019.83,0.0,22511.770000000004,1497.22,,0.0,1497.22,14128.615000000002,0.0,0.0,14128.61,2049.2599999999998,6841.070000000001,0.0,8890.330000000002,1747.97,1858.08,,3606.05,210.72199999999998,729.564,,940.286,,,,,,,,,23125.71,28448.54,0.0,51574.25,,,,,,,,,,,,0.0,,,,0.0,,,,,,,,,,,,,,,,0.0,23125.71,28448.54,0.0,51574.25,2312.5699999999997,2286.71,0.0,4599.280000000001,20813.140000000003,26161.83,0.0,46974.97,825.1788599999999,5024.47247,,5849.65133,0.0,692.90125,,692.90125,6855.778268276854,15684.968630333606,,22540.746898610458,7680.950000000001,21402.33,,29083.28,36.90433062959265,81.80746530345928,,61.91229073696055,941.8000000000001,5587.320000000001,0.0,6529.120000000001,13015.58,6470.5,0.0,19486.08,,,,,,,,,,,,,,58365.11,0.0,105340.08,0.0,0.0,,0.0,,0.0,,,,,,,,105340.08,0.0
119,CHHATTISGARH,DANTEWADA,,1327.8999999999999,1327.8999999999999,0.0,1327.8999999999999,60.0,311806.0,0.0,311866.0,29184.0,341050.0,4.24,24816.92,0.0,24821.16,62.03,,0.0,62.03,2.1734999999999998,0.0,0.0,2.18,0.0,1679.7800000000002,0.0,1679.7800000000002,0.0,358.28,,358.28,0.0,21.248,0.0,21.248,,,,,,,,,68.45,26876.22,0.0,26944.670000000002,,,,,,,,,,,,0.0,,,,0.0,,,,,,,,,,,,,,,,0.0,68.45,26876.22,0.0,26944.670000000002,6.85,1817.06,0.0,1823.91,61.599999999999994,25059.16,0.0,25120.760000000002,0.12044999999999999,788.90881,,789.0292599999999,0.0,158.44529999999997,,158.44529999999997,0.0,3870.7612844596833,,3870.7612844596833,0.12,4818.13,,4818.25,0.19480519480519481,19.22702117708654,,19.180351231411787,0.12,819.88,0.0,820.0,61.48,20210.06,0.0,20271.54,,,,,,,,,,,,,,58886.86,0.0,84007.62,0.0,0.0,,0.0,,0.0,,,,,,,,84007.62,0.0
120,CHHATTISGARH,DHAMTARI,,1385.3,1385.2999999999997,0.0,1385.2999999999997,113324.0,135382.0,0.0,248706.0,159487.0,408193.0,9831.92,11718.08,0.0,21550.0,1194.4099999999999,,0.0,1194.4099999999999,23095.56153366,0.0,0.0,23095.559999999998,9888.31,5539.01,0.0,15427.320000000002,6388.22,910.4000000000001,,7298.62,266.05600000000004,404.906,,670.962,,,,,,,,,50664.46,18572.39,0.0,69236.85,,,,,,,,,,,,0.0,,,,0.0,,,,,,,,,,,,,,,,0.0,50664.46,18572.39,0.0,69236.85,5066.4400000000005,1857.24,0.0,6923.68,45598.020000000004,16715.149999999998,0.0,62313.170000000006,697.51281,1441.9689999999998,,2139.4818099999993,0.0,103.68230000000001,,103.68230000000001,30959.639008441525,12878.789010201592,,43838.42801864312,31657.14,14424.43,,46081.57,69.42656720620764,86.29554625594147,,73.95157396101017,711.02,1469.03,0.0,2180.05,13927.359999999999,2263.66,0.0,16191.019999999999,,,,,,,,,,,,,,46463.17,0.0,108776.34000000001,0.0,0.0,,0.0,,0.0,,,,,,,,108776.34000000001,0.0
121,CHHATTISGARH,DURG,,1122.9,1122.9,0.0,1122.9,73161.0,158838.0,0.0,231999.0,0.0,231999.0,3760.21,10841.86,0.0,14602.07,536.1,,,536.1,12191.688,0.0,0.0,12191.69,3559.19,5726.24,0.0,9285.43,1833.59,1411.1100000000001,,3244.7000000000003,1024.0,2344.4,0.0,3368.4,,,,,,,,,22904.78,20323.61,0.0,43228.39,,,,,,,,,,,,0.0,,,,0.0,,,,,,,,,,,,,,,,0.0,22904.78,20323.61,0.0,43228.39,2290.4700000000003,2032.37,0.0,4322.84,20614.31,18291.239999999998,0.0,38905.55,529.94277,4493.204749999999,,5023.14752,0.0,438.424725,,438.424725,10780.401057092593,13313.79479710266,,24094.195854195255,11310.35,18245.43,,29555.78,54.86649807827669,99.74955224468107,,75.9680302681751,543.5,4591.6900000000005,0.0,5135.19,9290.4,1332.8600000000001,0.0,10623.26,,,,,,,,,,,,,,43341.89,0.0,82247.44,0.0,0.0,,0.0,,0.0,,,,,,,,82247.44,0.0
122,CHHATTISGARH,GARIABAND,,1385.3000000000002,1385.3000000000002,0.0,1385.3,64270.5,198869.5,0.0,263140.0,319126.0,582266.0,4893.27,17613.45,0.0,22506.72,682.6100000000001,,0.0,682.6100000000001,3230.2209999999995,0.0,0.0,3230.2200000000003,2401.95,4336.96,0.0,6738.91,1359.78,1300.4099999999999,,2660.19,445.524,859.6,0.0,1305.124,,,,,,,,,13013.35,24110.420000000002,0.0,37123.77,,,,,,,,,,,,0.0,,,,0.0,,,,,,,,,,,,,,,,0.0,13013.35,24110.420000000002,0.0,37123.77,1278.6599999999999,1866.5300000000002,0.0,3145.1899999999996,11734.69,22243.89,0.0,33978.58,302.7675,1458.25968,,1761.02718,0.0,26.46115,,26.46115,7375.466397119712,12212.908997272223,,19588.375394391936,7678.25,13697.64,,21375.89,65.43206509929107,61.57933706739244,,62.90989794158555,317.11,1560.44,0.0,1877.55,4042.1000000000004,8444.06,0.0,12486.16,,,,,,,,,,,,,,48658.04,0.0,82636.62,0.0,0.0,,0.0,,0.0,,,,,,,,82636.62,0.0
123,CHHATTISGARH,GOURELA-PENDRA-MARWAHI,,1229.8,1229.8,0.0,1229.8,11361.0,153762.0,0.0,165123.0,65616.0,230739.0,800.72,10704.48,0.0,11505.199999999999,380.31,,0.0,380.31,446.7477599999999,0.0,0.0,446.75,95.57,902.5799999999999,0.0,998.15,222.76,406.46999999999997,,629.23,14.068,78.068,,92.136,,,,,,,,,1960.17,12091.59,0.0,14051.759999999998,,,,,,,,,,,,0.0,,,,0.0,,,,,,,,,,,,,,,,0.0,1960.17,12091.59,0.0,14051.759999999998,196.03,1043.35,0.0,1239.38,1764.1399999999999,11048.240000000002,0.0,12812.38,75.1827,1103.441355,,1178.624055,0.0,1.9455,,1.9455,383.79,3709.4800000000005,,4093.2700000000004,458.98,4814.87,,5273.85,26.017209518518943,43.58042547953339,,41.16214161615563,84.29,1240.24,0.0,1324.53,1296.06,6096.57,0.0,7392.629999999999,,,,,,,,,,,,,,30435.97,0.0,43248.34999999999,0.0,0.0,,0.0,,0.0,,,,,,,,43248.34999999999,0.0
124,CHHATTISGARH,JANJGIR-CHAMPA,,1386.0,1386.0,0.0,1386.0,118718.0,96540.0,0.0,215258.0,22300.0,237558.0,6487.2699999999995,5980.319999999999,0.0,12467.59,474.66999999999996,,,474.66999999999996,29718.855000000003,0.0,0.0,29718.85,1009.49,1927.9399999999998,0.0,2937.43,856.09,1009.54,,1865.6299999999999,466.19999999999993,692.8000000000001,0.0,1159.0,,,,,,,,,39012.57,9610.599999999999,0.0,48623.17,,,,,,,,,,,,0.0,,,,0.0,,,,,,,,,,,,,,,,0.0,39012.57,9610.599999999999,0.0,48623.17,3901.27,621.1400000000001,0.0,4522.41,35111.3,8989.46,0.0,44100.76,1367.18415,1548.9486749999999,,2916.1328249999997,0.0,235.01853,,235.01853,3789.3174829008767,4396.339698284303,,8185.657181185181,5156.51,6180.31,,11336.82,14.686183650277831,68.75062573280265,,25.70663181314789,1433.42,1626.75,0.0,3060.17,29888.549999999996,2731.35,0.0,32619.899999999994,,,,,,,,,,,,,,40272.840000000004,0.0,84373.59999999999,0.0,0.0,,0.0,,0.0,,,,,,,,84373.59999999999,0.0
125,CHHATTISGARH,JASHPUR,,1553.4173181710496,1481.3918922277733,0.0,1482.7400782696423,8442.0,442563.0,0.0,451005.0,194736.0,645741.0,635.6,28697.02,0.0,29332.619999999995,143.95,,0.0,143.95,535.2816,0.0,0.0,535.29,53.74,4655.41,0.0,4709.15,149.84000000000003,540.61,0.0,690.45,23.36,1248.5600000000002,0.0,1271.92,,,,,,,,,1541.78,35141.6,0.0,36683.380000000005,,,,,,,,,,,,0.0,,,,0.0,,,,,,,,,,,,,,,,0.0,1541.78,35141.6,0.0,36683.380000000005,154.17000000000002,2679.84,0.0,2834.01,1387.6100000000001,32461.76,0.0,33849.37,40.83912,2230.2923499999997,,2271.13147,0.0,39.37425,,39.37425,214.99954175766874,15203.740998174011,,15418.74053993168,255.86,17473.4,,17729.27,18.438898537773582,53.82764212414855,,52.37695708960018,41.67,2278.7999999999997,0.0,2320.47,1131.9,14939.85,0.0,16071.75,,,,,,,,,,,,,,83670.22,0.0,117519.59000000001,0.0,0.0,,0.0,,0.0,,,,,,,,117519.59000000001,0.0
126,CHHATTISGARH,KABIRDHAM,,1117.0,1117.0,0.0,1117.0,40198.0,383765.0,0.0,423963.0,20742.0,444705.0,2788.7299999999996,31300.21,0.0,34088.94,742.48,,0.0,742.48,23379.273,0.0,0.0,23379.27,1865.26,10396.630000000001,0.0,12261.89,901.73,1458.48,0.0,2360.21,16.72,272.64,0.0,289.35999999999996,,,,,,,,,29694.190000000002,43427.96000000001,0.0,73122.15,,,,,,,,,,,,0.0,,,,0.0,,,,,,,,,,,,,,,,0.0,29694.190000000002,43427.96000000001,0.0,73122.15,2932.27,4342.8,0.0,7275.07,26761.92,39085.159999999996,0.0,65847.08,205.88408999999996,2427.4857899999997,,2633.36988,0.0,88.34901999999998,,88.34901999999998,6374.036300000001,30034.9963,,36409.0326,6579.9299999999985,32550.840000000004,,39130.770000000004,24.58691304659755,83.28183893835923,,59.426735399656295,221.6,2615.62,0.0,2837.22,20166.280000000002,7321.38,0.0,27487.660000000003,,,,,,,,,,,,,,76504.87000000001,0.0,142351.95,0.0,0.0,,0.0,,0.0,,,,,,,,142351.95,0.0
127,CHHATTISGARH,KANKER,,1402.9209756980586,1397.3076138484184,0.0,1397.5057469538492,22097.0,603939.0,0.0,626036.0,17412.0,643448.0,1952.5599999999997,55223.109999999986,0.0,57175.67,499.72,,0.0,499.72,3317.3276399999995,0.0,0.0,3317.34,142.94,9690.01,0.0,9832.95,356.84000000000003,0.0,,356.84000000000003,20.654000000000003,1.078,0.0,21.732,,,,,,,,,6290.049999999998,64914.240000000005,0.0,71204.29,,,,,,,,,,,,0.0,,,,0.0,,,,,,,,,,,,,,,,0.0,6290.049999999998,64914.240000000005,0.0,71204.29,629.01,4371.92,0.0,5000.93,5661.04,60542.32,0.0,66203.36,62.016420000000004,2024.9780249999997,,2086.994445,0.0,34.27499999999999,,34.27499999999999,571.25,23369.559999999998,,23940.809999999998,633.27,25428.81,,26062.08,11.186460438364682,42.00171053900809,,39.36670283804327,63.989999999999995,2086.08,0.0,2150.0699999999997,5025.8099999999995,35052.409999999996,0.0,40078.219999999994,,,,,,,,,,,,,,117478.49,0.0,183681.85,0.0,0.0,,0.0,,0.0,,,,,,,,183681.85,0.0
128,CHHATTISGARH,KHAIRAGARH-CHHUIKHADAN_GANDAI,,1208.7,1208.7,0.0,1208.7000000000003,21813.0,127225.0,0.0,149038.0,7521.0,156559.0,1136.72,8059.68,0.0,9196.4,373.21,,0.0,373.21,4220.547062622856,0.0,0.0,4220.54,944.38,3139.31,0.0,4083.6899999999996,678.47,517.6600000000001,,1196.13,576.3199999999999,91.2,0.0,667.52,,,,,,,,,7929.64,11807.85,0.0,19737.489999999998,,,,,,,,,,,,0.0,,,,0.0,,,,,,,,,,,,,,,,0.0,7929.64,11807.85,0.0,19737.489999999998,792.96,968.9,0.0,1761.8600000000001,7136.68,10838.95,0.0,17975.629999999997,142.95006,962.957235,,1105.907295,0.0,11.821499999999999,,11.821499999999999,2790.7969000000003,7466.0337,,10256.830600000001,2933.74,8440.800000000001,,11374.54,41.10791012067235,77.87470188533023,,63.27755967384733,150.45999999999998,1011.1199999999999,0.0,1161.58,4195.43,2349.99,0.0,6545.42,,,,,,,,,,,,,,27271.160000000003,0.0,45246.79,0.0,0.0,,0.0,,0.0,,,,,,,,45246.79,0.0
129,CHHATTISGARH,KONDAGAON,,1362.4,1362.4,0.0,1362.4000000000003,14149.0,358092.0,0.0,372241.0,13786.0,386027.0,1069.57,32545.18,0.0,33614.75,125.10000000000001,,0.0,125.10000000000001,386.15970599999997,0.0,0.0,386.16999999999996,361.27,3804.74,0.0,4166.01,135.35,533.04,,668.39,0.0,39.028,0.0,39.028,,,,,,,,,2077.46,36921.979999999996,0.0,38999.44,,,,,,,,,,,,0.0,,,,0.0,,,,,,,,,,,,,,,,0.0,2077.46,36921.979999999996,0.0,38999.44,188.79,2782.0800000000004,0.0,2970.8700000000003,1888.67,34139.9,0.0,36028.57,52.341,1558.093385,,1610.434385,0.0,22.300499999999996,,22.300499999999996,1399.04,13257.200800000002,,14656.240800000001,1451.3700000000001,14837.580000000002,,16288.939999999999,76.8461404056823,43.461111485388074,,45.21117546436064,53.699999999999996,1605.0800000000002,0.0,1658.7800000000002,656.17,19255.33,0.0,19911.5,,,,,,,,,,,,,,68702.67,0.0,104731.24,0.0,0.0,,0.0,,0.0,,,,,,,,104731.24,0.0
130,CHHATTISGARH,KORBA,,1392.0,1392.0,0.0,1392.0,5740.0,425690.0,0.0,431430.0,283114.0,714544.0,479.21,39122.340000000004,0.0,39601.55,245.21999999999997,,0.0,245.21999999999997,390.555,0.0,0.0,390.56000000000006,180.59,2591.12,0.0,2771.7,344.78,6346.24,,6691.0199999999995,0.0,202.76,0.0,202.76,,,,,,,,,1640.36,48262.46,0.0,49902.82,,,,,,,,,,,,0.0,,,,0.0,,,,,,,,,,,,,,,,0.0,1640.36,48262.46,0.0,49902.82,164.04999999999998,2741.68,0.0,2905.73,1476.31,45520.78,0.0,46997.09,34.76187,3675.9372649999996,,3710.699135,0.0,2541.7291999999998,,2541.7291999999998,711.3465,9804.6574,,10516.0039,746.11,16022.28,,16768.39,50.53884346783535,35.19772727971709,,35.67963463269747,36.14,3843.0699999999997,0.0,3879.21,728.8199999999999,29331.370000000003,0.0,30060.190000000002,,,,,,,,,,,,,,79564.98,0.0,126562.06999999998,0.0,0.0,,0.0,,0.0,,,,,,,,126562.06999999998,0.0
131,CHHATTISGARH,KOREA,,1317.0,1317.0,0.0,1317.0,7134.0,65513.0,0.0,72647.0,19045.0,91692.0,964.43,9024.53,0.0,9988.96,287.33,,0.0,287.33,2751.36372,0.0,0.0,2751.37,274.87,888.79,0.0,1163.6599999999999,728.54,139.68,,868.22,37.6,118.6,0.0,156.2,,,,,,,,,5044.139999999999,10171.6,0.0,15215.740000000002,,,,,,,,,,,,0.0,,,,0.0,,,,,,,,,,,,,,,,0.0,5044.139999999999,10171.6,0.0,15215.740000000002,504.42,508.58000000000004,0.0,1012.9999999999999,4539.72,9663.02,0.0,14202.74,43.46055,626.800265,,670.2608149999999,0.0,392.74365,,392.74365,1090.2812000000001,4863.2352,,5953.5164,1133.74,5882.790000000001,,7016.530000000001,24.973786929590368,60.8794145101635,,49.40265047448592,44.540000000000006,639.09,0.0,683.6300000000001,3404.8999999999996,3767.9399999999996,0.0,7172.839999999999,,,,,,,,,,,,,,13499.11,0.0,27701.850000000002,0.0,0.0,,0.0,,0.0,,,,,,,,27701.850000000002,0.0
132,CHHATTISGARH,MAHASAMUND,,1397.6869671948225,1407.706924752551,0.0,1406.2419211694075,67215.0,392505.0,0.0,459720.0,36580.0,496300.0,6585.76,40975.72,0.0,47561.479999999996,1420.06,,0.0,1420.06,30708.601000000002,0.0,0.0,30708.6,4658.09,13625.88,0.0,18283.969999999998,2284.57,1962.63,,4247.200000000001,79.67999999999999,634.5600000000001,,714.24,,,,,,,,,45736.76,57198.79,0.0,102935.55,,,,,,,,,,,,0.0,,,,0.0,,,,,,,,,,,,,,,,0.0,45736.76,57198.79,0.0,102935.55,4573.67,4256.200000000001,0.0,8829.869999999999,41163.09,52942.59,0.0,94105.68,352.23303,2612.4185149999994,,2964.6515449999997,0.0,160.52049999999997,,160.52049999999997,14735.974600000001,39027.8491,,53763.8237,15088.2,41800.799999999996,,56889.0,36.65468262951105,78.95495856927286,,60.45224900346079,365.32,2712.63,0.0,3077.95,26061.8,11041.57,0.0,37103.369999999995,,,,,,,,,,,,,,82921.04,0.0,177026.72,0.0,0.0,,0.0,,0.0,,,,,,,,177026.72,0.0
133,CHHATTISGARH,MANENDRAGARH-CHIRMIRI_BHARATPUR,,1317.0,1317.0,0.0,1317.0,11656.0,318184.0,0.0,329840.0,176238.0,506078.0,1619.65,44672.83,0.0,46292.48,115.82,,0.0,115.82,1169.09088,0.0,0.0,1169.09,228.52,1298.62,0.0,1527.1399999999999,356.87,303.09999999999997,,659.97,10.0,163.39999999999998,0.0,173.39999999999998,,,,,,,,,3499.9500000000003,46437.950000000004,0.0,49937.899999999994,,,,,,,,,,,,0.0,,,,0.0,,,,,,,,,,,,,,,,0.0,3499.9500000000003,46437.950000000004,0.0,49937.899999999994,350.0,2321.8999999999996,0.0,2671.9,3149.95,44116.05,0.0,47265.99999999999,35.699189999999994,1077.7263749999997,,1113.425565,0.0,771.054865,,771.054865,894.2059999999999,7124.3297,,8018.535700000001,929.9,8973.119999999999,,9903.02,29.521103509579515,20.339808301060494,,20.951677738755134,36.55,1099.6100000000001,0.0,1136.16,2219.2000000000003,35121.04,0.0,37340.24,,,,,,,,,,,,,,60860.44,0.0,108126.44,0.0,0.0,,0.0,,0.0,,,,,,,,108126.44,0.0
134,CHHATTISGARH,MOHLA-MANPUR_AMBAGARHCHOWKI,,1208.7,1208.6999999999998,0.0,1208.7,6211.0,148671.0,0.0,154882.0,84116.0,238998.0,450.8,12016.939999999999,0.0,12467.74,151.76999999999998,,0.0,151.76999999999998,493.1453571428564,0.0,0.0,493.14,409.66999999999996,1501.83,0.0,1911.5,477.79999999999995,535.55,0.0,1013.35,28.799999999999997,760.8,0.0,789.6,,,,,,,,,2011.9800000000002,14815.119999999999,0.0,16827.100000000002,,,,,,,,,,,,0.0,,,,0.0,,,,,,,,,,,,,,,,0.0,2011.9800000000002,14815.119999999999,0.0,16827.100000000002,201.20000000000002,1481.51,0.0,1682.71,1810.78,13333.609999999999,0.0,15144.39,29.937299999999997,721.83787,,751.77517,0.0,31.499999999999996,,31.499999999999996,1638.6765,3394.8084000000003,,5033.4849,1668.6200000000001,4148.139999999999,,5816.76,92.14923955422526,31.11040445910747,,38.40867806494683,30.57,737.25,0.0,767.82,141.52,9170.060000000001,0.0,9311.580000000002,,,,,,,,,,,,,,29536.61,0.0,44681.0,0.0,0.0,,0.0,,0.0,,,,,,,,44681.0,0.0
135,CHHATTISGARH,MUNGELI,,1351.0,1351.0,0.0,1351.0,69850.0,94092.0,0.0,163942.0,111094.0,275036.0,4207.56,5419.04,0.0,9626.599999999999,978.6700000000001,,0.0,978.6700000000001,8118.1935,0.0,0.0,8118.19,1091.9699999999998,2237.9700000000003,0.0,3329.9399999999996,1253.49,614.94,,1868.43,80.0,2843.744,0.0,2923.744,,,,,,,,,15729.88,11115.689999999999,0.0,26845.57,,,,,,,,,,,,0.0,,,,0.0,,,,,,,,,,,,,,,,0.0,15729.88,11115.689999999999,0.0,26845.57,1572.98,757.9000000000001,0.0,2330.88,14156.899999999998,10357.789999999999,0.0,24514.69,456.7485899999999,1514.2773249999998,,1971.0259149999997,0.0,31.348699999999997,,31.348699999999997,3094.45,6222.602000000001,,9317.052,3551.21,7768.2300000000005,,11319.44,25.08465836447245,74.99891386096841,,46.17411029876373,516.09,1720.8899999999999,0.0,2236.98,10546.35,2382.9400000000005,0.0,12929.29,,,,,,,,,,,,,,30257.410000000003,0.0,54772.09999999999,0.0,0.0,,0.0,,0.0,,,,,,,,54772.09999999999,0.0
136,CHHATTISGARH,NARAYANPUR,,1404.1,1404.0999999999997,0.0,1404.1,3261.0,347782.0,0.0,351043.0,340273.0,691316.0,219.78,26681.050000000003,0.0,26900.83,56.81999999999999,,,56.81999999999999,308.88,0.0,0.0,308.88,8.8,393.59,0.0,402.39,53.31,94.93,,148.23999999999998,0.0,228.8,0.0,228.8,,,,,,,,,647.5899999999999,27398.369999999995,0.0,28045.96,,,,,,,,,,,,0.0,,,,0.0,,,,,,,,,,,,,,,,0.0,647.5899999999999,27398.369999999995,0.0,28045.96,64.75999999999999,2739.84,0.0,2804.6,582.83,24658.53,0.0,25241.36,7.31898,391.43111,,398.75009,0.0,10.65,,10.65,35.2,2176.7400000000002,,2211.94,42.52,2578.83,,2621.34,7.295437777739649,10.458165997729791,,10.385098108818227,9.15,489.18,0.0,498.33,538.48,21981.96,0.0,22520.44,,,,,,,,,,,,,,69001.95999999999,0.0,94243.31999999999,0.0,0.0,,0.0,,0.0,,,,,,,,94243.31999999999,0.0
137,CHHATTISGARH,RAIGARH,,1466.0,1466.0,0.0,1466.0,15887.0,370032.0,0.0,385919.0,134470.0,520389.0,1351.4999999999998,34891.06,0.0,36242.56,175.39000000000001,,0.0,175.39000000000001,1019.7569999999998,0.0,0.0,1019.75,106.81,2654.35,0.0,2761.1600000000003,848.43,1527.48,,2375.91,7.140000000000001,47.64,0.0,54.779999999999994,,,,,,,,,3509.0200000000004,39120.53,0.0,42629.549999999996,,,,,,,,,,,,0.0,,,,0.0,,,,,,,,,,,,,,,,0.0,3509.0200000000004,39120.53,0.0,42629.549999999996,311.74,3217.54,0.0,3529.27,3197.2799999999997,35902.99,0.0,39100.270000000004,115.59914999999998,3077.5358249999995,,3193.134975,0.0,2790.523535,,2790.523535,424.9327,10717.6497,,11142.582400000001,540.52,16585.7,,17126.22,16.90561977681029,46.1958739369618,,43.80077170822606,119.22999999999999,3183.05,0.0,3302.28,2653.12,19211.77,0.0,21864.89,,,,,,,,,,,,,,71009.15,0.0,110109.42,0.0,0.0,,0.0,,0.0,,,,,,,,110109.42,0.0
138,CHHATTISGARH,RAIPUR,,1378.2569290358279,1375.1823990529035,0.0,1376.3351963014957,108435.0,180763.0,0.0,289198.0,0.0,289198.0,6488.14,13126.680000000002,0.0,19614.82,1098.7800000000002,,0.0,1098.7800000000002,17054.40735,0.0,0.0,17054.39,4139.1,2448.58,0.0,6587.68,2213.43,2031.6599999999999,,4245.09,617.52,1620.24,0.0,2237.7599999999998,,,,,,,,,31611.36,19227.16,0.0,50838.52,,,,,,,,,,,,0.0,,,,0.0,,,,,,,,,,,,,,,,0.0,31611.36,19227.16,0.0,50838.52,3161.13,1412.1399999999999,0.0,4573.2699999999995,28450.230000000003,17815.02,0.0,46265.25,1048.23693,6507.679169999999,,7555.916099999999,0.0,2176.17933,,2176.17933,12306.253800000002,5732.6553,,18038.9091,13354.52,14416.5,,27771.02,46.93993686518527,80.9232883263673,,60.02565640518532,1126.62,7053.07,0.0,8179.69,15017.329999999998,4065.65,0.0,19082.98,,,,,,,,,,,,,,54206.76,0.0,100472.01,0.0,0.0,,0.0,,0.0,,,,,,,,100472.01,0.0
139,CHHATTISGARH,RAJNANDGAON,,1208.7,1208.6999999999998,0.0,1208.6999999999998,36795.0,222937.0,0.0,259732.0,12728.0,272460.0,2760.16,16930.62,0.0,19690.780000000002,865.11,,0.0,865.11,3762.5739107142863,0.0,0.0,3762.5699999999997,2044.1799999999998,6187.28,0.0,8231.46,2105.66,1193.53,,3299.1899999999996,216.84,3292.782,0.0,3509.6220000000003,,,,,,,,,11754.52,27604.21,0.0,39358.729999999996,,,,,,,,,,,,0.0,,,,0.0,,,,,,,,,,,,,,,,0.0,11754.52,27604.21,0.0,39358.729999999996,1175.45,1954.76,0.0,3130.21,10579.07,25649.449999999997,0.0,36228.520000000004,302.82006,3011.38943,,3314.2094899999997,0.0,242.280935,,242.280935,6681.537399999999,14167.743999999999,,20849.2814,6984.36,17421.43,,24405.79,66.02054812001434,67.92126146954419,,67.36623522020771,551.41,6806.199999999999,0.0,7357.61,3346.13,7870.74,0.0,11216.869999999999,,,,,,,,,,,,,,47961.82,0.0,84190.33999999998,0.0,0.0,,0.0,,0.0,,,,,,,,84190.33999999998,0.0
140,CHHATTISGARH,SAKTI,,1386.0,1386.0,0.0,1386.0,69846.0,84543.0,0.0,154389.0,30999.0,185388.0,3686.14,5517.6,0.0,9203.74,96.08999999999999,,,96.08999999999999,17141.609999999997,0.0,0.0,17141.61,1620.79,2794.62,0.0,4415.41,812.4000000000001,633.45,,1445.85,410.20000000000005,249.60000000000002,0.0,659.8,,,,,,,,,23767.23,9195.269999999999,0.0,32962.5,,,,,,,,,,,,0.0,,,,0.0,,,,,,,,,,,,,,,,0.0,23767.23,9195.269999999999,0.0,32962.5,2376.73,919.5100000000001,0.0,3296.2400000000002,21390.5,8275.76,0.0,29666.260000000002,808.01802,1168.6803599999998,,1976.69838,0.0,11.0069,,11.0069,5986.286555301409,6328.010145187609,,12314.296700489018,6794.31,7507.719999999999,,14302.029999999999,31.763212641125737,90.71940220596053,,48.2097507404034,855.25,1231.2200000000003,0.0,2086.4700000000003,14548.960000000001,705.49,0.0,15254.45,,,,,,,,,,,,,,28560.800000000003,0.0,58227.060000000005,0.0,0.0,,0.0,,0.0,,,,,,,,58227.060000000005,0.0
141,CHHATTISGARH,SARANGARH-BILAIRAGH,,1384.8541965052993,1425.9763763418862,0.0,1418.4087015348932,41892.0,185746.0,0.0,227638.0,28300.0,255938.0,2995.75,11489.41,0.0,14485.16,105.67,,0.0,105.67,5391.651599999999,0.0,0.0,5391.65,184.02,2437.2700000000004,0.0,2621.29,765.6600000000001,1020.36,,1786.02,78.72,234.39999999999998,0.0,313.12,,,,,,,,,9521.47,15181.44,0.0,24702.91,,,,,,,,,,,,0.0,,,,0.0,,,,,,,,,,,,,,,,0.0,9521.47,15181.44,0.0,24702.91,952.15,1201.04,0.0,2153.1899999999996,8569.32,13980.400000000001,0.0,22549.72,317.60913000000005,1569.6660749999999,,1887.275205,0.0,59.81785,,59.81785,681.546241008772,6336.444718421053,,7017.990959429823,999.1600000000001,7965.94,,8965.1,11.659734961467189,56.97934250808273,,39.75703467714899,344.34000000000003,1683.6599999999999,0.0,2028.0,7543.43,5900.47,0.0,13443.900000000001,,,,,,,,,,,,,,42423.44,0.0,64973.16,0.0,0.0,,0.0,,0.0,,,,,,,,64973.16,0.0
142,CHHATTISGARH,SUKMA,,1403.3989813242783,1403.8471658247056,0.0,1403.8466593374123,589.0,520610.0,0.0,521199.0,42380.0,563579.0,50.0,44059.29,0.0,44109.29,148.85,,,148.85,19.47,0.0,0.0,19.46,0.0,756.6099999999999,0.0,756.6099999999999,36.97,812.9300000000001,,849.9,0.0,40.708,0.0,40.708,,,,,,,,,255.27999999999997,45669.55,0.0,45924.83,,,,,,,,,,,,0.0,,,,0.0,,,,,,,,,,,,,,,,0.0,255.27999999999997,45669.55,0.0,45924.83,25.53,4132.11,0.0,4157.64,229.75,41537.44,0.0,41767.19,1.06872,625.211055,,626.279775,0.0,2.116,,2.116,0.0,1756.6350000000002,,1756.6350000000002,1.06,2383.96,,2385.02,0.4613710554951034,5.739304107330639,,5.7102716270833636,1.0899999999999999,635.51,0.0,636.6,228.66,39143.18,0.0,39371.840000000004,,,,,,,,,,,,,,103840.45000000001,0.0,145607.64,0.0,0.0,,0.0,,0.0,,,,,,,,145607.64,0.0
143,CHHATTISGARH,SURAJPUR,,1228.710542365498,1242.5265764054159,0.0,1241.805208349129,13773.0,250015.0,0.0,263788.0,14932.0,278720.0,1326.45,28015.17,0.0,29341.620000000003,120.47,,0.0,120.47,1234.659,0.0,0.0,1234.65,444.90000000000003,8177.21,0.0,8622.11,279.70000000000005,356.53000000000003,0.0,636.23,12.399999999999999,890.1,0.0,902.5000000000001,,,,,,,,,3418.57,37439.009999999995,0.0,40857.579999999994,,,,,,,,,,,,0.0,,,,0.0,,,,,,,,,,,,,,,,0.0,3418.57,37439.009999999995,0.0,40857.579999999994,300.36,2528.83,0.0,2829.19,3118.21,34910.18,0.0,38028.39,112.38203999999999,2109.4229649999997,,2221.8050049999997,0.0,1556.1365999999998,,1556.1365999999998,1689.7671000000003,19001.894800000002,,20691.6619,1802.15,22667.47,,24469.620000000003,57.794375619345715,64.9308310641767,,64.3456638579756,115.91000000000001,2182.14,0.0,2298.05,1312.53,12169.999999999998,0.0,13482.529999999999,,,,,,,,,,,,,,48512.79,0.0,86541.17999999998,0.0,0.0,,0.0,,0.0,,,,,,,,86541.17999999998,0.0
144,CHHATTISGARH,SURGUJA,,1389.229706728709,1367.4850023932215,0.0,1369.1545895797785,32666.0,392776.0,0.0,425442.0,93673.0,519115.0,2765.8499999999995,32626.53,0.0,35392.38,239.98999999999995,,,239.98999999999995,1151.0647199999999,0.0,0.0,1151.05,453.15,4758.13,0.0,5211.280000000001,653.5400000000001,327.02,,980.56,26.8,183.79999999999998,0.0,210.60000000000005,,,,,,,,,5290.379999999999,37895.48,0.0,43185.86,,,,,,,,,,,,0.0,,,,0.0,,,,,,,,,,,,,,,,0.0,5290.379999999999,37895.48,0.0,43185.86,529.04,3048.07,0.0,3577.11,4761.34,34847.41,0.0,39608.75,203.232,2161.453715,,2364.6857149999996,0.0,1193.4838499999998,,1193.4838499999998,1613.3236,14624.0272,,16237.350800000004,1816.5300000000002,17978.96,,19795.489999999998,38.15165478625765,51.593389580459494,,49.97756808785937,209.72000000000003,2226.29,0.0,2436.0099999999998,2952.93,16803.62,0.0,19756.55,,,,,,,,,,,,,,78129.52000000002,0.0,117738.27,0.0,0.0,,0.0,,0.0,,,,,,,,117738.27,0.0
145,DADRA AND NAGAR HAVELI,DADRA NAGAR HAVELI,,2265.7000000000003,2265.7000000000003,0.0,2265.7000000000003,4235.0,37365.0,0.0,41600.0,7500.0,49100.0,537.34,4941.849999999999,0.0,5479.1900000000005,47.01,,,47.01,2067.6627999999982,0.0,0.0,2067.66,53.69,212.89,0.0,266.58,61.61,,,61.61,1898.0,,,1898.0,,,,,,,,,4665.3099999999995,5154.74,0.0,9820.05,,,,,,,,,,,,0.0,,,,0.0,,,,,,,,,,,,,,,,0.0,4665.3099999999995,5154.74,0.0,9820.05,466.53000000000003,257.74,0.0,724.27,4198.78,4897.0,0.0,9095.78,257.85,1034.5500000000002,,1292.4,99.7,897.9300000000001,,997.63,178.98,709.64,,888.6199999999999,536.53,2642.12,,3178.6499999999996,12.778235582716885,53.95384929548703,,34.946425705107195,2173.04,1034.55,0.0,3207.59,1747.06,2254.88,0.0,4001.94,,,,,,,,,,,,,,0.0,0.0,9095.779999999999,0.0,0.0,,0.0,,0.0,,0.0,,0.0,,0.0,,9095.779999999999,0.0
146,DAMAN AND DIU,DAMAN,,2275.0,0.0,0.0,2194.7813822284907,6840.0,0.0,250.0,7090.0,110.0,7200.0,1875.7,0.0,0.0,1875.7,12.280000000000001,,0.0,12.280000000000001,0.0,0.0,0.0,0.0,62.38,0.0,0.0,62.38,574.3,,,574.3,12.0,,,12.0,,,,,,,,,2536.66,0.0,0.0,2536.66,,,,,,,,,,,,0.0,,,,0.0,,,,,,,,,,,,,,,,0.0,2536.66,0.0,0.0,2536.66,126.83,0.0,0.0,126.83,2409.83,0.0,0.0,2409.83,731.134566,,0.0,731.134566,507.0,,0.0,507.0,215.10000000000002,,0.0,215.10000000000002,1453.23,,0.0,1453.23,60.30425382703345,,0.0,60.30425382703345,1808.1,0.0,0.0,1808.1,956.6,0.0,0.0,956.6,,,,,,,,,,,,,,0.0,0.0,2409.83,0.0,0.0,,0.0,,0.0,,0.0,,0.0,,0.0,,2409.83,0.0
147,DAMAN AND DIU,DIU,,923.0,0.0,0.0,848.237,3676.0,0.0,324.0,4000.0,0.0,4000.0,143.1,0.0,0.0,143.1,0.0,,,0.0,0.0,0.0,0.0,0.0,12.239999999999998,0.0,0.0,12.239999999999998,31.48,,,31.48,0.0,0.0,0.0,0.0,,,,,,,,,186.82,0.0,0.0,186.82,,,,,,,,,,,,0.0,,,,0.0,,,,,,,,,,,,,,,,0.0,186.82,0.0,0.0,186.82,9.34,0.0,0.0,9.34,177.48000000000002,0.0,0.0,177.48000000000002,28.45029,,0.0,28.45029,22.7,,0.0,22.7,42.2,,0.0,42.2,93.35000000000001,,0.0,93.35000000000001,52.59747577191797,,0.0,52.59747577191797,34.9,0.0,0.0,34.9,77.68,0.0,0.0,77.68,,,,,,,,,,,,,,0.0,0.0,177.48,0.0,0.0,,0.0,,0.0,,0.0,,0.0,,0.0,,177.48,0.0
148,DELHI,CENTRAL,,0.0,652.0,0.0,652.0,0.0,7930.5,0.0,7930.5,0.0,7930.5,0.0,460.87,0.0,460.87,0.0,,0.0,0.0,0.0,0.0,0.0,0.0,0.0,68.85,0.0,68.85,0.0,2.3,0.0,2.3,0.0,52.70399999999999,0.0,52.70399999999999,0.0,1982.268083813955,0.0,1982.268083813955,0.0,0.0,0.0,0.0,0.0,2566.99,0.0,2566.99,,,,,,,,,,,,0.0,,,,0.0,,,,,,,,,,,,,,,,0.0,0.0,2566.99,0.0,2566.99,0.0,256.70000000000005,0.0,256.70000000000005,0.0,2310.29,0.0,2310.29,,1498.4748004051473,,1498.4748004051473,,0.0,,0.0,,248.57,,248.57,,1747.05,,1747.05,,75.62037666267005,,75.62037666267005,0.0,2286.6499999999996,0.0,2286.6499999999996,0.0,563.24,0.0,563.24,,,,,,,,,,,,,,0.0,0.0,2310.29,0.0,0.0,,0.0,,0.0,,,,,,,,2310.29,0.0
149,DELHI,EAST,,0.0,652.0,0.0,652.0,0.0,3159.9,0.0,3159.9,0.0,3159.9,0.0,146.75,0.0,146.75,0.0,,0.0,0.0,0.0,0.0,0.0,0.0,0.0,33.019999999999996,0.0,33.019999999999996,0.0,4.76,0.0,4.76,0.0,53.08800000000001,0.0,53.08800000000001,0.0,1430.688759940876,0.0,1430.688759940876,0.0,0.0,0.0,0.0,0.0,1668.32,0.0,1668.32,,,,,,,,,,,,0.0,,,,0.0,,,,,,,,,,,,,,,,0.0,0.0,1668.32,0.0,1668.32,0.0,166.82999999999998,0.0,166.82999999999998,0.0,1501.4900000000002,0.0,1501.4900000000002,,1328.5882370411605,,1328.5882370411605,,0.2,,0.2,,118.99000000000001,,118.99000000000001,,1447.79,,1447.79,,96.42355260441293,,96.42355260441293,0.0,1530.3400000000001,0.0,1530.3400000000001,0.0,72.21,0.0,72.21,,,,,,,,,,,,,,0.0,0.0,1501.49,0.0,0.0,,0.0,,0.0,,,,,,,,1501.49,0.0
150,DELHI,NAZUL LAND,,0.0,652.0,0.0,652.0,0.0,2579.0,0.0,2579.0,0.0,2579.0,0.0,390.52,0.0,390.52,0.0,,0.0,0.0,0.0,0.0,0.0,0.0,0.0,64.02000000000001,0.0,64.02000000000001,0.0,0.06999999999999999,0.0,0.06999999999999999,0.0,3.264,0.0,3.264,0.0,113.55217867059986,0.0,113.55217867059986,0.0,0.0,0.0,0.0,0.0,571.4200000000001,0.0,571.4200000000001,,,,,,,,,,,,0.0,,,,0.0,,,,,,,,,,,,,,,,0.0,0.0,571.4200000000001,0.0,571.4200000000001,0.0,57.14,0.0,57.14,0.0,514.28,0.0,514.28,,105.12,,105.12,,0.0,,0.0,,232.79999999999998,,232.79999999999998,,337.92,,337.92,,65.70739674885277,,65.70739674885277,0.0,105.12,0.0,105.12,0.0,176.36,0.0,176.36,,,,,,,,,,,,,,0.0,0.0,514.28,0.0,0.0,,0.0,,0.0,,,,,,,,514.28,0.0
151,DELHI,NEW DELHI,,0.0,652.0,0.0,652.0,0.0,15809.0,0.0,15809.0,0.0,15809.0,0.0,1118.79,0.0,1118.79,0.0,,0.0,0.0,0.0,0.0,0.0,0.0,0.0,190.10000000000002,0.0,190.10000000000002,0.0,6.620000000000001,0.0,6.620000000000001,0.0,62.736,0.0,62.736,0.0,1650.718357250994,0.0,1650.718357250994,0.0,0.0,0.0,0.0,0.0,3028.98,0.0,3028.98,,,,,,,,,,,,0.0,,,,0.0,,,,,,,,,,,,,,,,0.0,0.0,3028.98,0.0,3028.98,0.0,302.90999999999997,0.0,302.90999999999997,0.0,2726.07,0.0,2726.07,,2670.5807839694858,,2670.5807839694858,,2.2,,2.2,,686.8693166666668,,686.8693166666668,,3359.6499999999996,,3359.6499999999996,,123.24151617529995,,123.24151617529995,0.0,2841.71,0.0,2841.71,0.0,8.57,0.0,8.57,,,,,,,,,,,,,,0.0,0.0,2726.0699999999997,0.0,0.0,,0.0,,0.0,,,,,,,,2726.0699999999997,0.0
152,DELHI,NORTH,,0.0,652.0,0.0,652.0,0.0,29114.0,0.0,29114.0,0.0,29114.0,0.0,2299.99,0.0,2299.99,0.0,,0.0,0.0,0.0,0.0,0.0,0.0,0.0,136.54999999999998,0.0,136.54999999999998,0.0,14.59,0.0,14.59,0.0,70.512,0.0,70.512,0.0,2202.8692532189357,0.0,2202.8692532189357,0.0,0.0,0.0,0.0,0.0,4724.52,0.0,4724.52,,,,,,,,,,,,0.0,,,,0.0,,,,,,,,,,,,,,,,0.0,0.0,4724.52,0.0,4724.52,0.0,472.46000000000004,0.0,472.46000000000004,0.0,4252.0599999999995,0.0,4252.0599999999995,,3247.697,,3247.697,,50.308,,50.308,,491.80379999999997,,491.80379999999997,,3789.81,,3789.81,,89.1287987469603,,89.1287987469603,0.0,3534.67,0.0,3534.67,0.0,462.25,0.0,462.25,,,,,,,,,,,,,,0.0,0.0,4252.0599999999995,0.0,0.0,,0.0,,0.0,,,,,,,,4252.0599999999995,0.0
153,DELHI,NORTH EAST,,0.0,652.0,0.0,652.0,0.0,3567.2,0.0,3567.2,0.0,3567.2,0.0,183.97,0.0,183.97,0.0,,0.0,0.0,0.0,0.0,0.0,0.0,0.0,42.88,0.0,42.88,0.0,2.4400000000000004,0.0,2.4400000000000004,0.0,37.056,0.0,37.056,0.0,1547.2571575530105,0.0,1547.2571575530105,0.0,0.0,0.0,0.0,0.0,1813.6000000000001,0.0,1813.6000000000001,,,,,,,,,,,,0.0,,,,0.0,,,,,,,,,,,,,,,,0.0,0.0,1813.6000000000001,0.0,1813.6000000000001,0.0,181.37,0.0,181.37,0.0,1632.23,0.0,1632.23,,1575.6593153438384,,1575.6593153438384,,0.0,,0.0,,154.72299999999998,,154.72299999999998,,1730.3899999999999,,1730.3899999999999,,106.01385834104262,,106.01385834104262,0.0,1627.14,0.0,1627.14,0.0,50.42,0.0,50.42,,,,,,,,,,,,,,0.0,0.0,1632.23,0.0,0.0,,0.0,,0.0,,,,,,,,1632.23,0.0
154,DELHI,NORTH WEST,,0.0,652.0,0.0,652.0,0.0,15436.0,0.0,15436.0,0.0,15436.0,0.0,1296.4699999999998,0.0,1296.4699999999998,0.0,,0.0,0.0,0.0,0.0,0.0,0.0,0.0,141.41000000000003,0.0,141.41000000000003,0.0,0.8,0.0,0.8,0.0,48.480000000000004,0.0,48.480000000000004,0.0,2386.295628685567,0.0,2386.295628685567,0.0,0.0,0.0,0.0,0.0,3873.46,0.0,3873.46,,,,,,,,,,,,0.0,,,,0.0,,,,,,,,,,,,,,,,0.0,0.0,3873.46,0.0,3873.46,0.0,387.33,0.0,387.33,0.0,3486.13,0.0,3486.13,,1747.9850000000001,,1747.9850000000001,,0.56,,0.56,,511.320375,,511.320375,,2259.86,,2259.86,,64.82431808337611,,64.82431808337611,0.0,2691.55,0.0,2691.55,0.0,1226.26,0.0,1226.26,,,,,,,,,,,,,,0.0,0.0,3486.13,0.0,0.0,,0.0,,0.0,,,,,,,,3486.13,0.0
155,DELHI,SHAHDARA,,0.0,652.0,0.0,652.0,0.0,3458.5,0.0,3458.5,0.0,3458.5,0.0,148.83,0.0,148.83,0.0,,0.0,0.0,0.0,0.0,0.0,0.0,0.0,94.07000000000001,0.0,94.07000000000001,0.0,1.86,0.0,1.86,0.0,53.232,0.0,53.232,0.0,1352.6224275800569,0.0,1352.6224275800569,0.0,0.0,0.0,0.0,0.0,1650.6,0.0,1650.6,,,,,,,,,,,,0.0,,,,0.0,,,,,,,,,,,,,,,,0.0,0.0,1650.6,0.0,1650.6,0.0,165.05,0.0,165.05,0.0,1485.55,0.0,1485.55,,1328.023491866651,,1328.023491866651,,0.5,,0.5,,338.427,,338.427,,1666.96,,1666.96,,112.21163878698125,,112.21163878698125,0.0,1548.81,0.0,1548.81,0.0,13.3,0.0,13.3,,,,,,,,,,,,,,0.0,0.0,1485.55,0.0,0.0,,0.0,,0.0,,,,,,,,1485.55,0.0
156,DELHI,SOUTH,,0.0,652.0,0.0,652.0,0.0,15785.0,0.0,15785.0,0.0,15785.0,0.0,1183.91,0.0,1183.91,0.0,,0.0,0.0,0.0,0.0,0.0,0.0,0.0,197.28,0.0,197.28,0.0,26.15,0.0,26.15,0.0,65.184,0.0,65.184,0.0,3054.7057075406537,0.0,3054.7057075406537,0.0,0.0,0.0,0.0,0.0,4527.25,0.0,4527.25,,,,,,,,,,,,0.0,,,,0.0,,,,,,,,,,,,,,,,0.0,0.0,4527.25,0.0,4527.25,0.0,452.71999999999997,0.0,452.71999999999997,0.0,4074.53,0.0,4074.53,,3503.6289884666985,,3503.6289884666985,,0.0,,0.0,,709.8975,,709.8975,,4213.53,,4213.53,,103.41143641107071,,103.41143641107071,0.0,3503.63,0.0,3503.63,0.0,138.13,0.0,138.13,,,,,,,,,,,,,,0.0,0.0,4074.53,0.0,0.0,,0.0,,0.0,,,,,,,,4074.53,0.0
157,DELHI,SOUTH EAST,,0.0,652.0,0.0,652.0,0.0,10352.0,0.0,10352.0,0.0,10352.0,0.0,648.4499999999999,0.0,648.4499999999999,0.0,,0.0,0.0,0.0,0.0,0.0,0.0,0.0,60.55,0.0,60.55,0.0,3.1599999999999997,0.0,3.1599999999999997,0.0,59.376,0.0,59.376,0.0,1892.6136565052734,0.0,1892.6136565052734,0.0,0.0,0.0,0.0,0.0,2664.13,0.0,2664.13,,,,,,,,,,,,0.0,,,,0.0,,,,,,,,,,,,,,,,0.0,0.0,2664.13,0.0,2664.13,0.0,266.41999999999996,0.0,266.41999999999996,0.0,2397.71,0.0,2397.71,,1883.0373015801008,,1883.0373015801008,,12.739999999999998,,12.739999999999998,,220.1652,,220.1652,,2115.95,,2115.95,,88.2487873846295,,88.2487873846295,0.0,1939.96,0.0,1939.96,0.0,224.84,0.0,224.84,,,,,,,,,,,,,,0.0,0.0,2397.71,0.0,0.0,,0.0,,0.0,,,,,,,,2397.71,0.0
158,DELHI,SOUTH WEST,,0.0,652.0,0.0,652.0,0.0,30516.0,0.0,30516.0,0.0,30516.0,0.0,2920.04,0.0,2920.04,0.0,,0.0,0.0,0.0,0.0,0.0,0.0,0.0,1102.01,0.0,1102.01,0.0,25.58,0.0,25.58,0.0,72.144,0.0,72.144,0.0,3260.024724791327,0.0,3260.024724791327,0.0,0.0,0.0,0.0,0.0,7379.789999999999,0.0,7379.789999999999,,,,,,,,,,,,0.0,,,,0.0,,,,,,,,,,,,,,,,0.0,0.0,7379.789999999999,0.0,7379.789999999999,0.0,737.98,0.0,737.98,0.0,6641.81,0.0,6641.81,,1906.7235,,1906.7235,,0.0,,0.0,,3981.46,,3981.46,,5888.199999999999,,5888.199999999999,,88.65354474156891,,88.65354474156891,0.0,3220.4300000000003,0.0,3220.4300000000003,0.0,137.68,0.0,137.68,,,,,,,,,,,,,,0.0,0.0,6641.8099999999995,0.0,0.0,,0.0,,0.0,,,,,,,,6641.8099999999995,0.0
159,DELHI,WEST,,0.0,652.0,0.0,652.0,0.0,11054.0,0.0,11054.0,0.0,11054.0,0.0,1248.1799999999998,0.0,1248.1799999999998,0.0,,0.0,0.0,0.0,0.0,0.0,0.0,0.0,203.32999999999998,0.0,203.32999999999998,0.0,6.22,0.0,6.22,0.0,65.616,0.0,65.616,0.0,2312.0149839262926,0.0,2312.0149839262926,0.0,0.0,0.0,0.0,0.0,3835.35,0.0,3835.35,,,,,,,,,,,,0.0,,,,0.0,,,,,,,,,,,,,,,,0.0,0.0,3835.35,0.0,3835.35,0.0,300.35,0.0,300.35,0.0,3535.0,0.0,3535.0,,2538.545402077363,,2538.545402077363,,0.6,,0.6,,731.9770000000001,,731.9770000000001,,3271.12,,3271.12,,92.53521923620933,,92.53521923620933,0.0,2545.12,0.0,2545.12,0.0,359.51,0.0,359.51,,,,,,,,,,,,,,0.0,0.0,3535.0,0.0,0.0,,0.0,,0.0,,,,,,,,3535.0,0.0
160,GOA,GOA NORTH,,3407.864405735409,3342.6927218271235,0.0,3354.447550688474,17854.0,81133.0,0.0,98987.0,47323.0,146310.0,2523.0,12069.8,0.0,14592.8,286.73,,0.0,286.73,689.4,26.27,0.0,715.67,0.0,371.88,0.0,371.88,7.2700000000000005,29.490000000000002,0.0,36.76,319.2,172.4,0.0,491.6,,,,,,,,,3825.6000000000004,12669.84,0.0,16495.44,,,,,,,,,,,,0.0,,,,0.0,,,,,,,,,,,,,,,,0.0,3825.6000000000004,12669.84,0.0,16495.44,765.12,2533.97,0.0,3299.09,3060.48,10135.87,0.0,13196.35,288.35122275000003,1535.606538,,1823.95776075,21.3077,84.241,,105.5487,194.67000000000002,1480.6800000000003,,1675.3500000000004,504.34000000000003,3100.52,,3604.8599999999997,16.479114387285655,30.589579384897398,,27.317099046327204,341.77,1820.04,0.0,2161.81,2502.7300000000005,6750.92,0.0,9253.650000000001,,,,,,,,,,,,,,0.0,0.0,13196.35,0.0,0.0,,0.0,,0.0,,,,,,,,13196.35,0.0
161,GOA,SOUTH GOA,,3412.9789982506213,3350.3588546588553,0.0,3355.9348670186596,10861.0,111111.0,0.0,121972.0,101915.7,223887.7,1926.4299999999998,17777.12,0.0,19703.55,459.62,,0.0,459.62,359.07000000000005,140.98000000000002,0.0,500.05000000000007,0.0,213.31,0.0,213.31,12.389999999999999,154.51,0.0,166.89999999999998,33.0,554.8,0.0,587.8,,,,,,,,,2790.5099999999998,18840.72,0.0,21631.23,,,,,,,,,,,,0.0,,,,0.0,,,,,,,,,,,,,,,,0.0,2790.5099999999998,18840.72,0.0,21631.23,558.09,3768.15,0.0,4326.24,2232.42,15072.57,0.0,17304.99,203.23433599999998,1995.4186095,,2198.6529455,31.75431,343.68323,,375.43754,73.17000000000002,853.2,,926.3699999999999,308.15,3192.33,,3500.48,13.803406169090044,21.179732454385682,,20.228153844642495,240.9,2365.04,0.0,2605.94,1886.6000000000001,11510.61,0.0,13397.210000000001,,,,,,,,,,,,,,0.0,0.0,17304.989999999998,0.0,0.0,,0.0,,0.0,,,,,,,,17304.989999999998,0.0
162,GUJARAT,AHMEDABAD,,740.6952661879233,0.0,686.5818808345911,700.6612739488277,184138.41779761555,0.0,523587.62406988454,707726.0418675,0.0,707726.0418675,25276.83,0.0,76462.36,101739.19,2715.34,,437018.41000000003,439733.74999999994,10753.56,0.0,0.0,10753.56,3703.0499999999997,0.0,9211.83,12914.880000000001,192.98000000000002,,215.74,408.72,3131.1839999999997,,1593.82,4725.004,0.0,0.0,0.0,0.0,0.0,0.0,0.0,0.0,45772.96,0.0,524502.1600000001,570275.12,,,,,,,,,,,,0.0,,,,0.0,,,,,,,,,,,,,,,,0.0,45772.96,0.0,524502.1600000001,570275.12,3514.7,0.0,52392.5,55907.2,42258.26,0.0,472109.66000000003,514367.92000000004,2662.9103208175625,,2148.199589294662,4811.109910112224,3489.565839999999,,0.0,3489.565839999999,24586.200000000004,,42485.4,67071.6,30738.680000000004,,44633.58,75372.26,72.74005129411385,,9.454070480150733,72.74005129411383,2979.72,0.0,2792.11,2979.72,16338.36,0.0,427386.12,16338.36,,,,,,,,,,,,,,0.0,0.0,42258.26,472109.66000000003,0.0,,0.0,,0.0,,,,,,,,42258.26,472109.66000000003
163,GUJARAT,AMRELI,,731.2230239672564,0.0,855.8197262769545,735.3287154845392,723203.7847804805,0.0,24642.93082871956,747846.7156092,0.0,747846.7156092,133588.2,0.0,1429.23,135017.43,31.189999999999998,,0.0,31.189999999999998,1619.81,0.0,0.0,1619.81,12862.590000000002,0.0,367.04,13229.63,372.91999999999996,,3.3499999999999996,376.27,3803.776,,40.82,3844.5959999999995,,,,,,,,,152278.49000000002,0.0,1840.44,154118.93000000002,,,,,,,,,,,,0.0,,,,0.0,,,,,,,,,,,,,,,,0.0,152278.49000000002,0.0,1840.44,154118.93000000002,7613.94,0.0,92.02,7705.96,144664.55,0.0,1748.42,146412.97,1216.9795404682263,,37.41666196844207,1254.3962024366683,73.64643000000002,,0.0,73.64643000000002,81614.4,,1359.4,82973.79999999999,82905.01999999999,,1396.81,84301.82999999999,57.30845601081951,,79.88984340147104,57.30845601081951,1340.12,0.0,41.2,1340.12,61636.38,0.0,347.83,61636.38,,,,,,,,,,,,,,0.0,0.0,144664.55,1748.42,0.0,,0.0,,0.0,,,,,,,,144664.55,1748.42
164,GUJARAT,ANAND,,871.61872192178,0.0,830.526111890072,859.2947436590291,212911.55886292248,0.0,91207.58485797752,304119.1437209,0.0,304119.1437209,33539.77,0.0,15085.819999999998,48625.590000000004,51942.00000000001,,0.0,51942.00000000001,26138.48,0.0,0.0,26138.48,6587.73,0.0,1154.6,7742.33,588.26,,74.69,662.95,1034.344,,38.384,1072.728,,,,,,,,,119830.58000000002,0.0,16353.49,136184.07,,,,,,,,,,,,0.0,,,,0.0,,,,,,,,,,,,,,,,0.0,119830.58000000002,0.0,16353.49,136184.07,9035.84,0.0,835.2800000000001,9871.12,110794.73999999999,0.0,15518.210000000001,126312.95,3626.228690086694,,518.8754291688821,4145.104119255576,2623.6956800000003,,0.0,2623.6956800000003,26367.9,,4260.400000000001,30628.300000000003,32617.810000000005,,4779.28,37397.090000000004,29.439854274670445,,30.797881972212,29.439854274670445,4182.04,0.0,598.4100000000001,4182.04,77621.12000000001,0.0,10659.4,77621.12000000001,,,,,,,,,,,,,,0.0,0.0,110794.73999999999,15518.21,0.0,,0.0,,0.0,,,,,,,,110794.73999999999,15518.21
165,GUJARAT,ARVALLI,,900.7735204687687,0.0,0.0,900.7735204687687,310371.55839049997,0.0,0.0,310371.55839049997,6518.06,316889.61839049996,80035.76,0.0,0.0,80035.76,1215.75,,0.0,1215.75,1671.9699999999998,0.0,0.0,1671.9699999999998,7162.82,0.0,0.0,7162.82,252.70999999999998,,0.0,252.70999999999998,638.9639999999999,,0.0,638.9639999999999,,,,,,,,,90977.95,0.0,0.0,90977.95,,,,,,,,,,,,0.0,,,,0.0,,,,,,,,,,,,,,,,0.0,90977.95,0.0,0.0,90977.95,4548.89,0.0,0.0,4548.89,86429.06,0.0,0.0,86429.06,2089.1199630816927,,,2089.1199630816927,25.051775,,,25.051775,35907.600000000006,,,35907.600000000006,38021.78,,,38021.78,43.99189346731296,,,43.99189346731296,2528.1,0.0,0.0,2528.1,47968.29,0.0,0.0,47968.29,,,,,,,,,,,,,,0.0,0.0,86429.06,0.0,0.0,,0.0,,0.0,,,,,,,,86429.06,0.0
166,GUJARAT,BANASKANTHA,,761.4791955385194,0.0,553.3197347831494,686.1250139204933,669984.1173371309,0.0,380151.340270169,1050135.4576073,29809.160000000003,1079944.6176073,100028.68000000001,0.0,49787.9,149816.57999999996,593.6,,7091.9,7685.5,87.97999999999999,0.0,0.0,87.97999999999999,12992.440000000002,0.0,4998.71,17991.149999999998,342.73999999999995,,182.94,525.68,18076.4,,1287.6000000000001,19364.000000000004,,,,,,,,,132121.84,0.0,63349.049999999996,195470.89,,,,,,,,,,,,0.0,,,,0.0,,,,,,,,,,,,,,,,0.0,132121.84,0.0,63349.049999999996,195470.89,13212.18,0.0,6334.91,19547.090000000004,118909.65999999999,0.0,57014.14,175923.79999999996,4343.006992845639,,866.9237417497405,5209.930734595379,41.79299,,0.0,41.79299,140057.19999999998,,44688.15000000001,184745.34999999995,144442.01,,45555.08,189997.09000000003,121.47205702211244,,79.90137183512722,121.47205702211245,5799.84,0.0,1157.73,5799.84,11586.86,0.0,24355.08,11586.86,,,,,,,,,,,,,,0.0,0.0,118909.66,57014.14,0.0,,0.0,,0.0,,,,,,,,118909.66,57014.14
167,GUJARAT,BHARUCH,,827.2945037366014,0.0,770.5944003792935,805.1483121615796,332922.5546340981,0.0,213375.74515520202,546298.2997893001,4390.0,550688.2997893001,41929.11,0.0,24593.24,66522.35,8432.52,,1014.77,9447.29,9495.130000000001,0.0,0.0,9495.130000000001,3806.2000000000003,0.0,904.53,4710.7300000000005,529.98,,248.42,778.4,5391.5380000000005,,105.46,5496.9980000000005,,,,,,,,,69584.48,0.0,26866.42,96450.9,,,,,,,,,,,,0.0,,,,0.0,,,,,,,,,,,,,,,,0.0,69584.48,0.0,26866.42,96450.9,6026.820000000001,0.0,2229.15,8255.97,63557.66,0.0,24637.269999999997,88194.93,1857.2864254002927,,626.2959273783279,2483.5823527786206,1339.772865,,0.0,1339.772865,14124.7,,3579.0000000000005,17703.700000000004,17321.76,,4205.29,21527.05,27.25361506386484,,17.068814848398382,27.253615063864846,2154.6699999999996,0.0,702.6,2154.6699999999996,45938.53,0.0,20443.25,45938.53,,,,,,,,,,,,,,0.0,0.0,63557.66,24637.269999999997,0.0,,0.0,,0.0,,,,,,,,63557.66,24637.269999999997
168,GUJARAT,BHAVNAGAR,,672.2708352493528,0.0,766.7252042666614,690.7422200079321,585752.2326168802,0.0,142395.76093801972,728147.9935549,0.0,728147.9935549,90285.02,0.0,13009.66,103294.68,379.19000000000005,,0.0,379.19000000000005,6777.039999999999,0.0,0.0,6777.039999999999,8985.079999999998,0.0,1254.27,10239.349999999999,488.5100000000001,,19.23,507.73,4931.1759999999995,,234.676,5165.852,,,,,,,,,111846.0,0.0,14517.84,126363.84,,,,,,,,,,,,0.0,,,,0.0,,,,,,,,,,,,,,,,0.0,111846.0,0.0,14517.84,126363.84,5592.28,0.0,745.6200000000001,6337.9,106253.72,0.0,13772.22,120025.94000000002,3237.45063015925,,726.2222803147588,3963.6729104740093,79.120035,,0.0,79.120035,44384.8,,5177.200000000001,49562.0,47701.369999999995,,5903.43,53604.799999999996,44.89383524642713,,42.86476690032544,44.89383524642713,3912.9100000000003,0.0,877.74,3912.9100000000003,57876.899999999994,0.0,9020.81,57876.899999999994,,,,,,,,,,,,,,0.0,0.0,106253.72,13772.22,0.0,,0.0,,0.0,,,,,,,,106253.72,13772.22
169,GUJARAT,BOTAD,,712.1873527632814,0.0,720.5236515712016,713.7112831571797,203056.10549596814,0.0,45423.75749893186,248479.8629949,0.0,248479.8629949,38612.25,0.0,6075.77,44688.020000000004,522.85,,0.0,522.85,312.7,0.0,0.0,312.7,4032.62,0.0,849.64,4882.26,38.45,,3.78,42.23,1781.64,,36.64,1818.2800000000002,,,,,,,,,45300.51,0.0,6965.830000000001,52266.34,,,,,,,,,,,,0.0,,,,0.0,,,,,,,,,,,,,,,,0.0,45300.51,0.0,6965.830000000001,52266.34,2265.02,0.0,350.12,2615.1299999999997,43035.490000000005,0.0,6615.709999999999,49651.2,919.7673018737196,,113.62315853765568,1033.3904604113752,16.58125,,0.0,16.58125,23708.1,,3905.2000000000003,27613.299999999996,24644.43,,4018.83,28663.26,57.26536400538252,,60.746767920601116,57.26536400538254,1111.6699999999998,0.0,137.33,1111.6699999999998,18199.17,0.0,2573.17,18199.17,,,,,,,,,,,,,,0.0,0.0,43035.490000000005,6615.709999999999,0.0,,0.0,,0.0,,,,,,,,43035.490000000005,6615.709999999999
170,GUJARAT,CHHOTA UDEPUR,,1118.5761612363217,0.0,0.0,1118.5761612363217,326493.2852432,0.0,0.0,326493.2852432,17298.0,343791.2852432,42927.38,0.0,0.0,42927.38,8720.48,,0.0,8720.48,1931.3199999999997,0.0,0.0,1931.3199999999997,5965.3,0.0,0.0,5965.3,316.22999999999996,,0.0,316.22999999999996,3454.728,,0.0,3454.728,,,,,,,,,63315.42999999999,0.0,0.0,63315.42999999999,,,,,,,,,,,,0.0,,,,0.0,,,,,,,,,,,,,,,,0.0,63315.42999999999,0.0,0.0,63315.42999999999,6331.54,0.0,0.0,6331.54,56983.89,0.0,0.0,56983.89,2264.803197983662,,,2264.803197983662,1.1315000000000002,,,1.1315000000000002,23578.399999999998,,,23578.399999999998,25844.31,,,25844.31,45.353713128394716,,,45.353713128394716,2662.1100000000006,0.0,0.0,2662.1100000000006,30742.27,0.0,0.0,30742.27,,,,,,,,,,,,,,0.0,0.0,56983.89,0.0,0.0,,0.0,,0.0,,,,,,,,56983.89,0.0
171,GUJARAT,DAHOD,,724.1545317554293,0.0,0.0,724.1545317554293,351971.34179060004,0.0,0.0,351971.34179060004,12158.0,364129.34179060004,19313.39,0.0,0.0,19313.39,858.55,,0.0,858.55,3947.95,0.0,0.0,3947.95,3122.5599999999995,0.0,0.0,3122.5599999999995,225.08999999999997,,0.0,225.08999999999997,9973.224000000002,,0.0,9973.224000000002,,,,,,,,,37440.75,0.0,0.0,37440.75,,,,,,,,,,,,0.0,,,,0.0,,,,,,,,,,,,,,,,0.0,37440.75,0.0,0.0,37440.75,3403.88,0.0,0.0,3403.88,34036.87,0.0,0.0,34036.87,2360.333075762631,,,2360.333075762631,3.3065,,,3.3065,11500.800000000001,,,11500.800000000001,13864.44,,,13864.44,40.733592718719436,,,40.733592718719436,3389.79,0.0,0.0,3389.79,19142.97,0.0,0.0,19142.97,,,,,,,,,,,,,,0.0,0.0,34036.87,0.0,0.0,,0.0,,0.0,,,,,,,,34036.87,0.0
172,GUJARAT,DANG,,2388.385835099386,0.0,0.0,2388.385835099386,144921.7961807,0.0,0.0,144921.7961807,35515.0,180436.7961807,32397.690000000002,0.0,0.0,32397.690000000002,0.0,,0.0,0.0,7.650000000000001,0.0,0.0,7.650000000000001,949.4200000000001,0.0,0.0,949.4200000000001,98.28,,0.0,98.28,1204.008,,0.0,1204.008,,,,,,,,,34657.05,0.0,0.0,34657.05,,,,,,,,,,,,0.0,,,,0.0,,,,,,,,,,,,,,,,0.0,34657.05,0.0,0.0,34657.05,3465.71,0.0,0.0,3465.71,31191.339999999997,0.0,0.0,31191.339999999997,502.85300325243486,,,502.85300325243486,1.2774999999999999,,,1.2774999999999999,3451.7000000000003,,,3451.7000000000003,3955.85,,,3955.85,12.682526624377152,,,12.682526624377152,646.11,0.0,0.0,646.11,27092.239999999998,0.0,0.0,27092.239999999998,,,,,,,,,,,,,,0.0,0.0,31191.339999999997,0.0,0.0,,0.0,,0.0,,,,,,,,31191.339999999997,0.0
173,GUJARAT,DEVBHUMI DWARKA,,937.1143847195049,0.0,811.8838027246114,919.2956464277555,360785.62323287915,0.0,59851.3569656209,420636.98019850004,12245.0,432881.98019850004,38178.64,0.0,4548.55,42727.19,522.4200000000001,,0.0,522.4200000000001,195.52,0.0,0.0,195.52,5376.9,0.0,619.66,5996.5599999999995,209.75,,12.190000000000001,221.94,1404.472,,110.412,1514.884,,,,,,,,,45887.689999999995,0.0,5290.82,51178.51,,,,,,,,,,,,0.0,,,,0.0,,,,,,,,,,,,,,,,0.0,45887.689999999995,0.0,5290.82,51178.51,2294.3900000000003,0.0,264.54,2558.9299999999994,43593.3,0.0,5026.28,48619.58,1600.1193253941783,,100.3591155661783,1700.4784409603567,100.281703,,0.0,100.281703,28955.7,,2957.7000000000003,31913.4,30656.11,,3058.06,33714.17,70.32298541289602,,60.84141750956971,70.32298541289602,1862.95,0.0,116.85,1862.95,12674.36,0.0,1951.73,12674.36,,,,,,,,,,,,,,0.0,0.0,43593.3,5026.280000000001,0.0,,0.0,,0.0,,,,,,,,43593.3,5026.280000000001
174,GUJARAT,GANDHINAGAR,,794.8286971662835,0.0,0.0,794.8286971662835,215520.63809380002,0.0,0.0,215520.63809380002,0.0,215520.63809380002,45095.219999999994,0.0,0.0,45095.219999999994,9522.83,,1781.26,11304.09,136.5,0.0,0.0,136.5,6477.68,0.0,0.0,6477.68,368.47,,0.0,368.47,1699.6040000000003,0.0,0.0,1699.6040000000003,,,,,,,,,63300.32000000001,0.0,1781.26,65081.58,,,,,,,,,,,,0.0,,,,0.0,,,,,,,,,,,,,,,,0.0,63300.32000000001,0.0,1781.26,65081.58,5509.2,0.0,178.13,5687.32,57791.119999999995,0.0,1603.13,59394.25,1365.0,,,1365.0,926.1433000000001,,,926.1433000000001,62018.00000000001,,,62018.00000000001,64309.15,,,64309.15,111.27860127991984,,,111.27860127991983,1886.7900000000002,0.0,0.0,1886.7900000000002,9669.31,0.0,1603.13,9669.31,,,,,,,,,,,,,,0.0,0.0,57791.12,1603.13,0.0,,0.0,,0.0,,,,,,,,57791.12,1603.13
175,GUJARAT,GIR SOMNATH,,1109.2631539757315,0.0,1074.6508042298171,1107.9002542852907,315649.8155469033,0.0,12938.53086829669,328588.3464152,0.0,328588.3464152,66792.84,0.0,4169.219999999999,70962.06,1075.8999999999999,,0.0,1075.8999999999999,223.95,0.0,0.0,223.95,7204.41,0.0,340.7,7545.110000000001,334.94,,42.019999999999996,376.96999999999997,768.42,,51.352000000000004,819.7719999999999,,,,,,,,,76400.45999999999,0.0,4603.28,81003.74,,,,,,,,,,,,0.0,,,,0.0,,,,,,,,,,,,,,,,0.0,76400.45999999999,0.0,4603.28,81003.74,6104.0,0.0,312.26000000000005,6416.26,70296.45999999999,0.0,4291.02,74587.48,3032.2028911002762,,28.891397066488388,3061.094288166765,77.0004,,0.0,77.0004,31369.500000000004,,1458.0,32827.5,34478.69,,1486.89,35965.58,49.047548055762704,,34.65120181215655,49.047548055762704,3472.37,0.0,33.09,3472.37,35377.6,0.0,2799.9300000000003,35377.6,,,,,,,,,,,,,,0.0,0.0,70296.45999999999,4291.0199999999995,0.0,,0.0,,0.0,,,,,,,,70296.45999999999,4291.0199999999995
176,GUJARAT,JAMNAGAR,,806.897198247494,0.0,821.0944106734894,808.2899847443357,579332.2086783141,0.0,63016.18533288585,642348.3940112,99.0,642447.3940112,116934.8,0.0,4203.02,121137.82,336.74000000000007,,0.0,336.74000000000007,3592.1,0.0,0.0,3592.1,11408.6,0.0,1234.9099999999999,12643.51,243.82999999999998,,14.11,257.94,5011.26,,90.112,5101.372,,,,,,,,,137527.31,0.0,5542.14,143069.45,,,,,,,,,,,,0.0,,,,0.0,,,,,,,,,,,,,,,,0.0,137527.31,0.0,5542.14,143069.45,6876.35,0.0,286.98,7163.33,130650.95999999999,0.0,5255.16,135906.12,2453.5533316424335,,95.68954332261266,2549.242874965046,46.4186,,0.0,46.4186,54491.6,,4340.400000000001,58832.0,56991.56999999999,,4436.09,61427.66,43.621240900181675,,84.41398549235419,43.62124090018168,2856.56,0.0,111.4,2856.56,73256.38,0.0,1246.31,73256.38,,,,,,,,,,,,,,0.0,0.0,130650.95999999999,5255.160000000001,0.0,,0.0,,0.0,,,,,,,,130650.95999999999,5255.160000000001
177,GUJARAT,JUNAGADH,,1191.65176741303,0.0,1046.6799009315246,1181.572134546403,509083.68539174146,0.0,38040.56400895857,547124.2494007,8142.0,555266.2494007,143726.46,0.0,9178.93,152905.38999999998,1064.58,,0.0,1064.58,150.60000000000002,0.0,0.0,150.60000000000002,12205.57,0.0,1199.92,13405.49,226.98000000000002,,22.05,249.03000000000003,1370.9180000000001,,82.53200000000001,1453.45,,,,,,,,,158745.12999999998,0.0,10483.42,169228.55000000002,,,,,,,,,,,,0.0,,,,0.0,,,,,,,,,,,,,,,,0.0,158745.12999999998,0.0,10483.42,169228.55000000002,7937.27,0.0,529.54,8466.810000000001,150807.86,0.0,9953.880000000001,160761.74,3197.183617243464,,135.9780829635527,3333.161700207017,79.28375,,0.0,79.28375,68228.65,,5580.299999999999,73808.95000000001,71505.12000000001,,5716.27,77221.39,47.41471697827953,,57.42755588775432,47.414716978279515,3844.8,0.0,155.72,3844.8,78655.12,0.0,4592.22,78655.12,,,,,,,,,,,,,,0.0,0.0,150807.86,9953.880000000001,0.0,,0.0,,0.0,,,,,,,,150807.86,9953.880000000001
178,GUJARAT,KACHCHH,,561.0764367649773,0.0,559.8458016982928,560.3503823285158,840179.3932216847,0.0,1208956.387411015,2049135.7806327,0.0,2049135.7806327,63154.31,0.0,99800.4,162954.71,22.79,,2891.9300000000003,2914.7200000000003,6271.549999999999,0.0,0.0,6271.549999999999,6484.56,0.0,10689.14,17173.7,490.82,,110.72000000000001,601.54,22162.04,,527.342,22689.381999999998,,,,,,,,,98586.09,0.0,114019.53000000001,212605.62000000002,,,,,,,,,,,,0.0,,,,0.0,,,,,,,,,,,,,,,,0.0,98586.09,0.0,114019.53000000001,212605.62000000002,8670.229999999998,0.0,10979.4,19649.629999999997,89915.85999999999,0.0,103040.12999999999,192955.99,1107.0916791381958,,2491.8602815329127,3598.9519606711083,1076.9624050000002,,0.0,1076.9624050000002,44383.50000000001,,69418.9,113802.40000000001,46567.54,,71910.76,118478.29999999999,51.79012912738643,,69.78908120554584,51.79012912738642,1635.7100000000003,0.0,3681.7,1635.7100000000003,43127.67,0.0,38764.12,43127.67,,,,,,,,,,,,,,0.0,0.0,89915.85999999999,103040.12999999999,0.0,,0.0,,0.0,,,,,,,,89915.85999999999,103040.12999999999
179,GUJARAT,KHEDA,,872.2679907135799,0.0,794.5189952490185,859.3040285066547,286444.62416776834,0.0,57319.67856403167,343764.3027318,0.0,343764.3027318,45110.85,0.0,8966.57,54077.42,18921.820000000003,,0.0,18921.820000000003,14272.210000000001,0.0,0.0,14272.210000000001,5871.2699999999995,0.0,1920.2199999999998,7791.490000000001,686.6899999999999,,12.41,699.0999999999999,1814.8839999999998,,9.6,1824.484,,,,,,,,,86677.73999999999,0.0,10908.8,97586.54,,,,,,,,,,,,0.0,,,,0.0,,,,,,,,,,,,,,,,0.0,86677.73999999999,0.0,10908.8,97586.54,7315.599999999999,0.0,974.46,8290.06,79362.14,0.0,9934.34,89296.48000000001,2919.857816737749,,348.42460212544694,3268.2824188631957,631.14988,,0.0,631.14988,29308.700000000004,,7220.500000000001,36529.200000000004,32859.69,,7568.93,40428.62,41.40474286605679,,76.18956065526245,41.40474286605678,3375.37,0.0,402.78,3375.37,46046.93000000001,0.0,2311.06,46046.93000000001,,,,,,,,,,,,,,0.0,0.0,79362.14,9934.34,0.0,,0.0,,0.0,,,,,,,,79362.14,9934.34
180,GUJARAT,MAHESANA,,760.57159030549,0.0,759.5224473620445,760.2099148771478,288807.09175789414,0.0,151940.89301780832,440747.9847763,2428.0,443175.9847763,51720.869999999995,0.0,24111.12,75831.99,6875.46,,174738.08,181613.53999999998,5605.38,0.0,0.0,5605.38,14402.460000000001,0.0,6667.820000000001,21070.280000000002,431.41999999999996,,45.86000000000001,477.2799999999999,3329.5879999999993,,681.24,4010.8279999999995,,,,,,,,,82365.17000000001,0.0,206244.12,288609.29,,,,,,,,,,,,0.0,,,,0.0,,,,,,,,,,,,,,,,0.0,82365.17000000001,0.0,206244.12,288609.29,7814.47,0.0,20624.409999999996,28438.88,74550.70000000001,0.0,185619.71,260170.41000000003,1463.8468002948289,,481.3060908849999,1945.152891179829,942.022601,,0.0,942.022601,78663.2,,32840.9,111504.09999999999,81069.06999999999,,33322.21000000001,114391.28,108.74353963141859,,17.95187052064676,108.74353963141854,1651.16,0.0,542.9,1651.16,6308.820000000001,0.0,156937.49000000002,6308.820000000001,,,,,,,,,,,,,,0.0,0.0,74550.70000000001,185619.71,0.0,,0.0,,0.0,,,,,,,,74550.70000000001,185619.71
181,GUJARAT,MAHISAGAR,,751.5878413953664,0.0,0.0,751.5878413953664,245901.05541709997,0.0,0.0,245901.05541709997,4096.0,249997.05541709997,17689.09,0.0,0.0,17689.09,4970.2300000000005,,0.0,4970.2300000000005,4364.75,0.0,0.0,4364.75,4022.5600000000004,0.0,0.0,4022.5600000000004,423.83000000000004,,0.0,423.83000000000004,2662.772,,0.0,2662.772,,,,,,,,,34133.22,0.0,0.0,34133.22,,,,,,,,,,,,0.0,,,,0.0,,,,,,,,,,,,,,,,0.0,34133.22,0.0,0.0,34133.22,3413.31,0.0,0.0,3413.31,30719.91,0.0,0.0,30719.91,917.7063178855996,,,917.7063178855996,12.683019999999999,,,12.683019999999999,14594.0,,,14594.0,15524.4,,,15524.4,50.53530430264932,,,50.53530430264932,1107.19,0.0,0.0,1107.19,15006.039999999999,0.0,0.0,15006.039999999999,,,,,,,,,,,,,,0.0,0.0,30719.91,0.0,0.0,,0.0,,0.0,,,,,,,,30719.91,0.0
182,GUJARAT,MORBI,,653.023686019774,0.0,563.9055579578458,626.0317954051432,348052.0734933345,0.0,151217.64783996547,499269.7213333,0.0,499269.7213333,41582.93,0.0,13693.539999999999,55276.469999999994,131.32,,65.65,196.96999999999997,19025.3,0.0,0.0,19025.3,8744.150000000001,0.0,1823.7799999999997,10567.93,334.32,,62.49999999999999,396.82,2495.832,,151.624,2647.4559999999997,,,,,,,,,72313.88,0.0,15797.11,88110.98999999999,,,,,,,,,,,,0.0,,,,0.0,,,,,,,,,,,,,,,,0.0,72313.88,0.0,15797.11,88110.98999999999,4693.58,0.0,1367.53,6061.11,67620.3,0.0,14429.58,82049.88,1488.0102244442,,179.79921922330158,1667.8094436675015,192.058045,,0.0,192.058045,33312.0,,6288.9,39600.9,34992.06,,6468.7,41460.759999999995,51.74786269803594,,44.82944063513976,51.74786269803594,1861.79,0.0,222.94,1861.79,32254.46,0.0,10331.2,32254.46,,,,,,,,,,,,,,0.0,0.0,67620.3,14429.58,0.0,,0.0,,0.0,,,,,,,,67620.3,14429.58
183,GUJARAT,NARMADA,,1122.704494102334,0.0,0.0,1122.704494102334,250995.3840286,0.0,0.0,250995.3840286,29237.0,280232.3840286,27823.63,0.0,0.0,27823.63,1889.27,,0.0,1889.27,1966.0100000000002,0.0,0.0,1966.0100000000002,5549.34,0.0,0.0,5549.34,64.69999999999999,,0.0,64.69999999999999,4358.96,,0.0,4358.96,,,,,,,,,41651.91,0.0,0.0,41651.91,,,,,,,,,,,,0.0,,,,0.0,,,,,,,,,,,,,,,,0.0,41651.91,0.0,0.0,41651.91,2994.55,0.0,0.0,2994.55,38657.36,0.0,0.0,38657.36,552.6741975353334,,,552.6741975353334,5.402000000000001,,,5.402000000000001,25284.100000000006,,,25284.100000000006,25842.19,,,25842.19,66.84933994457975,,,66.84933994457975,654.3299999999999,0.0,0.0,654.3299999999999,12713.52,0.0,0.0,12713.52,,,,,,,,,,,,,,0.0,0.0,38657.36,0.0,0.0,,0.0,,0.0,,,,,,,,38657.36,0.0
184,GUJARAT,NAVSARI,,1894.6411272609266,0.0,0.0,1894.6411272609266,216782.1528127,0.0,0.0,216782.1528127,5828.0,222610.1528127,61639.03999999999,0.0,0.0,61639.03999999999,2791.99,,0.0,2791.99,12162.25,0.0,0.0,12162.25,5818.52,0.0,0.0,5818.52,177.95999999999998,,39.03,216.98999999999998,695.604,,68.824,764.4279999999999,,,,,,,,,83285.36,0.0,107.85,83393.20999999999,,,,,,,,,,,,0.0,,,,0.0,,,,,,,,,,,,,,,,0.0,83285.36,0.0,107.85,83393.20999999999,6119.97,0.0,10.79,6130.76,77165.39,0.0,97.06,77262.45,2711.807333928519,,,2711.807333928519,275.876218,,,275.876218,21009.600000000002,,,21009.600000000002,23997.31,,,23997.31,31.098540420776725,,,31.098540420776725,2972.7699999999995,0.0,0.0,2972.7699999999995,52907.10999999999,0.0,97.06,52907.10999999999,,,,,,,,,,,,,,0.0,0.0,77165.39,97.06,0.0,,0.0,,0.0,,,,,,,,77165.39,97.06
185,GUJARAT,PANCHMAHAL,,912.0972931895716,0.0,0.0,912.0972931895716,325474.4081905,0.0,0.0,325474.4081905,3567.0,329041.4081905,20535.469999999998,0.0,0.0,20535.469999999998,13082.669999999998,,0.0,13082.669999999998,5446.820000000001,0.0,0.0,5446.820000000001,3594.32,0.0,0.0,3594.32,225.28,,0.0,225.28,15307.399999999998,,0.0,15307.399999999998,,,,,,,,,58191.96000000001,0.0,0.0,58191.96000000001,,,,,,,,,,,,0.0,,,,0.0,,,,,,,,,,,,,,,,0.0,58191.96000000001,0.0,0.0,58191.96000000001,3893.8500000000004,0.0,0.0,3893.8500000000004,54298.10999999999,0.0,0.0,54298.10999999999,1563.741613401101,,,1563.741613401101,374.51346,,,374.51346,12748.300000000003,,,12748.300000000003,14686.570000000002,,,14686.570000000002,27.048031690237472,,,27.048031690237472,1922.8700000000001,0.0,0.0,1922.8700000000001,39252.420000000006,0.0,0.0,39252.420000000006,,,,,,,,,,,,,,0.0,0.0,54298.10999999999,0.0,0.0,,0.0,,0.0,,,,,,,,54298.10999999999,0.0
186,GUJARAT,PATAN,,812.7893343659163,0.0,579.4073846632314,627.470085857073,117107.99367722118,0.0,451542.77316027886,568650.7668375,0.0,568650.7668375,25116.7,0.0,55983.369999999995,81100.07,7080.27,,7808.67,14888.95,526.74,0.0,0.0,526.74,3717.2799999999997,0.0,3862.5500000000006,7579.829999999998,44.92,,188.95000000000002,233.87,4522.400000000001,,5704.352000000001,10226.752,,,,,,,,,41008.31,0.0,73547.90000000001,114556.21,,,,,,,,,,,,0.0,,,,0.0,,,,,,,,,,,,,,,,0.0,41008.31,0.0,73547.90000000001,114556.21,3398.0,0.0,7354.77,10752.78,37610.31,0.0,66193.13,103803.43999999999,938.1960947537009,,543.4581379898839,1481.654232743585,29.149400000000004,,0.0,29.149400000000004,43628.575,,25978.925,69607.5,44595.91,,26522.380000000005,71118.29000000001,118.57363047526066,,40.06817625937919,118.5736304752607,1093.61,0.0,633.4799999999999,1093.61,11.7,0.0,45810.11,11.7,,,,,,,,,,,,,,0.0,0.0,37610.31,66193.13,0.0,,0.0,,0.0,,,,,,,,37610.31,66193.13
187,GUJARAT,PORBANDAR,,854.1054830377232,0.0,829.1235397473026,843.628727150456,133858.1144973844,0.0,96682.56949331559,230540.6839907,0.0,230540.6839907,19625.33,0.0,13173.900000000001,32799.229999999996,74.66,,0.0,74.66,0.0,0.0,0.0,0.0,2595.63,0.0,2087.82,4683.45,48.29,,16.9,65.19,650.204,,119.548,769.752,,,,,,,,,22994.11,0.0,15398.16,38392.27,,,,,,,,,,,,0.0,,,,0.0,,,,,,,,,,,,,,,,0.0,22994.11,0.0,15398.16,38392.27,1547.59,0.0,1203.8200000000002,2751.4100000000003,21446.520000000004,0.0,14194.34,35640.86,527.1731370846077,,367.10483089727825,894.2779679818859,221.74005499999998,,0.0,221.74005499999998,11376.099999999999,,8307.099999999999,19683.2,12125.02,,8674.220000000001,20799.239999999998,56.536072052715305,,61.11041443279505,56.53607205271529,584.47,0.0,407.01,584.47,9264.210000000001,0.0,5480.21,9264.210000000001,,,,,,,,,,,,,,0.0,0.0,21446.52,14194.34,0.0,,0.0,,0.0,,,,,,,,21446.52,14194.34
188,GUJARAT,RAJKOT,,813.229033260049,0.0,558.09,809.3926023437416,764586.5087459704,0.0,11672.315738029456,776258.8244839999,0.0,776258.8244839999,139884.31,0.0,0.0,139884.31,708.0700000000002,,0.0,708.0700000000002,2218.7,0.0,0.0,2218.7,24252.390000000003,0.0,0.0,24252.390000000003,435.39000000000004,,0.0,435.39000000000004,10422.696,,0.0,10422.696,0.0,0.0,0.0,0.0,0.0,0.0,0.0,0.0,177921.58000000002,0.0,0.0,177921.58000000002,,,,,,,,,,,,0.0,,,,0.0,,,,,,,,,,,,,,,,0.0,177921.58000000002,0.0,0.0,177921.58000000002,8896.1,0.0,0.0,8896.1,169025.48,0.0,0.0,169025.48,2596.2805104261797,,0.0,2596.2805104261797,519.8879350000001,,0.0,519.8879350000001,108251.1,,1675.5999999999997,109926.70000000001,111367.28,,1675.6,113042.88,65.88786495385193,,0.0,65.88786495385193,3273.2299999999996,0.0,0.0,3273.2299999999996,56981.25000000001,0.0,0.0,56981.25000000001,,,,,,,,,,,,,,0.0,0.0,169025.48,0.0,0.0,,0.0,,0.0,,,,,,,,169025.48,0.0
189,GUJARAT,RANA AND KUTCH,,0.0,0.0,0.0,0.0,0.0,0.0,0.0,0.0,0.0,0.0,,,,,,,,,,,,,,,,,,,,,,,,,,,,,,,,,,,,,,,,,,,,,,,,0.0,,,,0.0,,,,,,,,,,,,,,,,0.0,,,,0.0,,,,0.0,0.0,0.0,0.0,0.0,,,,0.0,,,,,,,,,,,,,,,,,0.0,0.0,0.0,0.0,0.0,0.0,0.0,0.0,,,,,,,,,,,,,,0.0,0.0,0.0,0.0,0.0,,0.0,,0.0,,,,,,,,0.0,0.0
190,GUJARAT,SABARKANTHA,,919.2909244799047,0.0,0.0,919.2909244799047,407378.4033349,0.0,0.0,407378.4033349,17542.0,424920.4033349,57339.46,0.0,0.0,57339.46,5248.400000000001,,0.0,5248.400000000001,4574.96,0.0,0.0,4574.96,9318.55,0.0,0.0,9318.55,385.78,,0.0,385.78,8279.064,,0.0,8279.064,,,,,,,,,85146.19000000002,0.0,0.0,85146.19000000002,,,,,,,,,,,,0.0,,,,0.0,,,,,,,,,,,,,,,,0.0,85146.19000000002,0.0,0.0,85146.19000000002,8514.650000000001,0.0,0.0,8514.650000000001,76631.54,0.0,0.0,76631.54,2083.8150115227677,,,2083.8150115227677,271.5216500000001,,,271.5216500000001,55362.62,,,55362.62,57717.979999999996,,,57717.979999999996,75.3188308625926,,,75.3188308625926,2764.8399999999997,0.0,0.0,2764.8399999999997,20373.0,0.0,0.0,20373.0,,,,,,,,,,,,,,0.0,0.0,76631.54,0.0,0.0,,0.0,,0.0,,,,,,,,76631.54,0.0
191,GUJARAT,SURAT,,1579.3955917259693,0.0,1278.636530015379,1551.1879835455604,381733.0653565435,0.0,39507.31723355656,421240.38259010005,342.0,421582.38259010005,96747.79000000001,0.0,8958.45,105706.24,10035.31,,0.0,10035.31,28712.0,0.0,0.0,28712.0,9888.970000000001,0.0,631.51,10520.48,359.21999999999997,,84.17,443.38999999999993,595.7639999999999,,2.76,598.5239999999999,0.0,0.0,0.0,0.0,0.0,0.0,0.0,0.0,146339.03,0.0,9676.890000000001,156015.91999999998,,,,,,,,,,,,0.0,,,,0.0,,,,,,,,,,,,,,,,0.0,146339.03,0.0,9676.890000000001,156015.91999999998,11590.66,0.0,690.59,12281.25,134748.37,0.0,8986.3,143734.66999999998,19560.118748387526,,176.18042391025892,19736.299172297782,3077.6809540000004,,0.0,3077.6809540000004,34099.899999999994,,2177.6000000000004,36277.5,56737.689999999995,,2353.79,59091.48,42.106401732354904,,26.193093931874078,42.10640173235491,32629.94,0.0,300.02000000000004,32629.94,78135.46,0.0,6508.67,78135.46,,,,,,,,,,,,,,0.0,0.0,134748.37,8986.3,0.0,,0.0,,0.0,,,,,,,,134748.37,8986.3
192,GUJARAT,SURENDRANAGAR,,612.2503187773877,0.0,601.9395104838145,606.8768025894974,444181.2525799377,0.0,483425.9549578622,927607.2075378,0.0,927607.2075378,61098.130000000005,0.0,43392.479999999996,104490.61,224.86999999999998,,107060.44,107285.31,7886.83,0.0,0.0,7886.83,6689.129999999999,0.0,4971.4800000000005,11660.61,85.07000000000001,,51.050000000000004,136.11999999999998,4407.352,,549.716,4957.067999999999,,,,,,,,,80391.39,0.0,156025.17,236416.56,,,,,,,,,,,,0.0,,,,0.0,,,,,,,,,,,,,,,,0.0,80391.39,0.0,156025.17,236416.56,4711.58,0.0,14270.65,18982.23,75679.81000000001,0.0,141754.51999999996,217434.33,1292.529175694963,,1567.889867699059,2860.419043394023,116.45847000000003,,0.0,116.45847000000003,37760.600000000006,,23769.600000000002,61530.20000000001,39169.560000000005,,25337.500000000004,64507.060000000005,51.7569481213021,,17.874209584286984,51.75694812130208,1550.81,0.0,1881.2,1550.81,36251.96,0.0,117509.99999999999,36251.96,,,,,,,,,,,,,,0.0,0.0,75679.81000000001,141754.52,0.0,,0.0,,0.0,,,,,,,,75679.81000000001,141754.52
193,GUJARAT,TAPI,,1484.2740874851677,0.0,0.0,1484.2740874851677,308550.35837279994,0.0,0.0,308550.35837279994,10022.0,318572.35837279994,54150.3,0.0,0.0,54150.3,3073.2699999999995,,0.0,3073.2699999999995,11567.470000000001,0.0,0.0,11567.470000000001,7307.610000000001,0.0,0.0,7307.610000000001,165.51,,0.0,165.51,950.6319999999998,,0.0,950.6319999999998,,,,,,,,,77214.78,0.0,0.0,77214.78,,,,,,,,,,,,0.0,,,,0.0,,,,,,,,,,,,,,,,0.0,77214.78,0.0,0.0,77214.78,5979.51,0.0,0.0,5979.51,71235.26999999999,0.0,0.0,71235.26999999999,509.9787807619914,,,509.9787807619914,61.22525500000001,,,61.22525500000001,25850.3,,,25850.3,26421.49,,,26421.49,37.09046094722461,,,37.09046094722461,973.55,0.0,0.0,973.55,44350.20999999999,0.0,0.0,44350.20999999999,,,,,,,,,,,,,,0.0,0.0,71235.26999999999,0.0,0.0,,0.0,,0.0,,,,,,,,71235.26999999999,0.0
194,GUJARAT,VADODARA,,897.5771420857637,0.0,0.0,897.5771420857637,406398.8860795999,0.0,0.0,406398.8860795999,0.0,406398.8860795999,62890.83999999999,0.0,0.0,62890.83999999999,5850.129999999999,,20771.75,26621.879999999997,13758.64,0.0,0.0,13758.64,16437.94,0.0,0.0,16437.94,828.7200000000001,,0.0,828.7200000000001,7573.9039999999995,,0.0,7573.9039999999995,0.0,0.0,0.0,0.0,0.0,0.0,0.0,0.0,107340.16,0.0,20771.75,128111.91,,,,,,,,,,,,0.0,,,,0.0,,,,,,,,,,,,,,,,0.0,107340.16,0.0,20771.75,128111.91,5989.85,0.0,2077.18,8067.030000000001,101350.31000000001,0.0,18694.57,120044.87999999999,6680.572269126986,,,6680.572269126986,2380.73818,,,2380.73818,58365.0,,,58365.0,67426.32,,,67426.32,66.52798595287966,,,66.52798595287967,7852.58,0.0,0.0,7852.58,33976.38999999999,0.0,18694.57,33976.38999999999,,,,,,,,,,,,,,0.0,0.0,101350.31000000001,18694.57,0.0,,0.0,,0.0,,,,,,,,101350.31000000001,18694.57
195,GUJARAT,VALSAD,,2487.498485634224,0.0,0.0,2487.498485634224,238387.728139,0.0,0.0,238387.728139,62509.0,300896.728139,56360.68,0.0,0.0,56360.68,594.49,,0.0,594.49,12526.14,0.0,0.0,12526.14,4435.07,0.0,0.0,4435.07,182.74,,11.17,193.91000000000003,3008.7799999999997,,0.0,3008.7799999999997,,,,,,,,,77107.92,0.0,11.17,77119.09,,,,,,,,,,,,0.0,,,,0.0,,,,,,,,,,,,,,,,0.0,77107.92,0.0,11.17,77119.09,7710.800000000001,0.0,1.12,7711.92,69397.12,0.0,10.05,69407.17,4441.5592361916915,,,4441.5592361916915,717.8849409999999,,,717.8849409999999,16558.1,,,16558.1,21717.54,,,21717.54,31.294583982735887,,,31.294583982735887,5656.4800000000005,0.0,0.0,5656.4800000000005,46464.66,0.0,10.05,46464.66,,,,,,,,,,,,,,0.0,0.0,69397.12,10.05,0.0,,0.0,,0.0,,,,,,,,69397.12,10.05
196,HARYANA,AMBALA,,1065.56151208585,0.0,0.0,1065.56151208585,150904.89216542628,0.0,0.0,150904.89216542628,300.0,151204.89216542628,27696.169999999995,0.0,0.0,27696.169999999995,1396.9099999999999,,0.0,1396.9099999999999,2383.64394733813,0.0,0.0,2383.65,11271.01,0.0,0.0,11271.01,273.99,,,273.99,26.156,,,26.156,,,,,,,,,43047.91,0.0,0.0,43047.91,,,,,,,,,,,,0.0,,,,0.0,0.0,0.0,0.0,0.0,0.0,0.0,0.0,0.0,0.0,0.0,0.0,0.0,0.0,0.0,0.0,0.0,43047.91,0.0,0.0,43047.91,4304.8099999999995,0.0,0.0,4304.8099999999995,38743.100000000006,0.0,0.0,38743.100000000006,7008.68,,,7008.68,7575.0,,,7575.0,35843.79,,,35843.79,50427.469999999994,,,50427.469999999994,130.15858307672846,,,130.15858307672846,7008.68,0.0,0.0,7008.68,729.73,0.0,0.0,729.73,,,,,,,30.974999999999998,0.0,0.0,,,,,0.0,0.0,38743.100000000006,0.0,0.0,,0.0,,0.0,,,,,,,,38743.100000000006,0.0
197,HARYANA,BHIWANI,,426.2299999999999,0.0,0.0,346.86997112045,267495.394498802,0.0,61200.0,328695.394498802,1032.0,329727.394498802,17416.96,0.0,0.0,17416.96,3599.56,,0.0,3599.56,9006.064475399973,0.0,0.0,9006.06,13289.81,0.0,0.0,13289.81,115.30000000000001,,,115.30000000000001,0.0,,,0.0,,,,,,,,,43427.689999999995,0.0,0.0,43427.689999999995,,,,,,,,,,,,0.0,,,,0.0,0.0,0.0,0.0,0.0,0.0,0.0,0.0,0.0,0.0,0.0,0.0,0.0,0.0,0.0,0.0,0.0,43427.689999999995,0.0,0.0,43427.689999999995,4342.77,0.0,0.0,4342.77,39084.92,0.0,0.0,39084.92,2047.6,,0.0,2047.6,1993.2,,0.0,1993.2,39303.23,,14219.400000000001,53522.630000000005,43344.03,,14219.400000000001,57563.43,110.89706720648272,,0.0,110.89706720648272,2047.6,0.0,0.0,2047.6,7146.400000000001,0.0,0.0,7146.400000000001,,,,,,,2051.27125,0.0,0.0,,,,,0.0,0.0,39084.92,0.0,0.0,,0.0,,0.0,,,,,,,,39084.92,0.0
198,HARYANA,CHARKHI DADRI,,434.2424178503247,0.0,0.0,425.2986392635403,134335.6886869746,0.0,2825.0,137160.6886869746,189.0,137349.6886869746,9656.579999999998,0.0,0.0,9656.579999999998,179.35,,0.0,179.35,1732.977988727391,0.0,0.0,1732.98,7303.34,0.0,0.0,7303.34,267.93999999999994,,,267.93999999999994,0.0,,,0.0,,,,,,,,,19140.19,0.0,0.0,19140.19,,,,,,,,,,,,0.0,,,,0.0,0.0,0.0,0.0,0.0,0.0,0.0,0.0,0.0,0.0,0.0,0.0,0.0,0.0,0.0,0.0,0.0,19140.19,0.0,0.0,19140.19,1721.0499999999997,0.0,0.0,1721.0499999999997,17419.14,0.0,0.0,17419.14,1253.5,,0.0,1253.5,28.0,,0.0,28.0,23033.780000000002,,1868.1299999999999,24901.91,24315.28,,1868.13,26183.41,139.58944012161334,,0.0,139.58944012161334,1267.95,0.0,0.0,1267.95,3851.3599999999997,0.0,0.0,3851.3599999999997,,,,,,,9790.5,0.0,0.0,,,,,0.0,0.0,17419.14,0.0,0.0,,0.0,,0.0,,,,,,,,17419.14,0.0
199,HARYANA,FARIDABAD,,683.2010658368391,0.0,0.0,601.5438395675418,57725.4180947312,0.0,7836.0,65561.4180947312,8717.0,74278.4180947312,7347.780000000001,0.0,0.0,7347.780000000001,757.6800000000001,,,757.6800000000001,1875.1958676675827,0.0,0.0,1875.19,4600.78,0.0,0.0,4600.78,75.78999999999999,,,75.78999999999999,295.176,,,295.176,0.0,0.0,0.0,0.0,0.0,0.0,0.0,0.0,14952.380000000001,0.0,0.0,14952.380000000001,,,,,,,,,,,,0.0,,,,0.0,0.0,0.0,0.0,0.0,0.0,0.0,0.0,0.0,0.0,0.0,0.0,0.0,0.0,0.0,0.0,0.0,14952.380000000001,0.0,0.0,14952.380000000001,1310.0,0.0,0.0,1310.0,13642.380000000001,0.0,0.0,13642.380000000001,4449.75,,0.0,4449.75,5160.0,,0.0,5160.0,14315.625,,998.4000000000001,15314.025000000001,23925.38,,998.4000000000001,24923.780000000002,175.37541103531788,,0.0,175.37541103531788,4502.75,0.0,0.0,4502.75,431.67,0.0,0.0,431.67,,,,,,,0.0,0.0,0.0,,,,,0.0,0.0,13642.380000000001,0.0,0.0,,0.0,,0.0,,,,,,,,13642.380000000001,0.0
200,HARYANA,FATEHABAD,,298.3672284630935,0.0,0.0,297.5850129392251,251850.3820935636,0.0,662.0,252512.3820935636,0.0,252512.3820935636,15079.310000000001,0.0,0.0,15079.310000000001,7480.07,,,7480.07,8987.010255208865,0.0,0.0,8987.01,33835.6,0.0,0.0,33835.6,333.53999999999996,,,333.53999999999996,88.71999999999998,,,88.71999999999998,,,,,,,,,65804.25,0.0,0.0,65804.25,,,,,,,,,,,,0.0,,,,0.0,0.0,0.0,0.0,0.0,0.0,0.0,0.0,0.0,0.0,0.0,0.0,0.0,0.0,0.0,0.0,0.0,65804.25,0.0,0.0,65804.25,6580.43,0.0,0.0,6580.43,59223.82,0.0,0.0,59223.82,2002.1399999999999,,0.0,2002.1399999999999,98.19999999999999,,0.0,98.19999999999999,103258.33799999999,,0.0,103258.33799999999,105358.68,,0.0,105358.68,177.8991628706152,,0.0,177.8991628706152,2002.1399999999999,0.0,0.0,2002.1399999999999,953.75,0.0,0.0,953.75,,,,,,,4700.43,0.0,0.0,,,,,0.0,0.0,59223.82,0.0,0.0,,0.0,,0.0,,,,,,,,59223.82,0.0
201,HARYANA,GURGAON,,564.7243768788898,0.0,0.0,559.4903868972614,121112.69042921941,0.0,1133.0,122245.69042921941,3789.0,126034.69042921941,12773.800000000001,0.0,0.0,12773.800000000001,227.87,,0.0,227.87,2640.3500000000004,0.0,0.0,2640.3500000000004,6866.860000000001,0.0,0.0,6866.860000000001,204.2,,,204.2,2372.64,0.0,,2372.64,15.8619241725,0.0,0.0,15.8619241725,0.0,0.0,0.0,0.0,25101.590000000004,0.0,0.0,25101.590000000004,,,,,,,,,0.0,0.0,0.0,0.0,,,,0.0,0.0,0.0,0.0,0.0,0.0,0.0,0.0,0.0,0.0,0.0,0.0,0.0,0.0,0.0,0.0,0.0,25101.590000000004,0.0,0.0,25101.590000000004,2510.1600000000003,0.0,0.0,2510.1600000000003,22591.43,0.0,0.0,22591.43,5191.761,,0.0,5191.761,17142.51,,0.0,17142.51,21627.7,,0.0,21627.7,43961.990000000005,,0.0,43961.990000000005,194.59587108916966,,0.0,194.59587108916966,5191.76,0.0,0.0,5191.76,0.0,0.0,0.0,0.0,,,,,,,0.0,0.0,0.0,,,,,0.0,0.0,22591.43,0.0,0.0,,0.0,,0.0,,,,,,,,22591.43,0.0
202,HARYANA,HISAR,,476.37679256437633,0.0,0.0,475.57138980349094,406838.29692163103,0.0,689.0,407527.29692163103,0.0,407527.29692163103,36241.5,0.0,0.0,36241.5,4235.74,,0.0,4235.74,15181.712158802378,0.0,0.0,15181.710000000001,14959.800000000001,0.0,0.0,14959.800000000001,1133.4,,,1133.4,0.0,,,0.0,,,,,,,,,71752.13999999998,0.0,0.0,71752.13999999998,,,,,,,,,,,,0.0,,,,0.0,0.0,0.0,0.0,0.0,0.0,0.0,0.0,0.0,0.0,0.0,0.0,0.0,0.0,0.0,0.0,0.0,71752.13999999998,0.0,0.0,71752.13999999998,5666.429999999999,0.0,0.0,5666.429999999999,66085.70999999999,0.0,0.0,66085.70999999999,366.2,,0.0,366.2,230.22,,0.0,230.22,47455.67999999999,,3617.25,51072.92999999999,48052.1,,3617.25,51669.35,72.71178595191003,,0.0,72.71178595191003,366.2,0.0,0.0,366.2,24896.640000000003,0.0,0.0,24896.640000000003,,,,,,,0.0,0.0,0.0,,,,,0.0,0.0,66085.71,0.0,0.0,,0.0,,0.0,,,,,,,,66085.71,0.0
203,HARYANA,JHAJJAR,,584.3868914069483,0.0,0.0,464.15043626548663,153659.7872401574,0.0,39805.0,193464.78724015743,0.0,193464.78724015743,17007.24,0.0,0.0,17007.24,4029.18,,0.0,4029.18,20402.468844928888,0.0,0.0,20402.48,6978.259999999999,0.0,0.0,6978.259999999999,857.18,,,857.18,489.325,0.0,0.0,489.325,,,,,,,,,49763.68,0.0,0.0,49763.68,,,,,,,,,,,,0.0,,,,0.0,0.0,0.0,0.0,0.0,0.0,0.0,0.0,0.0,0.0,0.0,0.0,0.0,0.0,0.0,0.0,0.0,49763.68,0.0,0.0,49763.68,4075.2999999999997,0.0,0.0,4075.2999999999997,45688.38,0.0,0.0,45688.38,450.63000000000005,,0.0,450.63000000000005,115.0,,0.0,115.0,22095.519999999997,,702.0,22797.519999999997,22661.149999999998,,702.0,23363.149999999998,49.599372969669744,,0.0,49.599372969669744,450.63,0.0,0.0,450.63,23027.23,0.0,0.0,23027.23,,,,,,,30039.72,0.0,0.0,,,,,0.0,0.0,45688.38,0.0,0.0,,0.0,,0.0,,,,,,,,45688.38,0.0
204,HARYANA,JIND,,439.08641407123616,0.0,0.0,395.7532156369933,247942.8251800258,0.0,27148.625,275091.4501800258,0.0,275091.4501800258,19507.89,0.0,0.0,19507.89,7890.68,,0.0,7890.68,22216.315954274305,0.0,0.0,22216.33,24376.880000000005,0.0,0.0,24376.880000000005,1031.1699999999998,,,1031.1699999999998,804.114,,,804.114,,,,,,,,,75827.05,0.0,0.0,75827.05,,,,,,,,,,,,0.0,,,,0.0,0.0,0.0,0.0,0.0,0.0,0.0,0.0,0.0,0.0,0.0,0.0,0.0,0.0,0.0,0.0,0.0,75827.05,0.0,0.0,75827.05,7582.7,0.0,0.0,7582.7,68244.35,0.0,0.0,68244.35,1474.8000000000002,,0.0,1474.8000000000002,810.3080000000001,,0.0,810.3080000000001,77049.02,,10799.68,87848.7,79334.12,,10799.68,90133.79999999999,116.25009249849987,,0.0,116.25009249849987,2556.86,0.0,0.0,2556.86,3754.3499999999995,0.0,0.0,3754.3499999999995,,,,,,,9548.0221626,0.0,0.0,,,,,0.0,0.0,68244.35,0.0,0.0,,0.0,,0.0,,,,,,,,68244.35,0.0
205,HARYANA,KAITHAL,,493.4044820655019,0.0,0.0,483.5500243526243,222872.1533544723,0.0,4542.0,227414.1533544723,0.0,227414.1533544723,18591.27,0.0,0.0,18591.27,154.84,,0.0,154.84,2368.0161298502217,0.0,0.0,2368.03,24833.92,0.0,0.0,24833.92,542.3499999999999,,,542.3499999999999,0.0,,,0.0,,,,,,,,,46490.409999999996,0.0,0.0,46490.409999999996,,,,,,,,,,,,0.0,,,,0.0,0.0,0.0,0.0,0.0,0.0,0.0,0.0,0.0,0.0,0.0,0.0,0.0,0.0,0.0,0.0,0.0,46490.409999999996,0.0,0.0,46490.409999999996,4649.04,0.0,0.0,4649.04,41841.37,0.0,0.0,41841.37,3400.8920000000003,,0.0,3400.8920000000003,633.75,,0.0,633.75,78374.455,,0.0,78374.455,82409.09,,0.0,82409.09,196.95600311366474,,0.0,196.95600311366474,3893.3199999999997,0.0,0.0,3893.3199999999997,0.0,0.0,0.0,0.0,,,,,,,0.0,0.0,0.0,,,,,0.0,0.0,41841.37,0.0,54579.41,,2902918.26,,2957497.6799999997,,,,,,,,41841.37,0.0
206,HARYANA,KARNAL,,649.836791411872,0.0,0.0,649.3475430335177,246865.69919867272,0.0,186.0,247051.69919867272,0.0,247051.69919867272,32751.880000000005,0.0,0.0,32751.880000000005,20768.079999999998,,0.0,20768.079999999998,1380.4261723507173,0.0,0.0,1380.4199999999998,62301.43000000001,0.0,0.0,62301.43000000001,505.38,,,505.38,0.0,0.0,0.0,0.0,,,,,,,,,117707.18999999999,0.0,0.0,117707.18999999999,,,,,,,,,,,,0.0,,,,0.0,0.0,0.0,0.0,0.0,0.0,0.0,0.0,0.0,0.0,0.0,0.0,0.0,0.0,0.0,0.0,0.0,117707.18999999999,0.0,0.0,117707.18999999999,11770.730000000001,0.0,0.0,11770.730000000001,105936.45999999999,0.0,0.0,105936.45999999999,8227.47,,0.0,8227.47,3292.4,,0.0,3292.4,172316.9585,,0.0,172316.9585,183836.83,,0.0,183836.83,173.5349944674383,,0.0,173.5349944674383,8227.470000000001,0.0,0.0,8227.470000000001,0.0,0.0,0.0,0.0,,,,,,,0.0,0.0,0.0,,,,,0.0,0.0,105936.45999999999,0.0,95686.98,,3660026.9699999997,,3755713.99,,,,,,,,105936.45999999999,0.0
207,HARYANA,KURUKSHETRA,,624.2399999999999,0.0,0.0,624.2399999999999,168420.28138039692,0.0,0.0,168420.28138039692,0.0,168420.28138039692,19521.2,0.0,0.0,19521.2,71.6,,0.0,71.6,360.93742745109114,0.0,0.0,360.94,21478.58,0.0,0.0,21478.58,391.34000000000003,,,391.34000000000003,0.0,,,0.0,,,,,,,,,41823.66,0.0,0.0,41823.66,,,,,,,,,,,,0.0,,,,0.0,0.0,0.0,0.0,0.0,0.0,0.0,0.0,0.0,0.0,0.0,0.0,0.0,0.0,0.0,0.0,0.0,41823.66,0.0,0.0,41823.66,3972.9900000000002,0.0,0.0,3972.9900000000002,37850.67,0.0,0.0,37850.67,4220.0,,,4220.0,12575.879999999997,,,12575.879999999997,68570.885,,,68570.885,85366.76,,,85366.76,225.5356642299859,,,225.5356642299859,4220.0,0.0,0.0,4220.0,0.0,0.0,0.0,0.0,,,,,,,0.0,0.0,0.0,,,,,0.0,0.0,37850.67,0.0,0.0,,0.0,,0.0,,,,,,,,37850.67,0.0
208,HARYANA,MAHENDRAGARH,,338.64685533912075,0.0,0.0,332.91527126166005,188541.7636574411,0.0,3246.0,191787.7636574411,2295.0,194082.7636574411,10182.880000000001,0.0,0.0,10182.880000000001,541.54,,0.0,541.54,3830.1136859999992,0.0,0.0,3830.09,7028.1900000000005,0.0,0.0,7028.1900000000005,224.02000000000004,,,224.02000000000004,200.4,0.0,,200.4,,,,,,,,,22007.119999999995,0.0,0.0,22007.119999999995,,,,,,,,,,,,0.0,,,,0.0,0.0,0.0,0.0,0.0,0.0,0.0,0.0,0.0,0.0,0.0,0.0,0.0,0.0,0.0,0.0,0.0,22007.119999999995,0.0,0.0,22007.119999999995,2200.7400000000002,0.0,0.0,2200.7400000000002,19806.379999999997,0.0,0.0,19806.379999999997,4977.119999999999,,0.0,4977.119999999999,31.08,,0.0,31.08,26058.840000000004,,0.0,26058.840000000004,31067.039999999997,,0.0,31067.039999999997,156.85370067624675,,0.0,156.85370067624675,4977.119999999999,0.0,0.0,4977.119999999999,0.0,0.0,0.0,0.0,,,,,,,0.0,0.0,0.0,,,,,0.0,0.0,19806.379999999997,0.0,0.0,,0.0,,0.0,,,,,,,,19806.379999999997,0.0
209,HARYANA,MEWAT,,537.9379164138426,0.0,0.0,434.97601244936635,110702.22083456958,0.0,26204.0,136906.22083456957,13326.0,150232.22083456957,9519.43,0.0,0.0,9519.43,1690.1699999999998,,0.0,1690.1699999999998,1754.400671034803,0.0,0.0,1754.3899999999999,3326.33,0.0,0.0,3326.33,1518.8599999999997,,,1518.8599999999997,1467.468,0.0,,1467.468,,,,,,,,,19276.64,0.0,0.0,19276.64,,,,,,,,,,,,0.0,,,,0.0,0.0,0.0,0.0,0.0,0.0,0.0,0.0,0.0,0.0,0.0,0.0,0.0,0.0,0.0,0.0,0.0,19276.64,0.0,0.0,19276.64,1859.5800000000002,0.0,0.0,1859.5800000000002,17417.06,0.0,0.0,17417.06,2078.9800000000005,,0.0,2078.9800000000005,23.529999999999998,,0.0,23.529999999999998,10492.3186964,,3714.96,14207.278696399999,12594.829999999998,,3714.96,16309.79,72.31318029564116,,0.0,72.31318029564117,2078.9800000000005,0.0,0.0,2078.9800000000005,5453.970000000001,0.0,0.0,5453.970000000001,,,,,,,9531.85,0.0,0.0,,,,,0.0,0.0,17417.06,0.0,0.0,,0.0,,0.0,,,,,,,,17417.06,0.0
210,HARYANA,PALWAL,,499.74629213654384,0.0,0.0,441.5911527600985,120020.1707942799,0.0,15806.0,135826.1707942799,129.0,135955.1707942799,10651.529999999999,0.0,0.0,10651.529999999999,13146.349999999999,,0.0,13146.349999999999,9102.10820808632,0.0,0.0,9102.11,10703.45,0.0,0.0,10703.45,500.45000000000005,,,500.45000000000005,121.716,,,121.716,,,,,,,,,44225.600000000006,0.0,0.0,44225.600000000006,,,,,,,,,,,,0.0,,,,0.0,0.0,0.0,0.0,0.0,0.0,0.0,0.0,0.0,0.0,0.0,0.0,0.0,0.0,0.0,0.0,0.0,44225.600000000006,0.0,0.0,44225.600000000006,3838.25,0.0,0.0,3838.25,40387.350000000006,0.0,0.0,40387.350000000006,2282.83,,0.0,2282.83,732.5,,0.0,732.5,34136.58,,0.0,34136.58,37151.91,,0.0,37151.91,91.98897674643175,,0.0,91.98897674643175,2282.83,0.0,0.0,2282.83,7188.23,0.0,0.0,7188.23,,,,,,,5885.049999999999,0.0,0.0,,,,,0.0,0.0,40387.350000000006,0.0,0.0,,2200560.0,,2200560.0,,,,,,,,40387.350000000006,0.0
211,HARYANA,PANCHKULA,,1379.0,0.0,0.0,1379.0,50671.513058537996,0.0,0.0,50671.513058537996,37615.240000000005,88286.75305853799,12272.880000000001,0.0,0.0,12272.880000000001,0.0,,0.0,0.0,0.0,0.0,0.0,0.0,2257.89,0.0,0.0,2257.89,50.919999999999995,,,50.919999999999995,0.0,,,0.0,,,,,,,,,14581.690000000002,0.0,0.0,14581.690000000002,,,,,,,,,,,,0.0,,,,0.0,0.0,0.0,0.0,0.0,0.0,0.0,0.0,0.0,0.0,0.0,0.0,0.0,0.0,0.0,0.0,0.0,14581.690000000002,0.0,0.0,14581.690000000002,1135.69,0.0,0.0,1135.69,13446.0,0.0,0.0,13446.0,1143.1799999999998,,,1143.1799999999998,90.0,,,90.0,7111.49,,,7111.49,8344.67,,,8344.67,62.060612821657,,,62.060612821657,1143.1799999999998,0.0,0.0,1143.1799999999998,5101.33,0.0,0.0,5101.33,,,,,,,2.925,0.0,0.0,,,,,0.0,0.0,13446.0,0.0,0.0,,0.0,,0.0,,,,,,,,13446.0,0.0
212,HARYANA,PANIPAT,,481.2604140283553,0.0,0.0,478.9108773217666,129637.18214,0.0,636.0,130273.18214,0.0,130273.18214,12876.31,0.0,0.0,12876.31,2259.62,,,2259.62,2111.4404270383716,0.0,0.0,2111.44,34965.77,0.0,0.0,34965.77,335.59000000000003,,,335.59000000000003,73.76,,,73.76,,,,,,,,,52622.49,0.0,0.0,52622.49,,,,,,,,,,,,0.0,,,,0.0,0.0,0.0,0.0,0.0,0.0,0.0,0.0,0.0,0.0,0.0,0.0,0.0,0.0,0.0,0.0,0.0,52622.49,0.0,0.0,52622.49,5262.24,0.0,0.0,5262.24,47360.25,0.0,0.0,47360.25,2501.1800000000003,,0.0,2501.1800000000003,2016.0,,0.0,2016.0,98651.3225,,1605.12,100256.44249999999,103168.5,,1605.12,104773.62000000001,217.83774367745102,,0.0,217.83774367745104,2501.18,0.0,0.0,2501.18,0.0,0.0,0.0,0.0,,,,,,,0.0,0.0,0.0,,,,,0.0,0.0,47360.25,0.0,0.0,,0.0,,0.0,,,,,,,,47360.25,0.0
213,HARYANA,REWARI,,550.0000000000001,0.0,0.0,541.9099833499162,144017.8079473088,0.0,2150.0,146167.8079473088,4720.0,150887.8079473088,13429.640000000001,0.0,0.0,13429.640000000001,413.06000000000006,,0.0,413.06000000000006,5326.391035291237,0.0,0.0,5326.379999999999,9179.88,0.0,0.0,9179.88,283.53,,,283.53,180.6,0.0,,180.6,,,,,,,,,28813.100000000002,0.0,0.0,28813.100000000002,,,,,,,,,,,,0.0,,,,0.0,0.0,0.0,0.0,0.0,0.0,0.0,0.0,0.0,0.0,0.0,0.0,0.0,0.0,0.0,0.0,0.0,28813.100000000002,0.0,0.0,28813.100000000002,2330.37,0.0,0.0,2330.37,26482.73,0.0,0.0,26482.73,2224.8199999999997,,0.0,2224.8199999999997,1452.0,,0.0,1452.0,31590.680000000004,,110.4,31701.08,35267.5,,110.4,35377.899999999994,133.17169340169988,,0.0,133.17169340169988,2224.8199999999997,0.0,0.0,2224.8199999999997,147.02,0.0,0.0,147.02,,,,,,,0.0,0.0,0.0,,,,,0.0,0.0,26482.73,0.0,0.0,,0.0,,0.0,,,,,,,,26482.73,0.0
214,HARYANA,ROHTAK,,494.53289230410473,0.0,0.0,445.5913320124954,150389.1085271402,0.0,16518.0,166907.10852714023,0.0,166907.10852714023,15522.989999999998,0.0,0.0,15522.989999999998,2967.35,,0.0,2967.35,10456.036683791437,0.0,0.0,10456.029999999999,4901.51,0.0,0.0,4901.51,527.06,,,527.06,2184.0,,,2184.0,,,,,,,,,36558.95,0.0,0.0,36558.95,,,,,,,,,,,,0.0,,,,0.0,0.0,0.0,0.0,0.0,0.0,0.0,0.0,0.0,0.0,0.0,0.0,0.0,0.0,0.0,0.0,0.0,36558.95,0.0,0.0,36558.95,3655.9000000000005,0.0,0.0,3655.9000000000005,32903.05,0.0,0.0,32903.05,553.75,,0.0,553.75,166.06,,0.0,166.06,15335.06,,6568.6,21903.66,16054.869999999999,,6568.6,22623.47,48.794473460667014,,0.0,48.79447346066702,553.75,0.0,0.0,553.75,16848.18,0.0,0.0,16848.18,,,,,,,20023.89,0.0,0.0,,,,,0.0,0.0,32903.049999999996,0.0,0.0,,0.0,,0.0,,,,,,,,32903.049999999996,0.0
215,HARYANA,SIRSA,,343.99,0.0,0.0,283.6553849385974,352099.7477581738,0.0,74893.0,426992.7477581738,0.0,426992.7477581738,22113.57,0.0,0.0,22113.57,2403.63,,0.0,2403.63,11625.282599356202,0.0,0.0,11625.28,29898.53,0.0,0.0,29898.53,532.1800000000001,,,532.1800000000001,12.12,,,12.12,,,,,,,,,66585.31,0.0,0.0,66585.31,,,,,,,,,,,,0.0,,,,0.0,0.0,0.0,0.0,0.0,0.0,0.0,0.0,0.0,0.0,0.0,0.0,0.0,0.0,0.0,0.0,0.0,66585.31,0.0,0.0,66585.31,5710.8,0.0,0.0,5710.8,60874.509999999995,0.0,0.0,60874.509999999995,2346.38,,0.0,2346.38,266.07,,0.0,266.07,94616.36,,54049.11,148665.47,97228.81,,54049.11,151277.91999999998,159.7200700260257,,0.0,159.72007002602567,2346.38,0.0,0.0,2346.38,3039.55,0.0,0.0,3039.55,,,,,,,2607.24,0.0,0.0,,,,,0.0,0.0,60874.51,0.0,0.0,,0.0,,0.0,,,,,,,,60874.51,0.0
216,HARYANA,SONIPAT,,488.23066790377464,0.0,0.0,451.83555990514344,199641.3264966241,0.0,16081.0,215722.3264966241,0.0,215722.3264966241,19255.53,0.0,0.0,19255.53,7558.030000000001,,0.0,7558.030000000001,23486.84242099309,0.0,0.0,23486.840000000004,18064.559999999998,0.0,0.0,18064.559999999998,688.4599999999999,,,688.4599999999999,39.120000000000005,,,39.120000000000005,,,,,,,,,69092.53,0.0,0.0,69092.53,,,,,,,,,,,,0.0,,,,0.0,0.0,0.0,0.0,0.0,0.0,0.0,0.0,0.0,0.0,0.0,0.0,0.0,0.0,0.0,0.0,0.0,69092.53,0.0,0.0,69092.53,6909.26,0.0,0.0,6909.26,62183.27,0.0,0.0,62183.27,8951.354,,0.0,8951.354,939.29,,0.0,939.29,57721.2875,,1759.5,59480.7875,67611.93,,1759.5,69371.43,108.73009733968637,,0.0,108.73009733968637,8951.35,0.0,0.0,8951.35,5917.950000000001,0.0,0.0,5917.950000000001,,,,,,,6357.389999999999,0.0,0.0,,,,,0.0,0.0,62183.27,0.0,0.0,,0.0,,0.0,,,,,,,,62183.27,0.0
217,HARYANA,YAMUNA NAGAR,,900.9999999999999,0.0,0.0,900.9999999999999,143277.2635817391,0.0,0.0,143277.2635817391,28500.0,171777.2635817391,24866.27,0.0,0.0,24866.27,11768.009999999998,,0.0,11768.009999999998,2150.061389496673,0.0,0.0,2150.0699999999997,19768.47,0.0,0.0,19768.47,225.48000000000002,,,225.48000000000002,0.0,,,0.0,,,,,,,,,58778.299999999996,0.0,0.0,58778.299999999996,,,,,,,,,,,,0.0,,,,0.0,0.0,0.0,0.0,0.0,0.0,0.0,0.0,0.0,0.0,0.0,0.0,0.0,0.0,0.0,0.0,0.0,58778.299999999996,0.0,0.0,58778.299999999996,5877.820000000001,0.0,0.0,5877.820000000001,52900.48000000001,0.0,0.0,52900.48000000001,5072.96,,,5072.96,2340.0,,,2340.0,63043.93999999999,,,63043.93999999999,70456.9,,,70456.9,133.1876383730355,,,133.1876383730355,5072.96,0.0,0.0,5072.96,2761.0600000000004,0.0,0.0,2761.0600000000004,,,,,,,33.9,0.0,0.0,,,,,0.0,0.0,52900.48,0.0,0.0,,0.0,,0.0,,,,,,,,52900.48,0.0
218,HIMACHAL PRADESH,BLS,,,,,,0.0,,,,,,,,,,,,,,,,,,,,,,,,,,,,,,,,,,,,,,,,,,,,,,,,,,,,,,,,,,,,,,,,,,,,,,,,,,,,,,,,,,,,,,,,,,,,,,,,,,,,,,,,,,,,,0.0,,,,,,,,,,,,,,,,,,,,,,,,,,,,,,0.0,0.0,,,,
219,HIMACHAL PRADESH,CHM,,,,,,0.0,,,,,,,,,,,,,,,,,,,,,,,,,,,,,,,,,,,,,,,,,,,,,,,,,,,,,,,,,,,,,,,,,,,,,,,,,,,,,,,,,,,,,,,,,,,,,,,,,,,,,,,,,,,,,0.0,,,,,,,,,,,,,,,,,,,,,,,,,,,,,,0.0,0.0,,,,
220,HIMACHAL PRADESH,HMP,,,,,,0.0,,,,,,,,,,,,,,,,,,,,,,,,,,,,,,,,,,,,,,,,,,,,,,,,,,,,,,,,,,,,,,,,,,,,,,,,,,,,,,,,,,,,,,,,,,,,,,,,,,,,,,,,,,,,,0.0,,,,,,,,,,,,,,,,,,,,,,,,,,,,,,0.0,0.0,,,,
221,HIMACHAL PRADESH,KIN,,,,,,0.0,,,,,,,,,,,,,,,,,,,,,,,,,,,,,,,,,,,,,,,,,,,,,,,,,,,,,,,,,,,,,,,,,,,,,,,,,,,,,,,,,,,,,,,,,,,,,,,,,,,,,,,,,,,,,0.0,,,,,,,,,,,,,,,,,,,,,,,,,,,,,,0.0,0.0,,,,
222,HIMACHAL PRADESH,KNG,,0.0,2019.8,0.0,2019.8,0.0,151867.81818207414,0.0,151867.81818207414,0.0,151867.81818207414,,38542.18,,38542.18,,0.0,,,,15986.678400000003,,15986.678400000003,,2074.2,,2074.2,,1.17,,1.17,,0.0,,0.0,,,,,,,,,,56604.23000000001,,56604.23000000001,,,,,,,,,,,,,,,,,,,,,,,,,,,,,,,,,,56604.23000000001,,56604.23000000001,,5660.429999999999,,5660.429999999999,,50943.8,,50943.8,,5830.339999999998,,5830.339999999998,,40.710000006,,40.710000006,,6551.4800000000005,,6551.4800000000005,,12422.530000000002,,12422.530000000002,,24.38477302439159,,24.38477302439159,,5830.339999999998,,5830.339999999998,,38521.27,,38521.27,,,,,,,,,,,,,,0.0,,50943.8,,,,,,,,,,,,,,50943.8,0.0
223,HIMACHAL PRADESH,KUL,,,,,,0.0,,,,,,,,,,,,,,,,,,,,,,,,,,,,,,,,,,,,,,,,,,,,,,,,,,,,,,,,,,,,,,,,,,,,,,,,,,,,,,,,,,,,,,,,,,,,,,,,,,,,,,,,,,,,,0.0,,,,,,,,,,,,,,,,,,,,,,,,,,,,,,0.0,0.0,,,,
224,HIMACHAL PRADESH,LAS,,,,,,0.0,,,,,,,,,,,,,,,,,,,,,,,,,,,,,,,,,,,,,,,,,,,,,,,,,,,,,,,,,,,,,,,,,,,,,,,,,,,,,,,,,,,,,,,,,,,,,,,,,,,,,,,,,,,,,0.0,,,,,,,,,,,,,,,,,,,,,,,,,,,,,,0.0,0.0,,,,
225,HIMACHAL PRADESH,MND,,0.0,1506.9,0.0,1506.9,0.0,15959.67687520172,0.0,15959.67687520172,0.0,15959.67687520172,,3787.669999999999,,3787.669999999999,,,,,,3846.6187200000004,,3846.6187200000004,,99.61,,99.61,,,,,,,,,,,,,,,,,,7733.889999999999,,7733.889999999999,,,,,,,,,,,,,,,,,,,,,,,,,,,,,,,,,,7733.889999999999,,7733.889999999999,,773.39,,773.39,,6960.5,,6960.5,,962.4200000000001,,962.4200000000001,,0.0,,0.0,,314.55000000000007,,314.55000000000007,,1276.97,,1276.97,,18.345952158609297,,18.345952158609297,,962.42,,962.42,,5683.53,,5683.53,,,,,,,,,,,,,,0.0,,6960.5,,,,,,,,,,,,,,6960.5,0.0
226,HIMACHAL PRADESH,SHM,,,,,,0.0,,,,,,,,,,,,,,,,,,,,,,,,,,,,,,,,,,,,,,,,,,,,,,,,,,,,,,,,,,,,,,,,,,,,,,,,,,,,,,,,,,,,,,,,,,,,,,,,,,,,,,,,,,,,,0.0,,,,,,,,,,,,,,,,,,,,,,,,,,,,,,0.0,0.0,,,,
227,HIMACHAL PRADESH,SLN,,0.0,1366.2,0.0,1366.2,0.0,32566.09590805671,0.0,32566.09590805671,0.0,32566.09590805671,,7237.329999999999,,7237.329999999999,,,,,,929.2108608,,929.2108608,,864.78,,864.78,,24.429999999999996,,24.429999999999996,,6846.888,,6846.888,,,,,,,,,,15902.630000000001,,15902.630000000001,,,,,,,,,,,,,,,,,,,,,,,,,,,,,,,,,,15902.630000000001,,15902.630000000001,,1590.26,,1590.26,,14312.369999999999,,14312.369999999999,,1250.88,,1250.88,,5953.38,,5953.38,,2730.9600000000005,,2730.9600000000005,,9935.220000000001,,9935.220000000001,,69.41701479209942,,69.41701479209942,,1250.88,,1250.88,,4377.15,,4377.15,,,,,,,,,,,,,,0.0,,14312.369999999999,,,,,,,,,,,,,,14312.369999999999,0.0
228,HIMACHAL PRADESH,SRM,,0.0,1618.3,0.0,1618.3,0.0,35259.097903433765,0.0,35259.097903433765,0.0,35259.097903433765,,10182.59,,10182.59,,0.0,,,,0.0,,0.0,,249.33,,249.33,,0.0,,0.0,,0.0,,0.0,,,,,,,,,,10431.92,,10431.92,,,,,,,,,,,,,,,,,,,,,,,,,,,,,,,,,,10431.92,,10431.92,,947.86,,947.86,,9484.060000000001,,9484.060000000001,,1127.180000008,,1127.180000008,,543.879999988,,543.879999988,,807.54,,807.54,,2478.6,,2478.6,,26.13437704949146,,26.13437704949146,,1127.18,,1127.18,,7005.46,,7005.46,,,,,,,,,,,,,,0.0,,9484.06,,,,,,,,,,,,,,9484.06,0.0
229,HIMACHAL PRADESH,UNA,,0.0,1110.7,0.0,1110.7,0.0,114476.65640571712,0.0,114476.65640571712,0.0,114476.65640571712,,14860.4,,14860.4,,0.0,,,,1318.9266372,,1318.9266372,,2827.36,,2827.36,,62.93999999999999,,62.93999999999999,,2567.408,,2567.408,,,,,,,,,,21637.029999999995,,21637.029999999995,,,,,,,,,,,,,,,,,,,,,,,,,,,,,,,,,,21637.029999999995,,21637.029999999995,,2163.7,,2163.7,,19473.329999999998,,19473.329999999998,,3519.24,,3519.24,,166.01000000000002,,166.01000000000002,,8992.39,,8992.39,,12677.64,,12677.64,,65.10257875771632,,65.10257875771632,,3519.24,,3519.24,,6795.6900000000005,,6795.6900000000005,,,,,,,,,,,,,,0.0,,19473.329999999998,,,,,,,,,,,,,,19473.329999999998,0.0
230,JAMMU AND KASHMIR,Anantnag,,967.4000000000002,967.4,0.0,967.4,27940.18,32546.320000000003,0.0,60486.50000000001,31902.370000000006,92388.87,4757.16,5541.419999999999,0.0,10298.58,0.0,,0.0,0.0,345.0,451.7799999999999,0.0,796.7799999999999,0.0,0.0,0.0,0.0,,,,,,,,,,,,,,,,,5102.160000000001,5993.200000000001,0.0,11095.36,,,,,,,,,,,,0.0,,,,0.0,,,,,,,,,,,,,,,,0.0,5102.160000000001,5993.200000000001,0.0,11095.36,510.23,599.35,0.0,1109.58,4591.93,5393.8499999999985,0.0,9985.78,652.24,1307.636,,1959.8760000000004,0.0,37.80000000000001,,37.80000000000001,168.32,200.93200000000002,,369.25200000000007,820.5800000000002,1546.3799999999997,,2366.96,17.87004592840048,28.669317834200065,,23.703306101276013,652.24,1307.6399999999999,0.0,1959.88,3771.35,3847.47,0.0,7618.82,,,,,,,,,,,,,,119125.69,0.0,129111.45999999999,0.0,0.0,,0.0,,0.0,,,,,,,,129111.45999999999,0.0
231,JAMMU AND KASHMIR,Bandipora,,0.0,774.0999999999999,0.0,774.0999999999999,0.0,33937.020000000004,0.0,33937.020000000004,17445.82,51382.84,0.0,4641.0199999999995,0.0,4641.0199999999995,0.0,,0.0,0.0,102.35,0.0,0.0,102.35,0.0,0.0,0.0,0.0,,,,,,,,,,,,,,,,,102.35,4641.0199999999995,0.0,4743.370000000001,,,,,,,,,,,,0.0,,,,0.0,,,,,,,,,,,,,,,,0.0,102.35,4641.0199999999995,0.0,4743.370000000001,7.16,464.1,0.0,471.26,95.19000000000001,4176.919999999999,0.0,4272.110000000001,,660.861,,660.861,,1.08,,1.08,,11.2036,,11.2036,,673.1400000000001,,673.1400000000001,,16.115702479338847,,15.756616753782088,0.0,660.8499999999999,0.0,660.8499999999999,95.19000000000001,3503.79,0.0,3598.98,,,,,,,,,,,,,,87381.23,0.0,91653.34000000001,0.0,0.0,,0.0,,0.0,,,,,,,,91653.34000000001,0.0
232,JAMMU AND KASHMIR,Baramulla,,0.0,920.8999999999996,0.0,920.8999999999996,0.0,57627.19000000002,0.0,57627.19000000002,64042.939999999995,121670.12999999999,0.0,9278.880000000001,0.0,9278.880000000001,0.0,,0.0,0.0,0.0,1648.7999999999995,0.0,1648.7999999999995,0.0,0.0,0.0,0.0,,,,,,,,,,,,,,,,,0.0,10927.68,0.0,10927.68,,,,,,,,,,,,0.0,,,,0.0,,,,,,,,,,,,,,,,0.0,0.0,10927.68,0.0,10927.68,0.0,1092.8000000000002,0.0,1092.8000000000002,0.0,9834.88,0.0,9834.88,,1846.3229999999999,,1846.3229999999999,,5.400000000000001,,5.400000000000001,,364.11699999999996,,364.11699999999996,,2215.84,,2215.84,,22.53042233357194,,22.53042233357194,0.0,1846.31,0.0,1846.31,0.0,7619.040000000001,0.0,7619.040000000001,,,,,,,,,,,,,,146062.49,0.0,155897.37,0.0,0.0,,0.0,,0.0,,,,,,,,155897.37,0.0
233,JAMMU AND KASHMIR,Barmulla,,0.0,0.0,0.0,0.0,0.0,0.0,0.0,0.0,0.0,0.0,0.0,0.0,0.0,0.0,0.0,,0.0,0.0,0.0,0.0,0.0,0.0,0.0,0.0,0.0,0.0,,,,,,,,,,,,,,,,,0.0,0.0,0.0,0.0,,,,,,,,,,,,0.0,,,,0.0,,,,,,,,,,,,,,,,0.0,0.0,0.0,0.0,0.0,0.0,0.0,0.0,0.0,0.0,0.0,0.0,0.0,,,,0.0,,,,0.0,,,,0.0,,,,,,,,,0.0,0.0,0.0,0.0,0.0,0.0,0.0,0.0,,,,,,,,,,,,,,0.0,0.0,0.0,0.0,0.0,,0.0,,0.0,,,,,,,,0.0,0.0
234,JAMMU AND KASHMIR,Budgam,,0.0,717.1,0.0,717.1,0.0,29168.483999999997,0.0,29168.483999999997,31614.36600000001,60782.850000000006,0.0,3681.34,0.0,3681.34,0.0,,0.0,0.0,0.0,1587.7400000000002,0.0,1587.7400000000002,0.0,0.0,0.0,0.0,,,,,,,,,,,,,,,,,0.0,5269.08,0.0,5269.08,,,,,,,,,,,,0.0,,,,0.0,,,,,,,,,,,,,,,,0.0,0.0,5269.08,0.0,5269.08,0.0,526.92,0.0,526.92,0.0,4742.160000000001,0.0,4742.160000000001,,1212.714,,1212.714,,5.400000000000001,,5.400000000000001,,106.43419999999998,,106.43419999999998,,1324.54,,1324.54,,27.931153735850323,,27.931153735850323,0.0,1212.7199999999998,0.0,1212.7199999999998,0.0,3417.620000000001,0.0,3417.620000000001,,,,,,,,,,,,,,75415.71999999999,0.0,80157.88999999998,0.0,0.0,,0.0,,0.0,,,,,,,,80157.88999999998,0.0
235,JAMMU AND KASHMIR,Doda,,0.0,1268.6999999999998,0.0,1268.6999999999998,0.0,974.99,0.0,974.99,109013.25,109988.23999999999,0.0,217.71,0.0,217.71,0.0,,0.0,0.0,0.0,822.22,0.0,822.22,0.0,0.0,0.0,0.0,,,,,,,,,,,,,,,,,0.0,1039.93,0.0,1039.93,,,,,,,,,,,,0.0,,,,0.0,,,,,,,,,,,,,,,,0.0,0.0,1039.93,0.0,1039.93,0.0,103.99,0.0,103.99,0.0,935.94,0.0,935.94,,170.325,,170.325,,5.400000000000001,,5.400000000000001,,16.8054,,16.8054,,192.51999999999998,,192.51999999999998,,20.5696946385452,,20.5696946385452,0.0,170.32,0.0,170.32,0.0,743.43,0.0,743.43,,,,,,,,,,,,,,0.0,0.0,935.94,0.0,0.0,,0.0,,0.0,,,,,,,,935.94,0.0
236,JAMMU AND KASHMIR,Ganderbal,,0.0,914.3999999999999,0.0,914.3999999999999,0.0,4098.89,0.0,4098.89,11071.689999999999,15170.58,0.0,659.6500000000001,0.0,659.6500000000001,0.0,,0.0,0.0,0.0,272.15999999999997,0.0,272.15999999999997,0.0,0.0,0.0,0.0,0.0,146.88,,146.88,,,,,,,,,,,,,0.0,1078.69,0.0,1078.69,,,,,,,,,,,,0.0,,,,0.0,,,,,,,,,,,,,,,,0.0,0.0,1078.69,0.0,1078.69,0.0,107.87,0.0,107.87,0.0,970.8200000000002,0.0,970.8200000000002,,245.268,,245.268,,10.426,,10.426,,190.4612,,190.4612,,446.15000000000003,,446.15000000000003,,45.9559959621763,,45.9559959621763,0.0,245.26999999999998,0.0,245.26999999999998,0.0,524.67,0.0,524.67,,,,,,,,,,,,,,15533.900000000001,0.0,16504.719999999998,0.0,0.0,,0.0,,0.0,,,,,,,,16504.719999999998,0.0
237,JAMMU AND KASHMIR,Jammu,,1361.1999999999998,1361.1999999999996,0.0,1361.1999999999998,59123.399999999994,110299.46,0.0,169422.86,80626.34,250049.19999999998,12893.079999999996,26108.92,0.0,39002.0,2791.5200000000004,,0.0,2791.5200000000004,3856.3799999999997,0.0,0.0,3856.3799999999997,0.0,0.0,0.0,0.0,0.0,25.78,,25.78,,,,,,,,,,,,,19540.980000000003,26134.7,0.0,45675.68,,,,,,,,,,,,0.0,,,,0.0,,,,,,,,,,,,,,,,0.0,19540.980000000003,26134.7,0.0,45675.68,1911.3700000000001,2613.48,0.0,4524.850000000001,17629.61,23521.22,0.0,41150.829999999994,4101.4259999999995,3631.3289999999997,,7732.754999999999,0.0,719.394,,719.394,3176.2206,2011.0462,,5187.266799999999,7277.66,6361.77,,13639.44,41.280890501831855,27.046938891775174,,33.14499367327464,4101.43,3631.3100000000004,0.0,7732.740000000001,10351.949999999999,17159.45,0.0,27511.4,,,,,,,,,,,,,,1171889.9899999998,0.0,1213040.8200000003,0.0,0.0,,0.0,,0.0,,,,,,,,1213040.8200000003,0.0
238,JAMMU AND KASHMIR,Kathua,,1871.7,1871.7000000000003,0.0,1871.6999999999998,21110.07,61799.299999999996,0.0,82909.37000000001,164903.15000000002,247812.52000000002,7461.859999999999,22499.78,0.0,29961.64,0.0,,0.0,0.0,2862.3599999999997,1197.8999999999999,0.0,4060.26,0.0,0.0,0.0,0.0,,,,,,,,,,,,,,,,,10324.22,23697.680000000004,0.0,34021.899999999994,,,,,,,,,,,,0.0,,,,0.0,,,,,,,,,,,,,,,,0.0,10324.22,23697.680000000004,0.0,34021.899999999994,1032.42,2284.71,0.0,3317.1299999999997,9291.8,21412.97,0.0,30704.769999999997,1750.9409999999998,1962.1439999999998,,3713.0849999999996,0.0,641.1990000000001,,641.1990000000001,1786.9742,1204.3870000000002,,2991.3611999999994,3537.91,3807.7399999999993,,7345.65,38.07561505843862,17.782400106103914,,23.92348159585628,1750.9399999999998,1962.1399999999999,0.0,3713.08,5753.89,17605.229999999996,0.0,23359.119999999995,,,,,,,,,,,,,,686317.4,0.0,717022.1699999999,0.0,0.0,,0.0,,0.0,,,,,,,,717022.1699999999,0.0
239,JAMMU AND KASHMIR,Kishtwar,,0.0,1268.6999999999996,0.0,1268.6999999999996,0.0,3374.3,0.0,3374.3,255453.98999999996,258828.28999999998,0.0,753.45,0.0,753.45,0.0,,0.0,0.0,0.0,567.5,0.0,567.5,0.0,0.0,0.0,0.0,,,,,,,,,,,,,,,,,0.0,1320.95,0.0,1320.95,,,,,,,,,,,,0.0,,,,0.0,,,,,,,,,,,,,,,,0.0,0.0,1320.95,0.0,1320.95,0.0,132.09,0.0,132.09,0.0,1188.8600000000001,0.0,1188.8600000000001,,150.5,,150.5,,4.32,,4.32,,31.5,,31.5,,186.34,,186.34,,15.673838803559711,,15.673838803559711,0.0,150.5,0.0,150.5,0.0,1002.52,0.0,1002.52,,,,,,,,,,,,,,2429.5,0.0,3618.3599999999997,0.0,0.0,,0.0,,0.0,,,,,,,,3618.3599999999997,0.0
240,JAMMU AND KASHMIR,Kulgam,,0.0,1228.0999999999997,0.0,1228.0999999999997,0.0,24824.4,0.0,24824.4,17516.43,42340.83,0.0,5365.68,0.0,5365.68,0.0,,0.0,0.0,0.0,1425.65,0.0,1425.65,0.0,0.0,0.0,0.0,,,,,,,,,,,,,,,,,0.0,6791.329999999999,0.0,6791.329999999999,,,,,,,,,,,,0.0,,,,0.0,,,,,,,,,,,,,,,,0.0,0.0,6791.329999999999,0.0,6791.329999999999,0.0,679.13,0.0,679.13,0.0,6112.200000000001,0.0,6112.200000000001,,1067.7800000000002,,1067.7800000000002,,29.160000000000004,,29.160000000000004,,157.8,,157.8,,1254.75,,1254.75,,20.52861490134485,,20.52861490134485,0.0,1067.78,0.0,1067.78,0.0,4857.45,0.0,4857.45,,,,,,,,,,,,,,49878.670000000006,0.0,55990.869999999995,0.0,0.0,,0.0,,0.0,,,,,,,,55990.869999999995,0.0
241,JAMMU AND KASHMIR,Kupwara,,0.0,0.0,0.0,0.0,0.0,0.0,0.0,0.0,0.0,0.0,0.0,0.0,0.0,0.0,0.0,,0.0,0.0,0.0,0.0,0.0,0.0,0.0,0.0,0.0,0.0,,,,,,,,,,,,,,,,,0.0,0.0,0.0,0.0,,,,,,,,,,,,0.0,,,,0.0,,,,,,,,,,,,,,,,0.0,0.0,0.0,0.0,0.0,0.0,0.0,0.0,0.0,0.0,0.0,0.0,0.0,,,,0.0,,,,0.0,,,,0.0,,,,,,,,,0.0,0.0,0.0,0.0,0.0,0.0,0.0,0.0,,,,,,,,,,,,,,0.0,0.0,0.0,0.0,0.0,,0.0,,0.0,,,,,,,,0.0,0.0
242,JAMMU AND KASHMIR,Kupwarar,,0.0,1057.1000000000001,0.0,1057.1000000000001,0.0,19704.769999999997,0.0,19704.769999999997,62642.530000000006,82347.29999999999,0.0,3666.05,0.0,3666.05,0.0,,0.0,0.0,0.0,2541.1499999999996,0.0,2541.1499999999996,0.0,0.0,0.0,0.0,,,,,,,,,,,,,,,,,0.0,6207.2,0.0,6207.2,,,,,,,,,,,,0.0,,,,0.0,,,,,,,,,,,,,,,,0.0,0.0,6207.2,0.0,6207.2,0.0,620.7099999999999,0.0,620.7099999999999,0.0,5586.49,0.0,5586.49,,1171.836,,1171.836,,10.8,,10.8,,16.8054,,16.8054,,1199.43,,1199.43,,21.470189689769427,,21.470189689769427,0.0,1171.82,0.0,1171.82,0.0,4387.0599999999995,0.0,4387.0599999999995,,,,,,,,,,,,,,40913.55,0.0,46500.04000000001,0.0,0.0,,0.0,,0.0,,,,,,,,46500.04000000001,0.0
243,JAMMU AND KASHMIR,Mirpur,,0.0,0.0,0.0,0.0,0.0,0.0,0.0,0.0,0.0,0.0,0.0,0.0,0.0,0.0,0.0,,0.0,0.0,0.0,0.0,0.0,0.0,0.0,0.0,0.0,0.0,,,,,,,,,,,,,,,,,0.0,0.0,0.0,0.0,,,,,,,,,,,,0.0,,,,0.0,,,,,,,,,,,,,,,,0.0,0.0,0.0,0.0,0.0,0.0,0.0,0.0,0.0,0.0,0.0,0.0,0.0,,,,0.0,,,,0.0,,,,0.0,,,,,,,,,0.0,0.0,0.0,0.0,0.0,0.0,0.0,0.0,,,,,,,,,,,,,,0.0,0.0,0.0,0.0,0.0,,0.0,,0.0,,,,,,,,0.0,0.0
244,JAMMU AND KASHMIR,Muzaffarabad,,0.0,0.0,0.0,0.0,0.0,0.0,0.0,0.0,0.0,0.0,0.0,0.0,0.0,0.0,0.0,,0.0,0.0,0.0,0.0,0.0,0.0,0.0,0.0,0.0,0.0,,,,,,,,,,,,,,,,,0.0,0.0,0.0,0.0,,,,,,,,,,,,0.0,,,,0.0,,,,,,,,,,,,,,,,0.0,0.0,0.0,0.0,0.0,0.0,0.0,0.0,0.0,0.0,0.0,0.0,0.0,,,,0.0,,,,0.0,,,,0.0,,,,,,,,,0.0,0.0,0.0,0.0,0.0,0.0,0.0,0.0,,,,,,,,,,,,,,0.0,0.0,0.0,0.0,0.0,,0.0,,0.0,,,,,,,,0.0,0.0
245,JAMMU AND KASHMIR,Poonch,,0.0,1337.0,0.0,1337.0,0.0,8117.56,0.0,8117.56,159115.13999999998,167232.7,0.0,1910.1499999999999,0.0,1910.1499999999999,0.0,,0.0,0.0,0.0,3226.3599999999997,0.0,3226.3599999999997,0.0,0.0,0.0,0.0,,,,,,,,,,,,,,,,,0.0,5136.51,0.0,5136.51,,,,,,,,,,,,0.0,,,,0.0,,,,,,,,,,,,,,,,0.0,0.0,5136.51,0.0,5136.51,0.0,513.65,0.0,513.65,0.0,4622.860000000001,0.0,4622.860000000001,,444.5,,444.5,,5.400000000000001,,5.400000000000001,,332.5,,332.5,,782.4,,782.4,,16.924587809278236,,16.924587809278236,0.0,444.5,0.0,444.5,0.0,3840.46,0.0,3840.46,,,,,,,,,,,,,,28461.140000000003,0.0,33084.0,0.0,0.0,,0.0,,0.0,,,,,,,,33084.0,0.0
246,JAMMU AND KASHMIR,Pulwama,,0.0,578.7000000000002,0.0,578.7000000000002,0.0,38779.45,0.0,38779.45,12085.089999999998,50864.54,0.0,3949.7200000000003,0.0,3949.7200000000003,0.0,,0.0,0.0,0.0,1840.1,0.0,1840.1,0.0,0.0,0.0,0.0,,,,,,,,,,,,,,,,,0.0,5789.82,0.0,5789.82,,,,,,,,,,,,0.0,,,,0.0,,,,,,,,,,,,,,,,0.0,0.0,5789.82,0.0,5789.82,0.0,579.0,0.0,579.0,0.0,5210.82,0.0,5210.82,,1492.047,,1492.047,,15.120000000000003,,15.120000000000003,,481.7548,,481.7548,,1988.8999999999999,,1988.8999999999999,,38.16865675651817,,38.16865675651817,0.0,1492.04,0.0,1492.04,0.0,3221.9200000000005,0.0,3221.9200000000005,,,,,,,,,,,,,,86298.79,0.0,91509.61000000002,0.0,0.0,,0.0,,0.0,,,,,,,,91509.61000000002,0.0
247,JAMMU AND KASHMIR,Rajouri,,1188.4,1188.4,0.0,1188.4,4457.280000000001,61089.92,0.0,65547.2,216328.25999999998,281875.46,1033.88,13647.399999999998,0.0,14681.279999999999,0.0,,0.0,0.0,796.53,2313.8999999999996,0.0,3110.43,0.0,0.0,0.0,0.0,,,,,,,,,,,,,,,,,1830.4099999999999,15961.300000000001,0.0,17791.71,,,,,,,,,,,,0.0,,,,0.0,,,,,,,,,,,,,,,,0.0,1830.4099999999999,15961.300000000001,0.0,17791.71,183.04,1596.1200000000003,0.0,1779.1600000000003,1647.3700000000001,14365.18,0.0,16012.549999999997,343.0,885.5,,1228.5,0.0,5.400000000000001,,5.400000000000001,119.0,668.5,,787.5,462.0,1559.42,,2021.42,28.04470155459915,10.855554890366847,,12.623973071122341,343.0,885.5,0.0,1228.5,1185.37,12805.760000000002,0.0,13991.130000000001,,,,,,,,,,,,,,216724.6,0.0,232737.14999999997,0.0,0.0,,0.0,,0.0,,,,,,,,232737.14999999997,0.0
248,JAMMU AND KASHMIR,Ramban,,0.0,1468.4,0.0,1468.4,0.0,1553.44,0.0,1553.44,63103.97999999999,64657.41999999999,0.0,401.46999999999997,0.0,401.46999999999997,0.0,,0.0,0.0,0.0,338.40000000000003,0.0,338.40000000000003,0.0,0.0,0.0,0.0,,,,,,,,,,,,,,,,,0.0,739.87,0.0,739.87,,,,,,,,,,,,0.0,,,,0.0,,,,,,,,,,,,,,,,0.0,0.0,739.87,0.0,739.87,0.0,73.99,0.0,73.99,0.0,665.8799999999999,0.0,665.8799999999999,,147.0,,147.0,,5.400000000000001,,5.400000000000001,,59.5,,59.5,,211.91,,211.91,,31.824052381810542,,31.824052381810542,0.0,147.0,0.0,147.0,0.0,453.97,0.0,453.97,,,,,,,,,,,,,,1440.02,0.0,2105.9,0.0,0.0,,0.0,,0.0,,,,,,,,2105.9,0.0
249,JAMMU AND KASHMIR,Reasi,,2188.9999999999995,2188.9999999999995,0.0,2189.0000000000005,1294.15,26080.340000000004,0.0,27374.489999999998,185950.78999999998,213325.27999999997,498.58,10047.82,0.0,10546.4,0.0,,0.0,0.0,153.62,13580.28,0.0,13733.900000000001,0.0,0.0,0.0,0.0,,,,,,,,,,,,,,,,,652.2,23628.100000000002,0.0,24280.300000000003,,,,,,,,,,,,0.0,,,,0.0,,,,,,,,,,,,,,,,0.0,652.2,23628.100000000002,0.0,24280.300000000003,65.22,2362.7999999999997,0.0,2428.02,586.98,21265.299999999996,0.0,21852.28,183.951,1819.071,,2003.022,0.0,36.491,,36.491,0.0,364.117,,364.117,183.95,2219.68,,2403.63,31.338376094585847,10.438037554137493,,10.999447197271865,183.95,1819.07,0.0,2003.0199999999998,403.03,19045.62,0.0,19448.649999999998,,,,,,,,,,,,,,63136.26,0.0,84988.54,0.0,0.0,,0.0,,0.0,,,,,,,,84988.54,0.0
250,JAMMU AND KASHMIR,Samba,,1043.5,1043.4999999999998,0.0,1043.5,10202.44,68967.7725,0.0,79170.2125,25252.0775,104422.29000000001,1634.44,13072.25,0.0,14706.689999999999,0.0,,0.0,0.0,1903.23,585.09,0.0,2488.3200000000006,0.0,0.0,0.0,0.0,,,,,,,,,,,,,,,,,3537.67,13657.34,0.0,17195.010000000006,,,,,,,,,,,,0.0,,,,0.0,,,,,,,,,,,,,,,,0.0,3537.67,13657.34,0.0,17195.010000000006,353.77,1259.0,0.0,1612.77,3183.8999999999996,12398.34,0.0,15582.24,613.17,1526.112,,2139.2819999999997,0.0,156.39,,156.39,319.3026,112.03599999999999,,431.33860000000004,932.47,1794.55,,2727.03,29.287037909482084,14.474115083148229,,17.50088562363306,613.16,1526.1100000000001,0.0,2139.27,2251.4300000000003,10603.79,0.0,12855.220000000001,,,,,,,,,,,,,,609730.72,0.0,625312.96,0.0,0.0,,0.0,,0.0,,,,,,,,625312.96,0.0
251,JAMMU AND KASHMIR,Shopian,,0.0,806.9000000000001,0.0,806.9000000000001,0.0,27983.059999999998,0.0,27983.059999999998,1674.85,29657.91,0.0,3973.9900000000002,0.0,3973.9900000000002,0.0,,0.0,0.0,0.0,1301.7599999999998,0.0,1301.7599999999998,0.0,0.0,0.0,0.0,,,,,,,,,,,,,,,,,0.0,5275.75,0.0,5275.75,,,,,,,,,,,,0.0,,,,0.0,,,,,,,,,,,,,,,,0.0,0.0,5275.75,0.0,5275.75,0.0,527.5699999999999,0.0,527.5699999999999,0.0,4748.18,0.0,4748.18,,869.7600000000001,,869.7600000000001,,27.000000000000007,,27.000000000000007,,129.60000000000002,,129.60000000000002,,1026.3600000000001,,1026.3600000000001,,21.615861235252247,,21.615861235252247,0.0,869.7599999999999,0.0,869.7599999999999,0.0,3721.8199999999997,0.0,3721.8199999999997,,,,,,,,,,,,,,62170.68,0.0,66918.87000000001,0.0,0.0,,0.0,,0.0,,,,,,,,66918.87000000001,0.0
252,JAMMU AND KASHMIR,Srinagar,,0.0,815.7,0.0,815.7,0.0,87500.0,0.0,87500.0,0.0,87500.0,0.0,12561.78,0.0,12561.78,0.0,,0.0,0.0,0.0,157.63,0.0,157.63,0.0,14.3,0.0,14.3,0.0,919.8,0.0,919.8,,,,,,,,,,,,,0.0,13653.51,0.0,13653.51,,,,,,,,,,,,0.0,,,,0.0,,,,,,,,,,,,,,,,0.0,0.0,13653.51,0.0,13653.51,0.0,1365.35,0.0,1365.35,0.0,12288.16,0.0,12288.16,,6574.7,,6574.7,,328.41900000000004,,328.41900000000004,,44.8144,,44.8144,,6947.93,,6947.93,,56.54166286897306,,56.54166286897306,0.0,6574.7,0.0,6574.7,0.0,5340.23,0.0,5340.23,,,,,,,,,,,,,,115395.0,0.0,127683.16,0.0,0.0,,0.0,,0.0,,,,,,,,127683.16,0.0
253,JAMMU AND KASHMIR,Srinagar Hilly Area,,0.0,0.0,0.0,0.0,0.0,0.0,0.0,0.0,0.0,0.0,0.0,0.0,0.0,0.0,0.0,,0.0,0.0,0.0,0.0,0.0,0.0,0.0,0.0,0.0,0.0,,,,,,,,,,,,,,,,,0.0,0.0,0.0,0.0,,,,,,,,,,,,0.0,,,,0.0,,,,,,,,,,,,,,,,0.0,0.0,0.0,0.0,0.0,0.0,0.0,0.0,0.0,0.0,0.0,0.0,0.0,,,,0.0,,,,0.0,,,,0.0,,,,,,,,,0.0,0.0,0.0,0.0,0.0,0.0,0.0,0.0,,,,,,,,,,,,,,0.0,0.0,0.0,0.0,0.0,,0.0,,0.0,,,,,,,,0.0,0.0
254,JAMMU AND KASHMIR,Udhampur,,1632.2,1632.2000000000003,0.0,1632.1999999999998,4827.62,29814.11,0.0,34641.73,215247.52,249889.25,1386.82,7981.59,0.0,9368.41,0.0,,0.0,0.0,797.65,2006.88,0.0,2804.5300000000007,0.0,0.0,0.0,0.0,0.0,34.13,0.0,34.13,,,,,,,,,,,,,2184.47,10022.599999999999,0.0,12207.07,,,,,,,,,,,,0.0,,,,0.0,,,,,,,,,,,,,,,,0.0,2184.47,10022.599999999999,0.0,12207.07,218.45,1002.26,0.0,1220.71,1966.02,9020.34,0.0,10986.36,306.585,1464.795,,1771.3799999999999,0.0,119.899,,119.899,0.0,464.94939999999997,,464.94939999999997,306.58,2049.6400000000003,,2356.2200000000003,15.593941058585365,22.72242509705843,,21.446775820198866,306.58,1464.7799999999997,0.0,1771.3600000000001,1659.45,6970.700000000001,0.0,8630.150000000001,,,,,,,,,,,,,,135158.18,0.0,146144.54,0.0,0.0,,0.0,,0.0,,,,,,,,146144.54,0.0
255,JHARKHAND,BOKARO,,0.0,1211.5,0.0,1208.8364292436834,577.0,261866.0,0.0,262443.0,23495.0,285938.0,0.0,17768.45,0.0,17768.45,0.0,,0.0,0.0,0.0,826.49,0.0,826.49,0.0,699.77,0.0,699.77,0.0,576.82,0.0,576.82,0.0,674.048,0.0,674.048,,,,,,,,,0.0,20545.570000000003,0.0,20545.570000000003,,,,,,,,,,,,0.0,,,,0.0,,,,,,,,,,,,,,,,0.0,0.0,20545.570000000003,0.0,20545.570000000003,0.0,1960.87,0.0,1960.87,0.0,18584.7,0.0,18584.7,0.0,4563.809601749999,,4563.809601749999,0.0,2213.9078499999996,,2213.9078499999996,0.0,2413.0,,2413.0,0.0,9190.74,,9190.74,0.0,49.453259939627756,,49.453259939627756,0.0,4594.96,0.0,4594.96,0.0,9958.02,0.0,9958.02,,,,,,,,,,,,,,121429.48999999999,0.0,140014.19,0.0,0.0,,0.0,,0.0,,,,,,,,140014.19,0.0
256,JHARKHAND,CHATRA,,0.0,1151.0,0.0,1148.250338099955,779.0,325308.0,0.0,326087.0,67102.0,393189.0,0.0,20295.260000000002,0.0,20295.260000000002,0.0,,0.0,0.0,0.2,1931.97,0.0,1932.1699999999998,0.0,1955.6200000000001,0.0,1955.6200000000001,0.0,208.69999999999996,0.0,208.69999999999996,0.0,1104.0,0.0,1104.0,,,,,,,,,0.2,25495.559999999998,0.0,25495.760000000002,,,,,,,,,,,,0.0,,,,0.0,,,,,,,,,,,,,,,,0.0,0.2,25495.559999999998,0.0,25495.760000000002,0.02,2031.8100000000002,0.0,2031.8300000000002,0.18,23463.750000000004,0.0,23463.929999999997,0.0,2093.093595,,2093.093595,0.0,1115.2247628750004,,1115.2247628750004,0.0,6531.0,,6531.0,0.0,9739.32,,9739.32,0.0,41.50794310372382,,41.50762468179883,0.0,2107.37,0.0,2107.37,0.18,13710.16,0.0,13710.34,,,,,,,,,,,,,,151379.03999999998,0.0,174842.96999999997,0.0,0.0,,0.0,,0.0,,,,,,,,174842.96999999997,0.0
257,JHARKHAND,DEOGHAR,,0.0,1309.6000000000001,0.0,1309.0231381556177,84.0,190614.0,0.0,190698.0,64407.0,255105.0,0.0,14051.83,0.0,14051.83,0.0,,0.0,0.0,0.0,854.64,0.0,854.64,0.0,1666.4900000000002,0.0,1666.4900000000002,0.0,382.34000000000003,0.0,382.34000000000003,0.0,2.55,0.0,2.55,,,,,,,,,0.0,16957.859999999997,0.0,16957.859999999997,,,,,,,,,,,,0.0,,,,0.0,,,,,,,,,,,,,,,,0.0,0.0,16957.859999999997,0.0,16957.859999999997,0.0,1049.72,0.0,1049.72,0.0,15908.140000000001,0.0,15908.140000000001,0.0,3077.8066732499997,,3077.8066732499997,0.0,87.6626,,87.6626,0.0,5460.625,,5460.625,0.0,8626.07,,8626.07,0.0,54.22425248960594,,54.22425248960594,0.0,3098.8200000000006,0.0,3098.8200000000006,0.0,7261.06,0.0,7261.06,,,,,,,,,,,,,,87870.81,0.0,103778.95000000001,0.0,0.0,,0.0,,0.0,,,,,,,,103778.95000000001,0.0
258,JHARKHAND,DHANBAD,,0.0,1393.6,0.0,1388.3265797554548,748.0,196925.0,0.0,197673.0,50178.0,247851.0,0.0,20317.620000000003,0.0,20317.620000000003,,,,,0.8999999999999999,456.18,0.0,457.08,0.0,847.28,0.0,847.28,0.0,594.9800000000001,0.0,594.9800000000001,0.0,5829.608,0.0,5829.608,,,,,,,,,0.8999999999999999,28045.65,0.0,28046.550000000003,,,,,,,,,,,,0.0,,,,0.0,,,,,,,,,,,,,,,,0.0,0.8999999999999999,28045.65,0.0,28046.550000000003,0.09,1677.0700000000002,0.0,1677.16,0.81,26368.58,0.0,26369.390000000007,0.0,6079.010924250001,,6079.010924250001,0.0,10628.110249999998,,10628.110249999998,0.0,2974.0,,2974.0,0.0,19681.129999999997,,19681.129999999997,0.0,74.63856605095913,,74.63627334572394,0.0,6120.49,0.0,6120.49,0.81,6847.260000000001,0.0,6848.0700000000015,,,,,,,,,,,,,,89342.2,0.0,115711.59000000001,0.0,0.0,,0.0,,0.0,,,,,,,,115711.59000000001,0.0
259,JHARKHAND,DUMKA,,0.0,1475.5,0.0,1422.6505578123945,10078.0,271289.0,0.0,281367.0,90276.0,371643.0,0.0,27960.84,0.0,27960.84,0.0,,0.0,0.0,97.01,2585.7400000000002,0.0,2682.7499999999995,0.0,1122.9500000000003,0.0,1122.9500000000003,0.0,807.26,0.0,807.26,0.0,0.014,0.0,0.014,,,,,,,,,97.01,32476.810000000005,0.0,32573.82,,,,,,,,,,,,0.0,,,,0.0,,,,,,,,,,,,,,,,0.0,97.01,32476.810000000005,0.0,32573.82,9.7,2590.52,0.0,2600.22,87.30999999999999,29886.29,0.0,29973.600000000002,0.0,2657.30466375,,2657.30466375,0.0,23.615625,,23.615625,0.0,3742.25,,3742.25,0.0,6423.17,,6423.17,0.0,21.492028619142758,,21.42942456027971,0.0,2675.43,0.0,2675.43,87.31,23445.01,0.0,23532.32,,,,,,,,,,,,,,132387.44999999998,0.0,162361.04999999996,0.0,0.0,,0.0,,0.0,,,,,,,,162361.04999999996,0.0
260,JHARKHAND,EAST SINGHBHUM,,0.0,1441.2,0.0,1438.3634555545375,494.0,250499.0,0.0,250993.0,112342.0,363335.0,0.0,25887.940000000002,0.0,25887.940000000002,0.0,,0.0,0.0,0.0,460.39,0.0,460.39,0.0,545.35,0.0,545.35,0.0,242.66000000000005,0.0,242.66000000000005,0.0,1571.308,0.0,1571.308,,,,,,,,,0.0,28707.64,0.0,28707.64,,,,,,,,,,,,0.0,,,,0.0,,,,,,,,,,,,,,,,0.0,0.0,28707.64,0.0,28707.64,0.0,2401.4999999999995,0.0,2401.4999999999995,0.0,26306.139999999996,0.0,26306.139999999996,0.0,5165.515988999999,,5165.515988999999,0.0,758.044075,,758.044075,0.0,1860.0,,1860.0,0.0,7783.5599999999995,,7783.5599999999995,0.0,29.588377466249327,,29.588377466249327,0.0,5200.77,0.0,5200.77,0.0,18965.5,0.0,18965.5,,,,,,,,,,,,,,138340.30000000002,0.0,164646.44,0.0,0.0,,0.0,,0.0,,,,,,,,164646.44,0.0
261,JHARKHAND,GARHWA,,0.0,1113.8999999999999,0.0,1088.730182791975,6590.0,285053.0,0.0,291643.0,112832.0,404475.0,0.0,24004.04,0.0,24004.04,0.0,,0.0,0.0,5.21,1537.5100000000002,0.0,1542.7200000000003,0.0,2168.87,0.0,2168.87,0.0,1143.0500000000002,0.0,1143.0500000000002,0.0,190.0,0.0,190.0,,,,,,,,,5.21,29043.46,0.0,29048.670000000002,,,,,,,,,,,,0.0,,,,0.0,,,,,,,,,,,,,,,,0.0,5.21,29043.46,0.0,29048.670000000002,0.52,2437.3300000000004,0.0,2437.8500000000004,4.6899999999999995,26606.129999999997,0.0,26610.82,0.0,2525.25751875,,2525.25751875,0.0,60.52900000000001,,60.52900000000001,0.0,7326.875,,7326.875,0.0,9912.650000000001,,9912.650000000001,0.0,37.25701558249923,,37.25044925334883,0.0,2542.49,0.0,2542.49,4.69,16676.24,0.0,16680.93,,,,,,,,,,,,,,132225.42,0.0,158836.24000000002,0.0,0.0,,0.0,,0.0,,,,,,,,158836.24000000002,0.0
262,JHARKHAND,GIRIDIH,,0.0,1242.1000000000001,0.0,1241.5919593981992,180.0,439899.0,0.0,440079.0,68411.0,508490.0,0.0,34846.97,0.0,34846.97,0.0,,0.0,0.0,12.809999999999999,2607.94,0.0,2620.7500000000005,0.0,2190.46,0.0,2190.46,0.0,799.78,0.0,799.78,0.0,289.424,0.0,289.424,,,,,,,,,12.809999999999999,40734.6,0.0,40747.409999999996,,,,,,,,,,,,0.0,,,,0.0,,,,,,,,,,,,,,,,0.0,12.809999999999999,40734.6,0.0,40747.409999999996,1.2999999999999998,2869.4,0.0,2870.71,11.510000000000002,37865.2,0.0,37876.71,0.0,4937.967981,,4937.967981,0.0,1561.7608499999997,,1561.7608499999997,0.0,8761.875,,8761.875,0.0,15261.61,,15261.61,0.0,40.305108648574425,,40.292860705166845,0.0,4971.660000000001,0.0,4971.660000000001,11.510000000000002,22569.9,0.0,22581.41,,,,,,,,,,,,,,189885.02999999997,0.0,227761.74000000002,0.0,0.0,,0.0,,0.0,,,,,,,,227761.74000000002,0.0
263,JHARKHAND,GODDA,,0.0,1216.3999999999999,0.0,1180.230078965397,4948.0,161454.0,0.0,166402.0,44707.0,211109.0,0.0,20483.859999999997,0.0,20483.859999999997,0.0,,0.0,0.0,73.70999999999998,1624.6799999999998,0.0,1698.3899999999999,0.0,559.58,0.0,559.58,0.0,435.58000000000004,0.0,435.58000000000004,0.0,96.03,0.0,96.03,,,,,,,,,73.70999999999998,23199.739999999998,0.0,23273.450000000004,,,,,,,,,,,,0.0,,,,0.0,,,,,,,,,,,,,,,,0.0,73.70999999999998,23199.739999999998,0.0,23273.450000000004,7.370000000000001,1882.6799999999998,0.0,1890.05,66.33999999999999,21317.06,0.0,21383.4,0.0,2629.1627257499995,,2629.1627257499995,0.0,258.59942500000005,,258.59942500000005,0.0,1869.0,,1869.0,0.0,4756.7699999999995,,4756.7699999999995,0.0,22.31438106380523,,22.24515278206459,0.0,2647.1000000000004,0.0,2647.1000000000004,66.33999999999999,16542.35,0.0,16608.69,,,,,,,,,,,,,,75510.42000000001,0.0,96893.82,0.0,0.0,,0.0,,0.0,,,,,,,,96893.82,0.0
264,JHARKHAND,GUMLA,,0.0,1382.0,0.0,1369.1479753877898,3786.0,403329.0,0.0,407115.0,127611.0,534726.0,0.0,32591.97,0.0,32591.97,0.0,,0.0,0.0,12.879999999999997,520.93,0.0,533.81,0.0,1101.53,0.0,1101.53,0.0,70.63,0.0,70.63,0.0,0.0,0.0,0.0,,,,,,,,,12.879999999999997,34285.090000000004,0.0,34297.97,,,,,,,,,,,,0.0,,,,0.0,,,,,,,,,,,,,,,,0.0,12.879999999999997,34285.090000000004,0.0,34297.97,1.2800000000000002,2839.3399999999997,0.0,2840.6199999999994,11.6,31445.75,0.0,31457.349999999995,0.0,1962.0053415,,1962.0053415,0.0,12.53865,,12.53865,0.0,3789.5,,3789.5,0.0,5764.02,,5764.02,0.0,18.330044600621704,,18.32328533713107,0.0,1975.39,0.0,1975.39,11.6,25668.350000000006,0.0,25679.950000000004,,,,,,,,,,,,,,211110.96,0.0,242568.30999999994,0.0,0.0,,0.0,,0.0,,,,,,,,242568.30999999994,0.0
265,JHARKHAND,HAZARIBAGH,,0.0,1347.2,0.0,1338.2571731573005,2341.0,350321.0,0.0,352662.0,78384.0,431046.0,0.0,30365.86,0.0,30365.86,0.0,,0.0,0.0,0.0,1195.04,0.0,1195.04,0.0,2377.67,0.0,2377.67,0.0,834.5000000000001,0.0,834.5000000000001,0.0,192.05200000000002,0.0,192.05200000000002,,,,,,,,,0.0,34965.13,0.0,34965.13,,,,,,,,,,,,0.0,,,,0.0,,,,,,,,,,,,,,,,0.0,0.0,34965.13,0.0,34965.13,0.0,2920.66,0.0,2920.66,0.0,32044.47,0.0,32044.47,0.0,3565.497608999999,,3565.497608999999,0.0,470.25293875,,470.25293875,0.0,7851.375,,7851.375,0.0,11887.150000000001,,11887.150000000001,0.0,37.09579219128917,,37.09579219128917,0.0,3589.8500000000004,0.0,3589.8500000000004,0.0,20132.989999999998,0.0,20132.989999999998,,,,,,,,,,,,,,156541.92,0.0,188586.38999999998,0.0,0.0,,0.0,,0.0,,,,,,,,188586.38999999998,0.0
266,JHARKHAND,JAMTARA,,0.0,1443.8000000000002,0.0,1443.8000000000002,0.0,98346.0,0.0,98346.0,82083.0,180429.0,0.0,6720.42,0.0,6720.42,0.0,,0.0,0.0,15.600000000000001,1364.0099999999998,0.0,1379.6099999999997,0.0,661.27,0.0,661.27,0.0,275.0,0.0,275.0,0.0,0.168,0.0,0.168,,,,,,,,,15.600000000000001,9020.86,0.0,9036.460000000001,,,,,,,,,,,,0.0,,,,0.0,,,,,,,,,,,,,,,,0.0,15.600000000000001,9020.86,0.0,9036.460000000001,1.56,720.47,0.0,722.0300000000001,14.04,8300.39,0.0,8314.43,,1601.4724852499999,,1601.4724852499999,,10.15625,,10.15625,,2280.25,,2280.25,,3891.8700000000003,,3891.8700000000003,,46.88779683846182,,46.80862067513949,0.0,1612.3899999999999,0.0,1612.3899999999999,14.04,4397.610000000001,0.0,4411.650000000001,,,,,,,,,,,,,,44814.57,0.0,53128.99999999999,0.0,0.0,,0.0,,0.0,,,,,,,,53128.99999999999,0.0
267,JHARKHAND,KHUNTI,,0.0,1432.5,0.0,1409.2375827071046,2712.0,164293.0,0.0,167005.0,93012.0,260017.0,0.0,11983.17,0.0,11983.17,0.0,,0.0,0.0,0.0,178.74999999999997,0.0,178.74999999999997,0.0,698.2900000000001,0.0,698.2900000000001,0.0,520.42,0.0,520.42,0.0,0.026,0.0,0.026,,,,,,,,,0.0,13380.66,0.0,13380.66,,,,,,,,,,,,0.0,,,,0.0,,,,,,,,,,,,,,,,0.0,0.0,13380.66,0.0,13380.66,0.0,956.3199999999998,0.0,956.3199999999998,0.0,12424.34,0.0,12424.34,0.0,1073.86732125,,1073.86732125,0.0,12.593750000000002,,12.593750000000002,0.0,2385.0,,2385.0,0.0,3471.44,,3471.44,0.0,27.940639100346576,,27.940639100346576,0.0,1081.2,0.0,1081.2,0.0,8945.560000000001,0.0,8945.560000000001,,,,,,,,,,,,,,85374.11,0.0,97798.45,0.0,0.0,,0.0,,0.0,,,,,,,,97798.45,0.0
268,JHARKHAND,KODERMA,,0.0,1129.6,0.0,1129.6,0.0,90902.0,0.0,90902.0,58768.0,149670.0,0.0,5811.330000000001,0.0,5811.330000000001,0.0,,0.0,0.0,1.12,163.94,0.0,165.06,0.0,795.5300000000001,0.0,795.5300000000001,0.0,268.71,0.0,268.71,0.0,0.0,0.0,0.0,,,,,,,,,1.12,7039.51,0.0,7040.63,,,,,,,,,,,,0.0,,,,0.0,,,,,,,,,,,,,,,,0.0,1.12,7039.51,0.0,7040.63,0.11,473.13,0.0,473.24,1.01,6566.38,0.0,6567.39,,1485.99258075,,1485.99258075,,98.94105,,98.94105,,2533.875,,2533.875,,4118.799999999999,,4118.799999999999,,62.72558091368454,,62.71593433616701,0.0,1496.1399999999999,0.0,1496.1399999999999,1.01,2437.43,0.0,2438.44,,,,,,,,,,,,,,43933.94,0.0,50501.33,0.0,0.0,,0.0,,0.0,,,,,,,,50501.33,0.0
269,JHARKHAND,LATEHAR,,0.0,1283.8729091727569,0.0,1279.4589955264496,820.0,237693.0,0.0,238513.0,122748.0,361261.0,0.0,20762.85,0.0,20762.85,0.0,,0.0,0.0,0.0,1689.4699999999998,0.0,1689.4699999999998,0.0,1497.97,0.0,1497.97,0.0,1193.95,0.0,1193.95,0.0,32.0,0.0,32.0,,,,,,,,,0.0,25176.24,0.0,25176.24,,,,,,,,,,,,0.0,,,,0.0,,,,,,,,,,,,,,,,0.0,0.0,25176.24,0.0,25176.24,0.0,2227.5400000000004,0.0,2227.5400000000004,0.0,22948.699999999997,0.0,22948.699999999997,0.0,1463.0008657499998,,1463.0008657499998,0.0,105.73747499999999,,105.73747499999999,0.0,5109.0,,5109.0,0.0,6677.76,,6677.76,0.0,29.098641753127634,,29.098641753127634,0.0,1473.0000000000002,0.0,1473.0000000000002,0.0,16260.95,0.0,16260.95,,,,,,,,,,,,,,103114.98999999999,0.0,126063.68999999999,0.0,0.0,,0.0,,0.0,,,,,,,,126063.68999999999,0.0
270,JHARKHAND,LOHARDAGA,,0.0,1252.7,0.0,1238.588306954211,1437.0,126126.0,0.0,127563.0,21683.0,149246.0,0.0,18974.769999999997,0.0,18974.769999999997,0.0,,0.0,0.0,0.0,176.92,0.0,176.92,0.0,539.02,0.0,539.02,0.0,379.59000000000003,0.0,379.59000000000003,0.0,0.02,0.0,0.02,,,,,,,,,0.0,20070.329999999998,0.0,20070.329999999998,,,,,,,,,,,,0.0,,,,0.0,,,,,,,,,,,,,,,,0.0,0.0,20070.329999999998,0.0,20070.329999999998,0.0,1899.12,0.0,1899.12,0.0,18171.21,0.0,18171.21,0.0,941.4200632500001,,941.4200632500001,0.0,8.170013749999999,,8.170013749999999,0.0,1833.5,,1833.5,0.0,2783.09,,2783.09,0.0,15.315931079988621,,15.315931079988621,0.0,947.83,0.0,947.83,0.0,15381.7,0.0,15381.7,,,,,,,,,,,,,,82805.28,0.0,100976.49,0.0,0.0,,0.0,,0.0,,,,,,,,100976.49,0.0
271,JHARKHAND,PAKUR,,0.0,1674.8,0.0,1660.183401560751,1115.0,126644.0,0.0,127759.0,52800.0,180559.0,0.0,23810.18,0.0,23810.18,0.0,,0.0,0.0,0.0,1400.6499999999999,0.0,1400.6499999999999,0.0,571.6999999999999,0.0,571.6999999999999,0.0,361.82000000000005,0.0,361.82000000000005,0.0,0.014,0.0,0.014,,,,,,,,,0.0,26144.38,0.0,26144.38,,,,,,,,,,,,0.0,,,,0.0,,,,,,,,,,,,,,,,0.0,0.0,26144.38,0.0,26144.38,0.0,2614.4500000000003,0.0,2614.4500000000003,0.0,23529.929999999997,0.0,23529.929999999997,0.0,1663.498377,,1663.498377,0.0,28.456749999999996,,28.456749999999996,0.0,1911.5,,1911.5,0.0,3603.45,,3603.45,0.0,15.314325201987428,,15.314325201987428,0.0,1674.8599999999997,0.0,1674.8599999999997,0.0,19915.12,0.0,19915.12,,,,,,,,,,,,,,60071.93000000001,0.0,83601.86,0.0,0.0,,0.0,,0.0,,,,,,,,83601.86,0.0
272,JHARKHAND,PALAMAU,,0.0,1044.1000000000001,0.0,1023.8939788797275,6722.0,340622.0,0.0,347344.0,104315.0,451659.0,0.0,24866.350000000002,0.0,24866.350000000002,0.0,,0.0,0.0,18.6,6201.820000000001,0.0,6220.42,0.0,1825.6399999999999,0.0,1825.6399999999999,0.0,693.6200000000001,0.0,693.6200000000001,0.0,372.08799999999997,0.0,372.08799999999997,,,,,,,,,18.6,33959.47,0.0,33978.07000000001,,,,,,,,,,,,0.0,,,,0.0,,,,,,,,,,,,,,,,0.0,18.6,33959.47,0.0,33978.07000000001,1.8599999999999999,2561.6200000000003,0.0,2563.48,16.740000000000002,31397.85,0.0,31414.589999999997,0.0,3947.181759,,3947.181759,0.0,217.35559999999998,,217.35559999999998,0.0,7302.5,,7302.5,0.0,11467.049999999997,,11467.049999999997,0.0,36.521768210243685,,36.50230673072607,0.0,3974.1300000000006,0.0,3974.1300000000006,16.740000000000002,19903.850000000002,0.0,19920.590000000004,,,,,,,,,,,,,,153717.71,0.0,185132.30000000002,0.0,0.0,,0.0,,0.0,,,,,,,,185132.30000000002,0.0
273,JHARKHAND,RAMGARH,,0.0,1309.2,0.0,1307.764512389118,122.0,111145.0,0.0,111267.0,28298.0,139565.0,0.0,8771.48,0.0,8771.48,0.0,,0.0,0.0,0.0,165.39,0.0,165.39,0.0,431.9200000000001,0.0,431.9200000000001,0.0,389.03999999999996,0.0,389.03999999999996,0.0,1675.248,0.0,1675.248,,,,,,,,,0.0,11433.08,0.0,11433.08,,,,,,,,,,,,0.0,,,,0.0,,,,,,,,,,,,,,,,0.0,0.0,11433.08,0.0,11433.08,0.0,844.55,0.0,844.55,0.0,10588.53,0.0,10588.53,0.0,2084.304906,,2084.304906,0.0,3026.555225,,3026.555225,0.0,1457.0,,1457.0,0.0,6567.88,,6567.88,0.0,62.028251324782566,,62.028251324782566,0.0,2098.5299999999997,0.0,2098.5299999999997,0.0,4049.0199999999995,0.0,4049.0199999999995,,,,,,,,,,,,,,51707.229999999996,0.0,62295.759999999995,0.0,0.0,,0.0,,0.0,,,,,,,,62295.759999999995,0.0
274,JHARKHAND,RANCHI,,0.0,1327.6,0.0,1314.0618196779121,3817.0,370491.0,0.0,374308.0,123913.0,498221.0,0.0,34659.63,0.0,34659.63,0.0,,0.0,0.0,40.53,647.4199999999998,0.0,687.9499999999998,0.0,2642.2300000000005,0.0,2642.2300000000005,0.0,972.6,0.0,972.6,0.0,1430.84,0.0,1430.84,,,,,,,,,40.53,40352.700000000004,0.0,40393.23000000001,,,,,,,,,,,,0.0,,,,0.0,,,,,,,,,,,,,,,,0.0,40.53,40352.700000000004,0.0,40393.23000000001,4.05,3800.1400000000003,0.0,3804.1899999999996,36.480000000000004,36552.560000000005,0.0,36589.04000000001,0.0,6383.382106499999,,6383.382106499999,0.0,1694.9850666666664,,1694.9850666666664,0.0,8710.125,,8710.125,0.0,16788.48,,16788.48,0.0,45.92969685297007,,45.88390403246436,0.0,6426.950000000001,0.0,6426.950000000001,36.48,19720.530000000002,0.0,19757.010000000002,,,,,,,,,,,,,,176060.84000000003,0.0,212649.87999999998,0.0,0.0,,0.0,,0.0,,,,,,,,212649.87999999998,0.0
275,JHARKHAND,SAHEBGANJ,,0.0,1574.0,0.0,1564.2458198218671,709.0,113700.0,0.0,114409.0,55796.0,170205.0,0.0,26491.359999999997,0.0,26491.359999999997,0.0,,0.0,0.0,2.65,3145.7300000000005,0.0,3148.3800000000006,0.0,640.05,0.0,640.05,0.0,522.8000000000001,0.0,522.8000000000001,0.0,0.088,0.0,0.088,,,,,,,,,2.65,30799.999999999996,0.0,30802.649999999998,,,,,,,,,,,,0.0,,,,0.0,,,,,,,,,,,,,,,,0.0,2.65,30799.999999999996,0.0,30802.649999999998,0.26,2486.5800000000004,0.0,2486.84,2.39,28313.420000000006,0.0,28315.81,0.0,2353.8012142499997,,2353.8012142499997,0.0,50.291875,,50.291875,0.0,2207.0,,2207.0,0.0,4611.11,,4611.11,0.0,16.285952032640346,,16.284577414525664,0.0,2369.87,0.0,2369.87,2.39,23686.24,0.0,23688.63,,,,,,,,,,,,,,159805.66,0.0,188121.47,0.0,0.0,,0.0,,0.0,,,,,,,,188121.47,0.0
276,JHARKHAND,SARAIKELA KHARSAWAN,,0.0,1343.6360093569829,0.0,1322.6732708418597,3164.0,199637.0,0.0,202801.0,65416.0,268217.0,0.0,16181.88,0.0,16181.88,0.0,,0.0,0.0,1.34,743.8199999999999,0.0,745.1600000000001,0.0,318.85,0.0,318.85,0.0,0.9800000000000001,0.0,0.9800000000000001,0.0,251.76399999999998,0.0,251.76399999999998,,,,,,,,,1.34,17497.28,0.0,17498.62,,,,,,,,,,,,0.0,,,,0.0,,,,,,,,,,,,,,,,0.0,1.34,17497.28,0.0,17498.62,0.14,1550.87,0.0,1551.01,1.2000000000000002,15946.41,0.0,15947.609999999999,0.0,2233.6879814999998,,2233.6879814999998,0.0,527.18308125,,527.18308125,0.0,1099.5,,1099.5,0.0,3860.3599999999997,,3860.3599999999997,0.0,24.208332784620488,,24.20651119509444,0.0,2248.93,0.0,2248.93,1.2000000000000002,12070.800000000001,0.0,12072.000000000002,,,,,,,,,,,,,,125067.64000000001,0.0,141015.25,0.0,0.0,,0.0,,0.0,,,,,,,,141015.25,0.0
277,JHARKHAND,SIMDEGA,,0.0,1553.1,0.0,1547.7380712483011,1067.0,307993.0,0.0,309060.0,66169.0,375229.0,0.0,21577.25,0.0,21577.25,0.0,,0.0,0.0,0.0,137.85000000000002,0.0,137.85000000000002,0.0,477.49,0.0,477.49,0.0,580.8,0.0,580.8,0.0,0.0,0.0,0.0,,,,,,,,,0.0,22773.39,0.0,22773.39,,,,,,,,,,,,0.0,,,,0.0,,,,,,,,,,,,,,,,0.0,0.0,22773.39,0.0,22773.39,0.0,2277.3500000000004,0.0,2277.3500000000004,0.0,20496.04,0.0,20496.04,0.0,1206.70286625,,1206.70286625,0.0,0.0,,0.0,0.0,2034.0,,2034.0,0.0,3240.7200000000003,,3240.7200000000003,0.0,15.811444552215942,,15.811444552215942,0.0,1214.9199999999998,0.0,1214.9199999999998,0.0,17247.11,0.0,17247.11,,,,,,,,,,,,,,147197.22,0.0,167693.27000000002,0.0,0.0,,0.0,,0.0,,,,,,,,167693.27000000002,0.0
278,JHARKHAND,WEST SINGHBHUM,,0.0,1338.0,0.0,1329.2518691541122,3846.0,584388.0,0.0,588234.0,133986.0,722220.0,0.0,39809.55,0.0,39809.55,0.0,,0.0,0.0,181.55,864.8500000000001,0.0,1046.4,0.0,585.14,0.0,585.14,0.0,837.6500000000001,0.0,837.6500000000001,0.0,0.392,0.0,0.392,,,,,,,,,181.55,42097.57000000001,0.0,42279.12,,,,,,,,,,,,0.0,,,,0.0,,,,,,,,,,,,,,,,0.0,181.55,42097.57000000001,0.0,42279.12,18.160000000000004,4141.2699999999995,0.0,4159.43,163.39,37956.3,0.0,38119.689999999995,0.0,3078.1663807499995,,3078.1663807499995,0.0,29.838275000000003,,29.838275000000003,0.0,2087.5,,2087.5,0.0,5195.5,,5195.5,0.0,13.688109747261981,,13.629439274033972,0.0,3099.1499999999996,0.0,3099.1499999999996,163.39000000000001,32739.82,0.0,32903.21,,,,,,,,,,,,,,257097.51,0.0,295217.2,0.0,0.0,,0.0,,0.0,,,,,,,,295217.2,0.0
279,KARNATAKA,Bagalkot,,706.3056447347839,627.4572537665124,0.0,661.1480702759476,268498.0,359882.0,0.0,628380.0,27812.0,656192.0,9464.44,12925.09,0.0,22389.53,1932.27,,,1932.27,28832.670000000002,2985.3100000000004,0.0,31817.98,4052.2600000000007,7255.34,0.0,11307.6,268.37000000000006,345.58000000000004,0.0,613.9499999999999,241.66799999999998,219.55800000000002,,461.22399999999993,,,,,,,,,44791.62,23730.88,0.0,68522.5,,,,,,,,,,,,0.0,,,,0.0,,,,,,,,,,,,,,,,0.0,44791.62,23730.88,0.0,68522.5,4479.16,2373.08,0.0,6852.23,40312.45999999999,21357.799999999996,0.0,61670.26,2241.4468229999998,2262.773043,,4504.219866,12.774999999999999,15.5125,,28.287499999999998,14334.37,29780.830000000005,,44115.200000000004,16588.59,32059.08,,48647.69,41.15003152871346,150.104786073472,,78.88354938020369,2644.66,2669.82,0.0,5314.48,23706.81,2377.7200000000003,0.0,26084.530000000002,,,,,,,,,,,,,,0.0,0.0,61670.25999999999,0.0,0.0,,0.0,,0.0,,,,,,,,61670.25999999999,0.0
280,KARNATAKA,Ballari,,609.1701150059514,669.2316711005607,0.0,628.6901886451125,253726.0,122165.0,0.0,375891.0,46726.0,422617.0,8769.93,7638.37,0.0,16408.3,5688.6,,,5688.6,45871.33,0.0,0.0,45871.33,2596.5299999999997,1684.8600000000001,0.0,4281.39,87.16,318.51000000000005,0.0,405.66999999999996,40.5,144.6,0.0,185.1,,,,,,,,,63054.060000000005,9786.33,0.0,72840.39,,,,,,,,,,,,0.0,,,,0.0,,,,,,,,,,,,,,,,0.0,63054.060000000005,9786.33,0.0,72840.39,6305.41,978.6400000000001,0.0,7284.04,56748.649999999994,8807.69,0.0,65556.34,1336.1566679999996,668.79972,,2004.9563879999998,31.20026988,462.818955678,,494.019225558,8531.0,5649.0,,14180.0,9898.35,6780.62,,16678.97,17.442441362041215,76.98522541097608,,25.44219216631069,1658.78,1023.38,0.0,2682.16,46527.68000000001,1985.49,0.0,48513.170000000006,,,,,,,,,,,,,,0.0,0.0,65556.34,0.0,0.0,,0.0,,0.0,,,,,,,,65556.34,0.0
281,KARNATAKA,Belagavi,,564.4111257830696,1015.6204103235576,0.0,845.010631376729,489899.0,805730.0,0.0,1295629.0,44262.0,1339891.0,16463.77,45122.69,0.0,61586.46,3305.07,,0.0,3305.07,29757.68,2790.73,0.0,32548.410000000003,6721.61,10963.000000000002,0.0,17684.609999999997,418.98,1169.24,0.0,1588.22,1052.854,1060.0579999999998,0.0,2112.912,,,,,,,,,57719.97,61105.76999999999,0.0,118825.73999999998,,,,,,,,,,,,0.0,,,,0.0,,,,,,,,,,,,,,,,0.0,57719.97,61105.76999999999,0.0,118825.73999999998,5717.03,5624.000000000001,0.0,11341.039999999999,52002.94,55481.770000000004,0.0,107484.70999999999,4460.651020499999,8420.3889255,,12881.039945999999,57.95652500000004,180.35742083333338,,238.31394583333343,25514.415,37063.29,,62577.705,30033.03,45664.04000000001,,75697.06999999999,57.75256168208951,82.30458401020732,,70.42589592510413,6414.789999999999,12559.519999999999,0.0,18974.31,21069.879999999997,13612.009999999997,0.0,34681.88999999999,,,,,,,,,,,,,,0.0,0.0,107484.71,0.0,0.0,,0.0,,0.0,,,,,,,,107484.71,0.0
282,KARNATAKA,Bengaluru (Rural),,0.0,849.7455008025897,0.0,849.7455008025897,0.0,223651.0,0.0,223651.0,6386.0,230037.0,0.0,13645.46,0.0,13645.46,0.0,,0.0,0.0,0.0,0.0,0.0,0.0,0.0,1295.85,0.0,1295.85,0.0,2595.1,0.0,2595.1,0.0,1142.15,0.0,1142.15,,,,,,,,,0.0,18678.56,0.0,18678.56,,,,,,,,,,,,0.0,,,,0.0,,,,,,,,,,,,,,,,0.0,0.0,18678.56,0.0,18678.56,0.0,1867.8700000000003,0.0,1867.8700000000003,0.0,16810.690000000002,0.0,16810.690000000002,,2652.0362355,,2652.0362355,,1287.347733,,1287.347733,,20734.6209,,20734.6209,,24673.989999999998,,24673.989999999998,,146.77559338730293,,146.77559338730293,0.0,3399.7100000000005,0.0,3399.7100000000005,0.0,0.0,0.0,0.0,,,,,,,,,,,,,,0.0,0.0,16810.69,0.0,0.0,,0.0,,0.0,,,,,,,,16810.69,0.0
283,KARNATAKA,Bengaluru (Urban),,0.0,889.0650791922114,0.0,889.0650791922114,0.0,213026.0,0.0,213026.0,6533.0,219559.0,0.0,13365.18,0.0,13365.18,0.0,,,0.0,0.0,0.0,0.0,0.0,0.0,371.93,0.0,371.93,0.0,3065.18,0.0,3065.18,0.0,9159.366,0.0,9159.366,0.0,8303.75,0.0,8303.75,0.0,0.0,0.0,0.0,0.0,34265.4,0.0,34265.4,,,,,,,,,,,,0.0,,,,0.0,,,,,,,,,,,,,,,,0.0,0.0,34265.4,0.0,34265.4,0.0,3426.56,0.0,3426.56,0.0,30838.84,0.0,30838.84,,16223.902812,,16223.902812,,13701.82,,13701.82,,24744.05,,24744.05,,54669.770000000004,,54669.770000000004,,177.27570168008916,,177.27570168008916,0.0,18261.46,0.0,18261.46,0.0,0.0,0.0,0.0,,,,,,,,,,,,,,0.0,0.0,30838.84,0.0,0.0,,0.0,,0.0,,,,,,,,30838.84,0.0
284,KARNATAKA,Bengaluru South,,839.838527259654,890.7041680813245,0.0,886.3150252921555,23643.0,250355.0,0.0,273998.0,78812.0,352810.0,1664.26,15334.52,0.0,16998.78,453.78999999999996,,,453.78999999999996,1582.24,5744.53,0.0,7326.7699999999995,0.0,10156.35,0.0,10156.35,207.8,2117.71,0.0,2325.51,1891.38,15416.25,0.0,17307.63,,,,,,,,,5799.49,48769.369999999995,0.0,54568.86,,,,,,,,,,,,0.0,,,,0.0,,,,,,,,,,,,,,,,0.0,5799.49,48769.369999999995,0.0,54568.86,579.95,4876.95,0.0,5456.9,5219.54,43892.42,0.0,49111.96,159.10613894999997,1957.1159037,,2116.22204265,0.0,1020.5999999999999,,1020.5999999999999,6734.32386369863,34909.70492999999,,41644.02879369861,6893.44,37887.44,,44780.880000000005,132.0698758894462,86.3188678136225,,91.1812112568914,161.16,2383.41,0.0,2544.5700000000006,1037.8600000000001,5992.55,0.0,7030.41,,,,,,,,,,,,,,0.0,0.0,49111.96,0.0,0.0,,0.0,,0.0,,,,,,,,49111.96,0.0
285,KARNATAKA,Bidar,,868.945782917355,849.4250661194798,0.0,850.2268161096176,22397.0,522917.0,0.0,545314.0,139.0,545453.0,1208.22,29793.589999999997,0.0,31001.810000000005,642.25,,0.0,642.25,1881.6899999999998,0.0,0.0,1881.6899999999998,434.0400000000001,3594.3500000000004,0.0,4028.3999999999996,27.180000000000003,199.25000000000003,0.0,226.42999999999998,0.0,193.94,0.0,193.94,,,,,,,,,4193.38,33781.130000000005,0.0,37974.509999999995,,,,,,,,,,,,0.0,,,,0.0,,,,,,,,,,,,,,,,0.0,4193.38,33781.130000000005,0.0,37974.509999999995,401.2,3378.1100000000006,0.0,3779.3100000000004,3792.18,30403.02,0.0,34195.200000000004,437.16123,3997.1419005000002,,4434.3031304999995,0.0,70.13,,70.13,2096.05,16646.71,,18742.760000000002,2533.2000000000003,20713.99,,23247.189999999995,66.80062655253707,68.13135668759223,,67.98378134942914,493.6600000000001,4542.07,0.0,5035.73,1284.5100000000002,9144.089999999998,0.0,10428.599999999999,,,,,,,,,,,,,,0.0,0.0,34195.2,0.0,0.0,,0.0,,0.0,,,,,,,,34195.2,0.0
286,KARNATAKA,Chamarajanagara,,1215.6250596628574,1074.2518880548014,0.0,1105.2710278716684,79195.0,281745.0,0.0,360940.0,202986.0,563926.0,6279.55,18140.719999999998,0.0,24420.27,482.81,,0.0,482.81,6116.8,0.0,0.0,6116.8,2233.21,4549.46,0.0,6782.67,165.04,356.9699999999999,,522.01,350.728,1039.6799999999998,,1390.4080000000001,,,,,,,,,15628.130000000001,24086.829999999998,0.0,39714.96,,,,,,,,,,,,0.0,,,,0.0,,,,,,,,,,,,,,,,0.0,15628.130000000001,24086.829999999998,0.0,39714.96,1562.82,2073.44,0.0,3636.26,14065.310000000001,22013.389999999996,0.0,36078.700000000004,863.7693975,1440.148234,,2303.9176315,1.3344400000000005,28.713140000000003,,30.04758,9175.60298630137,20373.69,,29549.29298630137,10040.71,21842.539999999997,,31883.25,71.38633986737582,99.22388146487206,,88.37139364777555,978.5,1634.4699999999998,0.0,2612.97,3909.87,1828.69,0.0,5738.5599999999995,,,,,,,,,,,,,,0.0,0.0,36078.7,0.0,0.0,,0.0,,0.0,,,,,,,,36078.7,0.0
287,KARNATAKA,Chikkaballapura,,0.0,919.2245446902393,0.0,919.2245446902393,0.0,373482.0,0.0,373482.0,51623.0,425105.0,0.0,22988.840000000004,0.0,22988.840000000004,0.0,,,0.0,0.0,0.0,0.0,0.0,0.0,4030.39,0.0,4030.39,0.0,4014.7499999999995,0.0,4014.7499999999995,0.0,3136.928,,3136.928,,,,,,,,,0.0,34170.92,0.0,34170.92,,,,,,,,,,,,0.0,,,,0.0,,,,,,,,,,,,,,,,0.0,0.0,34170.92,0.0,34170.92,0.0,3417.09,0.0,3417.09,0.0,30753.830000000005,0.0,30753.830000000005,,3049.237521,,3049.237521,,121.3774,,121.3774,,47775.69,,47775.69,,50946.32,,50946.32,,165.65845619878888,,165.65845619878888,0.0,3676.69,0.0,3676.69,0.0,0.0,0.0,0.0,,,,,,,,,,,,,,0.0,0.0,30753.830000000005,0.0,0.0,,0.0,,0.0,,,,,,,,30753.830000000005,0.0
288,KARNATAKA,Chikkamagaluru,,923.3,1255.9747461247796,0.0,1244.6974230567612,14356.0,409138.0,0.0,423494.0,297454.0,720948.0,848.3100000000001,29749.139999999996,0.0,30597.449999999997,1155.0,,,1155.0,2094.6800000000003,11427.57,0.0,13522.25,0.0,8918.84,0.0,8918.84,17.59,1635.58,0.0,1653.1699999999998,0.0,11926.248,0.0,11926.248,,,,,,,,,4115.58,63657.38999999999,0.0,67772.97,,,,,,,,,,,,0.0,,,,0.0,,,,,,,,,,,,,,,,0.0,4115.58,63657.38999999999,0.0,67772.97,411.56,6006.570000000001,0.0,6418.13,3704.02,57650.82,0.0,61354.84,72.5221785,2489.4025650000003,,2561.9247434999997,0.0,202.89499999999998,,202.89499999999998,514.26,30593.620000000006,,31107.88,586.78,33285.9,,33872.68,15.841707118212103,57.737079888889696,,55.20783690414645,91.55,3088.3199999999997,0.0,3179.8699999999994,3098.21,24832.760000000002,0.0,27930.97,,,,,,,,,,,,,,0.0,0.0,61354.83999999999,0.0,0.0,,0.0,,0.0,,,,,,,,61354.83999999999,0.0
289,KARNATAKA,Chitradurga,,517.0,570.3091963191823,0.0,569.3475194918929,14440.0,786021.0,0.0,800461.0,43012.0,843473.0,466.05,30115.77,0.0,30581.820000000003,181.34,,0.0,181.34,1583.64,0.0,0.0,1583.64,388.74,4906.61,0.0,5295.35,0.0,4064.71,0.0,4064.71,75.24,1758.56,0.0,1833.8000000000002,,,,,,,,,2695.01,40845.649999999994,0.0,43540.659999999996,,,,,,,,,,,,0.0,,,,0.0,,,,,,,,,,,,,,,,0.0,2695.01,40845.649999999994,0.0,43540.659999999996,134.75,4084.56,0.0,4219.32,2560.2599999999998,36761.09,0.0,39321.35,199.23459300000002,3780.188784,,3979.423377,0.0,115.50999999999999,,115.50999999999999,3887.3999999999996,44332.08,,48219.479999999996,4086.63,48227.79,,52314.42,159.61777319490992,131.19249184395784,,133.04329581766646,238.18,4512.030000000001,0.0,4750.210000000001,0.0,993.25,0.0,993.25,,,,,,,,,,,,,,0.0,0.0,39321.35,0.0,0.0,,0.0,,0.0,,,,,,,,39321.35,0.0
290,KARNATAKA,Dakshina Kannada,,0.0,4031.798258058744,0.0,4031.798258058744,0.0,357624.0,0.0,357624.0,128476.0,486100.0,0.0,63852.69,0.0,63852.69,0.0,,0.0,0.0,0.0,168.52000000000004,0.0,168.52000000000004,0.0,6907.979999999999,0.0,6907.979999999999,0.0,48.190000000000005,0.0,48.190000000000005,0.0,2350.494,0.0,2350.494,,,,,,,,,0.0,73327.88,0.0,73327.88,,,,,,,,,,,,0.0,,,,0.0,,,,,,,,,,,,,,,,0.0,0.0,73327.88,0.0,73327.88,0.0,7332.789999999999,0.0,7332.789999999999,0.0,65995.09,0.0,65995.09,,5224.749795,,5224.749795,,53.123468749999994,,53.123468749999994,,24888.1905,,24888.1905,,30166.07,,30166.07,,45.709567181437286,,45.709567181437286,0.0,6522.93,0.0,6522.93,0.0,34530.84,0.0,34530.84,,,,,,,,,,,,,,0.0,0.0,65995.09000000001,0.0,0.0,,0.0,,0.0,,,,,,,,65995.09000000001,0.0
291,KARNATAKA,Davanagere,,743.280655561526,726.4463885649399,0.0,732.5659672031878,148880.0,260672.0,0.0,409552.0,38412.0,447964.0,6172.8099999999995,12328.96,0.0,18501.769999999997,762.38,,,762.38,33692.58,0.0,0.0,33692.58,0.0,5090.05,0.0,5090.05,710.0799999999999,2836.4,0.0,3546.4799999999996,324.522,1790.2419999999997,0.0,2114.764,,,,,,,,,41662.380000000005,22045.65,0.0,63708.03,,,,,,,,,,,,0.0,,,,0.0,,,,,,,,,,,,,,,,0.0,41662.380000000005,22045.65,0.0,63708.03,3708.4500000000003,2204.5699999999997,0.0,5913.01,37953.93,19841.08,0.0,57795.01000000001,2371.852125,1313.69121,,3685.543335,140.9671067796607,88.11967630057798,,229.08678308023866,16483.5,30799.9,,47283.4,18996.329999999998,32201.73,,51198.05,50.051022384243204,162.29827206986715,,88.58558896347624,2650.1099999999997,1466.1799999999998,0.0,4116.29,18679.34,0.0,0.0,18679.34,,,,,,,,,,,,,,0.0,0.0,57795.009999999995,0.0,0.0,,0.0,,0.0,,,,,,,,57795.009999999995,0.0
292,KARNATAKA,Dharwad,,764.6804908122429,771.9098815163132,0.0,770.6776163745892,70964.0,345364.0,0.0,416328.0,9157.0,425485.0,2673.3399999999997,16990.34,0.0,19663.68,708.7099999999999,,0.0,708.7099999999999,1293.32,6866.25,0.0,8159.57,607.8599999999999,2809.5600000000004,0.0,3417.4200000000005,19.8,611.44,0.0,631.24,164.068,324.06,0.0,488.128,,,,,,,,,5467.09,27601.650000000005,0.0,33068.74,,,,,,,,,,,,0.0,,,,0.0,,,,,,,,,,,,,,,,0.0,5467.09,27601.650000000005,0.0,33068.74,546.7,2760.1700000000005,0.0,3306.8700000000003,4920.39,24841.479999999996,0.0,29761.869999999995,291.957222,1807.0142016,,2098.9714236,0.9125000000000001,115.30000000000001,,116.2125,2794.2,11910.080000000002,,14704.279999999999,3087.0599999999995,13832.38,,16919.44,62.7401486467536,55.682592180498105,,56.849384800081445,330.46000000000004,2045.32,0.0,2375.78,1794.8300000000002,10770.8,0.0,12565.63,,,,,,,,,,,,,,0.0,0.0,29761.869999999995,0.0,0.0,,0.0,,0.0,,,,,,,,29761.869999999995,0.0
293,KARNATAKA,Gadag,,696.5247615284754,720.7461797331705,0.0,710.9034351941687,177170.0,258817.0,0.0,435987.0,29528.0,465515.0,5729.7,12078.09,0.0,17807.8,1593.17,,,1593.17,10168.070000000002,386.4,0.0,10554.470000000001,1208.73,2015.3899999999999,0.0,3224.12,205.07000000000002,950.08,0.0,1155.15,381.31800000000004,783.8359999999999,0.0,1165.154,,,,,,,,,19286.05,16213.79,0.0,35499.840000000004,,,,,,,,,,,,0.0,,,,0.0,,,,,,,,,,,,,,,,0.0,19286.05,16213.79,0.0,35499.840000000004,1572.79,1374.58,0.0,2947.3700000000003,17713.26,14839.210000000001,0.0,32552.47,381.32280000000003,304.018428,,685.341228,10.13033166666667,21.105558552631585,,31.23589021929826,8689.8,15140.54,,23830.339999999997,9081.25,15465.67,,24546.92,51.26808955550813,104.22165330903735,,75.4072425226104,563.3299999999999,402.14,0.0,965.4699999999999,8450.0,1268.1599999999999,0.0,9718.16,,,,,,,,,,,,,,0.0,0.0,32552.469999999994,0.0,0.0,,0.0,,0.0,,,,,,,,32552.469999999994,0.0
294,KARNATAKA,Hassan,,845.9980569617016,954.8425969036757,0.0,933.4236798105642,117342.0,478955.0,0.0,596297.0,85569.0,681866.0,6251.74,26621.369999999995,0.0,32873.10999999999,669.1600000000001,,0.0,669.1600000000001,21377.07,7647.52,0.0,29024.59,4164.85,10200.99,0.0,14365.84,859.2800000000001,707.87,0.0,1567.1499999999999,389.456,8490.673999999999,0.0,8880.13,,,,,,,,,33711.55,53668.44,0.0,87379.99,,,,,,,,,,,,0.0,,,,0.0,,,,,,,,,,,,,,,,0.0,33711.55,53668.44,0.0,87379.99,3371.1699999999996,4867.52,0.0,8238.69,30340.38,48800.920000000006,0.0,79141.3,221.41140900000002,951.881091,,1173.2925,14.660999999999998,25.604815,,40.265815,12402.130000000001,35035.31301369863,,47437.443013698634,12638.21,36012.8,,48651.01,41.654751852152145,73.79533008803932,,61.473604805581914,250.27999999999997,1056.16,0.0,1306.44,17673.3,16840.329999999998,0.0,34513.63,,,,,,,,,,,,,,0.0,0.0,79141.3,0.0,0.0,,0.0,,0.0,,,,,,,,79141.3,0.0
295,KARNATAKA,Haveri,,764.685196618262,862.3003744332718,0.0,823.7200911865652,187241.0,286513.0,0.0,473754.0,8010.0,481764.0,8647.96,16371.26,0.0,25019.219999999998,1283.16,,,1283.16,24318.15,6481.6500000000015,0.0,30799.8,1352.4199999999998,1924.0,0.0,3276.41,467.53,1675.26,0.0,2142.79,321.272,470.05799999999994,0.0,791.328,,,,,,,,,36390.48,26922.24,0.0,63312.72,,,,,,,,,,,,0.0,,,,0.0,,,,,,,,,,,,,,,,0.0,36390.48,26922.24,0.0,63312.72,3639.07,2692.2400000000002,0.0,6331.3099999999995,32751.409999999996,24229.999999999996,0.0,56981.409999999996,684.9953634900002,1338.71145411,,2023.7068176,7.066399999999996,65.94929499999998,,73.01569499999997,15212.120000000003,19469.079999999998,,34681.2,15904.19,20873.73,,36777.92,48.56032152508855,86.1482872472142,,64.54371697716851,1142.7,1811.54,0.0,2954.24,16461.18,4963.299999999999,0.0,21424.48,,,,,,,,,,,,,,0.0,0.0,56981.40999999999,0.0,0.0,,0.0,,0.0,,,,,,,,56981.40999999999,0.0
296,KARNATAKA,Kalburgi,,810.1471743431152,850.537129443687,0.0,837.5752589469536,351812.0,744455.0,0.0,1096267.0,1262.0,1097529.0,15306.04,42570.95,0.0,57876.990000000005,211.14999999999998,,,211.14999999999998,3602.54,0.0,0.0,3602.54,836.2800000000001,6950.32,0.0,7786.6,50.22000000000001,446.0,0.0,496.22,0.0,4922.878000000001,0.0,4922.878000000001,,,,,,,,,20006.23,54890.15,0.0,74896.38,,,,,,,,,,,,0.0,,,,0.0,,,,,,,,,,,,,,,,0.0,20006.23,54890.15,0.0,74896.38,2000.6399999999999,5470.34,0.0,7470.969999999999,18005.590000000004,49419.81,0.0,67425.40000000001,1601.1310094999997,5763.695764499999,,7364.826774,1.7999999999999998,45.9,,47.699999999999996,4926.938630136986,18830.96876712329,,23757.907397260275,6529.88,24640.57,,31170.449999999997,36.265848550366854,49.8597020101858,,46.22953664346076,2124.6099999999997,7244.299999999999,0.0,9368.91,11083.160000000002,23698.4,0.0,34781.560000000005,,,,,,,,,,,,,,0.0,0.0,67425.4,0.0,0.0,,0.0,,0.0,,,,,,,,67425.4,0.0
297,KARNATAKA,Kodagu,,962.7799999999999,2248.9083539960257,0.0,2215.343046899295,5287.0,197296.0,0.0,202583.0,208756.0,411339.0,285.05,18461.39,0.0,18746.440000000002,102.24000000000001,,,102.24000000000001,1188.0,785.61,0.0,1973.61,300.6,1275.18,0.0,1575.7800000000002,1.4100000000000001,75.01999999999998,0.0,76.43,335.84,718.048,0.0,1053.888,,,,,,,,,2213.14,21315.24,0.0,23528.380000000005,,,,,,,,,,,,0.0,,,,0.0,,,,,,,,,,,,,,,,0.0,2213.14,21315.24,0.0,23528.380000000005,221.32,2014.1899999999998,0.0,2235.5,1991.82,19301.050000000003,0.0,21292.870000000003,12.1062105,924.5744758505311,,936.6806863505312,1.6425,93.24216999999999,,94.88467,1202.4,5345.67,,6548.070000000001,1216.15,6363.5,,7579.65,61.05722404634958,32.969708901847305,,35.5971271134422,12.92,1050.35,0.0,1063.27,774.86,12811.779999999999,0.0,13586.64,,,,,,,,,,,,,,0.0,0.0,21292.87,0.0,0.0,,0.0,,0.0,,,,,,,,21292.87,0.0
298,KARNATAKA,Kolara,,0.0,822.0214370249998,0.0,822.0214370249998,0.0,382763.0,0.0,382763.0,16230.0,398993.0,0.0,21358.77,0.0,21358.77,,,,,0.0,0.0,0.0,0.0,0.0,4309.97,0.0,4309.97,0.0,7057.82,0.0,7057.82,0.0,3976.498,0.0,3976.498,,,,,,,,,0.0,36703.060000000005,0.0,36703.060000000005,,,,,,,,,,,,0.0,,,,0.0,,,,,,,,,,,,,,,,0.0,0.0,36703.060000000005,0.0,36703.060000000005,0.0,3670.31,0.0,3670.31,0.0,33032.75,0.0,33032.75,,4189.652755499999,,4189.652755499999,,226.97000000000003,,226.97000000000003,,56505.97000000001,,56505.97000000001,,60922.590000000004,,60922.590000000004,,184.43087541909168,,184.43087541909168,0.0,4970.25,0.0,4970.25,0.0,0.0,0.0,0.0,,,,,,,,,,,,,,0.0,0.0,33032.75,0.0,0.0,,0.0,,0.0,,,,,,,,33032.75,0.0
299,KARNATAKA,Koppal,,607.2701576575598,642.2999238087859,0.0,627.3684134766776,230119.0,309747.0,0.0,539866.0,17738.0,557604.0,7825.36,11960.11,0.0,19785.47,621.0699999999999,,0.0,621.0699999999999,31614.89,5080.61,0.0,36695.5,1380.74,6624.120000000001,0.0,8004.859999999999,285.77,292.72,0.0,578.49,234.24,351.35999999999996,0.0,585.5999999999999,,,,,,,,,41962.08,24308.92,0.0,66271.0,,,,,,,,,,,,0.0,,,,0.0,,,,,,,,,,,,,,,,0.0,41962.08,24308.92,0.0,66271.0,4196.21,2218.5600000000004,0.0,6414.7699999999995,37765.87,22090.36,0.0,59856.23,1441.252359,1391.277654,,2832.530013,167.6699,109.83696,,277.50686,9349.414383561643,24223.95178082192,,33573.366164383566,10958.34,25725.06,,36683.4,29.01651676500501,116.4537834602967,,61.28585111357665,1824.61,1685.87,0.0,3510.48,26424.17,248.41,0.0,26672.579999999998,,,,,,,,,,,,,,0.0,0.0,59856.23,0.0,0.0,,0.0,,0.0,,,,,,,,59856.23,0.0
300,KARNATAKA,Mandya,,741.358920253094,716.856018265069,0.0,733.2386905881351,322094.0,159649.0,0.0,481743.0,13828.0,495571.0,13851.210000000001,7512.9,0.0,21364.11,4036.22,,,4036.22,28693.7,3506.7599999999998,0.0,32200.46,4043.7000000000003,5786.209999999999,0.0,9829.909999999998,701.48,495.18999999999994,0.0,1196.67,481.47,554.464,0.0,1035.934,,,,,,,,,51807.74999999999,17855.54,0.0,69663.29000000001,,,,,,,,,,,,0.0,,,,0.0,,,,,,,,,,,,,,,,0.0,51807.74999999999,17855.54,0.0,69663.29000000001,4883.870000000001,1648.2499999999998,0.0,6532.1,46923.88,16207.289999999999,0.0,63131.17,2736.735471,1236.19149,,3972.926961,41.0958,55.9685,,97.06429999999999,20129.14956451507,17371.27296732055,,37500.42253183562,22906.99,18663.46,,41570.44,48.81733991306773,115.15472358426362,,65.84772624996495,2927.75,1322.48,0.0,4250.23,23825.88,755.9399999999999,0.0,24581.82,,,,,,,,,,,,,,0.0,0.0,63131.17,0.0,0.0,,0.0,,0.0,,,,,,,,63131.17,0.0
301,KARNATAKA,Mysuru,,787.6996216817964,824.9578182953769,0.0,811.4970007111968,220978.0,390667.0,0.0,611645.0,19411.0,631056.0,10015.82,20991.25,0.0,31007.070000000003,4393.24,,0.0,4393.24,25921.67,1403.51,0.0,27325.179999999997,2875.1400000000003,3774.84,0.0,6649.969999999999,631.4300000000001,836.7600000000002,0.0,1468.19,734.0899999999999,1621.2279999999998,0.0,2355.3179999999998,,,,,,,,,44571.380000000005,28627.559999999998,0.0,73198.94,,,,,,,,,,,,0.0,,,,0.0,,,,,,,,,,,,,,,,0.0,44571.380000000005,28627.559999999998,0.0,73198.94,4363.360000000001,2815.1800000000003,0.0,7178.539999999999,40208.020000000004,25812.38,0.0,66020.4,1160.5779202749998,1860.286573925,,3020.8644942,29.70366391304347,62.982704407894744,,92.68636832093823,12215.17670925926,15662.613695884691,,27877.790405143947,13405.45,17585.88,,30991.329999999998,33.34023908662998,68.12963391984776,,46.942051244766766,1382.9499999999998,2341.49,0.0,3724.44,26580.199999999997,7989.169999999998,0.0,34569.369999999995,,,,,,,,,,,,,,0.0,0.0,66020.40000000001,0.0,0.0,,0.0,,0.0,,,,,,,,66020.40000000001,0.0
302,KARNATAKA,Raichur,,579.5355053469285,581.4990854149845,0.0,580.4605080592178,443588.0,395079.0,0.0,838667.0,8325.0,846992.0,17681.04,17791.73,0.0,35472.77,1447.95,,0.0,1447.95,34801.86,0.0,0.0,34801.86,5151.94,2491.29,0.0,7643.24,335.09,2003.4199999999998,0.0,2338.51,2499.712,2300.4080000000004,0.0,4800.12,,,,,,,,,61917.630000000005,24586.879999999997,0.0,86504.51000000001,,,,,,,,,,,,0.0,,,,0.0,,,,,,,,,,,,,,,,0.0,61917.630000000005,24586.879999999997,0.0,86504.51000000001,5882.91,2138.0800000000004,0.0,8020.990000000001,56034.72,22448.8,0.0,78483.51999999999,1915.5188685000003,1454.253294,,3369.7721625000004,53.95,128.74,,182.69,16135.355342465751,14812.04191780822,,30947.397260273974,18104.82,16395.030000000002,,34499.850000000006,32.3100035121082,73.0329906275614,,43.95808190050601,2755.2000000000003,1977.8500000000001,0.0,4733.050000000001,37090.21,7428.84,0.0,44519.05,,,,,,,,,,,,,,0.0,0.0,78483.52,0.0,0.0,,0.0,,0.0,,,,,,,,78483.52,0.0
303,KARNATAKA,Shivamogga,,793.1825617619447,2069.511160119574,0.0,1916.3738979978687,80956.0,593775.0,0.0,674731.0,172586.0,847317.0,3595.9199999999996,59565.94,0.0,63161.86,1347.48,,,1347.48,25880.300000000003,5090.49,0.0,30970.79,1509.71,8955.86,0.0,10465.57,14.22,1867.8300000000002,0.0,1882.05,30.240000000000002,378.44999999999993,0.0,408.69,,,,,,,,,32377.86,75858.56,0.0,108236.41999999998,,,,,,,,,,,,0.0,,,,0.0,,,,,,,,,,,,,,,,0.0,32377.86,75858.56,0.0,108236.41999999998,3237.7799999999997,6883.570000000001,0.0,10121.349999999999,29140.079999999998,68974.99,0.0,98115.07,207.9314115,2506.5421619999997,,2714.4735735,272.49999999999994,0.0,,272.49999999999994,5112.599999999999,33506.893835616436,,38619.493835616435,5593.03,36013.42,,41606.45,19.193598644890475,52.21228738126674,,42.40576906279534,230.26999999999998,2753.44,0.0,2983.71,23524.719999999998,35289.75,0.0,58814.47,,,,,,,,,,,,,,0.0,0.0,98115.07,0.0,0.0,,0.0,,0.0,,,,,,,,98115.07,0.0
304,KARNATAKA,Tumakuru,,796.0283372990942,732.3732987522958,0.0,745.3500171944853,202147.0,789450.0,0.0,991597.0,68728.0,1060325.0,10299.419999999998,43168.74,0.0,53468.159999999996,1185.0100000000002,,,1185.0100000000002,10705.11,0.0,0.0,10705.11,0.0,13725.59,0.0,13725.59,751.53,2361.0,0.0,3112.5299999999997,800.7999999999998,2002.614,0.0,2803.4139999999998,,,,,,,,,23741.87,61257.94,0.0,84999.81,,,,,,,,,,,,0.0,,,,0.0,,,,,,,,,,,,,,,,0.0,23741.87,61257.94,0.0,84999.81,2374.18,6125.81,0.0,8499.989999999998,21367.690000000002,55132.13,0.0,76499.81999999999,1436.573862,4424.954787000001,,5861.528648999998,46.19076923076922,132.67063490177782,,178.86140413254702,7200.79948,56702.6690713427,,63903.4685513427,8683.54,61260.32,,69943.85999999999,40.638646479801984,111.11546025883636,,91.43009748258231,1696.49,5193.88,0.0,6890.37,12424.23,2091.84,0.0,14516.07,,,,,,,,,,,,,,0.0,0.0,76499.82,0.0,0.0,,0.0,,0.0,,,,,,,,76499.82,0.0
305,KARNATAKA,Udupi,,0.0,4419.644793935846,0.0,4419.644793935846,0.0,286998.0,0.0,286998.0,70074.0,357072.0,0.0,44022.009999999995,0.0,44022.009999999995,0.0,,,0.0,0.0,0.0,0.0,0.0,0.0,4567.55,0.0,4567.55,0.0,38.24999999999999,0.0,38.24999999999999,0.0,6138.8099999999995,0.0,6138.8099999999995,,,,,,,,,0.0,54766.61000000001,0.0,54766.61000000001,,,,,,,,,,,,0.0,,,,0.0,,,,,,,,,,,,,,,,0.0,0.0,54766.61000000001,0.0,54766.61000000001,0.0,5476.669999999999,0.0,5476.669999999999,0.0,49289.94,0.0,49289.94,,2124.74019,,2124.74019,,61.303,,61.303,,13997.689999999999,,13997.689999999999,,16183.730000000001,,16183.730000000001,,32.833738487001604,,32.833738487001604,0.0,2311.02,0.0,2311.02,0.0,32919.93,0.0,32919.93,,,,,,,,,,,,,,0.0,0.0,49289.94,0.0,0.0,,0.0,,0.0,,,,,,,,49289.94,0.0
306,KARNATAKA,Uttara Kannada,,0.0,2600.682383060916,0.0,2600.682383060916,0.0,658548.0,0.0,658548.0,371143.0,1029691.0,0.0,82234.05000000002,0.0,82234.05000000002,0.0,,0.0,0.0,0.0,0.0,0.0,0.0,0.0,6684.08,0.0,6684.08,0.0,1120.8400000000001,0.0,1120.8400000000001,0.0,2685.0339999999997,0.0,2685.0339999999997,,,,,,,,,0.0,92723.98999999999,0.0,92723.98999999999,,,,,,,,,,,,0.0,,,,0.0,,,,,,,,,,,,,,,,0.0,0.0,92723.98999999999,0.0,92723.98999999999,0.0,8951.92,0.0,8951.92,0.0,83772.07,0.0,83772.07,,3167.2145729999997,,3167.2145729999997,,29.381913124999997,,29.381913124999997,,22383.841343473097,,22383.841343473097,,25580.44,,25580.44,,30.535762098274517,,30.535762098274517,0.0,3425.79,0.0,3425.79,0.0,57933.07,0.0,57933.07,,,,,,,,,,,,,,0.0,0.0,83772.07,0.0,0.0,,0.0,,0.0,,,,,,,,83772.07,0.0
307,KARNATAKA,Vijayanagara,,673.1737191831919,646.9527487274794,0.0,649.7528267559421,57639.0,482114.0,0.0,539753.0,27012.0,566765.0,2329.7,20081.649999999998,0.0,22411.35,438.21000000000004,,,438.21000000000004,5701.71,6394.43,0.0,12096.140000000001,862.21,6178.39,0.0,7040.6,160.76,715.9100000000001,0.0,876.6700000000001,24.0,498.0,0.0,522.0,,,,,,,,,9516.61,33868.369999999995,0.0,43384.98,,,,,,,,,,,,0.0,,,,0.0,,,,,,,,,,,,,,,,0.0,9516.61,33868.369999999995,0.0,43384.98,951.67,2629.63,0.0,3581.3,8564.939999999999,31238.739999999998,0.0,39803.68,180.63262350000002,1412.025714,,1592.6583375,12.986874628199999,19.172874942,,32.1597495702,4419.0,26073.0,,30492.0,4612.63,27504.199999999997,,32116.829999999998,53.85478473871388,88.04516443364872,,80.68809215630313,227.76000000000002,1677.42,0.0,1905.1800000000003,4834.96,4461.34,0.0,9296.3,,,,,,,,,,,,,,0.0,0.0,39803.67999999999,0.0,0.0,,0.0,,0.0,,,,,,,,39803.67999999999,0.0
308,KARNATAKA,Vijayapura,,612.0418353459866,620.3726719980247,0.0,612.6782934205157,968711.9437730255,80129.2180123979,0.0,1048841.1617854233,1462.87,1050304.0364782591,62965.979999999996,5790.68,0.0,68756.66,1070.6599999999999,,,1070.6599999999999,23426.550000000003,1171.3000000000002,0.0,24597.85,6006.2699999999995,911.25,0.0,6917.53,1054.37,14.029999999999998,0.0,1068.3999999999999,2855.8379999999997,166.746,0.0,3022.5839999999994,,,,,,,,,97379.7,8054.02,0.0,105433.72,,,,,,,,,,,,0.0,,,,0.0,,,,,,,,,,,,,,,,0.0,97379.7,8054.02,0.0,105433.72,9321.62,805.4,0.0,10127.019999999999,88058.07999999999,7248.620000000001,0.0,95306.69999999997,4940.699787,191.959632,,5132.659419,43.800000000000004,18.25,,62.050000000000004,32314.85,5338.74,,37653.590000000004,37299.32,5548.93,,42848.26,42.357634870076666,76.5515367062972,,44.95828729774509,5793.57,225.09999999999997,0.0,6018.67,49905.89,3416.38,0.0,53322.27,,,,,,,,,,,,,,0.0,0.0,95306.69999999998,0.0,0.0,,0.0,,0.0,,,,,,,,95306.69999999998,0.0
309,KARNATAKA,Yadgir,,832.9290364695171,846.7260246741042,0.0,837.3738942947745,349278.0,166004.0,0.0,515282.0,12217.0,527499.0,15451.89,7801.1900000000005,0.0,23253.079999999998,1208.3200000000002,,,1208.3200000000002,23648.46,0.0,0.0,23648.46,1018.96,2381.3500000000004,0.0,3400.3100000000004,1457.64,1448.47,0.0,2906.11,2459.146,3099.2900000000004,0.0,5558.436,,,,,,,,,45244.41,14730.310000000001,0.0,59974.719999999994,,,,,,,,,,,,0.0,,,,0.0,,,,,,,,,,,,,,,,0.0,45244.41,14730.310000000001,0.0,59974.719999999994,4524.43,1473.0400000000002,0.0,5997.46,40719.979999999996,13257.27,0.0,53977.25,2077.4060775,1062.379512,,3139.7855895,125.10000000000001,1047.4,,1172.5000000000002,6811.1,9421.55,,16232.650000000001,9013.6,11531.330000000002,,20544.929999999997,22.135570793502357,86.98118089169189,,38.06220213145352,2609.1400000000003,1379.39,0.0,3988.53,31174.65,2378.54,0.0,33553.19,,,,,,,,,,,,,,0.0,0.0,53977.25,0.0,0.0,,0.0,,0.0,,,,,,,,53977.25,0.0
310,KERALA,ALAPPUZHA,,0.0,2688.5,0.0,2688.5,0.0,141403.0,0.0,141403.0,0.0,141403.0,0.0,31968.530000000006,0.0,31968.530000000006,0.0,,0.0,0.0,0.0,5970.9,0.0,5970.9,0.0,883.47,0.0,883.47,0.0,149.05,0.0,149.05,0.0,0.0,0.0,0.0,,,,,,,,,0.0,38971.95,0.0,38971.95,,0.0,,0.0,,,,,,0.0,,0.0,,0.0,,0.0,0.0,0.0,0.0,0.0,0.0,0.0,0.0,0.0,0.0,0.0,0.0,0.0,0.0,0.0,0.0,0.0,0.0,38971.95,0.0,38971.95,0.0,3259.36,0.0,3259.36,0.0,35712.59000000001,0.0,35712.59000000001,,9283.290453374999,,9283.290453374999,,262.61675,,262.61675,,3737.237,,3737.237,,13283.159999999998,,13283.159999999998,,37.194614000272715,,37.194614000272715,0.0,9382.099999999999,0.0,9382.099999999999,0.0,22330.61,0.0,22330.61,,,,,,,0.0,0.0,0.0,,,,,0.0,0.0,35712.590000000004,0.0,0.0,,133.85,,133.85,,,,,,,,35712.590000000004,0.0
311,KERALA,ERNAKULAM,,0.0,3146.2000000000007,0.0,3146.2000000000007,0.0,226947.5,0.0,226947.5,67499.5,294447.0,0.0,40152.36000000001,0.0,40152.36000000001,0.0,,0.0,0.0,0.0,3420.83,0.0,3420.83,0.0,2179.5600000000004,0.0,2179.5600000000004,0.0,16.560000000000002,0.0,16.560000000000002,0.0,207.39999999999998,0.0,207.39999999999998,,,,,,,,,0.0,45976.71,0.0,45976.71,,0.0,,0.0,,,,,,0.0,,0.0,,0.0,,0.0,0.0,0.0,0.0,0.0,0.0,0.0,0.0,0.0,0.0,0.0,0.0,0.0,0.0,0.0,0.0,0.0,0.0,45976.71,0.0,45976.71,0.0,4512.379999999999,0.0,4512.379999999999,0.0,41464.33,0.0,41464.33,,9448.826831999999,,9448.826831999999,,261.7982,,261.7982,,7933.2675,,7933.2675,,17643.89,,17643.89,,42.55197177911713,,42.55197177911713,0.0,10064.28,0.0,10064.28,0.0,23205.0,0.0,23205.0,,,,,,,0.0,0.0,0.0,,,,,0.0,0.0,41464.33,0.0,0.6699999999999999,,119.22,,119.91999999999999,,,,,,,,41464.33,0.0
312,KERALA,IDUKKI,,0.0,2921.5765508627896,0.0,2921.5765508627896,0.0,108891.0,0.0,108891.0,326914.0,435805.0,0.0,13922.61,0.0,13922.61,0.0,,0.0,0.0,0.0,7298.389999999999,0.0,7298.389999999999,0.0,1527.92,0.0,1527.92,0.0,7.960000000000001,0.0,7.960000000000001,0.0,27.554,0.0,27.554,,,,,,,,,0.0,22784.44,0.0,22784.44,0.0,0.0,0.0,0.0,,,,,0.0,0.0,0.0,0.0,0.0,0.0,0.0,0.0,0.0,0.0,0.0,0.0,0.0,0.0,0.0,0.0,0.0,0.0,0.0,0.0,0.0,0.0,0.0,0.0,0.0,22784.44,0.0,22784.44,0.0,2278.4400000000005,0.0,2278.4400000000005,0.0,20506.0,0.0,20506.0,,4058.1589687499995,,4058.1589687499995,,13.2675,,13.2675,,6066.22,,6066.22,,10137.66,,10137.66,,49.43753047888423,,49.43753047888423,0.0,4058.1600000000008,0.0,4058.1600000000008,0.0,10368.34,0.0,10368.34,,,,,,,0.0,0.0,50.256719999999994,,,,,0.0,0.0,20506.0,0.0,0.08,,10.78,,10.86,,,,,,,,20506.0,0.0
313,KERALA,KANNUR,,0.0,3277.0,0.0,3277.0,0.0,232396.0,0.0,232396.0,64400.0,296796.0,0.0,38291.67999999999,0.0,38291.67999999999,0.0,,0.0,0.0,0.0,1366.22,0.0,1366.22,0.0,2324.81,0.0,2324.81,0.0,193.12,0.0,193.12,0.0,330.848,0.0,330.848,,,,,,,,,0.0,42506.67999999999,0.0,42506.67999999999,,,,,,,,,,,,0.0,,,,0.0,,,,,,,,,,,,,,,,0.0,0.0,42506.67999999999,0.0,42506.67999999999,0.0,4250.67,0.0,4250.67,0.0,38256.009999999995,0.0,38256.009999999995,,8908.89596475,,8908.89596475,,48.0115,,48.0115,,8412.755000000001,,8412.755000000001,,17369.68,,17369.68,,45.403794070526445,,45.403794070526445,0.0,9411.41,0.0,9411.41,0.0,20383.82,0.0,20383.82,,,,,,,,,,,,,,0.0,0.0,38256.009999999995,0.0,0.0,,0.0,,0.0,,,,,,,,38256.009999999995,0.0
314,KERALA,KASARGOD,,0.0,3453.0,0.0,3453.0,0.0,164830.0,0.0,164830.0,31300.0,196130.0,0.0,26449.07,0.0,26449.07,0.0,,0.0,0.0,0.0,2239.4,0.0,2239.4,0.0,3957.32,0.0,3957.32,0.0,7.4799999999999995,0.0,7.4799999999999995,0.0,2055.2639999999997,0.0,2055.2639999999997,,,,,,,,,0.0,34708.53,0.0,34708.53,,0.0,,0.0,,,,,,0.0,,0.0,,,,0.0,0.0,0.0,0.0,0.0,0.0,0.0,0.0,0.0,0.0,0.0,0.0,0.0,0.0,0.0,0.0,0.0,0.0,34708.53,0.0,34708.53,0.0,3470.8599999999997,0.0,3470.8599999999997,0.0,31237.67,0.0,31237.67,,5160.16033875,,5160.16033875,,4.526,,4.526,,16504.199999999997,,16504.199999999997,,21668.899999999998,,21668.899999999998,,69.36784977880872,,69.36784977880872,0.0,5670.65,0.0,5670.65,0.0,9058.29,0.0,9058.29,,,,,,,0.0,0.0,1.3932,,,,,0.0,0.0,31237.670000000002,0.0,1.28,,40.69,,41.97,,,,,,,,31237.670000000002,0.0
315,KERALA,KOLLAM,,0.0,2361.0,0.0,2361.0,0.0,211200.0,0.0,211200.0,37900.0,249100.0,0.0,32101.78,0.0,32101.78,0.0,,0.0,0.0,0.0,1090.7400000000002,0.0,1090.7400000000002,0.0,1438.4699999999998,0.0,1438.4699999999998,0.0,928.8000000000001,0.0,928.8000000000001,0.0,265.61999999999995,0.0,265.61999999999995,,,,,,,,,0.0,35825.41,0.0,35825.41,,0.0,,0.0,,,,,0.0,0.0,0.0,0.0,0.0,0.0,0.0,0.0,0.0,0.0,0.0,0.0,0.0,0.0,0.0,0.0,0.0,0.0,0.0,0.0,0.0,0.0,0.0,0.0,0.0,35825.41,0.0,35825.41,0.0,3489.69,0.0,3489.69,0.0,32335.720000000005,0.0,32335.720000000005,,10273.31436375,,10273.31436375,,29.91058,,29.91058,,4994.442,,4994.442,,15297.659999999996,,15297.659999999996,,47.30885843890284,,47.30885843890284,0.0,10501.899999999998,0.0,10501.899999999998,0.0,16809.47,0.0,16809.47,,,,,,,0.0,0.0,9.1368,,,,,0.0,0.0,32335.720000000005,0.0,5.310000000000001,,108.66000000000001,,113.97000000000001,,,,,,,,32335.720000000005,0.0
316,KERALA,KOTTAYAM,,0.0,2925.577159441468,0.0,2925.577159441468,0.0,197088.0,0.0,197088.0,25000.0,222088.0,0.0,35741.92999999999,0.0,35741.92999999999,0.0,,0.0,0.0,0.0,4836.33,0.0,4836.33,0.0,1400.69,0.0,1400.69,0.0,18.4,0.0,18.4,0.0,185.632,0.0,185.632,,,,,,,,,0.0,42182.990000000005,0.0,42182.990000000005,,,,,,,,,,,,0.0,,,,0.0,0.0,0.0,0.0,0.0,0.0,0.0,0.0,0.0,0.0,0.0,0.0,0.0,0.0,0.0,0.0,0.0,0.0,42182.990000000005,0.0,42182.990000000005,0.0,3958.4100000000008,0.0,3958.4100000000008,0.0,38224.579999999994,0.0,38224.579999999994,,7485.031095000001,,7485.031095000001,,15.7225,,15.7225,,4897.6915,,4897.6915,,12398.4,,12398.4,,32.43567359013494,,32.43567359013494,0.0,7647.259999999999,0.0,7647.259999999999,0.0,25663.940000000002,0.0,25663.940000000002,,,,,,,0.0,0.0,0.0,,,,,0.0,0.0,38224.579999999994,0.0,2.67,,142.69,,145.35999999999999,,,,,,,,38224.579999999994,0.0
317,KERALA,KOZHIKKODE,,0.0,3364.4,0.0,3364.4,0.0,166180.0,0.0,166180.0,68050.0,234230.0,0.0,31090.189999999995,0.0,31090.189999999995,0.0,,0.0,0.0,0.0,301.68,0.0,301.68,0.0,1401.98,0.0,1401.98,0.0,384.4,0.0,384.4,0.0,0.0,0.0,0.0,,,,,,,,,0.0,33178.26,0.0,33178.26,,0.0,,0.0,,,,,,,,0.0,,,,0.0,0.0,0.0,0.0,0.0,0.0,0.0,0.0,0.0,0.0,0.0,0.0,0.0,0.0,0.0,0.0,0.0,0.0,33178.26,0.0,33178.26,0.0,3225.61,0.0,3225.61,0.0,29952.65,0.0,29952.65,,12677.02036725,,12677.02036725,,6.205,,6.205,,4722.297500000001,,4722.297500000001,,17405.510000000002,,17405.510000000002,,58.11008374885027,,58.11008374885027,0.0,13759.259999999998,0.0,13759.259999999998,0.0,11464.9,0.0,11464.9,,,,,,,0.0,0.0,0.0,,,,,0.0,0.0,29952.65,0.0,0.0,,0.0,,0.0,,,,,,,,29952.65,0.0
318,KERALA,MALAPPURAM,,0.0,2726.2000000000003,0.0,2726.2000000000003,0.0,254181.0,0.0,254181.0,100800.0,354981.0,0.0,39260.689999999995,0.0,39260.689999999995,0.0,,0.0,0.0,0.0,4817.339999999999,0.0,4817.339999999999,0.0,2828.379999999999,0.0,2828.379999999999,0.0,22.860000000000003,0.0,22.860000000000003,0.0,714.51,0.0,714.51,,,,,,,,,0.0,47643.780000000006,0.0,47643.780000000006,,,,,,,,,,,,0.0,,,,0.0,0.0,0.0,0.0,0.0,0.0,0.0,0.0,0.0,0.0,0.0,0.0,0.0,0.0,0.0,0.0,0.0,0.0,47643.780000000006,0.0,47643.780000000006,0.0,4634.899999999999,0.0,4634.899999999999,0.0,43008.88,0.0,43008.88,,18654.331742999995,,18654.331742999995,,6.767693125,,6.767693125,,10467.391,,10467.391,,29128.510000000002,,29128.510000000002,,67.72673457202328,,67.72673457202328,0.0,21715.91,0.0,21715.91,0.0,10818.789999999999,0.0,10818.789999999999,,,,,,,0.0,0.0,29.065679999999997,,,,,0.0,0.0,43008.87999999999,0.0,321.57,,10707.930000000002,,11029.480000000001,,,,,,,,43008.87999999999,0.0
319,KERALA,PALAKKAD,,0.0,2182.7000000000003,0.0,2182.7000000000003,0.0,298228.0,0.0,298228.0,149394.0,447622.0,0.0,36109.37,0.0,36109.37,0.0,,0.0,0.0,0.0,19580.539999999997,0.0,19580.539999999997,0.0,4834.509999999999,0.0,4834.509999999999,0.0,862.4100000000001,0.0,862.4100000000001,0.0,0.0,0.0,0.0,,,,,,,,,0.0,61386.83000000001,0.0,61386.83000000001,,,,,,,,,0.0,0.0,0.0,0.0,,,,0.0,0.0,0.0,0.0,0.0,0.0,0.0,0.0,0.0,0.0,0.0,0.0,0.0,0.0,0.0,0.0,0.0,0.0,61386.83000000001,0.0,61386.83000000001,0.0,5735.0199999999995,0.0,5735.0199999999995,0.0,55651.81,0.0,55651.81,,12315.438281999997,,12315.438281999997,,612.50365,,612.50365,,18393.869,,18393.869,,31321.81,,31321.81,,56.281745373600614,,56.281745373600614,0.0,13378.720000000005,0.0,13378.720000000005,0.0,23266.719999999998,0.0,23266.719999999998,,,,,,,0.0,0.0,185.27399999999997,,,,,0.0,0.0,55651.81,0.0,0.0,,0.0,,0.0,,,,,,,,55651.81,0.0
320,KERALA,PATHANAMTHITTA,,0.0,2776.4,0.0,2776.4,0.0,129665.0,0.0,129665.0,133010.0,262675.0,0.0,22898.34,0.0,22898.34,0.0,,0.0,0.0,0.0,959.0000000000002,0.0,959.0000000000002,0.0,1071.95,0.0,1071.95,0.0,567.9500000000002,0.0,567.9500000000002,0.0,374.51,0.0,374.51,,,,,,,,,0.0,25871.78,0.0,25871.78,,0.0,,0.0,,,,,,0.0,,0.0,,0.0,,0.0,0.0,0.0,0.0,0.0,0.0,0.0,0.0,0.0,0.0,0.0,0.0,0.0,0.0,0.0,0.0,0.0,0.0,25871.78,0.0,25871.78,0.0,2484.4400000000005,0.0,2484.4400000000005,0.0,23387.339999999997,0.0,23387.339999999997,,3507.548895,,3507.548895,,8.6213,,8.6213,,3776.149,,3776.149,,7292.32,,7292.32,,31.1806302042045,,31.1806302042045,0.0,3507.54,0.0,3507.54,0.0,16095.02,0.0,16095.02,,,,,,,0.0,0.0,0.0,,,,,0.0,0.0,23387.339999999997,0.0,0.0,,0.0,,0.0,,,,,,,,23387.339999999997,0.0
321,KERALA,THIRUVANANTHAPURAM,,0.0,1818.94,0.0,1818.94,0.0,194297.0,0.0,194297.0,24500.0,218797.0,0.0,22507.41,0.0,22507.41,0.0,,0.0,0.0,0.0,3148.7599999999998,0.0,3148.7599999999998,0.0,1223.21,0.0,1223.21,0.0,351.97,0.0,351.97,0.0,452.35400000000004,0.0,452.35400000000004,,,,,,,,,0.0,27683.689999999995,0.0,27683.689999999995,,,,,,,,,,,,0.0,,,,0.0,0.0,0.0,0.0,0.0,0.0,0.0,0.0,0.0,0.0,0.0,0.0,0.0,0.0,0.0,0.0,0.0,0.0,27683.689999999995,0.0,27683.689999999995,0.0,2545.62,0.0,2545.62,0.0,25138.069999999996,0.0,25138.069999999996,,10876.79098275,,10876.79098275,,8.882349999999999,,8.882349999999999,,4892.458,,4892.458,,15778.160000000002,,15778.160000000002,,62.76599595752579,,62.76599595752579,0.0,11406.789999999999,0.0,11406.789999999999,0.0,8829.9,0.0,8829.9,,,,,,,0.0,0.0,0.0,,,,,0.0,0.0,25138.069999999996,0.0,2.52,,78.59,,81.10999999999999,,,,,,,,25138.069999999996,0.0
322,KERALA,THRISSUR,,0.0,2965.9,0.0,2965.9,0.0,236685.0,0.0,236685.0,65700.0,302385.0,0.0,45239.159999999996,0.0,45239.159999999996,0.0,,0.0,0.0,0.0,11146.51,0.0,11146.51,0.0,4337.3,0.0,4337.3,0.0,604.36,0.0,604.36,0.0,1528.9280000000003,0.0,1528.9280000000003,,,,,,,,,0.0,62856.27,0.0,62856.27,,,,,,,,,,,,0.0,,,,0.0,0.0,0.0,0.0,0.0,0.0,0.0,0.0,0.0,0.0,0.0,0.0,0.0,0.0,0.0,0.0,0.0,0.0,62856.27,0.0,62856.27,0.0,5836.72,0.0,5836.72,0.0,57019.54999999999,0.0,57019.54999999999,,11308.270038750003,,11308.270038750003,,52.02064418568493,,52.02064418568493,,21114.797000000002,,21114.797000000002,,32475.08000000001,,32475.08000000001,,56.95429023904962,,56.95429023904962,0.0,11912.76,0.0,11912.76,0.0,23940.0,0.0,23940.0,,,,,,,0.0,0.0,4.83552,,,,,0.0,0.0,57019.54999999999,0.0,2.27,,102.82,,105.08000000000001,,,,,,,,57019.54999999999,0.0
323,KERALA,WAYANAD,,0.0,3060.4000000000005,0.0,3060.4000000000005,0.0,142762.0,0.0,142762.0,70300.0,213062.0,0.0,22538.83,0.0,22538.83,0.0,,0.0,0.0,0.0,124.01,0.0,124.01,0.0,427.44000000000005,0.0,427.44000000000005,0.0,258.39,0.0,258.39,0.0,559.076,0.0,559.076,,,,,,,,,0.0,23907.750000000004,0.0,23907.750000000004,,,,,,,,,0.0,0.0,0.0,0.0,0.0,0.0,0.0,0.0,0.0,0.0,0.0,0.0,0.0,0.0,0.0,0.0,0.0,0.0,0.0,0.0,0.0,0.0,0.0,0.0,0.0,23907.750000000004,0.0,23907.750000000004,0.0,2390.7799999999997,0.0,2390.7799999999997,0.0,21516.969999999998,0.0,21516.969999999998,,3561.777675,,3561.777675,,0.7482500000000001,,0.7482500000000001,,1682.38,,1682.38,,5244.91,,5244.91,,24.37569044340351,,24.37569044340351,0.0,3752.99,0.0,3752.99,0.0,16080.839999999998,0.0,16080.839999999998,,,,,,,0.0,0.0,13.582079999999998,,,,,0.0,0.0,21516.969999999998,0.0,0.03,,15.020000000000001,,15.049999999999999,,,,,,,,21516.969999999998,0.0
324,LADAKH,KARGIL,,0.0,89.3,0.0,89.3,0.0,24900.0,0.0,24900.0,668100.0,693000.0,0.0,489.19,0.0,489.19,,,,,0.0,1071.6599999999999,0.0,1071.6599999999999,0.0,0.0,0.0,0.0,,,,,,,,,,,,,,,,,0.0,1560.8500000000001,0.0,1560.8500000000001,,,,,,,,,,,,0.0,,,,0.0,0.0,0.0,0.0,0.0,0.0,0.0,0.0,0.0,0.0,0.0,0.0,0.0,0.0,0.0,0.0,0.0,0.0,1560.8500000000001,0.0,1560.8500000000001,0.0,156.07,0.0,156.07,0.0,1404.78,0.0,1404.78,,454.569,,454.569,,17.899,,17.899,,7.239,,7.239,,479.71999999999997,,479.71999999999997,,34.14911943507168,,34.14911943507168,0.0,454.57000000000005,0.0,454.57000000000005,0.0,925.06,0.0,925.06,,,,,,,0.0,0.0,0.0,,,,,0.0,0.0,1404.78,0.0,0.0,,0.0,,0.0,,,,,,,,1404.78,0.0
325,LADAKH,LEH,,0.0,62.4,0.0,62.4,0.0,71400.0,0.0,71400.0,2799200.0,2870600.0,0.0,980.19,0.0,980.19,,,,,0.0,4200.85,0.0,4200.85,0.0,0.0,0.0,0.0,,,,,,,,,,,,,,,,,0.0,5181.039999999999,0.0,5181.039999999999,,,,,,,,,,,,0.0,,,,0.0,0.0,0.0,0.0,0.0,0.0,0.0,0.0,0.0,0.0,0.0,0.0,0.0,0.0,0.0,0.0,0.0,0.0,5181.039999999999,0.0,5181.039999999999,0.0,518.12,0.0,518.12,0.0,4662.92,0.0,4662.92,,1281.61,,1281.61,,49.855,,49.855,,65.67200000000001,,65.67200000000001,,1397.1599999999999,,1397.1599999999999,,29.96319902550333,,29.96319902550333,0.0,1281.61,0.0,1281.61,0.0,3265.76,0.0,3265.76,,,,,,,0.0,0.0,0.0,,,,,0.0,0.0,4662.92,0.0,0.0,,0.0,,0.0,,,,,,,,4662.92,0.0
326,LAKSHDWEEP,AMINI,,0.0,1805.54,0.0,1805.54,0.0,571.0,0.0,571.0,0.0,571.0,0.0,300.70000000000005,0.0,300.70000000000005,0.0,,0.0,0.0,0.0,0.0,0.0,0.0,0.0,0.0,0.0,0.0,0.0,0.0,0.0,0.0,0.0,0.0,0.0,0.0,,,,,,,,,0.0,300.70000000000005,0.0,300.70000000000005,,,,,,,,,,,,0.0,,,,0.0,0.0,0.0,0.0,0.0,0.0,0.0,0.0,0.0,0.0,52.92,0.0,52.92,0.0,-52.92,0.0,-52.92,0.0,247.78000000000003,0.0,247.78000000000003,0.0,120.28,0.0,120.28,0.0,127.5,0.0,127.5,,65.4691311899841,,65.4691311899841,,0.0,,0.0,,0.0,,0.0,,65.47,,65.47,,51.34901960784314,,51.34901960784314,0.0,75.08,0.0,75.08,0.0,52.419999999999995,0.0,52.419999999999995,,,,,,,0.0,0.0,0.0,,,,,0.0,0.0,127.5,0.0,0.0,,0.0,,0.0,,,,,,,,127.5,0.0
327,LAKSHDWEEP,ANDROTH,,0.0,1805.54,0.0,1805.54,0.0,712.0,0.0,712.0,0.0,712.0,0.0,374.95,0.0,374.95,0.0,,0.0,0.0,0.0,0.0,0.0,0.0,0.0,0.0,0.0,0.0,0.0,0.0,0.0,0.0,0.0,0.0,0.0,0.0,,,,,,,,,0.0,374.95,0.0,374.95,,,,,,,,,,,,0.0,,,,0.0,0.0,0.0,0.0,0.0,0.0,0.0,0.0,0.0,0.0,63.07000000000001,0.0,63.07000000000001,0.0,-63.07000000000001,0.0,-63.07000000000001,0.0,311.88,0.0,311.88,0.0,149.97,0.0,149.97,0.0,161.91,0.0,161.91,,86.6876482690329,,86.6876482690329,,0.0,,0.0,,0.0,,0.0,,86.68,,86.68,,53.535915014514245,,53.535915014514245,0.0,99.41,0.0,99.41,0.0,62.51,0.0,62.51,,,,,,,0.0,0.0,0.0,,,,,0.0,0.0,161.91,0.0,0.0,,0.0,,0.0,,,,,,,,161.91,0.0
328,LAKSHDWEEP,KAVARATTI,,0.0,1805.5399999999997,0.0,1805.5399999999997,0.0,634.0,0.0,634.0,0.0,634.0,0.0,333.87,0.0,333.87,0.0,,0.0,0.0,0.0,0.0,0.0,0.0,0.0,0.0,0.0,0.0,0.0,0.0,0.0,0.0,0.0,0.0,0.0,0.0,,,,,,,,,0.0,333.87,0.0,333.87,,,,,,,,,,,,0.0,,,,0.0,0.0,0.0,0.0,0.0,0.0,0.0,0.0,0.0,0.0,64.15,0.0,64.15,0.0,-64.15,0.0,-64.15,0.0,269.72,0.0,269.72,0.0,133.55,0.0,133.55,0.0,136.17000000000002,0.0,136.17000000000002,,101.6625060780647,,101.6625060780647,,0.0,,0.0,,0.0,,0.0,,101.66,,101.66,,74.65667915106117,,74.65667915106117,0.0,116.60000000000001,0.0,116.60000000000001,0.0,19.57,0.0,19.57,,,,,,,0.0,0.0,0.0,,,,,0.0,0.0,136.17000000000002,0.0,0.0,,0.0,,0.0,,,,,,,,136.17000000000002,0.0
329,LAKSHDWEEP,KILTAN,,0.0,1805.5400000000002,0.0,1805.5400000000002,0.0,267.0,0.0,267.0,0.0,267.0,0.0,140.60000000000002,0.0,140.60000000000002,0.0,,0.0,0.0,0.0,0.0,0.0,0.0,0.0,0.0,0.0,0.0,0.0,0.0,0.0,0.0,0.0,0.0,0.0,0.0,,,,,,,,,0.0,140.60000000000002,0.0,140.60000000000002,,,,,,,,,,,,0.0,,,,0.0,0.0,0.0,0.0,0.0,0.0,0.0,0.0,0.0,0.0,26.14,0.0,26.14,0.0,-26.14,0.0,-26.14,0.0,114.46000000000002,0.0,114.46000000000002,0.0,56.239999999999995,0.0,56.239999999999995,0.0,58.220000000000006,0.0,58.220000000000006,,25.506724389580768,,25.506724389580768,,0.0,,0.0,,0.0,,0.0,,25.51,,25.51,,43.8165578838887,,43.8165578838887,0.0,29.25,0.0,29.25,0.0,28.97,0.0,28.97,,,,,,,0.0,0.0,0.0,,,,,0.0,0.0,58.22,0.0,0.0,,0.0,,0.0,,,,,,,,58.22,0.0
330,LAKSHDWEEP,MINICOY,,0.0,1968.0,0.0,1968.0,0.0,437.0,0.0,437.0,0.0,437.0,0.0,250.83999999999997,0.0,250.83999999999997,0.0,,0.0,0.0,0.0,0.0,0.0,0.0,0.0,0.0,0.0,0.0,0.0,0.0,0.0,0.0,0.0,0.0,0.0,0.0,,,,,,,,,0.0,250.83999999999997,0.0,250.83999999999997,,,,,,,,,,,,0.0,,,,0.0,0.0,0.0,0.0,0.0,0.0,0.0,0.0,0.0,0.0,51.41,0.0,51.41,0.0,-51.41,0.0,-51.41,0.0,199.42999999999998,0.0,199.42999999999998,0.0,100.34,0.0,100.34,0.0,99.09,0.0,99.09,,57.536386305635446,,57.536386305635446,,0.0,,0.0,,0.0,,0.0,,57.53,,57.53,,58.0583308103744,,58.0583308103744,0.0,65.99,0.0,65.99,0.0,33.11,0.0,33.11,,,,,,,0.0,0.0,0.0,,,,,0.0,0.0,99.09,0.0,0.0,,0.0,,0.0,,,,,,,,99.09,0.0
331,MADHYA PRADESH,AGAR MALWA,,961.8,961.8000000000001,0.0,961.8000000000001,11375.0,240201.0,0.0,251576.0,20617.0,272193.0,1204.72,29892.76,0.0,31097.48,822.45,,,822.45,575.2080000000001,0.0,0.0,575.21,156.72,8956.78,0.0,9113.5,396.75,486.57,0.0,883.3199999999999,0.0,814.1179999999999,0.0,814.1179999999999,,,,,,,,,3155.8500000000004,40150.23,0.0,43306.08,,,,,,,,,,,,0.0,,,,0.0,,,,,,,,,,,,,,,,0.0,3155.8500000000004,40150.23,0.0,43306.08,157.8,2007.51,0.0,2165.31,2998.05,38142.72,0.0,41140.770000000004,98.08572,1617.2273999999998,,1715.3131199999998,0.0,6.4459,,6.4459,626.8752,35827.1204,,36453.9956,724.97,37450.81,,38175.78,24.18138456663498,98.18599722306118,,92.79306148134805,125.39,1900.08,0.0,2025.4700000000003,2245.78,3432.37,0.0,5678.15,,,,,,,,,,,,,,0.0,0.0,41140.770000000004,0.0,0.0,,0.0,,0.0,,,,,,,,41140.770000000004,0.0
332,MADHYA PRADESH,ALIRAJPUR,,0.0,917.5000000000002,0.0,917.5,0.0,305400.0,0.0,305400.0,26400.0,331800.0,0.0,21271.969999999998,0.0,21271.969999999998,0.0,,0.0,0.0,0.0,0.0,0.0,0.0,0.0,1904.9600000000003,0.0,1904.9600000000003,0.0,486.63,0.0,486.63,0.0,429.20400000000006,0.0,429.20400000000006,,,,,,,,,0.0,24092.76,0.0,24092.76,,,,,,,,,,,,0.0,,,,0.0,,,,,,,,,,,,,,,,0.0,0.0,24092.76,0.0,24092.76,0.0,1204.6299999999999,0.0,1204.6299999999999,0.0,22888.13,0.0,22888.13,,1971.5146499999996,,1971.5146499999996,,0.0,,0.0,,7619.826000000001,,7619.826000000001,,9591.32,,9591.32,,41.90521462434895,,41.90521462434895,0.0,2514.54,0.0,2514.54,0.0,12753.79,0.0,12753.79,,,,,,,,,,,,,,0.0,0.0,22888.13,0.0,0.0,,0.0,,0.0,,,,,,,,22888.13,0.0
333,MADHYA PRADESH,ANUPPUR,,0.0,1095.3,0.0,1095.3,0.0,294200.0,0.0,294200.0,78200.0,372400.0,0.0,26948.020000000004,0.0,26948.020000000004,0.0,,0.0,0.0,0.0,0.0,0.0,0.0,0.0,428.15,0.0,428.15,0.0,50.62,0.0,50.62,0.0,233.878,0.0,233.878,,,,,,,,,0.0,27660.670000000002,0.0,27660.670000000002,,,,,,,,,,,,0.0,,,,0.0,,,,,,,,,,,,,,,,0.0,0.0,27660.670000000002,0.0,27660.670000000002,0.0,1383.04,0.0,1383.04,0.0,26277.629999999997,0.0,26277.629999999997,,1595.96031,,1595.96031,,3929.0797299999995,,3929.0797299999995,,1712.6176,,1712.6176,,7237.68,,7237.68,,27.543123181200137,,27.543123181200137,0.0,1708.04,0.0,1708.04,0.0,18927.870000000003,0.0,18927.870000000003,,,,,,,,,,,,,,0.0,0.0,26277.629999999997,0.0,0.0,,0.0,,0.0,,,,,,,,26277.629999999997,0.0
334,MADHYA PRADESH,ASHOKNAGAR,,912.6,912.6000000000001,0.0,912.6,20650.0,441594.0,0.0,462244.0,5150.0,467394.0,1376.17,28259.319999999996,0.0,29635.489999999998,1078.16,,0.0,1078.16,2912.6448,0.0,0.0,2912.6400000000003,293.34,5352.96,0.0,5646.299999999999,238.40000000000003,165.91000000000003,0.0,404.30999999999995,70.64,1409.772,0.0,1480.4119999999998,,,,,,,,,5969.35,35187.95,0.0,41157.3,,,,,,,,,,,,0.0,,,,0.0,,,,,,,,,,,,,,,,0.0,5969.35,35187.95,0.0,41157.3,298.46999999999997,1759.41,0.0,2057.88,5670.879999999999,33428.54,0.0,39099.42,89.57976,1786.31292,,1875.89268,0.0,1.4052499999999999,,1.4052499999999999,1173.348,21411.7764,,22585.1244,1262.9300000000003,23199.489999999998,,24462.42,22.27044127190137,69.40024900878112,,62.56466208450151,108.98,2174.7799999999997,0.0,2283.7599999999998,4388.56,9840.58,0.0,14229.14,,,,,,,,,,,,,,0.0,0.0,39099.42,0.0,0.0,,0.0,,0.0,,,,,,,,39099.42,0.0
335,MADHYA PRADESH,BALAGHAT,,1471.6,1471.6,0.0,1471.6,101503.0,790290.0,0.0,891793.0,31107.0,922900.0,7720.41,60931.479999999996,0.0,68651.89,476.37,,0.0,476.37,573.5508,0.0,0.0,573.54,543.6099999999999,3245.21,0.0,3788.82,909.4000000000001,303.28000000000003,0.0,1212.6799999999998,45.53999999999999,1143.268,0.0,1188.8079999999998,,,,,,,,,10268.87,65623.26000000001,0.0,75892.12999999999,,,,,,,,,,,,0.0,,,,0.0,,,,,,,,,,,,,,,,0.0,10268.87,65623.26000000001,0.0,75892.12999999999,617.4000000000001,3749.85,0.0,4367.25,9651.470000000001,61873.409999999996,0.0,71524.87999999999,489.53289,3451.70937,,3941.24226,0.0,431.877125,,431.877125,1978.6752,10655.1072,,12633.782400000002,2468.1900000000005,14538.7,,17006.89,25.573202838531333,23.49749270324684,,23.77758620496812,571.3,3911.73,0.0,4483.030000000001,7101.5199999999995,46874.689999999995,0.0,53976.20999999999,,,,,,,,,,,,,,0.0,0.0,71524.88,0.0,0.0,,0.0,,0.0,,,,,,,,71524.88,0.0
336,MADHYA PRADESH,BARWANI,,715.0,715.0,0.0,715.0,68712.0,298119.0,0.0,366831.0,175369.0,542200.0,5151.46,27793.629999999997,0.0,32945.09,1078.61,,0.0,1078.61,9670.0073184,0.0,0.0,9670.01,628.6800000000001,7577.379999999999,0.0,8206.060000000001,1280.67,121.93,0.0,1402.6,385.952,2369.046,0.0,2754.998,,,,,,,,,18195.37,37861.99,0.0,56057.36,,,,,,,,,,,,0.0,,,,0.0,,,,,,,,,,,,,,,,0.0,18195.37,37861.99,0.0,56057.36,909.7800000000001,2178.89,0.0,3088.67,17285.59,35683.100000000006,0.0,52968.69,610.1778,3272.0902785000003,,3882.2680784999993,2.8350000000000004,35.153,,37.988,2514.7116,31051.44,,33566.1516,3127.73,34358.71,,37486.44,18.094435885613393,96.2884670894625,,70.7709403423041,816.98,4676.82,0.0,5493.800000000001,13951.05,4663.0,0.0,18614.05,,,,,,,,,,,,,,0.0,0.0,52968.69,0.0,0.0,,0.0,,0.0,,,,,,,,52968.69,0.0
337,MADHYA PRADESH,BETUL,,1081.3,1081.3,0.0,1081.3,26248.0,830202.0,0.0,856450.0,147850.0,1004300.0,2604.3199999999997,80724.26000000001,0.0,83328.58,221.91,,0.0,221.91,5457.545279999999,0.0,0.0,5457.539999999999,448.3399999999999,11178.71,0.0,11627.05,564.27,1935.66,0.0,2499.9300000000003,36.06,1307.208,0.0,1343.2680000000003,,,,,,,,,9332.43,95145.83000000002,0.0,104478.26000000001,,,,,,,,,,,,0.0,,,,0.0,,,,,,,,,,,,,,,,0.0,9332.43,95145.83000000002,0.0,104478.26000000001,532.16,4757.299999999999,0.0,5289.46,8800.27,90388.53,0.0,99188.8,563.65125,3255.0188780999997,,3818.6701280999996,0.0,168.93003,,168.93003,1793.2871999999998,44515.9032,,46309.1904,2356.93,47939.88,,50296.81,26.782473719556325,53.03757014302589,,50.70815454970722,674.8800000000001,3888.6100000000006,0.0,4563.490000000001,6332.1,41815.060000000005,0.0,48147.16,,,,,,,,,,,,,,0.0,0.0,99188.8,0.0,0.0,,0.0,,0.0,,,,,,,,99188.8,0.0
338,MADHYA PRADESH,BHIND,,951.0,951.0,0.0,951.0,179891.0,266009.0,0.0,445900.0,0.0,445900.0,31645.790000000005,49250.99,0.0,80896.78,6027.159999999999,,0.0,6027.159999999999,3860.505539999999,0.0,0.0,3860.51,0.0,5377.43,0.0,5377.43,14.08,38.17,0.0,52.25,17.91,586.1320000000001,0.0,604.042,,,,,,,,,41565.45,55252.71000000001,0.0,96818.16,,,,,,,,,,,,0.0,,,,0.0,,,,,,,,,,,,,,,,0.0,41565.45,55252.71000000001,0.0,96818.16,2078.29,3545.7000000000003,0.0,5623.99,39487.16,51707.01,0.0,91194.17000000001,1281.15876,2380.05915,,3661.2179099999994,148.38345,100.50019499999999,,248.883645,4794.904799999999,21509.776799999996,,26304.681599999996,6224.46,23990.34,,30214.799999999996,15.763250636409404,46.39668779919782,,33.13238115989212,1550.74,2880.86,0.0,4431.6,32993.11,27215.87,0.0,60208.979999999996,,,,,,,,,,,,,,0.0,0.0,91194.17,0.0,0.0,,0.0,,0.0,,,,,,,,91194.17,0.0
339,MADHYA PRADESH,BHOPAL,,0.0,1030.6,0.0,1030.6,0.0,264800.0,0.0,264800.0,12437.0,277237.0,0.0,29566.01,0.0,29566.01,0.0,,0.0,0.0,0.0,0.0,0.0,0.0,0.0,5964.84,0.0,5964.84,0.0,1490.1399999999999,0.0,1490.1399999999999,0.0,379.678,0.0,379.678,0.0,1234.6125,0.0,1234.6125,0.0,0.0,0.0,0.0,0.0,38635.259999999995,0.0,38635.259999999995,,,,,,,,,,,,0.0,,,,0.0,,,,,,,,,,,,,,,,0.0,0.0,38635.259999999995,0.0,38635.259999999995,0.0,1931.76,0.0,1931.76,0.0,36703.5,0.0,36703.5,,5307.47567625,,5307.47567625,,850.92643,,850.92643,,23859.36,,23859.36,,30017.75,,30017.75,,81.7844347269334,,81.7844347269334,0.0,7162.400000000001,0.0,7162.400000000001,0.0,6240.18,0.0,6240.18,,,,,,,,,,,,,,0.0,0.0,36703.5,0.0,0.0,,0.0,,0.0,,,,,,,,36703.5,0.0
340,MADHYA PRADESH,BURHANPUR,,883.8000000000001,883.8000000000001,0.0,883.8000000000001,11289.0,245761.0,0.0,257050.0,66250.0,323300.0,943.26,24580.739999999998,0.0,25524.0,133.96,,0.0,133.96,1133.07792,0.0,0.0,1133.08,87.64,4956.45,0.0,5044.09,375.41999999999996,289.21999999999997,0.0,664.64,643.376,4384.936,,5028.312,,,,,,,,,3316.72,34211.33,0.0,37528.05,,,,,,,,,,,,0.0,,,,0.0,,,,,,,,,,,,,,,,0.0,3316.72,34211.33,0.0,37528.05,165.82999999999998,1710.57,0.0,1876.4,3150.8900000000003,32500.760000000002,0.0,35651.65,154.76729999999998,1632.974595,,1787.7418949999999,0.0,71.03557,,71.03557,390.663,22354.11,,22744.773,545.44,24058.1,,24603.54,17.31066460587326,74.0231920730469,,69.01094339252181,198.8,2100.3900000000003,0.0,2299.19,2561.41,7975.25,0.0,10536.66,,,,,,,,,,,,,,0.0,0.0,35651.65,0.0,0.0,,0.0,,0.0,,,,,,,,35651.65,0.0
341,MADHYA PRADESH,CHHATARPUR,,1095.1,1095.1,0.0,1095.1,116640.0,673794.0,0.0,790434.0,78302.0,868736.0,8600.12,57299.66,0.0,65899.78,3858.0600000000004,,,3858.0600000000004,1977.5879999999997,0.0,0.0,1977.5899999999997,508.25,12255.760000000002,0.0,12764.009999999998,1274.1299999999999,765.4499999999998,0.0,2039.58,28.38,2221.0280000000002,0.0,2249.4080000000004,,,,,,,,,16246.529999999999,72541.89000000001,0.0,88788.42000000001,,,,,,,,,,,,0.0,,,,0.0,,,,,,,,,,,,,,,,0.0,16246.529999999999,72541.89000000001,0.0,88788.42000000001,819.6899999999998,3627.1,0.0,4446.79,15426.840000000002,68914.79000000001,0.0,84341.63,629.2937625,2577.5517075,,3206.84547,0.0,94.58171999999999,,94.58171999999999,2032.9951999999998,49023.07847999999,,51056.07368,2662.29,51695.22,,54357.51,17.257520010578965,75.01324461701181,,64.44920497742336,797.8900000000001,3268.1099999999997,0.0,4066.0,12595.939999999999,16529.02,0.0,29124.96,,,,,,,,,,,,,,0.0,0.0,84341.63,0.0,0.0,,0.0,,0.0,,,,,,,,84341.63,0.0
342,MADHYA PRADESH,CHHINDWARA,,1221.6,1221.6,0.0,1221.6,6380.0,721898.0,0.0,728278.0,275222.0,1003500.0,653.74,73170.51,0.0,73824.25,562.97,,0.0,562.97,889.38,0.0,0.0,889.38,132.26,11065.18,0.0,11197.439999999999,52.65,393.28999999999996,0.0,445.93999999999994,59.82,1280.7340000000002,,1340.554,,,,,,,,,2350.82,85909.72,0.0,88260.54,,,,,,,,,,,,0.0,,,,0.0,,,,,,,,,,,,,,,,0.0,2350.82,85909.72,0.0,88260.54,235.08999999999997,5144.09,0.0,5379.18,2115.73,80765.62999999999,0.0,82881.35999999999,39.26451,4587.614189999999,,4626.8787,0.0,548.8942999999999,,548.8942999999999,558.0600000000001,44260.71399999999,,44818.77399999999,597.33,49397.23999999999,,49994.56999999999,28.23280853417024,61.1612142442274,,60.32064386974345,45.55,5574.929999999999,0.0,5620.48,1512.11,30609.870000000003,0.0,32121.980000000003,,,,,,,,,,,,,,0.0,0.0,82881.36,0.0,0.0,,0.0,,0.0,,,,,,,,82881.36,0.0
343,MADHYA PRADESH,DAMOH,,1169.3000000000002,1169.3000000000002,0.0,1169.3000000000004,57667.0,416952.0,0.0,474619.0,255981.0,730600.0,3007.4399999999996,25411.85,0.0,28419.29,1403.38,,0.0,1403.38,3311.6040000000003,0.0,0.0,3311.6,169.24,4755.09,0.0,4924.330000000001,1411.2199999999998,157.39000000000001,0.0,1568.6099999999997,52.62,549.332,0.0,601.9519999999999,,,,,,,,,9355.5,30873.649999999998,0.0,40229.15000000001,,,,,,,,,,,,0.0,,,,0.0,,,,,,,,,,,,,,,,0.0,9355.5,30873.649999999998,0.0,40229.15000000001,467.76,1543.67,0.0,2011.43,8887.74,29329.98,0.0,38217.72,304.98816,2094.0259874999997,,2399.0141474999996,0.0,307.52345,,307.52345,676.9440000000001,19020.339,,19697.283,981.95,21421.91,,22403.86,11.048365501241037,73.03758816064655,,58.62165508565137,372.03999999999996,2874.48,0.0,3246.52,7838.74,7127.609999999999,0.0,14966.349999999999,,,,,,,,,,,,,,0.0,0.0,38217.72,0.0,0.0,,0.0,,0.0,,,,,,,,38217.72,0.0
344,MADHYA PRADESH,DATIA,,963.8,963.8000000000001,0.0,963.8,132097.0,134103.0,0.0,266200.0,2900.0,269100.0,21788.2,19698.97,0.0,41487.17,1081.8400000000001,,0.0,1081.8400000000001,3394.740239999999,0.0,0.0,3394.7400000000002,1452.08,1897.04,0.0,3349.12,14.23,14.340000000000002,0.0,28.57,26.459999999999997,657.878,0.0,684.338,,,,,,,,,27757.55,22268.23,0.0,50025.78,,,,,,,,,,,,0.0,,,,0.0,,,,,,,,,,,,,,,,0.0,27757.55,22268.23,0.0,50025.78,1387.88,1677.7699999999998,0.0,3065.6499999999996,26369.67,20590.46,0.0,46960.130000000005,682.5397800000001,1142.82522,,1825.365,0.0,33.36099999999999,,33.36099999999999,5808.3264,8059.953600000001,,13868.28,6490.869999999999,9236.14,,15727.01,24.614907960547097,44.856404373675964,,33.4901330128345,870.3399999999999,1457.27,0.0,2327.61,19691.0,11039.869999999999,0.0,30730.87,,,,,,,,,,,,,,0.0,0.0,46960.13,0.0,0.0,,0.0,,0.0,,,,,,,,46960.13,0.0
345,MADHYA PRADESH,DEWAS,,1069.0,1069.0,0.0,1069.0,18544.0,558538.0,0.0,577082.0,125002.0,702084.0,1858.48,65375.62999999999,0.0,67234.10999999999,267.81,,,267.81,884.87964,0.0,0.0,884.88,120.59,15520.47,0.0,15641.060000000001,228.59,240.3,0.0,468.89000000000004,,3475.446,,3475.446,,,,,,,,,3360.3400000000006,84611.84000000001,0.0,87972.18000000001,,,,,,,,,,,,0.0,,,,0.0,,,,,,,,,,,,,,,,0.0,3360.3400000000006,84611.84000000001,0.0,87972.18000000001,168.03,4230.59,0.0,4398.62,3192.31,80381.25,0.0,83573.56,130.47800999999998,4300.914720000001,,4431.3927300000005,0.0,98.9131575,,98.9131575,482.38000000000005,62081.89000000001,,62564.270000000004,612.8600000000001,66481.72,,67094.58,19.198010218305868,82.70799471269731,,80.28206528476231,174.86999999999998,5350.72,0.0,5525.59,2535.06,15236.619999999999,0.0,17771.68,,,,,,,,,,,,,,0.0,0.0,83573.56,0.0,0.0,,0.0,,0.0,,,,,,,,83573.56,0.0
346,MADHYA PRADESH,DHAR,,902.3,902.3,0.0,902.3,149070.0,663570.0,0.0,812640.0,2660.0,815300.0,13718.3,71459.90000000001,0.0,85178.2,3624.05,,0.0,3624.05,24737.154600399997,0.0,0.0,24737.149999999998,1631.18,18449.600000000006,0.0,20080.79,1600.83,1310.71,0.0,2911.54,50.05,1234.4880000000003,,1284.5380000000002,,,,,,,,,45361.56,92454.70999999999,0.0,137816.27000000002,,,,,,,,,,,,0.0,,,,0.0,,,,,,,,,,,,,,,,0.0,45361.56,92454.70999999999,0.0,137816.27000000002,2268.08,4622.74,0.0,6890.83,43093.48,87831.97,0.0,130925.45,1093.47576,5195.8998299999985,,6289.37559,0.0,635.0134949999999,,635.0134949999999,6524.710000000001,73798.31520000001,,80323.02519999999,7618.17,79629.20999999999,,87247.38,17.67824274112928,90.66084934676974,,66.63897660844397,1392.6,7185.57,0.0,8578.169999999998,35176.200000000004,18622.84,0.0,53799.04000000001,,,,,,,,,,,,,,0.0,0.0,130925.45000000001,0.0,0.0,,0.0,,0.0,,,,,,,,130925.45000000001,0.0
347,MADHYA PRADESH,DINDORI,,0.0,1376.7,0.0,1376.7,0.0,456000.0,0.0,456000.0,116500.0,572500.0,0.0,30807.2,0.0,30807.2,,,,,0.0,0.0,0.0,0.0,0.0,621.62,0.0,621.62,,,,,0.0,723.002,,723.002,,,,,,,,,0.0,32151.839999999997,0.0,32151.839999999997,,,,,,,,,,,,0.0,,,,0.0,,,,,,,,,,,,,,,,0.0,0.0,32151.839999999997,0.0,32151.839999999997,0.0,1607.5900000000001,0.0,1607.5900000000001,0.0,30544.25,0.0,30544.25,,1911.1210199999998,,1911.1210199999998,,0.1825,,0.1825,,2486.3984,,2486.3984,,4397.6900000000005,,4397.6900000000005,,14.397767173854328,,14.397767173854328,0.0,2452.4700000000003,0.0,2452.4700000000003,0.0,25605.210000000003,0.0,25605.210000000003,,,,,,,,,,,,,,0.0,0.0,30544.25,0.0,0.0,,0.0,,0.0,,,,,,,,30544.25,0.0
348,MADHYA PRADESH,GUNA,,1082.0,1082.0,0.0,1082.0,37209.0,580305.0,0.0,617514.0,21486.0,639000.0,4115.879999999999,63068.79,0.0,67184.67,2114.4500000000003,,0.0,2114.4500000000003,3640.0643999999998,0.0,0.0,3640.0600000000004,976.1800000000001,12762.79,0.0,13738.970000000001,777.8100000000001,293.91,0.0,1071.7199999999998,33.06,3598.692,0.0,3631.752,,,,,,,,,11657.44,79724.17,0.0,91381.61,,,,,,,,,,,,0.0,,,,0.0,,,,,,,,,,,,,,,,0.0,11657.44,79724.17,0.0,91381.61,582.88,3986.21,0.0,4569.09,11074.560000000001,75737.96,0.0,86812.52,169.57608,2446.37892,,2615.9550000000004,0.0,259.90555,,259.90555,3904.6644000000006,51051.1401,,54955.80449999999,4074.25,53757.399999999994,,57831.649999999994,36.78927198913546,70.97814622944688,,66.61671611421947,221.37,3112.6499999999996,0.0,3334.0200000000004,6948.52,21314.29,0.0,28262.81,,,,,,,,,,,,,,0.0,0.0,86812.52,0.0,0.0,,0.0,,0.0,,,,,,,,86812.52,0.0
349,MADHYA PRADESH,GWALIOR,,879.0,879.0,0.0,879.0,131133.0,297167.0,0.0,428300.0,28100.0,456400.0,17933.58,37518.82,0.0,55452.40000000001,3909.5299999999997,,0.0,3909.5299999999997,15623.8344,0.0,0.0,15623.83,1051.03,3936.64,0.0,4987.67,330.77,879.9099999999999,0.0,1210.6799999999998,1.8,553.288,0.0,555.088,0.0,868.1946000000003,0.0,868.1946000000003,0.0,0.0,0.0,0.0,38850.54000000001,43756.82000000001,0.0,82607.36,,,,,,,,,,,,0.0,,,,0.0,,,,,,,,,,,,,,,,0.0,38850.54000000001,43756.82000000001,0.0,82607.36,1942.52,2187.85,0.0,4130.360000000001,36908.02,41568.969999999994,0.0,78476.99,344.1366,5347.675863750001,,5691.81246375,0.0,293.425,,293.425,4204.1448,15746.457600000002,,19950.602400000003,4548.28,21387.57,,25935.85,12.323283665718183,51.45080573321879,,33.048986715723935,386.98,7327.410000000001,0.0,7714.38,32316.89,19740.55,0.0,52057.44,,,,,,,,,,,,,,0.0,0.0,78476.98999999999,0.0,0.0,,0.0,,0.0,,,,,,,,78476.98999999999,0.0
350,MADHYA PRADESH,HARDA,,1374.5,1374.5,0.0,1374.5,79150.0,190940.0,0.0,270090.0,62910.0,333000.0,10609.49,17711.02,0.0,28320.51,7578.09,,0.0,7578.09,7456.05,0.0,0.0,7456.05,439.22,3473.2799999999997,0.0,3912.5,52.56999999999999,0.46,0.0,53.03,41.62,118.644,,160.264,,,,,,,,,26177.04,21303.38,0.0,47480.420000000006,,,,,,,,,,,,0.0,,,,0.0,,,,,,,,,,,,,,,,0.0,26177.04,21303.38,0.0,47480.420000000006,1308.85,1065.1599999999999,0.0,2374.0099999999998,24868.189999999995,20238.22,0.0,45106.409999999996,190.43144999999998,1094.01669,,1284.44814,0.0,16.1695,,16.1695,1756.8575999999998,13893.119999999999,,15649.9776,1947.29,15003.29,,16950.58,7.830445239480639,74.13344651851793,,37.579093525731714,240.99,1384.5,0.0,1625.4899999999998,22870.339999999997,4944.45,0.0,27814.789999999997,,,,,,,,,,,,,,0.0,0.0,45106.41,0.0,0.0,,0.0,,0.0,,,,,,,,45106.41,0.0
351,MADHYA PRADESH,HOSHANGABAD,,1437.7,1437.6999999999998,0.0,1437.7,253623.0,304729.0,0.0,558352.0,112048.0,670400.0,72631.39,64036.36,0.0,136667.75,17689.76,,,17689.76,20742.264000000003,0.0,0.0,20742.260000000002,2312.8199999999997,8883.28,0.0,11196.099999999999,67.67,57.97,,125.64000000000001,44.644,155.844,,200.48799999999997,,,,,,,,,113488.56,73133.43000000001,0.0,186621.99,,,,,,,,,,,,0.0,,,,0.0,,,,,,,,,,,,,,,,0.0,113488.56,73133.43000000001,0.0,186621.99,5674.43,3656.67,0.0,9331.1,107814.13,69476.76,0.0,177290.89,972.87246,1333.8304500000002,,2306.70291,2.4016999999999995,16.233374999999995,,18.635074999999993,9251.3016,35533.1448,,44784.4464,10226.57,36883.2,,47109.770000000004,9.48537079508966,53.08710423456707,,26.57201957754287,1095.08,1484.3300000000002,0.0,2579.41,97465.34999999999,32443.059999999998,0.0,129908.40999999999,,,,,,,,,,,,,,0.0,0.0,177290.89,0.0,0.0,,0.0,,0.0,,,,,,,,177290.89,0.0
352,MADHYA PRADESH,INDORE,,924.1999999999998,924.1999999999999,0.0,924.1999999999999,5376.0,376521.0,0.0,381897.0,7903.0,389800.0,475.15000000000003,40568.85,0.0,41043.99999999999,53.17,,0.0,53.17,224.856,0.0,0.0,224.84999999999997,140.74,13825.289999999997,0.0,13966.029999999999,267.55,1250.4700000000003,0.0,1518.02,,558.474,,558.474,0.0,1231.875,0.0,1231.875,0.0,0.0,0.0,0.0,1161.46,57434.95,0.0,58596.41,,,,,,,,,,,,0.0,,,,0.0,,,,,,,,,,,,,,,,0.0,1161.46,57434.95,0.0,58596.41,58.07,2871.74,0.0,2929.81,1103.3899999999999,54563.21,0.0,55666.6,153.78399,8072.38484025,,8226.16883025,0.0,1572.6193200000002,,1572.6193200000002,562.97,55301.1624,,55864.132399999995,716.76,64946.15,,65662.91,64.95980568973799,119.02919567965301,,117.95746461971812,188.03,12326.88,0.0,12514.91,352.38,2175.08,0.0,2527.46,,,,,,,,,,,,,,0.0,0.0,55666.6,0.0,0.0,,0.0,,0.0,,,,,,,,55666.6,0.0
353,MADHYA PRADESH,JABALPUR,,1227.3,1227.3,0.0,1227.3,80876.0,362992.0,0.0,443868.0,78225.0,522093.0,13630.24,39010.2,0.0,52640.44,319.22,,0.0,319.22,2808.1943999999994,0.0,0.0,2808.2,1267.74,5676.51,0.0,6944.25,163.30999999999997,163.55,0.0,326.86,98.69999999999999,813.242,,911.9419999999999,0.0,547.5,0.0,547.5,0.0,0.0,0.0,0.0,18287.399999999998,46210.99,0.0,64498.39,,,,,,,,,,,,0.0,,,,0.0,,,,,,,,,,,,,,,,0.0,18287.399999999998,46210.99,0.0,64498.39,914.35,2310.57,0.0,3224.9199999999996,17373.05,43900.420000000006,0.0,61273.47,463.094115,5498.216737499999,,5961.310852500001,0.0,339.028185,,339.028185,5070.945599999999,22706.096,,27777.0416,5534.05,28543.33,,34077.380000000005,31.85422248827926,65.01835289958501,,55.61522792817185,546.31,7872.239999999999,0.0,8418.55,11755.779999999999,14892.849999999999,0.0,26648.629999999997,,,,,,,,,,,,,,0.0,0.0,61273.47,0.0,0.0,,0.0,,0.0,,,,,,,,61273.47,0.0
354,MADHYA PRADESH,JHABUA,,935.9000000000001,935.9,0.0,935.9,17018.0,294235.0,0.0,311253.0,34747.0,346000.0,1842.23,21777.91,0.0,23620.14,138.7,,0.0,138.7,2064.42,0.0,0.0,2064.42,124.91000000000001,2276.09,0.0,2401.0,108.61,1260.52,0.0,1369.1299999999999,0.0,449.46,0.0,449.46,,,,,,,,,4278.87,25763.98,0.0,30042.850000000002,,,,,,,,,,,,0.0,,,,0.0,,,,,,,,,,,,,,,,0.0,4278.87,25763.98,0.0,30042.850000000002,213.95,1288.18,0.0,1502.13,4064.92,24475.800000000003,0.0,28540.72,131.75697,2801.53341,,2933.29038,0.0,6.39623,,6.39623,416.34000000000003,9104.302000000001,,9520.642000000002,548.1,11912.230000000001,,12460.33,13.483660195034588,48.669420407095984,,43.658078702989975,196.0,4057.3599999999997,0.0,4253.36,3452.58,11307.75,0.0,14760.33,,,,,,,,,,,,,,0.0,0.0,28540.72,0.0,0.0,,0.0,,0.0,,,,,,,,28540.72,0.0
355,MADHYA PRADESH,KATNI,,1171.3999999999999,1171.3999999999999,0.0,1171.3999999999999,33404.0,433244.0,0.0,466648.0,22752.0,489400.0,2338.62,33401.04,0.0,35739.66,462.65999999999997,,0.0,462.65999999999997,1270.161,0.0,0.0,1270.16,129.13,3681.3799999999997,0.0,3810.51,377.59999999999997,145.67,0.0,523.27,71.58,791.0939999999999,0.0,862.674,,,,,,,,,4649.75,38019.17,0.0,42668.92,,,,,,,,,,,,0.0,,,,0.0,,,,,,,,,,,,,,,,0.0,4649.75,38019.17,0.0,42668.92,232.49,1900.9500000000003,0.0,2133.44,4417.26,36118.22,0.0,40535.48,241.92054,2639.7778200000002,,2881.69836,0.0,887.9595899999999,,887.9595899999999,516.4992,14725.465199999999,,15241.9644,758.4200000000001,18253.219999999998,,19011.640000000003,17.169467045181854,50.53742958540038,,46.901233191268496,310.84000000000003,3391.8599999999997,0.0,3702.7,3589.91,17112.91,0.0,20702.82,,,,,,,,,,,,,,0.0,0.0,40535.48,0.0,0.0,,0.0,,0.0,,,,,,,,40535.48,0.0
356,MADHYA PRADESH,KHANDWA,,951.6500000000002,951.6500000000002,0.0,951.6500000000002,92560.0,488886.0,0.0,581446.0,171004.0,752450.0,7520.610000000001,47508.65,0.0,55029.26,1494.53,,0.0,1494.53,49405.40287200001,0.0,0.0,49405.39,651.48,9821.97,0.0,10473.439999999999,3060.0199999999995,276.35,0.0,3336.3699999999994,291.722,2256.9559999999997,0.0,2548.678,,,,,,,,,62423.75,59863.93,0.0,122287.68,,,,,,,,,,,,0.0,,,,0.0,,,,,,,,,,,,,,,,0.0,62423.75,59863.93,0.0,122287.68,5920.3,2993.2,0.0,8913.5,56503.450000000004,56870.729999999996,0.0,113374.18000000001,564.28854,2595.0627285,,3159.3512684999996,0.0,50.9614,,50.9614,2605.94,39287.873999999996,,41893.814,3170.2400000000002,41933.87,,45104.11000000001,5.6107016474215285,73.73541714692252,,39.783405710189044,711.28,3340.88,0.0,4052.16,53186.21000000001,14241.09,0.0,67427.3,,,,,,,,,,,,,,0.0,0.0,113374.18,0.0,0.0,,0.0,,0.0,,,,,,,,113374.18,0.0
357,MADHYA PRADESH,KHARGONE,,950.3000000000001,950.3000000000001,0.0,950.3000000000001,161918.0,494979.0,0.0,656897.0,146103.0,803000.0,13337.960000000001,43674.78,0.0,57012.74,3888.8700000000003,,0.0,3888.8700000000003,20296.083287879996,0.0,0.0,20296.090000000004,909.69,8602.970000000001,0.0,9512.67,2360.4000000000005,916.31,0.0,3276.71,1227.4779999999998,5360.778,0.0,6588.255999999999,,,,,,,,,42020.49,58554.84999999999,0.0,100575.34,,,,,,,,,,,,0.0,,,,0.0,,,,,,,,,,,,,,,,0.0,42020.49,58554.84999999999,0.0,100575.34,2101.04,2927.7400000000007,0.0,5028.78,39919.450000000004,55627.11,0.0,95546.56,1284.5620199999998,3383.2354064999995,,4667.797426499999,3.024,75.2336,,78.2576,3638.76264,34411.9084,,38050.67104,4926.33,37870.36,,42796.689999999995,12.340676036368235,68.07896365638985,,44.79145036723457,1644.4700000000003,4387.38,0.0,6031.85,34633.21000000001,16752.61,0.0,51385.82000000001,,,,,,,,,,,,,,0.0,0.0,95546.56,0.0,0.0,,0.0,,0.0,,,,,,,,95546.56,0.0
358,MADHYA PRADESH,MAIHAR,,1075.5,1075.5,0.0,1075.5,2000.0,207985.0,0.0,209985.0,27872.0,237857.0,160.88,17918.81,0.0,18079.690000000002,18.27,,0.0,18.27,1283.868,0.0,0.0,1283.87,5.63,2963.9900000000002,0.0,2969.6200000000003,0.0,41.58,0.0,41.58,0.0,279.228,0.0,279.228,,,,,,,,,1468.65,21203.6,0.0,22672.25,,,,,,,,,,,,0.0,,,,0.0,,,,,,,,,,,,,,,,0.0,1468.65,21203.6,0.0,22672.25,73.43,1423.28,0.0,1496.71,1395.22,19780.32,0.0,21175.54,55.512119999999996,1841.05854,,1896.5706599999999,0.0,1094.102465,,1094.102465,22.528799999999997,11856.033,,11878.5618,78.04,14791.21,,14869.25,5.593383122374966,74.77740501670347,,70.2189885122174,69.29,2297.92,0.0,2367.21,1303.4,4532.25,0.0,5835.65,,,,,,,,,,,,,,0.0,0.0,21175.54,0.0,0.0,,0.0,,0.0,,,,,,,,21175.54,0.0
359,MADHYA PRADESH,MANDLA,,1445.0745831992274,1445.1,0.0,1445.098624192059,31070.0,542920.0,0.0,573990.0,180410.0,754400.0,2242.56,37407.22,0.0,39649.78,1814.45,,0.0,1814.45,534.5999999999999,0.0,0.0,534.6,85.63,1832.3799999999999,0.0,1918.01,422.73,292.2,0.0,714.93,0.0,600.838,0.0,600.838,,,,,,,,,5099.969999999999,40132.64,0.0,45232.60999999999,,,,,,,,,,,,0.0,,,,0.0,,,,,,,,,,,,,,,,0.0,5099.969999999999,40132.64,0.0,45232.60999999999,255.0,2006.6399999999999,0.0,2261.64,4844.97,38126.0,0.0,42970.969999999994,347.62307999999996,2265.1410899999996,,2612.76417,0.0,9.47175,,9.47175,342.52199999999993,7329.582,,7672.103999999999,690.1299999999999,9604.2,,10294.33,14.244257446382532,25.190683523055135,,23.95647573233744,427.46,2785.33,0.0,3212.7900000000004,4075.01,28001.620000000003,0.0,32076.630000000005,,,,,,,,,,,,,,0.0,0.0,42970.97,0.0,0.0,,0.0,,0.0,,,,,,,,42970.97,0.0
360,MADHYA PRADESH,MANDSAUR,,880.9000000000001,880.9,0.0,880.9,74088.0,421552.0,0.0,495640.0,57366.0,553006.0,7304.389999999999,40654.55,0.0,47958.94,327.59999999999997,,,327.59999999999997,793.1519999999999,0.0,0.0,793.1500000000001,1378.93,14655.61,0.0,16034.54,2643.7299999999996,0.0,0.0,2643.7299999999996,262.98,3350.052,,3613.032,,,,,,,,,12710.779999999999,58660.19999999999,0.0,71370.98,,,,,,,,,,,,0.0,,,,0.0,,,,,,,,,,,,,,,,0.0,12710.779999999999,58660.19999999999,0.0,71370.98,635.54,2933.02,0.0,3568.56,12075.239999999998,55727.18,0.0,67802.42,365.64021,3175.26348,,3540.9036899999996,0.0,73.49274999999999,,73.49274999999999,5515.704,58622.4036,,64138.1076,5881.349999999999,61871.16,,67752.51000000001,48.70586423126994,111.02510480523149,,99.92638905808968,425.20000000000005,3720.8500000000004,0.0,4146.05,6134.32,1488.23,0.0,7622.549999999999,,,,,,,,,,,,,,0.0,0.0,67802.42,0.0,0.0,,0.0,,0.0,,,,,,,,67802.42,0.0
361,MADHYA PRADESH,MAUGANJ,,0.0,1143.1,0.0,1143.1,0.0,170990.0,0.0,170990.0,15600.0,186590.0,0.0,12553.52,0.0,12553.52,,,,,0.0,0.0,0.0,0.0,0.0,1403.67,0.0,1403.67,0.0,125.63,0.0,125.63,,154.356,,154.356,,,,,,,,,0.0,14237.160000000002,0.0,14237.160000000002,,,,,,,,,,,,0.0,,,,0.0,,,,,,,,,,,,,,,,0.0,0.0,14237.160000000002,0.0,14237.160000000002,0.0,711.87,0.0,711.87,0.0,13525.289999999999,0.0,13525.289999999999,,1571.00526,,1571.00526,,15.30252,,15.30252,,5614.6556,,5614.6556,,7200.98,,7200.98,,53.24085472474158,,53.24085472474158,0.0,2085.08,0.0,2085.08,0.0,5810.2300000000005,0.0,5810.2300000000005,,,,,,,,,,,,,,0.0,0.0,13525.289999999999,0.0,0.0,,0.0,,0.0,,,,,,,,13525.289999999999,0.0
362,MADHYA PRADESH,MORENA,,753.0,753.0,0.0,753.0,224789.0,213700.0,0.0,438489.0,58400.0,496889.0,32059.859999999997,21595.68,0.0,53655.54,13920.139999999998,,0.0,13920.139999999998,3874.24044,0.0,0.0,3874.2400000000002,1575.3300000000002,2626.83,0.0,4202.16,239.26999999999998,151.69,0.0,390.96000000000004,132.642,1920.478,,2053.1200000000003,,,,,,,,,51801.47,26294.68,0.0,78096.15000000001,,,,,,,,,,,,0.0,,,,0.0,,,,,,,,,,,,,,,,0.0,51801.47,26294.68,0.0,78096.15000000001,2590.08,1314.73,0.0,3904.8100000000004,49211.39,24979.949999999997,0.0,74191.34,2949.61464,3131.17659,,6080.791230000001,308.06,1060.71135,,1368.7713500000002,11795.9092,12020.947200000002,,23816.8564,15053.6,16212.829999999998,,31266.43,30.589666335374798,64.90337250474882,,42.142964394496715,3798.4500000000003,4111.2,0.0,7909.650000000001,33308.950000000004,7787.1,0.0,41096.05,,,,,,,,,,,,,,0.0,0.0,74191.34,0.0,0.0,,0.0,,0.0,,,,,,,,74191.34,0.0
363,MADHYA PRADESH,NARSINGHPUR,,1243.1000000000004,1243.1000000000001,0.0,1243.1000000000001,52769.0,426331.0,0.0,479100.0,34200.0,513300.0,13059.990000000002,93054.76999999999,0.0,106114.76000000001,2076.27,,0.0,2076.27,371.70000000000005,0.0,0.0,371.7,315.28000000000003,18622.19,0.0,18937.47,0.0,3.6400000000000006,0.0,3.6400000000000006,0.0,107.148,,107.148,,,,,,,,,15823.24,111787.73999999999,0.0,127610.98000000001,,,,,,,,,,,,0.0,,,,0.0,,,,,,,,,,,,,,,,0.0,15823.24,111787.73999999999,0.0,127610.98000000001,791.15,5589.389999999999,0.0,6380.54,15032.09,106198.35,0.0,121230.44,107.55309,2296.30917,,2403.86226,0.0,199.655,,199.655,1261.1592,76784.6772,,78045.8364,1368.72,79280.64,,80649.36000000002,9.105320683950136,74.6533632584687,,66.52566797579883,126.11000000000001,2692.7099999999996,0.0,2818.82,13644.810000000001,26521.3,0.0,40166.11,,,,,,,,,,,,,,0.0,0.0,121230.44,0.0,0.0,,0.0,,0.0,,,,,,,,121230.44,0.0
364,MADHYA PRADESH,NEEMUCH,,854.8500000000001,854.85,0.0,854.8500000000001,17976.0,357768.0,0.0,375744.0,44300.0,420044.0,1134.9,26625.86,0.0,27760.760000000002,201.60000000000002,,,201.60000000000002,447.5519999999999,0.0,0.0,447.56000000000006,283.71,8771.95,0.0,9055.66,0.0,753.4399999999999,,753.4399999999999,0.0,1328.132,,1328.132,,,,,,,,,2067.77,37479.39,0.0,39547.159999999996,,,,,,,,,,,,0.0,,,,0.0,,,,,,,,,,,,,,,,0.0,2067.77,37479.39,0.0,39547.159999999996,103.39,1873.9699999999998,0.0,1977.3600000000001,1964.38,35605.42,0.0,37569.799999999996,97.62800999999999,1712.743155,,1810.371165,0.0,90.6587,,90.6587,1134.8504,35087.8536,,36222.704,1232.48,36891.259999999995,,38123.74,62.74142477524715,103.6113602928992,,101.474428929619,114.21000000000001,1999.67,0.0,2113.88,715.3199999999999,1754.24,0.0,2469.56,,,,,,,,,,,,,,0.0,0.0,37569.799999999996,0.0,0.0,,0.0,,0.0,,,,,,,,37569.799999999996,0.0
365,MADHYA PRADESH,NIWARI,,978.4,978.4000000000001,0.0,978.4000000000001,12830.0,139732.0,0.0,152562.0,3900.0,156462.0,1036.75,13978.09,0.0,15014.84,301.2,,0.0,301.2,569.268,0.0,0.0,569.27,198.19,2760.59,0.0,2958.7799999999997,319.73,109.26,,428.99,444.72,715.178,,1159.8980000000001,,,,,,,,,2869.86,17563.12,0.0,20432.98,,,,,,,,,,,,0.0,,,,0.0,,,,,,,,,,,,,,,,0.0,2869.86,17563.12,0.0,20432.98,143.5,878.16,0.0,1021.66,2726.36,16684.96,0.0,19411.32,169.08771,1023.6164024999999,,1192.7041125,0.0,5.788169999999999,,5.788169999999999,792.7848,11042.3304,,11835.1152,961.87,12071.72,,13033.59,35.280373831775705,72.3509076437702,,67.1442745779267,303.59000000000003,1708.0900000000001,0.0,2011.68,1629.99,3928.77,0.0,5558.76,,,,,,,,,,,,,,0.0,0.0,19411.32,0.0,0.0,,0.0,,0.0,,,,,,,,19411.32,0.0
366,MADHYA PRADESH,PANDHURNA,,1221.6,1221.6,0.0,1221.6,6931.0,149568.0,0.0,156499.0,21501.0,178000.0,395.3,15145.16,0.0,15540.460000000001,145.6,,0.0,145.6,345.303,0.0,0.0,345.3,57.980000000000004,3187.63,0.0,3245.61,251.46999999999997,169.97000000000003,0.0,421.44,59.82,244.73000000000002,,304.55,,,,,,,,,1255.47,18747.48,0.0,20002.95,,,,,,,,,,,,0.0,,,,0.0,,,,,,,,,,,,,,,,0.0,1255.47,18747.48,0.0,20002.95,62.769999999999996,937.37,0.0,1000.1400000000001,1192.6999999999998,17810.11,0.0,19002.81,43.8,866.24574,,910.04574,0.0,40.734,,40.734,231.92,12750.498,,12982.418000000001,275.72,13657.470000000001,,13933.19,23.11729688941059,76.68380487262571,,73.32173504865858,47.48,946.5600000000001,0.0,994.04,913.3,4072.3199999999997,0.0,4985.62,,,,,,,,,,,,,,0.0,0.0,19002.81,0.0,0.0,,0.0,,0.0,,,,,,,,19002.81,0.0
367,MADHYA PRADESH,PANNA,,1169.7,1169.7000000000003,0.0,1169.7,32712.0,629763.0,0.0,662475.0,51025.0,713500.0,2181.45,43289.939999999995,0.0,45471.39,641.86,,0.0,641.86,1850.3640000000005,0.0,0.0,1850.36,174.02,3894.29,0.0,4068.31,575.0,311.03,0.0,886.03,30.72,389.44599999999997,0.0,420.166,,,,,,,,,5453.41,47884.700000000004,0.0,53338.11,,,,,,,,,,,,0.0,,,,0.0,,,,,,,,,,,,,,,,0.0,5453.41,47884.700000000004,0.0,53338.11,272.68,2690.5899999999997,0.0,2963.27,5180.73,45194.11,0.0,50374.840000000004,212.34020999999998,2341.3634925,,2553.7037025,0.0,377.24720999999994,,377.24720999999994,696.1247999999999,15577.0992,,16273.224,908.4700000000001,18295.72,,19204.190000000002,17.53555966051117,40.48253190515313,,38.12258262259493,263.92,2909.99,0.0,3173.91,4220.68,26329.760000000002,0.0,30550.440000000002,,,,,,,,,,,,,,0.0,0.0,50374.840000000004,0.0,0.0,,0.0,,0.0,,,,,,,,50374.840000000004,0.0
368,MADHYA PRADESH,RAISEN,,1154.6000000000004,1154.6000000000001,0.0,1154.6000000000001,58600.0,602340.0,0.0,660940.0,185700.0,846640.0,14773.57,67969.1,0.0,82742.67,225.28,,0.0,225.28,91.09799999999998,0.0,0.0,91.09,339.55,10662.789999999999,0.0,11002.34,1762.99,649.9300000000001,0.0,2412.92,0.0,571.354,0.0,571.354,,,,,,,,,17192.48,79853.15,0.0,97045.62999999999,,,,,,,,,,,,0.0,,,,0.0,,,,,,,,,,,,,,,,0.0,17192.48,79853.15,0.0,97045.62999999999,859.62,4600.74,0.0,5460.36,16332.86,75252.41,0.0,91585.27,263.38473,3281.5529399999996,,3544.9376699999993,0.0,612.592635,,612.592635,1358.208,42651.1386,,44009.3466,1621.5900000000001,46545.280000000006,,48166.87,9.928389761499211,61.85221177634046,,52.59237648150188,327.93,4429.15,0.0,4757.08,14646.72,27559.529999999995,0.0,42206.24999999999,,,,,,,,,,,,,,0.0,0.0,91585.27,0.0,0.0,,0.0,,0.0,,,,,,,,91585.27,0.0
369,MADHYA PRADESH,RAJGARH,,0.0,999.5999999999999,0.0,999.5999999999999,0.0,615498.0,0.0,615498.0,0.0,615498.0,0.0,73380.3,0.0,73380.3,,,,,0.0,0.0,0.0,0.0,0.0,18921.53,0.0,18921.53,0.0,735.8800000000001,0.0,735.8800000000001,,1598.6219999999998,,1598.6219999999998,,,,,,,,,0.0,94636.35,0.0,94636.35,,,,,,,,,,,,0.0,,,,0.0,,,,,,,,,,,,,,,,0.0,0.0,94636.35,0.0,94636.35,0.0,4731.82,0.0,4731.82,0.0,89904.53000000001,0.0,89904.53000000001,,4285.80372,,4285.80372,,2.3951300000000004,,2.3951300000000004,,75686.1342,,75686.1342,,79974.32,,79974.32,,88.95471674230431,,88.95471674230431,0.0,5904.150000000001,0.0,5904.150000000001,0.0,10200.12,0.0,10200.12,,,,,,,,,,,,,,0.0,0.0,89904.53000000001,0.0,0.0,,0.0,,0.0,,,,,,,,89904.53000000001,0.0
370,MADHYA PRADESH,RATLAM,,953.5,953.5,0.0,953.5,8614.0,452986.0,0.0,461600.0,24500.0,486100.0,450.22,52242.479999999996,0.0,52692.7,1008.0,,,1008.0,19.44,0.0,0.0,19.44,60.129999999999995,25426.02,0.0,25486.149999999998,250.18,600.23,0.0,850.41,0.0,4556.298000000001,0.0,4556.298000000001,,,,,,,,,1787.9699999999998,82825.05,0.0,84613.02,,,,,,,,,,,,0.0,,,,0.0,,,,,,,,,,,,,,,,0.0,1787.9699999999998,82825.05,0.0,84613.02,89.4,4395.53,0.0,4484.929999999999,1698.57,78429.51999999999,0.0,80128.09,14.93361,4725.781289999999,,4740.714899999999,0.0,41.8297665,,41.8297665,240.5,101704.044,,101944.544,255.43,106471.65999999999,,106727.09,15.03794368203842,135.7545730230148,,133.19559969543764,18.85,11782.610000000002,0.0,11801.460000000001,1439.22,835.47,0.0,2274.69,,,,,,,,,,,,,,0.0,0.0,80128.09,0.0,0.0,,0.0,,0.0,,,,,,,,80128.09,0.0
371,MADHYA PRADESH,REWA,,1143.1,1143.1,0.0,1143.1,85364.0,337406.0,0.0,422770.0,22000.0,444770.0,4123.0,28963.84,0.0,33086.840000000004,2227.36,,0.0,2227.36,889.41834,0.0,0.0,889.4200000000001,703.27,3780.44,0.0,4483.7,201.31,82.23,0.0,283.53999999999996,11.219999999999999,383.53599999999994,,394.756,,,,,,,,,8155.58,33210.05,0.0,41365.630000000005,,,,,,,,,,,,0.0,,,,0.0,,,,,,,,,,,,,,,,0.0,8155.58,33210.05,0.0,41365.630000000005,407.78999999999996,1660.5,0.0,2068.29,7747.79,31549.55,0.0,39297.34,1205.27964,3107.1287475,,4312.4083875,75.168,95.256,,170.42399999999998,2813.0598,15121.785600000003,,17934.8454,4093.5099999999998,18324.180000000004,,22417.69,52.83455023948764,58.08063823414281,,57.04632934442891,1431.8200000000002,3885.5700000000006,0.0,5317.39,3427.75,12446.919999999998,0.0,15874.669999999998,,,,,,,,,,,,,,0.0,0.0,39297.34,0.0,0.0,,0.0,,0.0,,,,,,,,39297.34,0.0
372,MADHYA PRADESH,SAGAR,,1141.5,1141.5,0.0,1141.5,40053.0,885365.0,0.0,925418.0,99782.0,1025200.0,3293.35,87025.01,0.0,90318.36000000002,889.6200000000001,,0.0,889.6200000000001,1061.2092862911795,0.0,0.0,1061.21,336.06000000000006,14325.160000000003,0.0,14661.220000000001,1033.1599999999999,330.79,0.0,1363.9499999999998,38.58,810.6980000000001,0.0,849.2800000000001,,,,,,,,,6651.98,102491.66,0.0,109143.63999999998,,,,,,,,,,,,0.0,,,,0.0,,,,,,,,,,,,,,,,0.0,6651.98,102491.66,0.0,109143.63999999998,332.6,5491.739999999999,0.0,5824.339999999999,6319.38,96999.92000000001,0.0,103319.3,160.799655,3755.1316800000004,,3915.9313349999998,0.0,153.298175,,153.298175,1009.1520000000002,56829.39390000001,,57838.5459,1169.97,60737.79,,61907.76,18.51399979111875,62.61632999284947,,59.91887285337783,189.67000000000002,4833.530000000001,0.0,5023.2,5120.539999999999,35183.73,0.0,40304.270000000004,,,,,,,,,,,,,,0.0,0.0,103319.30000000002,0.0,0.0,,0.0,,0.0,,,,,,,,103319.30000000002,0.0
373,MADHYA PRADESH,SATNA,,1075.5,1075.5,0.0,1075.5,45108.0,417013.0,0.0,462121.0,52038.0,514159.0,2871.6400000000003,40379.090000000004,0.0,43250.729999999996,575.8,,0.0,575.8,4382.023499999999,0.0,0.0,4382.03,146.26,7478.08,0.0,7624.339999999999,0.0,95.0,0.0,95.0,48.0,1002.702,0.0,1050.702,,,,,,,,,8023.7300000000005,48954.89,0.0,56978.619999999995,,,,,,,,,,,,0.0,,,,0.0,,,,,,,,,,,,,,,,0.0,8023.7300000000005,48954.89,0.0,56978.619999999995,401.17999999999995,2447.7400000000002,0.0,2848.92,7622.550000000001,46507.15,0.0,54129.7,319.56042,2698.98009,,3018.54051,0.0,544.486875,,544.486875,584.9928,29912.285499999998,,30497.2783,904.5500000000001,33155.75,,34060.3,11.866763747040032,71.29172611093134,,62.92349671252566,369.01,3167.08,0.0,3536.09,6668.55,15349.61,0.0,22018.16,,,,,,,,,,,,,,0.0,0.0,54129.700000000004,0.0,0.0,,0.0,,0.0,,,,,,,,54129.700000000004,0.0
374,MADHYA PRADESH,SEHORE,,1217.7,1217.7,0.0,1217.7000000000003,95559.0,368413.0,0.0,463972.0,193828.0,657800.0,9987.340000000002,41507.44,0.0,51494.78,3247.54,,0.0,3247.54,3070.8864,0.0,0.0,3070.88,758.34,9288.6,0.0,10046.939999999999,1067.19,344.39,0.0,1411.58,23.64,1193.792,,1217.4319999999998,,,,,,,,,18154.929999999997,52334.229999999996,0.0,70489.15999999999,,,,,,,,,,,,0.0,,,,0.0,,,,,,,,,,,,,,,,0.0,18154.929999999997,52334.229999999996,0.0,70489.15999999999,907.74,2616.71,0.0,3524.44,17247.19,49717.520000000004,0.0,66964.70999999999,378.1144499999999,2233.6379399999996,,2611.7523899999997,0.0,142.121875,,142.121875,3094.6248,37154.4342,,40249.05900000001,3472.7200000000003,39530.19,,43002.91,20.1349901056346,79.50957730795905,,64.21727205269761,489.38,2859.0600000000004,0.0,3348.4400000000005,13663.21,9705.65,0.0,23368.86,,,,,,,,,,,,,,0.0,0.0,66964.71,0.0,0.0,,0.0,,0.0,,,,,,,,66964.71,0.0
375,MADHYA PRADESH,SEONI,,1323.6000000000001,1323.6000000000001,0.0,1323.6000000000001,71956.0,733064.0,0.0,805020.0,70780.0,875800.0,4107.45,56608.66,0.0,60716.11,608.9499999999999,,0.0,608.9499999999999,850.4999999999999,0.0,0.0,850.5,222.02,6528.18,0.0,6750.2,181.42,243.47,0.0,424.89,37.68,531.0920000000001,,568.772,,,,,,,,,6008.02,63911.43,0.0,69919.45,,,,,,,,,,,,0.0,,,,0.0,,,,,,,,,,,,,,,,0.0,6008.02,63911.43,0.0,69919.45,300.40000000000003,3195.57,0.0,3495.9700000000003,5707.620000000001,60715.86,0.0,66423.48,286.64252999999997,3141.35133,,3427.9938599999996,0.0,12.365835,,12.365835,858.8727999999999,25876.625120000004,,26735.49792,1145.52,29030.33,,30175.850000000002,20.070011668611432,47.813421402579166,,45.429492703483774,353.87,3877.2999999999997,0.0,4231.17,4494.87,30949.59,0.0,35444.46,,,,,,,,,,,,,,0.0,0.0,66423.48,0.0,0.0,,0.0,,0.0,,,,,,,,66423.48,0.0
376,MADHYA PRADESH,SHAHDOL,,1080.7,1080.7,0.0,1080.7,5047.0,492753.0,0.0,497800.0,86300.0,584100.0,219.43,46295.87,0.0,46515.3,456.58,,0.0,456.58,23.958000000000002,0.0,0.0,23.96,6.26,896.98,0.0,903.24,0.0,178.68,0.0,178.68,0.0,181.758,0.0,181.758,,,,,,,,,706.22,47553.29,0.0,48259.509999999995,,,,,,,,,,,,0.0,,,,0.0,,,,,,,,,,,,,,,,0.0,706.22,47553.29,0.0,48259.509999999995,35.31,2377.6699999999996,0.0,2412.98,670.9100000000001,45175.62,0.0,45846.530000000006,54.40836,2319.15744,,2373.5658,0.0,1676.22892,,1676.22892,25.0,3587.9759999999997,,3612.9759999999997,79.41,7583.36,,7662.7699999999995,11.836162823627609,16.786399389759342,,16.7139585046022,66.41,2570.54,0.0,2636.95,579.5,37340.880000000005,0.0,37920.380000000005,,,,,,,,,,,,,,0.0,0.0,45846.53,0.0,0.0,,0.0,,0.0,,,,,,,,45846.53,0.0
377,MADHYA PRADESH,SHAJAPUR,,0.0,961.7999999999998,0.0,961.7999999999998,0.0,340617.0,0.0,340617.0,6708.0,347325.0,0.0,41799.11,0.0,41799.11,,,,,0.0,0.0,0.0,0.0,0.0,13582.579999999998,0.0,13582.579999999998,0.0,571.79,0.0,571.79,0.0,619.118,0.0,619.118,,,,,,,,,0.0,56572.619999999995,0.0,56572.619999999995,,,,,,,,,,,,0.0,,,,0.0,,,,,,,,,,,,,,,,0.0,0.0,56572.619999999995,0.0,56572.619999999995,0.0,2828.63,0.0,2828.63,0.0,53743.990000000005,0.0,53743.990000000005,,2237.62374,,2237.62374,,55.11054,,55.11054,,54330.307199999996,,54330.307199999996,,56623.04000000001,,56623.04000000001,,105.35697107713813,,105.35697107713813,0.0,2656.99,0.0,2656.99,0.0,2182.91,0.0,2182.91,,,,,,,,,,,,,,0.0,0.0,53743.98999999999,0.0,0.0,,0.0,,0.0,,,,,,,,53743.98999999999,0.0
378,MADHYA PRADESH,SHEOPUR,,799.2,799.2,0.0,799.2,71150.0,462330.0,0.0,533480.0,127120.0,660600.0,8472.11,26754.629999999997,0.0,35226.74,12744.8,,,12744.8,3259.2948000000006,0.0,0.0,3259.29,193.47000000000003,3472.7999999999997,0.0,3666.2699999999995,0.0,395.05,0.0,395.05,15.120000000000001,683.9559999999999,,699.076,,,,,,,,,24684.79,31306.42,0.0,55991.21000000001,,,,,,,,,,,,0.0,,,,0.0,,,,,,,,,,,,,,,,0.0,24684.79,31306.42,0.0,55991.21000000001,2396.5199999999995,2010.3899999999999,0.0,4406.91,22288.270000000004,29296.03,0.0,51584.3,399.00267,1484.4936899999998,,1883.4963599999996,0.0,44.7855,,44.7855,1652.4216000000001,16064.6976,,17717.1192,2051.44,17593.97,,19645.409999999996,9.204123962963477,60.05581643656155,,38.08408760029698,515.0600000000001,1958.59,0.0,2473.65,20120.77,11227.96,0.0,31348.73,,,,,,,,,,,,,,0.0,0.0,51584.299999999996,0.0,0.0,,0.0,,0.0,,,,,,,,51584.299999999996,0.0
379,MADHYA PRADESH,SHIVPURI,,994.8999999999999,994.9,0.0,994.9,69421.0,907628.0,0.0,977049.0,50751.0,1027800.0,3283.1400000000003,64847.77,0.0,68130.90999999999,1941.44,,0.0,1941.44,2851.83,0.0,0.0,2851.83,728.31,12166.219999999998,0.0,12894.53,1056.6100000000001,321.35999999999996,0.0,1377.97,72.89999999999999,4212.982,0.0,4285.8820000000005,,,,,,,,,9934.24,81548.32999999999,0.0,91482.56999999999,,,,,,,,,,,,0.0,,,,0.0,,,,,,,,,,,,,,,,0.0,9934.24,81548.32999999999,0.0,91482.56999999999,591.72,5840.799999999999,0.0,6432.5199999999995,9342.52,75707.53,0.0,85050.04999999999,338.16008999999997,4497.655559999999,,4835.81565,0.0,42.9897,,42.9897,2913.2064,48664.909360000005,,51578.11576,3251.34,53205.56,,56456.9,34.80153106442373,70.277764972652,,66.38079577848573,442.29,5882.679999999999,0.0,6324.969999999999,5987.050000000001,21116.960000000003,0.0,27104.010000000002,,,,,,,,,,,,,,0.0,0.0,85050.05,0.0,0.0,,0.0,,0.0,,,,,,,,85050.05,0.0
380,MADHYA PRADESH,SIDHI,,1131.7,1131.7,0.0,1131.7,48890.0,311515.0,0.0,360405.0,124995.0,485400.0,3074.43,24965.0,0.0,28039.43,1008.65,,0.0,1008.65,71.87400000000001,0.0,0.0,71.88,40.040000000000006,1998.2200000000003,0.0,2038.26,172.59,167.39,0.0,339.97999999999996,0.0,342.23199999999997,0.0,342.23199999999997,,,,,,,,,4367.59,27472.87,0.0,31840.459999999995,,,,,,,,,,,,0.0,,,,0.0,,,,,,,,,,,,,,,,0.0,4367.59,27472.87,0.0,31840.459999999995,218.37,1373.6499999999999,0.0,1592.02,4149.219999999999,26099.22,0.0,30248.440000000002,277.08099,2738.6322299999997,,3015.71322,0.0,88.261015,,88.261015,160.1248,7992.9072,,8153.031999999999,437.20000000000005,10819.81,,11257.01,10.536920192228903,41.45644965634988,,37.21517539416909,314.28000000000003,3060.0499999999997,0.0,3374.33,3674.82,14957.98,0.0,18632.8,,,,,,,,,,,,,,0.0,0.0,30248.440000000002,0.0,0.0,,0.0,,0.0,,,,,,,,30248.440000000002,0.0
381,MADHYA PRADESH,SINGRAULI,,960.6,960.6,0.0,960.6,6602.0,444658.0,0.0,451260.0,115940.0,567200.0,532.48,32283.42,0.0,32815.9,120.77,,0.0,120.77,134.5194,0.0,0.0,134.51999999999998,40.83,2555.15,0.0,2595.9799999999996,141.2,214.58,0.0,355.78,9.06,468.316,0.0,477.376,,,,,,,,,978.86,35521.450000000004,0.0,36500.31,,,,,,,,,,,,0.0,,,,0.0,,,,,,,,,,,,,,,,0.0,978.86,35521.450000000004,0.0,36500.31,48.95,1776.07,0.0,1825.02,929.91,33745.38,0.0,34675.29,182.90879999999999,2586.75573,,2769.66453,0.0,2222.24921,,2222.24921,163.28519999999997,10220.5908,,10383.875999999998,346.18999999999994,15029.619999999999,,15375.810000000001,37.228333924788416,44.538304206383216,,44.34226793777356,209.75,3433.82,0.0,3643.57,556.88,17868.7,0.0,18425.58,,,,,,,,,,,,,,0.0,0.0,34675.29,0.0,0.0,,0.0,,0.0,,,,,,,,34675.29,0.0
382,MADHYA PRADESH,TIKAMGARH,,978.4,978.4000000000001,0.0,978.4000000000001,26862.0,308676.0,0.0,335538.0,12800.0,348338.0,2017.04,26899.7,0.0,28916.74,477.01,,,477.01,1555.092,0.0,0.0,1555.09,531.39,6356.15,0.0,6887.539999999999,1392.3899999999999,402.76,,1795.1499999999999,25.86,708.54,0.0,734.4,,,,,,,,,5998.7699999999995,34367.15,0.0,40365.92,,,,,,,,,,,,0.0,,,,0.0,,,,,,,,,,,,,,,,0.0,5998.7699999999995,34367.15,0.0,40365.92,299.95000000000005,1718.35,0.0,2018.3000000000002,5698.82,32648.799999999996,0.0,38347.619999999995,256.70523,2996.331719999999,,3253.0369499999997,0.0,0.0,,0.0,2125.5480000000002,25424.571600000003,,27550.119599999998,2382.2499999999995,28420.920000000002,,30803.16,41.80251350279531,87.05042758079932,,80.32613236492905,493.25,5436.93,0.0,5930.18,3080.0299999999997,2901.9,0.0,5981.93,,,,,,,,,,,,,,0.0,0.0,38347.619999999995,0.0,0.0,,0.0,,0.0,,,,,,,,38347.619999999995,0.0
383,MADHYA PRADESH,UJJAIN,,0.0,967.8022721418072,0.0,967.8022721418072,0.0,593933.0,0.0,593933.0,19090.0,613023.0,0.0,71057.44,0.0,71057.44,,,,,0.0,0.0,0.0,0.0,0.0,24527.049999999996,0.0,24527.049999999996,0.0,2355.38,0.0,2355.38,0.0,1894.068,0.0,1894.068,,,,,,,,,0.0,99833.93,0.0,99833.93,,,,,,,,,,,,0.0,,,,0.0,,,,,,,,,,,,,,,,0.0,0.0,99833.93,0.0,99833.93,0.0,4991.700000000001,0.0,4991.700000000001,0.0,94842.23,0.0,94842.23,,4000.8400439999996,,4000.8400439999996,,59.59477,,59.59477,,98108.24919999999,,98108.24919999999,,102168.68,,102168.68,,107.72488162709797,,107.72488162709797,0.0,4821.65,0.0,4821.65,0.0,9257.939999999999,0.0,9257.939999999999,,,,,,,,,,,,,,0.0,0.0,94842.23,0.0,0.0,,0.0,,0.0,,,,,,,,94842.23,0.0
384,MADHYA PRADESH,UMARIA,,0.0,1194.6,0.0,1194.6,0.0,421900.0,0.0,421900.0,32000.0,453900.0,0.0,34684.01,0.0,34684.01,0.0,,0.0,0.0,0.0,0.0,0.0,0.0,0.0,1216.07,0.0,1216.07,0.0,314.33,0.0,314.33,0.0,160.748,0.0,160.748,,,,,,,,,0.0,36375.15,0.0,36375.15,,,,,,,,,,,,0.0,,,,0.0,,,,,,,,,,,,,,,,0.0,0.0,36375.15,0.0,36375.15,0.0,1818.76,0.0,1818.76,0.0,34556.39,0.0,34556.39,,1631.61351,,1631.61351,,528.7178299999999,,528.7178299999999,,4864.2768,,4864.2768,,7024.6,,7024.6,,20.327933560189592,,20.327933560189592,0.0,1994.9499999999998,0.0,1994.9499999999998,0.0,27168.45,0.0,27168.45,,,,,,,,,,,,,,0.0,0.0,34556.39,0.0,0.0,,0.0,,0.0,,,,,,,,34556.39,0.0
385,MADHYA PRADESH,VIDISHA,,1087.6000000000001,1087.6000000000001,0.0,1087.6,76287.0,594483.0,0.0,670770.0,66330.0,737100.0,10142.509999999998,67266.02,0.0,77408.53,2190.09,,0.0,2190.09,687.258,0.0,0.0,687.27,429.14,13232.75,0.0,13661.890000000001,256.75,164.26999999999998,0.0,421.0199999999999,7.8,649.4419999999999,,657.242,,,,,,,,,13713.56,81312.5,0.0,95026.06,,,,,,,,,,,,0.0,,,,0.0,,,,,,,,,,,,,,,,0.0,13713.56,81312.5,0.0,95026.06,685.67,4065.62,0.0,4751.29,13027.89,77246.88,0.0,90274.77,454.79073,3640.6472400000002,,4095.43797,0.0,16.212169999999997,,16.212169999999997,1716.5754,52931.0052,,54647.5806,2171.36,56587.87,,58759.23,16.667012079469508,73.25586483234015,,65.08931565264581,621.26,4608.91,0.0,5230.17,10762.04,19690.74,0.0,30452.780000000002,,,,,,,,,,,,,,0.0,0.0,90274.76999999999,0.0,0.0,,0.0,,0.0,,,,,,,,90274.76999999999,0.0
386,MAHARASHTRA,Ahmednagar,,566.8528895738033,575.3870307023898,565.0402347059465,573.2289649434391,366203.14,1172429.2599999998,23842.6,1562475.0,0.0,1562475.0,23842.510000000002,78221.05,1628.54,103692.09999999999,3430.8199999999993,0.0,0.0,3430.8199999999993,18349.49505,0.0,0.0,18349.49505,10463.419999999998,17361.84,183.35000000000002,28008.609999999993,569.0699999999999,2411.66,0.0,2980.7299999999996,231.70000000000002,5834.348,11.780000000000001,6077.8279999999995,,,,,,,,,56887.03,103828.87,1823.67,162539.57,,,,,,,,,,,,,,,,,,,,,,,,,,,,,,,,,56887.03,103828.87,1823.67,162539.57,2853.04,5191.42,91.16,8135.619999999999,54033.990000000005,98637.44999999997,1732.51,154403.94999999998,1631.3825000000006,4585.4245,11.4975,6228.304500000001,0.0,0.0,0.0,0.0,41960.05705,68846.84648,733.3676,111540.27113,43591.42999999999,73432.27,744.86,117768.56,80.67409051228678,74.44664273052479,42.99311403685982,76.65068201361042,1631.37,4585.469999999999,11.5,6228.340000000001,13359.03,31941.610000000004,1057.6,45300.64000000001,,,,,,,,,,,,,,0.0,0.0,152671.44,1732.5099999999998,,,,,,,,,,,,,152671.44,1732.5099999999998
387,MAHARASHTRA,Akola,,771.7301625848288,781.3032189427088,792.3685051537634,782.0432955075285,48014.32,390222.54000000004,75928.01000000001,514164.86999999994,0.0,514164.86999999994,3206.0900000000006,25749.385262224663,5153.016329267575,34108.49159149223,1770.5199999999998,0.0,0.0,1770.5199999999998,1663.5526878,0.0,0.0,1663.5526878,704.86,4017.814784219358,208.16221157619967,4930.836995795558,284.09,164.52341216670033,0.0,448.6134121667003,439.018,2325.274326517934,45.85152862717172,2810.1438551451056,,,,,,,,,8068.160000000001,32256.93897169226,5407.049193691511,45732.14816538377,,,,,,,,,,,,,,,,,,,,,,,,,,,,,,,,,8068.160000000001,32256.93897169226,5407.049193691511,45732.14816538377,664.29,2170.220122962074,426.07568877500694,3260.585811737081,7403.87,30086.718848730183,4980.973504916505,42471.56235364669,307.269855,1947.3062053646343,120.97226454641773,2375.548324911052,0.1548,0.4342047335152479,0.0,0.589004733515248,3362.5952099999995,18181.43330552938,832.9760009436495,22377.00451647303,3670.04,20129.156044496223,953.9963283433951,24753.192372839618,49.56921177708415,66.9037928186901,19.15280873109938,63.48045409615462,307.26000000000005,1947.3215512575907,121.02197620892018,2375.6035274665114,3733.83,9989.212804233957,4321.097176573109,13723.042804233957,,,,,,,,,,,,,,0.0,0.0,37490.588848730185,4980.973504916504,,,,,,,,,,,,,37490.588848730185,4980.973504916504
388,MAHARASHTRA,Amravati,,861.8842210578431,903.7677054218763,672.6927227391595,856.0744938450191,48476.0,626333.0,164430.0,839239.0,0.0,839239.0,4019.01,50734.755905897095,9582.705464130793,64336.47137002788,3023.9399999999996,0.0,0.0,3023.9399999999996,7880.537539439999,0.0,0.0,7880.537539439999,1749.1100000000001,10887.726349453646,944.6792073853125,13581.515556838955,40.08,1281.5163515680374,0.0,1321.5963515680376,461.1940000000001,3604.709609124435,0.0,4065.903609124435,,,,,,,,,17173.829999999994,66508.70294263378,10527.384671516103,94209.91761414989,,,,,,,,,,,,,,,,,,,,,,,,,,,,,,,,,17173.829999999994,66508.70294263378,10527.384671516103,94209.91761414989,1042.3099999999997,5020.39114282276,857.112072657001,6919.813215479761,16131.519999999999,61488.31179981101,9670.272598859105,87290.10439867013,946.1976099999999,3279.084297140943,1025.320395269607,5250.602302410549,0.0,0.0,0.0,0.0,8444.241348000001,46968.08732039161,4393.579857826825,59805.90852621845,9390.489999999998,50247.190865874145,5418.91237162691,65056.59323750106,58.21205937196247,81.71828010088348,56.036810919541516,76.83304573460742,946.19,3279.1102707620157,1025.2556579382683,5250.555928700284,8036.209999999999,15582.070933936871,5993.386581452276,23618.28093393687,,,,,,,,,,,,,,0.0,0.0,77619.83179981101,9670.272598859105,,,,,,,,,,,,,77619.83179981101,9670.272598859105
389,MAHARASHTRA,Aurangabad,,642.6140555974926,672.693045752912,0.0,667.8703672169518,152345.0,797829.0,0.0,950174.0,0.0,950174.0,12278.970000000001,67289.13,,79568.09999999998,604.6400000000001,0.0,,604.6400000000001,9780.790704000003,0.0,,9780.790704000003,4224.570000000001,11718.93,,15943.500000000002,1085.67,2950.9400000000005,,4036.61,1726.4859999999999,7735.49,,9461.975999999999,,,,,,,,,29701.12,89694.54000000001,,119395.66,,,,,,,,,,,,,,,,,0.0,0.0,,0.0,0.0,0.0,,0.0,0.0,0.0,,0.0,,,,,29701.12,89694.54000000001,,119395.66,1491.18,4484.77,,5975.950000000001,28209.940000000002,85209.77,,113419.71000000002,732.3824999999999,2730.1537500000004,,3462.53625,0.0,0.0,,0.0,18420.680800000002,50931.698500000006,,69352.37929999999,19153.099999999995,53661.84000000001,,72814.94,67.8948625909874,62.97615871982756,,64.19954697468367,732.35,2730.13,,3462.4800000000005,9056.84,31547.949999999997,,40604.78999999999,,,,,,,,,,,,,,0.0,,113419.71,,,,,,,,,,,,,,113419.71,0.0
390,MAHARASHTRA,Beed,,703.6892532645091,694.890938346556,0.0,695.7767744553012,104227.0,930978.0,0.0,1035205.0,0.0,1035205.0,9010.1,78933.79999999999,,87943.89999999998,1432.3100000000002,0.0,,1432.3100000000002,15298.34796,0.0,,15298.34796,2273.53,14333.089999999998,,16606.62,38.980000000000004,275.29,,314.27000000000004,305.624,9164.188,,9469.812,,,,,,,,,28358.92,102706.3,,131065.21999999999,,,,,,,,,,,,,,,,,,,,,,,,,,,,,,,,,28358.92,102706.3,,131065.21999999999,1417.92,5135.36,,6553.28,26941.0,97570.93999999999,,124511.93999999999,951.6524999999999,4036.7160000000003,,4988.3685,21.137500000000003,18.516499999999997,,39.654,10122.444000000001,57769.3395,,67891.7835,11095.239999999998,61824.47999999999,,72919.71999999999,41.18347500092794,63.363620356634875,,58.56443968345525,951.6399999999999,4036.7400000000002,,4988.379999999999,15845.76,35746.46,,51592.22,,,,,,,,,,,,,,0.0,,124511.93999999999,,,,,,,,,,,,,,124511.93999999999,0.0
391,MAHARASHTRA,Bhandara,,1433.474078685026,1456.0212720857814,0.0,1449.9462217873024,106831.0,289666.0,0.0,396497.0,0.0,396497.0,7592.634150964433,25301.080784995116,,32893.71493595955,1539.4563998216079,0.0,,1539.4563998216079,47539.794087696886,0.0,,47539.794087696886,1634.87,4735.510379335816,,6370.380379335815,373.05,1373.3954770698142,,1746.4454770698142,1534.9191582116177,2336.6797478993262,,3871.598906110944,,,,,,,,,60214.72112498607,33746.69639090625,,93961.41751589233,,,,,,,,,,,,,,,,,,,,,,,,,,,,,,,,,60214.72112498607,33746.69639090625,,93961.41751589233,5190.994101906567,1711.8313182068302,,6902.825420113397,55023.72702307949,32034.865072699424,,87058.59209577893,1427.691904471513,2264.2242058986917,,3691.9161103702045,24.528500000000005,146.45770000000002,,170.9862,5892.453652941242,16359.84822182544,,22252.301874766683,7344.709506076484,18770.5010278553,,26115.210533931793,13.348258839310855,58.593975611440285,,29.997281032526597,1428.3225019511651,2346.6356560298627,,3774.9581579810283,47678.397517003,13181.934044844118,,60860.331561847124,,,,,,,,,,,,,,0.0,,87058.5920957789,,,,,,,,,,,,,,87058.5920957789,0.0
392,MAHARASHTRA,Buldhana,,759.5478084142809,758.0494526300823,712.6982499624455,756.6919572515735,62489.0,731498.0,26628.0,820615.0,0.0,820615.0,4984.079999999999,61314.32400852607,1583.6963768115943,67882.10038533768,881.1,0.0,0.0,881.1,2251.85265,0.0,0.0,2251.85265,1168.71,13642.36033512115,78.48130434782608,14889.551639468977,928.73,793.4899999999999,0.0,1722.22,574.356,6363.968964293247,17.248,6955.572964293247,,,,,,,,,10788.83,82114.16530794046,1679.4176811594202,94582.41298909989,,,,,,,,,,,,,,,,,,,,,,,,,,,,,,,,,10788.83,82114.16530794046,1679.4176811594202,94582.41298909989,659.22,4325.1764590717985,128.66536231884058,5113.061821390639,10129.609999999999,77788.98884886867,1550.7523188405798,89469.35116770923,685.2516350000001,2569.1497994269585,110.96267666666668,3365.364111093625,0.0,0.0,0.0,0.0,4708.004426,55668.33390007816,411.7121688405797,60788.05049491873,5393.290000000001,58237.53872866043,522.7231884057971,64153.55191706622,53.242819812411355,74.86604414129418,33.70771605852643,72.37470747007842,685.28,2569.1446471982117,110.94927536231884,3365.3739225605304,4736.320000000001,22592.880120208243,1158.0291304347825,27329.200120208243,,,,,,,,,,,,,,0.0,0.0,87918.59884886864,1550.7523188405798,,,,,,,,,,,,,87918.59884886864,1550.7523188405798
393,MAHARASHTRA,Chandrapur,,1285.19216688829,1290.8954307774768,0.0,1290.432819768302,84979.0,962678.0,0.0,1047657.0,0.0,1047657.0,6748.1,92892.54999999999,,99640.64999999997,778.22,0.0,,778.22,9732.689102880706,0.0,,9732.689102880706,487.28,3430.5700000000006,,3917.8500000000004,0.0,623.5999999999999,,623.5999999999999,120.81800000000001,1801.4419999999998,,1922.2599999999998,,,,,,,,,17867.1,98748.14,,116615.23999999998,,,,,,,,,,,,,,,,,0.0,0.0,,0.0,0.0,0.0,,0.0,0.0,0.0,,0.0,,,,,17867.1,98748.14,,116615.23999999998,1070.8,5378.24,,6449.04,16796.3,93369.90000000001,,110166.20000000001,2881.9620000000004,14951.219,,17833.181000000004,1.224,22.736,,23.959999999999997,1736.094,13209.228000000001,,14945.322000000002,4619.33,28183.260000000002,,32802.590000000004,27.502068908033316,30.18452413465153,,29.775548217148273,2881.9399999999996,14951.210000000003,,17833.15,12176.970000000001,65186.62000000001,,77363.59000000001,,,,,,,,,,,,,,0.0,,110166.20000000001,,,,,,,,,,,,,,110166.20000000001,0.0
394,MAHARASHTRA,Dhule,,653.0618287438087,642.5567899458919,0.0,643.3594095139316,49061.0,593071.0,0.0,642132.0,0.0,642132.0,4029.3100000000004,47032.09,,51061.399999999994,674.8900000000001,0.0,,674.8900000000001,10794.232799999998,0.0,,10794.232799999998,1859.9,6539.77,,8399.67,132.64000000000001,454.77000000000004,,587.41,560.138,5959.4259999999995,,6519.563999999999,,,,,,,,,18051.059999999998,59986.090000000004,,78037.15,,,,,,,,,,,,,,,,,0.0,0.0,,0.0,0.0,0.0,,0.0,0.0,0.0,,0.0,,,,,18051.059999999998,59986.090000000004,,78037.15,1060.26,2999.33,,4059.5899999999992,16990.8,56986.759999999995,,73977.56,328.33961999999997,1428.117575,,1756.457195,5.8586100000000005,96.8825,,102.74110999999999,7687.191000000001,26235.144000000004,,33922.33500000001,8021.41,27760.130000000005,,35781.54000000001,47.21031381688914,48.71329761509517,,48.36809973186465,328.31999999999994,1428.14,,1756.46,8969.39,29226.629999999997,,38196.02,,,,,,,,,,,,,,0.0,,73977.56,,,,,,,,,,,,,,73977.56,0.0
395,MAHARASHTRA,Gadchiroli,,1212.0054479025525,1305.1469463261506,0.0,1302.764468102,22679.71,863969.3899999999,0.0,886649.0999999999,0.0,886649.0999999999,1828.4,90834.02640030564,,92662.42640030565,348.19,0.0,,348.19,3564.1300800000004,0.0,,3564.1300800000004,266.48,8259.704122122823,,8526.184122122824,140.23,1081.6375995670307,,1221.8675995670305,3.3600000000000003,1338.2502863964855,,1341.6102863964854,,,,,,,,,6150.78,101513.63240839196,,107664.41240839196,,,,,,,,,,,,,,,,,,,,,,,,,,,,,,,,,6150.78,101513.63240839196,,107664.41240839196,390.86999999999995,5886.2715109356595,,6277.141510935659,5759.91,95627.3608974563,,101387.27089745631,509.536,4209.5267132119325,,4719.062713211932,0.19328,1.3539999999999999,,1.54728,688.8855000000001,21122.861117446435,,21811.74661744644,1198.62,25333.881724873456,,26532.50172487345,20.809700151564865,26.492294137490248,,26.16946041649408,509.54,4209.555013211932,,4719.0950132119315,4561.290000000001,70293.47917258285,,74854.76917258286,,,,,,,,,,,,,,0.0,,101387.27089745631,,,,,,,,,,,,,,101387.27089745631,0.0
396,MAHARASHTRA,Gondia,,1463.0552660525484,1502.0603759040914,0.0,1495.1668026379975,81245.97999999998,378458.76999999996,0.0,459704.75,0.0,459704.75,6923.559999999999,36366.049999999996,,43289.60999999999,2000.6499999999999,0.0,,2000.6499999999999,12740.55834639561,0.0,,12740.55834639561,1065.6799999999998,1661.1100000000001,,2726.7899999999995,1001.5300000000002,787.26,,1788.7900000000002,1978.28,1861.8640000000003,,3840.1440000000002,,,,,,,,,25710.199999999997,40676.3,,66386.5,,,,,,,,,,,,,,,,,,,,,,,,,,,,,,,,,25710.199999999997,40676.3,,66386.5,1646.1599999999999,2617.51,,4263.67,24064.039999999997,38058.79,,62122.83,3428.456045,2601.5219450000004,,6029.9779899999985,108.703,210.00600000000003,,318.709,4285.5957,5895.43929,,10181.03499,7822.75,8706.95,,16529.7,32.508049354971156,22.877632210587883,,26.60809238729144,3428.4500000000003,2601.52,,6029.97,16241.289999999999,29351.840000000004,,45593.130000000005,,,,,,,,,,,,,,0.0,,62122.83,,,,,,,,,,,,,,62122.83,0.0
397,MAHARASHTRA,Hingoli,,1003.7873172922909,945.2800720417438,0.0,966.5113651523568,169191.0,297050.0,0.0,466241.0,0.0,466241.0,19430.54,32137.449999999997,,51567.990000000005,624.6600000000001,0.0,,624.6600000000001,35862.83074800001,0.0,,35862.83074800001,4364.76,4662.3099999999995,,9027.070000000002,19.56,43.349999999999994,,62.91,981.1560000000001,5070.98,,6052.136,,,,,,,,,61283.52,41914.10999999999,,103197.63,,,,,,,,,,,,,,,,,,,,,,,,,,,,,,,,,61283.52,41914.10999999999,,103197.63,3114.32,2095.7000000000003,,5210.02,58169.200000000004,39818.41,,97987.61000000002,769.3899999999999,1389.748,,2159.138,1.02,1.512,,2.532,17707.410359999998,18649.273879999997,,36356.68424,18477.83,20040.530000000002,,38518.36,31.76565948990187,50.32980975382995,,39.30941881325608,769.3900000000001,1389.75,,2159.14,39691.369999999995,19862.510000000002,,59553.88,,,,,,,,,,,,,,0.0,,97987.61,,,,,,,,,,,,,,97987.61,0.0
398,MAHARASHTRA,Jalgaon,,673.453349093303,689.6229968180653,0.0,687.248599416636,167090.0,970793.0,0.0,1137883.0,0.0,1137883.0,11989.169999999998,76793.70999999999,,88782.88,1393.9300000000003,0.0,,1393.9300000000003,17044.6877073,0.0,,17044.6877073,6229.749999999999,16072.39,,22302.140000000003,950.62,1303.72,,2254.3399999999997,3645.5060000000003,8843.896,,12489.402,,,,,,,,,41253.63,103013.73,,144267.36,,,,,,,,,,,,,,,,,,,,,,,,,,,,,,,,,41253.63,103013.73,,144267.36,2424.5700000000006,5500.53,,7925.099999999999,38829.06,97513.20000000001,,136342.25999999998,1281.8404999999998,3605.971,,4887.811499999999,152.616,163.11890000000002,,315.7349,26845.405840000003,74407.14529,,101252.55113,28279.83,78176.25000000001,,106456.07999999999,72.83161116957248,80.1699154575996,,78.080031825789,1281.81,3605.98,,4887.789999999999,11583.570000000002,25383.539999999997,,36967.11,,,,,,,,,,,,,,0.0,,136342.26,,,,,,,,,,,,,,136342.26,0.0
399,MAHARASHTRA,Jalna,,857.3672716514204,860.4673260803681,0.0,860.249223956163,54299.44,717500.5599999999,0.0,771800.0,0.0,771800.0,4121.509999999999,65207.07000000001,,69328.58,344.7,0.0,,344.7,8895.206698319998,0.0,,8895.206698319998,1310.4999999999995,9356.13,,10666.63,1070.5600000000002,157.81,,1228.37,427.2180000000001,6862.154,,7289.372,,,,,,,,,16169.750000000002,81583.14,,97752.89,,,,,,,,,,,,,,,,,,,,,,,,,,,,,,,,,16169.750000000002,81583.14,,97752.89,825.9399999999999,4103.429999999999,,4929.37,15343.81,77479.71,,92823.52,150.11732,984.7616312499999,,1134.8789512499998,77.5953255,89.8926907,,167.4880162,5499.7321839999995,39193.082784000006,,44692.814968000006,5727.4,40267.8,,45995.200000000004,37.327104545741896,51.972058233052245,,49.551234428515535,1356.2399999999998,3905.7799999999993,,5262.02,9038.86,34880.39,,43919.25,,,,,,,,,,,,,,0.0,,92823.52,,,,,,,,,,,,,,92823.52,0.0
400,MAHARASHTRA,Kolhapur,,1643.8254565030031,1675.1278112801756,0.0,1674.0960662319274,18529.67,543646.33,0.0,562176.0,0.0,562176.0,2218.04,51638.490000000005,,53856.52999999999,672.5999999999999,0.0,,672.5999999999999,7915.320000000001,46727.625,,54642.945,1109.68,21283.300000000003,,22392.980000000003,0.0,696.17,,696.17,34.284,3427.596,,3461.8800000000006,,,,,,,,,11949.919999999998,123773.18999999999,,135723.11000000002,,,,,,,,,,,,,,,,,,,,,,,,,,,,,,,,,11949.919999999998,123773.18999999999,,135723.11000000002,1152.88,6825.379999999999,,7978.260000000001,10797.039999999999,116947.81,,127744.85,82.08,2061.0,,2143.08,0.0,0.0,,0.0,2465.9540000000006,49727.787,,52193.740999999995,2548.03,51788.77999999999,,54336.80999999999,23.599338337173897,44.28366807381856,,42.53542119310484,82.08,2061.0,,2143.08,8249.01,65159.02999999999,,73408.04,,,,,,,,,,,,,,0.0,,127744.84999999999,,,,,,,,,,,,,,127744.84999999999,0.0
401,MAHARASHTRA,Latur,,694.1213961356958,728.0338696849781,0.0,725.737903211222,44924.0,618624.0,0.0,663548.0,0.0,663548.0,2621.0099999999998,44860.439999999995,,47481.45,618.73,0.0,,618.73,1297.7700195,0.0,,1297.7700195,922.63,7006.18,,7928.81,0.0,2259.18,,2259.18,851.2560000000001,13128.206,,13979.462000000001,,,,,,,,,6311.41,67254.0,,73565.41,,,,,,,,,,,,,,,,,,,,,,,,,,,,,,,,,6311.41,67254.0,,73565.41,315.54,3493.9300000000003,,3809.47,5995.87,63760.07,,69755.94,352.1732,1847.461425,,2199.6346249999997,192.53650000000005,0.0,,192.53650000000005,3758.0225000000005,28353.1316,,32111.154099999996,4302.74,30200.55,,34503.28999999999,71.76172932368446,47.36592980528409,,49.46287011543389,352.18,1847.4399999999998,,2199.62,1955.7699999999998,33559.520000000004,,35515.29,,,,,,,,,,,,,,0.0,,69755.94,,,,,,,,,,,,,,69755.94,0.0
402,MAHARASHTRA,Mumbai,,0.0,2205.0,0.0,2205.0,0.0,7004.0,0.0,7004.0,0.0,7004.0,,1365.05,,1365.05,,,,,,0.0,,0.0,,0.0,,0.0,,190.37,,190.37,,,,,,,,,,,,,,1555.42,,1555.42,,,,,,,,,,,,,,,,,,,,,,,,,,,,,,,,,,1555.42,,1555.42,,77.77,,77.77,,1477.65,,1477.65,,619.365945,,619.365945,,60.77250000000001,,60.77250000000001,,0.0,,0.0,,680.14,,680.14,,46.02849118532805,,46.02849118532805,,619.37,,619.37,,797.51,,797.51,,,,,,,,,,,,,,0.0,,1477.65,,,,,,,,,,,,,,1477.65,0.0
403,MAHARASHTRA,Mumbai Sub,,0.0,2141.851063188469,0.0,2141.851063188469,0.0,36494.0,0.0,36494.0,0.0,36494.0,,7595.68,,7595.68,,,,,,0.0,,0.0,,0.0,,0.0,,240.48,,240.48,,,,,,,,,,,,,,7836.16,,7836.16,,,,,,,,,,,,,,,,,,,,,,,,,,,,,,,,,,7836.16,,7836.16,,572.6,,572.6,,7263.5599999999995,,7263.5599999999995,,1787.6583100000005,,1787.6583100000005,,82.271,,82.271,,0.0,,0.0,,1869.91,,1869.91,,25.74371244954265,,25.74371244954265,,1787.67,,1787.67,,5393.65,,5393.65,,,,,,,,,,,,,,0.0,,7263.5599999999995,,,,,,,,,,,,,,7263.5599999999995,0.0
404,MAHARASHTRA,Nagpur,,1177.7682616206307,1159.8576672994034,0.0,1164.9441880401782,226924.0,572118.0,0.0,799042.0,0.0,799042.0,15451.460212456137,48504.58959731446,,63956.0498097706,2033.5128076720691,0.0,,2033.5128076720691,15260.570164199677,0.0,,15260.570164199677,3016.421896538238,9477.247820435627,,12493.669716973865,1022.8739903647279,375.5296967334751,,1398.4036870982031,14063.512601700058,39904.38398920022,,53967.89659090028,,,,,,,,,50848.349482819154,98261.75310368379,,149110.1025865029,,,,,,,,,,,,,,,,,,,,,,,,,,,,,,,,,50848.349482819154,98261.75310368379,,149110.1025865029,3073.381968169836,5743.853539647439,,8817.235507817277,47774.96751464931,92517.89956403634,,140292.86707868564,3969.9361824353778,6282.552219945884,,10252.488402381261,959.4542862985554,566.5233725192317,,1525.9776588177872,12688.6280974645,39625.66839995262,,52314.296497417134,17618.057088580535,46474.73522458723,,64092.79231316777,36.877172304048734,50.23323642623308,,45.68499714046063,3969.9368189925945,6282.571820213072,,10252.508639205666,30267.400426068776,46043.14437666216,,76310.54480273093,,,,,,,,,,,,,,0.0,,140292.86707868567,,,,,,,,,,,,,,140292.86707868567,0.0
405,MAHARASHTRA,Nanded,,1008.6439597396295,1025.78445966142,0.0,1023.6877351683236,124499.6,893271.4,0.0,1017771.0,0.0,1017771.0,13096.17,93270.28000000001,,106366.44999999998,1602.7599999999998,0.0,,1602.7599999999998,6337.1313,0.0,,6337.1313,2372.7000000000003,6329.759999999999,,8702.46,82.80999999999999,190.5,,273.30999999999995,275.488,1430.996,,1706.4839999999997,,,,,,,,,23767.059999999998,101221.54,,124988.60000000003,,,,,,,,,,,,,,,,,,,,,,,,,,,,,,,,,23767.059999999998,101221.54,,124988.60000000003,1188.37,5143.509999999999,,6331.880000000001,22578.69,96078.02999999998,,118656.72,1156.7549832,2229.14148,,3385.8964631999997,0.0,1.2125,,1.2125,9499.911689999999,25365.33229,,34865.24398,10656.66,27595.670000000002,,38252.329999999994,47.197866660997605,28.72214386577244,,32.23781173118555,1156.78,2229.14,,3385.9199999999996,11945.230000000001,68482.35999999999,,80427.58999999998,,,,,,,,,,,,,,0.0,,118656.71999999999,,,,,,,,,,,,,,118656.71999999999,0.0
406,MAHARASHTRA,Nandurbar,,852.4362915220624,943.2044167453572,0.0,939.2366800071278,18153.0,397125.0,0.0,415278.0,0.0,415278.0,1520.89,38563.42234234234,,40084.31234234234,234.68999999999994,0.0,,234.68999999999994,4056.568011394127,0.0,,4056.568011394127,426.33,4096.876666666667,,4523.206666666666,203.83,237.78522522522522,,441.6152252252253,100.86800000000001,2591.7879819819823,,2692.6559819819818,,,,,,,,,6543.1900000000005,45489.88621621622,,52033.07621621622,,,,,,,,,,,,,,,,,,,,,,,,,,,,,,,,,6543.1900000000005,45489.88621621622,,52033.07621621622,383.44000000000005,2274.510630630631,,2657.9506306306307,6159.750000000001,43215.375585585585,,49375.12558558559,821.998425,2169.684100630631,,2991.6825256306306,0.0,0.0,,0.0,1898.12388,15729.277964864865,,17627.40184486486,2720.14,17898.942882882882,,20619.082882882885,44.15990908721944,41.417996813275515,,41.76006164711883,822.0,2169.6783783783785,,2991.6783783783785,3439.61,25316.432702702703,,28756.042702702704,,,,,,,,,,,,,,0.0,,49375.12558558558,,,,,,,,,,,,,,49375.12558558558,0.0
407,MAHARASHTRA,Nashik,,744.0554844143883,1015.0780175312038,0.0,981.9201248391226,165024.0,1183832.0,0.0,1348856.0,0.0,1348856.0,13467.289999999999,122979.16999999997,,136446.46,2478.11,0.0,,2478.11,23219.885833519285,0.0,,23219.885833519285,5474.219999999999,22867.869999999995,,28342.09,527.65,3002.2799999999997,,3529.93,552.04,6567.796,,7119.836,,,,,,,,,45719.13999999999,155417.11000000002,,201136.25,,,,,,,,,,,,,,,,,,,,,,,,,,,,,,,,,45719.13999999999,155417.11000000002,,201136.25,2868.7400000000002,8222.9,,11091.64,42850.4,147194.21,,190044.61,807.00604,2786.63,,3593.63604,19.8075,1182.561,,1202.3685000000003,19662.687853000003,84983.718589,,104646.40644199999,20489.469999999998,88952.88999999998,,109442.35999999999,47.81628642906483,60.43232950535214,,57.587721114531995,806.9999999999999,2786.6099999999997,,3593.6099999999997,23171.74,63142.68,,86314.42,,,,,,,,,,,,,,0.0,,190044.61,,,,,,,,,,,,,,190044.61,0.0
408,MAHARASHTRA,Osmanabad,,771.4737284134675,768.4482097237335,0.0,768.6295035346948,40245.0,631383.0,0.0,671628.0,0.0,671628.0,3844.4299999999994,59828.05,,63672.479999999996,28.659999999999997,0.0,,28.659999999999997,25.769735999999998,0.0,,25.769735999999998,890.83,11228.259999999998,,12119.09,596.74,767.35,,1364.09,9.91,12773.026,,12782.936,,,,,,,,,5396.34,84596.65999999999,,89992.99999999999,,,,,,,,,,,,,,,,,,,,,,,,,,,,,,,,,5396.34,84596.65999999999,,89992.99999999999,306.30000000000007,4229.89,,4536.1900000000005,5090.040000000001,80366.77,,85456.81,344.08799999999997,1971.7860000000003,,2315.874,0.0,0.792,,0.792,3563.2055,45053.854,,48617.0595,3907.2999999999997,47026.44,,50933.74,76.76364036431931,58.51478166909034,,59.601733320024465,344.07000000000005,1971.78,,2315.85,1352.5099999999998,33340.33,,34692.840000000004,,,,,,,,,,,,,,0.0,,85456.81,,,,,,,,,,,,,,85456.81,0.0
409,MAHARASHTRA,Palghar,,2196.0084793064875,2524.949604501832,0.0,2503.646578203893,17880.0,258206.0,0.0,276086.0,0.0,276086.0,1149.69,17182.57,,18332.26,378.78999999999996,0.0,,378.78999999999996,1723.3218719999998,0.0,,1723.3218719999998,139.84,831.13,,970.97,262.82,6.43,,269.25,29.240000000000002,615.1700000000001,,644.41,,,,,,,,,3683.7100000000005,18635.350000000002,,22319.06,,,,,,,,,,,,,,,,,,,,,,,,,,,,,,,,,3683.7100000000005,18635.350000000002,,22319.06,220.85000000000002,1181.4099999999999,,1402.26,3462.86,17453.940000000002,,20916.8,145.96491,871.26768,,1017.2325900000001,5.1000000000000005,38.7,,43.800000000000004,561.948,3324.5809999999997,,3886.5290000000005,712.99,4234.5599999999995,,4947.549999999999,20.58962822637935,24.26134156528554,,23.65347471888625,145.98,871.26,,1017.24,2749.87,13219.379999999997,,15969.249999999996,,,,,,,,,,,,,,0.0,,20916.800000000003,,,,,,,,,,,,,,20916.800000000003,0.0
410,MAHARASHTRA,Parbhani,,883.6224025630289,864.0335491036271,0.0,872.0134061795945,253138.0,368262.0,0.0,621400.0,0.0,621400.0,24649.680000000004,34116.96,,58766.64,354.12,0.0,,354.12,15031.191600000002,0.0,,15031.191600000002,4241.099999999999,4732.15,,8973.25,6.89,91.9,,98.79,803.232,2722.372,,3525.6040000000003,,,,,,,,,45086.219999999994,41663.329999999994,,86749.54999999999,,,,,,,,,,,,,,,,,,,,,,,,,,,,,,,,,45086.219999999994,41663.329999999994,,86749.54999999999,2439.05,2091.49,,4530.54,42647.16999999999,39571.84,,82219.01,847.1399999999999,1103.0429599999998,,1950.18296,0.0,0.0,,0.0,16964.437380000003,19247.891560000004,,36212.32894,17811.559999999998,20350.929999999997,,38162.49,41.76492836453158,51.42780825961088,,46.41565253583082,847.1300000000001,1103.04,,1950.17,24835.62,19220.920000000002,,44056.54,,,,,,,,,,,,,,0.0,,82219.00999999998,,,,,,,,,,,,,,82219.00999999998,0.0
411,MAHARASHTRA,Pune,,534.2110092254063,744.5153176150794,466.55894039343315,682.7860237299641,337817.1,910189.3099999999,27721.609999999997,1275728.02,0.0,1275728.02,19749.139999999996,75748.83921375577,1486.6425861612197,96984.62179991697,11152.619999999999,0.0,0.0,11152.619999999999,38278.448081999995,0.0,0.0,38278.448081999995,11496.19,15503.643750893956,2352.8487235374873,29352.682474431447,261.0,566.8,0.0,827.8000000000001,1074.518,21111.395537019725,0.0,22185.91353701973,,,,,,,,,82011.93,112930.71214699082,3839.4913096987066,198782.1334566895,,,,,,,,,,,,,,,,,,,,,,,,,,,,,,,,,82011.93,112930.71214699082,3839.4913096987066,198782.1334566895,5342.489999999998,6947.007930010223,238.94816020808744,12528.44609021831,76669.44,105983.70421698058,3600.543149490619,186253.68736647116,2847.1982000000003,5214.882668071201,353.2551577755834,8415.336025846784,0.0,0.0,0.0,0.0,45587.291404588,61847.75811127809,9411.171867910212,116846.22138377633,48434.439999999995,67062.55512761114,9764.383420437853,125261.37854804896,63.173071304551065,63.27628914565382,271.1919567418392,63.23296301453638,2847.2000000000003,5214.914639630746,353.2591577755835,8415.373797406332,29074.74,44282.299999999996,200.27999999999997,73357.04,,,,,,,,,,,,,,0.0,0.0,182653.14421698058,3600.5431494906193,,,,,,,,,,,,,182653.14421698058,3600.5431494906193
412,MAHARASHTRA,Raigad,,2880.1726827514053,2965.2485449209244,0.0,2961.7765796418494,15294.0,359465.0,0.0,374759.0,0.0,374759.0,1111.59,30562.27,,31673.859999999997,267.6,0.0,,267.6,3783.8448,0.0,,3783.8448,71.75,1002.2,,1073.9499999999998,219.35000000000002,119.15999999999998,,338.51,0.0,0.0,,0.0,,,,,,,,,5454.14,31683.63,,37137.770000000004,,,,,,,,,,,,,,,,,,,,,,,,,,,,,,,,,5454.14,31683.63,,37137.770000000004,309.44000000000005,1584.2099999999998,,1893.65,5144.7,30099.420000000006,,35244.12,114.27021000000002,2049.94551,,2164.21572,0.0,39.19878301369863,,39.19878301369863,287.002,4008.701,,4295.7029999999995,401.28,6097.820000000001,,6499.1,7.799871712636305,20.25892857736129,,18.440239109389026,114.28,2049.9300000000003,,2164.21,4743.419999999999,24030.829999999998,,28774.249999999996,,,,,,,,,,,,,,0.0,,35244.12,,,,,,,,,,,,,,35244.12,0.0
413,MAHARASHTRA,Ratnagiri,,3583.672338722587,3471.8219718449295,0.0,3473.188527049307,6247.0,505060.0,0.0,511307.0,0.0,511307.0,473.39,38453.79000000001,,38927.18000000001,141.94,0.0,,141.94,547.5096359999999,0.0,,547.5096359999999,47.339999999999996,1344.85,,1392.19,76.05000000000001,32.88,,108.93,60.4,169.05400000000003,,229.454,,,,,,,,,1346.6399999999999,40000.54000000001,,41347.18000000001,,,,,,,,,,,,,,,,,,,,,,,,,,,,,,,,,1346.6399999999999,40000.54000000001,,41347.18000000001,70.91000000000001,2229.7900000000004,,2300.7000000000003,1275.73,37770.75,,39046.479999999996,81.77157,1253.5253400000004,,1335.2969100000003,0.0,0.0,,0.0,254.80800000000002,5347.92,,5602.728,336.57,6601.4800000000005,,6938.05,26.382541760403843,17.477757259254847,,17.76869515510745,81.77000000000001,1253.56,,1335.33,939.16,31169.269999999997,,32108.429999999997,,,,,,,,,,,,,,0.0,,39046.48,,,,,,,,,,,,,,39046.48,0.0
414,MAHARASHTRA,Sangli,,595.8872956041465,694.4741335718134,709.313597866164,653.9239502892312,353157.36,446292.96,43307.92,842758.24,0.0,842758.24,23021.578846952016,30850.094883490332,3188.1600000000008,57059.833730442355,3672.7272936507434,0.0,0.0,3672.7272936507434,51507.997050639315,0.0,0.0,51507.997050639315,10811.64266051825,6553.387327714427,0.0,17365.029988232676,638.3653552686851,977.1800000000001,0.0,1615.5453552686852,5387.060003548611,7954.142425384233,0.0,13341.202428932846,,,,,,,,,95039.29733089235,46334.70455627169,3188.1600000000008,144562.16188716405,,,,,,,,,,,,,,,,,,,,,,,,,,,,,,,,,95039.29733089235,46334.70455627169,3188.1600000000008,144562.16188716405,6072.038298986201,2550.7049281110562,318.81000000000006,8941.553227097256,88967.25903190616,43783.999628160636,2869.3500000000004,135620.6086600668,1714.1288190141943,1660.0602451412988,38.8725,3413.061564155493,0.0,0.0,0.0,0.0,43284.05364207299,23376.029350024786,0.0,66660.08299209778,44998.20070577245,25036.083505205745,38.870000000000005,70073.1542109782,50.57838264932365,57.18089648690577,1.3546622057260356,52.75602274349311,1714.1000636994588,1660.049395141299,38.870000000000005,3413.0194588407576,43969.0683261337,18962.06,2830.49,62931.12832613371,,,,,,,,,,,,,,0.0,0.0,132751.2586600668,2869.3500000000004,,,,,,,,,,,,,132751.2586600668,2869.3500000000004
415,MAHARASHTRA,Satara,,1166.027901736612,1202.8135776607085,0.0,1199.6977928837034,74325.75,803181.25,0.0,877507.0,0.0,877507.0,7411.839999999999,58051.450000000004,,65463.29,2904.9700000000003,0.0,,2904.9700000000003,24550.873919999998,9797.73,,34348.60392,3466.14,11590.060000000001,,15056.2,610.77,943.43,,1554.1999999999998,21.959999999999997,1829.2179999999998,,1851.1779999999994,,,,,,,,,38966.579999999994,82211.87,,121178.45,,,,,,,,,,,,,,,,,,,,,,,,,,,,,,,,,38966.579999999994,82211.87,,121178.45,3119.65,4544.56,,7664.209999999998,35846.92999999999,77667.31000000001,,113514.23999999999,1191.1439999999998,3775.6589,,4966.802900000001,0.0,0.0,,0.0,14608.643000000002,46150.94225,,60759.585250000004,15799.780000000002,49926.62,,65726.4,44.07568514235391,64.28266924655945,,57.901458002097364,1191.16,3775.66,,4966.820000000001,20047.14,28004.550000000003,,48051.69,,,,,,,,,,,,,,0.0,,113514.24,,,,,,,,,,,,,,113514.24,0.0
416,MAHARASHTRA,Sindhudurg,,3528.2304632480445,3464.283176092658,0.0,3464.800733675491,2260.56,277044.94000000006,0.0,279305.50000000006,0.0,279305.50000000006,186.43,20740.14,,20926.57,40.66,0.0,,40.66,187.75907999999998,0.0,,187.75907999999998,67.78,1841.8199999999997,,1909.6,100.56,81.83,,182.39,14.304,212.324,,226.628,,,,,,,,,597.49,22876.11,,23473.600000000002,,,,,,,,,,,,,,,,,,,,,,,,,,,,,,,,,597.49,22876.11,,23473.600000000002,37.519999999999996,1143.8300000000002,,1181.35,559.97,21732.28,,22292.25,63.772800000000004,2205.442785,,2269.215585,0.0,7.164599999999998,,7.164599999999998,271.12393,7367.294460000001,,7638.41839,334.89,9579.91,,9914.800000000001,59.804989553011765,44.08147695501807,,44.47644360708318,63.769999999999996,2205.45,,2269.22,225.07999999999998,12152.37,,12377.45,,,,,,,,,,,,,,0.0,,22292.25,,,,,,,,,,,,,,22292.25,0.0
417,MAHARASHTRA,Solapur,,640.5842047585738,667.0703416746724,0.0,663.5489593568258,197286.0,1286604.0,0.0,1483890.0,0.0,1483890.0,12078.490000000002,83027.68999999999,,95106.18,2254.4700000000003,0.0,,2254.4700000000003,12438.343056262976,0.0,,12438.343056262976,5773.8099999999995,18235.36,,24009.170000000002,10.21,252.21,,262.42,2018.7139999999997,11652.141999999998,,13670.856,,,,,,,,,34574.119999999995,113167.48,,147741.6,,,,,,,,,,,,,,,,,,,,,,,,,,,,,,,,,34574.119999999995,113167.48,,147741.6,1728.7300000000002,5658.409999999999,,7387.140000000001,32845.39,107509.06999999999,,140354.46,1127.93188,3725.0772100000004,,4853.0090900000005,2.061,0.5873999999999999,,2.6484,23051.395718000003,73035.822796,,96087.21851400001,24181.409999999996,76761.49999999999,,100942.91,73.62192989640249,71.40002234230097,,71.91998743752069,1127.92,3725.0899999999997,,4853.009999999999,10387.810000000001,31929.480000000003,,42317.29000000001,,,,,,,,,,,,,,0.0,,140354.46,,,,,,,,,,,,,,140354.46,0.0
418,MAHARASHTRA,Thane,,2606.9316306108835,2522.7612965006238,0.0,2526.544593419492,10493.0,222954.0,0.0,233447.0,0.0,233447.0,677.71,14081.380000000001,,14759.090000000002,45.81999999999999,0.0,,45.81999999999999,1293.6132,0.0,,1293.6132,22.16,573.77,,595.9300000000001,123.4,92.27000000000001,,215.67000000000002,11.072,357.31999999999994,,368.392,,,,,,,,,2173.77,15104.76,,17278.53,,,,,,,,,,,,,,,,,,,,,,,,,,,,,,,,,2173.77,15104.76,,17278.53,122.35,836.91,,959.26,2051.42,14267.85,,16319.269999999999,49.41151000000001,689.49418,,738.9056900000002,0.0,0.0,,0.0,88.632,2295.0360000000005,,2383.668,138.02,2984.5299999999997,,3122.5499999999997,6.728022540484152,20.91786779367599,,19.134127935869678,49.41,689.5,,738.9100000000001,1913.3999999999999,11283.32,,13196.72,,,,,,,,,,,,,,0.0,,16319.27,,,,,,,,,,,,,,16319.27,0.0
419,MAHARASHTRA,Wardha,,953.339501685217,959.4681671121859,0.0,957.3157277156857,204128.0,377088.0,0.0,581216.0,0.0,581216.0,17832.949999999997,34666.61,,52499.56,1330.7700000000002,0.0,,1330.7700000000002,8694.120839999998,0.0,,8694.120839999998,3465.03,6280.349999999999,,9745.38,53.66,247.54000000000002,,301.2,6185.374,15172.778000000002,,21358.152000000002,,,,,,,,,37561.91,56367.24,,93929.15000000001,,,,,,,,,,,,,,,,,,,,,,,,,,,,,,,,,37561.91,56367.24,,93929.15000000001,2082.83,2818.37,,4901.200000000001,35479.08,53548.87,,89027.94999999998,1161.77339,2293.72102,,3455.4944100000002,44.997749999999996,73.80189999999999,,118.79965,13862.47438,25131.17401999999,,38993.648400000005,15069.250000000002,27498.66,,42567.909999999996,42.47362107472911,51.352456176946404,,47.81409658427494,1161.78,2293.75,,3455.53,20592.000000000004,26389.530000000002,,46981.530000000006,,,,,,,,,,,,,,0.0,,89027.95000000001,,,,,,,,,,,,,,89027.95000000001,0.0
420,MAHARASHTRA,Washim,,904.9859016677581,911.5348271152694,0.0,911.1626367461336,27347.490000000005,453848.93,0.0,481196.42000000004,0.0,481196.42000000004,2244.34,40363.030000000006,,42607.37,201.13,0.0,,201.13,3781.8761759999998,0.0,,3781.8761759999998,554.42,7481.480000000001,,8035.9000000000015,465.94,92.82000000000001,,558.76,2052.112,6156.003999999999,,8208.116,,,,,,,,,9299.82,54093.329999999994,,63393.149999999994,,,,,,,,,,,,,,,,,,,,,,,,,,,,,,,,,9299.82,54093.329999999994,,63393.149999999994,466.11999999999995,2821.6200000000003,,3287.7400000000002,8833.7,51271.70999999999,,60105.409999999996,648.471961,1497.00955,,2145.481511,4.8674,3.644,,8.5114,2217.52834,29926.011075,,32143.539415,2870.87,31426.670000000002,,34297.54,32.49906607650248,61.2943668155402,,57.06231768488061,648.47,1497.0,,2145.4700000000003,5962.83,19845.04,,25807.870000000003,,,,,,,,,,,,,,0.0,,60105.40999999999,,,,,,,,,,,,,,60105.40999999999,0.0
421,MAHARASHTRA,Yawatmal,,997.3505881155984,1011.1831876014102,0.0,1008.8402984658227,193775.68,950290.99,0.0,1144066.6700000002,0.0,1144066.6700000002,16731.92,87358.18999999999,,104090.11,528.35,0.0,,528.35,7223.349260999999,0.0,,7223.349260999999,1731.3300000000002,7591.460000000001,,9322.79,61.58,666.6,,728.1799999999997,68.8,4130.62,,4199.420000000001,,,,,,,,,26345.29,99746.83,,126092.12000000001,,,,,,,,,,,,,,,,,,,,,,,,,,,,,,,,,26345.29,99746.83,,126092.12000000001,1582.9500000000003,5105.739999999999,,6688.689999999999,24762.34,94641.08999999998,,119403.43000000001,1607.5218559999998,6064.576008,,7672.097863999999,13.800999999999998,42.3309,,56.1319,6901.705428000001,30472.678454000008,,37374.383882,8523.079999999998,36579.53999999999,,45102.619999999995,34.41952577987378,38.650801676100734,,37.773303497227836,1607.52,6064.58,,7672.0999999999985,16243.130000000001,58061.549999999996,,74304.68,,,,,,,,,,,,,,0.0,,119403.42999999998,,,,,,,,,,,,,,119403.42999999998,0.0
422,MANIPUR,BISHNUPUR,,0.0,1987.59,0.0,1987.59,0.0,49600.0,0.0,49600.0,0.0,49600.0,0.0,9464.11,0.0,9464.11,,,,,0.0,0.18300385487999998,0.0,0.18000000000000002,0.0,83.56,0.0,83.56,,134.67,,134.67,0.0,0.0,,0.0,,,,,,,,,0.0,9682.52,0.0,9682.52,,,,,,,,,,,,0.0,,,,0.0,,,,,,,,,,,,,,,,0.0,0.0,9682.52,0.0,9682.52,0.0,968.26,0.0,968.26,0.0,8714.259999999998,0.0,8714.259999999998,,262.8921625,,262.8921625,,6.0,,6.0,,327.0,,327.0,,595.89,,595.89,,6.838102145219446,,6.838102145219446,0.0,290.04999999999995,0.0,290.04999999999995,0.0,8091.219999999999,0.0,8091.219999999999,,,,,,,,,,,,,,190080.0,0.0,198794.26,0.0,0.0,,0.0,,0.0,,,,,,,,198794.26,0.0
423,MANIPUR,CHANDEL,,0.0,0.0,0.0,0.0,0.0,0.0,0.0,0.0,331300.0,331300.0,0.0,0.0,0.0,0.0,,,,,0.0,0.0,0.0,0.0,0.0,0.0,0.0,0.0,,0.0,,0.0,,,,,,,,,,,,,0.0,0.0,0.0,0.0,,,,,,,,,,,,0.0,,,,0.0,,,,,,,,,,,,,,,,0.0,0.0,0.0,0.0,0.0,0.0,0.0,0.0,0.0,0.0,0.0,0.0,0.0,,,,0.0,,,,0.0,,,,0.0,,,,,,,,,0.0,0.0,0.0,0.0,0.0,0.0,0.0,0.0,,,,,,,,,,,,,,0.0,0.0,0.0,0.0,0.0,,0.0,,0.0,,,,,,,,0.0,0.0
424,MANIPUR,CHURACHANPUR,,0.0,2133.46,0.0,2133.46,0.0,32100.0,0.0,32100.0,424900.0,457000.0,0.0,6574.47,0.0,6574.47,,,,,0.0,0.0,0.0,0.0,0.0,69.0,0.0,69.0,,0.0,,0.0,0.0,0.0,,0.0,,,,,,,,,0.0,6643.47,0.0,6643.47,,,,,,,,,,,,0.0,,,,0.0,,,,,,,,,,,,,,,,0.0,0.0,6643.47,0.0,6643.47,0.0,664.3499999999999,0.0,664.3499999999999,0.0,5979.12,0.0,5979.12,,175.2487275,,175.2487275,,18.0,,18.0,,270.0,,270.0,,463.25,,463.25,,7.747795662237921,,7.747795662237921,0.0,176.38,0.0,176.38,0.0,5514.74,0.0,5514.74,,,,,,,,,,,,,,154080.0,0.0,160059.12,0.0,0.0,,0.0,,0.0,,,,,,,,160059.12,0.0
425,MANIPUR,IMPHAL EAST,,0.0,1717.14,0.0,1717.14,0.0,70900.0,0.0,70900.0,0.0,70900.0,0.0,11687.54,0.0,11687.54,,,,,0.0,190.54385415912003,0.0,190.55,0.0,146.44,0.0,146.44,,663.08,,663.08,0.0,0.0,,0.0,,,,,,,,,0.0,12687.61,0.0,12687.61,,,,,,,,,,,,0.0,,,,0.0,,,,,,,,,,,,,,,,0.0,0.0,12687.61,0.0,12687.61,0.0,1268.76,0.0,1268.76,0.0,11418.85,0.0,11418.85,,458.76092625,,458.76092625,,30.0,,30.0,,573.0,,573.0,,1061.7600000000002,,1061.7600000000002,,9.29830937441161,,9.29830937441161,0.0,461.53000000000003,0.0,461.53000000000003,0.0,10354.32,0.0,10354.32,,,,,,,,,,,,,,178544.4,0.0,189963.25,0.0,0.0,,0.0,,0.0,,,,,,,,189963.25,0.0
426,MANIPUR,IMPHAL WEST,,0.0,1709.92,0.0,1709.92,0.0,51900.0,0.0,51900.0,0.0,51900.0,0.0,8519.5,0.0,8519.5,,,,,0.0,0.049314727440000004,0.0,0.04,0.0,72.83000000000001,0.0,72.83000000000001,,152.84,,152.84,0.0,0.0,,0.0,,,,,,,,,0.0,8745.210000000001,0.0,8745.210000000001,,,,,,,,,,,,0.0,,,,0.0,,,,,,,,,,,,,,,,0.0,0.0,8745.210000000001,0.0,8745.210000000001,0.0,874.51,0.0,874.51,0.0,7870.7,0.0,7870.7,,521.08577125,,521.08577125,,24.0,,24.0,,285.0,,285.0,,830.08,,830.08,,10.546457113090323,,10.546457113090323,0.0,524.29,0.0,524.29,0.0,7037.41,0.0,7037.41,,,,,,,,,,,,,,188560.0,0.0,196430.7,0.0,0.0,,0.0,,0.0,,,,,,,,196430.7,0.0
427,MANIPUR,SENAPATI,,0.0,0.0,0.0,0.0,0.0,0.0,0.0,0.0,327100.0,327100.0,0.0,0.0,0.0,0.0,,,,,0.0,0.0,0.0,0.0,0.0,0.0,0.0,0.0,,0.0,,0.0,,,,,,,,,,,,,0.0,0.0,0.0,0.0,,,,,,,,,,,,0.0,,,,0.0,,,,,,,,,,,,,,,,0.0,0.0,0.0,0.0,0.0,0.0,0.0,0.0,0.0,0.0,0.0,0.0,0.0,,,,0.0,,,,0.0,,,,0.0,,,,,,,,,0.0,0.0,0.0,0.0,0.0,0.0,0.0,0.0,,,,,,,,,,,,,,0.0,0.0,0.0,0.0,0.0,,0.0,,0.0,,,,,,,,0.0,0.0
428,MANIPUR,TAMENGLONG,,0.0,0.0,0.0,0.0,0.0,0.0,0.0,0.0,439100.0,439100.0,0.0,0.0,0.0,0.0,,,,,0.0,0.0,0.0,0.0,0.0,0.0,0.0,0.0,,0.0,,0.0,,,,,,,,,,,,,0.0,0.0,0.0,0.0,,,,,,,,,,,,0.0,,,,0.0,,,,,,,,,,,,,,,,0.0,0.0,0.0,0.0,0.0,0.0,0.0,0.0,0.0,0.0,0.0,0.0,0.0,,,,0.0,,,,0.0,,,,0.0,,,,,,,,,0.0,0.0,0.0,0.0,0.0,0.0,0.0,0.0,,,,,,,,,,,,,,0.0,0.0,0.0,0.0,0.0,,0.0,,0.0,,,,,,,,0.0,0.0
429,MANIPUR,THOUBAL,,0.0,1276.78,0.0,1276.78,0.0,51400.0,0.0,51400.0,0.0,51400.0,0.0,6300.139999999999,0.0,6300.139999999999,,,,,0.0,0.057724656,0.0,0.06,0.0,61.33,0.0,61.33,,53.279999999999994,,53.279999999999994,0.0,0.0,,0.0,,,,,,,,,0.0,6414.81,0.0,6414.81,,,,,,,,,,,,0.0,,,,0.0,,,,,,,,,,,,,,,,0.0,0.0,6414.81,0.0,6414.81,0.0,641.49,0.0,641.49,0.0,5773.32,0.0,5773.32,,424.66956125,,424.66956125,,0.0,,0.0,,240.0,,240.0,,664.67,,664.67,,11.51278640366375,,11.51278640366375,0.0,427.27,0.0,427.27,0.0,5106.049999999999,0.0,5106.049999999999,,,,,,,,,,,,,,220800.0,0.0,226573.32,0.0,0.0,,0.0,,0.0,,,,,,,,226573.32,0.0
430,MANIPUR,UKHRUL,,0.0,0.0,0.0,0.0,0.0,0.0,0.0,0.0,454400.0,454400.0,0.0,0.0,0.0,0.0,,,,,0.0,0.0,0.0,0.0,0.0,0.0,0.0,0.0,,0.0,,0.0,,,,,,,,,,,,,0.0,0.0,0.0,0.0,,,,,,,,,,,,0.0,,,,0.0,,,,,,,,,,,,,,,,0.0,0.0,0.0,0.0,0.0,0.0,0.0,0.0,0.0,0.0,0.0,0.0,0.0,,,,0.0,,,,0.0,,,,0.0,,,,,,,,,0.0,0.0,0.0,0.0,0.0,0.0,0.0,0.0,,,,,,,,,,,,,,0.0,0.0,0.0,0.0,0.0,,0.0,,0.0,,,,,,,,0.0,0.0
431,MEGHALAYA,EAST GARO HILLS,,0.0,2975.0,0.0,2975.0,0.0,50215.0,0.0,50215.0,94085.0,144300.0,0.0,7740.35,0.0,7740.35,,,,,0.0,727.3144737770017,0.0,727.3199999999999,0.0,0.0,0.0,0.0,,23.92,,23.92,,1.1720000000000002,,1.1720000000000002,,,,,,,,,0.0,8492.75,0.0,8492.75,,,,,,,,,,,,0.0,,,,0.0,0.0,0.0,0.0,0.0,0.0,0.0,0.0,0.0,0.0,0.0,0.0,0.0,0.0,0.0,0.0,0.0,0.0,8492.75,0.0,8492.75,0.0,849.2900000000001,0.0,849.2900000000001,0.0,7643.46,0.0,7643.46,,346.10367400259645,,346.10367400259645,,0.0,,0.0,,0.0,,0.0,,346.1,,346.1,,4.528054048820822,,4.528054048820822,0.0,488.01,0.0,488.01,0.0,7155.46,0.0,7155.46,,,,,,,0.0,0.0,72.644561568,,,,,27213.980000000003,0.0,34857.44,0.0,0.0,,0.0,,0.0,,,,,,,,34857.44,0.0
432,MEGHALAYA,EAST JAINTIA HILLS,,0.0,2320.0,0.0,2320.0,0.0,82735.0,0.0,82735.0,121265.0,204000.0,0.0,16773.68,0.0,16773.68,,,,,0.0,0.9603418991127648,0.0,0.9600000000000001,0.0,0.0,0.0,0.0,,20.93,,20.93,,0.342,,0.342,,,,,,,,,0.0,16795.91,0.0,16795.91,,,,,,,,,,,,0.0,,,,0.0,0.0,0.0,0.0,0.0,0.0,0.0,0.0,0.0,0.0,0.0,0.0,0.0,0.0,0.0,0.0,0.0,0.0,16795.91,0.0,16795.91,0.0,1679.6,0.0,1679.6,0.0,15116.31,0.0,15116.31,,194.90709123019656,,194.90709123019656,,38.839999999999996,,38.839999999999996,,0.0,,0.0,,233.74,,233.74,,1.5462768360797048,,1.5462768360797048,0.0,294.13,0.0,294.13,0.0,14783.34,0.0,14783.34,,,,,,,0.0,0.0,13.930422048,,,,,21591.5,0.0,36707.81,0.0,0.0,,0.0,,0.0,,,,,,,,36707.81,0.0
433,MEGHALAYA,EAST KHASI HILLS,,0.0,4032.0,0.0,4032.0,0.0,86732.0,0.0,86732.0,188068.0,274800.0,0.0,21763.6,0.0,21763.6,,,,,0.0,9.936,0.0,9.93,0.0,0.0,0.0,0.0,,42.2,,42.2,,1.6660000000000001,,1.6660000000000001,,,,,,,,,0.0,21817.41,0.0,21817.41,,,,,,,,,,,,0.0,,,,0.0,0.0,0.0,0.0,0.0,0.0,0.0,0.0,0.0,0.0,0.0,0.0,0.0,0.0,0.0,0.0,0.0,0.0,21817.41,0.0,21817.41,0.0,2181.74,0.0,2181.74,0.0,19635.670000000002,0.0,19635.670000000002,,662.9535315904627,,662.9535315904627,,35.236,,35.236,,0.0,,0.0,,698.2,,698.2,,3.5557737525635744,,3.5557737525635744,0.0,879.06,0.0,879.06,0.0,18721.36,0.0,18721.36,,,,,,,0.0,0.0,200.57725540676572,,,,,17362.2,0.0,36997.869999999995,0.0,0.0,,0.0,,0.0,,,,,,,,36997.869999999995,0.0
434,MEGHALAYA,NORTH GARO HILLS,,0.0,2803.0,0.0,2803.0,0.0,37031.0,0.0,37031.0,78969.0,116000.0,0.0,7338.23,0.0,7338.23,,,,,0.0,2496.230339447336,0.0,2496.24,0.0,0.0,0.0,0.0,,25.36,,25.36,,0.47,,0.47,,,,,,,,,0.0,9860.29,0.0,9860.29,,,,,,,,,,,,0.0,,,,0.0,0.0,0.0,0.0,0.0,0.0,1130.5700000000002,0.0,1130.5700000000002,0.0,0.0,0.0,0.0,0.0,-1130.57,0.0,-1130.57,0.0,8729.720000000001,0.0,8729.720000000001,0.0,986.0400000000001,0.0,986.0400000000001,0.0,7743.679999999999,0.0,7743.679999999999,,415.5572739960303,,415.5572739960303,,81.3585,,81.3585,,1.7999999999999998,,1.7999999999999998,,498.71,,498.71,,6.44021963717509,,6.44021963717509,0.0,570.85,0.0,570.85,0.0,7089.68,0.0,7089.68,,,,,,,0.0,0.0,6.257000159999999,,,,,37827.16,0.0,45570.84,0.0,0.0,,0.0,,0.0,,,,,,,,45570.84,0.0
435,MEGHALAYA,RI BHOI,,0.0,2030.0,0.0,2030.0,0.0,68878.0,0.0,68878.0,175922.0,244800.0,0.0,6373.199999999999,0.0,6373.199999999999,,,,,0.0,57.29162108108109,0.0,57.300000000000004,0.0,0.0,0.0,0.0,,52.980000000000004,,52.980000000000004,,0.20400000000000001,,0.20400000000000001,,,,,,,,,0.0,6483.7,0.0,6483.7,,,,,,,,,,,,0.0,,,,0.0,0.0,0.0,0.0,0.0,0.0,0.0,0.0,0.0,0.0,0.0,0.0,0.0,0.0,0.0,0.0,0.0,0.0,6483.7,0.0,6483.7,0.0,648.36,0.0,648.36,0.0,5835.34,0.0,5835.34,,322.06554213213957,,322.06554213213957,,32.73,,32.73,,0.0,,0.0,,354.81000000000006,,354.81000000000006,,6.080365497126132,,6.080365497126132,0.0,487.15999999999997,0.0,487.15999999999997,0.0,5315.44,0.0,5315.44,,,,,,,0.0,0.0,32.70526415999999,,,,,10115.45,0.0,15950.79,0.0,0.0,,0.0,,0.0,,,,,,,,15950.79,0.0
436,MEGHALAYA,SOUTH GARO HILLS,,0.0,4210.0,0.0,4210.0,0.0,65957.0,0.0,65957.0,122743.0,188700.0,0.0,23405.14,0.0,23405.14,,,,,0.0,27.816000000000003,0.0,27.8,0.0,0.0,0.0,0.0,,40.7,,40.7,,0.028,,0.028,,,,,,,,,0.0,23473.66,0.0,23473.66,,,,,,,,,,,,0.0,,,,0.0,0.0,0.0,0.0,0.0,0.0,0.0,0.0,0.0,0.0,0.0,0.0,0.0,0.0,0.0,0.0,0.0,0.0,23473.66,0.0,23473.66,0.0,2347.38,0.0,2347.38,0.0,21126.28,0.0,21126.28,,256.61062662840703,,256.61062662840703,,0.36,,0.36,,0.0,,0.0,,256.98,,256.98,,1.2163996690378052,,1.2163996690378052,0.0,356.59,0.0,356.59,0.0,20769.33,0.0,20769.33,,,,,,,0.0,0.0,7.28950464,,,,,31525.27,0.0,52651.55,0.0,0.0,,0.0,,0.0,,,,,,,,52651.55,0.0
437,MEGHALAYA,SOUTH WEST GARO HILLS,,0.0,1634.0,0.0,1634.0,0.0,42520.0,0.0,42520.0,44080.0,86600.0,0.0,7713.02,0.0,7713.02,,,,,0.0,62.80159014176327,0.0,62.8,0.0,179.16,0.0,179.16,,33.5,,33.5,,1.1280000000000001,,1.1280000000000001,,,,,,,,,0.0,7989.6,0.0,7989.6,,,,,,,,,,,,0.0,,,,0.0,0.0,24.94,0.0,24.94,0.0,3289.7099999999996,0.0,3289.7099999999996,0.0,0.0,0.0,0.0,0.0,-3314.65,0.0,-3314.65,0.0,4674.950000000001,0.0,4674.950000000001,0.0,798.97,0.0,798.97,0.0,3875.98,0.0,3875.98,,254.52482289513486,,254.52482289513486,,0.0,,0.0,,511.92,,511.92,,766.44,,766.44,,19.774095841567814,,19.774095841567814,0.0,288.81,0.0,288.81,0.0,3075.26,0.0,3075.26,,,,,,,0.0,0.0,4.95592128,,,,,52550.97,0.0,56426.95,0.0,0.0,,0.0,,0.0,,,,,,,,56426.95,0.0
438,MEGHALAYA,SOUTH WEST KHASI HILLS,,0.0,3918.0,0.0,3918.0,0.0,48537.0,0.0,48537.0,85563.0,134100.0,0.0,14093.95,0.0,14093.95,,,,,0.0,217.67999999999995,0.0,217.68,0.0,0.0,0.0,0.0,,21.48,,21.48,,0.002,,0.002,,,,,,,,,0.0,14333.11,0.0,14333.11,,,,,,,,,,,,0.0,,,,0.0,0.0,0.0,0.0,0.0,0.0,0.0,0.0,0.0,0.0,0.0,0.0,0.0,0.0,0.0,0.0,0.0,0.0,14333.11,0.0,14333.11,0.0,1433.31,0.0,1433.31,0.0,12899.8,0.0,12899.8,,138.03546503362975,,138.03546503362975,,0.0,,0.0,,0.0,,0.0,,138.03,,138.03,,1.070016589404487,,1.070016589404487,0.0,196.48,0.0,196.48,0.0,12703.33,0.0,12703.33,,,,,,,0.0,0.0,49.83324336,,,,,9707.4,0.0,22607.199999999997,0.0,0.0,,0.0,,0.0,,,,,,,,22607.199999999997,0.0
439,MEGHALAYA,WEST GARO HILLS,,0.0,2678.0,0.0,2678.0,0.0,127784.0,0.0,127784.0,153316.0,281100.0,0.0,27800.34,0.0,27800.34,,,,,0.0,72.0,0.0,72.0,0.0,1187.43,0.0,1187.43,,65.42999999999999,,65.42999999999999,,0.034,,0.034,,,,,,,,,0.0,29125.22,0.0,29125.22,,,,,,,,,,,,0.0,,,,0.0,0.0,0.0,0.0,0.0,0.0,7165.74,0.0,7165.74,0.0,0.0,0.0,0.0,0.0,-7165.74,0.0,-7165.74,0.0,21959.480000000003,0.0,21959.480000000003,0.0,2912.53,0.0,2912.53,0.0,19046.95,0.0,19046.95,,1007.1816192920983,,1007.1816192920983,,4.526,,4.526,,2662.2,,2662.2,,3673.9000000000005,,3673.9000000000005,,19.288652513919555,,19.288652513919555,0.0,1417.4499999999998,0.0,1417.4499999999998,0.0,14962.77,0.0,14962.77,,,,,,,0.0,0.0,14.935125600000001,,,,,88199.5,0.0,107246.45,0.0,0.0,,0.0,,0.0,,,,,,,,107246.45,0.0
440,MEGHALAYA,WEST JAINTIA HILLS,,0.0,2320.0,0.0,2320.0,0.0,79186.0,0.0,79186.0,98714.0,177900.0,0.0,11074.58,0.0,11074.58,,,,,0.0,60.080303529067216,0.0,60.09,0.0,0.0,0.0,0.0,,28.64,,28.64,,0.15999999999999998,,0.15999999999999998,,,,,,,,,0.0,11163.47,0.0,11163.47,,,,,,,,,,,,0.0,,,,0.0,0.0,0.0,0.0,0.0,0.0,0.0,0.0,0.0,0.0,0.0,0.0,0.0,0.0,0.0,0.0,0.0,0.0,11163.47,0.0,11163.47,0.0,1116.35,0.0,1116.35,0.0,10047.119999999999,0.0,10047.119999999999,,608.0214741058735,,608.0214741058735,,3.287,,3.287,,0.0,,0.0,,611.3,,611.3,,6.084330634052345,,6.084330634052345,0.0,953.1800000000001,0.0,953.1800000000001,0.0,9090.66,0.0,9090.66,,,,,,,0.0,0.0,30.431306159999995,,,,,13663.85,0.0,23710.97,0.0,0.0,,0.0,,0.0,,,,,,,,23710.97,0.0
441,MEGHALAYA,WEST KHASI HILLS,,0.0,4062.0,0.0,4062.0,0.0,123970.0,0.0,123970.0,266630.0,390600.0,0.0,31887.420000000002,0.0,31887.420000000002,,,,,0.0,2044.0079999999998,0.0,2044.0,0.0,0.0,0.0,0.0,,33.980000000000004,,33.980000000000004,,0.012,,0.012,,,,,,,,,0.0,33965.4,0.0,33965.4,,,,,,,,,,,,0.0,,,,0.0,0.0,0.0,0.0,0.0,0.0,0.0,0.0,0.0,0.0,0.0,0.0,0.0,0.0,0.0,0.0,0.0,0.0,33965.4,0.0,33965.4,0.0,3396.55,0.0,3396.55,0.0,30568.85,0.0,30568.85,,463.0876671992004,,463.0876671992004,,0.3285,,0.3285,,0.0,,0.0,,463.40999999999997,,463.40999999999997,,1.5159549672297126,,1.5159549672297126,0.0,673.73,0.0,673.73,0.0,29894.79,0.0,29894.79,,,,,,,0.0,0.0,16.386185952,,,,,18306.4,0.0,48875.25,0.0,0.0,,0.0,,0.0,,,,,,,,48875.25,0.0
442,MIZORAM,AIZAWL,,0.0,2204.4580841078496,0.0,2204.4580841078496,0.0,21734.0,0.0,21734.0,335866.0,357600.0,0.0,1523.15,0.0,1523.15,0.0,,0.0,0.0,0.0,0.0,0.0,0.0,0.0,0.0,0.0,0.0,0.0,0.0,0.0,0.0,,,,,,,,,,,,,0.0,1523.15,0.0,1523.15,,,,,,,,,,,,0.0,,,,0.0,0.0,0.0,0.0,0.0,0.0,0.0,0.0,0.0,0.0,0.0,0.0,0.0,0.0,0.0,0.0,0.0,0.0,1523.15,0.0,1523.15,0.0,152.34,0.0,152.34,0.0,1370.81,0.0,1370.81,,200.534856225,,200.534856225,,0.0,,0.0,,0.0,,0.0,,200.55,,200.55,,14.630036255936274,,14.630036255936274,0.0,210.20999999999998,0.0,210.20999999999998,0.0,1160.59,0.0,1160.59,,,,,,,0.0,0.0,0.0,,,,,0.0,0.0,1370.81,0.0,0.0,,0.0,,0.0,,,,,,,,1370.81,0.0
443,MIZORAM,CHAMPHAI,,0.0,1728.0,0.0,1728.0,0.0,28673.0,0.0,28673.0,289827.0,318500.0,0.0,1581.83,0.0,1581.83,0.0,,0.0,0.0,0.0,0.0,0.0,0.0,0.0,0.0,0.0,0.0,0.0,0.0,0.0,0.0,,,,,,,,,,,,,0.0,1581.83,0.0,1581.83,,,,,,,,,,,,0.0,,,,0.0,0.0,0.0,0.0,0.0,0.0,0.0,0.0,0.0,0.0,0.0,0.0,0.0,0.0,0.0,0.0,0.0,0.0,1581.83,0.0,1581.83,0.0,158.19,0.0,158.19,0.0,1423.6400000000003,0.0,1423.6400000000003,,44.580287510000005,,44.580287510000005,,0.0,,0.0,,0.0,,0.0,,44.58,,44.58,,3.131409626029052,,3.131409626029052,0.0,45.71999999999999,0.0,45.71999999999999,0.0,1377.9299999999998,0.0,1377.9299999999998,,,,,,,0.0,0.0,0.0,,,,,0.0,0.0,1423.64,0.0,0.0,,0.0,,0.0,,,,,,,,1423.64,0.0
444,MIZORAM,KOLASIB,,0.0,2205.0,0.0,2205.0,0.0,39515.0,0.0,39515.0,98685.0,138200.0,0.0,2776.48,0.0,2776.48,0.0,,0.0,0.0,0.0,0.0,0.0,0.0,0.0,0.0,0.0,0.0,0.0,0.0,0.0,0.0,,,,,,,,,,,,,0.0,2776.48,0.0,2776.48,,,,,,,,,,,,0.0,,,,0.0,0.0,0.0,0.0,0.0,0.0,0.0,0.0,0.0,0.0,0.0,0.0,0.0,0.0,0.0,0.0,0.0,0.0,2776.48,0.0,2776.48,0.0,277.65,0.0,277.65,0.0,2498.83,0.0,2498.83,,31.63085255,,31.63085255,,0.0,,0.0,,0.0,,0.0,,31.63,,31.63,,1.2657923908389126,,1.2657923908389126,0.0,33.36,0.0,33.36,0.0,2465.4700000000003,0.0,2465.4700000000003,,,,,,,0.0,0.0,0.0,,,,,0.0,0.0,2498.83,0.0,0.0,,0.0,,0.0,,,,,,,,2498.83,0.0
445,MIZORAM,LAWNGTLAI,,0.0,2022.0,0.0,2022.0,0.0,52075.0,0.0,52075.0,203625.0,255700.0,0.0,3377.38,0.0,3377.38,0.0,,0.0,0.0,0.0,0.0,0.0,0.0,0.0,0.0,0.0,0.0,0.0,0.0,0.0,0.0,,,,,,,,,,,,,0.0,3377.38,0.0,3377.38,,,,,,,,,,,,0.0,,,,0.0,0.0,0.0,0.0,0.0,0.0,0.0,0.0,0.0,0.0,0.0,0.0,0.0,0.0,0.0,0.0,0.0,0.0,3377.38,0.0,3377.38,0.0,337.74,0.0,337.74,0.0,3039.6400000000003,0.0,3039.6400000000003,,104.26918865,,104.26918865,,0.0,,0.0,,0.0,,0.0,,104.27000000000001,,104.27000000000001,,3.430340435051519,,3.430340435051519,0.0,113.37,0.0,113.37,0.0,2926.27,0.0,2926.27,,,,,,,0.0,0.0,0.0,,,,,0.0,0.0,3039.6400000000003,0.0,0.0,,0.0,,0.0,,,,,,,,3039.6400000000003,0.0
446,MIZORAM,LUNGLEI,,0.0,2092.0,0.0,2092.0,0.0,74487.0,0.0,74487.0,381213.0,455700.0,0.0,4941.16,0.0,4941.16,0.0,,0.0,0.0,0.0,0.0,0.0,0.0,0.0,0.0,0.0,0.0,0.0,0.0,0.0,0.0,,,,,,,,,,,,,0.0,4941.16,0.0,4941.16,,,,,,,,,,,,0.0,,,,0.0,0.0,0.0,0.0,0.0,0.0,0.0,0.0,0.0,0.0,0.0,0.0,0.0,0.0,0.0,0.0,0.0,0.0,4941.16,0.0,4941.16,0.0,494.12,0.0,494.12,0.0,4447.04,0.0,4447.04,,191.4716562,,191.4716562,,0.0,,0.0,,0.0,,0.0,,191.48,,191.48,,4.305785421313953,,4.305785421313953,0.0,194.72,0.0,194.72,0.0,4252.31,0.0,4252.31,,,,,,,0.0,0.0,0.0,,,,,0.0,0.0,4447.04,0.0,0.0,,0.0,,0.0,,,,,,,,4447.04,0.0
447,MIZORAM,MAMIT,,0.0,2242.0,0.0,2242.0,0.0,71631.0,0.0,71631.0,228769.0,300400.0,0.0,5176.35,0.0,5176.35,0.0,,0.0,0.0,0.0,0.0,0.0,0.0,0.0,0.0,0.0,0.0,0.0,0.0,0.0,0.0,,,,,,,,,,,,,0.0,5176.35,0.0,5176.35,,,,,,,,,,,,0.0,,,,0.0,0.0,0.0,0.0,0.0,0.0,0.0,0.0,0.0,0.0,0.0,0.0,0.0,0.0,0.0,0.0,0.0,0.0,5176.35,0.0,5176.35,0.0,517.63,0.0,517.63,0.0,4658.72,0.0,4658.72,,102.76524995,,102.76524995,,0.0,,0.0,,0.0,,0.0,,102.75999999999999,,102.75999999999999,,2.205756087509015,,2.205756087509015,0.0,112.89999999999999,0.0,112.89999999999999,0.0,4545.83,0.0,4545.83,,,,,,,0.0,0.0,0.0,,,,,0.0,0.0,4658.72,0.0,0.0,,0.0,,0.0,,,,,,,,4658.72,0.0
448,MIZORAM,SAIHA,,0.0,2262.0,0.0,2262.0,0.0,10660.0,0.0,10660.0,129240.0,139900.0,0.0,772.73,0.0,772.73,0.0,,0.0,0.0,0.0,0.0,0.0,0.0,0.0,0.0,0.0,0.0,0.0,0.0,0.0,0.0,,,,,,,,,,,,,0.0,772.73,0.0,772.73,,,,,,,,,,,,0.0,,,,0.0,0.0,0.0,0.0,0.0,0.0,0.0,0.0,0.0,0.0,0.0,0.0,0.0,0.0,0.0,0.0,0.0,0.0,772.73,0.0,772.73,0.0,77.27000000000001,0.0,77.27000000000001,0.0,695.46,0.0,695.46,,40.44249275,,40.44249275,,0.0,,0.0,,0.0,,0.0,,40.440000000000005,,40.440000000000005,,5.814856354067811,,5.814856354067811,0.0,41.84,0.0,41.84,0.0,653.62,0.0,653.62,,,,,,,0.0,0.0,0.0,,,,,0.0,0.0,695.46,0.0,0.0,,0.0,,0.0,,,,,,,,695.46,0.0
449,MIZORAM,SERCHHIP,,0.0,1747.0,0.0,1747.0,0.0,16166.0,0.0,16166.0,125934.0,142100.0,0.0,911.64,0.0,911.64,0.0,,0.0,0.0,0.0,0.0,0.0,0.0,0.0,0.0,0.0,0.0,0.0,0.0,0.0,0.0,,,,,,,,,,,,,0.0,911.64,0.0,911.64,,,,,,,,,,,,0.0,,,,0.0,0.0,0.0,0.0,0.0,0.0,0.0,0.0,0.0,0.0,0.0,0.0,0.0,0.0,0.0,0.0,0.0,0.0,911.64,0.0,911.64,0.0,91.16999999999999,0.0,91.16999999999999,0.0,820.47,0.0,820.47,,48.23665165,,48.23665165,,0.0,,0.0,,0.0,,0.0,,48.24,,48.24,,5.879556839372555,,5.879556839372555,0.0,49.83,0.0,49.83,0.0,770.64,0.0,770.64,,,,,,,0.0,0.0,0.0,,,,,0.0,0.0,820.47,0.0,0.0,,0.0,,0.0,,,,,,,,820.47,0.0
450,NAGALAND,Dimapur,,0.0,1744.96,0.0,1744.96,0.0,63045.67,0.0,63045.67,29654.33,92700.0,0.0,20582.47,0.0,20582.47,0.0,,0.0,0.0,0.0,1967.8000000000002,0.0,1967.8000000000002,0.0,181.01999999999998,0.0,181.01999999999998,0.0,0.0,0.0,0.0,,4.176,,4.176,,,,,,,,,0.0,22735.47,0.0,22735.47,0.0,0.0,0.0,0.0,,,,,0.0,0.0,0.0,0.0,0.0,0.0,0.0,0.0,0.0,0.0,0.0,0.0,0.0,26.229999999999997,0.0,26.229999999999997,0.0,0.0,0.0,0.0,0.0,-26.229999999999997,0.0,-26.229999999999997,0.0,22709.24,0.0,22709.24,0.0,1711.17,0.0,1711.17,0.0,20998.07,0.0,20998.07,,822.6344202551269,,822.6344202551269,,3.4800000000000004,,3.4800000000000004,,583.2,,583.2,,1409.31,,1409.31,,6.711616829546715,,6.711616829546715,0.0,1077.76,0.0,1077.76,0.0,19333.629999999997,0.0,19333.629999999997,,,,,,,0.0,0.0,0.0,,,,,197281.0,0.0,218279.07,0.0,0.0,,0.0,,0.0,,,,,,,,218279.07,0.0
451,NAGALAND,Kiphire,,0.0,1074.0999999999997,0.0,1074.0999999999997,0.0,3576.2,0.0,3576.2,109423.8,113000.0,0.0,190.92999999999998,0.0,190.92999999999998,0.0,,0.0,0.0,0.0,388.7,0.0,388.7,0.0,0.0,0.0,0.0,0.0,0.0,0.0,0.0,,0.538,,0.538,,,,,,,,,0.0,580.1700000000001,0.0,580.1700000000001,0.0,0.0,0.0,0.0,,,,,0.0,0.0,0.0,0.0,0.0,0.0,0.0,0.0,0.0,0.0,0.0,0.0,0.0,0.0,0.0,0.0,0.0,0.0,0.0,0.0,0.0,0.0,0.0,0.0,0.0,580.1700000000001,0.0,580.1700000000001,0.0,58.019999999999996,0.0,58.019999999999996,0.0,522.15,0.0,522.15,,9.16601839847345,,9.16601839847345,,0.0,,0.0,,0.0,,0.0,,9.16,,9.16,,1.7542851670975774,,1.7542851670975774,0.0,9.17,0.0,9.17,0.0,512.99,0.0,512.99,,,,,,,0.0,0.0,0.0,,,,,0.0,0.0,522.15,0.0,0.0,,0.0,,0.0,,,,,,,,522.15,0.0
452,NAGALAND,Kohima,,0.0,1779.3000000000002,0.0,1779.3000000000002,0.0,28263.57,0.0,28263.57,118036.43000000001,146300.0,0.0,2434.09,0.0,2434.09,0.0,,0.0,0.0,0.0,636.25,0.0,636.25,0.0,0.0,0.0,0.0,0.0,0.0,0.0,0.0,,11.106,,11.106,,,,,,,,,0.0,3081.4400000000005,0.0,3081.4400000000005,0.0,0.0,0.0,0.0,,,,,0.0,0.0,0.0,0.0,0.0,0.0,0.0,0.0,0.0,0.0,0.0,0.0,0.0,0.0,0.0,0.0,0.0,0.0,0.0,0.0,0.0,0.0,0.0,0.0,0.0,3081.4400000000005,0.0,3081.4400000000005,0.0,308.14,0.0,308.14,0.0,2773.3,0.0,2773.3,,215.95572420772686,,215.95572420772686,,0.2,,0.2,,0.0,,0.0,,216.16,,216.16,,7.7943244510150365,,7.7943244510150365,0.0,278.62,0.0,278.62,0.0,2494.4700000000003,0.0,2494.4700000000003,,,,,,,0.0,0.0,0.0,,,,,0.0,0.0,2773.3,0.0,0.0,,0.0,,0.0,,,,,,,,2773.3,0.0
453,NAGALAND,Longleng,,0.0,1879.5,0.0,1879.5,0.0,12889.619999999999,0.0,12889.619999999999,43310.38,56200.0,0.0,1244.27,0.0,1244.27,0.0,,0.0,0.0,0.0,299.6,0.0,299.6,0.0,0.0,0.0,0.0,0.0,0.0,0.0,0.0,,0.33,,0.33,,,,,,,,,0.0,1544.21,0.0,1544.21,0.0,0.0,0.0,0.0,,,,,0.0,0.0,0.0,0.0,0.0,0.0,0.0,0.0,0.0,0.0,0.0,0.0,0.0,0.0,0.0,0.0,0.0,0.0,0.0,0.0,0.0,0.0,0.0,0.0,0.0,1544.21,0.0,1544.21,0.0,154.41000000000003,0.0,154.41000000000003,0.0,1389.8,0.0,1389.8,,6.549367608204528,,6.549367608204528,,0.0,,0.0,,0.0,,0.0,,6.56,,6.56,,0.4720103612030508,,0.4720103612030508,0.0,8.56,0.0,8.56,0.0,1381.23,0.0,1381.23,,,,,,,0.0,0.0,0.0,,,,,0.0,0.0,1389.8000000000002,0.0,0.0,,0.0,,0.0,,,,,,,,1389.8000000000002,0.0
454,NAGALAND,Mokokchung,,0.0,2080.4,0.0,2080.4,0.0,55042.96,0.0,55042.96,106457.04000000001,161500.0,0.0,5516.03,0.0,5516.03,0.0,,0.0,0.0,0.0,719.3499999999999,0.0,719.3499999999999,0.0,8.79,0.0,8.79,0.0,0.0,0.0,0.0,,0.634,,0.634,,,,,,,,,0.0,6244.81,0.0,6244.81,0.0,0.0,0.0,0.0,,,,,0.0,0.0,0.0,0.0,0.0,0.0,0.0,0.0,0.0,0.0,0.0,0.0,0.0,0.0,0.0,0.0,0.0,0.0,0.0,0.0,0.0,0.0,0.0,0.0,0.0,6244.81,0.0,6244.81,0.0,624.51,0.0,624.51,0.0,5620.299999999999,0.0,5620.299999999999,,62.22318973930727,,62.22318973930727,,0.0,,0.0,,33.19536,,33.19536,,95.41,,95.41,,1.697596213725246,,1.697596213725246,0.0,62.22000000000001,0.0,62.22000000000001,0.0,5524.89,0.0,5524.89,,,,,,,0.0,0.0,0.0,,,,,0.0,0.0,5620.299999999999,0.0,0.0,,0.0,,0.0,,,,,,,,5620.299999999999,0.0
455,NAGALAND,Mon,,0.0,1469.1,0.0,1469.1,0.0,61512.44,0.0,61512.44,117087.56,178600.0,0.0,3980.8599999999997,0.0,3980.8599999999997,0.0,,0.0,0.0,0.0,446.75,0.0,446.75,0.0,2.26,0.0,2.26,0.0,0.0,0.0,0.0,,0.524,,0.524,,,,,,,,,0.0,4430.389999999999,0.0,4430.389999999999,0.0,0.0,0.0,0.0,,,,,0.0,0.0,0.0,0.0,0.0,0.0,0.0,0.0,0.0,0.0,0.0,0.0,0.0,0.0,0.0,0.0,0.0,0.0,0.0,0.0,0.0,0.0,0.0,0.0,0.0,4430.389999999999,0.0,4430.389999999999,0.0,443.03,0.0,443.03,0.0,3987.3599999999997,0.0,3987.3599999999997,,139.17976094828276,,139.17976094828276,,0.1666668,,0.1666668,,7.298304000000001,,7.298304000000001,,146.64,,146.64,,3.677621283255086,,3.677621283255086,0.0,139.16,0.0,139.16,0.0,3840.7200000000003,0.0,3840.7200000000003,,,,,,,0.0,0.0,0.0,,,,,0.0,0.0,3987.3599999999997,0.0,0.0,,0.0,,0.0,,,,,,,,3987.3599999999997,0.0
456,NAGALAND,Peren,,0.0,1394.1999999999996,0.0,1394.1999999999998,0.0,63838.44,0.0,63838.44,101261.56,165100.0,0.0,4213.18,0.0,4213.18,0.0,,0.0,0.0,0.0,260.65,0.0,260.65,0.0,29.23,0.0,29.23,0.0,0.0,0.0,0.0,,0.488,,0.488,,,,,,,,,0.0,4503.54,0.0,4503.54,0.0,0.0,0.0,0.0,,,,,0.0,0.0,0.0,0.0,0.0,0.0,0.0,0.0,0.0,0.0,0.0,0.0,0.0,0.0,0.0,0.0,0.0,0.0,0.0,0.0,0.0,0.0,0.0,0.0,0.0,4503.54,0.0,4503.54,0.0,450.37,0.0,450.37,0.0,4053.17,0.0,4053.17,,78.9394825026928,,78.9394825026928,,0.0,,0.0,,92.42380800000001,,92.42380800000001,,171.37,,171.37,,4.2280486631451435,,4.2280486631451435,0.0,83.46000000000001,0.0,83.46000000000001,0.0,3877.27,0.0,3877.27,,,,,,,0.0,0.0,0.0,,,,,0.0,0.0,4053.17,0.0,0.0,,0.0,,0.0,,,,,,,,4053.17,0.0
457,NAGALAND,Phek,,0.0,1295.1,0.0,1295.1,0.0,11309.0,0.0,11309.0,191291.0,202600.0,0.0,711.47,0.0,711.47,0.0,,0.0,0.0,0.0,467.95,0.0,467.95,0.0,0.0,0.0,0.0,0.0,0.0,0.0,0.0,,2.002,,2.002,,,,,,,,,0.0,1181.42,0.0,1181.42,0.0,0.0,0.0,0.0,,,,,0.0,0.0,0.0,0.0,0.0,0.0,0.0,0.0,0.0,0.0,0.0,0.0,0.0,0.0,0.0,0.0,0.0,0.0,0.0,0.0,0.0,0.0,0.0,0.0,0.0,1181.42,0.0,1181.42,0.0,118.15,0.0,118.15,0.0,1063.27,0.0,1063.27,,37.67097763017172,,37.67097763017172,,0.0,,0.0,,0.0,,0.0,,37.68000000000001,,37.68000000000001,,3.5437847395299413,,3.5437847395299413,0.0,42.29,0.0,42.29,0.0,1020.9799999999999,0.0,1020.9799999999999,,,,,,,0.0,0.0,0.0,,,,,0.0,0.0,1063.27,0.0,0.0,,0.0,,0.0,,,,,,,,1063.27,0.0
458,NAGALAND,Tuensang,,0.0,2079.4999999999995,0.0,2079.4999999999995,0.0,10123.43,0.0,10123.43,243476.56999999998,253600.0,0.0,1069.99,0.0,1069.99,0.0,,0.0,0.0,0.0,383.20000000000005,0.0,383.20000000000005,0.0,0.0,0.0,0.0,0.0,0.0,0.0,0.0,,0.42,,0.42,,,,,,,,,0.0,1453.6100000000001,0.0,1453.6100000000001,0.0,0.0,0.0,0.0,,,,,0.0,0.0,0.0,0.0,0.0,0.0,0.0,0.0,0.0,0.0,0.0,0.0,0.0,0.0,0.0,0.0,0.0,0.0,0.0,0.0,0.0,0.0,0.0,0.0,0.0,1453.6100000000001,0.0,1453.6100000000001,0.0,145.36,0.0,145.36,0.0,1308.25,0.0,1308.25,,46.732406989142106,,46.732406989142106,,0.0,,0.0,,0.0,,0.0,,46.74,,46.74,,3.572711637683929,,3.572711637683929,0.0,49.83,0.0,49.83,0.0,1258.4099999999999,0.0,1258.4099999999999,,,,,,,0.0,0.0,0.0,,,,,0.0,0.0,1308.25,0.0,0.0,,0.0,,0.0,,,,,,,,1308.25,0.0
459,NAGALAND,Wokha,,0.0,2166.76,0.0,2166.76,0.0,66920.62000000001,0.0,66920.62000000001,95879.38,162800.0,0.0,7240.329999999999,0.0,7240.329999999999,0.0,,0.0,0.0,0.0,390.44999999999993,0.0,390.44999999999993,0.0,2.65,0.0,2.65,0.0,0.0,0.0,0.0,,0.398,,0.398,,,,,,,,,0.0,7633.83,0.0,7633.83,0.0,0.0,0.0,0.0,,,,,0.0,0.0,0.0,0.0,0.0,0.0,0.0,0.0,0.0,0.0,0.0,0.0,0.0,0.0,0.0,0.0,0.0,0.0,0.0,0.0,0.0,0.0,0.0,0.0,0.0,7633.83,0.0,7633.83,0.0,763.39,0.0,763.39,0.0,6870.44,0.0,6870.44,,168.83127680128172,,168.83127680128172,,0.72,,0.72,,8.583744,,8.583744,,178.15,,178.15,,2.5929925885387255,,2.5929925885387255,0.0,175.22,0.0,175.22,0.0,6685.9,0.0,6685.9,,,,,,,0.0,0.0,0.0,,,,,0.0,0.0,6870.44,0.0,0.0,,0.0,,0.0,,,,,,,,6870.44,0.0
460,NAGALAND,Zunheboto,,0.0,2080.4,0.0,2080.4,0.0,8985.47,0.0,8985.47,116514.53,125500.0,0.0,949.1199999999999,0.0,949.1199999999999,0.0,,0.0,0.0,0.0,946.6000000000001,0.0,946.6000000000001,0.0,0.0,0.0,0.0,0.0,0.0,0.0,0.0,,0.358,,0.358,,,,,,,,,0.0,1896.0700000000002,0.0,1896.0700000000002,0.0,0.0,0.0,0.0,,,,,0.0,0.0,0.0,0.0,0.0,0.0,0.0,0.0,0.0,0.0,0.0,0.0,0.0,0.0,0.0,0.0,0.0,0.0,0.0,0.0,0.0,0.0,0.0,0.0,0.0,1896.0700000000002,0.0,1896.0700000000002,0.0,189.62,0.0,189.62,0.0,1706.4499999999998,0.0,1706.4499999999998,,57.935878338601,,57.935878338601,,1.0,,1.0,,0.0,,0.0,,58.96,,58.96,,3.4551261390606234,,3.4551261390606234,0.0,57.93,0.0,57.93,0.0,1647.4899999999998,0.0,1647.4899999999998,,,,,,,0.0,0.0,0.0,,,,,0.0,0.0,1706.45,0.0,0.0,,0.0,,0.0,,,,,,,,1706.45,0.0
461,ODISHA,ANGUL,,1120.1887474901337,1295.8483287799863,0.0,1290.8598778178673,14443.0,494142.0,0.0,508585.0,130761.0,639346.0,1035.4499999999998,41712.79,0.0,42748.24,356.46000000000004,,0.0,356.46000000000004,2563.38264168876,0.0,0.0,2563.38,524.71,5578.85,0.0,6103.5599999999995,63.49,6441.64,0.0,6505.13,6.306,75.294,0.0,81.6,,,,,,,,,4549.79,53808.58,0.0,58358.37000000001,,,,,,,,,,,,0.0,,,,0.0,0.0,0.0,0.0,0.0,0.0,0.0,0.0,0.0,0.0,0.0,0.0,0.0,0.0,0.0,0.0,0.0,4549.79,53808.58,0.0,58358.37000000001,454.98,3238.9300000000003,0.0,3693.91,4094.8100000000004,50569.649999999994,0.0,54664.46,119.28272999999999,4485.35433,,4604.63706,70.72,1228.76,,1299.48,2078.3,21753.83,,23832.130000000005,2268.3,27467.949999999997,,29736.249999999996,55.3945115890603,54.31706567081244,,54.39777508092094,129.75,6232.639999999999,0.0,6362.389999999999,1818.1999999999998,21354.399999999998,0.0,23172.6,,,,,,,0.0,0.0,0.0,,,,,0.0,0.0,54664.45999999999,0.0,0.0,,0.0,,0.0,,,,,,,,54664.45999999999,0.0
462,ODISHA,BALASORE,,1752.1646310752958,1702.4098345238442,1760.0853113053438,1715.3424218112248,23826.0,273272.0,59379.0,356477.0,25584.0,382061.0,6095.49,68303.15,16799.94,91198.58000000002,1476.14,,0.0,1476.14,9398.162634955745,0.0,0.0,9398.150000000001,1921.62,28446.010000000002,0.0,30367.629999999997,2084.86,24581.8,5933.35,32600.010000000002,4.8,768.0,16.8,789.6,,,,,,,,,20981.06,122098.95999999999,22750.09,165830.11000000004,,,,,,,,,,,,0.0,,,,0.0,0.0,0.0,0.0,0.0,0.0,0.0,0.0,0.0,0.0,0.0,0.0,0.0,0.0,0.0,0.0,0.0,20981.06,122098.95999999999,22750.09,165830.11000000004,2098.1099999999997,8817.749999999998,1613.1599999999999,12529.0,18882.95,113281.20999999999,21136.93,153301.09,616.29036375,5965.169815,1192.359735,7773.81991375,11.05,1160.25,0.0,1171.3000000000002,4294.81,66764.7,0.0,71059.51000000001,4922.17,73890.1,1192.37,80004.64,26.066742749411503,65.2271457905508,5.6411692710341566,59.632104497921375,737.02,7091.58,1371.9699999999998,7828.599999999999,13862.55,38264.700000000004,19764.95,52127.25,,,,,,,0.0,0.0,0.0,,,,,0.0,0.0,132164.16,21136.93,0.0,,0.0,,0.0,,,,,,,,132164.16,21136.93
463,ODISHA,BARGARH,,1227.8290547111687,1261.926858414729,0.0,1259.3766179592785,39279.0,485898.0,0.0,525177.0,59368.0,584545.0,3074.5899999999997,37243.93,0.0,40318.520000000004,3197.6000000000004,,0.0,3197.6000000000004,1931.1256354973812,0.0,0.0,1931.13,517.33,9183.39,0.0,9700.72,557.84,3289.51,0.0,3847.35,91.65,7609.974000000001,0.0,7701.624,,,,,,,,,9370.13,57326.8,0.0,66696.93,,,,,,,,,,,,0.0,,,,0.0,0.0,0.0,0.0,0.0,0.0,0.0,0.0,0.0,0.0,0.0,0.0,0.0,0.0,0.0,0.0,0.0,9370.13,57326.8,0.0,66696.93,937.0200000000001,3462.0899999999997,0.0,4399.11,8433.11,53864.70999999999,0.0,62297.82,535.9214699999999,3871.74580375,,4407.66727375,0.0,455.26000000000005,,455.26000000000005,1668.8100000000002,28450.92,,30119.73,2204.72,32777.93,,34982.649999999994,26.14361724203763,60.852327989884294,,56.1538910992391,564.3800000000001,4425.64,0.0,4990.0199999999995,6199.93,20964.92,0.0,27164.85,,,,,,,0.0,0.0,0.0,,,,,0.0,0.0,62297.81999999999,0.0,0.0,,0.0,,0.0,,,,,,,,62297.81999999999,0.0
464,ODISHA,BHADRAK,,1421.1224571903783,1540.3309510481627,1559.4347863119267,1511.8845034412218,79363.0,53236.0,119637.0,252236.0,0.0,252236.0,12655.66,9721.2,21208.05,43584.909999999996,12551.859999999999,,0.0,12551.859999999999,4463.034537394383,0.0,0.0,4463.030000000001,7715.8,3704.2,965.98,12385.98,6723.52,2110.13,12721.519999999999,21555.17,71.32199999999999,36.248,19.352,126.92200000000001,,,,,,,,,44181.19,15571.770000000002,34914.909999999996,94667.87,,,,,,,,,,,,0.0,,,,0.0,0.0,0.0,0.0,0.0,0.0,0.0,0.0,0.0,0.0,0.0,0.0,0.0,0.0,0.0,0.0,0.0,44181.19,15571.770000000002,34914.909999999996,94667.87,3796.6600000000003,1557.17,3491.49,8845.32,40384.53,14014.6,31423.42,85822.55,1972.22243975,839.93581,1714.300245,4526.45849475,72.93,349.18,0.0,422.11,20006.149999999998,9901.55,2522.55,32430.25,22051.31,11090.64,4236.84,37378.8,54.60335925662624,79.13632925663237,13.483064542306344,60.92369491938566,2385.88,938.24,1985.3200000000002,3324.1200000000003,17919.559999999998,2825.66,26915.57,20745.219999999998,,,,,,,0.0,0.0,0.0,,,,,0.0,0.0,54399.13,31423.42,0.0,,0.0,,0.0,,,,,,,,54399.13,31423.42
465,ODISHA,BOLANGIR,,1363.9746749507503,1225.4771906421602,0.0,1226.9284105167385,6599.0,623178.0,0.0,629777.0,26419.0,656196.0,554.62,44798.85999999999,0.0,45353.479999999996,322.46,,0.0,322.46,687.6965997622467,0.0,0.0,687.7,195.93,6496.640000000001,0.0,6692.570000000001,14.17,2717.99,0.0,2732.16,132.0,5240.400000000001,0.0,5372.400000000001,,,,,,,,,1906.88,59253.89000000001,0.0,61160.770000000004,,,,,,,,,,,,0.0,,,,0.0,0.0,0.0,0.0,0.0,0.0,0.0,0.0,0.0,0.0,0.0,0.0,0.0,0.0,0.0,0.0,0.0,1906.88,59253.89000000001,0.0,61160.770000000004,190.69,4556.65,0.0,4747.34,1716.19,54697.24,0.0,56413.42999999999,58.481395,5770.794631249999,,5829.276026249999,61.879999999999995,307.18999999999994,,369.06999999999994,720.2100000000002,22543.25,,23263.46,840.56,28621.239999999994,,29461.8,48.97825998286903,52.326662186245585,,52.22479824396425,82.69,8223.990000000002,0.0,8306.68,872.97,23622.810000000005,0.0,24495.780000000006,,,,,,,0.0,0.0,0.0,,,,,0.0,0.0,56413.43,0.0,0.0,,0.0,,0.0,,,,,,,,56413.43,0.0
466,ODISHA,BOUDH,,1225.09382053258,1336.4350912284474,0.0,1312.140521443451,46716.0,167382.0,0.0,214098.0,96900.0,310998.0,3689.9300000000003,14465.579999999998,0.0,18155.51,865.3199999999999,,0.0,865.3199999999999,2025.389150164537,0.0,0.0,2025.3899999999999,435.52,2884.9,0.0,3320.42,324.17,855.06,0.0,1179.23,11.56,69.806,0.0,81.366,,,,,,,,,7351.889999999999,18275.36,0.0,25627.25,,,,,,,,,,,,0.0,,,,0.0,0.0,0.0,0.0,0.0,0.0,0.0,0.0,0.0,0.0,0.0,0.0,0.0,0.0,0.0,0.0,0.0,7351.889999999999,18275.36,0.0,25627.25,735.1800000000001,1378.7999999999997,0.0,2113.98,6616.709999999999,16896.56,0.0,23513.27,413.91073,1058.00506,,1471.91579,44.199999999999996,28.729999999999997,,72.93,1412.3,7953.6,,9365.900000000001,1870.41,9040.32,,10910.73,28.267976078746088,53.503908487881546,,46.402435730972336,502.77,1312.48,0.0,1815.25,4657.4400000000005,7601.76,0.0,12259.2,,,,,,,0.0,0.0,0.0,,,,,0.0,0.0,23513.27,0.0,0.0,,0.0,,0.0,,,,,,,,23513.27,0.0
467,ODISHA,CUTTACK,,1538.1919325860817,1586.8059879380285,0.0,1577.9421558860113,62005.0,278064.0,0.0,340069.0,32790.0,372859.0,14958.009999999998,33926.119999999995,0.0,48884.13,3996.44,,0.0,3996.44,6174.298012116913,0.0,0.0,6174.28,2132.09,4036.750000000001,0.0,6168.839999999999,745.2099999999999,10964.849999999999,0.0,11710.06,7.424,257.52,0.0,264.944,,,,,,,,,28013.45,49185.22,0.0,77198.67,,,,,,,,,,,,0.0,,,,0.0,0.0,0.0,0.0,0.0,0.0,0.0,0.0,0.0,0.0,0.0,0.0,0.0,0.0,0.0,0.0,0.0,28013.45,49185.22,0.0,77198.67,2801.3499999999995,4435.130000000001,0.0,7236.47,25212.100000000002,44750.09,0.0,69962.19,1491.473585,5748.67417125,,7240.1477562499995,329.29,722.6699999999998,,1051.9599999999998,9244.510000000002,15592.36,,24836.87,11065.28,22063.700000000004,,33128.96000000001,43.88876769487666,49.304258382497125,,47.35266291692699,1690.1200000000001,6789.35,0.0,8479.47,13948.18,21645.71,0.0,35593.89,,,,,,,0.0,0.0,0.0,,,,,0.0,0.0,69962.19,0.0,0.0,,0.0,,0.0,,,,,,,,69962.19,0.0
468,ODISHA,DEOGARH,,1314.546541583629,1318.021047101376,0.0,1317.6939463412177,20573.0,197956.0,0.0,218529.0,77735.0,296264.0,2163.53,19124.73,0.0,21288.260000000002,527.69,,0.0,527.69,6744.462205613227,0.0,0.0,6744.45,0.0,4239.6900000000005,0.0,4239.6900000000005,26.89,172.14,0.0,199.03,7.454,185.38400000000001,0.0,192.83800000000002,,,,,,,,,9470.02,23721.940000000002,0.0,33191.96000000001,,,,,,,,,,,,0.0,,,,0.0,0.0,0.0,0.0,0.0,0.0,0.0,0.0,0.0,0.0,0.0,0.0,0.0,0.0,0.0,0.0,0.0,9470.02,23721.940000000002,0.0,33191.96000000001,946.99,2372.19,0.0,3319.1899999999996,8523.03,21349.75,0.0,29872.78,56.4534915,933.5309349999999,,989.9844264999999,285.09000000000003,57.459999999999994,,342.55,2112.9700000000003,13962.170000000002,,16075.14,2454.52,14953.16,,17407.68,28.798678404276412,70.03904026979238,,58.272715160758395,66.27000000000001,1092.73,0.0,1159.0,6058.69,6237.389999999999,0.0,12296.079999999998,,,,,,,0.0,0.0,0.0,,,,,0.0,0.0,29872.78,0.0,0.0,,0.0,,0.0,,,,,,,,29872.78,0.0
469,ODISHA,DHENKANAL,,1408.3531021566403,1433.1072956667765,0.0,1428.1741885265474,79290.0,318585.0,0.0,397875.0,49706.0,447581.0,6423.55,27760.269999999997,0.0,34183.82,2083.0200000000004,,0.0,2083.0200000000004,4761.53127583461,0.0,0.0,4761.5199999999995,842.0,2387.1099999999997,0.0,3229.1099999999997,757.4699999999999,2986.3199999999993,0.0,3743.79,20.522000000000002,71.592,0.0,92.114,,,,,,,,,14888.099999999999,33205.3,0.0,48093.399999999994,,,,,,,,,,,,0.0,,,,0.0,0.0,0.0,0.0,0.0,0.0,0.0,0.0,0.0,0.0,0.0,0.0,0.0,0.0,0.0,0.0,0.0,14888.099999999999,33205.3,0.0,48093.399999999994,1347.27,2160.44,0.0,3507.71,13540.830000000002,31044.860000000004,0.0,44585.69,838.37215,2997.8032175,,3836.1753675,61.879999999999995,369.07,,430.95,2997.83,9941.550000000001,,12939.380000000001,3898.0899999999997,13308.44,,17206.52,28.787674019982525,42.86841686514289,,38.59202358424867,932.1800000000001,3419.79,0.0,4351.969999999999,9548.94,17314.43,0.0,26863.370000000003,,,,,,,0.0,0.0,0.0,,,,,0.0,0.0,44585.69,0.0,0.0,,0.0,,0.0,,,,,,,,44585.69,0.0
470,ODISHA,GAJAPATI,,1182.26,1389.3601985907412,0.0,1379.910737761305,6500.0,135958.0,0.0,142458.0,290763.0,433221.0,614.78,17072.23,0.0,17687.010000000002,215.17,,0.0,215.17,1161.5529411459684,0.0,0.0,1161.55,264.88,1625.3000000000002,0.0,1890.1800000000003,107.4,927.5699999999999,0.0,1034.97,17.738,234.702,0.0,252.44,,,,,,,,,2381.52,19859.8,0.0,22241.32,,,,,,,,,,,,0.0,,,,0.0,0.0,0.0,0.0,0.0,0.0,0.0,0.0,0.0,0.0,0.0,0.0,0.0,0.0,0.0,0.0,0.0,2381.52,19859.8,0.0,22241.32,238.15,1872.6399999999999,0.0,2110.79,2143.37,17987.159999999996,0.0,20130.529999999995,213.5446005,1530.1384,,1743.6830005,30.939999999999998,148.07000000000002,,179.01000000000002,703.82,4721.87,,5425.6900000000005,948.31,6400.099999999999,,7348.41,44.243877631953424,35.5814925758152,,36.50380789775531,228.8,1730.4399999999998,0.0,1959.24,1179.8,11386.760000000002,0.0,12566.560000000001,,,,,,,0.0,0.0,0.0,,,,,0.0,0.0,20130.529999999995,0.0,0.0,,0.0,,0.0,,,,,,,,20130.529999999995,0.0
471,ODISHA,GANJAM,,1279.5041167747165,1304.338893184937,1207.7502415458937,1296.0429715278005,123400.0,466320.0,20700.0,610420.0,213017.0,823437.0,13227.990000000002,47317.66999999999,2059.65,62605.31,6613.16,,0.0,6613.16,16967.496,0.0,0.0,16967.5,4083.5199999999995,7055.0599999999995,0.0,11138.58,1837.7300000000002,6239.569999999999,454.53000000000003,8531.83,56.772000000000006,794.426,0.0,851.1979999999999,,,,,,,,,42786.65999999999,61406.73000000002,2514.18,106707.57,,,,,,,,,,,,0.0,,,,0.0,0.0,0.0,0.0,0.0,0.0,0.0,0.0,0.0,0.0,0.0,0.0,0.0,0.0,0.0,0.0,0.0,42786.65999999999,61406.73000000002,2514.18,106707.57,4278.68,4930.3,235.95999999999998,9444.939999999999,38507.979999999996,56476.42999999999,2278.2200000000003,97262.63,4327.44876,7166.3828075,251.52953,11745.3610975,866.32,1206.6599999999999,0.0,2072.98,10302.009999999997,18544.89,0.0,28846.899999999998,15495.769999999997,26917.920000000002,251.52,42665.22,40.2404125067064,47.662219442694955,11.04019804935432,44.653327846117065,6553.06,8467.7,269.17,15020.760000000002,21458.09,28413.47,2009.06,49871.56,,,,,,,0.0,0.0,0.0,,,,,0.0,0.0,94984.40999999999,2278.2200000000003,0.0,,0.0,,0.0,,,,,,,,94984.40999999999,2278.2200000000003
472,ODISHA,JAGATSINGHPUR,,1399.6060232464638,1436.607063718809,1597.5307040333992,1475.2522517831824,54718.0,76304.0,57966.0,188988.0,0.0,188988.0,9191.449999999999,12044.099999999999,10270.0,31505.55,7242.149999999999,,2732.23,9974.380000000001,7535.342600345846,0.0,736.5091354847696,8271.86,3507.44,3404.5,510.8,7422.75,1979.2399999999998,5786.660000000001,509.01,8274.91,0.0,223.79399999999998,0.0,223.79399999999998,,,,,,,,,29455.63,21459.06,14758.55,65673.24,,,,,,,,,,,,0.0,,,,0.0,0.0,0.0,0.0,0.0,0.0,0.0,0.0,0.0,0.0,0.0,0.0,0.0,0.0,0.0,0.0,0.0,29455.63,21459.06,14758.55,65673.24,2945.56,1871.02,1475.8600000000001,6292.450000000001,26510.07,19588.039999999997,13282.69,59380.8,1228.4561362499999,1211.348495,750.176105,3189.9807362499996,167.96,512.72,229.84000000000003,910.52,12240.6,11755.6,1714.62,25710.820000000003,13637.01,13479.67,2694.6299999999997,29811.32,51.44086756466505,68.81581822377329,20.286779259321715,58.82386501312092,1313.58,1308.71,825.14,2622.2900000000004,12787.949999999999,6011.009999999999,10513.099999999999,18798.96,,,,,,,0.0,0.0,0.0,,,,,0.0,0.0,46098.11,13282.69,0.0,,0.0,,0.0,,,,,,,,46098.11,13282.69
473,ODISHA,JAJPUR,,1526.0570833333334,1660.286067643126,1615.287333608716,1644.9112132765867,24000.0,222846.0,19367.0,266213.0,20246.0,286459.0,3850.919999999999,34624.62,3804.31,42279.850000000006,2978.02,,0.0,2978.02,3248.570644975277,0.0,0.0,3248.57,1873.83,6816.49,333.64,9023.96,270.90000000000003,3024.91,227.27,3523.0800000000004,9.478,100.43799999999999,0.0,109.916,,,,,,,,,12231.7,44566.479999999996,4365.22,61163.4,,,,,,,,,,,,0.0,,,,0.0,0.0,0.0,0.0,0.0,0.0,0.0,0.0,0.0,0.0,0.0,0.0,0.0,0.0,0.0,0.0,0.0,12231.7,44566.479999999996,4365.22,61163.4,1127.7,3117.0999999999995,267.27,4512.0599999999995,11104.0,41449.380000000005,4097.95,56651.33000000001,749.40841875,4172.86569375,490.44246999999996,5412.7165825,72.93,594.49,57.46,724.88,5975.74,22891.390000000007,1061.35,29928.480000000007,6798.07,27658.77,1609.25,36066.100000000006,61.22181195965417,66.72903189384255,39.26963481740871,65.56543080578261,830.6200000000001,4772.74,527.35,5603.359999999999,4224.71,13190.739999999998,2451.8,17415.449999999997,,,,,,,0.0,0.0,0.0,,,,,0.0,0.0,52553.380000000005,4097.95,0.0,,0.0,,0.0,,,,,,,,52553.380000000005,4097.95
474,ODISHA,JHARSUGUDA,,0.0,1314.0807746339256,0.0,1314.0807746339256,0.0,211842.0,0.0,211842.0,385.0,212227.0,0.0,16977.38,0.0,16977.38,0.0,,0.0,0.0,0.0,0.0,0.0,0.0,0.0,1752.13,0.0,1752.13,0.0,1067.74,0.0,1067.74,0.0,837.366,0.0,837.366,,,,,,,,,0.0,20634.61,0.0,20634.61,,,,,,,,,,,,0.0,,,,0.0,0.0,0.0,0.0,0.0,0.0,0.0,0.0,0.0,0.0,0.0,0.0,0.0,0.0,0.0,0.0,0.0,0.0,20634.61,0.0,20634.61,0.0,1540.51,0.0,1540.51,0.0,19094.1,0.0,19094.1,,2555.333975,,2555.333975,,1098.3700000000001,,1098.3700000000001,,6374.879999999999,,6374.879999999999,,10028.58,,10028.58,,52.521878486024484,,52.521878486024484,0.0,3501.7200000000003,0.0,3501.7200000000003,0.0,8119.13,0.0,8119.13,,,,,,,0.0,0.0,0.0,,,,,0.0,0.0,19094.1,0.0,0.0,,0.0,,0.0,,,,,,,,19094.1,0.0
475,ODISHA,KALAHANDI,,1416.454340243163,1492.9660571005734,0.0,1479.627635598428,97301.0,460836.0,0.0,558137.0,233298.0,791435.0,8935.93,37984.82000000001,0.0,46920.75,3615.58,,0.0,3615.58,7498.943349277425,0.0,0.0,7498.949999999999,1004.78,4431.969999999999,0.0,5436.749999999999,1159.65,2234.4799999999996,1.5499999999999996,3395.68,2.49,311.0779999999999,0.0,313.5679999999999,,,,,,,,,22217.39,44962.37,1.5499999999999996,67181.31,,,,,,,,,,,,0.0,,,,0.0,0.0,0.0,0.0,0.0,0.0,0.0,0.0,0.0,0.0,0.0,0.0,0.0,0.0,0.0,0.0,0.0,22217.39,44962.37,1.5499999999999996,67181.31,2221.76,3147.3500000000004,0.19999999999999996,5369.300000000001,19995.629999999997,41815.020000000004,1.3499999999999996,61812.00000000001,1194.5064825,3972.61464875,,5167.12113125,192.26999999999998,700.57,,892.8399999999999,3514.71,18335.500000000004,,21850.210000000003,4901.49,23008.670000000002,,27910.16,24.512806048121515,55.02489296908144,,45.15428975427373,1462.0,4892.07,0.0,6354.07,14826.640000000001,17886.9,1.3499999999999996,32713.54,,,,,,,0.0,0.0,0.0,,,,,0.0,0.0,61810.649999999994,1.3499999999999996,0.0,,0.0,,0.0,,,,,,,,61810.649999999994,1.3499999999999996
476,ODISHA,KANDHAMAL,,1338.2534981500169,1650.8518043960594,0.0,1648.7744351332562,2973.0,444398.0,0.0,447371.0,356636.0,804007.0,190.98000000000002,30911.569999999996,0.0,31102.549999999996,175.82,,0.0,175.82,1056.714,0.0,0.0,1056.71,184.7,2707.9400000000005,0.0,2892.6400000000003,3.52,452.03999999999996,1.35,456.9099999999999,7.08,1149.7219999999998,0.0,1156.802,,,,,,,,,1618.81,35221.280000000006,1.35,36841.44,,,,,,,,,,,,0.0,,,,0.0,0.0,0.0,0.0,0.0,0.0,0.0,0.0,0.0,0.0,0.0,0.0,0.0,0.0,0.0,0.0,0.0,1618.81,35221.280000000006,1.35,36841.44,161.87,2760.1900000000005,0.15000000000000002,2922.21,1456.94,32461.089999999997,1.2000000000000002,33919.229999999996,10.945619999999998,2343.590905,,2354.536525,8.84,221.0,,229.83999999999997,549.75,7937.490000000002,,8487.240000000002,569.54,10502.079999999998,,11071.62,39.0915205842382,32.352826106578675,,32.64228494402535,12.41,2675.9100000000003,0.0,2688.32,885.93,21626.670000000002,1.2000000000000002,22512.600000000002,,,,,,,0.0,0.0,0.0,,,,,0.0,0.0,33918.030000000006,1.2000000000000002,0.0,,0.0,,0.0,,,,,,,,33918.030000000006,1.2000000000000002
477,ODISHA,KENDRAPARA,,1567.0347654306706,1632.8428080147207,1525.3814107647809,1540.1731879351785,17287.0,24455.0,184602.0,226344.0,0.0,226344.0,2917.14,5699.97,31433.89,40051.0,1931.07,,1863.49,3794.56,4659.6706067799305,0.0,10157.00648200779,14816.689999999999,1494.09,1030.99,470.09999999999997,2995.1800000000003,68.42999999999999,88.97,767.84,925.24,0.0,0.0,0.0,0.0,,,,,,,,,11070.400000000001,6819.93,44692.340000000004,62582.67,,,,,,,,,,,,0.0,,,,0.0,0.0,0.0,0.0,0.0,0.0,0.0,0.0,0.0,0.0,0.0,0.0,0.0,0.0,0.0,0.0,0.0,11070.400000000001,6819.93,44692.340000000004,62582.67,1107.04,340.99999999999994,3897.54,5345.58,9963.36,6478.929999999999,40794.8,57237.09,699.85127375,495.32252000000005,3133.9042349999995,4329.07802875,70.72,132.60000000000002,260.78,464.1,5397.34,3833.85,1742.78,10973.970000000001,6167.900000000001,4461.78,5137.4800000000005,15767.150000000001,61.9058229352347,68.86600102177366,12.593467794915039,64.64835494325915,798.2,561.07,3542.54,1359.27,3697.12,1951.4099999999999,35248.69,5648.53,,,,,,,0.0,0.0,0.0,,,,,0.0,0.0,16442.29,40794.8,0.0,,0.0,,0.0,,,,,,,,16442.29,40794.8
478,ODISHA,KEONJHAR,,1304.0540574445617,1389.2525636235753,0.0,1386.3070261101943,23675.0,661115.0,0.0,684790.0,149192.0,833982.0,2468.12,64592.41,0.0,67060.53,2392.2599999999993,,0.0,2392.2599999999993,3347.7612337518567,0.0,0.0,3347.76,1060.0900000000001,9147.550000000001,0.0,10207.640000000001,271.13,8809.79,0.0,9080.92,1.048,136.254,0.0,137.30200000000002,,,,,,,,,9540.420000000002,82686.00000000001,0.0,92226.42000000001,,,,,,,,,,,,0.0,,,,0.0,0.0,0.0,0.0,0.0,0.0,0.0,0.0,0.0,0.0,0.0,0.0,0.0,0.0,0.0,0.0,0.0,9540.420000000002,82686.00000000001,0.0,92226.42000000001,954.04,7106.070000000001,0.0,8060.11,8586.380000000001,75579.93000000001,0.0,84166.30999999998,286.34396000000004,6131.547582499999,,6417.891542499999,75.13999999999999,667.42,,742.5599999999998,3464.57,28098.559999999998,,31563.130000000005,3826.06,34897.5,,38723.560000000005,44.559639801639335,46.172972110453124,,46.008385065235736,338.68,7493.8,0.0,7832.48,4707.99,39320.18,0.0,44028.17,,,,,,,0.0,0.0,0.0,,,,,0.0,0.0,84166.31000000001,0.0,0.0,,0.0,,0.0,,,,,,,,84166.31000000001,0.0
479,ODISHA,KHURDA,,1413.667458686914,1430.9367962523206,0.0,1429.0088107027927,29107.0,231610.0,0.0,260717.0,28260.0,288977.0,4167.389999999999,24830.429999999997,0.0,28997.82,3644.4300000000003,,0.0,3644.4300000000003,5566.635277752058,0.0,0.0,5566.659999999999,2361.03,4473.16,0.0,6834.1900000000005,742.79,1340.0800000000002,0.0,2082.8700000000003,28.0,235.102,0.0,263.10200000000003,,,,,,,,,16510.3,30878.770000000004,0.0,47389.06999999999,,,,,,,,,,,,0.0,,,,0.0,0.0,0.0,0.0,0.0,0.0,0.0,0.0,0.0,0.0,0.0,0.0,0.0,0.0,0.0,0.0,0.0,16510.3,30878.770000000004,0.0,47389.06999999999,1651.0300000000002,2583.5499999999997,0.0,4234.58,14859.27,28295.219999999998,0.0,43154.490000000005,1028.6150775,6394.520044999999,,7423.1351225,0.0,2210.0,,2210.0,5427.989999999999,12612.240000000002,,18040.230000000003,6456.61,21216.770000000004,,27673.379999999994,43.451730805079926,74.98358379966655,,64.1263052813276,2455.7799999999997,8387.25,0.0,10843.03,8335.74,7423.84,0.0,15759.58,,,,,,,0.0,0.0,0.0,,,,,0.0,0.0,43154.49,0.0,0.0,,0.0,,0.0,,,,,,,,43154.49,0.0
480,ODISHA,KORAPUT,,1612.9389331925006,1511.7071117619723,0.0,1519.3666737595029,45444.0,555162.0,0.0,600606.0,255565.0,856171.0,3990.9700000000007,41207.69,0.0,45198.66,892.59,,0.0,892.59,4638.208500689095,0.0,0.0,4638.219999999999,309.94000000000005,1968.6799999999998,0.0,2278.62,153.05,1872.1899999999998,0.0,2025.2399999999998,45.888,1059.048,0.0,1104.936,,,,,,,,,10030.67,46107.64000000001,0.0,56138.31000000001,,,,,,,,,,,,0.0,,,,0.0,0.0,0.0,0.0,0.0,0.0,0.0,0.0,0.0,0.0,0.0,0.0,0.0,0.0,0.0,0.0,0.0,10030.67,46107.64000000001,0.0,56138.31000000001,1003.0799999999999,3597.0700000000006,0.0,4600.14,9027.59,42510.57,0.0,51538.16,588.5533202500001,4075.5175474999996,,4664.07086775,254.15,490.61999999999995,,744.7700000000001,1126.01,7288.79,,8414.800000000001,1968.73,11854.919999999998,,13823.650000000001,21.807924374057748,27.886993752377347,,26.822164392364805,712.27,5092.609999999999,0.0,5804.879999999999,6935.14,29638.559999999994,0.0,36573.7,,,,,,,0.0,0.0,0.0,,,,,0.0,0.0,51538.16,0.0,0.0,,0.0,,0.0,,,,,,,,51538.16,0.0
481,ODISHA,MALKANGIRI,,1348.5314086733927,1493.3699754043453,0.0,1476.3907035325199,39846.0,300053.0,0.0,339899.0,185047.0,524946.0,2659.44,25028.98,0.0,27688.420000000002,1765.7400000000002,,0.0,1765.7400000000002,4231.920237002994,0.0,0.0,4231.93,143.58,1199.49,0.0,1343.07,59.97999999999999,1736.27,0.0,1796.25,2.8800000000000003,13.5,0.0,16.38,,,,,,,,,8863.55,27978.24,0.0,36841.79,,,,,,,,,,,,0.0,,,,0.0,0.0,0.0,0.0,0.0,0.0,0.0,0.0,0.0,0.0,0.0,0.0,0.0,0.0,0.0,0.0,0.0,8863.55,27978.24,0.0,36841.79,773.6299999999999,2279.6500000000005,0.0,3053.27,8089.92,25698.589999999997,0.0,33788.51,214.15499,1952.4116450000001,,2166.566635,0.0,0.0,,0.0,1032.26,3926.860000000001,,4959.120000000001,1246.4199999999998,5879.259999999999,,7125.679999999999,15.407074482813176,22.877753215254224,,21.089062524509067,273.76,2515.1499999999996,0.0,2788.9100000000003,6783.89,19256.59,0.0,26040.48,,,,,,,0.0,0.0,0.0,,,,,0.0,0.0,33788.51,0.0,0.0,,0.0,,0.0,,,,,,,,33788.51,0.0
482,ODISHA,MAYURBHANJ,,1601.7830410234237,1518.7643447628463,0.0,1522.6781930802288,39319.0,794697.0,0.0,834016.0,218556.0,1052572.0,5168.559999999999,95699.33,0.0,100867.89,4092.3599999999997,,0.0,4092.3599999999997,14315.085,0.0,0.0,14315.07,3070.7499999999995,20251.210000000003,0.0,23321.959999999995,164.32,3154.37,0.0,3318.6899999999996,43.2,872.1740000000001,0.0,915.3739999999999,,,,,,,,,26854.260000000002,119977.08,0.0,146831.34,,,,,,,,,,,,0.0,,,,0.0,0.0,0.0,0.0,0.0,0.0,0.0,0.0,0.0,0.0,0.0,0.0,0.0,0.0,0.0,0.0,0.0,26854.260000000002,119977.08,0.0,146831.34,2685.48,8362.19,0.0,11047.66,24168.78,111614.88999999998,0.0,135783.67,329.991025,7776.698394999999,,8106.68942,0.0,300.56,,300.56,6885.52,46655.11,,53540.63,7215.51,54732.35999999999,,61947.88000000001,29.8546720190262,49.036790700595596,,45.62248170196019,377.62,9208.32,0.0,9585.94,16905.64,55450.92999999999,0.0,72356.56999999999,,,,,,,0.0,0.0,0.0,,,,,0.0,0.0,135783.66999999998,0.0,0.0,,0.0,,0.0,,,,,,,,135783.66999999998,0.0
483,ODISHA,NABARANGAPUR,,1405.76,1572.1373965229131,0.0,1570.8143814363546,4250.0,530214.0,0.0,534464.0,31117.0,565581.0,382.36,51503.950000000004,0.0,51886.310000000005,209.08,,0.0,209.08,1255.5489295037669,0.0,0.0,1255.54,76.84,4603.87,0.0,4680.71,6.53,1155.93,0.0,1162.46,3.99,527.324,0.0,531.314,,,,,,,,,1934.34,57791.07000000001,0.0,59725.41,,,,,,,,,,,,0.0,,,,0.0,0.0,0.0,0.0,0.0,0.0,0.0,0.0,0.0,0.0,0.0,0.0,0.0,0.0,0.0,0.0,0.0,1934.34,57791.07000000001,0.0,59725.41,193.43,5263.11,0.0,5456.54,1740.9099999999999,52527.95999999999,0.0,54268.869999999995,200.30670750000002,3816.9995449999997,,4017.3062524999996,17.68,207.73999999999998,,225.42,250.79000000000002,16541.760000000002,,16792.550000000003,468.77,20566.52,,21035.29,26.926722231476642,39.15347178911956,,38.761245627557756,244.55,4697.7,0.0,4942.25,1227.9,31080.729999999996,0.0,32308.629999999997,,,,,,,0.0,0.0,0.0,,,,,0.0,0.0,54268.869999999995,0.0,0.0,,0.0,,0.0,,,,,,,,54268.869999999995,0.0
484,ODISHA,NAYAGARH,,1360.8275686122922,1411.6697928863784,0.0,1409.6293603133668,10348.0,247497.0,0.0,257845.0,133196.0,391041.0,1126.54,25053.22,0.0,26179.760000000002,538.22,,,538.22,3860.8991313720617,0.0,0.0,3860.89,936.24,4759.210000000001,0.0,5695.45,81.96000000000001,1525.6499999999999,0.0,1607.61,17.174,324.22200000000004,0.0,341.396,,,,,,,,,6561.030000000001,31662.309999999998,0.0,38223.34,,,,,,,,,,,,0.0,,,,0.0,0.0,0.0,0.0,0.0,0.0,0.0,0.0,0.0,0.0,0.0,0.0,0.0,0.0,0.0,0.0,0.0,6561.030000000001,31662.309999999998,0.0,38223.34,656.09,2124.84,0.0,2780.92,5904.9400000000005,29537.47,0.0,35442.41,488.35923249999996,3029.649285,,3518.0085174999995,0.0,53.04,,53.04,2128.35,11403.21,,13531.56,2616.7200000000003,14485.89,,17102.61,44.314082784922455,49.04241967913975,,48.25464746895033,1286.3799999999999,80989.78000000001,0.0,82276.16,3282.37,14857.11,0.0,18139.48,,,,,,,0.0,0.0,0.0,,,,,0.0,0.0,35442.409999999996,0.0,0.0,,0.0,,0.0,,,,,,,,35442.409999999996,0.0
485,ODISHA,NUAPADA,,1088.5506007687718,1124.044630994585,0.0,1120.5703366482433,30178.0,278126.0,0.0,308304.0,77004.0,385308.0,1817.4600000000003,21632.22,0.0,23449.68,1157.3999999999999,,0.0,1157.3999999999999,2195.9369076482544,0.0,0.0,2195.94,723.6400000000001,4688.92,0.0,5412.56,118.24000000000001,867.23,0.0,985.47,63.245999999999995,236.33999999999997,0.0,299.586,,,,,,,,,6075.9400000000005,27424.730000000003,0.0,33500.67,,,,,,,,,,,,0.0,,,,0.0,0.0,0.0,0.0,0.0,0.0,0.0,0.0,0.0,0.0,0.0,0.0,0.0,0.0,0.0,0.0,0.0,6075.9400000000005,27424.730000000003,0.0,33500.67,607.5899999999999,2120.5699999999997,0.0,2728.1600000000003,5468.35,25304.16,0.0,30772.509999999995,375.45798,1609.20543,,1984.66341,48.620000000000005,90.60999999999999,,139.23,2610.8100000000004,15143.45,,17754.260000000002,3034.8900000000003,16843.25,,19878.14,55.499190797955514,66.56316589841354,,64.59707056720431,443.64,1916.0400000000002,0.0,2359.6800000000003,2365.2799999999997,8154.080000000001,0.0,10519.36,,,,,,,0.0,0.0,0.0,,,,,0.0,0.0,30772.510000000002,0.0,0.0,,0.0,,0.0,,,,,,,,30772.510000000002,0.0
486,ODISHA,PURI,,1556.0100956295817,1504.6178739119177,1503.2239497510186,1520.6241081005833,81983.0,123612.0,53016.0,258611.0,0.0,258611.0,15394.929999999998,21623.799999999996,9158.16,46176.89000000001,3712.94,,0.0,3712.94,10330.2,0.0,0.0,10330.2,5266.81,6733.359999999999,0.0,12000.17,941.3999999999999,1551.1999999999998,634.1500000000001,3126.7499999999995,377.28000000000003,113.802,6.664,497.746,,,,,,,,,36023.56,30022.160000000003,9798.99,75844.70999999999,,,,,,,,,,,,0.0,,,,0.0,0.0,0.0,0.0,0.0,0.0,0.0,0.0,0.0,0.0,0.0,0.0,0.0,0.0,0.0,0.0,0.0,36023.56,30022.160000000003,9798.99,75844.70999999999,3374.79,2130.9900000000002,824.3399999999999,6330.120000000001,32648.769999999997,27891.169999999995,8974.65,69514.59000000001,3190.3138900000004,1984.7699899999998,820.8218549999999,5995.905734999999,0.0,0.0,0.0,0.0,12130.300000000001,15899.130000000003,787.9099999999999,28817.34,15320.61,17883.86,1608.7199999999998,34813.18,46.925535020155436,64.1201498538785,17.92515585566011,54.847196743174834,4046.5900000000006,2269.0699999999997,930.23,6315.66,17116.670000000002,9723.019999999999,7256.52,26839.690000000002,,,,,,,0.0,0.0,0.0,,,,,0.0,0.0,60539.93999999999,8974.65,0.0,,0.0,,0.0,,,,,,,,60539.93999999999,8974.65
487,ODISHA,RAYAGADA,,1190.6238767650837,1340.945092304507,0.0,1337.425426930402,8569.0,357404.0,0.0,365973.0,362225.0,728198.0,652.97,27249.46,0.0,27902.430000000004,403.4500000000001,,0.0,403.4500000000001,1594.683889565264,0.0,0.0,1594.6799999999998,182.0,2486.0,0.0,2668.0,0.4,2390.4099999999994,0.0,2390.8099999999995,0.0,130.63400000000001,0.0,130.63400000000001,,,,,,,,,2833.4999999999995,32256.5,0.0,35090.0,,,,,,,,,,,,0.0,,,,0.0,0.0,0.0,0.0,0.0,0.0,0.0,0.0,0.0,0.0,0.0,0.0,0.0,0.0,0.0,0.0,0.0,2833.4999999999995,32256.5,0.0,35090.0,283.35,2612.25,0.0,2895.6,2550.15,29644.25,0.0,32194.399999999998,57.574369999999995,3064.6929714999997,,3122.2673414999995,6.63,835.38,,842.0100000000001,854.3700000000001,7381.9299999999985,,8236.3,918.5800000000002,11281.999999999998,,12200.58,36.020626237672296,38.05797077004815,,37.896590711428075,70.44,3652.2,0.0,3722.6399999999994,1618.6999999999998,17774.739999999998,0.0,19393.44,,,,,,,0.0,0.0,0.0,,,,,0.0,0.0,32194.40000000001,0.0,0.0,,0.0,,0.0,,,,,,,,32194.40000000001,0.0
488,ODISHA,SAMBALPUR,,1453.123923325685,1420.3917922347437,0.0,1423.586611043711,55351.0,511741.0,0.0,567092.0,95188.0,662280.0,5123.92,40872.299999999996,0.0,45996.219999999994,1100.8000000000002,,0.0,1100.8000000000002,9287.54857774634,0.0,0.0,9287.55,654.6099999999999,6052.0599999999995,0.0,6706.669999999999,237.37999999999997,2069.87,0.0,2307.2500000000005,40.0,331.86400000000003,0.0,371.864,,,,,,,,,16444.26,49326.08999999999,0.0,65770.34999999999,,,,,,,,,,,,0.0,,,,0.0,0.0,0.0,0.0,0.0,0.0,0.0,0.0,0.0,0.0,0.0,0.0,0.0,0.0,0.0,0.0,0.0,16444.26,49326.08999999999,0.0,65770.34999999999,1644.44,3947.52,0.0,5591.960000000001,14799.82,45378.56999999999,0.0,60178.39000000001,387.6520825,2912.9653915000004,,3300.617474,393.38,800.02,,1193.4,1609.66,15155.66,,16765.32,2390.6899999999996,18868.640000000003,,21259.33,16.153507272385742,41.580508156162715,,35.32718306355488,431.82000000000005,3325.9699999999993,0.0,3757.79,12364.960000000001,26096.92,0.0,38461.88,,,,,,,0.0,0.0,0.0,,,,,0.0,0.0,60178.39,0.0,0.0,,0.0,,0.0,,,,,,,,60178.39,0.0
489,ODISHA,SUBARNAPUR,,1284.5654554728862,1351.7417792706665,0.0,1335.2836465219302,56853.0,175201.0,0.0,232054.0,4655.0,236709.0,4146.5599999999995,15271.970000000001,0.0,19418.53,654.3100000000001,,0.0,654.3100000000001,3117.787292655496,0.0,0.0,3117.78,506.24999999999994,2965.22,0.0,3471.4700000000003,323.06999999999994,879.41,0.0,1202.48,12.978000000000002,190.114,0.0,203.09199999999998,,,,,,,,,8760.95,19306.719999999998,0.0,28067.67,,,,,,,,,,,,0.0,,,,0.0,0.0,0.0,0.0,0.0,0.0,0.0,0.0,0.0,0.0,0.0,0.0,0.0,0.0,0.0,0.0,0.0,8760.95,19306.719999999998,0.0,28067.67,781.97,1467.0600000000002,0.0,2249.0299999999997,7978.98,17839.66,0.0,25818.640000000003,740.0880525,1212.681475,,1952.7695274999999,0.0,88.39999999999999,,88.39999999999999,1712.5900000000001,9906.580000000002,,11619.17,2452.66,11207.66,,13660.32,30.739016766554123,62.82440360410456,,52.908751196809746,828.95,1414.7,0.0,2243.65,5437.45,6518.16,0.0,11955.61,,,,,,,0.0,0.0,0.0,,,,,0.0,0.0,25818.64,0.0,0.0,,0.0,,0.0,,,,,,,,25818.64,0.0
490,ODISHA,SUNDARGARH,,1191.1894365616236,1281.251407056937,0.0,1279.9205923217953,12122.0,808226.0,0.0,820348.0,154721.0,975069.0,1085.02,70274.45000000001,0.0,71359.47,400.97,,0.0,400.97,3124.9086748400678,0.0,0.0,3124.91,0.0,8285.25,0.0,8285.25,116.03,4272.9800000000005,0.0,4389.009999999999,0.794,605.8799999999999,0.0,606.6739999999999,,,,,,,,,4727.73,83438.55999999998,0.0,88166.29,,,,,,,,,,,,0.0,,,,0.0,0.0,0.0,0.0,0.0,0.0,0.0,0.0,0.0,0.0,0.0,0.0,0.0,0.0,0.0,0.0,0.0,4727.73,83438.55999999998,0.0,88166.29,472.77,5941.14,0.0,6413.900000000001,4254.96,77497.42,0.0,81752.38,63.63227499999999,6348.978830749999,,6412.611105749999,0.0,2612.2200000000003,,2612.2200000000003,1626.1100000000001,27054.46,,28680.569999999996,1689.74,36015.64,,37705.38,39.7122417132006,46.4733406608891,,46.12144625024983,75.82,8067.92,0.0,8143.74,2553.0299999999997,39762.850000000006,0.0,42315.880000000005,,,,,,,0.0,0.0,0.0,,,,,0.0,0.0,81752.38,0.0,0.0,,0.0,,0.0,,,,,,,,81752.38,0.0
491,PUDUCHERRY,KARAIKAL,,0.0,1261.0,0.0,779.940248447205,0.0,9958.0,6142.0,16100.0,0.0,16100.0,0.0,1421.84,0.0,1421.84,2163.1000000000004,,,2163.1000000000004,0.0,0.0,0.0,0.0,0.0,0.0,0.0,0.0,0.0,419.07000000000005,,419.07000000000005,,420.0,,420.0,,,,,,,,,2163.1000000000004,2260.91,0.0,4424.01,,,,,,,,,,,,0.0,,,,0.0,,,,,,,,,,,,,,,,0.0,2163.1000000000004,2260.91,0.0,4424.01,216.32,226.09000000000003,0.0,442.41999999999996,1946.7800000000002,2034.82,0.0,3981.5999999999995,,946.8777074999999,0.0,946.8777074999999,,17.58,0.0,17.58,,528.78,0.0,528.78,,1493.24,0.0,1493.24,,73.38437797937901,0.0,37.50351617440226,0.0,1154.5700000000002,0.0,1154.5700000000002,1946.78,333.89,0.0,2280.67,,,,,,,,,,,,,,0.0,0.0,3981.6000000000004,0.0,0.0,,0.0,,0.0,,,,,,,,3981.6000000000004,0.0
492,PUDUCHERRY,PUDUCHERRY,,0.0,1579.208609271523,0.0,1481.1211180124224,0.0,30200.0,2000.0,32200.0,0.0,32200.0,0.0,5161.2,0.0,5161.2,122.28999999999999,,,122.28999999999999,0.0,0.0,0.0,0.0,0.0,6199.639999999999,0.0,6199.639999999999,0.0,2278.62,0.0,2278.62,0.0,910.0,0.0,910.0,,,,,,,,,122.28999999999999,14549.46,0.0,14671.750000000002,,,,,,,,,,,,0.0,,,,0.0,,,,,,,,,,,,,,,,0.0,122.28999999999999,14549.46,0.0,14671.750000000002,12.24,1201.49,0.0,1213.73,110.05000000000001,13347.970000000001,0.0,13458.02,,4322.423805,0.0,4322.423805,,547.2,0.0,547.2,,6888.5,0.0,6888.5,,11758.13,0.0,11758.13,,88.08927499837053,0.0,87.36894431721754,0.0,5498.94,0.0,5498.94,110.05000000000001,1048.8700000000001,0.0,1158.92,,,,,,,,,,,,,,0.0,0.0,13458.02,0.0,0.0,,0.0,,0.0,,,,,,,,13458.02,0.0
493,PUNJAB,Amritsar,,646.2683642205948,0.0,0.0,646.2683642205948,267640.0,0.0,0.0,267640.0,0.0,267640.0,34775.22,0.0,0.0,34775.22,41640.07,,,41640.07,10424.669394758157,0.0,0.0,10424.66,52241.89000000001,0.0,0.0,52241.89000000001,279.51000000000005,,,279.51000000000005,,,,,0.04161000000000001,0.0,0.0,0.04161000000000001,0.0,0.0,0.0,0.0,139361.38999999998,0.0,0.0,139361.38999999998,-356.79,,,-356.79,,,,,,,,0.0,,,,0.0,0.0,0.0,0.0,0.0,0.0,0.0,0.0,0.0,0.0,0.0,0.0,0.0,-356.79,0.0,0.0,-356.79,139004.59999999998,0.0,0.0,139004.59999999998,13936.160000000002,0.0,0.0,13936.160000000002,124711.65000000001,0.0,0.0,124711.65000000001,9661.171859999999,,,9661.171859999999,1288.1268,,,1288.1268,188994.66999999998,,,188994.66999999998,199943.97999999998,,,199943.97999999998,160.3250217601964,,,160.3250217601964,9975.53,0.0,0.0,9975.53,0.0,0.0,0.0,0.0,,,,,,,44.362590000000004,72.94699999999999,0.0,,,,,0.0,0.0,124711.65,0.0,28642.9,,8092502.800000001,,8121145.679999999,,,,,,,,124711.65,0.0
494,PUNJAB,Barnala,,518.5023357368447,0.0,0.0,517.9651226813683,141154.6,0.0,146.4,141301.0,0.0,141301.0,14096.21,0.0,0.0,14096.21,23528.280000000002,,,23528.280000000002,3442.9463985089087,0.0,0.0,3442.95,13110.53,0.0,0.0,13110.53,147.61,,,147.61,,,,,,,,,,,,,54325.57,0.0,0.0,54325.57,,,,,,,,,,,,0.0,,,,0.0,0.0,0.0,0.0,0.0,0.0,0.0,0.0,0.0,0.0,0.0,0.0,0.0,0.0,0.0,0.0,0.0,54325.57,0.0,0.0,54325.57,5432.56,0.0,0.0,5432.56,48893.01,0.0,0.0,48893.01,2521.7484999999997,,0.0,2521.7484999999997,43.92,,0.0,43.92,104683.61000000002,,0.0,104683.61000000002,107249.28,,0.0,107249.28,219.35503664020683,,0.0,219.35503664020683,2603.81,0.0,0.0,2603.81,0.0,0.0,0.0,0.0,,,,,,,0.0,0.0,0.0,,,,,0.0,0.0,48893.01,0.0,39378.84,,4500694.78,,4540073.62,,,,,,,,48893.01,0.0
495,PUNJAB,Bathinda,,377.01667623566084,0.0,399.8210371399985,377.9346608421452,323841.07,0.0,13582.93,337424.0,0.0,337424.0,22504.449999999997,0.0,973.62,23478.070000000007,29049.800000000003,,38.36,29088.159999999996,41711.095463680176,0.0,8352.63567990223,50063.72,43349.78,0.0,4942.17,48291.950000000004,345.23,,,345.23,,,,,,,,,,,,,136960.35,0.0,14306.779999999999,151267.13,,,,,,,,,,,,0.0,,,,0.0,0.0,0.0,0.0,0.0,0.0,0.0,0.0,0.0,0.0,0.0,0.0,0.0,0.0,0.0,0.0,0.0,136960.35,0.0,14306.779999999999,151267.13,13696.039999999997,0.0,1430.6799999999998,15126.720000000001,123264.31,0.0,12876.099999999999,136140.41,2487.948989,,0.0,2487.948989,347.57,,0.0,347.57,154989.72,,10545.640000000001,165535.36000000002,157825.23,,10545.64,168370.86999999997,128.03805902941411,,81.90088613788336,128.0380590294141,2568.9,0.0,0.0,2568.9,15825.45,0.0,2601.94,15825.45,,,,,,,178.76916,0.0,0.0,,,,,0.0,0.0,123264.31,12876.099999999999,23437.24,,13107642.23,,13131079.459999999,,,,,,,,123264.31,12876.099999999999
496,PUNJAB,Faridkot,,398.3429039499004,0.0,400.0203777811239,398.97165273242183,92275.49,0.0,55322.509999999995,147598.0,0.0,147598.0,6085.24,0.0,4333.24,10418.480000000001,7916.5,,3226.87,11143.37,15723.417203668585,0.0,15723.417203668585,31446.819999999996,17004.190000000002,0.0,9729.96,26734.15,93.28,,,93.28,,,,,,,,,,,,,46822.619999999995,0.0,33013.48,79836.1,,,,,,,,,,,,0.0,,,,0.0,0.0,0.0,0.0,0.0,0.0,0.0,0.0,0.0,0.0,0.0,0.0,0.0,0.0,0.0,0.0,0.0,46822.619999999995,0.0,33013.48,79836.1,3775.94,0.0,2252.52,6028.46,43046.68,0.0,30760.96,73807.64,966.4981,,0.0,966.4981,66.3,,0.0,66.3,50285.47,,28356.769999999997,78642.23999999999,51318.270000000004,,28356.77,79675.04,119.21539593761936,,92.18428163490347,119.21539593761932,997.95,0.0,0.0,997.95,1157.49,0.0,2609.8599999999997,1157.49,,,,,,,4772.444845000001,0.0,0.0,,,,,0.0,0.0,43046.68,30760.96,13053.22,,5970195.52,,5983248.76,,,,,,,,43046.68,30760.96
497,PUNJAB,Fatehgarh Sahib,,685.0991369500902,0.0,0.0,685.0991369500902,114246.0,0.0,0.0,114246.0,0.0,114246.0,16196.41,0.0,0.0,16196.41,12615.599999999999,,,12615.599999999999,2211.889885151269,0.0,0.0,2211.8900000000003,8576.19,0.0,0.0,8576.19,129.9,,,129.9,,,,,,,,,,,,,39729.98999999999,0.0,0.0,39729.98999999999,,,,,,,,,,,,0.0,,,,0.0,0.0,0.0,0.0,0.0,0.0,0.0,0.0,0.0,0.0,0.0,0.0,0.0,0.0,0.0,0.0,0.0,39729.98999999999,0.0,0.0,39729.98999999999,3973.0000000000005,0.0,0.0,3973.0000000000005,35756.99,0.0,0.0,35756.99,2536.62225,,,2536.62225,2595.89,,,2595.89,59992.869999999995,,,59992.869999999995,65125.369999999995,,,65125.369999999995,182.13325562358577,,,182.13325562358577,2619.16,0.0,0.0,2619.16,0.0,0.0,0.0,0.0,,,,,,,0.32922,0.0,0.0,,,,,0.0,0.0,35756.99,0.0,25082.4,,3824648.1899999995,,3849730.6100000003,,,,,,,,35756.99,0.0
498,PUNJAB,Fazilka,,365.56864598855225,0.0,370.95633470565053,369.07376785883764,95725.04000000001,0.0,178228.96,273954.0,0.0,273954.0,6694.65,0.0,11968.36,18663.010000000002,29071.02,,7981.429999999999,37052.450000000004,22880.839681215188,0.0,22880.830864999694,45761.689999999995,14655.240000000002,0.0,10963.61,25618.85,238.95000000000002,,,238.95000000000002,,,,,,,,,,,,,73540.71,0.0,53794.24,127334.95000000001,,,,,,,,,,,,0.0,,,,0.0,0.0,0.0,0.0,0.0,0.0,0.0,0.0,0.0,0.0,0.0,0.0,0.0,0.0,0.0,0.0,0.0,73540.71,0.0,53794.24,127334.95000000001,7354.08,0.0,5379.44,12733.5,66186.63,0.0,48414.799999999996,114601.43,1861.037034,,0.0,1861.037034,44.16,,0.0,44.16,41235.94,,30783.0,72018.94,43141.14,,30783.0,73924.14,65.18104940529528,,63.58179730165156,65.18104940529528,1921.6000000000001,0.0,0.0,1921.6000000000001,28856.59,0.0,22841.9,28856.59,,,,,,,52758.834504,307.23090999999994,0.0,,,,,0.0,0.0,66186.62999999999,48414.799999999996,10842.139999999998,,9694905.26,,9705747.41,,,,,,,,66186.62999999999,48414.799999999996
499,PUNJAB,Firozpur,,431.20032661671024,0.0,400.77254880386386,428.6978126872869,231231.28000000003,0.0,20721.719999999998,251953.0,0.0,251953.0,18750.629999999997,0.0,1659.7400000000002,20410.370000000003,55976.6,,1637.1399999999999,57613.74,17604.253750764154,0.0,14404.73877071332,32009.01,44246.82,0.0,8951.86,53198.68,137.01,,,137.01,,,,,,,,,,,,,136715.33,0.0,26653.479999999996,163368.81,1242.48,,,1242.48,,,,,,,,0.0,,,,0.0,0.0,0.0,0.0,0.0,0.0,0.0,0.0,0.0,0.0,0.0,0.0,0.0,1242.48,0.0,0.0,1242.48,137957.81,0.0,26653.479999999996,164611.29,13671.529999999999,0.0,2665.36,16336.880000000001,125528.76000000001,0.0,23988.120000000003,149516.88,3489.3342999999995,,0.0,3489.3342999999995,137.73,,0.0,137.73,133024.91,,20746.48,153771.39,136651.96,,20746.48,157398.44,108.86107693567592,,86.4864774730158,108.86107693567592,3602.87,0.0,0.0,3602.87,12315.800000000001,0.0,3241.64,12315.800000000001,,,,,,,799.77449,2.352,0.0,,,,,0.0,0.0,125528.76,23988.120000000003,23346.55,,9110339.34,,9133685.899999999,,,,,,,,125528.76,23988.120000000003
500,PUNJAB,Gurdaspur,,819.7245864014536,0.0,0.0,819.7245864014536,261425.0,0.0,0.0,261425.0,0.0,261425.0,42808.89,0.0,0.0,42808.89,50006.65000000001,,0.0,50006.65000000001,8178.499407112859,0.0,0.0,8178.51,54500.10999999999,0.0,0.0,54500.10999999999,295.29,,,295.29,,,,,,,,,,,,,155789.45000000004,0.0,0.0,155789.45000000004,-1722.3700000000001,,,-1722.3700000000001,,,,,,,,0.0,,,,0.0,0.0,0.0,0.0,0.0,0.0,0.0,0.0,0.0,0.0,0.0,0.0,0.0,-1722.3700000000001,0.0,0.0,-1722.3700000000001,154067.08000000005,0.0,0.0,154067.08000000005,15578.92,0.0,0.0,15578.92,136765.78999999998,0.0,0.0,136765.78999999998,7088.2927,,,7088.2927,119.18,,,119.18,158465.08,,,158465.08,165672.55,,,165672.55,121.13595804915835,,,121.13595804915835,7318.950000000001,0.0,0.0,7318.950000000001,5056.75,0.0,0.0,5056.75,,,,,,,3995.97126,53.374999999999986,0.0,,,,,0.0,0.0,136765.78999999998,0.0,31075.0,,9136126.55,,9167201.51,,,,,,,,136765.78999999998,0.0
501,PUNJAB,Hoshiarpur,,840.1326828370504,0.0,0.0,840.1326828370504,336871.0,0.0,0.0,336871.0,0.0,336871.0,54348.59,0.0,0.0,54348.59,2271.4700000000003,,0.0,2271.4700000000003,7896.6322274048325,0.0,0.0,7896.65,21350.43,0.0,0.0,21350.43,207.26999999999998,,,207.26999999999998,1103.774,4791.304,,5895.078,,,,,,,,,87178.18999999999,4791.300000000001,0.0,91969.49,-1489.68,,,-1489.68,,,,,,,,0.0,,,,0.0,0.0,0.0,0.0,0.0,0.0,0.0,0.0,0.0,0.0,0.0,0.0,0.0,-1489.68,0.0,0.0,-1489.68,85688.51,4791.300000000001,0.0,90479.81000000001,8098.160000000001,479.14000000000004,0.0,8577.3,76100.66999999998,4312.16,0.0,80412.83000000002,6693.676599999999,,,6693.676599999999,131.54,,,131.54,93537.38411,,,93537.38411,100362.62,,,100362.62,131.88138816649052,,,124.80921265922362,6911.48,0.0,0.0,6911.48,4168.79,4312.16,0.0,8480.95,,,,,,,722.9042450000002,0.0,0.0,,,,,0.0,0.0,80412.82999999999,0.0,97457.65999999999,,12144639.680000002,,12242097.329999998,,,,,,,,80412.82999999999,0.0
502,PUNJAB,Jalandhar,,625.0923083357732,0.0,0.0,625.0923083357732,262999.0,0.0,0.0,262999.0,0.0,262999.0,33152.170000000006,0.0,0.0,33152.170000000006,19025.100000000002,,,19025.100000000002,4838.934994241041,0.0,0.0,4838.9400000000005,38551.32000000001,0.0,0.0,38551.32000000001,211.54999999999998,,,211.54999999999998,,,,,0.0,0.0,0.0,0.0,0.0,0.0,0.0,0.0,95779.07999999999,0.0,0.0,95779.07999999999,-2.2399999999999984,,,-2.2399999999999984,,,,,,,,0.0,,,,0.0,0.0,0.0,0.0,0.0,0.0,0.0,0.0,0.0,0.0,0.0,0.0,0.0,-2.2399999999999984,0.0,0.0,-2.2399999999999984,95776.83999999998,0.0,0.0,95776.83999999998,9577.91,0.0,0.0,9577.91,86196.69,0.0,0.0,86196.69,16251.806405,,,16251.806405,2749.7155,,,2749.7155,223357.63279999996,,,223357.63279999996,242359.13,,,242359.13,281.16988018913486,,,281.16988018913486,16780.63,0.0,0.0,16780.63,0.0,0.0,0.0,0.0,,,,,,,0.05364,17.6498,0.0,,,,,0.0,0.0,86196.68999999999,0.0,36514.409999999996,,8274308.54,,8310822.9399999995,,,,,,,,86196.68999999999,0.0
503,PUNJAB,Kapurthala,,620.4522854950116,0.0,0.0,620.4522854950116,162875.0,0.0,0.0,162875.0,0.0,162875.0,20788.59,0.0,0.0,20788.59,4184.5199999999995,,,4184.5199999999995,5342.93530144396,0.0,0.0,5342.93,32043.22,0.0,0.0,32043.22,93.34,,,93.34,,,,,,,,,,,,,62452.600000000006,0.0,0.0,62452.600000000006,213.20000000000005,,,213.20000000000005,,,,,,,,0.0,,,,0.0,0.0,0.0,0.0,0.0,0.0,0.0,0.0,0.0,0.0,0.0,0.0,0.0,213.20000000000005,0.0,0.0,213.20000000000005,62665.8,0.0,0.0,62665.8,6245.26,0.0,0.0,6245.26,56633.74,0.0,0.0,56633.74,3457.9443,,,3457.9443,2499.4,,,2499.4,131638.88999999998,,,131638.88999999998,137596.22999999998,,,137596.22999999998,242.95804938893312,,,242.95804938893312,3570.47,0.0,0.0,3570.47,0.0,0.0,0.0,0.0,,,,,,,0.0,54.6,0.0,,,,,0.0,0.0,56633.74,0.0,27919.4,,5519471.68,,5547391.1,,,,,,,,56633.74,0.0
504,PUNJAB,Ludhiana,,581.0825404960684,0.0,0.0,581.0825404960684,370715.0,0.0,0.0,370715.0,0.0,370715.0,41144.49999999999,0.0,0.0,41144.49999999999,50272.62999999999,,0.0,50272.62999999999,4777.263268011622,0.0,0.0,4777.2699999999995,39723.25,0.0,0.0,39723.25,430.47999999999996,,,430.47999999999996,,,,,0.0,0.0,0.0,0.0,0.0,0.0,0.0,0.0,136348.13,0.0,0.0,136348.13,141.54,,,141.54,,,,,,,,0.0,,,,0.0,0.0,0.0,0.0,0.0,0.0,0.0,0.0,0.0,0.0,0.0,0.0,0.0,141.54,0.0,0.0,141.54,136489.67,0.0,0.0,136489.67,13265.810000000001,0.0,0.0,13265.810000000001,123365.40000000001,0.0,0.0,123365.40000000001,20180.496315,,,20180.496315,7247.08,,,7247.08,212709.16000000003,,,212709.16000000003,240136.75,,,240136.75,194.6548627086687,,,194.6548627086687,20837.16,0.0,0.0,20837.16,0.0,0.0,0.0,0.0,,,,,,,121.30743,0.0,0.0,,,,,0.0,0.0,123365.40000000001,0.0,70041.9,,11948506.989999998,,12018548.89,,,,,,,,123365.40000000001,0.0
505,PUNJAB,Malerkotla,,570.2195923734386,0.0,0.0,570.2195923734386,74529.0,0.0,0.0,74529.0,0.0,74529.0,8764.68,0.0,0.0,8764.68,4459.7,,,4459.7,1333.5513996247655,0.0,0.0,1333.55,6992.87,0.0,0.0,6992.87,42.28,,,42.28,,,,,,,,,,,,,21593.08,0.0,0.0,21593.08,,,,,,,,,,,,0.0,,,,0.0,0.0,0.0,0.0,0.0,0.0,0.0,0.0,0.0,0.0,0.0,0.0,0.0,0.0,0.0,0.0,0.0,21593.08,0.0,0.0,21593.08,2159.31,0.0,0.0,2159.31,19433.769999999997,0.0,0.0,19433.769999999997,2003.2039499999998,,,2003.2039499999998,541.2,,,541.2,56132.45,,,56132.45,58676.84,,,58676.84,301.93235795216265,,,301.93235795216265,2068.39,0.0,0.0,2068.39,0.0,0.0,0.0,0.0,,,,,,,0.0,0.0,0.0,,,,,0.0,0.0,19433.77,0.0,20584.71,,2402721.83,,2423306.55,,,,,,,,19433.77,0.0
506,PUNJAB,Mansa,,404.58046688211215,0.0,404.31072294114307,404.5459462699781,189108.97999999998,0.0,27753.02,216862.0,0.0,216862.0,14377.77,0.0,2017.4299999999998,16395.2,11472.11,,2346.46,13818.57,24361.509600862068,0.0,22836.686339593103,47198.16,29183.910000000003,0.0,13749.04,42932.95,435.87,,,435.87,,,,,,,,,,,,,79831.15,0.0,40949.6,120780.75,,,,,,,,,,,,0.0,,,,0.0,0.0,0.0,0.0,0.0,0.0,0.0,0.0,0.0,0.0,0.0,0.0,0.0,0.0,0.0,0.0,0.0,79831.15,0.0,40949.6,120780.75,7983.12,0.0,4094.96,12078.08,71848.03,0.0,36854.64,108702.66999999998,283.99737500000003,,0.0,283.99737500000003,54.440000000000005,,0.0,54.440000000000005,77767.09,,34367.399999999994,112134.48999999999,78105.53,,34367.399999999994,112472.93,108.70935500945538,,93.25121612909525,108.7093550094554,293.23,0.0,0.0,293.23,6849.35,0.0,3911.0600000000004,6849.35,,,,,,,790.5852856306562,0.0,0.0,,,,,0.0,0.0,71848.03,36854.64,13327.27,,7763997.6,,7777324.869999999,,,,,,,,71848.03,36854.64
507,PUNJAB,Moga,,454.25174812636715,0.0,0.0,454.25174812636715,223096.0,0.0,0.0,223096.0,0.0,223096.0,20098.9,0.0,0.0,20098.9,27253.32,,147.22,27400.54,8841.167775058937,0.0,0.0,8841.18,21531.8,0.0,0.0,21531.8,191.66,,,191.66,,,,,,,,,,,,,77916.85999999999,0.0,147.22,78064.07999999999,-26.16,,,-26.16,,,,,,,,0.0,,,,0.0,0.0,0.0,0.0,0.0,0.0,0.0,0.0,0.0,0.0,0.0,0.0,0.0,-26.16,0.0,0.0,-26.16,77890.69999999998,0.0,147.22,78037.91999999998,7791.68,0.0,14.719999999999999,7806.4,70072.85999999999,0.0,132.5,70205.35999999999,2761.2631425,,,2761.2631425,122.32,,,122.32,160446.0,,,160446.0,163329.58999999997,,,163329.58999999997,233.08537713459964,,,233.08537713459964,2851.11,0.0,0.0,2851.11,0.0,0.0,132.5,0.0,,,,,,,0.0,1.1326,0.0,,,,,0.0,0.0,70072.85999999999,132.5,27359.13,,7281736.680000001,,7309095.81,,,,,,,,70072.85999999999,132.5
508,PUNJAB,Muktsar,,393.94236724023654,0.0,395.6987775766369,394.3653787752251,199984.35,0.0,63443.65,263428.0,0.0,263428.0,13941.03,0.0,4418.42,18359.45,46883.58,,3542.8399999999997,50426.42,31968.135688144517,0.0,31968.364785763624,63936.509999999995,12845.390000000001,0.0,20924.72,33770.11,210.58,,,210.58,,,,,,,,,,,,,105848.70999999999,0.0,60854.36,166703.07,,,,,,,,,,,,0.0,,,,0.0,0.0,0.0,0.0,0.0,0.0,0.0,0.0,0.0,0.0,0.0,0.0,0.0,0.0,0.0,0.0,0.0,105848.70999999999,0.0,60854.36,166703.07,9584.57,0.0,6085.44,15670.02,96264.14,0.0,54768.920000000006,151033.06,0.0,,0.0,0.0,73.15,,0.0,73.15,26700.53,,43860.090000000004,70560.62,26773.679999999997,,43860.090000000004,70633.77,27.812724447546096,,80.08207939831568,27.8127244475461,0.0,0.0,0.0,0.0,69490.46,0.0,11906.94,69490.46,,,,,,,65631.76765626443,9.408000000000001,0.0,,,,,0.0,0.0,96264.14,54768.920000000006,17610.48,,11775155.71,,11792766.19,,,,,,,,96264.14,54768.920000000006
509,PUNJAB,Pathankot,,1156.9724070850825,0.0,0.0,1156.9724070850825,78136.0,0.0,0.0,78136.0,16941.0,95077.0,15808.109999999999,0.0,0.0,15808.109999999999,17595.939999999995,,0.0,17595.939999999995,6692.04467305519,0.0,0.0,6692.030000000001,5075.24,0.0,0.0,5075.24,17.159999999999997,,,17.159999999999997,1028.4479999999999,1887.744,,2916.192,,,,,,,,,46216.939999999995,1887.74,0.0,48104.67999999999,,,,,,,,,,,,0.0,,,,0.0,0.0,0.0,0.0,0.0,0.0,0.0,0.0,0.0,0.0,0.0,0.0,0.0,0.0,0.0,0.0,0.0,46216.939999999995,1887.74,0.0,48104.67999999999,4621.7,188.78,0.0,4810.470000000001,41595.240000000005,1698.96,0.0,43294.200000000004,2853.0845499999996,,,2853.0845499999996,172.96000000000004,,,172.96000000000004,14747.46,,,14747.46,17773.519999999997,,,17773.519999999997,42.72969695570934,,,41.05288930156925,2945.9300000000003,0.0,0.0,2945.9300000000003,23728.870000000003,1698.96,0.0,25427.83,,,,,,,4169.698915000001,1.0499999999999998,0.0,,,,,0.0,0.0,43294.200000000004,0.0,17668.62,,4022078.34,,4039746.9499999997,,,,,,,,43294.200000000004,0.0
510,PUNJAB,Patiala,,667.659325991669,0.0,0.0,657.5518160176226,326823.26,0.0,5023.74,331847.0,0.0,331847.0,44976.26,0.0,0.0,44976.26,26590.61,,7.340000000000001,26597.949999999997,3475.6733005893143,0.0,876.1248324545779,4351.789999999999,24790.26,0.0,0.0,24790.26,358.19000000000005,,,358.19000000000005,,,,,,,,,,,,,100190.98999999999,0.0,883.46,101074.44999999998,,,,,,,,,,,,0.0,,,,0.0,0.0,0.0,0.0,0.0,0.0,0.0,0.0,0.0,0.0,0.0,0.0,0.0,0.0,0.0,0.0,0.0,100190.98999999999,0.0,883.46,101074.44999999998,9545.289999999999,0.0,88.34,9633.63,90645.7,0.0,795.12,91440.81999999999,8002.526449999999,,0.0,8002.526449999999,678.08913,,0.0,678.08913,180345.90623999998,,0.0,180345.90623999998,189026.55000000002,,0.0,189026.55000000002,208.53338878733356,,0.0,208.53338878733356,8262.910000000002,0.0,0.0,8262.910000000002,0.0,0.0,795.12,0.0,,,,,,,251.69808,17.01,0.0,,,,,0.0,0.0,90645.7,795.12,159026.05,,10787234.11,,10946260.14,,,,,,,,90645.7,795.12
511,PUNJAB,Rupnagar,,839.7394535535004,0.0,0.0,839.7394535535004,137653.0,0.0,0.0,137653.0,0.0,137653.0,23795.73,0.0,0.0,23795.73,4343.139999999999,,0.0,4343.139999999999,3006.6526897862354,0.0,0.0,3006.66,9075.46,0.0,0.0,9075.46,111.17,,,111.17,1.632,79.112,,80.744,,,,,,,,,40333.799999999996,79.12,0.0,40412.92,1485.7199999999998,,,1485.7199999999998,,,,,,,,0.0,,,,0.0,0.0,0.0,0.0,0.0,0.0,0.0,0.0,0.0,0.0,0.0,0.0,0.0,1485.7199999999998,0.0,0.0,1485.7199999999998,41819.52,79.12,0.0,41898.64,4033.38,7.92,0.0,4041.3,39271.86,71.2,0.0,39343.06,2889.8948,,,2889.8948,656.67,,,656.67,32962.6,,,32962.6,36509.16,,,36509.16,92.96519187020937,,,92.79695072015244,2983.9299999999994,0.0,0.0,2983.9299999999994,7651.92,71.2,0.0,7723.12,,,,,,,1101.92414,23.418499999999998,0.0,,,,,0.0,0.0,39343.06,0.0,14156.84,,5562919.9799999995,,5577076.83,,,,,,,,39343.06,0.0
512,PUNJAB,SAS Nagar,,743.7044887455573,0.0,0.0,743.4811387509943,109350.15,0.0,32.85,109383.0,0.0,109383.0,15834.57,0.0,0.0,15834.57,84.05,,0.0,84.05,1845.9,0.0,0.0,1845.9,3298.5299999999997,0.0,0.0,3298.5299999999997,74.19999999999999,,,74.19999999999999,1511.938,1.212,,1513.15,,,,,,,,,22649.190000000002,1.22,0.0,22650.410000000003,,,,,,,,,,,,0.0,,,,0.0,0.0,0.0,0.0,0.0,0.0,0.0,0.0,0.0,0.0,0.0,0.0,0.0,0.0,0.0,0.0,0.0,22649.190000000002,1.22,0.0,22650.410000000003,2264.92,0.12,0.0,2265.04,20384.270000000004,1.1,0.0,20385.370000000003,4170.4535,,0.0,4170.4535,3495.4799999999996,,0.0,3495.4799999999996,16165.280000000002,,0.0,16165.280000000002,23831.210000000003,,0.0,23831.210000000003,116.90980349063271,,0.0,116.90349500646786,4306.16,0.0,0.0,4306.16,888.0600000000001,1.1,0.0,889.1600000000001,,,,,,,0.01248,6.719999999999999,0.0,,,,,0.0,0.0,20385.37,0.0,19068.920000000002,,3811917.8100000005,,3830986.7299999995,,,,,,,,20385.37,0.0
513,PUNJAB,SBS Nagar,,760.162514509149,0.0,807.0,761.2923762116845,122922.44,0.0,3038.56,125961.0,0.0,125961.0,17682.32,0.0,506.75,18189.07,4672.99,,,4672.99,13840.789531598642,0.0,0.0,13840.79,15635.199999999997,0.0,115.95,15751.149999999998,122.25999999999999,,,122.25999999999999,0.0,1528.128,,1528.128,,,,,,,,,51953.560000000005,1528.12,622.7,54104.380000000005,96.69999999999999,,,96.69999999999999,,,,,,,,0.0,,,,0.0,0.0,0.0,0.0,0.0,0.0,0.0,0.0,0.0,0.0,0.0,0.0,0.0,96.69999999999999,0.0,0.0,96.69999999999999,52050.26,1528.12,622.7,54201.08,4448.849999999999,152.82,62.28,4663.94,47698.11,1375.3,560.42,49633.83,2598.1466499999997,,0.0,2598.1466499999997,415.46,,0.0,415.46,53524.25,,330.75,53855.0,56537.87,,330.75,56868.62,118.53272592981148,,59.018236322757936,115.21080356959095,2682.7,0.0,0.0,2682.7,2379.3,1375.3,229.67,3754.6000000000004,,,,,,,0.0,2.7653513999999997,0.0,,,,,0.0,0.0,49073.41,560.42,17185.57,,4225883.98,,4243069.55,,,,,,,,49073.41,560.42
514,PUNJAB,Sangrur,,495.8245356827947,0.0,0.0,495.8245356827947,285796.0,0.0,0.0,285796.0,0.0,285796.0,29525.999999999996,0.0,0.0,29525.999999999996,8806.01,,0.0,8806.01,7969.8982774601745,0.0,0.0,7969.9,23636.549999999996,0.0,0.0,23636.549999999996,314.49,,,314.49,,,,,,,,,,,,,70252.95000000001,0.0,0.0,70252.95000000001,,,,,,,,,,,,0.0,,,,0.0,0.0,0.0,0.0,0.0,0.0,0.0,0.0,0.0,0.0,0.0,0.0,0.0,0.0,0.0,0.0,0.0,70252.95000000001,0.0,0.0,70252.95000000001,7025.290000000001,0.0,0.0,7025.290000000001,63227.65999999999,0.0,0.0,63227.65999999999,4993.12335,,,4993.12335,1554.45,,,1554.45,189450.32,,,189450.32,195997.9,,,195997.9,309.9875908739941,,,309.9875908739941,5155.599999999999,0.0,0.0,5155.599999999999,0.0,0.0,0.0,0.0,,,,,,,0.0,0.0,0.0,,,,,0.0,0.0,63227.66,0.0,41718.619999999995,,9022721.5,,9064440.12,,,,,,,,63227.66,0.0
515,PUNJAB,Tarn Taran,,544.853681228937,0.0,0.0,544.853681228937,241835.0,0.0,0.0,241835.0,0.0,241835.0,27048.5,0.0,0.0,27048.5,8374.53,,0.0,8374.53,4763.671135784137,0.0,0.0,4763.69,27358.870000000003,0.0,0.0,27358.870000000003,295.44,,,295.44,,,,,,,,,,,,,67841.03,0.0,0.0,67841.03,2267.92,,,2267.92,,,,,,,,0.0,,,,0.0,0.0,0.0,0.0,0.0,0.0,0.0,0.0,0.0,0.0,0.0,0.0,0.0,2267.92,0.0,0.0,2267.92,70108.95,0.0,0.0,70108.95,6784.11,0.0,0.0,6784.11,65592.76000000001,0.0,0.0,65592.76000000001,4736.8459,,,4736.8459,138.08,,,138.08,127942.18,,,127942.18,132817.11000000002,,,132817.11000000002,202.48745440807795,,,202.48745440807795,4890.9800000000005,0.0,0.0,4890.9800000000005,0.0,0.0,0.0,0.0,,,,,,,0.0,17.669022,0.0,,,,,0.0,0.0,65592.76000000001,0.0,60397.04000000001,,8112077.750000001,,8172474.790000001,,,,,,,,65592.76000000001,0.0
516,RAJASTHAN,AJMER,,0.0,534.3819868010578,0.0,534.3819868010578,0.0,746676.0,0.0,746676.0,140992.0,887668.0,0.0,29269.11,0.0,29269.11,,,,,0.0,438.2101,0.0,438.21999999999997,0.0,7527.960000000001,0.0,7527.960000000001,0.0,76.83,0.0,76.83,,,,,0.0,0.0,0.0,0.0,0.0,0.0,0.0,0.0,0.0,37312.12,0.0,37312.12,,,,,,,,,,,,0.0,,,,0.0,0.0,0.0,0.0,0.0,0.0,0.0,0.0,0.0,0.0,0.0,0.0,0.0,0.0,0.0,0.0,0.0,0.0,37312.12,0.0,37312.12,0.0,3731.21,0.0,3731.21,0.0,33580.91,0.0,33580.91,,1273.647819111676,,1273.647819111676,,176.0,,176.0,,44940.0425,,44940.0425,,46389.72,,46389.72,,138.14312953401202,,138.14312953401202,0.0,1273.64,0.0,1273.64,0.0,0.0,0.0,0.0,,,,,,,0.0,0.0,0.0,,,,,0.0,0.0,33580.909999999996,0.0,0.0,,0.0,,0.0,,,,,,,,33580.909999999996,0.0
517,RAJASTHAN,ALWAR,,0.0,674.5077478788199,607.4637008501595,671.0036176493868,0.0,682521.0,37640.0,720161.0,151885.0,872046.0,0.0,72292.24999999999,3898.1000000000004,76190.34999999999,0.0,,0.0,0.0,0.0,0.0,0.0,0.0,0.0,5999.4,502.83000000000004,6502.23,0.0,29.200000000000003,0.0,29.200000000000003,,,,,,,,,,,,,0.0,78320.85,4400.93,82721.78,,,,,,,,,,,,0.0,,,,0.0,0.0,0.0,0.0,0.0,0.0,0.0,0.0,0.0,0.0,0.0,0.0,0.0,0.0,0.0,0.0,0.0,0.0,78320.85,4400.93,82721.78,0.0,7832.07,440.09000000000003,8272.16,0.0,70488.78,3960.84,74449.62,,14105.78309754966,0.0,14105.78309754966,,3413.3492002752287,0.0,3413.3492002752287,,110871.595,2635.29,113506.88500000001,,128390.72,2635.29,131026.01000000001,,182.14348439567263,66.53361408186143,182.14348439567266,0.0,14105.779999999997,0.0,14105.779999999997,0.0,0.0,1325.55,0.0,,,,,,,0.0,0.0,0.0,,,,,0.0,0.0,70488.78,3960.8399999999997,0.0,,0.0,,0.0,,,,,,,,70488.78,3960.8399999999997
518,RAJASTHAN,BANSWARA,,945.190179107543,964.7049165637785,0.0,956.5879300043216,165543.0,232453.0,0.0,397996.0,55612.0,453608.0,4582.91,5552.450000000001,0.0,10135.36,1465.64,,0.0,1465.64,3738.27,3415.6499999999996,0.0,7153.920000000001,1818.29,1269.22,0.0,3087.5099999999998,34.980000000000004,1347.73,,1382.71,0.0,0.0,0.0,0.0,,,,,,,,,11640.089999999998,11585.05,0.0,23225.139999999996,,,,,,,,,,,,0.0,,,,0.0,,,,,,,,,,,,,,,,0.0,11640.089999999998,11585.05,0.0,23225.139999999996,1164.0100000000002,1158.51,0.0,2322.52,10476.080000000002,10426.54,0.0,20902.62,1313.411305177112,1230.1895592952542,,2543.600864472366,0.0,4.0200000000000005,,4.0200000000000005,4963.222855876155,7043.521964040242,,12006.744819916395,6276.65,8277.74,,14554.39,59.91410909424134,79.39105398339237,,69.62950099078489,1313.41,1230.19,0.0,2543.6000000000004,4199.43,2332.22,0.0,6531.65,,,,,,,,,,,,,,0.0,0.0,20902.62,0.0,0.0,,0.0,,0.0,,,,,,,,20902.62,0.0
519,RAJASTHAN,BARAN,,924.7450481503162,936.8970189238296,0.0,935.3609134515634,87123.0,602098.0,0.0,689221.0,6310.0,695531.0,5568.31,34132.32,0.0,39700.630000000005,30.049999999999997,,,30.049999999999997,6656.12,0.0,0.0,6656.12,2906.39,14599.689999999999,0.0,17506.079999999998,,996.34,,996.34,0.0,0.0,0.0,0.0,,,,,,,,,15160.87,49728.35,0.0,64889.22,,,,,,,,,,,,0.0,,,,0.0,0.0,0.0,0.0,0.0,0.0,0.0,0.0,0.0,0.0,0.0,0.0,0.0,0.0,0.0,0.0,0.0,15160.87,49728.35,0.0,64889.22,1516.1100000000001,4972.85,0.0,6488.959999999999,13644.76,44755.5,0.0,58400.26,1950.51,7206.8,,9157.310000000001,0.0,102.57,,102.57,11790.480000000001,57735.72,,69526.2,13740.99,65045.1,,78786.08,100.70525241924373,145.33431645272648,,134.90707061920614,1950.51,7206.799999999999,0.0,9157.310000000001,2325.7,234.65,0.0,2560.35,,,,,,,0.0,0.0,0.0,,,,,0.0,0.0,58400.26,0.0,0.0,,0.0,,0.0,,,,,,,,58400.26,0.0
520,RAJASTHAN,BARMER,,0.0,338.8480710141112,319.6724809634146,329.1790071690056,0.0,1416817.0,1441041.0,2857858.0,0.0,2857858.0,0.0,35868.30999999999,29445.019999999997,65313.33,,,367.72,367.72,,,,,0.0,2714.87,648.3500000000001,3363.2200000000003,,,,,,,,,,,,,,,,,0.0,38583.18000000001,30461.089999999993,69044.26999999999,,,,,,,,,,,,0.0,,,,0.0,,,,,,,,,,,,,,,,0.0,0.0,38583.18000000001,30461.089999999993,69044.26999999999,0.0,3699.69,2772.1499999999996,6471.83,0.0,34883.49000000001,27688.94,62572.42999999999,,7441.065,1769.2200000000003,9210.284999999998,,438.0,852.0,1290.0,,39038.604999999996,5138.804999999999,44177.41,,46917.66000000002,7760.03,54677.69,,134.49818237796734,28.025738796790346,134.49818237796737,0.0,7441.07,1769.2200000000003,7441.07,0.0,1497.82,20438.760000000002,1497.82,,,,,,,,,,,,,,0.0,0.0,34883.490000000005,27688.94,0.0,,0.0,,0.0,,,,,,,,34883.490000000005,27688.94
521,RAJASTHAN,BHARATPUR,,0.0,664.983603127888,653.8736488576819,662.0964768537226,0.0,351675.0,123477.0,475152.0,25890.0,501042.0,0.0,34518.659999999996,12289.0,46807.659999999996,0.0,,0.0,0.0,0.0,205.05,0.0,205.05,0.0,6776.330000000001,662.1899999999999,7438.52,0.0,1072.55,0.0,1072.55,,,,,,,,,,,,,0.0,42572.58,12951.19,55523.77,,,,,,,,,,,,0.0,,,,0.0,0.0,0.0,0.0,0.0,0.0,0.0,0.0,0.0,0.0,0.0,0.0,0.0,0.0,0.0,0.0,0.0,0.0,42572.58,12951.19,55523.77,0.0,4257.26,1295.13,5552.389999999999,0.0,38315.32000000001,11656.060000000001,49971.380000000005,,6635.861163665147,1396.2386334500477,8032.099797115194,,71.8466,0.0,71.8466,,38013.036,2800.998,40814.034,,44720.79,4197.25,48918.04,,116.71777764090186,36.009166047532354,116.71777764090186,0.0,6635.860000000001,1396.24,6635.860000000001,0.0,0.0,7458.81,0.0,,,,,,,0.0,0.0,0.0,,,,,0.0,0.0,38315.32000000001,11656.060000000001,0.0,,0.0,,0.0,,,,,,,,38315.32000000001,11656.060000000001
522,RAJASTHAN,BHILWARA,,639.0577666302703,658.9911125364747,0.0,657.6445939628463,63193.0,872292.0,0.0,935485.0,110015.0,1045500.0,2060.19,29404.430000000004,0.0,31464.620000000003,272.06,,0.0,272.06,1296.98,61.660000000000004,0.0,1358.64,793.1800000000001,11198.900000000001,0.0,11992.080000000002,45.04,181.42,0.0,226.46,0.0,0.0,0.0,0.0,,,,,,,,,4467.45,40846.409999999996,0.0,45313.86,,,,,,,,,,,,0.0,,,,0.0,,,,,,,,,,,,,,,,0.0,4467.45,40846.409999999996,0.0,45313.86,446.74000000000007,4084.6499999999996,0.0,4531.4,4020.71,36761.759999999995,0.0,40782.47,375.8132,4537.6484,,4913.4616,447.0379000000001,288.83520000000004,,735.8730999999999,3525.7550000000006,54366.33,,57892.08500000001,4348.57,59192.829999999994,,63541.399999999994,108.15428120904018,161.01739960219535,,155.8056684649066,375.81999999999994,4537.66,0.0,4913.4800000000005,891.21,0.0,0.0,891.21,,,,,,,,,,,,,,0.0,0.0,40782.469999999994,0.0,0.0,,0.0,,0.0,,,,,,,,40782.469999999994,0.0
523,RAJASTHAN,BIKANER,,323.8486258083154,348.69911102342206,330.40036770481584,338.2250140001718,45001.0,1315254.0,1677922.0,3038177.0,0.0,3038177.0,922.88,27851.379999999997,31334.760000000002,60109.020000000004,513.1899999999999,,90.56,603.75,583.1800000000001,0.0,0.0,583.1800000000001,0.0,1457.31,0.0,1457.31,0.0,0.0,0.0,0.0,,,,,0.0,0.0,0.0,0.0,0.0,0.0,0.0,0.0,2019.25,29308.69,31425.32,62753.26,,,,,,,,,,,,0.0,,,,0.0,0.0,0.0,0.0,0.0,0.0,0.0,0.0,0.0,0.0,0.0,0.0,0.0,0.0,0.0,0.0,0.0,2019.25,29308.69,31425.32,62753.26,201.93,2930.86,3142.5299999999997,6275.32,1817.32,26377.83,28282.789999999997,56477.94,12.8,10404.900000000001,0.0,10417.7,0.0,71.0,11.0,82.0,0.0,29146.301000000003,0.0,29146.301000000003,12.8,39622.21,11.0,39646.009999999995,0.7043338542469131,150.2102712770535,0.03889290978718861,140.5738575606088,12.8,10404.900000000001,0.0,10417.7,1804.52,2798.6499999999996,28282.789999999997,4603.17,,,,,,,0.0,0.0,0.0,,,,,0.0,0.0,28195.15,28282.789999999997,0.0,,0.0,,0.0,,,,,,,,28195.15,28282.789999999997
524,RAJASTHAN,BUNDI,,729.4783831822258,720.0716502049638,0.0,723.4116751175657,150555.0,273463.0,0.0,424018.0,125982.0,550000.0,6253.51,12254.07,0.0,18507.58,304.55,,0.0,304.55,5960.219999999999,609.94,0.0,6570.16,2071.59,4586.85,0.0,6658.43,1228.1799999999998,1103.17,0.0,2331.35,1391.184,284.012,,1675.196,,,,,,,,,17209.25,18838.050000000003,0.0,36047.3,,,,,,,,,,,,0.0,,,,0.0,0.0,0.0,0.0,0.0,0.0,0.0,0.0,0.0,0.0,0.0,0.0,0.0,0.0,0.0,0.0,0.0,17209.25,18838.050000000003,0.0,36047.3,1720.94,1596.0700000000002,0.0,3317.01,15488.31,17241.980000000003,0.0,32730.29,1028.112643365953,2892.0233851450002,,3920.136028510953,0.0,66.0,,66.0,8323.800000000001,19080.454999999998,,27404.255,9351.91,22038.5,,31390.4,60.38044176543471,127.81884679137777,,95.906269085914,1028.11,2892.02,0.0,3920.13,6136.400000000001,293.8,0.0,6430.200000000001,,,,,,,0.0,0.0,0.0,,,,,0.0,0.0,32730.29,0.0,0.0,,0.0,,0.0,,,,,,,,32730.29,0.0
525,RAJASTHAN,CHITTAURGARH,,783.431757388058,810.8072308391263,0.0,807.8072278074035,63932.0,519457.0,0.0,583389.0,204611.0,788000.0,2546.05,20828.45,0.0,23374.5,361.63,,0.0,361.63,0.18999999999999997,0.9800000000000001,0.0,1.1700000000000002,1033.8600000000001,8912.96,0.0,9946.82,0.0,1097.8,0.0,1097.8,16.28,,,16.28,,,,,,,,,3958.0100000000007,30840.190000000002,0.0,34798.200000000004,,,,,,,,,,,,0.0,,,,0.0,0.0,0.0,0.0,0.0,0.0,0.0,0.0,0.0,0.0,0.0,0.0,0.0,0.0,0.0,0.0,0.0,3958.0100000000007,30840.190000000002,0.0,34798.200000000004,395.79999999999995,3084.0299999999997,0.0,3479.83,3562.21,27756.16,0.0,31318.370000000003,388.7663,1928.2691000000004,,2317.0353999999998,0.0,107.2294,,107.2294,5227.938,43040.859,,48268.797,5616.719999999999,45076.38,,50693.119999999995,157.67515110001935,162.40135523069472,,161.86385179049864,388.78000000000003,1928.26,0.0,2317.04,98.14999999999999,0.0,0.0,98.14999999999999,,,,,,,0.0,0.0,0.0,,,,,0.0,0.0,31318.37,0.0,0.0,,0.0,,0.0,,,,,,,,31318.37,0.0
526,RAJASTHAN,CHURU,,0.0,408.9577907469471,95.17996653959152,213.28846553435397,0.0,519180.0,860121.0,1379301.0,0.0,1379301.0,0.0,16252.300000000001,5486.03,21738.33,0.0,,0.0,0.0,0.0,0.0,0.0,0.0,0.0,558.28,0.0,558.28,0.0,0.0,0.0,0.0,,,,,,,,,,,,,0.0,16810.58,5486.03,22296.61,,,,,,,,,,,,0.0,,,,0.0,0.0,0.0,0.0,0.0,0.0,0.0,0.0,0.0,0.0,0.0,0.0,0.0,0.0,0.0,0.0,0.0,0.0,16810.58,5486.03,22296.61,0.0,1269.01,548.61,1817.62,0.0,15541.57,4937.42,20478.989999999998,,3789.8173,0.0,3789.8173,,4.760000000000001,0.0,4.760000000000001,,16234.803500000002,0.0,16234.803500000002,,20029.38,0.0,20029.38,,128.8761688812649,0.0,128.87616888126493,0.0,3789.81,0.0,3789.81,0.0,1651.42,4937.42,1651.42,,,,,,,0.0,0.0,0.0,,,,,0.0,0.0,15541.57,4937.42,0.0,,0.0,,0.0,,,,,,,,15541.57,4937.42
527,RAJASTHAN,DAUSA,,0.0,676.2126366500088,0.0,676.2126366500088,0.0,308562.0,0.0,308562.0,33455.0,342017.0,0.0,24125.139999999996,0.0,24125.139999999996,0.0,,0.0,0.0,0.0,0.0,0.0,0.0,0.0,2342.98,0.0,2342.98,,563.48,,563.48,,950.6899999999999,,950.6899999999999,,,,,,,,,0.0,27982.309999999998,0.0,27982.309999999998,,,,,,,,,,,,0.0,,,,0.0,0.0,0.0,0.0,0.0,0.0,0.0,0.0,0.0,0.0,0.0,0.0,0.0,0.0,0.0,0.0,0.0,0.0,27982.309999999998,0.0,27982.309999999998,0.0,2798.23,0.0,2798.23,0.0,25184.079999999998,0.0,25184.079999999998,,11726.499712558294,,11726.499712558294,,3.1891999999999996,,3.1891999999999996,,46859.534999999996,,46859.534999999996,,58589.259999999995,,58589.259999999995,,232.64403543826097,,232.64403543826097,0.0,11726.5,0.0,11726.5,0.0,0.0,0.0,0.0,,,,,,,0.0,0.0,0.0,,,,,0.0,0.0,25184.079999999998,0.0,0.0,,0.0,,0.0,,,,,,,,25184.079999999998,0.0
528,RAJASTHAN,DHAULPUR,,763.72,719.1380765481911,0.0,720.5930711206607,8111.0,240415.0,0.0,248526.0,52379.00000000001,300905.0,772.49,21094.079999999998,0.0,21866.569999999996,27.55,,0.0,27.55,188.66,669.88,0.0,858.54,769.58,4914.320000000001,0.0,5683.900000000001,51.42,185.98000000000002,0.0,237.40000000000003,,,,,,,,,,,,,1809.6999999999998,26864.26,0.0,28673.960000000003,,,,,,,,,,,,0.0,,,,0.0,0.0,0.0,0.0,0.0,0.0,0.0,0.0,0.0,0.0,0.0,0.0,0.0,0.0,0.0,0.0,0.0,1809.6999999999998,26864.26,0.0,28673.960000000003,180.97,2686.4300000000003,0.0,2867.4,1628.73,24177.83,0.0,25806.559999999998,381.90999999999997,4432.615,,4814.525,0.0,15.73,,15.73,3078.29,27712.269999999997,,30790.559999999998,3460.2,32160.62,,35620.82,212.44773535208412,133.0169829136858,,138.03009777358938,381.91,4432.610000000001,0.0,4814.52,0.0,1290.79,0.0,1290.79,,,,,,,0.0,0.0,0.0,,,,,0.0,0.0,25806.56,0.0,0.0,,0.0,,0.0,,,,,,,,25806.56,0.0
529,RAJASTHAN,DUNGARPUR,,805.9332344164455,776.6200600957019,0.0,779.3050766666794,24128.0,239285.0,0.0,263413.0,113664.0,377077.0,696.8499999999999,8192.65,0.0,8889.499999999998,98.63,,0.0,98.63,273.02,6318.959999999999,0.0,6591.979999999999,170.17000000000002,2716.77,0.0,2886.94,468.01,3761.6100000000006,0.0,4229.620000000001,,,,,,,,,,,,,1706.68,20989.99,0.0,22696.67,,,,,,,,,,,,0.0,,,,0.0,0.0,0.0,0.0,0.0,0.0,0.0,0.0,0.0,0.0,0.0,0.0,0.0,0.0,0.0,0.0,0.0,1706.68,20989.99,0.0,22696.67,170.67,2099.03,0.0,2269.7000000000003,1536.01,18890.96,0.0,20426.97,96.36595200000001,805.835018,,902.20097,0.0,1.1105000000000003,,1.1105000000000003,680.695294031496,10918.20383,,11598.899124031495,777.06,11725.169999999998,,12502.229999999998,50.58951439118234,62.06762387935816,,61.20452519389805,96.36,805.85,0.0,902.2099999999999,758.95,7165.789999999999,0.0,7924.739999999999,,,,,,,0.0,0.0,0.0,,,,,0.0,0.0,20426.969999999998,0.0,0.0,,0.0,,0.0,,,,,,,,20426.969999999998,0.0
530,RAJASTHAN,GANGANAGAR,,261.20901639778185,0.0,249.5768325024584,251.15455378451367,151118.0,0.0,963041.0,1114159.0,0.0,1114159.0,6026.24,0.0,38201.43,44227.67,23425.640000000003,,,23425.640000000003,15811.949999999999,0.0,62752.10999999999,78564.06000000001,2839.49,0.0,0.0,2839.49,0.0,0.0,258.71999999999997,258.71999999999997,,,,,,,,,,,,,48103.32000000001,0.0,101212.26000000001,149315.58000000002,,,,,,,,,,,,0.0,,,,0.0,0.0,0.0,0.0,0.0,0.0,0.0,0.0,0.0,0.0,0.0,0.0,0.0,0.0,0.0,0.0,0.0,48103.32000000001,0.0,101212.26000000001,149315.58000000002,4810.35,0.0,8889.6,13699.949999999999,43292.969999999994,0.0,92322.66,135615.63,43.715,,38.08,81.795,39.0,,0.0,39.0,17395.725,,17006.3545,34402.0795,17478.430000000004,,17044.420000000002,34522.85,40.37244384018931,,18.461794753314084,40.372443840189284,43.730000000000004,0.0,38.080000000000005,43.730000000000004,25814.52,0.0,75278.24,25814.52,,,,,,,0.0,0.0,0.0,,,,,0.0,0.0,43292.97,92322.66000000002,0.0,,0.0,,0.0,,,,,,,,43292.97,92322.66000000002
531,RAJASTHAN,HANUMANGARH,,311.02575854517016,0.0,323.8817014010191,322.1659384316673,127850.0,0.0,830110.0,957960.0,0.0,957960.0,6618.049999999999,0.0,36935.01,43553.06,3132.13,,,3132.13,13115.38,0.0,36659.53,49774.91,0.0,0.0,0.0,0.0,0.0,0.0,470.18999999999994,470.18999999999994,,,,,,,,,,,,,22865.56,0.0,74064.73,96930.29,,,,,,,,,,,,0.0,,,,0.0,0.0,0.0,0.0,0.0,0.0,0.0,0.0,0.0,0.0,0.0,0.0,0.0,0.0,0.0,0.0,0.0,22865.56,0.0,74064.73,96930.29,2286.5499999999997,0.0,6220.8200000000015,8507.380000000001,20579.010000000002,0.0,67843.91,88422.91999999998,1589.6999999999998,,326.55,1916.25,200.0,,0.0,200.0,11659.0425,,34949.670099999996,46608.7126,13448.76,,35276.219999999994,48724.98,65.35183179365771,,51.996148217282865,65.35183179365782,1589.6999999999998,0.0,326.55,1589.6999999999998,7130.25,0.0,33469.729999999996,7130.25,,,,,,,0.0,0.0,0.0,,,,,0.0,0.0,20579.010000000002,67843.91,0.0,,0.0,,0.0,,,,,,,,20579.010000000002,67843.91
532,RAJASTHAN,JAIPUR,,0.0,610.6300515975532,595.67,610.1377968343604,0.0,999466.0,34006.0,1033472.0,72672.0,1106144.0,0.0,68045.45,1549.28,69594.73000000001,,,,,0.0,0.0,0.0,0.0,0.0,9955.44,0.0,9955.44,0.0,824.0999999999999,0.0,824.0999999999999,0.0,65.79400000000001,,65.79400000000001,0.0,0.0,0.0,0.0,0.0,0.0,0.0,0.0,0.0,78890.77,1549.28,80440.05,,,,,,,,,,,,0.0,,,,0.0,0.0,0.0,0.0,0.0,0.0,0.0,0.0,0.0,0.0,0.0,0.0,0.0,0.0,0.0,0.0,0.0,0.0,78890.77,1549.28,80440.05,0.0,7513.009999999999,154.92,7667.929999999999,0.0,71377.76,1394.36,72772.12,,42974.33915119008,0.0,42974.33915119008,,1662.6283170833328,0.0,1662.6283170833328,,110263.23282902337,0.0,110263.23282902337,,154900.22999999998,0.0,154900.22999999998,,217.01469757526715,0.0,217.01469757526715,0.0,42974.33,0.0,42974.33,0.0,0.0,1394.36,0.0,,,,,,,0.0,0.0,0.0,,,,,0.0,0.0,71377.75999999998,1394.36,0.0,,0.0,,0.0,,,,,,,,71377.75999999998,1394.36
533,RAJASTHAN,JAISALMER,,0.0,202.88722186196242,217.06039549475418,212.56821470703892,0.0,1209004.0,2605496.0,3814500.0,0.0,3814500.0,0.0,9343.880000000001,23742.120000000003,33086.0,0.0,,20489.97,20489.97,0.0,0.0,0.0,0.0,0.0,1338.6399999999999,0.0,1338.6399999999999,,,,,,,,,0.0,0.0,0.0,0.0,0.0,0.0,0.0,0.0,0.0,10682.52,44232.09,54914.61,,,,,,,,,,,,0.0,,,,0.0,0.0,0.0,0.0,0.0,0.0,0.0,0.0,0.0,0.0,0.0,0.0,0.0,0.0,0.0,0.0,0.0,0.0,10682.52,44232.09,54914.61,0.0,1068.25,4423.22,5491.469999999999,0.0,9614.27,39808.869999999995,49423.14,,4163.1041000000005,836.0849999999999,4999.1891000000005,,7.0656,0.0,7.0656,,26772.72,4579.8,31352.519999999997,,30942.89,5415.889999999999,36358.78,,321.8433640827644,13.604731809770035,321.84336408276437,0.0,4163.11,836.0799999999999,4163.11,0.0,0.0,34392.98,0.0,,,,,,,0.0,0.0,0.0,,,,,0.0,0.0,9614.27,39808.869999999995,0.0,,0.0,,0.0,,,,,,,,9614.27,39808.869999999995
534,RAJASTHAN,JALOR,,455.9,490.16383977366155,461.5942833703167,477.7566407453326,202500.0,620310.0,202343.0,1025153.0,38847.0,1064000.0,7721.04,31772.16,10251.95,49745.149999999994,502.69000000000005,,178.56,681.25,3919.96,0.0,529.2,4449.16,1597.32,3139.0299999999997,530.08,5266.44,,,,,,,,,,,,,,,,,13741.01,34911.189999999995,11489.79,60141.990000000005,,,,,,,,,,,,0.0,,,,0.0,0.0,0.0,0.0,0.0,0.0,0.0,0.0,0.0,0.0,0.0,0.0,0.0,0.0,0.0,0.0,0.0,13741.01,34911.189999999995,11489.79,60141.990000000005,1064.56,2931.45,1148.98,5144.98,12676.45,31979.739999999998,10340.81,54997.0,236.28000000000003,4158.825000000001,192.96,4588.065000000001,0.0,2.582,0.0,2.582,13123.7775,62030.425,2623.2650000000003,77777.4675,13360.06,66191.85,2816.23,82368.14,105.39275585830417,206.98057582707054,27.234133496312186,178.14307490182213,236.28000000000003,4158.820000000001,192.96,4395.1,315.08,0.0,7524.58,315.08,,,,,,,0.0,0.0,0.0,,,,,0.0,0.0,44656.19,10340.81,0.0,,0.0,,0.0,,,,,,,,44656.19,10340.81
535,RAJASTHAN,JHALAWAR,,965.1211452810179,979.8493041463803,0.0,979.0747075420011,32062.0,577564.0,0.0,609626.0,24096.0,633722.0,1737.71,38945.2,0.0,40682.909999999996,9.340000000000002,,,9.340000000000002,733.5,0.0,0.0,733.5,1763.2,11287.939999999999,0.0,13051.140000000001,2903.61,1709.2299999999998,,4612.84,0.0,0.0,0.0,0.0,,,,,,,,,7148.299999999999,51942.369999999995,0.0,59090.670000000006,,,,,,,,,,,,0.0,,,,0.0,0.0,0.0,0.0,0.0,0.0,0.0,0.0,0.0,0.0,0.0,0.0,0.0,0.0,0.0,0.0,0.0,7148.299999999999,51942.369999999995,0.0,59090.670000000006,566.5999999999999,4988.0599999999995,0.0,5554.660000000001,6581.699999999999,46954.31,0.0,53536.01,1037.3354924969212,3163.6859322855794,,4201.021424782501,0.0,0.41,,0.41,6624.63758,45883.5994846645,,52508.23706466449,7661.97,49047.68,,56709.649999999994,116.413236701764,104.45831277256549,,105.92804730871799,1037.33,3163.68,0.0,4201.01,1351.4499999999998,5565.5,0.0,6916.95,,,,,,,0.0,0.0,0.0,,,,,0.0,0.0,53536.009999999995,0.0,0.0,,0.0,,0.0,,,,,,,,53536.009999999995,0.0
536,RAJASTHAN,JHUNJHUNU,,0.0,507.14297254863294,495.89,506.8930627406845,0.0,527369.0,11978.0,539347.0,49237.0,588584.0,0.0,22870.809999999998,475.18,23345.989999999998,0.0,,0.0,0.0,0.0,0.0,0.0,0.0,0.0,1764.69,4.9,1769.5900000000001,0.0,0.07,0.0,0.07,0.0,293.5,0.0,293.5,,,,,,,,,0.0,24929.07,480.08,25409.149999999998,,,,,,,,,,,,0.0,,,,0.0,0.0,0.0,0.0,0.0,0.0,0.0,0.0,0.0,0.0,0.0,0.0,0.0,0.0,0.0,0.0,0.0,0.0,24929.07,480.08,25409.149999999998,0.0,2492.9199999999996,48.01,2540.93,0.0,22436.15,432.07000000000005,22868.22,,15194.844799999999,62.83840000000001,15257.6832,,564.1575,0.0,564.1575,,35293.728,97.92000000000002,35391.648,,51052.729999999996,160.76,51213.48999999999,,227.54674933087892,37.20693406161038,227.5467493308789,0.0,15194.84,62.84,15194.84,0.0,0.0,271.31,0.0,,,,,,,0.0,0.0,0.0,,,,,0.0,0.0,22436.15,432.07,0.0,,0.0,,0.0,,,,,,,,22436.15,432.07
537,RAJASTHAN,JODHPUR,,0.0,325.85091147360873,348.544416290137,329.5923802688813,0.0,1853131.0,365841.0,2218972.0,6028.0,2225000.0,0.0,37628.21,9773.340000000002,47401.55,0.0,,0.0,0.0,0.0,0.0,0.0,0.0,0.0,4041.75,21.71,4063.46,0.0,59.59,0.0,59.59,0.0,0.0,0.0,0.0,,,,,,,,,0.0,41729.55,9795.050000000001,51524.600000000006,,,,,,,,,,,,0.0,,,,0.0,0.0,0.0,0.0,0.0,0.0,0.0,0.0,0.0,0.0,0.0,0.0,0.0,0.0,0.0,0.0,0.0,0.0,41729.55,9795.050000000001,51524.600000000006,0.0,3651.0500000000006,979.5,4630.549999999999,0.0,38078.5,8815.55,46894.04999999999,,15817.120000000003,220.84,16037.96,,677.58,129.5,807.08,,80593.165,294.29999999999995,80887.46500000001,,97087.87999999999,644.6399999999999,97732.52,,254.96771143821314,7.31253296731344,254.96771143821326,0.0,15817.119999999999,220.84,15817.119999999999,0.0,185.0,8170.91,185.0,,,,,,,0.0,0.0,0.0,,,,,0.0,0.0,38078.5,8815.55,0.0,,0.0,,0.0,,,,,,,,38078.5,8815.55
538,RAJASTHAN,KARAULI,,711.1176194194534,715.9847210403923,0.0,715.6173580239954,29455.0,360787.0,0.0,390242.0,177048.0,567290.0,2557.74,28057.52,0.0,30615.26,,,,,0.0,0.0,0.0,0.0,839.4,3231.5000000000005,0.0,4070.9000000000005,58.17,232.60000000000002,,290.77,0.523,1348.134,,1348.657,,,,,,,,,3455.83,32869.75,0.0,36325.58,,,,,,,,,,,,0.0,,,,0.0,0.0,0.0,0.0,0.0,0.0,0.0,0.0,0.0,0.0,0.0,0.0,0.0,0.0,0.0,0.0,0.0,3455.83,32869.75,0.0,36325.58,345.6,3286.9800000000005,0.0,3632.58,3110.2299999999996,29582.77,0.0,32693.0,416.4930636467856,5165.2242286960745,,5581.71729234286,0.0,0.06999999999999999,,0.06999999999999999,4947.480876303805,38344.5,,43291.9808763038,5363.9800000000005,43509.78999999999,,48873.770000000004,172.46248669712534,147.0781471782392,,149.49307191141835,416.49,5165.2300000000005,0.0,5581.72,0.0,2075.5,0.0,2075.5,,,,,,,0.0,0.0,0.0,,,,,0.0,0.0,32693.0,0.0,0.0,,0.0,,0.0,,,,,,,,32693.0,0.0
539,RAJASTHAN,KOTA,,794.5112730739716,851.0979720957141,0.0,827.3490254666546,215015.0,297302.0,0.0,512317.0,8077.0,520394.0,13652.739999999998,15297.31,0.0,28950.05,51.29,,,51.29,12458.760000000002,0.0,0.0,12458.760000000002,4629.71,5694.5199999999995,0.0,10324.22,131.71,549.1800000000001,,680.89,0.0,0.0,0.0,0.0,0.0,0.0,0.0,0.0,0.0,0.0,0.0,0.0,30924.21,21541.01,0.0,52465.22,,,,,,,,,,,,0.0,,,,0.0,0.0,0.0,0.0,0.0,0.0,0.0,0.0,0.0,0.0,0.0,0.0,0.0,0.0,0.0,0.0,0.0,30924.21,21541.01,0.0,52465.22,3092.43,2154.1,0.0,5246.53,27831.78,19386.910000000003,0.0,47218.69,5053.653,4941.5,,9995.153,0.0,180.92999999999998,,180.92999999999998,19635.480000000003,22595.16,,42230.64,24689.14,27717.579999999994,,52406.72,88.70844768103227,142.9705920128581,,110.98723831601427,5053.66,4941.51,0.0,9995.17,3962.7799999999997,4.96,0.0,3967.74,,,,,,,0.0,0.0,0.0,,,,,0.0,0.0,47218.69,0.0,0.0,,0.0,,0.0,,,,,,,,47218.69,0.0
540,RAJASTHAN,NAGAUR,,0.0,442.564317151559,450.76655672361596,443.1728886583671,0.0,1640364.0,131462.0,1771826.0,0.0,1771826.0,0.0,60052.979999999996,5884.92,65937.9,0.0,,0.0,0.0,0.0,0.0,0.0,0.0,0.0,4687.26,278.77,4966.030000000001,0.0,0.0,0.0,0.0,0.0,0.0,0.0,0.0,,,,,,,,,0.0,64740.240000000005,6163.6900000000005,70903.93,,,,,,,,,,,,0.0,,,,0.0,,,,,,,,,,,,,,,,0.0,0.0,64740.240000000005,6163.6900000000005,70903.93,0.0,6081.04,616.3899999999999,6697.420000000001,0.0,58659.19999999998,5547.299999999999,64206.49999999999,,14938.200000000003,643.2000000000002,15581.400000000001,,1147.65,9.6,1157.25,,93744.86600000001,2727.9175,96472.7835,,109830.71,3380.71,113211.43,,187.2352674431292,60.94334180592361,187.23528449075334,0.0,14938.199999999999,643.2,14938.199999999999,0.0,239.56,2494.54,239.56,,,,,,,,,,,,,,0.0,0.0,58659.2,5547.299999999999,0.0,,0.0,,0.0,,,,,,,,58659.2,5547.299999999999
541,RAJASTHAN,PALI,,616.11,568.5752427284231,500.3559171174561,550.4375313868599,55040.0,681214.0,318885.0,1055139.0,180561.0,1235700.0,2495.41,27075.42,10950.179999999998,40521.01,,,,,323.37,872.38,1299.75,2495.5,92.26,3999.72,248.88,4340.86,,,,,,240.092,,240.092,,,,,,,,,2911.68,32187.620000000003,12498.810000000001,47598.11,,,,,,,,,,,,0.0,,,,0.0,0.0,0.0,0.0,0.0,0.0,0.0,0.0,0.0,0.0,0.0,0.0,0.0,0.0,0.0,0.0,0.0,2911.68,32187.620000000003,12498.810000000001,47598.11,291.17,3218.76,1232.33,4742.2699999999995,2620.5099999999998,28968.86,11266.480000000001,42855.850000000006,110.16,4555.62156,248.67949999999996,4914.46106,0.126,20.6932,0.7754000000000001,21.5946,1025.15,44301.229999999996,3641.39,48967.77000000001,1135.4299999999998,48877.549999999996,3890.8299999999995,53903.81,43.32858870983129,168.7244510139508,34.53456625316868,158.3221824303555,110.16,4555.63,248.67999999999998,4665.790000000001,1485.08,469.97,7990.320000000001,1955.05,,,,,,,0.0,0.0,0.0,,,,,0.0,0.0,31589.37,11266.480000000001,0.0,,0.0,,0.0,,,,,,,,31589.37,11266.480000000001
542,RAJASTHAN,PRATAPGARH,,874.75,1061.1828681694485,0.0,1039.3825843024142,34500.0,260539.0,0.0,295039.0,140941.0,435980.0,912.27,14737.28,0.0,15649.55,205.65,,0.0,205.65,66.99,1391.85,0.0,1458.84,205.6,5072.73,0.0,5278.33,0.0,855.9700000000001,0.0,855.9700000000001,,,,,,,,,,,,,1390.51,22057.829999999998,0.0,23448.34,,,,,,,,,,,,0.0,,,,0.0,,,,,,,,,,,,,,,,0.0,1390.51,22057.829999999998,0.0,23448.34,139.05,2205.8,0.0,2344.8499999999995,1251.46,19852.030000000002,0.0,21103.489999999998,139.13,559.07647,,698.20647,0.0,19.0,,19.0,1093.15,25449.40711,,26542.557109999998,1232.28,26027.479999999996,,27259.759999999995,98.46739008837677,131.10739808472985,,129.17180997076784,139.13,559.08,0.0,698.21,19.18,947.72,0.0,966.9,,,,,,,0.0,0.0,0.0,,,,,0.0,0.0,21103.489999999998,0.0,0.0,,0.0,,0.0,,,,,,,,21103.489999999998,0.0
543,RAJASTHAN,RAJSAMAND,,644.9358824900909,643.8341899322215,0.0,643.9142753432823,25734.0,328275.0,0.0,354009.0,109537.0,463546.0,501.43999999999994,8303.19,0.0,8804.63,0.0,,0.0,0.0,168.27,417.21999999999997,0.0,585.4899999999999,159.16,1011.12,0.0,1170.2800000000002,740.98,600.19,0.0,1341.17,77.95400000000001,531.448,,609.4019999999999,,,,,,,,,1647.81,10863.15,0.0,12510.96,,,,,,,,,,,,0.0,,,,0.0,,,,,,,,,,,,,,,,0.0,1647.81,10863.15,0.0,12510.96,164.78,1086.33,0.0,1251.1100000000001,1483.03,9776.82,0.0,11259.849999999999,250.98033971221997,2376.152194073407,,2627.132533785627,0.0,391.642,,391.642,912.0704019910571,9655.7041566132,,10567.774558604258,1163.05,12423.51,,13586.560000000001,78.42390241599968,127.0710721891167,,120.66377438420585,250.97000000000003,2376.15,0.0,2627.12,379.62,260.24,0.0,639.86,,,,,,,0.0,0.0,0.0,,,,,0.0,0.0,11259.85,0.0,0.0,,0.0,,0.0,,,,,,,,11259.85,0.0
544,RAJASTHAN,SAWAI MADHOPUR,,683.8772563269832,789.5510431225675,0.0,777.2227194871202,50498.0,382352.0,0.0,432850.0,69215.0,502065.0,4286.91,29148.97,0.0,33435.88,,,,,0.0,0.0,0.0,0.0,1465.73,10004.34,0.0,11470.07,255.37,1069.38,,1324.7500000000002,1.95,136.663,,138.611,,,,,,,,,6009.960000000001,40359.36,0.0,46369.32,,,,,,,,,,,,0.0,,,,0.0,0.0,0.0,0.0,0.0,0.0,0.0,0.0,0.0,0.0,0.0,0.0,0.0,0.0,0.0,0.0,0.0,6009.960000000001,40359.36,0.0,46369.32,601.0,4035.9399999999996,0.0,4636.929999999999,5408.96,36323.42,0.0,41732.380000000005,1326.7883760683762,6523.703872180451,,7850.492248248826,0.0002,0.217624,,0.21782400000000002,7898.443000000001,47729.097693530566,,55627.540693530565,9225.24,54253.04,,63478.27999999999,170.5547831745844,149.36104584865632,,152.1079794634286,1326.79,6523.7,0.0,7850.49,0.0,0.0,0.0,0.0,,,,,,,0.0,0.0,0.0,,,,,0.0,0.0,41732.38,0.0,0.0,,0.0,,0.0,,,,,,,,41732.38,0.0
545,RAJASTHAN,SIKAR,,0.0,521.0955303120002,476.13412796918476,520.5243547843392,0.0,726346.0,9346.0,735692.0,52393.0,788085.0,0.0,33666.93,354.24,34021.17,0.0,,0.0,0.0,0.0,0.0,0.0,0.0,0.0,2589.1,0.0,2589.1,0.0,2314.39,0.0,2314.39,0.0,0.0,0.0,0.0,,,,,,,,,0.0,38570.420000000006,354.24,38924.66,,,,,,,,,,,,0.0,,,,0.0,0.0,0.0,0.0,0.0,0.0,0.0,0.0,0.0,0.0,0.0,0.0,0.0,0.0,0.0,0.0,0.0,0.0,38570.420000000006,354.24,38924.66,0.0,3642.9900000000002,35.42,3678.4100000000008,0.0,34927.43,318.82,35246.25,,14828.941795572657,0.0,14828.941795572657,,221.3135,0.0,221.3135,,51781.85108378975,133.34363389705396,51915.194717686805,,66832.1,133.34,66965.44,,191.3455985739575,41.82297221002447,191.3455985739575,0.0,14828.94,0.0,14828.94,0.0,789.93,185.48000000000002,789.93,,,,,,,0.0,0.0,0.0,,,,,0.0,0.0,34927.43,318.82,0.0,,0.0,,0.0,,,,,,,,34927.43,318.82
546,RAJASTHAN,SIROHI,,0.0,669.2859948965822,0.0,669.2859948965822,0.0,407570.0,0.0,407570.0,106030.0,513600.0,0.0,25977.5,0.0,25977.5,,,,,0.0,0.0,0.0,0.0,0.0,4532.43,0.0,4532.43,,,,,0.0,503.56800000000004,0.0,503.56800000000004,,,,,,,,,0.0,31013.49,0.0,31013.49,,,,,,,,,,,,0.0,,,,0.0,0.0,0.0,0.0,0.0,0.0,0.0,0.0,0.0,0.0,0.0,0.0,0.0,0.0,0.0,0.0,0.0,0.0,31013.49,0.0,31013.49,0.0,3101.3799999999997,0.0,3101.3799999999997,0.0,27912.11,0.0,27912.11,,1985.6,,1985.6,,348.31000000000006,,348.31000000000006,,30964.36,,30964.36,,33298.270000000004,,33298.270000000004,,119.29685717059728,,119.29685717059728,0.0,1985.6,0.0,1985.6,0.0,602.27,0.0,602.27,,,,,,,0.0,0.0,0.0,,,,,0.0,0.0,27912.109999999997,0.0,0.0,,0.0,,0.0,,,,,,,,27912.109999999997,0.0
547,RAJASTHAN,TONK,,647.2190751227948,627.2377033178873,639.6021694915254,632.6509033551296,141089.0,417585.0,29500.0,588174.0,131832.0,720006.0,9903.75,24316.510000000002,0.0,34220.26,114.57000000000001,,,114.57000000000001,2785.86,1235.04,0.0,4020.9,1687.64,5661.9,0.0,7349.54,1099.56,2828.2799999999997,0.0,3927.84,,,,,,,,,,,,,15683.220000000001,34041.73,0.0,49724.95,,,,,,,,,,,,0.0,,,,0.0,0.0,0.0,0.0,0.0,0.0,0.0,0.0,0.0,0.0,0.0,0.0,0.0,0.0,0.0,0.0,0.0,15683.220000000001,34041.73,0.0,49724.95,1562.8999999999999,3167.68,0.0,4730.59,14120.32,30874.05,0.0,44994.37,5457.9856632932715,5673.7124617923855,0.0,11131.698125085659,9.0,27.0,0.0,36.0,6750.557037486082,23215.506399650156,82.19583057281802,30048.259267709054,12217.54,28916.22,82.2,41215.96,86.52452635634322,93.65865508412405,0.0,91.4197931874588,5457.99,5673.71,0.0,11131.7,1902.78,4319.5,0.0,6222.28,,,,,,,0.0,0.0,0.0,,,,,0.0,0.0,44994.369999999995,0.0,0.0,,0.0,,0.0,,,,,,,,44994.369999999995,0.0
548,RAJASTHAN,UDAIPUR,,718.8714842561498,725.2644838241822,0.0,724.6912551409615,69678.0,707414.0,0.0,777092.0,398968.0,1176060.0,1901.22,19460.790000000005,0.0,21362.010000000002,745.5200000000001,,0.0,765.4600000000002,599.6200000000001,1266.81,0.0,1866.43,678.0699999999999,5307.26,0.0,5985.329999999999,342.53999999999996,1620.03,0.0,1962.5700000000002,156.204,705.9869999999999,0.0,862.1899999999999,0.0,25.7325,0.0,25.7325,0.0,413.0,0.0,413.0,4443.11,28799.6,0.0,33242.70999999999,,,,,,,,,,,,0.0,,,,0.0,0.0,0.0,0.0,0.0,0.0,0.0,0.0,0.0,0.0,0.0,0.0,0.0,0.0,0.0,0.0,0.0,4443.11,28799.6,0.0,33242.70999999999,412.05,2879.9699999999993,0.0,3292.02,4031.0600000000004,25919.63,0.0,29950.690000000002,382.57399999999996,3589.9709999999995,,3972.544999999999,100.844,1958.947,,2059.7909999999997,2712.3095000000003,21229.0865,,23941.395999999997,3195.71,26777.999999999996,,29973.720000000005,79.27716283062023,103.31165992724432,,100.07689305321514,382.58,3589.98,0.0,3972.5600000000004,931.3299999999999,1012.9500000000002,0.0,1944.2800000000002,,,,,,,0.0,0.0,0.0,,,,,0.0,0.0,29950.690000000002,0.0,0.0,,0.0,,0.0,,,,,,,,29950.690000000002,0.0
549,SIKKIM,Gangtok,,0.0,2756.4,0.0,2756.4,0.0,35500.0,0.0,35500.0,31697.0,67197.0,0.0,6676.200000000001,0.0,6676.200000000001,,,,,0.0,0.0,0.0,0.0,0.0,136.85,0.0,136.85,,3.3099999999999996,,3.3099999999999996,,0.304,,0.304,,,,,,,,,0.0,6816.66,0.0,6816.66,,,,,,,,,,,,0.0,,,,0.0,,,,,,,,,,,,,,,,0.0,0.0,6816.66,0.0,6816.66,0.0,681.69,0.0,681.69,0.0,6134.97,0.0,6134.97,,118.50966,,118.50966,,6.08225,,6.08225,,285.09999999999997,,285.09999999999997,,409.70000000000005,,409.70000000000005,,6.678109265407982,,6.678109265407982,0.0,141.85,0.0,141.85,0.0,5701.9400000000005,0.0,5701.9400000000005,,,,,,,,,,,,,,0.0,0.0,6134.97,0.0,0.0,,0.0,,0.0,,,,,,,,6134.97,0.0
550,SIKKIM,Gyalsingh,,0.0,2041.7,0.0,2041.7,0.0,30200.000000000007,0.0,30200.000000000007,58995.0,89195.0,0.0,3686.95,0.0,3686.95,,,,,0.0,0.0,0.0,0.0,0.0,102.30000000000001,0.0,102.30000000000001,,2.32,,2.32,,,,,,,,,,,,,0.0,3791.5699999999997,0.0,3791.5699999999997,,,,,,,,,,,,0.0,,,,0.0,,,,,,,,,,,,,,,,0.0,0.0,3791.5699999999997,0.0,3791.5699999999997,0.0,379.15,0.0,379.15,0.0,3412.42,0.0,3412.42,,31.494389999999996,,31.494389999999996,,0.0,,0.0,,206.1,,206.1,,237.59000000000003,,237.59000000000003,,6.962507545964448,,6.962507545964448,0.0,35.519999999999996,0.0,35.519999999999996,0.0,3170.7900000000004,0.0,3170.7900000000004,,,,,,,,,,,,,,0.0,0.0,3412.42,0.0,0.0,,0.0,,0.0,,,,,,,,3412.42,0.0
551,SIKKIM,Mangan,,0.0,2738.8,0.0,2738.8,0.0,20000.0,0.0,20000.0,403642.0,423642.0,0.0,3666.92,0.0,3666.92,,,,,0.0,0.0,0.0,0.0,0.0,40.96,0.0,40.96,,8.709999999999999,,8.709999999999999,,,,,,,,,,,,,0.0,3716.59,0.0,3716.59,,,,,,,,,,,,0.0,,,,0.0,,,,,,,,,,,,,,,,0.0,0.0,3716.59,0.0,3716.59,0.0,371.65,0.0,371.65,0.0,3344.94,0.0,3344.94,,21.386992499999998,,21.386992499999998,,0.0,,0.0,,83.60000000000001,,83.60000000000001,,104.97999999999999,,104.97999999999999,,3.138471841049465,,3.138471841049465,0.0,23.01,0.0,23.01,0.0,3238.33,0.0,3238.33,,,,,,,,,,,,,,0.0,0.0,3344.9400000000005,0.0,0.0,,0.0,,0.0,,,,,,,,3344.9400000000005,0.0
552,SIKKIM,Namchi,,0.0,2203.5,0.0,2203.5,0.0,28000.0,0.0,28000.0,45130.0,73130.0,0.0,3478.3199999999997,0.0,3478.3199999999997,,,,,0.0,0.0,0.0,0.0,0.0,66.88,0.0,66.88,,0.76,,0.76,,,,,,,,,,,,,0.0,3545.96,0.0,3545.96,,,,,,,,,,,,0.0,,,,0.0,,,,,,,,,,,,,,,,0.0,0.0,3545.96,0.0,3545.96,0.0,354.58,0.0,354.58,0.0,3191.38,0.0,3191.38,,61.2179825,,61.2179825,,16.189999999999998,,16.189999999999998,,136.45000000000002,,136.45000000000002,,213.90999999999997,,213.90999999999997,,6.702743013993945,,6.702743013993945,0.0,69.87,0.0,69.87,0.0,2968.83,0.0,2968.83,,,,,,,,,,,,,,0.0,0.0,3191.38,0.0,0.0,,0.0,,0.0,,,,,,,,3191.38,0.0
553,SIKKIM,Pakyong,,0.0,2756.4,0.0,2756.4,0.0,26100.0,0.0,26100.0,2356.0,28456.0,0.0,4964.389999999999,0.0,4964.389999999999,,,,,0.0,0.0,0.0,0.0,0.0,57.89999999999999,0.0,57.89999999999999,,0.52,,0.52,,,,,,,,,,,,,0.0,5022.8099999999995,0.0,5022.8099999999995,,,,,,,,,,,,0.0,,,,0.0,,,,,,,,,,,,,,,,0.0,0.0,5022.8099999999995,0.0,5022.8099999999995,0.0,502.28000000000003,0.0,502.28000000000003,0.0,4520.53,0.0,4520.53,,38.343615,,38.343615,,61.20205,,61.20205,,120.6,,120.6,,220.16,,220.16,,4.8702253939250495,,4.8702253939250495,0.0,45.88999999999999,0.0,45.88999999999999,0.0,4292.83,0.0,4292.83,,,,,,,,,,,,,,0.0,0.0,4520.53,0.0,0.0,,0.0,,0.0,,,,,,,,4520.53,0.0
554,SIKKIM,Soreng,,0.0,2041.7,0.0,2041.7,0.0,9800.0,0.0,9800.0,19188.0,28988.0,0.0,1239.6000000000001,0.0,1239.6000000000001,,,,,0.0,0.0,0.0,0.0,0.0,30.66,0.0,30.66,,0.71,,0.71,,,,,,,,,,,,,0.0,1270.97,0.0,1270.97,,,,,,,,,,,,0.0,,,,0.0,,,,,,,,,,,,,,,,0.0,0.0,1270.97,0.0,1270.97,0.0,127.10000000000001,0.0,127.10000000000001,0.0,1143.8700000000001,0.0,1143.8700000000001,,27.339959999999994,,27.339959999999994,,0.0,,0.0,,62.7,,62.7,,90.05000000000001,,90.05000000000001,,7.872398087195223,,7.872398087195223,0.0,30.85,0.0,30.85,0.0,1050.31,0.0,1050.31,,,,,,,,,,,,,,0.0,0.0,1143.8700000000001,0.0,0.0,,0.0,,0.0,,,,,,,,1143.8700000000001,0.0
555,TAMILNADU,ARIYALUR,,0.0,987.7355669119177,0.0,987.7355669119177,0.0,192658.65000000002,0.0,192658.65000000002,739.49,193398.14,0.0,19448.239999999998,0.0,19448.239999999998,9666.57,,0.0,9666.57,0.0,2099.5600000000004,0.0,2099.5600000000004,0.0,6070.490000000001,0.0,6070.490000000001,0.0,393.31,0.0,393.31,0.0,3364.0060000000003,0.0,3364.0060000000003,,,,,,,,,9666.57,31375.620000000003,0.0,41042.189999999995,,,,,,,,,,,,0.0,,,,0.0,,,,,,,,,,,,,,,,0.0,9666.57,31375.620000000003,0.0,41042.189999999995,966.6600000000001,2734.63,0.0,3701.29,8699.91,28640.99,0.0,37340.9,,1933.451867425,,1933.451867425,,84.23214,,84.23214,,16088.46,,16088.46,,18106.13,,18106.13,,63.217542410370584,,48.488734872485665,0.0,2044.67,0.0,2044.67,8699.91,10593.79,0.0,19293.7,,,,,,,,,,,,,,0.0,0.0,37340.9,0.0,0.0,,0.0,,0.0,,,,,,,,37340.9,0.0
556,TAMILNADU,CHENGALPATTU,,0.0,1274.1676545309433,0.0,1274.1676545309433,0.0,242414.87999999995,0.0,242414.87999999995,20175.27,262590.14999999997,0.0,22924.899999999998,0.0,22924.899999999998,82.63,,,82.63,0.0,27204.690000000002,0.0,27204.690000000002,0.0,9626.440000000002,0.0,9626.440000000002,0.0,4273.38,0.0,4273.38,0.0,4980.32,0.0,4980.32,,,,,,,,,82.63,69009.73,0.0,69092.35999999999,,,,,,,,,,,,0.0,,,,0.0,,,,,,,,,,,,,,,,0.0,82.63,69009.73,0.0,69092.35999999999,8.27,6242.0999999999985,0.0,6250.37,74.35999999999999,62767.63,0.0,62841.98999999999,,762.8928900999999,,762.8928900999999,,536.1485600000001,,536.1485600000001,,39065.75343999999,,39065.75343999999,,40364.83000000001,,40364.83000000001,,64.30835448144212,,64.23225935397656,0.0,1619.7,0.0,1619.7,74.35999999999999,21709.6,0.0,21783.96,,,,,,,,,,,,,,0.0,0.0,62841.99,0.0,0.0,,0.0,,0.0,,,,,,,,62841.99,0.0
557,TAMILNADU,CHENNAI,,0.0,1453.2437608004739,0.0,1453.2437608004739,0.0,44628.481400000004,0.0,44628.481400000004,0.0,44628.481400000004,0.0,7643.810000000001,0.0,7643.810000000001,137.62,,0.0,137.62,0.0,13.66,0.0,13.66,0.0,39.839999999999996,0.0,39.839999999999996,0.0,297.62,0.0,297.62,0.0,1663.898,0.0,1663.898,,,,,,,,,137.62,9658.83,0.0,9796.45,,,,,,,,,,,,0.0,,,,0.0,,,,,,,,,,,,,,,,0.0,137.62,9658.83,0.0,9796.45,13.77,865.3800000000001,0.0,879.1500000000001,123.85,8793.45,0.0,8917.300000000001,,9340.04010375,,9340.04010375,,1345.1000000000001,,1345.1000000000001,,169.3,,169.3,,10854.47,,10854.47,,123.43812724243612,,121.72372803427045,0.0,9577.410000000002,0.0,9577.410000000002,123.85,681.34,0.0,805.19,,,,,,,,,,,,,,0.0,0.0,8917.300000000001,0.0,0.0,,0.0,,0.0,,,,,,,,8917.300000000001,0.0
558,TAMILNADU,COIMBATORE,,1027.5903287849721,966.5096564987275,0.0,971.5734575515311,29882.630999999998,330568.17900000006,0.0,360450.81,6647.13,367097.94,2482.9900000000002,27927.780000000002,0.0,30410.769999999997,13168.2,,,13168.2,1481.1299999999999,914.0899999999999,0.0,2395.2200000000003,0.0,12648.530000000002,0.0,12648.530000000002,330.02,0.0,0.0,330.02,3327.3999999999996,19.692,0.0,3347.0919999999996,,,,,,,,,20789.760000000002,41510.09,0.0,62299.85,,,,,,,,,,,,0.0,,,,0.0,,,,,,,,,,,,,,,,0.0,20789.760000000002,41510.09,0.0,62299.85,2078.9900000000002,3935.81,0.0,6014.799999999999,18710.77,37574.27999999999,0.0,56285.049999999996,0.0,1525.0743681000004,,1525.0743681000004,0.0,1626.5882199999999,,1626.5882199999999,0.0,48543.96,,48543.96,0.0,51695.65,,51695.65,0.0,137.58254316516513,,91.84614742280588,0.0,1891.6799999999998,0.0,1891.6799999999998,18710.77,2666.27,0.0,21377.04,,,,,,,,,,,,,,144962.08000000002,0.0,201247.13,0.0,0.0,,0.0,,0.0,,,,,,,,201247.13,0.0
559,TAMILNADU,CUDDALORE,,0.0,1273.3732890888562,0.0,1273.3732890888562,0.0,363278.485,0.0,363278.485,1395.5150000000003,364674.00000000006,0.0,58683.41999999999,0.0,58683.41999999999,3344.72,,0.0,3344.72,0.0,33626.53,0.0,33626.53,0.0,14088.850000000002,0.0,14088.850000000002,0.0,2137.27,0.0,2137.27,0.0,5916.554000000001,0.0,5916.554000000001,,,,,,,,,3344.72,114452.58000000002,0.0,117797.29999999999,,,,,,,,,,,,0.0,,,,0.0,,,,,,,,,,,,,,,,0.0,3344.72,114452.58000000002,0.0,117797.29999999999,334.47999999999996,10519.09,0.0,10853.56,3010.24,103933.48999999999,0.0,106943.73000000001,,1780.2179735000002,,1780.2179735000002,,83.981,,83.981,,65822.151,,65822.151,,67686.36,,67686.36,,65.12468695124161,,63.29156463871234,0.0,3620.4700000000003,0.0,3620.4700000000003,3010.24,42991.17,0.0,46001.409999999996,,,,,,,,,,,,,,0.0,0.0,106943.73,0.0,0.0,,0.0,,0.0,,,,,,,,106943.73,0.0
560,TAMILNADU,DHARMAPURI,,0.0,868.7838762610146,0.0,868.7838762610146,0.0,285599.885,0.0,285599.885,57398.979999999996,342998.86500000005,0.0,25096.11,0.0,25096.11,150.15,,,150.15,0.0,0.0,0.0,0.0,0.0,16861.16,0.0,16861.16,0.0,232.03000000000003,0.0,232.03000000000003,0.0,10657.610999999999,0.0,10657.610999999999,,,,,,,,,150.15,52846.9,0.0,52997.05,,,,,,,,,,,,0.0,,,,0.0,,,,,,,,,,,,,,,,0.0,150.15,52846.9,0.0,52997.05,15.030000000000001,5040.280000000001,0.0,5055.32,135.12,47806.619999999995,0.0,47941.74,,763.125978875,,763.125978875,,47.5,,47.5,,42152.89,,42152.89,,42963.53,,42963.53,,89.8694155746631,,89.61612573928272,0.0,1716.3799999999997,0.0,1716.3799999999997,135.12,7713.91,0.0,7849.03,,,,,,,,,,,,,,0.0,0.0,47941.740000000005,0.0,0.0,,0.0,,0.0,,,,,,,,47941.740000000005,0.0
561,TAMILNADU,DINDIGUL,,0.0,853.8109957768618,0.0,853.8109957768618,0.0,487741.1000000001,0.0,487741.1000000001,138923.05,626664.15,0.0,25198.21,0.0,25198.21,5832.49,,,5832.49,0.0,3674.96,0.0,3674.96,0.0,21287.51,0.0,21287.51,0.0,267.09,0.0,267.09,0.0,3260.3179999999998,0.0,3260.3179999999998,,,,,,,,,5832.49,53688.12999999999,0.0,59520.619999999995,,,,,,,,,,,,0.0,,,,0.0,,,,,,,,,,,,,,,,0.0,5832.49,53688.12999999999,0.0,59520.619999999995,583.26,5302.740000000001,0.0,5886.009999999999,5249.2300000000005,48385.39,0.0,53634.62,,1742.8339233,,1742.8339233,,429.9217325,,429.9217325,,60821.667,,60821.667,,62994.42,,62994.42,,130.19306034321517,,117.45104188302255,0.0,5026.04,0.0,5026.04,5249.2300000000005,3864.7300000000005,0.0,9113.960000000001,,,,,,,,,,,,,,0.0,0.0,53634.62,0.0,0.0,,0.0,,0.0,,,,,,,,53634.62,0.0
562,TAMILNADU,ERODE,,0.0,713.333306867538,0.0,713.333306867538,0.0,346340.12000000005,0.0,346340.12000000005,1425.0,347765.12000000005,0.0,17692.370000000003,0.0,17692.370000000003,14508.07,,0.0,14508.07,0.0,35348.8,0.0,35348.8,0.0,21343.620000000003,0.0,21343.620000000003,0.0,358.88000000000005,0.0,358.88000000000005,0.0,1862.2959999999998,0.0,1862.2959999999998,,,,,,,,,14508.07,76605.95999999999,0.0,91114.03,,,,,,,,,,,,0.0,,,,0.0,,,,,,,,,,,,,,,,0.0,14508.07,76605.95999999999,0.0,91114.03,1450.82,7488.51,0.0,8939.32,13057.25,69117.45,0.0,82174.70000000001,,924.9173828,,924.9173828,,1197.8115109999999,,1197.8115109999999,,60981.7,,60981.7,,63104.41000000001,,63104.41000000001,,91.30025774967106,,76.7929910300859,0.0,4261.63,0.0,4261.63,13057.25,12798.09,0.0,25855.34,,,,,,,,,,,,,,0.0,0.0,82174.7,0.0,0.0,,0.0,,0.0,,,,,,,,82174.7,0.0
563,TAMILNADU,KALLAKURICHCHI,,0.0,1048.4990718266556,0.0,1048.4990718266556,0.0,257922.99625000003,0.0,257922.99625000003,57622.310000000005,315545.30624999997,0.0,25910.899999999998,0.0,25910.899999999998,1150.72,,,1150.72,0.0,9294.239999999998,0.0,9294.239999999998,0.0,16763.120000000003,0.0,16763.120000000003,0.0,2723.92,0.0,2723.92,0.0,8872.0,0.0,8872.0,,,,,,,,,1150.72,63564.18000000001,0.0,64714.899999999994,,,,,,,,,,,,0.0,,,,0.0,,,,,,,,,,,,,,,,0.0,1150.72,63564.18000000001,0.0,64714.899999999994,115.08999999999999,5581.04,0.0,5696.13,1035.63,57983.13999999999,0.0,59018.77,,630.346357625,,630.346357625,,37.300000000000004,,37.300000000000004,,47165.736000000004,,47165.736000000004,,47833.39,,47833.39,,82.49534261166264,,81.04775819624842,0.0,1735.64,0.0,1735.64,1035.63,12272.26,0.0,13307.89,,,,,,,,,,,,,,0.0,0.0,59018.77,0.0,0.0,,0.0,,0.0,,,,,,,,59018.77,0.0
564,TAMILNADU,KANCHEEPURAM,,0.0,1245.0611749274733,0.0,1245.0611749274733,0.0,166794.04,0.0,166794.04,3685.0,170479.03999999998,0.0,18510.47,0.0,18510.47,51.040000000000006,,,51.040000000000006,0.0,21673.239999999998,0.0,21673.239999999998,0.0,6106.5,0.0,6106.5,0.0,2812.05,0.0,2812.05,0.0,9993.396,0.0,9993.396,,,,,,,,,51.040000000000006,59095.64,0.0,59146.68,,,,,,,,,,,,0.0,,,,0.0,,,,,,,,,,,,,,,,0.0,51.040000000000006,59095.64,0.0,59146.68,5.12,5598.87,0.0,5603.99,45.92,53496.770000000004,0.0,53542.69,,324.124453,,324.124453,,1213.5912,,1213.5912,,24650.28,,24650.28,,26188.010000000002,,26188.010000000002,,48.95250685228286,,48.91052354672505,0.0,1058.9,0.0,1058.9,45.92,26836.28,0.0,26882.199999999997,,,,,,,,,,,,,,0.0,0.0,53542.69,0.0,0.0,,0.0,,0.0,,,,,,,,53542.69,0.0
565,TAMILNADU,KANNIYAKUMARI,,0.0,1292.6696828685963,0.0,1292.6696828685963,0.0,113044.97,0.0,113044.97,4772.030000000001,117817.0,0.0,10838.94,0.0,10838.94,11851.02,,,11851.02,0.0,7278.33,0.0,7278.33,0.0,822.5699999999998,0.0,822.5699999999998,0.0,942.28,0.0,942.28,0.0,4171.918,0.0,4171.918,,,,,,,,,11851.02,24054.049999999996,0.0,35905.07,,,,,,,,,,,,0.0,,,,0.0,,,,,,,,,,,,,,,,0.0,11851.02,24054.049999999996,0.0,35905.07,1185.1000000000001,2405.4,0.0,3590.48,10665.92,21648.65,0.0,32314.57,,1051.2785052250001,,1051.2785052250001,,141.29861982500003,,141.29861982500003,,3256.2,,3256.2,,4448.7699999999995,,4448.7699999999995,,20.549872624851893,,13.767071633631515,0.0,1278.43,0.0,1278.43,10665.92,17065.95,0.0,27731.870000000003,,,,,,,,,,,,,,76945.33,0.0,109259.9,0.0,0.0,,0.0,,0.0,,,,,,,,109259.9,0.0
566,TAMILNADU,KARUR,,0.0,644.6027242291267,0.0,644.6027242291267,0.0,283369.52,0.0,283369.52,6187.115,289556.635,0.0,13486.980000000001,0.0,13486.980000000001,6737.95,,,6737.95,0.0,2423.7,0.0,2423.7,0.0,8540.82,0.0,8540.82,0.0,59.36000000000001,0.0,59.36000000000001,0.0,1099.788,0.0,1099.788,,,,,,,,,6737.95,25610.64,0.0,32348.59,,,,,,,,,,,,0.0,,,,0.0,,,,,,,,,,,,,,,,0.0,6737.95,25610.64,0.0,32348.59,673.8,2475.87,0.0,3149.6700000000005,6064.15,23134.77,0.0,29198.920000000002,,525.2364046499999,,525.2364046499999,,452.1341440494999,,452.1341440494999,,29132.699999999997,,29132.699999999997,,30110.06,,30110.06,,130.15067796221877,,103.12045787994899,0.0,1258.74,0.0,1258.74,6064.15,10.99,0.0,6075.139999999999,,,,,,,,,,,,,,0.0,0.0,29198.92,0.0,0.0,,0.0,,0.0,,,,,,,,29198.92,0.0
567,TAMILNADU,KRISHNAGIRI,,0.0,792.9798626246802,0.0,792.9798626246802,0.0,310361.425,0.0,310361.425,97194.87499999999,407556.30000000005,0.0,20710.870000000003,0.0,20710.870000000003,101.19,,,101.19,0.0,5852.34,0.0,5852.34,0.0,18284.66,0.0,18284.66,0.0,438.49999999999994,0.0,438.49999999999994,0.0,10433.047999999999,0.0,10433.047999999999,,,,,,,,,101.19,55719.45,0.0,55820.64000000001,,,,,,,,,,,,0.0,,,,0.0,,,,,,,,,,,,,,,,0.0,101.19,55719.45,0.0,55820.64000000001,10.12,5339.17,0.0,5349.28,91.07000000000001,50380.280000000006,0.0,50471.350000000006,,465.0766145,,465.0766145,,763.509568,,763.509568,,45394.759999999995,,45394.759999999995,,46623.35,,46623.35,,92.54285605399572,,92.37587264854218,0.0,2321.29,0.0,2321.29,91.07000000000001,7316.99,0.0,7408.0599999999995,,,,,,,,,,,,,,4809720.649999999,0.0,4860191.999999999,0.0,0.0,,0.0,,0.0,,,,,,,,4860191.999999999,0.0
568,TAMILNADU,MADURAI,,0.0,866.5378428821034,0.0,866.5378428821034,0.0,325646.735,0.0,325646.735,36021.25,361667.98500000004,0.0,26193.379999999997,0.0,26193.379999999997,9420.9,,,9420.9,0.0,8732.080000000002,0.0,8732.080000000002,0.0,17472.45,0.0,17472.45,0.0,4964.11,0.0,4964.11,0.0,11373.832,0.0,11373.832,,,,,,,,,9420.9,68735.9,0.0,75949.59999999999,,,,,,,,,,,,0.0,,,,0.0,,,,,,,,,,,,,,,,0.0,9420.9,68735.9,0.0,75949.59999999999,721.3799999999999,6666.35,0.0,7387.73,8699.519999999999,62069.55,0.0,70769.06999999999,,4569.6532465,,4569.6532465,,3359.314,,3359.314,,41949.99999999999,,41949.99999999999,,49878.94999999999,,49878.94999999999,,80.35977383435193,,70.48128511509336,0.0,6291.9800000000005,0.0,6291.9800000000005,8699.519999999999,13974.019999999999,0.0,22673.539999999997,,,,,,,,,,,,,,0.0,0.0,70769.07,0.0,0.0,,0.0,,0.0,,,,,,,,70769.07,0.0
569,TAMILNADU,MAYILADUTHURAI,,0.0,1360.0488286691157,934.91,1327.3838245732284,0.0,107323.645,8932.385,116256.03000000001,1102.21,117358.24,0.0,13768.989999999998,400.36999999999995,14169.359999999999,116.08999999999997,,0.0,116.08999999999997,0.0,26605.45,588.59,27194.04,0.0,4619.96,51.29,4671.25,0.0,17.72,0.0,17.72,0.0,336.10799999999995,0.0,336.10799999999995,,,,,,,,,116.08999999999997,45348.259999999995,1040.25,46504.600000000006,,,,,,,,,,,,0.0,,,,0.0,,,,,,,,,,,,,,,,0.0,116.08999999999997,45348.259999999995,1040.25,46504.600000000006,11.600000000000001,4534.8099999999995,104.02,4650.429999999999,104.49000000000001,40813.45,936.23,41854.17,,1409.9083970000002,0.0,1409.9083970000002,,0.0,0.0,0.0,,46308.618899999994,7206.6415000000015,53515.2604,,47718.53,7206.64,54925.17,,116.91863834103708,769.7510227187764,116.62006933877905,0.0,6703.12,0.0,6703.12,104.49000000000001,2729.49,0.0,2833.9799999999996,,,,,,,,,,,,,,0.0,0.0,40917.939999999995,936.23,0.0,,0.0,,0.0,,,,,,,,40917.939999999995,936.23
570,TAMILNADU,NAGAPATTINAM,,0.0,0.0,1363.1864244921499,1363.1864244921499,0.0,0.0,150694.0,150694.0,3531.0,154225.0,0.0,0.0,24215.42,24215.42,,,0.0,0.0,0.0,0.0,46619.41,46619.41,0.0,0.0,922.68,922.68,0.0,0.0,0.0,0.0,0.0,0.004,0.0,0.004,,,,,,,,,0.0,0.0,71757.51,71757.51,,,,,,,,,,,,0.0,,,,0.0,,,,,,,,,,,,,,,,0.0,0.0,0.0,71757.51,71757.51,0.0,0.0,7175.76,7175.76,0.0,0.0,64581.75,64581.75,,,610.38,610.38,,,3081.1874901300002,3081.1874901300002,,,27807.683599999997,27807.683599999997,,,31499.269999999997,31499.269999999997,,,48.7742589818331,0.0,0.0,0.0,610.38,0.0,0.0,0.0,47395.16,0.0,,,,,,,,,,,,,,0.0,0.0,0.0,64581.75,0.0,,0.0,,0.0,,,,,,,,0.0,64581.75
571,TAMILNADU,NAMAKKAL,,0.0,706.7318921398431,0.0,706.7318921398431,0.0,292810.44000000006,0.0,292810.44000000006,1401.3899999999999,294211.83,0.0,25472.77,0.0,25472.77,7512.09,,0.0,7512.09,0.0,3842.68,0.0,3842.68,0.0,20827.699999999997,0.0,20827.699999999997,0.0,512.16,0.0,512.16,0.0,0.0,0.0,0.0,,,,,,,,,7512.09,50655.31,0.0,58167.4,0.0,0.0,0.0,0.0,,,,,0.0,0.0,0.0,0.0,0.0,0.0,0.0,0.0,0.0,0.0,0.0,0.0,0.0,0.0,0.0,0.0,0.0,0.0,0.0,0.0,0.0,0.0,0.0,0.0,7512.09,50655.31,0.0,58167.4,751.19,4982.55,0.0,5733.74,6760.900000000001,45672.759999999995,0.0,52433.659999999996,,1044.274275,,1044.274275,,589.2311300000001,,589.2311300000001,,59113.880000000005,,59113.880000000005,,60747.37,,60747.37,,133.005690919489,,115.85567362644531,0.0,2120.67,0.0,2120.67,6760.900000000001,2220.8599999999997,0.0,8981.76,,,,,,,0.0,0.0,0.0,,,,,0.0,0.0,52433.659999999996,0.0,0.0,,0.0,,0.0,,,,,,,,52433.659999999996,0.0
572,TAMILNADU,PERAMBALUR,,0.0,893.5638325135714,0.0,893.5638325135714,0.0,159453.77000000002,0.0,159453.77000000002,9242.385,168696.155,0.0,10718.720000000001,0.0,10718.720000000001,6923.69,,,6923.69,0.0,0.0,0.0,0.0,0.0,8856.470000000001,0.0,8856.470000000001,0.0,86.88,0.0,86.88,0.0,2298.0240000000003,0.0,2298.0240000000003,,,,,,,,,6923.69,21960.11,0.0,28883.799999999996,,,,,,,,,,,,0.0,,,,0.0,,,,,,,,,,,,,,,,0.0,6923.69,21960.11,0.0,28883.799999999996,692.3799999999999,2196.02,0.0,2888.3900000000003,6231.3099999999995,19764.09,0.0,25995.4,,505.16947812499996,,505.16947812499996,,41.8247,,41.8247,,26970.04,,26970.04,,27517.06,,27517.06,,139.2275586682716,,105.85357409387814,0.0,946.3299999999999,0.0,946.3299999999999,6231.3099999999995,1718.57,0.0,7949.879999999999,,,,,,,,,,,,,,0.0,0.0,25995.4,0.0,0.0,,0.0,,0.0,,,,,,,,25995.4,0.0
573,TAMILNADU,PUDUKKOTTAI,,0.0,833.9956101739658,874.4202623902702,835.3903716101905,0.0,428031.47500000003,15296.015000000001,443327.49000000005,7466.825,450794.315,0.0,32431.329999999998,1712.0,34143.33,12218.490000000002,,0.0,12218.490000000002,0.0,24269.310000000005,2614.06,26883.370000000003,0.0,14029.84,5.74,14035.580000000002,0.0,5734.410000000001,451.38,6185.790000000001,0.0,18210.739999999998,1760.1419999999998,19970.881999999998,,,,,,,,,12218.490000000002,94675.65,6543.34,113437.48,,,,,,,,,,,,0.0,,,,0.0,,,,,,,,,,,,,,,,0.0,12218.490000000002,94675.65,6543.34,113437.48,1221.86,9467.580000000002,654.33,11343.769999999999,10996.630000000001,85208.07,5889.01,102093.71,,1066.551891375,2.4899999999999998,1069.041891375,,602.02442682125,0.0,602.02442682125,,45772.34,18.599999999999998,45790.94,,47440.95,21.089999999999996,47462.04,,55.676592604432884,0.35812471026539255,49.31250760097999,0.0,2202.5800000000004,45.09,2202.5800000000004,10996.630000000001,36702.55,5825.32,47699.18000000001,,,,,,,,,,,,,,0.0,0.0,96204.70000000001,5889.01,0.0,,0.0,,0.0,,,,,,,,96204.70000000001,5889.01
574,TAMILNADU,RAMANATHAPURAM,,0.0,785.404552540433,722.0571373384221,770.652432535326,0.0,313720.58,95236.455,408957.03500000003,0.0,408957.03500000003,0.0,16376.600000000002,5402.98,21779.579999999998,0.0,,0.0,0.0,0.0,25133.2,5963.67,31096.87,0.0,788.0799999999999,394.83,1182.9099999999999,0.0,6442.25,657.5600000000001,7099.81,0.0,12204.87,0.0,12204.87,,,,,,,,,0.0,60945.009999999995,12419.04,73364.04999999999,,,,,,,,,,,,0.0,,,,0.0,,,,,,,,,,,,,,,,0.0,0.0,60945.009999999995,12419.04,73364.04999999999,0.0,6094.54,1241.8700000000001,7336.41,0.0,54850.47,11177.17,66027.64,,263.654592,68.186098,331.84068999999994,,68.5,7.2,75.69999999999999,,5697.900000000001,1596.4099999999999,7294.31,,6030.070000000001,1671.8,7701.870000000001,,10.99365237891307,14.957274515821089,10.99365237891307,0.0,1372.27,433.21,1372.27,0.0,47711.780000000006,9140.35,47711.780000000006,,,,,,,,,,,,,,0.0,0.0,54850.47,11177.17,0.0,,0.0,,0.0,,,,,,,,54850.47,11177.17
575,TAMILNADU,RANIPET,,0.0,1040.427014946376,0.0,1040.4270149463757,0.0,175599.09,0.0,175599.09,1.91,175601.0,0.0,15091.639999999998,0.0,15091.639999999998,16.77,,,16.77,0.0,1405.1799999999998,0.0,1405.1799999999998,0.0,9248.57,0.0,9248.57,0.0,2849.06,0.0,2849.06,0.0,4344.9,0.0,4344.9,,,,,,,,,16.77,32939.36,0.0,32956.13,,,,,,,,,,,,0.0,,,,0.0,,,,,,,,,,,,,,,,0.0,16.77,32939.36,0.0,32956.13,1.6800000000000002,2832.65,0.0,2834.33,15.09,30106.709999999995,0.0,30121.800000000003,,1454.03375725,,1454.03375725,,1245.1699999999998,,1245.1699999999998,,22763.32,,22763.32,,25462.52,,25462.52,,84.57423610882758,,84.53186728548758,0.0,2341.3599999999997,0.0,2341.3599999999997,15.09,4932.3099999999995,0.0,4947.4,,,,,,,,,,,,,,0.0,0.0,30121.799999999996,0.0,0.0,,0.0,,0.0,,,,,,,,30121.799999999996,0.0
576,TAMILNADU,SALEM,,0.0,883.3774101728336,0.0,883.3774101728336,0.0,394848.395,0.0,394848.395,22578.49,417426.88500000007,0.0,20770.53,0.0,20770.53,9843.28,,0.0,9843.28,0.0,1339.12,0.0,1339.12,0.0,18141.239999999998,0.0,18141.239999999998,0.0,1171.75,0.0,1171.75,0.0,1480.872,0.0,1480.872,,,,,,,,,9843.28,42903.5,0.0,52746.780000000006,,,,,,,,,,,,0.0,,,,0.0,,,,,,,,,,,,,,,,0.0,9843.28,42903.5,0.0,52746.780000000006,984.3499999999998,4231.610000000001,0.0,5215.96,8858.929999999998,38671.89,0.0,47530.82000000001,,1062.279901,,1062.279901,,344.3,,344.3,,68713.82999999999,,68713.82999999999,,70120.4,,70120.4,,181.32136805312592,,147.52617354381846,0.0,2615.03,0.0,2615.03,8858.929999999998,872.9199999999998,0.0,9731.849999999999,,,,,,,,,,,,,,0.0,0.0,47530.82,0.0,0.0,,0.0,,0.0,,,,,,,,47530.82,0.0
577,TAMILNADU,SIVAGANGAI,,0.0,885.4756728428082,0.0,885.4756728428082,0.0,403261.49999999994,0.0,403261.49999999994,15638.615000000002,418900.115,0.0,36304.12,0.0,36304.12,1691.4899999999998,,,1691.4899999999998,0.0,32058.86,0.0,32058.86,0.0,3414.1200000000003,0.0,3414.1200000000003,0.0,4536.96,0.0,4536.96,0.0,0.0,0.0,0.0,,,,,,,,,1691.4899999999998,76314.06,0.0,78005.55,,,,,,,,,,,,0.0,,,,0.0,,,,,,,,,,,,,,,,0.0,1691.4899999999998,76314.06,0.0,78005.55,169.17000000000002,7408.2300000000005,0.0,7577.39,1522.3200000000002,68905.82999999999,0.0,70428.15,,1430.791800225,,1430.791800225,,260.16150000000005,,260.16150000000005,,16647.12,,16647.12,,18338.08,,18338.08,,26.61324883540334,,26.037997590452118,0.0,5161.23,0.0,5161.23,1522.3200000000002,46837.31,0.0,48359.63,,,,,,,,,,,,,,0.0,0.0,70428.15000000001,0.0,0.0,,0.0,,0.0,,,,,,,,70428.15000000001,0.0
578,TAMILNADU,TENKASI,,0.0,811.3871263091983,0.0,811.3871263091983,0.0,244244.40500000003,0.0,244244.40500000003,43999.43,288243.83499999996,0.0,13956.939999999999,0.0,13956.939999999999,15918.710000000001,,,15918.710000000001,0.0,16144.210000000001,0.0,16144.210000000001,0.0,10940.900000000001,0.0,10940.900000000001,0.0,2219.12,0.0,2219.12,,362.62199999999996,,362.62199999999996,,,,,,,,,15918.710000000001,43623.77000000001,0.0,59542.48000000001,,,,,,,,,,,,0.0,,,,0.0,,,,,,,,,,,,,,,,0.0,15918.710000000001,43623.77000000001,0.0,59542.48000000001,1591.8800000000003,4284.8099999999995,0.0,5876.69,14326.83,39338.96,0.0,53665.79,,895.9331433,,895.9331433,,187.07712305,,187.07712305,,39827.340000000004,,39827.340000000004,,40910.3,,40910.3,,103.9943608066914,,76.23161794506333,0.0,2499.62,0.0,2499.62,14326.83,6977.73,0.0,21304.559999999998,,,,,,,,,,,,,,65503.6,0.0,119169.39000000003,0.0,0.0,,0.0,,0.0,,,,,,,,119169.39000000003,0.0
579,TAMILNADU,THANJAVUR,,0.0,1033.327190247155,0.0,1033.327190247155,0.0,339469.96499999997,0.0,339469.96499999997,187.91500000000002,339657.87999999995,0.0,63022.45,0.0,63022.45,4334.91,,0.0,4334.91,0.0,26419.13,0.0,26419.13,0.0,19023.57,0.0,19023.57,,1863.62,,1863.62,0.0,1313.3519999999999,0.0,1313.3519999999999,,,,,,,,,4334.91,111642.15999999999,0.0,115977.07,,,,,,,,,,,,0.0,,,,0.0,,,,,,,,,,,,,,,,0.0,4334.91,111642.15999999999,0.0,115977.07,433.5,10972.759999999998,0.0,11406.250000000002,3901.41,100669.4,0.0,104570.81,,8725.98693325,,8725.98693325,,768.4133095,,768.4133095,,95958.26159999998,,95958.26159999998,,105452.67000000001,,105452.67000000001,,104.75146370197896,,100.84331373162358,0.0,9067.32,0.0,9067.32,3901.41,9719.45,0.0,13620.86,,,,,,,,,,,,,,0.0,0.0,104570.81,0.0,0.0,,0.0,,0.0,,,,,,,,104570.81,0.0
580,TAMILNADU,THE NILGIRIS,,0.0,1801.7766053077505,0.0,1801.7766053077505,0.0,111972.48,0.0,111972.48,142512.46000000002,254484.94,0.0,7434.99,0.0,7434.99,164.35,,,164.35,0.0,0.0,0.0,0.0,0.0,222.04,0.0,222.04,0.0,0.0,0.0,0.0,0.0,140.796,0.0,140.796,,,,,,,,,164.35,7797.83,0.0,7962.18,,,,,,,,,,,,0.0,,,,0.0,,,,,,,,,,,,,,,,0.0,164.35,7797.83,0.0,7962.18,16.439999999999998,779.78,0.0,796.22,147.91,7018.049999999999,0.0,7165.959999999999,,209.592094,,209.592094,,52.4,,52.4,,654.1999999999999,,654.1999999999999,,916.18,,916.18,,13.054623435284732,,12.785167653740743,0.0,9940.14,0.0,9940.14,147.91,4218.5599999999995,0.0,4366.469999999999,,,,,,,,,,,,,,0.0,0.0,7165.959999999999,0.0,0.0,,0.0,,0.0,,,,,,,,7165.959999999999,0.0
581,TAMILNADU,THENI,,0.0,760.1229493070089,0.0,760.1229493070089,0.0,189417.31,0.0,189417.31,68236.81,257654.12,0.0,7568.530000000001,0.0,7568.530000000001,5894.599999999999,,,5894.599999999999,0.0,7918.92,0.0,7918.92,0.0,6796.369999999999,0.0,6796.369999999999,0.0,176.52,0.0,176.52,0.0,1618.98,0.0,1618.98,,,,,,,,,5894.599999999999,24079.29,0.0,29973.89,,,,,,,,,,,,0.0,,,,0.0,,,,,,,,,,,,,,,,0.0,5894.599999999999,24079.29,0.0,29973.89,589.46,2407.93,0.0,2997.38,5305.14,21671.36,0.0,26976.5,,701.4233266,,701.4233266,,127.12442499999999,,127.12442499999999,,21731.617000000002,,21731.617000000002,,22560.19,,22560.19,,104.10140388051326,,83.62904750430931,0.0,1006.08,0.0,1006.08,5305.14,2609.83,0.0,7914.97,,,,,,,,,,,,,,0.0,0.0,26976.5,0.0,0.0,,0.0,,0.0,,,,,,,,26976.5,0.0
582,TAMILNADU,THIRUVARUR,,0.0,1198.1857301065284,1266.4589571183535,1210.4767899407118,0.0,169945.2,37312.0,207257.19999999995,2452.0,209709.19999999995,0.0,18722.98,5670.51,24393.49,2883.54,,0.0,2883.54,0.0,28553.02,29679.85,58232.869999999995,0.0,1588.53,22.119999999999997,1610.6499999999999,0.0,145.32999999999998,2.63,147.96,0.0,1428.4140000000002,0.0,1428.4140000000002,,,,,,,,,2883.54,50438.3,35375.11,88696.95,,,,,,,,,,,,0.0,,,,0.0,,,,,,,,,,,,,,,,0.0,2883.54,50438.3,35375.11,88696.95,288.36,5043.85,3537.4999999999995,8869.71,2595.1800000000003,45394.45,31837.61,79827.24,,2826.387778,20.24,2846.6277779999996,,779.4564224999999,6.653602000000001,786.1100244999999,,22191.995,220.63575,22412.63075,,25797.829999999998,247.54,26045.37,,56.830361420834485,0.7775081106904694,53.757092938620275,0.0,9502.81,20.24,9502.81,2595.1800000000003,20273.15,31590.07,22868.33,,,,,,,,,,,,,,0.0,0.0,47989.63,31837.61,0.0,,0.0,,0.0,,,,,,,,47989.63,31837.61
583,TAMILNADU,THOOTHUKUDI,,0.0,620.6298923432553,0.0,620.6298923432553,0.0,459711.56,0.0,459711.56,3890.0600000000004,463601.62,0.0,23605.749999999996,0.0,23605.749999999996,20311.73,,,20311.73,0.0,11970.860000000002,0.0,11970.860000000002,0.0,5798.17,0.0,5798.17,0.0,5081.9400000000005,0.0,5081.9400000000005,0.0,19105.108,0.0,19105.108,,,,,,,,,20311.73,65561.84000000001,0.0,85873.56999999999,,,,,,,,,,,,0.0,,,,0.0,,,,,,,,,,,,,,,,0.0,20311.73,65561.84000000001,0.0,85873.56999999999,2031.22,6338.829999999999,0.0,8370.07,18280.51,59223.009999999995,0.0,77503.52000000002,,464.6651,,464.6651,,420.61389814999995,,420.61389814999995,,20499.32,,20499.32,,21384.64,,21384.64,,36.108667897832284,,27.591830667819984,0.0,1764.5099999999998,0.0,1764.5099999999998,18280.51,37130.49,0.0,55411.0,,,,,,,,,,,,,,0.0,0.0,77503.52,0.0,0.0,,0.0,,0.0,,,,,,,,77503.52,0.0
584,TAMILNADU,TIRUCHIRAPPALLI,,0.0,751.4777237913103,0.0,751.4777237913103,0.0,403609.8050000001,0.0,403609.8050000001,17167.469999999998,420777.275,0.0,22600.239999999998,0.0,22600.239999999998,15031.499999999996,,0.0,15031.499999999996,0.0,12625.4,0.0,12625.4,0.0,18253.730000000003,0.0,18253.730000000003,0.0,1832.34,0.0,1832.34,0.0,558.62,0.0,558.62,,,,,,,,,15031.499999999996,55870.329999999994,0.0,70901.83,,,,,,,,,,,,0.0,,,,0.0,,,,,,,,,,,,,,,,0.0,15031.499999999996,55870.329999999994,0.0,70901.83,1503.1599999999999,5155.9400000000005,0.0,6659.109999999999,13528.339999999998,50714.39000000001,0.0,64242.72999999999,,1159.3549141749997,,1159.3549141749997,,647.726506967,,647.726506967,,52609.593,,52609.593,,54416.70999999999,,54416.70999999999,,107.30033428381962,,84.7048529849214,0.0,3024.9700000000003,0.0,3024.9700000000003,13528.339999999998,10033.990000000002,0.0,23562.33,,,,,,,,,,,,,,0.0,0.0,64242.73,0.0,0.0,,0.0,,0.0,,,,,,,,64242.73,0.0
585,TAMILNADU,TIRUNELVELI,,0.0,965.075818992403,0.0,965.075818992403,0.0,303847.965,0.0,303847.965,83758.23,387606.195,0.0,21871.789999999997,0.0,21871.789999999997,31390.809999999998,,0.0,31390.809999999998,0.0,20166.17,0.0,20166.17,0.0,12245.92,0.0,12245.92,0.0,1594.3000000000002,0.0,1594.3000000000002,0.0,424.178,0.0,424.178,,,,,,,,,31390.809999999998,56302.33,0.0,87693.13999999998,,,,,,,,,,,,0.0,,,,0.0,,,,,,,,,,,,,,,,0.0,31390.809999999998,56302.33,0.0,87693.13999999998,3139.0800000000004,5553.34,0.0,8692.42,28251.729999999996,50748.98999999999,0.0,79000.72,,740.473363125,,740.473363125,,126.44011245000002,,126.44011245000002,,31513.85,,31513.85,,32380.760000000002,,32380.760000000002,,63.805723030152926,,40.987930236585186,0.0,1339.9699999999998,0.0,1339.9699999999998,28251.730000000003,18468.18,0.0,46719.91,,,,,,,,,,,,,,85506.97,0.0,164507.69,0.0,0.0,,0.0,,0.0,,,,,,,,164507.69,0.0
586,TAMILNADU,TIRUPATHUR,,0.0,801.2768963378564,0.0,801.2768963378564,0.0,110880.69,0.0,110880.69,5300.085,116180.775,0.0,5698.799999999999,0.0,5698.799999999999,0.0,,,0.0,0.0,0.0,0.0,0.0,0.0,4065.93,0.0,4065.93,0.0,124.3,0.0,124.3,0.0,889.736,0.0,889.736,,,,,,,,,0.0,10778.77,0.0,10778.77,,,,,,,,,,,,0.0,,,,0.0,,,,,,,,,,,,,,,,0.0,0.0,10778.77,0.0,10778.77,0.0,1065.87,0.0,1065.87,0.0,9712.9,0.0,9712.9,,492.0173085,,492.0173085,,31.085,,31.085,,13354.119999999999,,13354.119999999999,,13877.23,,13877.23,,142.87421882239084,,142.87421882239084,0.0,2236.07,0.0,2236.07,0.0,157.68,0.0,157.68,,,,,,,,,,,,,,0.0,0.0,9712.900000000001,0.0,0.0,,0.0,,0.0,,,,,,,,9712.900000000001,0.0
587,TAMILNADU,TIRUPPUR,,0.0,632.2723161721086,0.0,632.2723161721085,0.0,471390.79,0.0,471390.79,1238.38,472629.17,0.0,18724.06,0.0,18724.06,17448.750000000004,,,17448.750000000004,0.0,8958.05,0.0,8958.05,0.0,18569.649999999998,0.0,18569.649999999998,0.0,380.29999999999995,0.0,380.29999999999995,0.0,6152.965999999999,0.0,6152.965999999999,,,,,,,,,17448.750000000004,52785.03,0.0,70233.78,,,,,,,,,,,,0.0,,,,0.0,,,,,,,,,,,,,,,,0.0,17448.750000000004,52785.03,0.0,70233.78,1744.8899999999999,5080.969999999999,0.0,6825.8499999999985,15703.86,47704.060000000005,0.0,63407.92,,597.1477099999998,,597.1477099999998,,841.6791499999999,,841.6791499999999,,53056.19000000001,,53056.19000000001,,54494.93000000001,,54494.93000000001,,114.23541308643333,,85.94341211634132,0.0,3581.8500000000004,0.0,3581.8500000000004,15703.86,2642.06,0.0,18345.920000000002,,,,,,,,,,,,,,213060.72999999998,0.0,276468.65,0.0,0.0,,0.0,,0.0,,,,,,,,276468.65,0.0
588,TAMILNADU,TIRUVALLUR,,0.0,1236.1034032135465,1301.3,1237.586148789522,0.0,297300.18000000005,6918.755,304218.93500000006,19736.01,323954.94499999995,0.0,51659.89,1091.28,52751.17,1597.59,,0.56,1598.1499999999999,0.0,5472.59,12.49,5485.08,0.0,11763.630000000001,80.3,11843.93,0.0,7280.809999999999,116.49,7397.299999999998,0.0,4295.702,63.85,4359.552,,,,,,,,,1597.59,80472.66,1364.97,83435.22,,,,,,,,,,,,0.0,,,,0.0,,,,,,,,,,,,,,,,0.0,1597.59,80472.66,1364.97,83435.22,159.76999999999998,6665.200000000001,136.5,6961.469999999999,1437.8200000000002,73807.46,1228.47,76473.75,,2093.137479375,44.577269,2137.714748375,,1323.803,1.6,1325.4030000000002,,38258.204521666674,504.2400583333333,38762.444579999996,,41675.16,550.42,42225.58,,56.46469882583685,44.805326951411104,55.38574645479425,0.0,7371.819999999999,69.75,7371.819999999999,1437.8200000000002,27579.729999999996,652.88,29017.549999999996,,,,,,,,,,,,,,0.0,0.0,75245.28000000001,1228.47,0.0,,0.0,,0.0,,,,,,,,75245.28000000001,1228.47
589,TAMILNADU,TIRUVANNAMALAI,,0.0,1073.2195853711464,0.0,1073.2195853711464,0.0,478395.18500000006,0.0,478395.18500000006,1010.1850000000007,479405.37000000005,0.0,29086.83,0.0,29086.83,980.23,,,980.23,0.0,13556.85,0.0,13556.85,0.0,30677.17,0.0,30677.17,0.0,18550.55,0.0,18550.55,0.0,19451.31,0.0,19451.31,,,,,,,,,980.23,111322.68000000002,0.0,112302.91,,,,,,,,,,,,0.0,,,,0.0,,,,,,,,,,,,,,,,0.0,980.23,111322.68000000002,0.0,112302.91,98.03999999999998,10647.140000000001,0.0,10745.169999999998,882.19,100675.54000000001,0.0,101557.73,,7580.781234999999,,7580.781234999999,,3010.2716400000004,,3010.2716400000004,,76692.86600000001,,76692.86600000001,,87283.91000000002,,87283.91000000002,,86.69822878526404,,85.94511712697795,0.0,8421.32,0.0,8421.32,882.19,17746.22,0.0,18628.41,,,,,,,,,,,,,,2198870.47,0.0,2300428.2,0.0,0.0,,0.0,,0.0,,,,,,,,2300428.2,0.0
590,TAMILNADU,VELLORE,,0.0,970.5973003118886,0.0,970.5973003118886,0.0,131692.80500000002,0.0,131692.80500000002,331.0,132023.80500000002,0.0,7848.31,0.0,7848.31,8.98,,,8.98,0.0,2.47,0.0,2.47,0.0,7478.91,0.0,7478.91,0.0,840.78,0.0,840.78,0.0,4014.29,0.0,4014.29,,,,,,,,,8.98,20184.739999999998,0.0,20193.72,,,,,,,,,,,,0.0,,,,0.0,,,,,,,,,,,,,,,,0.0,8.98,20184.739999999998,0.0,20193.72,0.91,2018.5,0.0,2019.4099999999999,8.07,18166.24,0.0,18174.309999999998,,1168.4456022,,1168.4456022,,282.73,,282.73,,20676.33,,20676.33,,22127.51,,22127.51,,121.805668096425,,121.75158231591736,0.0,2908.62,0.0,2908.62,8.07,657.03,0.0,665.1,,,,,,,,,,,,,,0.0,0.0,18174.31,0.0,0.0,,0.0,,0.0,,,,,,,,18174.31,0.0
591,TAMILNADU,VILLUPURAM,,0.0,1063.3783218559515,0.0,1042.8455470884285,0.0,369944.28500000003,7283.9,377228.185,1941.2449999999997,379169.43000000005,0.0,44076.41,0.0,44076.41,247.64999999999998,,,247.64999999999998,0.0,11632.869999999999,0.0,11632.869999999999,0.0,28390.97,0.0,28390.97,0.0,6297.769999999999,0.0,6297.769999999999,0.0,13803.25,0.0,13803.25,,,,,,,,,247.64999999999998,104201.26999999999,0.0,104448.92000000001,,,,,,,,,,,,0.0,,,,0.0,,,,,,,,,,,,,,,,0.0,247.64999999999998,104201.26999999999,0.0,104448.92000000001,24.76,9950.900000000001,0.0,9975.66,222.89,94250.37,0.0,94473.26000000001,,1130.49096,0.0,1130.49096,,53.400000000000006,0.0,53.400000000000006,,79432.31,0.0,79432.31,,80616.18000000001,0.0,80616.18000000001,,85.53407270443608,0.0,85.33227285689094,0.0,3527.4700000000003,0.0,3527.4700000000003,222.89,15496.5,0.0,15719.39,,,,,,,,,,,,,,0.0,0.0,94473.26,0.0,0.0,,0.0,,0.0,,,,,,,,94473.26,0.0
592,TAMILNADU,VIRUDHUNAGAR,,0.0,777.8640724324049,0.0,777.8640724324049,0.0,400189.0399999999,0.0,400189.0399999999,32752.1,432941.14,0.0,13063.370000000003,0.0,13063.370000000003,5270.689999999999,,,5270.689999999999,0.0,18345.84,0.0,18345.84,0.0,8235.560000000001,0.0,8235.560000000001,0.0,2714.8699999999994,0.0,2714.8699999999994,0.0,10272.928000000002,0.0,10272.928000000002,,,,,,,,,5270.689999999999,52632.53999999999,0.0,57903.22999999999,,,,,,,,,,,,0.0,,,,0.0,,,,,,,,,,,,,,,,0.0,5270.689999999999,52632.53999999999,0.0,57903.22999999999,527.0599999999998,5186.38,0.0,5713.43,4743.630000000001,47446.159999999996,0.0,52189.79,,433.91342999999995,,433.91342999999995,,1857.2955199999997,,1857.2955199999997,,31278.44,,31278.44,,33569.659999999996,,33569.659999999996,,70.753165271963,,64.32227452917513,0.0,1815.7199999999996,0.0,1815.7199999999996,4743.630000000001,14211.6,0.0,18955.230000000003,,,,,,,,,,,,,,0.0,0.0,52189.79000000001,0.0,0.0,,0.0,,0.0,,,,,,,,52189.79000000001,0.0
593,TELANGANA,Adilabad,,1435.703677703567,1259.3551066997654,0.0,1267.4990217837847,17592.5,363356.00000000006,0.0,380948.5,34351.5,415300.0,1150.1099999999997,30023.020000000004,,31173.13,76.00000000000003,0.0,,76.00000000000003,2042.6999999999994,94.15000000000003,,2136.8499999999995,293.38999999999993,3771.62,,4065.01,118.86999999999998,253.89999999999998,,372.77,3435.3599999999997,15086.332000000002,,18521.692,,,,,,,,,7116.419999999999,49229.060000000005,,56345.48000000001,,,,,,,,,,,,,,,,,,,,,,,,,,,,,,,,,7116.419999999999,49229.060000000005,,56345.48000000001,697.15,4627.96,,5325.11,6419.28,44601.07,0.0,51020.35,159.70338750000002,3009.1157999999996,,3168.8191874999993,6.1,304.78,,310.88,1280.01,15857.05,,17137.060000000005,1445.8299999999997,19170.879999999997,,20616.709999999995,22.5232424820229,42.98300466782523,,40.408797666029336,199.08999999999995,3645.519999999999,,3844.609999999999,4934.07,25467.379999999997,,30401.449999999997,,,,,,,,,,,,,,0.0,0.0,51101.37,0.0,0.0,,0.0,,0.0,,,,,,,,51101.37,0.0
594,TELANGANA,Bhadradri Kothagudem,,1340.7965876690587,1165.3826388373948,0.0,1188.2043323766002,92482.096046449,618361.2791775564,0.0,710843.3752240054,37391.20922231607,748234.5844463216,9782.620000000003,56882.04165297741,,66664.6616529774,603.24,0.0,,603.24,6697.4,26163.920554414788,,32861.32055441478,352.3,7363.518799794661,,7715.818799794661,112.63000000000002,1526.3267197125253,,1638.9567197125255,130.73000000000002,2172.808,,2303.5380000000005,,,,,,,,,17678.89,94108.63772689938,,111787.52772689938,,,,,,,,,,,,,,,,,,,,,,,,,,,,,,,,,17678.89,94108.63772689938,,111787.52772689938,1703.79,8976.216819301848,,10680.006819301845,15975.060000000003,85132.42,0.0,101107.48,743.34672,3640.57384,,4383.9205600000005,208.8,3404.28,,3613.0800000000004,1174.905,24133.715,,25308.62,2127.07,31178.579999999994,,33305.65,13.31494216610141,36.62362705065825,,32.94083682038164,769.9599999999998,4100.545809034907,,4870.5058090349075,13985.670000000002,56390.94484086242,,70376.61484086243,,,,,,,,,,,,,,0.0,0.0,104138.46090759756,0.0,0.0,,0.0,,0.0,,,,,,,,104138.46090759756,0.0
595,TELANGANA,Hanumakonda,,1050.4379932118377,926.5126483239337,0.0,989.3211424877767,81337.77061122001,79147.0716,0.0,160484.84221122,6936.77109278,167421.61330400003,7392.140000000001,6572.19,,13964.33,584.0200000000001,0.0,,584.0200000000001,19844.280000000006,1417.1599999999999,,21261.440000000006,6827.61,3123.6099999999997,,9951.22,1545.6399999999999,3387.58,,4933.219999999999,328.0560000000001,2364.494,,2692.5500000000006,,,,,,,,,36521.75000000001,16865.059999999998,,53386.81,,,,,,,,,,,,,,,,,,,,,,,,,,,,,,,,,36521.75000000001,16865.059999999998,,53386.81,3594.1600000000017,1612.0499999999995,,5206.210000000001,32927.64,15253.01,0.0,48180.65,724.476,979.1299999999999,,1703.6059999999998,549.4200000000001,434.6,,984.0200000000001,16993.794895,9640.947181000001,,26634.742076,18267.74,11054.570000000002,,29322.31,55.478436960559584,72.4746787683218,,60.859100074407465,724.47,979.1299999999999,,1703.5999999999997,14811.600000000002,5205.26,,20016.86,,,,,,,,,,,,,,0.0,0.0,48632.84,0.0,0.0,,0.0,,0.0,,,,,,,,48632.84,0.0
596,TELANGANA,Hyderabad,,0.0,828.1035855293362,0.0,828.1035855293362,0.0,21782.0,0.0,21782.0,0.0,21782.0,,1267.2099999999998,,1267.2099999999998,,,,,,,,,,0.0,,0.0,,400.4800000000001,,400.4800000000001,,68.83000000000001,,68.83000000000001,,4763.7975,,4763.7975,,282.15,,282.15,,6782.51,,6782.51,,,,,,,,,,,,,,,,,,,,,,,,,,,,,,,,,,6782.51,,6782.51,,616.97,,616.97,0.0,6165.549999999998,0.0,6165.549999999998,,5646.031576362528,,5646.031576362528,,415.80000000000007,,415.80000000000007,,0.0,,0.0,,6061.829999999999,,6061.829999999999,,98.31774943030226,,98.31774943030226,,5962.350000000001,,5962.350000000001,,1057.7500000000002,,1057.7500000000002,,,,,,,,,,,,,,71828.44000000002,0.0,77993.98000000001,0.0,0.0,,0.0,,0.0,,,,,,,,77993.98000000001,0.0
597,TELANGANA,Jagtial,,1021.4167545865351,991.5260095759828,0.0,1014.2595326245225,202851.38,63863.94,0.0,266715.32,31763.899999999998,298479.22,15913.15,4897.97,,20811.12,4827.26,0.0,,4827.26,37494.08,2890.25,,40384.33,7608.359999999999,2347.6400000000003,,9956.0,704.99,225.39999999999998,,930.3899999999999,225.96600000000004,411.11800000000005,,637.084,,,,,,,,,66773.57999999999,10772.369999999999,,77545.95,,,,,,,,,,,,,,,,,,,,,,,,,,,,,,,,,66773.57999999999,10772.369999999999,,77545.95,6508.66,982.6099999999999,,7491.2699999999995,60264.969999999994,9789.74,0.0,70054.71000000002,213.73938,86.51177999999999,,300.25115999999997,470.48,125.22,,595.7,18410.059999999998,5831.865,,24241.925,19094.469999999998,6043.67,,25138.139999999992,31.684193985328456,61.73473452818972,,35.88358298821019,1760.94,456.28000000000003,,2217.2200000000003,39624.75,3400.54,,43025.29,,,,,,,,,,,,,,0.0,0.0,70069.87,0.0,0.0,,0.0,,0.0,,,,,,,,70069.87,0.0
598,TELANGANA,Jangaon,,871.0771054792908,908.1789330699507,0.0,893.534211555994,83172.0,127541.0,0.0,210713.0,4657.0,215370.0,6325.937625546938,11374.875672549877,,17700.813298096815,200.53757615057117,0.0,,200.53757615057117,5771.620489659601,3998.7789026471787,,9770.399392306781,2782.5167805621627,5242.368298381554,,8024.8850789437165,2048.3479909111857,2118.8382824455202,,4167.186273356706,451.5986411643328,862.5724167897911,,1314.1710579541239,,,,,,,,,17580.59089502027,23597.493547635622,,41178.08444265589,,,,,,,,,,,,,,,,,,,,,,,,,,,,,,,,,17580.59089502027,23597.493547635622,,41178.08444265589,1453.409105135644,2025.3269215931198,,3478.7360267287645,16127.2,21572.200000000004,0.0,37699.40000000001,548.90292,964.7257199999999,,1513.62864,134.1,331.20000000000005,,465.3,7166.22,13267.77,,20433.99,7849.219999999999,14563.630000000001,,22412.85,48.670692990723744,67.51110225197243,,59.451476681326476,622.6600548325019,1234.2043239903373,,1856.8643788228392,8159.256535022836,6924.975561221057,,15084.232096243893,,,,,,,,,,,,,,0.0,0.0,37699.348415927125,0.0,0.0,,0.0,,0.0,,,,,,,,37699.348415927125,0.0
599,TELANGANA,Jayashankar Bhupalapally,,1035.3253407056059,1086.3507473878324,0.0,1066.595014342125,89251.54000000001,141268.69,0.0,230520.23,5781.0768,236301.30680000002,9158.856587509095,17326.183530902865,,26485.040118411966,176.90088360555194,0.0,,176.90088360555194,2653.2206459306567,3400.0978665516295,,6053.318512482286,2312.2115938256907,2482.320707318183,,4794.532301143874,11051.371289878005,3206.4284960501204,,14257.799785928126,148.36581998134457,245.94687571554837,,394.312695696893,,,,,,,,,25500.93482083985,26661.011476538344,,52161.9462973782,,,,,,,,,,,,,,,,,,,,,,,,,,,,,,,,,25500.93482083985,26661.011476538344,,52161.9462973782,2357.7950812013023,2591.7431472699577,,4949.53822847126,23143.1,24069.21,0.0,47212.31,607.81566,781.6340399999999,,1389.4497,78.74100000000001,1019.6855999999999,,1098.4266,8401.57,9320.86,,17722.43,9088.14,11122.18,,20210.32,39.26932865519313,46.20916099863685,,42.80731021210358,637.7490516042319,796.6690648130509,,1434.4181164172828,14178.246799782708,13244.136566155143,,27422.38336593785,,,,,,,,,,,,,,0.0,0.0,47323.97806890694,0.0,0.0,,0.0,,0.0,,,,,,,,47323.97806890694,0.0
600,TELANGANA,Jogulamba Gadwal,,582.9666561808093,564.91197261322,0.0,578.0184468072032,189010.14,71358.76,0.0,260368.89999999997,672.1,261041.0,9008.48,3956.9400000000005,,12965.419999999998,4332.969999999999,0.0,,4332.969999999999,22955.489999999998,2183.8900000000003,,25139.38,1884.0099999999998,509.78,,2393.7899999999995,1678.94,378.8,,2057.7400000000002,708.0939999999999,1371.3719999999998,,2079.466,,,,,,,,,40567.979999999996,8400.79,,48968.77,,,,,,,,,,,,,,,,,,,,,,,,,,,,,,,,,40567.979999999996,8400.79,,48968.77,3812.5600000000004,817.6999999999999,,4630.26,36755.43,7583.11,0.0,44338.54,278.8125150000001,109.67559,,388.488105,118.7678,24.701,,143.4688,8137.840999999999,4631.984,,12769.825,8535.42,4766.26,,13301.679999999998,23.22220145431573,62.853631293756784,,30.000266134157773,501.26000000000005,178.9,,680.16,28239.959999999995,3143.06,,31383.019999999997,,,,,,,,,,,,,,0.0,0.0,59780.749999999985,0.0,0.0,,0.0,,0.0,,,,,,,,59780.749999999985,0.0
601,TELANGANA,Kamareddy,,1030.5008726843498,996.8932871255615,0.0,999.8641520620761,30836.240659651965,317995.3684596941,0.0,348831.60911934613,17845.742778,366677.3518973459,2899.66,30904.59,,33804.24999999999,146.09000000000003,0.0,,146.09000000000003,7647.329999999998,15163.949999999997,,22811.28,1787.34,8765.849999999999,,10553.189999999999,244.29999999999995,1711.4699999999996,,1955.7699999999998,181.73,2583.728,,2765.4580000000005,,,,,,,,,12906.409999999998,59129.52999999999,,72035.93999999999,,,,,,,,,,,,,,,,,0.0,0.0,,0.0,0.0,0.0,,0.0,0.0,0.0,,0.0,,,,,12906.409999999998,59129.52999999999,,72035.93999999999,1263.5699999999997,5577.09,,6840.659999999998,11642.85,53552.36,0.0,65195.210000000014,217.46375999999998,805.71264,,1023.1764,75.34,561.5879999999999,,636.9279999999998,4097.865,27296.221000000005,,31394.086000000003,4390.679999999999,28663.629999999997,,33054.31,37.711385099009256,53.52449453208037,,50.70051925593919,320.41999999999996,1982.2599999999998,,2302.6800000000003,7166.550000000001,29885.499999999996,,37052.049999999996,,,,,,,,,,,,,,129927.00999999998,0.0,207920.46999999997,0.0,0.0,,0.0,,0.0,,,,,,,,207920.46999999997,0.0
602,TELANGANA,Karimnagar,,904.915181021134,905.746244971872,0.0,905.1293557298093,153428.15999999997,53267.96,0.0,206696.12,4285.8,210981.92,12027.659999999998,4850.377341772151,,16878.037341772157,716.9000000000001,0.0,,716.9000000000001,61205.35,2972.8,,64178.14999999999,7024.910000000001,2563.243164556962,,9588.15316455696,1183.78,697.69,,1881.4700000000003,415.41399999999993,149.2419746835443,,564.6559746835443,,,,,,,,,82573.98000000001,11233.364303797469,,93807.34430379748,,,,,,,,,,,,,,,,,,,,,,,,,,,,,,,,,82573.98000000001,11233.364303797469,,93807.34430379748,8088.59,1067.6373417721518,,9156.227341772152,74485.37,10165.75,0.0,84651.12,1977.7799999999997,1131.8999999999999,,3109.68,970.5095999999999,613.5911999999998,,1584.1008000000002,17458.7994,6049.5486,,23508.347999999998,20406.9,7795.000000000001,,28201.9,27.397192227144746,76.67904483191109,,33.31544815945732,1999.2099999999998,1391.658734177215,,3390.868734177215,54099.53000000001,2786.5899999999997,,56886.12000000001,,,,,,,,,,,,,,0.0,0.0,84854.86696202532,0.0,0.0,,0.0,,0.0,,,,,,,,84854.86696202532,0.0
603,TELANGANA,Khammam,,1025.5688346133527,1050.851865916446,0.0,1036.6195159609345,241019.52479999998,187139.1566,0.0,428158.6814,7969.378599999998,436128.06,20875.5,16063.650000000005,,36939.149999999994,1928.23,0.0,,1928.23,53063.67999999999,8982.380000000001,,62046.06,7463.96,6624.8,,14088.759999999998,1465.68,1080.0900000000001,,2545.7700000000004,280.038,378.6979999999999,,658.7359999999999,,,,,,,,,85077.04000000001,33129.630000000005,,118206.67000000001,,,,,,,,,,,,,,,,,,,,,,,,,,,,,,,,,85077.04000000001,33129.630000000005,,118206.67000000001,8263.710000000001,2996.29,,11260.000000000002,76813.25,30133.36,0.0,106946.60999999999,2001.39744,1987.1289600000002,,3988.5264,915.74,449.26,,1364.9999999999995,20442.450000000004,19889.639999999996,,40332.090000000004,23359.610000000004,22326.03,,45685.64,30.41091217986481,74.09074195509561,,42.71817498469564,2264.7200000000003,2354.479999999999,,4619.2,53215.27,9385.68,,62600.95,,,,,,,,,,,,,,0.0,0.0,106946.66999999998,0.0,0.0,,0.0,,0.0,,,,,,,,106946.66999999998,0.0
604,TELANGANA,Komarambheem Asifabad,,1082.9687845303865,1151.1205943903803,0.0,1135.341805284277,87242.0,289574.0,0.0,376816.0,52728.0,429544.0,8768.387448783611,24608.647058823528,,33377.03450760714,7764.472538412293,0.0,,7764.472538412293,5649.788863636364,5422.429999999999,,11072.218863636363,886.2394609475032,3899.520588235294,,4785.760049182798,679.1764433418693,1853.8500000000004,,2533.02644334187,1359.7679999999998,1682.6560000000004,,3042.4240000000004,,,,,,,,,25107.87475512164,37467.09764705882,,62574.972402180465,,,,,,,,,,,,,,,,,,,,,,,,,,,,,,,,,25107.87475512164,37467.09764705882,,62574.972402180465,2362.1587778489115,3421.5229411764712,,5783.681719025381,22745.739999999998,34045.6,0.0,56791.34,99.74389,276.52509999999995,,376.26899,168.87849999999997,273.521,,442.39949999999993,2979.16,8097.645600000001,,11076.8056,3247.82,8647.700000000003,,11895.52,14.278805613710524,25.400345419085003,,20.94601043046352,261.7639247759283,575.0535294117647,,836.8174541876931,19398.950741357236,25149.21,,44548.160741357235,,,,,,,,,,,,,,0.0,0.0,58669.29068315508,0.0,0.0,,0.0,,0.0,,,,,,,,58669.29068315508,0.0
605,TELANGANA,Mahabubabad,,1539.362139791423,1560.9953441474129,0.0,1548.24274336668,197161.1572432728,137298.27413415306,0.0,334459.4313774259,9111.798700782087,343571.230078208,25696.72,10766.16,,36462.880000000005,663.75,0.0,,663.75,17063.59,1575.85,,18639.440000000002,9409.78,1938.92,,11348.700000000003,1465.36,794.5500000000001,,2259.91,1658.4399999999998,107.708,,1766.148,,,,,,,,,55957.81,15183.34,,71141.15,,,,,,,,,,,,,,,,,,,,,,,,,,,,,,,,,55957.81,15183.34,,71141.15,5409.529999999999,1481.5400000000002,,6891.070000000001,50548.28999999999,13701.79,0.0,64250.08,1060.6531,324.75590000000005,,1385.409,1500.1847637124197,72.09335985103722,,1572.278123563457,25807.22372082808,7498.68424551036,,33305.90796633843,28368.010000000002,7895.57,,36263.58,56.120612586498986,57.62436878685193,,56.44129937270117,1344.5800000000002,449.45000000000005,,1794.0300000000002,22271.57,6075.51,,28347.08,,,,,,,,,,,,,,0.0,0.0,64250.08,0.0,0.0,,0.0,,0.0,,,,,,,,64250.08,0.0
606,TELANGANA,Mahabubnagar,,0.0,649.2625075325082,0.0,649.2625075325082,0.0,254263.42661270744,0.0,254263.42661270744,11087.171562120599,265350.598174828,,12663.32,,12663.32,,0.0,,0.0,,1467.7999999999997,,1467.7999999999997,,6838.559999999999,,6838.559999999999,,6545.8099999999995,,6545.8099999999995,,8841.224,,8841.224,,,,,,,,,,36356.759999999995,,36356.759999999995,,,,,,,,,,,,,,,,,,,,,,,,,,,,,,,,,,36356.759999999995,,36356.759999999995,,3298.439999999999,,3298.439999999999,0.0,33058.38,0.0,33058.38,,558.1082825000001,,558.1082825000001,,780.0600000000001,,780.0600000000001,,23841.395000000004,,23841.395000000004,,25179.69,,25179.69,,76.16734395333347,,76.16734395333347,,955.4200000000001,,955.4200000000001,,9347.05,,9347.05,,,,,,,,,,,,,,0.0,0.0,33058.32000000001,0.0,0.0,,0.0,,0.0,,,,,,,,33058.32000000001,0.0
607,TELANGANA,Mancherial,,1114.6322221624878,1022.6451325094844,0.0,1045.6007643705416,99403.136,298922.0,0.0,398325.136,12200.864,410526.0,7466.911698133277,27896.55766662296,,35363.46936475624,3266.889562550418,0.0,,3266.889562550418,2210.706415159898,1535.140343290019,,3745.846758449917,2778.584850034181,13436.891088625216,,16215.475938659398,7329.791142347494,20756.825235131964,,28086.61637747946,0.0,10362.298009231172,,10362.298009231172,,,,,,,,,23052.87366392109,73987.73540057694,,97040.60906449804,,,,,,,,,,,,,,,,,,,,,,,,,,,,,,,,,23052.87366392109,73987.73540057694,,97040.60906449804,2141.3125184823625,6641.059268746236,,8782.371787228598,20911.600000000002,67346.71,0.0,88258.31000000001,71.04140999999998,416.668235,,487.709645,189.98249999999996,1932.1645000000003,,2122.1470000000004,6443.7699999999995,27859.020000000004,,34302.79,6704.860000000001,30207.959999999995,,36912.82,32.06287419422713,44.85439600538763,,41.82361978152539,72.99815161176687,432.62694969648885,,505.62510130825575,14313.387736965784,33369.888655126175,,47683.27639209196,,,,,,,,,,,,,,0.0,0.0,92140.33727726944,0.0,0.0,,0.0,,0.0,,,,,,,,92140.33727726944,0.0
608,TELANGANA,Medak,,809.4839814358876,843.2488876911822,0.0,840.93902927494,17414.245000000003,237142.63424299995,0.0,254556.87924299997,20572.626640000002,275129.50588300003,1292.92,19810.260000000002,,21103.18,1208.3100000000002,0.0,,1208.3100000000002,1673.6100000000001,4533.41,,6207.02,647.74,7346.5,,7994.239999999999,690.4000000000001,9184.33,,9874.73,472.608,7940.521999999999,,8413.130000000001,,,,,,,,,5985.57,48815.18,,54800.75,,,,,,,,,,,,,,,,,,,,,,,,,,,,,,,,,5985.57,48815.18,,54800.75,572.09,4731.359999999998,,5303.45,5413.48,44083.770000000004,0.0,49497.25,287.85599999999994,1082.6100000000001,,1370.466,0.8639999999999999,1331.0720000000001,,1331.9360000000001,1964.0300000000002,29759.670000000002,,31723.700000000004,2252.6900000000005,32173.250000000004,,34425.94,41.61260409200737,72.98207480893763,,69.55121749188086,292.58,1644.91,,1937.4899999999998,3216.8599999999997,13271.599999999999,,16488.46,,,,,,,,,,,,,,0.0,0.0,49497.29999999999,0.0,0.0,,0.0,,0.0,,,,,,,,49497.29999999999,0.0
609,TELANGANA,Medchal Malkajgiri,,0.0,767.7000626398699,0.0,767.7000626398699,0.0,103806.889,0.0,103806.889,4906.210999999999,108713.09999999998,,6695.93,,6695.93,,,,,,1.0300000000000002,,1.0300000000000002,,1571.8900000000003,,1571.8900000000003,,1839.6500000000003,,1839.6500000000003,,688.7840000000007,,688.7840000000007,,,,,,,,,,10797.300000000001,,10797.300000000001,,,,,,,,,,,,,,,,,,,,,,,,,,,,,,,,,,10797.300000000001,,10797.300000000001,,1060.4700000000003,,1060.4700000000003,0.0,9736.91,0.0,9736.91,,1337.018304,,1337.018304,,1715.39,,1715.39,,4125.5025,,4125.5025,,7177.959999999999,,7177.959999999999,,73.71907514807057,,73.71907514807057,,5287.610000000002,,5287.610000000002,,3250.3299999999995,,3250.3299999999995,,,,,,,,,,,,,,215569.76000000004,0.0,225306.59000000003,0.0,0.0,,0.0,,0.0,,,,,,,,225306.59000000003,0.0
610,TELANGANA,Mulug,,1254.2920605598551,1403.0275024634598,0.0,1375.0127531250873,53441.53006800001,230289.35378399998,0.0,283730.883852,18910.508820000003,302641.392672,4375.209999999999,24840.75468609425,,29215.964686094252,550.95,0.0,,550.95,10221.310000000001,7923.113132049229,,18144.42313204923,1460.6599999999999,3794.9040586488463,,5255.564058648846,703.3800000000001,1409.9562464396743,,2113.336246439674,2486.276,2636.8431930347397,,5123.1191930347395,,,,,,,,,19797.799999999996,40605.55131626675,,60403.351316266744,,,,,,,,,,,,,,,,,,,,,,,,,,,,,,,,,19797.799999999996,40605.55131626675,,60403.351316266744,1979.7599999999998,3773.527386507284,,5753.287386507284,17818.06,36832.079999999994,0.0,54650.14,151.50959999999998,396.58824,,548.09784,47.519999999999996,56.665,,104.185,4191.7658200000005,8960.45187,,13152.217690000001,4390.84,9413.830000000002,,13804.67,24.642637862932325,25.558779194658577,,25.260081675911533,175.63,682.858989668465,,858.4889896684649,13414.73,24571.263774488183,,37985.99377448818,,,,,,,,,,,,,,0.0,0.0,54655.46392975947,0.0,0.0,,0.0,,0.0,,,,,,,,54655.46392975947,0.0
611,TELANGANA,Nagarkurnool,,637.5925471107819,676.6155554981068,0.0,663.0348433749713,213412.18928231808,399809.3838437573,0.0,613221.5731260754,22618.9443,635840.5174260754,12412.340000000004,22912.910000000003,,35325.25000000001,15313.439999999999,0.0,,15313.439999999999,15866.31,4402.809999999999,,20269.12,5275.719999999999,5765.25,,11040.969999999998,4692.740000000001,3029.27,,7722.009999999999,3456.0959999999995,3358.5120000000006,,6814.608000000002,,,,,,,,,57016.72000000001,39468.85999999999,,96485.58000000002,,,,,,,,,,,,,,,,,,,,,,,,,,,,,,,,,57016.72000000001,39468.85999999999,,96485.58000000002,5308.2300000000005,3700.9800000000005,,9009.210000000001,51708.56,35767.90000000001,0.0,87476.45999999999,706.8232866249998,861.839655,,1568.6629416250003,284.076,131.328,,415.4040000000001,15275.0,17799.554,,33074.554,16265.929999999998,18792.71,,35058.64,31.456938657738682,52.54071388032284,,40.077799215926206,719.4200000000001,876.6100000000001,,1596.0299999999997,35436.9,17937.81,,53374.71000000001,,,,,,,,,,,,,,244402.38,0.0,332294.37,0.0,0.0,,0.0,,0.0,,,,,,,,332294.37,0.0
612,TELANGANA,Nalgonda,,716.4971911918464,678.9365432023194,0.0,697.3402602341796,345271.0,359402.0,0.0,704673.0,7430.0,712103.0,20841.28,22001.470000000005,,42842.75000000001,2039.8999999999996,0.0,,2039.8999999999996,62626.56999999999,2102.28,,64728.84999999999,13331.310000000001,7656.28,,20987.590000000004,562.42,527.8199999999999,,1090.2399999999998,2145.616,8035.298000000001,,10180.913999999997,,,,,,,,,101547.05,40323.26000000001,,141870.31,,,,,,,,,,,,,,,,,,,,,,,,,,,,,,,,,101547.05,40323.26000000001,,141870.31,9915.330000000002,3707.5100000000007,,13622.839999999997,91631.63,36615.810000000005,0.0,128247.43999999997,3914.6299999999997,1364.94,,5279.570000000001,1514.52,2868.4100000000003,,4382.93,30396.819999999992,23094.609999999997,,53491.43000000001,35825.97000000001,27327.96,,63153.92999999999,39.097820261409744,74.63431779878691,,49.24381336578727,3914.6299999999997,1364.9399999999998,,5279.570000000001,56791.14000000001,12462.1,,69253.24,,,,,,,,,,,,,,372219.38,0.0,506083.37,0.0,0.0,,0.0,,0.0,,,,,,,,506083.37,0.0
613,TELANGANA,Narayanpet,,583.3002877592284,623.0934306233149,0.0,610.3486814012205,74243.26467017402,157567.71773775798,0.0,231810.982407932,0.0,231810.982407932,3876.0600000000004,9845.001055626124,,13721.061055626124,298.9,0.0,,298.9,12130.11,0.0,,12130.11,1472.52,2978.8510697971865,,4451.3710697971865,547.5899999999999,1123.0188706902468,,1670.6088706902467,27.240000000000002,1421.4600057546886,,1448.7000057546884,,,,,,,,,18352.420000000002,15368.297001868246,,33720.71700186825,,,,,,,,,,,,,,,,,,,,,,,,,,,,,,,,,18352.420000000002,15368.297001868246,,33720.71700186825,1724.8400000000001,1460.3604983957962,,3185.200498395796,16627.56,13907.93,0.0,30535.489999999994,5.16,220.07999999999996,,225.23999999999998,138.70000000000002,328.89000000000004,,467.5900000000001,3649.536,7413.364,,11062.900000000001,3793.3999999999996,7962.069999999999,,11755.47,22.813930606775735,57.24841870788823,,38.497728380975715,274.56000000000006,1030.4164895399047,,1304.9764895399048,12639.560000000003,5468.501729591439,,18108.06172959144,,,,,,,,,,,,,,0.0,0.0,31424.00650347245,0.0,0.0,,0.0,,0.0,,,,,,,,31424.00650347245,0.0
614,TELANGANA,Nirmal,,1062.6252392540305,1052.8389217976805,0.0,1054.7127002599532,62502.674,263934.534,0.0,326437.20800000004,36391.791999999994,362829.0,5928.09,23493.960000000003,,29422.050000000003,1558.11,0.0,,1558.11,12352.09,11265.290000000003,,23617.379999999997,1694.2799999999997,5368.320000000001,,7062.6,1201.78,3091.6999999999994,,4293.479999999999,1825.17,7410.125999999999,,9235.296000000002,,,,,,,,,24559.519999999997,50629.47,,75188.98999999999,,,,,,,,,,,,,,,,,,,,,,,,,,,,,,,,,24559.519999999997,50629.47,,75188.98999999999,2364.4200000000005,4663.610000000001,,7028.030000000001,22195.05,45965.75,0.0,68160.79999999999,242.89368,911.9021400000001,,1154.7958200000003,58.875,582.8050000000002,,641.6800000000001,5290.56,18481.9,,23772.46,5592.34,19976.629999999997,,25568.97,25.196338823296188,43.45981518848273,,37.5127199211277,303.74,1227.13,,1530.8699999999994,16742.45,25829.33,,42571.78,,,,,,,,,,,,,,0.0,0.0,69236.45999999999,0.0,0.0,,0.0,,0.0,,,,,,,,69236.45999999999,0.0
615,TELANGANA,Nizamabad,,980.8232323192343,996.119482124273,0.0,987.6979114776411,227378.16,185612.87,0.0,412991.0300000001,14718.800000000001,427709.83,19420.02256290918,18114.678315235633,,37534.700878144824,290.9130916754159,0.0,,290.9130916754159,43109.328213151755,5839.330952762373,,48948.65916591413,11452.345710266283,8628.753753531102,,20081.09946379738,1628.9445386240952,1793.1313362347526,,3422.0758748588473,188.36786303057855,226.3824639801165,,414.7503270106952,,,,,,,,,76090.05522133998,34602.19050802941,,110692.24572936939,,,,,,,,,,,,,,,,,,,,,,,,,,,,,,,,,76090.05522133998,34602.19050802941,,110692.24572936939,7134.671899658636,3410.7487274314476,,10545.420627090083,68955.37999999999,31191.430000000008,0.0,100146.80999999998,994.6000000000001,675.76,,1670.36,296.8,108.94000000000001,,405.74,30532.760000000002,19485.320000000003,,50018.08,31824.159999999996,20270.020000000004,,52094.180000000015,46.151815855412586,64.98586310406415,,52.01781264924966,1588.114077585618,938.7242872546558,,2526.838364840274,32061.79560792461,7679.631479327767,,39741.42708725238,,,,,,,,,,,,,,356952.93876629707,0.0,457169.27386857633,0.0,0.0,,0.0,,0.0,,,,,,,,457169.27386857633,0.0
616,TELANGANA,Peddapalle,,994.6691025003223,1040.4315404522308,0.0,1013.5602100263837,113952.91,80111.28,0.0,194064.19,22754.5,216818.69,9567.31,6786.549999999999,,16353.860000000002,1240.1599999999999,0.0,,1240.1599999999999,24402.199999999997,0.0,,24402.199999999997,5396.67,2095.76,,7492.429999999999,527.7700000000001,239.67000000000007,,767.44,644.0480000000001,1298.9060000000002,,1942.9540000000002,,,,,,,,,41778.119999999995,10420.859999999999,,52198.979999999996,,,,,,,,,,,,,,,,,,,,,,,,,,,,,,,,,41778.119999999995,10420.859999999999,,52198.979999999996,4071.5999999999995,894.0400000000001,,4965.64,37706.55,9526.800000000001,0.0,47233.350000000006,866.0958799999999,386.71084,,1252.80672,684.0,979.1999999999998,,1663.2,14009.810000000001,5264.42,,19274.23,15559.92,6630.320000000001,,22190.239999999998,41.26582782036542,69.59650669689718,,46.980025765693085,1041.84,893.1100000000001,,1934.9499999999998,22050.399999999998,3125.600000000001,,25176.0,,,,,,,,,,,,,,0.0,0.0,58588.749999999985,0.0,0.0,,0.0,,0.0,,,,,,,,58588.749999999985,0.0
617,TELANGANA,Rajanna Siricilla,,0.0,887.7439302043566,0.0,887.7439302043566,0.0,173139.23,0.0,173139.23,17242.77,190382.0,,14550.65,,14550.65,,,,,,10814.579999999998,,10814.579999999998,,11485.060000000001,,11485.060000000001,,6118.43,,6118.43,,2658.7659999999996,,2658.7659999999996,,,,,,,,,,45627.58,,45627.58,,,,,,,,,,,,,,,,,,,,,,,,,,,,,,,,,,45627.58,,45627.58,,4219.2,,4219.2,0.0,41408.46000000001,0.0,41408.46000000001,,117.900545,,117.900545,,1094.445,,1094.445,,27563.87965,,27563.87965,,28776.17,,28776.17,,69.49345616813567,,69.49345616813567,,248.54,,248.54,,13249.130000000001,,13249.130000000001,,,,,,,,,,,,,,0.0,0.0,41408.380000000005,0.0,0.0,,0.0,,0.0,,,,,,,,41408.380000000005,0.0
618,TELANGANA,Rangareddy,,0.0,713.0175807750346,0.0,713.0175807750346,0.0,482697.8458559441,0.0,482697.8458559441,22175.574485999998,504873.4203419442,,31034.95,,31034.95,,,,,,,,,,8782.96,,8782.96,,14869.999999999996,,14869.999999999996,,1271.9419999999998,,1271.9419999999998,,,,,,,,,,55959.549999999996,,55959.549999999996,,,,,,,,,,,,,,,,,,,,,,,,,,,,,,,,,,55959.549999999996,,55959.549999999996,,5382.529999999999,,5382.529999999999,0.0,50577.149999999994,0.0,50577.149999999994,,4195.230390000001,,4195.230390000001,,1167.2135,,1167.2135,,28315.9429885,,28315.9429885,,33677.53,,33677.53,,66.58645257789338,,66.58645257789338,,5748.77,,5748.77,,18548.110000000004,,18548.110000000004,,,,,,,,,,,,,,571039.0399999999,0.0,621616.0599999999,0.0,0.0,,0.0,,0.0,,,,,,,,621616.0599999999,0.0
619,TELANGANA,Sangareddy,,851.5,861.9783415237285,0.0,861.8514729257581,4977.0,406083.787286,0.0,411060.787286,37913.292874000006,448974.08016,372.94000000000005,32060.199999999997,,32433.14,50.84,0.0,,50.84,2870.8199999999997,0.0,,2870.8199999999997,67.42999999999999,5188.439999999999,,5255.869999999999,0.0,1808.55,,1808.55,387.0,3490.03,,3877.03,,,,,,,,,3749.0299999999993,42547.24999999999,,46296.27999999999,,,,,,,,,,,,,,,,,,,,,,,,,,,,,,,,,3749.0299999999993,42547.24999999999,,46296.27999999999,374.9200000000001,4044.4199999999996,,4419.34,3374.1099999999997,38502.79000000001,0.0,41876.9,7.3095680000000005,2163.7178,,2171.027368,0.0,1711.8799999999997,,1711.8799999999997,156.92000000000002,16115.709999999995,,16272.629999999997,164.23,19991.269999999997,,20155.499999999996,4.8673576143042165,51.92161399212887,,48.13035348843872,23.800000000000004,2961.6000000000004,,2985.4000000000005,3193.3900000000003,19279.860000000004,,22473.250000000004,,,,,,,,,,,,,,0.0,0.0,41876.94,0.0,0.0,,0.0,,0.0,,,,,,,,41876.94,0.0
620,TELANGANA,Siddipet,,0.0,772.6139150808615,0.0,772.6139150808615,0.0,340727.36174538,0.0,340727.36174538,24451.483159699997,365178.8449050801,,25362.779999999995,,25362.779999999995,,0.0,,0.0,,6983.4,,6983.4,,11616.16,,11616.16,,8502.350000000002,,8502.350000000002,,2738.754,,2738.754,,,,,,,,,,55203.369999999995,,55203.369999999995,,,,,,,,,,,,,,,,,,,,,,,,,,,,,,,,,,55203.369999999995,,55203.369999999995,,5507.86,,5507.86,0.0,49695.509999999995,0.0,49695.509999999995,,1187.434992,,1187.434992,,1015.405,,1015.405,,31965.400100159997,,31965.400100159997,,34168.15,,34168.15,,68.75500422472776,,68.75500422472776,,1210.7299999999998,,1210.7299999999998,,15813.630000000001,,15813.630000000001,,,,,,,,,,,,,,109105.12000000001,0.0,159821.75,0.0,0.0,,0.0,,0.0,,,,,,,,159821.75,0.0
621,TELANGANA,Suryapet,,770.572921598227,789.5801157371476,0.0,779.7376294848694,186807.0,173943.0,0.0,360750.0,834.0,361584.0,12022.959999999997,12165.298877678277,,24188.25887767828,5968.14,0.0,,5968.14,59941.4,2343.3824813109068,,62284.782481310904,5435.429999999999,5763.250533636573,,11198.680533636574,2858.66,3337.1396122941214,,6195.799612294122,347.492,4241.128438237641,,4588.620438237641,,,,,,,,,86574.01,27850.150837029767,,114424.16083702978,,,,,,,,,,,,,,,,,,,,,,,,,,,,,,,,,86574.01,27850.150837029767,,114424.16083702978,8586.900000000001,2565.94785492427,,11152.84785492427,77987.10000000002,25284.19,0.0,103271.29000000001,1329.4934999999998,1064.826,,2394.3195000000005,1002.93,191.39999999999998,,1194.33,13322.267000000002,14063.282,,27385.549000000006,15654.64,15319.519999999999,,30974.159999999993,20.073371108811582,60.58932479150015,,29.993001927253925,1881.4299999999998,1280.2621508449029,,3161.692150844903,61780.55,9860.224426492598,,71640.7744264926,,,,,,,,,,,,,,257688.1579667314,0.0,361314.92094883684,0.0,0.0,,0.0,,0.0,,,,,,,,361314.92094883684,0.0
622,TELANGANA,Vikarabad,,0.0,744.4233300392606,0.0,744.4233300392606,0.0,367296.07500000007,0.0,367296.07500000007,102.82499999999999,367398.9,0.0,20704.76,0.0,20704.76,,,,,0.0,0.0,0.0,0.0,0.0,5729.12,0.0,5729.12,,5220.4,,5220.4,,4735.575,,4735.575,,,,,,,,,0.0,36390.240000000005,0.0,36390.240000000005,,,,,,,,,,,,0.0,,,,0.0,,,,,,,,,,,,,,,,0.0,0.0,36390.240000000005,0.0,36390.240000000005,0.0,3639.2400000000007,0.0,3639.2400000000007,0.0,32751.0,0.0,32751.0,,590.6600000000001,,590.6600000000001,,156.59999999999994,,156.59999999999994,,19118.3525,,19118.3525,,19865.710000000003,,19865.710000000003,,60.65680437238559,,60.65680437238559,0.0,2002.8299999999997,0.0,2002.8299999999997,0.0,12252.41,0.0,12252.41,,,,,,,,,,,,,,156184.26,0.0,188935.25999999998,0.0,0.0,,0.0,,0.0,,,,,,,,188935.25999999998,0.0
623,TELANGANA,Wanaparthy,,632.141814015063,631.8442984681969,0.0,631.9502013800719,75539.16724468599,136674.79604208012,0.0,212213.96328676614,6811.0,219024.96328676614,3741.7810048725637,7484.344004845516,,11226.12500971808,811.3264367907618,0.0,,811.3264367907618,20733.51976018605,25469.317643804618,,46202.83740399067,1859.7467471551506,9182.917509418661,,11042.664256573813,45.28761363366249,893.1241253841108,,938.4117390177734,392.87420816938993,234.05404114023494,,626.9282493096248,,,,,,,,,27584.551590022438,43263.799237131156,,70848.35082715358,,,,,,,,,,,,,,,,,,,,,,,,,,,,,,,,,27584.551590022438,43263.799237131156,,70848.35082715358,2739.0662392044374,3959.9880089619305,,6699.054248166368,24845.48,39303.82,0.0,64149.30000000002,139.461897125,360.41522999999995,,499.87712712499996,174.83749999999998,333.35,,508.18750000000006,5152.050000000001,22197.37,,27349.42,5466.299999999999,22890.980000000003,,28357.28,22.00118492377688,58.24110735292397,,44.205127725477894,259.0629665336387,958.2083780136802,,1217.2713445473187,19071.082377662686,16476.913060962797,,35547.99543862548,,,,,,,,,,,,,,95402.27637150811,0.0,160813.36310910012,0.0,0.0,,0.0,,0.0,,,,,,,,160813.36310910012,0.0
624,TELANGANA,Warangal,,1023.0536537996294,932.5553332382162,0.0,1013.5232057427287,153293.76419654957,18043.6784607448,0.0,171337.44265729436,5272.9629941256,176610.40565142,12157.699999999999,1409.29,,13566.989999999998,915.98,0.0,,915.98,28912.98999999999,783.0100000000002,,29695.99999999999,7980.809999999998,886.2900000000002,,8867.099999999999,2262.42,82.86000000000001,,2345.2799999999997,450.81399999999985,147.226,,598.04,,,,,,,,,52680.56999999999,3308.6900000000005,,55989.259999999995,,,,,,,,,,,,,,,,,,,,,,,,,,,,,,,,,52680.56999999999,3308.6900000000005,,55989.259999999995,5085.44,301.29,,5386.73,47595.1,3007.4,0.0,50602.5,780.2541300700002,127.214794224,,907.4689242940001,1015.6751999999999,271.32408,,1286.99928,24927.14729040965,2277.828037962754,,27204.97532837241,26722.89,2676.38,,29399.27,56.14630497677282,88.99315022943406,,58.09845363371375,960.9200000000001,543.1099999999999,,1504.03,21172.65,471.6900000000001,,21644.34,,,,,,,,,,,,,,0.0,0.0,50778.89,0.0,0.0,,0.0,,0.0,,,,,,,,50778.89,0.0
625,TELANGANA,Yadadri Bhuvanagiri,,755.0283061111952,742.8663137818825,0.0,744.4710561322121,45295.14078104067,297986.8537528409,0.0,343281.99453388155,2165.154,345447.1485338815,2962.5935800371085,20898.81099959064,,23861.404579627753,7443.870000000001,0.0,,7443.870000000001,9758.803559505692,10026.858701561288,,19785.662261066984,3506.855144544543,11868.485033655601,,15375.340178200146,918.8157580779979,3904.5124102850414,,4823.328168363039,0.0,5172.269071222572,,5172.269071222572,,,,,,,,,24590.91804216534,51870.92421631515,,76461.8422584805,,,,,,,,,,,,,,,,,,,,,,,,,,,,,,,,,24590.91804216534,51870.92421631515,,76461.8422584805,2437.2966591412132,4887.1516429913,,7324.448302132512,22153.65,46983.77,0.0,69137.42,26.604,2676.184,,2702.788,690.68,3768.0419999999995,,4458.722,8469.77,32496.985000000004,,40966.755,9187.05,38941.17999999999,,48128.23,41.46969009621439,82.88219527722018,,69.6124182823137,26.599999999999994,2677.541585475652,,2704.141585475653,13564.507121057104,11531.634577392448,,25096.14169844955,,,,,,,,,,,,,,246367.13792236784,0.0,346473.2218787159,26175.17,0.0,,0.0,,0.0,,,,,,,,346473.2218787159,26175.17
626,TRIPURA,DHALAI,,0.0,2424.326658894315,0.0,2424.326658894315,0.0,99581.0,0.0,99581.0,131908.0,231489.0,0.0,20082.82,0.0,20082.82,0.0,,0.0,0.0,0.0,1789.6,0.0,1789.6,0.0,61.50000000000001,0.0,61.50000000000001,,453.63,,453.63,,,,,,,,,,,,,0.0,22387.56,0.0,22387.56,,,,,,,,,,,,0.0,,,,0.0,0.0,0.0,0.0,0.0,0.0,1769.01,0.0,1769.01,0.0,0.0,0.0,0.0,0.0,-1769.0100000000002,0.0,-1769.0100000000002,0.0,20618.550000000003,0.0,20618.550000000003,0.0,2238.7599999999998,0.0,2238.7599999999998,0.0,18379.79,0.0,18379.79,,972.39285,,972.39285,,0.14700000000000002,,0.14700000000000002,,378.43,,378.43,,1350.9799999999998,,1350.9799999999998,,7.350356016037178,,7.350356016037178,0.0,1255.82,0.0,1255.82,0.0,16745.36,0.0,16745.36,,,,,,,6288.2260612499995,0.0,0.0,,,,,129494.56999999998,0.0,147874.36,0.0,0.0,,0.0,,0.0,,,,,,,,147874.36,0.0
627,TRIPURA,GOMATI,,0.0,2174.7883663840353,0.0,2174.7883663840353,0.0,109828.0,0.0,109828.0,51877.0,161705.0,0.0,19074.979999999996,0.0,19074.979999999996,0.0,,0.0,0.0,0.0,5926.679999999999,0.0,5926.679999999999,0.0,140.9,0.0,140.9,,1196.4499999999998,,1196.4499999999998,,,,,,,,,,,,,0.0,26339.020000000004,0.0,26339.020000000004,,,,,,,,,,,,0.0,,,,0.0,0.0,0.0,0.0,0.0,0.0,1619.5,0.0,1619.5,0.0,0.0,0.0,0.0,0.0,-1619.5,0.0,-1619.5,0.0,24719.520000000004,0.0,24719.520000000004,0.0,2522.44,0.0,2522.44,0.0,22197.079999999998,0.0,22197.079999999998,,915.460515,,915.460515,,0.6,,0.6,,387.33000000000004,,387.33000000000004,,1303.3700000000001,,1303.3700000000001,,5.871808363983011,,5.871808363983011,0.0,1081.24,0.0,1081.24,0.0,20727.92,0.0,20727.92,,,,,,,3008.0793056250004,0.0,0.0,,,,,140757.49,0.0,162954.57,0.0,0.0,,0.0,,0.0,,,,,,,,162954.57,0.0
628,TRIPURA,KHOWAI,,0.0,2223.9191861933405,0.0,2223.9191861933405,0.0,49560.0,0.0,49560.0,51685.0,101245.0,0.0,9202.109999999999,0.0,9202.109999999999,0.0,,0.0,0.0,0.0,2915.2200000000003,0.0,2915.2200000000003,0.0,44.27,0.0,44.27,,457.01,,457.01,,,,,,,,,,,,,0.0,12618.61,0.0,12618.61,,,,,,,,,,,,0.0,,,,0.0,0.0,0.0,0.0,0.0,0.0,195.81,0.0,195.81,0.0,0.0,0.0,0.0,0.0,-195.81,0.0,-195.81,0.0,12422.800000000001,0.0,12422.800000000001,0.0,1261.88,0.0,1261.88,0.0,11160.920000000002,0.0,11160.920000000002,,667.796481,,667.796481,,24.31,,24.31,,133.17000000000002,,133.17000000000002,,825.2699999999999,,825.2699999999999,,7.394282908577426,,7.394282908577426,0.0,770.15,0.0,770.15,0.0,10233.29,0.0,10233.29,,,,,,,2428.9895525,0.0,0.0,,,,,63514.619999999995,0.0,74675.54000000001,0.0,0.0,,0.0,,0.0,,,,,,,,74675.54000000001,0.0
629,TRIPURA,NORTH TRIPURA,,0.0,2541.0712877600627,0.0,2541.0712877600627,0.0,54382.0,0.0,54382.0,81410.0,135792.0,0.0,12078.96,0.0,12078.96,0.0,,0.0,0.0,0.0,1199.24,0.0,1199.24,0.0,5.27,0.0,5.27,,496.31,,496.31,,,,,,,,,,,,,0.0,13779.77,0.0,13779.77,,,,,,,,,,,,0.0,,,,0.0,0.0,49.129999999999995,0.0,49.129999999999995,0.0,3305.2300000000005,0.0,3305.2300000000005,0.0,0.0,0.0,0.0,0.0,-3354.3599999999997,0.0,-3354.3599999999997,0.0,10425.41,0.0,10425.41,0.0,1377.96,0.0,1377.96,0.0,9047.45,0.0,9047.45,,1020.0003839999999,,1020.0003839999999,,11.26885,,11.26885,,72.25,,72.25,,1103.5,,1103.5,,12.196806835075076,,12.196806835075076,0.0,1247.1399999999999,0.0,1247.1399999999999,0.0,7716.790000000001,0.0,7716.790000000001,,,,,,,8257.25071875,0.0,0.0,,,,,72335.76000000001,0.0,81383.21,0.0,0.0,,0.0,,0.0,,,,,,,,81383.21,0.0
630,TRIPURA,SEPAHIJALA,,0.0,2035.5888005417664,0.0,2035.5888005417664,0.0,87170.0,0.0,87170.0,17222.0,104392.0,0.0,14128.060000000001,0.0,14128.060000000001,0.0,,0.0,0.0,0.0,7526.000000000002,0.0,7526.000000000002,0.0,236.35,0.0,236.35,,979.7099999999999,,979.7099999999999,,,,,,,,,,,,,0.0,22870.129999999997,0.0,22870.129999999997,,,,,,,,,,,,0.0,,,,0.0,0.0,72.69,0.0,72.69,0.0,2529.82,0.0,2529.82,0.0,0.0,0.0,0.0,0.0,-2602.51,0.0,-2602.51,0.0,20267.619999999995,0.0,20267.619999999995,0.0,2287.01,0.0,2287.01,0.0,17980.61,0.0,17980.61,,1037.8537019999999,,1037.8537019999999,,4.241327500000001,,4.241327500000001,,578.57,,578.57,,1620.66,,1620.66,,9.013376075672626,,9.013376075672626,0.0,1196.95,0.0,1196.95,0.0,16200.850000000002,0.0,16200.850000000002,,,,,,,3628.50768625,0.0,0.0,,,,,115878.15000000001,0.0,133858.76,0.0,0.0,,0.0,,0.0,,,,,,,,133858.76,0.0
631,TRIPURA,SOUTH TRIPURA,,0.0,2449.4404548806997,0.0,2449.4404548806997,0.0,98103.0,0.0,98103.0,53098.0,151201.0,0.0,20146.810000000005,0.0,20146.810000000005,0.0,,0.0,0.0,0.0,5804.900000000001,0.0,5804.900000000001,0.0,478.46,0.0,478.46,,782.4099999999999,,782.4099999999999,,,,,,,,,,,,,0.0,27212.58,0.0,27212.58,,,,,,,,,,,,0.0,,,,0.0,0.0,1.96,0.0,1.96,0.0,2452.88,0.0,2452.88,0.0,0.0,0.0,0.0,0.0,-2454.84,0.0,-2454.84,0.0,24757.74,0.0,24757.74,0.0,2721.27,0.0,2721.27,0.0,22036.469999999998,0.0,22036.469999999998,,967.8398400000001,,967.8398400000001,,5.5396,,5.5396,,1318.6,,1318.6,,2291.98,,2291.98,,10.400849137815632,,10.400849137815632,0.0,1143.1100000000001,0.0,1143.1100000000001,0.0,19569.22,0.0,19569.22,,,,,,,7050.863370000001,0.0,0.0,,,,,126824.97,0.0,148861.44,0.0,0.0,,0.0,,0.0,,,,,,,,148861.44,0.0
632,TRIPURA,UNAKOTI,,0.0,2391.5341197004554,0.0,2391.5341197004554,0.0,42878.0,0.0,42878.0,22825.0,65703.0,0.0,8838.460000000001,0.0,8838.460000000001,0.0,,0.0,0.0,0.0,1087.54,0.0,1087.54,0.0,14.7,0.0,14.7,,463.90999999999997,,463.90999999999997,,,,,,,,,,,,,0.0,10404.61,0.0,10404.61,,,,,,,,,,,,0.0,,,,0.0,0.0,0.0,0.0,0.0,0.0,1139.66,0.0,1139.66,0.0,0.0,0.0,0.0,0.0,-1139.66,0.0,-1139.66,0.0,9264.95,0.0,9264.95,0.0,1040.46,0.0,1040.46,0.0,8224.49,0.0,8224.49,,680.0915789999999,,680.0915789999999,,7.878739995,,7.878739995,,166.25,,166.25,,854.23,,854.23,,10.38641909711119,,10.38641909711119,0.0,831.54,0.0,831.54,0.0,7218.799999999999,0.0,7218.799999999999,,,,,,,2112.7290625,0.0,0.0,,,,,53587.740000000005,0.0,61812.23,0.0,0.0,,0.0,,0.0,,,,,,,,61812.23,0.0
633,TRIPURA,WEST TRIPURA,,0.0,2046.304230383782,0.0,2046.3042303837822,0.0,78282.0,0.0,78282.0,19360.0,97642.0,0.0,13271.13,0.0,13271.13,0.0,,0.0,0.0,0.0,3545.9500000000007,0.0,3545.9500000000007,0.0,242.86999999999998,0.0,242.86999999999998,,512.21,,512.21,,,,,,,,,,,,,0.0,17572.16,0.0,17572.16,,,,,,,,,,,,0.0,,,,0.0,0.0,0.0,0.0,0.0,0.0,763.0799999999999,0.0,763.0799999999999,0.0,0.0,0.0,0.0,0.0,-763.0799999999999,0.0,-763.0799999999999,0.0,16809.08,0.0,16809.08,0.0,1664.81,0.0,1664.81,0.0,15144.27,0.0,15144.27,,2266.427277,,2266.427277,,212.816,,212.816,,668.34,,668.34,,3147.5600000000004,,3147.5600000000004,,20.78383441394006,,20.78383441394006,0.0,2676.8499999999995,0.0,2676.8499999999995,0.0,11586.289999999999,0.0,11586.289999999999,,,,,,,2537.39737125,0.0,0.0,,,,,101084.38,0.0,116228.64,0.0,0.0,,0.0,,0.0,,,,,,,,116228.64,0.0
634,UTTAR PRADESH,AGRA,,614.65,614.65,0.0,614.65,380520.0,14197.0,0.0,394717.0,0.0,394717.0,42508.2,1409.02,0.0,43917.219999999994,19914.07,,0.0,19914.07,11747.710000000001,0.0,0.0,11747.710000000001,14091.94,0.0,0.0,14091.94,456.59000000000003,16.11,,472.70000000000005,552.688,0.372,,553.06,0.0,1119.18125,0.0,1119.18125,0.0,1400.0,0.0,1400.0,89271.19000000002,3944.6899999999996,0.0,93215.88,,,,,,,,,,,,0.0,,,,0.0,,,,,,,,,,,,,,,,0.0,89271.19000000002,3944.6899999999996,0.0,93215.88,6878.67,394.47,0.0,7273.139999999999,82392.51999999999,3550.2200000000003,0.0,85942.73999999999,7123.417379999999,4115.28908046,,11238.70646046,42.838471,152.824019,,195.66249000000002,84301.30000000002,0.0,,84301.30000000002,91467.53,4268.110000000001,,95735.64000000001,111.01436149786414,120.2210003887083,,111.39467976003561,8004.5599999999995,5495.73,0.0,13500.29,5594.16,0.0,0.0,5594.16,,,,,,,,,,,,,,0.0,0.0,85942.73999999999,0.0,0.0,,0.0,,0.0,,,,,,,,85942.73999999999,0.0
635,UTTAR PRADESH,ALIGARH,,667.4699999999999,0.0,0.0,667.4699999999999,380843.0,0.0,0.0,380843.0,0.0,380843.0,49137.810000000005,0.0,0.0,49137.810000000005,26939.66,,0.0,26939.66,5332.43,0.0,0.0,5332.43,17175.99,0.0,0.0,17175.99,367.59000000000003,,,367.59000000000003,300.602,,,300.602,525.75,0.0,0.0,525.75,500.0,0.0,0.0,500.0,100279.81999999999,0.0,0.0,100279.81999999999,,,,,,,,,,,,0.0,,,,0.0,,,,,,,,,,,,,,,,0.0,100279.81999999999,0.0,0.0,100279.81999999999,7699.679999999999,0.0,0.0,7699.679999999999,92580.13999999998,0.0,0.0,92580.13999999998,12058.9861065,,,12058.9861065,544.3858230000001,,,544.3858230000001,61691.08700000001,,,61691.08700000001,74294.47,,,74294.47,80.24882010331808,,,80.24882010331808,13090.45,0.0,0.0,13090.45,20215.899999999998,0.0,0.0,20215.899999999998,,,,,,,,,,,,,,0.0,0.0,92580.13999999998,0.0,0.0,,0.0,,0.0,,,,,,,,92580.13999999998,0.0
636,UTTAR PRADESH,AMBEDKAR NAGAR,,1013.3,0.0,0.0,1013.3,245898.0,0.0,0.0,245898.0,0.0,245898.0,53130.21,0.0,0.0,53130.21,8632.48,,0.0,8632.48,4350.000000000001,0.0,0.0,4350.000000000001,13199.149999999998,0.0,0.0,13199.149999999998,1274.8200000000002,,,1274.8200000000002,1.224,,,1.224,,,,,,,,,80587.88,0.0,0.0,80587.88,,,,,,,,,,,,0.0,,,,0.0,,,,,,,,,,,,,,,,0.0,80587.88,0.0,0.0,80587.88,8058.799999999999,0.0,0.0,8058.799999999999,72529.07999999999,0.0,0.0,72529.07999999999,6484.45422,,,6484.45422,46.42,,,46.42,39204.255,,,39204.255,45735.119999999995,,,45735.119999999995,63.05763150449448,,,63.05763150449448,6670.829999999999,0.0,0.0,6670.829999999999,26607.600000000002,0.0,0.0,26607.600000000002,,,,,,,,,,,,,,0.0,0.0,72529.07999999999,0.0,0.0,,0.0,,0.0,,,,,,,,72529.07999999999,0.0
637,UTTAR PRADESH,AMETHI,,853.0,0.0,0.0,853.0,232992.0,0.0,0.0,232992.0,0.0,232992.0,41795.97,0.0,0.0,41795.97,21727.77,,0.0,21727.77,10586.949999999999,0.0,0.0,10586.949999999999,14294.189999999999,0.0,0.0,14294.189999999999,1269.22,0.0,0.0,1269.22,75.585,,,75.585,,,,,,,,,89749.68000000001,0.0,0.0,89749.68000000001,,,,,,,,,,,,0.0,,,,0.0,,,,,,,,,,,,,,,,0.0,89749.68000000001,0.0,0.0,89749.68000000001,8974.96,0.0,0.0,8974.96,80774.72,0.0,0.0,80774.72,5084.260200000001,,,5084.260200000001,546.3734010000001,,,546.3734010000001,47582.36,,,47582.36,53212.990000000005,,,53212.990000000005,65.87827231094086,,,65.87827231094086,5307.52,0.0,0.0,5307.52,27338.470000000005,0.0,0.0,27338.470000000005,,,,,,,,,,,,,,0.0,0.0,80774.72,0.0,0.0,,0.0,,0.0,,,,,,,,80774.72,0.0
638,UTTAR PRADESH,AMROHA,,902.5899999999999,0.0,0.0,902.5899999999999,214903.0,0.0,0.0,214903.0,0.0,214903.0,39343.46000000001,0.0,0.0,39343.46000000001,3499.84,,0.0,3499.84,0.0,0.0,0.0,0.0,11294.66,0.0,0.0,11294.66,231.4,,,231.4,9.655000000000001,,,9.655000000000001,,,,,,,,,54379.02,0.0,0.0,54379.02,,,,,,,,,,,,0.0,,,,0.0,,,,,,,,,,,,,,,,0.0,54379.02,0.0,0.0,54379.02,4753.6,0.0,0.0,4753.6,49625.420000000006,0.0,0.0,49625.420000000006,4977.62691,,,4977.62691,812.6251,,,812.6251,40398.7,,,40398.7,46188.96,,,46188.96,93.07520218468679,,,93.07520218468679,5188.0199999999995,0.0,0.0,5188.0199999999995,5384.89,0.0,0.0,5384.89,,,,,,,,,,,,,,0.0,0.0,49625.42,0.0,0.0,,0.0,,0.0,,,,,,,,49625.42,0.0
639,UTTAR PRADESH,AURAIYA,,624.88,0.0,0.0,624.88,209427.0,0.0,0.0,209427.0,0.0,209427.0,27581.71,0.0,0.0,27581.71,18534.57,,0.0,18534.57,9261.449999999999,0.0,0.0,9261.449999999999,12558.86,0.0,0.0,12558.86,290.91999999999996,0.0,0.0,290.91999999999996,262.736,,,262.736,,,,,,,,,68490.26,0.0,0.0,68490.26,,,,,,,,,,,,0.0,,,,0.0,,,,,,,,,,,,,,,,0.0,68490.26,0.0,0.0,68490.26,6849.04,0.0,0.0,6849.04,61641.22,0.0,0.0,61641.22,2980.0797299999995,,,2980.0797299999995,7.2078500000000005,,,7.2078500000000005,35850.65,,,35850.65,38837.920000000006,,,38837.920000000006,63.006410320885934,,,63.006410320885934,3097.08,0.0,0.0,3097.08,22686.300000000003,0.0,0.0,22686.300000000003,,,,,,,,,,,,,,0.0,0.0,61641.22,0.0,0.0,,0.0,,0.0,,,,,,,,61641.22,0.0
640,UTTAR PRADESH,AYODHYA,,952.71,0.0,0.0,952.71,252201.0,0.0,0.0,252201.0,0.0,252201.0,49897.69999999999,0.0,0.0,49897.69999999999,25938.17,,,25938.17,2709.1400000000003,0.0,0.0,2709.1400000000003,13539.419999999998,0.0,0.0,13539.419999999998,2317.6600000000003,,,2317.6600000000003,,,,,,,,,,,,,94402.09000000001,0.0,0.0,94402.09000000001,,,,,,,,,,,,0.0,,,,0.0,,,,,,,,,,,,,,,,0.0,94402.09000000001,0.0,0.0,94402.09000000001,8879.29,0.0,0.0,8879.29,85522.8,0.0,0.0,85522.8,7402.04889,,,7402.04889,531.28255,,,531.28255,45045.350000000006,,,45045.350000000006,52978.70999999999,,,52978.70999999999,61.946884339614684,,,61.946884339614684,7822.509999999999,0.0,0.0,7822.509999999999,32123.63,0.0,0.0,32123.63,,,,,,,,,,,,,,0.0,0.0,85522.8,0.0,0.0,,0.0,,0.0,,,,,,,,85522.8,0.0
641,UTTAR PRADESH,AZAMGARH,,900.2599999999999,0.0,0.0,900.2599999999999,417119.0,0.0,0.0,417119.0,0.0,417119.0,79183.39000000001,0.0,0.0,79183.39000000001,27171.16,,0.0,27171.16,12277.380000000001,0.0,0.0,12277.380000000001,18247.3,0.0,0.0,18247.3,3458.9200000000005,,,3458.9200000000005,0.41,,,0.41,,,,,,,,,140338.55,0.0,0.0,140338.55,,,,,,,,,,,,0.0,,,,0.0,,,,,,,,,,,,,,,,0.0,140338.55,0.0,0.0,140338.55,13810.15,0.0,0.0,13810.15,126528.40000000001,0.0,0.0,126528.40000000001,14095.245149999999,,,14095.245149999999,32.37822499999999,,,32.37822499999999,60803.100000000006,,,60803.100000000006,74930.73000000001,,,74930.73000000001,59.220483306514595,,,59.220483306514595,14836.82,0.0,0.0,14836.82,50856.1,0.0,0.0,50856.1,,,,,,,,,,,,,,0.0,0.0,126528.40000000001,0.0,0.0,,0.0,,0.0,,,,,,,,126528.40000000001,0.0
642,UTTAR PRADESH,BAGPAT,,674.76,0.0,0.0,674.76,135138.96,0.0,0.0,135138.96,0.0,135138.96,15569.72,0.0,0.0,15569.72,12833.06,,0.0,12833.06,316.64,0.0,0.0,316.64,5569.53,0.0,0.0,5569.53,1014.8699999999999,0.0,0.0,1014.8699999999999,0.0,,,0.0,,,,,,,,,35303.81,0.0,0.0,35303.81,,,,,,,,,,,,0.0,,,,0.0,,,,,,,,,,,,,,,,0.0,35303.81,0.0,0.0,35303.81,3222.6600000000003,0.0,0.0,3222.6600000000003,32081.149999999994,0.0,0.0,32081.149999999994,2562.4314,,,2562.4314,124.99775,,,124.99775,28081.4,,,28081.4,30768.84,,,30768.84,95.90940474390727,,,95.90940474390727,2647.41,0.0,0.0,2647.41,3740.6499999999996,0.0,0.0,3740.6499999999996,,,,,,,,,,,,,,0.0,0.0,32081.15,0.0,0.0,,0.0,,0.0,,,,,,,,32081.15,0.0
643,UTTAR PRADESH,BAHRAICH,,1158.8,0.0,0.0,1158.8,438725.0,0.0,0.0,438725.0,0.0,438725.0,90350.95999999999,0.0,0.0,90350.95999999999,28332.47,,0.0,28332.47,2424.0,0.0,0.0,2424.0,25952.609999999997,0.0,0.0,25952.609999999997,2496.62,0.0,0.0,2496.62,4821.852,,,4821.852,,,,,,,,,154378.54,0.0,0.0,154378.54,,,,,,,,,,,,0.0,,,,0.0,,,,,,,,,,,,,,,,0.0,154378.54,0.0,0.0,154378.54,10005.250000000002,0.0,0.0,10005.250000000002,144373.29,0.0,0.0,144373.29,10034.415749999998,,,10034.415749999998,162.78810000000001,,,162.78810000000001,74095.56,,,74095.56,84292.73999999999,,,84292.73999999999,58.38527334245828,,,58.38527334245828,10470.830000000002,0.0,0.0,10470.830000000002,59644.11999999999,0.0,0.0,59644.11999999999,,,,,,,,,,,,,,0.0,0.0,144373.29,0.0,0.0,,0.0,,0.0,,,,,,,,144373.29,0.0
644,UTTAR PRADESH,BALLIA,,922.03,0.0,0.0,922.03,292700.0,0.0,0.0,292700.0,0.0,292700.0,56521.19999999999,0.0,0.0,56521.19999999999,14540.930000000002,,0.0,14540.930000000002,6545.5,0.0,0.0,6545.5,15731.549999999997,0.0,0.0,15731.549999999997,1825.7600000000002,0.0,0.0,1825.7600000000002,,,,,,,,,,,,,95164.94,0.0,0.0,95164.94,,,,,,,,,,,,0.0,,,,0.0,,,,,,,,,,,,,,,,0.0,95164.94,0.0,0.0,95164.94,8989.47,0.0,0.0,8989.47,86175.46999999999,0.0,0.0,86175.46999999999,8410.445339999998,,,8410.445339999998,15.8736,,,15.8736,44968.35999999999,,,44968.35999999999,53394.68000000001,,,53394.68000000001,61.96041634585807,,,61.96041634585807,9026.009999999998,0.0,0.0,9026.009999999998,32165.239999999998,0.0,0.0,32165.239999999998,,,,,,,,,,,,,,0.0,0.0,86175.46999999999,0.0,0.0,,0.0,,0.0,,,,,,,,86175.46999999999,0.0
645,UTTAR PRADESH,BALRAMPUR,,1065.2,0.0,0.0,1065.2000000000003,334857.0,0.0,0.0,334857.0,0.0,334857.0,72375.62,0.0,0.0,72375.62,10570.720000000001,,0.0,10570.720000000001,891.1500000000001,0.0,0.0,891.1500000000001,16869.89,0.0,0.0,16869.89,2597.9200000000005,,,2597.9200000000005,6360.8679999999995,,,6360.8679999999995,,,,,,,,,109666.19,0.0,0.0,109666.19,,,,,,,,,,,,0.0,,,,0.0,,,,,,,,,,,,,,,,0.0,109666.19,0.0,0.0,109666.19,9555.68,0.0,0.0,9555.68,100110.51000000001,0.0,0.0,100110.51000000001,6399.44061,,,6399.44061,457.50149999999996,,,457.50149999999996,48163.700000000004,,,48163.700000000004,55020.66,,,55020.66,54.95992378822163,,,54.95992378822163,6750.0199999999995,0.0,0.0,6750.0199999999995,44739.27,0.0,0.0,44739.27,,,,,,,,,,,,,,0.0,0.0,100110.51000000001,0.0,0.0,,0.0,,0.0,,,,,,,,100110.51000000001,0.0
646,UTTAR PRADESH,BANDA,,943.2,0.0,0.0,943.2,440460.0,0.0,0.0,440460.0,0.0,440460.0,51998.50000000001,0.0,0.0,51998.50000000001,0.16,,,0.16,7344.610000000001,0.0,0.0,7344.610000000001,11250.960000000001,0.0,0.0,11250.960000000001,696.28,,,696.28,1244.76,,,1244.76,,,,,,,,,72535.27,0.0,0.0,72535.27,,,,,,,,,,,,0.0,,,,0.0,,,,,,,,,,,,,,,,0.0,72535.27,0.0,0.0,72535.27,6263.73,0.0,0.0,6263.73,66271.54,0.0,0.0,66271.54,4096.016568,,,4096.016568,2.3149999999999995,,,2.3149999999999995,40253.2975,,,40253.2975,44351.630000000005,,,44351.630000000005,66.92409743307611,,,66.92409743307611,4256.96,0.0,0.0,4256.96,21758.98,0.0,0.0,21758.98,,,,,,,,,,,,,,0.0,0.0,66271.54,0.0,0.0,,0.0,,0.0,,,,,,,,66271.54,0.0
647,UTTAR PRADESH,BARABANKI,,978.3900000000001,0.0,0.0,978.3900000000001,389132.0,0.0,0.0,389132.0,0.0,389132.0,79371.48,0.0,0.0,79371.48,64088.44,,0.0,64088.44,28404.319999999996,0.0,0.0,28404.319999999996,36744.740000000005,0.0,0.0,36744.740000000005,2642.7200000000003,,,2642.7200000000003,,,,,,,,,,,,,211251.69000000003,0.0,0.0,211251.69000000003,,,,,,,,,,,,0.0,,,,0.0,,,,,,,,,,,,,,,,0.0,211251.69000000003,0.0,0.0,211251.69000000003,20375.49,0.0,0.0,20375.49,190876.19999999998,0.0,0.0,190876.19999999998,9272.71185,,,9272.71185,534.6393680000001,,,534.6393680000001,108835.27000000002,,,108835.27000000002,118642.62999999999,,,118642.62999999999,62.15684826080988,,,62.15684826080988,9670.509999999998,0.0,0.0,9670.509999999998,71835.79000000001,0.0,0.0,71835.79000000001,,,,,,,,,,,,,,0.0,0.0,190876.19999999998,0.0,0.0,,0.0,,0.0,,,,,,,,190876.19999999998,0.0
648,UTTAR PRADESH,BAREILLY,,877.8599999999999,0.0,0.0,877.8599999999999,412000.0,0.0,0.0,412000.0,0.0,412000.0,67393.88999999998,0.0,0.0,67393.88999999998,18442.660000000003,,0.0,18442.660000000003,6663.709999999999,0.0,0.0,6663.709999999999,22078.6,0.0,0.0,22078.6,1734.99,,,1734.99,190.601,,,190.601,1111.79,0.0,0.0,1111.79,87.5,0.0,0.0,87.5,117703.77,0.0,0.0,117703.77,,,,,,,,,,,,0.0,,,,0.0,,,,,,,,,,,,,,,,0.0,117703.77,0.0,0.0,117703.77,8008.15,0.0,0.0,8008.15,109695.62000000001,0.0,0.0,109695.62000000001,13745.396345624999,,,13745.396345624999,1811.4527178750002,,,1811.4527178750002,63027.329999999994,,,63027.329999999994,78584.16,,,78584.16,71.63837535172325,,,71.63837535172325,14209.899999999998,0.0,0.0,14209.899999999998,32743.819999999992,0.0,0.0,32743.819999999992,,,,,,,,,,,,,,0.0,0.0,109695.62000000001,0.0,0.0,,0.0,,0.0,,,,,,,,109695.62000000001,0.0
649,UTTAR PRADESH,BASTI,,1110.7800000000002,0.0,0.0,1110.7800000000002,293807.0,0.0,0.0,293807.0,0.0,293807.0,68653.15000000001,0.0,0.0,68653.15000000001,695.04,,0.0,695.04,0.0,0.0,0.0,0.0,13596.72,0.0,0.0,13596.72,1131.74,0.0,0.0,1131.74,76.804,,,76.804,,,,,,,,,84153.45999999999,0.0,0.0,84153.45999999999,,,,,,,,,,,,0.0,,,,0.0,,,,,,,,,,,,,,,,0.0,84153.45999999999,0.0,0.0,84153.45999999999,8087.299999999999,0.0,0.0,8087.299999999999,76066.16,0.0,0.0,76066.16,6665.37012,,,6665.37012,87.48398,,,87.48398,42489.770000000004,,,42489.770000000004,49242.619999999995,,,49242.619999999995,64.73656616818832,,,64.73656616818832,6902.139999999999,0.0,0.0,6902.139999999999,26586.77,0.0,0.0,26586.77,,,,,,,,,,,,,,0.0,0.0,76066.16,0.0,0.0,,0.0,,0.0,,,,,,,,76066.16,0.0
650,UTTAR PRADESH,BIJNOR,,1053.5,0.0,0.0,1053.5,458903.0,0.0,0.0,458903.0,0.0,458903.0,101011.42,0.0,0.0,101011.42,20820.74,,0.0,20820.74,3385.4999999999995,0.0,0.0,3385.4999999999995,25763.110000000004,0.0,0.0,25763.110000000004,597.72,,,597.72,360.68399999999997,,,360.68399999999997,,,,,,,,,151939.16999999998,0.0,0.0,151939.16999999998,,,,,,,,,,,,0.0,,,,0.0,,,,,,,,,,,,,,,,0.0,151939.16999999998,0.0,0.0,151939.16999999998,14825.65,0.0,0.0,14825.65,137113.52,0.0,0.0,137113.52,8116.6656,,,8116.6656,1033.2055,,,1033.2055,86029.02,,,86029.02,95178.89,,,95178.89,69.41612322402635,,,69.41612322402635,9877.35,0.0,0.0,9877.35,40173.94,0.0,0.0,40173.94,,,,,,,,,,,,,,0.0,0.0,137113.52,0.0,0.0,,0.0,,0.0,,,,,,,,137113.52,0.0
651,UTTAR PRADESH,BUDAUN,,784.54,0.0,0.0,784.54,423788.0,0.0,0.0,423788.0,0.0,423788.0,64557.53999999999,0.0,0.0,64557.53999999999,0.0,,0.0,0.0,80.0,0.0,0.0,80.0,14367.68,0.0,0.0,14367.68,1101.08,,,1101.08,25.337999999999997,,,25.337999999999997,,,,,,,,,80131.64,0.0,0.0,80131.64,,,,,,,,,,,,0.0,,,,0.0,,,,,,,,,,,,,,,,0.0,80131.64,0.0,0.0,80131.64,6122.53,0.0,0.0,6122.53,74009.11,0.0,0.0,74009.11,8050.3660875,,,8050.3660875,31.4995,,,31.4995,50674.189999999995,,,50674.189999999995,58756.07,,,58756.07,79.3903210023739,,,79.3903210023739,10206.27,0.0,0.0,10206.27,13836.300000000001,0.0,0.0,13836.300000000001,,,,,,,,,,,,,,0.0,0.0,74009.11,0.0,0.0,,0.0,,0.0,,,,,,,,74009.11,0.0
652,UTTAR PRADESH,BULANDSHAHAR,,673.1300000000002,0.0,0.0,673.1300000000002,360947.0,0.0,0.0,360947.0,0.0,360947.0,47204.78000000001,0.0,0.0,47204.78000000001,68898.95,,,68898.95,6116.96,0.0,0.0,6116.96,38790.640000000014,0.0,0.0,38790.640000000014,598.51,0.0,0.0,598.51,44.97,,,44.97,,,,,,,,,161654.81,0.0,0.0,161654.81,,,,,,,,,,,,0.0,,,,0.0,,,,,,,,,,,,,,,,0.0,161654.81,0.0,0.0,161654.81,13893.59,0.0,0.0,13893.59,147761.22,0.0,0.0,147761.22,6282.420332499999,,,6282.420332499999,712.4799999999999,,,712.4799999999999,130627.44,,,130627.44,137622.32,,,137622.32,93.1383214080122,,,93.1383214080122,7338.6799999999985,0.0,0.0,7338.6799999999985,15063.62,0.0,0.0,15063.62,,,,,,,,,,,,,,0.0,0.0,147761.22,0.0,0.0,,0.0,,0.0,,,,,,,,147761.22,0.0
653,UTTAR PRADESH,CHANDAULI,,949.0600000000001,0.0,0.0,949.0600000000001,188369.0,0.0,0.0,188369.0,0.0,188369.0,30170.309999999998,0.0,0.0,30170.309999999998,5504.429999999999,,0.0,5504.429999999999,11451.350000000002,0.0,0.0,11451.350000000002,7913.74,0.0,0.0,7913.74,331.59999999999997,,,331.59999999999997,1186.9720000000002,,,1186.9720000000002,,,,,,,,,56558.43,0.0,0.0,56558.43,,,,,,,,,,,,0.0,,,,0.0,,,,,,,,,,,,,,,,0.0,56558.43,0.0,0.0,56558.43,4991.83,0.0,0.0,4991.83,51566.600000000006,0.0,0.0,51566.600000000006,4760.39643,,,4760.39643,108.3685,,,108.3685,26289.719999999998,,,26289.719999999998,31158.469999999994,,,31158.469999999994,60.42374327568618,,,60.42374327568618,5796.2300000000005,0.0,0.0,5796.2300000000005,19372.29,0.0,0.0,19372.29,,,,,,,,,,,,,,0.0,0.0,51566.600000000006,0.0,0.0,,0.0,,0.0,,,,,,,,51566.600000000006,0.0
654,UTTAR PRADESH,CHITRAKOOT,,943.2,0.0,0.0,943.2,300665.0,0.0,0.0,300665.0,0.0,300665.0,32543.840000000004,0.0,0.0,32543.840000000004,0.0,,0.0,0.0,1934.03,0.0,0.0,1934.03,7412.06,0.0,0.0,7412.06,462.46999999999997,,,462.46999999999997,1310.2920000000001,,,1310.2920000000001,,,,,,,,,43662.700000000004,0.0,0.0,43662.700000000004,,,,,,,,,,,,0.0,,,,0.0,,,,,,,,,,,,,,,,0.0,43662.700000000004,0.0,0.0,43662.700000000004,4366.2699999999995,0.0,0.0,4366.2699999999995,39296.43,0.0,0.0,39296.43,2683.1310599999997,,,2683.1310599999997,126.582,,,126.582,29087.059999999998,,,29087.059999999998,31896.76,,,31896.76,81.16961260857538,,,81.16961260857538,3676.0299999999997,0.0,0.0,3676.0299999999997,6651.45,0.0,0.0,6651.45,,,,,,,,,,,,,,0.0,0.0,39296.43,0.0,0.0,,0.0,,0.0,,,,,,,,39296.43,0.0
655,UTTAR PRADESH,DEORIA,,1019.3799999999999,0.0,0.0,1019.3799999999999,253800.0,0.0,0.0,253800.0,0.0,253800.0,50802.88999999999,0.0,0.0,50802.88999999999,13193.990000000002,,0.0,13193.990000000002,56357.2,0.0,0.0,56357.2,22948.98,0.0,0.0,22948.98,2033.3000000000004,,,2033.3000000000004,,,,,,,,,,,,,145336.37,0.0,0.0,145336.37,,,,,,,,,,,,0.0,,,,0.0,,,,,,,,,,,,,,,,0.0,145336.37,0.0,0.0,145336.37,13307.89,0.0,0.0,13307.89,132028.47999999998,0.0,0.0,132028.47999999998,6691.10189,,,6691.10189,35.113,,,35.113,76494.34,,,76494.34,83220.53,,,83220.53,63.03225637377633,,,63.03225637377633,7913.93,0.0,0.0,7913.93,47585.12999999999,0.0,0.0,47585.12999999999,,,,,,,,,,,,,,0.0,0.0,132028.47999999998,0.0,0.0,,0.0,,0.0,,,,,,,,132028.47999999998,0.0
656,UTTAR PRADESH,ETAH,,658.23,0.0,0.0,658.23,242757.0,0.0,0.0,242757.0,0.0,242757.0,31842.949999999997,0.0,0.0,31842.949999999997,13484.990000000002,,,13484.990000000002,26028.440000000002,0.0,0.0,26028.440000000002,15156.430000000002,0.0,0.0,15156.430000000002,644.85,0.0,0.0,644.85,271.74,,,271.74,,,,,,,,,87429.40000000001,0.0,0.0,87429.40000000001,,,,,,,,,,,,0.0,,,,0.0,,,,,,,,,,,,,,,,0.0,87429.40000000001,0.0,0.0,87429.40000000001,7592.5,0.0,0.0,7592.5,79836.9,0.0,0.0,79836.9,4726.97484,,,4726.97484,47.4135,,,47.4135,52044.944585987265,,,52044.944585987265,56819.33,,,56819.33,71.1692588264324,,,71.1692588264324,5645.28,0.0,0.0,5645.28,22099.27,0.0,0.0,22099.27,,,,,,,,,,,,,,0.0,0.0,79836.9,0.0,0.0,,0.0,,0.0,,,,,,,,79836.9,0.0
657,UTTAR PRADESH,ETAWAH,,587.4799999999999,0.0,0.0,587.4799999999999,240301.0,0.0,0.0,240301.0,0.0,240301.0,28368.489999999998,0.0,0.0,28368.489999999998,21977.41,,0.0,21977.41,12012.460000000001,0.0,0.0,12012.460000000001,10014.59,0.0,0.0,10014.59,149.67000000000002,,,149.67000000000002,13.562,,,13.562,,,,,,,,,72536.18,0.0,0.0,72536.18,,,,,,,,,,,,0.0,,,,0.0,,,,,,,,,,,,,,,,0.0,72536.18,0.0,0.0,72536.18,6636.289999999999,0.0,0.0,6636.289999999999,65899.89,0.0,0.0,65899.89,3330.71844,,,3330.71844,155.928,,,155.928,31487.52,,,31487.52,34974.15,,,34974.15,53.07163638664647,,,53.07163638664647,4100.959999999999,0.0,0.0,4100.959999999999,30155.499999999996,0.0,0.0,30155.499999999996,,,,,,,,,,,,,,0.0,0.0,65899.89,0.0,0.0,,0.0,,0.0,,,,,,,,65899.89,0.0
658,UTTAR PRADESH,FARRUKHABAD,,753.48,0.0,0.0,753.48,220623.0,0.0,0.0,220623.0,0.0,220623.0,33197.97,0.0,0.0,33197.97,4995.9,,0.0,4995.9,540.1700000000001,0.0,0.0,540.1700000000001,10816.2,0.0,0.0,10816.2,414.40999999999997,,,414.40999999999997,34.199999999999996,,,34.199999999999996,,,,,,,,,49998.85,0.0,0.0,49998.85,,,,,,,,,,,,0.0,,,,0.0,,,,,,,,,,,,,,,,0.0,49998.85,0.0,0.0,49998.85,3929.4900000000002,0.0,0.0,3929.4900000000002,46069.36,0.0,0.0,46069.36,4100.35233,,,4100.35233,15.1195,,,15.1195,30162.210000000003,,,30162.210000000003,34277.7,,,34277.7,74.40455000894303,,,74.40455000894303,4244.469999999999,0.0,0.0,4244.469999999999,11647.539999999999,0.0,0.0,11647.539999999999,,,,,,,,,,,,,,0.0,0.0,46069.36,0.0,0.0,,0.0,,0.0,,,,,,,,46069.36,0.0
659,UTTAR PRADESH,FATEHPUR,,746.9,0.0,0.0,746.9,425255.0,0.0,0.0,425255.0,0.0,425255.0,64085.240000000005,0.0,0.0,64085.240000000005,29337.569999999996,,0.0,29337.569999999996,6721.79,0.0,0.0,6721.79,18030.440000000002,0.0,0.0,18030.440000000002,1378.32,,,1378.32,606.81,,,606.81,,,,,,,,,120160.17000000001,0.0,0.0,120160.17000000001,,,,,,,,,,,,0.0,,,,0.0,,,,,,,,,,,,,,,,0.0,120160.17000000001,0.0,0.0,120160.17000000001,10466.519999999999,0.0,0.0,10466.519999999999,109693.65,0.0,0.0,109693.65,7601.6214,,,7601.6214,21.936500000000002,,,21.936500000000002,71206.94,,,71206.94,78830.51000000001,,,78830.51000000001,71.86424191372976,,,71.86424191372976,9954.380000000001,0.0,0.0,9954.380000000001,28692.91,0.0,0.0,28692.91,,,,,,,,,,,,,,0.0,0.0,109693.65,0.0,0.0,,0.0,,0.0,,,,,,,,109693.65,0.0
660,UTTAR PRADESH,FIROZABAD,,656.9199999999998,0.0,0.0,656.92,241953.0,0.0,0.0,241953.0,0.0,241953.0,29525.89,0.0,0.0,29525.89,21737.989999999998,,0.0,21737.989999999998,34620.13,0.0,0.0,34620.13,0.0,0.0,0.0,0.0,597.2900000000001,,,597.2900000000001,895.1039999999999,,,895.1039999999999,,,,,,,,,87376.4,0.0,0.0,87376.4,,,,,,,,,,,,0.0,,,,0.0,,,,,,,,,,,,,,,,0.0,87376.4,0.0,0.0,87376.4,8421.27,0.0,0.0,8421.27,78955.12999999999,0.0,0.0,78955.12999999999,6921.113939999999,,,6921.113939999999,103.62349999999998,,,103.62349999999998,71027.4,,,71027.4,78052.13999999998,,,78052.13999999998,98.85632510515782,,,98.85632510515782,7151.210000000001,0.0,0.0,7151.210000000001,12026.77,0.0,0.0,12026.77,,,,,,,,,,,,,,0.0,0.0,78955.12999999999,0.0,0.0,,0.0,,0.0,,,,,,,,78955.12999999999,0.0
661,UTTAR PRADESH,G.B.NAGAR,,537.1600000000001,0.0,0.0,537.1600000000001,144273.0,0.0,0.0,144273.0,0.0,144273.0,16287.189999999999,0.0,0.0,16287.189999999999,17715.010000000002,,0.0,17715.010000000002,3764.3700000000003,0.0,0.0,3764.3700000000003,13478.94,0.0,0.0,13478.94,281.03000000000003,,,281.03000000000003,0.0,,,0.0,,,,,,,,,51526.53999999999,0.0,0.0,51526.53999999999,,,,,,,,,,,,0.0,,,,0.0,,,,,,,,,,,,,,,,0.0,51526.53999999999,0.0,0.0,51526.53999999999,5152.65,0.0,0.0,5152.65,46373.89,0.0,0.0,46373.89,1564.8907799999997,,,1564.8907799999997,2415.3875,,,2415.3875,44808.4,,,44808.4,48788.68,,,48788.68,105.20721897602294,,,105.20721897602294,1758.8400000000001,0.0,0.0,1758.8400000000001,3989.09,0.0,0.0,3989.09,,,,,,,,,,,,,,0.0,0.0,46373.89,0.0,0.0,,0.0,,0.0,,,,,,,,46373.89,0.0
662,UTTAR PRADESH,GHAZIABAD,,729.8299999999999,0.0,0.0,729.8299999999999,116914.0,0.0,0.0,116914.0,0.0,116914.0,15534.29,0.0,0.0,15534.29,13360.71,,0.0,13360.71,1136.24,0.0,0.0,1136.24,10463.57,0.0,0.0,10463.57,77.79999999999998,,,77.79999999999998,0.0,,,0.0,766.5,0.0,0.0,766.5,824.9999999999998,0.0,0.0,824.9999999999998,42164.11,0.0,0.0,42164.11,,,,,,,,,,,,0.0,,,,0.0,,,,,,,,,,,,,,,,0.0,42164.11,0.0,0.0,42164.11,4216.42,0.0,0.0,4216.42,37947.69,0.0,0.0,37947.69,7333.169119499999,,,7333.169119499999,2743.5589999999997,,,2743.5589999999997,36883.86,,,36883.86,46960.59,,,46960.59,123.7508528187091,,,123.7508528187091,10630.68,0.0,0.0,10630.68,1580.85,0.0,0.0,1580.85,,,,,,,,,,,,,,0.0,0.0,37947.69,0.0,0.0,,0.0,,0.0,,,,,,,,37947.69,0.0
663,UTTAR PRADESH,GHAZIPUR,,853.7699999999999,0.0,0.0,853.7699999999999,330052.0,0.0,0.0,330052.0,0.0,330052.0,58153.799999999996,0.0,0.0,58153.799999999996,16084.700000000003,,0.0,16084.700000000003,12537.38,0.0,0.0,12537.38,17825.930000000004,0.0,0.0,17825.930000000004,500.86,0.0,0.0,500.86,154.27000000000004,,,154.27000000000004,,,,,,,,,105256.94,0.0,0.0,105256.94,,,,,,,,,,,,0.0,,,,0.0,,,,,,,,,,,,,,,,0.0,105256.94,0.0,0.0,105256.94,10190.550000000003,0.0,0.0,10190.550000000003,95066.39,0.0,0.0,95066.39,7121.35002,,,7121.35002,57.9985,,,57.9985,50860.810000000005,,,50860.810000000005,58040.180000000015,,,58040.180000000015,61.0522604255826,,,61.0522604255826,8914.76,0.0,0.0,8914.76,35232.780000000006,0.0,0.0,35232.780000000006,,,,,,,,,,,,,,0.0,0.0,95066.39,0.0,0.0,,0.0,,0.0,,,,,,,,95066.39,0.0
664,UTTAR PRADESH,GONDA,,1047.0,0.0,0.0,1047.0,399609.0,0.0,0.0,399609.0,0.0,399609.0,85204.32999999999,0.0,0.0,85204.32999999999,19921.63,,0.0,19921.63,81.35,0.0,0.0,81.35,21330.219999999998,0.0,0.0,21330.219999999998,3120.0499999999997,,,3120.0499999999997,0.0,,,0.0,,,,,,,,,129657.57999999999,0.0,0.0,129657.57999999999,,,,,,,,,,,,0.0,,,,0.0,,,,,,,,,,,,,,,,0.0,129657.57999999999,0.0,0.0,129657.57999999999,12043.15,0.0,0.0,12043.15,117614.43,0.0,0.0,117614.43,10125.29199,,,10125.29199,496.47299999999996,,,496.47299999999996,61164.07,,,61164.07,71785.85,,,71785.85,61.03490022440275,,,61.03490022440275,13610.359999999999,0.0,0.0,13610.359999999999,42343.52,0.0,0.0,42343.52,,,,,,,,,,,,,,0.0,0.0,117614.42999999998,0.0,0.0,,0.0,,0.0,,,,,,,,117614.42999999998,0.0
665,UTTAR PRADESH,GORAKHPUR,,1338.3,0.0,0.0,1338.3,321087.0,0.0,0.0,321087.0,0.0,321087.0,81307.04999999999,0.0,0.0,81307.04999999999,8354.91,,0.0,8354.91,60024.29,0.0,0.0,60024.29,28347.689999999995,0.0,0.0,28347.689999999995,3426.86,,,3426.86,,,,,,,,,,,,,181460.81000000003,0.0,0.0,181460.81000000003,,,,,,,,,,,,0.0,,,,0.0,,,,,,,,,,,,,,,,0.0,181460.81000000003,0.0,0.0,181460.81000000003,15942.519999999999,0.0,0.0,15942.519999999999,165518.28999999998,0.0,0.0,165518.28999999998,9665.22993,,,9665.22993,929.2314999999999,,,929.2314999999999,93486.68,,,93486.68,104081.12999999999,,,104081.12999999999,62.881950991639656,,,62.881950991639656,11921.400000000001,0.0,0.0,11921.400000000001,59180.99,0.0,0.0,59180.99,,,,,,,,,,,,,,0.0,0.0,165518.28999999998,0.0,0.0,,0.0,,0.0,,,,,,,,165518.28999999998,0.0
666,UTTAR PRADESH,HAMIRPUR,,735.88,0.0,0.0,735.88,381540.0,0.0,0.0,381540.0,0.0,381540.0,33424.78999999999,0.0,0.0,33424.78999999999,0.0,,0.0,0.0,4573.27,0.0,0.0,4573.27,5962.660000000001,0.0,0.0,5962.660000000001,603.97,,,603.97,1734.96,,,1734.96,,,,,,,,,46299.65,0.0,0.0,46299.65,,,,,,,,,,,,0.0,,,,0.0,,,,,,,,,,,,,,,,0.0,46299.65,0.0,0.0,46299.65,4629.99,0.0,0.0,4629.99,41669.659999999996,0.0,0.0,41669.659999999996,2232.9699899999996,,,2232.9699899999996,95.995,,,95.995,25197.530000000002,,,25197.530000000002,27526.490000000005,,,27526.490000000005,66.05883033362885,,,66.05883033362885,2268.15,0.0,0.0,2268.15,14107.989999999998,0.0,0.0,14107.989999999998,,,,,,,,,,,,,,0.0,0.0,41669.659999999996,0.0,0.0,,0.0,,0.0,,,,,,,,41669.659999999996,0.0
667,UTTAR PRADESH,HAPUR,,788.3200000000002,0.0,0.0,788.3200000000002,114481.0,0.0,0.0,114481.0,0.0,114481.0,20806.370000000003,0.0,0.0,20806.370000000003,16607.04,,0.0,16607.04,2068.41,0.0,0.0,2068.41,12430.08,0.0,0.0,12430.08,866.0,,,866.0,5.225,,,5.225,,,,,,,,,52783.13,0.0,0.0,52783.13,,,,,,,,,,,,0.0,,,,0.0,,,,,,,,,,,,,,,,0.0,52783.13,0.0,0.0,52783.13,5278.31,0.0,0.0,5278.31,47504.82,0.0,0.0,47504.82,3.47991,,,3.47991,1052.6599999999999,,,1052.6599999999999,43563.25,,,43563.25,44619.39,,,44619.39,93.92602687474661,,,93.92602687474661,3.56,0.0,0.0,3.56,2885.3599999999997,0.0,0.0,2885.3599999999997,,,,,,,,,,,,,,0.0,0.0,47504.82,0.0,0.0,,0.0,,0.0,,,,,,,,47504.82,0.0
668,UTTAR PRADESH,HARDOI,,816.35,0.0,0.0,816.35,594843.0,0.0,0.0,594843.0,0.0,594843.0,98957.45000000001,0.0,0.0,98957.45000000001,36244.68000000001,,,36244.68000000001,10182.25,0.0,0.0,10182.25,32284.090000000004,0.0,0.0,32284.090000000004,2497.15,0.0,0.0,2497.15,,,,,,,,,,,,,180165.63000000003,0.0,0.0,180165.63000000003,,,,,,,,,,,,0.0,,,,0.0,,,,,,,,,,,,,,,,0.0,180165.63000000003,0.0,0.0,180165.63000000003,15078.589999999998,0.0,0.0,15078.589999999998,165087.04,0.0,0.0,165087.04,8876.99418,,,8876.99418,707.224,,,707.224,92018.71,,,92018.71,101602.90000000002,,,101602.90000000002,61.54504920555849,,,61.54504920555849,11109.170000000002,0.0,0.0,11109.170000000002,61251.950000000004,0.0,0.0,61251.950000000004,,,,,,,,,,,,,,0.0,0.0,165087.04,0.0,0.0,,0.0,,0.0,,,,,,,,165087.04,0.0
669,UTTAR PRADESH,HATHRAS,,618.98,0.0,0.0,618.98,183799.0,0.0,0.0,183799.0,0.0,183799.0,22642.370000000003,0.0,0.0,22642.370000000003,22306.13,,0.0,22306.13,15763.88,0.0,0.0,15763.88,11359.72,0.0,0.0,11359.72,304.96,,,304.96,92.532,,,92.532,,,,,,,,,72469.59999999999,0.0,0.0,72469.59999999999,,,,,,,,,,,,0.0,,,,0.0,,,,,,,,,,,,,,,,0.0,72469.59999999999,0.0,0.0,72469.59999999999,5913.49,0.0,0.0,5913.49,66556.11,0.0,0.0,66556.11,4266.04116,,,4266.04116,84.81581000000001,,,84.81581000000001,56522.85999999999,,,56522.85999999999,60873.71000000001,,,60873.71000000001,91.46224140803903,,,91.46224140803903,4390.96,0.0,0.0,4390.96,9797.08,0.0,0.0,9797.08,,,,,,,,,,,,,,0.0,0.0,66556.11,0.0,0.0,,0.0,,0.0,,,,,,,,66556.11,0.0
670,UTTAR PRADESH,JALAUN,,687.1999999999999,0.0,0.0,687.1999999999999,456583.0,0.0,0.0,456583.0,0.0,456583.0,65746.89,0.0,0.0,65746.89,2754.55,,0.0,2754.55,20910.350000000002,0.0,0.0,20910.350000000002,15180.510000000002,0.0,0.0,15180.510000000002,48.46,,,48.46,0.0,0.0,,0.0,,,,,,,,,104640.75,0.0,0.0,104640.75,,,,,,,,,,,,0.0,,,,0.0,,,,,,,,,,,,,,,,0.0,104640.75,0.0,0.0,104640.75,9853.779999999999,0.0,0.0,9853.779999999999,94786.96999999999,0.0,0.0,94786.96999999999,4418.53962,,,4418.53962,16.388499999999997,,,16.388499999999997,49481.41500000001,,,49481.41500000001,53916.350000000006,,,53916.350000000006,56.881605140453395,,,56.881605140453395,4509.25,0.0,0.0,4509.25,40779.92,0.0,0.0,40779.92,,,,,,,,,,,,,,0.0,0.0,94786.96999999999,0.0,0.0,,0.0,,0.0,,,,,,,,94786.96999999999,0.0
671,UTTAR PRADESH,JAUNPUR,,901.7200000000001,0.0,0.0,901.7200000000001,399094.0,0.0,0.0,399094.0,0.0,399094.0,71486.64999999997,0.0,0.0,71486.64999999997,23984.539999999997,,0.0,23984.539999999997,15634.76,0.0,0.0,15634.76,21583.18,0.0,0.0,21583.18,1455.16,,,1455.16,98.38199999999999,,,98.38199999999999,,,,,,,,,134242.65,0.0,0.0,134242.65,,,,,,,,,,,,0.0,,,,0.0,,,,,,,,,,,,,,,,0.0,134242.65,0.0,0.0,134242.65,11489.210000000001,0.0,0.0,11489.210000000001,122753.44,0.0,0.0,122753.44,14020.857419999997,,,14020.857419999997,104.974,,,104.974,72113.81999999999,,,72113.81999999999,86239.68,,,86239.68,70.25438961221778,,,70.25438961221778,17940.45,0.0,0.0,17940.45,32594.17,0.0,0.0,32594.17,,,,,,,,,,,,,,0.0,0.0,122753.44,0.0,0.0,,0.0,,0.0,,,,,,,,122753.44,0.0
672,UTTAR PRADESH,JHANSI,,764.9900000000001,0.0,0.0,764.9900000000001,461937.0,0.0,0.0,461937.0,40462.99999999999,502400.0,32106.04,0.0,0.0,32106.04,2923.0099999999998,,,2923.0099999999998,25959.15,0.0,0.0,25959.15,12172.41,0.0,0.0,12172.41,417.63000000000005,,,417.63000000000005,0.8840000000000001,,,0.8840000000000001,,,,,,,,,73579.1,0.0,0.0,73579.1,,,,,,,,,,,,0.0,,,,0.0,,,,,,,,,,,,,,,,0.0,73579.1,0.0,0.0,73579.1,6748.36,0.0,0.0,6748.36,66830.74,0.0,0.0,66830.74,3295.7791799999995,,,3295.7791799999995,61.0645,,,61.0645,40821.67,,,40821.67,44178.51,,,44178.51,66.10507380286377,,,66.10507380286377,3439.34,0.0,0.0,3439.34,22508.670000000002,0.0,0.0,22508.670000000002,,,,,,,,,,,,,,0.0,0.0,66830.74,0.0,0.0,,0.0,,0.0,,,,,,,,66830.74,0.0
673,UTTAR PRADESH,KANNAUJ,,714.62,0.0,0.0,714.62,214346.0,0.0,0.0,214346.0,0.0,214346.0,27630.57,0.0,0.0,27630.57,21757.93,,0.0,21757.93,1508.47,0.0,0.0,1508.47,11620.55,0.0,0.0,11620.55,559.7099999999999,,,559.7099999999999,45.699999999999996,,,45.699999999999996,,,,,,,,,63122.92999999999,0.0,0.0,63122.92999999999,,,,,,,,,,,,0.0,,,,0.0,,,,,,,,,,,,,,,,0.0,63122.92999999999,0.0,0.0,63122.92999999999,5442.45,0.0,0.0,5442.45,57680.479999999996,0.0,0.0,57680.479999999996,4533.35694,,,4533.35694,10.512,,,10.512,41094.29,,,41094.29,45638.15,,,45638.15,79.12234780293092,,,79.12234780293092,4685.36,0.0,0.0,4685.36,17650.57,0.0,0.0,17650.57,,,,,,,,,,,,,,0.0,0.0,57680.479999999996,0.0,0.0,,0.0,,0.0,,,,,,,,57680.479999999996,0.0
674,UTTAR PRADESH,KANPUR DEHAT,,726.509884072565,0.0,0.0,726.509884072565,323737.0,0.0,0.0,323737.0,0.0,323737.0,47012.79,0.0,0.0,47012.79,14387.25,,0.0,14387.25,8585.53,0.0,0.0,8585.53,15545.899999999998,0.0,0.0,15545.899999999998,440.22999999999996,,,440.22999999999996,,,,,,,,,,,,,85971.7,0.0,0.0,85971.7,,,,,,,,,,,,0.0,,,,0.0,,,,,,,,,,,,,,,,0.0,85971.7,0.0,0.0,85971.7,8597.17,0.0,0.0,8597.17,77374.53,0.0,0.0,77374.53,4132.28034,,,4132.28034,362.80999999999995,,,362.80999999999995,50708.36,,,50708.36,55203.42999999999,,,55203.42999999999,71.3457387075566,,,71.3457387075566,4202.93,0.0,0.0,4202.93,22100.46,0.0,0.0,22100.46,,,,,,,,,,,,,,0.0,0.0,77374.53,0.0,0.0,,0.0,,0.0,,,,,,,,77374.53,0.0
675,UTTAR PRADESH,KANPUR NAGAR,,709.6,0.0,0.0,709.6,309483.0,0.0,0.0,309483.0,0.0,309483.0,44943.06,0.0,0.0,44943.06,17911.96,,0.0,17911.96,6860.71,0.0,0.0,6860.71,17395.55,0.0,0.0,17395.55,699.3499999999999,,,699.3499999999999,117.464,,,117.464,1220.56,0.0,0.0,1220.56,150.0,0.0,0.0,150.0,89298.66,0.0,0.0,89298.66,0.0,0.0,0.0,0.0,,,,,0.0,0.0,0.0,0.0,0.0,0.0,0.0,0.0,0.0,0.0,0.0,0.0,0.0,0.0,0.0,0.0,0.0,0.0,0.0,0.0,0.0,0.0,0.0,0.0,89298.66,0.0,0.0,89298.66,8229.669999999998,0.0,0.0,8229.669999999998,81068.99,0.0,0.0,81068.99,8151.618525599999,,,8151.618525599999,455.30099999999993,,,455.30099999999993,55101.409758716734,,,55101.409758716734,63708.30000000001,,,63708.30000000001,78.58528890023177,,,78.58528890023177,9294.740000000002,0.0,0.0,9294.740000000002,16690.77,0.0,0.0,16690.77,,,,,,,,,,,,,,0.0,0.0,81068.99,0.0,0.0,,0.0,,0.0,,,,,,,,81068.99,0.0
676,UTTAR PRADESH,KASGANJ,,724.77,0.0,0.0,724.77,199388.0,0.0,0.0,199388.0,0.0,199388.0,26173.190000000002,0.0,0.0,26173.190000000002,13607.77,,0.0,13607.77,19043.35,0.0,0.0,19043.35,12967.98,0.0,0.0,12967.98,295.66,0.0,0.0,295.66,20.7,,,20.7,,,,,,,,,72108.66,0.0,0.0,72108.66,,,,,,,,,,,,0.0,,,,0.0,,,,,,,,,,,,,,,,0.0,72108.66,0.0,0.0,72108.66,4482.26,0.0,0.0,4482.26,67626.4,0.0,0.0,67626.4,4142.41566,,,4142.41566,8.103,,,8.103,42787.93,,,42787.93,46938.44,,,46938.44,69.40845586930548,,,69.40845586930548,4325.080000000001,0.0,0.0,4325.080000000001,20505.289999999997,0.0,0.0,20505.289999999997,,,,,,,,,,,,,,0.0,0.0,67626.4,0.0,0.0,,0.0,,0.0,,,,,,,,67626.4,0.0
677,UTTAR PRADESH,KAUSHAMBI,,846.45,0.0,0.0,846.45,178001.0,0.0,0.0,178001.0,0.0,178001.0,31767.04,0.0,0.0,31767.04,6728.199999999999,,,6728.199999999999,2240.83,0.0,0.0,2240.83,9949.03,0.0,0.0,9949.03,751.5300000000001,,,751.5300000000001,317.14,,,317.14,,,,,,,,,51753.76999999999,0.0,0.0,51753.76999999999,,,,,,,,,,,,0.0,,,,0.0,,,,,,,,,,,,,,,,0.0,51753.76999999999,0.0,0.0,51753.76999999999,5175.38,0.0,0.0,5175.38,46578.38999999999,0.0,0.0,46578.38999999999,4723.076639999999,,,4723.076639999999,1.1315,,,1.1315,33058.0,,,33058.0,37782.21,,,37782.21,81.11531978670797,,,81.11531978670797,4995.9,0.0,0.0,4995.9,9936.3,0.0,0.0,9936.3,,,,,,,,,,,,,,0.0,0.0,46578.39,0.0,0.0,,0.0,,0.0,,,,,,,,46578.39,0.0
678,UTTAR PRADESH,KUSHI NAGAR,,1112.0,0.0,0.0,1112.0,287378.0,0.0,0.0,287378.0,0.0,287378.0,54405.09,0.0,0.0,54405.09,39647.280000000006,,0.0,39647.280000000006,61688.399999999994,0.0,0.0,61688.399999999994,23067.04,0.0,0.0,23067.04,875.26,,,875.26,,,,,,,,,,,,,179683.06,0.0,0.0,179683.06,,,,,,,,,,,,0.0,,,,0.0,,,,,,,,,,,,,,,,0.0,179683.06,0.0,0.0,179683.06,15957.09,0.0,0.0,15957.09,163725.96999999997,0.0,0.0,163725.96999999997,8967.75873,,,8967.75873,71.496,,,71.496,75094.221,,,75094.221,84133.48,,,84133.48,51.386765337227814,,,51.386765337227814,9454.67,0.0,0.0,9454.67,79105.58,0.0,0.0,79105.58,,,,,,,,,,,,,,0.0,0.0,163725.96999999997,0.0,0.0,,0.0,,0.0,,,,,,,,163725.96999999997,0.0
679,UTTAR PRADESH,LAKHIMPUR KHERI,,1130.0,0.0,0.0,1130.0,655505.0,0.0,0.0,655505.0,0.0,655505.0,143274.41999999998,0.0,0.0,143274.41999999998,42161.18,,0.0,42161.18,4803.969999999999,0.0,0.0,4803.969999999999,38091.5,0.0,0.0,38091.5,3468.16,,,3468.16,,,,,,,,,,,,,231799.24,0.0,0.0,231799.24,,,,,,,,,,,,0.0,,,,0.0,,,,,,,,,,,,,,,,0.0,231799.24,0.0,0.0,231799.24,16077.300000000001,0.0,0.0,16077.300000000001,215721.94,0.0,0.0,215721.94,12696.37608,,,12696.37608,1087.7,,,1087.7,117769.51000000001,,,117769.51000000001,131553.57,,,131553.57,60.98293479096285,,,60.98293479096285,13690.090000000002,0.0,0.0,13690.090000000002,83174.64,0.0,0.0,83174.64,,,,,,,,,,,,,,0.0,0.0,215721.94,0.0,0.0,,0.0,,0.0,,,,,,,,215721.94,0.0
680,UTTAR PRADESH,LALITPUR,,909.89,0.0,0.0,909.89,381942.0,0.0,0.0,381942.0,121981.0,503923.0,16694.91,0.0,0.0,16694.91,1948.5600000000002,,0.0,1948.5600000000002,13004.07,0.0,0.0,13004.07,8298.94,0.0,0.0,8298.94,912.6700000000001,,,912.6700000000001,84.396,,,84.396,,,,,,,,,40943.54,0.0,0.0,40943.54,,,,,,,,,,,,0.0,,,,0.0,,,,,,,,,,,,,,,,0.0,40943.54,0.0,0.0,40943.54,3145.89,0.0,0.0,3145.89,37797.649999999994,0.0,0.0,37797.649999999994,3588.9588599999997,,,3588.9588599999997,6.273850000000001,,,6.273850000000001,27786.43,,,27786.43,31381.659999999996,,,31381.659999999996,83.02542618390298,,,83.02542618390298,3775.9,0.0,0.0,3775.9,6229.05,0.0,0.0,6229.05,,,,,,,,,,,,,,0.0,0.0,37797.649999999994,0.0,0.0,,0.0,,0.0,,,,,,,,37797.649999999994,0.0
681,UTTAR PRADESH,LUCKNOW,,879.83,879.83,0.0,879.8300000000002,202510.0,41686.0,0.0,244196.0,0.0,244196.0,31165.469999999998,4540.04,0.0,35705.51,22896.579999999998,,0.0,22896.579999999998,4932.349999999999,0.0,0.0,4932.349999999999,8963.41,0.0,0.0,8963.41,819.9300000000002,141.66,0.0,961.59,,51.544,,51.544,0.0,1456.35,0.0,1456.35,0.0,1000.0,0.0,1000.0,68777.75,7189.59,0.0,75967.34,,,,,,,,,,,,0.0,,,,0.0,,,,,,,,,,,,,,,,0.0,68777.75,7189.59,0.0,75967.34,4785.12,718.96,0.0,5504.08,63992.63,6470.629999999999,0.0,70463.26,4775.40669,8229.879621,,13005.286311,1348.3508699999998,54.617525,,1402.9683949999999,33584.94,0.0,,33584.94,39708.67,8284.5,,47993.17,62.05194254400859,128.03235542752407,,68.11091340366598,5102.9,8769.93,0.0,13872.830000000002,23956.469999999998,0.0,0.0,23956.469999999998,,,,,,,,,,,,,,0.0,0.0,70463.26,0.0,0.0,,0.0,,0.0,,,,,,,,70463.26,0.0
682,UTTAR PRADESH,MAHOBA,,809.7,0.0,0.0,809.7,229341.0,0.0,0.0,229341.0,0.0,229341.0,9016.02,0.0,0.0,9016.02,9106.16,,0.0,9106.16,5577.27,0.0,0.0,5577.27,6143.91,0.0,0.0,6143.91,394.23,,,394.23,1790.4,,,1790.4,,,,,,,,,32027.99,0.0,0.0,32027.99,,,,,,,,,,,,0.0,,,,0.0,,,,,,,,,,,,,,,,0.0,32027.99,0.0,0.0,32027.99,3202.8,0.0,0.0,3202.8,28825.19,0.0,0.0,28825.19,1186.215471,,,1186.215471,1.2894983500000008,,,1.2894983500000008,24406.699999999997,,,24406.699999999997,25594.22,,,25594.22,88.79115801144764,,,88.79115801144764,1403.4199999999998,0.0,0.0,1403.4199999999998,3388.7,0.0,0.0,3388.7,,,,,,,,,,,,,,0.0,0.0,28825.19,0.0,0.0,,0.0,,0.0,,,,,,,,28825.19,0.0
683,UTTAR PRADESH,MAHRAJGANJ,,1389.1,0.0,0.0,1389.1,247760.0,0.0,0.0,247760.0,0.0,247760.0,62945.969999999994,0.0,0.0,62945.969999999994,18097.73,,0.0,18097.73,7239.51,0.0,0.0,7239.51,16607.47,0.0,0.0,16607.47,573.44,,,573.44,,,,,,,,,,,,,105464.12,0.0,0.0,105464.12,,,,,,,,,,,,0.0,,,,0.0,,,,,,,,,,,,,,,,0.0,105464.12,0.0,0.0,105464.12,7560.480000000001,0.0,0.0,7560.480000000001,97903.64,0.0,0.0,97903.64,7359.624209999999,,,7359.624209999999,23.295999819999995,,,23.295999819999995,55402.8,,,55402.8,62785.740000000005,,,62785.740000000005,64.13013857298871,,,64.13013857298871,8358.92,0.0,0.0,8358.92,34118.61,0.0,0.0,34118.61,,,,,,,,,,,,,,0.0,0.0,97903.64,0.0,0.0,,0.0,,0.0,,,,,,,,97903.64,0.0
684,UTTAR PRADESH,MAINPURI,,659.74,0.0,0.0,659.74,276072.0,0.0,0.0,276072.0,0.0,276072.0,37592.43000000001,0.0,0.0,37592.43000000001,22298.339999999997,,,22298.339999999997,16686.0,0.0,0.0,16686.0,16515.02,0.0,0.0,16515.02,1080.36,,,1080.36,104.83200000000001,,,104.83200000000001,,,,,,,,,94276.97,0.0,0.0,94276.97,,,,,,,,,,,,0.0,,,,0.0,,,,,,,,,,,,,,,,0.0,94276.97,0.0,0.0,94276.97,9427.699999999999,0.0,0.0,9427.699999999999,84849.26999999999,0.0,0.0,84849.26999999999,5107.50486,,,5107.50486,13.885425,,,13.885425,56524.48999999999,,,56524.48999999999,61645.89000000001,,,61645.89000000001,72.65341233931655,,,72.65341233931655,6162.39,0.0,0.0,6162.39,23486.95,0.0,0.0,23486.95,,,,,,,,,,,,,,0.0,0.0,84849.26999999999,0.0,0.0,,0.0,,0.0,,,,,,,,84849.26999999999,0.0
685,UTTAR PRADESH,MATHURA,,556.8900000000001,0.0,0.0,556.8900000000001,336078.0,0.0,0.0,336078.0,0.0,336078.0,34914.45,0.0,0.0,34914.45,36892.520000000004,,0.0,36892.520000000004,40839.85999999999,0.0,0.0,40839.85999999999,23234.96,0.0,0.0,23234.96,301.99,0.0,0.0,301.99,177.96,,,177.96,,,,,,,,,136361.74,0.0,0.0,136361.74,,,,,,,,,,,,0.0,,,,0.0,,,,,,,,,,,,,,,,0.0,136361.74,0.0,0.0,136361.74,11369.200000000003,0.0,0.0,11369.200000000003,124992.54000000001,0.0,0.0,124992.54000000001,6713.80197,,,6713.80197,1158.738452,,,1158.738452,80797.23,,,80797.23,88669.76999999999,,,88669.76999999999,70.9400497021662,,,70.9400497021662,7536.57,0.0,0.0,7536.57,35500.009999999995,0.0,0.0,35500.009999999995,,,,,,,,,,,,,,0.0,0.0,124992.54000000001,0.0,0.0,,0.0,,0.0,,,,,,,,124992.54000000001,0.0
686,UTTAR PRADESH,MAUNATH BHANJAN,,897.3000000000001,0.0,0.0,897.3000000000001,171624.0,0.0,0.0,171624.0,0.0,171624.0,31228.21,0.0,0.0,31228.21,7108.01,,0.0,7108.01,3421.46,0.0,0.0,3421.46,6898.41,0.0,0.0,6898.41,2102.87,,,2102.87,,,,,,,,,,,,,50758.96000000001,0.0,0.0,50758.96000000001,,,,,,,,,,,,0.0,,,,0.0,,,,,,,,,,,,,,,,0.0,50758.96000000001,0.0,0.0,50758.96000000001,4801.21,0.0,0.0,4801.21,45957.75000000001,0.0,0.0,45957.75000000001,6639.6770400000005,,,6639.6770400000005,4.22139,,,4.22139,23108.86,,,23108.86,29752.76,,,29752.76,64.73937475181008,,,64.73937475181008,7033.82,0.0,0.0,7033.82,15810.850000000002,0.0,0.0,15810.850000000002,,,,,,,,,,,,,,0.0,0.0,45957.75000000001,0.0,0.0,,0.0,,0.0,,,,,,,,45957.75000000001,0.0
687,UTTAR PRADESH,MEERUT,,856.8899999999999,0.0,0.0,856.8899999999999,281049.0,0.0,0.0,281049.0,0.0,281049.0,47294.48999999999,0.0,0.0,47294.48999999999,16954.39,,0.0,16954.39,8611.2,0.0,0.0,8611.2,14105.15,0.0,0.0,14105.15,437.46999999999997,0.0,0.0,437.46999999999997,70.55199999999999,,,70.55199999999999,0.0,0.0,0.0,0.0,0.0,0.0,0.0,0.0,87473.23999999999,0.0,0.0,87473.23999999999,,,,,,,,,,,,0.0,,,,0.0,,,,,,,,,,,,,,,,0.0,87473.23999999999,0.0,0.0,87473.23999999999,7051.34,0.0,0.0,7051.34,80421.9,0.0,0.0,80421.9,9728.642474999999,,,9728.642474999999,1550.0340999999999,,,1550.0340999999999,52163.2,,,52163.2,63441.9,,,63441.9,78.88634812159376,,,78.88634812159376,9992.63,0.0,0.0,9992.63,18822.149999999998,0.0,0.0,18822.149999999998,,,,,,,,,,,,,,0.0,0.0,80421.9,0.0,0.0,,0.0,,0.0,,,,,,,,80421.9,0.0
688,UTTAR PRADESH,MIRZAPUR,,973.1000000000001,0.0,0.0,973.1000000000001,295437.0,0.0,0.0,295437.0,156648.0,452085.0,26498.940000000002,0.0,0.0,26498.940000000002,4107.719999999999,,,4107.719999999999,21100.16,0.0,0.0,21100.16,7981.420000000001,0.0,0.0,7981.420000000001,15.659999999999998,,,15.659999999999998,1913.782,,,1913.782,,,,,,,,,61617.66,0.0,0.0,61617.66,,,,,,,,,,,,0.0,,,,0.0,,,,,,,,,,,,,,,,0.0,61617.66,0.0,0.0,61617.66,5865.66,0.0,0.0,5865.66,55752.0,0.0,0.0,55752.0,7034.106989999998,,,7034.106989999998,92.624341,,,92.624341,28018.43,,,28018.43,35145.17,,,35145.17,63.03840220978619,,,63.03840220978619,7749.51,0.0,0.0,7749.51,19891.420000000002,0.0,0.0,19891.420000000002,,,,,,,,,,,,,,0.0,0.0,55752.0,0.0,0.0,,0.0,,0.0,,,,,,,,55752.0,0.0
689,UTTAR PRADESH,MORADABAD,,902.59,0.0,0.0,902.59,224944.0,0.0,0.0,224944.0,0.0,224944.0,41956.19,0.0,0.0,41956.19,9176.18,,0.0,9176.18,3746.0900000000006,0.0,0.0,3746.0900000000006,12988.15,0.0,0.0,12988.15,2051.58,0.0,0.0,2051.58,183.066,,,183.066,450.0,0.0,0.0,450.0,600.0,0.0,0.0,600.0,71151.24,0.0,0.0,71151.24,,,,,,,,,,,,0.0,,,,0.0,,,,,,,,,,,,,,,,0.0,71151.24,0.0,0.0,71151.24,7115.13,0.0,0.0,7115.13,64036.11,0.0,0.0,64036.11,10462.105686249999,,,10462.105686249999,967.06179,,,967.06179,43841.46,,,43841.46,55270.630000000005,,,55270.630000000005,86.31166071767944,,,86.31166071767944,11318.0,0.0,0.0,11318.0,11739.88,0.0,0.0,11739.88,,,,,,,,,,,,,,0.0,0.0,64036.11,0.0,0.0,,0.0,,0.0,,,,,,,,64036.11,0.0
690,UTTAR PRADESH,MUZAFFARNAGAR,,869.0999999999999,0.0,0.0,869.0999999999999,275666.0,0.0,0.0,275666.0,0.0,275666.0,46556.5,0.0,0.0,46556.5,29653.780000000002,,0.0,29653.780000000002,14034.7,0.0,0.0,14034.7,19908.280000000002,0.0,0.0,19908.280000000002,342.74,,,342.74,23.851,,,23.851,,,,,,,,,110519.87000000001,0.0,0.0,110519.87000000001,,,,,,,,,,,,0.0,,,,0.0,,,,,,,,,,,,,,,,0.0,110519.87000000001,0.0,0.0,110519.87000000001,8575.64,0.0,0.0,8575.64,101944.23000000001,0.0,0.0,101944.23000000001,6855.638597499999,,,6855.638597499999,2654.8515000000007,,,2654.8515000000007,71715.98,,,71715.98,81226.45999999999,,,81226.45999999999,79.67734907605853,,,79.67734907605853,7242.549999999999,0.0,0.0,7242.549999999999,21625.810000000005,0.0,0.0,21625.810000000005,,,,,,,,,,,,,,0.0,0.0,101944.23000000001,0.0,0.0,,0.0,,0.0,,,,,,,,101944.23000000001,0.0
691,UTTAR PRADESH,PILIBHIT,,1201.2699999999998,0.0,0.0,1201.2699999999998,336959.0,0.0,0.0,336959.0,0.0,336959.0,64276.170000000006,0.0,0.0,64276.170000000006,14758.52,,0.0,14758.52,6759.65,0.0,0.0,6759.65,19041.45,0.0,0.0,19041.45,1497.58,,,1497.58,,,,,,,,,,,,,106333.37000000001,0.0,0.0,106333.37000000001,,,,,,,,,,,,0.0,,,,0.0,,,,,,,,,,,,,,,,0.0,106333.37000000001,0.0,0.0,106333.37000000001,7820.26,0.0,0.0,7820.26,98513.11,0.0,0.0,98513.11,5581.02447,,,5581.02447,406.60949999999997,,,406.60949999999997,55434.015,,,55434.015,61421.64,,,61421.64,62.3486965338928,,,62.3486965338928,6056.3099999999995,0.0,0.0,6056.3099999999995,36616.19,0.0,0.0,36616.19,,,,,,,,,,,,,,0.0,0.0,98513.11,0.0,0.0,,0.0,,0.0,,,,,,,,98513.11,0.0
692,UTTAR PRADESH,PRATAPGARH,,837.75,0.0,0.0,837.75,371743.0,0.0,0.0,371743.0,0.0,371743.0,65653.27,0.0,0.0,65653.27,32294.34,,0.0,32294.34,16389.0,0.0,0.0,16389.0,27246.69,0.0,0.0,27246.69,951.53,,,951.53,1027.636,,,1027.636,,,,,,,,,143562.48,0.0,0.0,143562.48,,,,,,,,,,,,0.0,,,,0.0,,,,,,,,,,,,,,,,0.0,143562.48,0.0,0.0,143562.48,13114.429999999997,0.0,0.0,13114.429999999997,130448.04999999999,0.0,0.0,130448.04999999999,8449.22805,,,8449.22805,5.6073900000000005,,,5.6073900000000005,91157.06,,,91157.06,99611.87999999999,,,99611.87999999999,76.36134077895377,,,76.36134077895377,8884.57,0.0,0.0,8884.57,30400.84,0.0,0.0,30400.84,,,,,,,,,,,,,,0.0,0.0,130448.04999999999,0.0,0.0,,0.0,,0.0,,,,,,,,130448.04999999999,0.0
693,UTTAR PRADESH,PRAYAGRAJ,,843.0900000000001,0.0,0.0,843.0900000000001,499630.0,0.0,0.0,499630.0,47370.0,547000.0,73511.56999999999,0.0,0.0,73511.56999999999,16630.440000000002,,,16630.440000000002,30636.880000000005,0.0,0.0,30636.880000000005,19624.329999999998,0.0,0.0,19624.329999999998,2060.5699999999997,,,2060.5699999999997,111.506,,,111.506,227.16288445500004,0.0,0.0,227.16288445500004,25.0,0.0,0.0,25.0,142827.39,0.0,0.0,142827.39,,,,,,,,,,,,0.0,,,,0.0,,,,,,,,,,,,,,,,0.0,142827.39,0.0,0.0,142827.39,13708.74,0.0,0.0,13708.74,129118.65,0.0,0.0,129118.65,17553.702610252498,,,17553.702610252498,1649.0232640000004,,,1649.0232640000004,75537.13999999998,,,75537.13999999998,94739.87000000002,,,94739.87000000002,73.37427242307756,,,73.37427242307756,21863.05,0.0,0.0,21863.05,33197.98999999999,0.0,0.0,33197.98999999999,,,,,,,,,,,,,,0.0,0.0,129118.65,0.0,0.0,,0.0,,0.0,,,,,,,,129118.65,0.0
694,UTTAR PRADESH,RAIBARELI,,748.3,0.0,0.0,748.3,392458.0,0.0,0.0,392458.0,0.0,392458.0,58606.259999999995,0.0,0.0,58606.259999999995,23444.53,,0.0,23444.53,23636.579999999998,0.0,0.0,23636.579999999998,18530.8,0.0,0.0,18530.8,2055.51,,,2055.51,329.27500000000003,,,329.27500000000003,,,,,,,,,126603.00000000003,0.0,0.0,126603.00000000003,,,,,,,,,,,,0.0,,,,0.0,,,,,,,,,,,,,,,,0.0,126603.00000000003,0.0,0.0,126603.00000000003,10151.869999999999,0.0,0.0,10151.869999999999,116451.13,0.0,0.0,116451.13,7352.77608,,,7352.77608,69.54948999999999,,,69.54948999999999,61823.64,,,61823.64,69245.99,,,69245.99,59.46356209682122,,,59.46356209682122,9591.99,0.0,0.0,9591.99,44965.92,0.0,0.0,44965.92,,,,,,,,,,,,,,0.0,0.0,116451.13,0.0,0.0,,0.0,,0.0,,,,,,,,116451.13,0.0
695,UTTAR PRADESH,RAMPUR,,1051.6100000000001,0.0,0.0,1051.6100000000001,229790.0,0.0,0.0,229790.0,0.0,229790.0,50712.71,0.0,0.0,50712.71,18743.8,,0.0,18743.8,168.28,0.0,0.0,168.28,13129.66,0.0,0.0,13129.66,545.38,,,545.38,50.071999999999996,,,50.071999999999996,,,,,,,,,83349.91,0.0,0.0,83349.91,,,,,,,,,,,,0.0,,,,0.0,,,,,,,,,,,,,,,,0.0,83349.91,0.0,0.0,83349.91,8045.18,0.0,0.0,8045.18,75304.73,0.0,0.0,75304.73,5368.031639999999,,,5368.031639999999,542.7195,,,542.7195,47199.01,,,47199.01,53109.770000000004,,,53109.770000000004,70.52647290548683,,,70.52647290548683,5579.04,0.0,0.0,5579.04,21983.940000000002,0.0,0.0,21983.940000000002,,,,,,,,,,,,,,0.0,0.0,75304.73,0.0,0.0,,0.0,,0.0,,,,,,,,75304.73,0.0
696,UTTAR PRADESH,SAHARANPUR,,1102.65,0.0,0.0,1102.65,368941.0,0.0,0.0,368941.0,0.0,368941.0,85461.62000000001,0.0,0.0,85461.62000000001,15260.650000000003,,0.0,15260.650000000003,8542.53,0.0,0.0,8542.53,34117.35,0.0,0.0,34117.35,379.09000000000003,,,379.09000000000003,4.957000000000001,,,4.957000000000001,,,,,,,,,143766.2,0.0,0.0,143766.2,,,,,,,,,,,,0.0,,,,0.0,,,,,,,,,,,,,,,,0.0,143766.2,0.0,0.0,143766.2,8916.560000000001,0.0,0.0,8916.560000000001,134849.63999999998,0.0,0.0,134849.63999999998,7484.452020000001,,,7484.452020000001,1530.868213,,,1530.868213,121360.54999999999,,,121360.54999999999,130375.88999999998,,,130375.88999999998,96.68241605984265,,,96.68241605984265,7920.86,0.0,0.0,7920.86,21012.390000000003,0.0,0.0,21012.390000000003,,,,,,,,,,,,,,0.0,0.0,134849.63999999998,0.0,0.0,,0.0,,0.0,,,,,,,,134849.63999999998,0.0
697,UTTAR PRADESH,SAMBHAL,,784.5400000000001,0.0,0.0,784.5400000000001,241520.0,0.0,0.0,241520.0,0.0,241520.0,38806.880000000005,0.0,0.0,38806.880000000005,411.79,,0.0,411.79,41.6,0.0,0.0,41.6,7806.15,0.0,0.0,7806.15,748.1400000000001,,,748.1400000000001,131.08800000000002,,,131.08800000000002,,,,,,,,,47945.64,0.0,0.0,47945.64,,,,,,,,,,,,0.0,,,,0.0,,,,,,,,,,,,,,,,0.0,47945.64,0.0,0.0,47945.64,3348.9399999999996,0.0,0.0,3348.9399999999996,44596.7,0.0,0.0,44596.7,5953.1448900000005,,,5953.1448900000005,2112.5799999999995,,,2112.5799999999995,30510.451999999997,,,30510.451999999997,38576.2,,,38576.2,86.50012220635159,,,86.50012220635159,8027.77,0.0,0.0,8027.77,4254.0599999999995,0.0,0.0,4254.0599999999995,,,,,,,,,,,,,,0.0,0.0,44596.7,0.0,0.0,,0.0,,0.0,,,,,,,,44596.7,0.0
698,UTTAR PRADESH,SANT KABIR NAGAR,,1253.9200000000003,0.0,0.0,1253.9200000000003,164699.0,0.0,0.0,164699.0,0.0,164699.0,43464.01,0.0,0.0,43464.01,1505.18,,0.0,1505.18,600.6999999999999,0.0,0.0,600.6999999999999,7454.12,0.0,0.0,7454.12,1052.45,0.0,0.0,1052.45,,,,,,,,,,,,,54076.46000000001,0.0,0.0,54076.46000000001,,,,,,,,,,,,0.0,,,,0.0,,,,,,,,,,,,,,,,0.0,54076.46000000001,0.0,0.0,54076.46000000001,5407.65,0.0,0.0,5407.65,48668.81,0.0,0.0,48668.81,4463.990879999999,,,4463.990879999999,159.7707,,,159.7707,24847.550000000003,,,24847.550000000003,29471.29,,,29471.29,60.554778306681435,,,60.554778306681435,5675.889999999999,0.0,0.0,5675.889999999999,17985.63,0.0,0.0,17985.63,,,,,,,,,,,,,,0.0,0.0,48668.81,0.0,0.0,,0.0,,0.0,,,,,,,,48668.81,0.0
699,UTTAR PRADESH,SANT RAVIDAS NAGAR,,949.6,0.0,0.0,949.6,98305.0,0.0,0.0,98305.0,3195.0,101500.0,19509.1,0.0,0.0,19509.1,51072.14000000001,,,51072.14000000001,1762.01,0.0,0.0,1762.01,13935.2,0.0,0.0,13935.2,913.23,,,913.23,530.6,,,530.6,,,,,,,,,87722.28,0.0,0.0,87722.28,,,,,,,,,,,,0.0,,,,0.0,,,,,,,,,,,,,,,,0.0,87722.28,0.0,0.0,87722.28,8473.890000000001,0.0,0.0,8473.890000000001,79248.39,0.0,0.0,79248.39,3566.20257,,,3566.20257,213.94862,,,213.94862,55344.58000000001,,,55344.58000000001,59124.75,,,59124.75,74.6068784488871,,,74.6068784488871,4234.639999999999,0.0,0.0,4234.639999999999,19455.22,0.0,0.0,19455.22,,,,,,,,,,,,,,0.0,0.0,79248.39,0.0,0.0,,0.0,,0.0,,,,,,,,79248.39,0.0
700,UTTAR PRADESH,SHAHJAHANPUR,,898.18,0.0,0.0,898.18,458131.0,0.0,0.0,458131.0,0.0,458131.0,90822.82000000002,0.0,0.0,90822.82000000002,15238.19,,0.0,15238.19,1367.6299999999997,0.0,0.0,1367.6299999999997,22643.460000000003,0.0,0.0,22643.460000000003,2255.2699999999995,0.0,0.0,2255.2699999999995,16.331000000000003,,,16.331000000000003,,,,,,,,,132343.71,0.0,0.0,132343.71,,,,,,,,,,,,0.0,,,,0.0,,,,,,,,,,,,,,,,0.0,132343.71,0.0,0.0,132343.71,11208.33,0.0,0.0,11208.33,121135.38,0.0,0.0,121135.38,8695.807815000002,,,8695.807815000002,1633.0152,,,1633.0152,64734.06,,,64734.06,75062.87999999999,,,75062.87999999999,61.96610767225891,,,61.96610767225891,9328.220000000003,0.0,0.0,9328.220000000003,45440.1,0.0,0.0,45440.1,,,,,,,,,,,,,,0.0,0.0,121135.38,0.0,0.0,,0.0,,0.0,,,,,,,,121135.38,0.0
701,UTTAR PRADESH,SHAMLI,,869.0999999999999,0.0,0.0,869.0999999999999,136126.0,0.0,0.0,136126.0,0.0,136126.0,24852.760000000002,0.0,0.0,24852.760000000002,11198.68,,0.0,11198.68,1136.17,0.0,0.0,1136.17,10277.67,0.0,0.0,10277.67,196.89,,,196.89,24.146,,,24.146,,,,,,,,,47686.32,0.0,0.0,47686.32,,,,,,,,,,,,0.0,,,,0.0,,,,,,,,,,,,,,,,0.0,47686.32,0.0,0.0,47686.32,3754.33,0.0,0.0,3754.33,43931.990000000005,0.0,0.0,43931.990000000005,3049.94073,,,3049.94073,128.72050000000002,,,128.72050000000002,40977.06,,,40977.06,44155.72,,,44155.72,100.50926443350276,,,100.50926443350276,3153.8999999999996,0.0,0.0,3153.8999999999996,943.5600000000001,0.0,0.0,943.5600000000001,,,,,,,,,,,,,,0.0,0.0,43931.990000000005,0.0,0.0,,0.0,,0.0,,,,,,,,43931.990000000005,0.0
702,UTTAR PRADESH,SHRAWASTI,,1184.5100000000002,0.0,0.0,1184.5100000000002,185782.0,0.0,0.0,185782.0,0.0,185782.0,46239.36,0.0,0.0,46239.36,1912.44,,0.0,1912.44,0.0,0.0,0.0,0.0,9810.88,0.0,0.0,9810.88,648.72,,,648.72,1134.02,,,1134.02,,,,,,,,,59745.44,0.0,0.0,59745.44,,,,,,,,,,,,0.0,,,,0.0,,,,,,,,,,,,,,,,0.0,59745.44,0.0,0.0,59745.44,5974.54,0.0,0.0,5974.54,53770.9,0.0,0.0,53770.9,3382.83825,,,3382.83825,0.0,,,0.0,28031.120000000003,,,28031.120000000003,31413.960000000003,,,31413.960000000003,58.42186015112264,,,58.42186015112264,3632.46,0.0,0.0,3632.46,22107.32,0.0,0.0,22107.32,,,,,,,,,,,,,,0.0,0.0,53770.9,0.0,0.0,,0.0,,0.0,,,,,,,,53770.9,0.0
703,UTTAR PRADESH,SIDDHARTH NAGAR,,1158.57,0.0,0.0,1158.57,289503.0,0.0,0.0,289503.0,0.0,289503.0,69425.98999999999,0.0,0.0,69425.98999999999,6128.79,,0.0,6128.79,5332.870000000001,0.0,0.0,5332.870000000001,14405.330000000002,0.0,0.0,14405.330000000002,578.44,0.0,0.0,578.44,,,,,,,,,,,,,95871.42,0.0,0.0,95871.42,,,,,,,,,,,,0.0,,,,0.0,,,,,,,,,,,,,,,,0.0,95871.42,0.0,0.0,95871.42,8252.43,0.0,0.0,8252.43,87618.99,0.0,0.0,87618.99,7657.9438199999995,,,7657.9438199999995,1.1085,,,1.1085,48318.75,,,48318.75,55977.81,,,55977.81,63.88775994792909,,,63.88775994792909,8561.35,0.0,0.0,8561.35,30737.769999999997,0.0,0.0,30737.769999999997,,,,,,,,,,,,,,0.0,0.0,87618.99,0.0,0.0,,0.0,,0.0,,,,,,,,87618.99,0.0
704,UTTAR PRADESH,SITAPUR,,991.2599999999999,0.0,0.0,991.2599999999999,574695.0,0.0,0.0,574695.0,0.0,574695.0,99403.01,0.0,0.0,99403.01,68887.98999999999,,0.0,68887.98999999999,3491.0699999999993,0.0,0.0,3491.0699999999993,34825.07,0.0,0.0,34825.07,2253.1,,,2253.1,,,,,,,,,,,,,208860.24000000002,0.0,0.0,208860.24000000002,,,,,,,,,,,,0.0,,,,0.0,,,,,,,,,,,,,,,,0.0,208860.24000000002,0.0,0.0,208860.24000000002,17369.86,0.0,0.0,17369.86,191490.37999999995,0.0,0.0,191490.37999999995,11680.474499999998,,,11680.474499999998,561.5393300000002,,,561.5393300000002,98957.80999999998,,,98957.80999999998,111199.82000000002,,,111199.82000000002,58.07070830398898,,,58.07070830398898,12814.97,0.0,0.0,12814.97,79156.08,0.0,0.0,79156.08,,,,,,,,,,,,,,0.0,0.0,191490.37999999995,0.0,0.0,,0.0,,0.0,,,,,,,,191490.37999999995,0.0
705,UTTAR PRADESH,SONBHADRA,,973.0899999999999,0.0,0.0,973.0899999999999,241458.89,0.0,0.0,241458.89,439498.63,680957.52,15317.53,0.0,0.0,15317.53,2274.7599999999993,,0.0,2274.7599999999993,23814.510000000002,0.0,0.0,23814.510000000002,6551.170000000001,0.0,0.0,6551.170000000001,339.2199999999999,,,339.2199999999999,11712.900000000001,,,11712.900000000001,,,,,,,,,60010.030000000006,0.0,0.0,60010.030000000006,,,,,,,,,,,,0.0,,,,0.0,,,,,,,,,,,,,,,,0.0,60010.030000000006,0.0,0.0,60010.030000000006,5781.54,0.0,0.0,5781.54,54228.49,0.0,0.0,54228.49,4485.021449999999,,,4485.021449999999,385.81318,,,385.81318,21820.04,,,21820.04,26690.850000000002,,,26690.850000000002,49.21923881708674,,,49.21923881708674,6109.92,0.0,0.0,6109.92,25912.75,0.0,0.0,25912.75,,,,,,,,,,,,,,0.0,0.0,54228.490000000005,0.0,0.0,,0.0,,0.0,,,,,,,,54228.490000000005,0.0
706,UTTAR PRADESH,SULTANPUR,,887.59,0.0,0.0,887.59,265381.0,0.0,0.0,265381.0,0.0,265381.0,49607.09,0.0,0.0,49607.09,21874.219999999998,,0.0,21874.219999999998,6308.94,0.0,0.0,6308.94,15472.659999999998,0.0,0.0,15472.659999999998,1900.39,,,1900.39,34.010000000000005,,,34.010000000000005,,,,,,,,,95197.30000000002,0.0,0.0,95197.30000000002,,,,,,,,,,,,0.0,,,,0.0,,,,,,,,,,,,,,,,0.0,95197.30000000002,0.0,0.0,95197.30000000002,9120.079999999998,0.0,0.0,9120.079999999998,86077.21999999999,0.0,0.0,86077.21999999999,6364.56924,,,6364.56924,0.07300000000000001,,,0.07300000000000001,47226.548,,,47226.548,53591.19,,,53591.19,62.25943402911944,,,62.25943402911944,7899.33,0.0,0.0,7899.33,30951.27,0.0,0.0,30951.27,,,,,,,,,,,,,,0.0,0.0,86077.21999999999,0.0,0.0,,0.0,,0.0,,,,,,,,86077.21999999999,0.0
707,UTTAR PRADESH,UNNAO,,765.6800000000002,0.0,0.0,765.6800000000002,460234.0,0.0,0.0,460234.0,0.0,460234.0,68308.63,0.0,0.0,68308.63,63365.509999999995,,0.0,63365.509999999995,15099.84,0.0,0.0,15099.84,27307.889999999996,0.0,0.0,27307.889999999996,2954.15,,,2954.15,19.532,,,19.532,,,,,,,,,177055.54999999996,0.0,0.0,177055.54999999996,,,,,,,,,,,,0.0,,,,0.0,,,,,,,,,,,,,,,,0.0,177055.54999999996,0.0,0.0,177055.54999999996,16108.720000000001,0.0,0.0,16108.720000000001,160946.83,0.0,0.0,160946.83,8939.06973,,,8939.06973,722.9554999999998,,,722.9554999999998,89165.4425,,,89165.4425,98827.48,,,98827.48,61.40380646204713,,,61.40380646204713,11867.980000000001,0.0,0.0,11867.980000000001,59190.43,0.0,0.0,59190.43,,,,,,,,,,,,,,0.0,0.0,160946.83,0.0,0.0,,0.0,,0.0,,,,,,,,160946.83,0.0
708,UTTAR PRADESH,VARANASI,,925.7799999999999,0.0,0.0,925.7799999999999,160532.0,0.0,0.0,160532.0,0.0,160532.0,29442.12,0.0,0.0,29442.12,12645.560000000001,,0.0,12645.560000000001,0.0,0.0,0.0,0.0,8083.540000000001,0.0,0.0,8083.540000000001,319.27000000000004,,,319.27000000000004,1274.294,,,1274.294,954.1099999999999,0.0,0.0,954.1099999999999,100.0,0.0,0.0,100.0,52818.880000000005,0.0,0.0,52818.880000000005,,,,,,,,,,,,0.0,,,,0.0,,,,,,,,,,,,,,,,0.0,52818.880000000005,0.0,0.0,52818.880000000005,5281.91,0.0,0.0,5281.91,47536.97,0.0,0.0,47536.97,10780.274805820001,,,10780.274805820001,253.725523,,,253.725523,31392.4,,,31392.4,42426.39,,,42426.39,89.24925168768645,,,89.24925168768645,11285.710000000001,0.0,0.0,11285.710000000001,7750.359999999999,0.0,0.0,7750.359999999999,,,,,,,,,,,,,,0.0,0.0,47536.97,0.0,0.0,,0.0,,0.0,,,,,,,,47536.97,0.0
709,UTTARAKHAND,DEHRADUN,,2183.6000000000004,0.0,0.0,2183.6000000000004,140841.68,0.0,0.0,140841.68,46651.07000000001,187492.75,53918.439999999995,0.0,0.0,53918.439999999995,625.0699999999999,,0.0,625.0699999999999,81.16999999999999,0.0,0.0,81.16999999999999,2052.3500000000004,0.0,0.0,2052.3500000000004,0.0,0.0,0.0,0.0,0.0,0.0,0.0,0.0,,,,,,,,,56677.03,0.0,0.0,56677.03,,,,,,,,,,,,0.0,,,,0.0,,,,,,,,,,,,,,,,0.0,56677.03,0.0,0.0,56677.03,5667.71,0.0,0.0,5667.71,51009.32,0.0,0.0,51009.32,8006.9398135,,,8006.9398135,712.0701869000001,,,712.0701869000001,11711.990000000002,,,11711.990000000002,20431.0,,,20431.0,40.05346473938488,,,40.05346473938488,9417.87,0.0,0.0,9417.87,29167.39,0.0,0.0,29167.39,,,,,,,,,,,,,,0.0,0.0,51009.32,0.0,0.0,,0.0,,0.0,,,,,,,,51009.32,0.0
710,UTTARAKHAND,HARIDWAR,,1019.9999999999999,0.0,0.0,1019.9999999999999,159432.38,0.0,0.0,159432.38,69877.49,229309.87000000002,31938.95,0.0,0.0,31938.95,7865.49,,0.0,7865.49,494.19000000000005,0.0,0.0,494.19000000000005,6862.679999999999,0.0,0.0,6862.679999999999,0.0,0.0,0.0,0.0,181.8,0.0,0.0,181.8,,,,,,,,,47343.11,0.0,0.0,47343.11,,,,,,,,,,,,0.0,,,,0.0,,,,,,,,,,,,,,,,0.0,47343.11,0.0,0.0,47343.11,3920.2599999999998,0.0,0.0,3920.2599999999998,43422.85,0.0,0.0,43422.85,2549.595315,,,2549.595315,3592.1284483,,,3592.1284483,22359.84,,,22359.84,28501.579999999998,,,28501.579999999998,65.637285438427,,,65.637285438427,8477.56,0.0,0.0,8477.56,12705.539999999999,0.0,0.0,12705.539999999999,,,,,,,,,,,,,,0.0,0.0,43422.85,0.0,0.0,,0.0,,0.0,,,,,,,,43422.85,0.0
711,UTTARAKHAND,NAINITAL,,1711.0,0.0,0.0,1711.0,62524.0,0.0,0.0,62524.0,174023.43,236547.43,21746.62,0.0,0.0,21746.62,2215.38,,0.0,2215.38,2165.98,0.0,0.0,2165.98,2756.12,0.0,0.0,2756.12,0.0,0.0,0.0,0.0,17.28,0.0,0.0,17.28,,,,,,,,,28901.38,0.0,0.0,28901.38,,,,,,,,,,,,0.0,,,,0.0,,,,,,,,,,,,,,,,0.0,28901.38,0.0,0.0,28901.38,2890.1400000000003,0.0,0.0,2890.1400000000003,26011.239999999998,0.0,0.0,26011.239999999998,4004.0104420000002,,,4004.0104420000002,2041.0800000000002,,,2041.0800000000002,8060.139999999999,,,8060.139999999999,14105.23,,,14105.23,54.22744167521426,,,54.22744167521426,5038.01,0.0,0.0,5038.01,10872.02,0.0,0.0,10872.02,,,,,,,,,,,,,,0.0,0.0,26011.239999999998,0.0,0.0,,0.0,,0.0,,,,,,,,26011.239999999998,0.0
712,UTTARAKHAND,UDHAMSINGH NAGAR,,1465.3000000000002,0.0,0.0,1465.3000000000002,267065.99,0.0,0.0,267065.99,0.0,267065.99,60592.51,0.0,0.0,60592.51,6181.0599999999995,,0.0,6181.0599999999995,2740.25,0.0,0.0,2740.25,9949.169999999998,0.0,0.0,9949.169999999998,0.0,0.0,0.0,0.0,128.52,0.0,0.0,128.52,,,,,,,,,79591.5,0.0,0.0,79591.5,,,,,,,,,,,,0.0,,,,0.0,,,,,,,,,,,,,,,,0.0,79591.5,0.0,0.0,79591.5,4835.14,0.0,0.0,4835.14,74756.35999999999,0.0,0.0,74756.35999999999,3227.2071000000005,,,3227.2071000000005,6612.585000000001,,,6612.585000000001,32366.870000000003,,,32366.870000000003,42206.67,,,42206.67,56.45896884224968,,,56.45896884224968,9388.029999999999,0.0,0.0,9388.029999999999,26388.870000000003,0.0,0.0,26388.870000000003,,,,,,,,,,,,,,0.0,0.0,74756.36,0.0,0.0,,0.0,,0.0,,,,,,,,74756.36,0.0
713,WEST BENGAL,ALIPURDUAR,,0.0,3468.3000000000006,0.0,3468.3000000000006,0.0,237597.0,0.0,237597.0,0.0,237597.0,0.0,124234.32999999999,0.0,124234.32999999999,0.0,,0.0,0.0,0.0,161.47000000000003,0.0,161.47000000000003,0.0,4214.75,0.0,4214.75,0.0,473.94,0.0,473.94,,,,,,,,,,,,,0.0,129084.48999999999,0.0,129084.48999999999,,,,,,,,,,,,0.0,,,,0.0,,,,,,,,,,,,,,,,0.0,0.0,129084.48999999999,0.0,129084.48999999999,0.0,12908.47,0.0,12908.47,0.0,116176.02,0.0,116176.02,,3451.185522,,3451.185522,,163.886,,163.886,,9366.099999999999,,9366.099999999999,,12981.170000000002,,12981.170000000002,,11.173708653472552,,11.173708653472552,0.0,4763.85,0.0,4763.85,0.0,101882.18999999999,0.0,101882.18999999999,,,,,,,22839.015,130.59,0.0,,,,,2809857.29,0.0,2926033.3099999996,0.0,0.0,,0.0,,0.0,,,,,,,,2926033.3099999996,0.0
714,WEST BENGAL,BANKURA,,1330.8999999999999,1330.9,0.0,1330.8999999999999,282638.0,405363.0,0.0,688001.0,0.0,688001.0,50732.189999999995,64699.63,0.0,115431.81999999998,1753.01,,0.0,1753.01,2479.3,5862.3200000000015,0.0,8341.62,6269.299999999999,15946.070000000003,0.0,22215.37,5914.610000000001,6401.200000000001,0.0,12315.81,177.11799999999997,459.476,0.0,636.5939999999999,,,,,,,,,67325.54000000001,93368.71,0.0,160694.25000000003,,,,,,,,,,,,0.0,,,,0.0,,,,,,,,,,,,,,,,0.0,67325.54000000001,93368.71,0.0,160694.25000000003,6186.52,7471.0199999999995,0.0,13657.529999999999,61139.02,85897.69,0.0,147036.71,2542.8523619999996,6256.534350000001,,8799.386712,32.34,371.56499999999994,,403.905,14647.1,35587.4,,50234.5,17222.280000000002,42215.479999999996,,59437.75999999998,28.169048179051615,49.14623431666206,,40.423755400947144,2910.25,7337.94,0.0,10248.189999999999,43549.33,43946.97000000001,0.0,87496.30000000002,,,,,,,1584.75625,0.0,0.0,,,,,802947.5700000001,0.0,949984.28,0.0,0.0,,0.0,,0.0,,,,,,,,949984.28,0.0
715,WEST BENGAL,BIRBHUM,,1392.8,1392.8,0.0,1392.8000000000002,382688.0,72121.0,0.0,454809.0,0.0,454809.0,81412.39000000001,6754.299999999999,0.0,88166.69000000003,1434.4800000000002,,0.0,1434.4800000000002,1008.9900000000001,545.11,0.0,1554.1000000000001,9760.199999999999,215.68,0.0,9975.88,9516.9,1814.97,0.0,11331.869999999999,22.721999999999998,2.246,0.0,24.968,,,,,,,,,103155.66,9332.3,0.0,112487.96,,,,,,,,,,,,0.0,,,,0.0,,,,,,,,,,,,,,,,0.0,103155.66,9332.3,0.0,112487.96,8460.419999999998,933.22,0.0,9393.639999999998,94695.24,8399.08,0.0,103094.31999999999,7072.949705999999,1560.495888,,8633.445594,99.54378055555556,1229.666,,1329.2097805555554,24022.199999999997,479.29999999999995,,24501.499999999996,31194.68,3269.4700000000003,,34464.149999999994,32.94218378875221,38.926525286102766,,33.429727263344866,8873.74,1938.1,0.0,10811.84,61699.759999999995,4752.01,0.0,66451.76999999999,,,,,,,410.3,0.0,0.0,,,,,430676.37,0.0,533770.69,0.0,0.0,,0.0,,0.0,,,,,,,,533770.69,0.0
716,WEST BENGAL,DAKSHIN DINAJPUR,,0.0,1584.9000000000003,0.0,1584.9000000000003,0.0,224036.0,0.0,224036.0,0.0,224036.0,0.0,78789.56,0.0,78789.56,0.0,,0.0,0.0,0.0,2922.4999999999995,0.0,2922.4999999999995,0.0,25491.87,0.0,25491.87,0.0,6033.719999999999,0.0,6033.719999999999,0.0,29.202000000000005,0.0,29.202000000000005,,,,,,,,,0.0,113266.81999999999,0.0,113266.81999999999,,,,,,,,,,,,0.0,,,,0.0,,,,,,,,,,,,,,,,0.0,0.0,113266.81999999999,0.0,113266.81999999999,0.0,11096.97,0.0,11096.97,0.0,102169.85,0.0,102169.85,,3962.1396780000005,,3962.1396780000005,,192.54679999999996,,192.54679999999996,,58067.80000000001,,58067.80000000001,,62222.50000000001,,62222.50000000001,,60.90103880939436,,60.90103880939436,0.0,4546.8,0.0,4546.8,0.0,39362.68,0.0,39362.68,,,,,,,0.0,0.0,0.0,,,,,583587.65,0.0,685757.5,0.0,0.0,,0.0,,0.0,,,,,,,,685757.5,0.0
717,WEST BENGAL,DARJILING,,3118.5,3118.5,0.0,3118.5,4570.0,103902.0,0.0,108472.0,114759.0,223231.0,2101.7300000000005,39338.0,0.0,41439.73,51.42,,0.0,51.42,7.16,579.92,0.0,587.0799999999999,0.0,0.0,0.0,0.0,0.0,280.06,0.0,280.06,0.0,4.838,0.0,4.838,,,,,,,,,2160.31,40202.82,0.0,42363.13,,,,,,,,,,,,0.0,,,,0.0,,,,,,,,,,,,,,,,0.0,2160.31,40202.82,0.0,42363.13,216.04000000000002,4020.2799999999997,0.0,4236.320000000001,1944.2700000000002,36182.54,0.0,38126.810000000005,19.547064,538.7298165000001,,558.2768805000001,0.0,632.4900000000001,,632.4900000000001,0.0,2132.7,,2132.7,19.549999999999997,3303.9,,3323.4500000000003,1.0055187808277655,9.131199744407109,,8.716832066464516,21.97,900.9000000000001,0.0,922.8700000000001,1922.3,32516.46,0.0,34438.76,,,,,,,4002.15,29.97,0.0,,,,,646177.12,0.0,684303.9299999999,0.0,0.0,,0.0,,0.0,,,,,,,,684303.9299999999,0.0
718,WEST BENGAL,HAORA,,1600.0,1600.0,1600.0,1600.0,14185.0,46421.0,71749.0,132355.0,0.0,132355.0,4842.63,15826.98,0.0,20669.61,60.39,,0.0,60.39,41.77,433.91,0.0,475.68000000000006,0.0,514.6600000000001,0.0,514.6600000000001,248.3,932.0500000000001,0.0,1180.35,0.0,3.716,0.0,3.716,,,,,,,,,5193.09,17711.32,0.0,22904.41,,,,,,,,,,,,0.0,,,,0.0,,,,,,,,,,,,,,,,0.0,5193.09,17711.32,0.0,22904.41,358.8,1355.3899999999999,0.0,1714.19,4834.29,16355.93,0.0,21190.22,57.94521,2643.8989619999998,0.0,2701.8441719999996,0.0,409.0152968421053,0.0,409.0152968421053,0.0,1248.0,0.0,1248.0,57.949999999999996,4300.93,0.0,4358.869999999999,1.198728251718453,26.295844993222644,0.0,20.57019700597728,57.95,4557.98,0.0,4615.93,4776.34,10808.95,0.0,15585.29,,,,,,,0.0,0.0,0.0,,,,,175753.69,0.0,196943.91000000003,0.0,329.02000000000004,,104869.72,,105198.73999999999,,,,,,,,196943.91000000003,0.0
719,WEST BENGAL,HUGLI,,1476.1,1476.1,0.0,1476.1,185330.0,115041.0,0.0,300371.0,0.0,300371.0,60282.39,36383.71,0.0,96666.1,426.77000000000004,,0.0,426.77000000000004,1816.4,1731.5499999999997,0.0,3547.95,9704.199999999999,10689.68,0.0,20393.879999999997,4466.259999999999,2897.66,0.0,7363.920000000001,50.284,8.124,0.0,58.407999999999994,,,,,,,,,76746.3,51710.72000000001,0.0,128457.02000000002,,,,,,,,,,,,0.0,,,,0.0,,,,,,,,,,,,,,,,0.0,76746.3,51710.72000000001,0.0,128457.02000000002,7674.629999999999,4376.19,0.0,12050.820000000002,69071.66999999998,47334.52999999999,0.0,116406.20000000003,4738.915596,5850.4105665,,10589.326162499998,557.9534727272727,1387.2691472727274,,1945.2226199999998,24475.899999999994,25700.2,,50176.100000000006,29772.75,32937.87,,62710.62,43.10414095967276,69.58529006203295,,53.87223360955,6394.99,6856.970000000001,0.0,13251.96,37642.85,13867.6,0.0,51510.45,,,,,,,940.8,0.0,0.0,,,,,881427.9500000001,0.0,997834.1499999999,0.0,0.0,,0.0,,0.0,,,,,,,,997834.1499999999,0.0
720,WEST BENGAL,JALPAIGURI,,3468.3000000000006,3468.2999999999997,0.0,3468.3,19391.0,320828.0,0.0,340219.0,0.0,340219.0,10139.12,170864.99,0.0,181004.11,164.29,,0.0,164.29,23.75,506.35,0.0,530.0999999999999,0.0,5715.22,0.0,5715.22,0.0,945.0100000000001,0.0,945.0100000000001,2.246,17.366000000000003,0.0,19.612000000000002,,,,,,,,,10329.4,178048.95,0.0,188378.34999999998,,,,,,,,,,,,0.0,,,,0.0,,,,,,,,,,,,,,,,0.0,10329.4,178048.95,0.0,188378.34999999998,1032.9299999999998,17804.909999999996,0.0,18837.829999999998,9296.47,160244.04,0.0,169540.51,166.09616999999997,6369.099474000001,,6535.195643999999,0.0,1118.0023,,1118.0023,0.0,12700.500000000002,,12700.500000000002,166.1,20187.58,,20353.680000000004,1.7866996827828199,12.598022366385669,,12.005201588694055,242.32,18122.5,0.0,18364.82,9054.14,128303.06000000001,0.0,137357.2,,,,,,,36330.115,176.286,0.0,,,,,4966984.159999999,0.0,5136524.67,0.0,0.0,,0.0,,0.0,,,,,,,,5136524.67,0.0
721,WEST BENGAL,JHARGRAM,,1535.5,1535.5,0.0,1535.5,172784.0,129276.0,0.0,302060.0,0.0,302060.0,51624.66,36589.06,0.0,88213.72,621.78,,0.0,621.78,1354.1399999999999,1305.9199999999998,0.0,2660.06,4288.19,4888.66,0.0,9176.849999999999,153.17000000000002,1264.42,0.0,1417.59,27.647999999999996,70.588,0.0,98.236,,,,,,,,,58069.58,44118.659999999996,0.0,102188.23999999999,,,,,,,,,,,,0.0,,,,0.0,,,,,,,,,,,,,,,,0.0,58069.58,44118.659999999996,0.0,102188.23999999999,4934.45,3099.14,0.0,8033.58,53135.130000000005,41019.52,0.0,94154.65,1470.1583879999998,1381.107732,,2851.2661200000002,322.65000000000003,3.84,,326.49,9565.9,10863.7,,20429.6,11358.7,12248.65,,23607.349999999995,21.377006135112495,29.860539567503473,,25.07295178729887,1682.35,1644.1,0.0,3326.4500000000003,41564.240000000005,28507.879999999994,0.0,70072.12,,,,,,,0.0,0.0,0.0,,,,,429355.49,0.0,523510.14,0.0,0.0,,0.0,,0.0,,,,,,,,523510.14,0.0
722,WEST BENGAL,KALIMPONG,,0.0,3118.5,0.0,3118.5,0.0,21071.0,0.0,21071.0,84289.0,105360.0,0.0,3714.73,0.0,3714.73,0.0,,0.0,0.0,0.0,287.58,0.0,287.58,0.0,0.0,0.0,0.0,0.0,0.0,0.0,0.0,0.0,2.5060000000000002,0.0,2.5060000000000002,,,,,,,,,0.0,4004.81,0.0,4004.81,,,,,,,,,,,,0.0,,,,0.0,,,,,,,,,,,,,,,,0.0,0.0,4004.81,0.0,4004.81,0.0,400.49,0.0,400.49,0.0,3604.32,0.0,3604.32,,62.506322999999995,,62.506322999999995,,2.46,,2.46,,0.0,,0.0,,64.97,,64.97,,1.8025591512407333,,1.8025591512407333,0.0,63.74000000000001,0.0,63.74000000000001,0.0,3538.11,0.0,3538.11,,,,,,,0.0,0.0,0.0,,,,,114209.0,0.0,117813.32,0.0,0.0,,0.0,,0.0,,,,,,,,117813.32,0.0
723,WEST BENGAL,KOCH BIHAR,,0.0,3284.1000000000004,0.0,3284.1000000000004,0.0,339637.0,0.0,339637.0,0.0,339637.0,0.0,166579.59,0.0,166579.59,0.0,,0.0,0.0,0.0,484.1,0.0,484.1,0.0,35558.45,0.0,35558.45,0.0,4539.780000000001,0.0,4539.780000000001,0.0,39.918,0.0,39.918,,,,,,,,,0.0,207201.8,0.0,207201.8,,,,,,,,,,,,0.0,,,,0.0,,,,,,,,,,,,,,,,0.0,0.0,207201.8,0.0,207201.8,0.0,20720.18,0.0,20720.18,0.0,186481.62,0.0,186481.62,,7044.199823999999,,7044.199823999999,,101.64,,101.64,,79018.79999999999,,79018.79999999999,,86164.64,,86164.64,,46.205433007285116,,46.205433007285116,0.0,8708.720000000001,0.0,8708.720000000001,0.0,98652.48,0.0,98652.48,,,,,,,26878.225000000002,271.00300000000004,0.0,,,,,5210565.67,0.0,5397047.29,0.0,0.0,,0.0,,0.0,,,,,,,,5397047.29,0.0
724,WEST BENGAL,KOLKATTA,,0.0,0.0,1623.6,1623.6,0.0,0.0,18700.0,18700.0,0.0,18700.0,0.0,0.0,0.0,0.0,0.0,,0.0,0.0,0.0,0.0,0.0,0.0,0.0,0.0,0.0,0.0,0.0,0.0,0.0,0.0,,,,,0.0,0.0,0.0,0.0,0.0,0.0,0.0,0.0,0.0,0.0,0.0,0.0,,,,,,,,,,,,0.0,,,,0.0,,,,,,,,,,,,,,,,0.0,0.0,0.0,0.0,0.0,0.0,0.0,0.0,0.0,0.0,0.0,0.0,0.0,,,0.0,0.0,,,0.0,0.0,,,0.0,0.0,,,0.0,0.0,,,0.0,0.0,0.0,0.0,0.0,0.0,0.0,0.0,0.0,0.0,,,,,,,0.0,0.0,0.0,,,,,0.0,0.0,0.0,0.0,173.12,,12573.56,,12746.68,,,,,,,,0.0,0.0
725,WEST BENGAL,MALDA,,0.0,1449.7,0.0,1449.7,0.0,323886.0,0.0,323886.0,0.0,323886.0,0.0,94427.45999999999,0.0,94427.45999999999,0.0,,0.0,0.0,0.0,2841.8899999999994,0.0,2841.8899999999994,0.0,12490.989999999998,0.0,12490.989999999998,0.0,8055.01,0.0,8055.01,0.0,28.078000000000003,0.0,28.078000000000003,,,,,,,,,0.0,117843.43999999999,0.0,117843.43999999999,,,,,,,,,,,,0.0,,,,0.0,,,,,,,,,,,,,,,,0.0,0.0,117843.43999999999,0.0,117843.43999999999,0.0,11041.76,0.0,11041.76,0.0,106801.67999999998,0.0,106801.67999999998,,8030.71905,,8030.71905,,331.74,,331.74,,27805.5,,27805.5,,36167.95999999999,,36167.95999999999,,33.86459838459469,,33.86459838459469,0.0,12131.0,0.0,12131.0,0.0,66533.44,0.0,66533.44,,,,,,,12467.98,21.057,0.0,,,,,1888410.13,0.0,1995211.8099999998,0.0,0.0,,0.0,,0.0,,,,,,,,1995211.8099999998,0.0
726,WEST BENGAL,MURSHIDABAD,,1433.2000000000003,1433.2000000000003,0.0,1433.1999999999998,197437.0,315901.0,0.0,513338.0,0.0,513338.0,49963.16,93255.09999999999,0.0,143218.26000000004,354.12,,0.0,354.12,445.84,1048.71,0.0,1494.55,9452.65,28771.680000000004,0.0,38224.329999999994,6626.87,5411.970000000001,0.0,12038.839999999998,87.264,24.366,0.0,111.63,,,,,,,,,66929.9,128511.81999999998,0.0,195441.72000000003,,,,,,,,,,,,0.0,,,,0.0,,,,,,,,,,,,,,,,0.0,66929.9,128511.81999999998,0.0,195441.72000000003,5099.530000000001,9371.85,0.0,14471.380000000001,61830.37,119139.97,0.0,180970.34,3544.9529999999995,10797.674111999999,,14342.627112000004,121.409,311.24735590277777,,432.6563559027778,26503.199999999997,64401.59999999999,,90904.8,30169.559999999998,75510.49,,105680.05,48.79407967314444,63.379644967176006,,58.39633721194313,182501.23999999996,19863.899999999998,0.0,202365.1399999999,31109.68,37963.05,0.0,69072.73000000001,,,,,,,2869.35,55.504999999999995,0.0,,,,,1279951.75,0.0,1460922.09,0.0,0.0,,0.0,,0.0,,,,,,,,1460922.09,0.0
727,WEST BENGAL,NADIA,,0.0,1443.8,0.0,1443.8,0.0,391270.0,0.0,391270.0,0.0,391270.0,0.0,125289.35,0.0,125289.35,0.0,,0.0,0.0,0.0,1424.04,0.0,1424.04,0.0,60948.14000000001,0.0,60948.14000000001,0.0,7014.889999999999,0.0,7014.889999999999,0.0,235.614,0.0,235.614,,,,,,,,,0.0,194912.04,0.0,194912.04,,,,,,,,,,,,0.0,,,,0.0,,,,,,,,,,,,,,,,0.0,0.0,194912.04,0.0,194912.04,0.0,18417.559999999998,0.0,18417.559999999998,0.0,176494.48,0.0,176494.48,,8760.77088,,8760.77088,,477.111,,477.111,,135236.0,,135236.0,,144473.85,,144473.85,,81.85743259505907,,81.85743259505907,0.0,12020.060000000001,0.0,12020.060000000001,0.0,28761.35,0.0,28761.35,,,,,,,0.0,7.976401184415577,0.0,,,,,2554578.82,0.0,2731073.3,0.0,0.0,,0.0,,0.0,,,,,,,,2731073.3,0.0
728,WEST BENGAL,NORTH 24 PARGANAS,,0.0,1623.6000000000001,1623.6,1623.6,0.0,294213.0,93020.0,387233.0,0.0,387233.0,0.0,94916.87,0.0,94916.87,0.0,,0.0,0.0,0.0,432.21999999999997,0.0,432.21999999999997,0.0,37534.71000000001,0.0,37534.71000000001,0.0,18529.96,0.0,18529.96,0.0,18.316,0.0,18.316,,,,,,,,,0.0,151432.08,0.0,151432.08,,,,,,,,,,,,0.0,,,,0.0,,,,,,,,,,,,,,,,0.0,0.0,151432.08,0.0,151432.08,0.0,12447.560000000003,0.0,12447.560000000003,0.0,138984.52000000002,0.0,138984.52000000002,,11939.5443825,0.0,11939.5443825,,2214.093423713646,0.0,2214.093423713646,,83556.19999999998,0.0,83556.19999999998,,97709.83999999998,0.0,97709.83999999998,,70.30267831266386,0.0,70.30267831266386,0.0,17215.67,0.0,17215.67,0.0,39552.91,0.0,39552.91,,,,,,,0.0,164.88300000000004,0.0,,,,,1347177.18,0.0,1486161.7000000004,0.0,1246.49,,181843.05,,183089.55,,,,,,,,1486161.7000000004,0.0
729,WEST BENGAL,PASCHIM BARDDHAMAN,,1348.2,1348.2000000000003,0.0,1348.2,15440.0,143725.0,0.0,159165.0,0.0,159165.0,974.56,18571.979999999996,0.0,19546.539999999997,122.99000000000001,,0.0,122.99000000000001,56.65,185.57999999999998,0.0,242.23000000000002,0.0,383.78000000000003,0.0,383.78000000000003,0.0,3872.66,0.0,3872.66,,,,,,,,,,,,,1154.2,23014.0,0.0,24168.2,,,,,,,,,,,,0.0,,,,0.0,,,,,,,,,,,,,,,,0.0,1154.2,23014.0,0.0,24168.2,115.42,2096.79,0.0,2212.21,1038.78,20917.21,0.0,21955.989999999998,35.90943,4964.897316,,5000.806745999999,0.0,4247.489733333333,,4247.489733333333,0.0,2602.84,,2602.84,35.9,11815.22,,11851.12,3.455977204027802,56.48564029332784,,53.97670521802935,35.91,6583.8,0.0,6619.71,1002.8800000000001,8246.28,0.0,9249.16,,,,,,,3045.8687499999996,7.638,0.0,,,,,289263.81,0.0,311219.8,0.0,0.0,,0.0,,0.0,,,,,,,,311219.8,0.0
730,WEST BENGAL,PASCHIM MEDINIPUR,,1535.5,1535.5,0.0,1535.5,146094.0,485583.0,0.0,631677.0,0.0,631677.0,42322.88,145620.49000000002,0.0,187943.36999999994,821.88,,0.0,821.88,300.18,1294.37,0.0,1594.55,5228.35,37291.61,0.0,42519.96,1814.1399999999999,5913.4800000000005,0.0,7727.620000000002,129.946,21.686,0.0,151.632,,,,,,,,,50617.37,190141.63999999996,0.0,240759.00999999998,,,,,,,,,,,,0.0,,,,0.0,,,,,,,,,,,,,,,,0.0,50617.37,190141.63999999996,0.0,240759.00999999998,4309.900000000001,18116.45,0.0,22426.35,46307.47,172025.19,0.0,218332.66,2268.582894,9725.196072,,11993.778966000002,856.1999999999999,403.53000000000003,,1259.7299999999996,12330.3,90856.09999999999,,103186.4,15455.080000000002,100984.82999999999,,116439.90999999999,33.37491769686403,58.70351313083856,,53.33142096102341,2612.17,11779.3,0.0,14391.470000000001,30508.810000000005,69250.86,0.0,99759.67000000001,,,,,,,4096.305,21.384,0.0,,,,,1223799.3399999999,0.0,1442132.0,0.0,0.0,,0.0,,0.0,,,,,,,,1442132.0,0.0
731,WEST BENGAL,PURBA BARDDHAMAN,,1348.1999999999998,1348.2,0.0,1348.1999999999998,460666.0,82603.0,0.0,543269.0,0.0,543269.0,125145.93000000001,23928.5,0.0,149074.43000000002,3110.3899999999994,,0.0,3110.3899999999994,1515.32,392.08000000000004,0.0,1907.3999999999994,25687.630000000005,8547.04,0.0,34234.67,10773.189999999997,3155.04,0.0,13928.229999999998,43.976,8.9,0.0,52.876000000000005,,,,,,,,,166276.44,36031.56,0.0,202308.0,,,,,,,,,,,,0.0,,,,0.0,,,,,,,,,,,,,,,,0.0,166276.44,36031.56,0.0,202308.0,15254.45,3440.5800000000004,0.0,18695.03,151021.99,32590.98,0.0,183612.96999999997,8502.466511999999,2975.0282759999996,,11477.494787999998,610.7032272727272,239.11466666666672,,849.817893939394,63497.00000000001,20443.199999999997,,83940.2,72610.15000000001,23657.37,,96267.51999999999,48.079190321886244,72.58870399110428,,52.42958599275421,9934.91,3681.16,0.0,13616.069999999998,76979.37,9773.839999999998,0.0,86753.20999999999,,,,,,,6165.719999999999,0.0,0.0,,,,,1155903.38,0.0,1339516.3499999999,0.0,0.0,,0.0,,0.0,,,,,,,,1339516.3499999999,0.0
732,WEST BENGAL,PURBA MEDINIPUR,,0.0,1669.6,1669.6,1669.6,0.0,164955.0,216040.0,380995.0,0.0,380995.0,0.0,56117.12,0.0,56117.12,0.0,,0.0,0.0,0.0,148.51,0.0,148.51,0.0,6286.0999999999985,0.0,6286.0999999999985,0.0,4506.71,0.0,4506.71,0.0,10.713999999999999,0.0,10.713999999999999,,,,,,,,,0.0,67069.14,0.0,67069.14,,,,,,,,,,,,0.0,,,,0.0,,,,,,,,,,,,,,,,0.0,0.0,67069.14,0.0,67069.14,0.0,6706.91,0.0,6706.91,0.0,60362.23000000001,0.0,60362.23000000001,,4896.90351,0.0,4896.90351,,20.718,0.0,20.718,,17103.199999999997,0.0,17103.199999999997,,22020.83,0.0,22020.83,,36.48114060729697,0.0,36.48114060729697,0.0,6779.04,0.0,6779.04,0.0,36459.259999999995,0.0,36459.259999999995,,,,,,,0.0,0.0,0.0,,,,,342285.9199999999,0.0,402648.15,0.0,3802.5499999999997,,274244.33,,278046.87,,,,,,,,402648.15,0.0
733,WEST BENGAL,PURULIYA,,0.0,1363.3000000000002,0.0,1363.3000000000002,0.0,619313.0,0.0,619313.0,0.0,619313.0,0.0,39246.799999999996,0.0,39246.799999999996,0.0,,0.0,0.0,0.0,5099.8,0.0,5099.8,0.0,897.78,0.0,897.78,0.0,13301.939999999999,0.0,13301.939999999999,0.0,501.294,0.0,501.294,,,,,,,,,0.0,59047.56,0.0,59047.56,,,,,,,,,,,,0.0,,,,0.0,,,,,,,,,,,,,,,,0.0,0.0,59047.56,0.0,59047.56,0.0,5904.740000000001,0.0,5904.740000000001,0.0,53142.82000000001,0.0,53142.82000000001,,7316.823287999999,,7316.823287999999,,140.1495,,140.1495,,2001.1999999999996,,2001.1999999999996,,9458.179999999998,,9458.179999999998,,17.797662976861215,,17.797662976861215,0.0,9387.08,0.0,9387.08,0.0,41614.39000000001,0.0,41614.39000000001,,,,,,,152.05124999999998,0.0,0.0,,,,,132774.12,0.0,185916.94000000003,0.0,0.0,,0.0,,0.0,,,,,,,,185916.94000000003,0.0
734,WEST BENGAL,SOUTH 24 PARGANAS,,0.0,0.0,1623.6000000000001,1623.6000000000001,0.0,0.0,551301.0,551301.0,0.0,551301.0,0.0,0.0,0.0,0.0,0.0,,0.0,0.0,0.0,0.0,0.0,0.0,0.0,0.0,0.0,0.0,0.0,0.0,0.0,0.0,,,,,,,,,,,,,0.0,0.0,0.0,0.0,,,,,,,,,,,,0.0,,,,0.0,,,,,,,,,,,,,,,,0.0,0.0,0.0,0.0,0.0,0.0,0.0,0.0,0.0,0.0,0.0,0.0,0.0,,,0.0,0.0,,,0.0,0.0,,,0.0,0.0,,,0.0,0.0,,,0.0,0.0,0.0,0.0,0.0,0.0,0.0,0.0,0.0,0.0,,,,,,,0.0,0.0,0.0,,,,,0.0,0.0,0.0,0.0,6216.39,,422765.87000000005,,428982.2899999999,,,,,,,,0.0,0.0
735,WEST BENGAL,UTTAR DINAJPUR,,1922.3,1922.3,0.0,1922.3,18645.0,300638.0,0.0,319283.0,0.0,319283.0,5234.54,89816.11999999998,0.0,95050.66,417.02,,0.0,417.02,19.08,534.49,0.0,553.5699999999999,0.0,19541.300000000003,0.0,19541.300000000003,0.0,5638.32,0.0,5638.32,15.208,172.62599999999998,0.0,187.834,,,,,,,,,5685.839999999999,115702.84,0.0,121388.68,,,,,,,,,,,,0.0,,,,0.0,,,,,,,,,,,,,,,,0.0,5685.839999999999,115702.84,0.0,121388.68,568.59,9792.939999999999,0.0,10361.54,5117.25,105909.90000000001,0.0,111027.15000000001,469.36956,7807.545348,,8276.914907999999,0.0,312.08299999999997,,312.08299999999997,0.0,43425.1,,43425.1,469.37,51544.71999999999,,52014.09,9.17230934584005,48.668462532775486,,46.848081752976626,644.4,10659.97,0.0,11304.37,4472.849999999999,51512.76,0.0,55985.61,,,,,,,9473.900000000001,194.753,0.0,,,,,2382416.19,0.0,2493443.3400000003,0.0,0.0,,0.0,,0.0,,,,,,,,2493443.3400000003,0.0
Total,,,,888.4544987549658,1188.876539969312,540.4129708360119,1055.208284304259,71897444.2330727,157402027.7809883,17580741.81468053,246880213.8296421,45695650.47868231,292575864.3082172,9494960.953718163,17422723.749261577,979594.7307563716,27897279.443736102,3495031.636590332,0.0,820417.31,4315468.896590331,4578191.25971598,1274053.702260495,478123.4707326803,6330368.377943971,3025958.1448443923,2815966.126141564,134850.74144684678,5976775.012432807,449593.38412244763,836135.2890969983,36308.64999999999,1322037.3432194463,399519.7302958062,1005438.126357607,19116.701528627163,1424074.5531820408,5271.7764186275,44806.721769477546,0.0,50078.49818810504,2287.5,3095.15,0.0,5382.65,21450939.58692712,23402219.495263852,2468411.5828560656,47319282.075047076,1850.3200000000002,0.0,0.0,1850.3200000000002,,,,,0.0,0.0,0.0,0.0,0.0,0.0,0.0,0.0,0.0,4840.089999999999,0.0,4840.089999999999,0.0,388533.87,0.0,388533.87,0.0,257.69000000000005,0.0,257.69000000000005,1850.3200000000002,-393631.65,0.0,-391781.33,21452789.90692712,23008587.845263854,2468411.5828560656,46927500.74504708,1802931.4546497352,1884501.608141471,219724.26128395885,3907156.904075167,19651708.75356961,21124086.444462325,2248687.3215721063,43024482.51960406,1223193.1222097925,1565846.6984505467,29027.238989302765,2818067.059649644,216400.3065942098,206299.1998030454,7306.759692130002,430006.2660893854,11280027.521251418,10229775.480135525,707097.7387771511,22216900.740164086,12719620.737300439,12001921.695132056,743431.7353088141,25464974.177741315,64.72526586264414,56.816287543068434,33.06069848737639,60.62798364169165,1631536.8676115859,2008938.2316637444,33954.35606728508,3642135.9453426176,8562855.953188974,10086137.128826788,1681717.9028884608,18648993.08201576,,,,,,,433205.4703009361,6432.665064584417,743.4897903347655,,,,,124731261.04102686,2927777.2500000005,165598161.11058524,5202639.721572107,997270.1699999999,,185864907.12,,186862177.35000002,,,,,,,,165598161.11058524,5202639.721572107
